Date,Open,High,Low,Close,Volume
2014-01-23,961.08,978.55,961.08,976.34,83360704
2014-01-26,976.34,989.06,976.34,987.03,85900800
2014-01-27,987.03,989.17,977.28,982.26,67222400
2014-01-28,982.26,985.91,968.8,971.55,59328500
2014-01-29,971.55,979.68,971.55,975.21,62784600
2014-01-30,975.21,983.05,974.27,974.27,85698400
2014-02-02,974.27,985.13,974.27,979.28,69767800
2014-02-03,979.28,983.36,979.28,981.52,80420000
2014-02-04,981.52,985.77,979.57,979.71,77169400
2014-02-05,979.71,984.32,977.71,982.52,62058200
2014-02-06,982.52,999.37,982.52,996.36,77040096
2014-02-09,996.36,1007.78,996.36,1002.96,69529800
2014-02-10,1002.96,1013.02,995.72,995.73,60348800
2014-02-11,995.73,995.73,985.69,990.74,49058600
2014-02-12,990.74,1002.42,990.74,996.6,57240100
2014-02-13,996.6,1004.33,993.87,995.75,53390600
2014-02-16,995.75,1000.44,985.4,985.43,39029900
2014-02-17,985.43,987.69,977.31,977.31,34406700
2014-02-18,977.31,982.26,970.73,973.53,34883100
2014-02-19,973.53,995.55,973.53,993.93,38266400
2014-02-20,993.93,1002.84,993.93,995.28,39980100
2014-02-23,995.28,996.22,985.14,985.14,42303500
2014-02-24,985.14,994.03,984.68,991.75,52736300
2014-02-25,991.75,1001.24,991.75,993.49,54250000
2014-02-26,993.49,996.72,988.34,992.54,39629300
2014-02-27,992.54,1003.73,992.54,1002.41,64654300
2014-03-02,1002.41,1012.45,1002.27,1002.27,57440000
2014-03-03,1002.27,1009.81,1001.51,1001.52,50543000
2014-03-04,1001.52,1009.55,1001.52,1006.03,46282200
2014-03-05,1006.03,1010.03,1000.76,1007.46,35469600
2014-03-06,1007.46,1014.51,1007.46,1011.35,41292200
2014-03-09,1011.35,1021.76,1011.35,1019.62,51065000
2014-03-10,1019.62,1026.26,1012.21,1012.75,40176300
2014-03-11,1012.75,1015.54,1010.04,1011.7,33610000
2014-03-12,1011.7,1021.0,1011.7,1015.16,45076000
2014-03-13,1015.16,1020.55,1013.05,1014.1,35346400
2014-03-16,1014.1,1014.9,1007.33,1009.3,29251600
2014-03-18,1009.3,1009.3,994.78,995.02,32267200
2014-03-19,995.02,995.02,979.4,983.7,33804800
2014-03-20,983.7,991.76,982.03,989.48,27764500
2014-03-23,989.48,991.84,978.74,978.74,24342300
2014-03-24,978.74,980.08,967.08,967.97,29896700
2014-03-25,967.97,982.11,964.32,979.34,30065100
2014-03-27,979.34,985.35,978.52,981.63,29992100
2014-03-30,981.63,982.5,972.73,973.57,27776100
2014-03-31,973.57,977.37,972.39,975.96,28726100
2014-04-01,975.96,989.59,975.96,987.59,31529400
2014-04-02,987.59,1003.34,987.59,1001.7,50039700
2014-04-03,1001.7,1010.2,1001.7,1008.47,51806400
2014-04-06,1008.47,1015.27,1003.5,1004.27,46134100
2014-04-07,1004.27,1020.9,1004.27,1019.68,50545200
2014-04-08,1019.68,1033.88,1019.6,1021.85,62665200
2014-04-09,1021.85,1029.19,1012.41,1019.89,53745800
2014-04-10,1019.89,1027.03,1019.3,1020.22,42081300
2014-04-13,1020.22,1024.77,1018.56,1020.97,22428400
2014-04-15,1020.97,1038.07,1020.97,1036.48,54714800
2014-04-16,1036.48,1046.38,1032.25,1032.93,53053400
2014-04-17,1032.93,1043.37,1032.93,1034.93,44408700
2014-04-20,1034.93,1043.54,1034.14,1034.32,39915500
2014-04-21,1034.32,1041.54,1029.89,1031.0,46118400
2014-04-22,1031.0,1032.6,1025.2,1029.49,39132100
2014-04-23,1029.49,1042.05,1029.49,1038.96,54731400
2014-04-24,1038.96,1045.1,1038.96,1040.24,67360896
2014-04-27,1040.24,1043.49,1032.38,1034.48,43384500
2014-04-28,1034.48,1037.38,1015.36,1017.05,43586400
2014-04-29,1017.05,1018.13,1010.87,1012.35,38758700
2014-04-30,1012.35,1020.87,1008.44,1018.2,43635800
2014-05-04,1018.2,1023.4,1006.08,1006.08,32994800
2014-05-05,1006.08,1008.94,998.58,1002.84,36814400
2014-05-06,1002.84,1012.42,1002.84,1010.59,44795500
2014-05-07,1010.59,1020.33,1010.59,1014.9,41913000
2014-05-08,1014.9,1019.96,1012.0,1012.92,34814800
2014-05-11,1012.92,1012.92,1002.8,1004.1,37857700
2014-05-12,1004.1,1006.8,1002.61,1004.75,39413900
2014-05-14,1004.75,1007.44,996.72,996.72,37760000
2014-05-15,996.72,996.72,981.74,984.84,30534500
2014-05-18,984.84,989.9,980.64,981.77,22919400
2014-05-19,981.77,983.24,971.4,971.4,21707400
2014-05-20,971.4,976.13,968.66,971.88,19679800
2014-05-21,971.88,985.33,971.88,982.64,27135200
2014-05-22,982.64,990.34,971.81,972.92,25880000
2014-05-25,972.92,977.21,969.22,973.63,18281800
2014-05-26,973.63,979.77,973.63,977.87,23608100
2014-05-27,977.87,987.18,977.87,985.51,24015600
2014-05-28,985.51,994.63,985.51,993.28,32120500
2014-05-29,993.28,997.71,991.46,992.82,32330300
2014-06-01,992.82,1006.18,992.82,1003.25,37606900
2014-06-02,1003.25,1016.77,1003.25,1007.01,43249800
2014-06-03,1007.01,1012.68,1003.32,1003.32,39228000
2014-06-04,1003.32,1016.91,1003.32,1008.52,40860900
2014-06-05,1008.52,1018.37,1007.83,1007.83,41939200
2014-06-08,1007.83,1007.83,982.23,997.0,41611400
2014-06-09,997.0,1017.83,997.0,1015.43,42058100
2014-06-10,1015.43,1019.4,1003.18,1012.9,45224000
2014-06-11,1012.9,1021.64,1012.9,1016.67,43735600
2014-06-12,1016.67,1021.46,1014.1,1018.24,36876300
2014-06-15,1018.24,1019.73,1007.72,1007.72,31416100
2014-06-16,1007.72,1019.95,1007.72,1009.8,31936100
2014-06-17,1009.8,1011.71,997.19,1001.18,26352900
2014-06-18,1001.18,1005.9,998.1,999.92,23391900
2014-06-19,999.92,1001.47,990.54,992.97,26601800
2014-06-22,992.97,992.97,985.24,988.8,22263700
2014-06-23,988.8,999.37,988.8,998.39,29305900
2014-06-24,998.39,1003.66,997.44,1000.75,28053700
2014-06-25,1000.75,1012.25,1000.75,1007.24,33772800
2014-06-26,1007.24,1009.88,1000.89,1006.22,30278300
2014-06-29,1006.22,1019.32,1006.22,1017.17,39012300
2014-06-30,1017.17,1023.76,1016.84,1019.34,38721200
2014-07-02,1019.34,1020.76,1009.08,1009.08,24785300
2014-07-03,1009.08,1013.2,1002.01,1002.92,26185200
2014-07-06,1002.92,1004.76,997.48,997.78,21519100
2014-07-07,997.78,1000.77,992.0,992.0,19150600
2014-07-08,992.0,996.32,989.08,994.14,21878100
2014-07-09,994.14,1001.65,994.14,995.07,15749100
2014-07-10,995.07,1001.18,993.55,996.9,17721800
2014-07-13,996.9,997.39,990.23,990.27,14996400
2014-07-14,990.27,999.96,990.27,998.12,18611100
2014-07-15,998.12,999.15,989.43,992.41,19327100
2014-07-16,992.41,1003.87,992.41,1001.54,25645200
2014-07-17,1001.54,1002.92,997.8,998.88,25321900
2014-07-20,998.88,998.88,982.55,984.27,26369700
2014-07-21,984.27,993.12,983.8,991.71,30902700
2014-07-22,991.71,1001.32,991.71,999.81,37564500
2014-07-23,999.81,1004.4,993.24,993.24,31886500
2014-07-24,993.24,1007.44,993.24,1004.66,33953800
2014-08-03,1004.66,1009.91,1003.83,1008.25,42870988
2014-08-04,1008.25,1025.6,1008.25,1022.48,56049000
2014-08-05,1022.48,1028.8,1019.03,1020.68,49186300
2014-08-06,1020.68,1026.92,1020.33,1020.4,65180500
2014-08-07,1020.4,1030.24,1020.4,1026.28,58801000
2014-08-10,1026.28,1049.4,1026.28,1047.2,76390496
2014-08-11,1047.2,1063.73,1047.2,1060.65,79018704
2014-08-12,1060.65,1071.66,1046.98,1047.97,68137296
2014-08-13,1047.97,1058.1,1046.64,1050.76,49321200
2014-08-14,1050.76,1062.06,1050.76,1060.44,63232700
2014-08-18,1060.44,1070.99,1060.44,1062.77,61521900
2014-08-19,1062.77,1073.12,1061.77,1070.26,74253400
2014-08-20,1070.26,1077.15,1065.93,1066.15,64200800
2014-08-21,1066.15,1068.3,1059.53,1061.71,63213500
2014-08-24,1061.71,1066.28,1059.55,1060.15,73817800
2014-08-25,1060.15,1066.41,1054.45,1063.02,70730400
2014-08-26,1063.02,1073.56,1063.02,1065.48,79495696
2014-08-27,1065.48,1079.45,1065.48,1073.55,57841400
2014-08-28,1073.55,1073.73,1066.07,1066.12,63221300
2014-08-31,1066.12,1070.17,1057.37,1057.37,49406400
2014-09-01,1057.37,1068.4,1057.37,1064.92,50146400
2014-09-02,1064.92,1086.61,1064.92,1083.57,55166300
2014-09-03,1083.57,1097.35,1083.57,1087.12,55065200
2014-09-04,1087.12,1095.74,1087.12,1088.93,60228500
2014-09-07,1088.93,1096.92,1080.83,1080.89,51923500
2014-09-08,1080.89,1086.75,1075.97,1075.97,50258300
2014-09-09,1075.97,1093.55,1075.97,1091.15,52245500
2014-09-10,1091.15,1104.71,1091.15,1095.99,63688400
2014-09-11,1095.99,1107.88,1095.99,1101.32,68563800
2014-09-14,1101.32,1114.74,1101.32,1112.63,83818096
2014-09-15,1112.63,1124.36,1110.72,1110.72,66890200
2014-09-16,1110.72,1130.64,1110.72,1126.54,83622496
2014-09-17,1126.54,1149.76,1126.54,1136.69,96642600
2014-09-18,1136.69,1152.48,1136.69,1147.32,128855000
2014-09-21,1147.32,1158.0,1143.99,1154.02,98135904
2014-09-22,1154.02,1162.13,1149.29,1149.59,99230496
2014-09-23,1149.59,1157.71,1147.57,1147.76,101594000
2014-09-24,1147.76,1170.99,1147.76,1162.58,93288600
2014-09-25,1162.58,1186.4,1162.58,1181.68,110364000
2014-09-28,1181.68,1208.54,1181.68,1199.12,110130000
2014-09-29,1199.12,1217.76,1184.02,1197.44,90262600
2014-09-30,1197.44,1200.22,1190.82,1195.53,87976800
2014-10-01,1195.53,1223.81,1195.53,1214.13,97712000
2014-10-02,1214.13,1222.58,1214.13,1219.25,93702096
2014-10-12,1219.25,1236.88,1219.25,1234.32,91535600
2014-10-13,1234.32,1242.26,1229.39,1237.75,100774000
2014-10-14,1237.75,1251.31,1234.99,1240.11,109752000
2014-10-15,1240.11,1258.39,1240.11,1248.78,97525296
2014-10-16,1248.78,1253.08,1239.57,1242.46,81441104
2014-10-19,1242.46,1248.32,1217.52,1217.52,68725696
2014-10-20,1217.52,1227.77,1201.28,1207.33,59695700
2014-10-21,1207.33,1236.69,1207.33,1233.48,69423104
2014-10-22,1233.48,1233.48,1220.54,1220.54,72255696
2014-10-23,1220.54,1227.95,1214.23,1216.24,57255000
2014-10-26,1216.24,1222.75,1204.96,1205.38,52946000
2014-10-27,1205.38,1215.58,1199.69,1213.4,50505200
2014-10-28,1213.4,1221.07,1204.57,1206.86,46259400
2014-10-29,1206.86,1208.67,1202.0,1202.84,54568200
2014-10-30,1202.84,1223.17,1202.84,1220.04,72484096
2014-11-02,1220.04,1225.03,1204.73,1204.73,73257000
2014-11-03,1204.73,1208.02,1194.94,1195.1,68092304
2014-11-05,1195.1,1200.81,1181.0,1182.54,74380800
2014-11-06,1182.54,1190.96,1180.3,1180.3,62017900
2014-11-09,1180.3,1181.0,1157.02,1157.86,85775600
2014-11-10,1157.86,1167.99,1148.0,1148.0,70977104
2014-11-11,1148.0,1159.63,1148.0,1156.67,66877800
2014-11-12,1156.67,1183.42,1156.67,1180.03,84632096
2014-11-13,1180.03,1191.14,1173.66,1174.55,69457296
2014-11-16,1174.55,1180.07,1166.1,1166.77,75302400
2014-11-17,1166.77,1173.08,1156.58,1156.58,69100896
2014-11-18,1156.58,1165.28,1149.9,1150.34,62799500
2014-11-19,1150.34,1165.02,1150.34,1154.22,57632900
2014-11-20,1154.22,1156.36,1140.7,1145.82,48670500
2014-11-23,1145.82,1148.93,1133.16,1133.63,34899800
2014-11-24,1133.63,1135.39,1110.21,1110.59,35477700
2014-11-25,1110.59,1129.26,1110.59,1119.73,34703100
2014-11-26,1119.73,1130.86,1108.47,1108.71,31270900
2014-11-27,1108.71,1117.23,1106.15,1106.86,26379700
2014-11-30,1106.86,1114.66,1102.83,1106.77,23237500
2014-12-01,1106.77,1137.74,1106.77,1131.92,34153400
2014-12-02,1131.92,1157.07,1131.92,1154.02,37356700
2014-12-03,1154.02,1168.68,1154.02,1166.37,51653400
2014-12-04,1166.37,1169.59,1159.71,1161.43,51349500
2014-12-07,1161.43,1163.13,1151.68,1151.86,38339400
2014-12-08,1151.86,1155.14,1149.19,1152.4,42648500
2014-12-09,1152.4,1159.74,1152.4,1152.55,43386600
2014-12-10,1152.55,1159.7,1151.91,1156.15,42159800
2014-12-11,1156.15,1157.92,1151.15,1155.39,13689300
2014-12-14,1155.39,1159.43,1147.91,1150.4,20059100
2014-12-15,1150.4,1152.7,1146.01,1147.34,23858400
2014-12-17,1147.34,1148.45,1135.89,1137.88,28453000
2014-12-18,1137.88,1148.54,1137.88,1144.83,23132400
2014-12-21,1144.83,1149.55,1140.58,1144.23,23788100
2014-12-22,1144.23,1154.7,1144.23,1148.87,26696500
2014-12-23,1148.87,1151.42,1142.11,1142.93,20252600
2014-12-24,1142.93,1142.93,1134.81,1138.69,19175700
2014-12-28,1138.69,1144.28,1132.42,1137.91,15674400
2014-12-29,1137.91,1142.05,1135.96,1136.83,18958300
2014-12-30,1136.83,1151.67,1136.83,1150.22,26540900
2015-01-01,1150.22,1175.83,1149.87,1174.02,22754100
2015-01-05,1174.02,1177.64,1168.54,1176.31,20442700
2015-01-06,1176.31,1187.79,1176.31,1186.51,31960500
2015-01-07,1186.51,1192.07,1181.98,1183.56,29783700
2015-01-08,1183.56,1185.78,1175.79,1181.71,29429300
2015-01-11,1181.71,1182.95,1172.95,1173.47,30844500
2015-01-12,1173.47,1181.52,1169.38,1179.35,41701900
2015-01-13,1179.35,1188.58,1179.35,1183.22,40497900
2015-01-14,1183.22,1183.22,1173.37,1174.9,39064100
2015-01-15,1174.9,1178.23,1170.21,1174.35,33107800
2015-01-18,1174.35,1174.35,1161.2,1162.46,25144800
2015-01-19,1162.46,1162.64,1150.29,1153.27,28514500
2015-01-20,1153.27,1158.58,1147.78,1150.36,24717300
2015-01-21,1150.36,1152.34,1125.61,1134.36,28192400
2015-01-22,1134.36,1140.79,1131.53,1136.34,22306800
2015-01-25,1136.34,1136.45,1111.97,1113.84,22324500
2015-01-26,1113.84,1121.78,1107.71,1110.52,20436400
2015-01-27,1110.52,1125.29,1103.84,1124.17,21517600
2015-01-28,1124.17,1129.74,1117.8,1122.32,23586600
2015-01-29,1122.32,1122.64,1112.66,1115.7,20657400
2015-02-01,1115.7,1115.7,1095.33,1099.46,18468500
2015-02-02,1099.46,1099.46,1080.62,1091.28,22694600
2015-02-03,1091.28,1103.46,1087.9,1102.3,19452200
2015-02-04,1102.3,1107.23,1092.74,1105.3,20379700
2015-02-05,1105.3,1114.52,1099.03,1110.21,26146400
2015-02-08,1110.21,1126.17,1106.95,1117.87,22109400
2015-02-09,1117.87,1126.39,1116.88,1120.47,26801200
2015-02-10,1120.47,1142.57,1120.47,1140.71,29941800
2015-02-11,1140.71,1150.87,1137.11,1145.42,34609800
2015-02-12,1145.42,1151.09,1145.02,1149.98,32598000
2015-02-15,1149.98,1153.77,1145.73,1147.13,26466500
2015-02-16,1147.13,1147.8,1130.08,1132.48,28027400
2015-02-17,1132.48,1138.39,1126.07,1136.52,24867100
2015-02-18,1136.52,1141.39,1133.0,1133.71,25935600
2015-02-19,1133.71,1134.1,1127.85,1128.29,26685000
2015-02-22,1128.29,1136.85,1126.91,1136.12,24538400
2015-02-23,1136.12,1147.87,1136.12,1143.27,31518400
2015-02-24,1143.27,1151.09,1139.73,1140.18,30911200
2015-02-25,1140.18,1144.65,1124.52,1126.8,34269800
2015-02-26,1126.8,1135.45,1126.68,1130.92,29610300
2015-03-01,1130.92,1137.87,1120.86,1122.68,33665200
2015-03-02,1122.68,1127.77,1115.26,1115.72,29805700
2015-03-03,1115.72,1121.59,1111.23,1115.18,22102400
2015-03-04,1115.18,1121.29,1109.63,1111.1,22184700
2015-03-05,1111.1,1114.14,1107.26,1112.52,26630600
2015-03-08,1112.52,1112.52,1100.91,1103.16,24906700
2015-03-09,1103.16,1113.74,1103.16,1105.75,27974600
2015-03-10,1105.75,1118.79,1105.75,1115.76,25521100
2015-03-11,1115.76,1122.73,1103.84,1106.0,31028500
2015-03-12,1106.0,1106.6,1096.9,1104.79,32805600
2015-03-15,1104.79,1110.66,1101.94,1104.89,25373400
2015-03-16,1104.89,1107.49,1089.57,1090.99,28971500
2015-03-18,1090.99,1090.99,1065.44,1074.61,31334800
2015-03-19,1074.61,1086.72,1074.61,1081.49,16661400
2015-03-22,1081.48,1105.74,1081.48,1104.75,0
2015-03-23,1104.75,1110.59,1094.62,1096.37,31438200
2015-03-24,1096.37,1103.9,1089.71,1090.76,25554800
2015-03-25,1090.76,1097.5,1090.76,1096.78,35079700
2015-03-29,1096.78,1116.34,1096.78,1111.24,39300500
2015-03-30,1111.24,1112.69,1095.38,1096.69,31493800
2015-03-31,1096.69,1104.61,1094.27,1103.13,45272300
2015-04-01,1103.13,1111.35,1097.92,1098.67,35971900
2015-04-02,1098.67,1102.19,1085.65,1088.8,27468000
2015-04-05,1088.8,1091.18,1081.09,1084.67,31161200
2015-04-06,1084.67,1092.01,1074.13,1075.05,30507200
2015-04-07,1075.05,1076.08,1060.44,1064.22,32576700
2015-04-08,1064.22,1068.5,1051.35,1062.62,37140400
2015-04-09,1062.62,1075.53,1062.62,1065.68,36768800
2015-04-12,1065.68,1068.9,1054.21,1056.81,28956900
2015-04-13,1056.81,1059.98,1052.26,1054.66,41219600
2015-04-15,1054.66,1066.84,1054.66,1065.39,46974200
2015-04-16,1065.39,1075.48,1060.09,1060.88,53852300
2015-04-19,1060.88,1067.88,1057.37,1060.2,56338500
2015-04-20,1060.2,1069.47,1047.03,1048.92,46026400
2015-04-21,1048.92,1054.74,1043.59,1044.99,43982000
2015-04-22,1044.99,1055.71,1040.2,1041.46,52558500
2015-04-23,1041.46,1045.98,1022.22,1024.88,37767600
2015-04-26,1024.88,1027.42,1001.77,1004.35,34152100
2015-04-27,1004.35,1015.42,1003.19,1013.64,32340900
2015-04-29,1013.64,1016.27,1001.07,1005.17,31617600
2015-04-30,1005.17,1006.61,988.45,992.54,38231100
2015-05-04,992.54,998.38,972.99,973.45,33044200
2015-05-05,973.45,989.74,973.45,987.94,32730100
2015-05-06,987.94,1012.73,987.94,1008.57,36484600
2015-05-07,1008.57,1021.02,1006.2,1010.41,41931800
2015-05-10,1010.41,1043.2,1010.41,1041.49,52081400
2015-05-11,1041.49,1053.82,1040.13,1043.02,59671100
2015-05-12,1043.02,1049.44,1037.03,1039.25,55440000
2015-05-13,1039.25,1051.42,1039.25,1048.74,63790600
2015-05-14,1048.74,1057.57,1044.11,1046.48,66939100
2015-05-17,1046.48,1055.31,1044.55,1051.43,71060800
2015-05-18,1051.43,1072.17,1051.43,1069.68,75398600
2015-05-19,1069.68,1090.98,1069.68,1083.75,80875200
2015-05-20,1083.75,1093.25,1078.13,1083.36,78290600
2015-05-21,1083.36,1095.21,1082.4,1082.93,77978000
2015-05-24,1082.93,1089.42,1078.96,1081.4,34317700
2015-05-25,1081.4,1110.55,1081.4,1108.84,85578896
2015-05-26,1108.84,1124.5,1108.84,1113.44,83570400
2015-05-27,1113.44,1121.67,1109.25,1110.72,84249000
2015-05-28,1110.72,1121.26,1098.0,1099.43,85881296
2015-05-31,1099.43,1117.71,1099.43,1112.79,78841904
2015-06-01,1112.79,1132.78,1112.79,1118.74,100234000
2015-06-02,1118.74,1131.58,1112.55,1113.37,72500704
2015-06-04,1113.37,1121.33,1109.62,1117.6,49925700
2015-06-07,1117.6,1138.28,1117.6,1121.38,64832900
2015-06-08,1121.38,1129.84,1100.82,1103.18,58605100
2015-06-09,1103.18,1108.84,1093.12,1094.92,46770300
2015-06-10,1094.92,1115.13,1094.92,1106.17,52188100
2015-06-11,1106.17,1118.13,1097.48,1099.22,45067100
2015-06-14,1099.22,1102.05,1083.08,1087.49,35302800
2015-06-15,1087.49,1097.36,1083.8,1094.96,31868500
2015-06-16,1094.96,1103.18,1094.96,1101.71,41059200
2015-06-17,1101.71,1108.86,1101.71,1104.18,44715900
2015-06-18,1104.18,1107.75,1095.47,1101.66,40674800
2015-06-21,1101.66,1105.51,1098.75,1103.09,30828900
2015-06-22,1103.09,1109.45,1098.83,1099.57,38051500
2015-06-23,1099.57,1109.59,1098.58,1099.82,43453300
2015-06-24,1099.82,1104.49,1090.91,1092.23,37280700
2015-06-25,1092.23,1095.7,1085.1,1092.32,34662200
2015-06-28,1092.32,1105.35,1092.32,1103.8,36203900
2015-06-29,1103.8,1113.92,1103.8,1111.65,42830500
2015-06-30,1111.65,1122.03,1111.65,1122.03,59045100
2015-07-02,1122.03,1124.91,1116.06,1121.05,50462400
2015-07-05,1121.05,1128.81,1109.76,1111.11,46822900
2015-07-06,1111.11,1112.08,1104.86,1110.56,42331700
2015-07-07,1110.56,1123.96,1110.56,1120.29,48542500
2015-07-08,1120.29,1129.13,1120.29,1126.38,49452200
2015-07-09,1126.38,1134.79,1126.38,1133.74,47726100
2015-07-12,1133.74,1140.99,1130.56,1136.28,55375400
2015-07-13,1136.28,1143.14,1134.3,1141.94,49432900
2015-07-14,1141.94,1149.29,1140.05,1147.21,52065700
2015-07-21,1147.21,1165.7,1141.09,1164.14,49267300
2015-07-22,1164.14,1175.69,1164.14,1171.23,71516896
2015-07-23,1171.23,1195.83,1171.23,1195.22,81394496
2015-07-26,1195.22,1205.27,1184.34,1186.8,75489696
2015-07-27,1186.8,1187.81,1179.82,1182.67,64823900
2015-07-28,1182.67,1191.8,1181.43,1189.05,72012496
2015-07-29,1189.05,1192.92,1181.42,1184.09,63023800
2015-07-30,1184.09,1190.83,1178.98,1189.86,62986300
2015-08-02,1189.86,1197.26,1189.48,1192.72,80653200
2015-08-03,1192.72,1203.8,1192.72,1203.12,81171400
2015-08-04,1203.12,1214.98,1203.12,1207.92,92827104
2015-08-05,1207.92,1213.47,1202.09,1202.91,90237400
2015-08-06,1202.91,1207.12,1196.13,1197.08,68854304
2015-08-09,1197.08,1202.58,1192.49,1193.65,67347104
2015-08-10,1193.65,1201.38,1188.93,1189.01,66036000
2015-08-11,1189.01,1194.37,1183.47,1184.12,54697700
2015-08-12,1184.12,1196.36,1184.12,1192.75,61579100
2015-08-13,1192.75,1202.27,1190.03,1191.01,60324500
2015-08-16,1191.01,1195.32,1183.66,1184.64,53340500
2015-08-17,1184.64,1192.19,1173.21,1173.81,61048100
2015-08-18,1173.81,1185.73,1170.86,1184.32,52857700
2015-08-19,1184.32,1192.71,1184.32,1188.3,55019600
2015-08-20,1188.3,1192.46,1182.57,1190.94,59696900
2015-08-23,1190.94,1192.35,1183.99,1184.98,46773300
2015-08-24,1184.98,1188.62,1177.21,1178.03,39935000
2015-08-25,1178.03,1180.8,1171.46,1178.31,45654800
2015-08-26,1178.31,1184.47,1178.31,1183.67,43175400
2015-08-27,1183.67,1189.12,1182.2,1186.7,42158800
2015-08-30,1186.7,1190.33,1180.93,1181.8,35035200
2015-08-31,1181.8,1182.78,1175.76,1176.49,35116900
2015-09-01,1176.49,1177.6,1163.56,1165.37,42133500
2015-09-02,1165.37,1177.13,1164.41,1176.24,34882300
2015-09-03,1176.24,1178.16,1171.64,1177.11,49859200
2015-09-06,1177.11,1180.96,1174.72,1175.31,43409200
2015-09-07,1175.31,1180.73,1175.06,1177.87,47379000
2015-09-08,1177.87,1182.0,1172.25,1175.77,44480100
2015-09-09,1175.77,1177.11,1167.11,1167.9,41573100
2015-09-10,1167.9,1172.7,1164.87,1167.66,44829500
2015-09-13,1167.66,1172.07,1167.66,1169.17,45754600
2015-09-14,1169.17,1179.25,1169.17,1175.47,43701500
2015-09-15,1175.47,1185.18,1175.47,1180.42,42040800
2015-09-16,1180.42,1182.64,1178.03,1179.93,42741600
2015-09-17,1179.93,1187.79,1179.84,1186.67,51443300
2015-09-20,1186.67,1189.98,1182.04,1185.89,41802400
2015-09-21,1185.89,1188.24,1184.67,1187.18,51964000
2015-09-22,1187.18,1193.17,1187.18,1191.04,36469900
2015-09-28,1191.04,1200.39,1191.04,1192.82,39533300
2015-09-29,1192.82,1194.62,1183.48,1186.07,43489000
2015-09-30,1186.07,1188.07,1179.91,1180.89,49534900
2015-10-01,1180.89,1184.16,1179.32,1182.14,42423900
2015-10-04,1182.14,1183.52,1169.34,1170.11,33680600
2015-10-05,1170.11,1171.41,1160.95,1170.91,38462200
2015-10-06,1170.91,1176.66,1167.29,1168.15,41483500
2015-10-07,1168.15,1171.12,1157.76,1158.98,39769400
2015-10-08,1158.98,1161.38,1148.9,1149.73,36077400
2015-10-11,1149.73,1149.73,1128.5,1135.79,33848400
2015-10-12,1135.79,1145.05,1135.79,1144.18,41647700
2015-10-13,1144.18,1149.43,1141.0,1141.83,44950000
2015-10-14,1141.83,1143.48,1126.9,1127.58,30890900
2015-10-15,1127.58,1131.62,1112.61,1114.84,40449300
2015-10-18,1114.84,1114.89,1093.03,1094.6,31089300
2015-10-19,1094.6,1109.86,1094.58,1108.54,33580200
2015-10-20,1108.54,1119.84,1106.85,1115.52,33916100
2015-10-21,1115.52,1115.52,1107.29,1113.25,35617900
2015-10-25,1113.25,1117.88,1107.23,1116.49,32570800
2015-10-26,1116.49,1119.72,1109.21,1109.9,41546300
2015-10-27,1109.9,1111.94,1100.74,1101.62,29706100
2015-10-28,1101.62,1102.44,1091.93,1097.18,26256200
2015-10-29,1097.18,1105.7,1092.11,1092.3,45604500
2015-11-01,1092.3,1093.06,1075.4,1081.28,26784200
2015-11-02,1081.28,1093.2,1079.06,1092.26,29052300
2015-11-03,1092.26,1098.39,1091.76,1095.83,32061400
2015-11-04,1095.83,1096.22,1084.15,1085.02,29011000
2015-11-05,1085.02,1087.81,1081.63,1084.48,33546800
2015-11-08,1084.48,1085.28,1071.42,1071.78,31471800
2015-11-09,1071.78,1074.83,1062.94,1068.6,32193400
2015-11-10,1068.6,1075.13,1063.88,1066.16,29407600
2015-11-11,1066.17,1069.83,1053.7,1055.0,25502900
2015-11-12,1055.0,1067.81,1055.0,1067.47,30437700
2015-11-15,1067.47,1070.19,1063.21,1065.3,22185100
2015-11-16,1065.3,1079.46,1065.3,1078.4,41564200
2015-11-17,1078.4,1085.19,1077.91,1083.4,40219900
2015-11-18,1083.4,1083.82,1075.44,1081.98,34716900
2015-11-19,1081.98,1092.08,1081.98,1091.52,40377200
2015-11-22,1091.52,1107.4,1091.52,1107.24,43065300
2015-11-23,1107.24,1123.56,1104.82,1106.26,58628700
2015-11-24,1106.26,1112.67,1100.72,1102.82,44303400
2015-11-25,1102.82,1107.73,1098.07,1098.49,38784200
2015-11-26,1098.49,1106.02,1098.49,1101.16,34827700
2015-11-29,1101.15,1106.11,1099.64,1100.33,40501800
2015-11-30,1100.33,1107.94,1100.22,1102.45,45555600
2015-12-01,1102.45,1119.02,1102.45,1115.79,47846700
2015-12-02,1115.79,1120.27,1114.52,1115.34,56454300
2015-12-03,1115.34,1126.03,1115.34,1124.23,60445100
2015-12-06,1124.23,1131.66,1124.23,1125.48,55762600
2015-12-07,1125.48,1126.32,1109.88,1110.52,45650500
2015-12-08,1110.52,1115.14,1102.76,1106.58,39808100
2015-12-09,1106.58,1110.55,1103.82,1104.78,38141400
2015-12-10,1104.78,1108.06,1103.49,1105.36,37434900
2015-12-13,1105.36,1108.25,1095.39,1096.23,27416100
2015-12-14,1096.23,1099.21,1091.93,1094.64,33495900
2015-12-15,1094.64,1096.65,1087.88,1090.72,32467300
2015-12-17,1090.72,1097.32,1089.32,1090.59,28659400
2015-12-20,1090.59,1094.3,1087.89,1088.96,34790500
2015-12-21,1088.96,1103.87,1088.96,1101.19,48887300
2015-12-22,1101.19,1110.01,1101.19,1104.2,52625300
2015-12-23,1104.2,1106.36,1098.71,1102.43,39439000
2015-12-24,1102.43,1108.49,1102.43,1106.48,42937900
2015-12-27,1106.48,1110.22,1104.49,1105.08,33331400
2015-12-28,1105.08,1107.52,1101.99,1102.16,41331400
2015-12-29,1102.16,1106.07,1101.58,1102.57,39023400
2015-12-30,1102.54,1107.68,1102.12,1104.62,36731700
2015-12-31,1104.62,1109.21,1104.02,1107.12,43439500
2016-01-03,1107.12,1114.04,1107.12,1109.28,36642300
2016-01-04,1109.28,1113.32,1109.28,1112.49,43989800
2016-01-05,1112.49,1120.48,1112.49,1118.33,60847900
2016-01-06,1118.33,1129.15,1118.33,1128.67,65574100
2016-01-07,1128.67,1131.71,1125.0,1126.9,64342800
2016-01-10,1126.9,1130.66,1124.08,1124.87,60803500
2016-01-11,1124.87,1130.36,1120.93,1121.11,52714500
2016-01-12,1121.11,1125.08,1118.54,1121.64,57327500
2016-01-13,1121.64,1128.32,1121.64,1122.71,74387000
2016-01-14,1122.71,1127.35,1118.07,1118.95,69258400
2016-01-17,1118.95,1123.87,1117.23,1118.28,51261600
2016-01-18,1118.28,1122.86,1117.84,1121.97,61974600
2016-01-19,1121.97,1129.35,1121.97,1128.26,72072304
2016-01-20,1128.26,1132.3,1120.65,1122.47,66995900
2016-01-21,1122.47,1124.83,1114.85,1117.39,41867600
2016-01-24,1117.39,1118.38,1111.4,1115.82,42777000
2016-01-25,1115.82,1121.69,1115.13,1117.72,51522800
2016-01-26,1117.72,1121.32,1110.52,1114.42,44561800
2016-01-27,1114.42,1117.27,1105.68,1106.84,35858000
2016-01-28,1106.84,1111.01,1102.19,1102.7,40504900
2016-01-31,1102.7,1108.63,1094.43,1095.27,39678800
2016-02-01,1095.27,1104.12,1093.69,1101.1,39349100
2016-02-02,1101.1,1115.8,1101.1,1111.21,50973300
2016-02-03,1111.21,1117.07,1106.87,1108.87,41462700
2016-02-04,1108.87,1112.18,1104.87,1108.42,34245200
2016-02-07,1108.42,1114.4,1108.42,1112.02,31838000
2016-02-08,1112.02,1114.31,1108.38,1109.9,34028200
2016-02-09,1109.9,1112.83,1103.5,1112.03,33681700
2016-02-10,1112.03,1116.86,1111.87,1113.86,36241000
2016-02-11,1113.86,1120.95,1113.86,1118.87,50566100
2016-02-14,1118.87,1125.88,1118.57,1122.27,42760500
2016-02-15,1122.27,1130.55,1122.27,1124.57,44574800
2016-02-16,1124.57,1126.76,1118.31,1118.87,46081100
2016-02-17,1118.87,1122.31,1117.36,1120.91,47122300
2016-02-18,1120.91,1126.73,1120.91,1125.4,44077400
2016-02-22,1125.4,1129.74,1124.99,1128.61,46868700
2016-02-23,1128.61,1133.04,1128.08,1129.05,57124200
2016-02-24,1129.05,1132.75,1119.53,1120.08,48514600
2016-02-25,1120.08,1122.18,1114.35,1115.23,45979400
2016-02-28,1115.23,1117.8,1107.38,1108.25,42433600
2016-02-29,1108.25,1109.53,1099.31,1099.78,46292800
2016-03-01,1099.78,1102.55,1088.71,1089.07,44063700
2016-03-02,1089.07,1094.37,1080.36,1083.4,57843900
2016-03-03,1083.4,1091.87,1083.4,1086.37,33696800
2016-03-06,1086.37,1086.37,1078.01,1078.86,30020200
2016-03-07,1078.86,1083.91,1077.39,1077.74,31095000
2016-03-08,1077.74,1083.58,1077.74,1080.4,30626000
2016-03-09,1080.4,1086.75,1080.4,1082.82,31383500
2016-03-10,1082.82,1087.46,1082.82,1085.57,38339900
2016-03-13,1085.57,1088.54,1084.46,1087.05,36782300
2016-03-14,1087.05,1088.48,1084.94,1085.42,33675200
2016-03-15,1085.42,1094.88,1085.42,1087.39,43506900
2016-03-16,1087.39,1089.97,1079.71,1080.45,37074700
2016-03-20,1080.45,1081.71,1073.68,1078.7,34069200
2016-03-21,1078.7,1083.47,1078.5,1079.16,43069200
2016-03-22,1079.16,1081.8,1067.65,1068.19,32348000
2016-03-23,1068.19,1070.56,1058.61,1060.79,41415800
2016-03-24,1060.79,1064.79,1057.69,1059.71,32971900
2016-03-27,1059.71,1060.96,1056.26,1057.29,27811000
2016-03-28,1057.29,1059.68,1043.99,1044.96,29791800
2016-03-29,1044.96,1049.94,1039.68,1046.07,30301200
2016-03-30,1046.07,1056.48,1046.07,1051.22,38544100
2016-03-31,1051.22,1057.83,1050.48,1052.14,41296400
2016-04-03,1052.14,1059.6,1052.14,1058.72,37398400
2016-04-04,1058.72,1069.24,1058.72,1068.82,49039500
2016-04-05,1068.82,1069.61,1063.11,1065.99,31784600
2016-04-06,1065.99,1069.02,1064.07,1067.64,42766400
2016-04-07,1067.64,1077.28,1067.64,1075.9,43343200
2016-04-10,1075.9,1082.81,1068.6,1070.38,46370700
2016-04-11,1070.38,1071.14,1063.02,1064.6,41853300
2016-04-12,1064.6,1071.29,1064.58,1067.26,47496600
2016-04-13,1067.26,1069.0,1063.93,1065.99,39007400
2016-04-17,1065.99,1067.07,1059.73,1064.31,31632400
2016-04-18,1064.31,1068.28,1062.09,1062.94,42579600
2016-04-19,1062.94,1066.91,1055.14,1055.98,33996000
2016-04-20,1055.98,1060.91,1053.7,1057.31,43402800
2016-04-21,1057.31,1065.08,1056.62,1057.93,41691300
2016-04-24,1057.93,1059.19,1054.14,1057.49,30751400
2016-04-25,1057.49,1060.93,1052.96,1053.63,33128800
2016-04-26,1053.63,1054.58,1043.36,1044.75,34365200
2016-04-27,1044.75,1046.12,1034.07,1034.68,35643800
2016-04-28,1034.68,1041.45,1021.69,1025.15,44222900
2016-05-02,1025.15,1028.49,1012.8,1020.02,46117900
2016-05-03,1020.02,1045.82,1020.02,1044.08,40585000
2016-05-04,1044.08,1046.81,1038.63,1042.23,40076600
2016-05-05,1042.23,1057.71,1042.23,1057.13,47812400
2016-05-08,1057.13,1069.94,1057.13,1069.42,39717600
2016-05-09,1069.42,1070.82,1061.47,1064.0,49396500
2016-05-10,1064.0,1068.81,1064.0,1066.21,43070100
2016-05-11,1066.21,1066.92,1061.36,1062.49,32202400
2016-05-12,1062.49,1062.49,1054.64,1056.09,31129000
2016-05-15,1056.09,1057.01,1049.32,1050.62,25801100
2016-05-16,1050.62,1056.85,1050.52,1053.22,28864200
2016-05-17,1053.22,1063.4,1053.22,1062.03,30202500
2016-05-18,1062.03,1073.6,1062.03,1071.77,36129800
2016-05-19,1071.77,1081.16,1071.77,1077.47,42476800
2016-05-22,1077.47,1079.38,1072.14,1073.96,36955400
2016-05-24,1073.96,1080.7,1073.17,1073.63,39215500
2016-05-25,1073.63,1075.89,1066.86,1068.49,37682300
2016-05-26,1068.49,1078.76,1066.74,1076.59,34995900
2016-05-29,1076.59,1092.66,1076.59,1091.65,42796800
2016-05-30,1091.65,1096.8,1089.03,1089.69,46370300
2016-05-31,1089.69,1094.36,1086.91,1091.87,42623600
2016-06-01,1091.87,1095.51,1089.35,1091.55,35807700
2016-06-02,1091.55,1099.98,1091.55,1096.98,49352500
2016-06-05,1096.98,1097.83,1086.99,1088.53,30787200
2016-06-06,1088.53,1089.39,1080.25,1083.73,28262600
2016-06-07,1083.73,1090.11,1079.87,1084.43,47148000
2016-06-08,1084.43,1089.78,1083.87,1085.06,32331300
2016-06-09,1085.06,1087.81,1082.43,1082.88,34048800
2016-06-12,1082.88,1086.63,1081.75,1083.48,33198000
2016-06-13,1083.48,1090.05,1083.48,1085.19,36378700
2016-06-14,1085.19,1089.55,1083.94,1084.71,38782900
2016-06-15,1084.71,1087.93,1083.23,1086.1,35767100
2016-06-16,1086.1,1088.88,1079.64,1080.82,53058800
2016-06-19,1080.82,1084.48,1080.01,1080.75,32146200
2016-06-20,1080.75,1081.92,1075.24,1075.77,32834900
2016-06-21,1075.77,1079.35,1074.48,1075.16,32842900
2016-06-22,1075.16,1079.67,1075.16,1076.09,32913100
2016-06-23,1076.09,1080.72,1076.09,1078.91,31160800
2016-06-26,1078.91,1083.26,1073.63,1080.16,26575400
2016-06-27,1080.16,1086.45,1080.16,1085.85,35211000
2016-06-28,1085.85,1095.85,1085.85,1095.53,38868000
2016-06-29,1095.53,1101.79,1095.53,1100.7,58624900
2016-06-30,1100.7,1112.51,1100.7,1110.84,37728700
2016-07-10,1110.84,1110.84,1093.43,1104.53,20954900
2016-07-11,1104.53,1108.91,1104.45,1106.51,27275800
2016-07-12,1106.51,1117.47,1104.99,1116.11,39411200
2016-07-13,1116.11,1123.31,1114.33,1115.45,38686900
2016-07-14,1115.45,1118.58,1113.88,1116.74,45032100
2016-07-16,1116.74,1123.08,1116.44,1120.82,37101300
2016-07-17,1120.82,1122.5,1117.88,1121.2,37414200
2016-07-18,1121.2,1124.6,1118.16,1119.54,49634200
2016-07-19,1119.54,1121.2,1114.07,1114.99,39963300
2016-07-20,1114.99,1117.84,1111.97,1115.81,34503800
2016-07-21,1115.81,1121.71,1113.53,1114.25,40777000
2016-07-24,1114.25,1116.97,1110.09,1113.79,33884100
2016-07-25,1113.79,1116.76,1110.83,1114.9,39531700
2016-07-26,1114.9,1120.85,1114.33,1116.57,44815900
2016-07-27,1116.57,1118.26,1111.88,1113.13,40522100
2016-07-28,1113.13,1116.2,1108.81,1111.18,37558000
2016-07-31,1111.18,1113.62,1106.19,1109.1,50295300
2016-08-01,1109.1,1114.6,1107.64,1113.26,37772700
2016-08-02,1113.26,1120.99,1113.26,1117.75,44083900
2016-08-03,1117.75,1125.95,1117.75,1123.47,45214000
2016-08-04,1123.47,1126.34,1121.32,1123.04,44286200
2016-08-07,1123.04,1127.64,1121.34,1122.23,41827500
2016-08-08,1122.23,1125.78,1120.67,1121.12,46328800
2016-08-09,1121.12,1121.12,1117.28,1118.93,45404300
2016-08-10,1118.93,1124.31,1118.89,1123.03,48185800
2016-08-11,1123.03,1128.54,1121.92,1123.47,50095000
2016-08-14,1123.47,1126.47,1120.71,1122.03,33592100
2016-08-16,1122.03,1125.29,1121.72,1123.3,42547800
2016-08-17,1123.3,1126.28,1122.04,1122.57,50394000
2016-08-18,1122.57,1124.61,1119.08,1121.5,51190400
2016-08-21,1121.5,1124.24,1118.16,1119.02,47069800
2016-08-22,1119.02,1122.55,1116.43,1116.97,44724400
2016-08-23,1116.97,1120.28,1110.77,1111.87,58940300
2016-08-24,1111.87,1112.01,1104.07,1107.35,49612800
2016-08-28,1107.35,1110.29,1102.26,1103.27,46551600
2016-08-29,1103.27,1105.46,1099.51,1101.56,41055500
2016-08-30,1101.56,1104.17,1097.52,1098.66,53113300
2016-08-31,1098.66,1099.97,1094.54,1097.48,40939400
2016-09-01,1097.48,1104.14,1097.48,1103.33,40722300
2016-09-04,1103.33,1106.12,1102.68,1104.0,48098800
2016-09-05,1104.0,1108.16,1104.0,1106.56,42527800
2016-09-06,1106.56,1109.02,1105.06,1106.98,47585700
2016-09-07,1106.98,1111.87,1106.43,1111.0,49860100
2016-09-08,1111.0,1115.18,1106.31,1108.66,48075000
2016-09-18,1108.66,1112.04,1108.29,1111.12,31492100
2016-09-19,1111.12,1114.9,1109.38,1109.8,54026500
2016-09-20,1109.8,1116.82,1109.8,1116.11,53606300
2016-09-21,1116.11,1121.39,1116.11,1118.15,61412400
2016-09-22,1118.15,1121.93,1117.41,1120.5,55521500
2016-09-24,1120.5,1124.13,1120.5,1121.99,52270400
2016-09-25,1121.99,1125.57,1116.54,1120.92,57655000
2016-09-26,1120.92,1124.35,1119.59,1122.63,55293300
2016-09-27,1122.63,1125.27,1121.45,1122.4,53421200
2016-09-28,1122.4,1126.2,1119.72,1126.1,49209700
2016-09-29,1126.1,1128.37,1124.89,1125.86,68160200
2016-10-02,1125.86,1127.29,1122.35,1123.46,53124300
2016-10-03,1123.46,1127.22,1122.81,1124.04,59697700
2016-10-04,1124.04,1129.79,1123.79,1129.37,56232700
2016-10-05,1129.37,1132.26,1127.9,1130.07,52678900
2016-10-06,1130.07,1132.68,1129.38,1131.39,48891200
2016-10-09,1131.39,1131.94,1120.86,1122.42,55929200
2016-10-10,1122.42,1126.84,1120.8,1121.76,44861100
2016-10-13,1121.76,1125.76,1121.71,1123.6,40791900
2016-10-16,1123.6,1125.75,1121.72,1123.28,48383300
2016-10-17,1123.28,1124.04,1115.61,1116.08,45671500
2016-10-18,1116.08,1120.26,1116.08,1117.84,57159100
2016-10-19,1117.84,1120.54,1113.76,1114.49,56026500
2016-10-20,1114.49,1114.61,1110.87,1111.76,50075800
2016-10-23,1111.76,1119.43,1110.71,1117.54,56739300
2016-10-24,1117.54,1120.96,1117.54,1119.6,64488700
2016-10-25,1119.6,1122.5,1117.45,1118.12,60944500
2016-10-26,1118.12,1120.16,1109.19,1113.06,59144300
2016-10-27,1113.06,1117.77,1108.69,1109.81,60593000
2016-10-30,1109.81,1109.81,1099.45,1100.68,45716600
2016-10-31,1100.68,1105.58,1099.25,1100.04,38900300
2016-11-01,1100.04,1104.12,1099.31,1102.59,37696700
2016-11-02,1102.59,1109.36,1102.59,1108.05,45704500
2016-11-03,1108.05,1119.34,1108.05,1118.05,50374700
2016-11-06,1118.05,1120.07,1116.63,1119.0,46868800
2016-11-07,1119.0,1126.43,1119.0,1124.47,63391700
2016-11-08,1124.47,1128.36,1124.47,1126.24,64370000
2016-11-09,1126.24,1128.15,1120.06,1120.85,55495600
2016-11-10,1120.85,1126.06,1120.85,1122.48,64595900
2016-11-13,1122.48,1124.19,1119.92,1121.03,56463200
2016-11-14,1121.03,1122.09,1116.0,1117.08,64412000
2016-11-15,1117.08,1122.03,1116.54,1118.48,64656800
2016-11-16,1118.48,1120.74,1117.25,1119.67,60715600
2016-11-17,1119.67,1125.91,1119.67,1122.7,62816500
2016-11-20,1122.7,1128.22,1122.7,1126.59,57371400
2016-11-21,1126.59,1129.56,1124.73,1127.46,61088000
2016-11-22,1127.46,1132.85,1127.46,1129.68,65595900
2016-11-23,1129.68,1132.38,1128.57,1129.2,147818000
2016-11-24,1129.2,1134.72,1129.2,1133.27,65842600
2016-11-27,1133.27,1135.65,1130.2,1134.69,61030600
2016-11-28,1134.69,1138.85,1134.69,1136.05,74808800
2016-11-29,1136.05,1141.6,1135.26,1135.48,80806896
2016-11-30,1135.48,1141.16,1134.27,1140.59,63058496
2016-12-01,1140.59,1150.35,1140.59,1149.51,80345344
2016-12-04,1149.51,1154.0,1148.46,1149.55,73340024
2016-12-05,1149.55,1153.07,1149.19,1151.64,80778592
2016-12-06,1151.64,1155.76,1148.92,1152.19,79536448
2016-12-07,1152.19,1159.41,1152.19,1158.3,86424560
2016-12-08,1158.3,1164.16,1158.3,1161.37,114983272
2016-12-11,1161.37,1167.12,1153.55,1154.58,82363976
2016-12-12,1154.58,1158.77,1149.14,1157.14,74123656
2016-12-14,1157.14,1170.04,1157.14,1169.03,106463552
2016-12-15,1169.03,1181.17,1169.03,1172.18,102305008
2016-12-18,1172.18,1174.73,1168.96,1169.47,97501672
2016-12-19,1169.47,1175.79,1167.07,1167.26,112015568
2016-12-20,1167.26,1175.09,1166.37,1167.34,93263176
2016-12-21,1167.34,1172.25,1166.06,1166.62,74466960
2016-12-22,1166.62,1177.89,1166.62,1175.86,90006368
2016-12-26,1175.86,1184.28,1175.86,1181.23,108180920
2016-12-27,1181.23,1187.68,1181.23,1182.23,121034592
2016-12-28,1182.23,1191.09,1182.15,1189.0,93828288
2016-12-29,1189.0,1194.47,1188.1,1191.87,107058752
2017-01-01,1191.87,1201.5,1191.87,1200.53,99369880
2017-01-02,1200.53,1211.82,1200.53,1209.68,144815344
2017-01-03,1209.68,1216.97,1205.82,1213.24,139109584
2017-01-04,1213.24,1219.95,1212.97,1218.48,120911496
2017-01-05,1218.48,1224.41,1216.62,1222.2,124549424
2017-01-08,1222.2,1228.89,1216.14,1218.61,107512816
2017-01-09,1218.61,1230.86,1216.76,1230.22,124679120
2017-01-10,1230.22,1241.16,1230.22,1240.42,169694288
2017-01-11,1240.42,1248.43,1238.44,1245.85,170455856
2017-01-12,1245.85,1249.62,1241.65,1243.01,141683696
2017-01-15,1243.01,1255.28,1243.01,1254.52,165908064
2017-01-16,1254.52,1265.01,1252.93,1260.85,185652048
2017-01-17,1260.85,1278.86,1260.85,1276.45,206496576
2017-01-18,1276.45,1288.43,1273.89,1276.32,198932512
2017-01-19,1276.32,1281.32,1266.93,1275.55,140874320
2017-01-22,1275.55,1289.22,1275.55,1286.42,166838480
2017-01-23,1286.42,1299.82,1286.42,1297.6,218079440
2017-01-24,1297.6,1310.45,1297.19,1301.79,201344912
2017-01-25,1301.79,1309.71,1285.38,1287.57,152493632
2017-01-26,1287.57,1297.72,1282.39,1292.49,126960856
2017-01-29,1292.49,1301.29,1273.09,1274.79,113715392
2017-01-30,1274.79,1277.9,1257.71,1260.06,107451584
2017-01-31,1260.06,1272.42,1257.98,1268.28,95672208
2017-02-01,1268.28,1282.46,1268.28,1272.77,88255776
2017-02-02,1272.77,1274.65,1252.45,1254.79,74599016
2017-02-05,1254.79,1258.58,1239.48,1249.36,67796952
2017-02-06,1249.36,1261.92,1249.36,1257.29,57622068
2017-02-07,1257.29,1263.22,1252.53,1261.08,62032464
2017-02-08,1261.08,1279.51,1261.08,1278.41,89874824
2017-02-09,1278.41,1285.67,1275.74,1284.93,91355200
2017-02-12,1284.93,1295.38,1284.93,1294.78,96683936
2017-02-13,1294.78,1303.78,1291.65,1299.03,109350168
2017-02-14,1299.03,1309.53,1299.03,1308.71,117368752
2017-02-15,1308.71,1313.66,1303.55,1304.1,105361192
2017-02-16,1304.1,1307.39,1302.62,1306.15,106276224
2017-02-19,1306.15,1311.21,1306.15,1308.85,123290360
2017-02-20,1306.15,1315.53,1308.85,1308.85,129793648
2017-02-22,1313.21,1316.73,1312.33,1313.15,130915408
2017-02-23,1313.15,1313.15,1306.74,1309.48,133315200
2017-02-26,1309.48,1314.8,1309.48,1312.08,139319104
2017-02-27,1312.08,1315.1,1306.68,1307.47,102029408
2017-02-28,1307.47,1309.28,1304.87,1305.64,115244376
2017-03-01,1305.64,1313.41,1304.74,1305.79,96197368
2017-03-02,1305.79,1307.77,1302.43,1304.03,83044328
2017-03-05,1304.03,1305.33,1298.79,1299.91,79448144
2017-03-06,1299.91,1304.31,1299.33,1302.23,96108272
2017-03-07,1302.23,1310.66,1302.23,1307.41,112756392
2017-03-08,1307.41,1314.17,1307.41,1309.13,130211400
2017-03-09,1309.13,1318.53,1309.13,1312.17,118536304
2017-03-12,1312.17,1316.48,1306.58,1308.8,128549632
2017-03-13,1308.8,1313.92,1306.64,1307.27,100133160
2017-03-14,1307.27,1311.21,1307.27,1309.66,96479680
2017-03-15,1309.66,1312.36,1307.34,1309.81,97252672
2017-03-16,1309.81,1314.49,1307.13,1311.08,96406584
2017-03-19,1311.08,1313.99,1306.61,1307.82,110375768
2017-03-20,1307.82,1311.28,1304.12,1305.2,99540928
2017-03-21,1305.2,1307.56,1299.39,1300.43,126300096
2017-03-22,1300.43,1305.15,1300.37,1301.44,129038288
2017-03-23,1301.44,1303.83,1299.57,1301.48,104088992
2017-03-27,1301.48,1302.93,1296.27,1296.72,77715368
2017-03-28,1296.72,1300.67,1296.66,1297.38,99593880
2017-03-29,1297.38,1303.5,1297.38,1300.54,113488416
2017-03-30,1300.54,1307.43,1300.54,1303.72,81748320
2017-04-02,1303.72,1303.72,1296.21,1301.67,74106720
2017-04-03,1301.67,1321.22,1301.67,1320.02,93828800
2017-04-04,1320.02,1330.21,1320.02,1324.05,98315904
2017-04-05,1324.05,1324.05,1311.7,1317.15,111480160
2017-04-06,1317.15,1323.78,1310.94,1312.71,101644144
2017-04-09,1312.71,1313.9,1303.63,1304.26,77723216
2017-04-10,1304.26,1306.79,1295.99,1301.94,72274480
2017-04-11,1301.94,1306.52,1299.2,1300.4,78262360
2017-04-12,1300.4,1302.75,1295.21,1298.55,71484344
2017-04-13,1298.55,1300.68,1294.04,1294.88,59579520
2017-04-16,1294.88,1295.69,1286.38,1286.77,72422080
2017-04-17,1286.77,1292.05,1282.82,1287.01,76082128
2017-04-18,1287.01,1291.27,1281.35,1282.55,70571336
2017-04-19,1282.55,1282.55,1274.29,1279.71,68418240
2017-04-20,1279.71,1281.46,1271.99,1272.24,55788896
2017-04-23,1272.24,1275.43,1261.82,1262.64,50622768
2017-04-24,1262.64,1266.78,1253.18,1259.38,49993148
2017-04-25,1259.38,1269.3,1259.38,1263.13,50038704
2017-04-26,1263.13,1271.11,1259.69,1268.67,67780696
2017-04-27,1268.67,1281.94,1268.67,1273.94,69884504
2017-04-30,1273.94,1275.66,1262.67,1263.91,61475668
2017-05-02,1263.91,1275.58,1263.58,1274.59,77427992
2017-05-03,1274.59,1280.5,1274.18,1276.95,69399768
2017-05-04,1276.95,1281.14,1272.45,1275.08,75883408
2017-05-07,1275.08,1280.9,1275.08,1278.01,73772744
2017-05-08,1278.01,1279.84,1275.65,1275.96,63247524
2017-05-09,1275.96,1278.27,1273.24,1274.43,77403208
2017-05-11,1274.43,1276.93,1272.75,1273.38,68705536
2017-05-14,1273.38,1274.72,1267.55,1268.22,55010740
2017-05-15,1268.22,1269.36,1259.35,1259.59,53798704
2017-05-16,1259.59,1264.43,1255.6,1258.4,56313288
2017-05-17,1258.4,1263.58,1257.87,1258.62,68404520
2017-05-18,1258.62,1261.75,1253.94,1255.17,63522800
2017-05-21,1255.17,1255.87,1247.27,1248.38,45824120
2017-05-22,1248.38,1256.07,1248.38,1254.43,56041728
2017-05-23,1254.43,1262.56,1254.43,1258.48,61278136
2017-05-24,1258.48,1266.36,1258.48,1263.64,54444012
2017-05-25,1263.64,1264.92,1258.93,1260.57,52391940
2017-05-28,1260.57,1261.62,1250.97,1251.39,36341664
2017-05-29,1251.39,1251.94,1247.31,1248.08,34201352
2017-05-30,1248.08,1250.94,1246.51,1248.76,31789384
2017-05-31,1248.76,1252.37,1247.77,1251.39,50619788
2017-06-01,1251.39,1262.98,1250.71,1258.94,52604180
2017-06-04,1258.94,1266.86,1257.13,1262.61,46012008
2017-06-05,1262.61,1271.82,1262.61,1270.87,59601712
2017-06-06,1270.87,1275.11,1270.87,1273.84,63944396
2017-06-07,1273.84,1275.61,1270.15,1272.68,56734104
2017-06-08,1272.68,1273.09,1266.56,1268.33,51712352
2017-06-11,1268.33,1270.7,1263.18,1263.98,46901256
2017-06-12,1263.98,1265.69,1260.92,1262.06,37031148
2017-06-13,1262.06,1265.85,1258.99,1260.99,40070156
2017-06-14,1260.99,1263.35,1259.81,1260.19,54725972
2017-06-15,1260.19,1263.09,1260.19,1261.92,53015648
2017-06-18,1261.92,1263.14,1259.68,1260.57,47339904
2017-06-19,1260.57,1264.01,1259.61,1262.27,54088916
2017-06-20,1262.27,1273.43,1262.27,1272.78,64474240
2017-06-21,1272.78,1280.99,1272.38,1280.54,70041184
2017-06-22,1280.54,1286.2,1280.54,1285.86,74412632
2017-06-28,1285.85,1292.45,1285.85,1290.97,0
2017-06-29,1290.97,1298.11,1290.97,1296.75,80119472
2017-07-02,1296.75,1300.54,1293.64,1297.51,85513304
2017-07-03,1297.51,1311.1,1297.51,1310.37,104631264
2017-07-04,1310.37,1316.08,1310.37,1314.15,122374160
2017-07-05,1314.15,1318.16,1311.92,1317.62,116492048
2017-07-06,1317.62,1318.39,1306.52,1306.98,100546040
2017-07-09,1306.98,1316.96,1306.98,1314.08,116041712
2017-07-10,1314.08,1322.98,1314.08,1319.69,126443184
2017-07-11,1319.69,1329.29,1319.69,1321.86,132068648
2017-07-12,1321.86,1325.56,1315.56,1316.69,91428800
2017-07-13,1316.69,1328.07,1316.69,1327.0,100932536
2017-07-16,1327.0,1336.36,1326.24,1327.41,126346944
2017-07-17,1327.41,1332.37,1321.96,1324.13,114760792
2017-07-18,1324.13,1329.34,1321.44,1322.1,96222960
2017-07-19,1322.1,1327.12,1313.69,1314.8,106958976
2017-07-20,1314.8,1320.58,1312.26,1313.7,63663320
2017-07-23,1313.7,1317.62,1310.47,1311.34,47796884
2017-07-24,1311.34,1314.1,1309.59,1312.74,63138996
2017-07-25,1312.74,1318.61,1311.27,1312.34,65615240
2017-07-26,1312.34,1318.01,1311.72,1317.21,63894092
2017-07-27,1317.21,1323.19,1316.95,1317.65,71296256
2017-07-30,1317.65,1317.65,1309.23,1310.8,60166368
2017-07-31,1310.8,1316.36,1308.89,1315.2,116613512
2017-08-01,1315.2,1318.68,1314.12,1316.38,123738768
2017-08-02,1316.38,1318.78,1314.57,1315.15,123874232
2017-08-03,1315.15,1316.69,1311.28,1311.63,107799840
2017-08-06,1311.63,1316.47,1311.63,1313.12,91932016
2017-08-07,1313.12,1317.71,1307.6,1309.11,118735472
2017-08-08,1309.11,1312.64,1308.86,1309.36,94475104
2017-08-09,1309.36,1313.22,1309.29,1311.25,86610104
2017-08-10,1311.25,1317.47,1311.25,1314.54,96192648
2017-08-13,1314.54,1317.76,1309.93,1311.39,77791424
2017-08-16,1311.39,1314.2,1303.06,1303.91,83637816
2017-08-17,1303.91,1308.25,1302.88,1304.18,83212456
2017-08-20,1304.18,1311.58,1300.58,1301.04,76892552
2017-08-21,1301.04,1305.01,1300.95,1302.32,75867528
2017-08-22,1302.32,1308.8,1302.32,1307.39,97808200
2017-08-23,1307.39,1310.12,1302.96,1304.25,87647568
2017-08-24,1304.25,1307.47,1303.45,1305.62,78210880
2017-08-27,1305.62,1310.19,1305.62,1308.41,93022624
2017-08-28,1308.41,1313.57,1308.41,1312.14,103281120
2017-08-29,1312.14,1319.84,1312.14,1315.71,92495192
2017-08-30,1315.71,1321.48,1315.71,1319.1,80414128
2017-08-31,1319.1,1324.74,1319.1,1322.1,85284696
2017-09-04,1322.1,1330.83,1322.1,1328.96,66737000
2017-09-05,1328.96,1338.79,1328.96,1333.79,104953944
2017-09-06,1333.79,1343.25,1333.79,1335.57,136980576
2017-09-07,1335.57,1347.86,1335.57,1347.86,114427376
2017-09-10,1347.86,1372.15,1347.86,1368.25,125990368
2017-09-11,1368.25,1382.85,1368.25,1371.69,115234424
2017-09-12,1371.69,1376.88,1363.04,1365.65,120347008
2017-09-13,1365.65,1376.43,1365.54,1372.3,142436384
2017-09-14,1372.3,1390.8,1372.3,1385.28,112421640
2017-09-17,1385.27622,1393.702,1383.3218,1391.59399,120803383
2017-09-18,1391.59399,1396.51077,1378.99508,1380.40364,152589325
2017-09-19,1380.40364,1385.76175,1374.04026,1375.29967,150873934
2017-09-20,1375.29967,1376.83388,1364.69397,1366.02198,108200897
2017-09-21,1366.02198,1370.80025,1361.05123,1361.88885,78057010
2017-09-24,1361.88885,1367.47268,1361.00343,1366.20762,66201789
2017-09-25,1366.20762,1366.96199,1355.98056,1357.60237,66617163
2017-09-26,1357.60237,1362.00032,1354.64307,1355.45679,71522016
2017-09-27,1355.45679,1358.43784,1349.02172,1350.27125,77534199
2017-09-28,1350.27125,1350.27125,1340.84835,1345.86296,62483653
2017-10-02,1345.86296,1352.87831,1332.909,1334.97952,92588498
2017-10-03,1334.97952,1346.36903,1334.97952,1341.53421,80123985
2017-10-04,1341.53421,1350.64715,1341.53421,1344.13696,88445557
2017-10-05,1344.13696,1353.28099,1344.11211,1349.91214,105849626
2017-10-08,1349.91214,1358.1503,1349.91214,1354.6507,105424752
2017-10-09,1354.6507,1354.6507,1345.60703,1349.25715,96784439
2017-10-10,1349.25715,1351.27872,1345.23089,1347.7989,76510175
2017-10-11,1347.7989,1352.17052,1337.72717,1340.52951,109204871
2017-10-12,1340.52951,1343.21047,1332.36774,1333.67194,74329067
2017-10-15,1333.67194,1335.65583,1315.91668,1322.12738,62013188
2017-10-16,1322.12738,1325.88324,1315.17879,1318.79134,50296491
2017-10-17,1318.79134,1327.88069,1315.29065,1325.69405,61568228
2017-10-18,1325.69405,1332.10871,1325.60996,1327.75761,52853390
2017-10-19,1327.75761,1334.95009,1327.23041,1329.42447,60071827
2017-10-22,1329.42447,1336.08715,1329.42447,1332.27919,54367783
2017-10-23,1332.27919,1333.84513,1324.02695,1324.84754,52325832
2017-10-24,1324.84754,1328.16663,1320.16329,1321.59265,53607056
2017-10-25,1321.59265,1327.96395,1321.09968,1323.89321,58283154
2017-10-26,1323.89321,1325.65528,1314.73463,1316.47861,66299576
2017-10-29,1316.47861,1320.58878,1304.05306,1305.94964,64085796
2017-10-30,1305.94964,1312.74273,1303.41734,1310.52487,50963267
2017-10-31,1310.52487,1318.08406,1307.65088,1316.24938,53746635
2017-11-01,1316.24938,1322.17886,1315.61624,1321.53804,66374232
2017-11-02,1321.53804,1330.56678,1321.53804,1329.10519,67592415
2017-11-05,1329.10519,1331.30018,1323.84601,1324.42737,53849781
2017-11-06,1324.42737,1327.11099,1323.5475,1325.84844,67198661
2017-11-07,1325.84844,1330.39579,1325.79051,1328.70478,74450371
2017-11-08,1328.70478,1337.63216,1328.70478,1336.8536,76560132
2017-11-09,1336.8536,1346.95962,1336.8536,1341.28513,87054379
2017-11-12,1341.28513,1346.18829,1337.86738,1342.89237,98348854
2017-11-13,1342.89237,1353.3729,1342.89237,1349.4812,90338099
2017-11-14,1349.4812,1368.24277,1349.4812,1363.3293,117691145
2017-11-15,1363.3293,1377.11537,1363.3293,1369.07694,88322990
2017-11-16,1369.07694,1377.07841,1367.23666,1375.44657,73798317
2017-11-19,1375.44657,1385.508,1375.44657,1383.28235,97078875
2017-11-20,1383.28235,1396.80844,1383.28235,1392.73298,115849634
2017-11-21,1392.73298,1394.99016,1381.03439,1381.72638,109190473
2017-11-22,1381.72638,1393.64638,1381.72638,1389.56108,89800524
2017-11-23,1389.56108,1401.1429,1389.56108,1393.45888,85454840
2017-11-26,1393.45888,1399.66697,1391.83519,1394.25753,79083951
2017-11-27,1394.25753,1398.79154,1386.52173,1386.99226,92891016
2017-11-28,1386.99226,1391.72933,1379.92388,1381.31552,81320367
2017-11-29,1381.31552,1385.20081,1378.24607,1381.57975,67923198
2017-11-30,1381.57975,1387.42493,1380.4112,1381.5112,62007971
2017-12-03,1381.5112,1387.07616,1381.5112,1382.77639,57376187
2017-12-04,1382.77639,1389.72526,1382.77639,1387.47751,68711350
2017-12-05,1387.47751,1394.90525,1387.47751,1390.88501,64850310
2017-12-06,1390.88501,1399.68902,1390.02688,1390.81961,58480126
2017-12-07,1390.81961,1394.64509,1387.37925,1389.42999,51712294
2017-12-10,1389.42999,1391.77788,1378.57842,1379.62359,43286675
2017-12-11,1379.62359,1382.87114,1374.65061,1375.95237,49124553
2017-12-12,1375.95237,1380.94358,1375.01559,1379.66172,44390533
2017-12-13,1379.66172,1383.42991,1374.70535,1375.56614,40686735
2017-12-14,1375.56614,1379.85833,1375.12216,1376.57882,40270579
2017-12-17,1376.57882,1378.82939,1372.66135,1373.23509,33827828
2017-12-18,1373.23509,1376.36182,1372.42266,1373.56965,45530339
2017-12-19,1373.56965,1377.12196,1369.7652,1370.40207,46557942
2017-12-20,1370.40207,1373.22754,1364.52428,1364.87338,51159264
2017-12-21,1364.87338,1368.25998,1362.4979,1366.5577,36773585
2017-12-24,1366.5577,1371.5738,1363.09669,1366.961,35971952
2017-12-26,1366.961,1378.47734,1366.961,1372.02065,37141918
2017-12-27,1372.02065,1381.39133,1372.02065,1379.59664,55170558
2017-12-28,1379.59664,1391.83801,1378.55353,1390.66879,62804769
2018-01-01,1390.66879,1393.55338,1386.47328,1391.41959,37430791
2018-01-02,1391.41959,1398.7637,1391.41959,1398.13233,10844980
2018-01-03,1402.39251,1413.03627,1402.39251,1411.96672,57657245
2018-01-04,1411.96672,1415.27778,1405.28857,1407.60173,51876408
2018-01-07,1407.60173,1410.5577,1401.48732,1402.87016,48500374
2018-01-08,1402.87016,1405.45095,1393.664,1394.63719,47755630
2018-01-09,1394.63719,1396.84626,1390.85975,1391.41621,44812645
2018-01-10,1391.41621,1395.61213,1385.95475,1387.96754,43930904
2018-01-11,1387.96754,1392.55774,1386.07219,1391.54763,38151391
2018-01-14,1391.54763,1394.41113,1382.42401,1384.33044,32808297
2018-01-15,1384.33044,1388.75971,1374.5977,1376.39329,4061434357
2018-01-16,1376.39329,1391.07451,1373.01166,1389.91242,3887031877
2018-01-17,1389.91242,1401.0565,1389.91242,1392.43671,3915533357
2018-01-18,1392.43671,1405.9219,1392.43671,1403.91277,3589607411
2018-01-21,1403.91277,1411.32534,1403.4782,1410.0067,3443501178
2018-01-22,1410.0067,1429.83305,1410.0067,1428.46819,5024242868
2018-01-23,1428.46819,1433.95958,1423.545,1433.16518,5627123398
2018-01-24,1433.16518,1435.34735,1427.24063,1431.03097,4243227742
2018-01-25,1431.03097,1431.83667,1425.52628,1431.43588,4129098906
2018-01-28,1431.43588,1432.46025,1408.31294,1413.54541,3592825527
2018-01-29,1413.54541,1427.02191,1407.30911,1425.44532,4131607174
2018-01-30,1425.44532,1429.45621,1412.57153,1414.47491,3992263143
2018-01-31,1414.47491,1416.95633,1387.98209,1398.47755,4722765183
2018-02-01,1398.47755,1404.44095,1394.98565,1397.05846,3294595280
2018-02-04,1397.05846,1397.05846,1375.74759,1377.21372,3649085210
2018-02-05,1377.21372,1380.45089,1353.07126,1377.2185,4404280526
2018-02-06,1377.2185,1391.95487,1377.2185,1385.57837,3228449005
2018-02-07,1385.57837,1386.56522,1375.82428,1384.20407,3981332513
2018-02-08,1384.20407,1391.39437,1384.20407,1389.57296,3006424731
2018-02-11,1389.57296,1413.47933,1389.57296,1412.40606,4554518292
2018-02-12,1412.40606,1420.70835,1403.64651,1405.23224,4866362231
2018-02-13,1405.23224,1408.56401,1401.0928,1406.75168,5036677947
2018-02-14,1406.75168,1415.93686,1406.75168,1410.63136,6211983416
2018-02-15,1410.63136,1414.95365,1403.97823,1405.4426,5121742700
2018-02-18,1405.4426,1406.97489,1393.03135,1394.64773,4402372771
2018-02-19,1394.64773,1402.73807,1389.05301,1389.87885,3771665383
2018-02-20,1389.87885,1396.88582,1378.75407,1379.45137,3914304089
2018-02-22,1379.45137,1390.79231,1373.65181,1375.51983,2896656253
2018-02-25,1375.51983,1381.80273,1360.29061,1361.34777,3840421447
2018-02-26,1361.34777,1363.18273,1345.44774,1348.68633,3506304157
2018-02-27,1348.68633,1362.36448,1348.68633,1356.16561,3219173070
2018-02-28,1356.16561,1367.56475,1351.84316,1361.04542,3890548967
2018-03-01,1361.04542,1375.03676,1361.04542,1372.44502,4223033517
2018-03-04,1372.44502,1383.29348,1371.163,1373.77316,3634367849
2018-03-05,1373.77316,1374.81236,1363.86465,1367.72065,3895345269
2018-03-06,1367.72065,1376.23455,1366.00292,1375.11315,4269079734
2018-03-07,1375.11315,1378.40225,1372.02837,1373.26459,4057321169
2018-03-08,1373.26459,1375.0498,1366.13876,1373.00007,2739144828
2018-03-11,1373.00007,1374.72937,1363.25923,1363.78988,2367380881
2018-03-12,1363.78988,1364.50766,1347.00733,1350.75922,2982480587
2018-03-13,1350.75922,1353.08386,1328.88393,1333.19342,2823192633
2018-03-14,1333.19342,1344.4373,1331.59584,1338.11612,2240806887
2018-03-15,1338.11612,1351.55651,1336.49568,1348.75182,3385904038
2018-03-18,1348.75182,1353.77756,1344.849,1349.63804,2750036996
2018-03-19,1349.63804,1349.81827,1337.12127,1337.50871,5124172832
2018-03-20,1337.50871,1337.86594,1330.20992,1333.82892,2417136805
2018-03-21,1333.82892,1335.50435,1321.88976,1322.7461,3520814745
2018-03-22,1322.7461,1327.99114,1308.58628,1322.01214,3882129370
2018-03-25,1322.01214,1334.25842,1317.75796,1319.75537,2245366811
2018-03-27,1319.75537,1320.50691,1302.362,1303.32715,3114467775
2018-03-28,1303.32715,1309.83473,1295.94614,1297.31194,2773580402
2018-03-29,1297.31194,1317.91891,1296.95289,1314.6498,4703648095
2018-04-01,1314.6498,1341.43286,1314.6498,1339.87573,4410085338
2018-04-02,1339.87573,1357.74699,1338.66553,1355.37097,5996653042
2018-04-03,1355.37097,1365.19202,1348.91413,1350.83072,5552210827
2018-04-04,1350.83072,1356.52298,1347.60041,1348.45987,5466892781
2018-04-05,1348.45987,1358.39074,1344.97663,1356.5423,5720435795
2018-04-08,1356.5423,1363.55636,1356.5423,1359.16413,6220567055
2018-04-09,1359.16413,1365.4413,1358.39039,1363.03013,6915238096
2018-04-10,1363.03013,1370.11926,1359.57703,1360.38902,7109688179
2018-04-11,1360.38902,1364.40773,1355.26084,1357.26707,5291898940
2018-04-12,1357.26707,1360.73554,1352.08902,1352.83671,5534258647
2018-04-15,1352.83671,1362.87432,1349.47663,1350.59619,4122542361
2018-04-16,1350.59619,1354.99519,1343.49741,1353.65953,5156233275
2018-04-17,1353.65953,1361.88556,1353.43865,1355.79482,5077610282
2018-04-18,1355.79482,1359.9312,1352.20693,1357.8988,5614887176
2018-04-19,1357.8988,1367.02144,1357.8988,1365.59429,5774667954
2018-04-22,1365.59429,1365.67976,1352.84418,1353.45095,4924118831
2018-04-23,1353.45095,1355.97354,1346.91469,1348.26292,4856581278
2018-04-24,1348.26292,1352.22962,1338.483,1339.91552,4953519147
2018-04-25,1339.91552,1345.12729,1338.30907,1342.53177,4850717800
2018-04-26,1342.53177,1347.19571,1341.63358,1343.65366,5470878928
2018-04-30,1343.65366,1343.65366,1324.03837,1324.95381,5927621180
2018-05-03,1324.95381,1329.77704,1317.58901,1318.68269,4741751746
2018-05-06,1318.68269,1325.98884,1317.57388,1319.71722,5316782306
2018-05-07,1319.71722,1326.38605,1317.78162,1317.9686,4902924788
2018-05-08,1317.9686,1320.76458,1304.25003,1305.8426,4729772379
2018-05-09,1305.8426,1314.2116,1304.48943,1309.03384,5603562524
2018-05-10,1309.03384,1312.77558,1305.24676,1306.88744,5624756700
2018-05-13,1306.88744,1311.7295,1300.41109,1301.53458,3787939250
2018-05-14,1301.53458,1306.83845,1298.92967,1300.93448,3308183022
2018-05-15,1300.93448,1305.98198,1299.47828,1300.69963,3552931612
2018-05-16,1300.69963,1302.71302,1288.71581,1291.02995,3948638495
2018-05-17,1291.02995,1295.31485,1276.15545,1277.74732,4927976000
2018-05-20,1277.59714,1281.96586,1264.99586,1265.37948,3956646833
2018-05-21,1265.37948,1284.56305,1263.81239,1268.31777,5618097666
2018-05-22,1268.31777,1273.50611,1261.40576,1262.68544,4384158861
2018-05-23,1262.68544,1265.51407,1246.42321,1251.22997,4886095278
2018-05-24,1251.22997,1261.19642,1246.91155,1259.70477,4734440621
2018-05-27,1259.70477,1278.39506,1259.70477,1269.42878,4459650613
2018-05-28,1269.42878,1276.4516,1255.68121,1257.46363,4316590215
2018-05-29,1257.46363,1262.14316,1252.07531,1253.91558,5643533083
2018-05-30,1253.91558,1261.53267,1251.03149,1251.05198,4613048305
2018-05-31,1251.05198,1253.6971,1237.15346,1238.31484,3618858830
2018-06-03,1238.31484,1240.75848,1226.00648,1228.18329,4254989202
2018-06-04,1228.18329,1240.95315,1226.99931,1235.02819,4020546878
2018-06-05,1235.02819,1245.13056,1235.02819,1243.04451,3822999873
2018-06-06,1243.04451,1249.81259,1243.04451,1245.8963,4564297245
2018-06-07,1245.8963,1254.43926,1237.61871,1238.04339,4544112870
2018-06-10,1238.04339,1241.21922,1228.51292,1229.87225,4077297568
2018-06-11,1229.87225,1240.3256,1228.05884,1228.46366,4500070808
2018-06-12,1228.46366,1239.97118,1228.46366,1238.18597,4578675040
2018-06-18,1238.18597,1244.2348,1238.18597,1239.33454,4859041079
2018-06-19,1239.33454,1246.9947,1239.2449,1240.75856,6357891861
2018-06-20,1240.75856,1253.15103,1240.75856,1250.59462,6769724756
2018-06-21,1250.59462,1268.11211,1250.59462,1263.45859,8587451046
2018-06-24,1263.45859,1285.46349,1263.45859,1278.8837,7115469041
2018-06-25,1278.8837,1286.28898,1262.33617,1263.4932,6860997981
2018-06-26,1263.4932,1267.9838,1257.06973,1259.83828,6394202860
2018-06-27,1259.83828,1275.36454,1259.83828,1266.12344,7035198685
2018-06-28,1266.12344,1271.95192,1258.94539,1263.79401,8014040146
2018-07-02,1263.79401,1266.80079,1245.2104,1247.77252,7847530072
2018-07-03,1247.77252,1258.8632,1235.25756,1236.5274,6278873642
2018-07-04,1236.5274,1250.59512,1236.5274,1245.47458,7412273623
2018-07-05,1245.47458,1263.65573,1245.47458,1261.31583,9028342733
2018-07-08,1261.31583,1272.96338,1261.31583,1267.22473,8924951971
2018-07-09,1267.22473,1274.60472,1266.745,1268.26148,9012628255
2018-07-10,1268.26148,1279.04744,1268.26148,1271.02495,10881936804
2018-07-11,1271.02495,1285.38626,1264.18772,1266.99357,11152979449
2018-07-12,1266.99357,1276.09807,1262.33874,1267.37929,8529757628
2018-07-15,1267.37929,1276.31721,1264.61537,1265.86215,9553971690
2018-07-16,1265.86215,1277.12472,1263.58539,1265.34332,8736853259
2018-07-17,1265.34332,1271.37438,1262.00427,1262.99731,7860551529
2018-07-18,1262.99731,1270.85587,1262.64583,1269.1034,8635377215
2018-07-19,1269.1034,1277.36836,1269.1034,1273.09182,9122307025
2018-07-22,1273.09182,1282.46555,1273.09182,1274.57825,10549326035
2018-07-23,1274.57825,1283.28485,1267.62007,1268.6954,8731165940
2018-07-24,1268.6954,1276.44789,1265.84161,1266.66064,7166152940
2018-07-25,1266.66064,1275.75697,1263.21441,1264.11286,9544391458
2018-07-26,1264.11286,1271.58296,1258.72449,1259.78544,8556257447
2018-07-29,1259.78544,1265.98975,1248.69588,1248.69588,5773446995
2018-07-30,1248.69588,1254.23292,1240.28122,1240.91517,6145685554
2018-07-31,1240.91517,1259.02261,1240.91517,1251.1844,7324706415
2018-08-01,1251.1844,1265.16971,1251.1844,1257.08442,7406245302
2018-08-02,1257.08442,1266.03716,1257.08442,1262.10053,7640113482
2018-08-05,1262.10053,1265.1163,1251.24183,1252.2307,6592230095
2018-08-06,1252.2307,1254.66932,1246.97826,1249.35961,6393125203
2018-08-07,1249.35961,1259.42993,1249.35961,1255.73287,7105265491
2018-08-09,1251.73072,1254.05221,1245.01885,1245.86237,7039302957
2018-08-12,1245.86237,1250.24987,1235.5107,1235.97996,8183967199
2018-08-13,1235.97996,1240.68535,1226.24229,1228.13888,6482283132
2018-08-14,1228.13888,1244.39712,1228.13888,1242.57448,5801942545
2018-08-16,1242.57448,1251.35044,1242.57448,1246.89835,5807686181
2018-08-19,1246.89835,1252.1394,1245.91107,1250.57359,5605704745
2018-08-20,1250.57359,1259.59211,1248.24566,1257.63606,4453202512
2018-08-26,1257.63606,1274.77408,1257.63606,1272.33788,4202411908
2018-08-27,1272.33788,1281.19714,1271.67247,1272.87917,5320007619
2018-08-28,1272.87917,1278.1162,1270.11583,1274.92609,6117130349
2018-08-29,1274.92609,1278.54927,1268.78264,1270.08824,6333843340
2018-08-30,1270.08824,1276.49519,1269.22077,1269.6098,7223701117
2018-09-03,1269.6098,1278.26338,1269.6098,1274.38268,7078959136
2018-09-04,1274.38268,1281.66776,1269.4153,1271.00585,7169865412
2018-09-05,1271.00585,1280.96922,1271.00585,1279.97013,8117533988
2018-09-06,1279.97013,1288.66373,1278.18068,1278.66422,8172411028
2018-09-09,1278.66422,1281.38833,1274.85472,1276.08638,9009427212
2018-09-10,1276.08638,1281.68853,1271.69481,1272.16462,9653563588
2018-09-11,1272.16462,1275.59956,1269.07124,1271.59978,7140867011
2018-09-12,1271.59978,1280.49123,1270.41337,1275.92085,8610794682
2018-09-13,1275.92085,1282.0726,1270.20358,1271.37271,10648492144
2018-09-16,1271.37271,1275.47019,1262.89615,1265.22372,8043316367
2018-09-17,1265.22372,1268.72682,1259.67859,1260.6602,6969510859
2018-09-18,1260.6602,1270.27269,1260.6602,1262.36675,7316893184
2018-09-19,1262.36675,1273.76668,1260.67623,1261.41658,8247159836
2018-09-20,1261.41658,1265.17829,1253.88622,1255.50899,8261689000
2018-09-23,1255.50899,1270.27269,1260.6602,1250.15611,7423913000
2018-09-24,1250.03706,1251.23526,1231.57506,1233.49901,5800850000
2018-09-25,1233.49901,1242.23408,1230.23232,1241.09945,4879747000
2018-09-26,1241.09945,1246.54664,1238.99829,1240.25968,5140052000
2018-09-27,1240.25968,1240.3484,1226.46587,1230.01866,5253387000
2018-09-30,1230.01866,1243.10681,1225.6321,1239.07183,5164243000
2018-10-01,1239.07183,1248.64844,1237.70805,1240.18831,5505203000
2018-10-02,1240.18831,1246.31616,1240.1087,1241.29543,4884038000
2018-10-03,1241.29543,1249.67894,1240.65931,1247.75862,5636702000
2018-10-04,1247.75862,1253.61055,1247.37173,1250.7184,7600229000
2018-10-07,1250.7184,1257.94315,1251.33375,1257.13408,8448013000
2018-10-08,1257.13408,1267.63064,1259.09493,1264.07245,8014250000
2018-10-09,1264.07245,1289.15073,1266.7832,1278.02733,8012177000
2018-10-10,1278.02733,1282.29062,1273.62351,1274.45682,8019464000
2018-10-11,1274.45682,1279.17002,1265.29758,1265.75049,6449846000
2018-10-14,1265.75049,1270.00595,1262.36411,1262.52148,5766242000
2018-10-15,1262.52148,1266.45627,1247.45936,1248.18595,4939397000
2018-10-16,1248.18595,1254.89356,1246.40429,1254.18606,4925262000
2018-10-17,1254.18606,1258.54994,1247.5524,1248.43757,5114437000
2018-10-18,1248.43757,1251.12758,1243.09389,1243.54491,4763359000
2018-10-21,1243.54491,1248.4595,1228.54126,1230.26778,4395962000
2018-10-22,1230.26778,1232.98957,1208.73721,1209.50891,4353250000
2018-10-23,1209.50891,1219.73451,1204.44927,1211.95893,3794005000
2018-10-24,1211.95893,1224.00049,1213.7792,1218.36716,3680274000
2018-10-25,1218.36716,1230.0184,1217.23281,1223.79328,4251060999
2018-10-28,1223.79328,1225.32862,1209.60684,1210.41857,3717173000
2018-10-29,1210.41857,1220.14528,1206.33241,1219.10591,4428078000
2018-10-30,1219.10591,1233.06042,1219.10591,1226.44047,5524970000
2018-10-31,1226.44047,1228.26188,1220.58895,1222.48742,5147140000
2018-11-01,1222.48742,1225.56286,1214.76626,1216.05258,5299597000
2018-11-04,1216.05258,1219.42479,1210.69506,1211.3882,5393250000
2018-11-05,1211.3882,1214.86139,1203.90796,1204.72016,5382054000
2018-11-06,1204.72016,1207.01183,1199.89311,1200.42909,4400306000
2018-11-07,1200.42909,1211.29997,1201.3866,1207.5215,4844878000
2018-11-08,1207.5215,1212.31106,1206.75973,1210.4638,5937021000
2018-11-11,1210.4638,1224.40068,1212.84887,1215.41728,5274410000
2018-11-12,1215.41728,1215.45316,1200.74833,1202.48369,5184280000
2018-11-13,1202.48369,1215.76724,1203.87376,1213.15539,5315572000
2018-11-14,1213.15539,1207.96215,1205.49822,1206.79784,6316108000
2018-11-15,1206.79784,1209.14575,1205.04265,1208.1146,5557549000
2018-11-18,1208.1146,1217.13647,1207.5695,1212.48755,5565407000
2018-11-19,1212.48755,1219.36105,1212.23654,1214.50623,8030592000
2018-11-20,1214.50623,1222.74604,1213.68791,1221.1741,7171537000
2018-11-22,1221.1741,1229.42843,1221.10144,1227.55292,5526496000
2018-11-25,1227.55292,1229.16621,1219.28065,1221.05772,5694573000
2018-11-26,1221.05772,1227.484,1221.05772,1224.22471,6157467000
2018-11-27,1224.22471,1230.79077,1225.23235,1226.37461,6388535000
2018-11-28,1226.37461,1228.84453,1222.27609,1222.82253,5942766000
2018-11-29,1222.82253,1230.05763,1219.72607,1223.47144,7355530000
2018-12-02,1223.47144,1227.76554,1221.31634,1226.31458,5765428000
2018-12-03,1226.31458,1233.23026,1224.68196,1225.35196,5498620000
2018-12-04,1225.35196,1238.22561,1225.35196,1234.95591,6834856000
2018-12-05,1234.95591,1240.07758,1230.52744,1231.26293,6795947000
2018-12-06,1231.26293,1233.10003,1221.57739,1224.19743,5140455000
2018-12-09,1224.19743,1228.07887,1221.44134,1222.05121,5167905000
2018-12-10,1222.05121,1226.97761,1213.2117,1219.77664,5676785000
2018-12-11,1219.77664,1224.70144,1211.05789,1213.19072,4834636000
2018-12-12,1213.19072,1216.64349,1209.47151,1210.44951,4873939000
2018-12-13,1210.44951,1217.22919,1206.32111,1206.78986,4996979000
2018-12-17,1206.78986,1209.64738,1200.04164,1201.50522,3145612000
2018-12-18,1201.50522,1209.71113,1201.90126,1205.19945,3340942000
2018-12-19,1205.19945,1209.28853,1203.1702,1204.88932,3979347000
2018-12-20,1204.88932,1213.61425,1206.6469,1209.37539,4628551000
2018-12-23,1209.37539,1215.52301,1207.93815,1213.8697,3536397000
2018-12-24,1213.8697,1220.29946,1213.58822,1218.46146,3574194000
2018-12-26,1218.46146,1228.30087,1218.46146,1226.75632,3882409000
2018-12-27,1226.75632,1235.07393,1226.74536,1232.82092,5383420000
2019-01-01,1232.82092,1247.49894,1238.65111,1245.80232,5301742000
2019-01-02,1245.80232,1253.19181,1241.31795,1249.80705,6964570000
2019-01-03,1249.80705,1273.8518,1249.80705,1271.36556,9249092000
2019-01-06,1271.36556,1299.37254,1271.36556,1295.34987,10267676000
2019-01-07,1295.34987,1302.11039,1287.31578,1289.54708,9655353000
2019-01-08,1289.54708,1311.64071,1289.54708,1308.06125,10100325000
2019-01-09,1308.06125,1321.04953,1308.06125,1315.98648,10257357000
2019-01-10,1315.98648,1324.80584,1313.82477,1318.66173,8975753000
2019-01-13,1318.66173,1331.05423,1318.66173,1329.87384,9739435000
2019-01-14,1329.87384,1338.35776,1325.82704,1326.58413,11463238000
2019-01-15,1326.58413,1332.1582,1325.35364,1330.62104,11393189000
2019-01-16,1330.62104,1339.0489,1320.12004,1322.71275,10005255000
2019-01-17,1322.71275,1323.2998,1309.23528,1309.80025,10115687000
2019-01-20,1309.80025,1322.36683,1309.80025,1318.86333,9689126000
2019-01-21,1318.86333,1324.20521,1314.70643,1315.79431,8853415000
2019-01-22,1315.79431,1323.26096,1315.79431,1319.35145,8906634000
2019-01-23,1319.35145,1327.60367,1319.35145,1321.79121,10452555000
2019-01-24,1321.79121,1327.90289,1320.58949,1321.614,10375711000
2019-01-27,1321.614,1330.46633,1320.72139,1322.26518,11985726000
2019-01-28,1322.26518,1334.70052,1322.26518,1329.44756,10095484000
2019-01-29,1329.44756,1336.44151,1329.11041,1331.62129,9458599000
2019-01-30,1331.62129,1334.22445,1322.36009,1324.04186,10246148000
2019-01-31,1324.04186,1327.62692,1309.37246,1310.5998,9927379000
2019-02-03,1310.5998,1316.17985,1307.10766,1311.37885,9842120000
2019-02-04,1311.37885,1324.95885,1309.79433,1319.23386,8890517000
2019-02-05,1319.23386,1322.36485,1315.17681,1317.07853,7066638000
2019-02-06,1317.07853,1321.52413,1308.83715,1312.03957,7668484000
2019-02-07,1312.03957,1325.30323,1312.03957,1323.40476,7729780000
2019-02-10,1323.40476,1332.84268,1318.73392,1320.28431,8127704000
2019-02-11,1320.28431,1321.38476,1306.18248,1311.62845,7191317000
2019-02-12,1311.62845,1315.49078,1305.60318,1309.57633,9013904000
2019-02-13,1309.57633,1313.73161,1307.5952,1311.32015,7126453000
2019-02-14,1311.32015,1316.63738,1309.23933,1311.44974,9323708000
2019-02-17,1311.44974,1317.62256,1311.44974,1314.77363,7254956000
2019-02-18,1314.77363,1314.77363,1303.61373,1304.71058,8916732000
2019-02-19,1304.71058,1310.52697,1300.25696,1307.56344,6117646000
2019-02-20,1307.56344,1316.57301,1307.56344,1312.91349,6844891000
2019-02-24,1312.91349,1315.22251,1308.42698,1312.57792,5807012000
2019-02-25,1312.57792,1320.97184,1312.57792,1319.95548,7182465000
2019-02-26,1319.95548,1324.86318,1318.79605,1319.72716,6794573000
2019-02-27,1319.72716,1321.12878,1310.4254,1314.64139,6892487000
2019-03-03,1314.64139,1320.28725,1313.4881,1317.9137,6622732000
2019-03-04,1317.9137,1317.99407,1307.08468,1309.20176,6820193000
2019-03-05,1309.20176,1310.43399,1301.56805,1304.19708,5751898000
2019-03-06,1304.19708,1307.47742,1302.34275,1303.67972,5688727000
2019-03-07,1303.67972,1310.32505,1300.86582,1303.03954,4915717000
2019-03-10,1303.03954,1311.85431,1303.03954,1311.04705,4621430000
2019-03-11,1311.04705,1314.28476,1307.59914,1308.99459,5068442000
2019-03-12,1308.99459,1311.67507,1303.92628,1305.79068,6219919000
2019-03-13,1303.92644,1306.87378,1291.5011,1292.19947,7081273000
2019-03-14,1292.19947,1299.19193,1291.94911,1292.83294,5850051000
2019-03-18,1292.83294,1295.33967,1279.4203,1283.01352,4766799000
2019-03-19,1283.01352,1295.31611,1279.4553,1292.93041,4378017000
2019-03-20,1292.93041,1300.16262,1288.59848,1289.71322,4146959000
2019-03-21,1289.71322,1293.37045,1283.8857,1284.43589,3909902000
2019-03-24,1284.43589,1285.94761,1278.85832,1281.83684,3543514000
2019-03-25,1281.83684,1288.88249,1279.10147,1286.32999,3857766000
2019-03-27,1286.32999,1291.72635,1280.73297,1281.73224,3534073000
2019-03-28,1281.73224,1285.28323,1280.6902,1281.46347,3525065000
2019-03-31,1281.46347,1283.97258,1274.42579,1275.45223,3615371000
2019-04-01,1275.45223,1281.84584,1275.45223,1277.66444,4239749000
2019-04-02,1277.66444,1286.45185,1277.66444,1281.1594,4125252999
2019-04-03,1281.1594,1281.1594,1268.82756,1269.2817,4513665000
2019-04-04,1269.2817,1272.08758,1262.49676,1269.42058,3632637000
2019-04-07,1269.42058,1269.61735,1256.76386,1258.76127,3305413000
2019-04-08,1258.76127,1259.95848,1239.30604,1240.61572,4180049000
2019-04-09,1240.61572,1247.20316,1231.18618,1232.99671,3659199000
2019-04-10,1232.99671,1235.43826,1217.49439,1217.86349,2748395000
2019-04-11,1217.86349,1236.23222,1217.86349,1233.22246,2841870000
2019-04-15,1233.22246,1243.63906,1228.58311,1228.79902,2960235000
2019-04-16,1228.79902,1228.79902,1207.4367,1212.36728,2699138000
2019-04-17,1212.36728,1224.20742,1207.35544,1217.03885,3145498000
2019-04-18,1217.03885,1230.05807,1217.03885,1227.61524,3521335000
2019-04-21,1227.61524,1237.62009,1227.15797,1231.21181,3518407000
2019-04-23,1231.21181,1232.86213,1214.83437,1215.4114,2986293000
2019-04-24,1215.4114,1218.60931,1204.61004,1211.1484,3328418000
2019-04-25,1211.1484,1219.89816,1211.1484,1214.87475,3829739000
2019-04-28,1214.87475,1219.35977,1207.87292,1209.24659,3442586000
2019-04-29,1209.24659,1210.26573,1196.8982,1198.8197,2986108000
2019-04-30,1198.8197,1208.70855,1198.8197,1205.14665,4151738999
2019-05-02,1205.14665,1228.78684,1205.14665,1224.97382,4752996000
2019-05-05,1224.97382,1242.6167,1224.97382,1240.60972,5359593000
2019-05-06,1240.60972,1243.41836,1232.38367,1233.64457,4673454000
2019-05-07,1233.64457,1239.49325,1220.28367,1222.47738,4335058000
2019-05-08,1222.47738,1224.55283,1216.07954,1217.98504,3317839000
2019-05-09,1217.98504,1224.6151,1217.98504,1220.30651,3762225000
2019-05-12,1220.30651,1226.74636,1218.59369,1219.0202,3581621000
2019-05-13,1219.0202,1221.80925,1210.02545,1210.36699,3050317000
2019-05-14,1210.36699,1213.09996,1202.81385,1203.36768,2513646000
2019-05-15,1203.36768,1207.07298,1191.24862,1194.21711,2562776000
2019-05-16,1194.21711,1199.51977,1194.04945,1197.56268,2906820000
2019-05-19,1197.56268,1215.87981,1197.56268,1215.12634,4435597000
2019-05-20,1215.12634,1216.52909,1198.27171,1199.1602,3877302000
2019-05-21,1199.1602,1199.80116,1192.00276,1195.22847,3516974000
2019-05-22,1195.22847,1201.34646,1195.22847,1196.54376,2905446000
2019-05-23,1196.54376,1198.86328,1191.6788,1192.89822,3194882000
2019-05-26,1192.89822,1195.16154,1188.36031,1190.17596,3289116000
2019-05-27,1190.17596,1192.06378,1186.35611,1189.08753,3514409000
2019-05-28,1189.08753,1209.45555,1189.08753,1207.8365,4031337000
2019-05-29,1207.8365,1216.81109,1206.99199,1212.20935,3329767000
2019-05-30,1212.20935,1216.12271,1210.95244,1214.25823,4250072000
2019-06-09,1214.25823,1222.03696,1214.25823,1220.07598,3046699000
2019-06-10,1220.07598,1233.37744,1220.07598,1232.02215,4848922000
2019-06-11,1232.02215,1245.24951,1232.02215,1244.54015,5786845000
2019-06-12,1244.54015,1247.06927,1239.66063,1241.65145,5226393000
2019-06-13,1241.65145,1246.30506,1240.73489,1244.06285,5725048000
2019-06-16,1244.06285,1250.64439,1233.76568,1235.409,5343109000
2019-06-17,1235.409,1238.26112,1223.64583,1223.9971,5352784000
2019-06-18,1223.9971,1234.54805,1223.66253,1232.28814,5288290000
2019-06-19,1232.28814,1237.17991,1232.27039,1235.07802,5540434000
2019-06-20,1235.07802,1238.23944,1232.11177,1233.27827,4456707000
2019-06-23,1233.27827,1236.0439,1229.69017,1231.42959,3382015000
2019-06-24,1231.42959,1233.58653,1227.18114,1230.04253,3781531000
2019-06-25,1230.04253,1233.21763,1229.65905,1230.81287,4533810000
2019-06-26,1230.81287,1242.78667,1230.81287,1241.92436,4316464000
2019-06-27,1241.92436,1247.26723,1241.92436,1245.82753,5173548000
2019-06-30,1245.83,1250.92,1243.83,1244.69,0
2019-07-02,1244.68978,1244.68978,1231.7144,1235.16457,4827110000
2019-07-03,1235.16457,1238.92874,1233.26313,1233.97563,5074738000
2019-07-04,1233.97563,1236.09044,1231.32634,1233.39373,4875336000
2019-07-07,1233.39373,1233.77,1220.58476,1221.46256,4153380000
2019-07-08,1221.46256,1221.7484,1213.47254,1216.23898,4246600999
2019-07-09,1216.23898,1217.89253,1206.1979,1207.49209,5129124000
2019-07-10,1207.49209,1208.65819,1196.77566,1198.26547,4088819000
2019-07-11,1198.26547,1202.44745,1192.34001,1194.60294,3510830000
2019-07-14,1194.60294,1196.62465,1189.36936,1190.75092,3540475000
2019-07-15,1190.75092,1190.75092,1164.72823,1166.36892,3060653000
2019-07-16,1166.36892,1177.16934,1166.36892,1175.2954,2717616000
2019-07-17,1175.2954,1179.67344,1174.2789,1176.88664,3096018000
2019-07-18,1176.88664,1181.44278,1174.05788,1176.14169,3952967000
2019-07-21,1176.14169,1188.26778,1155.33797,1157.49234,3686418000
2019-07-22,1157.49234,1160.0129,1133.29319,1139.15349,4641852000
2019-07-23,1139.15349,1164.71992,1139.15349,1164.71992,3170666000
2019-07-24,1164.71992,1164.71992,1149.54096,1160.81672,3805988000
2019-07-25,1160.81672,1174.71186,1160.81672,1173.73016,4679301000
2019-07-28,1173.73016,1180.1744,1172.80789,1176.4828,4060003000
2019-07-29,1176.4828,1187.89785,1176.13804,1186.52733,4377722000
2019-07-30,1186.52733,1190.96875,1176.45497,1177.19461,4296929000
2019-07-31,1177.19461,1183.31424,1175.12865,1181.20397,4476045000
2019-08-01,1181.20397,1193.14011,1181.20397,1192.18758,4811611000
2019-08-04,1192.18758,1197.5327,1192.18758,1193.94181,4638567000
2019-08-05,1193.94181,1193.94181,1184.24878,1189.68512,4773649000
2019-08-06,1189.68512,1200.39247,1189.68512,1194.35411,5687679000
2019-08-07,1194.35411,1195.52814,1188.44349,1189.97969,4490451000
2019-08-08,1189.97969,1193.93488,1186.43438,1192.21845,4105630000
2019-08-18,1192.21845,1199.10907,1192.21845,1197.56065,3237008000
2019-08-19,1197.56065,1205.65383,1197.56065,1202.51279,4853627000
2019-08-20,1202.51279,1210.40792,1202.51279,1204.75096,4729440000
2019-08-21,1204.75096,1208.47035,1203.11778,1204.49147,5425506000
2019-08-22,1204.49147,1210.52207,1204.49147,1206.84804,4789085000
2019-08-25,1206.84804,1209.91003,1202.50666,1203.73373,4689900000
2019-08-26,1203.22511,1203.74745,1190.24827,1193.05709,4471614000
2019-08-27,1193.45408,1201.27989,1193.18192,1198.34593,4677557000
2019-08-28,1198.35,1203.8,1191.96,1192.55,0
2019-08-29,1192.55,1194.27,1182.58,1183.44,0
2019-09-01,1184.34208,1188.85549,1177.28691,1178.36524,3324081000
2019-09-02,1179.40987,1179.67411,1171.63263,1172.39638,4429043000
2019-09-03,1171.97173,1173.79586,1165.36538,1167.13821,3948271000
2019-09-04,1167.36959,1170.55871,1156.3634,1158.78012,3755131000
2019-09-05,1159.52436,1169.60115,1159.52436,1167.07199,4276581000
2019-09-08,1169.43464,1174.98535,1167.69837,1171.48201,3716139000
2019-09-09,1173.2304,1177.86053,1168.18768,1169.50803,4070383000
2019-09-11,1170.16968,1172.12495,1154.18966,1155.491,5024275000
2019-09-12,1157.10916,1159.90361,1147.5598,1156.78983,4051005000
2019-09-15,1154.76597,1156.77143,1147.16864,1154.24796,3170842000
2019-09-16,1154.20006,1158.21578,1153.04908,1155.61579,3888058000
2019-09-17,1156.92987,1163.30353,1145.61409,1146.97372,4355618000
2019-09-18,1149.09851,1155.60145,1129.79504,1130.63369,3715377000
2019-09-19,1139.1137,1145.16457,1119.36827,1123.2115,3849627000
2019-09-22,1135.95429,1152.92187,1129.9738,1150.18196,3047255000
2019-09-23,1154.24417,1168.91744,1153.40544,1158.15459,5173497000
2019-09-24,1158.94565,1160.74279,1144.59218,1145.29816,4056353000
2019-09-25,1145.90778,1150.92998,1135.6533,1145.7007,3184451000
2019-09-26,1148.30094,1154.7203,1147.9947,1148.52289,4117395000
2019-09-29,1149.9026,1152.29517,1146.98975,1149.54171,3841203000
2019-09-30,1149.54171,1151.60757,1138.58788,1138.70273,5957872000
2019-10-01,1138.70273,1144.8363,1136.49532,1140.21469,3042977000
2019-10-02,1140.21469,1142.46498,1134.95084,1136.31618,3460346000
2019-10-03,1136.32,1141.35,1135.22,1136.37,0
2019-10-06,1136.36856,1142.21691,1134.10924,1134.10924,3072201000
2019-10-07,1134.10924,1135.37481,1127.47561,1131.37232,3019913000
2019-10-09,1131.37232,1135.95477,1123.09169,1123.8547,3209165000
2019-10-10,1123.8547,1124.22353,1109.55169,1111.36065,3278176000
2019-10-13,1111.36065,1114.62405,1098.77752,1099.61071,2981993000
2019-10-14,1099.61071,1100.24146,1080.90501,1081.79546,2998977000
2019-10-15,1081.79546,1111.88901,1086.37205,1109.6734,3280550000
2019-10-16,1109.6734,1114.27514,1097.07289,1099.75194,3245787000
2019-10-17,1099.75194,1096.73355,1086.39192,1094.03321,3131406000
2019-10-20,1094.03321,1102.30634,1091.69926,1099.20655,3126348000
2019-10-21,1099.20655,1101.36627,1086.1722,1089.52441,3504918000
2019-10-22,1089.52441,1091.76358,1074.09862,1080.96185,2883694000
2019-10-23,1080.96185,1089.17723,1076.72913,1084.79477,2713683000
2019-10-24,1084.79477,1098.76472,1082.93206,1096.38848,3226919000
2019-10-27,1096.38848,1102.68384,1087.56484,1090.85784,2570813000
2019-10-28,1090.85784,1090.41932,1073.41641,1074.53176,3058956000
2019-10-29,1074.53176,1081.51473,1065.18283,1067.45262,3581820000
2019-10-30,1067.45262,1075.80602,1067.38792,1072.13618,3472900000
2019-10-31,1072.13618,1077.30743,1067.70573,1075.48039,4054319000
2019-11-03,1075.48039,1084.09965,1077.45711,1083.17826,3259784000
2019-11-04,1083.17826,1083.62703,1071.95464,1074.5546,2690358000
2019-11-05,1074.5546,1082.58167,1074.20697,1081.39862,3077645000
2019-11-06,1081.39862,1090.30228,1083.34418,1089.32077,3852567000
2019-11-07,1089.32077,1094.48113,1089.06915,1089.57067,3670916000
2019-11-11,1089.57067,1095.1334,1089.11901,1090.81595,2966343000
2019-11-12,1090.81595,1096.60867,1090.70345,1094.77931,3925042000
2019-11-13,1094.77931,1096.98652,1085.99232,1087.8666,3899553000
2019-11-14,1087.8666,1087.1526,1074.16047,1080.91747,3190957000
2019-11-17,1080.91747,1085.34934,1079.6649,1083.69688,3636835000
2019-11-18,1083.69688,1088.78798,1083.92703,1084.71822,4096185000
2019-11-19,1084.71822,1090.5636,1085.87223,1086.3834,3808337000
2019-11-20,1086.3834,1086.8177,1072.83972,1075.44108,4063461000
2019-11-21,1075.44108,1086.48471,1076.62923,1081.77015,4210173000
2019-11-24,1081.77015,1084.87391,1074.65438,1075.82625,3771985000
2019-11-25,1075.82625,1080.83355,1074.3149,1076.64329,4440799000
2019-11-26,1076.64329,1082.33817,1074.43182,1075.24365,5603646000
2019-11-27,1075.24365,1086.37657,1079.71759,1081.97678,5642217000
2019-11-28,1081.97678,1090.53893,1081.321,1082.16149,4302003000
2019-12-01,1082.16149,1088.57906,1076.87319,1077.63014,5216489000
2019-12-02,1077.63014,1082.76917,1066.28029,1067.7526,4824783000
2019-12-03,1067.7526,1071.54624,1057.5305,1060.70541,4123791000
2019-12-04,1060.70541,1068.67349,1059.78095,1061.40924,4620614000
2019-12-05,1061.40924,1064.97577,1055.01194,1055.84189,4324194000
2019-12-08,1055.84189,1059.89912,1039.44527,1041.29844,3490143000
2019-12-09,1041.29844,1046.24506,1020.30298,1022.27135,2752945000
2019-12-10,1022.27135,1033.99092,1011.21894,1012.29432,3058717000
2019-12-11,1012.29432,1022.59787,1014.6771,1017.46378,2942149000
2019-12-12,1017.46378,1022.91975,1011.12323,1021.59826,3495926000
2019-12-15,1016.59536,1018.73935,1013.55685,1015.05314,3065404000
2019-12-17,1013.6937,1015.63633,993.49221,994.78144,2815622000
2019-12-18,994.78144,996.00704,981.76796,986.47399,2543834000
2019-12-19,986.47399,997.78734,986.47399,997.78734,2764366000
2019-12-22,997.4839,995.45789,986.67419,987.19953,2710623000
2019-12-23,987.19953,989.73882,980.59683,981.66098,2634843000
2019-12-24,981.66098,991.66306,980.11744,985.4443,2394533000
2019-12-26,985.4443,997.11296,986.67271,994.90386,3050632000
2019-12-29,994.90386,1002.00632,995.54697,997.08877,3007717000
2019-12-30,997.08877,1002.33603,997.05057,999.82885,3189957000
2020-01-01,999.82885,1007.99186,1000.00287,1003.65686,2963004000
2020-01-02,1003.65686,1012.61337,1004.95228,1009.4117,3868263000
2020-01-05,1009.4117,1009.74136,994.83005,995.43186,2924683000
2020-01-06,995.43186,1002.66756,979.09858,983.13809,3758169000
2020-01-07,983.13809,988.30539,970.24389,972.98136,3274617000
2020-01-08,972.98136,981.07912,950.41544,953.88563,2799629000
2020-01-09,953.88563,955.85456,940.73113,945.91506,3014199000
2020-01-12,945.91506,957.36628,945.53282,950.15723,2608211000
2020-01-13,950.15723,952.09058,926.96719,929.96984,2867760000
2020-01-14,929.96984,929.11013,900.01409,907.03212,2628126000
2020-01-15,907.03212,923.962,909.77404,914.25227,2428298000
2020-01-16,914.25227,944.79468,914.00097,940.2902,2674914000
2020-01-19,940.2902,999.84901,957.12693,997.58688,4113669000
2020-01-20,997.58688,1026.61607,1002.25554,1014.95013,4947981000
2020-01-21,1014.95013,1021.60721,1000.54025,1010.14765,4131977000
2020-01-22,1007.64536,1020.27861,1009.85033,1018.62832,4384241000
2020-01-23,1018.62832,1037.67033,1021.02017,1035.49472,5143956000
2020-01-26,1035.49472,1043.3607,1032.33337,1035.22673,4741465000
2020-01-27,1035.22673,1037.90321,1025.00406,1031.72278,4045810000
2020-01-28,1031.72278,1036.15498,1028.568,1034.39412,4674827000
2020-01-29,1034.39412,1038.67946,1027.09661,1028.71121,4396192000
2020-01-30,1028.71121,1034.25177,1025.23348,1028.2875,4396267000
2020-02-02,1028.2875,1030.77136,1025.22219,1026.79096,4646739000
2020-02-03,1026.79096,1036.25385,1027.31742,1034.8262,5063509000
2020-02-04,1034.8262,1039.26831,1030.42406,1031.33689,4538826000
2020-02-05,1031.33689,1031.91302,1023.98952,1029.31844,4206006000
2020-02-06,1029.31844,1031.5847,1025.40573,1027.41199,3765551000
2020-02-09,1027.41199,1029.33879,1010.45738,1012.41588,3619766000
2020-02-10,1012.41588,1020.79504,1014.04142,1016.27278,3408960000
2020-02-11,1016.27278,1038.39322,1028.56733,1030.12319,5058554000
2020-02-12,1030.12319,1036.7267,1028.48595,1030.69083,6571998000
2020-02-13,1030.69083,1048.79544,1031.72547,1045.81661,7305771000
2020-02-16,1045.81661,1077.86906,1046.95475,1075.74238,9162586000
2020-02-17,1075.74238,1085.97061,1070.90539,1083.69552,9763876000
2020-02-18,1083.69552,1100.05467,1078.95035,1081.33756,10213403000
2020-02-19,1081.33756,1091.03562,1073.06508,1087.0164,8371528000
2020-02-20,1087.0164,1101.23878,1084.02958,1089.81105,7706082000
2020-02-23,1089.81105,1102.57554,1085.04673,1085.99683,6684560000
2020-02-24,1085.99683,1086.91674,1071.92994,1073.57006,6005620000
2020-02-25,1073.57006,1079.09365,1066.45608,1069.93715,6296814000
2020-02-26,1069.93715,1078.00419,1057.55514,1060.31917,6273414000
2020-02-27,1060.31917,1066.25328,1043.66682,1044.9068,5614154000
2020-03-01,1044.9068,1046.22623,1015.53426,1028.68472,4561700000
2020-03-02,1028.68472,1037.79466,1022.87314,1030.16064,4197428000
2020-03-03,1030.16064,1045.92463,1032.3109,1038.08366,6090674000
2020-03-04,1038.08366,1047.13601,1021.81706,1023.60351,5106685000
2020-03-05,1023.60351,1027.8971,1015.05423,1015.93436,4151389000
2020-03-08,1015.93436,1017.83863,996.41156,999.06844,4289279999
2020-03-09,999.06844,993.07233,926.19017,929.27091,4993503000
2020-03-10,929.27091,964.35043,926.87222,960.40918,3283350000
2020-03-11,960.40918,984.90529,962.60604,979.55038,4225116000
2020-03-12,979.55038,982.21356,952.32373,957.78709,4094227000
2020-03-15,945.77431,945.77431,905.8225,926.4105,3736935000
2020-03-16,926.4105,938.02848,868.99174,874.06138,4066395000
2020-03-18,874.06138,902.73629,829.03477,834.77665,4290340000
2020-03-19,0.0,919.43632,834.77665,919.43632,491215999
2020-03-22,919.43632,921.29345,915.28036,916.67166,1458327000
2020-03-23,916.67166,919.21732,916.28783,918.81486,2543018000
2020-03-24,918.81486,918.75998,915.41335,917.272,1395420000
2020-03-25,917.272,921.68927,916.78701,920.68808,3481387000
2020-05-31,920.68808,953.53115,924.34845,951.60397,1432926000
2020-06-01,951.60397,968.88368,927.38067,929.96051,1977677000
2020-06-02,929.96051,930.32965,918.62878,920.20113,1552422000
2020-06-03,920.20113,921.77095,918.54547,918.99356,1526353000
2020-06-04,918.99356,919.63762,915.47445,915.95883,429721000
2020-06-07,915.95883,919.13542,916.55859,918.58374,700203000
2020-06-08,918.58374,918.13402,916.71099,917.42893,1060031999
2020-06-09,917.42893,918.54351,917.54236,917.78637,677164000
2020-06-10,917.78637,919.53854,917.76383,919.29366,594440000
2020-06-11,919.29366,920.0175,918.84174,919.79185,511016000
2020-06-14,919.79185,920.33072,919.25062,919.56466,538857000
2020-06-15,919.56286,919.56286,917.48365,917.6217,615433000
2020-06-16,917.6217,918.60076,916.78413,918.29277,653078000
2020-06-17,918.29277,918.82808,918.01601,918.72184,888568000
2020-06-18,918.72184,918.82269,918.28917,918.55667,696514000
2020-06-21,918.55667,919.02819,918.29772,918.90073,386225000
2020-06-22,918.90073,919.26802,918.68364,918.75759,512655000
2020-06-23,918.75759,919.33353,918.12256,918.21223,719681000
2020-06-24,918.21223,918.83145,917.86239,918.56762,541399000
2020-06-25,918.56762,919.25861,918.41172,918.7733,683573000
2020-06-28,919.50065,922.35524,919.36731,921.74503,25432552000
2020-06-29,922.10863,924.51557,922.10863,924.25286,1532338000
2020-06-30,923.56653,925.23568,922.88452,925.084,5557152000
2020-07-02,925.084,923.74303,921.35769,922.10793,811854000
2020-07-05,922.10793,922.45302,920.64325,921.04236,734070000
2020-07-06,921.04236,922.70992,920.1531,921.96098,1500620000
2020-07-07,921.96098,925.10324,922.52582,923.84618,1385655000
2020-07-08,923.84618,929.42245,923.87386,928.63778,2310585000
2020-07-09,928.63778,940.33802,929.13719,938.96285,3474708000
2020-07-12,938.96285,956.2243,940.9368,954.87052,3469651000
2020-07-13,954.87052,960.41764,946.49062,950.84985,3779563000
2020-07-14,950.84985,957.29827,949.19624,952.13632,2893100000
2020-07-15,952.13632,954.46793,949.58165,950.22588,2678372000
2020-07-16,950.22588,950.61952,943.00379,945.81206,2259721000
2020-07-19,945.81206,942.76517,935.45828,938.96982,2344476000
2020-07-20,938.96982,945.24154,937.70636,944.0336,2404753000
2020-07-21,944.0336,948.66058,944.21668,948.3155,2528910000
2020-07-22,948.3155,949.55807,943.85753,945.3853,2474783000
2020-07-23,945.3853,947.51639,943.83371,946.41797,2625154000
2020-07-26,947.03291,959.94091,946.5336,959.84108,2344594000
2020-07-27,963.95016,967.52392,961.54815,965.95013,4371821000
2020-07-28,965.95013,968.20612,962.13794,963.86033,4446038000
2020-07-29,963.86033,966.32158,959.81222,964.65909,3995215000
2020-07-30,964.65909,978.42912,963.07248,976.49978,5809079000
2020-08-03,976.5,994.275,976.5,993.138,0
2020-08-04,993.138,1001.72,990.733,999.711,0
2020-08-05,999.711,1004.38,995.791,997.427,0
2020-08-06,997.427,1013.87,996.607,1011.11,0
2020-08-09,1011.11,1062.32,1011.11,1058.31,0
2020-08-10,1058.31,1072.45,1051.36,1063.91,0
2020-08-12,1063.91,1090.09,1063.91,1089.31,0
2020-08-13,1088.33,1101.05,1086.93,1088.46,0
2020-08-16,998.24971,0.0,0.0,1109.86084,43013424706
2020-08-17,1109.86084,0.0,0.0,1094.48164,56079084403
2020-08-18,1096.57,1101.91,1075.46,1080.53,0
2020-08-19,1080.93278,1108.35695,1083.59053,1094.40459,11490319000
2020-08-20,1094.40459,1107.8168,1091.0017,1100.33856,9368951000
2020-08-23,1100.33856,1120.612,1105.15478,1107.5265,9379899000
2020-08-24,1107.5265,1114.76848,1093.2629,1104.29781,7293693000
2020-08-25,1104.29781,1119.06182,1103.97293,1113.80695,7860187000
2020-08-26,1113.80695,1132.74758,1117.52955,1126.13592,7837072000
2020-08-27,1126.13592,1136.15055,1127.94713,1130.61058,9071363000
2020-08-31,1130.61058,1150.57051,1131.14015,1132.8477,11667780000
2020-09-01,1136.19298,1139.23392,1125.54369,1131.3759,7774272000
2020-09-02,1135.42699,1139.99777,1127.83116,1137.33561,12013521000
2020-09-03,1137.33561,1145.08972,1138.60235,1141.82495,10938806000
2020-09-06,1141.82495,1147.02571,1139.87224,1141.03885,10259923000
2020-09-07,1141.03885,1149.93501,1139.64304,1142.6819,9761280000
2020-09-08,1142.6819,1153.36247,1144.52955,1150.20164,11901526000
2020-09-09,1150.20164,1154.69235,1144.68536,1146.4454,10779782000
2020-09-10,1146.4454,1159.42685,1146.7996,1158.52762,10245478000
2020-09-13,1158.52762,1177.10372,1161.22006,1170.6606,13297283000
2020-09-14,1170.6606,1177.45894,1164.72136,1170.42009,11489559000
2020-09-15,1170.42009,1173.43071,1166.25948,1170.56797,9955959000
2020-09-16,1170.56797,1175.45982,1167.55351,1168.839,11472528000
2020-09-17,1168.839,1171.52393,1162.18189,1163.06082,10137992000
2020-09-20,1163.06082,1166.03951,1152.01121,1153.38268,11038803000
2020-09-21,1153.38268,1157.00314,1136.87425,1138.11352,9775878000
2020-09-22,1138.11352,1141.12248,1124.2676,1126.73796,7299211000
2020-09-23,1126.73796,1138.99019,1123.36127,1125.82154,8818142000
2020-09-24,1125.82154,1131.7881,1122.81747,1126.30783,8805238000
2020-09-27,1126.30783,1132.79192,1116.64767,1121.59053,10344227000
2020-09-28,1121.59053,1136.28537,1123.19039,1131.05841,8794958000
2020-09-29,1131.05841,1135.60575,1125.14198,1125.53029,8530040999
2020-09-30,1125.53029,1126.11979,1120.00301,1120.38698,9143715000
2020-10-01,1120.38698,1129.07654,1120.80143,1126.61837,8734940000
2020-10-04,1126.61837,1133.04302,1121.99305,1123.04614,8893748000
2020-10-05,1123.04614,1124.26181,1111.08937,1112.77438,9653547000
2020-10-06,1112.77438,1113.47175,1107.1989,1109.95381,10677216000
2020-10-07,1109.95381,1119.8468,1110.61386,1111.93467,8887071000
2020-10-08,1111.93467,1117.44021,1106.8421,1108.79602,7938109000
2020-10-11,1108.79602,1110.37531,1096.43248,1098.63582,8751065000
2020-10-12,1098.63582,1099.76139,1088.55983,1096.2419,6944963000
2020-10-13,1096.2419,1108.70008,1095.44388,1103.75083,5898510000
2020-10-14,1103.75083,1116.69645,1104.35554,1108.45302,6507175000
2020-10-15,1108.45302,1114.5859,1108.3256,1112.96891,5480743000
2020-10-18,1112.96891,1120.24612,1109.48708,1111.22733,6573075000
2020-10-19,1111.22733,1117.43251,1107.39332,1114.57177,7841453000
2020-10-20,1114.57177,1120.86099,1115.24193,1119.09968,9150514000
2020-10-21,1119.09968,1123.33265,1115.46318,1116.74856,8552545000
2020-10-22,1116.74856,1119.69983,1110.12589,1114.17111,10290334000
2020-10-25,1114.17111,1116.85948,1108.16465,1109.46558,8859649000
2020-10-27,1109.46558,1113.38221,1101.60521,1103.05357,10009305000
2020-10-28,1103.05357,1103.04327,1087.69845,1094.27764,11120302000
2020-10-29,1094.27764,1103.33554,1092.98403,1098.80022,9633597000
2020-11-01,1098.80022,1113.45166,1097.28766,1110.90541,7853506000
2020-11-02,1110.90541,1120.10297,1110.02317,1112.21958,8923492000
2020-11-03,1112.21958,1120.61569,1112.3882,1115.55347,7951268000
2020-11-04,1115.55347,1118.70052,1108.86349,1114.84724,8207754000
2020-11-05,1114.84724,1124.6871,1114.75455,1120.47055,9288511000
2020-11-08,1120.47055,1122.29776,1115.90656,1116.73756,10441784000
2020-11-09,1116.73756,1122.55512,1116.29782,1121.15823,8813297000
2020-11-10,1121.15823,1122.41098,1111.71951,1112.80169,9251139000
2020-11-11,1112.80169,1116.30825,1110.07737,1115.52884,9752693000
2020-11-12,1115.52884,1119.18796,1114.36729,1117.43712,9880698000
2020-11-15,1117.43712,1125.40409,1113.31356,1114.5968,11977209000
2020-11-16,1114.5968,1123.85721,1113.72178,1122.97155,7901588000
2020-11-17,1122.97155,1128.91229,1118.88514,1126.95271,7909179000
2020-11-18,1126.95271,1128.78818,1123.11051,1126.55359,5449932000
2020-11-19,1126.55359,1132.9207,1123.31737,1128.89694,5853130000
2020-11-22,1128.88069,1130.9504,1122.87829,1123.74224,4955390000
2020-11-23,1123.92549,1115.10135,1100.19814,1107.68815,6212854000
2020-11-24,1107.68815,1115.69998,1108.76021,1112.82645,6710397000
2020-11-25,1112.82645,1119.57662,1114.919,1117.24283,6027444000
2020-11-26,1117.24283,1121.70977,1115.38512,1118.8516,7583328000
2020-11-29,1118.8516,1123.17255,1115.41508,1120.91871,7662151000
2020-11-30,1120.91871,1122.54427,1112.1249,1113.97503,8042102000
2020-12-01,1113.97503,1123.88874,1113.23248,1120.35705,6638473000
2020-12-02,1120.35705,1128.38689,1120.35705,1126.62124,8410781999
2020-12-03,1126.62124,1136.68482,1126.62124,1135.53699,8226394000
2020-12-06,1135.53699,1153.74584,1135.53699,1150.80834,8438002000
2020-12-07,1150.80834,1162.52624,1150.80834,1159.64127,8481270000
2020-12-08,1159.64127,1162.67275,1156.75874,1158.40536,7195935000
2020-12-09,1158.40536,1165.29891,1156.95047,1163.60158,8253112999
2020-12-10,1163.60158,1171.40956,1163.60158,1169.52546,9365805000
2020-12-13,1169.52546,1182.99275,1169.52546,1180.62519,10033813000
2020-12-14,1180.62519,1197.45315,1180.62519,1192.50881,9793379000
2020-12-15,1192.50881,1204.98257,1184.47103,1185.52975,9720436000
2020-12-17,1185.52975,1186.91799,1176.25026,1180.09252,7050665000
2020-12-20,1180.09252,1181.54623,1166.87076,1170.41145,8603262000
2020-12-21,1170.41145,1184.07389,1170.41145,1182.91291,11373452000
2020-12-22,1182.91291,1185.09051,1177.18113,1177.99876,9755155000
2020-12-23,1177.99876,1188.64338,1173.03816,1186.30129,12448781000
2020-12-24,1186.30129,1205.95989,1186.30129,1203.67282,14056851000
2020-12-27,1203.67282,1219.56217,1203.67282,1218.41291,15293015000
2020-12-28,1226.7775,1234.34348,1218.19337,1231.65286,13469882000
2020-12-29,1231.65286,1241.48285,1228.58013,1233.46647,13838985000
2020-12-30,1233.46647,1243.3567,1231.80406,1242.11293,15432742000
2021-01-03,1242.11293,1302.34061,1242.11293,1299.522,19257733000
2021-01-04,1299.522,1315.97687,1280.78278,1297.87991,21930163000
2021-01-05,1297.87991,1324.9598,1273.32218,1278.67971,25468260000
2021-01-06,1278.67971,1287.06563,1265.02598,1281.21312,15774641000
2021-01-07,1281.21312,1292.60082,1263.41482,1265.93512,17081072000
2021-01-10,1265.93512,1283.41996,1265.93512,1273.91857,15056822000
2021-01-11,1273.91857,1307.39139,1273.91857,1297.41449,16756158000
2021-01-12,1297.41449,1323.42891,1297.41449,1322.67031,19826437000
2021-01-13,1322.67031,1322.67031,1298.03798,1301.63786,21084982000
2021-01-14,1301.63786,1328.1519,1301.63786,1323.50786,20708548000
2021-01-17,1323.50786,1328.70778,1294.14008,1299.31853,23848739000
2021-01-18,1299.31853,1306.38537,1280.23465,1293.96982,15195965000
2021-01-19,1293.96982,1302.07879,1288.4554,1291.8503,12909018000
2021-01-20,1291.8503,1300.23241,1286.39465,1290.06593,14160461000
2021-01-21,1290.06593,1299.34067,1289.33887,1294.64808,12134558000
2021-01-24,1294.64808,1308.1479,1293.88597,1297.33233,14586265000
2021-01-25,1297.33233,1305.83394,1288.34747,1296.91299,15852209000
2021-01-26,1296.91299,1296.91299,1276.16833,1279.47945,11254561000
2021-01-27,1279.47945,1284.20289,1273.61149,1279.8837,9059038000
2021-01-28,1279.8837,1292.10225,1275.63371,1280.39748,9410890000
2021-01-31,1280.39748,1287.37361,1263.41343,1265.36819,8231059999
2021-02-01,1265.36819,1273.31096,1252.32275,1254.13379,7182224000
2021-02-02,1254.13379,1257.69185,1242.73021,1246.08783,7029337000
2021-02-03,1246.08783,1253.32949,1240.30676,1250.57347,7946142000
2021-02-04,1250.57347,1265.38295,1250.57347,1261.30486,7135479000
2021-02-07,1261.30486,1263.39712,1233.60418,1235.43461,7715243000
2021-02-08,1235.43461,1245.38341,1208.57682,1214.73778,7898043000
2021-02-09,1214.73778,1241.61336,1214.5607,1239.5785,6833029000
2021-02-10,1239.5785,1256.24153,1239.5785,1245.34815,7860182000
2021-02-11,1245.34815,1246.2965,1230.31841,1236.33023,10554768000
2021-02-14,1236.33023,1243.33713,1230.88496,1238.61937,8016606000
2021-02-15,1238.61937,1261.28312,1238.61937,1260.22393,10822727000
2021-02-16,1260.22393,1266.51274,1251.54162,1252.55476,9957367000
2021-02-17,1252.55476,1256.86382,1246.79296,1250.91188,8638669000
2021-02-18,1250.91188,1250.91188,1241.53895,1242.48555,6941328000
2021-02-22,1242.48555,1245.37243,1218.85785,1222.0305,4670886000
2021-02-23,1222.0305,1226.25152,1203.43592,1206.71516,5918114000
2021-02-24,1206.71516,1223.81289,1206.71516,1220.69429,5303559000
2021-02-25,1220.69429,1232.18503,1220.20619,1225.87752,7460298000
2021-02-28,1225.87752,1233.70027,1220.28803,1222.84484,6606427000
2021-03-01,1222.84484,1230.89222,1219.95647,1229.07867,6180040000
2021-03-02,1229.07867,1247.05918,1229.07867,1245.7466,8339449000
2021-03-03,1245.7466,1251.05085,1241.23839,1242.63899,7758417000
2021-03-04,1242.63899,1250.45909,1242.63279,1248.59556,7075445000
2021-03-07,1248.59556,1257.69529,1248.59556,1256.46226,8767524000
2021-03-08,1256.46226,1266.92825,1256.46226,1265.20143,7215107000
2021-03-09,1265.20143,1272.00753,1262.70336,1266.12535,10433888000
2021-03-10,1266.12535,1271.10425,1258.49764,1263.85706,8797371000
2021-03-11,1263.85706,1271.51133,1261.47652,1265.77027,8095019000
2021-03-14,1265.77027,1270.42878,1256.73666,1257.80611,6224445000
2021-03-15,1257.80611,1265.61882,1256.38059,1263.09448,6230433000
2021-03-16,1263.09448,1270.80976,1257.16869,1261.65253,6980086000
2021-03-18,1261.65253,1264.02473,1242.45633,1247.67757,6843618000
2021-03-21,1247.67757,1247.67757,1222.93167,1226.48214,6159752000
2021-03-22,1226.48214,1238.24674,1209.6654,1235.94785,6931705000
2021-03-23,1235.94785,1243.79677,1233.5715,1237.59527,6310674000
2021-03-24,1237.59527,1237.59527,1219.60429,1221.53642,5803951000
2021-03-25,1221.53642,1224.23658,1213.83248,1217.69017,4882349000
2021-03-28,1217.69017,1223.86813,1214.69377,1218.45475,3825489000
2021-03-29,1218.45475,1227.19269,1218.45475,1221.08092,6346813000
2021-03-31,1221.08092,1221.08092,1201.15724,1204.17513,5602517000
2021-04-01,1204.17513,1205.07574,1188.59323,1202.53721,4513372000
2021-04-04,1202.53721,1189.7551,1164.42767,1166.16839,5211726000
2021-04-05,1166.16839,1186.89101,1167.52164,1182.72806,2366074000
2021-04-06,1182.72806,1209.3901,1182.78602,1204.61004,5084546000
2021-04-07,1204.61004,1219.10225,1204.875,1214.1661,5825229000
2021-04-08,1214.1661,1211.59955,1193.86113,1197.66032,4758779000
2021-04-11,1197.66032,1197.38176,1171.07474,1177.61219,4565503000
2021-04-12,1177.61,1191.31,1177.38,1182.96,0
2021-04-13,1182.96729,1202.18966,1176.4875,1198.57112,5119364000
2021-04-15,1198.57112,1209.99963,1198.98296,1209.07619,5564212000
2021-04-18,1209.07619,1214.16669,1204.16998,1211.54416,6027691000
2021-04-19,1211.54416,1217.81618,1208.30646,1216.19893,6972968000
2021-04-20,1216.19893,1236.0829,1213.68222,1233.53409,12998440000
2021-04-21,1233.53409,1241.44931,1231.23511,1233.48964,7766719000
2021-04-22,1233.48964,1238.92032,1230.08511,1237.39109,8832928000
2021-04-25,1237.39109,1258.45942,1237.39109,1255.73462,11888624000
2021-04-26,1255.73462,1267.2879,1255.73462,1261.57808,10405067000
2021-04-27,1262.80666,1262.80666,1241.70393,1245.45669,8243669000
2021-04-28,1245.45669,1251.85029,1238.33285,1249.03892,9403246000
2021-04-29,1249.03892,1256.92144,1248.97434,1249.81916,11728884000
2021-05-02,1249.81916,1258.47863,1249.81916,1255.1185,14069643000
2021-05-03,1255.1185,1259.73039,1245.06554,1248.15898,11598312000
2021-05-04,1248.15898,1254.6771,1246.2832,1249.24083,13561005000
2021-05-05,1249.24083,1256.86963,1249.24083,1249.92799,13985111000
2021-05-06,1249.92799,1256.19184,1249.92799,1252.18588,14862689000
2021-05-09,1252.18588,1263.27341,1249.96747,1261.49319,13520393000
2021-05-11,1261.49319,1273.01678,1261.49319,1271.90462,14033507000
2021-05-12,1271.90462,1276.16011,1268.5069,1275.14192,14535688000
2021-05-16,1275.14192,1288.46382,1275.14192,1282.78248,14183653000
2021-05-17,1282.78248,1289.93425,1280.75742,1285.09215,15346224000
2021-05-18,1285.09215,1287.30459,1278.73454,1281.13915,17196341000
2021-05-19,1281.13915,1289.88161,1280.09868,1282.40948,20990515000
2021-05-20,1282.40948,1287.67123,1271.78738,1272.81081,16527892000
2021-05-23,1272.81081,1273.32154,1262.34642,1263.64384,14859994000
2021-05-24,1263.64384,1272.0932,1263.64384,1269.92284,18200776000
2021-05-25,1269.92284,1276.90851,1268.92884,1270.60166,20088250000
2021-05-27,1270.60166,1285.98339,1270.60166,1285.01473,23688853000
2021-05-30,1285.01473,1293.63513,1280.72934,1285.88303,21492148000
2021-05-31,1285.88303,1287.47912,1279.15934,1286.20048,17363381000
2021-06-01,1286.20048,1292.89146,1283.4632,1284.07249,19035259000
2021-06-02,0.0,1286.30162,1277.76064,1284.5194,22873273000
2021-06-03,1284.5194,1294.63292,1284.5194,1293.17467,21822508000
2021-06-06,1293.17467,1305.04107,1293.14427,1299.30996,26693888000
2021-06-07,1299.30996,1301.17033,1286.42042,1289.42651,20832808999
2021-06-08,1289.42651,1293.45908,1280.13329,1290.54342,20657562000
2021-06-09,1290.54342,1301.21055,1290.54342,1296.24672,27005545000
2021-06-10,1296.24672,1307.42765,1296.24672,1299.48126,26692596000
2021-06-13,1299.48126,1302.37636,1291.54747,1293.42638,20690756000
2021-06-14,1293.42638,1296.27538,1283.1783,1284.58995,17401671000
2021-06-15,1284.58995,1286.70718,1281.00687,1284.06937,20325860000
2021-06-16,1284.06937,1292.86137,1284.06937,1288.66516,21096872000
2021-06-17,1288.66516,1294.8674,1288.66516,1290.93142,18471640000
2021-06-20,1290.93142,1297.45918,1281.55285,1296.59522,18352539000
2021-06-21,1296.59522,1308.74403,1296.59522,1305.5703,20434830000
2021-06-22,0.0,1309.11382,1301.69111,1304.3064,20175679000
2021-06-23,1304.3064,1309.89026,1295.84598,1297.3941,20300367000
2021-06-24,1297.3941,1304.56472,1291.234,1301.86009,15979503000
2021-06-27,1301.86009,1301.86009,1285.73817,1287.43006,17401809000
2021-06-28,1287.43006,1296.79093,1287.43006,1294.80934,13284951000
2021-06-29,1294.80934,1303.18446,1293.35452,1298.396,11480889000
2021-06-30,1298.396,1317.00251,1298.396,1314.75548,14078976000
2021-07-05,1314.75548,1328.07706,1314.75548,1326.72428,15514875000
2021-07-06,1326.72428,1330.26241,1322.22719,1324.72581,17897443000
2021-07-07,1324.72581,1336.86433,1324.72581,1327.49665,15775651000
2021-07-08,1327.49665,1344.17447,1327.49665,1341.54997,14919105000
2021-07-12,1341.54997,1349.06294,1340.83548,1346.82157,15992194000
2021-07-13,1346.82157,1357.75072,1346.82157,1354.09628,16685142000
2021-07-14,1354.09628,1357.86286,1348.67426,1353.09718,16488975000
2021-07-15,1353.09718,1360.93222,1353.09718,1359.36076,17898564000
2021-07-18,1359.36076,1382.77119,1359.36076,1379.38549,17930282000
2021-07-19,1379.38549,1388.90256,1376.5404,1387.76347,12644934000
2021-07-25,1387.76347,1396.15418,1386.37997,1396.15418,13318963000
2021-07-26,1393.84679,1397.66177,1388.45073,1390.26579,14067029000
2021-07-27,1390.26579,1393.5679,1385.89049,1388.28289,14628109000
2021-07-28,1388.28289,1398.09957,1386.27894,1396.41012,13608976000
2021-07-29,1396.41012,1402.69191,1395.78073,1401.04556,15213102000
2021-08-02,1401.04556,1415.3273,1401.04556,1412.14661,21878374000
2021-08-03,1412.14661,1427.5364,1412.14661,1424.60678,23144925000
2021-08-05,1424.60678,1443.27386,1424.60678,1439.34231,25116658000
2021-08-09,1439.34231,1453.6149,1425.91024,1452.1119,29120928000
2021-08-10,1452.1119,1459.76677,1441.4292,1442.46838,28401187000
2021-08-11,1442.46838,1446.97861,1423.29514,1444.07374,22128984000
2021-08-12,1444.07374,1460.42868,1444.07374,1459.03654,26617011000
2021-08-16,1459.03654,1469.76311,1458.55591,1468.83254,29539269000
2021-08-17,1468.83254,1474.18816,1465.05984,1469.034,26734976000
2021-08-18,1469.034,1475.36097,1464.07309,1466.2592,24655387000
2021-08-19,1466.2592,1468.93895,1455.09091,1461.33728,22188894000
2021-08-22,1461.33728,1483.03623,1461.33728,1479.72052,27063181000
2021-08-23,1479.72052,1489.29421,1479.72052,1487.32168,27748101000
2021-08-24,1487.32168,1498.07325,1487.00857,1494.48814,27629000000
2021-08-25,1494.48814,1504.48524,1491.38859,1493.21477,25707670000
2021-08-26,1493.21477,1496.78051,1485.22246,1487.20111,22276403000
2021-08-29,1487.20111,1493.29285,1483.50038,1484.25685,18468907000
2021-08-31,1484.25685,1493.00885,1484.25685,1490.2977,22493414000
2021-09-01,1490.2977,1501.74294,1490.2977,1495.67077,23663629000
2021-09-02,1495.67077,1509.03021,1495.67077,1508.66571,24743004000
2021-09-05,1508.66571,1530.54846,1508.66571,1528.65258,28683774000
2021-09-06,1528.65258,1540.10757,1527.47637,1536.03817,29015264000
2021-09-07,1536.03817,1555.56335,1536.03817,1551.81479,28661698000
2021-09-08,1551.81479,1575.14074,1551.81479,1571.91217,25555264000
2021-09-09,1571.91217,1595.93116,1566.83359,1592.31412,26965825000
2021-09-12,1592.31412,1612.20579,1572.76098,1575.96715,27084041000
2021-09-13,1575.96715,1585.54562,1564.61058,1578.82942,20405341000
2021-09-14,1578.82942,1590.53653,1554.52381,1556.22067,20974090000
2021-09-15,1556.22067,1572.24639,1547.60387,1568.78386,21047291000
2021-09-16,1568.78386,1590.16172,1568.78386,1577.10392,21713183000
2021-09-19,1577.10392,1584.83187,1565.37393,1566.80384,20337774000
2021-09-20,1566.80384,1575.31655,1565.15226,1570.08157,17625645000
2021-09-21,1570.08157,1591.08117,1570.08157,1586.96753,19100342000
2021-09-22,1586.96753,1599.37578,1580.59133,1582.52327,21506878000
2021-09-23,1582.52327,1590.39544,1580.5846,1581.05471,18524290000
2021-09-26,1581.05471,1585.80818,1571.71925,1574.58526,22572937000
2021-09-27,1574.58526,1587.72121,1574.58526,1578.76661,19808725000
2021-09-28,1578.76661,1588.98761,1578.76661,1585.28576,21357344000
2021-09-29,1585.28576,1591.5772,1582.17001,1583.65969,22694620000
2021-09-30,1583.65969,1596.44704,1583.65969,1592.0988,25023021000
2021-10-03,1592.0988,1604.62709,1592.0988,1593.97402,24392493000
2021-10-04,1593.97402,1609.85121,1591.59785,1593.74677,27552059000
2021-10-05,1593.74677,1599.45985,1582.07556,1594.42833,23520411000
2021-10-06,1594.42833,1607.33443,1594.42833,1600.25556,26812644000
2021-10-07,1600.25556,1609.91596,1593.33523,1595.78827,24972046000
2021-10-10,1595.78827,1604.55081,1591.80237,1596.53072,19628700000
2021-10-11,1596.53072,1608.25637,1594.43808,1596.64922,18485754000
2021-10-12,1596.64922,1605.17198,1588.60054,1591.04397,18638006000
2021-10-13,1591.04397,1596.02257,1565.23513,1566.60392,19529918000
2021-10-14,1566.60392,1571.11341,1553.30592,1567.43761,14338776000
2021-10-17,1567.43761,1574.6418,1540.39867,1546.31848,16553778000
2021-10-18,1546.31848,1549.6343,1513.11056,1525.17746,13938336000
2021-10-19,1525.17746,1543.63991,1503.17328,1504.9209,16828510000
2021-10-21,1504.9209,1520.76617,1494.56889,1518.16373,13109710000
2021-10-24,1518.16373,1518.16373,1484.40796,1487.78616,14710462000
2021-10-25,1487.78616,1487.78616,1458.39656,1465.60124,14704319000
2021-10-26,1465.60124,1484.69694,1453.69028,1482.46491,13869156000
2021-10-27,1482.46491,1490.33644,1479.42113,1481.43505,14972578000
2021-10-28,1481.43505,1482.7586,1473.2091,1479.39395,17244811000
2021-10-31,1479.39395,1484.94122,1468.69203,1470.49556,16370276000
2021-11-01,1470.49556,1479.27154,1466.59572,1474.46552,12753996000
2021-11-02,1474.46552,1483.80622,1465.90031,1468.18113,12951155000
2021-11-03,1468.18113,1473.72148,1459.4076,1461.16238,11544396000
2021-11-04,1461.16238,1466.29367,1453.79065,1462.18444,10684269000
2021-11-07,1462.18444,1468.26915,1442.99202,1444.32395,11455551000
2021-11-08,1444.32395,1450.32313,1434.96369,1437.431,10751314000
2021-11-09,1437.431,1459.49452,1437.431,1454.80573,10077596000
2021-11-10,1454.80573,1480.77157,1454.80573,1478.89276,11637881000
2021-11-11,1478.89276,1485.50165,1473.8915,1477.57894,15062394000
2021-11-14,1477.57894,1480.62183,1463.16975,1464.97377,11113575000
2021-11-15,1464.97377,1475.14919,1463.46581,1465.04581,14213482000
2021-11-16,1465.04581,1488.26662,1465.04581,1484.81865,14918505000
2021-11-17,1484.81865,1494.12419,1477.22694,1484.14787,15070262000
2021-11-18,1484.14787,1489.6178,1476.74301,1480.32879,14610362000
2021-11-21,1480.32879,1485.48971,1473.50909,1475.27343,17862718000
2021-11-22,1475.27343,1479.08422,1468.38278,1470.97496,12260463000
2021-11-23,1470.97496,1475.72948,1454.20644,1468.58201,13146040000
2021-11-24,1468.58201,1476.27996,1449.52742,1452.00828,11295537000
2021-11-25,1452.00828,1453.63646,1439.46849,1442.38297,8497747000
2021-11-28,1442.38297,1445.30451,1426.31227,1429.32903,8371003000
2021-11-29,1429.32903,1440.35152,1425.28182,1430.87971,7081896000
2021-11-30,1430.87971,1440.31185,1404.78394,1405.55461,11468788000
2021-12-01,1405.55461,1440.72156,1405.55461,1437.77418,11026129000
2021-12-02,1437.77418,1461.27589,1419.97347,1458.91757,12451960000
2021-12-05,1458.91757,1468.00159,1454.51707,1461.06971,8949825000
2021-12-06,1461.06971,1466.93567,1456.58316,1464.67832,8871367000
2021-12-07,1464.67832,1483.26172,1464.67832,1480.06904,13310452000
2021-12-08,1480.06904,1482.8295,1465.76519,1467.06885,11523937000
2021-12-09,1467.06885,1481.63037,1467.06885,1475.46242,10434565000
2021-12-12,1475.46242,1487.08072,1465.81371,1467.40418,11482387000
2021-12-13,1467.40418,1472.24714,1455.2238,1460.31729,6966492000
2021-12-14,1460.31729,1469.95152,1455.62584,1456.6619,10807997000
2021-12-15,1456.6619,1466.4355,1456.52906,1462.30531,8074020000
2021-12-19,1462.30531,1464.34547,1441.83923,1443.24544,7862186000
2021-12-20,1443.24544,1444.4236,1429.31422,1432.65391,8071689000
2021-12-21,1432.65391,1441.2905,1432.65391,1436.53499,6520165000
2021-12-22,1436.53499,1445.06852,1433.25342,1433.90146,7674723000
2021-12-23,1433.90146,1436.29013,1423.03868,1423.6494,8017849000
2021-12-26,1423.6494,1425.63993,1405.39464,1408.86624,8856137000
2021-12-27,1408.86624,1421.54606,1408.86624,1417.63564,7451018000
2021-12-28,1417.63564,1432.26497,1417.63564,1431.47112,8726047000
2021-12-29,1431.47112,1436.64567,1424.80964,1427.27469,7353747000
2021-12-30,1427.27469,1433.86265,1427.01679,1431.12345,9218146000
2022-01-02,1431.12345,1448.18413,1431.12345,1445.37516,8941784000
2022-01-03,1445.37516,1458.59188,1445.37516,1451.39146,13141420000
2022-01-04,1451.39146,1457.87859,1445.48131,1456.12223,11821891000
2022-01-05,1456.12223,1467.40212,1456.12223,1463.68266,14141643000
2022-01-06,1463.68266,1476.70882,1463.68266,1472.14975,16834768000
2022-01-09,1472.14975,1483.14094,1465.48054,1468.13718,14610885000
2022-01-10,1468.13718,1481.83727,1465.60236,1480.68539,14874544000
2022-01-11,1480.68539,1503.29791,1480.68539,1495.87038,19768853000
2022-01-12,1495.87038,1506.78051,1492.62536,1494.77702,16641708000
2022-01-13,1494.77702,1504.00268,1494.77702,1501.71043,12428411000
2022-01-16,1501.71043,1513.74148,1501.15785,1502.00723,15068009000
2022-01-17,1502.00723,1509.93956,1499.67303,1505.00856,16867353000
2022-01-18,1505.00856,1513.36085,1505.00856,1506.56477,17128797000
2022-01-19,1506.56477,1512.56104,1506.56477,1509.14962,17355740000
2022-01-20,1509.14962,1519.0222,1506.79159,1508.39624,16012026000
2022-01-23,1508.39624,1516.94776,1505.12897,1508.09575,14824500000
2022-01-24,1508.09575,1516.0769,1503.55933,1505.01112,12146290000
2022-01-25,1505.01112,1516.17349,1503.46505,1504.6147,11174269000
2022-01-26,1504.6147,1512.01888,1503.508,1504.05392,11157807000
2022-01-27,1504.05392,1509.7736,1498.73225,1499.97341,12190022000
2022-01-30,1499.97341,1504.69619,1490.16927,1491.16374,13331338000
2022-01-31,1491.16374,1496.62989,1479.79093,1481.88758,12150120000
2022-02-01,1481.88758,1500.26059,1481.88758,1497.49124,13525727000
2022-02-02,1497.49124,1512.5455,1497.49124,1503.99283,12668797000
2022-02-03,1503.99283,1508.34758,1499.17978,1504.24827,12612732000
2022-02-06,1504.24827,1516.01972,1504.24827,1513.99995,13350973000
2022-02-07,1513.99995,1525.24166,1505.88967,1509.55999,14277920000
2022-02-08,1509.55999,1513.4489,1508.05804,1511.37904,14497581000
2022-02-09,1511.37904,1515.09535,1508.79384,1512.89448,11508179000
2022-02-10,1512.89448,1520.51032,1512.89448,1517.61751,12543267000
2022-02-13,1517.61751,1525.47959,1517.61751,1522.98417,12756430000
2022-02-14,1522.98417,1530.02714,1517.80534,1519.8522,12417775000
2022-02-15,1519.8522,1524.36297,1518.89986,1520.0112,12310705000
2022-02-16,1520.0112,1526.4867,1518.76014,1521.21225,12136445000
2022-02-17,1521.21225,1523.98596,1506.12723,1508.14259,10049943000
2022-02-20,1508.14259,1510.55206,1497.1442,1498.76626,11409354000
2022-02-22,1498.76626,1506.83279,1493.35736,1495.22482,9088248000
2022-02-23,1495.22482,1504.64264,1494.4212,1498.55258,8878520000
2022-02-24,1498.55258,1503.53914,1472.47009,1475.7207,10502803000
2022-02-27,1475.7207,1475.7207,1441.62411,1445.14309,9162867000
2022-02-28,1445.14309,1460.68927,1445.14309,1453.47871,7300197000
2022-03-01,1453.47871,1467.05422,1452.60939,1453.72863,7989142000
2022-03-02,1453.72863,1457.78784,1438.37135,1443.42389,6560615000
2022-03-03,1443.42389,1447.63169,1432.93633,1441.99038,6445537000
2022-03-06,1441.99038,1448.88856,1430.38964,1431.02127,6515631000
2022-03-07,1431.02127,1433.2233,1393.1277,1394.40484,7402638000
2022-03-08,1394.40484,1404.33746,1366.51039,1399.07846,7460935000
2022-03-09,1399.07846,1433.71891,1399.07846,1429.47177,7730150000
2022-03-10,1429.47177,1448.23801,1429.28437,1435.40213,10612066000
2022-03-13,1435.40213,1457.24252,1435.40213,1453.18023,9987369000
2022-03-14,1453.18023,1458.5134,1448.38324,1452.70317,9865120000
2022-03-15,1452.70317,1461.0937,1451.81311,1456.65126,10656341000
2022-03-16,1456.65126,1460.64836,1453.49939,1454.31031,8356273000
2022-03-20,1454.31031,1459.85609,1440.50076,1441.30202,6161125000
2022-03-21,1441.30202,1444.50095,1433.35068,1441.51258,6346843000
2022-03-22,1441.51258,1463.6745,1441.51258,1460.57237,9576054000
2022-03-23,1460.57237,1468.29195,1455.65774,1456.42531,8632010000
2022-03-24,1456.42531,1459.62757,1452.94207,1456.81114,8295950000
2022-03-27,1456.81114,1461.61168,1454.33765,1458.07279,8588871000
2022-03-28,1458.07279,1466.95338,1458.07279,1465.46316,9245701000
2022-03-29,1465.46316,1470.77193,1463.05762,1464.98251,9816165000
2022-03-30,1464.98251,1469.04866,1461.72012,1463.93276,8013283000
2022-03-31,1463.93276,1468.58784,1459.86181,1468.11411,11169465000
2022-04-03,1468.11411,1476.35229,1468.11411,1470.9359,8366286000
2022-04-04,1470.9359,1470.9359,1460.56333,1462.04747,6206690000
2022-04-05,1462.04747,1462.09718,1455.57183,1460.77186,5758312000
2022-04-06,1460.77186,1462.94051,1452.4905,1456.22081,4905023000
2022-04-07,1456.22081,1456.4061,1443.62215,1453.60489,5156439000
2022-04-10,1453.60489,1466.59836,1453.60489,1459.81,6435697000
2022-04-11,1459.81,1464.20775,1454.56476,1454.75568,5574625000
2022-04-12,1454.75568,1455.95064,1441.02328,1442.87693,5329508000
2022-04-13,1442.87693,1450.28764,1431.70299,1447.78888,5296942000
2022-04-17,1447.78888,1454.77209,1441.25889,1442.22289,3939792000
2022-04-18,1442.22289,1442.50794,1425.73163,1428.67689,3903887000
2022-04-19,1428.67689,1445.07563,1416.62977,1443.40314,5998473000
2022-04-20,1443.40314,1456.18066,1443.40314,1454.1271,6059716000
2022-04-21,1454.1271,1466.11493,1453.63032,1464.6282,7540773000
2022-04-24,1464.6282,1473.22526,1459.46343,1461.54506,8958424000
2022-04-25,1461.54506,1462.41277,1449.64457,1454.63867,5930163000
2022-04-26,1454.63867,1459.49481,1449.09186,1456.40024,7667463000
2022-04-27,1456.40024,1459.02959,1451.26456,1453.43358,9324932000
2022-04-28,1453.43358,1457.0098,1442.40538,1446.98328,8698147000
2022-05-05,1446.98328,1449.12919,1439.08931,1443.6369,4687066000
2022-05-08,1443.6369,1448.69166,1442.41116,1447.41829,9725367000
2022-05-09,1447.41829,1457.25112,1447.41829,1454.13674,12083187000
2022-05-10,1454.13674,1458.09542,1446.87337,1448.89288,12580058000
2022-05-11,1448.89288,1451.07246,1432.3575,1433.41312,11357087000
2022-05-12,1433.41312,1438.12644,1428.41782,1432.17198,8233611000
2022-05-16,1432.17198,1434.34552,1409.23741,1410.29927,10241542000
2022-05-17,1410.29927,1422.2804,1389.54339,1408.76933,7797648000
2022-05-18,1408.76933,1417.5797,1386.88417,1391.50679,7629356000
2022-05-19,1391.50679,1394.5039,1371.08596,1383.0427,6688812000
2022-05-22,1383.0427,1390.23704,1359.31339,1361.7304,6822140000
2022-05-23,1361.7304,1387.12469,1367.09608,1376.99079,6589369000
2022-05-24,1376.99079,1387.5861,1363.51787,1367.28199,6608422000
2022-05-25,1367.28199,1369.25431,1354.14936,1363.45966,5131172000
2022-05-26,1363.45966,1377.58818,1358.883,1373.7086,5391257000
2022-05-29,1373.7086,1401.98188,1376.99559,1399.74038,8336186000
2022-05-30,1399.74038,1410.22334,1397.06232,1401.48841,8364017000
2022-05-31,1401.48841,1409.55598,1397.42639,1403.53136,6378768000
2022-06-01,1403.53136,1414.3745,1404.49666,1412.56394,7431205000
2022-06-02,1412.56394,1424.8053,1413.29532,1415.72271,8751071000
2022-06-05,1415.72271,1429.11115,1417.44232,1426.07575,9501044000
2022-06-06,1426.07575,1428.37342,1416.04392,1416.95806,9740720000
2022-06-07,1416.95806,1418.17875,1409.36748,1410.89114,7398138000
2022-06-08,1410.89114,1418.27009,1409.57514,1412.95376,9196574000
2022-06-09,1412.95376,1420.2816,1412.68468,1413.74492,7582662000
2022-06-12,1413.74492,1414.02739,1401.34935,1403.07966,6364070000
2022-06-13,1403.07966,1405.95392,1394.59369,1394.82983,7981972000
2022-06-14,1394.82983,1400.63049,1386.38767,1387.6774,8749198000
2022-06-15,1387.6774,1399.71642,1388.20661,1389.59829,9438897000
2022-06-16,1389.59829,1405.2561,1391.82773,1403.25623,10466322000
2022-06-19,1403.25623,1409.87521,1395.97536,1397.11354,8957840000
2022-06-20,1397.11354,1398.35367,1384.69717,1388.02345,8223942000
2022-06-21,1388.02345,1389.35906,1378.17189,1378.91115,7258836000
2022-06-22,1378.91115,1383.45176,1375.07927,1381.47823,6943728000
2022-06-23,1381.47823,1389.63487,1380.80895,1382.92979,6837437000
2022-06-26,1382.92979,1387.5399,1376.6707,1378.86814,5943793000
2022-06-27,1378.86814,1382.70126,1376.27625,1380.80733,7007627000
2022-06-28,1380.80733,1388.59893,1381.27848,1385.65389,8188264000
2022-06-29,1385.65389,1391.35459,1383.84446,1385.40832,8056987000
2022-06-30,1385.40832,1390.55014,1380.15045,1386.77953,9377475000
2022-07-03,1386.77953,1389.34248,1380.73857,1384.74672,6548339000
2022-07-04,1384.74672,1387.13031,1381.47834,1385.16382,6626134000
2022-07-05,1385.16382,1396.5462,1385.60402,1389.2524,9607961000
2022-07-06,1389.2524,1395.48365,1387.01119,1389.19584,7469546000
2022-07-07,1389.19584,1391.42148,1386.85443,1387.89136,7886612000
2022-07-12,1387.89136,1391.93144,1384.37159,1385.63016,6794935000
2022-07-13,1385.63016,1385.74249,1375.92758,1377.72226,7023113000
2022-07-14,1377.72226,1381.44936,1370.24215,1377.35244,5806394000
2022-07-17,1377.35244,1384.45944,1376.00664,1376.24209,5934981000
2022-07-18,1376.24209,1378.70678,1358.09176,1359.63089,5152976000
2022-07-19,1359.63089,1354.91684,1339.64304,1348.05555,3193502000
2022-07-20,1348.05555,1354.16137,1337.74393,1346.25585,6655825000
2022-07-21,1346.25585,1357.52325,1343.0782,1345.08597,6769341000
2022-07-24,1345.08597,1348.78174,1327.71491,1328.36115,4709771000
2022-07-25,1328.36115,1336.1122,1314.19882,1332.32101,6399594000
2022-07-26,1332.32101,1352.09398,1333.36196,1333.98041,8380517000
2022-07-27,1333.98041,1337.79287,1319.49418,1319.84173,7784318000
2022-07-28,1319.84173,1321.57195,1304.36464,1308.20034,4417782000
2022-07-31,1308.20034,1342.00949,1315.26658,1339.47712,5679594000
2022-08-01,1339.47712,1351.65329,1340.5859,1347.08407,9217344000
2022-08-02,1347.08407,1365.66737,1346.2651,1362.35567,11832748000
2022-08-03,1362.35567,1380.79875,1365.27144,1370.5108,11954137000
2022-08-04,1370.5108,1376.36541,1366.39831,1375.19123,11902605000
2022-08-07,1375.19123,1380.46568,1368.43394,1376.83531,11173383000
2022-08-08,1376.83531,1380.92363,1366.14201,1368.23881,10834607000
2022-08-10,1368.23881,1370.34184,1351.64674,1354.42041,7994837000
2022-08-11,1354.42041,1353.45345,1344.89442,1345.71698,5837698000
2022-08-14,1345.71698,1353.24488,1345.57287,1350.93402,6444531000
2022-08-16,1350.93402,1363.33624,1351.50039,1361.38303,10346508000
2022-08-17,1361.38303,1372.17132,1362.08675,1366.38327,11596045000
2022-08-21,1366.38327,1374.53681,1365.25685,1372.63106,10577602000
2022-08-22,1372.63106,1381.77689,1373.71527,1380.07037,14775633000
2022-08-23,1380.07037,1397.4008,1380.60841,1387.66702,14874418000
2022-08-24,1387.66702,1391.56443,1378.18173,1379.60616,11337162000
2022-08-25,1379.60616,1391.5654,1381.08883,1390.61128,17774527000
2022-08-28,1390.61128,1402.92834,1388.84296,1390.41109,21051415000
2022-08-29,1390.41109,1400.92439,1390.25383,1393.34987,17448790000
2022-08-30,1393.34987,1402.83908,1394.06858,1396.28419,17693058000
2022-08-31,1396.28419,1407.2427,1396.82154,1398.67137,20056924000
2022-09-01,1398.67137,1412.72822,1399.51453,1409.18948,18895204000
2022-09-04,1409.18948,1428.20312,1407.72448,1410.35446,22963902000
2022-09-05,1410.35446,1417.34987,1401.12328,1404.5774,14006645000
2022-09-06,1404.5774,1420.69179,1407.59316,1418.82138,13150492000
2022-09-07,1418.82138,1448.2727,1434.46298,1442.22002,22013538000
2022-09-08,1442.22002,1456.11028,1437.36624,1441.24883,18777683000
2022-09-11,1441.24883,1447.59542,1429.39686,1432.14221,16915605000
2022-09-12,1432.14221,1437.27841,1426.38669,1429.45866,13607406000
2022-09-13,1429.45866,1439.71363,1425.82834,1426.95095,14800750000
2022-09-14,1426.95095,1434.46985,1415.68583,1417.52726,13077814000
2022-09-15,1417.52726,1431.9546,1417.06288,1429.55535,12427725000
2022-09-18,1429.55535,1444.51083,1433.29047,1435.66953,18139263000
2022-09-19,1435.66953,1453.01252,1438.61141,1451.38638,19898300000
2022-09-20,1451.38638,1467.17361,1444.32008,1448.38064,28323074000
2022-09-21,1448.38064,1453.2006,1433.0559,1436.35222,18081912000
2022-09-22,1436.35222,1444.48489,1430.103,1436.72477,16661360000
2022-09-25,1436.72477,1444.4758,1418.88672,1421.01067,18105246000
2022-09-26,1421.01067,1428.83256,1417.2463,1420.67175,13001760000
2022-09-27,1420.67175,1426.4104,1411.95451,1413.24916,14940692000
2022-09-28,1413.24916,1422.41749,1413.04513,1415.40831,14844530000
2022-09-29,1415.40831,1422.95495,1415.40831,1419.72793,12169539000
2022-10-02,1419.72793,1430.37191,1419.72793,1423.55162,15334081000
2022-10-03,1423.55162,1429.69161,1420.62003,1422.08312,12847372000
2022-10-04,1422.08312,1435.33411,1422.08312,1430.48797,12901950000
2022-10-06,1430.48797,1445.39024,1430.48797,1443.47785,11698377000
2022-10-10,1443.47785,1449.51094,1410.71403,1415.85885,14175267000
2022-10-11,1415.85885,1425.68779,1411.45259,1415.01635,10102624000
2022-10-12,1415.01635,1429.69439,1415.01635,1428.08316,9941162000
2022-10-13,1428.08316,1430.83385,1418.29658,1419.70013,14109152000
2022-10-16,1419.70013,1431.07515,1415.99551,1418.17055,13431204000
2022-10-17,1418.17055,1423.262,1403.7091,1406.77565,12978195000
2022-10-18,1406.77565,1410.98235,1396.8435,1406.83756,10059543000
2022-10-19,1406.83756,1422.65297,1406.54909,1407.55726,11787102000
2022-10-20,1407.55726,1411.48811,1399.96278,1407.02918,9756287000
2022-10-23,1407.02918,1412.28431,1396.74306,1398.82325,7884578000
2022-10-24,1398.82325,1398.82325,1381.67938,1384.54982,3347673000
2022-10-25,1384.54982,1398.95954,1384.54982,1390.39464,6235054000
2022-10-26,1390.39464,1398.61815,1387.82836,1393.04093,7418036000
2022-10-27,1393.04093,1405.60199,1393.04093,1402.49101,10949650000
2022-10-30,1402.49101,1404.0367,1385.35658,1389.78489,8265991000
2022-10-31,1389.78489,1393.41437,1376.40382,1377.43292,7692555000
2022-11-01,1377.43292,1390.93201,1377.43292,1389.70193,9028311000
2022-11-02,1389.70193,1401.44124,1389.70193,1399.18701,14615759000
2022-11-03,1399.18701,1406.59321,1397.56566,1401.10133,15124409000
2022-11-06,1401.10133,1409.93632,1401.10133,1405.52294,12753112000
2022-11-07,1405.52294,1407.90691,1399.17415,1401.16663,12356546000
2022-11-08,1401.16663,1405.53542,1393.35797,1396.40065,14945489000
2022-11-09,1396.40065,1396.98411,1384.8576,1386.17353,10188532000
2022-11-10,1386.17353,1396.55799,1383.73919,1385.02945,7979397000
2022-11-13,1385.02945,1390.92907,1369.33588,1370.39912,7241564000
2022-11-14,1370.39912,1372.26922,1356.82745,1358.78704,7142861000
2022-11-15,1358.78704,1358.78704,1344.1501,1347.48208,5609231000
2022-11-16,1347.48208,1358.09247,1342.79725,1356.84818,4685156000
2022-11-17,1356.84818,1364.7392,1356.84818,1364.18199,5521372000
2022-11-20,1364.18199,1367.40322,1347.93259,1348.86122,4228893000
2022-11-21,1348.86122,1348.86122,1341.10952,1342.99521,3519023000
2022-11-22,1342.99521,1356.39807,1342.99521,1355.503,4286821000
2022-11-23,1355.503,1357.6888,1348.00477,1349.55731,5406819000
2022-11-24,1349.55731,1356.35038,1345.61994,1354.10213,3238028000
2022-11-27,1354.10213,1364.81321,1347.28027,1363.99252,3397370000
2022-11-28,1363.99252,1366.59794,1352.69272,1354.59355,4167525000
2022-11-29,1354.59355,1361.05728,1344.9582,1359.43303,3340374000
2022-11-30,1359.43303,1371.12809,1357.87214,1370.18333,4493670000
2022-12-01,1370.18333,1372.65101,1366.24714,1370.31502,4847512000
2022-12-04,1370.31502,1373.15347,1362.99329,1363.60461,3135602000
2022-12-05,1363.60461,1366.36615,1356.69834,1359.51639,3448627000
2022-12-06,1359.51639,1365.43656,1357.91654,1364.03993,2719644000
2022-12-07,1364.03993,1366.72165,1360.43166,1363.54109,3113270000
2022-12-08,1363.54109,1364.2117,1358.59696,1361.61559,2957441000
2022-12-11,1361.61559,1367.73399,1361.80793,1364.06562,4148452000
2022-12-12,1364.06562,1374.11347,1364.00767,1372.3401,5688994000
2022-12-13,1372.3401,1378.55784,1373.14651,1374.66209,6164181000
2022-12-14,1374.66209,1378.4717,1371.54981,1372.42754,4302097000
2022-12-15,1372.42754,1376.08528,1370.58665,1372.96381,4252714000
2022-12-18,1372.96381,1373.69053,1368.04069,1368.9527,3404836000
2022-12-19,1368.9527,1371.62591,1366.82152,1366.82152,4568177000
2022-12-20,1366.82152,1370.28528,1362.13363,1363.31841,3224117000
2022-12-21,1363.31841,1366.90636,1352.80418,1355.25548,3335898000
2022-12-22,1355.25548,1360.18089,1351.27934,1357.64237,2277478000
2022-12-26,1357.64237,1359.64485,1353.47229,1354.12411,1988073000
2022-12-27,1354.12411,1356.90687,1348.33385,1352.34893,2695868000
2022-12-28,1352.34893,1356.84244,1350.90601,1355.70062,2582279000
2022-12-29,1355.70062,1359.34404,1356.44982,1358.8364,3454217000
2023-01-01,1358.8364,1365.93691,1355.43267,1355.59149,1784259000
2023-01-02,1355.59149,1356.31263,1350.51245,1351.01821,1465109000
2023-01-03,1351.01821,1354.03206,1347.97765,1352.23044,1989032000
2023-01-04,1352.23044,1357.02083,1352.22863,1355.83602,2911130000
2023-01-05,1355.83602,1356.3641,1350.80582,1353.28271,3180154000
2023-01-08,1353.28271,1354.07836,1350.48285,1352.1824,2842003000
2023-01-09,1352.1824,1354.54028,1350.36246,1352.53945,3346960000
2023-01-10,1352.53945,1358.29427,1352.49991,1357.23418,4625213000
2023-01-11,1357.23418,1359.50091,1355.89282,1357.68713,5324162000
2023-01-12,1357.68713,1359.43086,1354.92572,1357.58438,5075720000
2023-01-15,1357.58438,1365.53003,1358.16452,1364.59067,7112977000
2023-01-16,1364.59067,1367.76595,1360.26601,1362.24515,7137692000
2023-01-17,1362.24515,1372.7033,1362.45179,1371.5372,9004821000
2023-01-18,1371.5372,1376.16971,1364.84126,1367.38031,9342925000
2023-01-19,1367.38031,1370.19175,1362.09497,1367.73335,5906796000
2023-01-22,1367.73335,1371.20985,1359.30671,1360.6711,6927557000
2023-01-23,1360.6711,1368.2164,1356.85267,1365.17004,5096282000
2023-01-24,1365.17004,1373.40062,1366.27617,1372.21793,6076752000
2023-01-25,1372.21793,1380.96177,1370.49226,1372.26551,7346009000
2023-01-26,1372.26551,1375.64438,1368.42286,1374.54012,5055348000
2023-01-29,1374.54012,1374.83513,1368.97931,1371.96677,4891737000
2023-01-30,1371.96677,1374.79431,1367.87183,1370.26977,5094825000
2023-01-31,1370.26977,1372.8362,1364.1588,1366.00826,5730952000
2023-02-01,1366.00826,1371.17632,1366.24302,1369.9724,5806775000
2023-02-02,1369.9724,1375.33049,1370.6033,1373.96377,6871222000
2023-02-05,1373.96377,1378.30466,1367.75649,1368.20994,7527476000
2023-02-06,1368.20994,1370.38972,1365.71718,1369.01419,5808191000
2023-02-07,1369.01419,1371.21076,1366.63723,1369.85533,5531995000
2023-02-08,1369.85533,1376.31264,1368.78996,1374.96213,7484544000
2023-02-09,1374.96213,1377.31818,1370.35954,1371.89046,6084473000
2023-02-12,1371.89046,1374.06626,1363.42903,1365.95281,4708480000
2023-02-13,1365.95281,1373.11112,1362.79037,1371.66061,4354190000
2023-02-14,1371.66061,1374.24851,1367.40343,1368.28323,4331039000
2023-02-15,1368.28323,1369.06988,1364.38218,1366.84678,4314958000
2023-02-16,1366.84678,1368.76169,1363.59667,1366.61774,3403301000
2023-02-19,1366.61774,1367.7112,1359.39905,1362.19235,2851576000
2023-02-20,1362.19235,1362.83258,1357.21414,1359.87633,3267262000
2023-02-22,1359.87633,1362.33223,1357.27802,1359.24043,2576340000
2023-02-23,1359.24043,1358.43014,1353.80693,1355.85574,2229942000
2023-02-26,1355.85574,1356.3519,1347.83987,1350.78615,2314172000
2023-02-27,1350.78615,1356.65328,1348.44322,1356.38091,2617313000
2023-02-28,1356.38091,1361.02878,1356.94001,1359.66225,4206637000
2023-03-01,1359.66225,1363.02988,1356.65849,1357.74842,4524020000
2023-03-02,1357.74842,1359.32638,1352.81996,1357.28607,4277200000
2023-03-05,1357.28607,1364.27568,1357.88333,1362.92471,6623651000
2023-03-06,1362.92471,1367.83614,1356.85492,1361.82894,7273892000
2023-03-07,1361.82894,1362.25781,1357.23431,1361.57991,6495425000
2023-03-09,1361.57991,1365.95745,1361.38017,1362.3256,5456823000
2023-03-12,1362.3256,1365.21681,1357.47955,1358.91293,4335839000
2023-03-13,1358.91293,1362.03115,1357.37456,1359.8642,4513244000
2023-03-14,1359.8642,1362.50351,1354.20117,1355.16102,5617104000
2023-03-15,1355.16102,1358.21043,1352.35315,1353.72486,6071645000
2023-03-16,1353.72486,1358.06398,1352.13009,1356.84871,4836281000
2023-03-19,1356.84871,1359.38185,1350.83709,1352.89052,4522910000
2023-03-20,1352.89052,1353.28759,1348.59159,1349.93667,3446642000
2023-03-21,1349.93667,1357.11963,1349.7957,1355.84232,3496162000
2023-03-22,1355.84232,1358.215,1351.4196,1352.49961,3284863000
2023-03-23,1352.49961,1353.75891,1350.86632,1353.25167,2869757000
2023-03-27,1353.25167,1354.69611,1346.58505,1349.68766,3176040000
2023-03-28,1349.68766,1350.83684,1344.53504,1345.62226,2720551000
2023-03-29,1345.62226,1349.46567,1345.75011,1347.68403,3826820000
2023-03-30,1347.68403,1352.76147,1348.47833,1349.32695,6668348000
2023-04-02,1349.32695,1353.91816,1350.59325,1352.89901,5318387000
2023-04-03,1352.89901,1355.03409,1347.97418,1348.77757,5758002000
2023-04-04,1348.77757,1352.04115,1345.44552,1346.00013,6460045000
2023-04-05,1346.00013,1347.51982,1344.30555,1346.29897,5273696000
2023-04-06,1346.29897,1349.18186,1346.53656,1347.89013,6123190000
2023-04-09,1347.89013,1351.13244,1347.62081,1348.07784,4988163000
2023-04-10,1348.07784,1348.61188,1344.31899,1344.5429,4694989000
2023-04-11,1344.5429,1346.52037,1341.45602,1342.54809,4425354000
2023-04-12,1342.54809,1346.45146,1342.04501,1345.5512,4110850000
2023-04-13,1345.5512,1348.81203,1346.50001,1347.51713,4141321000
2023-04-16,1347.51713,1349.54077,1347.2623,1347.69155,4696950000
2023-04-17,1347.69155,1349.42041,1347.17809,1348.58758,4435818000
2023-04-18,1348.58758,1350.12764,1348.0307,1349.40239,5569416000
2023-04-24,1349.40239,1355.40705,1350.04449,1354.99267,5525214000
2023-04-25,1354.99267,1359.91192,1355.21117,1358.52595,7131561000
2023-04-26,1358.52595,1360.66313,1356.18883,1359.79864,7653389000
2023-04-27,1359.79864,1364.66532,1360.69572,1362.90045,9676915000
2023-04-30,1362.90045,1364.98084,1359.08279,1359.83415,6931533000
2023-05-02,1359.83415,1368.34644,1359.96697,1367.76055,8516935000
2023-05-03,1367.76055,1372.95254,1366.77466,1367.36961,8635070000
2023-05-07,1367.36961,1372.67807,1366.44492,1368.1491,8462138000
2023-05-08,1368.1491,1369.93857,1366.42906,1367.53479,7595170000
2023-05-09,1367.53479,1373.49097,1369.06548,1369.87009,8312792000
2023-05-10,1369.87009,1374.19336,1369.57133,1373.57483,7217811000
2023-05-11,1373.57483,1376.82431,1370.87684,1371.9972,7985541000
2023-05-14,1371.9972,1371.7118,1366.76171,1368.93592,6364946000
2023-05-15,1368.93592,1372.25449,1365.52013,1366.17341,6539960000
2023-05-16,1366.17341,1369.05866,1364.65347,1368.5154,7442953000
2023-05-17,1368.5154,1371.65337,1367.47885,1368.01025,7119859000
2023-05-18,1368.01025,1369.40069,1367.00125,1368.24612,9329107000
2023-05-21,1368.24612,1369.73234,1365.64643,1366.23097,8117424000
2023-05-22,1366.23097,1367.67477,1362.54323,1366.48111,7074007000
2023-05-23,1366.48111,1371.58676,1368.26553,1371.16348,9202196000
2023-05-24,1371.16348,1375.43736,1369.27184,1369.83032,11099379000
2023-05-25,1369.83032,1372.5901,1369.7074,1370.77976,10365656000
2023-05-28,1370.77976,1374.59965,1370.24373,1371.06162,11744310000
2023-05-29,1371.06162,1374.01634,1369.70557,1369.71467,11745610000
2023-05-30,1369.71467,1376.80997,1369.83856,1375.64696,9760126000
2023-05-31,1375.64696,1381.58542,1376.40685,1376.99623,11986518000
2023-06-01,1376.99623,1382.02494,1378.3893,1379.56656,9975919000
2023-06-04,1379.56656,1383.31509,1377.9961,1382.99923,12544095000
2023-06-05,1382.99923,1387.247,1381.21657,1382.29383,12566375000
2023-06-06,1382.29383,1383.78757,1370.91189,1372.28877,10868869000
2023-06-07,1372.28877,1377.10851,1372.2783,1375.33366,7826980000
2023-06-08,1375.33366,1378.73178,1374.15197,1378.4282,10637775000
2023-06-11,1378.4282,1382.17623,1376.52332,1377.65642,10305231000
2023-06-12,1377.65642,1379.77344,1371.19474,1372.06863,9809483000
2023-06-13,1372.06863,1375.45066,1368.30951,1369.20064,6691452000
2023-06-14,1369.20064,1373.34542,1363.41226,1364.13936,7233305000
2023-06-15,1364.13936,1367.56221,1362.04368,1365.17403,4650726000
2023-06-18,1365.17403,1366.92448,1363.07584,1363.51885,4182042000
2023-06-19,1363.51885,1370.78709,1364.27949,1369.95741,5321548000
2023-06-20,1369.95741,1372.61882,1367.18612,1367.41419,5875136000
2023-06-21,1367.41419,1371.17564,1367.79055,1370.47303,6300250000
2023-06-22,1370.47303,1374.53837,1370.78889,1372.72659,7845960000
2023-06-25,1372.72659,1375.25443,1371.42677,1374.64786,6391698000
2023-06-26,1374.64786,1377.51603,1375.06389,1377.00012,7675945000
2023-07-02,1377.00012,1377.67764,1374.60849,1376.29106,5157793000
2023-07-03,1376.29106,1377.22979,1373.46667,1373.82707,6797326000
2023-07-04,1373.82707,1375.848,1373.9,1374.47881,6002887000
2023-07-05,1374.47881,1378.11819,1374.4782,1374.56305,8906972000
2023-07-06,1374.56305,1377.08273,1374.60766,1375.25519,8992504000
2023-07-09,1375.25519,1379.76566,1376.04821,1377.87201,9199633000
2023-07-10,1377.87201,1381.09065,1373.70521,1374.25129,10840377000
2023-07-11,1374.25129,1376.33272,1372.94157,1373.39478,6456909000
2023-07-12,1373.39478,1377.60286,1374.50175,1374.73652,8551972000
2023-07-13,1374.73652,1380.3418,1375.5872,1379.41638,7507051000
2023-07-16,1379.41638,1387.99666,1381.78128,1387.30137,9337535000
2023-07-17,1387.30137,1390.42057,1385.19229,1386.76855,9327152000
2023-07-18,1386.76855,1390.75866,1386.31821,1387.93414,10445618000
2023-07-19,1387.93414,1389.82354,1386.01674,1387.51469,8773586000
2023-07-20,1387.51469,1388.52382,1382.70524,1383.18099,9470036000
2023-07-23,1383.18099,1385.56682,1378.67716,1378.9437,7441798000
2023-07-24,1378.9437,1379.99725,1373.0885,1374.48091,6334937000
2023-07-25,1374.48091,1377.37892,1372.33462,1373.12941,6609528000
2023-07-26,1373.12941,1374.32771,1371.32738,1373.20706,5364452000
2023-07-27,1373.20706,1375.98062,1373.41999,1373.96009,6771517000
2023-07-30,1373.96009,1375.66968,1371.08674,1371.96593,6268743000
2023-07-31,1371.96593,1374.01101,1370.33949,1370.92296,6631376000
2023-08-01,1370.92296,1374.50827,1371.29177,1373.8859,5464546000
2023-08-02,1373.8859,1377.07662,1373.98221,1375.8324,6391544000
2023-08-03,1375.8324,1376.83565,1372.60126,1372.9329,4857354000
2023-08-06,1372.9329,1373.38609,1367.99083,1368.23068,4144931000
2023-08-07,1368.23068,1370.34273,1365.35889,1366.27164,4685009000
2023-08-08,1366.27164,1372.19178,1367.17993,1371.09804,3857350000
2023-08-09,1371.09804,1372.85356,1368.57466,1369.03076,4188029000
2023-08-10,1369.03076,1369.39885,1364.92781,1368.05374,3796689000
2023-08-13,1368.05374,1368.68972,1363.29797,1364.09957,4255103000
2023-08-14,1364.09957,1363.55626,1356.68147,1357.95282,4127751000
2023-08-16,1357.95282,1358.15256,1349.01905,1350.62964,3515389000
2023-08-17,1350.62964,1358.99232,1351.80732,1358.10354,2995292000
2023-08-20,1358.10354,1361.19176,1354.39942,1360.34814,3445549000
2023-08-21,1360.34814,1366.92714,1361.29104,1366.65739,4957199000
2023-08-22,1366.65739,1368.41961,1364.48019,1365.1189,5031029000
2023-08-23,1365.1189,1367.28004,1362.53526,1363.29593,4337076000
2023-08-24,1363.29593,1366.43224,1362.31209,1365.73795,4134739000
2023-08-27,1365.73795,1373.37454,1365.55373,1371.01213,4274922000
2023-08-28,1371.01213,1376.36177,1371.58663,1373.17192,5400931000
2023-08-29,1373.17192,1374.42472,1370.633,1371.41336,3915384000
2023-08-30,1371.41336,1373.00979,1370.59631,1371.48555,4134064000
2023-08-31,1371.48555,1373.51021,1370.88646,1372.52378,4561837000
2023-09-03,1372.52378,1376.15617,1373.23617,1373.93302,6106588000
2023-09-04,1373.93302,1375.822,1371.36538,1372.11775,5760559000
2023-09-05,1372.11775,1373.88746,1371.11219,1372.17155,7343062000
2023-09-07,1372.17155,1373.4628,1368.53718,1369.1905,7002844000
2023-09-10,1369.1905,1370.47773,1363.36005,1363.71915,5359810000
2023-09-11,1363.71915,1365.60869,1361.25957,1361.84441,4460211000
2023-09-12,1361.84441,1364.76468,1362.42278,1364.26286,5227687000
2023-09-13,1364.26286,1367.08413,1363.44256,1363.44256,6625454000
2023-09-14,1363.44256,1364.83256,1360.57939,1360.57939,6970876000
2023-09-17,1360.57939,1363.39976,1359.37306,1362.80656,8666879000
2023-09-18,1362.80656,1363.78436,1361.08206,1361.3706,7346171000
2023-09-19,1361.3706,1361.92121,1359.43937,1359.74851,8116689000
2023-09-20,1359.74851,1363.19584,1359.99057,1361.63659,8554764000
2023-09-21,1361.63659,1365.63522,1362.21966,1364.61068,7353570000
2023-09-24,1364.61068,1364.89117,1358.44483,1358.67776,5007407000
2023-09-25,1358.67776,1360.1851,1357.63171,1359.32224,4412750000
2023-09-26,1359.32224,1361.83012,1359.44624,1359.63452,4500153000
2023-09-27,1359.63452,1360.70377,1358.47412,1359.60398,4202967000
2023-10-01,1359.60398,1361.48635,1356.90757,1357.37609,5077860000
2023-10-02,1357.37609,1357.80351,1355.25821,1357.60885,4608279000
2023-10-03,1357.60885,1359.94751,1356.77237,1356.80714,4931521000
2023-10-04,1356.80714,1358.13758,1356.00799,1356.06862,4499799000
2023-10-05,1356.06862,1357.93902,1355.1665,1355.81762,3896796000
2023-10-08,1355.81762,1356.11005,1350.76121,1351.25983,3678400000
2023-10-09,1351.25983,1352.52362,1349.36595,1350.0934,4260009000
2023-10-10,1350.0934,1353.76856,1349.83149,1353.25335,3724034000
2023-10-11,1353.25335,1357.63353,1353.20363,1357.11777,4303042000
2023-10-12,1357.11777,1359.29333,1357.88667,1358.28719,4182972000
2023-10-15,1358.28719,1359.2432,1356.324,1356.98117,3873747000
2023-10-16,1356.98117,1360.2353,1357.05474,1358.74725,4760565000
2023-10-17,1358.74725,1362.91817,1359.07789,1362.32045,5722151000
2023-10-18,1362.32045,1364.42383,1362.25927,1362.40626,5122061000
2023-10-19,1362.40626,1364.87672,1361.70646,1363.56701,5549157000
2023-10-22,1363.56701,1364.11914,1359.34089,1359.92882,5376104000
2023-10-23,1359.92882,1362.4183,1358.86671,1361.47818,4387001000
2023-10-25,1361.47818,1364.67242,1361.9399,1363.06184,4788302000
2023-10-26,1363.06184,1364.15999,1360.89236,1362.50899,3779130000
2023-10-29,1362.50899,1362.91221,1360.39284,1361.90408,4131076000
2023-10-30,1361.90408,1364.25144,1362.25146,1363.28017,4434182000
2023-10-31,1363.28017,1364.88906,1362.25037,1362.73363,5227887000
2023-11-01,1362.73363,1363.35251,1360.32686,1360.42214,3722541000
2023-11-02,1360.42214,1360.32906,1357.54422,1359.18299,4430632000
2023-11-05,1359.18299,1360.55034,1357.18106,1359.95759,4705960000
2023-11-06,1359.95759,1362.34655,1358.60898,1362.20698,5942187000
2023-11-07,1362.20698,1364.76396,1361.67491,1361.90307,5457556000
2023-11-08,1361.90307,1363.3676,1361.06966,1362.00165,5160296000
2023-11-09,1362.00165,1363.88723,1361.67919,1362.49758,4694187000
2023-11-12,1362.49758,1364.51965,1359.41874,1359.91651,4190338000
2023-11-13,1359.91651,1360.84415,1355.44844,1356.17478,4090462000
2023-11-14,1356.17478,1358.13926,1356.11818,1357.00949,3404896000
2023-11-15,1357.00949,1360.60524,1356.80978,1360.14472,6449702000
2023-11-16,1360.14472,1360.77362,1359.07302,1359.2801,3607506000
2023-11-19,1359.2801,1357.6093,1353.26343,1353.7594,4338569000
2023-11-20,1353.7594,1354.98614,1350.33528,1351.04656,4428562000
2023-11-21,1351.04656,1352.45497,1349.46651,1350.01786,3434659000
2023-11-22,1350.01786,1352.23592,1350.20911,1350.59633,4095755000
2023-11-23,1350.59633,1353.10146,1350.64,1352.53885,3703799000
2023-11-26,1352.53885,1355.27656,1351.0747,1351.39073,5491066000
2023-11-27,1351.39073,1353.07018,1347.00656,1347.33381,3693805000
2023-11-28,1347.33381,1349.50069,1345.82104,1346.60958,2971152000
2023-11-29,1346.60958,1351.68796,1347.78338,1351.29117,3023594000
2023-11-30,1351.29117,1353.82997,1351.03127,1353.20733,3844599000
2023-12-03,1353.20733,1355.67183,1353.29496,1355.32971,3490133000
2023-12-04,1355.32971,1357.8862,1355.27851,1357.25748,4917864000
2023-12-05,1357.25748,1360.06057,1356.50676,1359.04857,4600021000
2023-12-06,1359.04857,1361.38721,1359.25368,1359.63672,5289570000
2023-12-07,1359.63672,1361.11376,1358.91709,1360.72661,4502017000
2023-12-10,1360.72661,1361.74098,1359.78943,1360.44405,5377832000
2023-12-11,1360.44405,1364.83048,1361.26204,1364.36245,5917187000
2023-12-12,1364.36245,1365.77719,1363.78779,1364.72013,6012664000
2023-12-13,1364.72013,1368.08065,1362.70117,1363.01971,7690744000
2023-12-14,1363.01971,1365.06542,1361.51457,1364.66006,4810223000
2023-12-17,1364.66006,1367.22498,1362.63575,1362.84888,6244781000
2023-12-18,1362.84888,1365.36,1362.7997,1362.7997,4648304000
2023-12-19,1362.7997,1367.38674,1363.11457,1366.70889,5218378000
2023-12-20,1366.70889,1370.02907,1366.94142,1367.44377,6889041000
2023-12-21,1367.44377,1369.72936,1364.70875,1365.44287,6267707000
2023-12-24,1365.44287,1366.29398,1363.18307,1363.7388,4113209000
2023-12-26,1363.7388,1367.38059,1364.93672,1365.72757,4594925000
2023-12-27,1365.72757,1369.3242,1364.25828,1365.88834,4830134000
2023-12-28,1365.88834,1367.16344,1363.18716,1364.13494,6606164000
2024-01-01,1364.13494,1365.23751,1360.38719,1361.23657,4437876000
2024-01-02,1361.23657,1363.95686,1359.68455,1360.15858,5168791000
2024-01-03,1360.15858,1361.94363,1359.0519,1361.01262,2918030000
2024-01-04,1361.01262,1363.60789,1360.46132,1362.80573,3444586000
2024-01-08,1362.80573,1367.93741,1362.88016,1367.01157,4411389000
2024-01-09,1367.01157,1369.96566,1365.95205,1367.37493,4953959000
2024-01-10,1367.37493,1372.74518,1366.46258,1371.59545,5083190000
2024-01-11,1371.59545,1377.23803,1372.66563,1375.91689,7526385000
2024-01-14,1375.91689,1377.79543,1373.06689,1373.59243,7647513000
2024-01-15,1373.59243,1377.50466,1373.15451,1376.88104,6742730000
2024-01-16,1376.88104,1383.23486,1377.69542,1382.54019,8008279000
2024-01-17,1382.54019,1393.24515,1383.47908,1390.40156,7598137000
2024-01-18,1390.40156,1399.56338,1386.44534,1388.29139,6370240000
2024-01-21,1388.29139,1377.45788,1347.41177,1374.16806,5880321000
2024-01-22,1374.16806,1385.3185,1365.94503,1380.75632,10421433000
2024-01-23,1380.75632,1387.62321,1376.43265,1384.16357,11769493000
2024-01-24,1384.16357,1388.66609,1370.44634,1372.90542,11717016000
2024-01-25,1372.90542,1379.4059,1350.12855,1352.28578,8704065000
2024-01-28,1352.28578,1361.90716,1336.77963,1337.14103,8803203000
2024-01-29,1337.14103,1344.88711,1333.71752,1341.75793,6624579000
2024-01-30,1341.75793,1360.6093,1343.98855,1354.39476,9398697000
2024-01-31,1354.39476,1356.97112,1349.13311,1351.95543,9782648000
2024-02-01,1351.95543,1364.54669,1355.38762,1362.92893,11208567000
2024-02-04,1362.92893,1374.83023,1368.49506,1371.06487,15802789000
2024-02-05,1371.06487,1380.22056,1369.26058,1376.64468,16544862000
2024-02-06,1376.64468,1392.75195,1378.7078,1385.24424,16494507000
2024-02-07,1385.24424,1390.05369,1380.26604,1387.50776,17303390000
2024-02-08,1387.50776,1390.70663,1383.8523,1387.32162,18577540000
2024-02-11,1387.32162,1399.66731,1387.72946,1398.06322,18525115000
2024-02-12,1398.06322,1402.78099,1391.54843,1393.94025,16931450000
2024-02-13,1393.94025,1404.65961,1390.10288,1391.23526,16426517000
2024-02-14,1391.23526,1400.93371,1390.16469,1391.03966,11723514000
2024-02-15,1391.03966,1400.72641,1381.49544,1382.21519,10736251000
2024-02-18,1382.21519,1390.43787,1367.10336,1368.82949,9247342000
2024-02-19,1368.82949,1377.83201,1359.4474,1361.3212,8181031000
2024-02-20,1361.3212,1369.52583,1358.39545,1359.77256,7646492000
