Date,Open,High,Low,Close,Volume
2012-10-01,74.7,75.4,72.5,73.9,1027000
2012-10-02,75.9,77.9,74.5,75.0,621500
2012-10-03,75.5,76.0,74.2,74.8,722000
2012-10-04,75.0,75.8,72.2,72.4,412500
2012-10-07,72.1,74.2,68.6,68.9,397000
2012-10-08,70.5,72.9,68.1,69.0,272500
2012-10-09,70.0,72.5,69.7,70.0,259000
2012-10-10,72.4,72.4,69.8,70.7,295000
2012-10-11,70.1,72.8,70.0,71.8,244000
2012-10-14,72.0,77.5,72.0,76.6,875500
2012-10-15,77.5,77.8,74.5,75.2,360500
2012-10-16,75.9,76.2,73.9,74.3,297500
2012-10-17,74.4,76.8,74.4,75.1,448000
2012-10-18,76.1,76.5,73.9,74.2,206000
2012-10-21,74.0,74.1,71.4,72.0,173000
2012-10-22,71.8,73.0,71.5,72.1,194500
2012-10-23,72.2,73.6,72.2,72.8,159000
2012-10-30,73.0,73.4,72.6,72.9,129500
2012-10-31,75.0,75.6,73.6,74.0,262000
2012-11-01,74.9,75.6,74.4,74.5,184000
2012-11-04,74.3,74.8,72.5,73.5,185000
2012-11-05,73.1,74.0,71.7,72.9,114500
2012-11-06,73.8,73.9,71.3,71.8,193500
2012-11-07,73.1,73.1,70.8,71.1,132000
2012-11-08,69.7,71.0,67.7,68.4,232000
2012-11-11,69.6,69.7,66.1,66.9,128500
2012-11-12,68.0,68.8,65.9,67.8,109000
2012-11-13,69.8,70.0,67.2,69.5,111500
2012-11-14,70.0,70.1,68.7,69.7,113500
2012-11-15,70.7,73.3,70.6,71.8,296000
2012-11-18,72.5,72.5,70.5,71.3,185000
2012-11-19,71.0,71.0,67.6,68.0,166000
2012-11-20,68.7,69.6,66.4,66.6,112500
2012-11-21,67.2,68.9,66.8,67.1,128500
2012-11-22,68.3,69.3,68.0,68.7,109500
2012-11-26,68.0,68.0,66.8,67.0,56500
2012-11-27,67.0,67.9,65.0,65.4,131000
2012-11-28,68.0,68.0,65.1,65.9,113000
2012-11-29,67.0,69.0,67.0,68.5,166000
2012-12-02,69.0,69.3,66.9,68.1,166000
2012-12-03,66.4,67.1,65.5,66.1,73500
2012-12-04,65.0,67.0,65.0,66.5,77000
2012-12-05,67.0,67.5,65.5,67.1,123000
2012-12-06,67.0,67.3,66.1,67.1,189500
2012-12-09,67.2,67.4,66.4,66.9,138000
2012-12-10,66.3,67.2,65.2,66.1,171000
2012-12-11,66.5,66.8,65.7,66.2,42500
2012-12-12,67.4,67.4,66.0,66.0,63500
2012-12-13,67.4,67.4,66.1,66.3,54000
2012-12-17,68.6,69.0,67.0,67.5,186500
2012-12-18,68.3,68.3,66.3,66.6,80000
2012-12-19,66.3,69.0,66.3,67.8,155000
2012-12-20,68.1,68.4,67.0,67.4,306500
2012-12-23,67.5,67.5,65.3,67.0,459500
2012-12-24,67.1,68.4,66.5,68.1,103000
2012-12-26,68.5,70.8,67.6,70.2,165500
2012-12-27,70.1,72.1,70.1,71.8,294500
2012-12-30,73.1,73.1,71.5,72.7,295000
2013-01-01,72.7,72.7,69.2,69.8,56000
2013-01-02,69.3,69.7,68.5,69.3,51500
2013-01-03,69.0,69.9,68.0,68.9,64500
2013-01-06,69.8,69.8,68.5,68.9,35500
2013-01-07,68.3,69.6,68.2,68.9,29000
2013-01-08,68.5,69.8,68.5,69.2,88500
2013-01-09,69.1,69.1,68.3,68.5,32000
2013-01-10,68.5,69.0,68.3,68.4,41000
2013-01-13,68.2,68.6,67.6,67.8,55500
2013-01-14,67.5,67.9,67.1,67.3,44500
2013-01-15,67.1,67.5,67.0,67.2,80500
2013-01-16,67.7,68.5,67.7,68.3,97000
2013-01-17,69.2,71.2,68.9,70.6,220000
2013-01-20,71.3,72.9,70.3,70.6,100000
2013-01-21,70.0,70.4,69.5,69.7,46500
2013-01-22,70.8,72.7,70.7,72.2,325500
2013-01-23,73.0,73.1,72.0,72.5,161000
2013-01-24,73.0,73.8,72.7,73.3,251000
2013-01-27,73.6,75.0,73.3,74.0,372500
2013-01-28,74.1,76.5,73.6,75.9,457500
2013-01-29,76.5,77.0,75.7,76.6,588000
2013-01-30,76.5,77.0,75.3,75.6,285000
2013-01-31,75.5,76.5,74.1,75.1,315500
2013-02-03,76.8,76.9,75.6,75.8,177500
2013-02-04,76.0,76.3,74.6,74.8,187500
2013-02-05,74.1,76.4,74.1,74.8,165000
2013-02-06,75.0,76.0,74.1,74.6,139500
2013-02-07,74.5,75.3,74.0,74.3,168500
2013-02-10,75.0,75.9,74.5,75.5,292000
2013-02-11,75.8,76.2,74.7,75.5,309000
2013-02-12,75.9,77.0,75.1,75.3,390500
2013-02-13,76.4,76.5,74.6,75.2,370000
2013-02-14,76.0,76.4,75.5,75.7,314000
2013-02-17,76.9,78.5,75.7,78.1,915000
2013-02-18,78.9,79.5,77.5,77.6,787500
2013-02-19,78.1,81.1,78.0,80.0,1105500
2013-02-20,81.1,81.8,79.1,79.7,1177500
2013-02-24,79.7,80.5,77.8,78.0,666500
2013-02-25,78.9,79.1,76.0,76.9,618500
2013-02-26,78.5,79.0,76.5,78.9,516500
2013-02-27,79.1,81.5,78.4,78.8,872000
2013-02-28,79.5,80.0,77.7,78.7,443000
2013-03-03,77.4,77.4,74.2,74.6,340500
2013-03-04,76.5,77.4,75.8,76.9,191500
2013-03-05,77.5,79.0,76.3,76.5,270000
2013-03-06,78.0,78.3,76.1,76.4,377000
2013-03-07,77.5,77.5,74.4,74.7,351000
2013-03-10,75.7,76.9,71.4,72.7,461000
2013-03-11,71.3,73.7,68.8,72.0,278500
2013-03-12,73.1,73.7,71.0,71.6,257500
2013-03-13,72.0,74.0,72.0,73.1,200500
2013-03-14,73.8,73.8,72.3,73.0,138000
2013-03-18,73.1,73.8,72.7,73.2,145000
2013-03-19,74.0,75.0,73.2,74.6,202500
2013-03-20,74.8,75.0,73.1,73.3,136500
2013-03-24,71.0,73.0,70.3,70.7,161500
2013-03-25,71.1,71.1,69.1,69.4,119500
2013-03-28,54.0,55.8,53.1,54.0,85000
2013-03-31,54.0,56.4,53.6,54.0,103500
2013-04-01,52.7,54.0,51.3,53.0,133500
2013-04-02,53.2,53.5,52.5,53.1,71500
2013-04-03,53.7,54.3,53.1,53.2,104000
2013-04-04,52.2,53.9,52.2,53.4,263000
2013-04-07,53.0,54.0,53.0,53.4,42000
2013-04-08,52.5,54.5,52.5,53.6,80000
2013-04-09,54.6,55.5,53.5,55.0,62500
2013-04-10,56.5,57.1,55.4,56.4,238500
2013-04-11,54.9,56.0,54.7,55.3,72500
2013-04-15,56.5,57.4,56.0,56.4,116500
2013-04-16,57.0,57.4,55.0,55.3,78500
2013-04-17,55.3,55.7,54.1,54.3,96500
2013-04-18,55.3,55.3,53.7,53.8,89000
2013-04-21,55.0,55.5,52.9,53.3,96500
2013-04-22,53.5,53.7,53.3,53.4,44000
2013-04-23,53.1,54.3,53.1,53.7,62500
2013-04-24,53.0,54.2,53.0,53.4,63000
2013-04-25,53.1,53.9,53.1,53.5,41000
2013-04-28,52.8,53.7,51.5,53.4,147000
2013-04-29,53.4,53.5,51.5,52.5,119000
2013-04-30,52.7,52.9,52.2,52.6,29000
2013-05-02,52.2,52.9,51.9,52.1,279000
2013-05-05,52.6,53.0,50.6,51.0,149500
2013-05-06,51.8,51.9,50.5,51.2,41000
2013-05-07,51.3,53.4,51.3,53.0,78000
2013-05-08,53.1,54.3,53.0,53.1,131000
2013-05-09,52.5,53.5,52.0,53.2,173000
2013-05-12,57.0,58.5,57.0,58.5,225000
2013-05-13,61.0,64.2,60.5,63.0,1227000
2013-05-14,62.1,64.8,61.7,63.8,882000
2013-05-15,64.0,64.0,62.1,62.3,430000
2013-05-16,62.9,64.9,62.0,64.5,755500
2013-05-19,63.7,66.4,63.7,64.9,861000
2013-05-20,64.9,65.3,62.1,62.6,677000
2013-05-21,62.4,63.5,61.8,61.9,346000
2013-05-22,61.9,62.5,60.5,61.0,284500
2013-05-26,61.0,61.2,60.0,60.1,180000
2013-05-27,61.0,62.0,61.0,61.3,250000
2013-05-28,62.6,63.0,61.5,61.8,210500
2013-05-29,62.0,64.2,62.0,63.6,484000
2013-05-30,64.8,64.8,62.3,62.7,540500
2013-06-02,64.5,64.5,63.0,63.2,560000
2013-06-03,63.5,65.5,63.3,65.1,1400500
2013-06-04,65.8,68.5,65.2,66.0,3118500
2013-06-05,67.3,68.3,66.0,67.6,1692000
2013-06-06,68.2,68.3,64.8,65.6,1497000
2013-06-09,65.6,66.2,64.3,64.5,597000
2013-06-10,64.0,67.7,64.0,66.8,1197500
2013-06-11,67.9,70.9,67.7,70.7,3053500
2013-06-12,71.9,74.2,71.9,73.3,2083000
2013-06-13,73.5,75.2,72.5,73.2,1275500
2013-06-16,73.9,77.0,73.2,76.4,1762000
2013-06-17,77.8,77.8,73.6,73.9,1540500
2013-06-18,73.2,76.4,72.3,75.3,1234000
2013-06-19,77.0,77.7,74.6,75.5,1888000
2013-06-20,74.3,75.5,73.6,73.9,836500
2013-06-23,74.6,75.1,71.4,72.1,1111000
2013-06-24,73.9,74.1,71.1,72.3,697500
2013-06-26,72.3,75.0,72.1,74.1,991500
2013-06-27,74.8,75.5,73.4,73.6,838500
2013-06-30,73.0,74.4,72.1,72.7,758500
2013-07-02,73.9,78.8,73.8,78.2,2150000
2013-07-03,78.3,82.5,78.3,82.1,2486000
2013-07-04,82.0,84.3,82.0,83.6,1545000
2013-07-07,83.0,84.9,76.0,83.3,1121500
2013-07-08,84.0,88.9,82.6,86.1,1890000
2013-07-09,90.0,92.4,87.8,90.9,2301000
2013-07-10,91.9,92.8,87.9,88.6,1946000
2013-07-11,89.0,90.0,85.0,86.2,1086500
2013-07-14,86.7,89.8,84.5,85.6,923000
2013-07-15,85.2,88.5,85.2,86.9,1367500
2013-07-16,90.0,95.0,89.0,91.8,2358500
2013-07-17,93.2,95.0,92.2,93.6,1734500
2013-07-18,94.0,97.8,93.3,96.2,2518000
2013-07-21,99.0,101.0,91.0,92.7,2211500
2013-07-22,95.0,96.0,92.1,93.1,1457500
2013-07-23,95.9,96.0,84.5,86.5,1347000
2013-07-24,88.0,94.6,84.2,92.8,1675500
2013-07-25,98.0,98.0,86.5,86.9,1886000
2013-07-28,84.8,85.5,80.0,83.1,822000
2013-07-29,84.0,88.8,84.0,87.4,1021000
2013-07-30,89.0,90.3,86.5,87.1,590500
2013-07-31,86.0,88.0,84.1,84.8,592500
2013-08-01,84.5,84.8,83.0,83.5,347000
2013-08-04,82.5,82.5,81.3,81.9,557000
2013-08-05,82.0,83.3,81.2,82.9,279500
2013-08-12,82.5,84.3,81.9,84.0,268000
2013-08-13,84.5,87.0,84.5,86.7,487000
2013-08-14,86.6,86.6,85.0,85.7,526000
2013-08-18,87.8,88.3,85.8,87.9,604500
2013-08-19,87.6,92.0,87.6,91.6,1821500
2013-08-20,92.0,94.9,92.0,92.4,1645500
2013-08-21,93.5,96.1,93.4,95.1,1628000
2013-08-22,96.4,98.0,94.9,96.3,2061000
2013-08-25,96.6,97.9,94.6,95.2,1736500
2013-08-26,96.1,96.1,92.7,94.3,1013000
2013-08-27,95.0,95.0,91.1,91.7,821500
2013-08-29,92.2,94.9,91.9,93.1,967000
2013-09-01,94.5,96.9,93.6,95.5,1743500
2013-09-02,96.0,99.2,96.0,98.3,1899500
2013-09-03,99.8,103.6,98.5,102.1,2814500
2013-09-04,102.5,104.4,99.2,100.0,1832500
2013-09-05,100.0,100.0,96.4,96.5,1753500
2013-09-08,97.5,98.4,94.7,95.3,847500
2013-09-09,96.6,97.0,92.8,94.4,998000
2013-09-10,94.3,96.6,94.0,94.9,875000
2013-09-11,95.0,95.7,92.8,93.3,1272000
2013-09-12,94.0,97.0,93.5,96.2,1076500
2013-09-15,97.0,101.8,97.0,100.1,2107500
2013-09-16,101.0,102.0,96.3,96.5,1036000
2013-09-17,96.5,97.6,95.2,95.6,917500
2013-09-18,97.2,97.2,94.2,94.4,772500
2013-09-19,95.0,95.4,94.0,94.8,476500
2013-09-22,97.0,97.0,93.1,93.5,584000
2013-09-23,93.5,93.8,92.8,93.1,703500
2013-09-24,93.7,97.5,93.2,95.8,1396000
2013-09-25,96.8,96.9,93.5,94.5,369500
2013-09-26,93.5,94.8,93.5,94.0,299500
2013-09-29,94.5,94.5,92.7,93.0,301500
2013-09-30,93.2,93.3,91.8,92.1,314500
2013-10-01,92.8,93.5,90.5,90.8,252500
2013-10-02,90.5,93.4,90.5,92.0,262000
2013-10-03,93.5,93.5,90.1,91.8,565000
2013-10-06,90.8,91.4,89.2,89.8,393000
2013-10-07,90.9,91.0,88.9,90.4,278000
2013-10-08,90.3,92.0,88.6,89.2,629000
2013-10-09,91.0,92.7,89.3,92.1,492000
2013-10-10,91.1,92.3,91.1,91.9,457500
2013-10-20,90.3,90.3,88.0,88.1,198500
2013-10-21,87.0,90.3,86.5,89.5,263000
2013-10-22,90.9,91.0,89.8,90.1,201500
2013-10-23,91.5,93.7,90.9,92.1,525500
2013-10-24,90.2,91.2,89.5,90.6,139000
2013-10-27,90.5,93.6,90.5,93.3,571500
2013-10-28,94.0,94.7,91.4,91.7,844000
2013-10-29,92.8,93.0,92.1,92.3,943000
2013-10-30,93.0,93.5,92.0,93.0,845000
2013-10-31,95.0,95.0,92.6,93.4,656000
2013-11-03,93.6,93.6,91.6,92.4,688000
2013-11-04,92.6,93.5,92.2,92.4,717000
2013-11-05,93.4,93.4,91.1,91.9,419000
2013-11-06,93.4,93.4,86.9,87.8,872000
2013-11-07,87.8,88.0,81.4,82.3,889500
2013-11-10,81.5,87.9,79.3,83.1,681000
2013-11-11,83.0,83.2,81.0,81.2,617500
2013-11-12,81.2,82.2,80.0,81.6,357500
2013-11-13,81.6,82.8,80.5,81.0,369500
2013-11-14,81.0,81.8,79.0,79.9,617000
2013-11-17,79.9,83.5,79.9,82.6,588000
2013-11-19,85.0,90.8,85.0,90.8,1676000
2013-11-20,94.8,94.8,87.0,88.4,1076000
2013-11-21,89.0,90.5,87.1,88.5,573000
2013-11-24,88.9,89.2,86.5,86.7,480000
2013-11-25,86.5,89.2,86.5,87.2,425000
2013-11-26,87.4,88.3,85.0,85.6,536000
2013-11-27,86.5,87.0,84.3,84.5,481000
2013-11-28,85.9,87.0,83.0,83.9,199500
2013-12-01,83.6,83.6,82.4,83.0,242000
2013-12-02,83.0,84.5,83.0,83.9,191000
2013-12-03,84.9,86.4,84.4,85.7,457500
2013-12-04,87.0,88.4,86.3,87.8,396000
2013-12-05,86.3,88.2,85.6,86.9,253000
2013-12-08,87.9,89.4,87.8,88.5,785000
2013-12-09,90.0,91.3,87.9,88.9,1172000
2013-12-10,89.9,90.3,88.0,88.7,694500
2013-12-11,90.0,90.0,86.7,87.4,607500
2013-12-12,87.6,87.9,85.9,86.6,272000
2013-12-15,86.3,86.9,85.8,85.9,277500
2013-12-17,86.1,86.2,84.7,84.9,342000
2013-12-18,86.0,86.0,83.5,83.8,374000
2013-12-19,83.6,85.2,83.3,84.6,335500
2013-12-22,85.0,87.2,84.6,85.3,352000
2013-12-23,85.5,85.5,84.2,84.7,220000
2013-12-24,84.2,84.7,83.5,83.7,146500
2013-12-26,85.0,85.0,83.0,83.4,265000
2013-12-29,83.0,83.0,80.7,81.2,357500
2013-12-30,82.1,82.9,81.9,82.3,398000
2014-01-01,82.2,86.6,82.2,86.4,322500
2014-01-02,86.0,90.2,86.0,89.7,946500
2014-01-06,90.0,92.2,89.1,91.5,1174000
2014-01-07,91.6,93.6,91.5,91.8,711500
2014-01-08,92.0,93.2,91.7,92.1,596000
2014-01-09,92.9,93.0,91.6,91.9,766000
2014-01-12,92.9,95.7,92.0,94.9,1294000
2014-01-13,95.0,95.0,93.4,94.4,564500
2014-01-15,94.5,98.0,93.8,95.9,1273500
2014-01-16,96.8,97.5,94.2,96.7,2471000
2014-01-19,98.0,99.7,95.6,96.4,1211500
2014-01-20,97.0,97.0,95.2,95.6,824500
2014-01-21,96.0,98.0,95.0,97.3,1001000
2014-01-22,98.7,103.0,98.3,102.5,2471000
2014-01-23,102.3,105.5,100.0,103.0,1407500
2014-01-26,102.1,103.9,100.7,102.0,993500
2014-01-27,102.0,103.0,99.1,100.0,662500
2014-01-28,100.1,101.9,96.9,98.4,849000
2014-01-29,96.5,101.9,96.5,100.6,557000
2014-01-30,101.8,102.0,100.4,100.8,953000
2014-02-02,100.5,101.0,98.4,98.6,916500
2014-02-03,99.9,99.9,96.1,96.6,1125000
2014-02-04,97.4,98.0,96.4,96.7,969000
2014-02-05,97.8,97.8,96.0,96.7,625500
2014-02-06,97.4,98.0,95.1,95.7,793500
2014-02-09,96.0,96.2,93.5,93.8,919000
2014-02-10,95.0,95.4,93.4,93.7,780000
2014-02-11,94.0,94.6,91.8,93.1,1422500
2014-02-12,94.9,97.0,94.0,95.2,773500
2014-02-13,96.7,96.7,94.9,95.4,743000
2014-02-16,95.4,95.6,93.7,93.8,380000
2014-02-17,94.2,95.0,92.5,92.9,265000
2014-02-18,93.9,93.9,92.0,92.2,316000
2014-02-19,92.0,93.8,92.0,93.3,354500
2014-02-20,96.0,96.0,93.6,93.9,453500
2014-02-23,93.9,95.6,93.2,93.4,447000
2014-02-24,93.5,94.0,91.9,93.0,567500
2014-02-25,94.4,94.5,92.9,93.1,558000
2014-02-26,92.3,93.9,92.2,92.3,298500
2014-02-27,92.9,93.2,91.5,91.8,474000
2014-03-02,92.0,93.1,90.4,90.6,859000
2014-03-03,90.8,91.4,87.6,88.3,946500
2014-03-04,89.0,91.9,88.6,91.7,885500
2014-03-05,92.8,92.9,89.9,90.1,532000
2014-03-06,91.0,91.4,89.3,90.1,219000
2014-03-09,89.8,90.2,88.0,88.1,429500
2014-03-10,89.8,89.9,88.2,88.5,214500
2014-03-11,88.6,89.0,88.0,88.7,303000
2014-03-12,90.4,90.4,87.9,88.1,396000
2014-03-13,89.0,89.0,87.9,88.2,282000
2014-03-16,88.3,90.0,87.2,87.4,211500
2014-03-18,88.3,88.3,85.5,85.6,174500
2014-03-19,85.4,86.0,84.3,85.2,339500
2014-03-20,85.6,87.9,85.0,87.3,221500
2014-03-23,87.0,88.9,85.5,85.7,192500
2014-03-24,85.2,85.9,84.3,84.6,149000
2014-03-25,85.0,86.1,84.2,84.7,189500
2014-03-27,86.6,86.6,84.5,84.8,93500
2014-03-30,86.0,86.0,82.0,82.3,224500
2014-03-31,82.3,83.6,81.9,82.7,177000
2014-04-01,82.6,83.3,81.3,81.7,249500
2014-04-02,82.2,85.0,82.2,83.5,332000
2014-04-03,84.8,85.4,83.7,84.3,268000
2014-04-06,85.4,85.4,82.8,83.2,356500
2014-04-07,83.2,84.5,83.0,83.9,373500
2014-04-08,84.0,84.0,81.9,82.0,368500
2014-04-09,82.7,83.6,81.5,81.8,233500
2014-04-10,81.7,82.5,80.8,81.0,164500
2014-04-13,81.6,81.8,80.1,80.3,145000
2014-04-15,81.8,81.8,77.3,78.6,388500
2014-04-16,78.6,79.8,78.0,78.6,472500
2014-04-17,80.0,84.9,78.0,83.9,642000
2014-04-20,85.0,85.9,79.8,80.4,644000
2014-04-21,80.4,80.9,78.1,79.3,542000
2014-04-22,80.0,81.4,78.5,80.3,604500
2014-04-23,81.8,82.0,79.6,80.0,405500
2014-04-24,81.2,81.9,79.9,81.4,645500
2014-04-27,82.3,82.4,78.5,79.0,382500
2014-04-28,78.2,79.7,77.5,79.1,535000
2014-04-30,64.9,68.8,64.8,68.4,618000
2014-05-04,69.0,70.0,65.4,66.0,485000
2014-05-05,67.0,67.0,64.5,66.1,433500
2014-05-06,64.9,69.9,64.8,69.1,1121000
2014-05-07,69.3,72.5,69.1,70.4,1779000
2014-05-08,70.1,70.5,68.1,68.3,759000
2014-05-11,69.8,69.8,67.1,68.0,565500
2014-05-12,68.0,69.5,67.2,67.5,552500
2014-05-14,65.6,66.9,65.0,65.2,1021000
2014-05-15,65.0,65.9,63.8,65.3,462000
2014-05-18,66.4,66.5,65.3,65.5,261500
2014-05-19,66.0,67.2,65.2,66.9,499500
2014-05-20,67.0,68.8,67.0,68.5,725500
2014-05-21,69.0,71.5,68.5,70.3,994500
2014-05-22,71.7,71.7,68.5,68.8,673500
2014-05-25,69.9,70.3,68.5,69.8,233000
2014-05-26,69.9,70.8,68.5,68.7,300000
2014-05-27,68.6,68.9,67.1,67.9,416500
2014-05-28,68.3,68.4,67.5,67.7,340500
2014-05-29,68.0,68.0,66.8,66.9,404500
2014-06-01,66.9,68.4,66.9,67.4,438000
2014-06-02,67.6,70.5,67.6,68.9,895500
2014-06-03,69.6,69.6,67.1,67.3,401500
2014-06-04,67.3,67.6,65.6,65.9,479500
2014-06-05,66.8,67.1,65.2,65.4,291000
2014-06-08,65.0,66.0,63.8,65.5,396500
2014-06-09,66.5,68.0,66.1,67.4,412500
2014-06-10,68.0,68.5,67.1,67.5,475000
2014-06-11,67.8,68.3,65.7,66.1,405000
2014-06-12,66.6,66.6,64.9,65.1,590500
2014-06-15,65.4,65.4,64.0,64.2,270000
2014-06-16,64.7,64.7,62.0,63.0,306500
2014-06-17,63.5,64.0,62.5,63.2,216500
2014-06-18,63.0,63.3,61.9,62.3,184500
2014-06-19,62.3,62.8,61.9,62.0,136500
2014-06-22,61.6,62.0,60.9,61.0,102500
2014-06-23,61.3,61.7,61.0,61.1,260500
2014-06-24,61.2,63.2,61.1,62.7,153500
2014-06-25,62.8,65.5,62.6,64.7,595000
2014-06-26,64.3,66.3,64.1,65.9,770000
2014-06-29,66.5,66.5,62.9,63.2,906000
2014-06-30,63.2,64.1,63.1,63.6,181000
2014-07-02,63.2,63.9,62.7,62.9,305500
2014-07-03,62.7,63.2,61.2,61.7,492500
2014-07-06,62.5,62.5,61.0,61.2,316500
2014-07-07,62.0,62.3,61.3,61.5,198500
2014-07-08,61.6,61.9,60.8,60.9,292000
2014-07-09,61.2,61.5,60.0,60.2,214000
2014-07-10,60.3,61.1,60.2,60.4,335000
2014-07-13,60.5,61.1,59.9,60.0,328000
2014-07-14,60.6,60.6,59.9,60.1,183500
2014-07-15,60.2,60.9,59.5,59.9,210500
2014-07-16,60.8,61.4,60.2,60.8,419000
2014-07-17,61.1,61.5,60.9,61.1,195000
2014-07-20,61.3,61.4,59.9,60.0,291000
2014-07-21,60.3,60.6,60.0,60.3,191000
2014-07-22,60.9,64.5,60.9,63.9,1177000
2014-07-23,65.0,66.4,64.3,64.6,953500
2014-07-24,64.6,64.6,63.0,63.8,405000
2014-08-03,63.5,63.9,62.5,63.0,368000
2014-08-04,62.7,66.6,62.5,66.2,1219000
2014-08-05,66.4,67.6,65.5,66.3,984000
2014-08-06,66.8,67.9,66.5,66.7,1408500
2014-08-07,66.6,70.5,66.0,70.0,2705500
2014-08-10,70.1,72.3,69.5,71.0,4606500
2014-08-11,71.5,74.0,71.4,72.1,4336000
2014-08-12,71.0,71.0,67.0,68.3,3404500
2014-08-13,70.0,72.3,69.9,71.0,2315000
2014-08-14,71.4,72.0,68.6,68.9,1661000
2014-08-18,67.0,68.9,67.0,67.6,1266000
2014-08-19,67.8,68.2,66.3,66.8,1163500
2014-08-20,66.2,67.4,66.2,66.5,883000
2014-08-21,66.2,67.6,65.0,65.3,870500
2014-08-24,65.3,66.0,64.0,64.2,1132500
2014-08-25,64.9,68.0,64.9,66.8,786000
2014-08-26,67.0,67.9,66.3,67.1,1000000
2014-08-27,66.7,66.9,66.3,66.5,381000
2014-08-28,64.0,67.4,64.0,66.1,392000
2014-09-01,65.5,67.9,65.0,66.4,747000
2014-09-02,67.0,67.2,65.5,65.6,510000
2014-09-03,65.5,66.5,65.1,65.2,620000
2014-09-04,65.5,66.0,65.1,65.4,323000
2014-09-07,65.8,66.0,65.0,65.1,473000
2014-09-08,65.6,65.8,64.7,64.7,390500
2014-09-09,64.5,67.8,64.5,67.1,803500
2014-09-10,68.5,68.9,67.1,67.9,1173500
2014-09-11,68.4,69.6,67.6,67.8,880000
2014-09-14,68.2,68.5,65.6,65.7,1420000
2014-09-15,66.8,67.0,65.1,65.3,790000
2014-09-16,66.0,66.6,65.1,65.6,815000
2014-09-17,65.8,71.5,65.8,70.4,2694000
2014-09-18,73.2,77.3,72.0,76.5,5533000
2014-09-21,78.0,78.0,73.2,73.4,2421500
2014-09-22,73.4,76.3,72.1,75.1,2646000
2014-09-23,76.9,78.3,73.6,74.5,2530500
2014-09-24,75.0,76.0,74.5,75.1,2081000
2014-09-25,76.4,79.5,76.0,78.7,3541000
2014-09-28,80.0,82.4,78.4,80.6,3557500
2014-09-29,80.0,82.8,77.4,77.9,2374000
2014-09-30,79.9,79.9,77.6,77.9,1663000
2014-10-01,78.2,81.8,78.2,80.6,2045000
2014-10-02,81.2,82.5,80.0,81.5,1910500
2014-10-12,82.3,82.3,79.8,82.0,1453500
2014-10-13,82.0,82.3,78.8,79.4,1911500
2014-10-14,79.7,80.5,77.0,77.4,1447000
2014-10-15,77.7,78.4,76.6,77.3,1068000
2014-10-16,78.8,80.6,77.8,79.6,1794500
2014-10-19,80.0,80.8,75.9,76.3,840500
2014-10-20,77.0,77.1,74.5,75.4,643000
2014-10-21,76.1,77.9,76.0,77.2,752500
2014-10-22,77.2,78.0,75.3,75.7,491000
2014-10-23,76.0,76.5,74.5,74.8,481500
2014-10-26,74.9,76.2,74.5,75.1,433000
2014-10-27,74.4,75.4,73.8,74.1,321500
2014-10-28,74.5,74.5,72.9,73.1,284500
2014-10-29,72.6,75.5,72.0,74.7,608000
2014-10-30,74.8,75.2,73.0,74.5,539000
2014-11-02,74.7,74.7,71.4,71.8,699000
2014-11-03,71.5,73.0,71.1,72.1,306500
2014-11-05,73.5,73.6,70.7,70.8,515000
2014-11-06,71.7,74.2,71.2,73.3,821500
2014-11-09,73.5,74.2,71.8,73.5,641000
2014-11-10,74.9,74.9,72.5,73.0,674500
2014-11-11,72.7,73.4,71.4,71.8,442500
2014-11-12,71.7,73.3,71.7,72.3,663000
2014-11-13,73.0,76.6,72.9,75.9,1475500
2014-11-16,76.8,78.1,75.5,75.8,1685000
2014-11-17,75.9,76.0,74.7,75.1,1159000
2014-11-18,75.6,77.0,75.2,75.6,893500
2014-11-19,76.0,77.0,75.6,75.8,762000
2014-11-20,75.0,75.5,73.2,74.6,965500
2014-11-23,74.1,74.1,72.4,72.7,154000
2014-11-24,72.0,72.9,70.8,71.0,297000
2014-11-25,72.0,72.7,71.1,71.3,233000
2014-11-26,72.1,72.1,71.1,71.5,196500
2014-11-27,71.2,72.0,71.2,71.9,128000
2014-11-30,71.7,72.4,71.6,72.3,157500
2014-12-01,72.3,74.2,72.3,73.7,225500
2014-12-02,73.5,74.5,72.5,73.0,257500
2014-12-03,73.0,73.8,72.7,72.8,283500
2014-12-04,72.5,73.1,72.0,72.1,220000
2014-12-07,72.7,72.7,71.0,71.2,219500
2014-12-08,71.1,71.8,70.5,70.7,255000
2014-12-09,70.9,71.8,70.7,70.9,164000
2014-12-10,71.0,71.4,70.1,70.2,172000
2014-12-11,70.2,72.0,68.0,71.7,120189
2014-12-14,72.2,72.3,71.0,71.4,66415
2014-12-15,70.5,72.3,70.5,71.6,161824
2014-12-17,71.1,72.5,71.0,72.1,248091
2014-12-18,71.7,73.5,71.7,72.9,560066
2014-12-21,72.6,73.4,72.0,72.5,155326
2014-12-22,72.1,72.5,71.9,72.1,123583
2014-12-23,71.3,72.2,71.2,71.4,121233
2014-12-24,71.5,72.4,71.2,71.6,189968
2014-12-28,71.0,73.1,70.9,72.6,193341
2014-12-29,72.9,72.9,71.9,72.3,254832
2014-12-30,72.1,74.2,71.4,73.9,566455
2015-01-01,74.3,75.0,73.7,74.0,581290
2015-01-05,73.8,73.9,72.1,73.6,221503
2015-01-06,73.1,74.3,73.1,73.5,273380
2015-01-07,72.7,74.2,72.7,72.9,256506
2015-01-08,72.7,73.5,72.6,72.9,189061
2015-01-11,72.9,73.2,72.5,72.9,210473
2015-01-12,72.4,73.0,72.2,72.9,291975
2015-01-13,73.6,73.8,72.6,72.9,479860
2015-01-14,73.1,75.0,72.7,74.5,1462930
2015-01-15,74.4,75.8,74.3,74.8,722836
2015-01-18,74.1,74.2,73.5,73.8,272698
2015-01-19,73.1,73.6,72.5,72.7,271058
2015-01-20,72.9,73.4,72.1,72.4,185043
2015-01-21,71.6,72.8,70.2,71.0,179524
2015-01-22,72.0,72.0,70.5,71.4,171364
2015-01-25,71.0,71.1,70.1,70.6,224246
2015-01-26,70.2,71.3,69.2,69.9,194862
2015-01-27,70.7,71.0,69.0,70.4,171270
2015-01-28,70.4,71.4,69.9,70.2,90129
2015-01-29,70.0,70.9,69.7,70.3,95054
2015-02-01,68.6,70.0,67.5,68.0,95268
2015-02-02,67.3,68.5,66.3,68.2,133300
2015-02-03,67.6,69.6,67.5,69.0,92560
2015-02-04,67.8,70.0,67.8,69.7,95937
2015-02-05,69.0,70.0,68.5,69.6,69666
2015-02-08,69.0,71.0,68.7,70.3,120193
2015-02-09,70.2,70.8,68.9,69.0,192976
2015-02-10,70.3,71.0,69.4,69.9,271581
2015-02-11,70.2,71.0,69.3,70.3,328502
2015-02-12,70.1,71.9,70.0,71.5,247067
2015-02-15,71.2,71.2,69.6,69.8,225912
2015-02-16,69.5,70.0,68.9,69.0,175441
2015-02-17,69.0,70.1,68.7,69.7,142859
2015-02-18,69.6,69.6,68.9,69.1,206339
2015-02-19,68.7,69.0,68.3,68.6,121262
2015-02-22,68.2,69.4,68.2,69.0,125879
2015-02-23,69.5,69.9,68.7,68.9,165809
2015-02-24,69.0,69.6,68.3,69.4,191115
2015-02-25,68.6,68.9,67.0,67.6,232051
2015-02-26,68.6,69.2,68.0,68.8,174435
2015-03-01,68.0,69.0,67.2,67.6,183296
2015-03-02,67.8,68.0,67.5,67.6,107340
2015-03-03,67.1,67.8,65.3,65.5,136045
2015-03-04,66.0,67.5,65.2,65.8,70860
2015-03-05,65.8,66.5,65.7,66.2,86185
2015-03-08,66.3,66.3,64.4,65.3,138798
2015-03-09,65.0,66.0,65.0,65.7,167257
2015-03-10,65.5,66.8,65.4,65.7,91690
2015-03-11,65.7,65.7,64.6,64.9,94701
2015-03-12,64.4,65.4,64.2,64.8,88678
2015-03-15,64.7,64.7,63.0,63.3,107086
2015-03-16,64.1,64.1,60.5,60.8,270399
2015-03-18,60.0,61.9,59.9,61.3,299515
2015-03-19,61.5,63.2,61.5,62.9,72828
2015-03-23,65.8,65.8,63.4,63.6,168166
2015-03-24,63.8,64.0,63.0,63.3,77660
2015-03-25,63.2,64.5,62.7,64.2,107603
2015-03-29,64.2,65.5,64.2,64.8,229045
2015-03-30,65.0,65.0,63.0,63.8,101828
2015-03-31,64.0,64.8,63.5,64.1,116308
2015-04-01,64.7,65.3,63.9,64.0,118344
2015-04-02,63.6,63.9,62.0,62.7,121290
2015-04-05,61.4,63.5,61.4,62.0,98010
2015-04-06,63.5,63.5,61.0,61.2,218198
2015-04-07,62.2,62.2,60.8,61.7,93312
2015-04-08,60.1,63.0,60.1,60.8,176009
2015-04-09,61.8,61.9,60.0,60.4,182901
2015-04-12,60.2,60.5,58.6,59.1,341027
2015-04-13,58.5,60.3,58.4,60.0,238836
2015-04-15,60.5,62.6,60.4,62.3,327071
2015-04-16,62.5,63.2,61.6,61.8,220077
2015-04-19,62.1,63.0,61.7,62.0,313067
2015-04-20,62.8,63.9,62.6,62.9,573361
2015-04-21,62.5,62.6,60.8,61.4,282982
2015-04-22,61.4,62.2,59.5,60.0,329196
2015-04-23,59.3,61.3,58.9,59.3,289063
2015-04-26,59.8,59.8,57.6,58.5,293347
2015-04-27,58.9,58.9,55.0,57.5,206700
2015-04-29,56.1,58.0,55.7,56.8,112700
2015-04-30,61.5,61.5,57.2,58.1,303334
2015-05-04,60.0,60.0,56.3,57.2,437855
2015-05-05,58.2,61.9,57.1,60.8,492880
2015-05-06,61.0,62.1,60.4,61.3,452621
2015-05-07,61.5,62.0,59.9,60.6,532170
2015-05-10,59.0,63.0,59.0,62.2,412697
2015-05-11,62.9,64.2,61.7,63.7,865713
2015-05-13,54.8,57.0,54.3,55.7,736052
2015-05-14,57.7,57.7,55.8,57.3,736707
2015-05-17,57.0,57.3,56.6,56.9,426066
2015-05-18,59.0,60.0,57.9,59.1,1416100
2015-05-19,60.0,60.8,58.4,58.9,869012
2015-05-20,59.9,60.4,58.1,58.4,872671
2015-05-21,59.0,61.0,58.2,60.0,1155660
2015-05-24,57.1,60.5,57.1,59.8,405650
2015-05-25,62.0,65.6,61.3,63.3,2228120
2015-05-26,64.9,64.9,61.7,62.0,931364
2015-05-27,62.9,63.0,60.2,60.6,1255190
2015-05-28,60.9,63.5,60.9,62.3,1833030
2015-05-31,62.7,64.9,62.5,64.3,2011230
2015-06-01,64.9,65.2,62.0,62.6,2129620
2015-06-02,63.5,63.7,61.1,61.2,1111170
2015-06-04,61.3,62.5,60.1,61.5,746707
2015-06-07,62.1,63.2,60.7,61.0,760690
2015-06-08,60.5,61.0,57.5,57.9,783205
2015-06-09,59.0,59.3,56.6,57.3,576043
2015-06-10,58.5,58.9,57.1,57.4,442036
2015-06-11,57.7,57.8,55.0,55.9,455634
2015-06-14,55.5,56.4,54.5,54.7,318262
2015-06-15,55.0,55.8,54.5,55.7,205698
2015-06-16,56.2,56.4,54.9,55.1,496907
2015-06-17,55.7,56.4,55.0,56.2,333759
2015-06-18,56.4,56.7,54.8,55.5,659731
2015-06-21,55.6,57.0,55.3,56.4,312723
2015-06-22,56.5,57.5,55.9,56.5,448003
2015-06-23,56.5,56.8,56.2,56.5,576219
2015-06-24,56.6,57.6,56.4,57.0,589956
2015-06-25,57.6,57.8,57.0,57.5,728538
2015-06-28,58.0,58.7,57.5,57.9,600025
2015-06-29,58.6,59.5,58.3,58.6,557675
2015-06-30,59.2,59.2,58.1,58.6,630683
2015-07-02,59.0,59.2,57.2,57.5,590645
2015-07-05,58.0,58.0,56.4,56.6,426340
2015-07-06,56.1,56.8,55.6,55.9,300490
2015-07-07,55.8,56.8,55.4,56.6,126388
2015-07-08,56.1,58.2,56.1,57.7,477937
2015-07-09,57.5,59.6,57.5,59.2,873692
2015-07-12,59.9,61.7,59.4,61.1,1810470
2015-07-13,61.9,62.6,61.0,62.1,1516750
2015-07-14,62.7,63.5,61.7,62.8,1864700
2015-07-21,63.0,63.0,61.4,62.3,1330960
2015-07-22,62.4,64.5,62.3,63.8,3291750
2015-07-23,63.7,64.3,62.4,62.8,1520380
2015-07-26,63.5,63.5,61.9,62.0,1441560
2015-07-27,62.1,62.5,61.0,61.2,1191800
2015-07-28,61.5,62.0,60.9,61.1,893711
2015-07-29,61.4,62.5,61.4,61.9,707691
2015-07-30,61.9,62.0,61.0,61.3,883916
2015-08-02,62.3,63.4,61.5,61.9,1835170
2015-08-03,62.3,62.4,61.4,61.6,801802
2015-08-04,62.1,62.1,60.8,61.0,1354280
2015-08-05,61.7,61.8,59.7,59.9,1269180
2015-08-06,60.5,60.7,59.0,59.5,707107
2015-08-09,59.5,59.7,58.2,58.4,896883
2015-08-10,58.9,59.0,58.2,58.5,637305
2015-08-11,59.7,59.8,57.5,57.6,939373
2015-08-12,58.0,59.3,57.7,58.8,491594
2015-08-13,59.0,59.3,58.2,58.4,687350
2015-08-16,58.3,58.7,58.1,58.3,261243
2015-08-17,58.7,59.4,58.0,58.2,620875
2015-08-18,58.1,58.6,57.9,58.3,355380
2015-08-19,58.4,59.0,58.1,58.2,448782
2015-08-20,58.1,59.4,58.0,59.0,724668
2015-08-23,59.3,59.7,59.1,59.2,481283
2015-08-24,59.0,59.4,58.4,58.5,314746
2015-08-25,58.4,58.7,58.0,58.3,227345
2015-08-26,58.6,58.6,57.8,58.0,507616
2015-08-27,58.1,58.4,57.7,58.1,219981
2015-08-30,58.0,58.2,57.5,57.7,384701
2015-08-31,58.0,58.0,57.2,57.3,286512
2015-09-01,57.2,57.4,56.9,57.0,279404
2015-09-02,57.6,58.0,57.2,57.7,225010
2015-09-03,57.5,58.2,57.5,58.1,250158
2015-09-06,58.2,58.5,58.1,58.2,259705
2015-09-07,58.5,58.6,58.0,58.2,312281
2015-09-08,58.4,58.5,57.5,57.7,233076
2015-09-09,58.1,58.1,57.1,57.3,340300
2015-09-10,57.5,57.5,56.9,57.1,308207
2015-09-13,56.9,57.5,56.5,56.7,267189
2015-09-14,56.7,57.3,56.4,57.1,435223
2015-09-15,57.7,57.7,56.6,56.9,313473
2015-09-16,57.0,57.2,56.8,56.9,271799
2015-09-17,56.8,58.1,56.8,57.8,275354
2015-09-20,58.0,58.2,57.5,57.8,207429
2015-09-21,57.8,58.2,57.4,57.7,353824
2015-09-22,58.0,58.1,57.5,57.7,249548
2015-09-28,57.7,57.8,57.1,57.3,263881
2015-09-29,57.5,57.5,56.9,57.0,330623
2015-09-30,57.1,57.4,56.9,57.2,280373
2015-10-01,57.1,57.9,57.0,57.1,206374
2015-10-04,57.2,57.4,56.5,56.6,321073
2015-10-05,56.5,56.9,56.3,56.5,547402
2015-10-06,57.0,57.7,56.7,57.4,474979
2015-10-07,57.6,57.6,57.0,57.3,373878
2015-10-08,57.4,57.4,56.6,56.7,311371
2015-10-11,56.2,57.3,56.2,56.9,252685
2015-10-12,57.2,57.2,56.6,57.1,251266
2015-10-13,56.9,57.3,56.3,56.7,282732
2015-10-14,56.8,56.9,55.9,56.1,219812
2015-10-15,56.0,56.3,55.8,55.9,180522
2015-10-18,55.7,55.9,55.1,55.2,145480
2015-10-19,56.5,56.5,54.8,55.1,231229
2015-10-20,54.6,55.6,54.6,55.1,171698
2015-10-21,55.1,55.7,55.1,55.5,142664
2015-10-25,55.4,55.9,55.2,55.3,99401
2015-10-26,55.9,55.9,55.2,55.3,142636
2015-10-27,55.9,58.9,55.3,57.2,650505
2015-10-28,56.3,57.2,56.1,56.7,402965
2015-10-29,57.0,57.1,56.3,56.7,315927
2015-11-01,57.0,57.0,55.5,55.7,147322
2015-11-02,56.0,57.4,55.5,56.6,295167
2015-11-03,57.5,57.5,56.1,56.5,188583
2015-11-04,56.7,56.7,55.6,55.9,151247
2015-11-05,55.6,56.1,55.3,55.5,142618
2015-11-08,55.4,55.7,54.8,54.9,192711
2015-11-09,55.2,55.5,54.2,54.9,214775
2015-11-10,55.3,55.6,53.8,54.4,233500
2015-11-11,54.8,55.2,53.8,53.9,137395
2015-11-12,54.2,54.4,53.7,54.1,264497
2015-11-15,54.1,54.5,53.3,53.5,162943
2015-11-16,54.8,55.9,54.0,55.3,389479
2015-11-17,55.6,56.3,55.0,55.7,367658
2015-11-18,55.4,55.6,54.9,55.1,229475
2015-11-19,55.3,55.7,55.0,55.2,346575
2015-11-22,55.0,57.2,55.0,56.9,678233
2015-11-23,57.1,57.6,56.3,56.5,470680
2015-11-24,56.7,57.0,55.7,55.8,360162
2015-11-25,56.2,56.7,55.8,56.0,266779
2015-11-26,56.3,58.3,56.3,57.9,1555570
2015-11-29,58.5,58.8,57.6,58.3,1120980
2015-11-30,58.6,58.6,57.0,57.3,764950
2015-12-01,57.5,58.8,57.5,58.5,945386
2015-12-02,59.0,60.8,58.7,59.9,3275370
2015-12-03,59.8,60.7,59.2,59.7,1445460
2015-12-06,59.9,60.2,58.9,59.1,1094950
2015-12-07,59.5,60.0,58.1,58.3,715680
2015-12-08,59.0,59.6,57.3,57.5,672534
2015-12-09,58.4,58.5,56.6,56.8,833928
2015-12-10,57.0,57.5,56.5,56.9,312105
2015-12-13,56.9,57.3,56.0,56.1,430145
2015-12-14,56.0,56.5,55.7,56.2,362074
2015-12-15,56.4,56.7,55.5,56.2,421793
2015-12-17,56.1,56.5,55.8,55.9,163937
2015-12-20,56.7,56.9,56.0,56.2,243309
2015-12-21,57.3,57.6,56.3,57.1,475885
2015-12-22,57.2,57.7,56.9,57.0,425709
2015-12-23,57.2,57.2,56.1,56.2,296229
2015-12-24,56.3,57.0,56.1,56.9,239826
2016-01-07,57.5,59.1,57.3,58.4,1566020
2016-01-10,58.8,58.8,57.4,57.5,650372
2016-01-11,57.7,57.7,56.6,56.7,311871
2016-01-12,57.1,57.4,56.4,56.9,365096
2016-01-13,57.1,57.6,56.6,56.9,614908
2016-01-14,57.2,57.5,56.3,56.5,713837
2016-01-17,56.6,56.8,55.9,56.0,449011
2016-01-18,56.0,57.4,55.9,57.1,509790
2016-01-19,57.3,58.0,56.2,56.6,593048
2016-01-20,58.0,59.4,57.6,58.0,3267060
2016-01-21,58.5,58.5,57.3,57.5,576990
2016-01-24,57.3,57.8,56.6,56.9,626878
2016-01-25,56.8,57.3,56.5,56.9,483368
2016-01-26,57.0,57.1,56.6,56.9,248226
2016-01-27,56.7,56.8,56.0,56.3,295300
2016-01-28,56.2,56.5,55.8,55.9,328406
2016-01-31,56.0,56.2,55.2,55.6,271520
2016-02-01,55.2,56.2,55.2,55.7,275760
2016-02-02,56.5,56.5,55.8,56.1,282690
2016-02-03,55.6,56.2,55.6,55.8,217271
2016-02-04,55.8,56.0,55.7,55.8,280180
2016-02-07,56.0,56.0,55.6,55.7,224560
2016-02-08,55.7,55.8,55.3,55.4,216023
2016-02-09,55.3,56.2,55.0,55.7,285126
2016-02-10,56.3,56.3,55.2,55.3,268266
2016-02-11,55.4,55.7,55.3,55.4,213684
2016-02-14,55.7,56.3,55.5,55.8,366664
2016-02-15,56.2,56.4,55.6,56.0,363935
2016-02-16,56.1,58.0,56.1,56.8,1404000
2016-02-17,57.2,57.4,56.2,56.4,758124
2016-02-18,56.5,57.2,56.4,56.7,296635
2016-02-22,56.9,57.3,56.1,56.3,275502
2016-02-23,56.4,56.8,56.1,56.2,356963
2016-02-24,56.1,56.6,55.8,55.9,308795
2016-02-25,56.0,56.0,55.5,55.7,244572
2016-02-28,55.7,56.3,54.7,55.2,474645
2016-02-29,55.1,55.6,54.9,55.0,286274
2016-03-01,55.4,55.4,54.2,54.4,566011
2016-03-02,54.4,55.6,53.8,55.2,341092
2016-03-03,55.3,55.5,54.4,54.6,219060
2016-03-06,54.6,55.0,54.0,54.1,126537
2016-03-07,54.6,54.6,54.0,54.1,149224
2016-03-08,54.4,54.7,53.7,54.2,248589
2016-03-09,54.4,54.7,54.2,54.3,67750
2016-03-10,54.2,55.1,54.1,54.8,162973
2016-03-13,55.0,55.4,54.6,54.7,252899
2016-03-14,54.7,55.5,54.7,55.2,257619
2016-03-15,55.4,57.5,55.4,56.5,1119750
2016-03-16,56.8,56.8,55.6,55.9,177751
2016-03-20,56.0,56.2,54.9,55.1,358275
2016-03-21,55.9,55.9,55.0,55.2,336990
2016-03-22,55.1,55.2,54.4,54.6,243880
2016-03-23,54.9,54.9,54.1,54.3,167560
2016-03-24,54.3,55.0,54.0,54.2,218219
2016-03-27,55.0,55.0,54.0,54.3,156963
2016-03-28,54.5,54.5,53.4,53.6,245835
2016-03-29,53.5,54.0,52.4,53.7,279556
2016-03-30,53.3,54.0,53.2,53.5,200384
2016-03-31,53.6,54.5,53.3,53.5,217706
2016-04-03,53.6,54.0,53.1,53.5,229355
2016-04-04,53.9,54.6,53.7,54.3,325606
2016-04-05,54.4,54.4,53.6,53.8,174984
2016-04-06,53.4,54.0,53.3,53.4,189082
2016-04-07,53.3,53.9,53.1,53.7,254676
2016-04-10,53.5,54.0,52.8,53.2,199727
2016-04-11,52.9,53.3,52.0,52.2,238214
2016-04-12,52.3,53.2,52.2,52.5,152630
2016-04-13,52.5,52.7,52.0,52.2,144573
2016-04-17,52.5,53.1,52.2,52.6,153502
2016-04-18,52.8,52.9,52.2,52.6,124797
2016-04-19,52.3,52.7,52.0,52.1,186091
2016-04-20,52.3,52.3,51.5,51.7,127611
2016-04-21,51.3,51.9,51.0,51.2,207359
2016-04-24,51.2,51.2,50.5,50.7,127777
2016-04-25,50.9,51.0,47.0,49.1,293384
2016-04-26,49.2,49.2,47.5,48.0,270784
2016-04-27,48.0,48.1,47.5,47.9,211942
2016-04-28,48.2,48.3,47.5,47.8,201770
2016-05-02,47.8,48.0,47.0,47.6,199879
2016-05-03,48.1,49.8,48.1,49.2,123467
2016-05-04,49.8,49.9,48.1,48.3,145247
2016-05-05,48.5,49.3,47.7,48.2,529118
2016-05-08,48.9,49.0,48.0,48.9,155838
2016-05-09,48.5,51.0,48.5,50.7,521600
2016-05-10,50.5,53.3,50.5,52.0,417278
2016-05-11,52.4,52.5,50.1,50.2,196023
2016-05-12,50.1,50.3,48.8,49.0,176579
2016-05-15,49.1,49.1,48.0,48.1,127171
2016-05-16,48.5,49.1,48.2,48.3,77595
2016-05-17,48.3,49.1,48.0,48.3,284166
2016-05-18,48.4,49.7,48.4,49.5,200757
2016-05-19,49.6,50.4,49.5,50.1,243413
2016-05-22,50.0,50.0,49.1,49.2,116373
2016-05-24,49.2,49.8,48.8,49.0,176565
2016-05-25,49.0,49.1,48.5,48.5,137100
2016-05-26,48.3,49.3,48.3,49.0,97297
2016-05-29,49.0,49.6,48.5,49.1,300769
2016-05-30,49.2,49.8,49.0,49.1,127585
2016-05-31,49.2,49.6,49.0,49.5,130654
2016-06-01,49.6,50.9,49.3,49.7,452858
2016-06-02,49.8,50.2,49.4,49.6,368382
2016-06-05,49.5,49.5,48.9,49.0,137793
2016-06-06,48.7,48.9,48.5,48.7,67188
2016-06-07,49.0,49.0,48.4,48.5,242081
2016-06-08,48.8,49.1,48.0,48.1,216623
2016-06-09,48.1,48.5,47.4,47.6,249570
2016-06-12,47.6,48.0,47.0,47.1,201543
2016-06-13,47.1,47.6,47.0,47.4,244626
2016-06-14,47.4,47.7,47.0,47.4,235216
2016-06-15,47.7,48.3,47.4,48.0,317372
2016-06-16,48.1,48.8,47.7,48.2,302610
2016-06-19,48.1,48.2,47.1,47.4,190492
2016-06-20,47.5,47.5,47.1,47.2,126585
2016-06-21,47.2,47.2,46.7,46.8,221003
2016-06-22,47.0,47.3,46.7,46.8,186026
2016-06-23,46.8,47.3,46.2,46.4,344978
2016-06-26,46.3,46.7,46.2,46.3,194789
2016-06-27,46.5,46.8,46.3,46.5,234049
2016-06-28,46.3,47.1,46.3,46.9,179577
2016-06-29,46.9,47.9,46.9,47.5,275370
2016-06-30,48.0,48.0,47.5,47.9,322137
2016-07-10,47.0,47.8,47.0,47.6,167214
2016-07-11,47.6,48.8,47.6,48.6,493605
2016-07-12,48.7,49.0,48.3,48.7,341366
2016-07-13,48.8,48.8,48.1,48.2,190625
2016-07-14,48.2,48.3,47.9,48.0,247047
2016-07-16,48.0,48.4,47.6,48.2,195000
2016-07-17,48.0,48.2,47.6,47.7,159244
2016-07-18,47.7,47.9,47.3,47.4,153879
2016-07-19,47.4,47.7,47.3,47.5,185682
2016-07-20,47.4,47.8,47.3,47.6,126612
2016-07-21,48.0,48.0,47.4,47.6,230665
2016-07-24,47.3,47.9,47.2,47.3,189248
2016-07-25,47.5,47.5,47.2,47.3,137479
2016-07-26,47.4,47.9,47.0,47.3,172785
2016-07-27,47.3,47.7,46.9,47.1,251591
2016-07-28,47.0,47.5,46.9,47.0,117474
2016-07-31,46.9,47.1,46.5,46.9,161865
2016-08-01,46.8,47.2,46.5,46.9,215109
2016-08-02,47.1,47.4,46.9,47.1,96478
2016-08-03,47.0,47.4,47.0,47.2,207571
2016-08-04,47.2,47.4,47.1,47.2,193317
2016-08-07,47.1,47.3,47.1,47.2,82100
2016-08-08,47.2,47.5,47.0,47.4,155687
2016-08-09,47.4,48.8,47.4,48.6,463060
2016-08-10,48.8,49.1,48.4,48.8,398402
2016-08-11,48.9,48.9,48.1,48.4,380137
2016-08-14,48.3,48.5,47.7,47.9,274530
2016-08-16,48.1,48.6,48.0,48.4,230813
2016-08-17,48.6,48.7,48.0,48.1,106073
2016-08-18,48.1,49.3,48.0,49.1,571941
2016-08-21,49.1,50.9,49.1,50.2,1027850
2016-08-22,50.3,51.4,49.7,49.9,1063040
2016-08-23,50.0,50.3,49.7,49.9,483322
2016-08-24,50.2,50.2,49.1,49.3,443826
2016-08-28,49.4,49.5,48.5,48.8,309812
2016-08-29,48.9,49.0,48.4,48.5,172348
2016-08-30,48.6,49.3,48.5,48.6,256149
2016-08-31,48.8,48.9,48.4,48.6,160956
2016-09-01,48.6,48.8,48.2,48.5,191555
2016-09-04,48.2,48.6,47.5,47.8,414753
2016-09-05,47.5,48.3,47.4,48.0,159150
2016-09-06,48.0,48.5,47.7,48.0,299379
2016-09-07,48.0,48.8,48.0,48.7,172635
2016-09-08,49.0,49.0,48.0,48.2,292340
2016-09-18,48.2,48.5,48.0,48.1,138200
2016-09-19,48.2,48.6,47.8,48.3,319027
2016-09-20,48.4,48.8,48.2,48.7,373636
2016-09-21,48.9,49.5,48.8,49.0,434648
2016-09-22,49.0,50.1,48.9,49.3,617521
2016-09-24,49.6,51.2,49.5,51.0,1460280
2016-09-25,51.1,51.6,50.3,50.4,854689
2016-09-26,50.4,50.9,50.0,50.5,532588
2016-09-27,50.7,51.1,50.3,50.4,479861
2016-09-28,50.6,50.8,50.2,50.6,311082
2016-09-29,50.6,50.8,50.4,50.6,409404
2016-10-02,50.5,50.6,50.3,50.4,250612
2016-10-03,50.4,52.7,50.4,52.4,2477840
2016-10-04,52.9,53.0,51.9,52.5,740434
2016-10-05,52.5,53.4,52.1,52.8,1284920
2016-10-06,53.0,53.7,53.0,53.1,1197500
2016-10-09,53.3,53.3,51.8,52.4,763289
2016-10-10,52.6,52.9,51.7,52.0,697758
2016-10-13,52.3,53.1,51.3,51.6,699385
2016-10-16,51.5,51.8,49.8,50.3,1107990
2016-10-17,50.5,51.0,50.1,50.2,588561
2016-10-18,50.7,51.9,50.6,51.3,1040520
2016-10-19,51.6,52.5,49.4,50.2,2488310
2016-10-20,50.0,50.5,49.2,49.6,754152
2016-10-23,49.6,50.6,49.5,50.3,1011300
2016-10-24,50.7,50.9,49.7,49.8,735704
2016-10-25,49.5,51.0,49.5,50.2,1384940
2016-10-26,50.7,50.8,49.2,49.6,913312
2016-10-27,49.6,50.0,47.8,48.2,709646
2016-10-30,48.8,48.9,48.0,48.4,547301
2016-11-01,45.2,48.3,45.2,47.8,1034120
2016-11-02,48.3,49.5,48.0,49.2,592208
2016-11-03,49.3,50.2,49.0,50.0,778778
2016-11-06,50.6,50.6,49.2,50.1,707290
2016-11-07,50.5,51.1,50.0,50.7,1732960
2016-11-09,40.2,41.0,39.0,39.3,1467260
2016-11-10,39.1,39.6,38.7,38.8,539377
2016-11-13,39.0,39.0,38.0,38.2,465230
2016-11-14,38.1,38.3,37.7,37.9,403502
2016-11-15,38.4,39.4,38.2,39.3,817188
2016-11-16,39.6,39.6,38.5,38.9,395443
2016-11-17,39.3,39.3,38.6,39.1,441574
2016-11-20,39.3,39.3,38.7,38.8,500675
2016-11-21,39.0,39.1,38.6,38.8,493612
2016-11-22,39.1,39.4,38.8,39.1,649625
2016-11-23,39.0,39.2,38.7,38.8,392280
2016-11-24,39.0,39.0,38.5,38.6,516332
2016-11-27,38.7,39.0,38.2,38.3,437537
2016-11-28,38.7,38.9,38.3,38.8,602828
2016-11-29,39.0,41.1,38.8,40.5,2929160
2016-11-30,40.8,40.8,39.7,40.2,1007254
2016-12-01,40.2,40.7,39.4,39.7,1130695
2016-12-04,40.0,40.0,39.2,39.4,1295330
2016-12-05,39.5,41.3,38.9,40.7,3692819
2016-12-06,40.8,41.0,40.0,40.1,1159630
2016-12-07,40.3,40.4,39.7,40.0,1195436
2016-12-08,40.1,41.7,40.1,41.2,3200479
2016-12-11,41.4,42.8,41.3,41.8,4078508
2016-12-12,41.8,42.2,41.0,41.9,2065396
2016-12-14,42.3,44.5,42.3,44.3,5823323
2016-12-15,44.3,44.7,43.1,43.4,2991681
2016-12-18,43.5,44.4,42.5,43.9,3991500
2016-12-19,44.4,45.2,44.0,44.1,3924911
2016-12-20,44.3,44.6,42.8,43.0,2245784
2016-12-21,43.4,43.4,42.1,42.4,1575874
2016-12-22,42.8,43.0,42.3,42.8,1394863
2016-12-26,43.0,43.4,42.5,42.7,1711490
2016-12-27,42.9,43.2,42.0,42.3,1834285
2016-12-28,42.5,42.7,42.0,42.1,1156897
2016-12-29,42.2,43.6,42.1,43.3,2401423
2017-01-01,43.5,44.5,43.1,44.0,2586727
2017-01-02,44.5,46.4,44.4,45.5,6421229
2017-01-03,45.9,46.2,44.7,45.1,2975037
2017-01-04,45.0,45.6,44.3,44.5,2370664
2017-01-05,44.5,45.1,44.2,44.6,2827274
2017-01-08,45.0,45.0,43.0,43.4,2015791
2017-01-09,43.7,44.9,43.1,44.6,1678855
2017-01-10,44.9,45.5,44.7,45.2,2852144
2017-01-11,45.3,45.6,44.4,44.6,2559419
2017-01-12,45.0,45.3,44.1,44.4,2453703
2017-01-15,44.8,47.0,44.8,46.8,5960834
2017-01-16,47.0,47.1,45.6,45.7,3403352
2017-01-17,46.0,46.7,45.6,46.4,3959081
2017-01-18,46.5,47.9,46.0,46.4,4518523
2017-01-19,46.5,47.0,45.2,45.6,3308733
2017-01-22,45.6,46.7,45.6,45.9,2804401
2017-01-23,46.4,46.6,45.9,46.1,3848611
2017-01-24,46.3,46.5,45.2,45.4,2575698
2017-01-25,45.7,45.9,44.1,44.2,2048384
2017-01-26,45.0,45.2,44.1,44.3,1398053
2017-01-29,44.6,45.0,43.8,44.2,1391249
2017-01-30,44.2,44.6,42.9,43.1,1292269
2017-01-31,43.0,43.5,42.7,43.0,1113152
2017-02-01,43.0,43.6,43.0,43.2,843598
2017-02-02,43.5,43.5,42.6,42.7,529715
2017-02-05,42.6,42.8,41.5,42.0,890593
2017-02-06,42.2,42.8,42.2,42.3,470988
2017-02-07,42.4,42.9,42.0,42.6,608094
2017-02-08,42.8,44.5,42.8,44.4,1222037
2017-02-09,44.6,44.9,44.0,44.3,1074209
2017-02-12,44.5,44.7,43.9,44.2,849951
2017-02-13,44.5,44.8,44.1,44.3,1107547
2017-02-14,44.5,45.9,44.4,45.7,2771836
2017-02-15,46.0,46.3,45.0,45.2,2371754
2017-02-16,45.4,45.5,44.7,44.9,1394068
2017-02-19,45.0,46.8,45.0,46.6,4082904
2017-02-20,46.5,47.5,46.4,46.5,4139893
2017-02-22,46.7,47.5,46.5,47.3,4426249
2017-02-23,47.5,48.5,47.3,48.3,6333476
2017-02-26,48.5,51.2,48.3,50.7,10692852
2017-02-27,50.8,50.9,49.4,50.0,5701807
2017-02-28,50.3,53.5,50.1,53.0,12535313
2017-03-01,53.4,53.5,51.4,51.7,6628729
2017-03-02,51.6,52.1,50.4,51.0,4142349
2017-03-05,51.5,51.9,51.0,51.3,2738488
2017-03-06,51.5,52.4,51.4,51.6,3402969
2017-03-07,52.0,52.2,50.4,50.8,3172267
2017-03-08,51.2,51.5,50.0,50.3,3937846
2017-03-09,50.6,51.6,50.1,50.3,3146392
2017-03-12,50.8,50.8,49.4,49.8,2911147
2017-03-13,50.3,51.5,50.3,51.0,3472904
2017-03-14,51.2,52.6,51.2,51.8,5742663
2017-03-15,51.2,51.8,51.1,51.4,1814338
2017-03-16,51.5,51.6,50.6,50.8,1434845
2017-03-19,51.0,51.4,49.7,50.0,2582628
2017-03-20,50.1,50.8,49.7,50.0,1233691
2017-03-21,50.0,50.4,48.9,49.1,1990944
2017-03-22,49.2,49.8,48.8,49.4,2206045
2017-03-23,49.4,49.8,49.0,49.2,757541
2017-03-27,49.2,49.5,48.4,48.6,735761
2017-03-28,48.2,49.3,48.2,48.6,1197472
2017-03-29,48.7,48.9,48.0,48.2,1026280
2017-03-30,48.2,48.6,47.9,48.2,1100482
2017-04-02,48.4,50.9,48.3,50.4,1760081
2017-04-03,50.8,50.8,49.2,49.8,1506787
2017-04-04,50.0,51.5,50.0,51.0,2753041
2017-04-05,51.1,51.7,50.6,51.3,4135528
2017-04-06,51.0,51.6,50.0,50.4,1890916
2017-04-09,50.8,50.8,49.0,49.2,983717
2017-04-10,49.2,49.6,48.7,49.1,1043030
2017-04-11,48.7,49.9,48.7,49.1,1149887
2017-04-12,49.5,49.5,48.7,49.0,975962
2017-04-13,48.9,49.5,48.9,49.1,915454
2017-04-16,49.1,50.3,48.9,49.3,790279
2017-04-17,49.5,50.7,49.5,50.0,1479784
2017-04-18,50.0,50.3,49.2,49.7,1055441
2017-04-19,49.3,50.2,49.2,49.5,942291
2017-04-20,49.9,50.2,49.2,49.3,659475
2017-04-23,49.5,49.5,48.3,48.6,989806
2017-04-24,49.3,49.3,47.5,48.7,850949
2017-04-25,48.9,49.0,48.4,48.7,529472
2017-04-26,48.7,50.1,48.5,48.9,861079
2017-04-27,48.9,49.9,48.6,48.8,623391
2017-04-30,49.5,50.2,48.9,49.9,806967
2017-05-02,49.9,50.3,49.1,49.9,731626
2017-05-03,50.0,50.1,49.2,49.4,746162
2017-05-04,49.2,50.2,49.2,49.4,737363
2017-05-07,49.7,49.7,48.8,49.1,1170690
2017-05-08,49.6,49.6,49.1,49.3,544770
2017-05-09,49.3,49.8,49.1,49.4,668674
2017-05-11,49.2,50.2,49.1,50.1,1537277
2017-05-14,50.1,51.0,49.8,50.6,1991608
2017-05-15,50.6,50.8,49.4,49.5,866707
2017-05-16,50.2,50.2,49.3,49.5,1077502
2017-05-17,49.8,51.0,49.7,50.2,1068448
2017-05-18,50.1,50.5,49.6,49.7,1102818
2017-05-21,49.6,49.9,49.4,49.6,469268
2017-05-22,49.9,50.2,49.6,50.0,506642
2017-05-23,49.9,50.9,49.9,50.7,1237512
2017-05-24,50.9,51.4,50.8,51.3,2417198
2017-05-25,51.6,52.3,51.3,51.5,4578326
2017-05-28,51.5,51.5,50.6,50.8,797045
2017-05-29,50.8,50.8,50.2,50.4,760814
2017-05-30,50.3,50.9,50.3,50.6,463020
2017-05-31,50.7,51.0,50.5,50.7,914827
2017-06-01,50.9,51.6,50.8,51.4,1642969
2017-06-04,51.6,51.6,49.5,49.8,1474274
2017-06-05,50.1,51.2,49.9,50.9,1372423
2017-06-06,50.9,51.2,50.5,50.9,864496
2017-06-07,51.4,51.5,50.2,50.3,1323737
2017-06-08,50.4,52.0,50.1,50.9,3455538
2017-06-11,51.0,51.8,50.7,50.8,1044915
2017-06-12,50.6,50.9,50.5,50.6,468077
2017-06-13,50.9,51.9,50.8,51.0,1913509
2017-06-14,51.5,51.8,50.9,51.1,2792265
2017-06-15,51.4,51.4,50.8,50.9,683149
2017-06-18,50.6,51.0,50.2,50.3,1325995
2017-06-19,50.6,50.7,50.0,50.3,910114
2017-06-20,50.7,50.7,50.3,50.4,593506
2017-06-21,50.5,51.0,50.4,50.5,879740
2017-06-22,50.5,51.1,50.5,50.9,1229177
2017-06-28,50.9,51.0,50.6,50.8,839883
2017-06-29,51.1,51.2,50.5,50.7,831780
2017-07-02,50.7,51.2,50.6,50.9,988099
2017-07-03,51.0,51.6,51.0,51.5,1895183
2017-07-04,51.5,51.6,50.9,51.0,1122618
2017-07-05,51.1,51.4,50.7,50.9,1564329
2017-07-06,50.8,51.2,50.5,50.6,972223
2017-07-09,50.7,50.9,50.4,50.6,1232003
2017-07-10,50.8,51.0,50.3,50.4,1961549
2017-07-11,50.3,50.7,50.1,50.2,880929
2017-07-12,50.1,50.5,49.7,49.8,732882
2017-07-13,49.8,50.1,49.6,49.9,626689
2017-07-16,50.2,50.4,49.5,49.8,1473819
2017-07-17,50.2,50.3,49.6,49.9,794717
2017-07-18,50.2,50.2,49.8,49.9,1035647
2017-07-19,49.8,50.3,49.6,49.7,795297
2017-07-20,49.8,49.9,49.5,49.5,415038
2017-07-23,49.7,49.9,49.5,49.5,287338
2017-07-24,49.5,49.8,49.0,49.3,812486
2017-07-25,49.5,49.7,49.3,49.4,320614
2017-07-26,49.5,49.6,49.3,49.4,311195
2017-07-27,49.5,49.7,49.1,49.5,440038
2017-07-30,49.5,49.5,48.8,49.0,683665
2017-07-31,49.0,49.1,48.6,48.8,608699
2017-08-01,49.1,49.5,48.9,49.2,387568
2017-08-02,49.1,49.3,48.7,48.8,848349
2017-08-03,48.8,49.0,48.5,48.8,395608
2017-08-06,48.9,49.1,48.6,48.9,313692
2017-08-07,49.0,49.0,48.5,48.6,866123
2017-08-08,48.9,49.0,48.2,48.5,464629
2017-08-09,48.3,49.0,48.2,48.4,411124
2017-08-10,48.2,48.8,48.1,48.3,473442
2017-08-13,48.6,48.6,48.0,48.2,464231
2017-08-16,48.2,48.2,47.4,47.6,890197
2017-08-17,48.0,48.2,47.7,48.0,670229
2017-08-20,48.4,50.7,48.4,49.8,4682162
2017-08-21,50.0,50.5,49.4,49.7,1344272
2017-08-22,50.0,50.2,49.6,49.8,1255046
2017-08-23,49.8,49.8,48.8,49.4,1058459
2017-08-24,49.5,49.6,48.7,48.9,879719
2017-08-27,48.9,49.3,48.5,49.0,930675
2017-08-28,49.3,49.9,48.5,48.6,1325894
2017-08-29,49.0,49.2,48.7,48.9,557805
2017-08-30,49.1,49.1,48.5,48.7,415530
2017-08-31,48.8,48.8,47.7,48.6,992592
2017-09-04,48.7,48.7,47.8,48.0,976834
2017-09-05,48.5,48.5,47.8,47.9,1482933
2017-09-06,48.0,48.7,48.0,48.5,902623
2017-09-07,48.8,48.8,48.1,48.2,465679
2017-09-10,48.4,48.5,47.9,48.0,697281
2017-09-11,48.2,48.6,47.9,48.0,779929
2017-09-12,48.1,48.1,47.7,47.8,536194
2017-09-13,48.0,48.1,47.1,47.4,799867
2017-09-14,47.5,48.4,47.4,47.8,760001
2017-09-17,47.8,48.0,47.6,47.7,494877
2017-09-18,47.7,47.9,46.9,47.1,879781
2017-09-19,47.7,47.7,46.0,46.4,698286
2017-09-20,46.6,47.0,46.3,46.9,310137
2017-09-21,47.0,47.3,46.5,46.6,208224
2017-09-24,46.6,46.7,46.2,46.3,132369
2017-09-25,46.3,46.3,46.0,46.2,178468
2017-09-26,46.5,46.6,44.4,44.8,1052949
2017-09-27,45.9,45.9,43.9,44.6,635282
2017-09-28,44.6,44.9,44.6,44.8,303941
2017-10-02,44.8,44.8,43.5,43.8,340359
2017-10-03,43.9,44.5,43.6,44.0,402456
2017-10-04,44.3,45.1,44.3,44.9,153591
2017-10-05,45.0,45.9,45.0,45.5,380278
2017-10-08,45.6,45.8,45.3,45.4,242952
2017-10-09,45.6,45.6,44.9,45.0,340792
2017-10-10,44.9,45.1,44.4,44.5,214965
2017-10-11,45.0,45.0,43.8,44.2,467219
2017-10-12,44.9,44.9,43.5,43.7,182997
2017-10-15,44.0,44.2,43.2,43.9,152356
2017-10-16,43.8,44.0,43.4,43.5,318116
2017-10-17,43.5,44.2,43.5,44.1,504331
2017-10-18,44.5,44.8,44.3,44.4,170293
2017-10-19,44.4,44.7,44.1,44.3,137301
2017-10-22,44.8,44.8,44.1,44.5,106835
2017-10-23,44.6,44.9,44.6,44.8,220420
2017-10-24,44.8,44.9,44.1,44.4,82827
2017-10-25,44.7,44.7,44.1,44.2,113427
2017-10-26,44.2,44.4,43.9,44.1,216781
2017-10-29,45.0,46.3,45.0,45.3,1242810
2017-10-30,45.3,45.9,45.2,45.7,515436
2017-10-31,45.9,46.4,45.5,46.0,1069600
2017-11-01,46.0,46.8,46.0,46.5,655279
2017-11-02,46.6,47.3,46.5,47.2,1005663
2017-11-05,47.4,47.5,46.9,47.2,655615
2017-11-06,46.7,47.5,46.7,47.4,464888
2017-11-07,47.5,47.6,46.9,47.0,615929
2017-11-08,47.3,47.3,46.6,46.8,428563
2017-11-09,47.0,47.3,46.7,47.1,565945
2017-11-12,47.4,47.4,47.0,47.1,428606
2017-11-13,47.3,48.1,47.0,48.0,1420391
2017-11-14,47.7,48.1,47.0,47.3,480108
2017-11-15,47.4,47.9,47.0,47.8,682671
2017-11-19,39.1,39.1,38.2,38.6,1458521
2017-11-20,38.9,39.0,38.0,38.4,683378
2017-11-21,38.2,38.4,38.0,38.3,685100
2017-11-22,38.5,39.0,38.4,39.0,856582
2017-11-23,39.2,39.3,38.6,38.8,874598
2017-11-26,39.0,39.1,38.8,39.0,443333
2017-11-27,39.0,39.1,38.4,38.6,454571
2017-11-28,38.7,38.9,38.3,38.5,355005
2017-11-29,38.5,38.7,38.2,38.3,306405
2017-11-30,38.2,38.5,38.2,38.3,275992
2017-12-03,38.4,38.6,38.1,38.2,252031
2017-12-04,38.5,38.5,37.5,37.9,823029
2017-12-05,38.0,38.2,37.3,37.5,611152
2017-12-06,37.7,38.0,37.3,37.4,333332
2017-12-07,37.4,37.8,37.3,37.5,247867
2017-12-10,37.6,37.7,37.3,37.3,162357
2017-12-11,37.4,37.5,37.1,37.2,194211
2017-12-12,37.2,37.5,36.8,37.1,204959
2017-12-13,37.2,37.3,36.8,36.9,154403
2017-12-14,37.1,37.3,36.9,37.0,211669
2017-12-17,37.2,37.2,36.6,36.7,183611
2017-12-18,36.7,37.4,36.5,36.6,216609
2017-12-19,36.8,37.4,36.5,36.9,302575
2017-12-20,37.1,37.1,36.3,36.4,313505
2017-12-21,36.5,36.7,36.3,36.6,383530
2017-12-24,36.3,36.6,36.1,36.4,459636
2017-12-26,36.4,36.5,35.6,35.7,432722
2017-12-27,35.7,35.8,34.8,35.0,1084838
2017-12-28,35.2,35.5,34.9,35.2,737188
2018-01-01,35.2,35.2,34.9,35.1,655064
2018-01-02,35.3,35.5,35.3,35.4,145205
2018-01-03,35.6,35.9,35.2,35.6,1341368
2018-01-04,35.9,36.4,35.8,35.8,1094573
2018-01-07,36.0,36.2,35.2,35.3,805586
2018-01-08,35.5,35.6,35.1,35.2,615442
2018-01-09,35.3,35.4,35.1,35.1,506663
2018-01-10,35.2,35.3,34.8,34.9,845282
2018-01-11,35.0,35.4,34.9,35.1,343716
2018-01-14,35.1,35.2,34.5,34.6,287587
2018-01-15,34.7,34.9,34.5,34.8,326920
2018-01-16,34.8,35.1,34.6,35.0,479592
2018-01-17,35.2,35.2,34.8,35.0,361856
2018-01-18,34.9,34.9,34.6,34.7,187435
2018-01-21,34.9,35.0,34.7,34.8,136502
2018-01-22,34.8,35.0,34.6,34.8,127747
2018-01-23,34.8,35.0,34.6,34.8,170982
2018-01-24,34.8,34.8,34.6,34.7,168560
2018-01-25,34.6,35.0,34.5,34.6,519084
2018-01-28,34.9,34.9,34.3,34.4,455892
2018-01-29,34.3,34.7,34.3,34.4,413217
2018-01-30,34.5,34.6,34.2,34.3,231605
2018-01-31,34.2,34.2,33.0,33.2,305348
2018-02-01,33.2,33.6,33.0,33.2,180351
2018-02-04,33.2,33.2,31.3,31.5,420852
2018-02-05,31.7,32.0,31.1,31.6,414915
2018-02-06,32.0,32.6,32.0,32.3,310197
2018-02-07,32.2,32.4,31.8,32.1,102030
2018-02-08,32.1,32.6,32.1,32.5,139677
2018-02-11,32.6,33.6,32.4,33.4,284683
2018-02-12,33.8,33.9,33.1,33.3,437143
2018-02-13,33.5,33.5,33.0,33.3,181922
2018-02-14,33.8,34.9,33.8,34.4,807054
2018-02-15,34.7,35.9,34.7,34.9,1240702
2018-02-18,35.0,35.0,33.7,34.1,435440
2018-02-19,34.1,34.4,33.7,33.7,244890
2018-02-20,34.1,34.3,33.2,33.5,419039
2018-02-22,33.8,34.0,33.5,34.0,318932
2018-02-25,33.9,33.9,33.3,33.5,280486
2018-02-26,33.5,33.5,32.9,33.0,141145
2018-02-27,33.3,33.7,32.9,33.1,131341
2018-02-28,33.2,33.5,32.9,33.3,172367
2018-03-01,33.4,33.5,32.9,33.4,179171
2018-03-04,33.6,33.9,33.3,33.5,360833
2018-03-05,33.5,33.6,33.2,33.5,172479
2018-03-06,33.9,34.1,33.3,33.7,287339
2018-03-07,33.1,33.9,33.1,33.4,293898
2018-03-08,33.3,33.3,33.0,33.1,131820
2018-03-11,33.4,33.4,32.5,32.6,237973
2018-03-12,32.5,32.7,31.8,32.0,223268
2018-03-13,32.2,32.3,31.2,31.4,329167
2018-03-14,31.7,31.9,31.4,31.6,133785
2018-03-15,31.9,32.4,31.5,32.0,131015
2018-03-18,32.5,32.5,31.6,32.1,192038
2018-03-19,32.0,32.0,31.5,31.7,103921
2018-03-20,32.0,32.0,31.1,31.4,127793
2018-03-21,31.7,31.7,30.9,31.0,260431
2018-03-22,31.2,31.4,30.1,30.7,179096
2018-03-25,31.0,31.5,30.2,30.5,151482
2018-03-27,30.5,30.5,29.8,30.0,292435
2018-03-28,30.0,30.4,29.8,30.1,134726
2018-03-29,30.2,31.0,30.0,30.6,217762
2018-04-01,31.0,31.8,31.0,31.3,398621
2018-04-02,31.9,32.8,31.3,32.3,601514
2018-04-03,32.3,32.7,32.0,32.2,340391
2018-04-04,32.4,32.6,31.5,31.8,326509
2018-04-05,32.1,32.1,31.3,31.7,464958
2018-04-08,31.7,32.2,31.7,32.0,307044
2018-04-09,32.0,33.7,32.0,33.3,1058807
2018-04-10,33.3,33.4,32.8,32.9,531221
2018-04-11,33.1,34.5,33.1,34.1,2085515
2018-04-12,34.2,34.5,33.5,33.6,648178
2018-04-15,33.5,33.8,32.8,33.1,734524
2018-04-16,33.3,33.4,32.3,32.9,322494
2018-04-17,33.6,33.6,32.6,32.8,320657
2018-04-18,32.8,32.8,32.4,32.7,200277
2018-04-19,33.0,33.0,32.2,32.3,368942
2018-04-22,32.4,32.5,31.8,31.9,350642
2018-04-23,32.6,32.6,31.6,31.7,89390
2018-04-24,31.7,32.0,31.6,31.7,132750
2018-04-25,31.7,31.9,31.5,31.6,245149
2018-04-26,31.7,32.2,31.6,31.9,200539
2018-04-30,32.0,32.2,31.2,31.3,143213
2018-05-03,31.5,31.6,31.0,31.2,233700
2018-05-06,31.5,31.7,31.3,31.5,187678
2018-05-07,32.0,32.2,31.6,31.7,349896
2018-05-08,31.6,32.0,31.0,31.1,336900
2018-05-09,31.0,31.6,31.0,31.1,207788
2018-05-10,31.5,31.5,31.0,31.0,160060
2018-05-13,31.4,31.5,30.7,31.0,151197
2018-05-14,30.9,31.0,30.7,30.8,153900
2018-05-15,31.1,31.1,30.6,30.7,126799
2018-05-16,30.7,30.9,30.3,30.4,148358
2018-05-17,30.4,30.4,29.6,29.8,169187
2018-05-20,30.0,30.0,28.9,29.1,264131
2018-05-21,29.1,29.9,29.0,29.5,154140
2018-05-22,29.6,29.8,29.2,29.4,114162
2018-05-23,29.3,29.8,28.9,29.1,157125
2018-05-24,29.3,30.6,29.0,30.2,290864
2018-05-27,30.4,30.9,30.1,30.5,240252
2018-05-28,30.5,30.7,29.9,30.0,167869
2018-05-29,29.9,30.0,29.5,29.7,88198
2018-05-30,30.0,30.0,29.7,29.7,166891
2018-05-31,29.7,29.8,29.5,29.5,120236
2018-06-03,29.3,29.6,29.0,29.1,206472
2018-06-04,29.1,29.4,28.9,29.0,261572
2018-06-05,29.5,29.5,28.8,28.9,337930
2018-06-06,29.0,29.5,28.9,29.0,250976
2018-06-07,29.3,29.4,28.9,29.0,254876
2018-06-10,29.3,29.5,28.9,29.0,123468
2018-06-11,29.0,29.0,28.9,29.0,213517
2018-06-12,29.0,29.1,28.8,29.0,221347
2018-06-18,29.0,29.3,28.8,28.9,61220
2018-06-19,28.8,29.4,28.8,28.9,371959
2018-06-20,29.2,30.2,28.9,29.7,333449
2018-06-21,30.0,30.1,29.6,29.7,271821
2018-06-24,29.9,30.0,29.5,29.7,390809
2018-06-25,29.7,29.9,29.2,29.3,330775
2018-06-26,29.2,29.3,28.8,28.9,419236
2018-06-27,29.3,29.5,28.9,29.1,1351392
2018-06-28,29.3,29.4,28.7,28.8,737718
2018-07-02,29.0,29.0,28.5,28.5,268990
2018-07-03,28.9,29.0,28.4,28.4,303605
2018-07-04,28.2,28.7,28.2,28.5,293937
2018-07-05,28.9,29.9,28.9,29.7,530450
2018-07-08,29.9,31.3,29.8,30.1,941546
2018-07-09,30.3,30.9,30.0,30.7,607922
2018-07-10,31.4,33.5,30.9,32.7,1639114
2018-07-11,33.0,34.3,31.6,32.2,1402490
2018-07-12,32.0,32.5,31.3,31.3,730571
2018-07-15,31.4,32.2,31.2,32.0,568329
2018-07-16,32.3,32.6,32.0,32.0,518240
2018-07-17,32.1,32.3,31.6,31.7,362306
2018-07-18,31.7,32.0,31.7,31.8,450603
2018-07-19,31.9,33.8,31.8,33.5,1006079
2018-07-22,34.3,36.8,33.7,36.8,4738845
2018-07-23,37.0,38.3,34.9,35.2,1618956
2018-07-24,35.3,36.9,34.5,35.9,1932055
2018-07-25,36.9,39.0,36.9,38.3,7031510
2018-07-26,38.2,39.6,37.7,39.3,7855384
2018-07-29,39.3,39.5,36.0,37.4,2667826
2018-07-30,36.7,36.8,35.7,36.1,1599810
2018-07-31,36.2,37.8,36.0,37.5,1571190
2018-08-01,37.5,37.9,36.2,36.4,1196115
2018-08-02,36.9,37.1,35.8,36.0,828902
2018-08-05,36.0,36.3,34.7,34.9,1217604
2018-08-06,35.0,35.7,34.5,35.0,895750
2018-08-07,35.2,35.4,33.9,34.3,1061413
2018-08-08,34.5,35.3,34.0,35.1,1354359
2018-08-09,35.3,36.7,35.2,36.6,1753336
2018-08-12,36.8,37.1,35.7,35.9,990108
2018-08-13,35.3,36.1,35.1,35.8,446819
2018-08-14,36.0,37.6,36.0,37.3,3276094
2018-08-16,37.3,38.6,37.1,38.2,3815196
2018-08-19,38.0,38.3,36.5,36.7,1320398
2018-08-20,36.9,38.0,36.2,37.6,1862497
2018-08-26,37.7,39.9,37.7,39.7,6412646
2018-08-27,39.8,40.3,38.7,38.8,6169610
2018-08-28,38.8,39.0,37.9,38.7,3359545
2018-08-29,39.0,39.6,38.1,38.4,3689933
2018-08-30,38.4,39.0,37.8,38.0,4602409
2018-09-03,38.2,38.7,37.8,38.2,2113915
2018-09-04,38.5,38.5,37.8,38.0,2001450
2018-09-05,38.0,38.3,37.4,37.8,2894525
2018-09-06,38.0,41.0,37.9,40.5,11354372
2018-09-09,41.0,43.5,40.5,42.5,16954503
2018-09-10,42.5,46.1,42.5,43.3,17676448
2018-09-11,43.8,44.9,42.7,44.1,11641567
2018-09-12,44.5,47.8,44.5,47.2,16762499
2018-09-13,47.7,50.0,46.0,46.4,18271622
2018-09-16,46.9,47.6,43.8,44.5,11054723
2018-09-17,44.7,45.8,42.9,45.1,9671652
2018-09-18,45.6,47.3,45.2,46.1,13408891
2018-09-19,46.1,46.4,43.5,43.9,8101308
2018-09-20,44.0,44.1,42.5,42.8,8214254
2018-09-23,43.1,45.1,42.9,44.1,6546223
2018-09-24,44.4,44.4,42.6,42.7,4508781
2018-09-25,42.8,43.6,42.4,43.2,4684506
2018-09-26,43.2,44.0,42.9,43.1,4823476
2018-09-27,43.3,43.4,41.0,41.2,3720810
2018-09-30,41.5,43.1,40.5,42.8,3630252
2018-10-01,42.9,43.1,41.8,42.0,3007273
2018-10-02,42.0,42.3,41.5,41.6,1509412
2018-10-03,41.6,43.8,41.5,43.2,3254617
2018-10-04,43.5,45.3,43.5,43.9,10843028
2018-10-07,44.5,45.5,43.8,45.1,7567409
2018-10-08,45.3,46.5,44.4,45.0,7366886
2018-10-09,45.3,45.3,42.8,43.1,4766168
2018-10-10,43.4,44.4,42.8,43.1,5465721
2018-10-11,44.4,44.5,42.9,43.0,2723951
2018-10-14,43.0,43.1,41.5,41.7,1961555
2018-10-15,41.9,42.4,39.9,40.3,2947752
2018-10-16,40.5,42.6,40.4,42.4,3950057
2018-10-17,42.3,42.5,40.6,40.8,1763824
2018-10-18,40.8,41.2,39.0,39.5,2059472
2018-10-21,39.9,39.9,37.4,37.6,1917010
2018-10-22,38.0,38.5,36.4,36.7,1191495
2018-10-23,36.8,37.7,36.6,36.9,1439230
2018-10-24,36.9,37.7,36.7,37.5,1472845
2018-10-25,38.0,41.0,37.7,40.7,3605221
2018-10-28,40.9,40.9,38.4,38.9,2551585
2018-10-29,39.0,39.8,38.6,39.3,934913
2018-10-30,39.8,40.7,39.4,39.6,1731883
2018-10-31,39.9,40.0,38.0,38.3,910922
2018-11-01,38.4,38.7,37.4,37.8,1618536
2018-11-04,38.2,38.2,37.2,37.7,1130357
2018-11-05,37.9,39.0,37.6,37.8,1091424
2018-11-06,38.0,38.1,36.2,36.6,1474599
2018-11-07,36.8,37.8,36.6,36.9,1294668
2018-11-08,37.1,37.2,35.8,36.0,1992305
2018-11-11,36.5,37.3,36.1,36.6,1152277
2018-11-12,36.6,36.7,35.4,35.6,1474597
2018-11-13,36.0,36.1,34.5,35.2,1254029
2018-11-14,35.0,35.0,32.0,32.8,4156075
2018-11-18,28.0,30.0,28.0,30.0,2592685
2018-11-19,30.5,31.8,28.7,29.1,2095938
2018-11-20,29.2,29.4,28.1,28.3,1321741
2018-11-22,28.5,29.6,28.3,28.9,1208112
2018-11-25,28.8,29.5,28.5,28.6,754168
2018-11-26,28.6,28.9,28.2,28.3,1076600
2018-11-27,28.4,28.5,27.6,27.9,1516168
2018-11-28,28.1,28.5,27.9,28.1,1305041
2018-11-29,28.4,28.4,27.5,27.7,1187915
2018-12-02,27.7,28.6,27.5,28.4,1111739
2018-12-03,28.6,29.5,28.6,29.1,1617491
2018-12-04,29.3,29.4,28.8,28.9,1212083
2018-12-05,28.9,29.4,28.7,28.9,1153070
2018-12-06,29.0,29.3,28.3,28.4,772921
2018-12-09,28.5,28.5,27.7,27.8,917241
2018-12-10,27.7,28.1,27.5,27.7,596977
2018-12-11,27.8,28.1,27.2,27.3,698924
2018-12-12,27.5,27.6,26.5,26.8,1078141
2018-12-13,26.8,27.0,26.3,26.5,591485
2018-12-17,26.6,26.6,26.1,26.2,476541
2018-12-18,26.1,26.7,26.1,26.6,411980
2018-12-19,26.6,27.3,26.5,27.0,480141
2018-12-20,27.1,27.6,27.1,27.4,781107
2018-12-23,27.6,28.1,27.5,28.0,550872
2018-12-24,28.0,28.4,27.8,28.2,647765
2018-12-26,28.4,28.6,28.0,28.2,689080
2018-12-27,28.3,28.4,27.9,28.2,709628
2019-01-01,28.4,29.4,28.0,29.0,945820
2019-01-02,29.0,29.7,28.5,29.5,1851325
2019-01-03,29.5,31.5,29.1,31.0,2571256
2019-01-06,31.2,31.4,30.5,31.0,2959583
2019-01-07,31.1,31.4,30.6,30.9,3117915
2019-01-08,30.9,32.4,30.4,32.0,5377036
2019-01-09,32.1,32.2,29.6,30.1,9562206
2019-01-10,30.0,30.4,29.6,29.8,5303083
2019-01-13,30.3,30.7,29.9,30.4,3080432
2019-01-14,30.5,31.4,30.5,31.2,5760908
2019-01-15,31.4,31.8,31.3,31.6,6997546
2019-01-16,31.8,31.8,30.6,30.8,3334934
2019-01-17,30.8,30.8,29.5,29.7,6272854
2019-01-20,29.8,29.9,29.0,29.6,2669042
2019-01-21,29.6,30.4,29.5,30.0,1830530
2019-01-22,30.0,30.2,29.2,29.4,1787909
2019-01-23,29.9,29.9,28.8,28.9,2819594
2019-01-24,28.9,29.3,28.2,29.0,3527749
2019-01-27,29.4,29.5,28.7,28.8,2573071
2019-01-28,28.8,29.4,28.8,28.9,2004013
2019-01-29,28.9,29.0,28.5,28.6,1241567
2019-01-30,29.1,30.3,29.1,29.6,3999700
2019-01-31,29.8,29.9,29.1,29.2,1211154
2019-02-03,29.5,29.6,28.6,28.7,1944718
2019-02-04,29.1,29.1,28.7,28.8,1192028
2019-02-05,29.1,29.1,28.5,28.6,887564
2019-02-06,28.6,28.9,28.5,28.7,792806
2019-02-07,28.7,28.9,28.4,28.5,1226615
2019-02-10,28.5,28.5,28.0,28.1,1209759
2019-02-11,28.4,28.5,28.0,28.2,953059
2019-02-12,28.2,28.7,28.1,28.6,1156851
2019-02-13,28.9,29.7,28.7,29.4,2154498
2019-02-14,29.4,29.4,29.0,29.1,1252351
2019-02-17,29.3,29.5,28.5,28.7,1091109
2019-02-18,28.7,29.1,28.4,28.5,898684
2019-02-19,28.5,28.9,28.4,28.5,742794
2019-02-20,28.4,28.8,28.4,28.4,546096
2019-02-24,28.4,28.4,28.1,28.2,731519
2019-02-25,28.2,28.3,28.0,28.1,566451
2019-02-26,28.2,28.4,28.0,28.1,474548
2019-02-27,28.1,28.3,27.9,28.0,868523
2019-03-03,28.0,28.4,27.8,28.1,1321267
2019-03-04,28.1,28.4,27.7,27.9,1075082
2019-03-05,28.1,28.1,27.7,27.8,519500
2019-03-06,27.9,28.0,27.6,27.6,746359
2019-03-07,27.8,28.1,27.4,27.9,925503
2019-03-10,27.9,28.3,27.8,27.9,480212
2019-03-11,28.0,28.0,27.7,27.7,524192
2019-03-12,27.7,27.7,27.3,27.4,481151
2019-03-13,27.5,27.6,27.0,27.2,606575
2019-03-14,27.3,27.3,26.0,26.3,601528
2019-03-18,26.5,26.5,25.5,25.8,533140
2019-03-19,26.1,26.9,25.9,26.7,496404
2019-03-20,26.7,26.9,26.5,26.5,359259
2019-03-21,26.6,26.6,26.0,26.1,333144
2019-03-24,26.1,26.4,26.0,26.2,429408
2019-03-25,26.3,26.6,26.1,26.5,613396
2019-03-27,26.6,26.7,26.2,26.4,228421
2019-03-28,26.4,26.6,26.3,26.5,318390
2019-03-31,26.6,26.6,26.1,26.4,457391
2019-04-01,26.5,26.5,26.1,26.2,250123
2019-04-02,26.3,26.5,26.2,26.4,183408
2019-04-03,26.5,26.6,25.9,26.0,463466
2019-04-04,26.0,26.4,25.6,25.9,472664
2019-04-07,26.0,26.0,25.6,25.7,180615
2019-04-08,25.6,25.7,25.0,25.1,392635
2019-04-09,25.2,25.2,24.2,24.6,512413
2019-04-10,24.6,24.7,23.7,23.9,428566
2019-04-11,24.0,24.8,24.0,24.5,604695
2019-04-15,24.8,24.9,24.1,24.2,314283
2019-04-16,24.3,24.3,23.8,23.9,410587
2019-04-17,24.0,25.1,23.7,24.7,876653
2019-04-18,24.7,27.0,24.6,26.9,1580156
2019-04-21,27.0,27.2,26.6,26.7,767766
2019-04-23,26.5,26.5,25.8,26.1,568589
2019-04-24,26.2,26.8,25.8,26.7,641531
2019-04-25,26.9,27.9,26.7,27.6,2526803
2019-04-28,27.7,27.7,27.0,27.2,735930
2019-04-29,27.2,27.3,26.4,26.5,1019146
2019-04-30,26.9,27.3,26.7,27.1,1509911
2019-05-02,27.2,29.0,27.2,28.8,3125265
2019-05-05,29.2,29.3,28.6,28.9,3535932
2019-05-06,28.9,29.0,28.3,28.4,1438486
2019-05-07,28.8,29.0,27.9,28.1,1565092
2019-05-08,28.0,28.2,27.2,27.5,838118
2019-05-09,27.9,28.0,27.4,27.8,924951
2019-05-12,27.9,28.2,27.7,27.9,609089
2019-05-13,28.0,28.1,27.4,27.5,482807
2019-05-14,27.4,27.6,27.0,27.0,487464
2019-05-15,27.4,27.4,26.9,27.0,447735
2019-05-16,27.3,27.7,27.2,27.5,310081
2019-05-19,27.8,28.4,27.7,28.2,1262980
2019-05-20,28.0,28.0,27.6,27.6,462522
2019-05-21,27.7,28.0,27.1,27.3,793822
2019-05-22,27.6,28.2,27.4,28.0,683169
2019-05-23,28.2,28.2,27.5,27.6,469748
2019-05-26,28.0,28.0,27.2,27.3,498971
2019-05-27,27.6,27.6,27.0,27.1,522316
2019-05-28,27.2,27.5,27.1,27.2,644776
2019-05-29,27.4,27.7,27.3,27.6,361757
2019-05-30,27.6,27.6,27.3,27.4,536071
2019-06-09,27.6,27.8,27.3,27.5,289633
2019-06-10,27.6,28.1,27.6,27.9,655247
2019-06-11,28.0,29.0,27.8,28.7,1654789
2019-06-12,28.6,28.6,28.2,28.4,863649
2019-06-13,28.3,28.5,28.2,28.3,832623
2019-06-16,28.3,28.7,27.5,27.7,838530
2019-06-17,27.7,27.9,27.4,27.6,650099
2019-06-18,27.6,27.9,27.5,27.6,534701
2019-06-19,27.8,27.9,27.3,27.5,788048
2019-06-20,27.7,27.7,27.3,27.4,301302
2019-06-23,27.5,27.5,27.2,27.3,288171
2019-06-24,27.3,27.4,27.1,27.2,469935
2019-06-25,27.3,27.6,27.2,27.5,238041
2019-06-26,27.7,27.7,27.4,27.6,343792
2019-06-27,27.7,27.7,27.2,27.4,514471
2019-06-30,27.5,27.6,27.3,27.4,464758
2019-07-02,27.4,27.8,27.3,27.6,392528
2019-07-03,27.7,27.9,27.4,27.5,455042
2019-07-04,27.5,27.6,27.4,27.5,334668
2019-07-07,27.7,27.7,27.1,27.2,504781
2019-07-08,27.5,27.5,26.7,26.8,798263
2019-07-09,26.8,26.9,25.7,25.9,799191
2019-07-10,25.9,26.1,25.2,25.3,413290
2019-07-11,25.3,25.3,24.9,25.0,542505
2019-07-14,25.1,25.2,24.9,25.0,417707
2019-07-15,24.9,25.0,24.2,24.5,261792
2019-07-16,24.5,24.8,24.3,24.6,301269
2019-07-17,24.6,25.0,24.5,24.6,397688
2019-07-18,24.6,24.8,23.7,23.9,1063883
2019-07-21,24.0,24.0,22.0,22.1,1281212
2019-07-22,22.3,22.5,20.0,21.8,1166201
2019-07-23,22.0,23.6,22.0,23.4,884221
2019-07-24,23.2,23.6,22.8,23.5,793176
2019-07-25,23.5,24.4,23.5,24.3,571256
2019-07-28,24.2,24.4,23.6,23.7,518098
2019-07-29,23.7,24.5,23.3,24.3,588312
2019-07-30,24.3,24.7,23.9,24.0,583044
2019-07-31,24.0,24.7,23.9,24.0,458435
2019-08-01,24.0,24.4,23.9,24.3,561805
2019-08-04,24.3,24.6,24.0,24.1,479753
2019-08-05,24.3,24.7,23.9,24.1,633017
2019-08-06,24.1,24.9,24.1,24.7,688783
2019-08-07,24.9,25.0,24.1,24.3,408097
2019-08-08,24.2,24.6,24.1,24.3,275663
2019-08-18,24.4,24.6,24.2,24.5,292360
2019-08-19,24.6,24.8,24.5,24.7,342669
2019-08-20,24.8,24.8,24.4,24.6,422125
2019-08-21,24.8,24.8,24.5,24.6,227619
2019-08-22,24.7,26.0,24.5,25.7,1907200
2019-08-25,25.9,26.2,25.3,25.4,474705
2019-08-26,25.4,25.4,24.2,24.4,1144626
2019-08-27,24.6,24.7,24.3,24.4,479370
2019-08-28,24.6,24.6,24.0,24.1,553307
2019-08-29,24.3,24.3,23.7,23.8,567202
2019-09-01,23.9,24.0,23.2,23.4,343449
2019-09-02,23.5,23.5,22.9,23.0,535411
2019-09-03,23.2,23.3,22.7,23.1,402066
2019-09-04,23.2,23.3,22.8,22.9,367709
2019-09-05,23.6,23.6,23.0,23.1,528725
2019-09-08,23.4,23.5,23.1,23.2,555216
2019-09-09,23.2,23.2,22.7,22.8,291020
2019-09-11,22.9,23.0,22.0,22.1,533521
2019-09-12,22.2,22.2,21.8,22.1,462416
2019-09-15,22.1,22.4,21.9,22.0,306396
2019-09-16,22.2,22.8,22.2,22.7,497363
2019-09-17,23.0,23.0,22.4,22.5,321657
2019-09-18,22.5,22.7,22.1,22.2,325433
2019-09-19,22.2,22.4,21.5,21.6,382610
2019-09-22,22.0,22.0,21.2,21.6,284486
2019-09-23,21.9,22.4,21.9,22.0,391348
2019-09-24,22.1,22.2,21.6,21.7,264286
2019-09-25,21.6,21.9,21.3,21.5,251303
2019-09-26,21.5,21.6,21.4,21.4,330900
2019-09-29,21.4,21.7,21.1,21.2,314803
2019-09-30,21.2,21.5,20.9,21.0,454178
2019-10-01,21.0,21.5,21.0,21.5,348982
2019-10-02,21.3,21.5,21.0,21.3,296195
2019-10-03,21.3,21.4,21.0,21.2,228686
2019-10-06,21.2,21.4,21.1,21.2,175667
2019-10-07,21.2,21.3,20.5,20.7,381735
2019-10-09,20.7,20.8,19.8,20.0,446445
2019-10-10,20.1,20.1,18.3,18.5,1333401
2019-10-13,18.6,18.9,18.0,18.1,736636
2019-10-14,18.2,18.3,17.6,17.9,759491
2019-10-15,18.1,19.4,18.1,19.1,824041
2019-10-16,19.3,19.3,18.5,18.6,508886
2019-10-17,18.5,18.5,18.2,18.4,265663
2019-10-20,18.4,18.6,18.3,18.5,333650
2019-10-21,18.4,18.4,18.0,18.0,320407
2019-10-22,18.0,18.0,17.2,17.3,466275
2019-10-23,17.2,17.7,17.0,17.4,467006
2019-10-24,17.4,18.5,17.4,18.1,863336
2019-10-27,18.3,18.7,18.1,18.2,523123
2019-10-28,17.9,18.2,17.1,17.3,672463
2019-10-29,17.4,17.6,17.1,17.2,524696
2019-10-30,17.3,18.5,17.3,18.3,1512289
2019-10-31,18.3,18.7,17.8,18.4,696000
2019-11-03,18.4,19.2,18.3,19.1,1104554
2019-11-04,19.6,19.6,18.5,18.7,683636
2019-11-05,18.9,19.0,18.3,18.7,839073
2019-11-06,18.6,19.2,18.4,19.1,1105151
2019-11-07,19.2,19.3,18.7,18.8,427116
2019-11-11,19.0,19.0,18.4,18.5,631959
2019-11-12,18.8,18.9,18.2,18.3,574488
2019-11-13,18.3,18.3,17.5,17.7,637083
2019-11-14,17.8,17.9,17.1,17.3,890381
2019-11-17,17.5,17.5,17.0,17.1,553004
2019-11-18,17.5,17.7,17.3,17.6,604095
2019-11-19,17.9,19.3,17.9,19.1,3465546
2019-11-20,19.1,19.3,18.6,18.8,1130046
2019-11-21,19.0,19.0,18.5,18.6,922807
2019-11-24,18.6,19.0,18.5,18.6,908718
2019-11-25,18.9,19.1,18.6,18.7,1228104
2019-11-26,18.9,19.4,18.8,19.1,2359307
2019-11-27,19.3,20.0,19.2,19.4,2158684
2019-11-28,19.5,19.7,18.8,19.1,1996905
2019-12-01,17.3,17.9,16.2,16.9,4058284
2019-12-02,16.9,17.4,16.7,16.9,1152830
2019-12-03,17.0,17.0,16.4,16.5,1166904
2019-12-04,16.6,16.8,16.1,16.2,867802
2019-12-05,16.4,16.8,16.1,16.4,1547250
2019-12-08,16.4,16.5,15.9,16.0,799013
2019-12-09,16.2,16.2,15.6,15.7,642823
2019-12-10,15.9,15.9,15.4,15.4,553918
2019-12-11,15.5,15.6,15.0,15.3,576344
2019-12-12,15.3,15.7,15.0,15.5,638895
2019-12-15,15.3,15.5,15.0,15.1,647648
2019-12-17,15.1,15.3,14.5,14.7,560843
2019-12-18,14.69999981,14.69999981,14.19999981,14.39999962,742075
2019-12-22,14.4,15.0,13.7,13.9,1410034
2019-12-23,13.9,14.1,13.7,13.9,695348
2019-12-24,14.0,14.2,13.8,14.1,918790
2019-12-26,14.1,14.6,14.1,14.5,825850
2019-12-29,14.5,14.8,14.5,14.6,629027
2019-12-30,14.6,14.9,14.6,14.7,655708
2020-01-01,14.8,14.9,14.5,14.6,372461
2020-01-02,14.6,14.9,14.4,14.7,617932
2020-01-05,14.7,14.9,14.4,14.5,469290
2020-01-06,14.5,14.6,13.6,13.8,614045
2020-01-07,14.0,14.0,13.6,13.7,222980
2020-01-08,13.7,13.9,13.3,13.4,446392
2020-01-09,13.6,13.7,13.3,13.5,404417
2020-01-12,13.6,13.8,13.4,13.5,394801
2020-01-13,13.5,13.5,13.0,13.1,409088
2020-01-14,13.2,13.3,12.6,12.8,363972
2020-01-15,13.2,13.2,12.5,12.7,262422
2020-01-16,12.8,12.8,12.5,12.6,367695
2020-01-19,12.8,13.5,12.8,13.3,1077535
2020-01-20,13.4,13.7,13.3,13.5,1018183
2020-01-21,14.3,14.3,13.2,13.2,348938
2020-01-22,13.2,13.5,13.1,13.4,713102
2020-01-23,13.4,14.0,13.4,13.9,1091336
2020-01-26,14.2,14.9,14.0,14.7,1683978
2020-01-27,14.7,14.7,14.0,14.1,614956
2020-01-28,14.2,14.4,14.1,14.2,371597
2020-01-29,14.4,14.5,14.1,14.1,276367
2020-01-30,14.1,14.1,13.8,13.8,294697
2020-02-02,13.7,13.8,13.4,13.6,310940
2020-02-03,13.6,14.0,13.6,13.9,705597
2020-02-04,13.9,14.4,13.9,13.9,1020156
2020-02-05,13.9,14.0,13.7,13.8,415016
2020-02-06,14.1,14.5,13.8,14.4,1165879
2020-02-09,14.4,14.8,14.4,14.5,1180311
2020-02-10,14.8,14.8,14.0,14.1,911078
2020-02-11,14.2,14.5,14.2,14.3,1296983
2020-02-12,14.4,14.6,14.2,14.3,1115717
2020-02-13,14.4,15.7,14.4,15.7,3724197
2020-02-16,15.7,17.2,15.7,16.7,3631998
2020-02-17,16.8,16.8,16.0,16.7,2831724
2020-02-18,16.8,17.4,16.3,16.5,3192984
2020-02-19,16.4,17.3,16.3,17.0,2611988
2020-02-20,17.3,17.3,16.3,16.4,1724282
2020-02-23,17.0,17.0,15.8,16.0,1011874
2020-02-24,16.0,16.4,15.9,16.1,626902
2020-02-25,16.4,16.5,16.0,16.3,1113321
2020-02-26,16.5,16.7,16.3,16.3,1140685
2020-02-27,16.8,16.8,16.2,16.3,916203
2020-03-01,16.3,16.3,15.5,15.6,898266
2020-03-02,16.0,16.2,15.4,16.1,844528
2020-03-03,16.1,16.7,16.0,16.4,1758064
2020-03-04,16.7,16.7,15.6,15.7,1103161
2020-03-05,16.5,16.5,15.4,15.5,486644
2020-03-08,15.8,15.8,14.3,14.5,1132655
2020-03-09,14.5,14.5,13.1,13.1,1191959
2020-03-10,13.1,14.0,13.1,13.9,603580
2020-03-11,14.3,14.5,13.8,14.0,775202
2020-03-12,14.0,14.2,13.2,13.3,977036
2020-03-15,13.8,13.8,12.0,12.3,1558361
2020-03-16,12.7,12.7,11.2,11.4,1084939
2020-03-18,12.0,12.2,10.5,10.7,1417557
2020-03-19,12.4,12.4,12.4,12.4,34413
2020-03-22,12.3,12.3,12.3,12.3,55465
2020-03-23,12.3,12.3,12.3,12.3,247240
2020-03-24,12.3,12.3,12.3,12.3,87890
2020-03-25,12.3,12.3,12.3,12.3,313921
2020-05-31,12.3,12.9,12.3,12.5,907385
2020-06-01,12.9,13.3,12.3,12.7,1134846
2020-06-02,12.7,12.7,12.3,12.3,493443
2020-06-03,12.3,12.4,12.3,12.3,327541
2020-06-04,12.3,12.3,12.3,12.3,47600
2020-06-07,12.3,12.3,12.3,12.3,25844
2020-06-08,12.3,12.3,12.3,12.3,2665
2020-06-09,12.3,12.3,12.3,12.3,128079
2020-06-10,12.3,12.3,12.3,12.3,150860
2020-06-11,12.3,12.3,12.3,12.3,14282
2020-06-14,12.3,12.3,12.3,12.3,7707
2020-06-15,12.3,12.3,12.3,12.3,1
2020-06-16,12.3,12.3,12.3,12.3,8450
2020-06-17,12.3,12.3,12.3,12.3,250
2020-06-18,12.3,12.3,12.3,12.3,5
2020-06-21,12.3,12.3,12.3,12.3,2972
2020-06-22,12.3,12.3,12.3,12.3,2910
2020-06-23,12.3,12.3,12.3,12.3,4170
2020-06-24,12.3,12.3,12.3,12.3,9872
2020-06-25,12.3,12.3,12.3,12.3,8761
2020-06-28,12.3,12.3,12.3,12.3,1950
2020-06-29,12.3,12.3,12.3,12.3,7547
2020-06-30,12.3,12.3,12.3,12.3,10269
2020-07-02,12.3,12.3,12.3,12.3,1100
2020-07-05,12.3,12.3,12.3,12.3,53500
2020-07-06,12.3,12.3,12.3,12.3,18506
2020-07-07,12.3,12.3,12.3,12.3,21847
2020-07-08,12.3,12.3,12.3,12.3,89746
2020-07-09,12.3,13.5,12.3,13.3,2687788
2020-07-12,13.3,13.6,13.0,13.4,789350
2020-07-13,13.5,13.6,13.0,13.1,940115
2020-07-14,13.2,13.3,12.6,12.7,566425
2020-07-15,12.7,12.9,12.3,12.5,979271
2020-07-16,12.5,12.6,12.3,12.5,509412
2020-07-19,12.5,12.5,12.3,12.3,251285
2020-07-20,12.3,12.5,12.3,12.4,469308
2020-07-21,12.3,12.6,12.3,12.6,624031
2020-07-22,12.6,12.8,12.4,12.6,325053
2020-07-23,12.5,12.5,12.3,12.3,493994
2020-07-26,12.5,12.6,12.3,12.4,263200
2020-07-27,12.5,12.6,12.4,12.4,511083
2020-07-28,12.5,12.6,12.4,12.5,666145
2020-07-29,12.6,13.0,12.5,12.8,1199749
2020-07-30,12.9,14.0,12.9,14.0,3550020
2020-08-03,14.2,15.4,14.2,15.4,2384240
2020-08-04,16.5,16.9,15.6,16.9,6180480
2020-08-05,17.1,18.0,16.6,17.5,4598880
2020-08-06,17.5,19.0,17.0,18.1,4939050
2020-08-09,18.2,19.0,17.8,18.1,3764580
2020-08-10,18.2,18.3,17.2,17.4,3796430
2020-08-12,17.9,19.0,17.9,18.9,4438710
2020-08-13,19.1,19.6,18.2,18.4,2804220
2020-08-16,18.4,18.9,18.0,18.2,4622490
2020-08-17,18.3,18.6,17.4,17.6,3082526
2020-08-18,17.6,17.9,16.8,16.9,2224140
2020-08-19,17.2,18.5,17.2,18.5,4685411
2020-08-20,18.7,20.3,18.7,19.7,11948568
2020-08-23,20.5,20.6,19.1,19.4,5782729
2020-08-24,19.4,19.5,18.6,18.8,2607427
2020-08-25,19.1,20.0,18.8,19.2,3887979
2020-08-26,19.5,19.5,18.5,18.7,2337187
2020-08-27,19.1,19.1,18.5,18.6,2247680
2020-08-31,18.9,19.1,18.1,18.3,2325691
2020-09-01,18.6,18.7,17.8,18.1,1920062
2020-09-02,19.0,19.0,18.0,18.5,1631408
2020-09-03,18.7,18.9,18.3,18.6,1885213
2020-09-06,18.4,18.9,18.0,18.1,1791370
2020-09-07,18.3,18.4,18.1,18.3,1289408
2020-09-08,18.5,19.3,18.1,18.9,3475114
2020-09-09,19.1,19.7,18.6,18.7,2364848
2020-09-10,18.8,18.8,18.3,18.5,1561278
2020-09-13,18.5,18.9,18.0,18.4,3265903
2020-09-14,18.5,18.6,18.1,18.2,1723036
2020-09-15,18.3,18.5,17.9,18.0,2018969
2020-09-16,18.1,18.3,17.9,18.0,1763969
2020-09-17,18.2,18.2,17.8,17.8,1736460
2020-09-20,18.0,18.0,17.6,17.7,1092108
2020-09-21,17.7,17.8,17.2,17.3,1280806
2020-09-22,17.3,17.3,16.6,16.8,1095004
2020-09-23,17.1,17.3,16.4,16.6,1113392
2020-09-24,16.7,16.7,16.1,16.3,1119245
2020-09-27,16.4,16.6,15.9,16.1,1162657
2020-09-28,16.1,16.7,16.1,16.5,903081
2020-09-29,16.6,17.0,16.6,16.8,1699391
2020-09-30,16.9,16.9,16.4,16.5,1000154
2020-10-01,16.5,16.9,16.5,16.7,691336
2020-10-04,16.8,17.1,16.6,16.6,687048
2020-10-05,16.6,16.8,16.2,16.3,803498
2020-10-06,16.7,17.0,16.2,16.5,1013081
2020-10-07,16.7,16.7,16.3,16.4,463035
2020-10-08,16.3,16.5,16.0,16.1,699794
2020-10-11,16.1,16.3,14.6,14.8,1271869
2020-10-12,15.0,15.2,14.5,14.6,592135
2020-10-13,14.7,15.1,14.6,14.9,884584
2020-10-14,15.0,15.8,15.0,15.3,1000874
2020-10-15,15.5,15.6,15.0,15.1,610534
2020-10-18,15.2,15.2,14.4,14.5,697354
2020-10-19,14.6,14.8,14.3,14.7,648207
2020-10-20,14.9,16.1,14.6,16.1,2351618
2020-10-21,16.4,16.6,15.8,15.9,1581833
2020-10-22,15.8,16.0,15.1,15.4,1204720
2020-10-25,15.8,15.8,14.9,15.1,359531
2020-10-27,15.1,15.4,14.9,15.1,682895
2020-10-28,14.9,14.9,14.0,14.2,1377329
2020-10-29,14.1,14.4,13.5,13.9,804174
2020-11-01,14.1,15.1,14.0,14.9,872797
2020-11-02,15.0,15.3,14.7,14.8,879197
2020-11-03,14.8,14.9,14.5,14.6,713769
2020-11-04,14.6,14.8,14.4,14.4,429401
2020-11-05,14.5,14.7,14.2,14.3,1041048
2020-11-08,14.3,14.5,13.8,13.8,839590
2020-11-09,14.0,15.2,13.8,15.2,2104351
2020-11-10,15.3,15.5,14.4,14.5,1221806
2020-11-11,14.4,14.7,14.1,14.2,819028
2020-11-12,14.5,14.6,14.3,14.5,623981
2020-11-15,14.8,14.8,14.4,14.5,799121
2020-11-16,14.8,15.2,14.5,14.7,995680
2020-11-17,14.9,15.1,14.8,14.8,1206207
2020-11-18,15.0,15.0,14.5,14.6,528067
2020-11-19,14.6,14.7,14.3,14.3,835615
2020-11-22,14.5,14.5,13.8,14.0,714524
2020-11-23,13.9,13.9,13.6,13.9,409131
2020-11-24,13.9,14.1,13.7,13.7,911810
2020-11-25,13.5,13.8,13.5,13.7,712631
2020-11-26,14.0,14.6,14.0,14.0,1113826
2020-11-29,14.1,14.9,13.9,14.0,1163027
2020-11-30,14.0,14.3,13.6,13.7,859884
2020-12-01,13.7,14.0,13.7,13.8,695946
2020-12-02,13.8,14.4,13.7,14.3,1648201
2020-12-03,14.1,14.5,14.0,14.2,1378394
2020-12-06,14.3,14.3,14.0,14.1,1378827
2020-12-07,14.1,14.2,13.9,13.9,1320980
2020-12-08,14.0,14.8,14.0,14.7,2882133
2020-12-09,14.8,16.1,14.7,16.1,6180472
2020-12-10,16.4,17.5,16.3,16.8,4697784
2020-12-13,16.7,16.8,15.8,16.1,3565094
2020-12-14,16.2,16.2,15.4,15.5,3079638
2020-12-15,15.5,16.0,15.4,15.5,1981615
2020-12-17,15.6,15.6,15.2,15.4,1244248
2020-12-20,15.5,15.8,15.3,15.4,1318521
2020-12-21,15.6,16.6,15.4,16.4,3206952
2020-12-22,16.4,16.4,15.5,15.7,1567364
2020-12-23,15.7,16.1,15.4,15.7,1627115
2020-12-24,15.7,15.9,15.6,15.8,1184019
2020-12-27,16.0,17.0,15.9,16.9,5598218
2020-12-28,17.1,18.0,17.0,17.9,7996205
2020-12-29,18.2,18.2,17.0,17.4,3813494
2020-12-30,17.4,17.6,16.7,16.9,4045879
2021-01-03,17.5,18.0,16.8,17.8,4704468
2021-01-04,18.1,19.5,17.7,19.5,11668434
2021-01-05,20.1,21.4,20.1,20.9,14810402
2021-01-06,20.8,22.9,20.0,22.9,17264612
2021-01-07,23.5,25.0,23.1,23.6,12561848
2021-01-10,23.9,23.9,21.6,21.8,9007077
2021-01-11,22.3,22.5,20.9,21.3,8558765
2021-01-12,21.5,23.4,20.9,23.2,10942163
2021-01-13,22.9,23.1,21.5,21.9,6980835
2021-01-14,22.6,23.6,22.1,22.4,9188557
2021-01-17,22.5,22.9,20.2,20.6,6137271
2021-01-18,20.3,21.3,20.0,20.2,2920427
2021-01-19,20.1,20.9,19.5,20.4,2911059
2021-01-20,20.8,21.5,20.4,21.1,2785876
2021-01-21,21.2,21.3,20.1,20.4,3118443
2021-01-24,20.4,20.4,19.5,19.6,1790385
2021-01-25,19.4,19.7,18.5,18.7,1981823
2021-01-26,18.7,19.3,18.4,18.5,1409462
2021-01-27,18.9,19.0,18.6,18.7,841780
2021-01-28,19.0,20.0,19.0,19.4,1829633
2021-01-31,19.7,19.7,18.3,18.4,1764625
2021-02-01,18.5,18.8,18.0,18.1,510060
2021-02-02,18.3,18.3,17.7,17.9,1041999
2021-02-03,18.4,18.4,17.5,17.7,906438
2021-02-04,17.7,18.1,17.5,17.5,806785
2021-02-07,17.8,17.8,16.2,16.4,1018665
2021-02-08,16.8,16.8,14.8,15.5,1569291
2021-02-09,15.7,17.0,15.5,16.9,1005545
2021-02-10,17.1,17.6,16.4,16.5,1183213
2021-02-11,16.9,16.9,15.8,15.9,782701
2021-02-14,15.8,16.4,15.4,15.7,1128383
2021-02-15,15.9,17.2,15.7,17.2,1608539
2021-02-16,17.4,18.4,17.2,18.0,3321728
2021-02-17,18.0,18.7,17.7,17.8,2623904
2021-02-18,17.9,18.0,17.3,17.4,978426
2021-02-22,17.4,17.4,16.6,16.9,949661
2021-02-23,17.2,17.3,16.7,16.8,742662
2021-02-24,17.0,17.6,16.8,17.0,1587645
2021-02-25,17.1,18.4,17.0,17.8,2701486
2021-02-28,18.0,18.5,17.6,17.7,1799201
2021-03-01,17.7,18.1,17.4,17.9,1259139
2021-03-02,18.2,18.8,18.1,18.3,2348325
2021-03-03,18.4,18.5,17.7,17.9,1746829
2021-03-04,18.1,18.2,17.5,17.7,1019052
2021-03-07,18.0,18.1,17.6,17.8,959300
2021-03-08,18.0,18.2,17.7,17.9,1604675
2021-03-09,18.0,18.2,17.6,17.7,1053374
2021-03-10,17.9,18.7,17.7,18.4,3644638
2021-03-11,18.3,18.5,17.7,17.8,1055356
2021-03-14,17.8,17.9,17.0,17.2,1232073
2021-03-15,17.2,17.4,17.0,17.3,581273
2021-03-16,17.6,17.7,17.1,17.1,754116
2021-03-18,17.1,17.1,16.5,16.7,887939
2021-03-21,16.6,16.8,16.4,16.5,563529
2021-03-22,16.7,16.8,16.2,16.7,690376
2021-03-23,16.7,16.8,16.5,16.5,420181
2021-03-24,16.6,16.6,16.0,16.1,653805
2021-03-25,16.1,16.5,16.1,16.2,510545
2021-03-28,16.2,16.3,16.0,16.1,364187
2021-03-29,16.1,16.5,16.0,16.2,517408
2021-03-31,16.1,16.3,15.2,15.4,921583
2021-04-01,14.8,14.8,13.9,14.0,2707599
2021-04-04,12.7,13.4,12.6,13.2,871518
2021-04-05,13.1,13.6,12.6,13.5,285833
2021-04-06,13.5,14.1,13.2,13.9,343529
2021-04-07,14.1,14.5,14.0,14.2,646043
2021-04-08,14.0,14.0,13.4,13.6,277349
2021-04-11,13.4,13.5,13.0,13.1,294864
2021-04-12,13.4,13.6,13.0,13.1,501668
2021-04-13,12.9,13.6,12.9,13.5,444576
2021-04-15,13.6,14.2,13.6,14.1,410877
2021-04-18,14.1,14.2,13.8,14.0,285202
2021-04-19,14.1,14.1,13.7,14.1,371870
2021-04-20,14.1,14.2,13.7,14.1,615293
2021-04-21,14.3,15.5,14.2,15.5,1953682
2021-04-22,15.6,16.1,15.4,15.6,1111489
2021-04-25,15.6,16.3,15.5,15.9,1181246
2021-04-26,16.0,16.3,15.8,15.8,737825
2021-04-27,15.7,15.9,15.0,15.1,1102475
2021-04-28,15.0,15.7,14.8,15.4,308760
2021-04-29,15.4,15.7,15.1,15.4,473580
2021-05-02,15.4,15.6,15.2,15.3,688641
2021-05-03,15.5,15.6,15.1,15.2,501213
2021-05-04,15.1,15.4,15.0,15.1,621134
2021-05-05,15.1,15.4,14.8,15.1,527360
2021-05-06,15.1,16.4,15.1,16.3,2514956
2021-05-09,16.8,16.9,16.3,16.6,1741329
2021-05-11,16.6,16.7,16.0,16.4,1349471
2021-05-12,16.3,16.9,16.3,16.7,1493772
2021-05-16,17.1,18.0,17.0,17.8,2609228
2021-05-17,18.0,18.3,17.2,17.3,1763075
2021-05-18,17.2,17.3,16.7,17.0,1155702
2021-05-19,17.0,17.3,16.5,16.8,1341464
2021-05-20,16.8,17.0,16.4,16.5,775847
2021-05-23,16.5,16.6,16.1,16.3,879920
2021-05-24,16.3,17.2,16.2,16.7,1191736
2021-05-25,16.9,17.2,16.7,17.0,1367296
2021-05-27,17.0,17.4,16.7,16.9,1307034
2021-05-30,17.0,17.0,16.2,16.4,1784358
2021-05-31,16.5,16.9,16.2,16.4,944741
2021-06-01,16.4,16.8,16.3,16.4,938873
2021-06-02,16.4,16.7,16.1,16.6,1088357
2021-06-03,16.6,18.0,16.6,17.7,4541275
2021-06-06,17.9,18.0,17.2,17.6,2017155
2021-06-07,17.6,17.7,16.7,16.9,1891844
2021-06-08,17.0,17.4,16.4,17.2,1613716
2021-06-09,16.3,16.9,15.5,16.5,3163701
2021-06-10,16.5,17.1,16.1,16.6,2042096
2021-06-13,16.8,18.1,16.5,18.0,5650199
2021-06-14,18.2,18.4,17.3,17.5,1968344
2021-06-15,17.5,17.5,16.9,17.2,1816010
2021-06-16,17.1,17.6,17.1,17.2,1438645
2021-06-17,17.1,17.3,16.7,16.8,1339235
2021-06-20,16.7,17.0,16.5,16.9,469945
2021-06-21,17.0,17.6,17.0,17.4,1100418
2021-06-22,17.6,18.4,17.3,18.1,4072294
2021-06-23,18.3,19.9,18.3,19.1,10073575
2021-06-24,19.1,19.2,18.3,18.6,1928676
2021-06-27,18.5,18.5,17.5,17.6,2370182
2021-06-28,17.7,18.2,17.5,17.6,1132522
2021-06-29,17.7,18.2,17.6,17.8,1345978
2021-06-30,17.9,18.5,17.9,18.3,1956100
2021-07-05,18.7,20.1,18.5,20.0,6288232
2021-07-06,20.5,21.1,19.3,19.7,4875799
2021-07-07,19.7,21.4,19.6,21.1,8098919
2021-07-08,21.4,22.2,21.1,21.3,8372520
2021-07-12,21.5,21.5,20.7,20.9,3946884
2021-07-13,21.2,21.7,20.8,21.0,4599169
2021-07-14,21.2,23.1,21.1,23.0,12181309
2021-07-15,23.3,24.2,23.3,23.7,10100916
2021-07-18,24.0,25.0,23.5,24.7,9888957
2021-07-19,24.3,25.0,23.6,23.8,5772904
2021-07-25,24.0,25.9,23.8,25.8,11992658
2021-07-26,26.1,27.0,25.6,26.0,9241283
2021-07-27,25.7,25.9,24.5,24.8,8624025
2021-07-28,25.0,25.5,24.3,25.1,6339668
2021-07-29,25.3,26.3,25.3,25.7,9468662
2021-08-02,25.7,26.5,25.1,26.0,8998807
2021-08-03,26.0,26.2,24.8,25.0,7711741
2021-08-05,25.0,25.7,24.5,24.7,7782682
2021-08-09,24.7,24.7,23.9,24.1,5635304
2021-08-10,24.2,24.5,23.5,23.6,4138962
2021-08-11,23.5,23.9,22.8,23.3,2730028
2021-08-12,23.5,24.5,23.5,24.1,3812467
2021-08-16,24.3,24.8,23.7,23.8,2758534
2021-08-17,23.9,24.2,23.6,23.8,2564554
2021-08-18,24.2,24.2,23.5,23.6,2246013
2021-08-19,23.6,23.7,23.1,23.3,1424081
2021-08-22,23.4,23.8,23.2,23.3,1951127
2021-08-23,23.4,23.7,23.2,23.4,2149759
2021-08-24,23.5,24.2,23.5,23.8,2559032
2021-08-25,23.9,24.1,23.2,23.4,3080341
2021-08-26,23.4,23.6,22.7,22.8,2314416
2021-08-29,22.9,23.3,22.3,22.4,1688798
2021-08-31,22.5,23.2,22.5,22.9,1333484
2021-09-01,23.1,23.4,22.9,23.1,1465404
2021-09-02,23.3,25.4,23.2,25.4,13528567
2021-09-05,25.7,26.0,25.0,25.1,6421072
2021-09-06,25.1,25.8,24.5,25.4,6901207
2021-09-07,25.5,25.6,24.5,24.7,3734287
2021-09-08,24.8,25.0,24.1,24.5,3079806
2021-09-09,24.4,24.8,24.2,24.5,2371983
2021-09-12,25.0,25.4,24.0,24.2,2901920
2021-09-13,24.1,24.4,23.8,24.1,1512151
2021-09-14,24.1,24.3,23.7,23.8,1698850
2021-09-15,23.9,24.6,23.5,23.9,1999592
2021-09-16,24.0,25.7,23.8,25.1,5790439
2021-09-19,25.4,26.3,23.9,24.9,11052786
2021-09-20,25.1,25.6,24.7,25.0,3819589
2021-09-21,25.1,25.3,24.6,24.8,2515526
2021-09-22,25.1,27.1,25.1,26.9,21889803
2021-09-23,27.2,28.8,27.0,28.3,12702645
2021-09-26,28.5,28.9,27.7,28.1,13573456
2021-09-27,28.4,30.1,28.1,29.8,11444028
2021-09-28,30.4,31.5,30.2,30.6,12247001
2021-09-29,30.7,31.3,29.9,30.9,10571829
2021-09-30,31.1,31.8,30.0,30.3,8988772
2021-10-03,30.5,30.8,29.6,29.9,5760378
2021-10-04,30.1,31.9,29.6,31.2,10815970
2021-10-05,31.6,31.8,30.5,31.3,9774235
2021-10-06,31.5,34.1,31.4,33.6,12431046
2021-10-07,33.9,34.0,31.7,32.1,7333274
2021-10-10,32.1,32.4,30.7,30.8,4321359
2021-10-11,31.1,31.5,29.6,29.7,4427491
2021-10-12,29.9,31.5,29.7,30.3,4602320
2021-10-13,31.3,31.6,29.6,29.9,5243309
2021-10-14,30.3,30.6,28.8,29.1,3155507
2021-10-17,29.8,30.5,27.8,28.1,3703033
2021-10-18,28.2,28.3,26.1,26.9,5289732
2021-10-19,27.5,28.0,26.1,26.6,2626702
2021-10-21,27.4,27.4,25.4,26.1,4098976
2021-10-24,26.4,26.5,23.5,23.5,4713408
2021-10-25,23.0,23.3,21.8,23.0,3768836
2021-10-26,23.2,25.3,23.2,25.3,4244649
2021-10-27,25.9,27.1,25.2,25.3,6104814
2021-10-28,25.6,25.6,23.8,24.5,4685760
2021-10-31,24.0,24.2,22.5,23.0,3539575
2021-11-01,23.5,23.6,22.8,23.2,1892152
2021-11-02,23.2,24.9,23.1,24.2,3002460
2021-11-03,24.1,24.6,23.6,23.7,2433673
2021-11-04,24.2,24.2,23.6,23.8,1696534
2021-11-07,23.9,24.1,22.2,22.6,1464469
2021-11-08,22.5,23.5,22.5,22.8,1415469
2021-11-09,22.9,23.8,22.7,23.4,1764631
2021-11-10,23.4,24.2,23.4,23.9,1810258
2021-11-11,24.0,24.5,23.4,23.8,3464635
2021-11-14,24.0,24.0,22.4,22.7,1621364
2021-11-15,22.8,23.6,22.3,22.5,2011063
2021-11-16,23.0,23.2,22.1,22.3,1787474
2021-11-17,22.5,22.6,21.8,21.9,1732510
2021-11-18,21.9,23.3,21.9,23.0,3070913
2021-11-21,23.1,23.2,21.8,22.0,1864937
2021-11-22,22.0,22.5,21.7,21.8,1355931
2021-11-23,22.0,22.8,21.9,22.6,1813076
2021-11-24,22.5,22.7,21.9,22.0,985723
2021-11-25,21.9,21.9,21.2,21.7,1005433
2021-11-29,22.8,23.8,22.8,23.8,3162010
2021-11-30,24.5,25.3,24.0,24.3,3828204
2021-12-01,24.7,25.9,24.0,24.6,4766560
2021-12-02,24.0,25.1,23.4,24.3,4155431
2021-12-05,24.0,24.6,23.5,23.7,1901558
2021-12-06,23.7,25.6,23.7,25.2,3479867
2021-12-07,25.8,27.1,25.8,26.9,9042958
2021-12-08,26.9,28.5,26.0,26.6,7045948
2021-12-09,26.9,27.4,26.4,26.6,3728937
2021-12-12,26.6,26.8,25.8,25.9,3178131
2021-12-13,26.0,27.0,25.5,26.6,3544463
2021-12-14,27.2,27.6,26.6,26.8,4014523
2021-12-15,26.7,28.2,26.5,27.9,9012646
2021-12-19,28.1,28.9,27.8,28.0,5857839
2021-12-20,28.0,28.0,26.3,26.6,3216246
2021-12-21,26.5,27.4,26.3,27.3,3289085
2021-12-22,27.4,27.6,26.5,26.7,2229202
2021-12-23,26.5,26.9,25.8,25.9,2042978
2021-12-26,25.9,25.9,24.6,24.7,1850358
2021-12-27,25.2,25.8,24.8,25.0,1541847
2021-12-28,25.2,26.1,25.2,25.6,1605158
2021-12-29,25.9,26.7,25.7,25.9,2558054
2021-12-30,26.2,26.3,25.5,25.6,1691341
2022-01-02,26.0,27.0,25.9,26.8,2611717
2022-01-03,27.0,28.1,26.9,27.6,5109510
2022-01-04,27.7,30.3,27.0,30.0,12712294
2022-01-05,31.0,31.4,29.3,29.7,8685326
2022-01-06,29.6,30.7,29.3,29.9,9511764
2022-01-09,30.5,31.0,29.0,29.3,7362212
2022-01-10,29.5,29.9,28.8,29.5,6101018
2022-01-11,30.0,31.5,30.0,30.2,11860947
2022-01-12,30.3,30.8,28.8,29.0,7824339
2022-01-13,29.3,29.5,28.3,28.4,4131848
2022-01-16,28.6,29.6,28.3,28.7,7393543
2022-01-17,29.1,29.3,28.8,28.9,3663690
2022-01-18,29.3,30.2,29.1,29.3,7588974
2022-01-19,29.6,30.2,29.2,29.4,6136517
2022-01-20,29.7,30.3,29.4,29.7,8920877
2022-01-23,30.3,30.3,28.8,28.9,5969872
2022-01-24,28.9,29.2,27.4,27.6,5287315
2022-01-25,27.8,28.0,26.8,26.9,3179643
2022-01-26,27.0,27.4,26.6,26.7,3293276
2022-01-27,27.0,28.2,26.8,27.8,3688800
2022-01-30,26.3,26.7,25.6,25.8,4463870
2022-01-31,25.8,25.9,25.2,25.5,1688249
2022-02-01,25.7,26.6,25.6,25.8,2421858
2022-02-02,26.3,26.4,25.7,25.8,1376826
2022-02-03,25.8,26.1,25.3,25.5,1776605
2022-02-06,25.4,25.8,25.1,25.2,1434477
2022-02-07,25.3,25.6,24.9,25.0,1467888
2022-02-08,25.1,25.2,24.4,24.5,2175358
2022-02-09,24.6,25.9,24.6,25.6,4644868
2022-02-10,25.4,25.6,25.0,25.1,1477576
2022-02-13,25.2,25.3,24.3,24.4,2477694
2022-02-14,24.7,24.7,24.0,24.1,1673286
2022-02-15,24.1,24.4,24.0,24.1,1231164
2022-02-16,24.3,24.5,24.0,24.1,863141
2022-02-17,24.4,24.4,23.7,23.8,1303548
2022-02-20,23.8,23.9,23.1,23.3,846650
2022-02-22,23.7,23.9,23.3,23.7,760365
2022-02-23,23.9,24.5,23.8,24.4,1039980
2022-02-24,24.5,24.5,23.5,23.8,1674895
2022-02-27,23.7,23.7,22.4,22.6,1892016
2022-02-28,22.6,23.2,22.5,22.9,1073261
2022-03-01,23.1,23.5,22.9,23.0,773916
2022-03-02,23.1,23.2,22.5,22.6,768365
2022-03-03,22.6,23.0,22.5,22.9,587618
2022-03-06,23.1,23.2,22.7,22.8,494487
2022-03-07,22.6,22.7,21.5,21.6,1345346
2022-03-08,22.0,22.6,21.2,22.2,1089949
2022-03-09,22.5,23.0,22.2,22.9,1078399
2022-03-10,23.1,23.5,22.8,23.2,1614676
2022-03-13,23.3,24.2,23.2,23.9,2781558
2022-03-14,24.2,24.3,23.5,23.6,1972723
2022-03-15,23.7,24.7,23.6,24.3,2351061
2022-03-16,24.4,24.4,23.9,23.9,949870
2022-03-20,23.7,23.9,23.5,23.5,470903
2022-03-21,23.2,23.5,23.1,23.2,970220
2022-03-22,23.3,23.6,23.1,23.3,567896
2022-03-23,23.5,23.6,23.0,23.1,1104108
2022-03-24,23.3,23.3,22.8,22.9,597001
2022-03-27,23.2,23.2,22.5,22.6,592676
2022-03-28,22.9,23.0,22.6,22.7,879015
2022-03-29,22.7,23.2,22.7,22.9,565760
2022-03-30,23.0,23.0,22.6,22.6,719766
2022-03-31,22.8,22.8,22.4,22.6,670096
2022-04-03,22.6,23.0,22.5,22.5,514249
2022-04-04,22.5,22.6,22.2,22.4,412166
2022-04-05,22.4,22.4,22.1,22.2,390814
2022-04-06,22.3,22.3,21.8,21.9,417393
2022-04-07,22.2,22.2,21.6,21.7,459644
2022-04-10,21.9,22.0,21.6,21.6,387355
2022-04-11,21.7,21.8,21.3,21.4,426262
2022-04-12,21.3,21.3,21.0,21.0,414583
2022-04-13,20.8,21.0,20.6,20.7,672785
2022-04-17,20.7,21.0,20.3,20.3,372728
2022-04-18,19.9,19.9,19.9,19.9,88501
2022-04-19,19.6,20.0,19.6,19.7,736476
2022-04-20,19.9,20.6,19.9,20.5,469611
2022-04-21,20.7,21.4,20.5,21.3,854578
2022-04-24,21.3,21.7,21.2,21.3,654133
2022-04-25,21.4,21.4,20.8,21.0,387676
2022-04-26,21.2,21.4,20.9,21.0,518778
2022-04-27,21.1,21.4,21.0,21.1,326152
2022-04-28,21.1,21.3,20.8,20.9,391985
2022-05-05,20.7,20.9,20.5,20.8,182434
2022-05-08,21.0,22.8,20.9,22.8,2110799
2022-05-09,22.9,23.5,22.6,22.9,1696987
2022-05-10,22.7,23.2,22.5,22.6,1532368
2022-05-11,22.8,22.8,21.6,21.8,1020667
2022-05-12,22.3,22.4,21.8,22.0,1273255
2022-05-16,21.9,21.9,21.0,21.1,867972
2022-05-17,21.4,21.4,20.2,20.7,905484
2022-05-18,21.1,21.3,20.2,20.3,697090
2022-05-19,20.3,20.5,20.0,20.0,1022708
2022-05-22,20.3,20.4,19.1,19.3,681435
2022-05-23,20.9,20.9,19.8,20.2,775997
2022-05-24,20.5,21.8,20.1,20.5,2179036
2022-05-25,20.6,21.0,20.0,20.8,920831
2022-05-26,21.0,21.0,20.5,20.8,608808
2022-05-29,21.3,21.6,20.9,21.4,1774067
2022-05-30,21.6,21.7,21.0,21.2,1469503
2022-05-31,21.0,21.2,20.8,20.9,949161
2022-06-01,21.4,21.4,20.8,20.9,918072
2022-06-02,21.4,22.3,21.1,22.0,3037635
2022-06-05,22.2,22.6,22.1,22.3,2181983
2022-06-06,22.4,22.4,21.9,21.9,1697251
2022-06-07,22.2,22.2,21.5,21.5,1350842
2022-06-08,21.6,22.1,21.2,21.9,1616355
2022-06-09,22.3,22.5,21.8,22.0,2244708
2022-06-12,22.0,22.1,21.6,21.6,1248300
2022-06-13,22.0,22.0,21.4,21.5,737159
2022-06-14,21.3,21.8,21.1,21.2,1283031
2022-06-15,21.4,21.7,21.2,21.3,1026661
2022-06-16,21.9,21.9,21.4,21.5,982222
2022-06-19,21.6,21.6,21.1,21.2,960502
2022-06-20,21.2,21.2,20.9,21.0,922483
2022-06-21,21.0,21.7,20.9,21.3,1587631
2022-06-22,21.4,21.7,21.2,21.3,897609
2022-06-23,21.4,21.5,21.1,21.1,803911
2022-06-26,21.5,21.5,20.9,21.1,548850
2022-06-27,21.0,21.8,21.0,21.6,1274380
2022-06-28,21.7,21.9,21.4,21.5,1332710
2022-06-29,21.8,21.8,21.3,21.5,936644
2022-06-30,21.7,21.7,21.4,21.5,638569
2022-07-03,21.4,21.5,21.3,21.3,529553
2022-07-04,21.5,21.7,21.3,21.3,679554
2022-07-05,21.3,21.7,21.3,21.4,850734
2022-07-06,21.3,22.5,21.0,21.9,2545372
2022-07-07,22.0,22.2,21.6,21.8,678707
2022-07-12,21.8,21.8,21.5,21.6,460500
2022-07-13,21.5,21.8,21.5,21.5,659540
2022-07-14,21.4,21.6,21.2,21.3,508932
2022-07-17,21.4,21.4,21.0,21.1,509864
2022-07-18,21.0,21.3,20.7,20.7,331930
2022-07-19,20.4,20.4,20.3,20.3,113112
2022-07-20,19.9,20.3,19.9,19.9,1603502
2022-07-21,20.4,20.4,19.8,19.9,421518
2022-07-24,19.8,20.0,19.6,19.6,336826
2022-07-25,19.3,20.0,19.3,19.7,809754
2022-07-26,20.3,20.3,19.4,19.5,951364
2022-07-27,19.7,19.7,19.2,19.2,387985
2022-07-28,18.9,18.9,18.9,18.9,118912
2022-07-31,19.3,19.6,19.3,19.4,767035
2022-08-01,19.4,20.0,19.4,19.7,689742
2022-08-02,19.5,20.0,19.5,19.8,679671
2022-08-03,20.2,20.5,19.7,19.8,943231
2022-08-04,19.9,20.0,19.6,19.7,572712
2022-08-07,19.8,19.9,19.5,19.6,1251391
2022-08-08,19.7,20.3,19.6,20.0,1227759
2022-08-10,19.8,20.3,19.5,19.7,1076615
2022-08-11,19.6,19.7,19.3,19.4,650410
2022-08-14,19.4,20.0,19.3,19.4,479290
2022-08-16,19.7,19.7,19.4,19.6,659382
2022-08-17,19.8,19.9,19.5,19.6,609777
2022-08-21,19.6,19.6,19.4,19.5,788559
2022-08-22,19.6,19.9,19.4,19.8,2292941
2022-08-23,19.9,20.8,19.9,20.4,3235648
2022-08-24,20.3,20.4,19.9,20.0,1448921
2022-08-25,19.9,20.4,19.8,20.0,1871087
2022-08-28,20.4,20.8,20.1,20.3,2320956
2022-08-29,20.5,20.6,20.0,20.1,2106013
2022-08-30,20.2,21.7,20.2,21.0,4222548
2022-08-31,21.3,21.4,20.5,20.7,3110880
2022-09-01,20.5,20.7,20.3,20.4,2954394
2022-09-04,20.6,21.1,20.3,20.4,2578839
2022-09-05,20.6,20.7,20.0,20.1,1459686
2022-09-06,20.2,20.4,19.3,19.8,3771400
2022-09-07,19.9,20.9,19.8,20.2,3044953
2022-09-08,20.2,20.3,19.6,19.7,2311986
2022-09-11,19.8,19.9,19.4,19.5,1692414
2022-09-12,19.6,19.6,19.3,19.4,1401340
2022-09-13,19.5,19.5,19.3,19.3,1825622
2022-09-14,19.3,19.4,19.3,19.3,1393863
2022-09-15,19.3,19.3,19.3,19.3,359858
2022-09-18,19.3,19.3,19.3,19.3,145469
2022-09-19,19.3,19.3,19.3,19.3,59154
2022-09-20,19.3,19.3,19.3,19.3,224119
2022-09-21,19.3,19.3,19.3,19.3,54323
2022-09-22,19.3,19.3,19.3,19.3,73053
2022-09-25,19.3,19.3,19.3,19.3,179571
2022-09-26,19.3,19.3,19.3,19.3,19951
2022-09-27,19.3,19.3,19.3,19.3,14469
2022-09-28,19.3,19.3,19.3,19.3,13374
2022-09-29,19.3,19.3,19.3,19.3,46718
2022-10-02,19.3,19.3,19.3,19.3,35656
2022-10-03,19.3,19.3,19.3,19.3,22191
2022-10-04,19.3,19.3,19.3,19.3,7122
2022-10-06,19.3,19.3,19.3,19.3,8401
2022-10-10,19.3,19.3,19.3,19.3,13147
2022-10-11,19.3,19.3,19.3,19.3,4905
2022-10-12,19.3,19.3,19.3,19.3,9369
2022-10-13,19.3,19.3,19.3,19.3,45919
2022-10-16,19.3,19.3,19.3,19.3,4500
2022-10-17,19.3,19.3,19.3,19.3,4075
2022-10-18,19.3,19.3,19.3,19.3,8120
2022-10-19,19.3,19.3,19.3,19.3,9740
2022-10-20,19.3,19.3,19.3,19.3,5280
2022-10-23,19.3,19.3,19.3,19.3,3090
2022-10-24,19.3,19.3,19.3,19.3,665
2022-10-25,19.3,19.3,19.3,19.3,10256
2022-10-26,19.3,19.3,19.3,19.3,18548
2022-10-27,19.3,19.3,19.3,19.3,4001
2022-10-30,19.3,19.3,19.3,19.3,1300
2022-10-31,19.3,19.3,19.3,19.3,1006
2022-11-01,19.3,19.3,19.3,19.3,1121
2022-11-02,19.3,19.3,19.3,19.3,2788
2022-11-03,19.3,19.3,19.3,19.3,613
2022-11-06,19.3,19.3,19.3,19.3,2612
2022-11-07,19.3,19.3,19.3,19.3,5491
2022-11-08,19.3,19.3,19.3,19.3,5679
2022-11-09,19.3,19.3,19.3,19.3,1260
2022-11-10,19.3,19.3,19.3,19.3,2801
2022-11-13,19.3,19.3,19.3,19.3,1002
2022-11-14,19.3,19.3,19.3,19.3,1251
2022-11-15,19.3,19.3,19.3,19.3,39214
2022-11-16,19.3,19.3,19.3,19.3,295
2022-11-20,19.3,19.3,19.3,19.3,100
2022-11-21,19.3,19.3,19.3,19.3,1767
2022-11-22,19.3,19.3,19.3,19.3,110
2022-11-23,19.3,19.3,19.3,19.3,1430
2022-11-24,19.3,19.3,19.3,19.3,352
2022-11-27,19.3,19.3,19.3,19.3,161
2022-11-29,19.3,19.3,19.3,19.3,260
2022-11-30,19.3,19.3,19.3,19.3,151
2022-12-01,19.3,19.3,19.3,19.3,6000
2022-12-05,19.3,19.3,19.3,19.3,4
2022-12-06,19.3,19.3,19.3,19.3,300
2022-12-08,19.3,19.3,19.3,19.3,20
2022-12-13,19.3,19.3,19.3,19.3,67048
2022-12-14,19.3,19.3,19.3,19.3,27
2022-12-15,19.3,19.3,19.3,19.3,7301
2022-12-18,19.3,19.3,19.3,19.3,1
2022-12-19,19.3,19.3,19.3,19.3,6018
2022-12-20,19.3,19.3,19.3,19.3,9
2022-12-21,19.3,19.3,19.3,19.3,519
2022-12-22,19.3,19.3,19.3,19.3,401
2022-12-26,19.3,19.3,19.3,19.3,1
2022-12-27,19.3,19.3,19.3,19.3,82
2022-12-28,19.3,19.3,19.3,19.3,54
2022-12-29,19.3,19.3,19.3,19.3,13
2023-01-01,19.3,19.3,19.3,19.3,3026
2023-01-02,19.3,19.3,19.3,19.3,710
2023-01-03,19.3,19.3,19.3,19.3,1000
2023-01-04,19.3,19.3,19.3,19.3,595
2023-01-05,19.3,19.3,19.3,19.3,1
2023-01-08,19.3,19.3,19.3,19.3,2700
2023-01-09,19.3,19.3,19.3,19.3,502
2023-01-10,19.3,19.3,19.3,19.3,606
2023-01-11,19.3,19.3,19.3,19.3,1001
2023-01-15,19.3,19.3,19.3,19.3,272
2023-01-16,19.3,19.3,19.3,19.3,4321
2023-01-17,19.3,19.3,19.3,19.3,6567
2023-01-18,19.3,19.3,19.3,19.3,6133
2023-01-19,19.3,19.3,19.3,19.3,300
2023-01-22,19.3,19.3,19.3,19.3,1100
2023-01-23,19.3,19.3,19.3,19.3,1110
2023-01-24,19.3,19.3,19.3,19.3,3100
2023-01-25,19.3,19.3,19.3,19.3,240
2023-01-26,19.3,19.3,19.3,19.3,3
2023-02-01,19.3,19.3,19.3,19.3,1
2023-02-02,19.3,19.3,19.3,19.3,11524
2023-02-05,19.3,19.3,19.3,19.3,243
2023-02-08,19.3,19.3,19.3,19.3,7
2023-02-09,19.3,19.3,19.3,19.3,2006
2023-02-12,19.3,19.3,19.3,19.3,5100
2023-02-15,19.3,19.3,19.3,19.3,70
2023-02-19,19.3,19.3,19.3,19.3,4
2023-02-20,19.3,19.3,19.3,19.3,61
2023-02-23,19.3,19.3,19.3,19.3,3
2023-03-02,19.3,19.3,19.3,19.3,1000
2023-03-05,19.3,19.3,19.3,19.3,300
2023-03-06,19.3,19.3,19.3,19.3,524
2023-03-07,19.3,19.3,19.3,19.3,303
2023-03-12,19.3,19.3,19.3,19.3,1
2023-03-13,19.3,19.3,19.3,19.3,3
2023-03-14,19.3,19.3,19.3,19.3,8
2023-03-15,19.3,19.3,19.3,19.3,3
2023-03-16,19.3,19.3,19.3,19.3,760
2023-03-19,19.3,19.3,19.3,19.3,19
2023-03-20,19.3,19.3,19.3,19.3,5
2023-03-21,19.3,19.3,19.3,19.3,3
2023-03-22,19.3,19.3,19.3,19.3,3
2023-03-23,19.3,19.3,19.3,19.3,3
2023-03-27,19.3,19.3,19.3,19.3,1
2023-03-28,19.3,19.3,19.3,19.3,3
2023-03-29,19.3,19.3,19.3,19.3,303
2023-03-30,19.3,19.3,19.3,19.3,3
2023-04-02,19.3,19.3,19.3,19.3,3
2023-04-03,19.3,19.3,19.3,19.3,5
2023-04-04,19.3,19.3,19.3,19.3,15
2023-04-05,19.3,19.3,19.3,19.3,213
2023-04-06,19.3,19.3,19.3,19.3,1
2023-04-09,19.3,19.3,19.3,19.3,203
2023-04-10,19.3,19.3,19.3,19.3,203
2023-04-11,19.3,19.3,19.3,19.3,103
2023-04-13,19.3,19.3,19.3,19.3,5015
2023-04-16,19.3,19.3,19.3,19.3,1
2023-04-17,19.3,19.3,19.3,19.3,100
2023-04-24,19.3,19.3,19.3,19.3,1500
2023-04-25,19.3,19.3,19.3,19.3,203
2023-04-26,19.3,19.3,19.3,19.3,6005
2023-04-27,19.3,19.3,19.3,19.3,2412
2023-04-30,19.3,19.3,19.3,19.3,3
2023-05-02,19.3,19.3,19.3,19.3,511
2023-05-03,19.3,19.3,19.3,19.3,805
2023-05-07,19.3,19.3,19.3,19.3,1750
2023-05-08,19.3,19.3,19.3,19.3,3057
2023-05-09,19.3,19.3,19.3,19.3,3
2023-05-10,19.3,19.3,19.3,19.3,1107
2023-05-11,19.3,19.3,19.3,19.3,103
2023-05-14,19.3,19.3,19.3,19.3,200
2023-05-15,19.3,19.3,19.3,19.3,650
2023-05-16,19.3,19.3,19.3,19.3,835
2023-05-17,19.3,19.3,19.3,19.3,8
2023-05-18,19.3,19.3,19.3,19.3,603
2023-05-21,19.3,19.3,19.3,19.3,53
2023-05-22,19.3,19.3,19.3,19.3,69
2023-05-23,19.3,19.3,19.3,19.3,3
2023-05-24,19.3,19.3,19.3,19.3,1645
2023-05-25,19.3,19.3,19.3,19.3,250
2023-05-28,19.3,19.3,19.3,19.3,1327
2023-05-29,19.3,19.3,19.3,19.3,1888
2023-05-30,19.3,19.3,19.3,19.3,526
2023-05-31,19.3,19.3,19.3,19.3,503
2023-06-01,19.3,19.3,19.3,19.3,2286
2023-06-04,19.3,19.3,19.3,19.3,146
2023-06-05,19.3,19.3,19.3,19.3,2120
2023-06-06,19.3,19.3,19.3,19.3,503
2023-06-07,19.3,19.3,19.3,19.3,500
2023-06-08,19.3,19.3,19.3,19.3,11
2023-06-11,19.3,19.3,19.3,19.3,350
2023-06-12,19.3,19.3,19.3,19.3,535
2023-06-13,19.3,19.3,19.3,19.3,28
2023-06-14,19.3,19.3,19.3,19.3,2425
2023-06-18,19.3,19.3,19.3,19.3,107528
2023-06-19,19.3,19.3,19.3,19.3,90
2023-06-20,19.3,19.3,19.3,19.3,1020
2023-06-21,19.3,19.3,19.3,19.3,95
2023-06-22,19.3,19.3,19.3,19.3,1288
2023-06-25,19.3,19.3,19.3,19.3,1010
2023-06-26,19.3,19.3,19.3,19.3,102
2023-07-02,19.3,19.3,19.3,19.3,4
2023-07-03,19.3,19.3,19.3,19.3,796
2023-07-04,19.3,19.3,19.3,19.3,707
2023-07-05,19.3,19.3,19.3,19.3,27282
2023-07-06,19.3,19.3,19.3,19.3,43409
2023-07-09,19.3,19.3,19.3,19.3,13603
2023-07-10,19.3,19.3,19.3,19.3,30022
2023-07-11,19.3,19.3,19.3,19.3,2324
2023-07-12,19.3,19.3,19.3,19.3,1200
2023-07-13,19.3,19.3,19.3,19.3,16155
2023-07-16,19.3,19.3,19.3,19.3,41552
2023-07-17,19.3,19.3,19.3,19.3,5745
2023-07-18,19.3,19.3,19.3,19.3,2297
2023-07-19,19.3,19.3,19.3,19.3,1105
2023-07-20,19.3,19.3,19.3,19.3,616
2023-07-23,19.3,19.3,19.3,19.3,1351
2023-07-24,19.3,19.3,19.3,19.3,503
2023-07-25,19.3,19.3,19.3,19.3,3
2023-07-26,19.3,19.3,19.3,19.3,263
2023-07-27,19.3,19.3,19.3,19.3,5243
2023-07-30,19.3,19.3,19.3,19.3,300
2023-08-01,19.3,19.3,19.3,19.3,113
2023-08-03,19.3,19.3,19.3,19.3,18
2023-08-06,19.3,19.3,19.3,19.3,1
2023-08-07,19.3,19.3,19.3,19.3,200
2023-08-10,19.3,19.3,19.3,19.3,3
2023-08-14,19.3,19.3,19.3,19.3,4
2023-08-16,19.3,19.3,19.3,19.3,1
2023-08-20,19.3,19.3,19.3,19.3,1
2023-08-21,19.3,19.3,19.3,19.3,5000
2023-08-23,19.3,19.3,19.3,19.3,54
2023-08-24,19.3,19.3,19.3,19.3,3
2023-08-27,19.3,19.3,19.3,19.3,3
2023-08-28,19.3,19.3,19.3,19.3,10
2023-09-03,19.3,19.3,19.3,19.3,41
2023-09-04,19.3,19.3,19.3,19.3,2
2023-09-05,19.3,19.3,19.3,19.3,9550
2023-09-07,19.3,19.3,19.3,19.3,3700
2023-09-10,19.3,19.3,19.3,19.3,530
2023-09-11,19.3,19.3,19.3,19.3,350
2023-09-12,19.3,19.3,19.3,19.3,103
2023-09-14,19.3,19.3,19.3,19.3,2000
2023-09-17,19.3,19.3,19.3,19.3,100
2023-09-18,19.3,19.3,19.3,19.3,100
2023-09-19,19.3,19.3,19.3,19.3,8200
2023-09-20,19.3,19.3,19.3,19.3,952
2023-09-26,19.3,19.3,19.3,19.3,150
2023-10-02,19.3,19.3,19.3,19.3,654
2023-10-03,19.3,19.3,19.3,19.3,5
2023-10-05,19.3,19.3,19.3,19.3,350
2023-10-12,19.3,19.3,19.3,19.3,2
2023-10-16,19.3,19.3,19.3,19.3,1
2023-10-17,19.3,19.3,19.3,19.3,2
2023-10-23,19.3,19.3,19.3,19.3,140
2023-10-25,19.3,19.3,19.3,19.3,1
2023-10-30,19.3,19.3,19.3,19.3,1
2023-10-31,19.3,19.3,19.3,19.3,250
2023-11-06,19.3,19.3,19.3,19.3,101
2023-11-07,19.3,19.3,19.3,19.3,6
2023-11-08,19.3,19.3,19.3,19.3,100
2023-11-09,19.3,19.3,19.3,19.3,11
2023-11-12,19.3,19.3,19.3,19.3,70
2023-11-13,19.3,19.3,19.3,19.3,155
2023-11-21,19.3,19.3,19.3,19.3,13
2023-11-23,19.3,19.3,19.3,19.3,1
2023-11-26,19.3,19.3,19.3,19.3,11
2023-11-27,19.3,19.3,19.3,19.3,101
2023-11-28,19.3,19.3,19.3,19.3,500
2023-11-29,19.3,19.3,19.3,19.3,1
2023-11-30,19.3,19.3,19.3,19.3,61
2023-12-03,19.3,19.3,19.3,19.3,40
2023-12-04,19.3,19.3,19.3,19.3,651
2023-12-05,19.3,19.3,19.3,19.3,201
2023-12-06,19.3,19.3,19.3,19.3,300
2023-12-07,19.3,19.3,19.3,19.3,103
2023-12-10,19.3,19.3,19.3,19.3,121
2023-12-11,19.3,19.3,19.3,19.3,18257
2023-12-12,19.3,19.3,19.3,19.3,10105
2023-12-13,19.3,19.3,19.3,19.3,8861
2023-12-14,19.3,19.3,19.3,19.3,4000
2023-12-17,19.3,19.3,19.3,19.3,719
2023-12-18,19.3,19.3,19.3,19.3,2750
2023-12-19,19.3,19.3,19.3,19.3,11
2023-12-20,19.3,19.3,19.3,19.3,141
2023-12-21,19.3,19.3,19.3,19.3,664
2023-12-24,19.3,19.3,19.3,19.3,100
2023-12-26,19.3,19.3,19.3,19.3,4
2023-12-27,19.3,19.3,19.3,19.3,1
2023-12-28,19.3,19.3,19.3,19.3,105
2024-01-02,19.3,19.3,19.3,19.3,6
2024-01-03,19.3,19.3,19.3,19.3,1
2024-01-04,19.3,19.3,19.3,19.3,6
2024-01-09,19.3,19.3,19.3,19.3,1
2024-01-14,19.3,19.3,19.3,19.3,1073
2024-01-15,19.3,19.3,19.3,19.3,2
2024-01-16,19.3,19.3,19.3,19.3,519
2024-01-17,19.3,19.3,19.3,19.3,1
2024-01-18,19.3,19.3,19.3,19.3,5
2024-01-21,17.4,17.4,17.4,17.4,26734
2024-01-22,15.7,15.7,15.7,15.7,99473
2024-01-23,14.2,15.6,14.2,15.4,2929525
2024-01-24,13.9,15.9,13.9,15.2,849921
2024-01-25,15.0,15.2,14.2,14.3,927188
2024-01-28,14.8,14.9,13.0,13.1,912611
2024-01-29,13.8,14.0,13.1,13.8,1267737
2024-01-30,13.8,15.1,13.8,15.0,1736596
2024-01-31,15.5,15.6,14.3,14.5,997802
2024-02-01,14.2,15.5,14.2,15.4,1782859
2024-02-04,15.7,16.5,15.6,16.0,2909751
2024-02-05,16.1,16.4,15.7,16.2,1767229
2024-02-06,15.8,16.2,15.1,15.8,2404171
2024-02-07,15.8,17.3,15.8,17.3,4391609
2024-02-08,17.5,18.3,17.3,18.2,3690744
2024-02-11,18.5,18.5,17.5,17.9,2584197
2024-02-12,17.9,18.2,17.4,17.6,2245189
2024-02-13,17.7,17.9,16.9,17.1,1577018
2024-02-14,17.3,17.5,16.7,16.8,895518
2024-02-15,17.2,17.2,16.4,16.6,529898
2024-02-18,17.0,17.2,16.6,16.8,800321
2024-02-19,17.0,17.9,16.9,17.5,2991622
2024-02-20,17.6,19.2,17.6,19.0,8478121
