Date,Open,High,Low,Close,Volume
2012-10-01,33.0,36.0,33.0,35.1,71500
2012-10-02,35.1,37.3,35.0,37.0,102000
2012-10-03,39.0,39.0,36.6,37.3,309000
2012-10-04,37.3,38.0,36.5,36.6,87000
2012-10-07,37.0,37.0,34.9,35.8,36500
2012-10-08,34.6,34.8,34.1,34.3,39500
2012-10-09,36.6,36.6,35.1,35.3,50500
2012-10-10,35.0,35.3,34.0,34.1,35000
2012-10-11,33.8,34.0,33.0,33.3,35500
2012-10-14,34.9,35.6,33.7,34.2,24500
2012-10-15,33.3,34.8,33.3,34.5,14000
2012-10-16,35.5,36.0,34.8,35.2,47500
2012-10-17,36.0,36.5,34.1,35.3,52000
2012-10-18,34.1,35.2,34.1,34.4,7500
2012-10-21,33.7,35.5,33.7,34.6,11500
2012-10-22,34.5,35.0,33.8,34.2,16500
2012-10-23,35.0,35.4,34.3,34.8,24000
2012-10-30,33.6,35.0,33.5,33.8,8500
2012-10-31,35.8,35.8,33.9,34.0,83500
2012-11-01,35.3,35.3,33.6,34.1,32500
2012-11-04,33.7,33.9,33.3,33.4,12500
2012-11-05,33.1,33.6,33.0,33.3,41000
2012-11-06,32.3,34.2,32.3,33.3,14500
2012-11-07,33.0,33.5,32.4,32.5,29000
2012-11-08,35.6,35.6,32.1,33.2,46500
2012-11-11,33.2,33.3,32.0,32.0,25000
2012-11-12,33.0,33.0,30.9,31.1,30500
2012-11-13,31.3,32.7,31.3,32.5,22500
2012-11-14,32.0,32.7,31.6,31.9,14000
2012-11-15,31.5,33.0,31.5,32.1,20000
2012-11-18,33.0,33.0,32.0,32.7,25500
2012-11-19,31.5,31.7,31.3,31.4,26500
2012-11-20,30.9,31.2,30.9,31.0,36500
2012-11-21,31.0,31.9,31.0,31.4,24000
2012-11-22,31.0,31.9,31.0,31.2,24500
2012-11-26,31.9,31.9,30.2,30.4,5500
2012-11-27,30.8,31.5,30.8,31.2,4000
2012-11-28,30.5,30.5,29.2,29.8,6000
2012-11-29,31.6,32.5,31.5,32.0,23500
2012-12-02,29.9,32.0,29.9,31.5,16500
2012-12-03,31.0,31.0,30.8,30.9,3500
2012-12-04,30.7,30.8,30.0,30.3,39000
2012-12-05,30.3,30.5,30.3,30.4,12000
2012-12-06,31.0,31.0,30.1,30.6,8000
2012-12-09,29.7,31.7,29.6,30.7,57500
2012-12-10,29.5,31.3,29.4,30.8,54500
2012-12-11,29.7,31.0,29.7,30.9,27000
2012-12-12,30.0,31.0,29.8,30.2,14500
2012-12-13,30.3,30.9,30.3,30.4,17500
2012-12-17,31.0,31.6,31.0,31.4,3000
2012-12-18,30.4,30.4,30.2,30.2,4500
2012-12-19,30.1,31.4,30.1,30.6,7500
2012-12-20,30.7,30.7,30.6,30.6,6000
2012-12-23,30.0,30.0,29.7,29.9,53500
2012-12-24,27.0,31.2,27.0,29.7,18500
2012-12-26,30.0,30.5,30.0,30.1,14500
2012-12-27,31.1,31.3,30.1,30.5,14000
2012-12-30,33.5,33.5,30.2,31.5,13500
2013-01-01,30.1,30.7,30.1,30.5,9500
2013-01-02,30.2,30.6,30.2,30.4,5000
2013-01-03,27.9,31.3,27.9,30.4,34000
2013-01-06,31.0,31.0,31.0,31.0,500
2013-01-07,34.0,34.0,30.6,31.2,15500
2013-01-08,29.6,31.2,29.6,30.2,8000
2013-01-09,30.0,31.0,29.8,30.4,8500
2013-01-10,30.4,30.9,30.2,30.3,16000
2013-01-13,32.3,32.3,30.3,30.8,9500
2013-01-14,30.7,31.1,30.7,30.8,25500
2013-01-15,31.2,31.2,30.9,31.0,4500
2013-01-16,31.0,31.3,31.0,31.0,8500
2013-01-17,31.3,31.6,31.0,31.2,6500
2013-01-20,31.3,31.3,31.2,31.2,7500
2013-01-21,30.8,31.3,30.8,31.1,5000
2013-01-22,31.5,31.5,30.5,31.0,9500
2013-01-23,31.2,31.9,31.2,31.8,24000
2013-01-24,31.3,32.6,31.3,32.2,26500
2013-01-27,32.7,32.7,31.5,32.2,14500
2013-01-28,32.6,32.8,31.6,32.1,21000
2013-01-29,32.7,33.0,32.3,32.6,29500
2013-01-30,34.2,34.2,32.3,32.8,8500
2013-01-31,32.0,33.0,31.5,32.5,9000
2013-02-03,33.4,34.4,33.4,34.1,60500
2013-02-04,34.0,34.0,33.2,33.3,24000
2013-02-05,33.3,33.5,33.3,33.4,6000
2013-02-06,33.9,33.9,33.3,33.3,17500
2013-02-07,32.9,33.0,32.9,32.9,18000
2013-02-10,33.0,34.0,32.9,33.5,35000
2013-02-11,33.6,35.0,33.4,34.8,81000
2013-02-12,36.0,36.0,34.7,35.2,74500
2013-02-13,35.4,35.4,34.7,35.0,30000
2013-02-14,35.8,36.0,35.0,35.6,58000
2013-02-17,35.6,36.2,35.3,35.6,30500
2013-02-18,36.0,36.0,33.8,34.7,23500
2013-02-19,36.4,37.4,33.1,33.3,105000
2013-02-20,33.4,33.7,33.0,33.3,35500
2013-02-24,33.0,33.0,32.4,32.6,9500
2013-02-25,33.9,33.9,32.6,32.9,15000
2013-02-26,33.0,33.3,32.5,32.7,17500
2013-02-27,33.1,33.1,31.9,32.6,30500
2013-02-28,30.8,32.5,30.8,31.5,40000
2013-03-03,30.5,30.7,29.9,30.2,36000
2013-03-04,30.1,32.0,30.1,31.4,17000
2013-03-05,30.6,31.2,30.6,30.7,15000
2013-03-06,29.6,31.0,29.6,30.7,9000
2013-03-07,31.5,31.6,31.0,31.2,11500
2013-03-10,29.1,31.4,29.1,30.3,122000
2013-03-11,28.2,31.0,28.2,28.4,18000
2013-03-12,28.8,30.8,28.8,30.0,27500
2013-03-13,30.3,30.4,30.2,30.3,6500
2013-03-14,30.8,31.0,30.3,30.8,7000
2013-03-18,31.0,31.2,30.9,30.9,9000
2013-03-19,30.5,30.5,30.5,30.5,500
2013-03-20,30.0,30.0,29.9,29.9,13000
2013-03-24,28.0,29.0,28.0,28.7,21500
2013-03-25,28.9,29.0,28.5,28.5,15000
2013-03-27,28.0,28.4,28.0,28.0,16000
2013-03-28,28.0,28.1,28.0,28.0,6500
2013-03-31,27.8,28.2,27.8,28.0,16000
2013-04-01,28.5,28.5,28.0,28.0,18000
2013-04-02,28.5,28.5,28.1,28.1,12000
2013-04-03,28.2,28.2,28.2,28.2,1500
2013-04-04,28.2,28.2,28.2,28.2,5500
2013-04-07,28.2,28.6,28.0,28.1,20500
2013-04-08,28.8,28.8,28.8,28.8,500
2013-04-10,28.6,29.9,28.5,28.8,19000
2013-04-11,28.5,28.7,28.5,28.6,2500
2013-04-15,28.7,28.7,28.6,28.6,3000
2013-04-16,28.6,28.6,26.2,26.9,13500
2013-04-17,27.0,27.1,26.9,26.9,6000
2013-04-18,26.6,27.4,26.1,26.7,4000
2013-04-21,26.2,26.2,26.2,26.2,3500
2013-04-22,26.0,26.2,26.0,26.1,6000
2013-04-23,26.1,26.2,26.0,26.0,5000
2013-04-25,26.4,26.4,26.4,26.4,500
2013-04-28,26.0,26.0,26.0,26.0,12500
2013-04-29,26.1,26.2,25.9,26.0,26000
2013-04-30,28.4,28.4,25.8,26.6,5500
2013-05-05,26.7,27.0,26.7,26.8,19000
2013-05-06,27.0,27.0,26.3,26.4,10500
2013-05-07,27.7,28.4,26.5,27.3,21000
2013-05-09,24.2,24.4,23.7,24.1,18500
2013-05-12,25.0,25.8,24.8,25.4,15000
2013-05-13,25.6,27.9,25.6,26.6,17500
2013-05-14,27.4,28.9,27.0,27.8,12500
2013-05-15,29.0,29.8,28.2,28.8,41500
2013-05-16,29.1,31.0,29.1,30.6,45000
2013-05-19,31.7,31.7,30.0,30.6,45000
2013-05-20,30.6,31.5,30.0,30.0,63500
2013-05-21,29.0,29.0,28.6,28.7,5500
2013-05-22,28.3,28.3,27.3,27.6,7500
2013-05-26,26.5,26.5,26.4,26.4,10000
2013-05-27,26.8,28.4,26.8,27.0,3000
2013-05-28,27.2,27.2,25.4,26.9,6500
2013-05-29,28.8,28.8,27.4,27.5,14500
2013-05-30,27.5,28.0,27.5,27.7,5000
2013-06-02,27.1,29.8,27.1,28.4,15500
2013-06-03,29.2,29.2,28.4,28.5,13500
2013-06-04,28.0,28.3,27.6,27.7,40500
2013-06-05,28.2,29.0,28.1,28.4,34000
2013-06-06,27.7,28.0,27.7,27.8,14000
2013-06-09,27.3,27.3,26.8,27.0,20000
2013-06-10,27.4,27.4,27.0,27.1,16500
2013-06-11,27.5,28.4,26.9,27.3,43500
2013-06-12,27.1,28.8,27.1,27.5,22500
2013-06-13,28.0,28.9,28.0,28.6,20000
2013-06-16,29.1,30.0,28.8,29.0,83500
2013-06-17,29.5,29.5,27.8,28.1,32500
2013-06-18,28.0,28.6,27.7,27.8,17000
2013-06-19,25.2,28.5,25.2,28.1,25000
2013-06-20,27.4,28.0,27.4,27.5,18500
2013-06-23,27.1,27.4,26.5,26.8,28500
2013-06-24,26.5,27.3,26.3,26.5,32500
2013-06-26,26.5,26.5,26.0,26.1,19000
2013-06-27,26.0,26.0,25.5,25.7,4000
2013-06-30,25.1,25.1,24.9,25.0,14000
2013-07-02,25.5,27.2,25.5,26.4,21000
2013-07-03,27.4,27.5,26.3,27.2,17500
2013-07-04,27.0,28.2,27.0,27.9,25000
2013-07-07,28.5,28.5,27.8,27.9,45500
2013-07-08,26.4,27.0,26.4,26.6,19500
2013-07-09,26.5,28.7,26.2,27.7,71000
2013-07-10,27.0,27.3,26.5,26.7,22500
2013-07-11,26.3,26.5,26.1,26.1,76000
2013-07-14,26.1,26.1,25.8,25.9,26500
2013-07-15,25.0,25.4,24.3,24.7,16000
2013-07-16,25.3,25.4,25.2,25.2,29500
2013-07-17,25.2,27.0,25.2,26.3,28000
2013-07-18,26.2,26.2,25.1,25.5,53000
2013-07-21,25.0,25.2,25.0,25.0,4000
2013-07-22,25.0,25.0,23.0,23.7,12000
2013-07-23,23.7,24.0,23.2,23.5,23500
2013-07-24,24.5,24.9,23.8,24.5,5000
2013-07-25,23.9,24.0,23.5,23.6,21000
2013-07-28,23.1,23.1,23.1,23.1,11000
2013-07-29,23.5,24.5,23.5,24.0,4500
2013-07-30,24.4,24.4,23.5,23.6,11000
2013-07-31,24.7,24.7,23.6,24.1,28000
2013-08-01,23.6,24.2,23.5,23.5,25500
2013-08-04,23.2,23.2,22.5,22.6,59000
2013-08-05,22.7,23.4,22.7,22.9,36000
2013-08-12,23.0,23.1,22.9,22.9,2500
2013-08-13,23.0,23.3,22.7,22.9,45500
2013-08-14,22.6,23.0,22.6,22.9,23500
2013-08-18,23.4,24.0,23.2,23.5,15000
2013-08-19,23.9,23.9,23.6,23.7,32000
2013-08-20,24.3,24.3,24.0,24.1,45500
2013-08-21,23.7,23.7,23.6,23.6,18000
2013-08-22,23.6,24.2,23.1,23.8,33500
2013-08-25,24.3,25.6,24.1,25.0,65500
2013-08-26,25.5,25.5,24.8,24.9,45500
2013-08-27,24.5,25.5,24.3,24.7,65500
2013-08-29,24.7,24.7,23.4,24.1,21500
2013-09-01,24.8,25.0,23.6,23.8,36000
2013-09-02,23.3,24.0,23.1,23.2,80000
2013-09-03,23.5,23.5,23.3,23.4,51500
2013-09-04,24.0,24.0,23.1,23.6,20500
2013-09-05,24.0,24.0,23.2,23.4,19000
2013-09-08,23.1,23.5,23.1,23.3,34000
2013-09-09,23.2,23.6,23.2,23.5,18500
2013-09-10,23.8,23.8,23.4,23.6,10500
2013-09-11,23.0,25.2,23.0,24.7,95000
2013-09-12,24.9,26.5,24.9,26.2,94500
2013-09-15,26.5,28.8,26.5,28.7,199000
2013-09-16,28.0,30.2,28.0,29.3,136500
2013-09-17,28.3,28.3,27.3,27.6,112500
2013-09-18,27.9,28.2,26.9,27.0,77000
2013-09-19,26.6,27.4,26.3,26.7,25500
2013-09-22,27.1,27.1,25.9,26.0,31000
2013-09-23,25.9,28.6,25.2,28.6,125500
2013-09-24,31.0,31.4,30.0,31.2,556000
2013-09-25,32.8,33.4,29.5,31.4,373000
2013-09-26,31.5,33.0,30.2,32.9,184500
2013-09-29,32.6,32.6,30.5,30.9,83000
2013-09-30,30.5,30.5,28.6,29.4,123500
2013-10-01,30.0,31.7,29.0,30.4,103000
2013-10-02,31.7,31.7,30.0,30.9,57500
2013-10-03,31.6,31.6,29.3,29.5,76500
2013-10-06,28.4,29.5,28.3,28.6,55000
2013-10-07,28.9,28.9,28.1,28.5,73500
2013-10-08,28.2,28.7,28.1,28.2,91000
2013-10-09,28.2,29.0,28.0,28.4,47500
2013-10-10,27.1,29.7,27.1,28.9,66500
2013-10-20,27.2,27.5,27.1,27.2,14500
2013-10-21,26.5,27.4,26.3,27.1,98500
2013-10-22,27.2,27.3,27.2,27.2,7000
2013-10-23,27.4,28.2,27.0,27.5,75500
2013-10-24,28.0,28.0,26.5,26.7,41500
2013-10-27,27.1,28.7,27.1,27.8,76500
2013-10-28,28.6,28.6,27.1,27.4,38500
2013-10-29,27.2,27.6,27.0,27.2,29000
2013-10-30,28.5,28.5,27.0,27.3,29500
2013-10-31,27.0,27.3,26.2,26.5,141000
2013-11-03,27.5,29.0,26.5,26.7,49500
2013-11-04,26.4,27.4,26.4,26.9,40500
2013-11-05,27.0,27.9,26.9,27.0,98500
2013-11-06,27.0,27.5,27.0,27.1,51000
2013-11-07,27.8,28.5,27.6,28.4,73000
2013-11-10,27.9,28.7,27.5,27.7,69500
2013-11-11,28.0,28.1,27.6,27.7,47000
2013-11-12,27.3,27.9,27.2,27.2,35000
2013-11-13,27.4,28.1,27.2,27.3,62500
2013-11-14,27.5,27.9,27.0,27.1,46000
2013-11-17,27.5,27.9,27.5,27.5,59000
2013-11-18,28.0,28.5,27.8,27.9,109500
2013-11-19,28.0,28.6,27.6,27.8,176500
2013-11-20,28.6,28.9,27.9,28.4,159500
2013-11-21,27.8,29.3,27.8,28.9,116000
2013-11-24,29.4,29.9,28.9,29.2,111500
2013-11-25,29.3,29.3,28.4,28.6,79500
2013-11-26,28.5,29.6,28.1,28.2,68000
2013-11-27,28.5,28.7,27.2,27.5,65000
2013-11-28,27.0,27.7,27.0,27.2,29000
2013-12-01,27.2,27.6,26.8,26.9,18000
2013-12-02,27.4,27.8,26.7,27.3,37500
2013-12-03,27.8,27.9,27.1,27.5,82500
2013-12-04,27.0,27.6,27.0,27.1,42500
2013-12-05,27.0,27.5,26.5,26.9,67500
2013-12-08,27.0,28.0,26.7,27.6,75000
2013-12-09,27.5,27.6,27.1,27.3,46000
2013-12-10,27.2,28.5,27.2,27.8,107500
2013-12-11,28.0,28.4,27.9,28.1,64000
2013-12-12,28.1,29.4,27.9,28.3,92000
2013-12-15,28.1,28.5,27.4,28.0,78000
2013-12-17,27.8,27.9,27.4,27.5,52500
2013-12-18,28.2,28.2,27.3,27.5,46000
2013-12-19,27.1,27.9,27.0,27.2,53000
2013-12-22,27.5,28.1,27.1,27.2,56000
2013-12-23,27.6,27.6,27.3,27.3,32500
2013-12-24,27.2,27.5,27.0,27.1,26500
2013-12-26,27.0,27.2,26.9,27.0,29500
2013-12-29,27.0,27.2,26.8,26.9,12500
2013-12-30,26.9,27.1,26.9,26.9,24500
2014-01-01,27.2,27.5,27.2,27.4,21500
2014-01-02,27.2,27.2,27.0,27.0,27000
2014-01-06,27.1,27.1,27.0,27.0,27000
2014-01-07,26.8,27.3,26.8,27.2,48000
2014-01-08,27.5,28.0,27.5,27.7,36000
2014-01-09,27.8,28.0,27.3,27.4,29000
2014-01-12,27.5,27.9,27.3,27.7,41000
2014-01-13,27.4,27.9,27.4,27.8,78000
2014-01-15,27.6,27.7,27.4,27.5,54000
2014-01-16,27.3,27.9,27.3,27.6,39000
2014-01-19,27.8,28.7,27.8,28.4,133500
2014-01-20,28.7,28.8,28.1,28.4,65000
2014-01-21,28.4,29.9,28.1,29.4,149000
2014-01-22,29.5,29.9,28.7,29.0,86000
2014-01-23,29.0,29.3,28.2,28.9,40000
2014-01-26,28.5,30.5,28.5,29.7,144000
2014-01-27,29.4,30.0,29.0,29.5,60000
2014-01-28,28.9,29.2,28.9,28.9,52500
2014-01-29,28.6,29.7,28.3,29.5,93500
2014-01-30,29.5,30.5,29.5,29.7,119000
2014-02-02,29.6,30.5,29.6,30.3,107000
2014-02-03,30.6,32.1,30.6,31.7,294500
2014-02-04,32.0,32.0,31.0,31.0,104000
2014-02-05,30.3,31.1,30.3,30.5,45000
2014-02-06,31.0,31.5,29.8,29.9,96500
2014-02-09,28.8,30.2,28.8,29.9,71000
2014-02-10,29.7,30.1,29.1,29.5,46500
2014-02-11,28.7,29.9,28.7,29.1,21500
2014-02-12,29.2,29.2,28.8,28.9,62500
2014-02-13,28.5,29.0,28.2,28.5,31500
2014-02-16,28.8,28.8,28.6,28.7,13500
2014-02-17,28.4,28.5,28.2,28.4,9500
2014-02-18,28.0,28.2,28.0,28.1,5500
2014-02-19,28.4,28.4,28.0,28.0,29000
2014-02-20,28.2,28.3,28.1,28.2,6500
2014-02-23,28.1,28.7,28.0,28.3,12000
2014-02-24,28.5,29.5,28.3,28.7,25500
2014-02-25,28.7,29.0,28.7,28.8,30000
2014-02-26,28.8,28.8,28.1,28.3,14000
2014-02-27,28.5,29.2,28.0,28.2,37500
2014-03-02,28.0,28.0,27.3,27.6,20000
2014-03-03,27.0,27.8,27.0,27.1,19000
2014-03-04,28.0,28.0,28.0,28.0,3500
2014-03-05,27.5,27.8,27.3,27.4,7500
2014-03-06,27.1,27.4,27.1,27.1,5500
2014-03-09,27.2,27.2,26.1,26.8,19000
2014-03-10,26.6,27.5,26.6,26.7,12000
2014-03-11,26.6,26.6,26.4,26.4,25500
2014-03-12,26.6,26.6,26.6,26.6,3000
2014-03-13,26.6,26.9,26.2,26.4,22500
2014-03-16,26.4,26.4,26.3,26.3,10000
2014-03-18,26.3,26.3,26.2,26.2,5500
2014-03-19,26.1,26.1,25.8,26.0,28500
2014-03-20,25.8,25.9,25.8,25.8,1000
2014-03-23,25.9,26.0,25.6,25.6,31000
2014-03-24,25.5,25.5,25.4,25.4,16000
2014-03-25,25.3,25.3,25.2,25.2,8500
2014-03-27,25.3,25.3,24.1,24.8,25000
2014-03-30,24.2,24.3,24.2,24.2,1000
2014-03-31,24.3,25.0,24.0,24.1,16000
2014-04-01,24.0,24.5,24.0,24.1,18000
2014-04-02,24.1,24.8,24.0,24.4,8500
2014-04-03,24.6,24.6,23.6,23.7,73000
2014-04-06,23.9,23.9,23.5,23.6,42000
2014-04-07,23.6,23.6,23.3,23.3,36000
2014-04-08,23.0,23.2,22.9,23.0,6000
2014-04-09,23.3,23.3,23.0,23.1,23500
2014-04-10,23.3,23.5,23.0,23.1,17500
2014-04-13,23.8,23.8,23.5,23.7,2000
2014-04-15,23.1,23.8,23.0,23.1,65500
2014-04-16,23.2,23.5,22.5,22.6,45500
2014-04-17,22.6,22.8,22.5,22.6,7000
2014-04-20,23.0,23.5,22.6,22.8,30500
2014-04-21,23.0,24.0,23.0,23.7,12000
2014-04-22,23.6,24.0,23.3,23.8,30000
2014-04-23,24.1,24.3,23.3,23.4,38000
2014-04-24,23.5,23.5,22.6,22.9,61500
2014-04-27,24.5,24.5,22.8,23.4,29000
2014-04-28,23.9,23.9,23.0,23.1,44500
2014-04-30,20.6,21.1,20.4,20.7,10000
2014-05-04,20.7,20.8,20.6,20.6,9500
2014-05-05,20.6,20.7,20.1,20.4,26500
2014-05-06,21.5,22.0,21.5,21.8,26000
2014-05-07,22.6,22.6,22.0,22.2,19500
2014-05-08,21.5,21.6,21.4,21.5,13000
2014-05-12,21.5,22.0,21.5,21.6,14500
2014-05-14,21.4,22.5,21.4,22.1,15500
2014-05-15,22.2,22.2,21.3,21.5,12000
2014-05-18,21.2,21.7,21.2,21.5,12500
2014-05-19,21.5,21.5,20.7,21.1,28500
2014-05-20,20.8,20.8,20.7,20.7,8000
2014-05-21,21.0,21.0,20.3,20.5,17000
2014-05-22,20.5,20.8,20.4,20.5,25000
2014-05-25,20.5,20.8,20.3,20.5,9500
2014-05-26,20.5,20.7,20.4,20.5,11000
2014-05-27,20.5,21.2,20.5,20.9,13000
2014-05-28,21.0,21.0,20.7,20.9,18000
2014-05-29,20.9,21.2,20.9,21.0,16500
2014-06-01,20.8,21.3,20.7,20.9,21500
2014-06-02,20.7,20.9,20.7,20.8,3500
2014-06-03,20.5,20.6,20.5,20.5,15500
2014-06-04,20.4,20.4,20.1,20.1,10000
2014-06-05,20.1,20.1,20.0,20.0,16500
2014-06-09,20.0,20.5,20.0,20.3,6000
2014-06-10,20.2,20.3,20.2,20.2,5000
2014-06-11,20.0,20.4,20.0,20.1,22000
2014-06-12,20.1,20.3,20.1,20.1,9000
2014-06-15,21.8,21.8,19.6,19.8,26000
2014-06-16,19.0,19.5,18.8,18.9,17000
2014-06-17,18.9,18.9,18.5,18.6,34500
2014-06-18,18.4,19.0,18.3,18.4,17500
2014-06-19,18.4,18.7,18.3,18.3,42000
2014-06-22,18.1,18.5,18.1,18.3,1500
2014-06-23,18.8,18.8,18.4,18.5,5500
2014-06-24,18.2,18.7,18.1,18.2,7000
2014-06-25,18.5,19.0,18.5,18.6,16000
2014-06-26,18.7,18.8,18.6,18.6,8500
2014-06-29,19.2,19.3,19.0,19.1,8500
2014-07-02,18.6,18.6,18.6,18.6,5000
2014-07-03,18.7,19.1,18.7,18.9,29000
2014-07-06,18.7,18.7,18.6,18.6,3000
2014-07-07,18.5,18.5,18.5,18.5,7500
2014-07-08,18.0,18.5,18.0,18.4,5500
2014-07-09,18.4,18.9,18.4,18.5,5000
2014-07-10,18.8,18.8,18.5,18.5,11500
2014-07-14,18.4,18.5,18.3,18.3,13500
2014-07-15,18.4,18.4,18.3,18.3,12000
2014-07-16,19.5,19.5,18.6,19.2,8500
2014-07-21,19.0,19.0,18.6,18.7,53500
2014-07-22,19.3,19.3,19.1,19.2,1500
2014-07-23,19.1,19.3,18.7,18.8,17500
2014-07-24,19.5,19.5,19.1,19.2,27500
2014-08-03,19.3,19.7,19.3,19.3,14500
2014-08-04,19.3,19.4,19.3,19.3,29000
2014-08-05,19.2,19.6,19.2,19.2,38000
2014-08-06,21.0,21.0,19.1,19.2,28500
2014-08-07,19.4,19.9,19.4,19.6,13500
2014-08-10,19.8,20.0,19.8,19.8,34500
2014-08-11,19.5,19.6,19.0,19.1,24000
2014-08-12,19.3,19.8,19.0,19.2,82000
2014-08-13,19.3,19.6,19.2,19.2,33000
2014-08-14,19.7,20.1,19.3,19.8,34000
2014-08-18,19.3,20.3,19.3,20.1,120000
2014-08-19,19.9,20.3,19.1,20.0,66500
2014-08-20,20.8,21.7,19.1,19.5,93500
2014-08-21,20.8,21.0,19.1,19.3,123000
2014-08-24,19.3,19.3,18.6,18.6,88500
2014-08-25,18.7,18.7,18.0,18.1,131000
2014-08-26,18.5,18.6,18.2,18.5,103500
2014-08-27,18.7,18.7,18.3,18.4,52000
2014-08-28,18.2,18.2,18.0,18.0,58500
2014-08-31,18.2,18.2,17.8,17.8,125500
2014-09-01,18.1,18.5,18.0,18.1,78000
2014-09-02,18.2,18.5,18.1,18.2,22500
2014-09-03,18.2,18.9,18.2,18.8,109000
2014-09-04,18.6,19.2,18.6,19.1,85000
2014-09-07,20.3,20.3,19.5,19.8,151000
2014-09-08,19.4,19.6,19.3,19.4,35000
2014-09-09,20.1,20.8,19.2,19.3,69000
2014-09-10,19.2,19.7,19.1,19.2,175500
2014-09-11,19.3,19.5,19.0,19.1,10000
2014-09-14,19.0,19.2,18.9,19.1,21000
2014-09-15,19.0,19.0,18.0,18.2,211500
2014-09-16,18.3,18.4,17.9,18.0,78000
2014-09-17,17.8,18.3,17.8,18.0,77500
2014-09-18,18.0,18.8,17.9,18.5,90500
2014-09-21,18.2,18.9,18.2,18.7,81500
2014-09-22,18.8,19.2,18.6,18.9,107500
2014-09-23,19.0,20.0,19.0,19.6,142500
2014-09-24,19.7,19.7,18.7,18.9,37500
2014-09-25,19.0,19.1,18.5,18.6,71000
2014-09-28,18.8,19.0,18.5,18.5,62000
2014-09-29,18.6,18.7,18.5,18.5,21000
2014-09-30,18.5,18.9,18.5,18.6,52000
2014-10-01,19.0,19.5,19.0,19.3,61000
2014-10-02,19.3,21.0,19.3,20.6,194000
2014-10-12,21.9,22.6,21.0,22.6,168500
2014-10-13,22.9,23.0,21.5,22.2,91000
2014-10-14,22.5,23.0,21.5,22.8,131000
2014-10-15,22.8,22.9,22.1,22.3,77500
2014-10-16,22.2,22.2,21.7,21.9,111000
2014-10-19,21.6,21.9,21.1,21.3,30000
2014-10-20,21.7,21.7,20.2,20.7,70000
2014-10-21,21.1,21.5,20.9,21.2,14500
2014-10-22,21.3,21.3,20.5,20.7,31500
2014-10-23,20.6,20.6,20.3,20.3,55000
2014-10-26,20.2,20.2,19.9,20.0,12000
2014-10-27,19.8,20.7,19.8,20.3,16000
2014-10-28,21.0,21.0,20.2,20.2,15500
2014-10-29,20.1,20.2,20.0,20.1,18000
2014-10-30,20.1,20.1,20.1,20.1,26500
2014-11-02,19.5,20.1,19.5,19.6,35500
2014-11-03,19.6,20.5,19.6,19.9,26000
2014-11-05,19.5,20.4,19.5,19.7,19000
2014-11-06,19.5,20.0,19.5,19.8,17500
2014-11-09,19.7,19.7,19.4,19.5,17000
2014-11-10,19.3,19.8,19.3,19.4,26500
2014-11-11,19.2,19.7,19.2,19.4,8500
2014-11-12,19.3,19.8,19.1,19.2,88500
2014-11-13,19.3,19.7,18.9,19.1,71500
2014-11-16,19.0,19.3,18.9,19.0,61500
2014-11-17,18.9,19.3,18.9,19.0,12500
2014-11-18,19.0,19.0,18.5,18.8,7000
2014-11-19,19.0,19.3,18.9,19.0,10500
2014-11-20,19.0,19.4,18.8,18.9,2500
2014-11-23,18.8,18.8,18.3,18.4,9000
2014-11-24,18.4,19.4,18.4,18.5,10500
2014-11-25,19.3,19.3,18.4,18.5,19000
2014-11-26,18.4,18.5,18.4,18.4,10500
2014-11-27,18.6,18.8,18.6,18.6,4500
2014-11-30,18.5,19.2,18.5,19.0,8500
2014-12-01,19.2,19.5,19.2,19.3,22000
2014-12-02,19.4,19.5,19.2,19.3,10500
2014-12-03,19.6,19.6,18.9,19.4,16500
2014-12-04,19.1,19.5,19.0,19.1,9500
2014-12-07,19.1,19.1,18.6,18.9,17000
2014-12-08,18.9,19.0,18.9,18.9,9000
2014-12-09,18.5,18.9,18.5,18.7,2500
2014-12-10,18.7,19.0,18.7,18.7,15000
2014-12-11,18.0,18.7,18.0,18.2,5437
2014-12-14,18.0,18.5,18.0,18.4,3889
2014-12-15,18.0,18.8,18.0,18.4,9171
2014-12-17,18.2,18.6,18.2,18.4,5292
2014-12-18,18.3,18.6,18.1,18.4,6216
2014-12-21,18.3,19.0,18.3,18.7,9941
2014-12-22,18.5,19.0,18.5,18.9,19596
2014-12-23,18.3,19.0,18.3,18.9,11142
2014-12-24,18.6,19.0,18.5,18.8,17440
2014-12-28,18.2,19.2,18.2,18.8,7142
2014-12-29,18.3,18.6,18.3,18.6,22364
2014-12-30,18.3,19.4,18.3,18.7,11798
2015-01-01,18.6,19.1,18.6,18.8,2807
2015-01-05,18.7,18.9,18.7,18.8,7327
2015-01-06,18.5,19.3,18.5,18.9,10339
2015-01-07,18.6,19.7,18.6,19.2,12924
2015-01-08,18.3,20.0,18.0,18.4,71995
2015-01-11,18.4,18.8,18.4,18.8,12269
2015-01-12,18.5,18.9,18.5,18.7,5952
2015-01-13,19.1,19.1,18.5,18.6,33115
2015-01-14,18.5,18.9,18.3,18.7,26539
2015-01-15,18.5,18.8,18.5,18.7,55008
2015-01-18,18.5,18.8,18.4,18.6,4044
2015-01-19,18.3,18.3,17.4,17.5,213588
2015-01-20,17.5,18.0,17.3,17.3,23267
2015-01-21,17.2,17.5,17.2,17.4,12924
2015-01-22,18.0,18.5,17.5,17.8,41292
2015-01-25,17.5,17.8,17.5,17.6,11873
2015-01-26,17.6,17.6,17.2,17.4,17030
2015-01-27,17.2,17.5,17.2,17.4,20992
2015-01-28,17.1,17.4,17.1,17.2,4907
2015-01-29,17.1,17.4,17.1,17.2,6924
2015-02-01,17.1,17.4,17.1,17.2,8822
2015-02-02,16.5,17.7,16.5,17.5,44080
2015-02-03,17.0,17.7,17.0,17.2,67148
2015-02-04,17.2,17.4,17.1,17.1,17834
2015-02-05,17.6,17.6,17.3,17.5,2426
2015-02-08,18.5,18.5,17.3,17.8,17271
2015-02-09,17.4,18.0,17.3,17.4,10251
2015-02-10,17.4,17.7,17.4,17.5,3425
2015-02-11,17.0,17.9,17.0,17.5,6611
2015-02-12,17.5,18.0,17.5,17.8,18838
2015-02-15,17.4,18.5,17.2,18.3,47184
2015-02-16,17.5,18.0,17.5,18.0,13854
2015-02-17,17.3,18.1,17.3,18.0,31193
2015-02-18,17.3,18.1,17.3,18.1,5252
2015-02-19,17.6,18.1,17.5,17.6,2173
2015-02-22,17.6,18.5,17.5,18.4,13776
2015-02-23,18.4,18.5,17.8,17.9,26872
2015-02-24,17.6,17.9,17.6,17.6,2784
2015-02-25,17.8,18.0,17.6,17.8,13215
2015-02-26,18.0,18.2,18.0,18.1,18075
2015-03-01,17.3,18.0,17.2,17.5,27040
2015-03-02,17.0,17.5,17.0,17.2,14297
2015-03-03,17.0,17.7,16.8,17.3,15071
2015-03-04,17.0,17.6,17.0,17.5,118923
2015-03-05,17.6,17.9,17.6,17.8,10490
2015-03-08,17.2,18.0,17.2,17.7,24768
2015-03-09,17.5,17.9,17.3,17.5,9128
2015-03-10,17.4,17.9,17.4,17.8,777
2015-03-11,17.4,17.4,17.3,17.3,1052
2015-03-12,17.2,17.3,17.0,17.1,13847
2015-03-15,16.6,16.8,16.6,16.8,7100
2015-03-16,16.0,16.6,15.8,16.1,5307
2015-03-18,15.8,16.9,15.8,16.0,27785
2015-03-19,16.0,16.4,16.0,16.2,10877
2015-03-22,16.2,16.3,16.0,16.2,18537
2015-03-23,15.4,16.5,15.2,15.9,7946
2015-03-24,15.5,16.3,15.5,16.1,37301
2015-03-25,16.0,16.3,16.0,16.2,8775
2015-03-29,15.0,16.0,15.0,15.9,2006
2015-03-30,15.0,16.4,15.0,15.8,36067
2015-03-31,15.1,15.4,15.0,15.2,28825
2015-04-01,15.1,15.5,15.1,15.4,2506
2015-04-02,15.5,15.9,15.5,15.8,28910
2015-04-05,15.0,15.3,15.0,15.2,1753
2015-04-06,15.2,15.2,15.0,15.1,3055
2015-04-07,15.1,15.1,14.1,14.8,9597
2015-04-08,14.8,15.2,14.6,14.9,5096
2015-04-09,14.6,15.0,14.6,14.9,2762
2015-04-12,14.7,14.7,14.2,14.3,1062
2015-04-13,14.4,14.5,14.4,14.5,12178
2015-04-15,14.2,15.1,14.2,14.8,3614
2015-04-16,14.7,15.8,14.6,14.8,8111
2015-04-19,13.8,15.2,13.7,14.6,3855
2015-04-20,13.6,14.8,13.6,14.2,72040
2015-04-21,13.8,14.8,13.8,14.4,5492
2015-04-22,14.9,14.9,14.2,14.7,26614
2015-04-23,13.7,14.6,13.7,14.3,14607
2015-04-26,13.8,14.3,13.8,14.0,6817
2015-04-27,14.3,14.3,13.1,13.3,5700
2015-04-30,12.0,12.3,12.0,12.0,25463
2015-05-04,11.0,11.6,11.0,11.2,8933
2015-05-05,11.9,11.9,11.6,11.8,5515
2015-05-06,12.0,12.3,11.6,11.9,16500
2015-05-07,12.0,13.0,11.8,12.4,11818
2015-05-10,13.5,13.6,13.5,13.6,18891
2015-05-11,14.8,14.9,14.8,14.9,30727
2015-05-12,15.1,15.1,14.0,14.6,17255
2015-05-13,14.0,14.9,14.0,14.5,18889
2015-05-14,14.5,15.0,14.2,14.8,14122
2015-05-17,14.0,14.3,13.8,14.0,15177
2015-05-18,14.0,14.9,14.0,14.4,29696
2015-05-19,14.5,15.6,14.5,15.3,35919
2015-05-20,14.1,15.6,14.1,15.5,20927
2015-05-21,15.5,15.9,15.4,15.9,40497
2015-05-24,14.7,14.7,14.7,14.7,258
2015-05-25,15.1,16.1,15.1,16.1,63900
2015-05-26,16.0,17.1,15.5,16.8,73118
2015-05-27,15.7,17.1,15.7,16.1,11163
2015-05-28,15.4,17.1,15.4,15.8,14768
2015-05-31,14.5,16.0,14.5,15.8,11161
2015-06-01,15.3,16.0,15.2,15.7,38454
2015-06-02,15.5,16.0,15.4,15.6,10664
2015-06-04,14.8,16.0,14.8,15.9,13762
2015-06-07,15.3,16.4,15.3,15.9,13524
2015-06-08,15.5,16.1,15.5,15.6,4090
2015-06-09,15.6,15.8,15.1,15.6,12377
2015-06-10,15.9,16.0,15.9,16.0,12850
2015-06-11,15.3,16.0,15.3,15.6,857
2015-06-14,15.3,15.9,15.3,15.8,19965
2015-06-15,15.3,15.5,14.8,15.3,7073
2015-06-16,14.8,15.8,14.8,15.7,23936
2015-06-17,15.0,15.9,15.0,15.0,3517
2015-06-18,14.8,14.9,14.8,14.9,2393
2015-06-21,13.8,14.8,13.8,14.4,4553
2015-06-23,14.9,14.9,14.7,14.9,2400
2015-06-24,14.7,14.9,14.5,14.6,16420
2015-06-25,14.6,14.6,14.2,14.5,20177
2015-06-28,13.6,14.5,13.6,14.4,46597
2015-06-29,14.5,15.6,14.5,15.4,16739
2015-06-30,14.3,14.8,14.3,14.6,1561
2015-07-02,14.5,15.7,14.5,14.9,10013
2015-07-05,14.0,15.4,14.0,14.5,5962
2015-07-06,14.1,15.0,14.0,14.4,8932
2015-07-07,14.8,15.0,14.7,14.9,43962
2015-07-08,14.4,15.3,14.4,14.9,21047
2015-07-09,14.2,15.0,14.2,15.0,25716
2015-07-12,14.6,14.8,14.6,14.7,6155
2015-07-13,14.8,15.0,14.5,14.8,36078
2015-07-14,14.3,15.0,13.6,14.8,44117
2015-07-21,14.4,15.5,14.4,15.1,4883
2015-07-22,14.8,15.9,14.8,15.7,28386
2015-07-23,15.0,15.1,14.8,15.0,14855
2015-07-26,14.6,15.3,14.6,14.9,11052
2015-07-27,15.0,15.1,15.0,15.1,8100
2015-07-28,15.0,15.0,14.5,14.7,6403
2015-07-29,14.7,15.8,14.7,14.9,5242
2015-07-30,14.9,15.0,14.5,14.7,3873
2015-08-02,14.5,14.8,14.5,14.6,12236
2015-08-03,14.5,14.9,14.5,14.8,7021
2015-08-04,14.7,14.7,14.7,14.7,1165
2015-08-05,14.7,15.0,14.7,14.8,3043
2015-08-06,14.5,15.4,14.4,14.9,9040
2015-08-09,14.9,15.0,14.7,14.9,10382
2015-08-10,14.0,15.2,13.9,14.7,13637
2015-08-11,14.7,15.0,14.3,14.6,15206
2015-08-12,15.6,15.6,14.5,14.7,15709
2015-08-13,14.6,14.7,14.0,14.2,47800
2015-08-16,14.4,14.4,14.1,14.2,9610
2015-08-17,15.2,15.2,14.5,14.9,10632
2015-08-18,14.2,15.0,14.2,14.9,8487
2015-08-19,14.6,15.0,14.4,14.8,7523
2015-08-20,14.4,15.3,14.4,14.8,19597
2015-08-23,14.4,14.8,14.4,14.6,13962
2015-08-24,14.5,15.5,14.2,14.5,25026
2015-08-25,14.6,14.9,14.6,14.7,1250
2015-08-26,14.2,15.0,14.2,14.5,3409
2015-08-27,14.5,14.5,14.3,14.4,5057
2015-08-31,14.4,14.4,14.3,14.3,571
2015-09-01,14.3,14.7,14.3,14.5,7416
2015-09-02,13.2,14.4,13.2,14.2,7488
2015-09-03,14.2,14.6,14.1,14.3,19988
2015-09-06,14.1,14.6,14.1,14.5,6708
2015-09-07,13.5,14.6,13.5,14.4,5627
2015-09-08,14.5,14.5,14.3,14.5,3482
2015-09-09,14.3,14.4,14.3,14.3,6108
2015-09-10,14.4,14.6,14.4,14.5,9560
2015-09-13,14.2,14.9,14.2,14.6,10136
2015-09-14,14.8,14.9,14.7,14.8,21637
2015-09-15,15.1,15.4,14.9,15.1,19415
2015-09-16,14.8,15.3,14.8,15.1,5602
2015-09-17,15.2,15.2,14.2,14.4,1724
2015-09-20,14.6,14.9,14.6,14.9,795
2015-09-21,15.2,15.8,15.0,15.4,31376
2015-09-22,15.3,15.5,15.3,15.4,12717
2015-09-28,15.6,15.6,15.0,15.1,3563
2015-09-29,14.8,15.4,14.8,15.1,1853
2015-09-30,14.6,15.0,14.6,14.7,5072
2015-10-01,14.7,15.0,14.7,14.9,4236
2015-10-04,14.5,15.4,14.5,14.5,22
2015-10-05,14.6,14.8,14.6,14.7,1757
2015-10-06,14.8,15.6,14.8,15.1,12460
2015-10-07,15.0,15.0,14.9,15.0,2297
2015-10-08,15.0,15.5,14.6,15.3,9232
2015-10-11,14.0,14.9,14.0,14.8,3752
2015-10-12,14.5,15.0,14.5,15.0,6290
2015-10-13,15.0,15.0,14.7,14.9,1362
2015-10-14,14.4,14.7,14.3,14.4,10819
2015-10-15,15.3,15.3,14.8,14.8,4550
2015-10-18,15.5,15.5,13.5,13.9,5505
2015-10-19,13.4,14.0,13.4,13.9,35522
2015-10-20,14.4,14.4,13.5,13.6,12903
2015-10-21,14.5,14.5,13.5,14.1,1304
2015-10-25,14.5,14.5,14.4,14.4,676
2015-10-26,14.5,14.5,14.5,14.5,3100
2015-10-27,14.3,14.5,14.3,14.4,4633
2015-10-28,14.4,14.4,14.0,14.4,3563
2015-10-29,14.5,14.6,14.5,14.5,6695
2015-11-01,13.6,14.6,13.6,14.4,3911
2015-11-02,14.5,14.5,13.5,13.6,23825
2015-11-03,14.0,14.0,14.0,14.0,34
2015-11-04,14.0,14.0,14.0,14.0,10500
2015-11-05,13.4,14.2,13.3,13.8,2645
2015-11-08,12.9,13.5,12.9,13.4,2457
2015-11-09,13.3,13.4,13.3,13.3,2505
2015-11-10,13.7,14.0,13.5,13.7,13212
2015-11-11,13.3,13.7,13.2,13.3,11742
2015-11-12,13.8,14.2,13.6,14.2,24483
2015-11-15,13.7,14.1,13.6,13.6,7388
2015-11-16,13.6,14.2,13.6,14.1,583
2015-11-17,14.1,14.1,14.1,14.1,100
2015-11-18,13.6,14.2,13.2,14.0,7880
2015-11-19,14.0,14.1,13.9,14.0,28900
2015-11-22,14.7,14.9,13.6,14.2,17443
2015-11-23,14.9,14.9,14.0,14.7,31500
2015-11-24,14.6,14.9,14.3,14.5,26445
2015-11-25,14.1,14.4,14.1,14.4,12440
2015-11-26,13.5,14.2,13.5,13.9,6229
2015-11-29,14.5,14.5,14.5,14.5,10065
2015-11-30,14.0,14.6,14.0,14.5,11363
2015-12-01,14.1,14.5,14.1,14.5,11855
2015-12-02,13.2,14.7,13.2,14.4,10506
2015-12-03,14.0,14.5,14.0,14.4,3505
2015-12-06,14.4,15.5,14.4,15.3,61601
2015-12-07,14.6,15.3,14.6,14.9,10625
2015-12-08,15.5,16.0,14.6,15.6,38936
2015-12-09,14.3,14.7,14.3,14.6,20430
2015-12-10,14.4,14.5,14.4,14.5,7473
2015-12-13,14.8,14.8,14.5,14.5,1100
2015-12-14,14.4,14.5,14.3,14.5,9837
2015-12-15,14.5,14.6,14.3,14.4,17766
2015-12-17,14.5,14.5,14.1,14.3,1698
2015-12-20,14.2,14.8,14.2,14.5,2538
2015-12-21,14.2,14.7,14.2,14.5,753
2015-12-22,14.5,15.0,14.3,14.5,16841
2015-12-23,14.5,15.8,14.0,15.0,81051
2015-12-24,14.5,15.6,14.5,15.1,24508
2015-12-27,14.9,15.9,14.9,15.8,71756
2015-12-28,16.2,16.4,15.8,15.9,40503
2015-12-29,16.4,17.0,15.7,16.8,69892
2015-12-30,16.8,17.1,16.1,16.5,57071
2015-12-31,16.7,17.1,16.7,17.0,72581
2016-01-03,16.2,17.4,16.2,17.3,38035
2016-01-04,17.3,17.3,16.3,16.8,29469
2016-01-05,16.8,16.8,16.4,16.6,2833
2016-01-06,17.2,17.3,16.7,17.1,33777
2016-01-07,17.2,17.3,16.8,16.9,3947
2016-01-10,16.1,16.9,15.6,16.1,6717
2016-01-11,17.5,17.5,16.6,17.1,32220
2016-01-12,17.4,17.5,16.3,16.9,45742
2016-01-13,17.3,18.5,17.3,18.4,110396
2016-01-14,18.0,20.2,18.0,18.8,78473
2016-01-17,19.2,20.3,18.3,18.8,87205
2016-01-18,18.9,20.0,18.5,18.6,28511
2016-01-19,18.8,19.9,18.2,19.1,85897
2016-01-20,19.2,19.7,18.5,18.5,39190
2016-01-21,18.3,18.3,18.0,18.1,6200
2016-01-24,18.6,18.9,18.2,18.4,27103
2016-01-25,18.8,18.8,18.4,18.6,1700
2016-01-26,18.1,19.9,18.1,18.7,24622
2016-01-27,18.7,19.4,18.7,19.4,24800
2016-01-31,17.6,18.6,17.6,17.7,18931
2016-02-01,18.3,18.4,17.7,18.1,10068
2016-02-02,18.5,18.8,17.0,18.5,49213
2016-02-03,18.5,18.5,17.2,18.4,3313
2016-02-04,17.2,17.2,17.2,17.2,153
2016-02-07,17.3,18.0,17.3,17.4,825
2016-02-08,17.2,17.2,16.7,16.8,29037
2016-02-09,16.9,16.9,15.2,15.6,24348
2016-02-10,17.0,17.1,16.6,17.0,10924
2016-02-11,17.5,18.5,17.3,18.2,38070
2016-02-14,17.4,17.4,17.4,17.4,1400
2016-02-15,17.5,17.5,17.4,17.5,4160
2016-02-16,17.6,17.8,17.4,17.5,7505
2016-02-17,17.4,17.4,15.9,16.0,19116
2016-02-18,17.2,17.5,16.8,17.2,7300
2016-02-22,17.6,18.4,17.0,17.0,31817
2016-02-23,17.6,17.6,16.1,16.8,9207
2016-02-24,17.0,17.0,16.8,16.9,1370
2016-02-25,16.8,17.0,16.4,16.6,10686
2016-02-28,17.2,17.2,16.0,16.1,7616
2016-02-29,16.3,16.3,15.8,16.0,16363
2016-03-01,14.8,17.2,14.8,15.8,34186
2016-03-02,17.0,17.0,16.5,16.7,1673
2016-03-03,16.7,17.4,15.8,17.2,12181
2016-03-06,17.8,18.4,16.4,16.7,41346
2016-03-07,15.8,17.0,15.8,16.2,2859
2016-03-08,16.2,17.1,16.2,16.2,7571
2016-03-09,16.2,16.3,16.0,16.2,26300
2016-03-10,16.2,16.3,16.1,16.2,10532
2016-03-13,17.1,17.1,16.3,16.5,961
2016-03-14,16.7,16.7,16.6,16.7,3000
2016-03-15,16.5,16.6,16.4,16.4,31061
2016-03-16,16.6,16.6,16.5,16.5,12700
2016-03-20,16.5,16.5,16.5,16.5,7482
2016-03-21,15.2,16.6,15.1,16.0,39275
2016-03-22,16.0,16.0,16.0,16.0,11000
2016-03-23,15.7,16.5,15.0,15.1,51912
2016-03-24,15.3,15.4,15.3,15.3,15306
2016-03-27,15.4,16.2,15.1,15.2,2503
2016-03-28,15.0,15.2,15.0,15.2,500
2016-03-29,14.6,15.7,14.6,14.6,708
2016-03-30,14.1,15.9,14.1,14.5,6274
2016-03-31,14.6,14.6,14.2,14.4,17991
2016-04-03,14.9,15.1,14.4,14.6,4505
2016-04-04,14.4,15.8,14.4,14.7,5625
2016-04-05,15.0,15.8,14.6,14.9,3033
2016-04-06,15.2,15.2,14.9,15.0,6000
2016-04-07,14.0,15.5,14.0,15.0,9332
2016-04-10,15.0,15.4,14.3,14.6,10650
2016-04-11,14.5,14.5,14.5,14.5,2135
2016-04-12,13.8,14.6,13.7,13.8,26519
2016-04-13,13.7,14.6,13.7,14.5,3475
2016-04-17,14.4,14.4,14.0,14.3,5585
2016-04-18,13.7,14.6,13.5,13.6,3828
2016-04-19,13.7,14.5,13.6,13.6,6375
2016-04-20,13.7,14.3,13.3,13.5,43364
2016-04-21,13.6,13.6,12.7,12.9,51063
2016-04-24,13.0,13.2,12.9,13.1,7807
2016-04-25,13.2,14.3,13.0,13.0,17800
2016-04-26,12.5,13.0,12.5,12.6,16021
2016-04-27,12.1,13.0,12.1,12.8,8415
2016-04-28,13.7,13.7,12.7,12.8,9449
2016-05-02,13.5,13.5,13.5,13.5,20
2016-05-03,13.6,13.6,12.8,12.8,366
2016-05-04,13.7,13.7,13.3,13.3,5020
2016-05-05,12.9,13.1,12.8,12.9,5390
2016-05-08,12.8,12.8,12.7,12.8,698
2016-05-09,13.6,13.6,12.7,13.0,1230
2016-05-10,12.8,12.8,12.8,12.8,63
2016-05-11,12.9,13.2,12.8,13.0,1610
2016-05-12,12.9,14.0,12.9,13.6,18246
2016-05-15,13.5,13.9,12.8,13.2,4248
2016-05-17,12.4,12.5,12.1,12.3,6992
2016-05-18,12.3,12.6,12.3,12.5,335
2016-05-19,12.1,13.7,12.1,13.6,21356
2016-05-22,13.6,14.9,13.6,14.1,34709
2016-05-24,14.8,15.4,14.5,14.7,47791
2016-05-25,14.2,15.3,14.1,14.2,5262
2016-05-26,13.8,13.8,13.8,13.8,4000
2016-05-29,13.9,13.9,13.7,13.8,7494
2016-05-30,13.5,13.7,13.3,13.5,13143
2016-06-01,13.2,13.2,13.1,13.2,6838
2016-06-02,13.1,13.4,13.1,13.3,5390
2016-06-05,13.5,13.5,13.3,13.4,3063
2016-06-06,13.3,14.1,13.2,13.3,4129
2016-06-07,13.3,13.3,13.3,13.3,2063
2016-06-08,13.3,13.3,13.3,13.3,5210
2016-06-09,13.4,13.6,13.4,13.6,3047
2016-06-12,13.3,13.3,13.1,13.2,4181
2016-06-13,13.0,13.2,12.9,13.0,1979
2016-06-14,12.1,12.8,12.1,12.3,3254
2016-06-15,12.3,13.4,12.3,12.5,4684
2016-06-16,12.6,13.3,12.5,13.1,10740
2016-06-19,13.9,13.9,12.5,13.8,3425
2016-06-20,12.6,12.8,12.6,12.7,3333
2016-06-21,12.9,12.9,12.9,12.9,2756
2016-06-22,12.7,12.7,12.7,12.7,232
2016-06-23,12.9,13.5,12.9,12.9,3426
2016-06-26,12.8,12.8,12.8,12.8,2502
2016-06-27,13.7,13.7,12.7,13.0,18651
2016-06-28,13.0,13.0,13.0,13.0,328
2016-06-29,13.0,13.0,12.8,12.9,136
2016-06-30,13.0,13.5,13.0,13.1,922
2016-07-10,13.1,13.1,13.1,13.1,770
2016-07-11,12.8,13.5,12.8,12.8,3467
2016-07-12,13.8,13.8,12.9,13.6,70
2016-07-13,13.9,13.9,13.1,13.6,8237
2016-07-14,13.1,13.6,13.0,13.3,29451
2016-07-16,13.4,13.4,13.1,13.2,11535
2016-07-17,13.1,13.1,13.1,13.1,1006
2016-07-18,13.4,13.4,13.3,13.4,6137
2016-07-19,13.7,13.7,13.0,13.1,34859
2016-07-20,13.0,13.0,12.9,13.0,9339
2016-07-21,13.0,13.0,13.0,13.0,836
2016-07-24,13.0,13.0,13.0,13.0,1740
2016-07-25,13.0,13.2,12.9,13.0,2678
2016-07-26,12.8,13.0,12.8,12.9,1243
2016-07-27,12.9,12.9,12.9,12.9,66
2016-07-28,13.0,13.5,13.0,13.2,3000
2016-07-31,13.1,13.1,13.1,13.1,6309
2016-08-01,13.1,13.2,13.1,13.1,123
2016-08-02,13.2,13.3,12.6,12.9,18604
2016-08-03,12.9,13.0,12.9,13.0,271
2016-08-04,12.9,13.2,12.9,13.0,3878
2016-08-07,12.7,12.9,12.7,12.7,4581
2016-08-08,12.8,12.8,12.8,12.8,200
2016-08-09,13.1,13.1,13.1,13.1,66
2016-08-10,12.7,13.2,12.7,13.1,2188
2016-08-11,13.2,13.2,12.8,13.0,11871
2016-08-14,12.9,12.9,12.9,12.9,5246
2016-08-16,12.6,12.9,12.5,12.6,2145
2016-08-17,13.4,13.4,13.0,13.1,2650
2016-08-18,13.1,13.2,12.8,12.9,6408
2016-08-21,13.1,13.1,12.9,12.9,8053
2016-08-22,12.8,13.1,12.8,13.0,10931
2016-08-23,13.0,13.0,13.0,13.0,4000
2016-08-24,13.0,13.0,12.9,13.0,3454
2016-08-28,12.8,13.5,12.5,13.3,15150
2016-08-29,13.5,14.5,13.5,14.4,34747
2016-08-30,14.5,14.5,13.2,13.3,78251
2016-08-31,13.5,14.6,13.3,14.6,147741
2016-09-01,14.0,14.8,14.0,14.4,18362
2016-09-04,13.9,15.7,13.9,14.8,68118
2016-09-05,14.8,15.0,14.0,14.2,13451
2016-09-06,14.2,14.8,13.9,14.0,34788
2016-09-07,14.2,14.2,14.0,14.1,11213
2016-09-08,14.0,14.4,13.6,13.9,13605
2016-09-18,13.7,14.4,13.7,13.8,1050
2016-09-19,14.1,14.4,14.0,14.1,26250
2016-09-20,13.9,14.0,13.9,13.9,252
2016-09-21,13.9,14.4,13.9,14.4,44289
2016-09-22,14.2,14.2,14.1,14.1,5465
2016-09-24,14.4,14.7,14.1,14.3,32012
2016-09-25,14.1,14.2,14.0,14.0,22400
2016-09-26,14.0,14.5,14.0,14.3,20734
2016-09-27,14.3,14.3,13.9,14.0,24106
2016-09-28,13.9,14.0,13.9,14.0,14079
2016-09-29,14.3,14.4,14.1,14.2,6799
2016-10-02,14.5,15.0,14.5,14.9,23957
2016-10-03,14.8,16.2,14.8,15.9,220808
2016-10-04,15.3,15.9,15.1,15.3,53799
2016-10-05,15.8,16.7,15.3,15.6,122833
2016-10-06,15.3,15.4,15.1,15.3,29062
2016-10-09,15.1,15.4,15.1,15.3,9371
2016-10-10,15.2,15.3,15.0,15.1,84650
2016-10-13,15.1,15.5,14.9,15.2,15371
2016-10-16,15.1,15.2,15.0,15.0,22638
2016-10-17,15.0,15.6,15.0,15.4,81091
2016-10-18,15.3,16.4,15.3,15.8,95779
2016-10-19,16.0,16.4,15.5,15.8,165930
2016-10-20,16.4,16.4,15.7,16.2,56723
2016-10-23,16.2,16.5,15.6,15.7,92613
2016-10-24,15.8,15.8,15.5,15.6,52628
2016-10-25,15.6,15.6,15.2,15.3,64172
2016-10-26,15.5,16.2,15.2,15.9,38662
2016-10-27,15.1,15.8,15.1,15.4,14716
2016-10-30,15.4,15.4,14.9,14.9,22351
2016-10-31,14.9,15.0,14.8,14.9,65955
2016-11-01,15.6,15.6,14.7,15.0,37745
2016-11-02,15.0,15.2,14.9,15.0,23982
2016-11-03,15.6,15.6,15.0,15.2,52100
2016-11-06,15.0,15.2,15.0,15.1,39943
2016-11-07,15.2,15.2,15.1,15.2,3105
2016-11-08,15.3,15.5,15.3,15.4,29843
2016-11-09,15.6,16.0,15.4,15.8,42137
2016-11-10,15.4,16.2,15.4,16.0,65102
2016-11-13,16.2,16.5,16.0,16.4,96406
2016-11-14,16.3,16.9,16.3,16.5,204592
2016-11-15,16.7,17.8,16.7,17.3,335649
2016-11-16,17.1,18.0,17.1,17.7,221994
2016-11-17,17.5,18.2,17.2,17.3,199219
2016-11-20,17.3,17.8,17.1,17.5,73630
2016-11-21,17.5,18.0,17.5,17.9,86595
2016-11-22,18.0,18.6,17.9,18.4,326344
2016-11-23,18.7,19.0,18.4,18.8,127476
2016-11-24,18.8,19.2,18.7,19.0,275464
2016-11-27,18.6,19.4,18.5,19.3,122854
2016-11-28,19.3,20.6,18.9,20.3,385498
2016-11-29,20.3,20.7,19.6,19.8,94427
2016-11-30,20.0,20.6,19.3,20.4,308717
2016-12-01,20.4,21.0,20.4,20.9,208025
2016-12-04,20.6,21.6,20.6,20.8,36371
2016-12-05,21.0,21.0,19.7,20.0,72394
2016-12-06,20.5,21.3,20.5,21.1,147630
2016-12-07,21.0,21.7,20.7,21.4,167312
2016-12-08,21.3,21.3,20.7,21.1,61516
2016-12-11,20.2,22.0,20.2,21.3,112972
2016-12-12,21.0,22.0,21.0,21.8,125220
2016-12-14,21.5,22.6,21.5,22.2,135475
2016-12-15,21.7,23.0,21.3,22.5,203329
2016-12-18,21.7,24.0,21.7,23.6,408035
2016-12-19,23.9,24.9,23.2,24.3,438974
2016-12-20,23.9,24.9,23.5,24.7,182575
2016-12-21,24.0,25.3,24.0,25.1,136259
2016-12-22,25.2,25.5,24.2,24.5,115670
2016-12-26,24.6,25.4,24.5,24.9,513833
2016-12-27,24.6,25.2,24.5,24.5,17640
2016-12-28,23.6,23.9,23.6,23.7,3852
2016-12-29,24.0,24.5,23.9,24.0,78267
2017-01-01,23.9,24.3,23.9,24.0,13231
2017-01-02,24.4,24.4,23.7,23.9,31714
2017-01-03,21.7,24.0,21.6,21.8,23043
2017-01-04,23.5,23.5,21.8,22.2,58087
2017-01-05,22.1,23.7,22.1,23.0,51179
2017-01-08,23.5,23.6,23.1,23.4,20691
2017-01-09,23.0,23.2,22.8,23.0,14626
2017-01-10,24.4,24.4,23.4,23.8,55942
2017-01-11,23.9,24.8,23.9,24.7,114239
2017-01-12,25.0,25.6,25.0,25.4,210756
2017-01-15,25.9,26.0,25.8,26.0,450556
2017-01-16,26.4,26.4,24.0,24.8,34970
2017-01-17,24.3,26.1,24.3,25.9,69815
2017-01-18,25.3,25.9,24.8,25.2,41313
2017-01-19,23.4,25.2,23.4,25.0,226573
2017-01-22,25.0,25.2,24.0,24.3,187207
2017-01-23,24.1,25.4,24.1,24.5,56332
2017-01-24,24.2,25.0,24.2,24.8,36008
2017-01-25,25.1,25.9,24.8,25.3,309561
2017-01-26,24.7,25.3,24.7,25.1,10336
2017-01-29,25.0,25.0,24.0,24.5,29845
2017-01-30,23.0,24.1,23.0,23.2,32565
2017-01-31,23.2,24.5,23.2,23.3,133332
2017-02-01,23.3,24.0,23.3,24.0,22317
2017-02-02,23.3,24.4,22.5,23.4,23393
2017-02-05,23.4,23.4,22.0,22.8,117813
2017-02-06,23.0,23.4,22.5,23.3,44834
2017-02-07,23.7,23.7,23.1,23.7,49150
2017-02-08,23.4,24.6,23.4,24.0,145102
2017-02-09,23.4,24.0,23.4,23.6,50535
2017-02-12,23.8,23.8,23.4,23.6,21667
2017-02-13,23.5,24.0,23.5,23.7,44371
2017-02-14,23.4,23.7,23.1,23.4,8605
2017-02-15,23.4,24.0,23.2,23.5,97653
2017-02-16,23.4,23.7,23.3,23.7,61856
2017-02-19,23.0,24.7,23.0,23.9,49452
2017-02-20,23.7,25.0,23.2,24.6,83630
2017-02-22,23.6,24.7,23.6,24.6,101194
2017-02-23,24.0,24.8,23.6,24.7,243710
2017-02-26,24.0,24.9,24.0,24.8,214685
2017-02-27,25.7,25.7,24.9,25.0,246742
2017-02-28,24.7,25.9,23.6,25.6,169781
2017-03-01,25.1,26.0,25.0,25.1,295414
2017-03-02,25.8,25.9,24.2,25.5,182774
2017-03-05,25.9,26.3,24.9,25.5,122555
2017-03-06,25.0,25.0,24.4,24.8,12913
2017-03-07,24.4,25.1,24.4,24.8,30806
2017-03-08,24.9,24.9,24.4,24.5,12775
2017-03-09,24.5,24.6,24.4,24.5,4066
2017-03-12,24.0,25.4,23.8,24.8,72543
2017-03-13,24.5,24.7,24.1,24.4,10048
2017-03-14,23.8,24.9,23.8,24.0,17213
2017-03-15,24.1,24.3,24.0,24.1,14225
2017-03-16,24.3,25.2,24.3,24.8,12380
2017-03-19,24.9,25.0,23.9,24.4,15799
2017-03-20,23.9,24.1,23.9,24.0,3126
2017-03-21,24.2,24.8,24.0,24.3,25069
2017-03-22,24.2,24.2,23.7,23.8,12991
2017-03-23,24.0,24.0,23.5,23.6,48211
2017-03-27,23.7,23.7,23.5,23.6,58314
2017-03-28,23.4,23.6,22.8,23.0,16084
2017-03-29,22.3,23.2,22.3,22.5,12901
2017-03-30,22.8,22.8,22.2,22.4,15063
2017-04-02,21.7,22.2,21.5,22.0,42872
2017-04-03,22.0,22.3,21.5,22.0,15389
2017-04-04,22.5,22.5,21.3,21.4,21254
2017-04-05,21.3,21.9,20.8,21.3,7632
2017-04-06,22.2,22.2,20.6,21.2,16850
2017-04-09,21.0,21.0,20.4,20.5,46619
2017-04-10,20.6,20.6,20.2,20.5,13844
2017-04-11,20.5,20.5,20.5,20.5,598
2017-04-12,20.6,20.7,20.5,20.6,2069
2017-04-13,20.7,20.7,20.2,20.5,21517
2017-04-16,20.6,20.8,20.6,20.7,3232
2017-04-17,20.5,20.7,20.4,20.5,1666
2017-04-18,20.7,20.7,20.5,20.5,7138
2017-04-19,20.3,21.8,20.3,21.3,2325
2017-04-20,21.3,21.3,21.0,21.0,1203
2017-04-23,21.0,21.0,19.0,19.4,2027
2017-04-24,17.8,19.5,17.8,18.3,2861
2017-04-25,20.0,20.1,18.9,20.1,7867
2017-04-26,21.9,21.9,20.0,20.8,7460
2017-04-27,21.7,21.7,19.5,21.1,9101
2017-04-30,19.9,20.5,19.9,20.3,3909
2017-05-02,19.9,20.0,19.9,20.0,2000
2017-05-03,20.9,20.9,18.0,19.5,5349
2017-05-04,19.3,19.6,19.3,19.6,12732
2017-05-07,20.5,20.5,19.6,19.6,2855
2017-05-08,18.7,20.9,18.7,20.7,25476
2017-05-09,20.8,20.8,20.1,20.6,8016
2017-05-11,20.5,21.5,20.5,20.8,14552
2017-05-14,19.6,20.0,19.6,20.0,7800
2017-05-15,19.0,19.9,19.0,19.2,231
2017-05-16,20.0,20.5,19.5,19.8,9912
2017-05-17,19.0,19.2,18.0,18.6,26955
2017-05-18,19.0,19.4,18.0,18.8,31428
2017-05-22,18.7,18.7,17.7,17.9,3975
2017-05-23,18.8,18.8,17.7,18.4,38458
2017-05-24,17.8,18.1,17.7,17.8,5850
2017-05-25,18.1,18.1,17.1,17.3,13884
2017-05-28,17.3,17.8,17.0,17.2,26068
2017-05-29,17.1,17.2,16.9,17.1,28916
2017-05-30,17.1,17.8,17.1,17.1,19000
2017-05-31,17.2,17.6,17.2,17.4,6510
2017-06-01,17.3,18.0,17.3,17.8,19308
2017-06-04,17.1,17.2,17.0,17.1,1713
2017-06-05,17.2,17.7,17.2,17.6,5313
2017-06-06,17.6,18.1,17.6,17.8,21650
2017-06-07,17.8,18.5,17.8,18.4,49338
2017-06-08,19.1,19.1,18.4,18.5,28024
2017-06-11,18.7,19.1,18.5,18.7,33405
2017-06-12,19.2,19.2,17.5,18.5,17312
2017-06-13,18.6,18.8,18.0,18.6,16519
2017-06-14,18.6,18.9,18.6,18.8,7115
2017-06-15,18.2,18.7,18.2,18.5,20810
2017-06-18,18.3,18.7,18.0,18.3,14282
2017-06-19,18.5,19.0,18.3,18.7,2211
2017-06-20,19.1,19.1,18.3,19.0,6350
2017-06-21,19.2,19.5,18.8,19.3,19176
2017-06-22,18.7,19.2,18.7,18.7,6521
2017-06-28,18.7,19.2,18.7,19.0,4496
2017-06-29,19.0,19.6,19.0,19.0,33554
2017-07-02,19.0,19.5,19.0,19.3,13906
2017-07-03,19.3,19.6,19.3,19.5,21300
2017-07-04,19.5,20.0,19.5,19.8,19210
2017-07-05,20.2,20.2,19.7,20.0,48336
2017-07-06,20.0,20.1,19.6,19.8,28028
2017-07-09,20.1,21.3,19.9,21.1,52741
2017-07-10,21.2,21.7,20.7,21.0,31863
2017-07-11,21.2,21.4,21.0,21.3,37138
2017-07-12,21.1,21.7,20.9,21.2,43230
2017-07-13,21.0,21.1,20.0,20.3,87451
2017-07-16,20.3,21.5,20.1,20.8,11837
2017-07-17,20.6,20.7,20.0,20.2,20568
2017-07-18,20.0,20.6,20.0,20.2,17700
2017-07-19,19.8,20.2,19.6,19.8,7761
2017-07-20,19.0,20.5,19.0,20.2,2102
2017-07-23,20.2,20.5,19.6,19.8,2619
2017-07-24,20.5,20.5,19.6,19.8,18030
2017-07-25,20.4,20.4,19.9,20.0,11740
2017-07-26,19.8,20.4,19.8,20.2,6070
2017-07-27,20.1,20.4,20.0,20.1,21357
2017-07-30,19.8,20.4,19.8,20.2,18338
2017-07-31,20.0,20.4,20.0,20.4,17850
2017-08-01,20.3,20.5,20.3,20.5,21372
2017-08-02,20.7,21.2,20.7,21.0,62750
2017-08-03,21.3,21.3,20.9,21.2,124010
2017-08-06,21.6,22.6,21.5,22.4,223545
2017-08-07,22.4,22.9,21.8,22.0,89707
2017-08-08,21.7,21.7,21.1,21.3,89100
2017-08-09,21.2,21.6,21.2,21.3,51011
2017-08-10,21.0,21.4,21.0,21.1,30588
2017-08-13,20.3,20.8,20.3,20.4,23242
2017-08-16,20.5,20.5,19.5,20.0,17325
2017-08-17,20.5,20.5,20.0,20.1,13510
2017-08-20,20.1,20.1,20.0,20.1,35885
2017-08-21,20.7,20.8,20.1,20.6,13672
2017-08-22,20.2,21.2,20.2,20.9,46488
2017-08-23,20.5,20.9,20.5,20.6,3216
2017-08-24,20.4,20.9,20.2,20.3,13312
2017-08-27,20.3,20.8,19.8,20.0,23939
2017-08-28,20.4,20.5,20.1,20.3,5426
2017-08-29,20.3,20.5,20.2,20.4,14159
2017-08-30,20.4,20.6,20.4,20.6,6477
2017-08-31,20.4,20.7,20.4,20.4,11743
2017-09-04,20.7,21.0,20.5,21.0,13580
2017-09-05,21.1,21.3,20.8,20.9,49122
2017-09-06,21.2,22.0,21.1,21.8,62451
2017-09-07,22.0,22.5,21.6,21.7,94423
2017-09-10,22.7,22.7,22.2,22.7,178907
2017-09-11,22.8,22.8,22.0,22.2,51455
2017-09-12,22.0,22.2,21.6,21.8,31395
2017-09-13,21.6,22.2,21.0,22.0,178653
2017-09-14,22.2,22.5,22.0,22.1,110545
2017-09-17,22.2,22.2,21.9,22.1,77592
2017-09-18,22.3,22.5,22.1,22.4,110608
2017-09-19,22.7,22.8,21.9,22.1,93453
2017-09-20,21.3,22.0,21.3,21.5,92486
2017-09-21,21.4,21.7,21.1,21.4,51695
2017-09-24,21.4,21.4,21.1,21.3,48953
2017-09-25,21.3,21.8,21.3,21.4,50331
2017-09-26,21.5,21.5,21.4,21.5,9608
2017-09-27,21.4,21.8,21.3,21.4,36867
2017-09-28,21.4,21.4,21.0,21.2,12358
2017-10-02,21.3,21.7,20.9,21.0,21349
2017-10-03,21.3,21.8,21.3,21.6,46711
2017-10-04,21.5,22.4,21.5,22.2,111387
2017-10-05,22.5,23.7,22.3,23.2,322090
2017-10-08,23.2,23.6,22.8,23.2,84167
2017-10-09,23.0,23.0,22.1,22.2,48500
2017-10-10,22.0,22.7,21.9,22.5,42342
2017-10-11,22.4,22.4,21.9,22.1,52550
2017-10-12,22.1,22.1,21.0,21.1,3625
2017-10-15,21.1,22.4,21.1,21.9,39365
2017-10-16,21.7,21.8,21.4,21.6,8550
2017-10-17,22.5,22.5,21.6,21.6,3910
2017-10-18,22.0,22.0,21.8,22.0,4015
2017-10-19,21.7,21.7,21.4,21.5,56118
2017-10-22,21.3,21.3,21.0,21.1,10095
2017-10-23,21.1,21.3,20.4,20.8,7111
2017-10-24,21.0,21.0,20.4,20.4,4059
2017-10-25,20.5,21.3,20.5,20.7,5443
2017-10-26,20.7,21.5,20.4,20.6,5728
2017-10-29,20.6,21.4,20.5,20.8,57868
2017-10-30,20.8,21.0,20.5,20.8,13408
2017-10-31,20.5,20.8,20.5,20.7,3141
2017-11-01,20.8,21.3,20.8,21.1,5741
2017-11-02,20.9,21.1,20.9,21.1,26562
2017-11-05,21.9,21.9,21.0,21.2,36004
2017-11-06,21.1,21.5,21.0,21.1,91894
2017-11-07,21.0,21.0,20.8,20.9,33270
2017-11-08,20.8,21.0,20.8,21.0,25812
2017-11-09,20.7,21.0,20.7,20.7,43594
2017-11-12,20.9,21.0,20.6,20.8,26501
2017-11-13,20.7,21.0,20.6,20.9,16342
2017-11-14,21.1,21.4,20.7,20.9,34091
2017-11-15,20.8,21.0,20.7,20.8,11818
2017-11-16,20.7,20.8,20.6,20.7,7408
2017-11-19,20.6,20.7,20.6,20.7,9738
2017-11-20,20.7,20.7,20.6,20.6,46859
2017-11-21,20.6,20.8,20.5,20.5,31626
2017-11-22,20.4,20.9,20.4,20.7,20642
2017-11-23,20.7,21.1,20.6,20.9,41646
2017-11-26,21.4,21.5,20.6,20.8,28261
2017-11-27,21.2,21.2,20.4,20.6,21404
2017-11-28,20.6,21.0,20.5,20.9,36543
2017-11-29,20.6,21.0,20.5,20.8,40593
2017-11-30,21.1,21.2,21.0,21.1,5100
2017-12-03,21.0,21.1,20.8,20.9,24639
2017-12-04,20.7,21.0,20.5,20.8,21673
2017-12-05,20.8,20.8,20.6,20.8,11040
2017-12-06,20.7,21.0,20.4,20.7,23991
2017-12-07,20.9,21.0,20.6,20.9,9535
2017-12-10,21.0,21.0,20.5,20.6,10290
2017-12-11,20.5,20.9,20.5,20.6,13893
2017-12-12,20.9,21.0,20.6,20.8,3235
2017-12-13,20.7,21.2,20.6,21.0,46182
2017-12-14,20.8,21.4,20.7,21.3,54100
2017-12-17,21.4,22.5,21.4,21.9,162875
2017-12-18,21.9,22.0,21.4,21.4,63057
2017-12-19,21.3,21.6,21.0,21.2,17036
2017-12-20,21.3,21.8,21.3,21.6,22605
2017-12-21,21.9,22.0,21.2,21.3,26464
2017-12-24,21.7,21.7,21.7,21.7,10
2017-12-26,20.8,21.5,20.7,20.8,13044
2017-12-27,20.7,20.9,20.5,20.5,30119
2017-12-28,20.6,21.2,20.5,20.6,7648
2018-01-01,20.5,20.6,20.5,20.6,8436
2018-01-02,20.5,20.5,20.5,20.5,10
2018-01-03,20.5,20.6,20.5,20.6,19131
2018-01-04,20.6,22.4,20.6,21.3,7210
2018-01-07,21.0,21.0,20.6,20.7,14787
2018-01-08,20.6,20.8,20.6,20.8,14357
2018-01-09,20.7,21.0,20.6,20.7,16550
2018-01-10,20.8,20.8,20.6,20.7,6806
2018-01-11,20.5,20.6,20.5,20.5,700
2018-01-14,20.5,20.5,20.4,20.4,8241
2018-01-15,20.4,20.4,20.0,20.1,8887
2018-01-16,20.4,20.4,20.2,20.4,2042
2018-01-17,20.1,20.8,20.1,20.6,6953
2018-01-18,20.7,20.7,20.3,20.6,7000
2018-01-21,20.6,20.7,20.3,20.4,6070
2018-01-22,20.7,20.7,20.1,20.4,12606
2018-01-23,20.4,20.7,20.1,20.5,15096
2018-01-24,20.5,20.5,19.9,20.1,7764
2018-01-25,20.1,20.1,19.8,20.0,16307
2018-01-28,19.8,19.9,19.5,19.6,1291
2018-01-29,19.6,19.6,19.4,19.4,18854
2018-01-30,20.5,20.7,19.5,19.5,24249
2018-01-31,19.4,19.6,19.1,19.3,20472
2018-02-01,19.6,19.6,19.6,19.6,2000
2018-02-04,18.9,19.0,18.7,18.8,4509
2018-02-05,18.4,18.7,18.3,18.4,15638
2018-02-06,18.6,19.1,18.6,18.9,5380
2018-02-07,18.9,18.9,18.8,18.8,3250
2018-02-08,19.3,19.6,19.3,19.5,1500
2018-02-11,19.9,20.0,19.9,19.9,18513
2018-02-12,19.9,20.0,19.7,19.9,10485
2018-02-13,19.8,19.8,19.8,19.8,1000
2018-02-14,19.9,20.0,19.3,19.6,9980
2018-02-15,19.4,19.7,19.4,19.5,22868
2018-02-18,19.4,19.4,19.3,19.4,1000
2018-02-19,19.3,19.3,19.1,19.2,4000
2018-02-20,19.2,19.3,19.2,19.3,8518
2018-02-22,19.0,19.0,18.5,18.8,7138
2018-02-25,19.1,19.1,19.0,19.1,1000
2018-02-26,18.8,18.8,18.3,18.7,1986
2018-02-27,18.7,18.8,18.3,18.8,5977
2018-02-28,18.8,18.9,18.8,18.9,7080
2018-03-01,18.8,19.3,18.8,19.1,4422
2018-03-04,19.5,19.5,19.5,19.5,1500
2018-03-05,19.7,19.8,19.3,19.7,6805
2018-03-06,19.4,19.4,19.3,19.4,2200
2018-03-07,19.5,19.9,19.3,19.7,9410
2018-03-08,19.8,20.4,19.4,20.0,12200
2018-03-11,20.3,20.4,19.3,19.9,24404
2018-03-12,20.2,20.5,18.9,19.1,28748
2018-03-13,19.5,19.5,19.0,19.1,8379
2018-03-14,19.1,19.1,19.1,19.1,29
2018-03-15,18.6,18.8,18.6,18.7,8250
2018-03-18,18.7,18.7,18.6,18.6,1904
2018-03-19,18.3,19.3,18.3,18.3,701
2018-03-20,18.3,18.3,18.3,18.3,3000
2018-03-21,18.3,18.3,17.8,18.1,4151
2018-03-22,18.1,19.3,18.1,19.1,144709
2018-03-25,18.9,19.1,18.7,18.7,415
2018-03-27,19.5,19.5,19.5,19.5,1
2018-03-28,18.9,18.9,18.9,18.9,1
2018-03-29,19.5,19.5,18.6,18.8,10004
2018-04-01,19.1,19.1,19.0,19.1,2330
2018-04-02,19.1,19.1,18.9,19.1,598
2018-04-03,19.1,19.1,18.7,19.0,12303
2018-04-04,18.9,18.9,18.4,18.6,9800
2018-04-05,18.8,18.8,18.2,18.3,83396
2018-04-08,18.3,18.4,18.1,18.2,25018
2018-04-09,18.4,18.4,18.0,18.2,21717
2018-04-10,18.5,18.6,18.4,18.6,10450
2018-04-11,18.6,18.7,18.4,18.6,14224
2018-04-12,18.9,18.9,18.3,18.4,4022
2018-04-15,18.2,18.2,18.0,18.1,9301
2018-04-16,18.2,18.2,17.9,18.1,2000
2018-04-17,18.3,18.5,18.2,18.3,3850
2018-04-18,18.3,18.3,18.2,18.3,12550
2018-04-19,18.2,18.2,17.8,18.0,11600
2018-04-22,18.2,18.2,18.0,18.0,632
2018-04-23,17.8,18.0,17.8,17.8,6491
2018-04-24,17.8,18.0,17.6,17.7,2100
2018-04-25,18.1,18.1,17.8,17.8,1509
2018-04-26,17.6,17.9,17.5,17.7,5737
2018-04-30,17.7,17.7,17.4,17.7,12596
2018-05-03,17.4,17.5,17.3,17.4,3116
2018-05-06,17.6,17.9,17.5,17.7,4411
2018-05-07,17.5,18.0,17.5,17.6,1305
2018-05-08,17.4,18.2,17.4,17.4,3919
2018-05-09,17.6,18.3,17.4,17.8,6341
2018-05-10,18.1,18.2,17.5,18.0,2660
2018-05-13,18.0,18.0,17.3,17.5,5411
2018-05-14,17.5,17.5,17.5,17.5,2200
2018-05-15,17.8,17.8,17.5,17.5,2520
2018-05-16,17.5,17.5,17.5,17.5,200
2018-05-17,17.4,17.5,17.1,17.2,26440
2018-05-20,16.7,17.0,16.7,16.7,1033
2018-05-21,16.9,17.4,16.2,16.9,52073
2018-05-22,17.2,17.5,16.9,17.3,31720
2018-05-24,16.2,16.2,15.6,15.8,12285
2018-05-27,16.6,16.6,16.6,16.6,26
2018-05-28,16.4,16.6,16.1,16.4,2535
2018-05-30,16.1,16.4,16.0,16.1,6361
2018-06-03,15.8,15.8,15.0,15.5,3875
2018-06-04,15.2,15.2,15.2,15.2,137
2018-06-06,15.3,15.4,15.2,15.2,54587
2018-06-07,14.9,16.3,14.9,15.0,10015
2018-06-10,15.3,16.2,15.2,15.5,5345
2018-06-11,15.5,15.9,15.5,15.8,14861
2018-06-12,16.4,16.4,15.9,16.3,3050
2018-06-18,16.3,16.3,16.3,16.3,1000
2018-06-19,15.8,15.8,15.8,15.8,3474
2018-06-20,15.5,15.6,15.3,15.6,14966
2018-06-21,15.5,17.0,15.5,15.9,9146
2018-06-24,16.2,16.5,15.9,16.4,22747
2018-06-25,16.0,16.0,15.6,15.7,8386
2018-06-26,15.8,15.8,15.5,15.6,10615
2018-06-27,15.5,16.0,15.5,15.5,7510
2018-06-28,15.6,15.6,15.3,15.5,4074
2018-07-02,14.8,15.5,14.8,15.1,3167
2018-07-03,15.1,15.2,15.1,15.1,16668
2018-07-04,15.2,15.2,14.9,15.1,15748
2018-07-05,15.5,16.3,14.9,15.8,44918
2018-07-08,15.4,15.8,15.4,15.5,3591
2018-07-09,15.7,15.9,15.4,15.6,44935
2018-07-10,15.7,16.3,15.7,16.1,22303
2018-07-11,16.3,16.7,16.1,16.4,35267
2018-07-12,16.3,16.4,15.8,16.0,4245
2018-07-15,15.5,16.5,15.5,16.0,48970
2018-07-16,16.3,16.4,16.1,16.3,9290
2018-07-17,16.7,16.7,15.9,16.2,16496
2018-07-18,16.3,16.5,15.7,16.2,40494
2018-07-19,16.4,17.7,16.2,16.8,19207
2018-07-22,16.6,16.6,16.3,16.5,2318
2018-07-23,16.8,16.8,16.0,16.0,9700
2018-07-24,16.0,16.2,16.0,16.2,538
2018-07-25,16.2,16.3,16.1,16.2,2550
2018-07-26,16.8,16.8,16.2,16.3,3107
2018-07-29,15.7,16.5,15.4,15.7,16694
2018-07-30,15.5,16.0,15.5,15.9,19481
2018-07-31,15.6,15.8,15.6,15.8,34
2018-08-01,16.0,16.7,16.0,16.4,15150
2018-08-02,16.2,17.0,16.2,16.8,44017
2018-08-05,16.7,17.6,16.7,16.9,92001
2018-08-06,17.5,17.5,16.9,17.1,17039
2018-08-07,17.0,17.1,16.8,16.9,20380
2018-08-08,16.9,17.2,16.7,17.0,21465
2018-08-09,16.9,17.2,16.8,17.0,26472
2018-08-12,16.9,16.9,16.5,16.6,2165
2018-08-13,16.8,17.1,16.5,16.8,61330
2018-08-14,17.2,17.5,17.0,17.3,11356
2018-08-16,17.2,18.4,17.2,18.1,170306
2018-08-19,18.2,18.8,18.2,18.5,41255
2018-08-20,18.5,18.6,17.8,18.0,58347
2018-08-26,17.7,17.7,17.5,17.6,16191
2018-08-27,17.6,17.6,17.3,17.5,45761
2018-08-28,17.6,17.6,17.1,17.2,44538
2018-08-29,17.5,17.5,17.0,17.1,39021
2018-08-30,17.5,17.5,16.7,16.8,43300
2018-09-03,16.9,16.9,16.4,16.5,18834
2018-09-04,16.2,16.5,16.2,16.4,5692
2018-09-05,16.4,16.4,16.1,16.2,13951
2018-09-06,16.3,16.5,16.3,16.3,9813
2018-09-09,16.5,16.5,16.4,16.4,7630
2018-09-10,16.5,16.5,15.5,16.0,30156
2018-09-11,16.1,16.1,16.0,16.1,5233
2018-09-12,16.0,16.0,15.8,15.9,12233
2018-09-13,15.7,15.9,15.4,15.7,5715
2018-09-16,16.0,16.4,16.0,16.2,11590
2018-09-17,16.5,16.5,16.2,16.4,7488
2018-09-18,16.5,17.9,16.5,17.4,36184
2018-09-19,17.6,18.2,17.0,17.1,63975
2018-09-20,16.7,16.8,16.2,16.3,36710
2018-09-23,16.4,16.6,16.2,16.2,7534
2018-09-24,16.4,16.4,16.0,16.0,14716
2018-09-25,16.0,16.6,15.6,15.9,15739
2018-09-26,16.6,17.3,16.6,17.0,36766
2018-09-27,16.7,16.8,16.2,16.4,27676
2018-09-30,16.2,17.9,16.2,17.7,66430
2018-10-01,17.9,18.8,17.6,18.1,114013
2018-10-02,18.0,18.2,17.1,17.1,25051
2018-10-03,17.5,17.8,16.7,16.9,35695
2018-10-04,17.1,17.6,16.7,16.8,36088
2018-10-07,16.8,17.1,16.8,17.0,6110
2018-10-08,17.3,17.5,17.2,17.4,15040
2018-10-09,17.1,17.5,17.0,17.2,11201
2018-10-10,17.1,17.1,16.7,16.9,10740
2018-10-11,17.5,17.5,17.5,17.5,10
2018-10-14,16.7,17.0,16.7,16.7,2050
2018-10-15,16.7,16.7,16.2,16.2,19865
2018-10-16,16.2,16.3,16.2,16.3,4525
2018-10-17,16.6,16.6,16.6,16.6,1420
2018-10-18,16.3,16.4,16.3,16.4,3001
2018-10-21,16.3,16.3,16.3,16.3,719
2018-10-22,16.4,16.4,16.0,16.0,10017
2018-10-23,16.1,16.1,15.9,16.0,1000
2018-10-24,15.9,16.0,15.6,15.9,10585
2018-10-25,16.4,16.4,16.0,16.2,4045
2018-10-28,15.7,15.9,15.5,15.7,9674
2018-10-29,15.6,17.0,15.4,15.8,52867
2018-10-30,16.4,16.4,15.6,15.7,1784
2018-10-31,15.9,15.9,15.7,15.8,9156
2018-11-01,15.9,15.9,15.7,15.8,6459
2018-11-04,16.1,16.1,15.6,15.8,16105
2018-11-05,16.2,16.2,15.7,15.7,3185
2018-11-06,15.4,15.8,15.4,15.7,8033
2018-11-07,15.7,15.7,15.6,15.6,5634
2018-11-08,15.6,15.6,15.5,15.6,11356
2018-11-11,15.7,15.8,15.7,15.7,1172
2018-11-12,15.7,16.0,15.7,15.9,7557
2018-11-13,15.8,16.2,15.8,15.9,5555
2018-11-14,15.9,16.0,15.6,15.7,20343
2018-11-15,16.0,16.0,16.0,16.0,1185
2018-11-18,15.6,16.0,15.5,15.6,1411
2018-11-19,16.2,16.2,15.7,15.8,1100
2018-11-20,15.8,16.0,15.8,15.9,4057
2018-11-22,15.5,16.3,15.5,15.8,5345
2018-11-25,15.9,16.2,15.8,15.9,11683
2018-11-26,16.3,16.3,15.8,15.8,520
2018-11-27,15.8,15.8,15.6,15.7,4360
2018-11-28,15.7,16.0,15.6,15.6,21169
2018-11-29,16.9,16.9,15.3,15.8,15207
2018-12-02,15.8,16.1,15.8,16.0,5500
2018-12-03,15.8,16.0,15.8,16.0,14221
2018-12-04,16.0,16.2,16.0,16.0,30489
2018-12-05,16.0,16.7,15.9,16.3,17870
2018-12-06,16.1,16.4,16.0,16.2,4214
2018-12-09,16.4,17.4,16.4,17.1,48983
2018-12-10,17.1,17.5,16.7,17.1,81562
2018-12-11,17.1,17.1,16.3,16.8,30799
2018-12-12,16.6,17.1,16.6,16.8,11892
2018-12-13,17.3,18.0,17.3,17.5,86794
2018-12-17,17.4,18.0,17.3,17.6,20866
2018-12-18,17.4,17.5,16.8,17.0,24161
2018-12-19,16.7,18.7,16.7,18.5,515203
2018-12-20,18.8,19.5,18.3,18.6,99817
2018-12-23,18.6,18.6,17.1,17.2,73063
2018-12-24,17.8,17.8,17.2,17.4,19300
2018-12-26,17.3,17.6,17.2,17.3,26428
2018-12-27,17.5,17.5,17.2,17.3,22282
2019-01-01,17.3,17.9,17.2,17.6,40837
2019-01-02,17.8,18.1,17.5,18.0,35962
2019-01-03,18.3,19.4,18.3,18.6,116293
2019-01-06,18.5,19.1,18.4,18.9,71466
2019-01-07,18.7,19.0,18.4,18.6,44845
2019-01-08,18.5,19.9,18.5,19.8,189300
2019-01-09,19.5,19.9,19.1,19.3,99020
2019-01-10,19.6,21.2,19.6,20.9,577043
2019-01-13,21.3,22.9,21.1,22.9,866846
2019-01-14,23.5,25.1,22.3,25.1,2085374
2019-01-15,25.2,27.6,25.2,27.6,1892003
2019-01-16,30.3,30.3,29.8,30.3,5252869
2019-01-17,32.9,33.3,30.2,32.1,2922360
2019-01-20,32.2,34.5,30.7,33.6,3104041
2019-01-21,34.0,36.9,34.0,36.9,3371104
2019-01-22,37.9,40.2,35.7,38.1,2578476
2019-01-23,38.5,41.7,37.1,38.7,2610744
2019-01-24,39.5,40.3,37.7,38.1,1916539
2019-01-27,38.7,41.9,38.3,41.7,2958214
2019-01-28,42.3,43.0,37.6,37.6,1375677
2019-01-29,37.1,40.0,37.1,38.2,1526405
2019-01-30,38.4,41.3,38.4,40.5,3078546
2019-01-31,41.2,43.1,39.2,41.6,2528157
2019-02-03,41.9,45.7,38.0,38.8,2215116
2019-02-04,39.5,41.6,36.1,37.2,1947315
2019-02-05,37.9,40.0,36.3,37.9,1268964
2019-02-06,38.6,41.4,38.6,40.2,1297330
2019-02-07,41.0,42.5,40.3,41.0,2114664
2019-02-10,41.4,42.0,36.9,37.2,872629
2019-02-11,37.2,40.0,36.6,39.6,1694316
2019-02-12,40.6,41.9,37.2,38.2,1113439
2019-02-13,38.2,42.0,37.3,41.8,1952393
2019-02-14,43.0,44.7,41.0,42.7,2962592
2019-02-17,42.7,43.0,40.1,41.2,1446236
2019-02-18,41.0,42.0,37.7,38.1,1129615
2019-02-19,39.3,39.3,35.1,36.0,849664
2019-02-20,35.5,37.9,33.1,36.8,583898
2019-02-24,37.0,38.4,34.9,35.5,638798
2019-02-25,35.8,36.8,34.9,35.9,560797
2019-02-26,36.2,38.9,36.2,37.0,1269053
2019-02-27,37.5,38.6,37.0,37.4,748381
2019-03-03,38.3,38.6,35.4,36.0,842266
2019-03-04,36.1,36.7,34.7,35.0,586314
2019-03-05,35.2,35.3,32.1,32.5,434208
2019-03-06,32.6,34.9,32.3,33.8,522975
2019-03-07,34.7,36.9,34.4,35.7,723620
2019-03-10,36.2,36.8,34.7,35.1,688639
2019-03-11,35.4,35.4,32.9,33.1,330383
2019-03-12,34.0,34.5,32.1,34.1,326305
2019-03-13,34.2,35.3,32.1,32.5,538441
2019-03-14,33.5,33.8,30.6,31.3,294042
2019-03-18,31.5,32.3,28.2,28.5,771232
2019-03-19,29.9,30.5,28.0,29.3,343855
2019-03-20,29.8,29.8,27.1,27.6,251987
2019-03-21,28.5,30.3,27.4,30.3,953299
2019-03-24,30.8,32.3,30.1,30.4,325783
2019-03-25,30.1,31.6,30.1,31.3,229102
2019-03-27,31.5,31.8,30.4,31.5,285977
2019-03-28,32.1,34.6,32.0,34.6,1268527
2019-03-31,35.8,38.0,35.0,37.6,1611002
2019-04-01,37.9,39.2,36.5,38.7,838170
2019-04-02,39.5,39.8,36.6,37.9,573972
2019-04-03,38.2,38.9,37.4,37.6,693435
2019-04-04,38.3,39.4,37.8,38.5,1000520
2019-04-07,38.8,39.5,36.4,36.8,457227
2019-04-08,36.9,37.0,33.5,33.8,431558
2019-04-09,34.8,36.6,33.8,35.9,324734
2019-04-10,36.3,36.9,35.5,36.1,454604
2019-04-11,36.7,37.7,36.7,37.2,373885
2019-04-15,37.9,39.8,36.6,37.2,350842
2019-04-16,38.4,38.4,36.9,37.4,747887
2019-04-17,38.7,39.4,37.7,39.0,581250
2019-04-18,39.8,40.7,38.3,38.6,739639
2019-04-21,39.0,39.0,35.7,36.3,382886
2019-04-23,37.5,37.5,34.2,34.5,281305
2019-04-24,35.0,36.2,33.4,34.1,445933
2019-04-25,35.0,35.0,30.7,31.0,1435707
2019-04-28,27.9,28.9,24.3,25.7,505646
2019-04-29,24.2,27.9,24.2,27.3,373316
2019-04-30,27.6,28.5,25.2,25.7,327735
2019-05-02,26.5,27.1,24.9,25.4,293852
2019-05-05,25.4,27.5,25.4,27.3,329516
2019-05-06,27.9,28.0,26.6,26.9,273670
2019-05-07,26.7,27.4,25.4,25.7,398491
2019-05-08,27.0,27.0,25.0,25.3,212879
2019-05-09,25.8,25.8,24.5,24.6,407543
2019-05-12,25.5,26.7,24.6,25.2,201875
2019-05-13,25.4,25.4,24.3,24.4,136304
2019-05-14,25.0,25.5,24.2,24.3,154340
2019-05-16,24.3,25.2,23.8,24.8,221828
2019-05-19,25.2,27.2,25.0,27.2,592091
2019-05-20,27.5,28.2,26.0,26.2,382239
2019-05-21,26.0,27.6,25.8,26.2,592864
2019-05-22,27.3,27.6,26.4,26.6,482987
2019-05-23,27.2,27.2,26.2,26.4,312409
2019-05-26,26.5,27.5,26.5,26.9,532631
2019-05-27,27.0,27.4,25.1,25.4,1558646
2019-05-28,25.8,26.0,24.7,25.1,647473
2019-05-29,25.5,25.5,24.7,25.0,410145
2019-05-30,25.7,26.1,25.4,25.9,768112
2019-06-09,26.4,26.7,25.0,25.4,1511395
2019-06-10,25.8,26.0,24.9,25.5,535589
2019-06-11,25.7,25.8,25.1,25.2,731689
2019-06-12,25.3,26.9,25.0,26.5,1113823
2019-06-13,26.7,27.8,26.7,27.0,1438283
2019-06-16,27.3,27.3,25.9,26.2,843837
2019-06-17,25.6,28.0,25.5,27.6,1738577
2019-06-18,28.2,30.0,28.1,28.6,1202367
2019-06-19,28.4,29.5,28.1,28.6,1230618
2019-06-20,28.4,28.6,27.3,27.5,434252
2019-06-23,27.5,28.6,26.5,27.4,466290
2019-06-24,27.4,28.0,26.9,27.0,281420
2019-06-25,27.2,27.3,25.7,26.0,299634
2019-06-26,26.0,26.3,25.5,25.9,328094
2019-06-27,25.7,26.4,24.9,25.8,360975
2019-06-30,26.2,26.2,24.7,25.0,397188
2019-07-02,25.3,25.8,24.1,24.4,281764
2019-07-03,24.6,26.1,24.2,25.8,480055
2019-07-04,25.9,26.4,25.1,25.5,231181
2019-07-07,24.6,25.6,24.6,24.8,305386
2019-07-08,24.8,25.7,24.6,25.5,294062
2019-07-09,25.5,26.4,24.3,24.6,638331
2019-07-10,25.0,25.7,24.4,24.7,442381
2019-07-11,25.2,25.4,24.4,25.0,280630
2019-07-14,25.2,25.7,24.5,24.6,465231
2019-07-15,24.8,25.0,23.8,24.0,247345
2019-07-16,24.5,24.8,23.5,23.8,263692
2019-07-17,24.0,24.9,23.8,24.1,495636
2019-07-18,24.1,24.3,23.7,23.8,157438
2019-07-21,23.8,24.1,23.3,23.6,284218
2019-07-22,23.8,24.0,22.7,22.9,281375
2019-07-23,23.3,24.4,23.3,23.6,258077
2019-07-24,23.9,24.5,23.0,23.4,357944
2019-07-25,23.7,24.4,23.0,23.3,253877
2019-07-28,23.6,23.6,22.2,22.6,168346
2019-07-29,23.0,23.2,22.2,22.9,306676
2019-07-30,22.9,23.4,22.1,22.3,229724
2019-07-31,22.7,22.7,21.6,21.9,210009
2019-08-01,21.9,22.3,21.3,21.5,267536
2019-08-04,21.7,22.4,21.6,21.8,188748
2019-08-05,21.6,21.9,21.5,21.6,61856
2019-08-06,22.0,22.0,21.6,21.7,77937
2019-08-07,22.0,22.0,21.5,21.6,124701
2019-08-08,21.9,23.0,21.9,22.9,235228
2019-08-18,23.2,24.4,22.8,24.3,414042
2019-08-19,24.5,24.5,23.7,23.9,216287
2019-08-20,24.3,24.6,23.6,23.9,242603
2019-08-21,24.3,24.4,23.6,23.8,299820
2019-08-22,24.2,24.2,23.3,23.5,129350
2019-08-25,23.8,23.8,23.0,23.1,232102
2019-08-26,23.3,23.8,22.2,22.3,253918
2019-08-27,22.3,22.7,21.8,22.1,175892
2019-08-28,22.5,22.5,21.9,22.0,142001
2019-08-29,21.8,22.4,21.6,21.8,170415
2019-09-01,21.8,22.0,21.6,21.7,124688
2019-09-02,21.5,22.0,21.4,21.6,182691
2019-09-03,21.6,21.9,21.3,21.4,66698
2019-09-04,21.8,22.0,21.5,21.8,122170
2019-09-05,21.8,22.4,21.6,21.7,152890
2019-09-08,22.0,22.0,21.2,21.3,100733
2019-09-09,21.3,21.4,20.4,20.7,93719
2019-09-11,20.7,20.7,19.7,20.2,287423
2019-09-12,19.6,20.7,19.6,20.6,61710
2019-09-15,20.7,22.6,20.6,22.6,327544
2019-09-16,22.6,23.9,22.3,22.9,569609
2019-09-17,23.0,23.7,22.4,23.1,254706
2019-09-18,23.7,25.0,23.6,24.6,461995
2019-09-19,24.4,25.0,23.0,23.6,275810
2019-09-22,23.6,23.7,23.0,23.6,122239
2019-09-23,24.0,24.9,23.3,24.6,498461
2019-09-24,24.9,26.8,24.3,26.2,1314068
2019-09-25,25.6,27.7,25.6,26.8,893878
2019-09-26,26.8,27.7,25.9,27.2,1013790
2019-09-29,27.2,27.9,26.5,27.2,801331
2019-09-30,27.3,29.0,26.9,27.7,1442699
2019-10-01,27.7,28.4,27.1,27.9,689715
2019-10-02,28.0,29.0,28.0,28.6,1005224
2019-10-03,28.8,29.0,27.8,28.0,484726
2019-10-06,27.7,27.7,26.5,26.7,486161
2019-10-07,26.7,26.8,25.1,25.5,342870
2019-10-09,25.5,26.7,25.4,25.9,337464
2019-10-10,26.4,26.4,25.5,25.7,182010
2019-10-13,26.0,26.2,24.3,24.9,158930
2019-10-14,25.0,25.6,24.7,25.0,174305
2019-10-15,25.8,26.7,25.4,26.6,283837
2019-10-16,26.6,26.9,25.6,26.5,394234
2019-10-17,26.8,27.9,26.5,27.2,656532
2019-10-20,27.5,29.9,27.2,29.5,2388542
2019-10-21,29.7,30.9,28.7,29.9,1068608
2019-10-22,29.8,29.8,28.5,29.0,781128
2019-10-23,28.6,29.7,28.2,29.3,812507
2019-10-24,29.9,30.5,28.3,28.6,898389
2019-10-27,29.0,29.2,27.9,29.0,380251
2019-10-28,29.5,30.5,29.1,29.4,1862845
2019-10-29,29.7,29.8,28.0,28.4,1002783
2019-10-30,28.4,28.6,26.9,27.2,861686
2019-10-31,28.0,29.2,27.8,28.0,1035048
2019-11-03,28.3,28.5,27.3,27.8,491976
2019-11-04,27.8,28.8,27.6,28.6,650056
2019-11-05,28.9,29.3,28.1,28.3,581089
2019-11-06,28.3,28.5,27.4,27.6,740693
2019-11-07,28.0,29.0,28.0,28.7,940950
2019-11-11,28.5,29.9,28.5,29.7,1066019
2019-11-12,29.8,32.6,29.3,32.5,1898838
2019-11-13,32.6,33.2,31.2,31.4,1497600
2019-11-14,31.0,32.8,31.0,32.6,1010632
2019-11-17,32.9,33.4,32.4,32.8,1211863
2019-11-18,32.9,33.5,32.1,32.5,1140130
2019-11-19,32.5,32.7,30.8,31.1,758215
2019-11-20,30.8,32.5,30.8,32.1,494337
2019-11-21,32.3,33.0,31.5,31.7,602189
2019-11-24,31.8,32.1,31.0,31.2,429532
2019-11-25,31.5,32.0,31.1,31.2,464592
2019-11-26,31.3,31.6,29.5,29.9,807224
2019-11-27,30.0,30.9,27.5,28.5,512888
2019-11-28,28.5,29.7,28.0,29.1,601927
2019-12-01,29.5,29.7,28.0,28.2,631327
2019-12-02,28.5,29.5,28.4,29.3,456863
2019-12-03,29.5,30.0,29.2,29.4,738382
2019-12-04,29.8,30.0,29.2,29.7,701598
2019-12-05,29.9,30.3,28.6,28.8,342217
2019-12-08,28.5,28.8,26.5,27.0,413618
2019-12-09,27.0,27.6,25.6,26.5,293657
2019-12-10,27.0,27.5,26.2,26.3,224810
2019-12-11,26.4,27.3,26.3,27.0,228690
2019-12-12,27.2,28.0,26.9,27.8,274964
2019-12-15,27.8,28.2,27.3,27.7,252382
2019-12-17,27.5,27.8,26.5,26.6,164619
2019-12-18,26.60000038,27.5,26.20000076,27.39999962,179452
2019-12-19,27.5,28.10000038,27.39999962,27.5,241482
2019-12-22,27.8,27.8,26.4,26.8,192550
2019-12-23,26.8,27.0,25.5,25.6,241166
2019-12-24,25.7,26.0,25.3,25.6,136060
2019-12-26,25.7,26.1,25.4,25.5,195901
2019-12-29,25.9,26.2,25.5,25.6,145592
2019-12-30,25.8,26.2,25.3,26.0,124017
2020-01-01,26.5,27.2,26.1,26.8,234396
2020-01-02,26.8,26.9,26.1,26.2,138364
2020-01-05,26.0,26.0,25.2,25.5,92087
2020-01-06,25.5,25.9,24.8,25.0,74293
2020-01-07,25.5,25.6,24.3,24.5,103040
2020-01-08,24.9,24.9,23.8,24.0,81112
2020-01-09,24.0,24.3,23.0,23.3,143356
2020-01-12,24.0,24.1,23.4,23.6,77460
2020-01-13,23.6,23.6,22.1,22.3,185074
2020-01-14,22.0,22.0,21.0,21.5,169081
2020-01-15,22.8,22.8,21.8,22.0,78056
2020-01-16,22.3,23.2,21.8,22.8,180789
2020-01-19,23.3,25.0,23.3,25.0,369009
2020-01-20,25.5,26.0,24.9,25.2,375470
2020-01-21,25.2,25.5,24.4,25.1,201531
2020-01-22,25.2,25.2,24.5,24.8,246834
2020-01-23,24.5,26.2,24.5,25.9,223902
2020-01-26,26.0,26.5,25.1,25.4,234492
2020-01-27,25.4,25.4,24.3,24.6,178508
2020-01-28,24.7,25.7,24.4,25.5,179279
2020-01-29,25.6,25.8,24.7,24.9,150605
2020-01-30,24.8,25.0,24.5,24.6,167722
2020-02-02,24.7,27.0,24.7,27.0,660286
2020-02-03,27.5,28.3,27.2,27.6,829713
2020-02-04,27.6,27.7,26.4,26.6,435417
2020-02-05,26.8,27.0,25.7,26.7,261059
2020-02-06,26.9,27.4,26.5,26.9,224359
2020-02-09,27.2,27.6,26.0,26.2,248371
2020-02-10,26.7,26.9,26.1,26.3,175790
2020-02-11,26.8,27.3,26.4,26.7,222978
2020-02-12,27.0,27.5,26.5,26.5,373972
2020-02-13,26.9,27.4,26.5,27.0,353727
2020-02-16,27.5,28.0,26.5,27.2,519054
2020-02-17,27.3,28.2,27.2,27.7,665231
2020-02-18,27.9,28.2,26.6,27.0,318855
2020-02-19,27.2,27.2,26.0,26.2,318601
2020-02-20,26.4,26.6,25.4,25.6,322842
2020-02-23,25.7,26.2,25.1,25.8,261704
2020-02-24,25.7,26.2,24.6,24.9,211608
2020-02-25,25.0,25.7,24.8,24.9,136383
2020-02-26,25.0,25.2,24.1,24.2,101521
2020-02-27,24.7,24.8,23.9,24.2,134883
2020-03-01,24.4,24.4,23.5,23.6,73940
2020-03-02,24.0,24.6,23.2,23.6,142832
2020-03-03,23.8,24.0,23.6,23.7,208316
2020-03-04,23.7,23.9,22.7,23.1,123492
2020-03-05,23.7,23.9,22.3,22.4,106410
2020-03-08,22.1,22.7,20.7,21.0,152517
2020-03-09,20.1,20.1,18.9,18.9,212564
2020-03-10,18.7,20.6,18.7,20.4,197164
2020-03-11,20.9,21.5,20.4,20.7,125429
2020-03-12,20.9,20.9,19.2,19.4,327670
2020-03-15,19.5,19.5,17.5,17.6,340693
2020-03-16,18.0,18.0,15.8,15.9,456098
2020-03-18,16.4,16.9,14.4,14.7,337861
2020-03-19,17.4,17.4,17.4,17.4,5311
2020-03-22,17.6,17.6,17.6,17.6,75565
2020-03-23,17.6,17.6,17.6,17.6,64801
2020-03-24,17.6,17.6,17.6,17.6,17350
2020-03-25,17.6,17.6,17.6,17.6,22699
2020-06-01,17.6,17.6,17.6,17.6,510
2020-06-02,17.6,18.0,17.6,17.7,284019
2020-06-03,17.7,17.8,17.6,17.6,59492
2020-06-04,17.6,17.6,17.6,17.6,7181
2020-06-07,17.6,17.6,17.6,17.6,7000
2020-06-08,17.6,17.6,17.6,17.6,15000
2020-06-09,17.6,17.6,17.6,17.6,6000
2020-06-10,17.6,17.6,17.6,17.6,57500
2020-06-11,17.6,17.6,17.6,17.6,6000
2020-06-14,17.6,17.6,17.6,17.6,10100
2020-06-15,17.6,17.6,17.6,17.6,5000
2020-06-16,17.6,17.6,17.6,17.6,15000
2020-06-17,17.6,17.6,17.6,17.6,8000
2020-06-18,17.6,17.6,17.6,17.6,5400
2020-06-21,17.6,17.6,17.6,17.6,5000
2020-06-22,17.6,17.6,17.6,17.6,8500
2020-06-24,17.6,17.6,17.6,17.6,2746
2020-06-25,17.6,17.6,17.6,17.6,2000
2020-06-28,17.6,17.6,17.6,17.6,2000
2020-06-29,17.6,17.6,17.6,17.6,1000
2020-07-02,17.6,17.6,17.6,17.6,4000
2020-07-05,17.6,19.3,17.6,18.8,571499
2020-07-06,18.9,20.0,18.9,19.3,298911
2020-07-07,19.3,20.4,18.6,20.0,603309
2020-07-08,20.1,21.3,20.0,20.9,465549
2020-07-09,21.4,21.9,20.3,20.9,326520
2020-07-12,20.8,22.5,20.7,22.0,560041
2020-07-13,22.0,22.6,21.8,22.3,237487
2020-07-14,22.1,24.5,22.0,23.9,1559804
2020-07-15,25.0,25.5,24.5,25.4,717377
2020-07-16,24.9,25.5,24.1,24.6,924575
2020-07-19,24.6,24.9,23.8,24.0,659578
2020-07-20,24.0,25.1,24.0,24.7,619290
2020-07-21,24.7,24.9,24.2,24.5,395446
2020-07-22,24.4,24.8,23.4,23.6,424924
2020-07-23,24.0,24.4,23.0,23.4,464526
2020-07-26,23.6,25.0,23.2,24.7,640575
2020-07-27,25.1,27.5,24.9,27.5,1581789
2020-07-28,27.9,28.0,26.4,26.7,759913
2020-07-29,26.7,28.4,26.1,27.0,1205529
2020-07-30,27.4,28.6,26.1,28.3,1111107
2020-08-03,28.7,31.1,28.7,31.1,1902640
2020-08-04,31.5,32.9,29.7,32.4,1846750
2020-08-05,32.3,34.9,31.5,34.3,1564500
2020-08-06,34.5,34.5,30.9,31.1,1785280
2020-08-09,30.6,32.9,30.5,32.5,1073270
2020-08-10,32.8,32.9,29.5,30.2,858813
2020-08-12,31.0,32.5,29.6,30.1,1102860
2020-08-13,30.9,33.1,30.9,33.1,1586530
2020-08-16,34.0,36.4,34.0,36.2,4008619
2020-08-17,36.5,36.5,32.6,33.3,1160253
2020-08-18,34.0,34.9,33.0,33.6,918420
2020-08-19,34.0,35.9,31.4,31.7,813207
2020-08-20,31.7,32.8,30.0,30.5,511133
2020-08-23,31.2,33.3,30.5,32.1,540553
2020-08-24,32.0,32.4,30.7,31.0,458366
2020-08-25,31.2,31.5,29.4,29.6,557380
2020-08-26,30.0,32.4,30.0,31.5,749453
2020-08-27,31.5,32.1,30.3,30.8,401144
2020-08-31,31.1,31.1,29.0,29.4,385022
2020-09-01,29.2,31.0,29.2,30.4,441082
2020-09-03,30.3,30.5,28.8,29.1,579502
2020-09-06,29.0,29.2,27.4,28.1,363362
2020-09-07,28.2,29.2,27.5,28.4,234891
2020-09-08,29.1,29.1,27.6,27.9,461008
2020-09-09,28.1,30.6,27.5,30.6,1294785
2020-09-10,31.7,32.9,30.8,32.6,1842067
2020-09-13,32.9,35.8,32.9,35.8,2314980
2020-09-14,37.0,38.4,35.0,36.4,2561906
2020-09-15,35.6,40.0,33.3,39.9,4058986
2020-09-16,41.0,42.8,38.0,39.1,1812215
2020-09-17,38.1,39.5,37.3,38.0,1155787
2020-09-20,38.5,39.9,37.0,37.6,2635177
2020-09-21,37.9,37.9,33.9,34.0,1063290
2020-09-22,34.2,36.7,33.3,35.1,611520
2020-09-23,36.0,37.0,35.2,35.5,758216
2020-09-24,36.4,36.8,34.0,36.3,891838
2020-09-27,36.6,39.0,36.0,36.5,2309814
2020-09-28,36.9,36.9,34.7,34.9,621758
2020-09-29,35.2,36.4,34.6,35.5,722038
2020-09-30,36.0,36.6,34.4,34.7,910969
2020-10-01,35.2,35.5,33.9,34.0,501294
2020-10-04,34.0,36.0,33.4,35.6,800293
2020-10-05,36.0,36.8,35.5,36.4,1690597
2020-10-06,37.0,40.0,36.9,37.1,2901737
2020-10-07,37.5,38.5,36.4,37.0,1034746
2020-10-08,37.0,37.9,36.2,36.5,881351
2020-10-11,36.9,37.8,36.1,36.8,1024576
2020-10-12,37.4,37.5,33.2,33.2,1153393
2020-10-13,34.0,35.0,32.0,33.1,767819
2020-10-14,34.3,34.5,29.9,30.0,820445
2020-10-15,31.8,33.0,29.3,32.8,605342
2020-10-18,33.1,35.5,33.0,34.0,746714
2020-10-19,35.0,36.5,33.6,36.2,1050727
2020-10-20,36.7,37.5,35.7,36.1,1223482
2020-10-21,36.0,39.7,35.5,39.5,2195158
2020-10-22,43.1,43.4,38.5,39.8,2029988
2020-10-25,39.8,41.5,38.1,39.3,1444216
2020-10-27,38.4,41.0,38.1,40.2,1861239
2020-10-28,41.0,44.2,41.0,43.6,2924471
2020-10-29,43.7,44.2,39.4,39.4,1581179
2020-11-01,36.4,39.4,35.5,37.1,1352014
2020-11-02,37.9,39.0,35.5,35.7,947439
2020-11-03,36.5,36.5,33.7,34.4,640535
2020-11-04,35.0,36.5,35.0,35.8,1163420
2020-11-05,36.3,37.0,35.0,35.3,956491
2020-11-08,36.0,36.6,34.3,34.8,839031
2020-11-09,34.8,35.6,32.7,33.5,485168
2020-11-10,34.3,34.9,31.6,32.0,732513
2020-11-11,32.0,32.0,28.8,29.0,582975
2020-11-12,29.0,31.9,29.0,31.9,652475
2020-11-15,32.7,33.6,31.5,31.7,666952
2020-11-16,31.8,32.8,30.2,30.4,395636
2020-11-17,30.6,31.7,29.5,29.8,295391
2020-11-18,30.1,30.6,29.5,30.0,272351
2020-11-19,30.5,31.2,29.8,29.9,197327
2020-11-22,30.7,30.9,29.7,30.1,185113
2020-11-23,30.4,33.1,30.0,32.9,562397
2020-11-24,33.5,34.1,32.5,32.8,509063
2020-11-25,32.7,35.6,32.0,35.4,847237
2020-11-26,35.5,36.5,34.5,35.0,821363
2020-11-29,35.0,36.7,34.7,35.7,923710
2020-11-30,36.9,37.2,35.1,35.3,716507
2020-12-01,35.5,35.7,34.4,35.1,523460
2020-12-02,35.4,36.0,34.3,34.5,372732
2020-12-03,35.0,35.0,33.5,34.3,461969
2020-12-06,34.3,34.7,32.0,32.7,448110
2020-12-07,33.4,33.4,32.4,32.7,283320
2020-12-08,32.4,34.9,32.4,34.3,319243
2020-12-09,34.9,35.0,33.1,33.5,366245
2020-12-10,34.3,35.1,33.6,34.4,516840
2020-12-13,34.1,34.7,33.0,33.3,378571
2020-12-14,33.9,34.9,33.7,34.2,491675
2020-12-15,34.9,35.4,34.3,34.4,570407
2020-12-17,35.0,36.3,34.6,35.5,985909
2020-12-20,36.1,36.5,35.5,36.3,806189
2020-12-21,37.0,37.5,34.7,35.4,1174838
2020-12-22,35.5,36.9,34.7,36.5,791161
2020-12-23,37.3,39.0,37.0,38.0,1571962
2020-12-24,38.9,39.0,36.6,37.0,1121813
2020-12-27,37.4,37.4,35.7,35.9,833772
2020-12-28,35.6,36.6,35.1,35.3,555715
2020-12-29,35.4,36.5,35.2,35.7,334683
2020-12-30,36.0,36.8,35.3,35.6,469043
2021-01-03,36.0,36.4,34.5,35.1,371484
2021-01-04,35.4,36.5,34.7,34.9,523555
2021-01-05,35.6,35.6,33.6,33.9,451232
2021-01-06,33.9,33.9,32.1,33.0,241454
2021-01-07,33.0,33.8,32.5,33.1,191887
2021-01-10,33.0,33.7,32.8,33.1,149928
2021-01-11,33.0,33.7,31.9,33.3,243848
2021-01-12,33.6,34.0,32.1,32.5,250665
2021-01-13,32.6,33.4,30.4,30.8,221815
2021-01-14,30.9,32.0,30.1,31.0,205840
2021-01-17,30.6,32.6,30.4,31.5,249415
2021-01-18,30.7,32.1,30.6,31.0,141917
2021-01-19,34.1,34.1,34.1,34.1,254127
2021-01-20,37.5,37.5,37.5,37.5,535249
2021-01-21,39.8,39.8,36.5,37.8,2856564
2021-01-24,37.9,41.5,37.3,41.1,2860578
2021-01-25,42.7,45.0,41.5,42.1,3014183
2021-01-26,41.8,44.4,40.6,43.3,2153129
2021-01-27,44.9,46.5,43.5,44.0,1957166
2021-01-28,44.9,45.2,41.1,42.1,1669160
2021-01-31,42.0,42.3,38.6,39.0,1630397
2021-02-01,39.5,42.9,39.0,42.9,1367865
2021-02-02,43.9,45.5,41.1,41.6,2007120
2021-02-03,41.6,41.8,40.1,40.9,1091726
2021-02-04,41.2,42.9,41.0,42.1,1141267
2021-02-07,43.0,44.8,42.3,42.7,2013625
2021-02-08,43.4,43.5,39.5,40.1,1134652
2021-02-09,41.3,41.5,40.0,41.2,1021479
2021-02-10,42.0,42.3,40.3,40.8,977854
2021-02-11,41.0,41.3,38.3,38.7,1365701
2021-02-14,38.8,39.4,35.2,35.5,747857
2021-02-15,36.2,37.5,35.8,36.6,706538
2021-02-16,37.0,37.3,35.2,35.3,637760
2021-02-17,35.5,38.8,35.5,38.8,1286444
2021-02-18,40.0,41.4,38.4,38.7,1600414
2021-02-22,38.5,38.6,36.8,37.3,529511
2021-02-23,37.0,38.5,36.9,37.2,784247
2021-02-24,38.2,38.5,37.5,38.1,570532
2021-02-25,38.8,40.8,38.4,39.6,1544234
2021-02-28,40.5,41.1,38.5,38.9,955752
2021-03-01,39.0,39.3,37.0,37.8,883247
2021-03-02,38.0,38.7,37.7,38.4,619225
2021-03-03,38.6,39.5,37.9,38.3,725743
2021-03-04,38.2,40.3,38.2,38.6,941241
2021-03-07,39.0,39.7,38.3,38.4,665616
2021-03-08,38.6,38.9,37.8,38.2,637662
2021-03-09,38.8,38.8,37.0,37.1,790387
2021-03-10,37.6,37.6,35.9,36.1,613428
2021-03-11,36.4,36.4,35.3,35.6,577180
2021-03-14,36.3,36.3,33.9,34.1,467984
2021-03-15,34.0,38.9,34.0,36.9,1892002
2021-03-16,37.0,37.0,35.0,35.2,445155
2021-03-18,34.3,35.3,32.0,33.2,837045
2021-03-21,32.9,34.7,32.3,34.1,418259
2021-03-22,33.9,34.4,33.2,33.8,524109
2021-03-23,34.0,37.1,33.8,37.0,1838821
2021-03-24,37.0,38.2,35.5,35.7,770787
2021-03-25,35.5,36.7,34.9,35.6,561229
2021-03-28,35.6,38.6,35.1,37.9,874804
2021-03-29,38.0,38.8,37.0,37.3,968116
2021-03-31,37.0,37.1,35.8,36.1,531885
2021-04-01,36.0,37.8,35.5,37.0,782758
2021-04-04,35.0,36.8,34.5,35.0,489997
2021-04-05,36.0,36.6,35.7,36.2,566858
2021-04-07,37.9,37.9,37.9,37.9,261434
2021-04-08,39.8,41.6,38.4,40.7,3852822
2021-04-11,40.8,44.4,40.1,42.5,2008137
2021-04-12,42.1,44.5,42.1,43.8,2184079
2021-04-13,42.0,44.2,42.0,43.0,2011388
2021-04-15,43.8,44.1,40.8,41.3,1433036
2021-04-18,40.8,43.2,40.7,42.0,1283548
2021-04-19,43.5,46.2,42.4,45.2,2293635
2021-04-20,46.5,49.0,44.8,45.7,2862813
2021-04-21,45.0,50.2,45.0,50.2,2561873
2021-04-22,52.0,55.0,51.6,53.5,2573341
2021-04-25,54.0,58.8,52.6,58.8,3156304
2021-04-26,59.3,61.0,55.6,57.2,2056281
2021-04-27,58.8,62.9,57.1,62.1,3019707
2021-04-28,64.1,64.9,60.1,60.6,1923872
2021-04-29,61.2,63.9,59.9,61.1,2660137
2021-05-02,62.5,67.2,60.6,61.9,2582923
2021-05-03,62.3,67.9,62.3,66.3,2474896
2021-05-04,68.2,71.0,66.6,67.2,2052751
2021-05-05,67.5,67.9,62.0,62.6,2126782
2021-05-06,63.0,67.5,62.4,65.7,2213242
2021-05-09,59.2,62.3,59.2,59.2,2020142
2021-05-11,58.5,62.2,57.2,58.8,1604199
2021-05-12,58.8,60.4,55.0,55.7,1630810
2021-05-16,56.9,58.4,53.3,54.7,1034772
2021-05-17,54.4,56.7,54.0,54.7,1178620
2021-05-18,55.9,57.6,55.4,56.7,1627040
2021-05-19,57.8,57.9,52.7,53.8,1465695
2021-05-20,55.0,55.2,51.0,51.7,1055331
2021-05-23,52.0,56.5,52.0,54.4,1434691
2021-05-24,54.7,56.7,53.6,56.1,1390450
2021-05-25,56.1,59.8,55.6,58.0,1961339
2021-05-27,58.3,59.1,55.6,56.0,1070685
2021-05-30,56.0,56.5,52.7,53.7,1153968
2021-05-31,54.2,55.6,53.1,53.8,471905
2021-06-01,55.2,57.1,54.0,56.7,1102679
2021-06-02,57.7,58.5,55.6,56.1,1594314
2021-06-03,56.2,60.3,56.2,59.4,1953784
2021-06-06,61.0,61.3,55.3,55.7,1181706
2021-06-07,55.9,57.3,53.6,54.5,799281
2021-06-08,56.2,59.9,54.6,59.7,1429680
2021-06-09,60.4,60.5,56.5,57.1,1426996
2021-06-10,57.0,59.8,56.0,58.4,1902632
2021-06-13,59.6,64.2,59.6,64.2,2498945
2021-06-14,69.0,69.8,64.0,68.4,2593704
2021-06-15,70.5,74.8,66.5,69.1,3031019
2021-06-16,69.0,71.0,66.2,68.9,2021818
2021-06-17,70.5,73.1,67.0,67.9,1622860
2021-06-20,67.6,69.9,66.0,66.4,799346
2021-06-21,67.6,69.0,65.7,66.3,887455
2021-06-22,66.9,67.3,63.2,64.0,820554
2021-06-23,64.0,64.6,58.5,59.4,730254
2021-06-24,60.0,63.5,59.0,61.3,833779
2021-06-27,60.1,62.0,55.2,55.9,625130
2021-06-28,56.8,58.9,56.5,57.4,448649
2021-06-29,63.0,63.0,60.5,62.5,1164643
2021-06-30,63.9,68.7,62.0,68.1,873429
2021-07-05,69.6,69.6,63.2,63.8,920510
2021-07-06,64.0,64.5,59.7,60.3,629358
2021-07-07,60.9,61.9,59.8,60.1,413539
2021-07-08,60.0,61.8,59.7,60.0,483208
2021-07-12,60.1,60.4,56.7,57.4,502223
2021-07-13,59.5,60.0,57.5,58.7,360992
2021-07-14,59.5,61.0,58.0,58.8,568857
2021-07-15,60.0,60.1,58.5,58.8,241490
2021-07-18,59.4,59.4,57.5,57.9,398889
2021-07-25,59.9,61.7,59.5,59.8,623802
2021-07-26,59.9,60.2,58.1,59.8,223146
2021-07-27,60.2,63.0,60.2,62.3,842345
2021-07-28,62.9,64.2,62.1,62.6,560191
2021-07-29,63.1,63.4,60.6,61.1,551360
2021-08-02,61.1,62.0,59.7,60.0,601394
2021-08-03,60.2,60.5,58.6,58.7,623393
2021-08-05,58.7,60.0,57.9,59.1,580357
2021-08-09,59.3,59.3,56.5,57.0,617637
2021-08-10,56.2,58.7,56.2,56.6,375820
2021-08-11,56.5,58.4,56.5,56.8,303552
2021-08-12,56.9,57.0,54.6,55.1,781527
2021-08-16,55.0,55.0,52.2,52.9,639322
2021-08-17,53.1,57.9,52.8,56.4,437081
2021-08-18,56.2,57.0,54.4,56.2,390090
2021-08-19,56.5,58.9,56.5,57.2,533846
2021-08-22,57.2,58.0,56.5,56.7,397454
2021-08-23,57.7,60.0,57.6,57.8,655279
2021-08-24,58.8,59.0,57.9,58.4,333743
2021-08-25,59.3,60.3,58.7,59.4,786088
2021-08-26,59.3,60.0,57.5,57.9,381194
2021-08-29,58.2,59.7,57.3,58.2,334632
2021-08-31,58.9,61.3,58.9,60.3,779677
2021-09-01,61.7,62.8,61.1,62.5,1206609
2021-09-02,63.0,63.4,61.5,61.9,651513
2021-09-05,61.9,61.9,60.1,60.4,511631
2021-09-06,60.2,61.0,59.4,59.9,495236
2021-09-07,59.9,61.3,59.8,60.0,334026
2021-09-08,60.5,61.3,58.5,59.0,341523
2021-09-09,59.2,60.6,58.5,58.8,294003
2021-09-12,59.0,61.8,58.9,60.6,677085
2021-09-13,61.0,61.8,59.1,61.2,739294
2021-09-14,61.6,62.3,60.3,61.1,485376
2021-09-15,61.1,61.1,59.1,59.5,483860
2021-09-16,59.5,62.0,59.5,59.6,232446
2021-09-19,60.9,61.0,58.6,59.3,190809
2021-09-20,60.2,61.1,59.6,60.0,277074
2021-09-21,60.4,62.3,60.4,60.9,824640
2021-09-22,60.8,60.9,59.7,59.9,260047
2021-09-23,60.4,60.7,59.5,59.6,228912
2021-09-26,60.0,60.5,58.5,58.9,270485
2021-09-27,58.7,59.8,58.5,58.8,256613
2021-09-28,59.5,60.9,58.6,58.8,274184
2021-09-29,59.0,59.0,57.0,58.2,348687
2021-09-30,58.2,59.3,57.1,57.4,442468
2021-10-03,57.7,58.2,56.8,57.3,356687
2021-10-04,57.0,57.7,55.3,55.9,416669
2021-10-05,57.5,57.6,53.8,54.0,321983
2021-10-06,55.2,55.4,53.2,53.5,287595
2021-10-07,54.6,56.4,54.0,54.9,417898
2021-10-10,55.5,55.5,54.0,54.2,193864
2021-10-11,54.8,56.3,54.2,54.4,272172
2021-10-12,55.0,55.8,54.4,55.2,159675
2021-10-13,55.3,57.5,55.3,56.4,341203
2021-10-14,57.0,58.1,54.5,55.0,282518
2021-10-17,55.0,55.0,54.0,54.1,110470
2021-10-18,55.0,55.0,53.0,53.4,122039
2021-10-19,54.4,55.6,53.5,53.7,126968
2021-10-21,54.2,54.5,52.4,52.9,109183
2021-10-24,53.6,53.6,52.6,52.7,180619
2021-10-25,52.4,52.4,51.1,51.4,133967
2021-10-26,52.2,53.0,51.0,52.6,61131
2021-10-27,53.1,55.5,52.8,54.7,159446
2021-10-28,54.8,57.3,54.0,55.2,217999
2021-10-31,55.2,56.0,53.6,53.9,149102
2021-11-01,54.9,56.9,54.7,54.9,250917
2021-11-02,55.8,55.8,53.6,54.0,116157
2021-11-03,54.4,54.8,54.0,54.0,106655
2021-11-04,54.8,54.8,53.9,54.0,52249
2021-11-07,53.6,54.0,52.6,52.7,137356
2021-11-08,52.8,53.7,51.0,51.6,135277
2021-11-09,51.5,52.5,51.5,51.9,113725
2021-11-10,52.7,53.1,51.9,52.8,47952
2021-11-11,53.0,53.6,51.9,52.2,105560
2021-11-14,52.0,52.0,50.8,51.0,87465
2021-11-15,50.4,51.9,49.8,50.1,131608
2021-11-16,50.8,52.2,50.4,51.8,142280
2021-11-17,52.3,55.0,52.3,54.1,228661
2021-11-18,54.2,54.4,53.3,53.5,194204
2021-11-21,52.3,53.4,52.0,52.8,145037
2021-11-22,53.8,54.4,53.0,53.7,141175
2021-11-23,54.3,57.0,53.8,55.5,852949
2021-11-24,56.2,56.5,53.7,53.9,142239
2021-11-25,55.3,55.3,52.8,53.1,106676
2021-11-28,53.0,54.0,52.2,52.3,107884
2021-11-29,52.8,53.8,52.6,53.2,87108
2021-11-30,53.2,53.2,52.2,52.7,190161
2021-12-01,53.5,55.0,53.5,53.6,175774
2021-12-02,53.0,53.6,52.1,53.2,153231
2021-12-05,54.0,55.8,53.8,55.2,162053
2021-12-06,54.5,55.4,53.8,54.3,137173
2021-12-07,55.7,55.7,54.0,54.5,211003
2021-12-08,54.5,55.6,53.6,53.9,122999
2021-12-09,54.2,54.5,53.7,53.8,118981
2021-12-12,53.1,54.0,52.7,53.1,279368
2021-12-13,52.8,53.9,52.5,52.9,151957
2021-12-14,53.9,55.0,53.0,53.2,229878
2021-12-15,54.7,54.7,53.0,53.4,80175
2021-12-19,54.1,55.8,53.8,55.0,339528
2021-12-20,55.8,58.5,55.7,57.7,936210
2021-12-21,58.3,59.5,56.7,57.2,439237
2021-12-22,56.9,62.2,56.9,61.0,1165802
2021-12-23,61.7,62.5,59.0,60.4,973827
2021-12-26,60.4,61.8,58.0,59.0,674620
2021-12-27,59.9,61.2,58.0,59.8,540527
2021-12-28,60.7,62.3,59.5,59.8,1046379
2021-12-29,59.6,60.7,58.0,58.3,345219
2021-12-30,59.5,60.9,59.0,60.0,596916
2022-01-02,60.6,61.2,59.3,59.5,394253
2022-01-03,60.6,60.8,58.2,58.5,521362
2022-01-04,58.6,60.5,58.6,59.0,455252
2022-01-05,60.0,60.2,58.1,58.4,511517
2022-01-06,59.3,59.3,56.9,57.2,390798
2022-01-09,57.0,58.1,55.6,55.9,267229
2022-01-10,56.2,57.2,56.0,56.4,296550
2022-01-11,57.1,57.2,55.4,55.8,391330
2022-01-12,56.6,56.9,54.2,54.5,314570
2022-01-13,55.0,55.4,54.1,54.4,166580
2022-01-16,55.7,55.7,54.5,55.0,164186
2022-01-17,55.0,57.9,55.0,56.2,378125
2022-01-18,56.4,56.9,55.3,55.4,177721
2022-01-19,55.4,56.3,54.8,55.0,123982
2022-01-20,55.9,56.4,55.5,56.0,171584
2022-01-23,57.0,58.0,56.8,57.7,287743
2022-01-24,57.7,57.9,56.2,56.2,123081
2022-01-25,56.2,57.0,55.7,55.8,119110
2022-01-26,55.9,56.5,55.3,55.6,98839
2022-01-27,56.7,56.7,55.1,55.3,115591
2022-01-30,56.0,56.7,55.5,55.8,103513
2022-01-31,56.0,56.4,55.0,55.2,186283
2022-02-01,55.3,55.7,54.6,54.8,106848
2022-02-02,54.8,56.2,54.8,55.8,121684
2022-02-03,56.5,56.7,55.3,55.6,209512
2022-02-06,56.4,57.7,56.1,57.1,358506
2022-02-07,57.1,58.9,57.0,58.2,432842
2022-02-08,58.7,61.0,58.4,58.9,781133
2022-02-09,58.5,58.8,57.0,57.3,278759
2022-02-10,58.3,58.3,56.9,57.1,200232
2022-02-13,57.2,57.4,55.7,56.1,130028
2022-02-14,56.1,56.3,55.3,55.5,104014
2022-02-15,55.5,55.8,54.6,54.9,157758
2022-02-16,55.1,55.3,54.0,54.1,135077
2022-02-17,54.5,54.5,53.1,53.5,110263
2022-02-20,53.6,54.0,52.6,52.9,59839
2022-02-22,52.8,53.5,52.8,53.2,111906
2022-02-23,53.3,54.3,53.2,53.4,85232
2022-02-24,53.4,53.4,51.5,52.0,116655
2022-02-27,51.7,52.0,48.5,49.4,180176
2022-02-28,49.0,50.6,49.0,50.0,114336
2022-03-01,51.0,52.3,50.7,51.4,118188
2022-03-02,51.4,51.4,49.2,50.0,80655
2022-03-03,50.8,51.5,49.5,50.6,61061
2022-03-06,50.6,50.6,48.5,48.6,115012
2022-03-07,48.6,49.9,45.5,45.9,147519
2022-03-08,47.6,47.6,44.4,45.9,132392
2022-03-09,46.7,50.0,46.6,49.4,191934
2022-03-10,49.8,52.7,49.6,49.9,217166
2022-03-13,49.5,51.9,49.5,51.4,160523
2022-03-14,51.9,52.0,50.4,50.5,139354
2022-03-15,50.9,50.9,49.5,49.5,91078
2022-03-16,50.4,50.4,48.6,48.7,64753
2022-03-20,49.5,49.5,47.8,47.8,91074
2022-03-21,47.8,48.3,46.9,47.0,74464
2022-03-22,48.0,48.0,47.0,47.2,55738
2022-03-23,48.0,48.2,46.8,47.0,57149
2022-03-24,46.8,47.5,46.8,47.3,47887
2022-03-27,46.6,47.1,46.4,46.4,63679
2022-03-28,47.5,48.4,46.8,47.4,110866
2022-03-29,47.4,48.1,47.2,47.8,45843
2022-03-30,48.5,51.3,48.5,50.9,309115
2022-03-31,51.2,54.0,51.2,53.3,468764
2022-04-03,53.5,54.2,52.3,52.3,165831
2022-04-04,52.5,52.5,51.3,51.3,103365
2022-04-05,50.5,50.5,50.3,50.3,29130
2022-04-06,49.3,50.7,49.3,49.3,78507
2022-04-07,48.7,49.3,48.4,48.6,39912
2022-04-10,48.9,51.0,47.7,49.8,64115
2022-04-11,50.5,50.7,48.9,49.0,75496
2022-04-12,48.3,48.5,48.1,48.1,65924
2022-04-13,47.2,48.2,47.2,47.4,76613
2022-04-17,47.5,47.5,46.5,46.6,61165
2022-04-18,46.6,47.0,45.7,45.7,29259
2022-04-19,45.0,47.7,44.8,46.5,79580
2022-04-20,47.2,47.5,45.7,46.4,55262
2022-04-21,48.2,48.2,45.5,46.4,77137
2022-04-24,46.8,48.3,46.8,47.4,245824
2022-04-25,48.0,50.4,48.0,50.1,288112
2022-04-26,51.5,54.5,50.5,50.9,341313
2022-04-27,50.1,51.0,49.2,49.5,207589
2022-04-28,48.9,49.2,47.9,48.7,120391
2022-05-05,48.0,49.1,48.0,48.4,61844
2022-05-08,49.0,49.0,48.0,48.2,143009
2022-05-09,48.2,49.2,48.1,48.6,92566
2022-05-10,48.8,50.3,48.6,49.6,326505
2022-05-11,49.2,50.1,48.5,48.9,188686
2022-05-12,48.2,49.0,48.0,48.4,117768
2022-05-16,47.9,48.0,46.0,46.1,122222
2022-05-17,46.1,46.3,44.6,45.1,292839
2022-05-18,47.0,48.0,44.7,44.8,129212
2022-05-19,44.6,45.8,42.8,43.8,67383
2022-05-22,44.8,44.8,41.7,41.8,195268
2022-05-24,42.9,42.9,40.7,40.9,139760
2022-05-25,40.2,41.0,38.9,39.1,46667
2022-05-26,42.0,42.0,39.7,40.1,47139
2022-05-29,42.4,43.0,41.2,41.7,60851
2022-05-30,42.8,42.8,41.2,41.9,38751
2022-05-31,42.2,45.7,42.2,44.2,248336
2022-06-01,44.5,44.6,43.5,44.1,35770
2022-06-02,45.0,45.0,43.7,44.4,96610
2022-06-05,44.5,45.8,44.1,45.4,85035
2022-06-06,45.7,48.9,45.7,48.6,385584
2022-06-07,48.3,50.4,48.1,49.7,291952
2022-06-08,50.0,50.4,48.8,48.8,224943
2022-06-09,48.0,48.8,47.9,47.9,52917
2022-06-12,47.1,47.1,47.0,47.0,19520
2022-06-13,46.2,46.2,46.1,46.1,42214
2022-06-14,45.2,47.7,45.2,45.2,171038
2022-06-15,49.0,49.0,44.7,44.9,57244
2022-06-16,46.0,46.0,44.9,45.2,105388
2022-06-19,45.5,45.5,44.3,44.4,98495
2022-06-20,43.8,44.5,43.6,43.6,53496
2022-06-21,43.6,44.2,42.8,43.4,73771
2022-06-22,45.3,45.3,43.1,43.5,15026
2022-06-23,43.8,44.1,42.8,43.6,75540
2022-06-26,44.9,44.9,42.8,42.8,44452
2022-06-27,42.9,43.8,42.0,43.1,41892
2022-06-28,46.8,46.8,42.3,43.0,64164
2022-06-29,47.2,47.2,42.6,43.0,31980
2022-06-30,43.1,43.9,42.4,43.3,60245
2022-07-03,43.4,44.0,43.2,43.3,20649
2022-07-04,44.8,44.8,42.9,43.0,33356
2022-07-05,42.3,43.9,42.2,42.6,38000
2022-07-06,46.4,46.4,42.2,42.6,36528
2022-07-07,43.0,43.2,42.5,42.7,23352
2022-07-12,42.4,42.7,42.1,42.1,42787
2022-07-13,44.5,44.5,41.3,41.9,68584
2022-07-14,41.9,42.0,41.6,41.9,41985
2022-07-17,42.5,42.5,41.1,41.4,38243
2022-07-18,45.3,45.3,40.6,40.6,17976
2022-07-19,39.8,40.6,39.8,39.8,25008
2022-07-20,39.8,40.0,39.1,39.1,34258
2022-07-21,39.0,42.5,38.4,38.9,112645
2022-07-24,39.7,41.7,38.2,38.2,43507
2022-07-25,40.9,40.9,37.9,38.1,38041
2022-07-26,37.4,40.1,37.4,39.5,66175
2022-07-27,39.2,39.9,38.8,38.8,35662
2022-07-28,38.1,38.1,38.1,38.1,11008
2022-07-31,41.9,42.3,38.5,42.2,128246
2022-08-01,42.5,43.0,41.2,41.4,125982
2022-08-02,40.6,42.7,40.2,42.0,98949
2022-08-03,42.6,42.7,41.0,41.1,58466
2022-08-04,41.0,41.1,40.0,40.1,41814
2022-08-07,39.6,41.0,39.4,39.6,49578
2022-08-08,39.9,40.7,38.8,38.9,37151
2022-08-10,39.0,39.2,38.7,38.7,47336
2022-08-11,38.5,40.5,38.5,38.6,15181
2022-08-14,38.6,39.8,38.5,38.6,30103
2022-08-16,38.6,39.0,38.5,38.8,63391
2022-08-17,39.0,40.0,38.7,39.7,75951
2022-08-21,40.0,41.3,40.0,40.2,116026
2022-08-22,44.0,44.0,39.2,39.4,55262
2022-08-23,38.9,40.9,38.5,40.2,242287
2022-08-24,39.6,39.6,39.0,39.1,57071
2022-08-25,39.0,40.2,38.8,39.3,184866
2022-08-28,40.2,41.1,39.8,40.3,146806
2022-08-29,40.4,41.3,40.0,40.2,106908
2022-08-30,41.0,41.0,39.6,40.1,84256
2022-08-31,40.2,41.5,39.9,41.3,183201
2022-09-01,41.3,41.7,40.7,40.8,138232
2022-09-04,44.8,44.8,40.2,40.6,235531
2022-09-05,42.0,42.0,39.9,39.9,46655
2022-09-06,39.8,40.3,39.5,39.8,46090
2022-09-07,39.5,40.5,38.8,39.2,187102
2022-09-08,40.5,40.5,38.8,39.0,41241
2022-09-11,39.0,39.0,38.5,38.6,69570
2022-09-12,38.5,41.9,38.5,38.7,103219
2022-09-13,38.7,39.0,38.5,38.6,60417
2022-09-14,38.6,39.0,38.5,38.5,37323
2022-09-15,38.5,39.2,38.5,38.6,79512
2022-09-18,38.8,40.8,38.8,39.4,112184
2022-09-19,40.2,40.2,38.5,38.7,102181
2022-09-20,39.7,39.7,38.5,38.5,138380
2022-09-21,38.5,39.0,38.5,38.5,66256
2022-09-22,38.5,38.5,38.5,38.5,27635
2022-09-25,38.5,38.5,38.5,38.5,9786
2022-09-26,38.5,38.5,38.5,38.5,4393
2022-09-27,38.5,38.5,38.5,38.5,1577
2022-09-28,38.5,38.5,38.5,38.5,4893
2022-09-29,38.5,38.5,38.5,38.5,3198
2022-10-02,38.5,38.5,38.5,38.5,8374
2022-10-03,38.5,38.5,38.5,38.5,4315
2022-10-04,38.5,38.5,38.5,38.5,130
2022-10-06,38.5,38.5,38.5,38.5,2040
2022-10-10,38.5,38.5,38.5,38.5,687
2022-10-11,38.5,38.5,38.5,38.5,28070
2022-10-12,38.5,38.5,38.5,38.5,1369
2022-10-13,38.5,39.5,38.5,38.9,177729
2022-10-16,39.1,40.1,38.5,38.5,126665
2022-10-17,38.5,38.7,38.5,38.5,25810
2022-10-18,38.5,38.5,38.5,38.5,1673
2022-10-19,38.5,38.5,38.5,38.5,845
2022-10-20,38.5,38.5,38.5,38.5,2140
2022-10-23,38.5,38.5,38.5,38.5,11030
2022-10-24,38.5,38.5,38.5,38.5,50
2022-10-25,38.5,38.5,38.5,38.5,1409
2022-10-26,38.5,38.5,38.5,38.5,735
2022-10-27,38.5,38.5,38.5,38.5,14535
2022-10-30,38.5,39.5,38.5,38.5,160216
2022-10-31,38.6,39.0,38.5,38.5,8546
2022-11-01,38.5,38.9,38.5,38.6,127722
2022-11-02,39.0,41.0,38.5,39.9,506689
2022-11-03,40.0,40.7,38.9,39.0,139207
2022-11-06,40.1,40.1,38.5,38.5,176083
2022-11-07,39.3,40.6,38.5,38.5,80138
2022-11-08,38.5,39.0,38.5,38.5,170574
2022-11-09,38.5,38.5,38.5,38.5,7290
2022-11-10,38.5,38.5,38.5,38.5,3164
2022-11-13,38.5,38.5,38.5,38.5,4150
2022-11-14,38.5,38.5,38.5,38.5,7014
2022-11-15,38.5,38.5,38.5,38.5,5015
2022-11-16,38.5,38.5,38.5,38.5,18704
2022-11-17,38.5,38.5,38.5,38.5,201
2022-11-20,38.5,38.5,38.5,38.5,10992
2022-11-21,38.5,38.5,38.5,38.5,3786
2022-11-22,38.5,38.5,38.5,38.5,1229
2022-11-23,38.5,38.5,38.5,38.5,1013
2022-11-24,38.5,38.5,38.5,38.5,100
2022-11-27,38.5,38.5,38.5,38.5,4649
2022-11-28,38.5,38.5,38.5,38.5,104
2022-11-29,38.5,38.5,38.5,38.5,1210
2022-11-30,38.5,38.5,38.5,38.5,235
2022-12-01,38.5,38.5,38.5,38.5,2627
2022-12-04,38.5,38.5,38.5,38.5,281
2022-12-05,38.5,38.5,38.5,38.5,502
2022-12-06,38.5,38.5,38.5,38.5,1753
2022-12-07,38.5,38.5,38.5,38.5,461
2022-12-08,38.5,38.5,38.5,38.5,100
2022-12-12,38.5,38.5,38.5,38.5,5539
2022-12-13,38.5,38.5,38.5,38.5,1435
2022-12-14,38.5,38.5,38.5,38.5,2025
2022-12-18,38.5,38.5,38.5,38.5,10
2022-12-19,38.5,38.5,38.5,38.5,100
2022-12-20,38.5,38.5,38.5,38.5,100
2022-12-22,38.2,38.2,38.2,38.2,5000
2022-12-26,37.9,37.9,37.9,37.9,3519
2022-12-27,37.6,37.6,37.6,37.6,631
2022-12-28,37.3,37.3,37.3,37.3,423
2022-12-29,37.0,37.0,37.0,37.0,908
2023-01-01,36.7,36.7,36.7,36.7,1320
2023-01-02,36.4,36.4,36.4,36.4,686
2023-01-03,36.1,36.1,36.1,36.1,464
2023-01-04,35.8,36.8,35.8,36.4,194827
2023-01-05,36.5,39.7,36.1,37.3,33947
2023-01-08,37.5,37.9,37.0,37.5,47834
2023-01-09,38.0,38.8,37.2,37.2,80240
2023-01-10,36.9,36.9,36.9,36.9,3175
2023-01-11,36.6,36.9,36.6,36.6,11661
2023-01-12,36.3,36.3,36.3,36.3,11930
2023-01-15,36.0,39.3,36.0,38.2,151174
2023-01-16,38.0,38.7,37.9,38.0,58652
2023-01-17,37.7,38.2,37.7,37.8,113005
2023-01-18,38.2,39.4,37.7,37.8,160144
2023-01-19,38.5,39.5,37.5,38.8,61027
2023-01-22,39.4,41.5,39.3,40.1,358509
2023-01-23,40.1,40.9,39.7,39.7,93888
2023-01-24,39.4,40.7,39.4,40.2,270732
2023-01-25,40.5,40.9,40.1,40.2,171894
2023-01-26,41.6,41.6,39.8,39.8,142727
2023-01-29,39.8,39.8,39.5,39.5,30357
2023-01-30,39.2,39.2,39.2,39.2,1065
2023-01-31,38.9,38.9,38.9,38.9,26155
2023-02-01,38.9,39.6,38.6,38.6,47174
2023-02-02,38.6,38.7,38.3,38.4,53909
2023-02-05,38.5,39.0,38.1,38.1,48425
2023-02-06,37.8,38.1,37.8,37.8,11839
2023-02-07,37.5,37.5,37.5,37.5,13098
2023-02-08,37.4,37.4,37.2,37.2,14095
2023-02-09,38.1,38.1,36.9,36.9,23671
2023-02-12,36.6,36.8,36.6,36.6,8881
2023-02-13,36.7,36.7,36.3,36.3,9116
2023-02-14,36.3,36.3,36.0,36.0,13086
2023-02-15,35.7,35.7,35.7,35.7,1654
2023-02-16,35.4,35.4,35.4,35.4,7930
2023-02-19,35.1,35.1,35.1,35.1,13592
2023-02-20,34.8,34.8,34.8,34.8,2160
2023-02-22,34.5,34.5,34.5,34.5,4128
2023-02-23,34.3,34.3,34.2,34.2,12922
2023-02-26,34.2,34.2,33.9,33.9,1751
2023-02-27,33.6,33.6,33.6,33.6,7510
2023-02-28,33.3,35.4,33.3,33.7,16136
2023-03-01,34.0,34.9,33.4,34.1,29154
2023-03-02,35.9,35.9,33.8,33.9,24032
2023-03-05,33.8,35.0,33.8,34.6,14427
2023-03-06,34.8,36.0,34.8,35.9,42952
2023-03-07,36.0,36.3,34.5,35.1,15325
2023-03-09,35.6,36.4,34.8,35.4,27662
2023-03-12,34.3,35.0,34.3,34.5,34192
2023-03-13,34.2,35.6,34.1,35.2,11386
2023-03-14,35.6,36.0,34.6,35.1,66398
2023-03-15,35.1,35.8,34.3,34.4,29083
2023-03-16,34.4,35.1,34.3,34.7,7537
2023-03-19,34.1,34.6,34.1,34.2,31898
2023-03-20,34.7,34.7,34.0,34.2,54782
2023-03-21,34.3,34.5,34.1,34.3,24297
2023-03-22,34.2,34.2,33.8,33.9,30751
2023-03-23,33.8,33.8,33.8,33.8,6305
2023-03-27,33.9,34.8,33.8,33.8,11801
2023-03-28,33.8,33.8,33.8,33.8,509
2023-03-29,33.8,33.9,33.8,33.8,22752
2023-03-30,34.0,34.0,33.8,33.8,8545
2023-04-02,33.8,34.0,33.8,33.8,21014
2023-04-03,33.8,33.9,33.8,33.8,18005
2023-04-04,33.8,33.8,33.8,33.8,5250
2023-04-05,33.8,34.1,33.8,33.8,21145
2023-04-06,33.8,33.8,33.8,33.8,9493
2023-04-09,33.8,33.8,33.8,33.8,1360
2023-04-11,33.8,33.8,33.8,33.8,28
2023-04-12,33.8,33.8,33.8,33.8,85
2023-04-13,33.8,33.8,33.8,33.8,58
2023-04-16,33.8,33.8,33.8,33.8,3572
2023-04-17,33.8,33.8,33.8,33.8,8556
2023-04-18,33.8,33.8,33.8,33.8,350
2023-04-24,33.8,33.8,33.8,33.8,2152
2023-04-26,33.8,33.8,33.8,33.8,4047
2023-04-27,33.8,33.8,33.8,33.8,180
2023-04-30,33.8,33.8,33.8,33.8,3868
2023-05-02,33.8,33.8,33.8,33.8,3753
2023-05-03,33.8,33.8,33.8,33.8,8940
2023-05-07,33.8,34.4,33.8,33.8,45072
2023-05-08,33.8,34.0,33.8,33.8,26628
2023-05-09,33.8,33.8,33.8,33.8,18249
2023-05-10,33.8,34.0,33.8,33.9,46038
2023-05-11,34.2,39.1,34.2,37.9,384691
2023-05-14,37.0,39.8,37.0,39.0,273125
2023-05-15,39.3,40.5,39.0,39.5,361563
2023-05-16,39.6,41.8,39.6,41.2,561817
2023-05-17,41.4,43.8,40.8,43.2,489257
2023-05-18,44.3,46.4,43.9,45.1,566802
2023-05-21,45.1,46.0,43.1,44.6,450484
2023-05-22,44.5,45.0,42.5,43.7,355190
2023-05-23,43.6,46.0,43.6,45.7,340235
2023-05-24,46.3,47.0,45.7,46.1,570473
2023-05-25,45.1,49.0,45.1,48.1,761592
2023-05-28,49.5,52.2,48.8,51.7,900123
2023-05-29,52.5,53.0,49.0,49.8,649158
2023-05-30,48.0,49.0,46.0,46.3,605667
2023-06-01,46.0,46.8,44.2,46.2,428850
2023-06-04,46.7,47.5,46.2,47.1,587881
2023-06-05,47.0,47.1,43.5,43.9,200700
2023-06-06,44.0,44.0,39.6,40.1,156469
2023-06-07,43.5,44.1,40.6,44.1,181952
2023-06-08,45.5,45.5,42.0,43.2,263736
2023-06-11,45.1,45.1,42.2,43.1,136763
2023-06-12,43.1,43.4,40.2,40.5,107993
2023-06-13,40.5,43.4,39.3,40.0,50835
2023-06-14,40.1,41.0,38.1,38.7,28599
2023-06-15,37.6,39.6,37.6,38.0,60619
2023-06-18,38.1,39.9,38.1,39.8,109790
2023-06-19,40.9,43.7,39.5,42.9,209022
2023-06-20,42.5,43.4,39.1,41.1,158559
2023-06-21,39.8,41.5,39.5,40.5,16745
2023-06-22,40.4,42.8,40.3,40.8,124382
2023-06-25,40.4,42.2,40.4,41.2,16089
2023-06-26,40.2,42.1,40.2,41.8,43168
2023-07-02,41.1,41.2,40.5,40.7,18281
2023-07-03,39.7,41.5,39.7,40.1,74179
2023-07-04,40.0,40.9,39.7,40.0,49279
2023-07-05,39.0,40.4,39.0,40.1,94570
2023-07-06,39.6,40.9,39.6,40.7,37886
2023-07-09,40.9,41.0,39.5,39.6,69614
2023-07-10,39.2,40.3,38.5,38.6,56184
2023-07-11,39.6,40.5,38.6,39.9,145427
2023-07-12,40.1,40.9,38.8,39.8,98525
2023-07-13,39.0,39.0,38.5,38.7,109442
2023-07-16,38.0,41.0,37.0,39.6,240465
2023-07-17,40.9,42.0,39.7,40.7,324923
2023-07-18,41.0,42.2,40.1,40.9,298815
2023-07-19,42.0,43.0,41.6,42.6,293572
2023-07-20,42.3,46.8,42.3,45.2,769966
2023-07-23,47.0,47.0,41.9,42.7,282729
2023-07-24,42.5,45.6,42.5,43.8,396509
2023-07-25,43.8,45.6,41.9,42.3,400761
2023-07-26,42.7,44.4,40.4,43.5,159369
2023-07-27,44.3,45.9,43.8,45.1,485157
2023-07-30,45.0,46.8,44.2,44.5,283899
2023-07-31,44.5,44.9,42.7,43.9,352045
2023-08-01,44.9,44.9,42.3,43.2,213246
2023-08-02,44.2,44.3,41.9,42.5,130682
2023-08-03,42.4,43.5,41.5,42.9,98738
2023-08-06,42.9,43.9,41.0,41.7,52821
2023-08-07,41.6,41.7,40.2,40.3,56506
2023-08-08,41.2,41.5,39.7,40.4,46040
2023-08-09,40.4,41.3,39.2,40.1,42371
2023-08-10,39.1,40.9,39.0,40.5,25417
2023-08-13,41.1,41.8,40.0,40.6,100108
2023-08-14,40.6,40.6,39.0,39.3,27599
2023-08-16,38.8,39.3,38.5,38.6,48694
2023-08-17,39.7,40.0,39.5,39.8,37451
2023-08-20,39.0,39.9,39.0,39.3,72865
2023-08-21,40.2,41.0,39.3,39.9,127591
2023-08-22,40.5,41.0,40.0,40.6,108053
2023-08-23,40.2,41.2,39.8,40.0,73341
2023-08-24,40.5,40.5,39.5,39.8,47144
2023-08-27,40.5,40.5,39.1,39.7,56490
2023-08-28,40.4,40.8,39.5,39.6,82783
2023-08-29,39.9,40.4,38.8,39.0,92374
2023-08-30,39.9,39.9,38.7,39.3,72513
2023-08-31,39.3,39.8,38.8,39.1,52646
2023-09-03,39.9,41.6,39.5,40.6,176902
2023-09-04,41.0,42.0,40.6,41.6,110628
2023-09-05,42.0,43.6,41.8,43.1,467547
2023-09-07,41.7,44.8,41.7,43.2,289788
2023-09-10,42.6,44.0,42.5,42.7,227831
2023-09-11,43.3,44.5,42.9,44.1,181689
2023-09-12,44.6,45.5,44.4,45.0,522884
2023-09-13,46.3,49.5,46.3,49.5,2111780
2023-09-14,49.5,52.4,49.4,50.7,1046620
2023-09-17,50.7,51.4,47.7,48.5,2291160
2023-09-18,47.9,51.8,47.8,50.1,1623507
2023-09-19,50.6,54.2,49.7,52.1,1521465
2023-09-20,52.1,52.3,49.8,50.1,1387106
2023-09-24,47.0,48.0,43.8,44.2,678179
2023-09-25,44.2,45.8,43.8,45.4,307638
2023-09-26,46.3,46.3,43.4,43.7,356408
2023-09-27,43.7,44.2,43.2,43.6,219016
2023-10-01,43.6,44.4,40.2,40.7,451398
2023-10-02,41.1,43.6,40.3,43.1,208096
2023-10-03,43.7,43.7,40.5,41.0,303511
2023-10-04,41.5,41.7,40.1,40.9,173785
2023-10-05,41.0,41.0,39.5,40.0,337816
2023-10-08,39.6,40.0,38.5,38.7,257018
2023-10-09,38.5,39.4,37.5,37.9,205572
2023-10-10,38.4,39.5,38.3,39.2,164209
2023-10-11,39.5,41.5,39.0,39.8,1006511
2023-10-12,39.9,41.3,39.7,40.8,315689
2023-10-15,40.5,41.5,40.0,40.4,294376
2023-10-16,40.2,40.9,39.4,39.7,286572
2023-10-17,39.9,39.9,38.5,38.7,200830
2023-10-18,39.0,40.0,38.6,39.6,171515
2023-10-19,40.2,40.8,39.5,40.3,321634
2023-10-22,40.4,41.5,39.7,40.1,180964
2023-10-23,40.1,41.1,39.8,40.6,412765
2023-10-25,40.6,41.0,40.2,40.3,204857
2023-10-26,40.3,40.6,39.2,39.7,164152
2023-10-29,38.8,39.9,38.7,39.5,140112
2023-10-30,40.3,40.6,39.0,39.2,131840
2023-10-31,39.5,40.3,39.2,40.1,200925
2023-11-01,40.3,40.3,39.4,39.6,232035
2023-11-02,40.9,41.5,39.3,39.6,119310
2023-11-05,40.5,41.9,39.1,41.5,317733
2023-11-06,41.8,42.2,40.2,40.5,276305
2023-11-07,40.2,40.9,39.9,40.0,264933
2023-11-08,40.6,40.6,39.4,39.5,139459
2023-11-09,39.5,40.3,39.3,39.4,78073
2023-11-12,39.4,39.5,38.8,39.0,93366
2023-11-13,39.1,39.5,38.6,38.8,151044
2023-11-14,39.0,40.5,39.0,39.7,125185
2023-11-15,40.6,40.6,39.1,39.2,99358
2023-11-16,39.1,39.6,38.7,39.1,272863
2023-11-19,39.3,39.7,38.7,38.8,158742
2023-11-20,38.9,39.2,38.3,38.4,84775
2023-11-21,38.5,38.8,37.5,37.6,110859
2023-11-22,37.5,38.5,37.1,37.7,88192
2023-11-23,37.7,38.5,37.5,37.6,34717
2023-11-26,37.3,37.9,37.0,37.1,87056
2023-11-27,37.1,37.6,35.4,35.7,116246
2023-11-28,36.3,36.4,35.7,35.9,51030
2023-11-29,37.3,37.3,36.1,36.5,45517
2023-11-30,36.6,37.2,36.2,36.7,45963
2023-12-03,37.5,37.5,35.8,36.4,76372
2023-12-04,37.3,37.7,37.0,37.3,143679
2023-12-05,37.1,37.2,36.5,36.8,86334
2023-12-06,37.3,37.3,36.5,37.0,109233
2023-12-07,37.4,37.4,36.6,36.7,71640
2023-12-10,37.5,37.5,36.7,37.0,74324
2023-12-11,37.0,37.9,36.8,37.7,169572
2023-12-12,37.7,38.0,37.3,37.5,86749
2023-12-13,37.9,39.6,37.9,39.1,417764
2023-12-14,39.1,39.1,38.3,38.7,118922
2023-12-17,38.2,38.5,37.5,37.7,108528
2023-12-18,37.9,38.2,36.7,36.9,97017
2023-12-19,37.4,37.4,36.8,37.3,65885
2023-12-20,37.0,38.0,36.6,36.9,84626
2023-12-21,36.7,37.9,36.7,37.0,112142
2023-12-24,37.9,37.9,36.6,36.7,48969
2023-12-26,36.6,37.5,36.6,37.2,60788
2023-12-27,36.9,37.6,36.9,37.0,18880
2023-12-28,37.0,37.9,36.6,37.6,133157
2024-01-01,38.0,39.5,37.2,39.1,156128
2024-01-02,39.1,39.2,38.3,38.4,176718
2024-01-03,38.2,38.5,37.6,37.6,53021
2024-01-04,37.7,38.4,37.3,38.2,43769
2024-01-08,38.6,38.9,38.4,38.7,70573
2024-01-09,38.8,38.9,37.5,37.7,77009
2024-01-10,37.6,38.4,37.6,37.9,103604
2024-01-11,37.9,39.2,37.9,38.9,191723
2024-01-14,39.8,40.4,39.2,39.6,391939
2024-01-15,40.1,40.3,38.6,40.1,178915
2024-01-16,40.1,40.5,39.3,39.6,292158
2024-01-17,39.5,39.8,39.0,39.3,94995
2024-01-18,39.0,41.5,39.0,40.1,586816
2024-01-21,39.0,40.2,37.0,39.9,117100
2024-01-22,39.9,41.2,39.6,40.8,545696
2024-01-23,40.5,41.4,40.5,40.9,202234
2024-01-24,40.9,40.9,40.0,40.1,215961
2024-01-25,40.7,41.4,40.1,40.7,215931
2024-01-28,41.3,42.8,41.0,41.3,438080
2024-01-29,41.3,41.6,40.3,40.8,199623
2024-01-30,40.7,41.4,40.5,40.9,205404
2024-01-31,40.7,42.0,40.5,40.8,214520
2024-02-01,41.4,41.4,40.5,40.8,190544
2024-02-04,41.0,42.6,41.0,42.3,321851
2024-02-05,42.8,44.8,42.8,43.2,561354
2024-02-06,43.3,43.3,42.4,42.8,218974
2024-02-07,42.8,43.3,42.5,42.5,352466
2024-02-08,43.1,43.5,42.5,42.8,231818
2024-02-11,43.3,43.7,42.3,42.4,249531
2024-02-12,42.5,43.0,41.9,42.1,215353
2024-02-13,42.1,42.2,40.8,41.1,227902
2024-02-14,41.8,41.9,40.1,40.3,200174
2024-02-15,40.1,41.0,40.1,40.5,75437
2024-02-18,41.1,42.5,40.5,40.9,124453
2024-02-19,41.2,41.5,40.3,40.4,58789
2024-02-20,40.6,40.8,40.0,40.6,33734
