Date,Open,High,Low,Close,Volume
2012-10-01,22.5,22.5,21.5,21.8,12450
2012-10-02,21.3,22.5,21.3,21.9,7950
2012-10-03,20.7,21.3,20.5,21.0,2250
2012-10-04,22.0,22.0,21.0,21.6,1000
2012-10-07,20.1,22.2,20.1,20.4,8600
2012-10-08,20.1,20.2,19.5,19.7,4000
2012-10-09,20.0,20.2,19.9,20.0,10850
2012-10-10,20.0,20.0,19.5,19.5,8800
2012-10-11,21.0,21.0,20.0,20.1,3750
2012-10-14,20.0,20.1,20.0,20.0,7000
2012-10-15,20.3,20.3,19.9,19.9,3100
2012-10-16,20.0,20.4,19.6,19.8,5100
2012-10-17,20.8,20.8,19.6,19.9,950
2012-10-18,20.0,20.5,19.9,20.2,4150
2012-10-21,20.2,20.7,19.5,19.9,6450
2012-10-22,19.0,20.3,19.0,19.6,2700
2012-10-23,20.0,20.0,19.8,19.9,1650
2012-10-30,19.5,19.5,19.5,19.5,500
2012-10-31,19.9,19.9,19.1,19.3,1250
2012-11-01,20.7,20.7,18.6,18.9,3800
2012-11-04,18.7,19.0,18.7,18.8,1700
2012-11-05,18.8,19.9,18.7,19.4,450
2012-11-06,18.7,18.7,18.0,18.3,4200
2012-11-07,18.6,18.6,18.0,18.2,900
2012-11-08,18.0,18.5,18.0,18.0,3100
2012-11-11,17.6,17.6,17.1,17.2,2000
2012-11-12,17.5,17.9,17.5,17.7,800
2012-11-13,18.0,18.0,18.0,18.0,750
2012-11-14,18.1,19.8,18.0,18.5,400
2012-11-15,18.2,19.0,18.0,18.1,12400
2012-11-18,19.7,19.7,18.5,19.0,8650
2012-11-19,18.3,18.3,18.0,18.1,1750
2012-11-20,18.1,18.8,18.1,18.4,200
2012-11-22,18.3,19.5,17.9,18.5,600
2012-11-27,18.6,18.6,18.5,18.5,2100
2012-11-28,18.1,18.1,18.1,18.1,1300
2012-11-29,19.4,19.4,18.1,19.0,3200
2012-12-02,18.9,19.0,18.9,18.9,1200
2012-12-03,18.3,18.7,17.6,18.0,3200
2012-12-04,18.9,18.9,18.0,18.0,1100
2012-12-05,18.5,18.5,18.1,18.2,3700
2012-12-06,17.8,18.1,17.8,18.0,2900
2012-12-09,17.7,17.7,17.1,17.1,1000
2012-12-10,18.6,18.6,18.4,18.5,100
2012-12-11,17.3,18.5,17.3,17.8,1500
2012-12-12,17.9,17.9,17.8,17.8,1650
2012-12-17,17.8,17.8,17.3,17.3,2700
2012-12-18,17.5,18.5,17.5,17.7,400
2012-12-19,17.4,17.4,17.4,17.4,2000
2012-12-20,17.5,17.5,17.3,17.3,1650
2012-12-24,18.3,18.5,17.3,17.6,2950
2012-12-26,18.2,18.2,17.5,17.6,2750
2012-12-27,18.0,18.0,17.5,17.6,2150
2012-12-30,17.7,17.7,17.5,17.5,1700
2013-01-01,18.0,18.0,17.3,17.7,2300
2013-01-02,17.3,17.3,17.3,17.3,200
2013-01-03,18.0,18.0,17.3,17.4,3250
2013-01-06,17.4,17.7,17.3,17.3,9750
2013-01-07,17.6,17.9,17.1,17.4,5100
2013-01-08,17.6,17.6,17.5,17.5,1700
2013-01-09,17.8,17.8,17.8,17.8,400
2013-01-10,18.3,18.3,17.5,17.6,5150
2013-01-13,18.0,18.0,17.5,17.6,2000
2013-01-14,17.7,17.7,17.6,17.6,600
2013-01-15,17.6,17.8,17.5,17.5,3350
2013-01-16,17.5,17.6,17.5,17.5,2700
2013-01-17,17.6,17.6,17.5,17.5,2750
2013-01-20,17.5,17.5,17.3,17.4,800
2013-01-21,17.2,17.5,17.2,17.2,900
2013-01-22,17.2,17.3,17.1,17.1,2800
2013-01-24,17.4,17.4,17.4,17.4,200
2013-01-27,17.4,17.5,17.4,17.4,1450
2013-01-28,16.6,17.6,16.6,16.9,2200
2013-01-29,17.0,17.1,17.0,17.0,350
2013-01-30,16.3,17.0,16.3,16.7,250
2013-01-31,17.2,17.7,17.2,17.3,1450
2013-02-03,17.4,17.6,17.4,17.4,400
2013-02-04,17.7,17.7,17.6,17.6,1250
2013-02-05,17.4,18.0,17.3,17.8,5450
2013-02-06,17.9,18.0,17.8,17.9,1350
2013-02-07,17.9,18.0,17.7,17.7,2000
2013-02-10,17.8,18.2,17.8,18.0,2250
2013-02-11,18.1,18.5,18.0,18.1,3350
2013-02-12,17.7,17.7,17.6,17.6,1950
2013-02-13,18.3,18.3,17.9,17.9,600
2013-02-14,17.9,18.4,17.8,18.2,7550
2013-02-17,18.5,18.5,18.0,18.0,1050
2013-02-18,18.4,18.5,18.4,18.4,2900
2013-02-19,18.0,18.1,17.9,18.0,3550
2013-02-20,17.9,17.9,17.5,17.7,2200
2013-02-24,17.5,18.0,17.4,17.5,4300
2013-02-25,17.5,18.0,17.3,17.3,3150
2013-02-26,17.7,17.8,17.4,17.5,2650
2013-02-27,17.3,17.8,16.7,16.9,7200
2013-02-28,17.0,17.0,16.4,16.5,2800
2013-03-03,16.2,16.2,16.0,16.0,1950
2013-03-04,16.0,16.2,16.0,16.0,700
2013-03-05,16.5,16.5,16.0,16.0,1500
2013-03-06,16.1,16.2,15.9,16.0,1850
2013-03-07,15.9,16.0,15.8,15.8,2050
2013-03-12,15.6,16.4,15.0,15.2,1050
2013-03-14,16.4,16.4,16.1,16.2,350
2013-03-18,17.3,17.3,17.3,17.3,50
2013-03-19,17.1,17.2,17.1,17.1,300
2013-03-20,15.5,15.6,15.5,15.5,1500
2013-03-24,15.6,15.7,15.6,15.6,600
2013-03-25,15.0,15.5,15.0,15.0,350
2013-03-27,14.5,14.5,14.5,14.5,50
2013-03-28,15.4,15.4,15.1,15.2,350
2013-03-31,15.8,15.8,15.8,15.8,50
2013-04-01,15.0,15.0,14.3,14.9,2200
2013-04-02,14.7,14.7,14.7,14.7,100
2013-04-03,15.6,15.6,15.6,15.6,400
2013-04-04,14.7,14.9,14.7,14.7,4700
2013-04-07,15.0,15.2,15.0,15.1,1400
2013-04-09,14.5,15.1,14.5,15.0,3450
2013-04-10,15.2,15.3,15.2,15.2,800
2013-04-11,15.3,15.3,15.2,15.2,1450
2013-04-15,15.5,15.8,15.5,15.6,300
2013-04-16,16.0,16.0,15.7,15.7,1600
2013-04-17,15.1,15.7,15.1,15.3,500
2013-04-18,16.0,16.4,16.0,16.1,2700
2013-04-21,16.5,16.5,16.5,16.5,50
2013-04-22,16.0,16.2,15.8,15.8,1400
2013-04-23,15.5,15.5,15.5,15.5,700
2013-04-24,15.5,15.5,15.4,15.4,800
2013-04-25,15.5,15.5,15.5,15.5,100
2013-04-28,15.1,15.4,14.5,14.6,6500
2013-04-29,14.7,15.4,14.6,14.6,2700
2013-04-30,15.5,15.5,15.5,15.5,50
2013-05-02,15.9,16.0,14.9,15.3,3150
2013-05-05,15.3,15.3,15.0,15.1,3600
2013-05-06,15.3,15.3,14.9,14.9,2500
2013-05-07,15.6,15.7,15.3,15.4,4300
2013-05-08,16.0,16.0,15.1,15.2,7450
2013-05-09,15.3,15.4,15.2,15.2,2300
2013-05-12,15.8,15.8,15.4,15.5,10650
2013-05-13,15.7,15.7,15.0,15.1,10900
2013-05-14,15.5,16.0,15.5,15.8,9650
2013-05-15,16.0,16.0,15.1,15.2,13250
2013-05-16,15.9,16.5,15.7,16.3,25500
2013-05-19,16.6,17.9,16.6,17.9,63950
2013-05-21,17.8,17.8,16.2,16.2,15150
2013-05-22,15.2,16.0,15.2,15.8,1250
2013-05-26,15.0,15.5,15.0,15.3,1400
2013-05-27,15.1,15.6,15.1,15.3,2900
2013-05-28,15.1,16.0,15.1,15.1,4550
2013-05-29,15.0,15.8,15.0,15.2,2950
2013-05-30,14.9,15.5,14.9,15.2,20200
2013-06-02,15.4,16.3,15.4,16.0,9100
2013-06-03,16.1,16.1,15.4,15.6,14650
2013-06-04,15.8,16.4,15.7,15.7,11000
2013-06-05,16.0,16.1,15.9,16.0,4900
2013-06-06,16.0,16.3,15.9,16.0,10600
2013-06-09,15.6,15.9,15.5,15.5,4000
2013-06-10,15.7,16.0,15.7,15.8,8150
2013-06-11,15.9,16.2,15.9,15.9,7750
2013-06-12,16.4,17.0,16.3,16.3,14800
2013-06-13,17.0,17.0,16.0,16.4,2250
2013-06-16,16.2,16.5,16.2,16.3,4750
2013-06-17,16.2,16.8,16.2,16.5,6450
2013-06-18,16.2,16.3,16.2,16.2,1100
2013-06-19,16.2,16.2,15.7,15.9,7300
2013-06-20,15.8,16.0,15.8,15.8,1600
2013-06-23,16.0,16.0,15.6,15.8,3050
2013-06-24,15.8,16.0,15.6,15.7,4750
2013-06-26,16.0,16.0,15.2,15.4,6450
2013-06-27,16.0,16.0,15.2,15.3,3100
2013-06-30,16.0,16.0,15.0,15.1,5450
2013-07-02,15.9,15.9,15.3,15.5,3650
2013-07-03,15.2,16.3,15.2,16.1,11150
2013-07-04,16.3,17.1,16.3,16.5,24050
2013-07-07,17.0,17.6,17.0,17.5,11650
2013-07-08,17.0,18.0,17.0,17.8,13150
2013-07-09,18.0,18.2,17.8,17.9,19000
2013-07-10,17.7,18.2,17.5,17.8,6100
2013-07-11,17.6,17.6,16.8,17.0,2950
2013-07-14,16.7,17.0,16.5,16.6,6350
2013-07-16,16.6,17.4,16.6,17.1,3450
2013-07-17,17.0,17.4,16.5,16.7,1150
2013-07-18,17.1,17.1,16.5,16.5,650
2013-07-21,16.5,16.9,16.2,16.3,3600
2013-07-22,17.2,17.2,16.0,16.1,4200
2013-07-23,16.1,16.5,14.6,16.0,4150
2013-07-24,15.1,16.4,15.1,15.5,500
2013-07-25,17.0,17.0,15.5,16.2,600
2013-07-28,15.5,15.5,15.5,15.5,50
2013-07-29,15.5,16.5,15.5,16.1,1800
2013-07-30,15.5,16.9,15.5,16.1,250
2013-07-31,16.0,16.5,15.5,16.1,1500
2013-08-01,16.0,16.0,15.5,15.5,8900
2013-08-04,15.4,15.5,15.3,15.3,7800
2013-08-05,15.4,15.4,15.3,15.3,650
2013-08-12,15.9,15.9,15.0,15.1,1250
2013-08-13,15.6,15.7,15.3,15.6,3300
2013-08-14,15.3,16.0,15.3,15.8,850
2013-08-18,15.8,16.3,15.3,15.5,4650
2013-08-19,15.5,15.5,15.3,15.4,2800
2013-08-20,15.5,15.6,15.4,15.4,1700
2013-08-21,15.4,15.9,15.4,15.7,400
2013-08-22,15.5,15.6,15.1,15.2,17250
2013-08-25,16.2,16.2,15.5,15.9,3550
2013-08-26,15.7,15.7,15.1,15.5,3000
2013-08-27,15.5,15.9,15.5,15.6,9900
2013-08-29,15.7,16.0,15.7,15.7,600
2013-09-01,15.8,15.8,15.1,15.3,15450
2013-09-02,15.8,15.8,15.2,15.4,4250
2013-09-03,15.7,15.9,15.5,15.7,7050
2013-09-04,15.8,16.6,15.8,16.4,8700
2013-09-05,16.5,17.0,16.2,16.5,5350
2013-09-08,15.6,16.0,15.6,15.7,2150
2013-09-09,16.4,16.4,15.6,15.9,16050
2013-09-10,16.1,17.4,16.1,17.3,29450
2013-09-11,17.8,18.7,17.2,17.4,21650
2013-09-12,17.1,18.2,17.1,17.9,10100
2013-09-15,18.0,19.6,18.0,19.6,107800
2013-09-16,21.0,21.3,19.6,19.9,30200
2013-09-17,19.9,20.2,18.5,18.7,21600
2013-09-18,18.6,18.8,17.1,17.8,13100
2013-09-19,17.0,18.6,17.0,18.1,5900
2013-09-22,18.5,18.5,17.1,17.6,900
2013-09-23,17.0,18.0,17.0,17.6,3500
2013-09-24,17.0,17.7,17.0,17.3,9150
2013-09-25,17.5,17.9,17.3,17.7,5100
2013-09-26,17.2,17.5,16.8,16.9,17150
2013-09-29,17.7,18.5,17.5,18.5,40550
2013-09-30,20.0,20.3,19.1,20.3,124300
2013-10-01,21.9,22.3,20.8,22.3,42050
2013-10-02,23.8,24.5,23.8,24.5,96850
2013-10-03,25.0,25.0,22.1,23.5,28450
2013-10-06,23.8,23.8,21.2,21.3,16750
2013-10-07,21.1,21.1,19.4,19.4,8950
2013-10-08,19.7,21.3,19.7,21.0,10600
2013-10-09,21.0,22.0,20.2,20.4,6300
2013-10-10,19.6,19.9,19.0,19.3,5050
2013-10-20,17.9,17.9,17.4,17.4,11050
2013-10-21,16.5,17.7,16.4,17.4,8000
2013-10-22,17.9,19.1,17.2,19.0,15150
2013-10-23,20.4,20.4,18.9,19.1,10350
2013-10-24,19.1,19.1,17.6,17.8,5700
2013-10-27,17.9,18.0,17.7,17.8,10150
2013-10-28,17.6,18.3,17.5,17.6,9750
2013-10-29,17.6,17.9,17.2,17.3,21850
2013-10-30,17.2,17.4,17.0,17.0,13750
2013-10-31,17.4,17.9,16.9,17.4,12600
2013-11-03,17.8,17.9,17.2,17.5,5400
2013-11-04,17.7,18.0,17.6,17.9,20500
2013-11-05,18.0,18.0,17.0,17.1,9750
2013-11-06,17.3,17.8,16.6,16.9,11700
2013-11-07,16.8,17.5,16.8,17.2,8950
2013-11-10,17.1,17.5,16.8,17.1,17800
2013-11-11,17.0,17.2,17.0,17.0,3450
2013-11-12,17.0,17.4,16.9,16.9,8950
2013-11-13,17.0,17.6,17.0,17.1,12200
2013-11-14,17.1,17.5,17.1,17.2,2150
2013-11-17,17.9,17.9,17.1,17.3,45700
2013-11-18,17.3,17.8,17.3,17.4,3500
2013-11-19,17.9,18.0,17.2,17.2,14700
2013-11-20,17.5,17.8,17.4,17.6,21300
2013-11-21,18.0,18.0,17.2,17.2,14650
2013-11-24,17.2,17.7,17.2,17.5,7450
2013-11-25,17.2,17.7,17.2,17.6,11700
2013-11-26,17.6,17.9,17.6,17.6,18550
2013-11-27,17.4,17.9,17.3,17.4,13350
2013-11-28,17.5,17.6,17.3,17.3,13500
2013-12-01,17.7,17.8,17.4,17.6,9400
2013-12-02,17.6,17.7,17.4,17.5,10750
2013-12-03,17.6,17.7,17.5,17.5,2100
2013-12-04,17.6,17.7,17.5,17.6,9100
2013-12-05,17.5,17.7,17.4,17.4,2950
2013-12-08,18.0,19.1,17.8,19.0,37000
2013-12-09,20.6,20.9,20.6,20.9,29200
2013-12-10,21.4,22.9,21.4,22.9,50800
2013-12-11,24.8,24.9,21.4,21.8,78350
2013-12-12,22.4,23.0,21.4,21.9,25950
2013-12-15,22.0,22.3,21.6,21.9,16600
2013-12-17,22.1,23.9,22.1,23.6,27250
2013-12-18,23.3,23.8,22.2,22.4,16950
2013-12-19,23.9,23.9,21.0,21.8,17250
2013-12-22,21.2,22.1,20.2,20.9,18650
2013-12-23,20.6,20.7,19.6,19.8,9200
2013-12-24,20.5,21.6,19.7,21.2,14150
2013-12-26,21.3,21.4,20.4,20.6,7950
2013-12-29,20.6,21.1,19.1,20.7,10200
2013-12-30,20.6,21.0,20.6,20.8,3900
2014-01-01,21.0,22.4,21.0,21.6,10800
2014-01-02,21.8,21.8,21.0,21.6,20050
2014-01-06,23.0,23.0,21.5,21.9,27000
2014-01-07,22.9,23.4,22.5,23.1,39050
2014-01-08,24.8,24.8,22.9,23.1,17500
2014-01-09,23.6,23.7,22.5,22.7,22100
2014-01-12,22.9,23.0,22.4,22.8,6400
2014-01-13,22.7,22.7,21.9,22.3,8050
2014-01-15,22.4,23.0,22.4,22.8,6100
2014-01-16,22.8,23.1,22.8,22.9,17100
2014-01-19,23.2,23.2,22.1,22.2,9750
2014-01-20,21.0,22.1,20.3,21.6,9700
2014-01-21,21.3,22.3,21.2,22.0,13500
2014-01-22,22.5,23.0,21.9,22.0,10400
2014-01-23,21.8,22.0,21.6,21.6,13050
2014-01-26,21.8,21.8,21.0,21.6,8200
2014-01-27,22.4,23.7,22.4,23.7,39650
2014-01-28,24.4,24.5,23.1,23.7,16750
2014-01-29,24.1,24.1,23.0,23.5,5400
2014-01-30,22.9,22.9,22.1,22.6,3500
2014-02-02,22.0,23.2,22.0,23.0,2950
2014-02-03,22.5,22.5,22.2,22.4,3350
2014-02-04,22.1,22.9,22.1,22.8,10600
2014-02-05,23.4,23.4,22.6,22.8,5500
2014-02-06,23.0,23.0,22.7,22.9,16700
2014-02-09,23.0,23.0,21.6,22.0,4650
2014-02-10,21.8,21.8,21.7,21.7,2650
2014-02-11,23.1,23.1,21.5,21.7,3900
2014-02-12,21.8,22.0,21.5,21.7,7150
2014-02-13,21.3,22.4,21.1,21.6,5800
2014-02-16,22.1,22.1,21.6,21.6,15000
2014-02-17,21.0,21.4,19.5,20.8,11350
2014-02-18,20.3,21.1,20.3,20.5,150
2014-02-19,20.5,22.3,20.5,21.6,1450
2014-02-20,21.5,21.9,21.5,21.5,2700
2014-02-23,21.3,21.9,21.3,21.5,1700
2014-02-24,21.6,21.6,20.1,20.4,9550
2014-02-25,20.6,21.9,20.6,21.5,8000
2014-02-26,20.7,22.7,20.7,21.9,8350
2014-02-27,22.3,23.9,22.0,22.4,11450
2014-03-02,23.0,23.0,22.0,22.0,7000
2014-03-03,21.9,21.9,21.2,21.6,1100
2014-03-04,21.3,21.4,20.9,21.2,1900
2014-03-05,21.2,21.3,21.1,21.2,4000
2014-03-06,20.8,21.0,20.6,20.9,3700
2014-03-09,20.4,20.8,20.3,20.3,7600
2014-03-10,20.4,20.4,20.3,20.3,4050
2014-03-11,20.3,20.5,20.2,20.3,1600
2014-03-12,21.7,21.7,20.6,20.8,2600
2014-03-13,21.0,21.9,20.7,20.9,9200
2014-03-16,21.0,21.7,20.9,21.4,7750
2014-03-18,21.0,21.3,20.8,20.9,2000
2014-03-19,20.1,21.0,20.0,20.2,8150
2014-03-20,19.8,20.5,19.8,20.1,2250
2014-03-23,20.3,21.3,20.3,20.9,9200
2014-03-24,21.5,21.5,20.0,20.1,7050
2014-03-25,20.0,20.7,19.3,20.5,8400
2014-03-27,20.6,21.9,20.1,21.3,22200
2014-03-30,21.9,21.9,20.8,21.0,8800
2014-03-31,21.3,21.3,20.5,20.6,8250
2014-04-01,20.4,20.7,20.1,20.3,7700
2014-04-02,21.0,21.0,20.0,20.5,10600
2014-04-03,19.4,20.3,19.4,19.8,900
2014-04-06,21.0,21.0,20.2,20.8,1550
2014-04-07,20.0,20.8,20.0,20.2,5250
2014-04-08,20.1,20.3,19.9,20.0,2100
2014-04-09,19.7,19.8,19.4,19.4,7900
2014-04-10,19.6,19.6,19.0,19.1,4900
2014-04-15,18.1,18.5,18.0,18.0,1100
2014-04-16,19.0,19.0,18.0,18.2,1950
2014-04-17,18.1,18.2,17.5,18.0,14100
2014-04-20,18.0,18.0,18.0,18.0,150
2014-04-21,18.5,19.0,17.6,18.3,4750
2014-04-22,19.4,19.5,18.5,18.9,17600
2014-04-23,19.1,19.5,19.0,19.1,1200
2014-04-24,18.8,18.8,18.2,18.5,600
2014-04-27,18.0,18.9,17.8,17.9,4250
2014-04-28,17.9,18.0,17.7,17.7,2000
2014-04-29,17.8,17.8,17.0,17.3,3900
2014-04-30,17.6,17.6,15.7,16.0,2600
2014-05-04,16.0,16.8,15.2,15.9,8250
2014-05-05,16.0,16.0,15.5,15.7,7400
2014-05-06,15.8,16.2,15.7,15.7,9250
2014-05-07,15.9,17.2,15.8,17.1,11600
2014-05-08,17.6,17.6,15.8,16.0,20300
2014-05-11,16.9,16.9,15.9,16.0,14050
2014-05-12,16.5,16.5,15.8,15.9,12700
2014-05-14,16.6,16.6,15.8,15.8,6300
2014-05-15,15.5,16.2,15.5,15.7,6500
2014-05-18,15.7,15.9,15.7,15.7,5500
2014-05-19,16.0,16.2,15.6,15.7,6700
2014-05-20,15.9,16.0,15.8,15.8,3800
2014-05-22,15.7,15.7,14.8,14.9,20050
2014-05-25,16.0,16.0,16.0,16.0,50
2014-05-26,15.5,15.5,15.5,15.5,1650
2014-05-27,15.5,15.9,15.0,15.3,1150
2014-05-28,15.5,15.9,15.2,15.6,2950
2014-05-29,15.4,16.0,15.4,15.6,2600
2014-06-01,15.1,15.5,15.1,15.3,1850
2014-06-02,15.4,15.4,15.4,15.4,1500
2014-06-03,15.6,15.9,15.0,15.5,3500
2014-06-04,15.0,15.1,14.6,14.8,4200
2014-06-05,14.7,14.9,14.7,14.8,2050
2014-06-08,14.8,14.9,14.7,14.7,1800
2014-06-09,14.8,15.6,14.7,14.9,700
2014-06-10,15.8,15.9,14.6,14.9,6300
2014-06-11,15.0,15.5,15.0,15.2,4500
2014-06-12,15.2,15.2,14.7,14.8,3550
2014-06-15,16.1,16.2,15.0,15.0,4000
2014-06-16,14.8,15.0,14.6,14.6,6050
2014-06-17,14.3,14.5,14.3,14.4,1200
2014-06-18,14.4,14.5,14.0,14.0,11300
2014-06-19,14.0,14.0,13.9,13.9,8900
2014-06-22,14.0,14.2,14.0,14.0,750
2014-06-23,14.0,14.3,13.9,14.0,1100
2014-06-24,14.3,14.6,14.1,14.1,1100
2014-06-25,14.4,14.7,14.3,14.5,7500
2014-06-26,14.6,14.7,14.4,14.4,7950
2014-06-29,15.3,15.3,14.8,15.0,9500
2014-06-30,15.3,16.0,15.3,15.8,7400
2014-07-02,15.5,15.5,15.1,15.3,2800
2014-07-03,15.5,16.4,15.5,16.0,10800
2014-07-06,15.9,15.9,15.6,15.7,1600
2014-07-07,15.6,15.6,15.5,15.5,1650
2014-07-08,15.5,15.5,15.4,15.4,1750
2014-07-09,16.0,16.0,15.6,15.7,1150
2014-07-10,15.5,15.5,15.5,15.5,500
2014-07-13,15.3,15.4,15.1,15.2,2700
2014-07-14,15.7,15.7,15.5,15.6,2100
2014-07-15,15.2,15.7,15.1,15.3,2950
2014-07-16,15.9,15.9,15.3,15.3,1300
2014-07-17,15.5,15.5,15.5,15.5,50
2014-07-21,15.3,15.3,15.3,15.3,100
2014-07-22,15.3,15.3,15.1,15.2,1550
2014-07-23,15.0,15.5,15.0,15.1,3300
2014-07-24,15.6,15.6,15.1,15.2,550
2014-08-03,15.2,15.2,15.0,15.0,4150
2014-08-04,15.0,15.0,14.4,14.7,3300
2014-08-05,14.8,15.1,14.8,15.0,3500
2014-08-06,15.1,15.1,15.0,15.0,1500
2014-08-07,14.9,15.2,14.9,14.9,550
2014-08-10,15.0,15.4,15.0,15.0,1550
2014-08-11,15.0,15.0,14.7,14.8,4750
2014-08-12,15.3,15.3,14.8,15.0,1350
2014-08-13,15.2,15.2,14.8,14.9,7450
2014-08-14,15.0,15.0,14.6,14.6,9800
2014-08-18,14.8,15.0,14.8,14.9,1250
2014-08-19,15.6,15.6,14.6,14.7,2700
2014-08-20,14.7,14.7,14.5,14.5,3650
2014-08-21,14.5,14.8,14.5,14.5,2600
2014-08-24,14.5,15.0,14.5,14.5,1650
2014-08-25,14.5,14.5,14.5,14.5,3300
2014-08-26,15.0,15.0,14.7,14.9,6700
2014-08-27,15.0,15.0,14.5,14.6,2850
2014-08-28,14.6,14.7,14.5,14.5,1900
2014-08-31,14.6,15.0,14.6,14.6,250
2014-09-01,14.8,15.0,14.8,14.8,1050
2014-09-02,15.0,15.0,14.4,14.6,8000
2014-09-03,14.0,15.0,14.0,14.6,14550
2014-09-04,15.2,15.5,14.7,15.4,14150
2014-09-07,15.4,15.6,15.3,15.4,6000
2014-09-08,15.5,15.6,15.0,15.2,4700
2014-09-09,15.0,15.1,14.7,14.8,11450
2014-09-10,14.8,15.2,14.8,14.9,9000
2014-09-11,14.7,15.0,14.7,14.8,2150
2014-09-14,14.6,15.5,14.6,14.7,2500
2014-09-15,14.8,15.0,14.6,14.6,3100
2014-09-16,14.5,15.0,14.5,14.8,600
2014-09-17,14.9,14.9,14.6,14.8,4400
2014-09-18,15.0,15.0,14.5,14.6,8000
2014-09-21,14.7,14.7,14.3,14.5,7450
2014-09-22,14.5,14.6,14.3,14.4,5200
2014-09-23,15.2,15.2,14.4,14.5,13550
2014-09-24,14.5,14.9,14.5,14.6,5250
2014-09-25,14.5,14.5,14.3,14.3,11100
2014-09-28,14.4,14.5,14.2,14.2,22800
2014-09-29,13.1,14.7,13.1,14.5,4850
2014-09-30,13.2,14.5,13.2,14.0,10300
2014-10-01,14.9,14.9,14.2,14.3,3200
2014-10-02,14.1,14.9,14.0,14.2,5050
2014-10-12,14.3,15.3,14.3,14.4,7250
2014-10-13,15.2,15.3,14.4,14.8,10750
2014-10-14,14.8,15.2,14.8,15.1,1700
2014-10-15,15.1,15.5,15.0,15.2,21800
2014-10-16,15.4,15.6,14.7,15.4,9550
2014-10-19,15.0,15.5,15.0,15.2,4100
2014-10-20,15.2,15.4,15.0,15.2,3850
2014-10-21,15.2,15.2,15.0,15.0,4700
2014-10-22,14.8,15.0,14.4,14.7,6950
2014-10-26,15.0,15.0,14.6,14.6,2450
2014-10-27,14.0,14.5,14.0,14.1,6000
2014-10-28,14.6,14.6,13.8,13.9,12400
2014-10-29,14.0,15.2,14.0,14.7,6700
2014-10-30,14.4,15.6,14.4,15.4,12250
2014-11-02,14.5,14.5,14.5,14.5,100
2014-11-03,15.7,15.7,15.0,15.1,26450
2014-11-05,15.0,15.6,15.0,15.3,12300
2014-11-06,15.3,15.5,15.3,15.4,7600
2014-11-09,15.6,16.8,15.4,16.8,24600
2014-11-10,16.7,18.0,16.7,17.5,53850
2014-11-11,17.1,17.3,16.0,16.2,11300
2014-11-12,16.1,17.0,16.1,16.2,10450
2014-11-13,16.9,17.8,16.8,17.7,41250
2014-11-16,17.7,17.9,16.2,17.6,8000
2014-11-17,17.7,17.7,16.6,17.1,11200
2014-11-18,17.1,17.7,16.6,16.8,13350
2014-11-19,17.2,17.4,16.5,17.0,9950
2014-11-20,16.8,17.2,16.8,17.0,8700
2014-11-23,17.0,17.4,16.8,17.2,21550
2014-11-24,17.5,17.5,17.0,17.2,14650
2014-11-25,17.0,17.2,17.0,17.1,8700
2014-11-26,17.0,17.7,17.0,17.2,17700
2014-11-27,17.5,17.7,17.1,17.4,18950
2014-11-30,17.6,18.0,17.6,17.9,7250
2014-12-01,18.1,19.5,18.1,18.9,32900
2014-12-02,19.3,20.7,19.2,20.7,85650
2014-12-03,21.5,22.7,20.5,21.6,132950
2014-12-04,21.9,22.2,21.5,21.9,57000
2014-12-07,22.0,23.0,22.0,22.7,68250
2014-12-08,24.0,24.9,24.0,24.9,76050
2014-12-09,26.5,27.3,25.8,27.0,71650
2014-12-10,28.0,28.0,25.0,26.6,43450
2014-12-11,26.6,29.0,26.0,28.1,22810
2014-12-14,26.6,28.8,26.6,27.1,30210
2014-12-15,25.7,25.7,24.4,24.5,31950
2014-12-17,22.2,22.2,22.0,22.0,31262
2014-12-18,19.8,23.9,19.8,21.5,19013
2014-12-21,20.9,21.9,20.9,21.2,11670
2014-12-22,20.7,23.0,20.7,22.2,11029
2014-12-23,22.2,22.7,21.5,21.8,26160
2014-12-24,21.6,22.4,21.6,21.9,6490
2014-12-28,22.5,22.5,21.5,21.5,11011
2014-12-29,22.3,22.3,21.4,21.8,5072
2014-12-30,21.2,21.8,20.0,20.5,12360
2015-01-01,22.0,22.0,21.0,21.5,6102
2015-01-05,21.4,21.8,21.3,21.5,4970
2015-01-06,21.0,22.3,21.0,21.6,6460
2015-01-07,21.3,22.1,21.3,21.7,2537
2015-01-08,21.3,21.7,21.2,21.3,11860
2015-01-11,21.2,21.7,20.5,20.8,20121
2015-01-12,20.8,20.8,19.8,20.0,10707
2015-01-13,19.0,21.0,19.0,20.6,5840
2015-01-14,20.1,21.7,20.1,20.3,7641
2015-01-15,20.2,20.2,20.0,20.1,13350
2015-01-18,19.1,20.3,19.1,19.6,15318
2015-01-19,19.2,19.3,19.1,19.1,3360
2015-01-20,19.0,19.9,18.5,18.8,2872
2015-01-21,19.7,19.7,18.5,18.6,52
2015-01-22,19.8,19.8,17.6,18.5,6185
2015-01-25,18.2,19.4,18.2,19.1,4320
2015-01-26,18.5,20.2,18.5,19.7,13226
2015-01-27,20.0,20.5,20.0,20.4,2255
2015-01-28,21.0,21.3,20.0,20.5,7952
2015-01-29,20.0,21.7,20.0,21.3,13020
2015-02-01,21.7,22.0,20.0,20.5,12238
2015-02-02,19.1,21.8,19.0,20.9,6249
2015-02-03,20.2,20.9,20.2,20.4,15181
2015-02-04,20.6,20.8,20.5,20.8,15649
2015-02-05,20.9,21.0,20.7,20.9,6225
2015-02-08,19.5,20.1,19.5,20.0,5750
2015-02-09,20.0,20.9,19.3,19.6,1201
2015-02-10,19.7,21.0,19.7,20.7,4200
2015-02-11,21.0,21.0,20.5,20.6,4829
2015-02-12,20.4,21.0,20.2,21.0,13180
2015-02-15,19.5,21.0,19.5,20.6,5300
2015-02-16,21.1,21.4,20.8,21.0,9755
2015-02-17,21.5,21.7,21.0,21.4,11285
2015-02-18,21.1,22.1,21.1,21.9,11960
2015-02-19,21.5,21.5,20.4,21.3,8020
2015-02-22,20.5,21.4,20.5,21.1,9610
2015-02-23,21.1,21.2,21.0,21.1,2150
2015-02-24,21.0,21.0,21.0,21.0,1000
2015-02-25,20.8,21.4,20.8,21.2,12350
2015-02-26,21.1,21.3,20.1,20.9,6950
2015-03-01,21.0,21.0,20.4,20.9,6200
2015-03-02,19.1,19.8,19.1,19.5,1100
2015-03-03,19.6,20.8,19.5,19.6,1110
2015-03-04,20.2,20.2,20.0,20.0,1000
2015-03-05,20.2,20.2,20.2,20.2,100
2015-03-08,20.0,20.0,19.5,19.7,2650
2015-03-09,19.0,19.9,19.0,19.4,6820
2015-03-10,19.5,19.9,19.5,19.6,2887
2015-03-11,19.0,19.2,18.6,19.0,7530
2015-03-12,20.4,20.4,18.6,18.7,52
2015-03-15,20.5,20.5,18.5,18.6,2164
2015-03-16,18.5,18.5,18.1,18.3,6290
2015-03-18,18.3,18.3,16.5,17.3,4454
2015-03-19,15.7,17.0,15.6,16.1,5463
2015-03-22,15.1,16.5,15.1,15.2,1035
2015-03-23,15.9,16.6,15.9,16.3,15047
2015-03-24,17.7,17.9,16.8,17.8,11250
2015-03-25,18.0,19.5,18.0,19.3,2850
2015-03-29,21.0,21.0,19.5,20.4,7976
2015-03-30,20.4,20.5,19.5,20.2,7355
2015-03-31,20.0,20.3,20.0,20.2,17440
2015-04-01,20.2,20.2,19.5,19.9,6015
2015-04-02,19.9,19.9,19.7,19.8,14017
2015-04-05,18.0,18.4,18.0,18.1,6800
2015-04-06,18.4,18.9,18.2,18.4,2705
2015-04-07,18.3,18.3,17.2,18.0,1709
2015-04-09,18.0,18.7,18.0,18.0,628
2015-04-12,17.9,17.9,17.0,17.1,464
2015-04-13,18.8,18.8,18.1,18.7,2964
2015-04-15,19.0,19.0,19.0,19.0,3250
2015-04-16,18.8,19.3,18.8,19.2,18650
2015-04-19,20.0,20.0,19.1,19.9,4500
2015-04-20,20.0,20.0,18.2,19.3,2669
2015-04-21,18.0,18.0,17.5,17.9,1400
2015-04-22,19.4,19.4,19.4,19.4,2
2015-04-23,19.2,19.2,18.9,19.0,3001
2015-04-26,18.9,18.9,18.9,18.9,1000
2015-04-27,18.0,18.9,18.0,18.1,2550
2015-04-29,18.0,18.0,17.5,17.6,5575
2015-04-30,13.6,15.1,13.6,15.0,1100
2015-05-04,15.0,15.8,14.2,15.4,15420
2015-05-05,16.5,16.5,15.5,15.9,3350
2015-05-06,16.5,16.5,15.9,16.4,2405
2015-05-07,15.5,16.8,15.5,16.4,8150
2015-05-10,17.0,17.0,16.6,16.9,7450
2015-05-11,16.5,16.5,16.0,16.3,5400
2015-05-12,16.0,16.0,15.0,15.2,2350
2015-05-13,15.3,15.9,15.2,15.2,7753
2015-05-14,15.0,15.7,15.0,15.5,10920
2015-05-17,15.2,16.2,15.1,15.8,11135
2015-05-18,16.2,16.2,15.5,16.0,14255
2015-05-19,16.6,16.6,14.8,15.1,51940
2015-05-21,14.2,16.1,14.2,15.9,12720
2015-05-24,15.7,16.1,15.7,15.9,2040
2015-05-25,15.6,16.2,15.6,16.1,10305
2015-05-26,16.6,17.5,16.5,17.3,14150
2015-05-27,16.8,16.8,15.9,16.1,13075
2015-05-28,16.6,17.7,16.0,17.6,13031
2015-05-31,18.7,18.8,18.5,18.7,21688
2015-06-01,18.6,18.8,18.5,18.6,12839
2015-06-02,18.5,18.7,18.1,18.7,29571
2015-06-04,18.7,18.9,18.0,18.7,43055
2015-06-07,18.8,19.5,18.7,19.2,22798
2015-06-08,19.0,19.6,18.8,19.2,15350
2015-06-09,19.1,19.8,19.1,19.4,26397
2015-06-10,19.2,19.8,19.1,19.6,15473
2015-06-11,19.5,19.7,19.4,19.5,20670
2015-06-14,19.1,19.1,19.1,19.1,6700
2015-06-15,19.0,19.8,19.0,19.6,20200
2015-06-16,18.4,20.0,18.4,19.9,2625
2015-06-17,19.1,19.9,19.1,19.4,3676
2015-06-18,19.7,20.0,19.7,19.9,11241
2015-06-21,19.9,19.9,19.9,19.9,219
2015-06-22,20.0,20.0,19.9,19.9,4720
2015-06-23,19.0,20.0,19.0,19.6,7050
2015-06-24,19.1,20.5,19.1,19.9,3620
2015-06-25,20.2,20.8,20.2,20.3,5800
2015-06-28,21.5,21.9,21.0,21.6,12495
2015-06-29,22.6,22.6,21.7,22.0,8510
2015-06-30,21.4,22.0,21.4,21.9,14280
2015-07-02,21.9,22.3,20.8,21.9,9506
2015-07-05,21.8,21.8,21.0,21.6,6581
2015-07-06,21.0,21.0,20.8,21.0,5889
2015-07-07,21.0,21.8,21.0,21.6,2350
2015-07-08,21.9,22.1,21.8,22.1,11480
2015-07-09,21.8,22.6,21.8,22.0,7490
2015-07-12,22.4,23.2,22.0,22.5,19800
2015-07-13,22.4,22.4,22.1,22.3,5575
2015-07-14,21.6,22.4,21.6,22.3,8799
2015-07-21,21.5,22.0,21.5,21.6,810
2015-07-22,21.1,21.1,21.1,21.1,2150
2015-07-23,21.1,22.0,21.0,21.3,4331
2015-07-27,21.0,21.1,21.0,21.0,3350
2015-07-28,21.2,21.5,21.1,21.2,5700
2015-07-29,20.8,21.0,19.7,20.7,14215
2015-07-30,20.9,20.9,20.7,20.8,11200
2015-08-02,20.0,21.8,20.0,20.2,14115
2015-08-03,20.0,21.1,20.0,20.1,11850
2015-08-04,20.1,20.1,20.0,20.1,1050
2015-08-05,19.5,19.7,19.5,19.6,2949
2015-08-06,19.2,20.0,19.0,19.3,28900
2015-08-09,18.2,21.2,18.2,20.2,1750
2015-08-10,20.9,20.9,19.0,20.1,2600
2015-08-11,19.2,21.0,19.2,20.2,210
2015-08-12,21.0,21.0,20.0,20.6,1100
2015-08-13,20.3,20.3,20.2,20.3,1350
2015-08-16,19.0,19.4,19.0,19.3,2090
2015-08-17,19.0,19.4,19.0,19.3,1850
2015-08-18,19.9,20.2,19.7,20.0,2185
2015-08-19,20.3,20.3,20.2,20.3,1650
2015-08-20,20.9,21.3,20.5,20.9,13255
2015-08-23,20.7,22.4,20.7,22.0,29210
2015-08-24,21.9,21.9,21.5,21.7,7981
2015-08-25,21.5,21.9,21.5,21.7,18240
2015-08-26,21.2,21.9,21.2,21.7,10650
2015-08-27,21.7,22.0,21.7,21.9,3985
2015-08-30,21.8,22.4,21.8,22.2,1212
2015-08-31,22.0,22.0,22.0,22.0,6350
2015-09-01,21.8,21.8,21.8,21.8,1000
2015-09-02,20.1,22.0,20.1,21.6,1090
2015-09-03,22.1,22.2,22.1,22.2,2986
2015-09-06,22.2,22.2,21.6,21.8,1365
2015-09-07,22.1,22.1,22.1,22.1,1024
2015-09-08,20.9,21.7,20.9,21.7,1550
2015-09-09,20.8,22.0,20.8,21.9,1330
2015-09-10,22.5,23.9,22.5,23.5,13450
2015-09-13,23.2,23.2,23.2,23.2,300
2015-09-14,22.0,23.1,22.0,22.4,3200
2015-09-15,22.2,22.2,22.2,22.2,500
2015-09-16,22.5,22.5,22.1,22.2,900
2015-09-17,23.2,23.2,23.2,23.2,900
2015-09-20,24.5,25.5,23.8,25.1,47558
2015-09-21,24.1,25.0,24.1,24.9,9300
2015-09-22,24.0,24.9,24.0,24.5,4141
2015-09-28,23.5,23.9,23.5,23.5,1040
2015-09-29,23.2,25.0,23.1,24.3,3150
2015-09-30,24.9,25.3,24.9,25.2,17730
2015-10-01,25.1,25.4,24.9,25.1,11624
2015-10-04,25.2,25.2,24.8,25.1,11779
2015-10-05,25.5,25.5,25.0,25.3,750
2015-10-06,25.0,26.0,25.0,25.8,10150
2015-10-07,25.7,27.0,25.7,26.4,34350
2015-10-08,25.9,29.0,25.9,28.7,70023
2015-10-11,26.8,30.0,26.8,29.1,18940
2015-10-12,29.4,30.5,29.4,29.8,32786
2015-10-13,29.9,32.7,29.9,32.4,84733
2015-10-14,32.3,35.6,32.0,35.6,41239
2015-10-15,34.0,39.1,34.0,39.1,45577
2015-10-18,42.9,43.0,39.5,40.6,41604
2015-10-19,40.6,40.6,37.0,39.4,22125
2015-10-20,40.4,43.0,39.2,42.4,13767
2015-10-21,42.7,46.0,42.7,45.5,32162
2015-10-25,45.6,50.0,45.5,48.6,22924
2015-10-26,47.0,49.5,46.0,47.0,18976
2015-10-27,49.8,49.8,42.3,42.3,24393
2015-10-28,42.5,42.5,38.1,38.1,5555
2015-10-29,35.0,37.0,34.3,34.4,33709
2015-11-01,31.3,34.4,31.0,31.1,8946
2015-11-02,28.0,34.0,28.0,32.8,18767
2015-11-03,36.0,36.0,36.0,36.0,7529
2015-11-04,38.0,39.6,38.0,39.6,10918
2015-11-05,43.5,43.5,39.0,41.5,37912
2015-11-08,45.5,45.5,41.0,41.4,14410
2015-11-09,40.6,43.0,38.1,42.3,13587
2015-11-10,42.4,42.4,39.8,40.5,3421
2015-11-11,37.7,38.8,36.5,37.1,7354
2015-11-12,38.0,40.5,37.1,39.5,5495
2015-11-15,40.0,41.6,40.0,40.9,18537
2015-11-16,42.8,43.0,40.0,40.3,3743
2015-11-17,41.0,42.6,41.0,42.5,13903
2015-11-18,42.6,43.7,41.1,43.2,13311
2015-11-19,43.9,43.9,42.0,42.2,4643
2015-11-22,40.4,42.8,40.4,41.8,5530
2015-11-23,41.5,41.9,40.5,41.4,1876
2015-11-24,41.5,41.5,37.5,40.5,8826
2015-11-25,41.0,41.0,39.7,40.4,2260
2015-11-26,40.4,40.5,39.1,40.1,1275
2015-11-29,40.5,41.0,39.6,40.7,8660
2015-11-30,40.8,40.8,39.0,39.4,555
2015-12-01,40.0,40.5,38.0,39.8,8910
2015-12-02,38.0,40.4,38.0,38.7,7306
2015-12-03,39.6,40.0,39.0,39.7,4439
2015-12-06,40.0,40.0,38.3,39.3,1530
2015-12-07,39.0,40.1,38.0,38.7,2456
2015-12-08,38.0,38.8,37.5,37.8,1235
2015-12-09,37.3,38.5,35.3,36.9,4850
2015-12-10,38.0,39.8,38.0,39.3,2220
2015-12-13,36.8,39.7,36.8,38.6,517
2015-12-14,38.8,38.8,35.7,36.9,1355
2015-12-15,35.0,38.0,35.0,37.1,180
2015-12-17,35.6,35.6,35.5,35.5,500
2015-12-20,38.7,38.7,38.7,38.7,5
2015-12-21,36.4,37.1,36.0,36.5,4036
2015-12-22,36.8,36.8,35.0,35.8,2275
2015-12-23,35.9,36.1,35.8,36.0,2588
2015-12-24,36.0,36.8,34.2,36.6,3180
2015-12-27,36.5,38.7,36.5,36.7,111
2015-12-28,38.0,38.5,35.0,35.5,3820
2015-12-29,36.7,37.4,35.6,36.7,300
2015-12-30,37.0,37.2,36.0,36.8,487
2015-12-31,37.0,37.0,36.0,36.5,433
2016-01-03,36.0,38.3,35.3,36.1,2828
2016-01-04,36.0,36.5,35.6,36.2,219
2016-01-05,36.1,36.1,35.5,36.0,2850
2016-01-06,35.2,36.9,35.2,35.4,1435
2016-01-07,36.0,36.0,35.9,36.0,1280
2016-01-10,36.1,36.1,35.4,35.5,1153
2016-01-11,35.4,35.5,32.4,35.3,5370
2016-01-12,35.3,36.8,35.0,35.6,2250
2016-01-13,35.9,36.0,35.5,35.9,5490
2016-01-14,35.1,36.0,35.0,35.4,4440
2016-01-17,36.0,36.0,35.1,35.7,4535
2016-01-18,36.6,37.0,35.8,36.3,7170
2016-01-19,36.4,37.0,35.9,36.6,7088
2016-01-20,36.8,37.5,36.8,37.3,3090
2016-01-21,37.3,37.3,35.2,37.2,1232
2016-01-24,37.0,37.0,35.4,35.9,340
2016-01-25,37.1,37.1,36.0,36.7,1040
2016-01-26,37.0,37.0,35.2,36.4,2500
2016-01-27,36.5,37.0,36.5,37.0,1100
2016-01-28,36.5,36.5,36.5,36.5,1208
2016-01-31,36.0,36.0,36.0,36.0,260
2016-02-01,36.1,36.5,34.8,35.8,1940
2016-02-03,34.8,35.0,34.8,34.9,250
2016-02-04,35.0,35.0,31.5,31.6,5270
2016-02-07,33.0,34.7,33.0,34.5,7533
2016-02-08,37.0,37.9,37.0,37.9,13440
2016-02-09,40.9,41.5,38.2,40.1,5630
2016-02-10,38.7,38.7,36.1,37.5,1868
2016-02-11,36.2,38.4,33.9,35.8,2554
2016-02-14,37.0,37.0,37.0,37.0,50
2016-02-15,35.0,37.0,35.0,36.2,828
2016-02-16,36.5,36.5,36.5,36.5,200
2016-02-17,36.7,36.8,33.8,35.5,7314
2016-02-18,36.0,36.0,34.0,34.1,32
2016-02-22,36.0,36.0,36.0,36.0,53
2016-02-23,36.7,36.7,33.0,33.1,1597
2016-02-24,32.9,34.3,29.8,32.2,1980
2016-02-25,30.2,33.0,30.2,31.9,555
2016-02-28,32.1,34.0,32.1,32.3,1062
2016-02-29,33.9,33.9,32.7,33.2,8979
2016-03-01,33.7,34.2,33.7,33.7,1213
2016-03-02,34.0,34.5,32.5,33.2,3815
2016-03-06,30.7,30.7,30.5,30.5,100
2016-03-07,33.3,33.3,33.3,33.3,2
2016-03-08,32.2,32.8,32.1,32.5,840
2016-03-09,33.7,33.7,32.2,32.9,2802
2016-03-10,33.0,33.0,33.0,33.0,1103
2016-03-13,33.0,33.5,32.6,32.9,2740
2016-03-14,32.1,33.0,32.1,32.5,355
2016-03-15,32.9,33.0,32.7,33.0,2867
2016-03-16,33.2,34.5,32.3,33.2,4662
2016-03-20,34.1,34.1,33.3,33.8,2705
2016-03-21,33.1,33.1,33.1,33.1,300
2016-03-22,33.6,35.4,33.6,33.8,980
2016-03-24,36.0,36.0,32.1,33.8,1834
2016-03-27,35.5,35.5,33.0,33.6,510
2016-03-29,33.0,33.1,32.1,32.7,1236
2016-03-30,30.2,30.3,30.1,30.2,150
2016-03-31,33.0,33.0,30.6,30.6,101
2016-04-03,33.5,33.5,33.5,33.5,10
2016-04-04,30.7,30.7,30.7,30.7,1000
2016-04-06,29.9,30.0,29.9,30.0,150
2016-04-07,32.7,33.0,32.7,33.0,8400
2016-04-10,33.0,34.0,33.0,33.1,3280
2016-04-11,32.9,34.0,32.5,33.4,4230
2016-04-12,33.0,33.0,32.6,32.7,670
2016-04-13,32.7,32.7,32.6,32.6,600
2016-04-17,32.8,35.5,32.5,32.5,11169
2016-04-18,35.0,35.7,32.6,35.0,18192
2016-04-19,35.4,38.5,35.4,38.4,14957
2016-04-20,41.0,42.2,41.0,42.2,19581
2016-04-21,45.0,45.9,40.5,41.4,35347
2016-04-24,43.2,45.5,43.2,45.5,39658
2016-04-25,49.0,50.0,48.0,50.0,29915
2016-04-26,53.9,54.9,49.0,49.8,34589
2016-04-27,50.0,50.1,49.0,49.8,23895
2016-04-28,50.7,50.7,46.0,48.6,40319
2016-05-02,38.1,44.2,38.1,41.7,14523
2016-05-03,42.5,45.8,42.4,45.8,7578
2016-05-04,47.8,50.3,46.0,50.3,12873
2016-05-05,52.5,55.3,50.4,54.6,33532
2016-05-08,56.7,59.0,55.2,57.1,23880
2016-05-09,56.2,56.2,51.4,55.1,16014
2016-05-10,55.0,59.0,55.0,58.6,36014
2016-05-11,58.2,62.0,58.2,59.4,31055
2016-05-12,57.1,60.0,55.0,55.7,7003
2016-05-15,54.1,57.9,51.2,57.1,28806
2016-05-16,55.3,57.6,55.2,56.3,10935
2016-05-17,56.3,56.3,55.1,55.5,11934
2016-05-18,55.0,58.8,54.0,57.7,23290
2016-05-19,57.2,60.0,56.6,58.4,23186
2016-05-24,54.3,55.1,54.3,54.7,3761
2016-05-25,55.6,55.7,55.6,55.6,3700
2016-05-26,57.4,57.9,54.8,56.1,5290
2016-05-29,59.8,59.9,56.6,56.7,5880
2016-05-30,55.6,57.6,55.5,55.7,2350
2016-05-31,58.9,58.9,56.1,56.9,1205
2016-06-01,56.0,56.0,52.1,52.4,8865
2016-06-02,56.0,56.0,52.0,53.3,479
2016-06-05,53.3,53.3,53.3,53.3,100
2016-06-06,50.5,53.5,50.5,51.8,1600
2016-06-07,52.0,52.0,51.4,51.8,230
2016-06-08,50.5,51.5,50.2,50.7,3477
2016-06-09,50.3,52.8,50.2,51.4,1620
2016-06-12,51.1,53.9,51.0,52.1,1975
2016-06-13,53.8,53.8,50.7,53.5,170
2016-06-14,51.0,53.0,51.0,51.2,3185
2016-06-15,52.7,52.7,52.2,52.3,1924
2016-06-16,52.2,52.4,51.9,52.0,1921
2016-06-19,52.1,52.4,50.0,51.3,6970
2016-06-20,50.5,52.0,50.5,51.9,273
2016-06-21,51.2,51.5,51.1,51.2,1385
2016-06-22,51.4,52.2,51.4,51.6,1535
2016-06-23,51.5,52.0,51.5,51.8,800
2016-06-26,51.5,54.9,51.4,52.9,9530
2016-06-27,55.5,58.0,55.1,57.9,5635
2016-06-28,58.1,58.9,55.6,57.7,4342
2016-06-29,58.1,58.1,52.7,53.2,2389
2016-06-30,52.2,52.3,52.0,52.1,861
2016-07-10,50.1,50.9,50.1,50.2,2538
2016-07-11,51.4,52.0,51.0,51.3,932
2016-07-12,50.8,52.0,50.3,50.7,1730
2016-07-13,51.6,54.0,51.6,53.0,1988
2016-07-14,53.3,53.9,53.3,53.5,2015
2016-07-16,54.0,55.5,54.0,54.3,11885
2016-07-17,53.1,54.6,53.0,53.9,2695
2016-07-18,58.8,58.8,52.3,55.8,5025
2016-07-19,53.5,53.6,52.7,53.4,15150
2016-07-20,54.0,54.0,53.0,53.2,4933
2016-07-21,53.1,54.4,53.0,53.9,7951
2016-07-24,52.1,53.5,52.1,53.2,630
2016-07-25,52.0,52.1,52.0,52.0,940
2016-07-26,51.0,53.5,51.0,53.2,6524
2016-07-27,53.0,53.4,52.5,52.5,8015
2016-07-28,52.5,52.5,51.8,51.8,23
2016-07-31,50.7,51.0,50.7,50.8,655
2016-08-01,48.2,48.2,48.2,48.2,50
2016-08-02,51.9,52.8,50.5,52.4,2920
2016-08-03,53.0,53.0,51.1,51.2,621
2016-08-04,49.1,49.1,49.0,49.0,500
2016-08-07,49.0,52.2,49.0,50.5,1055
2016-08-08,49.3,50.3,49.3,50.2,2212
2016-08-09,50.3,52.0,50.3,50.7,1160
2016-08-10,51.0,51.5,50.6,51.1,3800
2016-08-11,49.0,51.4,49.0,50.9,4020
2016-08-14,50.0,50.0,49.8,49.9,585
2016-08-16,51.5,51.5,51.5,51.5,100
2016-08-17,51.7,54.9,51.6,54.5,13505
2016-08-18,53.8,54.6,53.8,54.0,3120
2016-08-21,52.1,54.4,52.1,52.5,1240
2016-08-22,55.1,55.1,51.0,53.5,1248
2016-08-23,54.2,56.1,54.2,55.8,11214
2016-08-24,55.7,56.6,55.6,55.7,4565
2016-08-28,59.9,59.9,52.3,53.2,7785
2016-08-29,53.3,55.0,53.3,54.3,12810
2016-08-30,54.3,54.3,53.9,54.0,10769
2016-08-31,54.1,54.1,54.0,54.0,5280
2016-09-01,54.1,54.1,53.2,53.5,3420
2016-09-04,53.0,53.3,52.8,53.1,2095
2016-09-05,53.3,53.3,53.3,53.3,50
2016-09-06,54.3,54.3,53.7,54.0,8345
2016-09-07,54.0,54.6,54.0,54.5,2670
2016-09-08,55.7,55.8,55.0,55.4,4997
2016-09-18,55.4,58.4,55.4,56.5,2876
2016-09-19,56.2,57.9,55.6,55.9,3731
2016-09-20,56.1,56.1,52.5,54.5,1080
2016-09-21,54.0,54.0,52.8,53.0,515
2016-09-22,52.0,53.6,52.0,53.6,2320
2016-09-24,55.0,55.5,54.6,55.2,6420
2016-09-25,55.2,56.0,55.0,55.2,2900
2016-09-26,53.5,53.7,53.5,53.6,2140
2016-09-27,53.7,55.0,53.6,54.0,4040
2016-09-28,53.1,55.0,53.1,54.8,8415
2016-09-29,55.0,55.0,54.3,54.8,2000
2016-10-02,54.0,54.7,53.1,53.8,3901
2016-10-03,55.9,56.0,53.2,53.9,1450
2016-10-04,54.5,56.0,54.5,55.2,5519
2016-10-05,55.3,55.6,55.3,55.5,1915
2016-10-09,53.2,53.7,53.2,53.6,1135
2016-10-10,54.1,54.9,53.7,54.3,4144
2016-10-13,55.0,56.2,55.0,55.6,3830
2016-10-16,56.6,56.7,55.6,56.3,1652
2016-10-17,54.0,54.0,53.5,53.7,400
2016-10-18,55.0,56.0,55.0,55.3,435
2016-10-19,54.3,55.8,54.2,54.2,1530
2016-10-20,55.8,59.6,53.1,54.6,17016
2016-10-23,55.0,59.2,55.0,56.5,23896
2016-10-24,59.0,59.4,56.5,56.6,14434
2016-10-25,57.3,57.3,56.7,56.7,14850
2016-10-26,53.4,56.7,53.4,55.6,16940
2016-10-27,54.0,54.0,53.6,53.7,6838
2016-10-30,53.5,53.5,52.0,52.2,5386
2016-10-31,53.1,53.1,51.5,52.1,2239
2016-11-01,53.0,53.0,53.0,53.0,1000
2016-11-02,53.2,58.0,53.2,57.0,6740
2016-11-03,58.0,60.9,57.3,59.0,6957
2016-11-06,60.0,62.0,58.0,58.8,26666
2016-11-07,59.5,62.9,59.5,59.8,23123
2016-11-08,60.0,61.9,59.9,60.3,8390
2016-11-09,60.1,61.9,60.0,60.4,9571
2016-11-10,61.1,61.5,59.8,60.2,8133
2016-11-13,60.4,62.6,60.4,61.4,33655
2016-11-14,67.5,67.5,63.8,65.4,55992
2016-11-15,66.0,68.9,66.0,68.2,7430
2016-11-16,66.0,68.8,66.0,67.2,7152
2016-11-17,68.0,68.0,61.8,64.8,11089
2016-11-20,60.4,64.0,60.4,62.3,14429
2016-11-21,63.5,63.5,61.9,62.2,9484
2016-11-22,64.0,64.0,62.0,62.3,13891
2016-11-23,61.8,62.8,61.8,62.3,2035
2016-11-24,63.8,64.1,62.2,62.4,3844
2016-11-27,64.8,64.8,61.9,62.2,14200
2016-11-28,64.0,64.0,61.5,61.9,6280
2016-11-29,62.0,62.0,60.2,60.4,5475
2016-11-30,62.0,62.0,60.0,60.1,8555
2016-12-01,60.6,60.6,59.1,59.1,9328
2016-12-04,59.2,63.0,59.2,61.4,15051
2016-12-05,62.8,66.0,62.3,65.1,11928
2016-12-06,64.8,71.0,64.8,69.8,33106
2016-12-07,73.0,73.0,67.5,71.5,18141
2016-12-08,72.8,72.9,69.7,70.0,9722
2016-12-11,72.0,72.5,69.7,70.2,10428
2016-12-12,68.5,72.0,68.5,69.8,6135
2016-12-14,70.0,71.8,68.4,70.0,9922
2016-12-15,70.0,70.5,69.4,69.7,5317
2016-12-18,69.0,69.9,68.6,69.1,15219
2016-12-19,68.6,69.0,68.6,68.8,9685
2016-12-20,68.5,68.5,66.5,66.6,1250
2016-12-21,65.5,72.8,65.5,68.9,7162
2016-12-22,69.0,72.2,69.0,70.2,11111
2016-12-26,70.9,71.0,69.0,70.7,6663
2016-12-27,70.0,70.1,69.1,69.2,8237
2016-12-28,68.3,73.0,68.3,71.0,4700
2016-12-29,70.0,70.1,70.0,70.0,1332
2017-01-01,71.0,71.0,70.0,70.0,6366
2017-01-02,69.2,69.2,69.0,69.0,2455
2017-01-03,70.1,70.6,68.1,68.3,9460
2017-01-04,66.1,68.9,66.1,67.1,2173
2017-01-05,66.3,69.0,65.1,67.1,2966
2017-01-08,66.2,67.4,65.5,66.5,8774
2017-01-09,69.2,69.2,67.5,67.9,1114
2017-01-10,70.0,70.0,67.5,67.7,4363
2017-01-11,67.7,67.7,66.2,66.6,1553
2017-01-12,68.4,68.4,65.5,65.7,4010
2017-01-15,68.4,68.5,65.1,65.8,12109
2017-01-16,66.2,69.0,66.2,68.7,9628
2017-01-17,70.0,70.0,67.1,67.7,5291
2017-01-18,70.0,70.0,65.6,67.2,7760
2017-01-19,69.9,71.0,67.0,68.5,43468
2017-01-22,73.0,75.3,71.5,73.9,31062
2017-01-23,73.0,80.0,73.0,76.0,8041
2017-01-24,74.1,74.1,70.6,73.2,2915
2017-01-25,70.2,73.9,70.2,73.1,1036
2017-01-26,72.0,72.3,72.0,72.2,1705
2017-01-29,72.1,72.1,65.1,65.8,14023
2017-01-30,65.2,66.2,65.2,65.7,5170
2017-01-31,66.1,66.1,65.5,65.6,5404
2017-02-01,65.8,69.0,65.8,68.5,3204
2017-02-02,67.2,67.5,66.0,66.9,2725
2017-02-05,67.1,69.4,65.0,65.8,2769
2017-02-06,66.1,69.9,66.1,67.7,1850
2017-02-07,68.7,69.5,68.6,68.7,800
2017-02-08,70.0,70.2,68.0,69.6,2073
2017-02-09,68.1,69.0,68.0,68.2,6676
2017-02-12,68.2,71.9,68.0,70.5,4221
2017-02-13,69.1,71.0,69.1,70.3,4237
2017-02-14,70.6,71.9,70.5,71.2,4423
2017-02-15,71.1,71.6,69.4,69.9,7360
2017-02-16,70.0,70.0,69.5,69.8,1655
2017-02-19,70.0,70.4,69.4,70.1,5291
2017-02-20,70.9,71.0,69.5,70.3,4694
2017-02-22,70.1,70.5,70.0,70.3,1280
2017-02-23,71.0,71.0,69.0,69.5,4076
2017-02-26,69.0,69.7,69.0,69.4,2570
2017-02-27,71.3,71.6,68.5,68.9,5008
2017-02-28,68.0,69.8,67.1,69.5,3750
2017-03-01,68.6,70.0,68.6,69.6,1415
2017-03-02,68.0,70.0,67.6,69.0,3184
2017-03-05,69.1,70.0,69.0,69.1,2907
2017-03-06,69.1,69.1,68.1,68.9,5500
2017-03-07,68.7,70.1,68.7,69.7,1268
2017-03-08,69.0,69.8,68.8,69.0,1445
2017-03-09,69.0,69.1,68.1,68.5,7090
2017-03-12,68.4,69.9,68.1,68.3,1301
2017-03-13,68.2,69.6,68.1,68.3,1175
2017-03-14,68.1,68.1,67.8,68.0,2112
2017-03-15,69.0,69.0,69.0,69.0,50
2017-03-16,69.1,69.1,68.0,68.1,6375
2017-03-19,68.1,70.7,68.0,69.5,1625
2017-03-20,68.3,69.9,68.3,68.9,2600
2017-03-21,67.0,69.6,67.0,67.8,2900
2017-03-22,67.9,69.4,67.8,67.9,1384
2017-03-23,70.0,70.0,67.7,69.5,1639
2017-03-27,68.5,69.7,68.0,68.7,5475
2017-03-28,68.6,69.6,68.6,68.7,1050
2017-03-29,68.9,69.9,68.8,69.6,8717
2017-03-30,68.2,68.3,68.2,68.2,2050
2017-04-02,68.2,68.2,68.2,68.2,600
2017-04-03,69.8,69.8,68.1,69.4,130
2017-04-04,68.2,69.0,68.2,69.0,1751
2017-04-05,68.9,69.7,68.0,68.2,6970
2017-04-06,68.3,69.7,68.2,68.4,670
2017-04-09,67.4,68.6,67.4,68.3,910
2017-04-10,68.3,69.0,68.3,68.7,1100
2017-04-11,69.8,69.9,67.1,68.4,6695
2017-04-12,68.2,68.5,68.2,68.4,920
2017-04-13,68.9,69.0,68.4,68.9,3975
2017-04-16,69.0,69.0,68.9,69.0,1009
2017-04-17,69.0,69.0,69.0,69.0,855
2017-04-18,68.0,68.5,68.0,68.1,307
2017-04-19,68.1,68.1,68.0,68.0,150
2017-04-20,68.0,69.0,68.0,68.0,2930
2017-04-23,69.4,69.4,68.0,68.1,4205
2017-04-24,66.2,68.0,66.2,67.0,765
2017-04-25,67.0,67.0,66.5,67.0,2660
2017-04-26,67.2,69.0,67.2,68.6,3193
2017-04-27,69.9,70.0,68.0,68.7,11133
2017-04-30,68.0,68.0,66.2,66.7,1370
2017-05-02,67.0,67.0,66.0,66.1,3488
2017-05-03,67.0,68.0,66.1,67.1,2920
2017-05-04,67.1,67.2,65.5,66.8,1492
2017-05-07,66.0,66.1,64.7,65.0,3666
2017-05-08,65.0,68.9,64.0,64.4,4058
2017-05-09,64.5,64.5,62.5,63.5,4325
2017-05-14,65.1,65.1,63.5,63.6,500
2017-05-15,65.1,66.4,64.9,65.2,1855
2017-05-16,65.9,65.9,64.8,65.4,1400
2017-05-17,65.0,69.0,65.0,68.9,6250
2017-05-18,67.2,69.0,67.2,67.7,1653
2017-05-21,64.1,67.5,64.1,66.8,3244
2017-05-22,67.5,67.7,66.4,67.5,2061
2017-05-23,65.0,65.2,64.0,64.2,5685
2017-05-24,64.2,64.2,62.6,62.9,5273
2017-05-25,62.8,63.3,62.8,63.1,580
2017-05-28,66.0,66.0,66.0,66.0,15
2017-05-29,63.4,64.7,63.4,63.9,1272
2017-05-30,64.0,65.5,64.0,64.7,762
2017-05-31,65.9,66.9,65.7,66.1,3013
2017-06-04,65.0,65.0,64.9,65.0,1850
2017-06-05,64.5,66.4,64.5,65.3,1670
2017-06-06,66.5,66.5,65.5,66.0,845
2017-06-07,66.0,66.0,65.1,65.1,2320
2017-06-08,66.0,66.6,66.0,66.1,2495
2017-06-11,61.0,66.4,61.0,66.3,1519
2017-06-12,66.8,67.8,66.8,67.5,3495
2017-06-13,67.8,69.0,67.4,68.4,6210
2017-06-14,69.0,69.5,68.0,68.9,5250
2017-06-15,68.9,69.0,66.0,68.1,12456
2017-06-18,69.5,69.5,68.6,68.7,2031
2017-06-19,68.8,75.0,68.8,74.0,30686
2017-06-20,74.0,74.2,72.5,73.6,14542
2017-06-21,74.9,75.0,74.5,75.0,30809
2017-06-22,75.0,82.5,75.0,77.7,29891
2017-06-28,78.0,85.4,78.0,85.3,11291
2017-06-29,90.0,90.0,85.0,86.1,20368
2017-07-02,86.0,87.0,85.3,86.8,11229
2017-07-03,87.9,89.5,87.0,88.8,17024
2017-07-04,90.0,97.4,90.0,96.5,45354
2017-07-05,100.0,102.0,97.6,97.8,34929
2017-07-06,98.5,98.5,95.6,97.3,8664
2017-07-09,97.3,105.9,97.3,103.0,28185
2017-07-10,103.2,113.0,103.2,112.6,48709
2017-07-11,115.0,120.0,108.0,111.0,26604
2017-07-12,111.5,114.8,107.2,113.8,16642
2017-07-13,114.1,119.6,114.1,116.1,8989
2017-07-16,116.8,120.0,116.7,119.8,16224
2017-07-17,121.0,121.0,114.5,118.2,9538
2017-07-18,116.0,119.0,116.0,116.9,4402
2017-07-19,113.2,116.0,113.2,114.7,7942
2017-07-20,112.0,113.8,110.0,112.2,6663
2017-07-23,118.9,118.9,112.2,113.9,3141
2017-07-24,118.0,118.0,113.5,114.1,2308
2017-07-25,114.2,115.1,114.0,115.0,10302
2017-07-26,115.0,118.1,114.3,117.1,8136
2017-07-27,115.6,118.3,115.6,117.9,11705
2017-07-30,118.7,118.7,110.1,111.3,5101
2017-07-31,111.3,115.0,108.0,110.5,3675
2017-08-01,110.2,115.0,110.2,113.8,4871
2017-08-02,115.0,115.0,113.0,114.0,6726
2017-08-03,104.0,118.0,104.0,113.8,3866
2017-08-06,113.0,113.2,111.1,112.3,4814
2017-08-07,113.0,113.0,106.4,107.1,7578
2017-08-08,106.0,109.0,105.0,107.7,9657
2017-08-09,113.0,114.7,110.0,112.2,17851
2017-08-10,106.1,115.0,106.1,114.2,9477
2017-08-13,118.0,119.9,116.0,118.0,13049
2017-08-16,120.0,124.9,119.9,122.1,16361
2017-08-17,125.1,126.5,124.1,124.7,11063
2017-08-20,128.0,128.0,123.0,124.1,22310
2017-08-21,125.5,125.8,123.5,124.9,21517
2017-08-22,128.9,128.9,125.4,125.8,8613
2017-08-23,127.7,127.8,123.6,124.5,14605
2017-08-24,125.2,127.0,124.3,127.0,11893
2017-08-27,127.6,139.0,127.6,131.3,32042
2017-08-28,133.5,133.9,126.0,127.5,4693
2017-08-29,132.7,132.7,123.0,125.5,25386
2017-08-30,124.4,127.7,121.8,123.4,14395
2017-08-31,123.9,125.0,119.0,120.9,12813
2017-09-04,128.0,128.0,121.1,123.3,2362
2017-09-05,127.7,127.7,124.5,125.0,4329
2017-09-06,125.1,125.6,120.4,121.6,3791
2017-09-07,120.8,124.0,109.5,121.2,9542
2017-09-10,125.9,126.0,120.0,120.8,14025
2017-09-11,115.5,121.5,115.5,119.7,326
2017-09-12,119.6,123.7,119.6,121.3,8184
2017-09-13,120.1,125.0,120.1,123.6,2545
2017-09-14,123.0,129.0,121.1,127.0,4681
2017-09-17,130.0,131.8,126.6,130.8,7230
2017-09-18,130.8,134.0,130.0,130.3,14478
2017-09-19,128.2,130.3,125.0,126.1,5367
2017-09-20,124.5,124.5,120.3,120.4,10083
2017-09-21,123.0,123.0,119.0,119.7,9461
2017-09-24,123.7,124.9,121.5,122.3,7942
2017-09-25,126.0,129.5,124.5,126.9,12038
2017-09-26,139.0,139.0,127.2,130.8,27951
2017-09-27,127.1,134.8,127.1,128.9,14074
2017-09-28,132.6,132.6,128.0,130.2,21939
2017-10-02,130.0,132.0,129.4,130.3,10350
2017-10-03,133.0,134.9,131.5,132.3,11799
2017-10-04,133.2,139.0,130.0,132.2,37863
2017-10-05,132.2,138.9,131.0,132.1,21447
2017-10-08,133.0,133.8,129.6,129.9,9113
2017-10-09,131.9,131.9,127.7,129.3,9934
2017-10-10,131.3,131.4,129.0,129.5,35636
2017-10-11,134.0,134.0,126.8,127.7,11886
2017-10-12,135.0,135.0,127.0,127.1,15666
2017-10-15,129.8,129.8,127.4,128.7,11046
2017-10-16,129.0,129.8,128.3,129.4,4619
2017-10-17,129.7,133.1,129.6,131.6,11270
2017-10-18,133.8,142.5,133.8,141.8,55719
2017-10-19,144.0,145.5,135.0,135.6,37861
2017-10-22,136.0,136.0,125.5,126.2,22853
2017-10-23,130.0,130.0,118.0,122.6,21221
2017-10-24,124.0,128.0,124.0,125.0,16917
2017-10-25,128.0,132.0,127.0,130.0,36091
2017-10-26,136.9,137.6,131.4,136.2,27146
2017-10-29,145.0,146.7,121.0,125.6,49614
2017-10-30,125.6,125.8,123.7,124.0,7823
2017-10-31,125.0,126.0,123.5,124.0,9360
2017-11-01,124.2,127.0,123.0,124.6,2475
2017-11-02,124.4,125.0,123.9,124.0,7307
2017-11-05,127.1,127.1,123.2,123.6,7700
2017-11-06,120.1,124.5,120.0,123.6,4066
2017-11-07,123.0,124.0,121.7,122.2,7036
2017-11-08,125.0,127.0,123.3,124.0,13113
2017-11-09,127.5,127.5,124.9,125.2,9487
2017-11-12,129.9,130.0,124.5,125.2,33628
2017-11-13,125.6,127.9,115.1,117.2,28519
2017-11-14,120.5,125.0,117.5,118.4,30633
2017-11-15,122.7,122.7,117.6,118.2,19880
2017-11-16,123.9,124.7,118.6,120.9,14064
2017-11-19,122.0,122.0,117.5,117.9,17607
2017-11-20,119.9,119.9,116.1,116.4,14680
2017-11-21,117.1,118.8,116.1,116.7,32247
2017-11-22,117.7,123.1,117.7,122.6,63162
2017-11-26,119.0,121.9,118.0,121.3,6405
2017-11-27,122.0,122.0,119.1,120.3,6282
2017-11-28,120.4,120.4,118.3,118.4,13166
2017-11-29,117.8,119.0,117.0,117.5,5809
2017-11-30,120.5,120.8,116.6,117.4,6545
2017-12-03,117.9,120.0,117.4,118.0,1126
2017-12-04,120.0,120.0,117.6,118.1,3970
2017-12-05,120.0,123.7,119.5,123.2,20128
2017-12-06,125.9,133.0,125.0,127.7,14434
2017-12-07,129.7,134.0,129.2,133.1,25713
2017-12-10,134.0,142.0,134.0,139.9,42329
2017-12-11,142.7,145.1,139.1,140.4,40989
2017-12-12,141.8,144.8,137.0,140.2,27111
2017-12-13,142.0,144.5,141.0,142.3,28612
2017-12-14,144.0,144.2,140.0,140.9,21167
2017-12-17,146.0,146.0,137.8,138.7,14542
2017-12-18,141.9,141.9,137.0,138.0,10888
2017-12-19,139.0,141.9,137.8,138.7,10847
2017-12-20,139.5,139.5,136.6,137.9,14564
2017-12-21,138.9,143.8,136.7,137.0,19181
2017-12-24,139.5,139.8,136.0,136.3,16585
2017-12-26,138.1,139.8,137.2,138.2,14230
2017-12-27,140.0,144.0,139.2,141.8,26969
2017-12-28,144.0,149.8,143.1,149.0,26220
2018-01-01,150.1,155.8,150.1,155.2,18350
2018-01-02,155.9,158.9,155.3,156.3,4024
2018-01-03,151.8,151.8,146.1,148.3,6572
2018-01-04,148.3,151.8,147.4,149.0,6180
2018-01-07,150.8,150.9,147.5,150.2,4696
2018-01-08,151.2,155.0,151.2,154.1,11843
2018-01-09,157.0,169.5,157.0,166.1,46318
2018-01-10,175.0,181.0,166.6,170.9,260423
2018-01-11,170.0,170.0,163.0,164.3,115166
2018-01-14,165.0,174.7,165.0,172.2,109851
2018-01-15,173.8,174.8,165.0,165.9,64405
2018-01-16,165.5,167.8,162.0,162.8,72265
2018-01-17,165.0,166.5,157.0,158.2,84219
2018-01-18,159.9,161.6,156.5,159.2,53718
2018-01-21,159.9,162.8,145.2,154.5,91691
2018-01-22,150.1,157.8,150.1,155.4,63685
2018-01-23,155.0,164.9,154.0,163.8,116952
2018-01-24,164.0,165.9,157.4,158.7,61710
2018-01-25,159.8,164.0,157.6,162.8,50833
2018-01-28,163.4,164.5,158.0,158.3,95835
2018-01-29,157.6,159.0,153.0,154.7,48644
2018-01-30,156.7,160.0,151.0,151.7,52127
2018-01-31,153.9,156.8,150.0,151.7,39781
2018-02-01,155.0,155.7,146.3,151.0,48299
2018-02-04,151.9,151.9,140.5,142.3,47382
2018-02-05,145.0,146.6,139.1,140.9,55229
2018-02-06,144.0,144.0,140.5,142.4,29227
2018-02-07,142.2,147.8,140.6,144.7,37303
2018-02-08,145.0,145.8,142.5,143.0,20309
2018-02-11,145.9,148.8,144.0,146.0,44230
2018-02-12,148.9,154.3,145.2,152.8,62394
2018-02-13,156.4,156.9,149.5,150.6,76617
2018-02-14,153.7,153.7,146.3,148.1,52875
2018-02-15,152.4,152.4,145.0,145.6,42003
2018-02-18,145.0,146.0,141.5,142.3,42670
2018-02-19,145.9,146.8,142.0,143.1,35257
2018-02-20,145.0,146.1,132.2,142.5,30497
2018-02-22,144.6,144.7,135.5,136.9,58948
2018-02-25,136.0,144.9,135.9,143.5,53972
2018-02-26,144.0,145.6,140.3,140.9,28409
2018-02-27,142.8,143.5,137.6,138.5,31672
2018-02-28,141.8,141.8,137.2,137.6,24419
2018-03-01,137.5,142.4,137.1,141.6,45831
2018-03-04,142.8,144.8,142.0,142.9,48932
2018-03-05,144.9,151.9,144.9,150.8,135193
2018-03-06,151.8,153.6,146.5,147.3,64234
2018-03-07,148.0,148.3,145.0,145.5,34875
2018-03-08,144.2,147.2,144.2,146.6,11133
2018-03-11,145.3,147.0,143.1,143.9,20518
2018-03-12,143.2,143.3,138.0,138.5,31349
2018-03-13,139.0,142.2,131.0,133.9,34710
2018-03-14,137.9,137.9,133.7,134.9,21633
2018-03-15,134.9,138.4,134.3,137.1,9327
2018-03-18,135.6,136.7,134.0,134.6,26864
2018-03-19,135.0,140.0,135.0,136.4,15094
2018-03-20,137.0,139.8,134.0,134.7,23202
2018-03-21,134.2,137.0,131.6,132.0,17793
2018-03-22,136.0,136.0,129.0,130.0,32048
2018-03-25,133.5,133.5,125.5,128.9,17089
2018-03-27,126.1,127.9,121.1,121.8,15792
2018-03-28,125.4,127.7,121.4,123.2,21187
2018-03-29,123.5,124.5,122.8,123.4,17708
2018-04-01,127.0,131.5,125.9,128.5,24743
2018-04-02,128.6,135.5,125.6,133.9,40487
2018-04-03,134.0,135.6,130.2,132.0,42215
2018-04-04,134.3,135.5,131.3,132.2,40620
2018-04-05,133.8,141.2,133.8,138.4,61774
2018-04-08,142.5,145.0,139.1,140.3,78297
2018-04-09,140.3,140.3,130.5,134.3,41988
2018-04-10,137.8,137.8,133.0,135.5,25314
2018-04-11,138.3,138.3,132.1,133.9,21054
2018-04-12,135.9,136.8,132.4,133.1,30697
2018-04-15,135.2,137.0,130.4,135.1,30694
2018-04-16,138.0,142.9,137.1,137.7,88155
2018-04-17,133.2,139.2,133.2,136.0,16858
2018-04-18,138.5,138.5,134.6,135.2,23560
2018-04-19,137.9,137.9,134.1,134.6,19600
2018-04-22,135.5,136.9,134.0,134.5,18812
2018-04-23,136.0,147.9,136.0,147.8,175037
2018-04-24,154.0,159.0,146.1,149.6,211356
2018-04-25,149.7,151.8,144.6,146.7,92010
2018-04-26,149.8,149.9,143.5,146.8,88594
2018-04-30,154.0,158.0,141.3,143.3,104919
2018-05-03,146.5,146.7,139.5,140.7,42108
2018-05-06,142.0,145.0,135.0,136.4,79191
2018-05-07,139.8,139.8,133.5,134.8,49948
2018-05-08,133.0,136.0,133.0,134.7,34605
2018-05-09,134.0,140.8,134.0,136.6,47055
2018-05-10,137.2,139.0,137.0,138.6,28072
2018-05-13,138.6,141.0,138.6,139.1,50940
2018-05-14,140.0,143.5,139.0,139.6,35223
2018-05-15,142.5,142.5,136.0,136.9,25677
2018-05-16,138.5,139.0,136.0,136.6,34962
2018-05-17,136.0,136.0,133.2,133.5,33927
2018-05-20,132.2,134.0,130.5,131.2,36359
2018-05-21,137.0,137.0,131.0,132.9,14027
2018-05-22,138.0,138.0,130.2,131.0,21049
2018-05-23,131.0,132.0,127.0,128.9,24051
2018-05-24,128.1,132.6,128.0,131.1,25623
2018-05-27,132.5,132.5,128.5,129.3,24104
2018-05-28,127.5,130.8,127.5,128.3,15571
2018-05-29,125.9,133.0,125.8,130.9,43478
2018-05-30,132.0,135.8,132.0,133.1,29013
2018-05-31,131.5,133.5,130.1,131.7,17050
2018-06-03,134.0,143.0,134.0,141.3,133717
2018-06-04,143.0,152.9,141.5,147.6,177077
2018-06-05,147.8,147.8,142.0,142.2,93135
2018-06-06,143.6,149.0,142.8,144.1,141582
2018-06-07,146.0,158.5,145.9,158.5,379528
2018-06-10,166.0,174.3,165.1,174.3,195739
2018-06-11,178.0,179.0,164.3,168.2,286401
2018-06-12,168.0,176.8,166.0,170.5,206438
2018-06-18,171.0,183.9,167.8,180.3,197448
2018-06-19,180.4,185.5,172.1,175.2,198565
2018-06-20,175.0,184.0,170.2,183.0,228755
2018-06-21,185.0,199.0,185.0,188.8,275781
2018-06-24,182.6,183.9,171.0,172.8,228121
2018-06-25,173.4,179.5,168.1,168.8,97076
2018-06-26,171.2,179.0,167.7,176.0,117991
2018-06-27,176.0,185.8,176.0,178.7,152186
2018-06-28,178.0,196.5,178.0,196.5,449725
2018-07-02,200.0,216.1,199.0,216.1,361095
2018-07-03,235.0,235.0,210.0,229.2,539725
2018-07-04,232.0,249.2,229.0,249.2,151359
2018-07-05,271.0,271.0,250.0,263.5,506084
2018-07-08,270.0,285.0,240.5,247.1,316793
2018-07-09,247.1,259.5,242.5,254.6,287444
2018-07-10,259.0,276.8,259.0,269.0,323883
2018-07-11,280.0,280.0,245.5,246.3,305027
2018-07-12,246.0,254.8,227.1,232.3,199990
2018-07-15,235.8,252.6,235.8,250.8,279010
2018-07-16,263.0,270.8,238.4,241.6,203112
2018-07-17,240.5,254.8,240.0,247.9,201270
2018-07-18,252.0,258.9,247.1,250.2,199115
2018-07-19,250.0,250.0,231.0,236.1,187981
2018-07-22,232.5,242.8,215.5,218.8,328391
2018-07-23,225.0,237.9,224.9,237.9,112739
2018-07-24,247.0,254.8,230.0,233.1,210979
2018-07-25,239.0,239.4,222.0,223.1,119068
2018-07-26,223.1,228.4,205.5,208.3,147712
2018-07-29,216.0,225.0,206.0,216.9,202850
2018-07-30,225.0,230.0,218.0,226.5,151934
2018-07-31,235.0,235.0,216.0,219.8,195644
2018-08-01,220.0,224.6,216.1,220.1,91392
2018-08-02,224.8,229.0,211.6,215.2,110737
2018-08-05,216.0,219.0,201.0,204.9,108883
2018-08-06,207.9,212.0,198.5,202.2,140104
2018-08-07,208.9,212.7,202.5,204.7,91362
2018-08-08,205.1,210.0,203.5,204.2,122493
2018-08-09,207.9,209.0,200.0,201.2,124351
2018-08-12,202.3,208.8,191.9,194.3,138385
2018-08-13,198.0,198.0,185.2,186.3,120771
2018-08-14,187.6,197.3,187.4,195.0,111807
2018-08-16,197.5,214.5,196.7,210.6,224205
2018-08-19,195.1,195.2,192.2,192.2,13989
2018-08-20,174.0,175.0,173.0,173.0,18544
2018-08-26,157.0,190.3,156.0,187.6,86915
2018-08-27,194.7,195.0,181.7,185.2,75799
2018-08-28,189.9,191.6,178.1,179.3,59141
2018-08-29,179.0,180.9,170.1,170.9,66369
2018-08-30,174.8,179.0,171.0,174.7,47546
2018-09-03,177.0,177.0,170.0,171.1,42555
2018-09-04,174.7,174.7,166.6,167.3,35149
2018-09-05,168.3,171.4,160.2,161.6,66471
2018-09-06,164.9,169.8,162.0,164.1,41749
2018-09-09,170.5,180.5,168.8,180.5,111621
2018-09-10,187.2,189.0,176.0,179.7,60139
2018-09-11,180.2,188.0,177.4,184.3,83612
2018-09-12,189.0,195.4,183.1,192.9,152365
2018-09-13,194.3,196.5,189.0,192.9,91092
2018-09-16,195.5,200.0,193.7,195.3,98180
2018-09-17,197.0,197.0,183.3,185.5,62835
2018-09-18,180.1,185.0,172.2,172.9,79351
2018-09-19,174.0,177.0,168.2,173.7,44475
2018-09-23,172.4,174.5,168.0,168.8,32361
2018-09-24,169.9,172.0,160.0,161.5,42489
2018-09-25,162.6,168.0,160.0,164.1,36856
2018-09-26,168.1,168.1,163.1,164.4,29081
2018-09-27,164.4,177.0,163.5,174.1,51944
2018-09-30,174.2,188.0,174.2,184.5,98155
2018-10-01,189.0,193.4,186.1,189.3,102594
2018-10-02,192.9,195.0,177.0,180.4,92601
2018-10-03,182.0,185.0,177.1,180.1,42257
2018-10-04,181.2,188.0,181.2,184.7,52033
2018-10-07,184.5,188.8,178.0,179.8,56318
2018-10-08,181.0,181.2,171.8,174.2,39480
2018-10-09,174.7,175.9,171.5,172.3,29061
2018-10-10,173.1,178.3,171.5,172.3,36221
2018-10-11,172.6,174.1,164.5,165.9,31551
2018-10-14,165.9,167.0,161.0,162.8,27355
2018-10-15,163.0,174.0,163.0,170.8,26686
2018-10-16,172.6,177.0,170.0,173.0,52766
2018-10-17,176.0,176.1,170.5,171.5,42135
2018-10-18,171.5,173.0,168.0,168.7,33561
2018-10-21,168.8,170.9,161.6,162.3,35969
2018-10-22,162.3,165.8,156.0,156.9,37646
2018-10-23,160.4,160.4,153.2,154.6,40219
2018-10-24,154.6,159.4,154.6,158.3,38440
2018-10-25,160.0,160.0,156.0,157.0,21774
2018-10-28,157.0,157.0,144.0,152.5,23267
2018-10-29,152.5,152.5,145.1,148.0,60001
2018-10-30,151.0,155.5,148.2,148.9,49451
2018-10-31,150.0,150.6,143.0,144.7,41344
2018-11-01,145.0,146.0,140.0,144.0,30357
2018-11-04,146.2,146.2,141.2,143.2,49101
2018-11-05,144.9,147.0,143.5,145.7,47752
2018-11-06,148.0,160.2,147.3,160.2,106367
2018-11-07,162.7,165.0,155.0,157.3,53843
2018-11-08,157.4,164.8,157.3,163.4,55143
2018-11-11,163.9,167.4,161.1,164.5,53284
2018-11-12,163.1,163.3,157.8,158.0,37005
2018-11-13,158.3,163.5,155.4,162.3,36600
2018-11-14,165.0,167.7,158.0,160.7,44259
2018-11-15,161.8,166.7,160.8,162.6,65510
2018-11-19,159.9,170.3,157.0,170.3,121322
2018-11-20,174.0,177.0,165.0,166.6,72807
2018-11-22,167.0,168.9,162.5,163.2,51208
2018-11-25,163.5,165.5,159.0,160.0,52495
2018-11-26,163.7,167.0,163.0,164.7,49612
2018-11-27,168.0,173.0,165.0,167.3,83680
2018-11-28,167.5,169.4,162.0,162.7,37003
2018-11-29,164.9,164.9,155.1,157.5,87177
2018-12-02,160.0,160.0,154.2,155.5,24511
2018-12-03,159.7,160.0,157.7,158.8,26001
2018-12-04,161.1,163.8,158.0,159.6,29755
2018-12-05,159.7,161.6,157.5,160.1,43780
2018-12-06,162.7,170.0,160.1,166.7,66643
2018-12-09,171.0,180.0,168.1,178.2,196649
2018-12-10,179.9,188.0,178.2,182.6,185768
2018-12-11,180.5,184.0,166.7,170.1,109007
2018-12-12,170.5,175.0,170.5,172.6,67483
2018-12-13,173.0,179.0,170.3,171.8,87551
2018-12-17,170.0,174.7,164.0,164.6,39769
2018-12-18,164.6,174.8,162.0,173.2,50863
2018-12-19,170.5,173.9,167.6,171.1,50494
2018-12-20,169.0,173.0,168.3,170.2,38276
2018-12-23,169.5,173.9,168.1,168.6,32080
2018-12-24,170.0,172.0,168.0,169.9,30814
2018-12-26,170.0,178.5,170.0,177.7,106182
2018-12-27,181.0,181.0,172.4,173.1,62295
2019-01-01,173.8,178.9,173.7,176.8,63437
2019-01-02,178.0,194.4,178.0,193.6,421639
2019-01-03,196.0,199.0,188.3,192.7,194664
2019-01-06,195.0,205.0,194.2,199.6,223200
2019-01-07,200.0,203.0,191.5,192.5,172208
2019-01-08,195.0,197.0,188.4,189.8,153278
2019-01-09,188.5,192.0,182.1,183.9,145830
2019-01-10,187.0,190.7,185.1,189.8,137876
2019-01-13,192.0,196.6,190.7,194.9,163491
2019-01-14,199.0,199.0,190.1,191.1,180466
2019-01-15,194.8,194.8,187.0,188.5,154989
2019-01-16,192.4,192.4,189.1,189.7,82905
2019-01-17,190.0,194.5,187.5,189.5,99650
2019-01-20,192.5,192.9,188.0,188.8,85359
2019-01-21,189.0,191.0,185.0,186.8,43174
2019-01-22,189.0,191.7,187.8,190.4,76426
2019-01-23,192.0,195.0,187.2,188.1,103947
2019-01-24,188.1,190.0,184.6,185.2,65146
2019-01-27,185.0,185.0,173.2,174.8,92429
2019-01-28,175.2,184.8,173.0,183.3,69213
2019-01-29,185.0,186.0,181.0,182.4,55196
2019-01-30,182.5,183.0,178.3,179.1,87963
2019-01-31,182.0,182.0,173.3,174.2,52694
2019-02-03,178.0,178.7,175.0,176.5,44917
2019-02-04,177.0,179.7,176.2,176.7,18014
2019-02-05,179.8,179.8,175.8,176.4,20738
2019-02-06,176.4,177.0,172.7,173.8,32377
2019-02-07,173.9,181.0,173.7,179.1,50665
2019-02-10,180.2,182.9,175.0,176.0,36535
2019-02-11,177.0,177.4,174.2,175.8,23403
2019-02-12,177.9,178.0,174.9,175.1,33655
2019-02-13,178.0,183.9,176.9,181.4,82503
2019-02-14,182.5,183.7,175.3,176.1,45543
2019-02-17,178.0,178.0,174.1,175.3,29373
2019-02-18,178.0,178.0,175.3,176.2,35144
2019-02-19,177.8,178.0,176.6,177.0,28920
2019-02-20,177.0,178.9,174.5,175.4,22576
2019-02-24,177.9,177.9,175.4,176.6,40251
2019-02-25,176.0,177.5,175.1,176.9,30405
2019-02-26,177.4,177.4,175.4,176.3,33908
2019-02-27,175.6,176.0,173.6,175.1,32066
2019-03-03,175.3,177.8,175.0,176.9,37477
2019-03-04,177.5,177.5,172.5,173.2,38439
2019-03-05,174.3,174.5,170.0,170.5,15457
2019-03-06,170.5,170.5,164.8,165.5,21513
2019-03-07,168.0,168.0,164.0,164.4,7942
2019-03-10,166.2,167.3,165.0,165.6,12625
2019-03-11,165.8,166.7,165.7,166.2,12696
2019-03-12,167.9,167.9,165.5,166.8,22918
2019-03-13,167.9,167.9,165.5,166.2,23738
2019-03-14,165.1,166.3,164.1,164.7,18835
2019-03-18,162.9,162.9,154.0,154.8,20476
2019-03-19,157.8,157.8,152.0,153.4,19215
2019-03-20,154.8,156.7,154.1,156.2,17132
2019-03-21,156.0,158.4,155.3,156.0,20292
2019-03-24,158.8,168.0,156.0,166.7,27243
2019-03-25,166.7,167.0,161.0,162.6,16598
2019-03-27,162.6,166.0,160.9,165.3,23776
2019-03-28,165.9,167.0,164.1,165.4,14735
2019-03-31,170.0,170.0,164.6,165.7,14428
2019-04-01,166.9,166.9,162.2,163.0,15158
2019-04-02,164.4,165.0,160.0,161.7,17288
2019-04-03,161.8,163.5,158.6,159.3,10889
2019-04-04,159.3,161.7,156.0,159.3,8340
2019-04-07,159.3,159.4,154.8,156.1,17037
2019-04-08,156.1,156.1,148.2,148.5,16631
2019-04-09,146.6,152.0,143.0,147.0,13456
2019-04-10,149.0,151.3,144.6,145.8,10119
2019-04-11,149.0,151.9,143.2,150.0,12784
2019-04-15,146.9,150.0,146.8,147.9,9760
2019-04-16,145.5,147.6,145.0,147.0,12019
2019-04-17,147.5,147.5,142.0,143.6,18356
2019-04-18,143.0,150.0,143.0,148.0,17609
2019-04-21,152.3,152.6,148.0,151.4,9886
2019-04-23,152.0,152.0,147.3,147.8,7443
2019-04-24,146.0,149.0,145.5,147.3,16224
2019-04-25,149.0,162.0,146.3,162.0,51519
2019-04-28,167.0,174.0,164.2,169.3,88034
2019-04-29,167.0,168.9,157.6,158.8,34399
2019-04-30,163.9,163.9,156.5,157.4,30462
2019-05-02,161.7,169.0,161.0,166.1,46023
2019-05-05,169.6,174.7,168.0,173.1,57705
2019-05-06,175.0,175.0,169.2,170.3,44456
2019-05-07,170.0,173.4,163.5,164.9,18354
2019-05-08,164.9,167.8,163.0,166.2,16099
2019-05-09,168.7,168.7,163.8,164.4,18966
2019-05-12,166.0,166.8,160.0,161.1,15536
2019-05-13,161.3,161.9,159.2,160.1,6199
2019-05-14,160.1,160.7,158.0,160.1,5615
2019-05-15,160.1,161.8,159.2,159.8,5617
2019-05-16,160.4,160.9,158.8,160.3,4949
2019-05-19,165.0,165.0,161.7,163.0,5147
2019-05-20,161.0,162.6,160.0,161.0,6513
2019-05-21,160.2,165.0,160.2,162.6,10526
2019-05-22,164.9,164.9,161.6,163.8,7638
2019-05-23,163.7,163.7,161.8,163.0,3775
2019-05-26,161.3,161.9,158.5,158.8,7076
2019-05-27,158.8,159.5,155.0,155.4,6548
2019-05-28,161.9,162.0,156.7,161.3,3460
2019-05-29,164.4,164.4,160.0,160.3,2759
2019-05-30,161.1,161.1,157.6,158.4,10429
2019-06-09,159.1,160.0,158.5,158.7,4027
2019-06-10,162.0,162.7,159.2,161.0,6533
2019-06-11,163.0,165.9,163.0,165.1,23242
2019-06-12,165.9,165.9,161.0,162.8,6685
2019-06-13,162.8,165.0,162.8,163.4,11638
2019-06-16,164.0,169.5,162.6,168.7,29378
2019-06-17,169.7,172.5,163.2,163.8,51066
2019-06-18,163.1,165.5,163.1,164.2,10239
2019-06-19,163.0,165.7,163.0,164.4,38769
2019-06-20,163.2,164.5,161.5,161.9,17849
2019-06-23,159.1,161.9,159.1,160.6,6820
2019-06-24,159.4,161.9,159.0,159.8,9718
2019-06-25,160.2,162.3,160.1,161.8,14203
2019-06-26,163.0,163.5,160.0,161.6,15981
2019-06-27,161.7,162.6,160.5,161.6,9083
2019-06-30,161.8,164.0,161.7,162.1,10811
2019-07-02,161.1,161.3,158.3,159.3,20240
2019-07-03,160.1,161.3,158.9,159.7,12413
2019-07-04,160.0,161.0,155.6,157.0,15460
2019-07-07,158.2,162.8,157.6,158.0,22650
2019-07-08,158.5,158.9,157.1,157.6,9897
2019-07-09,158.1,158.9,154.3,155.0,12908
2019-07-10,155.1,155.1,151.0,151.2,13245
2019-07-11,151.9,151.9,146.0,148.2,8805
2019-07-14,152.9,152.9,146.5,147.0,8626
2019-07-15,145.7,145.7,138.0,139.7,13322
2019-07-16,149.8,149.8,141.2,144.4,6005
2019-07-17,144.8,144.8,141.5,143.9,5769
2019-07-18,141.3,141.6,136.2,137.3,14943
2019-07-21,130.0,133.5,123.6,123.6,35481
2019-07-22,120.0,133.0,111.3,121.4,58808
2019-07-23,121.5,133.5,121.5,133.5,55665
2019-07-24,135.3,135.3,123.3,131.8,23055
2019-07-25,133.5,138.0,130.4,136.4,26592
2019-07-28,137.0,145.9,130.0,142.6,32994
2019-07-29,143.0,148.5,140.0,145.9,41064
2019-07-30,147.0,147.4,140.9,141.5,33799
2019-07-31,140.7,152.9,140.6,147.9,43469
2019-08-01,153.0,157.9,150.0,152.1,84299
2019-08-04,150.0,150.8,146.5,147.2,17127
2019-08-05,145.1,147.5,140.6,146.8,40752
2019-08-06,143.8,148.7,143.6,144.2,25868
2019-08-07,144.2,146.8,137.3,137.9,31581
2019-08-08,140.2,141.9,139.1,140.4,16366
2019-08-18,143.6,143.6,140.1,141.1,11463
2019-08-19,142.0,147.0,141.5,143.7,19393
2019-08-20,145.8,145.8,142.4,143.3,13257
2019-08-21,146.0,150.0,143.4,144.1,28072
2019-08-22,145.0,149.1,145.0,146.7,36897
2019-08-25,148.6,148.6,144.2,146.0,27633
2019-08-26,146.0,147.0,143.1,144.4,17758
2019-08-27,144.9,150.0,144.2,148.3,38866
2019-08-28,148.3,155.0,147.1,149.9,71141
2019-08-29,148.4,151.0,148.2,148.8,37571
2019-09-01,147.1,160.0,147.1,159.2,103147
2019-09-02,161.8,168.0,158.0,159.0,155086
2019-09-03,159.0,161.1,154.8,158.2,64242
2019-09-04,159.0,159.9,153.4,157.4,57453
2019-09-05,158.9,159.4,155.2,156.6,39676
2019-09-08,157.0,158.4,154.5,155.5,28784
2019-09-09,155.2,156.0,152.8,153.1,32820
2019-09-11,155.9,156.9,150.1,154.6,37774
2019-09-12,154.6,159.9,153.3,156.8,52101
2019-09-15,156.8,156.8,150.1,151.2,25724
2019-09-16,150.7,152.6,150.0,151.9,23915
2019-09-17,153.0,153.9,144.0,146.9,31121
2019-09-18,147.3,149.9,144.0,145.3,17606
2019-09-19,148.7,148.7,134.6,137.2,21115
2019-09-22,141.7,147.9,133.5,143.3,14235
2019-09-23,145.0,146.5,141.1,141.6,15573
2019-09-24,141.8,141.8,139.0,140.2,12630
2019-09-25,140.2,141.7,136.2,141.1,4005
2019-09-26,140.2,144.0,140.2,142.1,18131
2019-09-29,144.6,144.9,140.5,140.9,13848
2019-09-30,140.9,143.4,135.0,137.0,28273
2019-10-01,137.5,141.0,137.5,139.0,17690
2019-10-02,142.6,142.6,137.6,138.8,15736
2019-10-03,138.1,140.8,138.0,139.4,11677
2019-10-06,140.8,142.0,139.9,141.5,14669
2019-10-07,142.9,142.9,140.1,140.7,8009
2019-10-09,140.8,140.8,139.7,140.1,9217
2019-10-10,140.1,141.0,135.5,136.2,18345
2019-10-13,138.0,138.0,135.5,136.0,7385
2019-10-14,134.1,136.9,129.0,130.2,13062
2019-10-15,135.8,140.0,131.5,138.3,18389
2019-10-16,139.0,139.0,131.5,132.2,10108
2019-10-17,132.0,134.8,131.1,132.6,7181
2019-10-20,131.5,134.0,131.0,132.9,6630
2019-10-21,134.8,134.8,125.1,129.3,22336
2019-10-22,131.5,131.5,121.1,123.9,15812
2019-10-23,121.2,127.9,119.2,120.1,16811
2019-10-24,123.0,123.7,121.5,122.6,17052
2019-10-27,124.1,124.8,120.0,124.0,7359
2019-10-28,123.9,123.9,119.0,119.7,16622
2019-10-29,125.0,129.9,124.0,126.8,52672
2019-10-30,127.5,138.9,126.1,132.8,38526
2019-10-31,134.8,135.4,130.0,132.7,31054
2019-11-03,132.0,137.4,132.0,135.1,33327
2019-11-04,136.6,136.6,132.1,134.1,15721
2019-11-05,135.5,135.6,132.5,134.2,26362
2019-11-06,135.8,135.9,133.1,133.8,19308
2019-11-12,134.0,135.0,129.1,130.2,20634
2019-11-13,133.2,134.4,129.9,130.6,14431
2019-11-14,132.0,132.6,130.8,131.7,18861
2019-11-17,133.5,142.0,132.6,140.5,36703
2019-11-18,141.8,142.9,136.6,138.2,47075
2019-11-20,138.0,139.8,133.0,136.6,16144
2019-11-21,136.7,142.9,136.7,139.4,28607
2019-11-24,142.4,142.5,138.2,139.2,20355
2019-11-25,141.9,142.0,138.4,139.0,8788
2019-11-26,138.3,139.5,135.0,136.1,35183
2019-11-27,139.0,139.0,131.0,132.4,22461
2019-11-28,133.1,137.0,132.8,133.8,20181
2019-12-01,135.8,135.8,131.7,132.0,11668
2019-12-02,132.5,133.9,128.8,130.8,10481
2019-12-03,133.0,133.3,130.7,131.3,9100
2019-12-04,130.0,132.5,127.7,128.6,13661
2019-12-05,130.0,130.9,128.6,129.2,7244
2019-12-08,131.8,131.8,128.0,128.5,11024
2019-12-09,130.8,130.8,126.2,127.9,9502
2019-12-10,129.9,130.0,127.7,128.7,10272
2019-12-11,128.7,129.4,128.7,128.9,12391
2019-12-12,128.8,136.0,128.8,135.1,22796
2019-12-15,136.7,136.7,130.0,132.5,14170
2019-12-17,133.6,133.6,128.1,128.1,10532
2019-12-18,129.8999939,131.8999939,125.1999969,129.3999939,13011
2019-12-19,131.8999939,131.8999939,128.1999969,128.5,5162
2019-12-22,127.6,127.6,119.0,121.9,32069
2019-12-23,121.0,121.7,110.5,114.1,21198
2019-12-24,113.5,113.5,106.0,108.5,50595
2019-12-26,110.0,112.9,109.1,112.1,44396
2019-12-29,115.0,115.4,109.0,109.6,20739
2019-12-30,111.7,113.4,108.6,110.7,17448
2020-01-01,114.5,114.5,108.0,108.9,54774
2020-01-02,109.0,112.6,109.0,111.5,79147
2020-01-05,112.1,112.9,107.0,108.0,84197
2020-01-06,109.3,109.4,105.8,106.3,43810
2020-01-07,107.9,107.9,97.0,101.9,55039
2020-01-08,103.0,103.6,95.0,96.2,54760
2020-01-09,96.3,100.9,95.0,98.9,27180
2020-01-12,100.9,103.5,99.2,102.5,31153
2020-01-13,102.0,103.0,94.7,95.6,49910
2020-01-14,95.4,95.4,90.0,91.0,46259
2020-01-15,91.8,96.0,87.2,88.1,47291
2020-01-16,88.0,89.6,80.0,80.3,127470
2020-01-19,81.9,88.3,81.8,88.3,118359
2020-01-20,92.2,93.7,88.5,91.8,74463
2020-01-21,90.8,90.8,86.5,89.1,67837
2020-01-22,88.4,89.2,87.0,87.3,27191
2020-01-23,87.5,92.0,87.0,88.4,82740
2020-01-26,88.4,91.0,87.7,88.6,46052
2020-01-27,86.0,86.1,82.3,83.4,81386
2020-01-28,83.4,86.8,83.4,85.9,42270
2020-01-29,85.9,87.0,85.1,85.6,28367
2020-01-30,85.6,86.8,84.3,84.8,29573
2020-02-02,84.9,85.6,83.9,84.1,17572
2020-02-03,85.0,86.0,85.0,85.6,21855
2020-02-04,85.6,89.0,85.6,88.1,46048
2020-02-05,88.9,92.0,87.0,91.0,81028
2020-02-06,91.0,91.2,87.9,88.5,53858
2020-02-09,88.5,90.3,87.6,88.1,32912
2020-02-10,89.0,89.5,87.5,87.8,17217
2020-02-11,88.7,89.5,88.1,88.5,24183
2020-02-12,89.4,89.8,87.1,87.6,30461
2020-02-13,88.0,91.6,88.0,90.0,61151
2020-02-16,91.8,92.8,90.5,92.3,66348
2020-02-17,93.6,93.6,90.0,91.0,60791
2020-02-18,91.0,98.8,91.0,96.9,131451
2020-02-19,98.0,99.6,95.3,96.9,94957
2020-02-20,96.2,103.7,96.2,98.1,97083
2020-02-23,98.1,99.0,95.5,96.0,47902
2020-02-24,95.8,96.9,91.1,92.7,20508
2020-02-25,94.0,96.0,94.0,95.0,25761
2020-02-26,95.0,95.4,93.7,94.0,36144
2020-02-27,94.0,96.7,93.2,93.8,30624
2020-03-01,92.8,92.8,89.3,90.2,33474
2020-03-02,90.0,91.5,89.0,90.5,24726
2020-03-03,92.8,93.3,90.0,91.3,19552
2020-03-04,92.9,94.0,91.3,91.8,26740
2020-03-05,93.4,97.4,92.0,97.0,46088
2020-03-08,97.4,101.3,94.0,95.4,51953
2020-03-09,93.0,95.2,86.2,86.4,52578
2020-03-10,88.0,94.0,87.0,93.1,39648
2020-03-11,94.7,102.3,92.5,100.1,130884
2020-03-12,103.0,103.0,96.0,96.8,154010
2020-03-15,93.0,102.5,87.3,99.3,110113
2020-03-16,100.0,104.7,92.2,98.5,175865
2020-03-18,99.5,103.0,88.7,92.7,123968
2020-03-19,97.8,99.0,97.7,97.8,65613
2020-03-22,98.5,107.5,97.5,107.5,272948
2020-03-23,109.0,114.0,105.6,109.3,214134
2020-03-24,109.3,109.3,100.0,102.7,89962
2020-03-25,102.7,105.7,101.1,105.0,48556
2020-05-31,102.5,102.5,97.5,98.3,42905
2020-06-01,100.0,100.0,97.5,97.5,79159
2020-06-02,97.5,97.5,97.5,97.5,32895
2020-06-03,97.5,97.5,97.5,97.5,758
2020-06-04,97.5,97.5,97.5,97.5,332
2020-06-07,97.5,97.5,97.5,97.5,76
2020-06-08,97.5,97.5,97.5,97.5,1000
2020-06-09,97.5,97.5,97.5,97.5,103
2020-06-10,97.5,97.5,97.5,97.5,1120
2020-06-11,97.5,97.5,97.5,97.5,210
2020-06-14,97.5,97.5,97.5,97.5,138
2020-06-16,97.5,97.5,97.5,97.5,90
2020-06-18,97.5,97.5,97.5,97.5,25
2020-06-21,97.5,97.5,97.5,97.5,50
2020-06-22,97.5,97.5,97.5,97.5,309
2020-06-23,97.5,102.0,97.5,97.5,198625
2020-06-24,97.5,97.5,97.5,97.5,9845
2020-06-25,97.5,97.5,97.5,97.5,3234
2020-06-28,97.5,97.5,97.5,97.5,2951
2020-06-29,97.5,97.5,97.5,97.5,548
2020-06-30,97.5,97.5,97.5,97.5,1219
2020-07-02,97.5,97.5,97.5,97.5,222
2020-07-05,97.5,97.5,97.5,97.5,2480
2020-07-06,97.5,97.5,97.5,97.5,1
2020-07-07,97.5,97.5,97.5,97.5,80
2020-07-08,97.5,97.5,97.5,97.5,1924
2020-07-09,97.5,97.5,97.5,97.5,4272
2020-07-12,97.5,99.5,97.5,97.5,242533
2020-07-13,97.5,99.4,97.5,98.1,149222
2020-07-14,98.1,99.4,97.5,97.5,44054
2020-07-15,97.5,97.5,97.5,97.5,7126
2020-07-16,97.5,97.5,97.5,97.5,75
2020-07-19,97.5,97.5,97.5,97.5,38945
2020-07-20,97.5,97.5,97.5,97.5,4625
2020-07-21,107.2,107.2,97.5,98.3,289348
2020-07-22,100.3,101.7,97.6,98.0,106886
2020-07-23,98.5,98.5,97.5,97.6,75397
2020-07-26,97.6,100.0,97.5,97.5,45867
2020-07-27,97.7,99.0,97.5,97.5,57852
2020-07-28,97.5,97.5,97.5,97.5,10601
2020-07-29,97.5,97.5,97.5,97.5,5454
2020-07-30,97.5,97.5,97.5,97.5,26466
2020-08-03,97.5,99.0,97.5,97.5,91161
2020-08-04,97.6,100.5,97.5,97.6,100315
2020-08-05,99.3,99.3,97.5,97.5,59997
2020-08-06,97.5,98.3,97.5,97.5,83938
2020-08-09,97.5,101.8,97.5,100.8,168830
2020-08-10,101.0,109.8,100.5,107.7,300263
2020-08-12,106.0,109.7,103.0,103.7,180754
2020-08-13,104.0,105.9,100.8,102.6,163058
2020-08-16,103.9,107.0,102.6,104.3,108457
2020-08-17,107.0,114.4,103.9,110.7,286477
2020-08-18,110.6,114.8,107.0,107.4,129715
2020-08-19,109.6,111.0,104.1,104.7,117490
2020-08-20,107.8,107.8,104.6,105.5,72283
2020-08-23,106.5,109.5,104.0,105.1,73935
2020-08-24,107.8,108.1,103.4,104.7,86429
2020-08-25,105.1,107.7,104.1,104.8,53322
2020-08-26,106.8,113.9,105.5,110.7,192967
2020-08-27,113.0,114.9,108.4,109.2,107981
2020-08-31,109.2,110.1,106.5,106.8,100801
2020-09-01,107.1,114.5,106.5,112.7,152536
2020-09-02,113.0,123.9,113.0,123.9,355062
2020-09-03,122.5,133.0,122.5,132.0,276316
2020-09-06,132.0,135.0,127.1,128.7,263650
2020-09-07,128.6,138.0,125.0,136.2,216033
2020-09-08,138.0,145.0,136.0,137.0,225239
2020-09-09,137.0,139.0,128.0,131.4,113446
2020-09-10,135.0,138.0,130.0,135.3,103167
2020-09-13,137.4,141.8,130.2,132.4,150904
2020-09-14,132.6,135.3,129.0,129.3,100067
2020-09-15,130.0,133.0,127.5,128.7,100189
2020-09-16,129.5,133.5,125.5,126.5,126165
2020-09-17,126.5,127.5,122.5,123.0,116441
2020-09-20,124.0,124.0,119.0,120.5,75368
2020-09-21,120.7,124.8,119.0,120.9,58687
2020-09-22,121.7,121.7,116.5,117.7,28485
2020-09-23,117.9,120.6,112.6,113.7,96313
2020-09-24,113.7,118.0,113.6,115.6,32130
2020-09-27,117.6,117.6,112.8,113.2,57846
2020-09-28,113.6,121.6,113.6,118.6,70081
2020-09-29,120.1,120.8,115.0,115.2,44649
2020-09-30,114.3,116.2,113.0,113.5,42439
2020-10-01,116.0,118.8,113.6,115.6,74163
2020-10-04,117.0,119.4,114.6,115.1,39158
2020-10-05,115.4,116.0,112.6,113.2,53038
2020-10-06,113.2,114.0,107.1,108.0,77274
2020-10-07,111.0,114.0,108.0,111.1,41738
2020-10-08,111.2,114.8,111.1,112.0,52055
2020-10-11,114.5,114.5,106.9,107.1,33577
2020-10-12,108.0,109.9,102.0,105.5,34270
2020-10-13,106.0,109.2,104.8,107.2,26383
2020-10-14,109.7,114.0,106.0,110.0,71172
2020-10-15,112.6,112.6,108.0,109.0,22280
2020-10-18,109.3,110.5,106.6,107.3,37052
2020-10-19,109.0,112.0,107.1,107.5,29935
2020-10-20,108.0,109.9,105.8,106.3,34315
2020-10-21,106.6,108.7,105.3,105.5,29521
2020-10-22,105.5,105.8,102.0,102.4,43351
2020-10-25,103.2,103.2,98.5,100.1,35194
2020-10-27,100.0,100.1,98.0,98.7,23207
2020-10-28,98.1,99.7,97.5,97.8,46541
2020-10-29,97.6,106.9,97.5,101.2,66049
2020-11-01,103.5,103.5,98.2,100.1,14108
2020-11-02,99.0,103.3,99.0,100.0,22056
2020-11-03,102.9,102.9,99.0,100.8,18445
2020-11-04,102.5,102.5,98.0,98.3,26194
2020-11-05,98.1,100.0,97.6,99.8,23240
2020-11-08,98.1,98.4,97.5,97.5,27141
2020-11-09,97.5,98.6,97.5,97.5,35914
2020-11-10,97.6,97.6,97.5,97.5,14316
2020-11-11,97.5,97.5,97.5,97.5,3376
2020-11-12,97.5,97.5,97.5,97.5,456
2020-11-15,97.5,99.7,97.5,97.5,28869
2020-11-16,97.5,97.5,97.5,97.5,4590
2020-11-17,97.5,100.0,97.5,97.9,46819
2020-11-19,97.6,105.0,97.5,101.9,110159
2020-11-22,103.9,104.0,100.0,100.1,33865
2020-11-23,98.3,98.9,97.5,97.6,52893
2020-11-24,102.5,103.0,98.0,99.0,18373
2020-11-25,101.0,102.0,97.7,98.0,35251
2020-11-26,100.9,100.9,97.5,97.6,40960
2020-11-29,97.6,98.7,97.5,97.7,39941
2020-11-30,98.9,98.9,97.5,97.5,37367
2020-12-01,98.7,99.9,97.5,97.5,14994
2020-12-02,98.8,100.0,97.5,99.3,19106
2020-12-03,100.3,101.0,98.0,98.3,25493
2020-12-06,101.8,101.8,98.2,99.8,15361
2020-12-07,100.0,101.3,98.3,98.5,12913
2020-12-08,98.7,99.0,97.7,98.1,11132
2020-12-09,98.2,99.3,97.6,97.9,32514
2020-12-10,98.0,99.0,97.5,97.6,36968
2020-12-13,97.6,99.9,97.6,99.0,30298
2020-12-14,99.0,99.3,97.6,97.9,22785
2020-12-15,98.1,103.4,97.9,99.8,83132
2020-12-17,100.1,102.5,99.8,100.7,35991
2020-12-20,102.5,102.5,98.3,98.7,38434
2020-12-21,98.2,99.7,97.9,98.6,27473
2020-12-22,98.7,99.8,97.5,97.9,36771
2020-12-23,97.9,98.6,97.5,97.5,42891
2020-12-24,97.6,98.0,97.5,97.5,26845
2020-12-27,97.5,100.0,97.5,98.9,37287
2020-12-28,100.9,104.0,98.6,103.2,111159
2020-12-29,104.0,105.9,100.0,102.1,51534
2020-12-30,99.2,102.9,99.1,99.5,36817
2021-01-03,99.9,100.5,97.6,98.6,47323
2021-01-04,98.6,100.0,97.5,98.0,75846
2021-01-05,99.5,100.0,97.5,97.6,73988
2021-01-06,97.8,98.9,97.5,97.7,35703
2021-01-07,97.9,98.8,97.5,97.6,35256
2021-01-10,97.6,98.5,97.5,97.5,39795
2021-01-11,97.5,97.5,97.5,97.5,17381
2021-01-12,97.5,102.4,97.5,99.5,205034
2021-01-13,100.0,100.4,97.5,97.6,93135
2021-01-14,98.1,98.1,97.5,97.5,63514
2021-01-17,97.5,97.5,97.5,97.5,12941
2021-01-18,97.5,97.5,97.5,97.5,3347
2021-01-19,97.5,97.5,97.5,97.5,1205
2021-01-20,97.5,97.5,97.5,97.5,1081
2021-01-21,97.5,97.5,97.5,97.5,2735
2021-01-24,97.5,97.5,97.5,97.5,6355
2021-01-25,97.5,97.5,97.5,97.5,1571
2021-01-26,97.5,97.5,97.5,97.5,155
2021-01-27,97.5,97.5,97.5,97.5,1111
2021-01-28,97.5,97.5,97.5,97.5,126
2021-01-31,97.5,97.5,97.5,97.5,165
2021-02-01,97.5,97.5,97.5,97.5,301
2021-02-02,97.5,97.5,97.5,97.5,2
2021-02-03,97.5,97.5,97.5,97.5,887
2021-02-04,97.5,97.5,97.5,97.5,1405
2021-02-07,97.5,97.5,97.5,97.5,3
2021-02-08,97.5,97.5,97.5,97.5,2725
2021-02-09,97.5,97.5,97.5,97.5,60
2021-02-10,97.5,97.5,97.5,97.5,13
2021-02-11,97.5,97.5,97.5,97.5,2090
2021-02-14,97.5,97.5,97.5,97.5,250
2021-02-15,97.5,97.5,97.5,97.5,301
2021-02-16,97.5,97.5,97.5,97.5,50
2021-02-17,97.5,97.5,97.5,97.5,287
2021-02-18,97.5,97.5,97.5,97.5,150
2021-02-23,97.5,97.5,97.5,97.5,10
2021-02-24,97.5,97.5,97.5,97.5,110
2021-02-28,97.5,97.5,97.5,97.5,1061
2021-03-01,97.5,97.5,97.5,97.5,1
2021-03-02,97.5,97.5,97.5,97.5,825
2021-03-03,97.5,97.5,97.5,97.5,4691
2021-03-04,97.5,97.5,97.5,97.5,3919
2021-03-07,97.5,97.5,97.5,97.5,201
2021-03-08,97.5,97.5,97.5,97.5,1580
2021-03-09,97.5,97.5,97.5,97.5,237
2021-03-10,97.5,97.5,97.5,97.5,289
2021-03-11,97.5,97.5,97.5,97.5,164
2021-03-14,97.5,97.5,97.5,97.5,163
2021-03-15,97.5,97.5,97.5,97.5,5986
2021-03-16,97.5,107.2,97.5,107.2,798621
2021-03-18,116.0,117.9,112.1,117.9,624373
2021-03-21,116.8,116.8,106.2,106.2,405157
2021-03-22,103.3,113.5,98.0,106.8,396070
2021-03-23,107.0,110.0,98.5,99.7,259917
2021-03-24,99.3,109.6,99.3,104.7,385712
2021-03-25,103.7,111.0,103.7,106.2,200254
2021-03-28,107.0,113.9,107.0,111.6,364263
2021-03-29,113.0,117.3,110.0,111.0,430944
2021-03-31,110.1,110.5,101.6,103.8,298708
2021-04-01,103.1,108.9,102.1,106.1,187398
2021-04-04,97.6,103.9,97.5,97.9,357331
2021-04-05,99.0,102.3,99.0,100.8,91810
2021-04-06,101.5,103.8,101.5,102.8,181598
2021-04-07,104.8,104.8,100.0,101.3,179291
2021-04-08,98.1,100.0,97.5,97.5,88644
2021-04-11,97.5,97.5,97.5,97.5,2609
2021-04-12,97.5,97.5,97.5,97.5,3727
2021-04-13,97.5,97.5,97.5,97.5,9137
2021-04-15,97.5,97.5,97.5,97.5,1985
2021-04-18,97.5,97.5,97.5,97.5,1295
2021-04-19,97.5,97.5,97.5,97.5,10028
2021-04-20,97.5,97.5,97.5,97.5,24073
2021-04-21,97.5,104.5,97.5,103.2,292025
2021-04-22,104.0,105.0,98.1,99.6,192436
2021-04-25,99.8,99.8,97.5,98.0,275094
2021-04-26,99.7,104.8,98.0,103.7,229460
2021-04-27,104.5,105.5,99.0,99.6,124354
2021-04-28,101.3,101.5,98.0,98.6,135891
2021-04-29,98.3,100.5,97.6,97.8,195051
2021-05-02,98.0,99.3,97.5,97.5,140474
2021-05-03,97.5,99.0,97.5,97.5,69921
2021-05-04,97.5,97.5,97.5,97.5,14227
2021-05-05,97.5,97.5,97.5,97.5,4486
2021-05-06,97.5,97.5,97.5,97.5,14715
2021-05-09,97.5,97.5,97.5,97.5,5532
2021-05-11,97.5,97.5,97.5,97.5,3816
2021-05-12,97.5,97.5,97.5,97.5,4381
2021-05-16,97.5,99.2,97.5,97.8,115855
2021-05-17,98.9,99.7,97.5,97.5,181554
2021-05-18,97.5,97.5,97.5,97.5,13328
2021-05-19,97.5,97.5,97.5,97.5,2882
2021-05-20,97.5,97.5,97.5,97.5,449
2021-05-23,97.5,97.5,97.5,97.5,311
2021-05-24,97.5,97.5,97.5,97.5,2796
2021-05-25,97.5,97.5,97.5,97.5,1460
2021-05-27,97.5,97.5,97.5,97.5,10205
2021-05-30,97.5,97.5,97.5,97.5,315
2021-05-31,97.5,97.5,97.5,97.5,10542
2021-06-01,97.5,97.5,97.5,97.5,1376
2021-06-02,97.5,97.5,97.5,97.5,2342
2021-06-03,97.5,97.5,97.5,97.5,710
2021-06-06,95.6,95.6,95.6,95.6,1493
2021-06-07,93.7,93.7,93.7,93.7,1391
2021-06-08,91.9,91.9,91.9,91.9,11359
2021-06-09,90.5,99.4,90.4,98.1,281390
2021-06-10,98.5,101.0,96.2,96.8,117912
2021-06-13,95.2,97.0,94.9,94.9,98946
2021-06-14,95.0,95.0,93.0,93.0,35802
2021-06-15,91.4,93.3,91.2,91.2,89608
2021-06-16,91.1,92.9,90.2,91.4,47458
2021-06-17,92.0,92.0,89.6,89.9,85246
2021-06-20,88.8,93.9,86.0,92.1,63633
2021-06-21,93.0,93.8,90.0,90.6,74641
2021-06-22,92.9,92.9,90.0,90.3,71682
2021-06-23,91.3,94.3,90.0,92.2,108423
2021-06-24,93.0,94.0,91.0,91.5,39490
2021-06-27,92.3,92.3,87.0,87.4,53044
2021-06-28,87.4,91.0,86.2,90.0,41749
2021-06-29,91.5,93.4,91.0,92.3,78440
2021-06-30,93.5,93.8,90.5,91.8,41955
2021-07-05,92.0,93.4,91.2,91.8,27773
2021-07-06,91.4,92.1,89.0,89.3,84052
2021-07-07,90.9,91.4,89.2,89.9,35212
2021-07-08,91.0,98.3,91.0,97.8,235655
2021-07-12,98.8,102.0,97.1,99.6,161105
2021-07-13,100.9,100.9,95.1,95.7,92532
2021-07-14,95.7,99.0,95.4,96.7,101132
2021-07-15,96.3,102.5,96.3,100.8,213112
2021-07-18,102.0,110.8,101.5,110.7,405194
2021-07-19,114.0,114.0,105.1,110.0,252538
2021-07-25,108.2,108.2,103.3,105.0,103472
2021-07-26,104.5,106.8,101.5,102.5,97479
2021-07-27,102.5,105.0,101.5,102.3,57698
2021-07-28,103.5,104.5,100.5,101.2,58529
2021-07-29,102.9,102.9,99.3,100.1,90154
2021-08-02,101.4,106.9,99.0,105.1,206517
2021-08-03,104.9,115.6,104.9,113.8,480996
2021-08-05,115.0,117.3,111.1,112.8,288516
2021-08-09,112.3,119.0,110.2,116.9,323916
2021-08-10,119.0,126.0,117.3,118.3,361325
2021-08-11,118.3,119.8,113.7,117.8,187273
2021-08-12,119.9,126.6,118.4,122.3,294439
2021-08-16,121.0,126.5,120.7,121.5,197199
2021-08-17,122.4,122.8,114.1,116.3,165386
2021-08-18,117.5,123.7,116.2,121.6,201227
2021-08-19,121.0,121.5,118.1,119.0,178035
2021-08-22,130.9,130.9,130.9,130.9,137461
2021-08-23,143.0,143.0,129.5,131.1,768306
2021-08-24,131.2,133.5,125.0,125.6,300305
2021-08-25,126.6,130.0,125.1,128.6,278193
2021-08-26,129.1,141.4,129.0,140.1,446086
2021-08-29,145.0,154.1,144.9,153.9,537241
2021-08-31,153.9,162.9,145.5,158.9,354256
2021-09-01,158.9,169.0,155.5,162.0,337843
2021-09-02,163.0,166.9,160.0,160.6,316760
2021-09-05,154.0,164.0,154.0,155.7,390968
2021-09-06,157.8,160.0,151.4,153.0,239929
2021-09-07,155.0,156.9,148.0,148.5,255058
2021-09-08,150.0,159.9,150.0,156.5,300019
2021-09-09,156.5,156.5,150.1,151.2,235859
2021-09-12,153.0,159.5,150.5,151.5,248024
2021-09-13,152.0,155.7,150.5,151.7,122320
2021-09-14,153.9,154.7,146.0,147.8,125752
2021-09-15,152.7,152.7,146.0,149.6,121033
2021-09-16,152.0,155.3,150.0,150.5,166777
2021-09-19,153.6,165.5,152.1,165.3,497454
2021-09-20,168.0,169.0,156.1,157.3,252006
2021-09-21,156.0,158.8,152.1,154.1,146349
2021-09-22,155.0,156.8,152.1,152.4,110041
2021-09-23,153.2,162.3,153.2,157.5,142728
2021-09-26,161.8,161.8,153.0,153.3,125860
2021-09-27,152.7,156.8,152.7,153.7,100622
2021-09-28,153.7,156.2,149.3,150.9,111602
2021-09-29,151.5,153.4,147.0,148.2,94723
2021-09-30,148.2,151.5,145.4,149.1,90632
2021-10-03,150.0,154.7,147.0,147.6,74330
2021-10-04,149.9,149.9,142.0,142.6,109396
2021-10-05,144.5,144.6,132.0,133.4,155547
2021-10-06,138.0,138.0,126.0,126.9,78607
2021-10-07,127.5,129.8,122.0,126.1,70839
2021-10-10,127.0,137.8,127.0,134.9,63549
2021-10-11,135.0,137.5,130.0,132.4,53993
2021-10-12,132.0,134.5,126.5,127.9,79108
2021-10-13,128.4,129.7,120.8,122.8,50972
2021-10-14,123.7,126.5,121.0,123.6,36344
2021-10-17,125.9,126.5,120.0,120.6,47380
2021-10-18,123.9,123.9,115.0,115.9,57659
2021-10-19,116.0,120.0,113.0,113.9,50896
2021-10-21,117.0,117.0,113.0,113.8,35797
2021-10-24,114.2,114.2,102.5,102.6,80671
2021-10-25,107.0,107.0,97.0,100.0,64129
2021-10-26,100.2,110.0,99.2,108.0,49094
2021-10-27,110.0,112.5,108.6,109.1,61111
2021-10-28,108.0,109.2,103.0,107.7,38902
2021-10-31,108.0,108.0,98.6,100.5,65695
2021-11-01,101.0,104.0,99.5,100.5,39478
2021-11-02,101.0,103.5,100.1,101.0,33284
2021-11-03,101.2,107.0,101.1,105.2,65440
2021-11-04,104.5,106.0,103.9,105.0,32002
2021-11-07,104.0,106.0,101.2,101.6,36105
2021-11-08,100.2,101.5,96.0,96.4,96553
2021-11-09,88.9,93.0,87.2,88.8,129484
2021-11-10,86.0,94.5,86.0,92.8,45829
2021-11-11,93.4,93.4,89.0,89.3,41183
2021-11-14,89.6,89.7,86.0,86.7,37709
2021-11-15,86.2,89.0,85.5,86.0,34878
2021-11-16,86.2,88.4,83.0,84.3,25732
2021-11-17,83.5,86.5,83.3,83.7,16335
2021-11-21,84.2,86.5,84.0,84.6,31491
2021-11-22,84.0,86.9,84.0,84.6,21098
2021-11-23,86.2,86.5,84.7,85.9,16287
2021-11-24,87.7,90.0,86.1,87.8,36167
2021-11-25,90.0,90.0,87.8,89.3,19862
2021-11-28,90.0,97.3,89.3,95.6,81970
2021-11-29,96.8,99.6,94.0,95.6,50998
2021-11-30,96.8,96.8,91.6,92.1,28227
2021-12-01,96.5,96.5,90.5,91.6,12190
2021-12-02,94.6,94.6,91.0,92.2,15360
2021-12-05,96.0,96.0,93.3,93.8,36411
2021-12-06,95.5,97.0,94.3,96.1,49461
2021-12-07,97.8,105.5,96.7,104.9,125254
2021-12-08,104.9,115.3,104.5,111.2,149703
2021-12-09,111.2,115.0,107.3,112.0,98300
2021-12-12,114.8,122.4,114.8,119.9,147846
2021-12-13,117.1,121.8,112.0,113.1,73875
2021-12-14,112.9,115.0,110.0,110.8,88770
2021-12-15,111.0,112.9,104.3,106.7,55637
2021-12-19,108.3,108.3,98.5,100.3,45682
2021-12-20,100.3,104.7,98.3,102.0,54678
2021-12-21,104.7,107.0,100.4,105.4,53189
2021-12-22,106.5,109.6,104.1,105.3,60067
2021-12-23,107.0,107.0,100.3,101.9,28439
2021-12-26,99.6,102.3,99.1,99.5,23520
2021-12-27,100.0,102.0,99.2,100.6,23748
2021-12-28,101.1,101.7,100.1,100.7,24000
2021-12-29,101.0,104.0,101.0,102.6,22655
2021-12-30,102.4,103.9,101.0,102.3,21498
2022-01-02,104.2,104.3,100.5,101.7,30476
2022-01-03,104.2,106.4,102.0,103.6,32816
2022-01-04,103.0,104.2,101.7,102.1,15052
2022-01-05,103.9,103.9,102.0,102.4,37258
2022-01-06,102.3,103.9,101.5,101.7,22773
2022-01-09,105.6,105.6,101.1,101.7,30472
2022-01-10,101.8,103.6,101.6,101.9,44122
2022-01-11,102.0,103.8,100.5,101.7,42701
2022-01-12,101.7,103.0,98.5,100.0,49060
2022-01-13,102.4,103.0,99.1,100.0,30958
2022-01-16,103.6,110.0,103.6,110.0,82704
2022-01-17,116.5,120.0,112.0,113.5,209590
2022-01-18,113.0,113.5,107.0,108.4,77268
2022-01-19,109.2,114.5,108.2,109.0,83622
2022-01-20,109.0,109.0,105.7,107.0,69298
2022-01-23,105.0,105.5,102.0,103.2,84042
2022-01-24,103.6,105.7,101.5,102.0,58055
2022-01-25,102.5,103.9,101.4,101.6,41824
2022-01-26,102.5,102.5,100.3,101.7,40022
2022-01-27,102.5,104.8,101.0,103.0,18232
2022-01-30,101.5,102.0,100.0,100.9,43330
2022-01-31,100.2,101.9,99.9,100.2,34217
2022-02-01,101.9,103.0,100.1,101.0,29853
2022-02-02,102.0,102.8,100.0,100.8,54113
2022-02-03,101.2,102.5,100.1,101.4,7786
2022-02-06,104.9,104.9,101.2,102.1,23262
2022-02-07,104.0,104.0,102.0,103.0,16831
2022-02-08,101.5,103.7,101.0,102.4,16871
2022-02-09,102.9,105.9,102.8,104.9,50443
2022-02-10,104.9,113.0,104.0,110.5,190059
2022-02-13,111.4,111.4,106.2,107.1,79369
2022-02-14,107.5,108.1,101.8,103.7,49623
2022-02-15,106.0,110.0,103.3,108.2,51238
2022-02-16,110.5,115.0,108.9,111.2,159081
2022-02-17,111.8,114.6,108.5,109.6,80642
2022-02-20,110.0,120.0,109.8,119.3,408621
2022-02-22,120.0,123.0,114.0,114.8,112958
2022-02-23,114.9,114.9,110.0,110.7,86970
2022-02-24,108.4,110.6,105.6,106.7,61332
2022-02-27,103.6,106.1,102.2,103.0,61490
2022-02-28,104.1,107.0,103.1,106.2,51159
2022-03-01,107.9,110.0,104.8,105.2,59068
2022-03-02,105.6,105.7,102.3,104.5,34782
2022-03-03,107.0,107.0,103.5,106.1,40400
2022-03-06,105.6,107.1,105.1,105.9,26092
2022-03-07,105.9,106.0,103.7,103.9,52826
2022-03-08,104.2,105.0,99.2,102.7,45964
2022-03-09,105.0,106.9,103.8,105.9,30587
2022-03-10,106.0,106.9,103.8,104.1,36559
2022-03-13,107.3,107.3,103.8,105.5,18571
2022-03-14,105.6,109.0,105.6,107.0,39213
2022-03-15,107.3,108.4,104.9,105.3,42949
2022-03-16,105.0,108.0,103.3,106.8,32146
2022-03-20,105.4,108.0,104.8,105.0,45953
2022-03-21,105.0,106.0,103.7,104.9,18952
2022-03-22,108.0,108.3,105.4,107.3,44077
2022-03-23,108.1,108.8,105.2,106.1,35089
2022-03-24,108.6,108.7,104.7,105.3,20247
2022-03-27,105.1,107.0,105.0,105.7,17218
2022-03-28,106.8,109.8,106.2,108.5,93642
2022-03-29,109.8,111.0,107.1,107.9,49947
2022-03-30,109.0,109.0,106.0,106.2,23637
2022-03-31,106.0,108.5,105.3,108.0,19313
2022-04-03,108.0,108.0,105.9,105.9,22203
2022-04-04,105.5,106.4,103.8,105.0,16545
2022-04-05,105.0,105.8,103.0,103.2,22820
2022-04-06,103.2,103.2,101.5,101.7,22796
2022-04-07,102.1,103.4,99.9,102.7,33194
2022-04-10,103.7,105.0,102.1,104.4,11727
2022-04-11,105.9,105.9,102.5,102.6,12241
2022-04-12,105.0,105.0,100.7,103.1,25079
2022-04-13,101.1,103.8,101.1,101.8,20959
2022-04-17,101.8,103.7,100.0,100.5,14084
2022-04-18,100.1,100.1,98.5,98.6,24642
2022-04-19,97.6,100.8,96.7,98.8,21649
2022-04-20,103.9,103.9,100.7,101.3,11920
2022-04-21,102.9,103.0,100.5,102.4,19505
2022-04-24,104.4,104.4,101.5,102.3,10032
2022-04-25,103.0,103.0,100.0,100.4,20815
2022-04-26,100.0,101.0,98.5,99.0,20592
2022-04-27,98.0,101.4,98.0,100.1,10116
2022-04-28,98.0,101.0,98.0,100.4,11890
2022-05-05,97.1,101.2,97.1,100.3,9070
2022-05-08,99.0,101.7,98.3,101.3,15614
2022-05-09,103.1,103.1,100.4,100.9,33202
2022-05-10,102.5,103.8,100.0,102.3,43763
2022-05-11,100.4,102.5,100.3,100.5,19831
2022-05-12,100.0,100.8,99.6,99.9,20279
2022-05-16,99.8,99.8,95.0,95.2,33583
2022-05-17,97.0,99.2,94.1,95.7,16012
2022-05-18,99.7,99.7,95.0,95.3,19071
2022-05-19,98.6,98.6,93.0,94.2,13914
2022-05-22,91.1,92.4,91.0,91.5,8954
2022-05-23,93.6,95.0,93.0,93.4,19018
2022-05-24,93.1,93.6,91.8,92.9,10958
2022-05-25,91.5,92.0,89.2,90.1,16363
2022-05-26,90.1,91.0,88.3,89.3,20931
2022-05-29,92.0,94.9,90.2,94.4,15537
2022-05-30,95.1,95.2,92.7,92.9,21811
2022-05-31,93.0,93.8,93.0,93.0,3776
2022-06-01,94.3,96.7,94.1,96.3,38347
2022-06-02,96.9,98.8,96.1,97.5,18281
2022-06-05,97.1,98.0,95.6,95.9,43829
2022-06-06,97.8,97.8,94.0,95.4,18599
2022-06-07,96.0,96.0,94.0,94.6,14565
2022-06-08,96.9,96.9,94.0,94.2,8139
2022-06-09,96.7,96.7,94.9,95.2,6761
2022-06-12,95.2,95.3,94.3,94.7,7330
2022-06-13,94.1,96.0,94.0,94.7,15215
2022-06-14,93.5,95.0,92.9,93.5,10818
2022-06-15,94.0,95.0,92.3,93.6,16840
2022-06-16,94.9,94.9,93.6,93.8,10518
2022-06-19,94.1,95.3,93.8,93.9,11553
2022-06-20,93.8,93.8,92.1,92.7,24509
2022-06-21,91.5,93.8,91.1,91.6,7890
2022-06-22,93.5,93.8,91.6,92.4,11714
2022-06-23,93.6,93.8,90.6,90.8,26461
2022-06-26,91.6,93.0,91.4,92.4,13591
2022-06-27,92.4,96.9,92.0,94.4,33516
2022-06-28,95.0,96.4,93.7,95.5,34312
2022-06-29,96.9,105.0,95.0,101.8,110728
2022-06-30,104.0,106.9,101.2,101.4,91950
2022-07-03,101.5,103.9,99.7,99.8,42607
2022-07-04,99.1,99.4,98.0,98.5,49632
2022-07-05,98.6,102.0,97.5,100.4,25210
2022-07-06,100.1,103.5,98.4,100.3,36786
2022-07-07,100.1,101.4,99.2,99.7,16842
2022-07-12,99.1,100.9,98.0,98.5,14440
2022-07-13,98.9,101.5,98.2,99.9,21355
2022-07-14,100.3,104.8,100.0,102.6,95015
2022-07-17,103.0,107.3,102.8,105.4,78238
2022-07-18,107.3,107.3,103.3,103.3,25947
2022-07-19,101.3,101.3,101.3,101.3,4942
2022-07-20,100.1,101.0,99.3,99.4,38052
2022-07-21,100.0,101.0,99.0,99.2,26518
2022-07-24,99.3,99.3,97.3,97.3,20984
2022-07-25,95.4,97.9,95.4,96.0,22667
2022-07-26,102.8,102.8,96.6,96.8,7998
2022-07-27,96.6,96.6,94.9,94.9,23248
2022-07-28,94.9,98.8,93.1,93.7,19106
2022-07-31,99.9,99.9,95.7,96.5,7223
2022-08-01,96.6,99.0,96.6,98.5,10900
2022-08-02,98.5,99.9,96.7,98.0,44816
2022-08-03,101.0,101.6,96.0,98.8,28825
2022-08-04,98.1,99.5,96.2,98.0,22087
2022-08-07,98.0,98.0,96.2,96.5,8621
2022-08-08,98.5,98.5,96.2,98.0,13471
2022-08-10,98.0,98.2,96.0,97.5,15720
2022-08-11,95.8,98.1,95.8,96.2,16032
2022-08-14,96.2,96.2,95.7,95.8,17401
2022-08-16,95.7,98.0,95.7,97.0,16310
2022-08-17,98.9,99.0,97.2,98.0,12900
2022-08-21,99.1,102.8,98.8,102.3,75197
2022-08-22,102.3,104.0,98.9,100.1,30310
2022-08-23,101.0,103.0,99.0,99.3,51689
2022-08-24,98.3,102.9,98.2,101.7,37805
2022-08-25,102.9,105.8,101.5,104.4,101904
2022-08-28,107.0,107.0,101.1,101.5,55203
2022-08-29,102.7,102.7,99.0,100.3,56847
2022-08-30,100.6,102.0,100.0,100.6,36945
2022-08-31,101.9,103.7,100.0,100.4,56346
2022-09-01,101.3,102.9,100.0,101.2,41348
2022-09-04,100.4,104.7,100.0,100.2,103947
2022-09-05,100.2,102.8,97.5,97.8,57468
2022-09-06,99.0,100.4,97.4,98.7,41017
2022-09-07,99.8,100.0,97.1,98.0,53823
2022-09-08,101.7,101.7,97.5,98.1,53757
2022-09-11,98.2,99.6,96.2,96.3,61693
2022-09-12,96.4,97.5,95.8,96.0,53170
2022-09-13,102.0,102.0,96.0,96.4,55058
2022-09-14,101.4,101.4,97.2,97.5,68527
2022-09-15,97.6,105.5,97.6,104.8,242758
2022-09-18,113.9,115.2,104.0,114.8,336163
2022-09-19,114.8,126.2,114.8,126.2,359015
2022-09-20,128.0,138.8,128.0,131.8,641980
2022-09-21,125.0,133.0,123.0,124.6,290112
2022-09-22,127.3,137.0,120.0,137.0,419645
2022-09-25,144.8,150.0,138.4,140.3,374596
2022-09-26,147.0,147.0,126.5,128.3,387718
2022-09-27,130.0,141.1,124.1,140.2,478275
2022-09-28,145.0,146.1,133.0,137.1,330971
2022-09-29,135.1,144.5,132.5,135.2,322708
2022-10-02,140.0,140.0,122.5,131.2,227848
2022-10-03,128.6,131.5,125.1,125.6,154194
2022-10-04,130.4,133.0,125.0,126.1,107363
2022-10-06,130.1,130.2,124.5,126.1,86136
2022-10-10,126.7,133.9,122.0,128.5,233103
2022-10-11,130.9,132.8,125.6,126.4,103176
2022-10-12,129.5,130.0,123.2,124.0,214219
2022-10-13,124.5,127.8,114.9,116.3,219357
2022-10-16,119.5,127.9,113.6,127.1,411404
2022-10-17,129.0,132.0,114.8,115.6,255998
2022-10-18,115.7,116.9,105.0,108.3,165575
2022-10-19,107.5,114.5,105.2,107.8,205250
2022-10-20,111.4,111.4,97.2,103.8,106253
2022-10-23,95.7,100.0,95.7,95.8,197279
2022-10-24,95.8,97.5,95.7,95.7,27824
2022-10-25,95.7,98.1,95.7,96.6,116550
2022-10-26,98.3,98.3,95.7,95.7,81340
2022-10-27,95.7,95.7,95.7,95.7,46163
2022-10-30,95.7,95.7,95.7,95.7,5639
2022-10-31,95.7,95.7,95.7,95.7,8061
2022-11-01,95.7,95.7,95.7,95.7,5056
2022-11-02,95.7,95.7,95.7,95.7,19943
2022-11-03,95.7,95.7,95.7,95.7,6176
2022-11-06,95.7,95.7,95.7,95.7,21752
2022-11-07,95.7,95.7,95.7,95.7,3244
2022-11-08,95.7,95.7,95.7,95.7,4500
2022-11-09,95.7,95.7,95.7,95.7,3548
2022-11-10,95.7,95.7,95.7,95.7,186
2022-11-13,95.7,95.7,95.7,95.7,156
2022-11-14,95.7,95.7,95.7,95.7,204
2022-11-16,95.7,95.7,95.7,95.7,85
2022-11-17,95.7,95.7,95.7,95.7,305
2022-11-20,95.7,95.7,95.7,95.7,97
2022-11-21,95.7,95.7,95.7,95.7,5
2022-11-22,95.7,95.7,95.7,95.7,137
2022-11-23,95.7,95.7,95.7,95.7,50
2022-11-24,95.7,95.7,95.7,95.7,199
2022-11-27,95.7,95.7,95.7,95.7,343
2022-11-28,95.7,95.7,95.7,95.7,16
2022-11-29,95.7,95.7,95.7,95.7,50
2022-11-30,95.7,95.7,95.7,95.7,95
2022-12-01,95.7,95.7,95.7,95.7,240
2022-12-04,95.7,95.7,95.7,95.7,1080
2022-12-05,95.7,95.7,95.7,95.7,1540
2022-12-07,95.7,95.7,95.7,95.7,130
2022-12-08,95.7,95.7,95.7,95.7,55
2022-12-11,95.7,95.7,95.7,95.7,511
2022-12-12,95.7,95.7,95.7,95.7,36
2022-12-13,95.7,95.7,95.7,95.7,9931
2022-12-14,95.7,95.7,95.7,95.7,947
2022-12-15,95.7,95.7,95.7,95.7,2857
2022-12-18,95.7,95.7,95.7,95.7,431
2022-12-19,95.7,105.0,95.7,104.2,125982
2022-12-20,106.0,113.8,104.5,107.7,268681
2022-12-21,107.0,107.0,97.0,99.4,121461
2022-12-22,98.7,107.0,98.5,101.4,71454
2022-12-26,100.6,100.7,100.4,100.4,5275
2022-12-27,99.4,99.4,99.4,99.4,2571
2022-12-28,98.5,99.5,98.5,98.5,26756
2022-12-29,99.5,99.5,97.6,97.6,23388
2023-01-01,96.8,96.8,96.7,96.7,7154
2023-01-02,95.8,95.8,95.8,95.8,636
2023-01-03,94.9,94.9,94.9,94.9,467
2023-01-04,94.0,94.0,94.0,94.0,4140
2023-01-05,93.1,93.1,93.1,93.1,3579
2023-01-08,92.2,92.2,92.2,92.2,1445
2023-01-09,91.3,94.3,91.3,91.6,75041
2023-01-10,96.0,96.0,91.5,93.7,39532
2023-01-11,93.0,94.0,92.8,92.8,38501
2023-01-12,91.9,92.9,91.9,91.9,28591
2023-01-15,91.8,96.5,91.0,95.4,80518
2023-01-16,98.0,98.0,94.5,94.5,41695
2023-01-17,94.5,95.8,93.6,93.6,61209
2023-01-18,93.6,93.8,92.7,92.7,63772
2023-01-19,93.4,93.4,91.8,91.9,25118
2023-01-22,91.7,93.0,91.0,91.0,39864
2023-01-23,92.5,92.5,90.1,90.9,29197
2023-01-24,90.3,92.2,90.2,90.8,31495
2023-01-25,90.8,91.0,89.9,89.9,43548
2023-01-26,89.1,90.7,89.1,89.1,28032
2023-01-29,88.3,88.3,88.3,88.3,6360
2023-01-30,87.5,87.5,87.5,87.5,1431
2023-01-31,86.7,86.7,86.7,86.7,27981
2023-02-01,85.9,88.9,85.9,86.7,24171
2023-02-02,86.7,91.0,86.7,90.2,37879
2023-02-05,90.0,91.0,89.3,89.3,17033
2023-02-06,88.5,88.9,88.5,88.5,5343
2023-02-07,87.7,88.7,87.7,87.7,5822
2023-02-08,86.9,86.9,86.9,86.9,12667
2023-02-09,86.3,88.1,86.1,87.6,23914
2023-02-12,87.0,87.9,86.8,86.8,9108
2023-02-13,86.0,86.0,86.0,86.0,11770
2023-02-14,85.2,86.2,85.2,85.2,19048
2023-02-15,84.4,87.9,84.4,85.9,22224
2023-02-16,87.1,88.9,86.1,86.7,24173
2023-02-19,86.0,86.5,85.9,85.9,4162
2023-02-20,85.1,85.1,85.1,85.1,652
2023-02-22,84.3,85.1,84.3,84.4,19811
2023-02-23,84.4,84.4,83.6,83.6,2217
2023-02-26,82.8,83.0,82.8,82.8,1786
2023-02-27,82.0,82.0,82.0,82.0,6859
2023-02-28,82.0,85.0,81.2,83.1,8511
2023-03-01,84.9,84.9,82.5,82.9,9402
2023-03-02,85.8,85.8,82.7,83.1,8325
2023-03-05,83.9,88.0,82.8,87.2,21300
2023-03-06,87.2,89.0,84.0,85.0,38422
2023-03-07,85.4,85.7,83.2,83.7,6090
2023-03-09,83.9,85.4,83.9,84.1,16556
2023-03-12,84.1,84.1,82.7,82.7,14719
2023-03-13,82.7,83.8,82.7,82.7,20826
2023-03-14,82.8,83.7,82.7,82.8,6587
2023-03-15,86.0,86.0,82.7,82.7,19605
2023-03-16,82.7,82.7,82.7,82.7,9173
2023-03-19,82.7,83.9,82.7,82.7,3516
2023-03-20,82.7,82.7,82.7,82.7,3503
2023-03-21,82.7,84.9,82.7,82.8,18144
2023-03-22,82.8,84.4,82.7,82.7,5086
2023-03-23,82.7,84.9,82.7,83.9,26374
2023-03-27,83.1,89.5,83.1,87.9,79456
2023-03-28,88.8,88.8,85.5,86.1,18622
2023-03-29,86.1,91.5,86.0,90.6,93883
2023-03-30,92.0,92.5,87.2,88.5,45581
2023-04-02,87.3,88.4,86.2,87.2,36024
2023-04-03,89.5,91.9,86.7,91.0,86141
2023-04-04,92.8,100.1,91.8,100.1,284229
2023-04-05,101.6,104.4,98.1,102.8,196877
2023-04-06,102.8,103.0,95.1,96.9,182786
2023-04-09,95.2,98.9,92.1,93.0,70280
2023-04-10,94.5,96.5,91.0,91.8,76611
2023-04-11,98.0,98.0,86.5,88.0,52009
2023-04-12,86.1,90.7,86.1,89.6,38644
2023-04-13,91.9,91.9,88.7,89.8,31182
2023-04-16,91.8,92.0,87.2,87.6,34371
2023-04-17,86.5,88.8,86.5,87.7,19970
2023-04-18,88.0,88.4,86.5,88.0,34742
2023-04-24,88.8,94.5,88.8,93.1,80276
2023-04-25,93.1,94.3,90.0,90.3,103662
2023-04-26,89.2,90.3,87.9,88.3,90375
2023-04-27,90.8,90.8,88.0,89.1,53200
2023-04-30,86.0,86.6,83.1,85.7,95046
2023-05-02,85.7,89.9,85.5,88.2,34066
2023-05-03,89.7,89.7,86.1,86.6,42436
2023-05-07,85.1,86.7,84.9,85.2,69734
2023-05-08,85.3,88.0,85.3,86.8,37962
2023-05-09,88.0,88.0,86.0,86.7,30877
2023-05-10,86.5,87.5,85.5,86.0,50437
2023-05-11,87.3,89.7,87.2,88.5,94176
2023-05-14,88.5,89.2,86.5,87.9,34791
2023-05-15,88.0,89.7,87.1,87.6,65389
2023-05-16,87.6,87.8,86.7,87.1,17985
2023-05-17,86.2,88.2,86.2,87.0,33949
2023-05-18,86.6,92.7,86.6,90.7,103148
2023-05-21,90.7,91.9,90.0,90.5,105058
2023-05-22,90.5,92.3,89.5,90.2,58232
2023-05-23,95.0,97.0,91.0,92.9,157306
2023-05-24,94.9,94.9,91.8,92.4,102964
2023-05-25,93.4,98.0,92.3,97.4,268121
2023-05-28,98.6,100.0,95.0,95.5,115039
2023-05-29,96.5,96.5,90.8,91.3,112139
2023-05-30,93.7,93.7,90.2,91.8,85743
2023-05-31,93.7,93.7,91.6,92.4,87415
2023-06-01,93.5,93.5,90.6,90.8,67992
2023-06-04,92.5,92.5,90.1,90.9,46715
2023-06-05,90.9,97.0,90.9,91.9,60979
2023-06-06,94.5,95.5,91.9,92.2,180476
2023-06-07,95.0,97.1,91.3,96.9,292812
2023-06-08,97.9,101.0,95.0,96.6,207230
2023-06-11,96.6,99.9,94.0,96.7,124561
2023-06-12,99.0,99.9,94.0,94.8,218514
2023-06-13,96.5,97.7,94.4,97.0,120438
2023-06-14,97.4,106.7,97.4,106.7,640772
2023-06-15,111.0,111.0,103.5,104.5,338472
2023-06-18,105.9,105.9,98.2,98.5,247576
2023-06-19,98.6,103.2,97.0,101.2,193231
2023-06-20,104.0,104.5,99.6,101.9,255768
2023-06-21,102.0,112.0,100.3,109.1,387171
2023-06-22,108.5,114.2,105.6,106.6,324997
2023-06-25,109.5,115.0,105.3,112.0,323224
2023-06-26,115.9,115.9,109.8,111.1,211263
2023-07-02,109.5,110.0,104.6,105.5,190578
2023-07-03,105.5,105.5,101.2,104.0,204057
2023-07-04,106.8,107.3,101.4,101.9,192999
2023-07-05,102.1,104.0,97.5,98.5,126948
2023-07-06,99.9,103.0,99.1,101.1,117989
2023-07-09,102.0,104.7,100.7,102.9,132302
2023-07-10,102.9,102.9,97.0,99.2,134711
2023-07-11,100.0,101.7,96.0,96.6,138708
2023-07-12,99.0,102.0,97.9,99.1,104265
2023-07-13,100.9,101.6,98.2,100.6,135687
2023-07-16,101.0,110.6,101.0,110.6,322655
2023-07-17,112.0,121.6,112.0,121.6,581037
2023-07-18,133.6,133.7,122.1,133.7,977109
2023-07-19,138.0,138.0,124.9,126.4,602929
2023-07-20,129.0,134.0,124.2,129.5,396538
2023-07-23,129.0,134.8,124.5,126.3,366190
2023-07-24,126.4,128.2,114.2,116.3,301500
2023-07-25,116.9,126.8,114.7,121.7,307806
2023-07-26,122.0,124.9,116.5,118.4,186636
2023-07-27,118.4,120.7,114.0,115.6,182554
2023-07-30,115.6,118.4,110.5,112.8,140563
2023-07-31,113.5,116.0,108.0,109.0,129077
2023-08-01,114.7,118.9,110.1,116.1,131559
2023-08-02,117.0,120.2,115.6,117.2,136961
2023-08-03,117.6,122.6,113.3,114.5,162303
2023-08-06,116.8,116.8,108.2,109.1,146390
2023-08-07,112.5,114.6,109.2,111.5,95334
2023-08-08,113.4,114.6,111.0,111.7,51295
2023-08-09,113.4,115.6,108.8,110.6,130406
2023-08-10,110.6,113.6,107.6,108.4,141690
2023-08-13,110.9,111.7,106.3,107.3,109081
2023-08-14,106.5,106.9,103.0,103.5,84505
2023-08-16,102.2,103.4,93.3,96.0,113745
2023-08-17,100.0,103.4,96.5,102.7,127820
2023-08-20,103.0,105.0,98.2,104.1,86311
2023-08-21,103.5,105.9,102.0,105.2,144699
2023-08-22,106.0,113.6,103.0,109.0,185496
2023-08-23,109.9,109.9,104.0,104.6,104698
2023-08-24,103.4,106.2,101.0,102.2,140514
2023-08-27,104.7,105.0,102.0,103.4,80438
2023-08-28,103.1,107.5,103.0,104.8,100894
2023-08-29,104.8,107.8,103.8,104.9,76603
2023-08-30,104.3,106.0,102.8,103.3,87607
2023-08-31,103.7,104.8,102.0,102.9,72475
2023-09-03,104.5,106.0,103.2,104.0,85994
2023-09-04,105.3,105.3,102.9,103.2,72196
2023-09-05,104.7,113.5,104.7,113.5,513458
2023-09-07,118.9,120.8,112.3,113.8,275638
2023-09-10,113.0,113.0,105.2,105.9,219777
2023-09-11,108.0,110.7,106.1,108.3,122485
2023-09-12,108.8,111.2,108.1,108.5,133611
2023-09-13,108.9,115.5,108.5,112.2,283765
2023-09-14,112.4,117.8,108.6,110.0,240625
2023-09-17,112.8,112.8,106.5,108.1,115333
2023-09-18,108.6,111.0,106.5,107.2,152965
2023-09-19,110.0,110.0,104.0,104.4,166584
2023-09-20,104.5,107.5,103.8,105.8,109229
2023-09-21,108.0,108.7,105.4,105.8,114446
2023-09-24,104.0,106.4,102.5,102.9,66759
2023-09-25,106.9,107.8,102.2,103.7,62306
2023-09-26,104.5,105.3,102.5,102.8,148852
2023-09-27,103.0,104.0,101.6,101.8,103457
2023-10-01,102.7,107.3,102.0,103.5,187216
2023-10-02,102.3,103.9,102.0,102.8,56052
2023-10-03,101.7,103.7,100.0,100.9,105184
2023-10-04,101.0,101.9,97.0,97.4,121329
2023-10-05,100.0,100.0,97.4,97.9,50562
2023-10-08,98.0,98.9,94.5,95.0,41554
2023-10-09,94.1,95.2,90.0,91.9,81309
2023-10-10,94.9,96.6,92.6,95.6,83139
2023-10-11,97.7,97.7,93.7,94.4,90857
2023-10-12,96.9,99.2,96.5,97.3,102858
2023-10-15,96.6,99.6,95.3,96.2,85706
2023-10-16,96.2,98.1,96.2,96.8,117380
2023-10-17,98.0,102.0,98.0,100.1,125233
2023-10-18,100.1,101.0,97.8,98.2,89940
2023-10-19,98.3,98.4,95.1,95.8,128266
2023-10-22,96.0,97.5,93.2,93.8,86025
2023-10-23,94.1,95.0,93.6,94.4,50983
2023-10-25,94.8,96.6,94.5,94.8,48579
2023-10-26,94.8,95.3,92.2,92.7,80590
2023-10-29,92.1,92.5,90.2,91.6,47870
2023-10-30,90.6,94.3,90.5,93.1,52314
2023-10-31,93.0,94.1,92.5,93.0,57768
2023-11-01,92.0,93.7,92.0,92.4,41052
2023-11-02,92.3,101.6,92.3,101.6,285700
2023-11-05,102.0,111.5,102.0,110.5,420271
2023-11-06,111.6,111.7,104.2,105.7,188143
2023-11-07,105.7,113.3,103.8,111.6,363696
2023-11-08,112.0,114.9,105.1,107.3,214081
2023-11-09,106.0,109.9,104.1,105.0,136796
2023-11-12,106.0,106.9,103.0,103.2,90641
2023-11-13,102.6,108.7,100.2,105.2,155787
2023-11-14,106.0,107.2,102.5,103.2,72565
2023-11-15,102.6,104.9,99.5,100.6,175721
2023-11-19,100.1,106.0,100.1,102.6,101642
2023-11-20,102.6,105.3,102.6,104.4,111132
2023-11-21,105.2,112.8,105.2,111.0,518326
2023-11-22,113.4,121.3,109.0,119.0,648439
2023-11-23,119.0,121.7,113.7,115.0,438521
2023-11-26,116.8,118.5,110.3,111.3,365969
2023-11-27,112.9,121.7,111.9,115.2,522514
2023-11-28,116.0,117.6,109.0,110.1,211146
2023-11-29,109.3,121.1,109.3,121.1,396987
2023-11-30,129.0,129.0,117.4,120.6,582542
2023-12-03,120.9,125.7,118.1,120.8,344773
2023-12-04,123.5,128.4,121.4,122.1,479356
2023-12-05,124.0,125.0,117.5,118.8,331128
2023-12-06,119.4,125.1,116.4,123.9,406435
2023-12-07,126.0,136.2,126.0,135.7,997356
2023-12-10,135.7,135.9,128.0,130.5,429047
2023-12-11,132.0,135.9,127.5,129.9,470163
2023-12-12,128.3,142.8,128.3,139.1,783969
2023-12-13,139.2,141.0,130.7,131.9,428241
2023-12-14,134.5,143.7,128.4,141.9,523119
2023-12-17,144.0,147.7,134.2,136.8,550415
2023-12-18,137.3,143.0,135.2,136.2,375350
2023-12-19,135.5,148.8,135.5,143.5,493551
2023-12-20,140.0,146.0,137.1,137.9,452915
2023-12-21,138.0,140.1,127.0,127.7,434385
2023-12-24,129.7,129.7,121.2,122.6,220180
2023-12-26,123.5,128.0,120.3,123.3,224013
2023-12-27,125.5,128.0,117.6,121.3,255845
2023-12-28,124.2,126.9,120.1,121.0,296954
2024-01-01,122.0,122.9,112.0,112.8,171230
2024-01-02,112.7,118.3,110.1,113.4,179361
2024-01-03,115.5,115.9,111.9,112.6,129573
2024-01-04,113.3,114.4,110.4,112.5,106668
2024-01-08,112.5,113.9,108.0,108.9,110683
2024-01-09,109.9,114.9,107.0,113.7,229404
2024-01-10,113.5,119.3,113.5,116.6,235006
2024-01-11,116.7,117.7,112.3,112.7,204249
2024-01-14,114.5,115.3,110.3,111.6,115041
2024-01-15,111.9,115.6,109.0,112.7,138223
2024-01-16,113.9,118.0,112.7,117.2,282321
2024-01-17,118.9,120.4,112.8,114.1,197930
2024-01-18,115.9,116.0,112.5,114.2,121353
2024-01-21,110.0,114.0,106.9,111.6,80839
2024-01-22,111.2,114.8,111.0,113.6,104988
2024-01-23,114.7,116.2,111.0,111.9,159191
2024-01-24,112.1,113.5,108.1,109.4,102489
2024-01-25,111.9,111.9,105.1,106.1,159230
2024-01-28,106.1,106.1,96.1,98.9,102901
2024-01-29,98.9,104.0,98.0,101.7,129768
2024-01-30,100.5,105.0,100.0,101.4,94381
2024-01-31,100.3,103.0,99.1,99.6,102143
2024-02-01,100.0,101.9,98.8,100.5,161430
2024-02-04,101.4,106.8,99.5,105.2,247651
2024-02-05,107.0,113.0,106.0,110.7,240380
2024-02-06,111.0,111.0,106.9,107.1,185351
2024-02-07,107.1,107.1,103.0,104.2,206882
2024-02-08,103.2,108.4,102.8,104.4,106815
2024-02-11,106.9,106.9,102.0,102.8,197734
2024-02-12,103.6,103.6,101.1,102.7,116323
2024-02-13,104.0,104.0,100.0,100.8,102820
2024-02-14,102.0,102.8,100.1,100.6,66718
2024-02-15,101.0,102.0,100.3,100.7,43428
2024-02-18,90.7,97.9,90.7,96.1,138786
2024-02-19,97.0,98.0,95.2,97.7,39513
2024-02-20,100.9,100.9,96.7,97.1,17470
