Date,Open,High,Low,Close,Volume
2012-10-01,234.0,234.0,211.0,230.1,26350
2012-10-02,234.9,250.2,234.9,248.4,38700
2012-10-04,254.1,264.9,242.1,246.5,36950
2012-10-07,246.5,251.9,226.5,232.0,28200
2012-10-08,226.0,234.0,214.0,225.8,11500
2012-10-09,235.0,244.4,228.5,242.3,18100
2012-10-10,248.0,248.0,230.0,230.8,23200
2012-10-11,230.0,239.5,229.2,230.5,12450
2012-10-14,239.9,239.9,225.0,226.7,14800
2012-10-15,228.0,235.6,226.6,227.3,17700
2012-10-16,233.5,247.1,233.5,247.1,28550
2012-10-17,256.0,263.9,252.0,255.6,37950
2012-10-18,277.9,277.9,260.1,273.0,55150
2012-10-21,275.0,290.0,270.1,286.6,37850
2012-10-22,282.0,304.0,282.0,296.7,47500
2012-10-23,300.0,300.0,289.0,290.5,22150
2012-10-30,294.4,295.0,280.0,286.2,21850
2012-10-31,281.1,311.2,281.1,311.0,54600
2012-11-01,325.0,338.2,324.0,338.2,60050
2012-11-04,350.0,365.0,336.0,338.8,52700
2012-11-05,344.0,345.0,320.0,329.3,40300
2012-11-06,332.0,332.0,304.8,310.5,61650
2012-11-07,318.9,320.0,300.1,303.2,18500
2012-11-08,308.3,318.0,300.0,306.5,29750
2012-11-11,308.0,324.0,238.9,279.6,44300
2012-11-12,279.5,288.0,271.2,276.2,20900
2012-11-13,272.0,276.5,262.0,266.8,24950
2012-11-14,267.0,274.9,265.0,271.2,16950
2012-11-15,276.4,276.5,263.3,267.3,15900
2012-11-18,270.6,275.0,257.2,262.2,26550
2012-11-19,265.0,265.0,258.1,261.0,19600
2012-11-20,260.5,262.0,247.5,251.0,7600
2012-11-21,255.3,255.8,241.5,247.0,16150
2012-11-22,235.2,267.0,235.2,261.2,31850
2012-11-27,180.1,182.1,167.3,171.4,28250
2012-11-28,177.0,188.5,176.5,184.7,36550
2012-11-29,195.0,202.1,195.0,202.1,17150
2012-12-02,214.8,219.0,202.3,204.8,49000
2012-12-03,205.0,214.5,201.5,211.0,45450
2012-12-04,209.1,228.0,209.1,225.5,78750
2012-12-05,229.0,233.0,219.1,224.7,34450
2012-12-06,213.0,226.8,213.0,223.7,45850
2012-12-09,226.0,226.0,212.2,214.5,22800
2012-12-10,221.9,221.9,206.0,209.7,26250
2012-12-11,202.0,218.0,202.0,214.0,11650
2012-12-12,215.9,219.3,208.0,210.1,13750
2012-12-13,215.0,215.0,207.0,208.9,9100
2012-12-17,216.0,216.0,206.0,207.8,17050
2012-12-18,209.0,210.2,202.0,202.6,23100
2012-12-19,206.9,207.5,201.8,202.6,17850
2012-12-20,205.0,205.0,191.0,195.8,24100
2012-12-23,199.8,199.8,190.0,190.9,7200
2012-12-24,190.0,193.8,185.0,191.6,10900
2012-12-26,186.7,202.0,186.7,191.2,6400
2012-12-27,185.0,191.7,184.8,188.8,6700
2012-12-30,193.5,193.5,188.2,189.3,3600
2013-01-01,190.0,194.6,190.0,191.0,3500
2013-01-02,189.5,190.0,186.3,187.4,5650
2013-01-03,194.7,194.7,181.3,183.5,9700
2013-01-06,189.7,189.7,181.5,182.9,7450
2013-01-07,181.0,181.7,178.8,179.4,5450
2013-01-08,177.0,178.2,175.0,175.3,7100
2013-01-09,175.7,176.5,172.1,172.6,5900
2013-01-10,172.9,186.0,170.9,182.6,16850
2013-01-13,182.6,198.0,182.6,192.5,24250
2013-01-14,192.4,192.4,188.0,188.9,9900
2013-01-15,187.0,190.8,184.2,189.8,13850
2013-01-16,189.5,191.7,187.5,187.9,6150
2013-01-17,187.2,193.4,187.2,191.5,12550
2013-01-20,190.0,190.8,187.5,187.9,5950
2013-01-21,186.9,186.9,181.7,183.3,25950
2013-01-22,184.4,184.5,181.0,182.3,21950
2013-01-23,182.6,184.0,181.1,181.6,11050
2013-01-24,182.1,186.8,181.9,182.9,20350
2013-01-27,185.0,194.8,185.0,190.3,41300
2013-01-28,195.0,195.0,190.0,193.7,24100
2013-01-29,198.0,199.9,192.4,197.1,36650
2013-01-30,198.1,198.1,190.1,191.8,33050
2013-01-31,200.0,204.9,193.0,196.6,36600
2013-02-03,193.0,199.0,193.0,194.0,18450
2013-02-04,194.0,194.0,190.0,190.5,28550
2013-02-05,190.1,191.6,188.2,190.5,16150
2013-02-06,193.6,193.6,189.9,191.6,15250
2013-02-07,190.1,190.5,185.5,186.0,25700
2013-02-10,187.3,189.9,186.5,187.2,20550
2013-02-11,190.0,190.0,186.0,187.5,19000
2013-02-12,187.5,188.0,185.2,185.7,19650
2013-02-13,187.9,187.9,185.1,185.4,12050
2013-02-14,187.0,191.9,185.9,186.3,19100
2013-02-17,188.1,188.6,187.5,187.6,12400
2013-02-18,187.0,188.5,187.0,187.2,11100
2013-02-19,187.0,187.0,182.7,183.6,14050
2013-02-20,182.6,184.0,180.4,180.7,26050
2013-02-24,178.1,181.8,173.1,176.6,9150
2013-02-25,180.0,181.0,175.1,176.2,17150
2013-02-26,175.1,182.0,175.1,180.8,6450
2013-02-27,177.1,182.0,173.0,173.4,24100
2013-02-28,174.0,177.8,173.1,175.5,5650
2013-03-03,173.6,173.6,161.0,162.2,17750
2013-03-04,166.2,170.9,163.3,166.9,8450
2013-03-05,167.0,168.0,163.0,163.3,12450
2013-03-06,169.0,169.0,163.5,163.8,11500
2013-03-07,164.0,165.6,160.0,163.4,13100
2013-03-10,166.7,166.7,162.2,162.8,12000
2013-03-11,160.2,162.5,160.0,160.4,4200
2013-03-12,160.0,170.0,160.0,168.2,17750
2013-03-13,170.0,183.0,170.0,181.3,25850
2013-03-14,181.4,181.4,176.0,177.4,7800
2013-03-18,177.0,180.0,174.1,178.4,6200
2013-03-19,181.0,188.8,180.0,186.2,24050
2013-03-20,187.0,187.4,180.1,180.8,10100
2013-03-24,178.2,178.4,176.1,176.9,6100
2013-03-25,178.8,179.0,172.8,174.1,5250
2013-03-27,171.0,172.0,165.5,168.2,8800
2013-03-28,169.2,174.8,168.2,173.0,4950
2013-03-31,174.0,179.6,170.0,171.4,10950
2013-04-01,168.1,170.0,167.5,168.8,5450
2013-04-02,173.5,175.8,169.1,174.8,5700
2013-04-03,173.0,176.5,172.6,175.1,7650
2013-04-04,175.0,176.0,173.4,174.6,7600
2013-04-07,176.0,186.0,176.0,184.2,26950
2013-04-08,185.0,201.6,183.2,201.6,84650
2013-04-09,209.7,219.2,209.7,219.2,88800
2013-04-10,227.0,234.9,212.3,214.1,70550
2013-04-11,211.1,223.9,210.6,217.5,53650
2013-04-15,223.0,236.5,223.0,236.0,52850
2013-04-16,242.0,247.9,235.2,245.4,57200
2013-04-17,245.5,266.5,242.1,266.5,67550
2013-04-18,275.0,289.8,275.0,289.8,34650
2013-04-21,289.8,315.1,289.8,300.3,86500
2013-04-22,300.0,302.8,280.0,283.6,73800
2013-04-23,286.0,308.4,284.0,308.3,40400
2013-04-24,316.0,335.2,316.0,334.5,54000
2013-04-25,340.0,340.0,316.1,329.1,53150
2013-04-28,336.0,336.0,312.7,330.4,36950
2013-04-29,331.0,345.0,321.8,327.5,54250
2013-04-30,330.0,338.0,307.0,310.2,55200
2013-05-02,310.2,316.5,296.0,301.9,36600
2013-05-05,305.0,321.0,301.0,315.0,27300
2013-05-06,312.1,323.8,310.1,316.1,13000
2013-05-07,317.9,336.0,317.8,333.2,48650
2013-05-08,338.7,340.0,321.1,322.5,44200
2013-05-09,326.9,335.0,317.1,328.7,23100
2013-05-12,335.0,335.0,326.1,327.4,46500
2013-05-13,333.0,333.0,320.0,321.7,33500
2013-05-14,328.0,328.0,316.0,325.1,34250
2013-05-15,326.6,353.5,326.0,351.6,93400
2013-05-16,359.0,376.0,359.0,373.5,28050
2013-05-19,375.0,381.0,360.5,371.0,22450
2013-05-20,370.0,375.0,350.0,359.4,47650
2013-05-21,363.0,367.7,350.5,352.3,21250
2013-05-22,353.6,374.9,345.3,357.3,19750
2013-05-26,370.0,379.0,360.4,375.7,23850
2013-05-27,382.9,389.0,375.4,383.2,23450
2013-05-28,385.0,402.0,385.0,399.1,46550
2013-05-29,402.3,433.7,402.3,433.3,49900
2013-05-30,440.0,445.5,412.0,417.0,41450
2013-06-02,422.0,434.9,416.3,430.1,35600
2013-06-03,435.0,443.4,426.2,432.7,26950
2013-06-04,437.8,442.2,420.0,426.2,21000
2013-06-05,429.5,436.0,421.9,423.7,25500
2013-06-06,433.3,445.0,424.8,428.3,17150
2013-06-09,428.3,435.0,415.0,417.3,18950
2013-06-10,424.5,428.9,410.1,421.6,27250
2013-06-11,430.1,458.4,429.5,458.4,54250
2013-06-12,489.0,490.0,433.1,435.9,77600
2013-06-13,437.0,437.0,420.0,426.7,35050
2013-06-16,436.8,436.8,421.8,424.1,34750
2013-06-17,432.4,437.0,421.0,427.1,25950
2013-06-18,436.9,436.9,424.0,428.3,21550
2013-06-19,432.0,449.9,430.1,433.6,31250
2013-06-20,442.5,442.5,425.0,427.0,16700
2013-06-23,430.0,440.5,418.1,422.3,16800
2013-06-24,421.0,425.9,414.0,421.0,19400
2013-06-26,438.0,457.8,427.2,457.3,36350
2013-06-27,465.0,468.5,446.7,449.8,39150
2013-06-30,432.2,475.0,432.2,456.8,39050
2013-07-02,470.0,482.5,461.6,478.9,35150
2013-07-03,489.0,491.5,478.6,482.3,24750
2013-07-04,496.0,519.8,495.0,519.8,48750
2013-07-07,549.9,558.7,537.0,558.7,43300
2013-07-08,580.0,585.0,566.0,572.0,41300
2013-07-09,584.5,584.5,570.0,579.2,46300
2013-07-10,597.0,622.5,582.1,615.7,70150
2013-07-11,647.0,660.0,617.0,623.1,50500
2013-07-14,649.0,663.0,621.2,635.2,41450
2013-07-15,649.9,682.8,649.0,682.8,77400
2013-07-16,701.0,734.0,692.2,699.7,96250
2013-07-17,719.0,719.0,647.3,656.2,57550
2013-07-18,642.1,697.0,617.3,634.2,32500
2013-07-21,658.0,665.9,586.7,587.5,43750
2013-07-22,586.0,609.0,543.5,549.9,32050
2013-07-23,530.3,541.0,508.7,508.7,24150
2013-07-24,491.0,546.8,471.0,546.0,25600
2013-07-25,586.9,586.9,580.0,586.9,55300
2013-07-28,699.0,700.0,571.5,584.6,106900
2013-07-29,580.0,580.0,540.8,550.5,46200
2013-07-30,557.0,557.0,518.0,522.5,49450
2013-07-31,530.0,550.0,508.0,520.0,39750
2013-08-01,527.1,554.0,520.0,543.4,34100
2013-08-04,555.0,570.0,532.0,543.9,51500
2013-08-05,541.0,541.0,520.1,526.7,30100
2013-08-12,525.0,527.9,513.1,520.7,37100
2013-08-13,522.0,537.0,518.1,531.4,59250
2013-08-18,339.8,339.8,339.8,339.8,9900
2013-08-19,369.5,369.5,369.5,369.5,5650
2013-08-20,401.8,401.8,381.1,401.8,207200
2013-08-21,427.9,436.9,421.0,436.9,69550
2013-08-22,469.0,474.3,462.1,474.3,52050
2013-08-25,480.0,511.8,470.0,483.6,133500
2013-08-26,483.0,483.0,463.0,468.0,68150
2013-08-27,470.0,503.3,460.0,488.4,64650
2013-08-29,462.1,480.0,452.0,469.6,41050
2013-09-01,480.0,484.8,451.0,461.7,39600
2013-09-02,462.5,462.6,445.0,447.3,50650
2013-09-03,447.0,455.0,439.0,448.3,23900
2013-09-04,459.0,480.0,452.0,462.0,38300
2013-09-05,466.0,468.8,447.0,450.9,26850
2013-09-08,458.0,477.0,445.0,471.0,86300
2013-09-09,477.7,497.9,477.0,490.0,92800
2013-09-10,500.0,510.0,471.3,476.8,53550
2013-09-11,477.0,487.0,467.0,481.6,61850
2013-09-12,480.0,485.0,462.2,465.8,44750
2013-09-15,465.3,476.0,456.1,458.6,45450
2013-09-16,455.6,464.0,444.0,453.9,44300
2013-09-17,459.9,463.0,438.0,442.0,33900
2013-09-18,428.0,475.0,415.1,465.0,177500
2013-09-19,465.0,477.9,457.0,474.6,135900
2013-09-22,473.0,505.9,473.0,504.4,143850
2013-09-23,507.0,542.2,507.0,542.2,153000
2013-09-24,550.0,568.8,505.2,527.3,156700
2013-09-25,520.0,520.0,487.8,489.1,116500
2013-09-26,488.0,526.6,460.0,521.5,79000
2013-09-29,503.0,544.0,494.0,498.2,85050
2013-09-30,494.2,515.0,486.0,493.8,69550
2013-10-01,500.0,504.0,485.2,486.4,41650
2013-10-02,488.0,488.0,472.2,477.1,61500
2013-10-03,479.5,494.0,471.2,475.3,44850
2013-10-06,479.0,479.0,449.0,451.2,42850
2013-10-07,455.0,459.9,445.0,448.6,43850
2013-10-08,449.5,456.3,412.0,418.7,57150
2013-10-09,424.8,435.0,395.2,416.7,40250
2013-10-10,417.0,421.7,405.1,414.0,27000
2013-10-20,412.0,412.0,379.0,382.2,24950
2013-10-21,371.4,398.0,356.5,390.5,49300
2013-10-22,393.8,412.0,391.0,409.1,34550
2013-10-23,413.2,427.0,396.7,400.3,39500
2013-10-24,390.0,394.0,376.6,380.1,43950
2013-10-27,380.9,398.0,380.9,390.3,20600
2013-10-28,396.9,397.5,375.1,378.3,24300
2013-10-29,388.0,388.0,370.2,372.6,23850
2013-10-30,376.9,376.9,359.0,360.7,37000
2013-10-31,360.7,372.0,360.0,367.7,19300
2013-11-03,373.7,399.8,373.0,398.2,43950
2013-11-04,406.0,414.0,400.2,401.6,41900
2013-11-05,404.0,413.0,398.0,399.4,42100
2013-11-06,398.0,398.0,386.5,388.1,26800
2013-11-07,390.0,404.9,385.2,392.2,30750
2013-11-10,399.0,405.0,380.5,386.3,28550
2013-11-11,386.9,394.1,385.0,387.9,20950
2013-11-12,388.6,397.8,388.6,390.2,21750
2013-11-13,393.2,414.9,393.2,411.5,56100
2013-11-14,419.8,428.7,413.2,414.7,57950
2013-11-17,430.0,446.9,415.1,441.3,82800
2013-11-18,448.0,452.0,432.0,432.9,62600
2013-11-19,439.0,439.0,421.0,423.4,53550
2013-11-20,423.0,437.9,422.0,431.2,54800
2013-11-21,436.0,445.0,427.0,441.6,64800
2013-11-24,450.0,458.9,446.0,451.6,81350
2013-11-25,460.0,473.1,457.1,463.0,77300
2013-11-26,460.0,463.0,440.1,443.2,66150
2013-11-27,448.0,459.9,428.6,445.1,72300
2013-11-28,448.1,460.0,440.0,442.9,44050
2013-12-01,441.0,457.7,440.9,446.3,53600
2013-12-02,445.0,454.9,444.0,448.5,41600
2013-12-03,450.1,465.0,450.1,463.7,71750
2013-12-04,467.7,501.2,466.1,497.9,145400
2013-12-05,510.0,511.9,492.0,497.5,92300
2013-12-08,504.0,504.0,483.1,484.4,90150
2013-12-09,489.0,489.0,471.6,473.9,88050
2013-12-10,473.5,475.0,465.0,466.0,63650
2013-12-11,473.0,473.0,460.3,461.6,45300
2013-12-12,461.2,483.9,460.0,469.4,43300
2013-12-15,466.0,483.9,466.0,474.7,39300
2013-12-17,482.7,493.8,482.0,486.3,68450
2013-12-18,480.0,484.0,463.8,466.4,41500
2013-12-19,464.0,477.9,464.0,470.0,39750
2013-12-22,466.0,474.0,464.0,465.7,38650
2013-12-23,466.1,472.0,466.1,469.0,30200
2013-12-24,472.0,485.9,470.0,481.0,77550
2013-12-26,479.1,490.0,475.0,479.7,72700
2013-12-29,475.1,480.0,470.5,476.8,18300
2013-12-30,478.0,481.7,474.0,477.2,23050
2014-01-01,483.0,483.7,480.0,480.2,31550
2014-01-02,482.9,490.0,480.3,484.0,53850
2014-01-06,490.0,521.5,487.3,521.5,115300
2014-01-07,530.0,540.0,510.0,514.7,82900
2014-01-08,518.9,523.8,510.1,518.5,48850
2014-01-09,523.6,524.0,517.1,519.6,38950
2014-01-12,524.1,548.0,524.1,532.3,47050
2014-01-13,538.0,559.8,538.0,553.0,68550
2014-01-15,563.8,577.0,548.0,552.6,62450
2014-01-16,554.0,557.9,536.5,539.6,78800
2014-01-19,549.0,564.9,539.0,548.1,74150
2014-01-20,557.8,569.9,548.6,564.2,94950
2014-01-21,578.0,588.0,566.6,584.3,96250
2014-01-22,590.0,593.9,568.1,571.2,63800
2014-01-23,575.8,579.0,565.2,573.0,39300
2014-01-26,588.0,598.0,583.5,593.2,59500
2014-01-27,599.8,602.8,586.0,589.3,62450
2014-01-28,596.9,596.9,580.0,582.0,43900
2014-01-29,538.4,538.4,538.4,538.4,8900
2014-01-30,498.1,545.0,498.1,507.2,278950
2014-02-02,510.0,511.0,489.3,493.0,72600
2014-02-03,492.0,530.5,491.5,530.5,49600
2014-02-04,539.0,548.0,520.0,521.7,75300
2014-02-05,517.7,528.9,512.4,521.4,39800
2014-02-06,521.1,530.0,521.1,523.3,47850
2014-02-09,526.1,529.5,513.3,514.7,55350
2014-02-10,517.0,520.9,508.1,515.3,39950
2014-02-11,517.0,521.4,510.0,510.9,27350
2014-02-12,511.0,520.0,507.0,508.4,29100
2014-02-13,514.0,516.0,503.6,504.9,30400
2014-02-16,500.0,515.0,500.0,507.8,19900
2014-02-17,508.0,510.0,501.0,502.2,19050
2014-02-18,502.3,508.0,498.0,499.3,12350
2014-02-19,500.0,507.9,500.0,506.4,19850
2014-02-20,508.9,529.0,508.9,523.8,47250
2014-02-23,527.5,540.0,527.5,532.3,44650
2014-02-24,535.0,549.7,532.0,546.5,58750
2014-02-25,554.9,564.9,543.0,547.1,53100
2014-02-26,547.0,557.8,537.6,543.1,41250
2014-02-27,543.1,545.0,538.2,540.3,48050
2014-03-02,540.0,554.9,540.0,541.1,37250
2014-03-03,542.8,543.0,522.0,524.6,34950
2014-03-04,525.2,534.0,515.3,516.5,25050
2014-03-05,516.5,530.0,513.1,525.9,31100
2014-03-06,535.0,537.0,528.7,533.1,28150
2014-03-09,536.9,539.5,525.0,529.3,33100
2014-03-10,525.0,526.1,511.1,512.9,32950
2014-03-11,511.5,519.0,510.5,513.9,25250
2014-03-12,515.0,523.9,512.1,513.6,22750
2014-03-13,519.9,520.0,513.3,517.5,18350
2014-03-16,520.9,522.5,510.2,513.2,18450
2014-03-18,514.0,516.0,504.5,505.4,23100
2014-03-19,505.0,509.0,497.3,498.5,27050
2014-03-20,498.3,506.0,498.3,501.4,18800
2014-03-23,502.0,513.5,502.0,505.2,11850
2014-03-24,509.0,509.0,498.1,498.6,18150
2014-03-25,501.0,504.0,495.1,496.5,16700
2014-03-27,503.0,503.8,492.0,492.9,21250
2014-03-30,495.1,495.9,486.4,490.1,15050
2014-03-31,490.1,492.0,475.5,478.8,27250
2014-04-01,486.0,486.0,475.0,482.2,17950
2014-04-02,486.0,495.0,485.5,489.9,11900
2014-04-03,496.0,497.0,485.5,489.9,10500
2014-04-06,491.0,491.6,480.2,481.2,12100
2014-04-07,482.1,484.0,469.8,471.4,26500
2014-04-08,472.0,499.0,471.3,476.5,19900
2014-04-09,482.1,485.0,477.2,478.5,7800
2014-04-10,475.5,481.0,470.0,470.7,11850
2014-04-13,462.5,470.0,462.5,465.8,7350
2014-04-15,469.0,475.0,465.0,472.2,13150
2014-04-16,479.0,480.0,472.6,474.4,17450
2014-04-17,479.0,480.0,456.0,468.4,13200
2014-04-20,469.5,476.8,469.1,471.6,10450
2014-04-21,471.4,474.0,468.9,469.8,13400
2014-04-22,473.8,473.8,466.8,467.2,9050
2014-04-23,468.0,498.0,468.0,491.8,40800
2014-04-24,498.9,519.0,495.0,498.6,52950
2014-04-27,493.1,504.0,480.3,483.5,18700
2014-04-28,480.0,485.9,475.6,480.3,20900
2014-04-29,479.0,498.9,478.2,492.1,20000
2014-04-30,503.0,503.7,490.0,494.2,17700
2014-05-04,509.5,509.5,483.0,486.3,19700
2014-05-05,486.0,491.5,482.4,485.2,10300
2014-05-06,488.0,489.0,482.5,483.5,14100
2014-05-07,485.0,489.0,484.2,487.2,14050
2014-05-08,487.4,489.9,486.2,487.5,9100
2014-05-11,487.3,492.0,481.4,481.5,11450
2014-05-12,483.0,490.0,482.0,486.1,11100
2014-05-14,486.4,488.4,480.1,484.1,11550
2014-05-15,481.3,485.7,466.0,475.5,9000
2014-05-18,482.7,482.7,473.2,474.4,6300
2014-05-19,474.4,480.9,473.2,476.3,10150
2014-05-20,478.0,478.0,472.4,475.2,4050
2014-05-21,475.4,477.0,473.2,475.0,7400
2014-05-22,474.4,481.8,473.0,476.7,9650
2014-05-25,478.0,487.6,477.3,486.4,14650
2014-05-26,489.0,504.7,489.0,500.2,38100
2014-05-27,506.1,519.8,500.0,517.6,86800
2014-05-28,521.4,527.8,510.0,512.5,42750
2014-05-29,513.5,513.9,500.0,502.8,38950
2014-06-01,503.0,511.9,503.0,507.1,28650
2014-06-02,514.0,514.4,501.3,503.9,28100
2014-06-03,504.2,511.5,495.0,496.6,31800
2014-06-04,500.0,506.0,496.6,502.2,27800
2014-06-05,504.0,505.9,491.0,493.6,21900
2014-06-08,496.0,496.0,488.0,490.0,14100
2014-06-09,492.0,497.5,490.1,492.8,15400
2014-06-10,495.0,499.8,493.2,494.4,16150
2014-06-11,501.0,503.0,491.1,492.4,16100
2014-06-12,499.0,500.0,493.0,493.9,15550
2014-06-15,493.5,497.9,490.2,492.4,15800
2014-06-16,493.5,507.7,493.0,495.6,30350
2014-06-17,503.0,505.0,492.0,493.7,16700
2014-06-18,498.5,498.5,492.1,493.0,8500
2014-06-19,496.1,524.0,496.1,517.8,87900
2014-06-22,522.0,527.6,517.2,521.9,50500
2014-06-23,520.0,522.0,511.5,516.2,30000
2014-06-24,518.0,519.0,507.0,508.3,29900
2014-06-25,507.1,515.0,507.1,510.0,20650
2014-06-26,513.0,519.7,508.1,512.3,27900
2014-06-29,515.1,516.5,510.1,512.1,20750
2014-06-30,513.5,524.6,512.2,516.3,20000
2014-07-02,515.4,522.0,512.1,515.6,13050
2014-07-03,517.3,521.0,513.0,513.6,17850
2014-07-06,515.2,519.0,508.5,509.5,15350
2014-07-07,507.0,508.5,503.4,503.9,12000
2014-07-08,508.0,508.0,502.0,503.1,13400
2014-07-09,508.0,508.0,499.0,500.4,7700
2014-07-10,500.0,501.0,497.1,498.5,6900
2014-07-13,500.0,500.0,495.0,495.4,6650
2014-07-14,498.5,500.5,495.1,499.4,4300
2014-07-15,497.0,500.0,495.0,496.6,2750
2014-07-16,497.0,498.8,492.0,493.3,11500
2014-07-17,492.2,492.3,485.0,486.3,22500
2014-07-20,486.5,492.9,486.0,488.9,6150
2014-07-21,492.4,496.6,490.0,493.6,8050
2014-07-22,498.8,506.7,495.3,500.9,15050
2014-07-23,503.0,504.0,495.3,496.8,9400
2014-07-24,500.0,500.0,494.6,496.7,6750
2014-08-03,499.5,507.5,498.4,505.5,14850
2014-08-04,513.0,513.0,498.0,499.1,20750
2014-08-05,505.0,505.0,495.0,495.5,16150
2014-08-06,495.6,503.3,494.9,495.3,17800
2014-08-07,495.5,499.9,492.1,493.6,13050
2014-08-10,493.2,499.0,490.2,491.8,26550
2014-08-11,491.6,498.5,491.0,491.7,21500
2014-08-12,493.7,497.0,492.2,492.9,14100
2014-08-13,493.2,494.7,485.2,488.0,21600
2014-08-14,493.8,493.8,486.1,487.8,12800
2014-08-18,489.2,491.0,483.7,485.2,14800
2014-08-19,487.0,498.0,483.4,490.8,22550
2014-08-20,496.9,497.0,482.1,484.5,16000
2014-08-21,483.6,485.0,480.2,481.2,18850
2014-08-24,489.3,489.3,481.2,482.2,16250
2014-08-25,480.3,481.5,478.3,479.3,9450
2014-08-26,480.0,483.7,470.5,472.9,16300
2014-08-27,474.7,495.0,462.0,494.2,21950
2014-08-28,491.6,496.0,483.6,484.6,13100
2014-08-31,490.0,490.0,475.0,477.1,8950
2014-09-01,477.2,483.0,477.2,479.1,6250
2014-09-02,480.4,495.0,480.4,489.0,27000
2014-09-03,493.8,498.6,490.3,491.5,18550
2014-09-04,497.0,507.5,495.0,500.2,41500
2014-09-07,506.9,513.0,504.1,508.2,69550
2014-09-08,510.0,512.6,490.2,492.4,39400
2014-09-09,499.0,505.9,494.0,496.7,56950
2014-09-10,501.9,534.2,500.0,531.2,188050
2014-09-11,540.0,550.0,527.5,539.0,78950
2014-09-14,544.0,546.6,510.1,521.3,94700
2014-09-15,520.0,525.0,500.0,502.1,67650
2014-09-16,504.1,518.8,490.1,497.5,72300
2014-09-17,498.1,504.9,490.2,500.2,44900
2014-09-18,495.0,502.0,482.2,489.0,47300
2014-09-21,500.0,500.0,450.0,471.5,90550
2014-09-22,471.0,490.0,469.0,477.5,44650
2014-09-23,480.0,488.0,478.6,480.4,46000
2014-09-24,489.5,489.5,478.7,483.5,34150
2014-09-25,486.8,495.0,485.0,488.1,56950
2014-09-28,487.0,489.0,482.0,483.6,36700
2014-09-29,484.8,499.0,483.0,494.6,80450
2014-10-01,358.5,358.5,358.5,358.5,26450
2014-10-02,369.0,388.9,365.0,372.7,124850
2014-10-12,374.0,376.0,356.2,361.4,64850
2014-10-13,365.0,365.7,351.0,353.2,45400
2014-10-14,357.7,364.0,353.4,361.9,44700
2014-10-15,363.0,369.9,360.0,361.8,64850
2014-10-16,359.1,363.0,357.1,358.2,39700
2014-10-19,360.0,368.0,360.0,362.9,31600
2014-10-20,363.0,365.0,357.0,358.8,24950
2014-10-21,358.1,362.9,358.1,360.0,22950
2014-10-22,362.3,362.3,355.8,356.8,19800
2014-10-23,357.0,357.0,352.0,352.9,16600
2014-10-26,352.1,353.0,348.0,350.4,27000
2014-10-27,352.0,352.0,348.5,349.4,13100
2014-10-28,348.3,351.0,342.5,346.4,16550
2014-10-29,345.0,349.0,343.0,345.4,15700
2014-10-30,349.4,369.0,349.4,358.0,49200
2014-11-02,356.0,359.0,345.5,346.8,32450
2014-11-03,345.1,349.6,342.0,342.7,25350
2014-11-05,344.0,344.0,331.5,333.3,52600
2014-11-06,329.9,329.9,317.1,320.5,125700
2014-11-09,324.0,324.0,312.3,314.0,68950
2014-11-10,314.1,324.0,312.0,315.6,41900
2014-11-11,317.0,319.0,314.0,315.3,38450
2014-11-12,318.9,324.9,318.0,322.8,43900
2014-11-13,325.0,335.0,322.0,327.5,77450
2014-11-16,333.9,336.5,329.1,334.1,59750
2014-11-17,335.0,337.6,320.0,323.7,53050
2014-11-18,300.0,328.1,300.0,326.2,50450
2014-11-19,331.0,345.0,329.0,332.3,59050
2014-11-20,332.0,335.0,323.0,324.6,38200
2014-11-23,324.0,325.0,315.2,315.7,42750
2014-11-24,315.1,318.2,310.0,313.1,29600
2014-11-25,318.0,318.5,312.0,314.0,20000
2014-11-26,313.0,314.0,308.0,308.5,21500
2014-11-27,310.0,312.0,306.3,307.2,13250
2014-11-30,306.0,309.0,300.0,300.6,22900
2014-12-01,304.8,304.8,296.0,296.6,44100
2014-12-02,294.4,310.8,294.4,301.6,55500
2014-12-03,304.0,307.5,301.2,301.6,35650
2014-12-04,301.7,301.7,295.1,295.7,39150
2014-12-07,299.0,301.0,290.0,291.5,35100
2014-12-08,290.0,293.0,286.2,287.8,28600
2014-12-09,291.0,291.0,278.1,279.3,42450
2014-12-10,280.0,287.8,279.4,285.9,38150
2014-12-11,278.2,289.2,278.2,283.4,10471
2014-12-14,280.0,283.0,278.1,281.3,13629
2014-12-15,280.6,282.9,279.0,280.0,19404
2014-12-17,294.8,294.8,279.1,280.3,27865
2014-12-18,287.5,287.5,279.4,280.8,33772
2014-12-21,289.0,289.0,280.1,280.5,11399
2014-12-22,280.9,283.0,277.0,278.8,24997
2014-12-23,279.1,288.0,270.1,279.0,9928
2014-12-24,277.1,281.0,276.2,279.8,10542
2014-12-28,284.7,284.7,273.0,280.1,11562
2014-12-29,280.1,281.7,278.0,279.9,15683
2014-12-30,286.8,286.8,280.1,283.9,28377
2015-01-01,289.9,289.9,285.0,287.0,9087
2015-01-05,294.9,294.9,283.1,290.3,22463
2015-01-06,291.0,310.0,289.0,306.1,38407
2015-01-07,310.0,315.0,306.6,311.6,39357
2015-01-08,314.5,314.5,305.1,308.7,27816
2015-01-11,315.0,315.0,305.5,308.2,16911
2015-01-12,301.0,307.9,301.0,304.4,23907
2015-01-13,302.5,304.9,300.0,300.6,16671
2015-01-14,304.7,304.7,296.0,297.6,13943
2015-01-15,299.3,309.0,296.0,304.6,26876
2015-01-18,310.0,310.0,297.0,300.1,24607
2015-01-19,301.0,302.0,292.5,295.5,14472
2015-01-20,298.0,298.0,290.6,291.0,7433
2015-01-21,289.0,289.0,276.1,280.3,13802
2015-01-22,285.7,285.7,282.0,284.1,11490
2015-01-25,282.0,283.0,280.2,280.9,9127
2015-01-26,286.0,287.8,275.0,277.5,11193
2015-01-27,283.7,290.1,278.1,287.6,13734
2015-01-28,289.7,290.9,283.2,286.8,7947
2015-01-29,285.2,287.9,282.3,284.2,5097
2015-02-01,272.0,280.0,272.0,276.7,18571
2015-02-02,278.8,280.0,272.0,273.2,17828
2015-02-03,274.0,276.9,273.2,275.7,12475
2015-02-04,276.0,277.0,272.9,274.1,11610
2015-02-05,274.5,276.5,274.0,276.0,11288
2015-02-08,278.0,278.0,272.0,273.9,26246
2015-02-09,275.8,279.0,275.0,276.7,16784
2015-02-10,277.8,281.0,276.6,277.8,17138
2015-02-11,278.2,282.0,277.3,280.0,13851
2015-02-12,280.0,285.0,277.5,284.3,24184
2015-02-15,287.0,298.0,284.0,295.8,67140
2015-02-16,294.0,316.8,294.0,308.0,162113
2015-02-17,306.0,312.7,303.0,305.9,72740
2015-02-18,307.0,314.5,307.0,310.3,71958
2015-02-19,310.1,322.6,310.0,321.0,154663
2015-02-22,322.0,345.7,322.0,344.2,153078
2015-02-23,344.0,350.0,332.0,336.8,130671
2015-02-24,340.4,345.0,335.1,343.0,83053
2015-02-25,347.7,352.5,338.0,341.5,121022
2015-02-26,347.8,361.8,343.0,358.4,166927
2015-03-01,364.9,372.0,352.1,358.9,154149
2015-03-02,360.1,360.1,344.0,344.9,106826
2015-03-03,345.2,346.5,339.0,342.3,59913
2015-03-04,341.1,358.0,341.1,354.2,70096
2015-03-05,358.0,365.0,355.0,357.5,130388
2015-03-08,359.0,361.5,350.5,352.6,54302
2015-03-09,357.2,357.4,347.0,348.4,52445
2015-03-10,350.0,351.4,344.7,345.4,43185
2015-03-11,343.9,347.0,339.1,339.9,43156
2015-03-12,340.0,349.8,334.9,344.1,47080
2015-03-15,347.0,358.0,347.0,352.7,55068
2015-03-16,354.0,358.0,342.4,344.2,52654
2015-03-18,345.2,345.2,337.0,339.1,38717
2015-03-19,338.6,343.7,338.6,340.3,16065
2015-03-22,342.1,349.9,342.1,344.6,34260
2015-03-23,344.6,350.0,343.2,343.8,35275
2015-03-24,344.2,346.6,340.1,340.7,27773
2015-03-25,340.3,344.9,337.8,339.7,35002
2015-03-29,344.8,348.0,342.0,343.7,33462
2015-03-30,343.7,346.0,338.1,339.4,22791
2015-03-31,341.0,362.0,341.0,359.6,169441
2015-04-01,364.9,369.0,352.6,353.7,81397
2015-04-02,355.0,363.0,353.1,358.7,62617
2015-04-05,358.7,374.2,358.7,362.7,150842
2015-04-06,368.3,368.4,355.6,356.8,44422
2015-04-07,357.1,357.1,344.0,349.0,74530
2015-04-08,354.0,363.6,350.1,358.7,52780
2015-04-09,362.0,370.0,358.6,366.4,134831
2015-04-12,369.0,385.0,367.0,381.0,166238
2015-04-13,389.0,390.0,365.0,367.4,153346
2015-04-15,369.9,378.0,365.0,366.4,83232
2015-04-16,370.9,379.9,362.0,363.7,79563
2015-04-19,363.7,368.2,351.0,352.9,123173
2015-04-20,352.7,368.0,352.7,358.4,50606
2015-04-21,361.0,367.9,358.0,360.9,74760
2015-04-22,370.0,398.0,345.0,350.8,239474
2015-04-23,350.0,351.0,326.0,329.3,74544
2015-04-26,336.1,336.1,301.0,305.2,82115
2015-04-27,306.3,319.8,300.2,306.2,53826
2015-04-29,315.0,324.5,303.0,318.8,62171
2015-04-30,322.9,327.0,305.2,309.6,48471
2015-05-05,317.0,324.5,310.5,313.1,64600
2015-05-06,314.9,320.5,313.0,317.5,42049
2015-05-07,318.5,324.0,313.2,314.1,41216
2015-05-10,315.7,321.0,313.5,315.1,68103
2015-05-11,320.0,320.0,313.4,313.8,39338
2015-05-12,311.5,326.5,311.3,319.0,60535
2015-05-13,324.0,324.3,315.7,317.9,32039
2015-05-14,319.5,319.9,313.2,313.9,59264
2015-05-17,314.5,319.0,313.2,314.1,40793
2015-05-18,314.2,318.0,313.4,313.7,44031
2015-05-19,316.0,323.7,315.0,318.1,44911
2015-05-20,326.5,326.5,313.0,314.1,64647
2015-05-21,318.0,318.0,313.0,313.7,68421
2015-05-24,316.0,323.0,315.0,316.5,27555
2015-05-25,323.0,323.0,315.0,316.4,53851
2015-05-26,317.4,325.9,315.0,321.6,79231
2015-05-27,327.0,335.2,322.7,332.6,106166
2015-05-28,339.7,339.7,323.1,324.4,74527
2015-05-31,326.0,327.0,315.1,317.9,69151
2015-06-01,314.1,320.5,314.1,315.8,59107
2015-06-02,315.2,318.9,311.0,311.8,40679
2015-06-04,315.0,315.7,305.0,309.4,24775
2015-06-07,315.0,316.3,308.1,310.5,19068
2015-06-08,310.9,315.0,305.2,308.4,28050
2015-06-09,308.4,311.8,304.5,308.5,23099
2015-06-10,310.0,311.5,304.0,305.4,26694
2015-06-11,306.0,316.0,305.5,313.3,31649
2015-06-14,318.6,326.0,313.0,315.1,54128
2015-06-15,320.7,320.9,313.0,314.2,22249
2015-06-16,318.5,319.0,313.1,315.3,30278
2015-06-17,319.0,319.6,311.0,312.8,30668
2015-06-18,316.6,316.6,312.8,313.5,21268
2015-06-21,313.7,314.8,310.5,310.8,24481
2015-06-22,309.5,312.8,309.5,310.7,19974
2015-06-23,310.7,312.0,309.0,309.4,19315
2015-06-24,309.0,310.0,306.4,307.7,16453
2015-06-25,310.0,310.0,305.1,306.7,15636
2015-06-28,311.2,311.2,306.0,308.9,9762
2015-06-29,311.0,311.0,308.0,309.0,16206
2015-06-30,311.5,311.5,308.0,308.7,17320
2015-07-02,311.8,315.0,309.0,313.3,26720
2015-07-05,316.5,323.9,310.0,317.2,42061
2015-07-06,319.9,320.8,316.1,319.6,24373
2015-07-07,318.8,320.9,314.0,314.8,43853
2015-07-08,316.0,318.7,312.6,313.2,21077
2015-07-09,313.2,318.0,312.5,316.3,16870
2015-07-12,319.0,319.0,315.1,316.6,39856
2015-07-13,313.2,317.9,313.1,314.0,27663
2015-07-14,316.0,317.0,314.0,316.3,15741
2015-07-21,318.1,343.9,318.1,343.9,123328
2015-07-22,350.0,357.0,337.0,339.6,116323
2015-07-23,342.0,342.0,334.3,335.7,75058
2015-07-26,336.1,340.5,336.0,337.1,56106
2015-07-27,336.5,339.5,335.0,336.3,37912
2015-07-28,337.0,352.0,337.0,348.8,109659
2015-07-29,352.0,352.0,345.0,345.6,61049
2015-07-30,345.6,360.0,345.5,357.8,97269
2015-08-02,360.9,371.9,360.9,369.8,115005
2015-08-03,372.5,372.5,362.2,364.0,91459
2015-08-04,368.9,371.7,360.0,363.0,66233
2015-08-05,366.0,366.0,356.0,357.3,62754
2015-08-06,360.9,362.0,353.1,355.8,51168
2015-08-09,359.9,369.9,356.4,366.0,91012
2015-08-10,368.9,376.9,365.1,366.0,74209
2015-08-11,371.7,371.7,362.9,364.4,67204
2015-08-12,364.0,369.8,364.0,364.5,69486
2015-08-13,366.8,368.0,361.0,361.7,41496
2015-08-16,362.0,362.5,353.0,356.6,55134
2015-08-17,356.6,359.7,345.0,350.2,42069
2015-08-18,348.4,352.9,346.5,350.9,37034
2015-08-19,354.0,359.0,352.0,353.0,29828
2015-08-20,354.1,362.0,353.1,358.8,25917
2015-08-23,362.0,364.5,355.0,358.4,43391
2015-08-24,357.0,362.0,355.4,357.1,16227
2015-08-25,357.6,357.7,352.5,353.7,16094
2015-08-26,358.0,358.0,353.0,354.0,18109
2015-08-27,357.7,357.8,353.5,356.0,15459
2015-08-30,361.9,370.0,360.6,362.2,58730
2015-08-31,368.0,368.0,355.0,357.4,21552
2015-09-01,360.9,360.9,352.6,354.3,20775
2015-09-02,356.8,357.0,353.2,354.8,14448
2015-09-03,354.0,359.5,353.6,356.8,24866
2015-09-06,361.7,361.7,356.2,358.4,21511
2015-09-07,361.0,361.0,354.1,356.7,23112
2015-09-08,354.3,359.5,352.5,354.0,20479
2015-09-09,354.7,356.6,351.1,352.5,16173
2015-09-10,354.0,354.5,350.0,350.8,18308
2015-09-13,353.0,359.4,351.3,353.8,16261
2015-09-14,357.5,357.5,352.0,353.4,20534
2015-09-15,353.2,355.0,351.0,352.4,21614
2015-09-16,352.1,354.0,351.5,353.0,13461
2015-09-17,353.4,363.0,353.4,358.9,24875
2015-09-20,363.9,374.0,362.1,370.2,76609
2015-09-21,374.9,390.0,374.9,387.0,135157
2015-09-22,390.0,396.9,381.2,388.1,104406
2015-09-28,394.0,399.9,391.0,392.6,43504
2015-09-29,394.1,396.5,382.2,384.9,55416
2015-09-30,386.0,386.0,373.0,377.4,73370
2015-10-01,379.0,380.0,370.0,372.5,36910
2015-10-04,371.5,371.6,360.2,361.6,58831
2015-10-05,362.1,362.1,354.0,358.6,49202
2015-10-06,362.8,363.0,358.7,360.4,23803
2015-10-07,358.5,362.9,355.0,355.7,24705
2015-10-08,356.0,356.0,348.9,350.3,29429
2015-10-11,351.3,355.0,326.0,339.0,43453
2015-10-12,340.0,349.0,334.0,347.2,42005
2015-10-13,345.0,357.5,345.0,353.4,33533
2015-10-14,357.8,357.8,345.3,347.4,20512
2015-10-15,347.0,351.0,344.0,344.7,19790
2015-10-18,346.3,348.9,339.0,339.8,14409
2015-10-19,344.0,344.0,336.0,337.3,24048
2015-10-20,338.0,345.0,338.0,342.1,17237
2015-10-21,343.0,346.0,339.0,342.6,28119
2015-10-25,340.0,354.8,339.1,351.9,36273
2015-10-26,355.7,364.0,353.0,356.2,40187
2015-10-27,356.4,356.4,347.0,350.8,15089
2015-10-28,350.0,353.9,345.2,346.6,39520
2015-10-29,349.5,352.5,347.7,349.9,26182
2015-11-01,354.0,354.0,342.0,346.1,19792
2015-11-02,346.1,349.0,337.0,341.1,38957
2015-11-03,341.0,344.8,339.0,342.4,31581
2015-11-04,344.8,344.8,337.0,337.6,19266
2015-11-05,337.8,338.5,328.5,330.4,53994
2015-11-08,325.1,325.1,307.0,308.2,94943
2015-11-09,309.9,309.9,282.5,284.0,86665
2015-11-10,292.0,299.4,285.7,290.4,41904
2015-11-11,298.8,301.0,275.0,280.2,36132
2015-11-12,277.2,286.8,274.1,276.5,51085
2015-11-15,280.0,286.0,274.8,284.6,26709
2015-11-16,292.0,295.0,285.0,290.6,41742
2015-11-17,291.0,291.5,284.9,286.1,36034
2015-11-18,285.0,287.0,280.5,282.2,28598
2015-11-19,285.0,288.5,283.0,286.2,33022
2015-11-22,288.9,311.0,288.9,311.0,58740
2015-11-23,317.9,325.0,296.2,298.2,99278
2015-11-24,290.0,299.8,286.1,289.8,63286
2015-11-25,270.0,273.5,253.0,268.8,105617
2015-11-26,264.1,270.9,264.0,266.0,27269
2015-11-29,266.0,270.9,263.0,263.9,35137
2015-11-30,260.0,260.0,249.1,251.9,72337
2015-12-01,251.1,258.0,251.0,254.9,27835
2015-12-02,255.9,257.0,253.2,254.3,27825
2015-12-03,255.0,256.8,253.0,254.0,20054
2015-12-06,254.0,255.0,252.0,252.4,29586
2015-12-07,252.8,258.0,252.2,256.4,27086
2015-12-08,259.9,260.8,255.0,258.9,27209
2015-12-09,262.8,262.8,258.5,260.0,35395
2015-12-10,261.6,264.9,261.0,262.7,36022
2015-12-13,262.1,263.8,257.1,258.5,28751
2015-12-14,257.0,261.0,255.6,258.9,45873
2015-12-17,230.2,230.2,220.0,222.6,41985
2015-12-20,227.9,233.8,223.1,230.8,41222
2015-12-21,231.0,238.9,231.0,235.2,38481
2015-12-22,238.5,238.5,229.0,229.8,38367
2015-12-23,234.0,234.0,226.0,228.4,20700
2015-12-24,230.0,231.0,226.0,227.4,32044
2015-12-27,233.5,235.0,228.0,229.4,17006
2015-12-28,229.7,231.8,229.4,231.0,27392
2015-12-29,231.2,239.0,231.2,238.2,68643
2015-12-30,239.0,240.7,235.0,239.6,45053
2015-12-31,240.1,241.0,232.0,233.5,31016
2016-01-03,237.6,237.6,231.5,232.0,17156
2016-01-04,233.3,234.0,230.1,231.8,17265
2016-01-05,233.0,233.0,229.3,230.6,29110
2016-01-06,231.5,234.8,230.2,231.3,30897
2016-01-07,234.9,234.9,230.1,231.1,23154
2016-01-10,234.4,234.5,229.1,229.5,27806
2016-01-11,229.0,230.0,226.6,227.8,13804
2016-01-12,227.0,228.4,222.2,223.5,40036
2016-01-13,224.0,226.6,223.0,223.4,29950
2016-01-14,223.5,224.0,218.6,221.0,31331
2016-01-17,220.3,221.1,218.5,219.8,33967
2016-01-18,220.0,224.8,219.0,222.6,21077
2016-01-19,226.0,226.8,223.7,225.8,32914
2016-01-20,224.1,226.9,221.1,222.0,29179
2016-01-21,221.1,225.0,220.0,220.5,14889
2016-01-24,221.0,223.0,219.2,219.5,17599
2016-01-25,224.9,224.9,219.0,223.6,26865
2016-01-26,225.7,225.8,220.1,221.1,14709
2016-01-27,220.6,222.0,219.0,219.4,18337
2016-01-28,219.5,220.9,217.5,217.9,22354
2016-01-31,212.0,212.0,200.0,201.5,57612
2016-02-01,204.5,205.0,192.1,193.3,41295
2016-02-02,193.3,212.6,188.1,210.5,63008
2016-02-03,212.6,222.4,210.1,211.8,79995
2016-02-04,208.0,209.5,202.5,207.5,30144
2016-02-07,208.0,211.0,207.2,207.9,21151
2016-02-08,210.5,211.4,205.5,207.6,29352
2016-02-09,207.2,214.0,207.2,213.4,29597
2016-02-10,214.0,215.9,212.1,213.5,25863
2016-02-11,210.8,215.0,209.3,210.1,19423
2016-02-14,210.9,211.0,204.5,205.4,36191
2016-02-15,202.8,208.0,202.7,205.1,11973
2016-02-16,202.5,207.0,202.4,204.9,12984
2016-02-17,204.0,205.9,203.0,203.6,14372
2016-02-18,204.9,205.0,202.4,202.7,18096
2016-02-22,202.5,204.9,202.4,202.8,12318
2016-02-23,202.5,205.0,202.5,203.9,18574
2016-02-24,206.0,206.1,202.4,203.4,20946
2016-02-25,201.4,202.9,199.5,200.0,41785
2016-02-28,196.6,202.3,196.6,198.2,15151
2016-02-29,197.6,200.0,195.0,196.4,20065
2016-03-01,196.4,199.4,196.0,196.1,15546
2016-03-02,196.0,196.1,190.0,191.3,26988
2016-03-03,198.9,198.9,189.6,190.1,15966
2016-03-06,190.0,192.0,188.2,189.4,12618
2016-03-07,189.9,191.7,188.5,188.8,12610
2016-03-08,195.0,195.0,190.1,191.3,7650
2016-03-09,191.1,193.0,190.4,192.8,7044
2016-03-10,193.9,193.9,192.0,193.1,6874
2016-03-13,190.3,194.0,190.0,191.2,12795
2016-03-14,190.3,192.8,190.2,191.7,5573
2016-03-15,191.1,193.8,191.1,191.9,12708
2016-03-16,192.0,192.0,190.0,190.4,16304
2016-03-20,190.4,190.5,189.0,189.5,14618
2016-03-21,189.0,190.6,188.1,190.0,11616
2016-03-22,189.5,189.9,185.3,186.5,18546
2016-03-23,185.6,185.6,179.8,180.3,36670
2016-03-24,181.2,181.2,177.2,178.0,20384
2016-03-27,178.8,185.0,177.7,180.5,35199
2016-03-28,181.8,185.9,179.1,180.0,20230
2016-03-29,180.0,182.0,177.5,177.7,18116
2016-03-30,177.0,178.0,174.5,174.9,32957
2016-03-31,175.0,178.4,173.0,177.6,24356
2016-04-03,179.0,179.0,177.4,178.0,15640
2016-04-04,177.7,182.5,177.1,181.1,25010
2016-04-05,179.7,181.8,178.0,178.7,13967
2016-04-06,177.9,179.9,174.7,178.4,10580
2016-04-07,181.2,181.3,177.0,177.5,11683
2016-04-10,178.4,178.6,176.0,176.2,21321
2016-04-11,175.4,178.7,174.6,175.4,19654
2016-04-12,175.0,177.2,174.5,175.8,14041
2016-04-13,175.2,177.3,175.2,176.1,25799
2016-04-17,177.0,192.0,176.7,191.3,85096
2016-04-18,192.0,197.0,192.0,192.1,64421
2016-04-19,191.5,192.9,181.5,183.3,45897
2016-04-20,186.3,186.3,180.3,181.3,28858
2016-04-21,182.0,190.0,181.0,182.8,37997
2016-04-24,185.8,185.8,180.0,180.5,36645
2016-04-25,183.9,183.9,175.6,177.8,29679
2016-04-26,176.0,177.6,174.1,175.1,30880
2016-04-27,174.2,174.2,168.1,169.7,26995
2016-04-28,172.0,172.0,165.5,166.5,20258
2016-05-02,162.0,165.5,162.0,165.1,7133
2016-05-03,170.7,172.0,167.0,171.0,8266
2016-05-04,172.7,172.7,165.0,169.0,5747
2016-05-05,169.0,171.0,167.7,170.5,9792
2016-05-08,172.0,176.5,172.0,174.3,18820
2016-05-09,170.3,175.5,170.3,172.4,7751
2016-05-10,174.0,175.0,172.0,174.5,13377
2016-05-11,174.0,174.3,171.0,171.4,14527
2016-05-12,173.0,174.2,171.5,172.0,9035
2016-05-15,168.0,168.0,155.0,157.8,51698
2016-05-16,157.5,158.8,157.5,158.3,13895
2016-05-17,158.3,160.6,158.3,160.0,15123
2016-05-18,161.0,161.0,158.4,158.8,24813
2016-05-19,161.8,165.0,159.7,163.8,16016
2016-05-22,165.1,174.6,164.0,171.9,51337
2016-05-24,172.0,172.0,168.0,168.9,20626
2016-05-25,169.0,172.0,167.1,167.8,15256
2016-05-26,170.0,170.0,167.1,167.7,9434
2016-05-29,167.2,169.8,167.2,168.0,11075
2016-05-30,171.8,171.9,168.5,169.0,9720
2016-05-31,169.0,169.0,167.6,167.9,17628
2016-06-01,168.0,168.9,165.8,166.3,11890
2016-06-02,166.3,169.8,166.3,168.9,8973
2016-06-05,168.0,169.9,167.7,168.4,12876
2016-06-06,167.4,167.9,166.1,166.8,4099
2016-06-07,166.3,168.3,165.4,166.2,11971
2016-06-08,167.7,167.7,165.2,165.9,8115
2016-06-09,165.1,165.3,164.0,164.3,14937
2016-06-12,164.1,164.1,161.6,162.6,10237
2016-06-13,161.2,166.7,161.1,163.9,3627
2016-06-14,165.9,165.9,162.3,163.4,5115
2016-06-15,163.0,163.0,162.0,162.8,8908
2016-06-16,163.0,163.0,162.2,162.6,3750
2016-06-19,162.6,163.0,162.1,162.3,5775
2016-06-20,161.7,162.3,161.2,161.6,6810
2016-06-21,161.0,162.0,160.0,160.3,9404
2016-06-22,161.0,162.5,160.7,161.0,7226
2016-06-23,161.0,164.5,161.0,162.2,3245
2016-06-26,157.0,162.0,157.0,159.8,8297
2016-06-27,161.8,164.0,159.8,162.0,2824
2016-06-28,162.0,164.2,161.0,163.3,5094
2016-06-29,162.2,164.1,162.1,163.8,2613
2016-06-30,163.3,164.8,162.6,162.9,11739
2016-07-10,162.1,162.1,160.0,160.9,2967
2016-07-11,162.1,165.0,162.0,163.7,7879
2016-07-12,163.3,166.9,163.3,165.9,9851
2016-07-13,164.7,168.0,164.7,167.4,12411
2016-07-14,169.0,175.8,169.0,174.2,66991
2016-07-16,171.1,175.5,170.1,172.8,13278
2016-07-17,172.7,173.0,171.6,171.8,18864
2016-07-18,170.1,174.0,165.0,169.0,13166
2016-07-19,170.1,170.1,168.1,169.6,8734
2016-07-20,169.3,171.0,166.0,167.5,7422
2016-07-21,169.5,174.0,168.1,171.5,14662
2016-07-24,171.1,174.9,171.1,171.6,24220
2016-07-25,173.9,173.9,171.1,171.5,17312
2016-07-26,171.1,179.5,170.7,177.1,57868
2016-07-27,175.3,183.0,175.3,179.2,64810
2016-07-28,180.6,190.3,180.6,188.2,145251
2016-07-31,190.0,193.8,189.0,189.8,82810
2016-08-01,190.0,190.6,179.0,181.2,56796
2016-08-02,184.8,185.0,180.0,181.4,44522
2016-08-03,184.8,184.8,181.0,182.9,29583
2016-08-04,186.7,187.0,183.7,185.8,48087
2016-08-07,187.7,197.0,186.0,195.6,106145
2016-08-08,197.0,207.0,197.0,204.3,164578
2016-08-09,205.0,205.0,197.0,199.3,94412
2016-08-10,200.5,210.3,200.1,209.7,174331
2016-08-11,209.5,215.9,206.7,207.4,140022
2016-08-14,206.1,212.0,202.6,210.2,68920
2016-08-16,210.3,216.0,208.5,209.6,97214
2016-08-17,210.0,215.8,210.0,213.7,143260
2016-08-18,216.0,218.7,213.9,214.4,133669
2016-08-21,215.0,215.0,208.8,210.1,63582
2016-08-22,211.1,212.9,207.2,208.0,58783
2016-08-23,209.0,209.9,203.1,204.2,70376
2016-08-24,206.3,209.0,202.2,208.8,68519
2016-08-28,208.6,216.0,208.1,211.7,116848
2016-08-29,210.0,211.5,208.2,208.4,44315
2016-08-30,208.2,208.2,202.1,203.2,56729
2016-08-31,203.2,204.0,199.0,200.3,55552
2016-09-01,200.0,204.8,200.0,201.8,29832
2016-09-04,201.4,203.0,190.0,193.4,63294
2016-09-05,193.8,194.4,188.0,193.5,41318
2016-09-06,197.0,197.0,190.5,192.2,25067
2016-09-07,194.0,195.4,193.3,195.0,19004
2016-09-08,197.9,197.9,192.5,193.5,20918
2016-09-18,193.0,193.0,188.4,190.9,30075
2016-09-19,191.1,193.0,189.2,189.6,19289
2016-09-20,190.0,190.0,186.6,187.3,35602
2016-09-21,187.5,190.0,187.5,188.4,29213
2016-09-22,190.0,190.1,186.5,187.1,40057
2016-09-24,187.8,188.7,183.1,183.9,36260
2016-09-25,183.7,184.8,179.7,181.3,32229
2016-09-26,182.0,182.3,177.8,179.4,27609
2016-09-27,180.2,180.2,177.6,178.1,30413
2016-09-28,178.2,180.3,176.1,179.8,35293
2016-09-29,180.0,182.0,179.2,180.4,26090
2016-10-02,180.2,182.2,179.5,180.1,31887
2016-10-03,180.1,180.4,176.0,176.8,28110
2016-10-04,176.4,177.0,173.7,174.2,34978
2016-10-05,174.0,177.8,173.5,176.0,74699
2016-10-06,176.5,186.0,176.5,184.1,56310
2016-10-09,182.0,183.3,179.3,182.1,36387
2016-10-10,179.9,180.9,179.0,179.3,14887
2016-10-13,180.0,180.3,177.1,178.5,22468
2016-10-16,178.5,178.9,177.0,177.7,17207
2016-10-17,177.6,177.9,175.2,176.1,10826
2016-10-18,175.1,176.9,174.0,174.5,22391
2016-10-19,174.1,174.5,173.0,173.2,22798
2016-10-20,170.9,172.3,166.0,167.4,33674
2016-10-23,166.1,166.8,161.8,163.9,53981
2016-10-24,163.5,168.7,163.5,167.3,22838
2016-10-25,167.0,175.8,166.6,174.0,30090
2016-10-26,172.3,172.3,167.4,167.8,26116
2016-10-27,166.5,171.5,166.5,167.0,26624
2016-10-30,166.2,166.2,161.0,162.9,21677
2016-10-31,167.6,167.6,161.1,163.4,13511
2016-11-01,165.9,165.9,162.0,162.5,19444
2016-11-02,165.0,165.0,161.5,162.6,18745
2016-11-03,162.3,167.6,162.1,165.3,20216
2016-11-06,164.5,164.5,162.2,163.4,24343
2016-11-07,165.0,173.9,163.4,171.0,59389
2016-11-08,170.0,172.0,165.3,167.7,33942
2016-11-09,165.5,165.5,162.7,163.5,43488
2016-11-10,163.1,165.0,162.4,164.0,37177
2016-11-13,145.0,145.0,102.0,112.0,133353
2016-11-14,110.0,110.0,102.0,102.9,67237
2016-11-15,99.5,103.9,95.2,100.9,45154
2016-11-16,102.5,110.9,102.0,110.9,12272
2016-11-17,115.0,121.9,115.0,121.9,15731
2016-11-20,121.9,134.0,121.9,134.0,10893
2016-11-21,147.3,147.4,126.3,133.7,78089
2016-11-22,139.0,144.0,132.0,134.1,14836
2016-11-23,135.8,135.8,128.3,129.4,15389
2016-11-24,125.1,125.9,120.0,120.6,45197
2016-11-27,120.0,120.0,115.5,117.2,19666
2016-11-28,122.0,122.0,116.2,116.7,29220
2016-11-29,116.4,123.0,116.4,120.8,18025
2016-11-30,123.8,123.8,120.1,120.9,15516
2016-12-01,122.9,123.2,118.0,121.0,19605
2016-12-04,121.0,122.6,118.3,119.0,28533
2016-12-06,129.4,130.9,126.1,128.7,54930
2016-12-07,127.1,127.1,122.3,124.7,13655
2016-12-08,124.0,125.2,123.0,123.9,9290
2016-12-11,124.5,124.5,117.3,118.2,21297
2016-12-12,118.0,122.0,118.0,121.6,6905
2016-12-14,123.0,123.0,118.0,119.2,24879
2016-12-15,119.5,120.5,118.3,118.8,13912
2016-12-18,121.0,121.4,118.4,120.7,15666
2016-12-19,120.9,120.9,118.0,118.3,13108
2016-12-20,117.2,120.0,117.2,118.3,10456
2016-12-21,118.1,119.0,117.4,117.7,15978
2016-12-22,119.8,119.8,117.1,117.9,10190
2016-12-26,119.8,119.8,117.0,118.6,17234
2016-12-27,118.7,121.5,118.7,121.3,22141
2016-12-28,123.9,125.0,121.6,124.8,17031
2016-12-29,125.1,129.8,122.0,126.2,20194
2017-01-01,129.0,129.9,124.0,125.2,26000
2017-01-02,125.1,128.0,125.1,126.2,14719
2017-01-03,125.6,129.0,125.6,127.4,22959
2017-01-04,128.0,129.0,127.0,128.2,15898
2017-01-05,128.5,134.9,128.5,133.0,54131
2017-01-08,130.0,134.0,130.0,131.7,25556
2017-01-09,131.7,134.0,131.7,132.9,13692
2017-01-10,134.6,136.0,131.2,132.7,25754
2017-01-11,134.0,135.9,132.9,134.2,12377
2017-01-12,133.4,135.5,133.2,135.2,15748
2017-01-15,130.0,135.9,130.0,134.7,15451
2017-01-16,134.1,135.0,132.0,132.3,23240
2017-01-17,131.1,133.4,130.2,130.7,27435
2017-01-18,130.1,132.5,130.1,131.2,12238
2017-01-19,132.8,132.9,130.3,131.0,18205
2017-01-22,131.0,133.0,131.0,131.1,19722
2017-01-23,132.0,132.0,129.0,129.3,21865
2017-01-24,129.1,129.9,125.0,125.5,16904
2017-01-25,125.0,127.0,125.0,125.3,11381
2017-01-26,125.7,127.3,124.0,124.6,14104
2017-01-29,129.9,129.9,125.0,126.9,5224
2017-01-30,127.0,127.0,120.2,121.2,23117
2017-01-31,118.0,119.9,109.1,118.8,14303
2017-02-01,121.1,124.0,121.1,122.6,5825
2017-02-02,123.8,123.8,121.4,121.8,3386
2017-02-05,119.5,122.0,118.4,119.9,5553
2017-02-06,120.0,122.3,120.0,122.0,5375
2017-02-07,122.0,122.7,120.8,121.7,3144
2017-02-08,123.7,126.0,121.6,124.8,7770
2017-02-09,125.2,129.9,125.2,127.7,17397
2017-02-12,128.5,129.0,127.2,128.7,10633
2017-02-13,127.9,129.2,125.6,128.9,7085
2017-02-14,129.3,129.3,127.0,129.0,11386
2017-02-15,128.5,129.1,128.0,128.1,16101
2017-02-16,128.5,128.5,126.1,126.6,6563
2017-02-19,126.4,129.0,126.3,127.4,7780
2017-02-20,127.6,128.4,126.3,127.2,12914
2017-02-22,126.6,127.7,126.5,127.0,16044
2017-02-23,127.0,127.6,126.0,126.2,22889
2017-02-26,127.8,127.8,125.5,126.7,6856
2017-02-27,126.6,127.0,125.7,126.1,10068
2017-02-28,126.0,126.5,125.8,126.0,11866
2017-03-01,126.0,126.7,125.5,126.5,8832
2017-03-02,126.5,126.5,125.6,126.3,9343
2017-03-05,126.2,126.5,125.7,125.9,4068
2017-03-06,125.4,125.9,118.0,122.3,27202
2017-03-07,125.0,125.0,123.0,124.4,10234
2017-03-08,130.0,130.0,123.6,124.7,11666
2017-03-09,126.0,126.0,123.8,124.2,12666
2017-03-12,124.6,126.0,124.0,125.4,7701
2017-03-13,125.1,126.6,125.0,125.4,5901
2017-03-14,125.0,125.0,122.0,123.1,15470
2017-03-15,125.0,125.0,122.8,123.2,11788
2017-03-16,123.1,123.5,122.9,123.1,10306
2017-03-19,124.0,124.2,124.0,124.1,9399
2017-03-20,123.0,124.0,122.3,123.2,3719
2017-03-21,123.3,123.3,122.7,123.0,5256
2017-03-22,122.9,122.9,122.3,122.7,9902
2017-03-23,122.8,123.0,121.4,122.4,14649
2017-03-27,123.7,123.8,121.7,122.0,4516
2017-03-28,121.2,125.0,121.1,124.3,7296
2017-03-29,123.8,123.8,121.3,122.0,8199
2017-03-30,123.0,123.0,121.4,122.0,3550
2017-04-02,121.6,123.1,121.4,121.6,3775
2017-04-03,123.1,123.4,121.9,122.0,9240
2017-04-04,119.2,122.6,119.2,121.7,4204
2017-04-05,121.2,122.0,121.2,121.7,10798
2017-04-06,120.1,121.0,120.1,120.9,9720
2017-04-09,122.1,122.1,121.0,121.1,7591
2017-04-10,120.8,123.0,120.8,121.8,12483
2017-04-11,121.0,122.0,121.0,121.5,10528
2017-04-12,118.3,121.4,118.3,120.7,4310
2017-04-13,118.5,120.0,118.5,119.9,9211
2017-04-16,118.6,121.4,118.6,119.5,1328
2017-04-17,119.3,121.0,119.3,119.8,2642
2017-04-18,118.6,120.0,118.6,119.7,1243
2017-04-19,119.8,119.9,119.4,119.6,3214
2017-04-20,119.7,120.7,119.5,119.9,4835
2017-04-23,119.8,119.8,115.2,117.3,4362
2017-04-24,118.1,118.9,117.5,117.9,4633
2017-04-25,120.9,120.9,117.6,118.2,2520
2017-04-26,117.8,119.9,117.6,119.0,4615
2017-04-27,120.0,120.5,119.1,119.4,8640
2017-04-30,119.1,119.1,116.5,117.3,10978
2017-05-02,117.0,118.0,116.0,116.6,9439
2017-05-03,119.5,121.0,117.1,117.3,5330
2017-05-04,122.0,122.0,118.3,119.5,5421
2017-05-07,119.9,120.0,117.6,118.0,8548
2017-05-08,117.5,117.9,117.0,117.2,5060
2017-05-09,116.9,120.7,116.9,119.2,9363
2017-05-11,118.9,119.5,118.8,119.4,8861
2017-05-14,118.4,119.8,118.0,118.1,10706
2017-05-15,117.2,119.0,117.2,118.2,3461
2017-05-16,118.5,118.8,117.5,118.5,5505
2017-05-17,118.0,122.0,117.9,121.3,9416
2017-05-18,118.1,120.0,118.1,119.5,4538
2017-05-21,119.4,119.5,118.7,119.2,3646
2017-05-22,122.0,122.0,118.3,118.7,3446
2017-05-23,118.7,118.7,118.0,118.1,2419
2017-05-24,117.9,118.0,117.3,117.7,2351
2017-05-25,117.7,118.0,116.5,116.8,16503
2017-05-28,117.4,117.5,116.4,117.4,5671
2017-05-29,117.2,117.3,116.9,117.0,6220
2017-05-30,111.0,120.2,111.0,118.3,2247
2017-05-31,117.6,118.5,117.1,117.8,7128
2017-06-01,120.9,120.9,117.2,117.4,2899
2017-06-04,118.9,118.9,117.3,118.5,4292
2017-06-05,118.0,119.2,118.0,119.1,4630
2017-06-06,120.9,124.0,119.2,122.5,16519
2017-06-07,125.0,125.0,122.8,123.5,15546
2017-06-08,123.6,125.5,123.6,124.8,20271
2017-06-11,124.5,125.0,123.1,123.8,4781
2017-06-12,123.1,124.0,122.8,123.3,6255
2017-06-13,123.0,124.7,121.2,124.0,3929
2017-06-14,124.0,124.4,122.5,123.6,5070
2017-06-15,124.0,124.0,122.1,122.5,926
2017-06-18,123.9,124.0,123.0,123.3,7960
2017-06-19,122.8,123.0,120.9,122.0,3377
2017-06-20,123.9,126.0,123.1,123.8,9482
2017-06-21,125.9,125.9,122.0,123.0,8194
2017-06-22,124.7,130.8,124.2,129.6,38728
2017-06-28,131.0,133.9,131.0,133.0,16999
2017-06-29,133.0,135.8,131.3,132.2,15707
2017-07-02,132.9,134.9,131.8,133.6,17720
2017-07-03,133.9,138.0,133.9,137.4,39429
2017-07-04,137.5,137.8,135.1,137.0,25114
2017-07-05,137.6,142.4,137.6,141.2,48590
2017-07-06,143.6,147.9,143.2,147.1,72276
2017-07-09,149.0,160.0,149.0,158.5,62495
2017-07-10,160.0,166.2,156.8,158.0,85980
2017-07-11,158.5,161.0,145.0,147.4,52687
2017-07-12,153.0,153.0,145.7,147.1,20391
2017-07-13,148.5,150.0,146.6,149.3,24065
2017-07-16,151.0,153.0,150.1,151.7,11852
2017-07-17,153.0,153.0,150.0,151.7,11539
2017-07-18,152.5,152.5,148.0,148.7,16443
2017-07-19,151.0,151.0,146.1,146.4,12523
2017-07-20,144.5,144.6,136.3,141.0,19455
2017-07-23,140.0,140.0,137.0,137.6,13380
2017-07-24,137.5,144.8,137.1,144.1,7375
2017-07-25,144.0,144.7,141.0,142.7,3162
2017-07-26,145.0,145.0,140.2,141.4,5845
2017-07-27,143.0,144.0,138.7,143.5,5027
2017-07-30,137.1,147.0,137.1,145.1,14123
2017-07-31,139.5,147.0,139.5,145.1,3173
2017-08-01,145.1,145.5,142.1,143.0,3664
2017-08-02,144.9,144.9,140.8,141.3,6474
2017-08-03,140.5,143.7,139.2,140.1,10869
2017-08-06,140.0,141.9,138.6,139.6,5313
2017-08-07,143.8,143.8,136.7,137.2,16112
2017-08-08,135.8,137.8,135.6,136.5,10457
2017-08-09,138.5,138.5,137.0,137.7,2663
2017-08-10,141.5,141.6,137.3,137.8,4333
2017-08-13,142.9,142.9,137.8,138.0,6861
2017-08-16,143.3,143.3,135.9,136.1,16413
2017-08-17,136.0,136.5,134.6,135.1,14956
2017-08-20,138.8,138.9,134.9,135.1,10224
2017-08-21,138.0,138.0,136.0,136.6,1352
2017-08-22,137.1,139.0,135.5,137.7,7852
2017-08-23,136.3,140.4,136.3,139.2,5924
2017-08-24,138.0,139.9,137.3,139.6,3788
2017-08-27,139.5,139.5,135.0,135.3,6616
2017-08-28,138.4,138.4,133.2,133.9,9085
2017-08-29,144.7,144.7,136.2,138.2,3878
2017-08-30,140.5,140.5,135.0,135.5,3723
2017-08-31,139.0,139.0,136.1,137.2,2592
2017-09-04,138.0,139.7,136.3,136.5,4061
2017-09-05,142.0,142.0,138.0,139.5,7913
2017-09-06,140.0,145.1,140.0,141.1,17531
2017-09-07,144.9,144.9,140.0,142.0,16607
2017-09-10,143.0,143.8,141.6,142.2,7167
2017-09-11,140.3,141.0,140.0,140.4,8487
2017-09-12,138.7,139.0,137.1,137.4,7915
2017-09-13,136.8,137.9,136.5,136.9,4063
2017-09-14,142.2,142.2,138.1,138.6,995
2017-09-17,138.1,139.3,137.9,138.1,1970
2017-09-18,138.0,138.0,136.4,137.2,4345
2017-09-19,130.4,136.9,130.4,133.7,5490
2017-09-20,137.6,137.6,132.5,133.0,5956
2017-09-21,134.0,134.0,130.0,130.1,7161
2017-09-24,130.3,131.9,130.2,131.6,4754
2017-09-25,130.4,132.0,130.4,131.0,3303
2017-09-26,139.7,139.7,130.0,130.5,4118
2017-09-27,130.5,130.5,126.1,128.3,6543
2017-09-28,125.0,129.0,125.0,126.5,3352
2017-10-02,125.2,126.8,125.1,125.9,2444
2017-10-03,126.0,127.0,123.0,124.0,4196
2017-10-04,113.2,126.0,113.2,123.9,6529
2017-10-05,124.0,129.5,123.9,124.5,1572
2017-10-08,124.6,128.0,124.0,124.6,1409
2017-10-09,128.0,128.8,125.1,128.3,5143
2017-10-10,126.0,132.0,126.0,129.9,3619
2017-10-11,128.5,130.0,126.1,127.9,2615
2017-10-12,127.8,127.8,122.0,123.2,8496
2017-10-15,121.0,122.3,119.9,120.5,5400
2017-10-16,120.1,122.0,120.1,121.8,3402
2017-10-17,124.0,124.0,121.5,122.2,964
2017-10-18,125.0,125.0,120.0,120.6,3041
2017-10-19,129.7,129.7,121.0,121.9,5896
2017-10-22,120.0,123.9,120.0,122.4,8052
2017-10-23,120.4,121.5,117.0,118.3,8532
2017-10-24,117.5,120.4,117.5,118.9,1003
2017-10-25,118.2,120.2,118.2,119.6,5340
2017-10-26,118.1,121.4,118.1,119.9,5786
2017-10-29,120.0,125.9,117.4,117.9,8436
2017-10-30,118.0,119.7,118.0,118.8,2980
2017-10-31,118.5,120.0,118.5,119.0,7412
2017-11-01,119.0,119.7,119.0,119.3,4799
2017-11-02,120.5,121.0,119.4,120.9,6998
2017-11-05,120.2,123.8,120.1,121.4,3431
2017-11-06,120.1,121.5,120.1,120.4,1400
2017-11-07,121.0,121.1,120.0,120.4,2569
2017-11-08,120.1,120.5,120.1,120.5,3178
2017-11-09,121.0,123.5,120.5,122.0,4523
2017-11-12,121.1,123.0,118.1,122.0,16163
2017-11-13,122.0,124.0,122.0,122.2,8070
2017-11-14,124.8,124.9,122.5,124.7,6907
2017-11-15,125.0,125.5,123.1,125.0,3629
2017-11-16,125.8,130.0,125.0,129.7,14327
2017-11-19,130.0,134.0,126.0,130.7,16276
2017-11-20,133.0,135.0,130.7,133.1,24297
2017-11-21,133.0,133.0,124.1,126.8,17949
2017-11-22,126.0,126.5,120.2,120.7,15986
2017-11-23,124.7,125.9,121.1,123.1,15278
2017-11-26,115.4,140.0,115.4,136.4,186297
2017-11-27,139.0,139.9,131.0,135.7,66517
2017-11-28,130.7,138.8,130.7,137.0,32529
2017-11-29,135.0,141.7,135.0,139.9,33675
2017-11-30,142.0,146.9,140.1,144.3,65477
2017-12-03,147.5,153.8,147.5,152.3,118983
2017-12-04,151.5,153.9,147.6,148.3,68333
2017-12-05,148.0,148.0,138.5,145.0,74008
2017-12-06,143.2,145.6,142.3,144.4,48343
2017-12-07,143.0,151.0,143.0,149.7,84089
2017-12-10,154.0,155.7,150.6,155.2,152850
2017-12-11,153.9,153.9,148.3,151.8,58610
2017-12-12,151.8,156.0,151.8,154.1,130570
2017-12-13,154.8,155.0,151.7,152.3,87349
2017-12-17,152.0,153.0,150.1,152.4,22898
2017-12-18,151.9,156.3,151.9,155.1,70584
2017-12-19,155.6,158.4,154.7,158.0,33940
2017-12-20,158.0,158.2,155.7,156.7,49130
2017-12-21,157.8,158.0,155.5,156.4,20851
2017-12-24,154.5,157.6,154.5,157.4,16584
2017-12-26,156.0,162.0,156.0,160.5,40678
2017-12-27,161.0,167.0,161.0,165.8,49304
2017-12-28,165.2,176.2,165.2,175.5,62128
2018-01-01,177.0,188.0,176.1,184.8,81222
2018-01-02,187.0,192.1,187.0,191.0,46358
2018-01-03,193.0,193.0,177.1,183.4,59908
2018-01-04,183.2,186.0,175.0,185.3,42754
2018-01-07,185.3,189.7,185.1,188.0,21194
2018-01-08,190.9,191.9,188.5,190.5,29091
2018-01-09,191.0,196.4,191.0,195.2,40918
2018-01-10,197.4,206.0,197.4,204.1,50160
2018-01-11,208.8,210.4,195.3,197.9,48517
2018-01-14,198.0,199.8,194.2,195.5,69178
2018-01-15,192.6,198.0,192.6,196.6,28201
2018-01-16,200.3,206.4,199.5,205.9,48409
2018-01-17,206.8,214.0,205.5,212.6,65732
2018-01-18,216.0,222.4,215.3,220.9,51593
2018-01-21,222.9,230.0,222.9,228.0,50122
2018-01-22,229.8,229.9,226.9,228.4,48787
2018-01-23,228.6,228.7,220.5,222.1,39561
2018-01-24,222.6,229.0,222.6,228.2,34141
2018-01-25,229.0,231.8,228.6,230.8,39423
2018-01-28,229.5,229.7,225.1,225.9,29322
2018-01-29,226.0,229.0,225.0,227.3,16711
2018-01-30,227.3,227.4,207.6,208.7,39444
2018-01-31,214.9,214.9,197.1,199.8,51699
2018-02-01,203.2,219.7,203.2,216.2,27558
2018-02-04,220.0,221.7,214.9,215.1,31652
2018-02-05,212.1,221.8,212.0,218.8,26572
2018-02-06,228.0,230.8,219.0,230.1,36887
2018-02-07,229.9,238.0,227.0,235.9,29780
2018-02-08,241.0,249.1,236.0,248.3,59291
2018-02-11,248.3,259.9,248.3,258.4,52134
2018-02-12,256.0,266.4,255.5,265.0,52567
2018-02-13,266.4,275.9,266.2,274.3,75443
2018-02-14,277.1,290.0,277.0,286.8,51176
2018-02-15,296.0,296.0,280.0,282.1,38548
2018-02-18,282.9,282.9,265.0,266.7,38258
2018-02-19,269.0,270.0,262.0,266.9,33317
2018-02-20,265.0,265.7,243.6,244.0,45247
2018-02-22,249.0,249.0,223.4,235.4,74585
2018-02-25,238.0,255.1,238.0,249.0,53740
2018-02-26,253.0,264.3,252.6,263.3,18854
2018-02-27,265.1,278.0,265.1,274.5,32009
2018-02-28,279.0,279.0,267.2,275.1,19736
2018-03-01,280.0,284.0,270.0,278.6,17396
2018-03-04,283.1,283.4,272.0,274.6,21981
2018-03-05,271.0,274.5,266.0,272.0,11686
2018-03-06,271.0,271.0,262.0,264.7,14428
2018-03-07,265.0,267.9,258.1,264.8,26413
2018-03-08,266.0,269.7,263.0,264.7,18817
2018-03-11,266.0,271.0,265.0,266.1,15168
2018-03-12,269.9,270.0,265.0,266.6,44724
2018-03-13,266.3,273.5,266.3,268.4,44183
2018-03-14,269.3,270.0,267.0,269.4,13833
2018-03-15,274.0,280.0,270.4,273.7,45645
2018-03-18,280.0,280.0,274.0,276.4,15976
2018-03-19,278.3,278.3,271.6,272.5,5206
2018-03-20,273.0,273.0,269.0,271.1,10565
2018-03-21,270.4,273.9,269.0,270.4,12471
2018-03-22,269.6,272.9,268.1,272.2,26402
2018-03-25,281.9,281.9,271.4,271.8,2728
2018-03-27,270.0,270.3,252.3,265.0,6554
2018-03-28,268.0,268.0,257.2,261.7,16186
2018-03-29,265.8,268.3,256.7,265.6,16506
2018-04-01,262.1,266.9,262.0,266.4,9355
2018-04-02,270.0,270.0,265.1,266.8,11958
2018-04-03,270.0,274.9,268.1,269.5,12224
2018-04-04,268.0,276.0,268.0,274.9,23737
2018-04-05,276.8,276.9,273.1,273.7,5263
2018-04-08,272.1,275.1,272.1,273.4,5048
2018-04-09,267.2,275.0,267.2,269.2,9418
2018-04-10,273.0,273.0,269.2,271.4,2616
2018-04-11,272.2,272.5,268.0,270.8,8775
2018-04-12,270.9,270.9,263.1,265.7,4772
2018-04-15,266.0,267.9,259.0,260.1,5201
2018-04-16,260.9,260.9,255.0,257.7,7496
2018-04-17,258.0,274.5,258.0,269.5,16861
2018-04-18,272.0,273.0,266.6,267.7,5113
2018-04-19,269.9,270.0,266.8,268.9,6876
2018-04-22,274.5,274.5,265.1,268.8,18009
2018-04-23,271.4,272.9,264.0,265.9,28778
2018-04-24,268.0,270.3,264.1,265.5,11858
2018-04-25,266.0,269.9,260.1,264.4,7743
2018-04-26,265.0,265.0,260.0,260.2,7043
2018-04-30,260.6,264.0,260.0,261.0,3897
2018-05-03,260.0,264.0,251.0,260.6,13962
2018-05-06,265.0,265.0,251.6,257.9,8911
2018-05-07,263.0,263.0,257.0,259.3,12490
2018-05-08,263.0,263.0,256.0,257.6,4703
2018-05-09,258.0,259.0,252.0,254.6,2546
2018-05-10,268.0,268.0,252.2,254.4,17996
2018-05-13,260.0,260.0,252.3,253.9,2891
2018-05-14,252.8,257.0,252.6,255.8,3138
2018-05-15,259.9,259.9,246.2,251.8,2620
2018-05-16,254.0,254.0,247.3,249.2,2801
2018-05-17,246.0,246.3,242.2,243.1,4334
2018-05-20,243.1,243.9,230.0,241.8,6412
2018-05-21,236.1,238.0,232.0,235.0,6533
2018-05-22,235.2,236.0,230.0,231.0,22795
2018-05-23,228.0,231.0,220.1,223.3,10393
2018-05-24,236.1,236.1,216.6,222.7,7890
2018-05-27,230.0,234.5,222.0,224.1,3765
2018-05-28,225.1,232.7,222.1,232.1,1986
2018-05-29,230.0,234.8,225.0,233.4,3052
2018-05-30,222.1,236.3,222.0,226.8,3063
2018-05-31,223.8,233.0,223.0,228.0,1249
2018-06-03,225.1,232.0,225.0,227.1,5484
2018-06-04,230.7,239.9,224.2,236.6,7297
2018-06-05,243.8,251.0,231.1,248.6,8629
2018-06-06,250.3,253.0,240.0,241.2,3013
2018-06-07,241.2,249.9,234.8,235.3,3979
2018-06-10,232.1,241.0,232.1,239.9,3253
2018-06-11,252.0,252.0,240.0,243.8,3252
2018-06-12,247.0,262.0,247.0,258.3,12124
2018-06-18,260.0,269.0,259.0,267.2,14111
2018-06-19,268.3,274.5,257.0,263.5,13671
2018-06-20,263.5,265.0,260.0,261.2,6716
2018-06-21,261.9,262.0,253.0,260.4,1450
2018-06-24,261.7,262.0,253.0,255.9,5555
2018-06-25,256.0,260.8,253.0,253.6,3556
2018-06-26,258.6,258.6,242.0,244.7,8119
2018-06-27,245.1,250.0,245.0,248.9,6317
2018-06-28,252.0,265.0,249.0,263.5,12850
2018-07-02,268.9,269.0,256.0,261.2,17996
2018-07-03,266.0,270.0,252.0,256.8,11025
2018-07-04,252.0,260.0,252.0,256.6,7679
2018-07-05,258.0,261.7,248.0,251.1,10715
2018-07-08,259.0,259.0,248.1,249.6,5643
2018-07-09,251.0,251.9,245.0,247.2,8917
2018-07-10,251.5,251.5,241.0,243.4,15827
2018-07-11,243.4,253.0,243.4,249.7,8618
2018-07-12,251.0,252.0,247.0,249.6,10310
2018-07-15,255.0,255.0,243.0,245.2,13326
2018-07-16,247.2,252.4,247.2,250.9,6505
2018-07-17,252.0,265.0,252.0,263.9,19596
2018-07-18,270.0,275.0,261.2,265.1,14044
2018-07-19,260.0,262.5,257.1,259.4,7744
2018-07-22,263.9,263.9,259.0,260.0,9987
2018-07-23,258.0,264.0,258.0,262.0,9179
2018-07-24,262.0,265.0,258.3,259.6,5307
2018-07-25,260.0,261.5,254.2,255.1,3469
2018-07-26,257.0,258.5,255.0,255.5,6120
2018-07-29,259.0,277.0,259.0,270.0,43688
2018-07-30,273.0,287.8,272.2,277.8,42714
2018-07-31,285.0,288.8,275.5,280.8,26052
2018-08-01,288.0,288.9,281.1,286.6,30653
2018-08-02,293.5,311.6,291.3,309.5,91007
2018-08-05,318.8,329.9,307.1,310.2,57924
2018-08-06,318.0,318.0,313.0,313.3,19519
2018-08-07,319.0,340.6,314.1,339.5,85540
2018-08-08,345.0,346.9,328.0,332.1,34358
2018-08-09,328.1,346.0,328.1,333.7,36347
2018-08-12,345.6,345.6,326.0,328.8,26502
2018-08-13,325.0,333.0,317.0,321.0,20791
2018-08-14,318.0,329.0,318.0,327.8,20814
2018-08-16,335.0,339.9,330.0,331.5,16205
2018-08-19,330.3,330.3,310.0,312.1,29468
2018-08-20,310.2,323.5,310.2,316.5,21830
2018-08-26,325.8,325.8,316.2,322.0,5870
2018-08-27,324.3,324.3,317.0,318.8,9252
2018-08-28,321.9,321.9,311.2,313.4,11356
2018-08-29,317.0,317.0,305.0,308.6,21445
2018-08-30,303.6,313.0,301.0,302.9,9788
2018-09-03,301.1,303.0,297.3,301.3,25948
2018-09-04,306.0,309.8,302.0,307.1,4587
2018-09-05,315.9,315.9,298.0,303.4,14083
2018-09-06,312.9,312.9,292.6,297.5,7907
2018-09-09,304.7,304.7,292.5,297.5,1968
2018-09-10,291.0,299.5,288.2,293.3,21476
2018-09-11,290.0,314.0,290.0,305.6,6926
2018-09-12,313.8,319.8,300.0,315.6,9211
2018-09-13,319.8,319.8,305.0,305.2,3951
2018-09-16,310.0,310.0,291.6,293.3,10343
2018-09-17,307.6,307.6,290.0,292.5,6603
2018-09-18,308.3,308.3,286.4,289.3,17330
2018-09-19,287.1,289.9,282.0,283.2,10824
2018-09-20,280.0,285.5,280.0,282.9,10559
2018-09-23,290.0,290.0,270.0,276.1,21008
2018-09-24,282.9,282.9,273.5,278.0,3840
2018-09-25,276.0,277.0,270.0,271.3,7325
2018-09-26,270.7,282.9,260.0,267.7,18761
2018-09-27,266.2,276.8,266.2,274.2,7760
2018-09-30,274.2,282.0,268.0,269.5,7939
2018-10-01,277.0,290.0,277.0,289.5,21379
2018-10-02,295.0,300.0,290.6,295.9,9061
2018-10-03,300.0,300.0,290.3,297.2,3183
2018-10-04,300.0,300.0,287.1,289.3,5424
2018-10-07,294.7,294.7,270.0,272.7,19295
2018-10-08,274.0,286.7,273.6,282.4,5656
2018-10-09,284.4,290.0,282.2,286.3,2597
2018-10-10,288.3,288.3,275.5,277.2,1454
2018-10-11,289.2,289.2,272.0,274.5,1406
2018-10-14,274.4,286.0,271.0,278.0,2098
2018-10-15,272.0,279.2,268.0,273.0,2533
2018-10-16,280.0,280.0,273.0,278.7,2117
2018-10-17,284.5,284.5,269.2,270.3,4102
2018-10-18,267.5,272.6,267.3,270.5,1618
2018-10-21,274.5,274.5,269.0,269.1,5549
2018-10-22,272.1,272.1,250.6,262.9,3723
2018-10-23,275.0,275.0,256.0,263.4,1579
2018-10-24,263.4,274.9,262.0,263.0,5046
2018-10-25,270.0,270.0,262.0,263.3,1225
2018-10-28,278.9,278.9,260.0,272.4,4788
2018-10-29,276.8,276.8,260.5,268.8,4080
2018-10-30,275.0,275.0,268.6,268.7,9230
2018-10-31,274.0,274.0,261.9,262.6,4363
2018-11-01,264.0,280.0,264.0,279.3,22547
2018-11-04,297.8,297.8,276.0,291.5,31170
2018-11-05,290.0,293.0,280.0,286.6,9632
2018-11-06,288.0,295.0,283.2,291.6,5396
2018-11-07,292.0,294.8,288.2,289.9,2138
2018-11-08,289.9,290.0,285.4,289.6,6948
2018-11-11,300.0,305.0,296.0,299.9,50071
2018-11-12,305.0,305.0,288.0,289.2,24763
2018-11-13,291.0,302.0,291.0,299.8,44092
2018-11-14,304.9,320.0,304.8,309.3,87924
2018-11-15,325.0,325.0,312.0,314.7,158739
2018-11-18,316.0,342.2,314.7,342.2,218879
2018-11-19,352.0,370.0,349.0,362.8,294283
2018-11-20,370.0,370.0,340.6,344.0,203275
2018-11-22,345.1,351.0,329.1,334.4,217709
2018-11-26,301.5,315.0,295.0,299.1,77580
2018-11-27,299.8,309.4,295.1,301.7,44753
2018-11-28,305.0,308.8,295.2,301.7,38154
2018-11-29,301.7,301.7,280.2,287.5,38215
2018-12-02,291.3,300.0,287.5,292.6,18091
2018-12-03,298.7,303.9,295.0,299.9,27641
2018-12-04,306.9,309.9,300.6,306.4,31379
2018-12-05,310.0,330.0,308.2,328.3,48343
2018-12-06,338.0,344.9,333.0,335.9,57821
2018-12-09,340.0,347.0,338.5,340.0,36344
2018-12-10,342.0,345.7,333.3,337.9,50797
2018-12-11,341.0,341.0,325.2,325.9,37850
2018-12-12,326.0,327.0,320.0,321.5,20919
2018-12-13,324.2,324.2,305.1,310.9,20371
2018-12-17,313.0,313.0,296.0,298.8,10705
2018-12-18,307.0,309.0,296.1,298.6,20967
2018-12-19,304.5,314.0,298.0,309.0,21224
2018-12-20,315.0,322.0,304.0,309.0,29474
2018-12-23,306.0,312.0,300.1,301.3,6651
2018-12-24,308.2,308.2,298.0,302.7,9095
2018-12-26,318.0,318.0,302.4,312.3,8670
2018-12-27,315.0,315.1,305.0,313.5,24484
2019-01-01,317.0,319.0,307.0,308.2,21120
2019-01-02,320.0,335.1,311.0,333.1,48166
2019-01-03,350.0,362.2,346.0,353.3,407698
2019-01-06,359.0,359.0,337.1,339.6,182300
2019-01-07,341.0,348.3,336.3,338.3,178243
2019-01-08,344.0,349.0,325.9,329.9,267391
2019-01-09,326.0,335.0,318.1,321.0,130984
2019-01-10,321.2,328.0,312.1,315.6,180415
2019-01-13,317.0,332.8,317.0,332.0,170393
2019-01-14,336.9,350.0,333.0,334.8,255965
2019-01-15,342.0,344.0,330.0,332.2,136006
2019-01-16,334.6,345.0,333.1,336.8,159320
2019-01-17,337.0,338.8,326.2,327.8,100490
2019-01-20,336.0,338.0,327.5,328.3,121799
2019-01-21,334.9,340.0,330.0,335.8,144189
2019-01-22,338.8,354.9,338.8,345.6,399700
2019-01-23,348.9,354.0,340.0,341.8,219148
2019-01-24,342.0,342.5,328.0,329.3,171198
2019-01-27,332.0,332.0,316.0,318.5,160741
2019-01-28,320.1,327.8,319.0,322.6,77001
2019-01-29,329.8,329.8,321.0,323.2,55741
2019-01-30,322.5,330.0,315.1,328.5,116178
2019-01-31,339.0,340.0,315.1,318.0,327695
2019-02-03,322.9,323.0,307.0,309.8,103902
2019-02-04,311.8,315.7,305.1,306.7,93214
2019-02-05,306.7,317.0,303.6,312.9,79791
2019-02-06,313.3,315.9,304.0,305.0,70153
2019-02-07,307.3,315.0,307.0,312.0,93535
2019-02-10,314.0,325.0,314.0,315.0,90661
2019-02-11,320.0,320.2,308.2,310.1,60181
2019-02-12,311.9,311.9,306.3,308.2,84630
2019-02-13,308.9,310.0,305.8,306.4,50761
2019-02-14,306.4,307.8,300.0,302.2,71408
2019-02-17,304.0,304.8,290.0,292.8,80115
2019-02-18,292.8,293.6,286.4,286.9,68643
2019-02-19,287.0,296.9,285.4,292.6,45313
2019-02-20,293.1,295.9,291.3,293.5,26859
2019-02-24,296.4,296.4,290.0,290.7,21873
2019-02-25,288.1,291.2,287.0,287.3,25149
2019-02-26,287.2,287.5,275.2,277.1,41841
2019-02-27,277.1,283.4,272.3,279.5,33850
2019-03-03,283.5,285.0,279.0,280.5,29931
2019-03-04,282.7,288.0,280.0,280.5,48470
2019-03-05,281.0,281.5,270.0,271.7,59994
2019-03-06,271.7,278.0,268.3,273.2,85966
2019-03-07,275.9,275.9,266.5,268.5,32462
2019-03-10,270.1,273.8,265.2,266.5,22439
2019-03-11,265.3,266.0,259.6,260.7,38478
2019-03-12,263.0,263.0,250.6,251.7,32681
2019-03-13,251.2,254.5,242.5,245.0,37492
2019-03-14,245.0,247.0,238.0,240.5,63967
2019-03-18,242.0,242.0,230.1,233.4,24067
2019-03-19,233.4,242.5,230.3,238.4,32345
2019-03-20,239.9,241.0,235.6,236.3,25508
2019-03-21,236.5,245.0,236.1,243.9,54938
2019-03-24,245.1,254.0,244.0,252.9,65062
2019-03-25,253.3,258.0,251.0,253.1,57193
2019-03-27,254.0,254.0,245.0,246.5,34146
2019-03-28,246.6,251.8,243.0,243.8,22776
2019-03-31,245.8,245.8,237.0,238.5,16195
2019-04-01,240.0,240.9,236.1,238.9,37515
2019-04-02,241.2,246.2,239.5,240.6,22989
2019-04-03,240.1,243.5,237.0,237.8,20280
2019-04-04,238.0,241.4,236.0,239.7,17068
2019-04-07,239.0,239.2,232.1,232.6,19447
2019-04-08,232.1,232.1,225.6,226.9,14609
2019-04-09,226.9,230.0,223.5,224.6,10374
2019-04-10,223.0,227.8,220.3,222.9,15325
2019-04-11,225.0,229.0,223.5,227.3,13390
2019-04-15,233.9,233.9,222.8,224.6,24896
2019-04-16,222.0,223.8,220.0,222.1,20269
2019-04-17,223.5,224.0,217.0,218.8,13301
2019-04-18,221.0,226.5,217.0,225.0,23539
2019-04-21,229.9,244.6,226.0,243.4,63468
2019-04-23,248.0,258.7,244.0,251.4,136169
2019-04-24,252.5,252.5,239.1,244.0,48348
2019-04-25,242.0,265.3,242.0,265.3,167297
2019-04-28,268.1,278.5,261.4,266.2,125195
2019-04-29,266.5,266.5,246.0,249.9,96725
2019-04-30,251.2,262.5,249.0,251.9,80977
2019-05-02,255.7,267.0,255.0,264.1,62491
2019-05-05,272.0,283.0,268.0,269.7,189948
2019-05-06,270.0,270.0,260.0,262.5,50944
2019-05-07,264.9,267.0,257.0,258.1,41426
2019-05-08,259.5,259.9,252.6,256.4,26458
2019-05-09,260.0,262.0,250.0,251.8,38110
2019-05-12,254.0,256.0,242.0,245.3,41951
2019-05-13,243.2,244.0,240.0,241.0,20040
2019-05-14,241.5,254.0,241.5,251.7,31259
2019-05-15,253.9,257.4,246.8,247.9,25169
2019-05-16,247.0,251.9,241.2,243.6,33102
2019-05-19,245.0,248.0,242.7,243.8,32065
2019-05-20,243.2,247.0,243.0,243.7,21384
2019-05-21,243.0,246.0,241.5,243.4,26411
2019-05-22,246.2,249.0,243.8,245.0,14499
2019-05-23,245.0,251.5,245.0,245.4,38311
2019-05-26,246.0,247.5,242.0,243.0,18631
2019-05-27,244.0,244.0,240.1,240.5,18896
2019-05-28,241.3,246.8,241.0,241.6,20491
2019-05-29,242.0,244.0,241.6,242.5,20415
2019-05-30,243.0,245.9,242.1,244.5,22410
2019-06-09,244.5,245.0,241.8,243.2,10881
2019-06-10,244.5,252.9,244.5,249.6,38429
2019-06-11,253.9,258.8,251.5,256.6,59703
2019-06-12,258.0,271.5,257.5,269.4,160241
2019-06-13,271.0,280.5,271.0,277.8,221305
2019-06-16,279.4,299.7,270.4,289.4,230400
2019-06-17,295.0,308.0,286.0,290.0,234205
2019-06-18,287.0,298.4,285.0,289.8,143711
2019-06-19,291.0,309.0,290.0,302.3,157624
2019-06-20,306.0,310.3,297.2,300.1,136870
2019-06-23,301.2,301.2,283.2,286.5,96802
2019-06-24,289.9,291.0,280.3,282.3,75120
2019-06-25,282.0,300.0,282.0,298.1,137900
2019-06-26,297.0,310.0,296.3,308.8,227478
2019-06-27,310.0,316.0,303.1,305.7,153491
2019-06-30,303.5,306.0,299.0,302.8,107230
2019-07-02,303.3,315.5,303.3,312.9,131714
2019-07-03,315.0,325.0,315.0,320.6,234901
2019-07-04,322.9,329.8,316.2,328.2,218427
2019-07-07,334.0,334.0,323.6,326.4,165544
2019-07-08,326.8,328.9,320.4,324.9,113510
2019-07-09,324.9,334.0,321.0,324.2,190087
2019-07-10,324.0,324.0,303.0,306.3,123598
2019-07-11,313.0,313.0,295.3,301.4,76126
2019-07-14,300.0,301.3,286.2,290.2,48681
2019-07-15,288.4,298.0,281.6,283.4,95399
2019-07-16,287.2,290.0,275.2,284.3,44315
2019-07-17,291.0,298.0,281.8,294.8,40820
2019-07-18,295.2,305.5,295.2,300.7,75237
2019-07-21,301.1,301.1,278.1,283.0,70558
2019-07-22,282.0,282.0,260.0,266.6,59563
2019-07-23,278.6,288.8,268.7,287.0,48930
2019-07-24,287.0,287.4,275.0,279.4,30878
2019-07-25,279.4,297.0,279.4,292.8,91122
2019-07-28,298.0,304.0,292.9,298.9,81459
2019-07-29,298.1,307.0,298.1,303.7,90918
2019-07-30,301.2,310.0,294.0,297.2,95816
2019-07-31,302.0,305.0,294.0,303.4,71243
2019-08-01,306.0,309.9,298.4,300.4,80904
2019-08-04,304.0,307.5,297.0,301.4,90294
2019-08-05,302.0,303.0,297.0,298.9,77405
2019-08-06,303.0,306.4,298.5,301.0,91714
2019-08-07,304.9,304.9,298.3,299.1,56478
2019-08-08,303.9,321.0,300.6,318.9,275519
2019-08-18,319.5,331.8,319.0,327.3,132003
2019-08-19,330.0,338.0,328.1,332.6,256812
2019-08-20,334.0,336.8,322.0,326.7,183973
2019-08-21,326.7,331.9,320.0,321.5,114642
2019-08-22,324.8,325.0,315.0,318.7,157589
2019-08-25,318.1,324.8,315.0,318.4,58179
2019-08-26,321.9,322.0,313.0,315.7,50149
2019-08-27,315.6,330.3,315.6,328.7,188514
2019-08-28,330.0,334.7,314.0,319.9,135788
2019-08-29,320.0,322.0,312.0,314.3,103552
2019-09-01,315.5,317.8,308.2,315.9,92150
2019-09-02,316.3,323.1,310.3,313.3,106312
2019-09-03,314.0,315.5,308.7,311.9,78533
2019-09-04,313.0,319.0,310.3,316.1,70645
2019-09-05,319.7,322.0,313.2,316.1,73848
2019-09-08,325.0,331.0,321.0,322.8,189871
2019-09-09,322.8,322.9,315.3,319.3,129125
2019-09-11,321.0,328.0,318.1,323.6,249055
2019-09-12,324.1,326.9,317.5,319.5,104974
2019-09-15,324.9,328.6,305.0,312.6,187564
2019-09-16,299.0,314.0,299.0,307.0,84742
2019-09-17,308.3,314.0,291.2,294.9,129963
2019-09-18,300.5,300.9,283.5,285.6,63306
2019-09-19,286.4,293.0,261.0,272.1,80750
2019-09-22,272.7,282.9,267.1,281.1,79005
2019-09-23,283.1,286.3,272.0,277.2,76915
2019-09-24,279.0,284.9,272.0,273.2,63051
2019-09-25,274.0,278.9,271.9,277.1,40904
2019-09-26,277.4,286.7,277.4,280.1,111646
2019-09-29,285.0,291.6,279.2,283.7,67405
2019-09-30,285.5,285.5,270.0,272.0,59096
2019-10-01,272.5,277.5,270.0,276.3,55856
2019-10-02,279.8,279.8,271.2,272.5,72818
2019-10-03,273.2,278.5,271.2,272.1,70609
2019-10-06,276.8,277.0,268.1,270.2,68893
2019-10-07,273.9,274.0,260.3,262.4,114737
2019-10-09,265.0,272.3,262.4,267.9,124751
2019-10-10,268.5,284.8,268.5,283.2,227869
2019-10-13,285.0,293.0,280.2,284.6,203500
2019-10-14,283.7,283.8,266.1,267.2,97257
2019-10-15,274.0,276.2,269.0,274.4,112362
2019-10-16,277.9,279.7,265.4,266.7,76160
2019-10-17,269.9,269.9,261.6,263.8,59213
2019-10-20,264.5,265.7,256.4,260.0,43006
2019-10-21,260.0,267.3,242.0,245.8,76879
2019-10-22,237.0,249.0,234.2,236.2,58622
2019-10-23,238.8,252.5,235.0,249.9,114958
2019-10-24,249.9,270.0,249.9,255.1,207604
2019-10-27,256.9,256.9,241.1,244.7,34069
2019-10-28,244.7,244.7,227.5,232.1,58011
2019-10-29,232.2,237.0,222.5,223.7,47623
2019-10-30,223.7,242.0,221.0,234.7,119297
2019-10-31,234.7,241.7,228.2,233.1,85515
2019-11-03,233.5,235.4,226.4,228.0,107554
2019-11-04,231.0,233.5,220.0,223.3,105613
2019-11-05,225.0,234.9,220.0,232.9,185137
2019-11-06,236.0,241.8,235.0,236.3,215695
2019-11-07,236.0,248.9,235.5,240.9,164515
2019-11-11,243.9,249.5,235.0,236.4,209575
2019-11-12,228.0,240.0,228.0,231.6,119835
2019-11-13,225.0,234.1,220.0,221.5,189720
2019-11-14,220.0,223.3,211.7,215.8,169069
2019-11-17,216.2,233.4,215.0,229.3,240585
2019-11-18,234.2,237.0,225.0,226.9,197878
2019-11-19,227.0,227.3,217.2,219.1,224851
2019-11-20,218.5,228.0,217.0,223.0,163657
2019-11-21,225.0,225.0,214.2,216.2,195862
2019-11-24,219.0,223.6,210.0,213.3,164497
2019-11-25,213.0,213.0,195.0,197.3,278204
2019-11-26,197.0,204.0,188.7,198.1,281873
2019-11-27,200.0,204.8,185.0,188.4,158106
2019-11-28,189.0,207.2,185.3,207.2,300602
2019-12-01,200.0,206.9,182.0,184.5,285637
2019-12-02,185.5,189.9,173.8,175.5,229542
2019-12-03,176.2,184.0,175.9,180.6,133099
2019-12-04,181.2,183.5,171.0,172.2,162746
2019-12-05,174.9,178.3,172.3,174.0,87654
2019-12-08,176.4,181.0,174.0,175.0,151745
2019-12-09,176.9,176.9,171.2,172.1,87494
2019-12-10,173.5,176.9,168.0,170.1,77757
2019-12-11,171.9,171.9,162.6,163.8,105639
2019-12-12,163.8,167.3,157.0,163.6,118251
2019-12-15,166.0,167.0,163.6,165.6,69331
2019-12-17,166.1,168.0,158.0,159.2,99301
2019-12-19,155.0,155.0,146.6999969,147.3999939,129831
2019-12-22,147.4,147.5,138.0,140.6,93226
2019-12-23,138.0,143.5,133.0,133.8,97214
2019-12-24,133.8,136.2,132.2,134.8,75448
2019-12-26,135.8,141.3,135.7,138.0,88624
2019-12-29,139.8,143.4,137.9,138.5,63973
2019-12-30,140.5,140.9,135.4,136.0,68030
2020-01-01,137.5,143.0,136.4,141.9,70870
2020-01-02,142.4,146.9,142.4,143.1,87495
2020-01-05,143.5,144.0,139.0,139.9,63539
2020-01-06,141.9,143.3,137.2,138.0,47119
2020-01-07,139.0,139.0,132.7,133.9,50448
2020-01-08,134.6,137.5,127.3,128.9,53009
2020-01-09,129.6,131.6,126.1,126.9,43257
2020-01-12,127.5,134.0,127.5,130.6,59255
2020-01-13,130.5,131.7,121.0,124.0,61626
2020-01-14,124.5,126.9,114.0,117.3,112442
2020-01-15,119.1,122.6,116.0,117.1,59663
2020-01-16,118.1,119.9,114.5,115.9,37633
2020-01-19,118.0,127.4,118.0,127.4,101539
2020-01-20,131.0,139.0,131.0,137.2,167657
2020-01-21,138.0,139.0,132.0,133.2,113092
2020-01-22,133.8,135.5,129.1,129.6,70546
2020-01-23,130.2,135.3,130.1,134.4,80052
2020-01-26,136.0,139.7,133.0,136.5,81988
2020-01-27,136.5,136.5,132.5,132.9,66771
2020-01-28,133.2,135.9,131.0,132.1,82831
2020-01-29,131.9,132.8,128.8,129.4,66544
2020-01-30,130.0,130.0,124.5,125.1,51936
2020-02-02,126.0,126.0,122.0,123.0,56696
2020-02-03,125.0,128.9,125.0,126.6,51102
2020-02-04,127.5,132.0,126.1,126.9,80311
2020-02-05,126.9,133.1,126.9,132.6,109123
2020-02-06,133.0,134.5,130.0,130.6,67307
2020-02-09,132.0,132.7,125.0,125.9,88265
2020-02-10,128.3,128.3,126.0,126.4,32607
2020-02-11,128.5,133.9,128.5,131.3,70113
2020-02-12,131.3,133.0,128.0,129.0,71435
2020-02-13,129.0,130.4,127.0,127.7,98190
2020-02-16,129.8,132.4,129.1,131.4,102687
2020-02-17,132.0,137.7,132.0,135.4,148549
2020-02-18,136.7,148.9,136.7,145.9,258873
2020-02-19,145.9,147.9,142.8,143.2,128684
2020-02-20,145.0,147.9,141.5,142.0,147844
2020-02-23,143.0,145.0,138.0,138.3,94864
2020-02-24,138.5,138.5,134.0,134.7,85494
2020-02-25,135.0,139.5,134.8,137.2,45176
2020-02-26,138.0,145.0,138.0,141.3,151219
2020-02-27,144.0,146.0,135.5,136.8,67732
2020-03-01,137.0,138.5,128.1,129.7,122023
2020-03-02,129.5,134.9,129.1,133.3,38020
2020-03-03,137.0,137.0,132.0,132.9,51399
2020-03-04,130.0,135.0,128.9,129.2,62558
2020-03-05,129.6,138.6,129.0,136.5,112389
2020-03-08,136.5,142.0,131.7,132.8,140960
2020-03-09,130.8,130.8,119.6,119.6,155169
2020-03-10,121.9,128.5,117.1,127.3,77937
2020-03-11,128.5,130.9,124.4,127.9,71860
2020-03-12,128.5,132.0,125.5,126.2,146223
2020-03-15,126.2,126.2,114.2,118.7,104502
2020-03-16,124.5,124.5,107.7,109.6,127621
2020-03-18,113.0,118.9,101.1,102.1,95899
2020-03-19,119.5,119.5,119.2,119.2,3362
2020-03-22,119.2,122.5,116.9,116.9,13004
2020-03-23,116.9,121.8,116.9,118.8,108058
2020-03-24,116.9,117.5,116.9,116.9,40780
2020-03-25,116.9,117.7,116.9,117.2,19437
2020-05-31,117.2,121.0,116.9,116.9,20983
2020-06-01,116.9,116.9,116.9,116.9,2925
2020-06-02,116.9,116.9,116.9,116.9,16633
2020-06-03,116.9,116.9,116.9,116.9,3490
2020-06-04,116.9,116.9,116.9,116.9,327
2020-06-07,116.9,116.9,116.9,116.9,1
2020-06-08,116.9,116.9,116.9,116.9,799
2020-06-09,116.9,116.9,116.9,116.9,1502
2020-06-10,116.9,116.9,116.9,116.9,1600
2020-06-11,116.9,116.9,116.9,116.9,41
2020-06-14,116.9,116.9,116.9,116.9,2
2020-06-15,116.9,116.9,116.9,116.9,42
2020-06-16,116.9,116.9,116.9,116.9,85
2020-06-17,116.9,116.9,116.9,116.9,80
2020-06-18,116.9,116.9,116.9,116.9,250
2020-06-21,116.9,116.9,116.9,116.9,2350
2020-06-22,116.9,116.9,116.9,116.9,71
2020-06-23,116.9,116.9,116.9,116.9,75
2020-06-24,116.9,116.9,116.9,116.9,1457
2020-06-25,116.9,116.9,116.9,116.9,531
2020-06-28,116.9,116.9,116.9,116.9,100
2020-06-29,116.9,116.9,116.9,116.9,552
2020-06-30,116.9,116.9,116.9,116.9,80
2020-07-02,116.9,116.9,116.9,116.9,5870
2020-07-05,116.9,116.9,116.9,116.9,133
2020-07-06,116.9,116.9,116.9,116.9,583
2020-07-07,116.9,116.9,116.9,116.9,4535
2020-07-08,116.9,116.9,116.9,116.9,20796
2020-07-09,116.9,121.9,116.9,119.2,94408
2020-07-12,119.2,125.0,119.2,123.9,65901
2020-07-13,124.9,125.0,119.0,119.5,54755
2020-07-14,121.0,121.0,117.0,117.6,38184
2020-07-15,117.6,118.2,116.9,116.9,29379
2020-07-16,116.9,118.9,116.9,117.9,20103
2020-07-19,117.9,117.9,116.9,116.9,14987
2020-07-20,116.9,118.0,116.9,117.4,25622
2020-07-21,117.4,118.2,116.9,116.9,31660
2020-07-22,117.0,119.8,116.9,116.9,33556
2020-07-23,117.1,118.4,116.9,117.1,24014
2020-07-26,117.9,118.0,116.9,117.1,15676
2020-07-27,119.3,119.3,116.9,117.7,33367
2020-07-28,117.7,117.9,116.9,117.4,36490
2020-07-29,117.4,117.9,116.9,117.0,41827
2020-07-30,117.0,117.8,116.9,117.1,36338
2020-08-03,117.0,119.4,117.0,118.5,43055
2020-08-04,119.2,124.9,119.2,121.9,85943
2020-08-05,122.3,124.0,118.1,119.6,33600
2020-08-06,119.0,123.0,118.3,121.0,57442
2020-08-09,123.9,129.5,123.0,127.8,120192
2020-08-10,130.0,134.9,128.5,133.1,155876
2020-08-12,135.8,139.0,134.9,136.0,140000
2020-08-13,137.8,137.8,131.7,132.9,111899
2020-08-16,132.9,137.9,132.9,134.9,107960
2020-08-17,136.9,138.6,133.0,136.6,122933
2020-08-18,137.5,138.6,130.2,130.7,98099
2020-08-19,131.4,135.7,127.3,128.3,67502
2020-08-20,130.5,133.0,127.9,128.3,51075
2020-08-23,129.4,133.0,126.2,127.1,76083
2020-08-24,128.1,131.0,127.0,128.0,46046
2020-08-25,130.0,132.7,127.3,127.9,66930
2020-08-26,128.0,137.9,128.0,136.9,184828
2020-08-27,137.8,145.0,137.8,139.5,178025
2020-08-31,141.0,145.0,135.0,135.8,164772
2020-09-01,138.0,142.0,135.3,139.2,135124
2020-09-02,142.0,150.0,138.7,148.9,263063
2020-09-03,149.0,161.0,149.0,160.1,358398
2020-09-06,165.0,169.0,153.0,154.8,252629
2020-09-07,155.1,165.0,153.9,160.1,177074
2020-09-08,164.0,173.0,164.0,168.6,269004
2020-09-09,169.0,170.0,161.0,162.3,175884
2020-09-10,164.9,165.9,158.5,159.0,231371
2020-09-13,155.0,155.0,147.0,151.3,262586
2020-09-14,152.3,156.8,149.0,154.7,125596
2020-09-15,154.7,157.7,154.5,156.6,120651
2020-09-16,156.7,163.2,156.7,157.9,153473
2020-09-17,157.0,157.9,150.0,151.5,122080
2020-09-20,152.0,152.9,145.8,147.7,98644
2020-09-21,149.0,149.9,142.0,146.2,79702
2020-09-22,146.2,147.0,141.0,143.5,67705
2020-09-23,145.0,148.9,144.0,144.8,53136
2020-09-24,147.9,147.9,141.2,142.4,55907
2020-09-27,142.6,144.2,135.0,136.8,53973
2020-09-28,140.0,143.9,137.1,142.9,32208
2020-09-29,143.0,145.0,139.7,140.0,40800
2020-09-30,140.2,141.0,136.1,136.8,37998
2020-10-01,139.5,140.8,137.3,138.0,17188
2020-10-04,138.2,138.8,135.0,135.7,40523
2020-10-05,136.0,136.0,130.5,132.0,54911
2020-10-06,130.5,134.0,128.0,129.6,45258
2020-10-07,128.6,132.9,127.1,128.9,48503
2020-10-08,129.7,135.0,129.0,132.9,38967
2020-10-11,134.0,134.0,127.0,129.5,45611
2020-10-12,129.0,129.8,120.0,122.9,60008
2020-10-13,125.0,132.0,121.0,128.0,40707
2020-10-14,129.5,133.5,129.2,129.7,49028
2020-10-15,131.0,132.0,125.0,125.7,37666
2020-10-18,130.5,130.5,125.0,125.4,52998
2020-10-19,125.6,129.0,125.0,125.7,36108
2020-10-20,126.3,127.9,125.1,125.6,29027
2020-10-21,126.5,126.6,123.0,123.5,54597
2020-10-22,123.6,123.6,121.0,122.2,39135
2020-10-25,123.0,124.0,120.5,123.6,23765
2020-10-27,123.6,123.6,118.0,118.6,42473
2020-10-28,119.0,119.2,116.9,117.1,88558
2020-10-29,117.2,122.0,116.9,120.7,28762
2020-11-01,122.0,123.0,117.5,118.7,38559
2020-11-02,121.4,121.5,119.1,119.7,25203
2020-11-03,120.0,121.4,118.5,119.1,37294
2020-11-04,120.0,120.0,117.2,117.5,31115
2020-11-05,117.5,118.6,116.9,117.4,33745
2020-11-08,117.4,118.0,116.9,117.4,36570
2020-11-09,117.0,118.0,116.9,118.0,46773
2020-11-10,117.1,117.9,116.9,116.9,35205
2020-11-11,117.0,118.0,116.9,116.9,37773
2020-11-12,116.9,116.9,116.9,116.9,5647
2020-11-15,116.9,122.5,116.9,121.2,73319
2020-11-16,122.6,123.0,118.5,120.5,26575
2020-11-17,119.6,122.0,119.6,120.7,55688
2020-11-18,122.0,122.0,119.3,121.9,33772
2020-11-19,122.1,134.0,120.2,134.0,247693
2020-11-22,141.9,141.9,131.4,133.3,112978
2020-11-23,133.0,133.0,121.5,125.2,108119
2020-11-24,125.2,136.0,125.2,134.4,92425
2020-11-25,137.0,137.0,126.9,127.7,86292
2020-11-26,130.0,130.0,122.3,123.8,101951
2020-11-29,124.1,127.9,122.0,122.8,53771
2020-11-30,123.0,125.5,122.5,123.9,48994
2020-12-01,124.7,125.0,123.5,124.3,39911
2020-12-02,124.3,127.0,124.3,125.1,58853
2020-12-03,123.2,131.9,123.2,126.6,137026
2020-12-06,125.0,128.9,125.0,126.7,61279
2020-12-07,125.4,126.9,123.4,124.2,64973
2020-12-08,124.3,125.8,121.5,122.4,62931
2020-12-09,124.8,124.8,122.4,123.2,23923
2020-12-10,122.9,124.0,122.8,123.3,47033
2020-12-13,121.7,130.5,121.7,129.6,99712
2020-12-14,129.6,130.0,125.4,126.0,60428
2020-12-15,128.5,130.0,127.0,127.3,62716
2020-12-17,129.0,129.0,126.5,126.9,39631
2020-12-20,126.2,126.3,122.8,123.3,67197
2020-12-21,123.1,126.0,123.1,124.4,37943
2020-12-22,124.4,125.3,123.5,123.8,47042
2020-12-24,122.5,124.1,121.5,122.4,76055
2020-12-27,122.5,126.8,122.5,125.7,94412
2020-12-28,126.7,133.1,126.7,131.0,133556
2020-12-29,132.0,135.0,127.5,128.2,106952
2020-12-30,128.1,128.6,125.0,125.5,84491
2021-01-03,125.0,131.9,125.0,127.9,90977
2021-01-04,128.1,129.4,125.5,126.2,75359
2021-01-05,128.9,128.9,123.5,123.7,106487
2021-01-06,123.3,126.7,122.1,122.9,70437
2021-01-07,123.0,125.6,123.0,123.5,67423
2021-01-10,124.0,125.0,123.5,123.7,49182
2021-01-11,124.0,124.9,123.8,124.0,55526
2021-01-12,123.5,126.8,123.5,124.3,77504
2021-01-13,127.9,127.9,122.0,122.8,70783
2021-01-14,123.0,125.5,121.5,122.1,81270
2021-01-17,122.3,123.6,118.2,120.5,56392
2021-01-18,120.5,121.1,118.1,118.8,59764
2021-01-19,120.0,121.5,118.0,119.3,37429
2021-01-20,119.0,121.4,118.3,119.0,54946
2021-01-21,119.0,120.9,118.0,118.2,36703
2021-01-24,116.9,117.9,116.9,117.0,128668
2021-01-25,116.9,118.0,116.9,116.9,57674
2021-01-26,116.9,117.9,116.9,116.9,26534
2021-01-27,117.0,117.0,116.9,116.9,16289
2021-01-28,116.9,116.9,116.9,116.9,12691
2021-01-31,116.9,116.9,116.9,116.9,1878
2021-02-01,116.9,116.9,116.9,116.9,8248
2021-02-02,116.9,116.9,116.9,116.9,4986
2021-02-03,116.9,116.9,116.9,116.9,1410
2021-02-04,116.9,116.9,116.9,116.9,2299
2021-02-07,116.9,116.9,116.9,116.9,577
2021-02-08,116.9,116.9,116.9,116.9,18359
2021-02-09,116.9,116.9,116.9,116.9,526
2021-02-10,116.9,116.9,116.9,116.9,1742
2021-02-11,116.9,116.9,116.9,116.9,158
2021-02-14,116.9,116.9,116.9,116.9,833
2021-02-15,116.9,116.9,116.9,116.9,619
2021-02-16,116.9,116.9,116.9,116.9,300
2021-02-17,116.9,116.9,116.9,116.9,1610
2021-02-18,116.9,116.9,116.9,116.9,68
2021-02-22,116.9,116.9,116.9,116.9,1339
2021-02-24,116.9,116.9,116.9,116.9,3225
2021-02-25,116.9,116.9,116.9,116.9,449
2021-02-28,116.9,116.9,116.9,116.9,8869
2021-03-01,116.9,122.0,116.9,120.8,97814
2021-03-02,116.9,118.5,116.9,118.1,80867
2021-03-03,118.1,120.5,116.9,117.3,58377
2021-03-04,119.5,119.7,116.9,117.5,24628
2021-03-07,116.9,119.0,116.9,117.0,35635
2021-03-08,116.9,117.1,116.9,116.9,37499
2021-03-09,117.0,117.0,116.9,116.9,15963
2021-03-10,116.9,116.9,116.9,116.9,8900
2021-03-11,116.9,116.9,116.9,116.9,1710
2021-03-14,116.9,116.9,116.9,116.9,8347
2021-03-15,116.9,124.0,116.9,122.5,146631
2021-03-16,122.0,126.4,120.0,122.1,172153
2021-03-18,123.9,125.8,119.1,120.6,89072
2021-03-21,120.3,120.3,117.0,117.1,74562
2021-03-22,117.5,119.7,116.9,117.6,57632
2021-03-23,118.0,120.0,116.9,117.0,28771
2021-03-24,116.9,120.8,116.9,116.9,76165
2021-03-25,117.0,119.0,116.9,116.9,33812
2021-03-28,117.0,118.0,116.9,117.1,20436
2021-03-29,118.0,118.0,116.9,117.0,24137
2021-03-31,117.0,117.0,116.9,116.9,9608
2021-04-01,116.9,116.9,116.9,116.9,10496
2021-04-04,116.9,116.9,116.9,116.9,175
2021-04-05,116.9,116.9,116.9,116.9,10
2021-04-06,116.9,116.9,116.9,116.9,12737
2021-04-07,116.9,116.9,116.9,116.9,4818
2021-04-08,116.9,116.9,116.9,116.9,5
2021-04-12,116.9,116.9,116.9,116.9,5
2021-04-13,116.9,116.9,116.9,116.9,605
2021-04-15,116.9,116.9,116.9,116.9,2870
2021-04-18,116.9,116.9,116.9,116.9,10
2021-04-19,116.9,116.9,116.9,116.9,12
2021-04-20,116.9,116.9,116.9,116.9,1461
2021-04-21,116.9,116.9,116.9,116.9,355
2021-04-22,116.9,116.9,116.9,116.9,103
2021-04-25,116.9,116.9,116.9,116.9,1572
2021-04-26,116.9,119.1,116.9,117.9,101361
2021-04-27,117.0,118.0,116.9,116.9,8537
2021-04-28,116.9,116.9,116.9,116.9,5665
2021-04-29,116.9,116.9,116.9,116.9,5867
2021-05-02,116.9,116.9,116.9,116.9,1200
2021-05-03,116.9,116.9,116.9,116.9,1269
2021-05-04,116.9,116.9,116.9,116.9,700
2021-05-05,116.9,116.9,116.9,116.9,86
2021-05-06,116.9,116.9,116.9,116.9,4382
2021-05-09,116.9,116.9,116.9,116.9,3944
2021-05-11,116.9,116.9,116.9,116.9,2822
2021-05-12,116.9,116.9,116.9,116.9,906
2021-05-16,116.9,118.9,116.9,118.1,93782
2021-05-17,117.6,118.2,116.9,116.9,63512
2021-05-18,116.9,116.9,116.9,116.9,21081
2021-05-19,116.9,116.9,116.9,116.9,7107
2021-05-20,116.9,116.9,116.9,116.9,3163
2021-05-23,116.9,116.9,116.9,116.9,154
2021-05-24,116.9,116.9,116.9,116.9,8506
2021-05-25,116.9,116.9,116.9,116.9,1668
2021-05-27,116.9,116.9,116.9,116.9,2867
2021-05-30,116.9,116.9,116.9,116.9,457
2021-05-31,116.9,116.9,116.9,116.9,5775
2021-06-01,116.9,116.9,116.9,116.9,3969
2021-06-02,116.9,116.9,116.9,116.9,3074
2021-06-03,116.9,116.9,116.9,116.9,1726
2021-06-06,114.6,114.6,114.6,114.6,2406
2021-06-07,112.4,112.4,112.4,112.4,48059
2021-06-08,110.2,119.5,110.2,117.6,170097
2021-06-09,119.9,124.0,118.0,120.2,101684
2021-06-10,119.0,120.2,118.0,118.0,61141
2021-06-13,119.9,120.9,115.7,115.7,59564
2021-06-14,117.0,118.8,113.4,115.5,23638
2021-06-15,113.7,116.0,113.2,113.4,53228
2021-06-16,112.3,114.5,112.0,113.0,30470
2021-06-17,112.0,114.4,111.1,111.9,30973
2021-06-20,111.9,117.8,109.7,116.9,36663
2021-06-21,119.0,119.4,113.4,115.3,61153
2021-06-22,118.0,119.2,114.0,114.7,45148
2021-06-23,115.1,119.2,115.1,117.4,75469
2021-06-24,118.9,118.9,116.5,117.6,22200
2021-06-27,113.7,116.5,113.0,114.0,26564
2021-06-28,113.7,116.0,113.7,114.8,23806
2021-06-29,115.0,119.0,115.0,116.1,23876
2021-06-30,117.7,117.7,115.9,116.3,29970
2021-07-05,116.0,116.3,113.1,114.6,45877
2021-07-06,114.0,117.4,114.0,116.1,24682
2021-07-07,116.5,116.9,114.3,115.6,22955
2021-07-08,115.7,123.0,115.7,120.3,93198
2021-07-12,123.0,126.8,122.0,125.0,158168
2021-07-13,126.0,127.8,122.0,122.9,102973
2021-07-14,124.4,124.4,118.8,121.8,75955
2021-07-15,122.5,127.0,120.2,123.9,108032
2021-07-18,126.8,131.8,125.0,130.9,137361
2021-07-19,130.0,131.2,126.3,126.6,87262
2021-07-25,127.0,127.9,123.0,123.8,36463
2021-07-26,123.9,125.5,123.9,124.3,42964
2021-07-27,124.4,126.5,122.0,122.5,47576
2021-07-28,122.0,125.0,121.8,123.1,31074
2021-07-29,124.0,125.0,121.5,122.1,48200
2021-08-02,124.7,125.0,122.6,124.4,39447
2021-08-03,125.8,127.9,124.8,126.4,71423
2021-08-05,128.9,134.2,127.6,132.9,229197
2021-08-09,133.9,144.7,133.9,144.1,295234
2021-08-10,145.0,146.9,136.6,137.7,157125
2021-08-11,137.7,138.7,132.1,134.5,123120
2021-08-12,136.0,139.9,134.2,134.9,91659
2021-08-16,136.0,143.9,134.5,140.0,176746
2021-08-17,142.9,142.9,136.1,137.2,106429
2021-08-18,137.2,142.8,135.3,141.4,125866
2021-08-19,141.0,143.0,138.0,138.5,77242
2021-08-22,140.5,141.5,137.1,137.9,94051
2021-08-23,138.9,140.0,135.4,136.3,88009
2021-08-24,136.3,137.0,133.8,134.2,84016
2021-08-25,134.2,137.8,133.7,136.7,75082
2021-08-26,136.8,141.0,136.6,140.1,134618
2021-08-29,141.5,148.0,141.5,146.4,269366
2021-08-31,147.1,148.6,142.3,145.8,147170
2021-09-01,147.0,147.0,143.9,144.9,123468
2021-09-02,145.9,155.0,145.9,154.1,256765
2021-09-05,155.0,163.0,152.6,156.5,282691
2021-09-06,158.2,158.9,151.7,152.4,152875
2021-09-07,152.0,157.3,152.0,152.4,102012
2021-09-08,151.5,159.9,151.5,157.8,158937
2021-09-09,157.7,161.7,153.7,159.6,208027
2021-09-12,161.2,165.0,154.1,155.1,175492
2021-09-13,155.1,155.1,148.1,153.6,109234
2021-09-14,158.2,158.2,141.0,147.8,112804
2021-09-15,152.5,152.5,141.6,147.8,126214
2021-09-16,152.0,153.7,148.2,149.5,104240
2021-09-19,152.0,159.0,148.0,156.2,185780
2021-09-20,157.0,159.3,152.0,152.4,85185
2021-09-21,153.9,153.9,148.3,149.7,52791
2021-09-22,151.7,151.7,145.3,146.5,72565
2021-09-23,145.4,149.5,145.4,147.1,43270
2021-09-26,150.0,150.0,146.0,146.5,51322
2021-09-27,148.7,150.0,145.0,145.8,58431
2021-09-28,146.1,146.2,141.5,142.0,85271
2021-09-29,143.0,143.2,138.1,138.6,74991
2021-09-30,139.0,143.4,138.0,142.9,61036
2021-10-03,143.9,147.0,138.6,142.2,49156
2021-10-04,141.2,144.5,137.1,138.7,55532
2021-10-05,143.9,143.9,134.0,134.5,63943
2021-10-06,139.4,139.4,128.0,131.0,57387
2021-10-07,133.9,133.9,128.4,131.2,47647
2021-10-10,131.3,138.0,131.2,137.0,39579
2021-10-11,137.0,137.0,134.0,135.6,35907
2021-10-12,135.2,135.2,132.6,132.9,31050
2021-10-13,133.0,135.0,128.2,129.3,22495
2021-10-14,129.4,130.1,127.9,129.7,17978
2021-10-17,128.0,129.0,120.0,123.9,23323
2021-10-18,125.7,125.7,121.5,122.1,19340
2021-10-19,124.6,124.6,118.1,119.6,20274
2021-10-21,123.9,123.9,116.5,119.2,7567
2021-10-24,123.0,123.0,112.3,112.9,53927
2021-10-25,113.1,115.0,112.1,113.1,22263
2021-10-26,117.9,122.0,114.0,119.9,27961
2021-10-27,118.0,121.0,118.0,120.3,18578
2021-10-28,120.9,121.0,119.3,120.7,14783
2021-10-31,119.6,122.0,119.0,119.4,16804
2021-11-01,119.2,120.0,118.0,119.1,15167
2021-11-02,117.2,122.7,117.2,120.0,20050
2021-11-03,121.5,127.7,120.1,125.1,56469
2021-11-04,127.8,128.5,123.1,125.0,12751
2021-11-07,124.1,125.7,115.5,119.2,18514
2021-11-08,126.9,126.9,115.0,118.9,24097
2021-11-09,116.1,119.4,116.1,116.3,26535
2021-11-10,118.0,119.9,116.0,117.7,22703
2021-11-11,121.0,121.0,118.0,118.4,18449
2021-11-14,118.5,120.0,116.2,116.9,19618
2021-11-15,116.1,119.0,115.5,115.7,21629
2021-11-16,115.8,118.0,115.0,115.6,25512
2021-11-17,119.0,119.0,115.4,115.9,17747
2021-11-18,118.7,118.7,115.5,116.1,12970
2021-11-21,118.5,118.5,113.0,113.3,21671
2021-11-22,118.0,118.0,111.0,113.1,10453
2021-11-23,111.5,115.0,111.5,112.9,21248
2021-11-24,114.5,114.5,112.0,112.4,8284
2021-11-25,112.4,112.4,111.2,111.8,6315
2021-11-29,111.8,113.0,110.1,112.1,12972
2021-11-30,112.3,112.8,111.0,112.5,13734
2021-12-01,113.5,114.3,111.9,112.5,24414
2021-12-02,112.5,114.0,111.6,113.4,14221
2021-12-05,115.5,116.9,113.1,116.3,21188
2021-12-06,117.0,119.8,116.0,118.5,23762
2021-12-07,118.7,120.1,118.6,119.4,38690
2021-12-08,119.4,125.0,119.4,121.0,60078
2021-12-09,121.5,127.3,120.0,125.8,95428
2021-12-12,131.9,138.3,130.0,131.6,109237
2021-12-13,130.2,130.4,122.6,123.7,68415
2021-12-14,122.2,132.0,120.2,125.5,56395
2021-12-15,127.8,129.9,123.2,126.6,24121
2021-12-19,126.6,127.4,120.0,120.7,37727
2021-12-20,123.4,123.4,119.1,121.6,44544
2021-12-21,123.6,127.0,121.9,123.9,31217
2021-12-22,124.3,129.4,124.3,128.4,66342
2021-12-23,127.7,129.0,124.0,124.4,29689
2021-12-26,121.5,123.7,121.2,121.5,19729
2021-12-27,121.5,123.0,119.3,119.6,28805
2021-12-28,119.6,122.0,118.2,120.0,19577
2021-12-29,120.0,122.6,120.0,121.3,13935
2021-12-30,124.0,124.0,120.9,121.1,10033
2022-01-02,121.7,123.5,121.6,122.6,18145
2022-01-03,125.5,125.5,121.0,122.0,22387
2022-01-04,121.6,121.7,119.5,119.9,26888
2022-01-05,120.1,121.8,119.3,120.9,41207
2022-01-06,120.3,122.9,120.1,121.2,16636
2022-01-09,122.0,123.5,120.5,121.6,21968
2022-01-10,123.4,123.4,120.0,120.5,16228
2022-01-11,120.5,121.8,119.0,119.7,58554
2022-01-12,119.8,120.9,118.6,119.2,37033
2022-01-13,117.5,124.2,117.5,122.7,59414
2022-01-16,127.0,132.9,126.9,132.3,185260
2022-01-17,134.8,134.8,126.6,127.2,57078
2022-01-18,127.2,127.9,125.1,125.6,58832
2022-01-19,125.0,132.0,125.0,126.5,74234
2022-01-20,126.5,130.6,126.5,127.1,31552
2022-01-23,130.0,135.0,123.0,133.6,188233
2022-01-24,135.0,136.0,129.2,130.1,76144
2022-01-25,130.9,134.8,128.5,129.3,68079
2022-01-26,132.4,132.4,125.6,126.5,38806
2022-01-27,126.5,127.2,124.9,125.2,49286
2022-01-30,123.3,125.4,122.8,123.6,29335
2022-01-31,122.9,125.8,121.6,122.0,41791
2022-02-01,125.0,125.0,121.0,122.4,44311
2022-02-02,123.5,124.0,121.9,122.2,21217
2022-02-03,125.0,125.0,120.9,122.9,27846
2022-02-06,122.1,124.4,122.0,122.4,14024
2022-02-07,124.0,124.0,122.1,122.2,19330
2022-02-08,122.0,123.8,121.6,122.4,17419
2022-02-09,122.0,123.8,122.0,122.7,21332
2022-02-10,122.7,124.6,122.7,123.4,20400
2022-02-13,128.1,128.1,124.0,124.3,14770
2022-02-14,124.4,125.9,122.3,122.6,15994
2022-02-15,123.0,127.1,123.0,126.2,66796
2022-02-16,127.4,132.5,126.5,131.2,164110
2022-02-17,131.0,133.0,127.1,128.5,80017
2022-02-20,133.0,137.0,129.0,135.0,317667
2022-02-22,136.8,144.8,135.3,136.3,376704
2022-02-23,134.0,139.0,132.6,134.6,178925
2022-02-24,132.3,135.0,126.0,127.8,144235
2022-02-27,125.3,127.9,121.8,122.3,85999
2022-02-28,124.9,127.5,123.7,127.0,66170
2022-03-01,129.5,130.5,125.1,125.5,47508
2022-03-02,125.2,125.2,121.5,123.0,50918
2022-03-03,122.6,124.3,121.9,122.8,35970
2022-03-06,122.2,124.9,121.2,122.0,61340
2022-03-07,122.1,122.2,117.3,118.1,48967
2022-03-08,118.0,121.0,109.4,115.7,61475
2022-03-09,118.5,121.8,117.0,120.9,36776
2022-03-10,120.9,122.4,118.5,119.2,44111
2022-03-13,119.5,122.8,119.5,121.1,61723
2022-03-14,121.6,126.4,121.5,124.1,66133
2022-03-15,126.0,126.0,122.6,123.2,36645
2022-03-16,124.7,125.0,122.1,124.6,39968
2022-03-20,125.0,127.0,123.0,124.0,27602
2022-03-21,123.0,124.9,121.8,124.2,29326
2022-03-22,123.5,126.9,123.3,125.6,37837
2022-03-23,125.9,126.2,123.3,123.7,27457
2022-03-24,123.0,125.9,123.0,125.0,28787
2022-03-27,126.9,126.9,124.0,124.7,29618
2022-03-28,125.5,128.4,125.3,127.8,119382
2022-03-29,128.2,128.3,125.3,125.3,29977
2022-03-30,125.0,126.0,123.2,124.0,34717
2022-03-31,124.0,125.9,122.9,123.7,49710
2022-04-03,124.1,124.1,122.1,122.9,31425
2022-04-04,124.9,124.9,120.5,121.3,23328
2022-04-05,122.0,122.0,119.4,119.9,23055
2022-04-06,120.5,120.5,118.6,119.2,21593
2022-04-07,117.6,122.3,117.6,119.6,14727
2022-04-10,118.7,121.8,118.7,120.1,24461
2022-04-11,123.9,123.9,119.2,119.5,10358
2022-04-12,119.3,120.0,118.8,119.0,16863
2022-04-13,119.0,119.2,117.0,118.9,13463
2022-04-17,123.8,123.8,116.6,116.8,27346
2022-04-18,119.4,119.4,114.5,114.5,25785
2022-04-19,112.7,117.6,112.3,115.4,65369
2022-04-20,117.5,117.5,113.4,115.4,11112
2022-04-21,117.4,117.4,114.1,115.8,29275
2022-04-24,116.9,119.5,114.4,115.9,18310
2022-04-25,116.9,116.9,114.0,114.9,7103
2022-04-26,114.5,116.5,114.5,115.5,19421
2022-04-27,116.0,118.6,116.0,116.7,11761
2022-04-28,118.8,118.8,115.0,115.3,23619
2022-05-05,116.0,119.0,115.2,118.4,12844
2022-05-08,116.3,122.0,116.3,121.2,38802
2022-05-09,121.3,125.0,121.1,124.7,118058
2022-05-10,127.0,137.1,125.6,137.1,525716
2022-05-11,139.1,150.8,139.1,141.5,658129
2022-05-12,138.6,146.2,136.2,139.3,325582
2022-05-16,140.0,145.2,135.5,139.2,186716
2022-05-17,143.0,148.0,139.3,147.1,354894
2022-05-18,150.3,161.8,150.2,159.2,837517
2022-05-19,155.8,158.0,151.3,151.3,434761
2022-05-22,147.4,147.4,143.8,143.8,111071
2022-05-23,143.8,144.8,136.7,136.9,425573
2022-05-24,138.3,139.9,131.0,132.2,101397
2022-05-25,130.2,132.0,125.6,127.2,177156
2022-05-26,124.7,133.9,124.7,128.3,135182
2022-05-29,133.1,138.2,132.0,133.8,151486
2022-05-30,134.9,137.7,131.2,131.7,154498
2022-05-31,130.1,132.0,129.1,129.1,162206
2022-06-01,131.0,142.0,131.0,142.0,269073
2022-06-02,144.0,148.0,139.6,144.0,246493
2022-06-05,142.0,150.9,142.0,146.2,293597
2022-06-06,144.6,149.8,143.3,143.7,231237
2022-06-07,147.0,147.0,140.9,141.3,119008
2022-06-08,141.3,142.8,138.5,138.7,137537
2022-06-09,145.0,145.9,139.3,143.1,172493
2022-06-12,142.5,146.0,140.3,140.8,115709
2022-06-13,140.6,141.8,138.0,138.0,114577
2022-06-14,138.1,140.5,135.3,135.3,117612
2022-06-15,136.1,138.5,132.7,134.6,138594
2022-06-16,136.9,137.0,132.5,135.9,114232
2022-06-19,135.2,137.2,133.2,133.4,74959
2022-06-20,133.4,134.3,130.8,132.0,72892
2022-06-21,132.1,134.8,132.0,133.9,63112
2022-06-22,134.3,139.7,133.9,138.2,125496
2022-06-23,140.9,140.9,135.5,135.5,89802
2022-06-26,149.0,149.0,140.6,141.7,332270
2022-06-27,142.3,145.4,140.0,143.0,135058
2022-06-28,145.4,145.7,140.2,141.9,119230
2022-06-29,142.9,142.9,139.1,139.1,160033
2022-06-30,144.5,144.6,136.5,138.2,99935
2022-07-03,143.0,143.9,135.5,135.8,164378
2022-07-04,138.5,138.8,133.4,135.9,100646
2022-07-05,136.0,138.6,135.2,136.6,84397
2022-07-06,134.5,138.4,134.0,135.0,72027
2022-07-07,134.3,136.5,134.1,135.1,54361
2022-07-12,134.7,135.7,132.4,132.6,91966
2022-07-13,132.1,134.7,132.0,132.9,60385
2022-07-14,133.0,138.9,133.0,137.5,134463
2022-07-17,137.0,140.8,137.0,138.1,100683
2022-07-18,138.3,142.9,135.4,135.8,326932
2022-07-19,138.0,138.0,133.1,135.3,111848
2022-07-20,138.9,139.5,134.5,137.0,141126
2022-07-21,138.8,139.9,134.3,135.1,110781
2022-07-24,138.8,138.8,132.4,132.4,92446
2022-07-25,130.1,134.7,129.8,130.3,125948
2022-07-26,133.8,133.8,127.7,127.8,61892
2022-07-27,131.4,131.4,125.3,125.3,72422
2022-07-28,126.7,126.7,122.8,122.8,32014
2022-07-31,127.7,128.9,127.7,128.0,51142
2022-08-01,128.0,130.7,127.7,128.5,49718
2022-08-02,130.0,133.6,128.5,130.6,61516
2022-08-03,131.8,132.8,129.2,129.7,74592
2022-08-04,129.2,130.5,128.1,128.4,86256
2022-08-07,128.1,129.4,127.7,127.8,93364
2022-08-08,127.7,129.0,127.7,127.8,59641
2022-08-10,127.7,128.9,127.7,127.7,41917
2022-08-11,127.7,127.7,127.7,127.7,5121
2022-08-14,127.7,127.7,127.7,127.7,22569
2022-08-16,127.7,130.6,127.7,129.8,87458
2022-08-17,132.0,132.0,127.7,128.0,84634
2022-08-21,128.1,133.7,128.0,132.0,168894
2022-08-22,133.7,134.8,131.0,131.6,141723
2022-08-23,131.7,135.0,129.7,132.3,146759
2022-08-24,132.0,141.0,132.0,139.4,443979
2022-08-25,140.1,144.0,138.0,139.5,241937
2022-08-28,140.0,141.0,133.1,134.5,196891
2022-08-29,134.6,137.5,133.0,134.1,98618
2022-08-30,134.1,138.5,134.1,137.2,96158
2022-08-31,136.5,138.4,134.0,134.4,166371
2022-09-01,136.9,141.7,134.9,138.0,138575
2022-09-04,141.7,143.9,137.6,139.3,321377
2022-09-05,140.0,142.4,135.8,136.2,81654
2022-09-06,138.0,138.7,135.0,136.2,79882
2022-09-07,136.9,138.5,135.1,135.4,167629
2022-09-08,135.1,135.6,130.0,131.5,136003
2022-09-11,135.5,135.5,130.3,130.9,85727
2022-09-12,130.9,132.7,129.5,130.8,52627
2022-09-13,132.5,132.6,129.5,130.2,76226
2022-09-14,130.2,135.6,130.2,133.5,90954
2022-09-15,133.5,138.0,132.2,136.6,158376
2022-09-18,137.0,140.9,134.8,135.1,200380
2022-09-19,135.1,138.1,134.0,134.5,146199
2022-09-20,135.5,135.9,129.0,130.7,192316
2022-09-21,130.7,133.7,128.6,129.0,104756
2022-09-22,131.0,132.0,129.0,129.5,97434
2022-09-25,131.1,132.6,129.0,129.2,77978
2022-09-26,130.0,131.5,128.0,128.5,54868
2022-09-27,128.5,130.0,127.7,127.7,100003
2022-09-28,127.7,129.0,127.7,127.8,69401
2022-09-29,127.7,128.9,127.7,127.7,44065
2022-10-02,127.7,127.7,127.7,127.7,14081
2022-10-03,127.7,127.7,127.7,127.7,13279
2022-10-04,127.7,127.7,127.7,127.7,19473
2022-10-06,127.7,132.5,127.7,129.8,89462
2022-10-10,130.2,131.0,127.7,127.9,70145
2022-10-11,127.7,129.6,127.7,127.7,36003
2022-10-12,127.8,130.1,127.7,128.6,62665
2022-10-13,128.8,132.5,127.7,128.4,86218
2022-10-16,130.5,132.3,127.7,131.2,91276
2022-10-17,132.0,137.8,129.5,131.2,288126
2022-10-18,131.8,131.8,127.7,127.9,63987
2022-10-19,127.7,131.9,127.7,127.8,105885
2022-10-20,127.8,129.7,127.7,127.7,73040
2022-10-23,127.7,129.0,127.7,127.7,33048
2022-10-24,127.7,127.7,127.7,127.7,111
2022-10-25,127.7,127.7,127.7,127.7,2097
2022-10-26,127.7,127.7,127.7,127.7,1232
2022-10-27,127.7,127.7,127.7,127.7,370
2022-10-30,127.7,127.7,127.7,127.7,2539
2022-10-31,127.7,127.7,127.7,127.7,18572
2022-11-01,127.7,127.7,127.7,127.7,2206
2022-11-02,127.7,130.8,127.7,127.7,44600
2022-11-03,127.7,127.7,127.7,127.7,30105
2022-11-06,127.7,127.7,127.7,127.7,1394
2022-11-07,127.7,127.7,127.7,127.7,65
2022-11-08,127.7,127.7,127.7,127.7,5059
2022-11-09,127.7,127.7,127.7,127.7,101
2022-11-10,127.7,127.7,127.7,127.7,400
2022-11-13,127.7,127.7,127.7,127.7,2
2022-11-14,127.7,127.7,127.7,127.7,5
2022-11-15,127.7,127.7,127.7,127.7,2
2022-11-16,127.7,127.7,127.7,127.7,62
2022-11-17,127.7,127.7,127.7,127.7,11
2022-11-20,127.7,127.7,127.7,127.7,22
2022-11-21,127.7,127.7,127.7,127.7,10
2022-11-22,127.7,127.7,127.7,127.7,805
2022-11-23,127.7,127.7,127.7,127.7,21
2022-11-24,127.7,127.7,127.7,127.7,750
2022-11-27,127.7,127.7,127.7,127.7,89
2022-11-30,127.7,127.7,127.7,127.7,1
2022-12-01,127.7,127.7,127.7,127.7,7
2022-12-04,127.7,127.7,127.7,127.7,13
2022-12-06,127.7,127.7,127.7,127.7,20
2022-12-11,127.7,127.7,127.7,127.7,1000
2022-12-12,127.7,127.7,127.7,127.7,1
2022-12-13,127.7,127.7,127.7,127.7,137
2022-12-14,127.7,127.7,127.7,127.7,111
2022-12-15,127.7,127.7,127.7,127.7,772
2022-12-18,127.7,127.7,127.7,127.7,42823
2022-12-19,127.7,133.5,127.7,131.5,139388
2022-12-20,131.5,134.3,127.7,128.1,104216
2022-12-21,127.7,128.0,127.7,127.7,46825
2022-12-22,126.5,126.5,126.5,126.5,1598
2022-12-26,125.3,125.3,125.3,125.3,123
2022-12-27,124.1,124.1,124.1,124.1,1279
2022-12-28,122.9,122.9,122.9,122.9,2978
2022-12-29,121.7,121.7,121.7,121.7,4545
2023-01-01,120.5,120.5,120.5,120.5,752
2023-01-02,119.3,119.3,119.3,119.3,465
2023-01-03,118.2,118.2,118.2,118.2,174
2023-01-04,117.1,117.1,117.1,117.1,11092
2023-01-05,116.1,116.2,116.0,116.0,4592
2023-01-08,114.9,114.9,114.9,114.9,2016
2023-01-09,113.8,113.8,113.8,113.8,918
2023-01-10,112.7,116.3,112.7,114.1,39981
2023-01-11,114.0,116.1,113.0,113.3,27838
2023-01-12,112.6,114.8,112.2,112.2,17714
2023-01-15,112.0,113.6,111.1,112.9,15319
2023-01-16,115.0,115.4,113.0,113.4,21214
2023-01-17,115.5,115.6,113.0,114.7,15422
2023-01-18,114.2,115.3,113.6,113.6,18974
2023-01-19,114.8,114.8,112.5,112.5,9334
2023-01-22,112.0,118.3,111.9,112.4,18323
2023-01-23,112.0,114.9,111.3,111.5,25857
2023-01-24,114.6,114.6,110.9,111.1,20667
2023-01-25,113.0,113.0,110.0,110.0,35926
2023-01-26,109.0,111.7,108.9,108.9,13645
2023-01-29,108.5,108.5,107.9,108.1,10837
2023-01-30,107.1,107.5,107.1,107.1,6080
2023-01-31,107.1,109.6,106.1,108.7,16665
2023-02-01,112.0,112.0,107.7,107.7,24376
2023-02-02,106.8,111.9,106.8,111.3,21885
2023-02-05,113.0,113.0,110.6,111.2,48539
2023-02-06,110.6,111.1,110.1,110.1,8312
2023-02-07,109.0,112.5,109.0,109.2,17562
2023-02-08,108.5,117.0,108.5,115.3,89627
2023-02-09,116.1,118.6,115.0,115.4,59304
2023-02-12,114.3,116.0,114.3,114.3,6855
2023-02-13,113.2,113.2,113.2,113.2,310
2023-02-14,112.1,115.0,112.1,113.6,65907
2023-02-15,113.0,118.6,113.0,115.5,43802
2023-02-16,115.0,115.5,114.4,114.4,11480
2023-02-19,114.4,114.4,113.3,113.6,1211
2023-02-20,112.5,112.5,112.5,112.5,1105
2023-02-22,111.4,111.4,111.4,111.4,2212
2023-02-23,110.3,110.3,110.3,110.3,701
2023-02-26,109.2,109.2,109.2,109.2,3495
2023-02-27,108.2,109.2,108.2,108.2,15495
2023-02-28,107.5,111.2,107.3,108.7,21571
2023-03-01,112.5,112.5,108.2,109.5,11298
2023-03-02,115.0,115.0,108.9,110.4,22856
2023-03-05,112.9,112.9,109.0,111.8,22024
2023-03-06,110.0,114.0,110.0,112.0,16025
2023-03-07,113.4,113.4,111.1,111.5,9922
2023-03-09,111.5,111.7,109.8,110.1,28157
2023-03-12,110.0,110.1,108.9,108.9,16980
2023-03-13,108.9,111.0,108.9,110.0,13399
2023-03-14,110.0,111.9,108.9,108.9,10884
2023-03-15,108.9,110.5,108.9,109.1,22995
2023-03-16,108.9,109.0,108.9,108.9,3642
2023-03-19,108.9,108.9,108.9,108.9,11096
2023-03-20,108.9,108.9,108.9,108.9,1036
2023-03-21,108.9,108.9,108.9,108.9,8564
2023-03-22,108.9,110.9,108.9,108.9,4649
2023-03-23,108.9,110.2,108.9,109.3,21266
2023-03-27,109.0,111.0,108.9,109.5,10963
2023-03-28,108.9,114.5,108.9,112.7,37390
2023-03-29,113.8,116.5,113.0,116.0,84588
2023-03-30,117.0,117.0,110.2,112.3,50646
2023-04-02,113.9,113.9,110.6,112.4,31299
2023-04-03,114.4,117.1,111.8,116.7,110489
2023-04-04,118.0,128.3,118.0,124.5,267367
2023-04-05,121.5,129.8,120.5,122.1,97742
2023-04-06,120.1,125.5,116.6,118.7,168139
2023-04-09,119.1,123.5,117.4,117.9,61711
2023-04-10,117.0,119.5,114.0,114.8,51006
2023-04-11,116.0,116.4,111.3,112.1,38505
2023-04-12,111.7,113.7,111.1,111.5,38290
2023-04-13,111.7,116.9,111.7,116.0,36701
2023-04-16,116.8,120.0,116.0,117.9,49233
2023-04-17,117.9,118.9,114.8,116.3,20064
2023-04-18,114.5,117.2,114.4,114.9,20877
2023-04-24,115.3,123.3,115.3,122.1,78638
2023-04-25,120.2,121.6,117.0,117.7,66662
2023-04-26,120.0,120.9,116.0,119.3,49638
2023-04-27,119.9,125.0,118.7,124.3,106091
2023-04-30,126.0,127.0,119.0,119.6,41465
2023-05-02,119.0,122.0,117.5,121.4,46241
2023-05-03,123.8,123.8,119.0,119.4,45387
2023-05-07,121.0,121.0,117.6,118.2,50968
2023-05-08,117.1,121.8,117.1,117.8,77452
2023-05-09,119.5,123.0,118.5,118.9,47573
2023-05-10,120.8,122.0,118.3,121.5,75021
2023-05-11,121.5,127.0,121.5,124.0,191455
2023-05-14,124.0,125.0,120.1,122.2,70284
2023-05-15,123.8,125.0,119.5,119.8,85337
2023-05-16,118.1,131.5,118.1,128.2,194396
2023-05-17,128.8,134.0,126.0,127.7,196665
2023-05-18,125.3,129.0,125.3,128.0,79630
2023-05-21,128.9,135.8,128.3,134.8,302100
2023-05-22,132.6,138.0,132.1,133.5,113672
2023-05-23,133.5,136.0,132.6,133.2,128865
2023-05-24,133.2,134.8,127.8,128.5,131086
2023-05-25,131.0,131.6,127.3,127.9,93065
2023-05-28,128.2,131.0,125.9,126.1,82097
2023-05-29,125.0,127.0,124.4,124.8,64743
2023-05-30,124.2,127.9,124.0,125.7,69026
2023-05-31,127.9,131.8,127.1,128.6,63778
2023-06-01,127.6,133.0,127.6,128.0,123193
2023-06-04,127.6,130.0,126.3,127.1,40018
2023-06-05,125.2,130.6,125.2,129.3,90253
2023-06-06,132.9,137.0,130.3,133.0,409488
2023-06-07,135.0,146.3,131.3,146.3,577911
2023-06-08,151.7,157.0,143.5,146.1,556886
2023-06-11,147.6,160.7,140.3,160.7,601824
2023-06-12,166.9,170.9,154.0,156.3,765689
2023-06-13,157.0,170.0,156.5,167.2,725081
2023-06-14,170.0,173.4,157.0,159.2,567059
2023-06-15,159.0,161.0,146.7,148.7,325840
2023-06-18,150.0,151.7,143.2,147.0,170173
2023-06-19,147.3,152.8,146.1,148.6,168561
2023-06-20,150.0,157.0,150.0,152.0,271303
2023-06-21,152.0,158.0,148.6,156.6,245431
2023-06-22,159.0,161.3,151.8,152.5,231629
2023-06-25,158.0,158.0,150.6,152.0,197781
2023-06-26,151.1,154.0,147.0,148.6,220837
2023-07-02,146.5,149.8,142.5,144.2,139511
2023-07-03,141.5,147.5,140.2,142.7,129856
2023-07-04,141.5,146.0,136.5,138.5,187387
2023-07-05,142.0,142.0,133.1,134.7,114468
2023-07-06,136.0,140.2,134.5,139.3,119314
2023-07-09,140.9,146.8,138.7,143.7,193808
2023-07-10,145.8,145.8,135.2,136.6,158105
2023-07-11,144.9,144.9,133.7,134.6,95023
2023-07-12,134.6,142.9,134.6,138.9,144797
2023-07-13,137.0,140.4,135.9,137.1,77840
2023-07-16,137.1,141.7,135.1,135.8,156199
2023-07-17,138.9,147.7,137.7,146.3,316003
2023-07-18,146.3,149.0,140.5,142.2,142079
2023-07-19,145.9,147.0,139.2,140.0,138840
2023-07-20,140.0,142.9,138.0,138.9,76495
2023-07-23,137.0,146.0,137.0,143.3,233261
2023-07-24,144.6,146.3,140.0,140.3,131300
2023-07-25,142.9,142.9,136.0,137.2,150231
2023-07-26,139.9,141.3,136.4,137.3,69921
2023-07-27,139.7,140.5,136.9,139.7,92129
2023-07-30,140.0,140.0,136.3,136.5,81465
2023-07-31,135.7,138.2,134.4,135.0,66115
2023-08-01,135.6,138.2,134.6,136.2,66201
2023-08-02,137.7,139.8,137.0,138.9,96484
2023-08-03,140.0,144.5,139.3,140.5,201238
2023-08-06,141.0,141.6,137.1,137.6,65274
2023-08-07,138.0,138.4,133.7,134.2,92611
2023-08-08,135.0,137.0,133.8,134.6,53866
2023-08-09,134.7,139.0,134.0,134.5,68874
2023-08-10,134.4,136.5,133.8,135.0,44337
2023-08-13,135.2,137.3,131.8,133.6,95899
2023-08-14,133.0,134.0,125.2,125.6,82667
2023-08-16,125.9,125.9,118.0,118.7,57769
2023-08-17,118.5,124.6,118.5,122.2,55496
2023-08-20,125.8,130.0,118.2,124.8,80125
2023-08-21,125.4,129.0,124.6,125.2,47599
2023-08-22,125.6,127.9,123.3,125.0,71505
2023-08-23,126.9,126.9,121.5,122.4,60692
2023-08-24,122.0,123.9,120.1,121.1,67041
2023-08-27,123.5,123.5,121.1,122.2,25751
2023-08-28,124.5,125.7,121.9,123.6,163057
2023-08-29,123.0,127.8,123.0,124.7,83578
2023-08-30,125.3,125.4,122.5,123.1,66007
2023-08-31,122.6,124.5,122.3,122.6,70582
2023-09-03,125.4,126.9,123.3,126.1,124290
2023-09-04,126.3,127.9,123.1,124.2,125245
2023-09-05,123.6,126.2,123.6,124.0,62682
2023-09-07,124.6,128.8,124.6,127.2,165178
2023-09-10,127.3,127.4,122.0,122.6,81106
2023-09-11,122.5,123.8,121.0,121.5,67801
2023-09-12,121.6,123.2,121.0,122.4,34317
2023-09-13,123.4,125.0,121.5,122.3,98928
2023-09-14,122.3,124.4,121.4,122.0,85887
2023-09-17,121.6,123.1,118.2,119.8,70270
2023-09-18,118.0,121.9,118.0,119.0,62104
2023-09-19,119.1,120.7,117.5,118.0,64114
2023-09-20,118.0,120.8,117.6,118.1,73934
2023-09-21,120.1,120.1,117.2,117.9,64382
2023-09-24,117.6,118.9,114.0,115.0,51461
2023-09-25,115.2,117.8,114.5,117.4,45336
2023-09-26,118.5,120.3,118.2,118.6,70946
2023-09-27,119.5,119.8,118.5,119.3,34940
2023-10-01,120.2,122.0,116.4,117.9,83647
2023-10-02,119.4,119.4,116.0,116.5,37875
2023-10-03,116.1,118.2,115.0,115.6,54383
2023-10-04,115.6,116.5,115.0,115.4,29478
2023-10-05,115.4,117.7,115.0,115.7,43314
2023-10-08,115.0,115.0,111.3,112.0,46745
2023-10-09,111.0,112.0,109.0,109.4,71333
2023-10-10,109.9,113.5,109.9,111.0,32346
2023-10-11,111.0,113.9,110.2,112.4,29493
2023-10-12,111.6,114.9,111.6,114.5,45029
2023-10-15,116.0,116.7,113.1,114.0,29211
2023-10-16,112.1,117.9,112.1,116.6,65578
2023-10-17,117.8,123.7,117.0,119.9,101799
2023-10-18,120.8,121.1,118.1,119.7,78043
2023-10-19,122.9,122.9,118.7,119.5,69432
2023-10-22,119.9,119.9,112.2,114.8,63631
2023-10-23,113.1,117.2,113.1,115.0,34583
2023-10-25,115.0,119.9,115.0,118.5,79547
2023-10-26,119.9,119.9,113.5,114.2,61013
2023-10-29,117.8,117.8,113.5,116.0,38782
2023-10-30,113.2,116.8,113.2,114.2,46257
2023-10-31,114.2,115.2,114.1,114.6,25246
2023-11-01,113.3,115.6,113.2,113.7,35559
2023-11-02,114.6,114.6,112.7,113.7,48327
2023-11-05,114.7,116.9,114.5,116.5,55638
2023-11-06,117.0,122.6,113.6,119.9,180717
2023-11-07,118.2,121.3,117.3,117.8,79449
2023-11-08,118.5,118.5,115.4,115.9,75824
2023-11-09,117.0,118.4,115.0,115.6,34660
2023-11-12,114.7,116.6,114.0,114.2,38347
2023-11-13,114.3,115.0,112.0,112.7,57842
2023-11-14,113.0,114.6,112.8,113.6,15487
2023-11-15,113.9,114.9,113.0,114.4,30188
2023-11-16,114.5,114.6,112.9,113.7,19679
2023-11-19,113.0,113.7,112.8,113.3,16416
2023-11-21,114.8,114.8,111.2,111.8,22486
2023-11-22,110.0,114.5,109.2,113.6,31040
2023-11-23,114.3,119.0,113.0,116.6,105063
2023-11-26,115.1,119.0,115.1,116.7,42012
2023-11-27,117.5,117.9,113.1,113.9,52356
2023-11-28,114.5,114.8,111.9,112.2,28362
2023-11-29,112.2,119.0,112.2,118.7,119846
2023-11-30,120.0,122.5,118.0,118.8,149185
2023-12-03,120.4,122.5,119.2,121.9,170276
2023-12-04,123.9,127.4,122.1,123.2,333941
2023-12-05,124.1,125.0,120.0,122.4,111372
2023-12-06,122.1,124.9,120.5,122.1,145585
2023-12-07,123.9,131.3,123.9,128.1,368732
2023-12-10,129.0,130.0,126.2,128.5,194791
2023-12-11,130.8,131.4,125.0,125.7,213835
2023-12-12,125.7,134.0,125.5,129.5,264384
2023-12-13,130.0,131.5,124.9,125.5,130886
2023-12-14,124.5,126.9,122.0,124.7,121270
2023-12-17,123.4,128.5,121.5,122.9,89661
2023-12-18,121.5,124.2,119.3,120.3,82828
2023-12-19,120.3,125.0,119.5,123.8,103002
2023-12-20,114.0,128.9,114.0,120.6,96863
2023-12-21,120.0,122.5,118.2,118.8,85931
2023-12-24,121.7,126.7,117.2,117.5,44535
2023-12-26,117.5,120.2,116.6,116.9,41671
2023-12-27,117.2,118.6,116.2,116.9,35934
2023-12-28,116.8,118.9,115.7,116.2,51921
2024-01-01,117.9,117.9,115.0,115.2,43468
2024-01-02,115.0,115.5,112.5,112.8,41827
2024-01-03,112.8,115.9,112.8,113.1,24508
2024-01-04,113.3,114.9,113.0,113.8,33853
2024-01-08,115.4,116.4,114.3,115.1,27242
2024-01-09,116.3,116.3,113.9,114.0,41061
2024-01-10,114.0,116.7,114.0,115.4,65424
2024-01-11,116.7,118.9,115.8,117.3,77277
2024-01-14,119.8,119.8,115.0,115.9,60268
2024-01-15,115.7,116.3,114.1,114.5,55285
2024-01-16,114.5,117.5,114.5,116.3,87452
2024-01-17,117.0,119.0,116.4,116.8,63410
2024-01-18,118.8,119.1,116.2,116.9,42711
2024-01-21,114.8,115.4,106.1,114.6,44551
2024-01-22,113.1,116.8,112.0,115.6,37304
2024-01-23,115.4,117.4,115.3,116.8,47163
2024-01-24,117.5,117.6,113.6,114.3,44033
2024-01-25,114.3,115.0,113.5,114.0,29986
2024-01-28,113.6,113.9,110.0,111.7,43915
2024-01-29,112.2,112.5,109.5,110.2,29585
2024-01-30,114.9,114.9,109.5,113.5,60077
2024-01-31,114.5,115.2,111.0,111.3,21985
2024-02-01,111.1,113.9,111.1,112.0,32978
2024-02-04,115.9,118.6,113.0,116.9,110217
2024-02-05,117.2,119.8,116.0,117.9,103966
2024-02-06,117.0,119.9,116.0,116.4,88027
2024-02-07,115.5,118.1,115.0,116.6,79481
2024-02-08,116.5,119.3,115.9,116.3,74164
2024-02-11,116.6,117.7,115.0,115.2,70767
2024-02-12,115.3,117.0,114.5,115.2,49373
2024-02-13,117.7,117.7,115.0,115.1,41672
2024-02-14,115.9,115.9,113.9,114.1,32571
2024-02-15,114.1,116.1,114.1,114.9,24219
2024-02-18,116.0,116.0,112.1,112.8,44422
2024-02-19,113.0,115.0,113.0,113.1,11737
2024-02-20,114.9,114.9,112.1,113.1,16002
