Date,Open,High,Low,Close,Volume
2012-10-01,31.8,35.0,31.8,34.5,352500
2012-10-02,34.5,37.3,34.5,35.9,652000
2012-10-03,36.4,37.0,35.0,35.1,543500
2012-10-04,35.0,35.9,35.0,35.5,339000
2012-10-07,36.0,36.5,34.2,34.6,357500
2012-10-08,34.1,35.6,34.0,34.4,431500
2012-10-09,36.5,36.9,34.8,35.5,565000
2012-10-10,36.0,36.3,34.7,35.1,560500
2012-10-11,35.5,35.5,34.2,34.5,332500
2012-10-14,34.0,34.3,33.8,34.0,191000
2012-10-15,33.8,34.2,33.7,33.9,251500
2012-10-16,34.3,34.9,33.9,34.1,132500
2012-10-17,34.1,34.2,33.4,33.6,61500
2012-10-18,33.5,34.2,33.5,34.0,178000
2012-10-21,34.0,34.9,33.7,33.9,138000
2012-10-22,34.1,34.6,34.0,34.2,93500
2012-10-23,34.9,34.9,34.3,34.5,186000
2012-10-30,34.8,34.9,33.6,33.9,97000
2012-10-31,34.0,34.2,33.8,33.8,206500
2012-11-01,33.9,34.6,33.9,34.2,212000
2012-11-04,34.7,34.7,33.8,33.8,90500
2012-11-05,33.7,33.9,33.3,33.5,88000
2012-11-06,34.0,34.1,33.4,33.9,211000
2012-11-07,33.2,33.7,33.1,33.1,100000
2012-11-08,33.1,33.6,33.1,33.3,115000
2012-11-11,33.1,33.7,33.1,33.5,214500
2012-11-12,33.2,33.9,33.2,33.5,260500
2012-11-13,33.4,34.0,33.4,33.7,156000
2012-11-14,34.0,34.4,33.3,33.5,119500
2012-11-15,33.8,34.4,33.5,34.0,192500
2012-11-18,34.0,34.3,33.6,33.7,44500
2012-11-19,32.7,33.8,32.7,33.0,119000
2012-11-20,32.9,33.6,32.9,33.4,185000
2012-11-21,33.0,33.7,31.9,32.1,113000
2012-11-22,32.7,32.7,32.3,32.3,28500
2012-11-26,31.0,33.0,31.0,32.0,43000
2012-11-27,31.8,32.2,31.7,31.8,86000
2012-11-28,32.2,32.6,31.2,31.3,72500
2012-11-29,32.3,34.4,32.3,33.8,144500
2012-12-02,33.8,34.1,33.6,33.7,196500
2012-12-03,33.8,35.0,33.6,33.8,179500
2012-12-04,33.5,33.7,33.2,33.3,67500
2012-12-05,33.3,33.4,33.0,33.1,52500
2012-12-06,33.1,33.1,32.4,32.8,21000
2012-12-09,32.1,32.9,31.7,32.2,33000
2012-12-10,31.9,33.7,31.7,32.9,67000
2012-12-11,32.2,34.0,32.2,33.5,103000
2012-12-12,34.0,34.2,33.5,33.5,254000
2012-12-13,33.9,34.2,33.9,34.0,103000
2012-12-17,34.1,34.9,34.1,34.4,193000
2012-12-18,34.4,34.5,34.0,34.0,218500
2012-12-19,34.1,34.6,34.1,34.4,204500
2012-12-20,34.4,34.7,34.0,34.3,203500
2012-12-23,34.3,34.4,33.9,34.2,229500
2012-12-24,34.2,35.0,34.1,34.1,198500
2012-12-26,34.4,34.6,34.1,34.1,69500
2012-12-27,34.2,34.6,34.1,34.5,116000
2012-12-30,34.5,35.0,34.1,34.8,343500
2013-01-01,35.5,35.5,34.7,34.8,138000
2013-01-02,34.4,34.5,34.0,34.0,154000
2013-01-03,34.0,35.0,33.8,34.8,191500
2013-01-06,34.5,35.0,34.2,34.9,74000
2013-01-07,35.2,35.2,34.0,34.1,192000
2013-01-08,34.0,34.8,34.0,34.4,60000
2013-01-09,34.3,35.9,34.0,34.9,222500
2013-01-10,34.9,35.0,34.5,34.7,98000
2013-01-13,34.8,35.5,34.8,35.0,245500
2013-01-14,34.6,35.2,34.5,35.0,136000
2013-01-15,34.8,35.7,34.8,35.6,466000
2013-01-16,35.6,36.2,35.6,36.0,503500
2013-01-17,36.2,36.5,36.2,36.2,366500
2013-01-20,36.0,36.2,35.0,35.2,170500
2013-01-21,35.2,35.7,35.0,35.2,181000
2013-01-22,35.7,36.2,35.7,36.0,308500
2013-01-23,35.9,36.1,35.1,35.3,176500
2013-01-24,35.5,35.7,35.2,35.5,112000
2013-01-27,35.7,36.3,35.7,35.8,420500
2013-01-28,35.5,36.2,35.5,36.0,113500
2013-01-29,36.0,36.3,35.5,35.9,255000
2013-01-30,36.2,36.3,35.5,35.6,350000
2013-01-31,35.5,35.7,35.4,35.6,152500
2013-02-03,35.6,36.1,35.5,35.6,259500
2013-02-04,35.3,35.9,35.3,35.8,202500
2013-02-05,35.5,36.0,35.5,35.9,63000
2013-02-06,35.7,36.0,35.6,35.9,176000
2013-02-07,35.5,35.8,35.5,35.5,126500
2013-02-10,35.3,36.0,35.2,35.8,113000
2013-02-11,35.9,36.2,35.8,35.9,266500
2013-02-12,36.0,36.3,35.8,36.0,359500
2013-02-13,35.7,36.0,35.7,35.9,89500
2013-02-14,36.0,37.9,35.9,36.7,340500
2013-02-17,36.3,36.7,36.2,36.4,89000
2013-02-18,36.4,36.5,35.7,35.9,190500
2013-02-19,35.6,36.1,35.6,35.8,285000
2013-02-20,35.4,35.8,35.3,35.5,148500
2013-02-24,35.2,35.7,35.0,35.5,248500
2013-02-25,35.4,35.7,35.1,35.3,289500
2013-02-26,35.3,35.3,34.9,35.1,117000
2013-02-27,33.9,35.8,33.9,34.1,137500
2013-02-28,34.1,34.5,34.0,34.3,43500
2013-03-03,33.9,33.9,32.4,33.3,231500
2013-03-04,33.0,34.4,33.0,34.1,84500
2013-03-05,35.8,35.8,34.2,34.5,143500
2013-03-06,34.5,35.3,34.2,34.6,203500
2013-03-07,34.3,35.0,34.2,34.7,75500
2013-03-10,34.7,35.5,34.7,35.0,614000
2013-03-11,34.4,35.3,34.4,35.1,204000
2013-03-12,34.9,36.1,34.9,35.9,540000
2013-03-13,35.5,36.5,35.5,35.9,350500
2013-03-14,36.2,36.2,35.9,36.0,359500
2013-03-18,36.0,36.3,35.8,36.1,176500
2013-03-19,36.0,36.2,35.3,35.4,186500
2013-03-20,35.4,35.5,35.0,35.4,195500
2013-03-24,35.2,35.5,34.9,34.9,307000
2013-03-25,34.9,35.1,34.0,34.4,353500
2013-03-27,32.5,32.5,30.2,31.7,186000
2013-03-28,32.2,33.3,31.9,33.1,121000
2013-03-31,32.1,33.0,31.6,31.9,302000
2013-04-01,31.5,31.5,29.8,30.9,195000
2013-04-02,31.0,31.9,30.0,31.5,86000
2013-04-03,30.4,33.1,30.4,32.9,101000
2013-04-04,32.4,33.2,32.4,33.0,545500
2013-04-08,28.7,28.7,27.0,27.7,327000
2013-04-09,27.8,28.5,27.8,28.2,60000
2013-04-10,28.0,28.7,28.0,28.4,84500
2013-04-11,28.3,28.8,28.0,28.4,129000
2013-04-15,28.9,28.9,27.7,28.0,50500
2013-04-16,28.0,28.1,27.5,27.5,43500
2013-04-17,27.3,27.9,27.1,27.8,58000
2013-04-18,27.5,27.9,27.4,27.6,116000
2013-04-21,27.2,27.4,26.3,26.6,42500
2013-04-22,26.7,26.7,26.2,26.2,134500
2013-04-23,26.0,26.6,26.0,26.1,48000
2013-04-24,26.2,26.2,25.8,25.9,26500
2013-04-25,26.0,26.3,26.0,26.2,59000
2013-04-28,25.5,26.5,25.0,26.3,70500
2013-04-29,25.5,26.0,25.1,25.8,52000
2013-04-30,25.7,25.7,25.2,25.2,53500
2013-05-02,25.4,25.6,25.1,25.6,274000
2013-05-05,25.8,25.8,25.4,25.4,45500
2013-05-06,25.6,25.9,25.2,25.6,57500
2013-05-07,25.4,25.9,25.4,25.7,66000
2013-05-08,25.9,25.9,25.6,25.6,50000
2013-05-09,25.5,25.6,25.2,25.4,350500
2013-05-12,25.4,25.4,24.9,25.0,572000
2013-05-13,25.6,25.6,24.9,25.3,439500
2013-05-14,25.6,27.8,25.6,27.8,1650000
2013-05-15,28.5,30.2,28.1,29.4,709000
2013-05-16,29.0,30.8,29.0,29.9,803000
2013-05-19,29.9,31.0,29.4,30.4,1009000
2013-05-20,31.0,31.3,30.2,30.4,911000
2013-05-21,30.6,30.7,29.7,29.9,728000
2013-05-22,29.7,30.1,28.2,28.4,517500
2013-05-26,28.5,29.2,28.2,28.6,316500
2013-05-27,28.3,29.8,28.3,28.9,448000
2013-05-28,29.4,29.4,28.0,28.5,387500
2013-05-29,29.5,29.9,28.6,29.4,461500
2013-05-30,30.1,31.7,29.6,29.8,783500
2013-06-02,30.1,30.7,29.8,30.5,244500
2013-06-03,31.0,31.0,30.3,30.5,396000
2013-06-04,31.1,31.2,30.1,30.2,274000
2013-06-05,30.6,31.2,30.3,30.4,420000
2013-06-06,30.5,30.8,30.5,30.6,488500
2013-06-09,30.8,30.8,29.4,29.5,362500
2013-06-10,29.7,30.5,29.7,30.0,154000
2013-06-11,30.1,30.7,29.5,30.4,478000
2013-06-12,31.0,33.0,30.8,32.2,934000
2013-06-13,32.9,32.9,31.6,31.9,414500
2013-06-16,32.3,32.3,31.4,32.0,373000
2013-06-17,33.1,33.1,32.1,32.2,1110000
2013-06-18,32.5,32.5,31.2,31.6,192000
2013-06-19,32.1,33.1,31.3,32.4,975000
2013-06-20,32.5,33.3,31.6,32.2,1284000
2013-06-23,32.1,32.5,30.6,31.0,501500
2013-06-24,30.6,31.4,30.6,30.7,540500
2013-06-26,31.0,31.5,30.6,30.8,609500
2013-06-27,30.3,30.5,30.1,30.1,423500
2013-06-30,29.8,30.4,29.8,29.9,287000
2013-07-02,30.0,30.8,30.0,30.2,264500
2013-07-03,30.2,30.4,29.6,29.7,372500
2013-07-04,29.6,31.4,29.6,30.5,665000
2013-07-07,30.1,30.7,29.4,29.5,802000
2013-07-08,30.5,30.5,29.0,29.1,543500
2013-07-09,29.7,31.0,28.9,30.0,536000
2013-07-10,30.9,32.5,30.2,31.4,1318000
2013-07-11,30.3,31.7,30.3,30.6,273000
2013-07-14,31.7,31.7,30.0,30.3,491000
2013-07-15,30.3,30.3,30.0,30.1,438000
2013-07-16,30.1,30.4,30.0,30.0,611500
2013-07-17,29.9,30.5,29.2,30.1,546500
2013-07-18,30.2,31.3,29.9,30.0,472500
2013-07-21,31.0,31.2,29.9,29.9,498500
2013-07-22,29.6,30.2,29.2,29.6,597500
2013-07-23,29.1,29.6,28.5,28.6,298500
2013-07-24,29.2,29.8,28.9,29.6,161500
2013-07-25,29.0,29.5,28.7,29.3,194000
2013-07-28,29.7,29.7,28.9,29.1,187500
2013-07-29,28.1,29.4,28.1,28.3,70500
2013-07-30,29.0,30.4,28.7,29.9,570500
2013-07-31,30.4,30.5,29.4,29.9,223000
2013-08-01,29.6,30.1,29.3,29.7,165000
2013-08-04,29.4,29.4,28.2,28.7,69500
2013-08-05,28.6,29.9,28.6,29.4,148500
2013-08-12,29.4,29.4,28.7,28.8,106000
2013-08-13,29.0,29.5,28.8,28.9,200000
2013-08-14,28.7,29.4,28.7,29.1,50500
2013-08-18,28.8,29.2,28.5,28.9,68500
2013-08-19,28.9,29.2,28.9,29.1,227500
2013-08-20,29.5,29.5,28.9,29.0,346000
2013-08-21,29.0,29.1,28.8,28.8,115000
2013-08-22,28.7,29.0,28.5,28.7,259500
2013-08-25,29.4,29.4,28.0,28.6,172500
2013-08-26,28.6,28.9,28.5,28.5,214500
2013-08-27,28.4,28.9,28.4,28.6,106500
2013-08-29,28.4,28.4,27.3,28.0,81000
2013-09-01,28.1,28.3,28.0,28.1,205000
2013-09-02,28.1,28.1,27.5,27.6,225500
2013-09-03,27.7,28.0,27.3,27.6,168500
2013-09-04,27.5,27.7,27.3,27.3,224500
2013-09-05,27.4,27.8,27.2,27.3,150000
2013-09-08,27.2,27.5,27.1,27.3,78000
2013-09-09,27.3,27.6,27.3,27.4,209000
2013-09-10,27.2,27.4,26.8,26.8,281500
2013-09-11,26.7,27.1,26.3,26.6,216500
2013-09-12,26.3,26.4,26.0,26.2,262000
2013-09-15,27.0,27.0,26.2,26.7,161000
2013-09-16,26.9,27.8,26.5,27.4,291000
2013-09-17,27.4,27.9,27.2,27.5,144500
2013-09-18,27.1,28.1,27.1,27.4,96500
2013-09-19,27.5,28.9,27.4,27.8,125000
2013-09-22,27.5,27.9,27.2,27.3,170500
2013-09-23,27.1,27.7,27.1,27.2,170000
2013-09-24,27.8,27.9,27.3,27.6,114000
2013-09-25,27.5,28.3,27.5,28.0,243500
2013-09-26,28.0,29.2,28.0,28.3,420500
2013-09-29,28.1,28.3,27.8,27.9,80000
2013-09-30,27.5,28.0,27.5,27.7,157500
2013-10-01,27.9,28.0,27.6,27.7,198500
2013-10-02,27.6,27.9,27.4,27.7,413000
2013-10-03,27.9,28.0,27.7,27.8,312000
2013-10-06,27.7,27.9,27.4,27.5,452500
2013-10-07,27.5,27.5,27.3,27.3,217500
2013-10-08,27.2,27.4,26.8,26.8,357000
2013-10-09,26.8,27.2,26.8,27.0,157500
2013-10-10,27.1,27.4,27.1,27.2,204000
2013-10-20,27.4,27.5,27.2,27.3,83500
2013-10-21,27.0,27.8,26.9,27.4,83500
2013-10-22,27.6,28.5,27.6,28.1,143500
2013-10-23,28.1,30.0,28.0,29.8,309500
2013-10-24,29.2,29.8,28.6,28.7,135000
2013-10-27,29.0,30.0,29.0,29.7,211500
2013-10-28,30.0,30.8,29.7,30.1,336500
2013-10-29,29.5,31.2,29.5,30.6,282000
2013-10-30,30.0,30.4,29.1,29.7,301500
2013-10-31,29.7,30.5,29.7,29.9,259500
2013-11-03,29.9,29.9,29.1,29.3,376500
2013-11-04,29.7,30.8,29.6,30.6,428500
2013-11-05,30.4,31.7,30.4,30.9,423500
2013-11-06,30.9,32.5,30.7,31.8,662000
2013-11-07,32.4,32.9,31.5,32.6,1149500
2013-11-10,32.9,34.2,32.0,33.9,1972500
2013-11-11,34.3,34.5,32.4,32.6,1042500
2013-11-12,31.4,33.4,31.4,32.8,712500
2013-11-13,33.2,33.3,32.3,32.5,537000
2013-11-14,32.5,33.1,32.5,32.9,513500
2013-11-17,33.1,33.3,32.4,32.6,447000
2013-11-18,32.3,32.6,31.9,32.0,652000
2013-11-19,32.4,33.6,32.0,33.0,1603000
2013-11-20,33.6,33.9,32.8,33.5,914500
2013-11-21,33.2,33.5,32.1,32.3,521500
2013-11-24,32.4,32.8,31.5,31.7,639500
2013-11-25,32.4,32.5,31.4,31.6,442000
2013-11-26,31.6,32.0,31.4,31.4,368000
2013-11-27,31.8,31.9,31.1,31.1,291500
2013-11-28,31.5,31.5,30.7,30.7,278000
2013-12-01,30.3,30.9,30.3,30.6,235500
2013-12-02,30.6,30.9,30.3,30.7,318500
2013-12-03,31.0,32.1,31.0,31.6,416500
2013-12-04,32.4,32.4,31.5,31.6,143500
2013-12-05,30.7,31.9,30.7,31.7,141500
2013-12-08,31.9,32.3,31.7,32.0,339000
2013-12-09,31.6,32.5,31.2,31.6,483000
2013-12-10,32.0,32.3,31.1,32.0,634000
2013-12-11,32.5,32.5,31.6,31.9,332000
2013-12-12,31.4,31.8,31.0,31.3,189000
2013-12-15,31.5,31.5,31.0,31.2,169000
2013-12-17,31.0,31.5,31.0,31.0,257500
2013-12-18,31.1,31.3,30.9,31.0,142000
2013-12-19,30.9,31.8,30.9,31.2,260500
2013-12-22,30.9,31.7,30.9,31.5,141500
2013-12-23,31.7,32.0,31.1,31.8,129500
2013-12-24,32.3,33.0,32.3,32.5,849500
2013-12-26,33.2,33.3,32.2,32.5,291000
2013-12-29,32.1,32.7,32.1,32.5,133500
2013-12-30,31.5,32.8,31.5,32.6,277000
2014-01-01,32.7,32.9,32.1,32.1,316500
2014-01-02,31.9,33.0,31.8,32.5,396500
2014-01-06,32.5,32.6,32.2,32.4,273500
2014-01-07,32.2,32.7,32.2,32.4,645000
2014-01-08,32.4,33.0,32.2,32.4,296500
2014-01-09,32.8,33.4,32.6,33.2,781000
2014-01-12,33.2,33.9,33.2,33.7,1110500
2014-01-13,33.6,34.2,33.4,33.9,622500
2014-01-15,34.0,34.5,34.0,34.3,849500
2014-01-16,34.9,35.0,34.0,34.7,2611000
2014-01-19,34.8,35.1,34.4,34.5,1229000
2014-01-20,34.5,34.8,34.5,34.7,1009500
2014-01-21,34.5,34.8,34.5,34.7,1596000
2014-01-22,34.6,35.0,34.5,34.7,1622000
2014-01-23,34.7,35.0,34.7,34.9,1269000
2014-01-26,35.0,35.4,34.6,34.7,1504000
2014-01-27,34.7,35.5,34.7,35.1,2524500
2014-01-28,35.4,35.4,34.7,34.8,1328000
2014-01-29,34.7,35.0,34.7,34.7,380500
2014-01-30,34.8,34.9,34.7,34.7,1355000
2014-02-02,35.0,35.0,34.4,34.5,976000
2014-02-03,34.5,34.9,34.4,34.5,1394000
2014-02-04,34.7,35.0,33.6,33.9,2909500
2014-02-05,33.7,33.9,33.0,33.2,1882000
2014-02-06,33.5,34.4,32.9,34.0,2889500
2014-02-09,34.5,34.5,33.6,33.9,2382500
2014-02-11,29.6,32.0,29.5,31.5,2198000
2014-02-12,30.8,31.7,30.6,31.1,1514000
2014-02-13,31.3,31.4,30.7,31.0,1101500
2014-02-16,30.9,31.0,30.1,30.2,1003000
2014-02-17,30.5,30.9,30.4,30.5,572500
2014-02-18,31.0,31.1,30.4,30.5,202000
2014-02-19,30.7,31.0,30.5,30.6,415500
2014-02-20,30.9,31.0,30.6,30.8,393500
2014-02-23,30.8,30.9,30.6,30.7,270000
2014-02-24,30.7,30.9,30.5,30.7,807000
2014-02-25,30.8,31.2,30.7,30.8,458000
2014-02-26,31.0,31.2,30.9,30.9,982500
2014-02-27,31.1,31.2,30.8,30.8,377500
2014-03-02,31.1,31.1,30.0,30.0,309500
2014-03-03,30.0,30.2,29.6,29.6,304000
2014-03-04,29.7,29.7,29.1,29.2,397500
2014-03-05,29.2,29.5,29.1,29.2,273500
2014-03-06,28.9,29.2,28.7,29.0,141000
2014-03-09,28.4,29.0,28.4,28.6,222500
2014-03-10,28.1,29.0,28.1,28.7,228500
2014-03-12,24.9,24.9,24.0,24.4,594500
2014-03-13,24.4,24.8,24.2,24.3,241500
2014-03-16,24.3,24.5,24.2,24.4,89500
2014-03-18,24.1,24.9,24.1,24.1,316500
2014-03-19,24.1,24.4,24.1,24.3,79000
2014-03-20,24.1,24.8,24.0,24.6,116500
2014-03-23,24.2,24.4,24.1,24.1,185500
2014-03-24,24.2,24.2,24.0,24.0,116000
2014-03-25,24.0,24.3,24.0,24.1,110500
2014-03-27,24.3,24.3,24.1,24.2,182500
2014-03-30,24.0,24.2,24.0,24.1,125000
2014-03-31,24.0,24.4,24.0,24.3,2316000
2014-04-01,24.2,24.5,24.2,24.2,679000
2014-04-02,24.1,24.3,24.1,24.2,222000
2014-04-03,24.3,25.2,24.1,24.7,191000
2014-04-06,24.8,24.9,24.5,24.5,442000
2014-04-07,24.5,24.8,24.5,24.7,261000
2014-04-08,24.8,24.8,24.6,24.7,284000
2014-04-09,24.8,25.4,24.6,25.1,338500
2014-04-10,25.1,26.3,25.0,25.8,198000
2014-04-13,24.8,24.9,24.6,24.8,21000
2014-04-15,24.6,25.1,24.6,25.0,164500
2014-04-16,24.9,25.1,24.8,24.9,167500
2014-04-17,25.0,25.2,25.0,25.0,261500
2014-04-20,25.0,25.9,24.9,25.2,239500
2014-04-21,25.5,26.4,25.4,26.1,515500
2014-04-22,26.0,26.6,25.9,26.2,199000
2014-04-23,26.0,26.5,26.0,26.3,250500
2014-04-24,26.4,27.0,26.2,26.2,444500
2014-04-27,26.4,26.4,25.5,25.6,435000
2014-04-28,25.7,26.4,25.7,26.0,495000
2014-04-29,26.0,26.0,25.4,25.4,381500
2014-04-30,26.3,26.5,24.8,25.4,164000
2014-05-04,25.2,25.3,24.6,24.8,336000
2014-05-05,24.8,25.2,24.6,24.7,1290500
2014-05-06,24.7,25.4,24.7,24.9,1339000
2014-05-07,24.8,25.3,24.8,25.0,649000
2014-05-08,24.9,25.8,24.9,25.2,515500
2014-05-11,25.2,25.2,24.9,24.9,859000
2014-05-12,24.8,25.1,24.8,24.8,462000
2014-05-14,24.4,24.7,24.2,24.4,456500
2014-05-15,23.5,24.9,23.5,24.7,688500
2014-05-18,24.5,24.5,24.2,24.2,227500
2014-05-19,24.1,24.3,24.0,24.1,221500
2014-05-20,23.9,24.1,23.9,24.0,251000
2014-05-21,24.0,24.2,24.0,24.0,165000
2014-05-22,24.1,24.1,23.9,23.9,222000
2014-05-25,23.9,24.0,23.9,23.9,79000
2014-05-26,23.8,23.9,23.8,23.8,170000
2014-05-27,23.7,24.0,23.7,23.8,196500
2014-05-28,23.7,24.0,23.7,23.8,215500
2014-05-29,23.8,24.0,23.8,23.9,299500
2014-06-01,23.9,24.0,23.8,23.9,171000
2014-06-02,23.7,24.0,23.6,23.9,225500
2014-06-03,23.7,23.7,23.3,23.4,612500
2014-06-04,23.1,23.1,22.2,22.2,616000
2014-06-05,22.0,22.0,21.4,21.9,1451500
2014-06-08,21.4,21.9,21.4,21.6,548500
2014-06-09,21.5,22.8,21.5,22.5,544500
2014-06-10,22.2,23.5,22.2,23.1,503500
2014-06-11,23.0,23.3,22.9,23.1,134000
2014-06-12,23.0,23.8,23.0,23.7,483500
2014-06-15,23.5,24.0,23.5,23.8,690500
2014-06-16,23.8,25.5,23.8,25.2,1335500
2014-06-17,25.1,25.1,24.7,24.9,745000
2014-06-18,24.7,25.0,24.5,24.6,692000
2014-06-19,24.6,24.7,24.5,24.5,475500
2014-06-22,24.5,24.8,24.5,24.6,885000
2014-06-23,24.7,25.3,24.7,25.1,1076000
2014-06-24,25.0,26.5,25.0,26.0,1541500
2014-06-25,26.0,26.5,26.0,26.1,1305000
2014-06-26,26.1,26.3,25.8,26.1,870500
2014-06-29,26.4,27.0,26.4,26.6,1221000
2014-06-30,26.7,26.7,26.2,26.3,376500
2014-07-02,26.2,26.3,25.8,25.8,458500
2014-07-03,25.7,25.8,25.0,25.4,187500
2014-07-06,25.0,25.4,24.6,24.7,515500
2014-07-07,24.8,24.9,24.7,24.7,372500
2014-07-08,25.1,25.1,24.3,24.9,504500
2014-07-09,24.9,25.8,24.9,25.5,1056000
2014-07-10,25.5,26.2,25.5,26.0,1409500
2014-07-13,26.0,26.6,25.5,25.9,680500
2014-07-14,26.2,26.2,25.5,25.6,304000
2014-07-15,25.7,25.8,25.1,25.4,550000
2014-07-16,25.4,26.3,25.4,26.1,626000
2014-07-17,25.8,26.4,25.8,26.3,485500
2014-07-20,26.2,26.5,26.0,26.4,468000
2014-07-21,26.2,26.6,26.2,26.2,386500
2014-07-22,26.2,26.3,25.7,25.9,446000
2014-07-23,25.8,26.1,25.5,25.8,428000
2014-07-24,25.8,26.2,25.8,26.1,517000
2014-08-03,26.0,26.4,25.5,26.1,403000
2014-08-04,26.0,26.5,26.0,26.4,824500
2014-08-05,26.4,27.5,26.4,27.2,1547500
2014-08-06,27.1,28.4,27.1,28.1,2567000
2014-08-07,27.4,28.8,27.4,28.2,2740500
2014-08-10,27.5,28.4,27.5,27.7,1430000
2014-08-11,27.9,28.1,27.7,27.8,2532000
2014-08-12,27.9,28.0,27.3,27.4,1699500
2014-08-13,27.4,27.5,26.5,26.7,758000
2014-08-14,26.6,26.9,26.6,26.6,779000
2014-08-18,26.7,26.9,26.7,26.8,755500
2014-08-19,26.8,27.7,26.8,27.5,1626500
2014-08-20,27.6,27.9,27.4,27.7,1125000
2014-08-21,27.5,27.8,27.5,27.6,790000
2014-08-24,27.3,27.4,26.7,26.7,627500
2014-08-25,27.0,27.3,26.8,27.0,616000
2014-08-26,26.9,28.1,26.9,27.7,2064000
2014-08-27,27.2,27.3,26.7,26.8,3270000
2014-08-28,26.6,27.0,26.1,26.6,2144000
2014-08-31,26.7,26.8,26.4,26.7,1533500
2014-09-01,26.7,27.4,26.7,27.1,1579500
2014-09-02,26.8,27.4,26.7,26.8,1166000
2014-09-03,26.9,27.2,26.9,26.9,871500
2014-09-04,27.0,27.2,26.9,27.0,1019000
2014-09-07,27.0,27.2,26.8,27.1,763000
2014-09-08,26.9,27.2,26.9,27.0,726500
2014-09-09,27.1,27.2,26.9,27.0,694500
2014-09-10,27.0,27.1,26.8,26.9,900000
2014-09-11,26.9,27.2,26.9,27.1,1211500
2014-09-14,27.1,27.2,26.9,26.9,710500
2014-09-15,27.0,27.9,27.0,27.6,1841000
2014-09-16,27.8,29.0,27.8,28.8,3655500
2014-09-17,29.0,31.4,29.0,30.8,3742000
2014-09-18,30.9,32.4,30.9,32.0,6748500
2014-09-21,32.0,32.9,31.9,32.0,2674500
2014-09-22,32.1,34.5,32.0,34.1,4705000
2014-09-23,34.6,34.8,32.6,33.0,3980000
2014-09-24,33.5,34.0,33.0,33.5,5344500
2014-09-25,33.5,33.8,32.9,33.0,4033000
2014-09-28,33.0,33.0,31.4,31.7,3652000
2014-09-29,31.5,32.4,31.4,31.7,1980000
2014-09-30,31.9,33.0,31.7,32.2,3091500
2014-10-01,32.6,34.1,32.4,33.2,2908500
2014-10-02,33.7,35.0,33.4,34.8,3781500
2014-10-12,35.0,35.4,34.5,35.2,2596500
2014-10-13,35.1,35.3,33.8,34.0,1701500
2014-10-14,34.3,34.3,32.9,33.1,1522500
2014-10-15,33.1,33.8,33.0,33.3,1525000
2014-10-16,33.3,33.4,32.8,32.9,1210000
2014-10-19,32.8,32.9,32.3,32.4,797500
2014-10-20,32.5,32.8,31.5,32.1,688000
2014-10-21,32.3,32.8,32.2,32.4,471500
2014-10-22,32.6,33.5,32.3,32.9,1357500
2014-10-23,32.8,33.6,32.8,33.3,905000
2014-10-26,33.3,34.0,33.2,33.8,1787500
2014-10-27,33.9,35.3,33.9,34.9,4434500
2014-10-28,35.5,36.2,35.4,36.0,4571500
2014-10-29,36.1,36.7,35.6,35.6,2357000
2014-10-30,35.0,36.0,34.7,34.9,1450500
2014-11-02,35.7,35.7,34.5,34.5,732500
2014-11-03,34.4,34.8,33.7,33.8,971000
2014-11-05,33.6,34.1,33.0,33.7,1041000
2014-11-06,34.0,35.3,33.8,34.7,1046500
2014-11-09,34.4,34.4,33.8,33.8,540500
2014-11-10,33.6,34.6,33.6,34.3,1369500
2014-11-11,34.1,35.0,33.9,34.0,719500
2014-11-12,33.5,34.4,33.5,34.2,829000
2014-11-13,34.4,35.1,34.4,34.9,1391500
2014-11-16,35.0,36.2,35.0,35.9,3336500
2014-11-17,36.0,36.1,35.7,35.8,1223500
2014-11-18,36.0,36.4,35.8,36.2,1574500
2014-11-19,36.5,38.6,36.2,37.2,3536000
2014-11-20,37.2,37.9,37.0,37.6,1118500
2014-11-23,37.1,37.4,37.0,37.2,1826000
2014-11-24,36.9,37.1,36.4,36.5,791000
2014-11-25,36.7,37.8,36.7,37.4,1755000
2014-11-26,37.0,37.3,36.6,36.6,559500
2014-11-27,36.5,36.9,36.3,36.8,450500
2014-11-30,36.0,37.0,36.0,36.4,1025500
2014-12-01,36.7,37.2,36.7,37.0,719500
2014-12-02,37.3,37.3,36.6,36.9,675000
2014-12-03,37.0,38.0,36.9,37.8,1990500
2014-12-04,37.6,37.8,37.2,37.3,947500
2014-12-07,37.1,37.1,36.3,36.4,504500
2014-12-08,37.0,37.0,36.2,36.3,886500
2014-12-09,36.5,37.3,36.2,36.9,1495500
2014-12-10,37.0,38.0,37.0,37.2,2261500
2014-12-11,36.4,37.4,36.4,37.2,231697
2014-12-14,36.5,37.5,36.5,37.1,360579
2014-12-15,36.2,37.7,36.2,37.6,1567660
2014-12-17,37.2,37.9,37.1,37.5,1075210
2014-12-18,37.4,37.8,37.4,37.5,746483
2014-12-21,37.5,37.8,37.3,37.5,1014610
2014-12-22,37.3,37.7,37.3,37.5,1403680
2014-12-23,37.4,37.6,37.4,37.5,2289160
2014-12-24,37.6,37.9,37.5,37.7,1036160
2014-12-28,37.4,37.7,36.7,36.9,629255
2014-12-29,36.9,37.3,36.8,37.0,1329950
2014-12-30,37.1,37.4,37.0,37.2,1012240
2015-01-01,37.1,37.3,36.8,37.0,413457
2015-01-05,37.2,37.5,36.9,37.3,449332
2015-01-06,37.2,37.5,37.2,37.4,557038
2015-01-07,38.0,38.0,37.4,37.5,817072
2015-01-08,37.2,37.8,37.2,37.6,621744
2015-01-11,36.1,37.5,36.1,37.3,326682
2015-01-12,37.3,37.6,36.9,37.2,1144230
2015-01-13,37.1,37.5,37.1,37.2,966705
2015-01-14,37.4,37.6,37.2,37.5,1256860
2015-01-15,37.6,37.8,37.3,37.6,686081
2015-01-18,37.5,38.0,37.4,38.0,568611
2015-01-19,37.8,38.6,37.8,38.5,986757
2015-01-20,38.3,39.7,38.3,39.3,1051130
2015-01-21,39.8,39.8,38.7,39.0,1097490
2015-01-22,39.1,39.6,38.9,39.5,1327190
2015-01-25,39.5,39.5,38.9,39.3,573192
2015-01-26,39.8,40.5,39.1,40.1,2422860
2015-01-27,40.0,40.5,39.3,40.0,681520
2015-01-28,39.4,40.2,39.4,39.8,582549
2015-01-29,40.1,40.1,39.1,39.5,921002
2015-02-01,39.7,39.7,38.6,38.9,577277
2015-02-02,38.8,38.8,38.1,38.7,785383
2015-02-03,37.9,38.6,37.9,38.4,637161
2015-02-04,38.5,38.8,38.4,38.7,379982
2015-02-05,38.6,38.8,38.0,38.6,930566
2015-02-08,38.7,38.7,38.3,38.4,419182
2015-02-09,38.5,38.5,38.1,38.3,687687
2015-02-10,38.0,38.4,38.0,38.2,819552
2015-02-11,38.4,38.8,37.9,38.6,1192060
2015-02-12,38.9,39.1,38.4,38.7,925074
2015-02-15,39.1,39.2,38.6,39.0,667183
2015-02-16,38.7,38.9,38.6,38.7,340935
2015-02-17,38.5,39.0,38.4,38.7,874847
2015-02-18,39.0,39.5,38.7,38.9,818986
2015-02-19,38.8,39.2,38.6,38.8,703975
2015-02-22,38.8,39.2,38.8,39.0,523408
2015-02-23,39.3,39.3,39.0,39.0,622675
2015-02-24,39.0,39.1,38.4,38.8,2189680
2015-02-25,38.8,39.0,38.5,38.7,992100
2015-02-26,38.6,38.8,38.5,38.6,492602
2015-03-01,38.8,38.8,37.9,38.1,542642
2015-03-02,38.2,38.4,37.9,38.0,1580970
2015-03-03,38.3,38.3,36.9,37.0,825004
2015-03-04,36.8,37.0,35.6,36.0,191684
2015-03-05,36.0,36.0,35.0,35.3,425833
2015-03-08,35.2,35.3,33.0,34.7,468245
2015-03-09,34.5,34.8,33.6,34.1,742444
2015-03-10,34.0,34.3,33.9,34.1,378341
2015-03-11,34.2,34.2,33.7,33.8,791372
2015-03-12,33.6,33.6,33.0,33.1,1181330
2015-03-15,33.2,33.9,33.2,33.4,133096
2015-03-16,33.1,33.9,33.0,33.2,246979
2015-03-18,33.0,35.0,32.0,34.3,486738
2015-03-19,34.0,34.6,34.0,34.4,199471
2015-03-22,28.75,29.0,28.25,28.75,717246
2015-03-23,34.8,36.6,34.6,36.2,766536
2015-03-24,35.1,37.3,35.1,36.1,2111020
2015-03-25,35.6,36.2,35.6,36.0,435370
2015-03-29,36.1,36.4,35.0,35.1,544524
2015-03-31,32.5,35.1,32.5,34.3,1156930
2015-04-01,34.9,35.3,34.0,35.0,595298
2015-04-02,35.2,35.6,34.8,35.5,542322
2015-04-05,35.8,36.1,35.4,35.6,699891
2015-04-06,35.6,35.9,35.1,35.3,580495
2015-04-07,35.3,35.6,35.2,35.5,343441
2015-04-08,35.4,35.9,35.4,35.8,521830
2015-04-09,35.7,36.2,35.5,36.0,527313
2015-04-12,36.3,36.3,35.8,36.0,165193
2015-04-13,35.6,36.0,35.6,35.9,426541
2015-04-15,35.7,36.1,35.5,35.8,235594
2015-04-16,35.0,36.0,35.0,35.5,315301
2015-04-19,35.0,35.4,34.6,34.8,135412
2015-04-20,34.7,34.7,34.4,34.5,164661
2015-04-21,34.3,35.9,34.3,34.9,828856
2015-04-22,34.3,34.6,34.2,34.4,353304
2015-04-23,34.4,34.9,32.5,33.6,506090
2015-04-26,32.7,33.5,32.7,33.3,146375
2015-04-27,34.0,34.0,32.8,33.2,2120160
2015-04-29,33.0,33.5,32.5,32.9,1864400
2015-04-30,32.7,33.1,31.5,33.0,1371250
2015-05-04,34.4,34.4,31.5,32.1,1225610
2015-05-05,32.0,33.3,32.0,32.8,143810
2015-05-06,32.8,33.0,32.3,32.7,138028
2015-05-07,32.1,32.8,32.1,32.7,619266
2015-05-10,33.9,33.9,32.8,33.5,79811
2015-05-11,31.5,34.0,31.5,33.5,1231190
2015-05-12,33.6,34.6,33.0,33.8,114091
2015-05-13,33.8,33.8,32.5,32.9,151473
2015-05-14,33.5,33.5,31.6,32.0,713597
2015-05-17,33.7,33.7,31.5,32.3,97940
2015-05-18,32.3,33.2,32.0,32.8,135864
2015-05-19,33.7,33.7,32.7,33.5,389332
2015-05-20,31.5,33.6,31.5,33.5,204685
2015-05-21,33.5,34.4,33.3,34.3,567786
2015-05-24,34.1,34.3,33.5,34.2,88111
2015-05-25,34.1,34.8,34.0,34.5,495852
2015-05-26,34.6,35.3,34.5,35.1,701578
2015-05-27,34.5,35.2,34.5,35.1,167809
2015-05-28,35.0,35.5,35.0,35.0,680723
2015-05-31,34.9,35.6,34.7,34.9,188608
2015-06-01,33.3,35.5,33.3,35.2,273933
2015-06-02,35.1,35.3,35.0,35.1,331597
2015-06-04,35.1,36.2,35.1,36.1,483902
2015-06-07,36.0,36.0,34.8,35.0,106919
2015-06-08,35.0,36.3,35.0,36.1,2679320
2015-06-09,36.1,36.7,36.1,36.4,1526710
2015-06-10,36.5,37.4,36.4,37.2,1517130
2015-06-11,37.1,38.2,37.1,37.1,626519
2015-06-14,36.5,36.9,36.5,36.6,54375
2015-06-15,37.1,37.3,37.1,37.1,136544
2015-06-16,37.5,37.5,37.0,37.1,1607900
2015-06-17,37.5,37.7,37.1,37.3,584412
2015-06-18,37.2,37.6,37.2,37.4,167971
2015-06-21,36.5,37.3,36.5,37.0,76922
2015-06-22,37.2,37.3,37.2,37.2,363990
2015-06-23,37.5,37.8,37.2,37.4,147257
2015-06-24,37.6,38.2,37.5,38.1,300731
2015-06-25,38.5,39.8,38.4,39.4,1445770
2015-06-28,38.6,39.2,38.6,38.9,176624
2015-06-29,39.3,39.7,39.3,39.4,1416270
2015-06-30,39.4,39.7,39.0,39.3,888608
2015-07-02,38.7,39.1,38.3,38.7,401539
2015-07-05,38.2,38.3,37.0,37.9,238810
2015-07-06,37.5,38.5,37.4,38.0,275951
2015-07-07,37.7,38.5,37.7,38.3,130789
2015-07-08,38.7,39.0,38.1,38.7,154666
2015-07-09,39.0,39.0,38.4,38.5,288469
2015-07-12,38.5,38.7,38.5,38.7,112489
2015-07-13,38.9,39.3,38.9,39.0,358250
2015-07-14,39.5,40.1,39.4,39.9,1099200
2015-07-21,40.9,41.5,39.2,41.2,631974
2015-07-22,41.5,41.5,40.3,41.1,556558
2015-07-23,40.7,41.0,40.4,40.4,198718
2015-07-26,40.9,40.9,40.2,40.5,277026
2015-07-27,39.8,40.5,39.8,40.2,218127
2015-07-28,40.2,40.3,39.6,40.2,299877
2015-07-29,39.4,40.6,39.4,40.5,236982
2015-07-30,39.9,40.3,38.3,40.2,228691
2015-08-02,39.3,40.2,39.0,40.1,329491
2015-08-03,40.0,40.2,39.8,40.0,1127610
2015-08-04,39.8,40.2,39.3,39.8,983092
2015-08-05,38.6,40.0,38.4,38.9,575055
2015-08-06,39.8,40.0,38.8,39.1,503851
2015-08-09,38.9,39.0,38.1,38.8,478142
2015-08-10,37.7,38.7,37.7,38.5,249342
2015-08-11,37.6,38.5,37.6,38.2,148562
2015-08-12,37.9,39.0,37.5,38.2,727997
2015-08-13,38.0,38.5,37.8,38.1,314990
2015-08-16,37.7,38.1,37.6,37.9,151064
2015-08-17,38.0,38.4,38.0,38.0,438937
2015-08-18,38.0,39.2,38.0,38.9,226594
2015-08-19,38.1,38.9,38.1,38.5,155057
2015-08-20,38.4,39.0,38.4,38.9,120843
2015-08-23,38.0,38.9,38.0,38.5,412867
2015-08-24,38.0,38.5,38.0,38.1,614757
2015-08-25,37.2,38.5,37.2,38.3,560113
2015-08-26,38.0,38.5,37.6,38.2,54209
2015-08-27,38.1,39.1,38.0,39.0,209010
2015-08-30,39.1,39.3,38.7,39.2,470102
2015-08-31,39.0,39.3,38.6,39.1,356532
2015-09-01,38.4,38.8,38.4,38.5,326571
2015-09-02,37.7,38.8,37.6,38.7,85963
2015-09-03,37.8,39.2,37.8,39.0,392675
2015-09-06,39.5,39.5,38.1,39.1,172062
2015-09-07,38.5,39.4,38.5,39.0,326118
2015-09-08,38.2,40.0,38.2,39.8,339598
2015-09-09,39.8,39.8,39.0,39.2,73271
2015-09-10,40.0,40.3,38.7,38.7,371910
2015-09-13,38.1,39.1,38.1,38.9,57914
2015-09-14,38.2,38.8,37.8,38.5,222478
2015-09-15,38.6,39.4,38.6,39.2,326545
2015-09-16,40.2,40.8,38.8,39.1,398401
2015-09-17,38.4,39.4,38.2,39.0,69533
2015-09-20,38.2,39.7,38.2,39.0,36924
2015-09-21,39.7,39.7,38.9,39.0,49037
2015-09-22,40.5,40.7,39.1,39.3,167217
2015-09-28,38.2,40.2,38.2,40.1,446168
2015-09-29,39.2,41.0,39.2,40.6,842846
2015-09-30,39.4,41.6,39.4,41.2,1135860
2015-10-01,40.4,42.2,40.4,41.9,1425730
2015-10-04,41.9,44.0,41.6,42.5,613229
2015-10-05,42.6,44.6,41.4,44.4,3662690
2015-10-06,43.1,46.7,43.1,46.4,2367960
2015-10-07,43.8,46.4,43.8,46.0,2305230
2015-10-08,45.3,47.9,45.2,47.2,1331370
2015-10-11,47.3,47.4,45.6,47.2,707826
2015-10-12,47.9,50.6,47.6,50.3,3127580
2015-10-13,50.9,52.4,49.6,50.4,3064820
2015-10-14,50.2,50.8,49.2,49.5,1713310
2015-10-15,49.7,49.7,46.8,47.3,1644950
2015-10-18,48.9,49.9,47.5,49.3,723086
2015-10-19,49.8,49.8,48.5,49.0,1039110
2015-10-20,48.7,49.4,47.6,48.2,742858
2015-10-21,48.0,48.1,46.9,47.0,1213220
2015-10-25,47.5,47.5,46.1,46.2,502911
2015-10-26,46.2,47.0,44.9,45.2,859999
2015-10-27,45.6,45.9,44.6,44.9,971163
2015-10-28,44.9,45.1,43.6,44.7,688421
2015-10-29,45.0,46.7,44.2,46.4,275265
2015-11-01,46.0,46.7,45.7,46.2,334106
2015-11-02,47.8,47.8,45.6,46.1,351564
2015-11-03,47.0,47.0,44.5,45.0,383104
2015-11-04,45.9,46.8,45.0,46.6,363613
2015-11-05,46.5,47.4,46.0,47.1,414771
2015-11-08,47.6,47.7,46.3,46.7,437874
2015-11-09,46.6,47.1,46.4,46.6,392812
2015-11-10,45.9,47.7,45.1,47.0,429891
2015-11-11,47.8,47.8,46.6,47.0,188622
2015-11-12,47.2,48.2,46.5,47.8,695845
2015-11-15,49.0,49.2,47.3,48.9,488339
2015-11-16,49.4,49.4,48.2,48.5,392153
2015-11-17,49.4,49.8,48.2,48.4,408464
2015-11-18,48.9,49.5,48.5,49.0,760272
2015-11-19,49.8,49.8,49.0,49.3,325394
2015-11-22,49.0,49.5,48.8,49.0,372459
2015-11-23,48.9,49.5,48.6,49.1,713907
2015-11-24,48.6,49.1,48.4,48.8,345256
2015-11-25,49.0,49.1,48.6,48.8,240900
2015-11-26,48.8,49.0,48.4,48.8,207949
2015-11-29,48.7,48.9,48.0,48.5,342495
2015-11-30,47.1,48.9,46.4,48.1,620191
2015-12-01,48.6,49.2,48.0,48.5,161575
2015-12-02,48.8,49.0,47.7,47.9,197442
2015-12-03,48.0,48.4,47.5,47.6,164748
2015-12-06,47.6,48.0,47.2,47.5,121789
2015-12-07,47.5,47.9,47.4,47.6,253680
2015-12-08,47.5,47.6,46.8,46.9,547706
2015-12-09,46.5,46.9,46.0,46.1,152185
2015-12-10,45.2,46.2,45.2,45.5,277542
2015-12-13,45.7,45.9,45.1,45.1,110123
2015-12-14,44.5,45.4,44.5,45.2,1407820
2015-12-15,46.0,46.6,45.3,45.7,250896
2015-12-17,45.8,48.0,45.8,47.5,381089
2015-12-20,47.7,47.8,47.2,47.4,371364
2015-12-21,47.8,48.9,47.7,48.0,1156150
2015-12-22,48.0,49.0,48.0,48.0,617180
2015-12-23,48.8,48.8,47.5,47.7,648153
2015-12-24,47.7,47.9,47.4,47.7,94259
2015-12-27,48.7,49.3,47.6,47.9,67631
2015-12-28,47.6,48.5,47.6,48.2,111207
2015-12-29,47.2,48.6,46.7,48.4,257052
2015-12-30,47.5,48.9,47.5,48.7,193921
2015-12-31,48.9,50.4,48.5,48.7,163455
2016-01-03,49.8,49.8,48.5,48.5,134072
2016-01-04,48.5,48.5,47.5,48.0,264322
2016-01-05,47.5,48.5,47.5,48.1,175746
2016-01-06,48.0,48.4,47.1,47.3,216460
2016-01-07,47.2,47.7,47.1,47.5,504788
2016-01-10,47.0,47.9,47.0,47.4,118824
2016-01-11,47.9,48.5,47.5,47.6,104605
2016-01-12,47.5,47.9,47.4,47.6,93505
2016-01-13,47.2,47.7,47.0,47.5,444137
2016-01-14,47.5,47.7,46.4,46.8,235803
2016-01-17,46.4,46.5,46.0,46.1,130593
2016-01-18,46.2,47.0,46.0,46.5,132595
2016-01-19,48.0,48.4,46.5,46.5,90519
2016-01-20,46.5,46.5,45.5,46.1,272424
2016-01-21,46.2,47.9,46.2,47.2,217350
2016-01-24,47.3,47.5,46.6,47.4,105316
2016-01-25,47.8,48.7,47.0,47.3,286991
2016-01-26,47.5,47.7,47.3,47.3,301253
2016-01-27,47.2,47.7,46.3,47.3,263333
2016-01-28,47.3,47.6,47.0,47.3,981909
2016-01-31,46.8,48.1,46.8,47.5,531246
2016-02-01,48.0,48.0,46.6,47.5,545201
2016-02-02,47.0,47.5,46.9,47.0,968291
2016-02-03,47.0,47.1,46.7,46.9,169288
2016-02-04,46.9,47.0,46.8,46.9,170848
2016-02-07,47.8,47.8,46.6,46.7,83536
2016-02-08,46.2,47.3,45.7,45.8,332622
2016-02-09,45.6,46.0,45.4,45.8,245105
2016-02-10,45.5,45.7,45.4,45.7,224383
2016-02-11,45.3,45.8,45.3,45.6,311892
2016-02-14,45.3,46.0,45.3,45.5,42683
2016-02-15,46.0,46.0,45.0,45.0,591141
2016-02-16,45.8,46.0,44.5,44.8,333095
2016-02-17,43.7,44.8,43.7,44.5,107412
2016-02-18,44.4,44.4,43.9,44.1,452041
2016-02-22,44.0,44.0,42.7,43.7,249600
2016-02-23,44.2,44.3,43.5,43.6,38955
2016-02-24,43.7,44.2,43.0,43.3,220961
2016-02-25,43.3,43.3,42.5,43.0,251793
2016-02-28,42.7,43.0,42.2,42.6,78560
2016-02-29,42.5,43.9,42.1,43.1,139763
2016-03-01,43.1,47.0,43.1,45.2,359388
2016-03-02,44.1,44.3,41.0,42.6,3036890
2016-03-03,44.9,44.9,43.6,44.5,348208
2016-03-06,43.5,43.6,42.6,43.0,472179
2016-03-07,43.2,44.1,43.0,43.9,402294
2016-03-08,43.7,45.7,43.7,45.3,410642
2016-03-09,44.7,45.4,44.0,44.3,155090
2016-03-10,44.5,45.2,44.2,44.9,385914
2016-03-13,44.8,44.8,43.5,43.8,81698
2016-03-14,43.5,44.7,43.5,43.9,106369
2016-03-15,43.7,43.9,43.5,43.5,232611
2016-03-16,43.6,44.4,43.5,43.6,42056
2016-03-20,43.2,44.6,43.0,44.2,107594
2016-03-21,44.0,45.4,44.0,44.0,365787
2016-03-22,43.8,44.4,43.8,43.9,23527
2016-03-23,43.4,44.0,43.4,43.8,45410
2016-03-24,43.3,44.0,43.3,43.8,77252
2016-03-27,43.4,43.4,42.9,43.0,44789
2016-03-28,43.7,43.8,42.8,43.0,104465
2016-03-29,42.7,43.3,42.7,43.1,38313
2016-03-30,43.2,44.3,43.2,44.2,179550
2016-03-31,44.2,45.4,44.0,44.7,186593
2016-04-03,44.4,44.4,43.7,43.8,122147
2016-04-04,43.8,44.0,43.7,44.0,45306
2016-04-05,43.8,44.2,43.8,44.0,109899
2016-04-06,43.8,43.9,43.7,43.8,35682
2016-04-07,44.0,44.0,43.7,44.0,98619
2016-04-10,43.7,43.8,43.2,43.7,70150
2016-04-11,43.5,43.6,42.7,43.0,86869
2016-04-12,42.3,43.2,42.3,42.7,88146
2016-04-13,42.9,43.4,42.5,43.0,205332
2016-04-17,42.0,43.0,42.0,42.9,49491
2016-04-18,42.3,43.8,42.1,43.6,115282
2016-04-19,43.4,43.7,42.7,43.6,175447
2016-04-20,42.5,43.7,42.5,43.2,140492
2016-04-21,44.0,44.0,42.3,42.7,152465
2016-04-24,41.9,42.3,41.9,42.1,73908
2016-04-25,42.5,42.7,42.1,42.5,16519
2016-04-26,42.2,42.8,42.1,42.3,177510
2016-04-27,42.1,42.2,41.2,41.4,173966
2016-04-28,41.5,42.4,41.2,41.4,2969950
2016-05-02,41.2,41.8,41.1,41.5,2339930
2016-05-03,41.8,42.4,41.8,42.0,35546
2016-05-04,42.0,43.1,41.7,42.9,102466
2016-05-05,42.4,43.4,42.4,43.3,105763
2016-05-08,43.5,44.2,43.4,44.0,230469
2016-05-09,43.8,45.0,43.6,44.9,281931
2016-05-10,45.0,45.4,44.6,45.1,565307
2016-05-11,44.6,46.0,44.6,45.7,815784
2016-05-15,42.7,45.0,42.7,44.8,391306
2016-05-16,45.8,46.2,45.1,46.0,1151400
2016-05-17,46.3,48.3,46.3,47.3,761441
2016-05-18,47.2,47.7,46.7,47.1,480573
2016-05-19,46.5,47.1,46.1,46.3,431704
2016-05-22,46.8,46.8,45.8,46.0,218028
2016-05-24,46.1,46.3,45.9,46.0,342444
2016-05-25,46.1,46.4,45.8,45.9,297607
2016-05-26,45.8,46.4,45.8,46.0,237550
2016-05-29,46.8,47.0,45.7,46.1,282104
2016-05-30,46.0,46.4,46.0,46.3,101197
2016-05-31,46.2,46.5,46.2,46.4,107859
2016-06-01,45.9,46.5,45.9,46.3,96450
2016-06-02,46.3,46.6,46.3,46.5,80321
2016-06-05,46.7,48.2,46.0,48.0,427052
2016-06-06,48.3,48.3,47.7,47.9,167216
2016-06-07,47.5,50.0,47.5,49.5,1253650
2016-06-08,49.6,52.6,49.5,52.0,1437400
2016-06-09,52.1,52.2,51.3,51.8,451955
2016-06-12,51.6,51.7,50.8,51.0,302087
2016-06-13,51.2,53.0,50.8,52.2,598207
2016-06-14,53.0,54.7,53.0,54.5,1331160
2016-06-15,55.0,55.0,53.2,53.5,507411
2016-06-16,53.3,54.9,52.8,54.3,2306990
2016-06-19,54.8,55.3,53.8,54.0,321836
2016-06-20,54.0,54.5,53.3,53.5,347209
2016-06-21,53.5,53.9,53.0,53.5,465303
2016-06-22,53.3,53.6,53.0,53.3,361748
2016-06-23,53.5,54.1,53.3,53.6,298002
2016-06-26,54.0,54.3,53.5,53.6,337715
2016-06-27,53.5,53.9,53.1,53.3,421628
2016-06-28,53.4,53.5,53.1,53.4,283555
2016-06-29,53.3,53.3,52.7,53.0,626068
2016-06-30,53.0,53.3,52.9,53.0,881263
2016-07-10,52.5,53.0,52.0,53.0,382229
2016-07-11,53.0,53.0,52.6,52.9,230837
2016-07-12,52.8,53.0,52.7,53.0,1682570
2016-07-13,52.7,53.6,52.7,53.5,2194650
2016-07-14,53.3,55.6,53.2,55.1,744150
2016-07-16,55.7,55.7,54.9,55.1,516817
2016-07-17,55.0,55.5,54.9,55.2,356370
2016-07-18,55.5,57.5,55.5,57.0,863749
2016-07-19,56.6,57.3,56.0,56.7,522580
2016-07-20,57.0,57.2,56.0,56.8,505599
2016-07-21,57.0,58.6,56.9,57.7,1688950
2016-07-24,57.9,58.2,56.9,57.1,841627
2016-07-25,57.3,57.5,56.2,56.9,1270690
2016-07-26,58.0,58.6,56.9,57.7,1568090
2016-07-27,57.8,59.2,57.2,58.9,1671320
2016-07-28,59.4,62.7,59.3,61.5,2311630
2016-07-31,62.0,64.5,62.0,63.8,2053330
2016-08-01,64.0,64.2,61.7,62.6,1022770
2016-08-02,62.9,63.4,61.2,61.8,1764850
2016-08-03,61.6,64.0,61.4,63.4,1115130
2016-08-04,63.0,64.3,63.0,63.3,1249180
2016-08-07,63.0,63.6,61.9,62.2,578638
2016-08-08,61.8,63.5,61.8,63.2,985230
2016-08-09,63.0,64.3,63.0,63.2,901513
2016-08-10,63.2,63.2,62.5,62.9,737290
2016-08-11,63.0,63.0,62.0,62.2,742489
2016-08-14,62.1,62.4,61.4,62.1,605885
2016-08-16,61.7,61.9,60.7,60.9,1154660
2016-08-17,60.8,61.4,59.7,59.9,1194050
2016-08-18,60.0,60.4,58.7,59.3,1107780
2016-08-21,60.1,61.5,59.7,60.8,753622
2016-08-22,61.0,61.0,59.9,60.1,749260
2016-08-23,60.2,62.3,60.0,60.8,4320630
2016-08-24,61.4,61.5,60.8,61.0,825455
2016-08-28,60.7,61.3,60.0,60.1,750133
2016-08-29,60.4,60.4,58.9,59.7,788268
2016-08-30,59.8,60.0,59.4,59.6,272887
2016-08-31,59.5,61.3,59.5,60.9,977290
2016-09-01,61.3,61.6,60.5,60.7,489261
2016-09-04,60.8,61.4,60.5,60.8,251413
2016-09-05,60.1,61.1,60.1,60.9,533141
2016-09-06,60.8,61.2,60.8,61.0,1189670
2016-09-07,61.5,61.5,61.0,61.2,1224160
2016-09-08,61.6,61.8,61.0,61.4,479097
2016-09-18,61.6,62.4,61.3,62.1,356335
2016-09-19,62.4,62.4,61.3,61.5,430902
2016-09-20,61.9,62.0,61.3,61.7,1090790
2016-09-21,61.7,62.3,61.6,62.1,2115580
2016-09-22,62.0,62.0,60.7,61.0,452595
2016-09-24,61.2,61.8,60.7,60.9,442931
2016-09-25,61.1,61.2,60.5,60.7,310371
2016-09-26,61.2,61.3,59.8,60.2,419860
2016-09-27,59.8,60.6,58.8,59.1,689434
2016-09-28,59.9,60.0,58.3,59.2,581597
2016-09-29,59.9,60.2,59.1,59.9,346199
2016-10-02,60.3,60.5,59.3,59.7,325570
2016-10-03,59.7,60.9,59.5,60.1,462247
2016-10-04,60.3,60.8,59.9,60.3,403843
2016-10-05,60.6,61.4,60.6,61.0,400900
2016-10-06,60.0,62.9,60.0,61.2,1924210
2016-10-09,61.3,62.2,60.5,61.0,352594
2016-10-10,61.1,61.1,60.0,60.1,160303
2016-10-13,60.2,61.4,60.0,61.1,3034540
2016-10-16,61.1,61.5,60.7,60.9,473941
2016-10-17,60.9,61.1,60.1,60.3,365742
2016-10-18,60.3,60.4,59.8,60.0,599490
2016-10-19,60.4,61.0,60.0,60.1,239851
2016-10-20,60.3,60.7,60.1,60.4,244743
2016-10-23,60.2,60.5,59.6,59.9,240747
2016-10-24,60.6,60.6,59.9,60.0,212780
2016-10-25,60.8,61.0,60.0,60.0,537328
2016-10-26,60.5,61.5,60.1,60.7,2377940
2016-10-27,60.5,60.9,60.2,60.4,361318
2016-10-30,60.1,60.5,60.0,60.2,132293
2016-10-31,59.9,60.2,59.8,59.9,233792
2016-11-01,60.0,60.4,60.0,60.3,248074
2016-11-02,60.3,61.2,60.3,61.0,3513950
2016-11-03,61.0,63.5,61.0,63.1,3317000
2016-11-06,63.3,66.7,63.1,66.1,2039380
2016-11-07,66.1,67.0,64.7,65.8,2599190
2016-11-08,66.0,66.4,64.7,65.0,1645640
2016-11-09,64.3,65.9,64.3,65.1,822421
2016-11-10,65.0,66.0,64.9,65.9,913677
2016-11-13,65.9,68.0,65.9,67.3,1004590
2016-11-14,67.5,67.5,65.8,66.0,835194
2016-11-15,66.0,66.7,65.8,66.0,609142
2016-11-16,66.1,66.3,65.7,65.9,512133
2016-11-17,66.0,66.9,65.8,66.0,1268810
2016-11-20,66.0,66.7,65.9,66.3,398112
2016-11-21,66.0,66.0,65.6,65.7,873462
2016-11-22,65.9,65.9,65.1,65.3,613691
2016-11-23,65.3,65.9,65.3,65.7,535363
2016-11-24,65.7,66.0,65.5,65.8,527404
2016-11-27,65.8,65.9,65.4,65.5,415108
2016-11-28,65.5,65.5,64.5,65.0,742843
2016-11-29,64.9,65.1,64.0,64.5,680677
2016-11-30,64.5,65.8,64.5,65.4,968871
2016-12-01,65.5,66.0,65.4,65.6,371723
2016-12-04,65.8,65.8,64.8,65.0,344765
2016-12-05,64.8,65.4,64.8,65.2,498655
2016-12-06,65.2,66.2,65.1,66.0,4430527
2016-12-07,66.3,66.4,65.3,65.5,535423
2016-12-08,65.4,66.1,65.3,65.7,1291572
2016-12-11,65.1,65.7,65.0,65.3,520649
2016-12-12,65.2,65.5,65.1,65.3,603817
2016-12-14,65.2,65.4,65.1,65.3,831876
2016-12-15,65.3,65.3,65.1,65.2,602590
2016-12-18,65.1,65.5,65.1,65.1,190754
2016-12-19,65.1,65.4,64.9,65.2,697179
2016-12-20,65.1,65.1,64.8,64.9,715977
2016-12-21,64.9,65.1,64.8,64.9,1075987
2016-12-22,64.9,64.9,64.1,64.5,603809
2016-12-26,63.9,64.5,63.9,64.3,572591
2016-12-27,64.3,64.8,64.3,64.3,494156
2016-12-28,64.3,64.8,64.0,64.2,1266000
2016-12-29,64.2,64.3,63.9,64.1,1152870
2017-01-01,65.7,65.7,64.0,64.2,361054
2017-01-02,65.0,65.0,63.8,63.9,791327
2017-01-03,64.7,64.7,63.9,64.1,1941469
2017-01-04,64.0,65.3,64.0,64.8,183219
2017-01-05,64.9,65.7,64.2,65.3,328810
2017-01-08,64.5,65.3,64.3,65.1,212694
2017-01-09,64.5,65.3,64.2,64.8,322348
2017-01-10,64.6,65.0,63.8,64.2,1247000
2017-01-11,65.0,65.6,64.4,65.5,484986
2017-01-12,65.2,65.9,65.2,65.7,741692
2017-01-15,65.7,65.7,64.5,64.7,536207
2017-01-16,64.9,65.5,64.4,64.9,1261887
2017-01-17,64.9,65.6,64.9,65.4,928443
2017-01-18,65.1,65.3,64.6,64.8,2086723
2017-01-19,64.5,64.9,64.4,64.7,301076
2017-01-22,65.0,67.5,65.0,65.2,315841
2017-01-23,65.7,67.0,65.6,66.3,927877
2017-01-24,66.5,72.0,65.9,69.9,1751877
2017-01-25,69.6,72.0,68.3,69.0,1644143
2017-01-26,68.9,68.9,67.0,67.2,532167
2017-01-29,67.0,68.0,65.3,65.9,362619
2017-01-30,66.0,67.2,66.0,67.0,610813
2017-01-31,66.2,69.2,66.2,67.7,2113123
2017-02-01,67.4,68.7,67.4,68.4,1195888
2017-02-02,68.2,68.4,67.6,67.6,507352
2017-02-05,67.2,67.9,66.7,67.6,698377
2017-02-06,66.9,68.0,66.9,67.5,249199
2017-02-07,67.0,67.9,67.0,67.1,667888
2017-02-08,67.3,67.7,67.0,67.2,664883
2017-02-09,67.1,67.3,67.0,67.2,311617
2017-02-12,67.3,67.8,66.1,66.4,405847
2017-02-13,66.8,67.5,66.1,66.9,402150
2017-02-14,66.9,67.2,66.6,66.7,644565
2017-02-15,66.5,67.3,66.5,66.9,612457
2017-02-16,66.5,67.5,66.4,67.3,232947
2017-02-19,67.0,67.8,66.2,66.3,277383
2017-02-20,66.3,66.9,66.3,66.5,195070
2017-02-22,66.7,67.0,66.4,66.6,575733
2017-02-23,67.0,67.3,66.3,66.6,156467
2017-02-26,66.6,67.5,66.1,66.7,323455
2017-02-27,66.2,67.3,66.2,66.9,760327
2017-02-28,67.0,67.5,66.6,67.0,191221
2017-03-01,66.8,67.5,66.7,67.2,480975
2017-03-02,66.7,69.5,66.7,68.6,543732
2017-03-05,69.0,69.3,67.8,68.1,266329
2017-03-06,68.6,68.9,67.5,68.3,2374902
2017-03-07,68.4,69.7,68.0,69.2,4152713
2017-03-08,69.5,70.5,69.2,70.0,1247250
2017-03-09,70.1,71.2,70.1,70.5,867156
2017-03-12,70.5,74.8,70.5,73.7,1331353
2017-03-13,73.8,74.9,73.2,73.4,789506
2017-03-14,73.8,75.0,73.1,73.9,1252252
2017-03-15,74.9,74.9,72.0,73.3,375278
2017-03-16,73.1,78.9,73.1,75.8,2504522
2017-03-19,76.5,77.9,76.5,77.4,1116946
2017-03-20,78.7,78.7,75.8,76.6,1826974
2017-03-21,77.9,80.5,77.8,80.2,3610168
2017-03-22,80.5,81.9,80.5,81.7,1185760
2017-03-23,82.0,82.4,80.1,80.9,1437056
2017-03-27,81.4,82.6,80.5,81.0,1236569
2017-03-28,81.1,89.0,81.1,87.4,2539951
2017-03-29,87.9,90.2,84.9,85.6,1843485
2017-03-30,86.7,88.8,85.6,86.7,1344026
2017-04-02,87.0,88.0,86.1,87.6,707916
2017-04-03,88.0,91.9,86.6,90.3,1410447
2017-04-04,91.0,97.5,91.0,95.5,3339225
2017-04-05,96.0,96.9,92.6,93.5,4140467
2017-04-06,93.9,94.2,91.6,92.4,2162857
2017-04-09,93.0,95.2,93.0,94.0,3159784
2017-04-11,80.0,81.0,75.5,76.2,4531170
2017-04-12,76.0,76.3,74.4,75.0,2787435
2017-04-13,75.0,76.4,74.5,75.0,1522547
2017-04-16,74.6,74.6,71.5,71.8,1588447
2017-04-17,72.9,73.7,70.4,71.6,2969665
2017-04-18,71.7,72.7,70.7,71.2,632468
2017-04-19,71.6,71.8,70.4,71.0,741842
2017-04-20,71.7,74.2,71.3,73.4,767697
2017-04-23,73.5,74.7,73.0,73.4,816569
2017-04-24,73.7,74.0,71.7,72.9,477558
2017-04-25,73.5,74.0,72.5,72.8,957838
2017-04-26,72.7,73.7,72.1,72.9,616093
2017-04-27,73.2,73.7,72.5,73.2,586577
2017-04-30,73.1,73.4,72.4,72.8,831225
2017-05-02,72.5,76.0,72.5,75.6,1457547
2017-05-03,75.7,79.3,75.7,78.6,2085254
2017-05-04,78.7,80.3,78.7,79.6,2119523
2017-05-07,79.0,80.1,78.5,79.0,753596
2017-05-08,79.3,82.2,79.2,80.9,1722738
2017-05-09,81.8,81.9,76.5,77.3,2573048
2017-05-11,77.4,77.4,75.0,75.6,872203
2017-05-14,75.8,75.8,74.1,74.7,465226
2017-05-15,74.8,74.8,72.9,73.6,696137
2017-05-16,73.1,76.9,73.1,74.0,2408142
2017-05-17,74.2,74.8,73.8,74.1,1209385
2017-05-18,74.0,74.8,73.9,74.5,1657635
2017-05-21,74.0,74.3,73.4,73.7,422478
2017-05-22,73.6,74.1,73.2,73.8,744818
2017-05-23,74.0,75.4,73.6,74.3,1223519
2017-05-24,74.6,74.9,73.5,74.0,735698
2017-05-25,73.9,76.0,73.9,75.2,1688374
2017-05-28,75.0,75.8,74.3,74.5,221388
2017-05-29,74.5,75.0,74.5,74.6,447766
2017-05-30,74.5,75.0,74.5,74.7,354372
2017-05-31,75.0,78.5,74.5,77.6,3254636
2017-06-01,77.8,80.7,77.8,79.2,3876496
2017-06-04,79.3,79.3,76.7,78.7,855276
2017-06-05,78.8,79.9,78.3,79.1,3545439
2017-06-06,79.2,79.8,78.6,78.9,3439059
2017-06-07,79.3,79.4,77.2,78.1,783452
2017-06-08,78.9,79.2,77.0,77.3,1301767
2017-06-11,77.0,77.7,76.5,76.8,534704
2017-06-12,76.1,76.9,75.7,75.8,1290538
2017-06-13,76.0,76.2,75.7,75.8,437581
2017-06-14,76.0,76.5,75.5,75.7,1079599
2017-06-15,75.7,76.9,75.4,76.5,566346
2017-06-18,76.5,77.5,75.9,77.0,528852
2017-06-19,76.3,77.5,76.3,77.0,808725
2017-06-20,76.6,79.2,76.6,78.9,1550768
2017-06-21,78.4,79.8,78.0,78.9,1298857
2017-06-22,79.0,79.7,78.5,79.4,1933657
2017-06-28,80.0,81.7,80.0,81.1,1415695
2017-06-29,81.0,81.3,80.3,80.7,1485982
2017-07-02,80.9,80.9,78.0,79.6,594879
2017-07-03,79.8,86.5,79.8,84.7,3146516
2017-07-04,85.6,87.4,84.1,86.7,1647054
2017-07-05,87.5,88.4,86.0,86.8,2692932
2017-07-06,86.2,86.9,85.5,86.3,1220101
2017-07-09,86.0,86.9,85.1,85.5,786970
2017-07-10,84.3,86.0,84.3,85.6,1600168
2017-07-11,85.4,86.2,84.7,85.6,1405624
2017-07-12,86.9,87.0,84.7,85.0,1044933
2017-07-13,85.9,86.7,85.0,85.3,456438
2017-07-16,85.2,87.1,85.2,86.1,419724
2017-07-17,85.4,88.2,85.4,87.0,1200273
2017-07-18,86.5,93.3,86.5,91.9,1277585
2017-07-19,92.5,93.0,89.5,90.3,1683291
2017-07-20,91.8,91.8,89.5,90.6,1223883
2017-07-23,90.9,91.5,90.2,90.5,152502
2017-07-24,90.6,92.9,90.6,91.5,1064400
2017-07-25,91.5,91.8,90.7,91.0,677795
2017-07-26,91.4,91.4,87.0,89.0,2745149
2017-07-27,90.8,90.8,87.5,87.8,1143320
2017-07-30,87.7,89.6,86.5,88.8,1132451
2017-07-31,88.8,88.8,87.1,87.8,2340619
2017-08-01,87.8,87.9,86.5,86.8,1019814
2017-08-02,87.0,88.8,85.8,86.3,1365899
2017-08-03,86.5,86.5,85.3,85.5,969918
2017-08-06,87.8,87.8,86.1,87.2,625118
2017-08-07,87.2,87.2,84.1,85.0,2190477
2017-08-08,85.2,85.2,83.8,84.0,1581299
2017-08-09,84.0,86.0,84.0,85.0,446130
2017-08-10,85.4,85.4,83.5,83.7,846820
2017-08-13,83.5,85.5,80.8,84.1,622225
2017-08-16,84.4,84.4,82.5,82.9,1500950
2017-08-17,83.0,84.2,82.5,82.7,732183
2017-08-20,82.8,83.3,81.3,81.5,360229
2017-08-21,81.3,83.2,81.0,82.4,305606
2017-08-22,82.6,84.4,82.6,83.6,576282
2017-08-23,84.3,85.2,84.0,84.6,661437
2017-08-24,84.8,85.7,84.6,85.4,643362
2017-08-27,85.3,85.7,84.2,84.7,246511
2017-08-28,84.3,85.2,83.5,84.6,340942
2017-08-29,85.4,85.4,84.0,84.0,529558
2017-08-30,83.6,84.5,83.6,84.0,197963
2017-08-31,85.0,86.0,84.0,85.8,540186
2017-09-04,86.3,87.3,85.5,86.9,655208
2017-09-05,87.0,87.7,86.8,86.9,934706
2017-09-06,86.9,87.9,86.5,87.0,1222997
2017-09-07,85.9,87.2,85.6,86.7,615558
2017-09-10,85.3,86.7,84.9,85.2,351499
2017-09-11,85.5,86.1,85.2,86.0,761850
2017-09-12,86.2,86.2,85.8,86.0,491732
2017-09-13,86.0,87.5,85.7,87.0,836921
2017-09-14,87.2,88.0,86.0,87.4,1047029
2017-09-17,87.9,87.9,85.5,86.3,328649
2017-09-18,86.0,86.8,85.1,85.7,619554
2017-09-19,85.8,85.8,84.1,85.1,548255
2017-09-20,84.8,85.0,83.5,83.8,429774
2017-09-21,84.8,85.5,83.6,84.7,240705
2017-09-24,85.5,85.5,84.5,85.0,277588
2017-09-25,85.0,85.0,83.6,84.7,436292
2017-09-26,84.3,85.0,83.9,84.2,435314
2017-09-27,83.4,86.4,83.4,85.4,575504
2017-09-28,85.5,86.8,85.5,85.9,583070
2017-10-02,85.9,87.2,85.7,86.8,479563
2017-10-03,87.0,88.2,86.5,88.0,1597207
2017-10-04,88.5,89.5,87.5,88.1,1298581
2017-10-05,88.0,89.0,87.3,87.5,900696
2017-10-08,87.6,88.6,87.6,88.0,746624
2017-10-09,87.4,87.9,86.8,87.1,984163
2017-10-10,88.0,95.8,87.5,95.6,4855183
2017-10-11,96.0,104.0,96.0,99.3,5273090
2017-10-12,98.0,101.0,97.3,99.4,3839299
2017-10-15,100.0,105.0,99.4,104.1,2263992
2017-10-16,105.0,105.5,101.6,102.4,1677351
2017-10-17,102.6,103.0,98.4,98.9,2585571
2017-10-18,99.0,99.1,96.8,97.8,1552009
2017-10-19,97.7,99.6,97.0,97.9,1603393
2017-10-22,98.7,99.1,96.0,96.9,1090497
2017-10-23,96.9,96.9,95.6,96.4,1139661
2017-10-24,96.0,102.0,96.0,99.7,5004295
2017-10-25,101.0,103.0,99.2,99.8,2640493
2017-10-26,101.4,104.4,101.0,103.9,2768002
2017-10-29,103.9,107.0,102.7,103.2,2604751
2017-10-30,103.0,103.6,99.5,100.9,1092361
2017-10-31,101.4,101.6,99.9,100.6,1441155
2017-11-01,100.8,102.5,100.5,102.0,2819816
2017-11-02,102.0,103.3,101.2,101.7,1425834
2017-11-05,101.0,103.3,100.5,102.8,1008028
2017-11-06,102.8,106.8,102.8,106.4,3118063
2017-11-07,106.0,107.0,104.3,105.3,1271666
2017-11-08,105.9,106.3,105.0,105.7,1298351
2017-11-09,106.1,107.9,105.1,107.0,2426122
2017-11-12,107.0,111.4,107.0,110.7,3279153
2017-11-13,110.7,111.0,108.2,109.8,1967515
2017-11-14,110.0,114.4,109.5,112.2,2876987
2017-11-15,112.4,114.0,107.0,107.7,2987956
2017-11-16,107.7,109.2,104.9,108.1,5032535
2017-11-19,109.1,111.0,108.5,110.0,1366975
2017-11-20,110.5,110.5,106.5,106.8,3089881
2017-11-21,106.8,108.4,105.2,105.6,2044302
2017-11-22,106.0,106.5,103.8,105.5,1292544
2017-11-23,105.5,106.7,104.1,105.5,937998
2017-11-26,105.5,106.7,105.3,105.5,440570
2017-11-27,105.8,105.8,103.2,103.3,945716
2017-11-28,103.4,104.4,102.7,103.4,609286
2017-11-29,103.4,106.6,103.0,105.8,840670
2017-11-30,106.2,110.4,106.1,109.8,4179180
2017-12-03,110.8,111.5,109.0,110.3,2671371
2017-12-04,110.3,110.3,107.1,108.1,2041747
2017-12-05,108.7,109.4,107.8,109.0,1408684
2017-12-06,109.8,110.0,107.0,108.0,515361
2017-12-07,108.8,108.8,105.5,106.2,685881
2017-12-10,106.3,106.5,104.4,105.7,299336
2017-12-11,105.4,106.5,104.3,105.4,1127319
2017-12-12,105.5,109.0,105.5,108.5,1062063
2017-12-13,109.0,109.4,106.3,106.8,528552
2017-12-14,106.5,107.3,105.3,106.1,539490
2017-12-17,106.3,106.3,105.5,105.9,305570
2017-12-18,107.4,107.9,106.0,107.5,660928
2017-12-19,107.8,108.2,106.0,106.5,1021237
2017-12-20,106.6,106.6,105.5,106.1,864077
2017-12-21,105.9,106.2,105.6,106.0,1015944
2017-12-24,106.4,106.8,105.7,106.3,810350
2017-12-26,106.1,107.9,106.1,107.0,837714
2017-12-27,106.5,108.4,106.5,108.0,800487
2017-12-28,108.1,109.0,107.8,108.4,717846
2018-01-01,108.9,109.0,106.5,106.8,211418
2018-01-02,107.0,107.2,106.8,106.8,48381
2018-01-03,106.8,107.5,106.4,106.9,847801
2018-01-04,106.9,107.2,105.7,106.7,423441
2018-01-07,106.2,106.2,104.4,104.9,751060
2018-01-08,104.8,105.0,100.0,103.1,1465309
2018-01-09,103.2,105.3,101.5,104.2,1195841
2018-01-10,105.0,105.4,103.1,103.5,364745
2018-01-11,103.3,105.0,102.7,104.6,382954
2018-01-14,104.2,104.2,101.9,102.7,270336
2018-01-15,102.1,103.0,101.2,101.7,617237
2018-01-16,101.6,103.8,100.4,103.4,256462
2018-01-17,102.7,104.4,101.5,101.7,276131
2018-01-18,101.9,102.3,100.2,100.6,318373
2018-01-21,103.0,103.0,100.0,100.5,353940
2018-01-22,100.8,102.9,100.8,101.8,354154
2018-01-23,102.5,103.1,101.5,102.3,325237
2018-01-24,103.1,103.3,101.8,102.9,587745
2018-01-25,102.6,104.9,102.6,104.1,871320
2018-01-28,103.3,104.4,102.4,102.8,318254
2018-01-29,102.5,102.8,100.5,101.6,902224
2018-01-30,102.0,103.0,100.0,100.3,633133
2018-01-31,100.0,101.2,93.8,96.8,1085236
2018-02-01,96.9,99.0,94.0,94.6,795771
2018-02-04,94.1,94.1,88.1,90.3,841656
2018-02-05,92.5,92.5,84.2,87.6,1710744
2018-02-06,88.9,94.4,88.7,93.0,1068583
2018-02-07,93.0,93.0,90.7,91.3,625442
2018-02-08,92.0,93.3,91.0,92.1,478132
2018-02-11,92.7,94.6,92.7,94.2,700861
2018-02-12,94.6,97.0,94.6,95.9,1240062
2018-02-13,96.5,99.7,95.1,98.5,1711034
2018-02-14,99.0,100.0,98.6,99.3,1626952
2018-02-15,99.5,99.5,97.0,97.2,1369192
2018-02-18,96.7,96.8,91.2,92.4,1191386
2018-02-19,94.5,94.5,92.5,92.8,1281590
2018-02-20,94.0,94.5,91.6,91.9,419803
2018-02-22,92.7,94.8,92.0,93.0,647880
2018-02-25,94.0,94.0,91.5,91.7,241436
2018-02-26,91.3,91.3,88.9,90.1,740552
2018-02-27,91.0,92.3,90.4,91.8,357916
2018-02-28,91.6,93.0,90.0,91.6,890939
2018-03-01,91.1,95.0,91.0,94.8,570886
2018-03-04,95.0,96.8,94.5,95.1,324885
2018-03-05,94.6,94.7,92.2,92.5,401097
2018-03-06,92.5,93.1,92.2,92.9,258306
2018-03-07,92.5,93.7,91.0,91.1,1415164
2018-03-08,91.2,93.5,91.2,93.0,398540
2018-03-11,92.9,92.9,90.3,90.8,111663
2018-03-12,90.6,91.7,90.0,90.4,423214
2018-03-13,90.4,91.6,88.9,89.2,364261
2018-03-14,89.5,90.6,87.9,88.5,695470
2018-03-15,88.3,91.7,87.9,89.4,2146138
2018-03-18,91.0,91.5,89.8,90.1,237818
2018-03-19,90.0,91.9,89.4,91.3,476669
2018-03-20,91.3,91.9,90.0,91.5,606039
2018-03-21,91.5,92.0,89.7,90.8,674027
2018-03-22,91.5,91.6,89.5,90.9,656068
2018-03-25,91.3,92.8,90.5,91.3,708995
2018-03-27,91.3,91.5,89.8,91.2,595709
2018-03-28,91.5,94.0,91.0,92.7,1177486
2018-03-29,93.3,97.5,93.3,97.2,1802224
2018-04-01,97.7,100.3,97.3,99.0,1023625
2018-04-02,99.3,100.0,97.5,98.8,1139324
2018-04-04,92.0,103.5,92.0,100.3,4887212
2018-04-05,102.1,105.0,101.9,103.5,2437176
2018-04-08,104.0,105.5,103.3,103.9,2067615
2018-04-09,104.3,107.1,103.0,106.8,2577887
2018-04-10,107.0,108.4,105.7,106.1,2830132
2018-04-12,84.0,88.9,84.0,87.0,4107947
2018-04-15,87.2,87.5,84.9,85.3,1136166
2018-04-16,85.6,85.6,82.0,83.8,1780386
2018-04-17,84.8,84.8,82.3,82.9,1029712
2018-04-18,83.8,86.7,82.7,85.7,2324345
2018-04-19,86.4,89.4,86.4,87.9,3476400
2018-04-22,88.1,90.6,87.3,89.4,2739169
2018-04-23,89.5,90.3,88.1,88.9,1668839
2018-04-24,89.0,89.5,85.6,86.3,2113343
2018-04-25,87.0,87.2,85.1,85.8,2788347
2018-04-26,86.0,89.2,85.9,87.6,2037983
2018-04-30,90.0,92.0,87.0,87.7,3491508
2018-05-03,87.7,87.7,84.5,85.1,1485456
2018-05-06,86.9,86.9,82.6,83.1,1687744
2018-05-07,83.2,83.5,81.2,81.6,1169368
2018-05-08,81.5,84.0,81.5,82.8,849956
2018-05-09,83.0,83.2,80.0,80.5,1913140
2018-05-10,80.3,80.8,78.0,78.6,1915622
2018-05-13,78.6,80.9,78.6,80.2,1101172
2018-05-14,80.2,81.5,79.7,80.4,1192395
2018-05-15,80.7,81.5,79.9,80.2,540061
2018-05-16,80.0,80.2,76.5,76.9,1299031
2018-05-17,77.9,77.9,73.7,74.0,1660066
2018-05-20,74.0,74.6,72.4,72.6,1210950
2018-05-21,72.3,72.8,71.1,71.9,1755789
2018-05-22,72.0,72.0,69.1,69.5,1670490
2018-05-23,70.0,75.4,70.0,74.7,3939958
2018-05-24,74.7,80.5,74.0,79.6,2004535
2018-05-27,79.0,79.8,77.0,77.8,913328
2018-05-28,77.4,81.6,77.4,79.1,2014518
2018-05-29,78.4,79.0,77.0,77.2,716789
2018-05-30,77.3,78.6,76.7,77.8,560763
2018-05-31,78.2,78.2,74.1,74.5,1135322
2018-06-03,74.7,77.0,74.1,76.0,362736
2018-06-04,76.0,76.9,75.0,75.7,433632
2018-06-05,76.2,76.8,75.8,76.2,375833
2018-06-06,76.6,79.4,76.6,78.7,1391627
2018-06-07,79.4,80.5,78.3,78.8,1753857
2018-06-10,79.0,79.0,77.0,77.3,592793
2018-06-11,77.4,78.1,76.0,77.3,735869
2018-06-12,77.3,77.6,76.4,77.1,349717
2018-06-18,77.1,77.1,73.0,73.3,1199895
2018-06-19,74.0,74.8,72.5,73.5,586906
2018-06-20,74.4,74.4,73.1,73.3,773958
2018-06-21,74.0,75.8,73.4,74.5,931258
2018-06-24,74.1,75.9,74.1,74.5,1488056
2018-06-25,75.0,75.0,72.0,72.3,931446
2018-06-26,73.4,73.6,71.0,71.5,710525
2018-06-27,72.1,72.6,71.0,71.3,518111
2018-06-28,72.5,72.5,70.2,71.2,2209939
2018-07-02,71.4,71.4,67.1,67.7,979242
2018-07-03,67.7,67.7,65.2,65.6,1539945
2018-07-04,66.2,69.5,66.0,68.0,1335307
2018-07-05,68.9,72.3,68.0,70.0,944571
2018-07-08,70.2,70.4,67.0,67.7,597041
2018-07-09,68.4,68.4,65.3,65.5,1260141
2018-07-10,65.8,66.5,63.4,64.3,2030404
2018-07-11,63.8,67.5,63.3,63.9,2599403
2018-07-12,64.4,64.6,63.1,64.0,1587029
2018-07-15,64.3,65.0,63.0,64.1,2032244
2018-07-16,64.4,66.5,64.0,65.6,1751846
2018-07-17,66.3,67.0,64.5,65.0,1095109
2018-07-18,65.0,67.0,65.0,66.6,1399783
2018-07-19,66.9,66.9,65.3,65.6,726336
2018-07-22,64.8,66.0,63.2,63.3,731692
2018-07-23,63.9,66.5,63.9,65.9,1102578
2018-07-24,66.0,67.1,66.0,66.9,1329196
2018-07-25,66.2,67.1,65.4,66.8,647440
2018-07-26,66.8,67.2,64.5,65.1,1030115
2018-07-29,66.0,66.0,64.6,65.0,357286
2018-07-30,65.0,66.0,64.8,65.0,621502
2018-07-31,65.4,66.0,65.1,65.7,307489
2018-08-01,65.9,68.3,65.6,67.6,1450603
2018-08-02,68.0,70.0,67.3,69.1,1024239
2018-08-05,69.1,69.1,68.0,68.2,502038
2018-08-06,68.3,71.8,68.0,71.3,1796391
2018-08-07,72.0,74.0,71.4,73.6,1525306
2018-08-08,73.8,75.2,72.1,74.5,1952596
2018-08-09,74.5,75.0,72.7,73.3,1136820
2018-08-12,73.3,75.0,72.5,74.6,1125776
2018-08-13,75.0,76.5,72.4,73.1,851593
2018-08-14,73.1,74.4,72.7,74.0,659003
2018-08-16,74.0,76.4,74.0,75.8,1587105
2018-08-19,76.4,77.5,75.3,76.9,1243897
2018-08-20,76.9,77.8,75.5,77.3,1474434
2018-08-26,77.0,77.4,76.0,76.7,876330
2018-08-27,76.2,76.7,74.8,75.5,872228
2018-08-28,75.4,78.4,75.0,77.7,2097343
2018-08-29,78.1,78.4,77.0,77.5,1155071
2018-08-30,77.5,78.1,76.6,77.0,815758
2018-09-03,77.5,77.5,76.1,76.6,1104301
2018-09-04,76.5,76.5,75.7,76.0,772279
2018-09-05,76.1,76.1,73.5,73.9,1239899
2018-09-06,73.9,75.7,73.0,73.6,1055838
2018-09-09,74.9,74.9,72.6,72.9,875362
2018-09-10,73.9,73.9,72.0,72.2,766583
2018-09-11,72.2,74.2,72.2,72.8,576886
2018-09-12,73.0,73.2,71.9,72.2,474225
2018-09-13,72.3,72.8,70.0,70.3,1213516
2018-09-16,70.5,72.3,70.0,70.1,476383
2018-09-17,70.3,72.8,69.9,70.8,607625
2018-09-18,71.0,72.6,71.0,71.7,401570
2018-09-19,71.9,74.3,71.9,73.6,607396
2018-09-20,74.1,74.5,70.8,72.0,702587
2018-09-23,71.5,71.9,70.9,71.1,429303
2018-09-24,71.2,72.2,70.7,71.0,1386621
2018-09-25,71.4,72.4,70.0,71.8,516059
2018-09-26,71.1,71.7,70.0,70.7,543700
2018-09-27,71.0,71.1,69.8,70.2,652912
2018-09-30,70.2,73.5,70.0,71.8,654812
2018-10-01,72.4,72.4,71.1,71.3,144998
2018-10-02,70.8,72.4,70.8,72.1,175816
2018-10-03,72.5,73.2,71.8,72.3,283120
2018-10-04,72.5,72.5,71.0,71.2,512624
2018-10-07,71.5,71.6,70.9,71.1,282281
2018-10-08,71.1,71.6,70.3,70.5,550015
2018-10-09,70.5,70.8,69.4,69.6,1733311
2018-10-10,69.6,70.2,67.5,68.1,1108656
2018-10-11,68.9,71.0,68.4,69.3,337610
2018-10-14,70.5,70.8,69.5,70.2,422518
2018-10-15,70.7,70.8,69.0,69.1,324793
2018-10-16,69.2,70.1,68.7,69.6,729996
2018-10-17,69.9,70.0,68.8,69.1,149267
2018-10-18,69.1,69.5,68.6,69.0,235179
2018-10-21,69.2,70.9,68.5,68.7,335460
2018-10-22,68.9,68.9,67.0,67.4,309057
2018-10-23,67.6,68.3,67.0,67.7,386922
2018-10-24,68.0,68.1,67.6,67.8,424248
2018-10-25,68.0,69.4,67.7,68.4,426160
2018-10-28,68.5,69.3,68.3,68.7,255619
2018-10-29,68.7,69.7,68.2,69.5,577130
2018-10-30,69.8,73.9,69.8,72.7,1037464
2018-10-31,71.0,71.1,69.7,70.4,844273
2018-11-01,70.1,70.6,69.6,70.1,667978
2018-11-04,70.2,70.2,68.3,68.7,447605
2018-11-05,68.8,69.4,68.4,68.7,532978
2018-11-06,69.1,69.1,68.1,68.5,130693
2018-11-07,68.7,69.5,68.2,68.6,191960
2018-11-08,69.0,70.0,68.7,69.8,342202
2018-11-11,69.8,70.2,69.2,69.6,152109
2018-11-12,69.6,70.2,68.8,69.8,444452
2018-11-13,69.1,71.0,69.1,70.1,330328
2018-11-14,70.9,70.9,69.3,69.8,652611
2018-11-15,69.0,69.9,68.7,69.4,387017
2018-11-18,69.4,69.7,69.0,69.3,219664
2018-11-19,69.5,70.0,68.9,69.3,932441
2018-11-20,69.2,73.5,69.2,72.2,5208564
2018-11-22,72.3,73.5,71.0,71.4,1866288
2018-11-25,71.8,71.8,70.6,71.1,1115888
2018-11-26,70.8,72.4,70.8,71.6,2666379
2018-11-27,72.4,72.6,71.7,72.4,647118
2018-11-28,73.0,73.5,72.1,72.5,1644911
2018-11-29,73.0,73.0,72.3,72.7,890020
2018-12-02,72.1,73.0,72.1,72.6,209760
2018-12-03,72.6,73.0,72.0,72.6,505727
2018-12-04,73.0,75.2,72.7,74.7,1243969
2018-12-05,74.7,78.2,74.7,77.0,2803593
2018-12-06,77.0,77.4,75.2,75.9,614134
2018-12-09,75.8,75.9,74.2,74.8,209337
2018-12-10,74.8,75.2,74.1,74.3,253158
2018-12-11,74.6,74.7,72.9,73.4,928939
2018-12-12,73.0,73.2,71.7,72.0,1053768
2018-12-13,73.0,73.4,71.9,72.3,687053
2018-12-17,72.6,73.8,72.6,73.0,1124026
2018-12-18,73.0,73.6,72.4,72.7,468981
2018-12-19,73.4,73.4,70.5,71.0,2043357
2018-12-20,71.9,72.6,71.2,71.9,565300
2018-12-23,72.0,72.5,71.7,72.3,397382
2018-12-24,72.3,72.6,70.8,71.7,1639311
2018-12-26,72.0,73.1,71.9,72.9,743703
2018-12-27,73.1,73.7,71.9,72.7,2772980
2019-01-01,73.6,75.1,73.0,74.9,619356
2019-01-02,75.1,75.4,73.8,74.5,885714
2019-01-03,74.5,75.5,74.5,75.0,1733547
2019-01-06,75.0,77.1,75.0,76.6,2885543
2019-01-07,76.9,77.0,75.5,75.8,3359620
2019-01-08,76.2,79.9,75.8,78.9,2963023
2019-01-09,78.9,79.6,77.8,78.6,2482809
2019-01-10,78.7,80.8,77.9,79.8,1816965
2019-01-13,80.0,83.0,79.8,82.5,1474239
2019-01-14,82.7,82.9,80.6,81.1,2540920
2019-01-15,81.0,81.9,79.9,81.1,2473831
2019-01-16,81.9,82.0,80.3,80.6,1433425
2019-01-17,80.6,83.0,79.3,80.9,1892744
2019-01-20,81.2,83.0,81.2,82.9,1310181
2019-01-21,83.0,83.3,81.4,81.7,700992
2019-01-22,81.7,82.6,81.4,82.0,1147243
2019-01-23,82.5,83.9,81.6,83.1,1575159
2019-01-24,83.4,84.8,83.0,84.4,1668654
2019-01-27,84.4,85.2,83.1,83.6,1675853
2019-01-28,83.1,83.7,81.3,81.6,1260568
2019-01-29,81.6,82.5,81.1,82.1,1305553
2019-01-30,82.1,83.2,81.0,81.3,836906
2019-01-31,81.3,81.6,76.7,78.5,2015787
2019-02-03,78.0,79.4,78.0,78.5,465919
2019-02-04,78.5,79.4,78.5,78.7,517513
2019-02-05,79.4,79.4,78.8,79.2,549557
2019-02-06,79.2,81.5,79.1,80.9,1606776
2019-02-07,80.9,82.8,80.7,81.0,1426698
2019-02-10,81.1,81.4,79.1,80.3,625775
2019-02-11,79.4,80.0,78.7,78.8,622623
2019-02-12,80.0,80.0,78.8,79.7,381394
2019-02-13,79.7,80.5,79.2,80.2,1261514
2019-02-14,80.0,80.0,78.9,79.2,639326
2019-02-17,79.2,80.2,79.0,79.2,294270
2019-02-18,79.3,79.8,78.7,78.9,277068
2019-02-19,79.4,80.4,79.0,80.0,436798
2019-02-20,80.0,80.0,79.0,79.2,394252
2019-02-24,79.4,79.4,79.0,79.2,412769
2019-02-25,79.2,83.6,79.2,83.2,3126942
2019-02-26,83.2,83.5,81.5,82.1,2315225
2019-02-27,82.0,82.6,80.8,81.2,817338
2019-03-03,80.6,82.4,80.4,81.7,511294
2019-03-04,81.7,82.3,81.2,81.3,1280074
2019-03-05,81.3,83.0,81.3,82.7,772861
2019-03-06,83.0,84.2,82.7,83.8,2220964
2019-03-07,84.0,84.0,82.0,82.4,945201
2019-03-10,82.7,83.7,82.5,83.1,488127
2019-03-11,83.3,83.7,82.3,82.4,986839
2019-03-12,82.4,83.0,82.0,82.8,1197053
2019-03-13,83.0,85.4,82.9,84.1,2822750
2019-03-14,84.0,88.9,84.0,88.5,5093182
2019-03-18,89.0,90.4,87.4,88.6,4306345
2019-03-19,88.6,88.9,84.5,86.0,2504123
2019-03-20,87.0,87.0,82.9,83.2,2358814
2019-03-21,84.0,84.1,81.0,81.7,1789018
2019-03-24,76.0,78.0,73.0,75.8,2870086
2019-03-25,76.5,79.4,75.8,77.9,1217677
2019-03-27,78.0,78.3,77.0,77.7,1223477
2019-03-28,78.2,78.4,77.0,77.3,766415
2019-03-31,76.5,78.0,76.5,77.8,638141
2019-04-01,77.8,80.1,77.5,79.4,2603195
2019-04-02,79.5,81.9,79.5,80.2,710685
2019-04-03,79.9,79.9,77.2,77.4,873490
2019-04-04,79.5,79.5,76.5,77.7,681396
2019-04-07,77.9,78.2,77.4,78.0,283549
2019-04-08,78.3,78.3,75.1,76.2,759295
2019-04-09,76.0,76.3,73.5,75.0,579586
2019-04-10,75.9,77.2,73.3,73.7,533588
2019-04-15,67.0,69.9,64.2,64.4,728116
2019-04-16,65.3,65.3,62.6,62.9,1018982
2019-04-17,64.0,64.8,61.6,62.9,621513
2019-04-18,63.0,66.1,62.2,65.2,544901
2019-04-21,64.0,64.0,62.4,62.8,803321
2019-04-23,62.7,63.5,62.4,62.8,782331
2019-04-24,63.0,63.5,62.6,63.3,1263953
2019-04-25,63.3,64.3,63.2,63.9,1524720
2019-04-28,64.0,64.8,62.8,63.1,243665
2019-04-29,63.2,63.2,61.5,61.7,1050312
2019-04-30,61.9,63.7,60.0,61.7,2691653
2019-05-02,62.3,63.9,62.3,63.2,382622
2019-05-05,63.5,64.3,63.2,64.1,298568
2019-05-06,64.1,64.1,62.5,63.1,1256347
2019-05-07,63.3,63.8,62.8,63.4,671309
2019-05-08,63.3,63.3,62.4,62.7,591656
2019-05-09,63.6,63.6,60.3,60.9,1223533
2019-05-12,61.4,61.5,60.2,60.3,340342
2019-05-13,60.3,60.5,58.4,58.8,872494
2019-05-14,58.9,59.1,57.0,57.4,1478361
2019-05-15,57.7,58.0,55.0,55.7,3009630
2019-05-16,56.2,57.4,55.8,56.3,6118700
2019-05-19,57.2,60.0,57.2,59.8,1137913
2019-05-20,59.8,59.8,57.9,58.1,6877804
2019-05-21,59.0,59.0,56.5,57.4,1332714
2019-05-22,57.5,59.5,57.0,58.6,1701111
2019-05-23,58.9,61.5,58.9,60.8,2387089
2019-05-26,60.1,61.0,60.0,60.6,449191
2019-05-27,60.8,61.0,60.1,60.9,1208849
2019-05-28,61.3,63.2,61.0,62.9,1789153
2019-05-29,62.9,64.0,62.3,63.7,881810
2019-05-30,63.2,65.0,63.2,64.6,2195133
2019-06-09,64.7,64.9,64.0,64.5,210476
2019-06-10,64.9,64.9,63.7,64.2,2295231
2019-06-11,64.5,66.3,64.1,65.5,1748906
2019-06-12,65.9,66.0,64.0,64.6,1192201
2019-06-13,64.5,64.9,64.0,64.4,561718
2019-06-16,65.0,65.4,63.5,64.2,670675
2019-06-17,64.1,64.2,62.9,63.1,518902
2019-06-18,63.1,63.5,62.6,63.0,1044251
2019-06-19,63.0,63.5,62.8,62.9,892081
2019-06-20,63.0,63.5,62.7,63.2,400828
2019-06-23,63.1,63.9,63.1,63.7,347667
2019-06-24,63.7,64.4,63.4,63.7,1465035
2019-06-25,63.9,64.6,63.7,64.2,1304211
2019-06-26,64.2,65.0,64.2,64.8,927351
2019-06-27,65.0,67.0,64.9,66.6,1431738
2019-06-30,66.1,67.0,65.2,66.1,663129
2019-07-02,65.4,65.6,64.7,65.0,388380
2019-07-03,64.9,65.0,63.9,64.1,877547
2019-07-04,64.1,65.9,63.3,64.6,409976
2019-07-07,64.2,64.4,63.1,63.5,132141
2019-07-08,63.6,63.6,62.0,62.3,852780
2019-07-09,62.0,63.8,62.0,63.5,253592
2019-07-10,63.1,63.1,61.8,62.0,510165
2019-07-11,63.0,63.0,62.3,62.5,192113
2019-07-14,62.5,62.5,61.0,61.7,312577
2019-07-15,61.7,61.7,60.5,60.8,553019
2019-07-16,60.7,62.0,60.6,61.3,1531530
2019-07-17,61.1,62.0,61.1,61.6,155856
2019-07-18,61.4,61.9,61.2,61.6,502013
2019-07-21,61.7,62.3,61.1,61.9,342724
2019-07-22,61.9,62.4,60.8,61.2,575987
2019-07-23,60.5,63.3,60.5,62.7,912759
2019-07-24,62.0,63.0,61.0,62.4,601341
2019-07-25,62.4,63.4,62.0,62.7,1162040
2019-07-28,62.5,63.8,62.1,63.1,303502
2019-07-29,62.6,63.7,62.5,62.8,252166
2019-07-30,62.8,63.5,62.2,62.6,214358
2019-07-31,62.6,63.5,62.5,62.9,523915
2019-08-01,62.8,63.2,62.6,62.7,453209
2019-08-04,63.0,63.0,62.2,62.5,213736
2019-08-05,62.0,62.9,61.8,62.2,1051996
2019-08-06,62.5,62.5,61.6,62.0,942183
2019-08-07,62.5,62.9,61.8,62.2,611539
2019-08-08,62.7,62.9,61.4,61.6,778810
2019-08-18,61.6,62.9,60.8,61.0,400384
2019-08-19,61.9,61.9,61.0,61.1,413471
2019-08-20,61.5,62.0,60.8,60.9,435587
2019-08-21,60.8,62.3,60.8,61.1,731859
2019-08-22,61.0,61.8,60.8,61.0,240697
2019-08-25,61.5,62.4,60.8,60.9,379455
2019-08-26,60.9,60.9,60.0,60.1,344564
2019-08-27,60.5,61.1,60.3,60.6,733541
2019-08-28,60.6,61.4,59.1,59.5,404092
2019-08-29,59.6,60.0,57.7,57.9,484424
2019-09-01,58.0,59.0,57.5,58.0,536646
2019-09-02,58.9,58.9,56.5,56.9,845997
2019-09-03,57.8,58.3,56.0,56.1,857370
2019-09-04,56.1,57.5,56.0,57.0,1629473
2019-09-05,57.7,57.8,57.1,57.6,175041
2019-09-08,58.0,58.3,57.0,57.4,240469
2019-09-09,57.4,58.4,56.2,56.5,541013
2019-09-11,56.5,56.5,55.9,56.0,572480
2019-09-12,55.9,57.8,55.9,57.4,363685
2019-09-15,57.6,58.0,57.0,57.9,203173
2019-09-16,58.0,60.1,57.5,59.4,1192296
2019-09-17,59.6,60.0,59.0,59.4,1381381
2019-09-18,60.0,60.1,59.4,59.5,492647
2019-09-19,59.5,59.8,59.1,59.2,662571
2019-09-22,59.4,60.3,58.4,59.8,326922
2019-09-23,60.0,62.6,60.0,62.3,1546313
2019-09-24,62.5,62.8,62.0,62.4,807303
2019-09-25,62.4,62.4,60.4,61.2,250509
2019-09-26,61.5,62.1,60.3,60.9,382037
2019-09-29,61.0,62.2,60.7,61.7,193565
2019-09-30,61.6,62.0,60.9,61.5,523788
2019-10-01,61.1,61.8,61.1,61.5,131240
2019-10-02,61.9,62.0,61.4,61.6,143160
2019-10-03,61.9,61.9,61.5,61.6,101991
2019-10-06,61.9,61.9,61.2,61.6,125204
2019-10-07,61.6,61.8,60.9,61.3,70126
2019-10-09,61.3,61.7,61.1,61.5,346228
2019-10-10,61.3,61.5,60.8,60.8,265985
2019-10-13,60.6,60.8,60.3,60.5,158350
2019-10-14,60.5,61.0,60.0,60.3,724867
2019-10-15,60.3,60.8,59.1,60.1,372533
2019-10-16,59.5,60.0,58.6,59.0,281645
2019-10-17,59.0,59.4,58.4,58.7,334845
2019-10-20,58.6,59.8,58.6,59.0,67594
2019-10-21,59.1,59.1,58.2,58.5,581967
2019-10-22,58.5,58.5,56.9,57.2,914607
2019-10-23,56.8,57.0,56.4,56.6,673056
2019-10-24,56.2,57.4,56.2,56.8,643170
2019-10-27,56.2,56.2,55.5,55.6,207307
2019-10-28,56.0,56.0,55.5,55.8,258386
2019-10-29,56.4,56.4,54.2,54.5,515907
2019-10-30,55.4,55.4,52.5,53.3,841516
2019-10-31,53.8,53.8,50.0,50.6,2434363
2019-11-03,51.0,52.6,50.5,52.2,418843
2019-11-04,52.0,52.1,51.0,52.0,2116551
2019-11-05,52.0,55.1,52.0,54.7,2894129
2019-11-06,54.9,57.7,54.7,57.3,1853449
2019-11-07,56.9,58.1,56.5,57.9,529476
2019-11-11,57.9,60.0,57.5,59.7,410736
2019-11-12,60.3,60.3,58.5,59.3,734853
2019-11-13,60.0,60.2,58.5,58.6,618997
2019-11-14,59.0,60.0,57.4,58.3,611237
2019-11-17,58.3,59.3,58.0,58.9,190856
2019-11-18,59.7,60.0,58.4,59.7,326977
2019-11-19,59.9,61.7,59.5,61.2,1117206
2019-11-20,61.2,61.9,60.0,60.2,462173
2019-11-21,60.2,61.1,60.1,60.7,322831
2019-11-24,60.8,60.9,59.2,60.1,202213
2019-11-25,60.2,60.4,59.0,59.5,1784209
2019-11-26,60.0,60.3,58.5,59.0,626703
2019-11-27,59.7,59.7,57.8,58.3,354492
2019-11-28,58.4,59.0,57.9,58.0,1084911
2019-12-01,57.7,59.5,57.7,59.3,162743
2019-12-02,59.2,60.7,58.5,59.1,1019527
2019-12-03,59.8,59.8,57.9,58.1,595682
2019-12-04,58.8,58.8,58.2,58.5,839475
2019-12-05,58.9,59.0,58.3,58.5,214597
2019-12-08,58.5,58.8,57.6,57.8,103634
2019-12-09,58.4,58.4,57.4,57.5,804394
2019-12-10,58.5,58.5,57.5,57.8,378450
2019-12-11,57.8,58.0,57.4,57.5,69459
2019-12-12,57.5,57.5,56.1,56.9,338257
2019-12-15,56.8,57.5,56.5,56.8,58076
2019-12-17,56.8,57.1,56.3,57.1,981812
2019-12-18,56.59999847,57.0,56.5,56.79999924,249336
2019-12-19,57.0,57.70000076,56.70000076,57.09999847,82370
2019-12-22,56.2,57.5,56.2,57.2,85085
2019-12-23,57.1,57.1,56.6,56.9,421944
2019-12-24,57.0,57.0,56.5,56.6,316670
2019-12-26,56.3,57.7,56.3,56.6,840459
2019-12-29,56.6,57.0,56.3,56.8,77802
2019-12-30,57.4,57.7,56.8,57.1,2330872
2020-01-01,57.1,57.1,52.5,53.5,686530
2020-01-02,53.9,54.7,51.3,52.3,2428237
2020-01-05,53.0,53.0,50.6,50.7,569309
2020-01-06,50.0,51.0,46.8,47.3,3431393
2020-01-07,47.5,47.9,44.5,45.0,3414274
2020-01-08,46.0,48.3,45.3,46.5,2608301
2020-01-09,46.5,46.6,46.0,46.5,2456541
2020-01-12,46.9,47.7,46.1,47.3,211634
2020-01-13,48.0,48.0,46.5,47.2,842326
2020-01-14,47.0,47.8,47.0,47.6,1215442
2020-01-15,47.7,49.3,47.5,49.0,3345372
2020-01-16,48.3,50.5,48.3,50.3,1963010
2020-01-19,50.5,52.5,50.5,52.0,554804
2020-01-20,52.5,52.5,51.2,51.7,2374358
2020-01-21,51.0,51.9,50.1,51.8,1035258
2020-01-22,51.6,52.0,50.9,51.9,405778
2020-01-23,51.9,51.9,51.2,51.3,948665
2020-01-26,51.3,52.0,51.0,51.4,267541
2020-01-27,51.6,51.8,51.2,51.4,816497
2020-01-28,51.5,51.9,51.1,51.5,588109
2020-01-29,51.5,51.5,50.8,51.0,301689
2020-01-30,51.0,51.0,49.6,50.0,535965
2020-02-02,50.0,50.3,49.2,49.6,249368
2020-02-03,49.2,49.6,48.2,48.5,547471
2020-02-04,48.5,49.8,47.7,48.0,1085126
2020-02-05,48.0,48.6,47.9,48.5,197677
2020-02-06,48.9,48.9,47.0,47.3,387576
2020-02-09,47.3,47.7,47.0,47.1,127050
2020-02-10,47.7,47.9,45.0,45.5,948984
2020-02-11,46.5,47.8,46.5,47.0,807677
2020-02-12,47.1,47.4,45.6,46.1,824061
2020-02-13,46.3,47.0,45.5,46.5,1663506
2020-02-16,47.2,51.1,47.2,51.0,1457633
2020-02-17,51.6,51.9,50.1,50.9,1805236
2020-02-18,51.0,51.5,48.9,49.3,1804819
2020-02-19,49.3,49.8,48.3,48.5,1133827
2020-02-20,48.5,49.4,47.8,48.0,649967
2020-02-23,48.0,48.3,47.3,47.7,322067
2020-02-24,47.7,47.7,46.5,46.6,502171
2020-02-25,46.6,46.6,42.0,43.0,4714563
2020-02-26,43.0,43.0,38.8,38.9,3915631
2020-02-27,40.0,40.0,36.0,37.1,8114274
2020-03-01,37.2,39.2,36.7,38.8,1481293
2020-03-02,38.8,38.9,37.5,37.8,1981744
2020-03-03,37.9,38.2,37.4,37.5,1916868
2020-03-04,38.0,38.0,37.5,37.7,1484085
2020-03-05,38.0,38.8,37.5,38.5,1965316
2020-03-08,38.8,38.8,36.5,36.6,1601894
2020-03-09,36.6,36.6,33.1,33.5,2825924
2020-03-10,33.5,36.4,33.0,36.1,1557935
2020-03-11,36.2,36.3,35.1,35.7,1262322
2020-03-12,35.5,35.7,34.0,34.2,975942
2020-03-15,33.9,34.2,31.2,32.1,1774116
2020-03-16,32.1,33.1,29.8,30.2,2654536
2020-03-18,30.8,31.6,27.2,27.2,2557044
2020-03-19,31.4,31.4,31.4,31.4,19368
2020-03-22,31.9,31.9,31.9,31.9,91587
2020-03-23,31.9,31.9,31.9,31.9,116748
2020-03-24,31.9,31.9,31.9,31.9,89970
2020-03-25,31.9,31.9,31.9,31.9,94118
2020-05-31,31.9,31.9,31.9,31.9,100249
2020-06-01,31.9,31.9,31.9,31.9,65872
2020-06-02,31.9,31.9,31.9,31.9,327720
2020-06-04,31.9,31.9,31.9,31.9,5240
2020-06-07,31.9,31.9,31.9,31.9,38426
2020-06-08,31.9,31.9,31.9,31.9,1424
2020-06-09,31.9,31.9,31.9,31.9,5946
2020-06-10,31.9,31.9,31.9,31.9,6210
2020-06-11,31.9,31.9,31.9,31.9,6288
2020-06-14,31.9,31.9,31.9,31.9,13650
2020-06-15,31.9,31.9,31.9,31.9,5020
2020-06-16,31.9,31.9,31.9,31.9,6444
2020-06-17,31.9,31.9,31.9,31.9,1101
2020-06-18,31.9,31.9,31.9,31.9,522
2020-06-21,31.9,31.9,31.9,31.9,429
2020-06-22,31.9,31.9,31.9,31.9,4950
2020-06-23,31.9,31.9,31.9,31.9,697
2020-06-24,31.9,31.9,31.9,31.9,14848
2020-06-25,31.9,31.9,31.9,31.9,42819
2020-06-28,31.9,31.9,31.9,31.9,8400
2020-06-29,31.9,31.9,31.9,31.9,16599
2020-06-30,31.9,31.9,31.9,31.9,45340
2020-07-02,31.9,31.9,31.9,31.9,1048
2020-07-05,31.9,31.9,31.9,31.9,12276
2020-07-06,31.9,31.9,31.9,31.9,4771
2020-07-07,31.9,31.9,31.9,31.9,1398
2020-07-08,31.9,31.9,31.9,31.9,15341
2020-07-09,31.9,31.9,31.9,31.9,17424
2020-07-12,31.9,31.9,31.9,31.9,23501
2020-07-13,31.9,31.9,31.9,31.9,17833
2020-07-14,31.9,31.9,31.9,31.9,10702
2020-07-15,31.9,31.9,31.9,31.9,11365
2020-07-16,31.9,31.9,31.9,31.9,626
2020-07-19,31.9,31.9,31.9,31.9,8823
2020-07-20,31.9,31.9,31.9,31.9,5824
2020-07-21,31.9,31.9,31.9,31.9,8018
2020-07-22,31.9,31.9,31.9,31.9,2968
2020-07-23,31.9,31.9,31.9,31.9,1873
2020-07-26,31.9,31.9,31.9,31.9,12797
2020-07-27,31.9,31.9,31.9,31.9,121201
2020-07-28,31.9,31.9,31.9,31.9,17928
2020-07-29,31.9,31.9,31.9,31.9,6218
2020-07-30,31.9,31.9,31.9,31.9,52048
2020-08-03,31.9,31.9,31.9,31.9,80207
2020-08-04,31.9,31.9,31.9,31.9,523411
2020-08-05,31.9,31.9,31.9,31.9,195846
2020-08-06,31.9,31.9,31.9,31.9,53058
2020-08-09,31.9,34.7,31.9,32.8,6218040
2020-08-10,33.0,33.6,31.9,31.9,6402730
2020-08-12,31.9,34.7,31.9,33.5,12514100
2020-08-13,33.7,36.8,33.7,35.1,14592700
2020-08-16,36.0,38.6,35.2,38.6,17915573
2020-08-17,39.9,41.3,37.5,38.1,11523799
2020-08-18,38.4,38.7,35.9,36.8,6772630
2020-08-19,37.2,39.0,37.2,37.8,8139703
2020-08-20,38.2,38.8,36.8,36.9,4693021
2020-08-23,37.1,37.9,36.5,36.9,3971153
2020-08-24,36.9,37.2,35.8,36.1,4343634
2020-08-25,36.8,36.8,35.8,36.1,2532575
2020-08-26,36.1,36.7,36.0,36.1,2597005
2020-08-27,36.3,38.3,36.1,37.9,7642648
2020-08-31,38.4,40.4,38.2,39.7,11763807
2020-09-01,39.8,41.0,38.8,39.1,6798599
2020-09-02,39.1,39.7,38.4,39.0,4101541
2020-09-03,39.0,40.8,39.0,40.0,7914165
2020-09-06,40.5,43.0,40.3,42.6,10415127
2020-09-07,43.0,43.9,42.5,43.3,10493958
2020-09-08,43.3,44.7,43.3,44.4,8332049
2020-09-09,44.7,45.5,42.7,43.3,8571765
2020-09-10,43.6,44.5,42.5,44.0,9888219
2020-09-13,44.3,45.9,44.2,45.1,6723261
2020-09-14,45.6,45.6,43.7,44.1,7125328
2020-09-15,44.1,44.1,43.3,43.9,4971244
2020-09-16,44.0,44.1,43.2,43.9,6676795
2020-09-17,43.9,44.4,43.6,44.1,6182538
2020-09-20,44.3,44.5,43.5,43.6,4691997
2020-09-21,43.7,43.9,42.1,42.5,4493436
2020-09-22,42.8,43.0,41.4,42.6,4555570
2020-09-23,42.7,43.4,41.6,42.0,4326648
2020-09-24,42.1,42.1,40.8,41.5,3830014
2020-09-27,41.5,42.1,41.1,41.8,2101774
2020-09-28,42.1,42.5,41.7,42.0,5648464
2020-09-29,42.3,42.7,41.2,41.4,4373325
2020-09-30,41.7,41.7,40.4,40.7,4728686
2020-10-01,40.8,41.7,39.6,41.4,6201864
2020-10-04,41.5,43.0,40.5,42.6,5256687
2020-10-05,43.0,43.0,40.8,41.0,4486924
2020-10-06,41.2,41.2,40.2,40.4,2493064
2020-10-07,40.2,40.8,39.7,39.9,3301761
2020-10-08,40.3,40.3,38.7,38.9,2761678
2020-10-11,38.9,39.0,37.7,37.8,2921296
2020-10-12,37.8,37.8,36.2,36.7,4487931
2020-10-13,36.8,38.0,36.1,37.4,4411999
2020-10-14,37.4,37.9,36.7,37.2,4666957
2020-10-15,37.3,38.6,37.3,38.4,3137629
2020-10-18,38.5,40.0,38.4,39.3,2592137
2020-10-19,39.4,41.8,38.8,41.4,5702797
2020-10-20,41.6,42.8,41.6,42.0,8229881
2020-10-21,42.0,42.2,41.4,41.7,4007232
2020-10-22,41.7,41.7,41.0,41.3,3018853
2020-10-25,41.1,41.2,39.5,41.0,2066586
2020-10-27,41.2,41.8,40.9,41.0,6321173
2020-10-28,41.1,41.9,40.2,41.3,3182353
2020-10-29,41.5,42.0,40.9,41.5,2223066
2020-11-01,41.7,41.9,41.1,41.7,2502953
2020-11-02,41.6,42.9,41.4,42.6,4518366
2020-11-03,42.9,43.4,42.0,42.3,4035166
2020-11-04,42.3,42.9,41.3,42.7,2610420
2020-11-05,43.7,45.9,43.0,43.9,9246389
2020-11-08,44.1,44.8,43.1,43.5,4592622
2020-11-09,43.0,44.3,43.0,44.1,4467356
2020-11-10,44.3,44.7,44.2,44.5,6884915
2020-11-11,44.3,44.8,44.0,44.5,3686089
2020-11-12,44.5,45.7,44.0,45.3,3655233
2020-11-15,45.5,46.0,44.8,45.4,2950791
2020-11-16,45.4,45.6,44.7,45.1,1867899
2020-11-17,45.2,46.3,44.9,46.0,3674913
2020-11-18,46.3,46.3,45.5,45.9,2997102
2020-11-19,45.8,46.0,45.3,45.7,3688144
2020-11-22,45.9,45.9,44.9,45.2,1602799
2020-11-23,45.0,45.3,44.2,45.0,2794008
2020-11-24,45.2,45.3,44.5,45.2,2060959
2020-11-25,45.7,46.1,44.9,45.9,1833481
2020-11-26,45.7,45.9,45.4,45.7,1360835
2020-11-29,45.7,46.1,45.5,46.0,1155321
2020-11-30,46.0,46.1,45.2,46.0,1173956
2020-12-01,46.0,46.2,45.8,46.0,1917643
2020-12-02,46.1,46.1,44.9,45.1,532718
2020-12-03,45.0,46.2,45.0,46.0,1730261
2020-12-06,46.0,47.5,46.0,47.3,2218525
2020-12-07,47.6,49.3,47.4,48.4,3153137
2020-12-08,48.4,48.4,46.3,47.7,719810
2020-12-09,47.4,47.9,47.2,47.5,892411
2020-12-10,47.5,48.0,47.2,47.3,911329
2020-12-13,47.0,47.1,46.1,46.6,1262090
2020-12-14,46.5,46.6,45.9,46.3,839691
2020-12-15,46.1,46.2,45.1,45.3,1608335
2020-12-17,45.3,45.3,44.2,44.4,763840
2020-12-20,44.4,44.4,43.8,44.0,651967
2020-12-21,44.0,44.5,43.9,44.3,509732
2020-12-22,44.2,44.4,42.8,43.3,731514
2020-12-23,43.2,43.3,42.2,43.0,716285
2020-12-24,43.1,44.5,42.6,44.3,865787
2020-12-27,44.5,45.9,44.1,45.7,864820
2020-12-28,45.7,45.9,44.5,44.8,747787
2020-12-29,45.2,45.3,44.1,44.5,667050
2020-12-30,44.3,45.0,44.1,44.3,1052641
2021-01-03,44.6,47.1,44.0,46.3,1225114
2021-01-04,46.5,47.7,45.9,46.6,1257869
2021-01-05,46.6,50.0,46.0,46.8,3632147
2021-01-06,47.0,48.9,45.9,46.8,1122101
2021-01-07,47.5,48.6,47.3,47.5,1403370
2021-01-10,47.7,48.0,46.4,46.5,961132
2021-01-11,46.5,47.5,46.0,46.4,973644
2021-01-12,47.0,47.3,46.3,46.9,905759
2021-01-13,46.5,47.1,46.3,46.7,1226701
2021-01-14,47.0,49.2,46.7,48.8,2345003
2021-01-17,49.0,52.0,48.8,51.1,3017716
2021-01-18,49.6,51.6,49.6,50.3,1508405
2021-01-19,50.2,50.2,48.3,48.9,1213164
2021-01-20,48.1,49.9,48.1,49.2,2174951
2021-01-21,49.3,50.2,49.1,49.7,1166785
2021-01-24,49.7,49.7,48.3,48.7,1297446
2021-01-25,49.0,49.8,48.3,49.3,1375553
2021-01-26,48.8,49.8,48.6,49.1,1221489
2021-01-27,48.6,49.4,48.6,49.0,695657
2021-01-28,49.0,49.5,48.7,48.8,670256
2021-01-31,48.5,48.7,48.1,48.3,500999
2021-02-01,48.2,48.8,48.2,48.5,354249
2021-02-02,48.3,48.6,47.4,47.5,258606
2021-02-03,48.5,48.5,46.9,48.0,285480
2021-02-04,48.6,50.0,47.9,49.7,605268
2021-02-07,48.5,49.7,48.5,49.0,1177746
2021-02-08,49.0,49.5,47.6,48.8,1611978
2021-02-09,47.8,49.0,47.7,48.6,1073084
2021-02-10,48.3,48.4,47.9,48.0,429383
2021-02-11,47.9,48.7,46.4,48.3,2324788
2021-02-14,48.0,48.3,46.7,47.0,798937
2021-02-15,47.0,47.4,46.4,47.0,808495
2021-02-16,47.1,47.8,46.7,46.9,374644
2021-02-17,47.0,47.0,45.8,45.9,422946
2021-02-18,46.0,46.1,45.0,45.1,506960
2021-02-22,45.2,45.2,44.0,44.1,380518
2021-02-23,45.3,45.7,42.9,43.0,841443
2021-02-24,44.3,44.3,42.9,43.0,554878
2021-02-25,43.0,43.9,42.9,43.7,244831
2021-02-28,44.0,46.4,43.9,45.4,310211
2021-03-01,45.5,45.5,44.2,44.6,390275
2021-03-02,45.9,45.9,44.3,44.5,447943
2021-03-03,45.0,45.0,43.4,43.7,967547
2021-03-04,43.8,43.8,43.3,43.4,666257
2021-03-07,43.5,44.8,43.4,44.5,425953
2021-03-08,44.5,44.6,43.7,44.0,978585
2021-03-09,44.0,44.0,43.1,43.3,1679669
2021-03-10,43.4,43.4,42.7,43.0,2184759
2021-03-11,43.1,43.7,42.9,43.2,1090098
2021-03-14,43.2,43.8,43.1,43.2,419549
2021-03-15,43.2,43.2,42.3,42.4,844519
2021-03-16,42.9,43.0,41.7,42.0,1163424
2021-03-18,42.9,42.9,41.5,41.9,1285441
2021-03-21,41.8,43.0,41.2,41.8,485538
2021-03-22,42.8,42.8,40.9,41.3,1054722
2021-03-23,41.9,42.5,40.9,41.1,1406075
2021-03-24,41.4,41.4,40.6,40.7,936941
2021-03-25,40.6,40.9,38.9,40.3,1497580
2021-03-28,40.3,42.1,40.3,41.7,326240
2021-03-29,41.7,41.9,40.9,41.5,410496
2021-03-31,41.0,41.3,40.1,40.8,794354
2021-04-01,39.7,40.7,38.9,39.2,901771
2021-04-04,38.3,38.9,37.1,38.1,447312
2021-04-05,38.5,38.5,38.1,38.1,580828
2021-04-06,39.0,39.4,38.3,38.5,998095
2021-04-07,39.0,42.1,39.0,41.5,724242
2021-04-08,41.5,42.4,40.5,41.9,626134
2021-04-11,41.2,41.4,41.0,41.1,407159
2021-04-12,41.8,41.9,41.1,41.7,903945
2021-04-13,40.5,42.3,40.4,41.8,699351
2021-04-15,42.0,42.0,41.4,41.6,300102
2021-04-18,41.6,42.0,41.3,41.8,181225
2021-04-19,41.8,41.8,41.2,41.5,214690
2021-04-20,41.5,43.7,41.3,42.8,897363
2021-04-21,43.0,43.0,41.7,42.0,391390
2021-04-22,42.7,42.9,42.0,42.6,192694
2021-04-25,42.3,44.0,42.3,43.1,635205
2021-04-26,43.3,43.6,42.8,43.4,2521256
2021-04-27,43.0,44.0,43.0,43.4,2005418
2021-04-28,43.3,43.8,43.3,43.5,1469587
2021-04-29,43.6,44.0,43.5,43.8,3258032
2021-05-02,43.9,44.0,43.5,43.7,747978
2021-05-03,43.7,45.0,43.2,44.7,1716990
2021-05-05,41.8,44.5,41.8,44.1,2238735
2021-05-06,44.2,45.9,44.2,45.3,2054528
2021-05-09,45.4,47.6,45.4,47.3,3056358
2021-05-11,47.8,52.0,47.8,50.6,11150827
2021-05-12,50.4,52.0,48.7,50.9,3577500
2021-05-16,51.3,52.0,49.6,51.4,1281423
2021-05-17,51.8,52.8,51.1,51.4,1831777
2021-05-18,51.2,51.2,48.7,49.6,1864457
2021-05-19,49.2,51.0,48.9,50.0,1493099
2021-05-20,49.5,50.0,47.1,47.6,1925400
2021-05-23,47.7,49.1,46.3,47.0,759868
2021-05-24,47.0,49.4,47.0,49.1,1208277
2021-05-25,49.1,49.8,48.7,49.4,1612011
2021-05-27,49.6,50.9,49.2,49.9,1867460
2021-05-30,50.1,52.6,49.6,52.0,3453071
2021-05-31,52.0,52.7,49.1,51.7,2290988
2021-06-01,52.1,52.1,49.8,50.2,940701
2021-06-02,50.0,51.3,49.4,50.9,1045621
2021-06-03,51.0,52.0,50.0,50.3,779297
2021-06-06,51.0,51.0,48.7,48.9,1239096
2021-06-07,48.7,48.9,47.4,48.1,1084174
2021-06-08,47.7,49.1,47.5,48.9,569263
2021-06-09,49.4,49.5,48.5,48.8,446594
2021-06-10,48.9,49.0,48.0,48.6,858181
2021-06-13,48.6,49.0,47.9,48.2,434427
2021-06-14,47.9,49.0,47.6,48.0,1138482
2021-06-15,48.0,48.2,47.5,48.0,350793
2021-06-16,47.5,48.4,47.2,48.0,607978
2021-06-17,47.5,48.3,47.5,48.0,1354671
2021-06-20,47.8,48.6,47.7,48.4,383107
2021-06-21,48.8,49.6,48.3,49.3,637333
2021-06-22,49.5,49.5,47.7,47.9,849397
2021-06-23,47.6,48.5,47.0,47.5,687867
2021-06-24,47.9,49.1,47.4,48.7,559433
2021-06-27,47.3,48.9,47.3,48.5,284259
2021-06-28,47.0,48.9,47.0,48.7,272117
2021-06-29,48.7,50.0,47.8,49.1,701974
2021-06-30,48.5,50.6,48.5,49.5,1472920
2021-07-05,50.8,53.0,49.9,52.7,1309671
2021-07-06,52.8,53.1,51.2,51.9,865092
2021-07-07,52.2,52.2,50.7,50.8,1070584
2021-07-08,50.8,51.0,50.5,50.8,1253479
2021-07-12,50.8,51.5,50.5,50.9,956456
2021-07-13,50.9,51.3,50.8,50.9,1494483
2021-07-14,51.9,52.0,50.3,50.8,823095
2021-07-15,50.6,50.8,49.9,50.1,1213442
2021-07-18,50.3,51.0,50.2,50.8,302164
2021-07-19,50.3,51.4,50.3,50.8,970981
2021-07-25,51.3,51.3,49.9,50.1,511156
2021-07-26,50.1,50.7,49.7,49.9,853191
2021-07-27,50.2,50.5,49.0,49.2,481378
2021-07-28,49.2,50.4,49.0,50.0,273222
2021-07-29,49.1,50.2,49.1,49.3,175041
2021-08-02,49.8,50.3,49.0,49.5,2226975
2021-08-03,49.5,50.4,48.8,49.8,1049119
2021-08-05,50.4,50.4,49.3,50.0,1000282
2021-08-09,49.5,49.5,47.9,48.5,2230510
2021-08-10,48.7,48.7,47.5,47.8,3546039
2021-08-11,48.5,48.5,47.7,48.0,1718908
2021-08-12,48.0,48.5,47.8,47.9,1839447
2021-08-16,48.0,48.1,47.5,47.8,2857387
2021-08-17,48.7,49.3,48.0,48.8,1992866
2021-08-18,49.0,49.4,48.4,48.5,812749
2021-08-19,48.2,48.3,47.7,48.0,1227275
2021-08-22,48.2,49.0,48.0,48.7,702357
2021-08-23,48.9,49.0,48.3,48.4,764292
2021-08-24,48.5,48.5,47.9,48.0,975304
2021-08-25,48.2,48.3,47.8,47.9,870839
2021-08-26,47.8,48.1,47.8,47.9,755042
2021-08-29,47.9,48.1,47.7,47.9,520905
2021-08-31,47.7,48.0,46.5,47.1,2510250
2021-09-01,47.7,48.4,47.4,48.0,1482076
2021-09-02,48.0,48.0,47.4,47.7,1276312
2021-09-05,48.0,48.2,47.8,48.0,1279050
2021-09-06,48.0,49.3,47.9,48.6,2986321
2021-09-07,48.3,50.0,48.3,49.3,2960357
2021-09-08,49.3,50.7,49.3,50.5,3329546
2021-09-09,50.9,51.3,49.7,50.6,2712177
2021-09-12,50.5,51.0,49.0,49.9,1755544
2021-09-13,50.0,50.2,49.0,49.3,1024712
2021-09-14,49.3,49.3,48.6,48.8,1042345
2021-09-15,48.8,49.0,48.2,48.4,1250089
2021-09-16,48.7,49.0,48.1,48.3,1331312
2021-09-19,48.1,48.7,48.1,48.3,473045
2021-09-20,48.1,48.5,48.1,48.4,540688
2021-09-21,48.3,48.5,47.6,47.9,1787731
2021-09-22,48.0,48.0,47.7,47.9,888608
2021-09-23,48.4,48.4,47.2,47.4,1541005
2021-09-26,47.4,47.8,46.9,47.1,647783
2021-09-27,47.4,47.5,47.0,47.1,2303367
2021-09-28,47.4,48.0,47.1,47.8,1362081
2021-09-29,48.4,48.4,47.3,47.5,872942
2021-09-30,48.1,48.1,47.3,47.6,805836
2021-10-03,47.7,47.8,47.2,47.6,528138
2021-10-04,47.2,47.8,47.2,47.5,612620
2021-10-05,47.9,47.9,47.2,47.4,416796
2021-10-06,47.2,47.5,46.7,47.0,828642
2021-10-07,47.2,47.5,46.6,47.2,701315
2021-10-10,47.2,48.4,47.2,48.2,502675
2021-10-11,48.3,48.3,46.9,47.2,736353
2021-10-12,47.2,47.4,46.8,46.9,1325147
2021-10-13,47.0,47.3,45.0,46.2,810972
2021-10-14,46.8,46.8,45.6,45.8,662677
2021-10-17,45.9,46.7,45.7,45.9,423139
2021-10-18,46.0,46.1,45.1,45.2,683889
2021-10-19,47.5,47.5,45.2,45.7,1225824
2021-10-21,45.7,46.0,45.4,45.5,398525
2021-10-24,45.6,46.0,45.5,45.7,195890
2021-10-25,45.5,45.5,44.2,44.8,743438
2021-10-26,45.0,45.2,44.2,44.9,275738
2021-10-27,45.0,46.8,44.9,46.4,470023
2021-10-28,46.4,46.8,45.7,46.2,1268055
2021-10-31,46.3,46.5,45.6,45.8,446350
2021-11-01,45.9,45.9,44.2,44.8,823143
2021-11-02,44.8,44.9,44.4,44.5,338265
2021-11-03,44.7,45.9,44.4,44.6,906195
2021-11-04,44.6,44.6,43.2,43.7,721900
2021-11-07,44.0,44.9,43.5,43.8,206488
2021-11-08,44.8,44.8,43.6,44.0,371212
2021-11-09,44.0,44.2,43.7,44.0,882639
2021-11-10,44.0,44.7,43.9,44.3,813183
2021-11-11,48.7,48.7,48.7,48.7,1728490
2021-11-14,53.5,53.5,50.7,51.4,12466753
2021-11-15,51.4,56.5,50.5,56.5,15837054
2021-11-16,61.5,61.5,57.7,60.1,12339175
2021-11-17,59.9,59.9,56.7,57.5,6381650
2021-11-18,57.9,59.0,57.2,58.5,5329660
2021-11-21,58.9,59.2,55.9,56.3,3504095
2021-11-22,56.3,57.0,55.8,55.9,3718818
2021-11-23,55.8,56.0,53.5,54.4,3197611
2021-11-24,54.6,55.7,52.7,53.5,2676395
2021-11-25,53.5,53.6,52.2,52.4,1542687
2021-11-28,53.5,54.2,51.6,53.8,1572599
2021-11-29,53.5,55.6,53.5,55.0,5939840
2021-11-30,55.2,56.5,52.6,54.2,4822515
2021-12-01,54.8,55.3,53.9,54.4,3099397
2021-12-02,53.8,55.1,52.3,54.4,3526974
2021-12-05,54.8,55.0,54.0,54.9,1960940
2021-12-06,54.3,56.5,54.2,56.1,2365792
2021-12-07,56.1,57.1,56.1,56.3,2164515
2021-12-08,56.0,56.0,54.6,55.2,2655464
2021-12-09,55.9,55.9,54.9,55.6,2149500
2021-12-12,56.4,56.4,54.3,54.5,624765
2021-12-13,54.3,55.4,53.8,55.0,1610874
2021-12-14,55.4,55.8,53.9,55.5,1404304
2021-12-15,55.4,55.9,54.5,54.8,599353
2021-12-19,54.8,55.8,53.2,53.5,718651
2021-12-20,53.5,54.7,52.7,53.0,1037021
2021-12-21,53.5,54.5,52.4,53.1,630851
2021-12-22,53.1,53.7,52.9,53.3,387999
2021-12-23,53.1,53.5,53.0,53.1,1061591
2021-12-26,53.1,53.1,52.7,52.9,334801
2021-12-27,52.9,53.3,52.8,53.1,723011
2021-12-28,54.5,54.5,53.3,54.0,873485
2021-12-29,53.6,54.5,53.5,54.3,510323
2021-12-30,54.1,55.5,54.1,55.3,1239332
2022-01-02,55.4,56.0,54.5,54.8,276294
2022-01-03,54.7,56.0,54.7,55.7,733421
2022-01-04,55.0,56.6,54.9,56.1,1335638
2022-01-05,56.2,57.8,55.7,57.3,1062201
2022-01-06,57.3,57.7,56.6,57.4,2022115
2022-01-09,56.9,57.3,56.0,56.2,482646
2022-01-10,56.8,56.8,55.8,56.0,705911
2022-01-11,56.8,57.7,55.2,56.8,1715672
2022-01-12,56.8,56.8,56.0,56.2,1123844
2022-01-13,56.3,57.2,56.1,57.0,637291
2022-01-16,56.8,57.6,56.8,57.4,462587
2022-01-17,57.2,57.2,56.9,57.1,464886
2022-01-18,57.3,58.5,57.0,58.0,873093
2022-01-19,58.0,59.2,57.5,59.0,1167531
2022-01-20,59.3,59.3,57.5,58.5,1340541
2022-01-23,58.3,58.4,57.5,57.7,282010
2022-01-24,58.0,58.2,57.5,57.6,800998
2022-01-25,57.5,57.5,56.9,57.0,1038526
2022-01-26,57.9,57.9,56.4,56.6,813956
2022-01-27,56.6,56.8,56.3,56.4,542813
2022-01-30,56.0,56.7,55.5,55.6,333793
2022-01-31,56.0,56.0,54.6,55.2,1604180
2022-02-01,55.2,56.0,55.0,55.7,445227
2022-02-02,56.0,56.6,55.9,56.5,365125
2022-02-03,57.0,57.0,56.2,56.8,233101
2022-02-06,56.7,57.0,56.3,56.7,119166
2022-02-07,56.7,57.7,56.6,57.3,1068040
2022-02-08,57.5,57.7,56.6,57.4,934287
2022-02-09,57.3,57.5,56.7,57.3,512586
2022-02-10,57.1,57.5,56.9,57.0,1247009
2022-02-13,57.0,57.7,57.0,57.5,242513
2022-02-14,57.2,57.5,57.2,57.3,1183539
2022-02-15,57.1,57.3,56.8,56.9,400075
2022-02-16,56.8,56.9,56.1,56.4,656722
2022-02-17,56.4,56.4,55.8,55.9,1053323
2022-02-20,56.0,57.3,54.8,55.2,175099
2022-02-22,55.5,56.0,54.9,55.3,787614
2022-02-23,55.1,55.8,55.1,55.3,1212438
2022-02-24,55.7,55.7,54.5,54.6,1171910
2022-02-27,54.5,55.3,53.5,53.7,803262
2022-02-28,53.7,54.6,53.7,54.0,2617352
2022-03-01,54.0,54.5,52.6,52.8,686543
2022-03-02,53.3,53.4,51.1,51.5,1581030
2022-03-03,52.8,52.8,49.0,51.4,1577537
2022-03-06,51.4,52.3,51.0,51.9,169816
2022-03-07,51.0,52.3,50.4,51.0,551660
2022-03-08,52.0,52.0,48.0,48.7,2132858
2022-03-09,49.2,49.9,48.1,48.4,2731006
2022-03-10,48.7,50.8,48.2,48.6,1404447
2022-03-13,48.9,49.7,48.8,49.4,340978
2022-03-14,49.4,49.7,48.5,49.0,2043491
2022-03-15,49.0,49.0,48.2,48.4,1561670
2022-03-16,48.4,50.5,47.8,49.7,1725382
2022-03-20,49.5,49.7,49.2,49.4,396840
2022-03-21,49.0,49.9,48.5,49.4,1112816
2022-03-22,49.4,50.1,49.4,50.0,2018631
2022-03-23,50.1,50.7,49.9,50.1,519652
2022-03-24,50.2,50.3,49.8,50.0,1439322
2022-03-27,49.8,50.5,49.0,50.3,334850
2022-03-28,50.4,50.6,49.6,49.9,734643
2022-03-29,50.0,50.4,49.8,50.1,573836
2022-03-30,50.2,50.3,49.6,50.0,1689834
2022-03-31,49.9,50.0,49.4,49.7,1215761
2022-04-03,50.4,50.7,49.6,50.3,334288
2022-04-04,50.9,50.9,49.5,49.9,216314
2022-04-05,50.3,50.3,49.2,49.3,195497
2022-04-07,45.0,45.9,45.0,45.3,841939
2022-04-10,45.7,45.9,45.2,45.4,84202
2022-04-11,45.7,46.0,45.4,45.4,620269
2022-04-12,48.0,48.0,44.8,45.0,201947
2022-04-13,45.0,45.5,44.9,45.2,210844
2022-04-17,45.9,46.5,45.3,46.1,175722
2022-04-18,45.6,46.1,45.6,45.7,209057
2022-04-19,45.6,46.9,45.2,45.9,568409
2022-04-20,45.6,46.0,45.6,45.8,144835
2022-04-21,47.0,47.0,45.5,45.9,527925
2022-04-24,47.0,47.0,45.5,46.0,338986
2022-04-25,46.6,46.6,45.8,46.3,498899
2022-04-26,46.7,46.7,45.9,46.3,966012
2022-04-27,46.3,46.6,46.0,46.4,1106468
2022-04-28,46.8,46.8,45.8,46.0,636108
2022-05-05,45.5,46.4,45.5,46.0,998385
2022-05-08,46.5,46.5,45.8,45.8,142048
2022-05-09,46.0,46.0,45.4,45.5,368908
2022-05-10,45.5,45.8,45.1,45.4,1016720
2022-05-11,45.5,45.5,44.8,44.9,930487
2022-05-12,44.8,44.9,43.9,44.2,663408
2022-05-16,44.1,44.6,43.9,44.2,2966252
2022-05-17,44.6,45.8,43.9,44.7,342809
2022-05-18,44.1,45.2,44.1,44.6,486610
2022-05-19,44.3,44.9,43.5,43.7,835726
2022-05-22,43.7,43.7,41.9,42.4,175927
2022-05-23,43.0,43.3,41.7,42.0,2099199
2022-05-24,42.0,42.3,40.9,41.7,3071231
2022-05-25,41.0,41.7,40.2,40.8,629813
2022-05-26,40.8,40.8,40.0,40.3,1015888
2022-05-29,41.5,42.0,40.5,40.9,445161
2022-05-30,40.9,42.0,40.7,41.4,2518792
2022-05-31,41.6,41.6,41.0,41.1,483789
2022-06-01,41.7,41.7,40.3,40.3,1046107
2022-06-02,40.4,40.5,39.9,40.0,1524629
2022-06-05,40.4,41.8,40.4,41.0,1008837
2022-06-06,41.0,41.9,40.9,41.3,4466210
2022-06-07,41.6,43.0,41.4,42.4,2778085
2022-06-08,42.7,43.5,42.4,42.9,2908662
2022-06-09,43.0,44.0,42.9,43.2,3310792
2022-06-12,43.1,43.2,42.4,42.5,973770
2022-06-13,42.2,42.2,41.8,41.9,1615201
2022-06-14,42.3,42.5,41.5,41.9,1149609
2022-06-15,41.8,42.3,41.6,41.7,960748
2022-06-16,41.9,42.0,40.9,40.9,4096195
2022-06-19,42.0,42.0,40.2,40.2,653840
2022-06-20,40.5,40.5,39.4,39.4,906691
2022-06-21,39.0,39.2,38.7,38.8,2516474
2022-06-22,39.6,39.6,38.1,38.1,2927675
2022-06-23,38.5,39.4,38.2,38.4,1478594
2022-06-26,39.0,39.1,38.6,38.8,525691
2022-06-27,38.9,39.8,38.8,39.6,1571221
2022-06-28,39.6,40.9,39.6,40.5,2543582
2022-06-29,40.6,41.9,40.6,41.6,1771863
2022-06-30,41.8,41.8,41.2,41.5,2116607
2022-07-03,41.0,41.0,40.7,40.7,436991
2022-07-04,40.2,40.4,39.9,40.0,699159
2022-07-05,40.1,40.4,39.9,40.1,1794666
2022-07-06,40.3,40.3,39.3,39.3,1795154
2022-07-07,39.8,39.8,38.7,39.0,546219
2022-07-12,39.0,39.0,38.4,38.7,603784
2022-07-13,39.9,39.9,38.3,38.5,731851
2022-07-14,39.0,39.0,38.0,38.9,966732
2022-07-17,39.0,39.3,38.5,38.7,335956
2022-07-18,38.3,38.5,38.0,38.0,510941
2022-07-19,37.5,38.1,37.3,38.0,977514
2022-07-20,37.8,39.5,37.5,37.8,557009
2022-07-21,38.5,38.9,38.0,38.6,675855
2022-07-24,38.7,38.7,37.9,38.2,266282
2022-07-25,37.9,39.1,37.9,38.9,380220
2022-07-26,39.0,39.8,39.0,39.2,820020
2022-07-27,39.0,39.0,38.5,38.5,272458
2022-07-28,37.9,38.4,37.8,37.9,459492
2022-07-31,38.6,38.9,38.5,38.6,392744
2022-08-01,38.9,39.1,38.7,38.8,221680
2022-08-02,38.8,39.5,38.8,39.4,604881
2022-08-03,39.9,40.7,39.4,39.9,1631488
2022-08-04,40.6,40.8,39.6,40.0,730917
2022-08-07,38.5,39.9,38.5,39.5,285758
2022-08-08,39.5,39.7,39.0,39.2,978949
2022-08-10,39.8,39.8,38.8,39.5,1344274
2022-08-11,39.0,39.4,38.8,38.9,133925
2022-08-14,39.0,39.5,38.9,39.3,87435
2022-08-16,39.7,39.7,38.9,39.0,480259
2022-08-17,39.0,39.2,38.8,38.9,344960
2022-08-21,39.4,39.5,38.9,39.0,226646
2022-08-22,39.0,39.0,38.8,39.0,1314857
2022-08-23,38.9,39.0,38.7,38.8,1584188
2022-08-24,38.9,38.9,38.5,38.5,2093796
2022-08-25,38.5,38.5,38.5,38.5,1012384
2022-08-28,38.5,38.9,38.5,38.5,3391805
2022-08-29,38.6,39.0,38.5,38.5,2392362
2022-08-30,38.5,38.5,38.5,38.5,1546238
2022-08-31,38.5,38.8,38.5,38.6,6766893
2022-09-01,38.6,38.9,38.5,38.5,3745028
2022-09-04,38.6,38.6,38.5,38.5,2123355
2022-09-05,38.5,38.5,38.5,38.5,808532
2022-09-06,38.5,38.5,38.5,38.5,186096
2022-09-07,38.5,38.5,38.5,38.5,158549
2022-09-08,38.5,38.5,38.5,38.5,1016203
2022-09-11,38.5,38.5,38.5,38.5,88276
2022-09-12,38.5,38.5,38.5,38.5,115641
2022-09-13,38.5,38.5,38.5,38.5,60191
2022-09-14,38.5,38.5,38.5,38.5,20587
2022-09-15,38.5,38.5,38.5,38.5,48012
2022-09-18,38.5,38.5,38.5,38.5,28957
2022-09-19,38.5,38.5,38.5,38.5,60536
2022-09-20,38.5,38.5,38.5,38.5,175537
2022-09-21,38.5,38.5,38.5,38.5,1107207
2022-09-22,38.5,38.5,38.5,38.5,34146
2022-09-25,38.5,38.5,38.5,38.5,603201
2022-09-26,38.5,38.5,38.5,38.5,25640
2022-09-27,38.5,38.5,38.5,38.5,26573
2022-09-28,38.5,38.5,38.5,38.5,59004
2022-09-29,38.5,38.5,38.5,38.5,11332
2022-10-02,38.5,38.5,38.5,38.5,26261
2022-10-03,38.5,38.5,38.5,38.5,35599
2022-10-04,38.5,38.5,38.5,38.5,46147
2022-10-06,38.5,38.5,38.5,38.5,23865
2022-10-10,38.5,38.5,38.5,38.5,407469
2022-10-11,38.5,38.5,38.5,38.5,225907
2022-10-12,38.5,38.5,38.5,38.5,110149
2022-10-13,38.5,38.5,38.5,38.5,76142
2022-10-16,38.5,38.5,38.5,38.5,8887
2022-10-17,38.5,38.5,38.5,38.5,7245
2022-10-18,38.5,38.5,38.5,38.5,1859
2022-10-19,38.5,38.5,38.5,38.5,9297
2022-10-20,38.5,38.5,38.5,38.5,2630
2022-10-23,38.5,38.5,38.5,38.5,1886
2022-10-24,38.5,38.5,38.5,38.5,1915
2022-10-25,38.5,38.5,38.5,38.5,1154
2022-10-26,38.5,38.5,38.5,38.5,11515
2022-10-27,38.5,38.5,38.5,38.5,250100
2022-10-30,38.5,38.5,38.5,38.5,104292
2022-10-31,38.5,38.5,38.5,38.5,10349
2022-11-01,38.5,38.5,38.5,38.5,13123
2022-11-02,38.5,38.5,38.5,38.5,6556
2022-11-03,38.5,38.5,38.5,38.5,5961
2022-11-06,38.5,38.5,38.5,38.5,15626
2022-11-07,38.5,38.5,38.5,38.5,9155
2022-11-08,38.5,38.5,38.5,38.5,7976
2022-11-09,38.5,38.5,38.5,38.5,4093
2022-11-10,38.5,38.5,38.5,38.5,2029
2022-11-13,38.5,38.5,38.5,38.5,2251
2022-11-14,38.5,38.5,38.5,38.5,728
2022-11-15,38.5,38.5,38.5,38.5,2141
2022-11-16,38.5,38.5,38.5,38.5,2775
2022-11-17,38.5,38.5,38.5,38.5,1023
2022-11-20,38.5,38.5,38.5,38.5,3136
2022-11-21,38.5,38.5,38.5,38.5,94
2022-11-22,38.5,38.5,38.5,38.5,5416
2022-11-23,38.5,38.5,38.5,38.5,669
2022-11-24,38.5,38.5,38.5,38.5,43301
2022-11-27,38.5,38.5,38.5,38.5,1677
2022-11-28,38.5,38.5,38.5,38.5,421
2022-11-29,38.5,38.5,38.5,38.5,367
2022-11-30,38.5,38.5,38.5,38.5,2728
2022-12-01,38.5,38.5,38.5,38.5,162
2022-12-04,38.5,38.5,38.5,38.5,58152
2022-12-05,38.5,38.5,38.5,38.5,9500
2022-12-06,38.5,38.5,38.5,38.5,889
2022-12-07,38.5,38.5,38.5,38.5,35210
2022-12-08,38.5,38.5,38.5,38.5,522
2022-12-11,38.5,38.5,38.5,38.5,10091
2022-12-12,38.5,38.5,38.5,38.5,583
2022-12-13,38.5,38.5,38.5,38.5,7990
2022-12-14,38.5,38.5,38.5,38.5,1144
2022-12-15,38.5,38.5,38.5,38.5,1579
2022-12-18,38.5,38.5,38.5,38.5,5205
2022-12-19,38.5,38.5,38.5,38.5,10415
2022-12-20,38.5,38.5,38.5,38.5,3843
2022-12-21,38.5,38.5,38.5,38.5,11049
2022-12-22,38.5,38.5,38.5,38.5,277
2022-12-26,38.5,38.5,38.5,38.5,6317
2022-12-27,38.5,38.5,38.5,38.5,5765
2022-12-28,38.5,38.5,38.5,38.5,1060
2022-12-29,38.5,38.5,38.5,38.5,5337
2023-01-01,38.5,38.5,38.5,38.5,1953
2023-01-02,38.5,38.5,38.5,38.5,800
2023-01-03,38.5,38.5,38.5,38.5,182
2023-01-04,38.5,38.5,38.5,38.5,2717
2023-01-05,38.5,38.5,38.5,38.5,2518
2023-01-08,38.5,38.5,38.5,38.5,1100
2023-01-09,38.5,38.5,38.5,38.5,1066
2023-01-10,38.5,38.5,38.5,38.5,3425
2023-01-11,38.5,38.5,38.5,38.5,10000
2023-01-12,38.5,38.5,38.5,38.5,1654
2023-01-15,38.5,38.5,38.5,38.5,9230
2023-01-16,38.5,38.5,38.5,38.5,23860
2023-01-17,38.5,38.5,38.5,38.5,8808
2023-01-18,38.5,38.5,38.5,38.5,4334
2023-01-19,38.5,38.5,38.5,38.5,2935
2023-01-22,38.5,38.5,38.5,38.5,1864
2023-01-23,38.5,38.5,38.5,38.5,5272
2023-01-24,38.5,38.5,38.5,38.5,1725
2023-01-25,38.5,38.5,38.5,38.5,992
2023-01-26,38.5,38.5,38.5,38.5,2876
2023-01-29,38.5,38.5,38.5,38.5,2070
2023-01-30,38.5,38.5,38.5,38.5,14681
2023-01-31,38.5,38.5,38.5,38.5,1291
2023-02-01,38.5,38.5,38.5,38.5,3772
2023-02-02,38.5,38.5,38.5,38.5,1325
2023-02-05,38.5,38.5,38.5,38.5,5832
2023-02-06,38.5,38.5,38.5,38.5,127601
2023-02-07,38.5,38.5,38.5,38.5,2297
2023-02-08,38.5,38.5,38.5,38.5,2030
2023-02-09,38.5,38.5,38.5,38.5,178
2023-02-12,38.5,38.5,38.5,38.5,5128
2023-02-13,38.5,38.5,38.5,38.5,148
2023-02-14,38.5,38.5,38.5,38.5,170
2023-02-15,38.5,38.5,38.5,38.5,4125
2023-02-16,38.5,38.5,38.5,38.5,3143
2023-02-19,38.5,38.5,38.5,38.5,11
2023-02-20,38.5,38.5,38.5,38.5,106
2023-02-22,38.5,38.5,38.5,38.5,1500
2023-02-23,38.5,38.5,38.5,38.5,913
2023-02-26,38.5,38.5,38.5,38.5,1705
2023-02-27,38.5,38.5,38.5,38.5,1060
2023-02-28,38.5,38.5,38.5,38.5,5221
2023-03-01,38.5,38.5,38.5,38.5,3855
2023-03-02,38.5,38.5,38.5,38.5,1564
2023-03-05,38.5,38.5,38.5,38.5,2411
2023-03-06,38.5,38.5,38.5,38.5,50210
2023-03-07,38.5,38.5,38.5,38.5,1469
2023-03-09,38.5,38.5,38.5,38.5,105
2023-03-12,38.5,38.5,38.5,38.5,477
2023-03-13,38.5,38.5,38.5,38.5,1476
2023-03-14,38.5,38.5,38.5,38.5,1166
2023-03-15,38.5,38.5,38.5,38.5,850
2023-03-16,38.5,38.5,38.5,38.5,173
2023-03-19,38.5,38.5,38.5,38.5,9841
2023-03-20,38.5,38.5,38.5,38.5,632
2023-03-21,38.5,38.5,38.5,38.5,90
2023-03-22,38.5,38.5,38.5,38.5,1057
2023-03-23,38.5,38.5,38.5,38.5,160
2023-03-27,38.5,38.5,38.5,38.5,5600
2023-03-28,38.5,38.5,38.5,38.5,877
2023-03-29,38.5,38.5,38.5,38.5,660
2023-03-30,38.5,38.5,38.5,38.5,1811
2023-04-02,38.5,38.5,38.5,38.5,1409
2023-04-03,38.5,38.5,38.5,38.5,1310
2023-04-04,38.5,38.5,38.5,38.5,2295
2023-04-05,38.5,38.5,38.5,38.5,2829
2023-04-06,38.5,38.5,38.5,38.5,382
2023-04-09,38.5,38.5,38.5,38.5,5220
2023-04-10,38.5,38.5,38.5,38.5,1337
2023-04-11,38.5,38.5,38.5,38.5,5236
2023-04-12,38.5,38.5,38.5,38.5,7558
2023-04-13,38.5,38.5,38.5,38.5,18047
2023-04-16,38.5,38.5,38.5,38.5,55483
2023-04-17,38.5,38.5,38.5,38.5,8282
2023-04-18,38.5,38.5,38.5,38.5,6751
2023-04-24,38.5,38.5,38.5,38.5,2854
2023-04-25,38.5,38.5,38.5,38.5,11221
2023-04-26,38.5,38.5,38.5,38.5,6038
2023-04-27,38.5,38.5,38.5,38.5,10463
2023-04-30,38.5,38.5,38.5,38.5,6569
2023-05-02,38.5,38.5,38.5,38.5,17508
2023-05-03,38.5,38.5,38.5,38.5,33207
2023-05-07,38.5,38.5,38.5,38.5,13353
2023-05-08,38.5,38.5,38.5,38.5,33662
2023-05-10,38.5,38.5,38.5,38.5,6662
2023-05-11,38.5,38.5,38.5,38.5,8321
2023-05-14,38.5,38.5,38.5,38.5,12825
2023-05-16,35.8,35.8,35.8,35.8,14968
2023-05-17,35.8,35.8,35.8,35.8,6100
2023-05-18,35.8,35.8,35.8,35.8,3187
2023-05-21,35.8,35.8,35.8,35.8,1980
2023-05-22,35.8,35.8,35.8,35.8,1088
2023-05-23,35.8,35.8,35.8,35.8,1911
2023-05-24,35.8,35.8,35.8,35.8,1091
2023-05-25,35.8,35.8,35.8,35.8,3524
2023-05-28,35.8,35.8,35.8,35.8,12045
2023-05-29,35.8,35.8,35.8,35.8,1870
2023-05-30,35.8,35.8,35.8,35.8,8277
2023-05-31,35.8,35.8,35.8,35.8,9182
2023-06-01,35.8,35.8,35.8,35.8,13087
2023-06-04,35.8,35.8,35.8,35.8,2135
2023-06-05,35.8,35.8,35.8,35.8,4812
2023-06-06,35.8,35.8,35.8,35.8,28533
2023-06-07,35.8,35.8,35.8,35.8,11781
2023-06-08,35.8,35.8,35.8,35.8,4697
2023-06-11,35.8,35.8,35.8,35.8,5312
2023-06-12,35.8,35.8,35.8,35.8,2635
2023-06-13,35.8,35.8,35.8,35.8,8025
2023-06-14,35.8,35.8,35.8,35.8,16597
2023-06-15,35.8,35.8,35.8,35.8,712
2023-06-18,35.8,35.8,35.8,35.8,8556
2023-06-19,35.8,35.8,35.8,35.8,9219
2023-06-20,35.8,35.8,35.8,35.8,3261
2023-06-21,35.8,35.8,35.8,35.8,7717
2023-06-22,35.8,35.8,35.8,35.8,13950
2023-06-25,35.8,35.8,35.8,35.8,14637
2023-06-26,35.8,35.8,35.8,35.8,10097
2023-07-02,35.8,35.8,35.8,35.8,18901
2023-07-03,35.8,35.8,35.8,35.8,4592
2023-07-04,35.8,35.8,35.8,35.8,5163
2023-07-05,35.8,35.8,35.8,35.8,7887
2023-07-06,35.8,35.8,35.8,35.8,9016
2023-07-09,35.8,35.8,35.8,35.8,1049
2023-07-10,35.8,35.8,35.8,35.8,3599
2023-07-11,35.8,35.8,35.8,35.8,762
2023-07-12,35.8,35.8,35.8,35.8,78503
2023-07-13,35.8,35.8,35.8,35.8,1403
2023-07-16,35.8,35.8,35.8,35.8,3373
2023-07-17,35.8,35.8,35.8,35.8,9217
2023-07-18,35.8,35.8,35.8,35.8,2070
2023-07-19,35.8,35.8,35.8,35.8,7691
2023-07-20,35.8,35.8,35.8,35.8,5657
2023-07-23,35.8,35.8,35.8,35.8,16791
2023-07-24,35.8,35.8,35.8,35.8,2215
2023-07-25,35.8,35.8,35.8,35.8,2133
2023-07-26,35.8,35.8,35.8,35.8,8552
2023-07-27,35.8,35.8,35.8,35.8,2595
2023-07-30,35.8,35.8,35.8,35.8,4210
2023-07-31,35.8,35.8,35.8,35.8,5785
2023-08-01,35.8,35.8,35.8,35.8,5228
2023-08-02,35.8,35.8,35.8,35.8,2809
2023-08-03,35.8,35.8,35.8,35.8,6266
2023-08-06,35.8,35.8,35.8,35.8,200
2023-08-07,35.8,35.8,35.8,35.8,4959
2023-08-08,35.8,35.8,35.8,35.8,302
2023-08-09,35.8,35.8,35.8,35.8,14566
2023-08-10,35.8,35.8,35.8,35.8,2231
2023-08-13,35.8,35.8,35.8,35.8,2045
2023-08-14,35.8,35.8,35.8,35.8,816
2023-08-16,35.8,35.8,35.8,35.8,1445
2023-08-17,35.8,35.8,35.8,35.8,236
2023-08-20,35.8,35.8,35.8,35.8,6472
2023-08-21,35.8,35.8,35.8,35.8,6990
2023-08-22,35.8,35.8,35.8,35.8,5566
2023-08-23,35.8,35.8,35.8,35.8,1221
2023-08-24,35.8,35.8,35.8,35.8,3471
2023-08-27,35.8,35.8,35.8,35.8,1882
2023-08-28,35.8,35.8,35.8,35.8,4637
2023-08-29,35.8,35.8,35.8,35.8,9109
2023-08-30,35.8,35.8,35.8,35.8,1967
2023-08-31,35.8,35.8,35.8,35.8,2257
2023-09-03,35.8,35.8,35.8,35.8,737
2023-09-04,35.8,35.8,35.8,35.8,1641
2023-09-05,35.8,35.8,35.8,35.8,1232
2023-09-07,35.8,35.8,35.8,35.8,1856
2023-09-10,35.8,35.8,35.8,35.8,1195
2023-09-11,35.8,35.8,35.8,35.8,1895
2023-09-12,35.8,35.8,35.8,35.8,1141
2023-09-13,35.8,35.8,35.8,35.8,1389
2023-09-14,35.8,35.8,35.8,35.8,1123
2023-09-17,35.8,35.8,35.8,35.8,1437
2023-09-18,35.8,35.8,35.8,35.8,3438
2023-09-19,35.8,35.8,35.8,35.8,5624
2023-09-20,35.8,35.8,35.8,35.8,1627
2023-09-21,35.8,35.8,35.8,35.8,1822
2023-09-24,35.8,35.8,35.8,35.8,2709
2023-09-25,35.8,35.8,35.8,35.8,1178
2023-09-26,35.8,35.8,35.8,35.8,286
2023-09-27,35.8,35.8,35.8,35.8,5882
2023-10-01,35.8,35.8,35.8,35.8,583
2023-10-02,35.8,35.8,35.8,35.8,18781
2023-10-03,35.8,35.8,35.8,35.8,6766
2023-10-04,35.8,35.8,35.8,35.8,1201
2023-10-05,35.8,35.8,35.8,35.8,16333
2023-10-08,35.8,35.8,35.8,35.8,9211
2023-10-09,35.8,35.8,35.8,35.8,587
2023-10-10,35.8,35.8,35.8,35.8,80
2023-10-11,35.8,35.8,35.8,35.8,2916
2023-10-12,35.8,35.8,35.8,35.8,2020
2023-10-15,35.8,35.8,35.8,35.8,1034
2023-10-16,35.8,35.8,35.8,35.8,386
2023-10-17,35.8,35.8,35.8,35.8,41
2023-10-18,35.8,35.8,35.8,35.8,422
2023-10-19,35.8,35.8,35.8,35.8,1569
2023-10-22,35.8,35.8,35.8,35.8,665
2023-10-23,35.8,35.8,35.8,35.8,1225
2023-10-25,35.8,35.8,35.8,35.8,53
2023-10-26,35.8,35.8,35.8,35.8,610
2023-10-29,35.8,35.8,35.8,35.8,1757
2023-10-30,35.8,35.8,35.8,35.8,6835
2023-10-31,35.8,35.8,35.8,35.8,2705
2023-11-01,35.8,35.8,35.8,35.8,21141
2023-11-02,35.8,35.8,35.8,35.8,15372
2023-11-05,35.8,35.8,35.8,35.8,8657
2023-11-06,35.8,35.8,35.8,35.8,670
2023-11-07,35.8,35.8,35.8,35.8,10787
2023-11-08,35.8,35.8,35.8,35.8,3172
2023-11-09,35.8,35.8,35.8,35.8,1665
2023-11-12,35.8,35.8,35.8,35.8,733
2023-11-13,35.8,35.8,35.8,35.8,8884
2023-11-14,35.8,35.8,35.8,35.8,5233
2023-11-15,35.8,35.8,35.8,35.8,2356
2023-11-16,35.8,35.8,35.8,35.8,774
2023-11-19,35.8,35.8,35.8,35.8,1490
2023-11-20,35.8,35.8,35.8,35.8,953
2023-11-21,35.8,35.8,35.8,35.8,3219
2023-11-22,35.8,35.8,35.8,35.8,1116
2023-11-23,35.8,35.8,35.8,35.8,6938
2023-11-26,35.8,35.8,35.8,35.8,153
2023-11-27,35.8,35.8,35.8,35.8,3306
2023-11-28,35.8,35.8,35.8,35.8,151074
2023-11-29,35.8,35.8,35.8,35.8,2569
2023-11-30,35.8,35.8,35.8,35.8,5586
2023-12-03,35.8,35.8,35.8,35.8,1768
2023-12-04,35.8,35.8,35.8,35.8,5190
2023-12-05,35.8,35.8,35.8,35.8,4720
2023-12-06,35.8,35.8,35.8,35.8,5621
2023-12-07,35.8,35.8,35.8,35.8,2707
2023-12-10,35.8,35.8,35.8,35.8,6960
2023-12-11,35.8,35.8,35.8,35.8,5574
2023-12-12,35.8,35.8,35.8,35.8,13382
2023-12-13,35.8,35.8,35.8,35.8,13587
2023-12-14,35.8,35.8,35.8,35.8,19751
2023-12-17,35.8,35.8,35.8,35.8,7876
2023-12-18,35.8,35.8,35.8,35.8,12508
2023-12-19,35.8,35.8,35.8,35.8,5687
2023-12-20,35.8,35.8,35.8,35.8,6066
2023-12-21,35.8,35.8,35.8,35.8,6102
2023-12-24,35.8,35.8,35.8,35.8,5925
2023-12-26,35.8,35.8,35.8,35.8,10369
2023-12-27,35.8,35.8,35.8,35.8,18626
2023-12-28,35.8,35.8,35.8,35.8,18484
2024-01-01,35.8,35.8,35.8,35.8,12989
2024-01-02,35.8,35.8,35.8,35.8,11343
2024-01-03,35.8,35.8,35.8,35.8,3610
2024-01-04,35.8,35.8,35.8,35.8,41169
2024-01-08,35.8,35.8,35.8,35.8,58569
2024-01-09,35.8,35.8,35.8,35.8,74799
2024-01-10,35.8,35.8,35.8,35.8,22263
2024-01-11,35.8,35.8,35.8,35.8,40948
2024-01-14,35.8,35.8,35.8,35.8,24002
2024-01-15,35.8,35.8,35.8,35.8,17967
2024-01-16,35.8,35.8,35.8,35.8,18793
2024-01-17,35.8,35.8,35.8,35.8,20286
2024-01-18,35.8,35.8,35.8,35.8,13528
2024-01-21,32.3,36.8,32.3,36.3,4933208
2024-01-22,36.5,36.9,35.8,36.2,3512723
2024-01-23,36.2,38.1,36.1,37.9,7889381
2024-01-24,37.8,38.4,37.0,38.1,3412258
2024-01-25,38.1,38.1,37.3,37.5,2131461
2024-01-28,37.5,37.8,35.8,36.0,1024676
2024-01-29,37.1,37.1,33.9,36.9,1022946
2024-01-30,37.5,37.9,36.7,37.8,1046759
2024-01-31,39.0,39.0,37.5,37.7,911861
2024-02-01,37.7,38.2,37.7,37.8,936873
2024-02-04,38.0,38.4,37.5,38.3,1881161
2024-02-05,38.5,39.2,38.1,39.0,1525852
2024-02-06,38.5,39.8,38.5,39.5,2771311
2024-02-07,39.3,39.5,38.8,39.1,1335138
2024-02-08,39.1,39.5,38.9,39.1,1138441
2024-02-11,39.2,41.0,39.2,40.9,2300305
2024-02-12,40.9,41.7,40.6,41.3,1991770
2024-02-13,41.3,43.1,40.9,42.3,3590246
2024-02-14,42.4,43.1,41.8,42.8,2804530
2024-02-15,43.2,43.2,42.6,43.0,1904182
2024-02-18,42.5,43.0,41.5,41.6,1089093
2024-02-19,42.0,42.9,42.0,42.3,1593468
2024-02-20,42.6,42.9,42.2,42.7,1304937
