Date,Open,High,Low,Close,Volume
2012-10-01,147.0,159.1,141.6,158.9,1682300
2012-10-02,161.8,161.8,149.2,149.9,2383700
2012-10-03,153.0,154.0,143.3,144.2,1290200
2012-10-04,149.0,149.7,135.0,137.9,977200
2012-10-07,142.0,149.0,138.1,142.1,1159700
2012-10-08,145.5,156.0,144.2,154.8,1595600
2012-10-09,158.0,170.0,158.0,168.9,2354200
2012-10-10,172.9,174.0,162.9,165.1,1973900
2012-10-11,167.0,173.9,163.5,172.0,2058200
2012-10-14,176.0,176.0,164.3,165.6,2195300
2012-10-15,166.0,167.7,158.2,160.4,1561400
2012-10-16,162.0,163.9,156.5,157.7,1058000
2012-10-17,159.8,159.9,155.3,155.9,730300
2012-10-18,159.0,159.4,154.3,155.0,520500
2012-10-21,158.0,158.0,147.5,150.2,721900
2012-10-22,151.9,159.8,147.5,158.5,630700
2012-10-23,161.0,161.9,155.0,156.5,687800
2012-10-30,155.1,156.5,152.5,152.9,321700
2012-10-31,152.0,154.5,151.3,151.8,459200
2012-11-01,152.0,155.0,152.0,152.2,369000
2012-11-04,151.2,154.5,145.1,146.1,490200
2012-11-05,147.8,152.9,144.4,151.5,721900
2012-11-06,152.5,156.0,149.6,150.8,577700
2012-11-07,152.9,152.9,146.1,146.9,384400
2012-11-08,147.0,148.5,144.5,144.8,596400
2012-11-11,146.7,146.8,136.6,137.7,628900
2012-11-12,139.0,142.0,136.0,138.8,375700
2012-11-13,139.1,144.7,136.6,143.3,429200
2012-11-14,145.0,145.7,141.0,142.2,490500
2012-11-15,141.5,145.4,141.4,144.1,412400
2012-11-18,144.6,146.0,138.0,140.2,338700
2012-11-19,138.3,140.0,134.0,134.7,419400
2012-11-20,135.0,135.7,126.1,128.7,430100
2012-11-21,130.0,132.3,125.0,125.6,609100
2012-11-22,128.0,128.9,124.2,124.7,460400
2012-11-26,124.9,128.0,121.6,124.4,963500
2012-11-27,125.0,126.5,122.9,123.3,419100
2012-11-28,123.5,127.0,123.5,124.1,484500
2012-11-29,128.0,136.5,128.0,136.5,1110300
2012-12-02,141.9,146.7,138.4,139.7,1001900
2012-12-03,139.5,141.4,133.0,134.6,495400
2012-12-04,132.3,139.0,132.2,137.8,499100
2012-12-05,139.0,141.9,135.0,140.5,799700
2012-12-06,140.4,147.4,137.0,144.9,1517200
2012-12-09,143.0,143.0,137.3,138.7,480600
2012-12-10,137.8,141.3,136.3,138.8,492500
2012-12-11,138.0,139.9,136.6,138.1,383500
2012-12-12,139.0,142.4,135.1,136.7,391800
2012-12-13,136.5,138.4,135.5,136.4,321900
2012-12-17,138.6,139.5,135.5,136.7,341700
2012-12-18,135.2,137.9,132.8,133.3,453300
2012-12-19,134.8,135.3,130.6,131.0,478600
2012-12-20,132.6,133.4,129.8,130.1,281400
2012-12-23,129.3,131.0,127.5,127.8,255700
2012-12-24,130.8,132.8,127.1,131.8,412400
2012-12-26,133.4,136.2,132.2,135.0,498000
2012-12-27,135.9,135.9,132.9,134.8,535900
2012-12-30,134.0,134.7,132.3,132.9,407900
2013-01-01,133.9,134.8,130.6,131.2,266900
2013-01-02,131.5,132.0,129.8,129.9,265500
2013-01-03,130.1,131.7,129.0,129.8,265300
2013-01-06,130.5,131.0,129.2,129.3,171900
2013-01-07,129.5,129.5,127.5,127.7,166500
2013-01-08,127.3,129.0,127.2,127.4,174100
2013-01-09,129.9,130.0,125.6,126.0,265200
2013-01-10,127.3,129.0,126.0,127.2,161700
2013-01-13,128.5,128.5,125.5,126.2,137400
2013-01-14,127.7,127.7,125.3,125.8,134900
2013-01-15,126.8,126.8,125.2,125.7,154900
2013-01-16,125.7,126.3,124.3,124.5,245400
2013-01-17,127.0,128.0,125.9,126.7,344900
2013-01-20,127.4,127.4,126.1,126.1,158500
2013-01-21,126.0,126.3,125.0,125.1,138300
2013-01-22,125.2,126.1,125.0,125.9,130700
2013-01-23,127.7,129.6,126.5,128.3,391000
2013-01-24,129.0,133.3,129.0,132.4,669300
2013-01-27,133.2,134.0,130.0,130.1,349700
2013-01-28,131.0,132.0,129.7,130.4,369300
2013-01-29,131.5,132.9,130.0,130.4,470000
2013-01-30,131.1,133.4,130.0,130.4,533200
2013-01-31,130.0,132.1,128.9,129.7,425800
2013-02-03,128.5,131.7,128.5,129.4,333300
2013-02-04,128.8,130.5,128.3,129.3,471800
2013-02-05,128.9,130.8,128.3,129.9,395700
2013-02-06,131.0,131.8,130.0,130.2,289400
2013-02-07,130.2,130.4,127.8,128.1,364400
2013-02-10,129.5,132.1,128.6,131.5,518200
2013-02-11,132.2,135.0,131.9,133.7,710800
2013-02-12,134.9,135.4,130.9,131.2,546000
2013-02-13,132.9,133.6,130.5,130.8,474800
2013-02-14,132.0,133.6,131.0,132.6,646700
2013-02-17,133.6,140.5,133.2,139.4,1502600
2013-02-18,140.0,144.5,137.4,138.8,1043500
2013-02-19,139.0,140.8,135.7,136.2,530500
2013-02-20,136.5,138.0,132.6,133.1,537300
2013-02-24,131.0,133.5,128.2,129.9,576900
2013-02-25,132.4,132.4,126.1,127.4,489000
2013-02-26,129.1,132.8,126.3,130.3,643700
2013-02-27,131.2,131.4,123.1,124.6,474200
2013-02-28,125.0,127.5,124.5,126.8,201800
2013-03-03,124.0,124.5,118.1,119.7,368500
2013-03-04,122.0,123.2,121.0,121.6,249200
2013-03-05,123.0,123.0,118.0,118.8,239700
2013-03-06,120.3,120.9,114.1,114.6,425300
2013-03-07,114.5,114.5,111.4,112.7,196900
2013-03-10,115.0,116.6,113.7,114.3,183500
2013-03-11,114.5,115.3,111.6,114.6,242700
2013-03-12,112.3,117.9,112.2,117.3,356700
2013-03-13,118.5,126.7,117.9,124.1,533700
2013-03-14,124.2,125.8,122.3,123.5,268100
2013-03-18,124.0,124.0,121.2,123.3,144600
2013-03-19,124.7,129.4,124.0,126.6,495800
2013-03-20,126.0,128.4,123.7,124.3,218100
2013-03-24,125.0,125.0,119.6,120.5,310200
2013-03-25,119.5,122.0,118.1,119.7,262700
2013-03-27,117.3,119.4,115.6,116.5,209200
2013-03-28,118.7,119.4,116.5,118.3,143700
2013-03-31,116.8,120.6,116.8,118.9,363400
2013-04-01,119.5,119.5,116.0,116.1,239600
2013-04-02,117.9,118.0,114.9,116.8,132500
2013-04-03,117.9,119.0,116.1,117.8,214700
2013-04-04,117.0,118.5,116.2,118.0,247800
2013-04-07,117.6,119.6,117.3,118.8,454300
2013-04-08,116.0,119.2,116.0,119.0,88300
2013-04-09,119.0,121.8,119.0,120.2,236100
2013-04-10,121.9,124.0,121.1,121.6,195700
2013-04-11,120.1,122.0,119.6,120.1,122600
2013-04-15,122.7,123.6,120.4,121.3,327100
2013-04-16,122.0,122.5,118.6,119.0,151900
2013-04-17,119.5,119.8,118.4,118.9,180600
2013-04-18,118.6,119.8,117.9,118.4,177500
2013-04-21,118.8,119.9,117.1,117.4,164600
2013-04-22,118.3,118.3,116.5,116.7,63500
2013-04-23,117.1,118.0,116.4,116.8,62400
2013-04-24,116.9,116.9,115.6,115.7,67300
2013-04-25,117.0,118.4,116.9,117.9,158000
2013-04-28,116.5,118.3,115.6,117.6,132200
2013-04-29,115.1,121.3,115.1,119.9,381900
2013-04-30,121.0,121.2,118.0,118.8,121700
2013-05-02,117.2,121.2,117.2,120.0,184200
2013-05-05,119.5,120.8,116.9,117.3,163600
2013-05-06,117.1,117.8,116.6,116.8,112000
2013-05-07,118.0,119.4,117.1,117.4,165400
2013-05-08,118.9,119.7,116.7,116.9,247900
2013-05-09,116.9,118.1,116.5,117.5,132400
2013-05-12,118.8,122.2,118.8,121.3,391100
2013-05-13,122.0,130.5,121.3,128.8,786100
2013-05-14,130.0,134.8,129.5,131.1,613500
2013-05-15,132.5,132.5,127.1,127.6,416100
2013-05-16,126.5,131.8,126.5,129.8,622100
2013-05-19,131.0,137.0,131.0,135.7,1046200
2013-05-20,136.8,139.8,135.6,137.6,837800
2013-05-21,138.0,144.0,136.6,141.7,1276200
2013-05-22,141.9,141.9,136.2,136.6,636300
2013-05-26,137.0,138.9,131.8,132.2,383200
2013-05-27,134.4,136.0,132.8,135.2,377200
2013-05-28,138.4,139.0,135.4,137.6,393700
2013-05-29,138.0,145.0,137.6,143.7,1011400
2013-05-30,145.0,147.5,143.0,143.6,815700
2013-06-02,143.6,154.3,143.6,152.6,1158000
2013-06-03,150.5,159.4,148.9,157.7,1016000
2013-06-04,158.0,162.4,158.0,159.6,932700
2013-06-05,160.1,162.2,156.5,158.4,1187200
2013-06-06,160.0,169.4,159.3,164.8,1344000
2013-06-09,165.1,174.8,162.0,169.6,1342500
2013-06-10,171.0,186.5,171.0,186.4,1603400
2013-06-11,188.0,199.9,186.3,196.9,1623200
2013-06-12,200.0,213.7,197.1,200.4,1631400
2013-06-13,201.0,202.0,193.0,194.3,1408700
2013-06-16,199.0,211.8,195.3,211.8,1326900
2013-06-17,219.0,230.3,214.1,230.2,1926000
2013-06-18,231.0,249.0,225.1,243.2,1916200
2013-06-19,245.5,248.9,234.0,235.8,1873600
2013-06-20,236.5,256.4,234.0,251.1,2051400
2013-06-23,255.0,265.0,240.0,243.0,1625700
2013-06-24,245.9,253.0,238.8,249.5,1706500
2013-06-26,258.0,262.0,247.1,248.7,1537400
2013-06-27,251.2,251.2,238.7,239.7,1262700
2013-06-30,240.0,244.6,228.6,231.0,1398700
2013-07-02,235.0,251.2,235.0,251.2,1142800
2013-07-03,259.9,269.5,259.9,262.5,1607800
2013-07-04,262.5,274.2,260.8,267.3,1509500
2013-07-07,269.7,288.0,269.7,286.7,1487200
2013-07-08,289.0,295.0,283.2,285.3,1451300
2013-07-09,288.0,299.9,280.0,283.8,1291700
2013-07-10,285.0,297.0,278.5,289.7,1768700
2013-07-11,292.0,299.2,281.1,284.7,1287900
2013-07-14,292.0,294.0,280.9,282.3,766200
2013-07-15,285.0,290.0,280.9,284.4,1514700
2013-07-16,295.0,309.2,292.0,308.9,1989600
2013-07-17,320.0,335.9,315.0,335.3,1458700
2013-07-18,336.0,340.0,306.0,308.7,1895500
2013-07-21,320.0,325.0,281.8,288.5,1647600
2013-07-22,294.0,295.0,272.0,284.1,1023700
2013-07-23,289.0,297.2,272.1,274.6,1066700
2013-07-24,280.0,298.6,272.4,298.4,1146900
2013-07-25,305.0,309.0,282.4,285.5,933100
2013-07-28,290.0,293.0,280.2,289.0,598600
2013-07-29,293.1,312.4,292.0,310.7,1346200
2013-07-30,320.0,322.9,305.6,307.2,1007300
2013-07-31,311.0,312.0,296.7,299.8,946700
2013-08-01,300.9,302.0,292.5,295.7,641700
2013-08-04,295.7,295.7,284.8,289.5,531000
2013-08-05,288.0,294.9,287.4,293.3,468300
2013-08-12,295.0,307.0,290.2,305.8,577400
2013-08-13,307.8,314.2,305.6,306.6,713100
2013-08-14,309.0,312.0,306.7,309.7,678700
2013-08-18,313.0,324.0,313.0,318.9,1087400
2013-08-19,320.0,321.9,313.1,316.9,866200
2013-08-20,316.5,322.8,304.1,306.0,1697400
2013-08-21,307.0,309.0,293.1,295.4,1352500
2013-08-22,299.0,304.0,286.9,301.9,1155400
2013-08-25,306.0,309.3,287.5,288.4,1510100
2013-08-26,289.0,291.0,281.3,283.8,981800
2013-08-27,284.4,286.0,263.0,264.5,1638400
2013-08-29,266.8,284.0,250.3,275.7,1355100
2013-09-01,284.0,284.0,265.1,266.5,991000
2013-09-02,265.7,265.7,253.4,257.9,985500
2013-09-03,255.0,268.0,254.0,265.1,606400
2013-09-04,269.0,269.0,255.1,256.1,735700
2013-09-05,258.0,260.8,252.0,253.3,475700
2013-09-08,250.0,253.0,238.0,239.7,864100
2013-09-09,244.4,246.2,236.6,244.0,585100
2013-09-10,249.0,259.0,246.0,255.9,871800
2013-09-11,241.0,256.9,237.0,240.1,1264300
2013-09-12,239.9,239.9,229.2,230.7,876500
2013-09-15,234.9,250.8,231.0,250.8,1061100
2013-09-16,255.0,264.0,252.5,253.6,805400
2013-09-17,250.2,253.6,246.0,249.1,712800
2013-09-18,254.0,270.0,244.1,263.8,1247800
2013-09-19,269.0,269.0,258.5,260.2,664300
2013-09-22,260.0,265.0,256.1,258.2,648100
2013-09-23,258.0,260.0,245.8,247.5,537800
2013-09-24,250.9,254.0,243.0,251.3,424500
2013-09-25,254.0,255.9,247.0,251.4,794600
2013-09-29,229.9,234.2,224.0,225.7,1131700
2013-09-30,226.8,226.9,213.1,215.6,464700
2013-10-01,218.0,219.6,212.0,212.8,233500
2013-10-02,214.0,222.0,207.1,219.7,554000
2013-10-03,225.0,226.0,219.7,221.1,421200
2013-10-06,218.3,221.5,212.4,212.7,225200
2013-10-07,210.6,213.7,207.7,208.8,222200
2013-10-08,208.0,211.0,199.0,200.3,332500
2013-10-09,201.0,204.5,196.9,198.8,268500
2013-10-10,199.9,201.6,191.6,192.7,242700
2013-10-20,188.5,189.2,176.0,177.2,244300
2013-10-21,173.2,191.0,165.5,185.7,432600
2013-10-22,186.2,194.9,186.0,190.7,308100
2013-10-23,190.6,193.7,186.5,188.1,236700
2013-10-24,185.0,185.0,176.8,178.6,313600
2013-10-27,182.0,187.3,178.5,185.5,156800
2013-10-28,185.0,191.5,182.4,183.5,230400
2013-10-29,182.0,185.5,178.7,179.6,348400
2013-10-30,175.1,178.0,162.2,164.9,1174600
2013-10-31,165.7,173.7,164.3,170.6,277100
2013-11-03,171.1,175.7,167.5,174.2,251000
2013-11-04,172.2,176.7,172.2,173.1,434800
2013-11-05,174.8,174.8,169.9,170.0,285300
2013-11-06,170.3,170.3,166.0,166.6,309500
2013-11-07,167.5,169.0,164.1,165.9,286500
2013-11-10,167.8,168.4,164.9,165.1,248500
2013-11-11,165.7,169.5,163.5,168.7,361000
2013-11-12,168.5,172.6,167.8,169.9,262600
2013-11-13,171.9,171.9,169.1,170.0,278200
2013-11-14,172.0,175.7,171.0,171.6,333200
2013-11-17,173.0,174.9,172.2,173.5,275500
2013-11-18,175.8,183.7,175.2,182.9,671500
2013-11-19,183.7,188.9,183.0,183.3,628400
2013-11-20,184.1,188.8,183.7,184.7,598100
2013-11-21,186.9,188.0,180.2,181.2,526700
2013-11-24,183.9,184.7,175.0,175.5,346000
2013-11-25,178.8,179.8,173.0,173.7,395300
2013-11-26,173.1,175.9,168.4,168.9,491300
2013-11-27,169.0,173.0,168.1,170.1,289700
2013-11-28,171.2,172.4,169.3,170.9,204400
2013-12-01,171.0,171.5,169.2,169.4,198500
2013-12-02,170.0,171.7,168.8,169.3,186600
2013-12-03,171.8,173.8,170.4,173.1,228600
2013-12-04,174.7,177.0,174.0,176.6,364700
2013-12-05,177.0,177.0,173.5,173.7,196500
2013-12-08,175.8,175.9,173.5,173.6,177100
2013-12-09,174.0,175.5,171.2,171.8,255500
2013-12-10,173.9,173.9,171.0,171.3,232400
2013-12-11,172.0,174.0,171.3,172.1,261300
2013-12-12,171.3,172.1,169.7,170.0,313900
2013-12-15,171.5,171.5,169.0,169.5,195700
2013-12-17,172.0,172.0,168.7,169.1,203500
2013-12-18,169.9,170.0,166.5,167.1,166900
2013-12-19,168.0,168.0,165.5,166.2,104500
2013-12-22,166.0,168.8,165.7,166.0,197800
2013-12-23,166.1,167.5,164.7,165.0,137900
2013-12-24,164.5,165.1,160.5,161.0,119700
2013-12-26,162.0,162.9,158.5,158.9,139500
2013-12-29,157.2,160.3,156.5,159.0,93100
2013-12-30,161.8,168.9,160.2,168.1,236300
2014-01-01,169.1,173.8,168.4,171.1,265400
2014-01-02,172.0,176.9,170.0,176.0,518100
2014-01-06,178.0,178.9,174.1,175.6,327900
2014-01-07,176.2,177.0,174.7,174.9,176900
2014-01-08,174.0,175.9,171.9,172.4,407900
2014-01-09,173.9,175.0,171.8,172.2,282700
2014-01-12,172.9,176.9,172.7,175.6,415000
2014-01-13,176.7,177.9,174.6,175.3,304300
2014-01-15,176.8,176.8,172.5,174.0,586100
2014-01-16,173.6,174.0,170.5,170.9,563200
2014-01-19,165.0,165.9,159.0,161.8,884800
2014-01-20,160.0,165.0,158.0,163.9,513900
2014-01-21,163.6,163.9,161.6,162.0,355900
2014-01-22,162.0,165.3,162.0,162.4,319700
2014-01-23,162.2,164.0,161.5,162.7,299000
2014-01-26,164.0,164.0,162.0,162.2,270800
2014-01-27,162.6,163.0,160.6,161.0,177000
2014-01-28,162.0,162.0,160.2,160.4,157600
2014-01-29,160.4,165.2,160.3,162.5,260400
2014-01-30,165.0,173.0,163.6,168.8,633100
2014-02-02,172.0,173.2,167.0,167.4,282500
2014-02-03,169.6,169.6,165.5,165.9,263700
2014-02-04,167.0,171.9,165.7,170.5,475700
2014-02-05,170.6,174.9,170.6,174.0,806200
2014-02-06,174.9,189.2,174.8,186.9,1661000
2014-02-09,194.0,201.1,190.0,200.0,1774600
2014-02-10,204.8,206.0,194.1,196.5,1009900
2014-02-11,198.0,200.1,191.5,199.6,1189700
2014-02-12,203.0,217.1,202.0,217.0,1847200
2014-02-13,217.0,225.0,214.0,216.6,1247300
2014-02-16,215.1,219.2,208.2,210.3,893200
2014-02-17,211.9,215.0,206.0,209.8,870600
2014-02-18,212.0,217.9,211.4,213.7,746800
2014-02-19,217.8,220.0,215.2,219.8,790000
2014-02-20,224.7,224.7,216.5,217.7,701400
2014-02-23,219.0,219.0,212.5,213.5,625500
2014-02-24,214.2,220.0,210.1,219.7,850000
2014-02-25,223.0,224.8,216.6,217.6,759300
2014-02-26,219.0,219.0,215.1,217.7,454800
2014-02-27,218.0,222.0,217.3,219.3,704500
2014-03-02,223.0,224.0,219.6,221.1,841100
2014-03-03,222.0,234.0,222.0,232.6,1239700
2014-03-04,234.9,238.5,226.5,227.3,912300
2014-03-05,226.6,229.3,223.0,227.3,569600
2014-03-06,228.4,231.9,226.5,228.0,537700
2014-03-09,232.0,233.0,220.6,222.5,806600
2014-03-10,224.9,224.9,216.0,217.4,642400
2014-03-11,219.9,221.0,217.0,218.0,431400
2014-03-12,219.5,225.7,218.8,221.4,619200
2014-03-13,219.1,223.7,219.1,220.4,336500
2014-03-16,221.3,221.3,215.0,215.6,445400
2014-03-18,219.0,219.0,211.7,212.7,502800
2014-03-19,212.3,213.4,207.8,208.7,423400
2014-03-20,210.1,213.8,209.0,211.4,328200
2014-03-23,213.7,213.7,207.3,207.9,329400
2014-03-24,209.0,209.5,200.2,201.3,568300
2014-03-25,202.2,205.0,194.9,202.9,515200
2014-03-27,204.0,215.0,204.0,212.0,661800
2014-03-30,214.6,214.6,205.0,206.6,371600
2014-03-31,203.2,206.4,202.9,203.2,333400
2014-04-01,207.8,207.8,204.0,204.7,250200
2014-04-02,207.0,210.5,205.5,206.0,293500
2014-04-03,208.0,213.8,207.3,212.9,508400
2014-04-06,215.0,217.0,209.5,210.7,463500
2014-04-07,211.8,217.9,210.0,216.2,631300
2014-04-08,216.8,221.0,214.1,216.3,617100
2014-04-09,214.3,217.6,211.5,212.0,361100
2014-04-10,212.1,214.3,207.5,208.2,405500
2014-04-13,209.0,209.0,204.1,205.5,254300
2014-04-15,208.0,214.6,205.6,213.1,457600
2014-04-16,215.0,216.0,207.9,208.6,336600
2014-04-17,209.7,212.0,207.8,208.2,312600
2014-04-20,209.0,209.0,204.6,205.1,369800
2014-04-21,206.0,209.7,204.0,204.2,273600
2014-04-22,205.5,206.8,204.0,204.2,213000
2014-04-23,204.3,207.9,203.9,204.5,318400
2014-04-24,205.0,206.6,199.7,200.2,436800
2014-04-27,202.0,207.2,201.2,203.5,277600
2014-04-28,204.0,205.0,198.8,199.6,209500
2014-04-29,194.6,194.6,182.1,182.1,767300
2014-04-30,172.0,184.5,170.0,182.1,538500
2014-05-04,184.0,184.0,176.6,177.7,233600
2014-05-05,186.0,186.0,176.4,177.0,266000
2014-05-06,175.0,178.7,175.0,175.5,275100
2014-05-07,175.2,185.8,175.1,183.8,431700
2014-05-08,186.0,194.5,186.0,193.4,759300
2014-05-11,195.0,199.0,190.6,197.6,606100
2014-05-12,201.0,203.0,193.6,194.4,397400
2014-05-14,198.5,201.9,192.1,194.4,715200
2014-05-15,192.6,195.0,190.0,190.5,252600
2014-05-18,192.5,193.0,183.1,184.9,225400
2014-05-19,185.9,186.0,181.1,181.4,191400
2014-05-20,183.7,183.8,180.3,181.6,143700
2014-05-21,183.8,185.0,183.0,183.6,131600
2014-05-22,184.9,185.0,179.8,180.2,166300
2014-05-25,180.8,181.8,177.1,177.6,177800
2014-05-26,179.9,179.9,176.7,177.7,118800
2014-05-27,179.0,183.5,178.1,181.6,237300
2014-05-28,183.3,183.3,179.0,180.0,261600
2014-05-29,182.8,182.9,178.6,179.0,193400
2014-06-01,180.4,184.3,179.1,183.2,285900
2014-06-02,184.5,189.4,184.5,185.7,421400
2014-06-03,186.7,187.8,182.6,183.6,249600
2014-06-04,184.6,184.9,179.7,180.2,366400
2014-06-05,182.8,182.9,180.1,181.4,262800
2014-06-08,177.6,181.0,176.5,177.2,304900
2014-06-09,177.0,181.8,177.0,179.4,187300
2014-06-10,179.2,183.0,178.5,179.2,265800
2014-06-11,181.8,186.0,180.6,184.4,587300
2014-06-12,187.0,190.0,185.0,187.1,562300
2014-06-15,187.0,187.2,180.7,181.1,268300
2014-06-16,182.9,183.7,179.7,180.0,313500
2014-06-17,180.2,184.0,180.2,181.4,375900
2014-06-18,183.3,183.3,178.8,179.0,323100
2014-06-19,181.5,181.5,177.5,178.9,396300
2014-06-22,181.8,183.0,178.8,181.9,371700
2014-06-23,183.2,188.0,182.3,187.0,791400
2014-06-24,187.3,189.8,185.6,186.4,353600
2014-06-25,186.6,195.0,186.2,192.2,888300
2014-06-26,193.9,195.4,189.0,189.8,406900
2014-06-29,193.5,193.5,188.0,188.5,538500
2014-06-30,188.7,192.7,186.8,187.8,519200
2014-07-02,188.2,189.5,184.0,184.6,375500
2014-07-03,185.0,185.9,182.5,182.7,314600
2014-07-06,184.0,184.0,181.4,181.7,181400
2014-07-07,181.1,182.9,180.1,180.5,209700
2014-07-08,180.2,180.6,179.0,179.2,288200
2014-07-09,180.9,181.5,179.1,179.5,91600
2014-07-10,180.5,181.6,178.9,180.5,135800
2014-07-13,180.1,182.5,179.1,179.3,125200
2014-07-14,180.0,180.9,179.7,179.8,100300
2014-07-15,179.7,180.1,178.4,178.5,104000
2014-07-16,179.9,180.0,178.5,178.7,101500
2014-07-17,179.5,179.9,178.4,178.8,192800
2014-07-20,180.0,180.0,176.9,177.1,161100
2014-07-21,177.4,179.8,177.0,177.8,224200
2014-07-22,179.0,185.0,178.9,182.1,330600
2014-07-23,182.5,184.3,179.5,179.7,205700
2014-07-24,179.2,181.6,178.8,181.1,190800
2014-08-03,181.1,182.6,179.5,179.7,248200
2014-08-04,180.0,181.9,179.8,180.4,491000
2014-08-05,183.0,186.4,182.3,183.5,444300
2014-08-06,183.4,184.4,180.4,180.7,382100
2014-08-07,180.5,181.6,179.7,180.1,347000
2014-08-10,182.0,183.7,180.2,180.7,467200
2014-08-11,182.9,183.3,180.7,181.1,428400
2014-08-12,182.8,194.4,182.4,187.6,1456600
2014-08-13,188.0,188.5,185.2,185.7,397000
2014-08-14,186.0,187.0,182.5,183.2,595300
2014-08-18,184.8,184.9,181.1,181.5,381700
2014-08-19,182.0,184.4,180.7,182.2,519100
2014-08-20,182.0,183.0,173.2,173.8,1204100
2014-08-21,173.0,175.7,167.9,170.5,725700
2014-08-24,170.0,170.0,164.5,165.6,549700
2014-08-25,160.0,160.0,150.0,151.8,783100
2014-08-26,153.1,158.0,150.0,155.3,553200
2014-08-27,157.8,157.8,152.6,152.9,281800
2014-08-28,153.0,153.2,150.1,150.4,277500
2014-08-31,150.7,151.0,142.8,143.3,439400
2014-09-01,143.5,145.0,138.6,139.2,498900
2014-09-02,140.1,143.9,136.2,142.5,235000
2014-09-03,141.4,145.6,141.3,145.0,356300
2014-09-07,145.0,153.9,145.0,148.6,583300
2014-09-08,150.2,150.2,144.9,145.4,222500
2014-09-09,148.0,148.0,144.0,145.0,214100
2014-09-10,146.2,146.2,141.3,141.9,382500
2014-09-11,152.5,152.5,143.0,144.2,348700
2014-09-14,145.3,146.6,143.5,144.0,400200
2014-09-15,146.5,147.3,143.7,143.8,386900
2014-09-16,144.0,145.0,140.5,141.1,477700
2014-09-17,141.8,144.4,140.5,140.7,417200
2014-09-18,140.6,141.9,138.7,139.2,526600
2014-09-21,140.0,144.0,139.4,141.7,453100
2014-09-22,142.1,144.5,141.1,141.4,404500
2014-09-23,142.0,142.8,139.0,139.3,377200
2014-09-24,140.6,141.0,138.1,138.9,400600
2014-09-25,140.0,141.4,137.5,139.9,387700
2014-09-28,144.0,153.8,139.2,152.8,1432800
2014-09-29,158.0,158.0,150.5,152.8,684400
2014-09-30,154.0,154.9,146.2,147.3,385900
2014-10-01,149.8,150.0,146.0,146.3,279100
2014-10-02,146.3,149.0,146.0,148.2,233200
2014-10-12,151.0,151.6,148.5,149.2,388700
2014-10-13,150.0,152.5,148.0,148.3,307500
2014-10-14,149.0,149.7,147.5,148.2,405500
2014-10-15,148.4,149.0,143.9,144.3,565400
2014-10-16,145.0,147.5,143.0,146.5,267600
2014-10-19,147.0,149.8,146.0,146.6,306800
2014-10-20,146.6,148.5,144.1,145.1,255200
2014-10-21,146.5,146.5,144.0,145.0,179900
2014-10-22,145.1,146.1,143.1,143.6,202300
2014-10-23,144.1,144.5,142.0,142.3,163500
2014-10-26,142.0,143.5,139.0,139.3,226400
2014-10-27,138.6,141.0,138.5,139.1,192800
2014-10-28,139.6,140.3,137.6,137.8,145700
2014-10-29,137.4,138.5,136.5,136.9,142200
2014-10-30,137.9,147.4,136.3,144.1,354700
2014-11-02,143.4,144.9,136.5,137.8,225200
2014-11-03,138.0,139.5,137.0,137.6,203200
2014-11-05,137.5,139.0,136.7,137.4,151500
2014-11-06,136.1,136.1,125.1,125.8,641000
2014-11-09,125.0,127.9,121.1,122.9,334600
2014-11-10,122.1,127.5,121.7,123.8,318600
2014-11-11,123.8,128.9,123.7,128.1,266300
2014-11-12,127.7,134.0,127.7,132.1,379800
2014-11-13,133.9,138.9,130.5,134.1,740200
2014-11-16,135.0,136.4,131.5,132.4,191400
2014-11-17,132.9,133.1,128.2,128.7,128900
2014-11-18,127.5,130.7,127.5,128.5,104300
2014-11-19,128.6,131.9,128.2,128.7,105700
2014-11-20,129.0,130.5,126.7,127.1,109200
2014-11-23,128.0,128.7,125.0,125.6,82300
2014-11-24,125.6,126.2,122.8,123.5,122000
2014-11-25,125.0,126.9,123.8,124.1,85900
2014-11-26,124.5,124.7,122.4,122.6,72200
2014-11-27,123.0,124.0,122.2,123.1,57900
2014-11-30,123.1,124.4,121.8,122.0,64000
2014-12-01,123.0,124.4,122.8,123.8,59100
2014-12-02,124.4,126.0,124.4,125.3,84700
2014-12-03,126.0,126.5,125.1,125.8,79600
2014-12-04,126.0,126.0,123.0,123.2,93900
2014-12-07,123.4,124.0,122.5,122.6,72300
2014-12-08,122.2,123.8,122.2,122.6,55500
2014-12-09,122.3,123.6,122.3,122.6,67200
2014-12-10,123.4,124.7,122.1,122.4,71700
2014-12-11,121.5,123.3,121.5,121.8,33582
2014-12-14,122.0,123.0,120.3,121.0,42750
2014-12-15,120.7,121.1,119.5,120.1,55692
2014-12-17,120.0,120.0,118.0,118.2,70179
2014-12-18,115.0,119.8,115.0,118.2,55184
2014-12-21,117.0,118.3,116.4,116.6,54904
2014-12-22,117.0,118.6,116.0,117.3,53585
2014-12-23,118.0,118.0,116.8,117.1,45918
2014-12-24,116.0,117.9,116.0,116.7,63693
2014-12-28,115.0,116.0,114.0,114.7,59965
2014-12-29,113.0,115.9,113.0,114.6,44531
2014-12-30,116.4,117.4,115.0,116.7,52288
2015-01-01,117.6,118.8,116.7,117.9,78529
2015-01-05,116.0,118.6,115.3,116.4,58275
2015-01-06,116.5,117.7,116.0,117.3,47556
2015-01-07,117.3,118.0,115.9,116.0,94493
2015-01-08,116.1,117.5,115.1,116.9,63538
2015-01-11,116.3,116.9,115.6,116.1,55378
2015-01-12,115.8,116.3,115.7,115.8,67613
2015-01-13,117.0,117.0,116.0,116.4,51172
2015-01-14,107.1,113.5,107.1,110.3,341438
2015-01-15,107.7,109.9,107.0,107.9,187384
2015-01-18,107.0,107.7,105.0,105.3,141617
2015-01-19,105.5,106.0,100.3,101.8,157178
2015-01-20,101.1,102.7,100.0,100.2,132286
2015-01-21,100.3,100.8,97.8,98.6,121806
2015-01-22,98.1,99.8,97.9,98.2,102419
2015-01-25,98.0,98.3,93.3,93.7,96700
2015-01-26,92.3,95.6,90.5,91.1,96220
2015-01-27,91.4,94.5,89.0,93.3,125429
2015-01-28,94.0,102.6,93.9,102.6,216320
2015-01-29,105.4,112.1,104.0,109.2,577649
2015-02-01,108.0,108.0,102.4,103.1,203794
2015-02-02,102.0,102.0,97.1,99.0,152181
2015-02-03,100.0,104.4,99.1,101.8,143724
2015-02-04,100.5,107.0,100.5,104.0,218934
2015-02-05,103.0,105.0,102.2,103.1,126246
2015-02-08,104.9,104.9,102.1,102.4,149441
2015-02-09,102.8,104.6,101.8,102.8,194485
2015-02-10,103.0,107.5,102.9,107.0,277000
2015-02-11,107.8,114.0,107.0,112.5,501910
2015-02-12,113.5,122.5,113.5,120.3,594599
2015-02-15,121.3,121.9,116.5,117.4,348083
2015-02-16,116.2,119.0,112.1,112.9,306400
2015-02-17,112.6,117.9,112.5,117.0,358735
2015-02-18,117.9,123.4,117.9,120.4,528824
2015-02-19,120.0,121.0,117.5,118.2,224643
2015-02-22,119.0,121.8,118.5,121.1,283441
2015-02-23,122.0,128.0,122.0,126.6,774756
2015-02-24,125.0,129.6,123.5,127.5,467783
2015-02-25,130.5,134.9,128.0,132.5,930645
2015-02-26,132.9,137.9,132.9,136.8,606575
2015-03-01,138.8,143.0,137.7,142.5,737315
2015-03-02,143.0,145.0,132.0,134.1,634798
2015-03-03,134.3,139.0,128.8,137.5,715522
2015-03-04,138.2,141.8,136.0,136.6,468452
2015-03-05,136.5,137.7,134.0,134.3,365985
2015-03-08,134.2,135.4,130.0,130.6,358688
2015-03-09,130.1,134.9,130.1,131.6,298613
2015-03-10,132.2,133.7,128.0,129.1,266595
2015-03-11,129.2,130.0,122.7,123.1,413282
2015-03-12,123.2,128.6,123.2,125.7,251947
2015-03-15,125.2,128.9,123.5,123.8,241922
2015-03-16,124.5,125.5,120.3,121.6,229567
2015-03-18,120.5,122.9,117.0,118.5,200468
2015-03-19,120.9,121.6,119.0,119.9,149259
2015-03-22,121.8,123.0,120.0,121.1,234651
2015-03-23,122.8,127.8,122.7,126.6,451011
2015-03-24,127.0,128.4,122.8,123.9,269074
2015-03-25,124.0,126.0,122.5,123.2,314061
2015-03-29,125.0,125.7,123.0,123.3,273397
2015-03-30,123.3,124.8,120.4,121.0,311500
2015-03-31,122.5,124.5,121.2,121.9,276226
2015-04-01,123.6,124.4,121.3,121.8,191964
2015-04-02,122.2,122.8,119.8,120.2,199827
2015-04-05,120.1,120.7,115.5,116.2,193728
2015-04-06,117.9,118.6,111.8,112.5,155071
2015-04-07,113.0,113.0,107.5,109.6,212865
2015-04-08,112.2,119.5,107.6,118.6,319055
2015-04-09,120.1,123.4,116.0,117.0,276852
2015-04-12,117.9,117.9,113.0,113.9,162561
2015-04-13,114.1,116.3,112.6,113.3,244112
2015-04-15,114.3,116.2,113.6,114.7,223156
2015-04-16,115.2,118.8,115.2,116.9,347715
2015-04-19,118.0,120.3,114.5,115.5,373634
2015-04-20,118.2,118.2,112.5,112.8,252331
2015-04-21,117.6,124.0,117.6,124.0,276948
2015-04-22,136.4,136.4,136.4,136.4,266106
2015-04-23,150.0,150.0,124.9,125.8,1998460
2015-04-26,125.1,125.1,114.0,114.9,429638
2015-04-27,115.0,119.9,112.0,113.8,495443
2015-04-29,114.3,119.1,112.3,115.4,361076
2015-04-30,116.1,118.2,112.8,113.3,366051
2015-05-04,113.5,114.9,110.0,110.7,315386
2015-05-05,114.9,115.0,109.5,110.8,247307
2015-05-06,111.0,114.7,110.3,112.8,329465
2015-05-07,114.4,124.0,113.8,124.0,972802
2015-05-10,130.0,136.0,127.0,132.0,798940
2015-05-11,132.0,135.0,123.0,124.1,875990
2015-05-12,128.0,134.9,124.5,134.2,979771
2015-05-13,144.0,147.6,134.7,136.3,1555770
2015-05-14,137.9,141.9,133.0,138.1,914904
2015-05-17,143.0,151.9,143.0,151.9,2288470
2015-05-18,155.0,164.6,150.0,161.8,1729860
2015-05-19,162.5,170.0,152.9,154.3,2061090
2015-05-20,155.0,158.0,150.0,150.7,1606600
2015-05-21,154.9,161.7,153.0,156.3,1377820
2015-05-24,164.5,166.0,160.0,163.5,1110150
2015-05-25,166.0,169.9,160.0,160.9,1650080
2015-05-26,163.5,166.0,161.0,161.2,1401680
2015-05-27,165.0,173.0,165.0,170.8,2095400
2015-05-28,174.0,177.0,165.0,165.8,1249490
2015-05-31,168.0,168.8,159.8,161.4,1384380
2015-06-01,164.0,168.0,157.6,159.1,1018250
2015-06-02,163.5,173.0,160.0,160.5,1485810
2015-06-04,164.0,166.0,158.6,161.9,556262
2015-06-07,170.0,172.0,154.0,155.6,1456610
2015-06-08,158.8,158.8,144.5,145.6,823592
2015-06-09,148.0,148.0,141.0,142.0,753963
2015-06-10,144.0,148.0,141.9,142.4,440941
2015-06-11,144.0,144.0,136.0,136.4,545647
2015-06-14,137.0,137.8,132.0,132.7,402878
2015-06-15,133.7,139.9,132.3,137.2,405441
2015-06-16,140.0,142.0,138.0,141.3,449403
2015-06-17,141.0,144.5,137.9,139.2,338417
2015-06-18,139.6,140.6,135.0,136.4,396671
2015-06-21,137.0,137.0,133.5,134.3,279409
2015-06-22,135.9,135.9,134.3,134.4,212479
2015-06-23,134.6,135.7,132.4,132.9,230169
2015-06-24,132.1,133.8,129.3,129.9,231799
2015-06-25,127.1,129.0,123.3,125.2,298095
2015-06-28,126.0,132.9,126.0,132.1,305823
2015-06-29,133.5,135.9,132.8,134.6,294670
2015-06-30,134.9,137.0,132.0,132.5,320515
2015-07-02,133.4,134.9,129.5,130.2,320051
2015-07-05,129.8,133.7,128.5,129.0,294996
2015-07-06,131.5,131.5,128.0,128.9,166631
2015-07-07,130.0,134.5,130.0,133.4,352967
2015-07-08,134.0,136.5,133.4,135.6,324418
2015-07-09,137.0,137.8,133.2,133.6,262008
2015-07-12,135.0,135.0,131.0,131.8,243061
2015-07-13,133.0,133.0,130.9,131.3,154868
2015-07-14,131.5,134.7,131.5,133.5,196378
2015-07-21,134.9,136.0,133.9,135.8,308634
2015-07-22,137.0,143.9,137.0,142.2,885199
2015-07-23,144.0,144.0,139.0,139.7,422208
2015-07-26,141.5,143.8,136.9,137.3,366053
2015-07-27,137.5,138.7,134.2,134.6,379568
2015-07-28,136.1,139.8,134.8,138.4,286846
2015-07-29,138.8,139.0,135.6,136.3,180219
2015-07-30,137.0,137.8,135.7,136.5,200030
2015-08-02,137.5,138.0,135.0,135.2,358186
2015-08-03,137.0,138.6,135.2,136.9,403181
2015-08-04,138.4,139.9,135.5,135.9,307421
2015-08-05,136.4,137.1,134.8,135.1,337687
2015-08-06,136.4,139.7,135.1,137.3,377466
2015-08-09,138.9,144.5,137.6,143.2,1278930
2015-08-10,144.5,147.8,138.2,138.9,715083
2015-08-11,140.0,141.0,135.1,136.3,475622
2015-08-12,136.4,139.6,136.4,137.8,312836
2015-08-13,139.6,139.9,136.0,136.3,292575
2015-08-16,137.9,137.9,134.7,135.0,257330
2015-08-17,135.9,137.0,134.0,134.2,361028
2015-08-18,134.3,135.5,133.6,134.8,264743
2015-08-19,135.5,135.8,133.1,133.4,260095
2015-08-20,133.4,135.0,133.0,133.2,257639
2015-08-23,134.0,134.6,131.8,132.1,224487
2015-08-24,132.3,134.2,131.1,131.4,105611
2015-08-25,131.2,131.8,129.6,129.9,180563
2015-08-26,132.0,133.5,131.0,131.4,174870
2015-08-27,131.0,132.5,130.0,130.1,139110
2015-08-30,131.0,132.0,130.0,130.5,186217
2015-08-31,131.5,131.8,125.6,126.3,257274
2015-09-01,126.1,126.1,121.0,121.7,250204
2015-09-02,122.4,124.2,119.0,119.9,212708
2015-09-03,120.0,121.5,116.0,116.3,364171
2015-09-06,115.0,124.7,112.0,123.6,517753
2015-09-07,124.0,126.0,122.5,123.6,322940
2015-09-08,122.9,123.2,118.9,119.3,251172
2015-09-09,119.4,119.9,116.5,117.1,152509
2015-09-10,117.2,118.8,116.0,116.6,152285
2015-09-13,116.2,119.7,115.0,117.4,210138
2015-09-14,118.9,119.9,118.1,118.7,138861
2015-09-15,118.3,119.0,117.0,117.2,104118
2015-09-16,118.0,122.0,117.3,121.0,235100
2015-09-17,121.8,124.5,120.4,123.0,270803
2015-09-20,123.0,123.6,120.8,121.4,173313
2015-09-21,123.4,124.8,120.7,122.0,160207
2015-09-22,121.6,124.0,121.6,123.2,238227
2015-09-28,124.5,124.5,121.5,122.2,234189
2015-09-30,113.5,115.0,112.0,113.5,393458
2015-10-01,113.9,113.9,111.6,112.5,204043
2015-10-04,112.1,112.1,109.0,109.8,116785
2015-10-05,111.6,111.6,108.0,108.5,129355
2015-10-06,110.1,110.9,107.3,108.2,102421
2015-10-07,107.5,109.0,104.0,104.9,129394
2015-10-08,105.1,106.8,103.7,104.9,124929
2015-10-11,105.0,105.0,100.6,102.2,110779
2015-10-12,104.4,112.4,102.5,109.5,240437
2015-10-13,113.5,114.9,111.0,111.5,452207
2015-10-14,110.6,110.7,106.9,107.5,135894
2015-10-15,109.0,111.8,107.3,109.0,175169
2015-10-18,108.9,111.0,106.0,106.4,99545
2015-10-19,108.5,108.7,106.0,107.1,121284
2015-10-20,106.9,109.8,106.9,107.6,133284
2015-10-21,108.0,109.4,107.6,108.4,123559
2015-10-25,110.0,112.1,108.5,110.7,241448
2015-10-26,110.0,111.0,108.5,108.7,166416
2015-10-27,108.3,108.7,106.6,107.1,116844
2015-10-28,108.9,108.9,105.9,106.6,107779
2015-10-29,106.9,108.3,105.1,105.7,101610
2015-11-01,105.9,106.0,103.0,104.6,102568
2015-11-02,105.4,106.8,104.3,106.2,98404
2015-11-03,106.0,109.8,105.0,109.3,206315
2015-11-04,108.6,111.5,108.6,109.9,597657
2015-11-05,109.0,110.7,107.7,108.1,246921
2015-11-08,108.9,109.0,104.9,105.1,332023
2015-11-09,103.0,104.0,99.5,99.9,451953
2015-11-10,101.5,102.0,98.5,99.2,281455
2015-11-11,99.3,101.0,95.7,97.0,179039
2015-11-12,97.2,99.0,96.1,98.2,126124
2015-11-15,100.0,100.0,97.9,98.4,85209
2015-11-16,99.9,101.5,99.0,100.0,179336
2015-11-17,100.2,104.8,100.2,102.5,290261
2015-11-18,103.8,103.8,100.7,101.6,178768
2015-11-19,102.1,105.1,101.9,103.9,331286
2015-11-22,106.9,107.9,104.1,107.3,237092
2015-11-23,108.7,109.7,105.2,105.6,288721
2015-11-24,107.3,107.3,104.0,104.8,183486
2015-11-25,105.9,107.0,103.3,103.5,156259
2015-11-26,104.1,104.8,102.1,102.8,147586
2015-11-29,103.1,104.0,102.0,102.4,101687
2015-11-30,103.1,103.3,102.0,102.3,138582
2015-12-01,103.0,108.5,103.0,107.1,472454
2015-12-02,106.7,107.9,104.8,105.1,227110
2015-12-03,105.8,106.9,105.2,105.5,197350
2015-12-06,106.9,109.7,106.9,108.0,321708
2015-12-07,109.9,111.0,107.8,108.8,435893
2015-12-08,109.9,110.0,107.0,107.4,203926
2015-12-09,107.9,108.0,105.3,105.8,160266
2015-12-10,107.0,111.3,106.0,110.4,489503
2015-12-13,111.6,111.6,107.3,107.6,159605
2015-12-14,107.7,108.7,106.5,106.7,130335
2015-12-15,108.0,108.0,105.4,106.0,132735
2015-12-17,106.0,107.1,105.2,105.6,90066
2015-12-20,107.0,107.0,104.0,104.6,176883
2015-12-21,107.0,107.4,105.2,106.4,153540
2015-12-22,107.4,109.0,105.8,106.3,180897
2015-12-23,107.3,107.3,104.9,105.2,132417
2015-12-24,106.6,107.7,106.0,106.6,128897
2015-12-27,106.2,107.6,106.1,106.5,105542
2015-12-28,105.9,106.5,105.5,105.7,121942
2015-12-29,105.7,106.5,105.0,105.3,121093
2015-12-30,106.0,106.7,105.5,105.9,129427
2015-12-31,106.0,109.5,106.0,108.1,394272
2016-01-03,108.3,108.6,106.6,106.9,105620
2016-01-04,107.3,107.3,105.6,106.1,203679
2016-01-05,107.0,109.0,106.6,108.6,288120
2016-01-06,109.0,110.0,107.8,108.0,294071
2016-01-07,109.0,109.0,106.5,106.8,271737
2016-01-10,107.0,107.9,105.5,106.0,302462
2016-01-11,107.0,107.0,104.4,104.7,221966
2016-01-12,105.8,105.8,103.9,104.3,138759
2016-01-13,104.5,106.1,104.3,104.7,187325
2016-01-14,105.6,105.9,104.1,104.3,204197
2016-01-17,105.9,105.9,104.5,104.7,136227
2016-01-18,105.9,106.4,104.5,104.7,165176
2016-01-19,106.0,110.0,105.1,108.6,472872
2016-01-20,108.7,109.9,106.0,106.5,191478
2016-01-21,107.7,109.0,105.4,107.7,291949
2016-01-24,107.8,108.0,105.7,106.4,145183
2016-01-25,106.5,109.4,104.9,105.9,447455
2016-01-26,107.0,107.2,105.3,105.7,170395
2016-01-27,106.0,107.0,104.2,104.6,175337
2016-01-28,105.0,105.2,104.0,104.6,163405
2016-01-31,105.9,105.9,102.2,102.7,121239
2016-02-01,102.5,105.5,102.5,104.9,140988
2016-02-02,105.0,107.8,104.9,106.0,236851
2016-02-03,107.4,108.7,106.5,106.8,367185
2016-02-04,108.0,111.0,107.0,109.8,781543
2016-02-07,110.7,113.3,110.2,112.7,602754
2016-02-08,113.9,114.4,108.8,109.1,461192
2016-02-09,109.8,111.0,107.1,108.9,369655
2016-02-10,109.3,112.5,108.1,111.6,435532
2016-02-11,112.0,114.3,110.0,110.7,688848
2016-02-14,110.7,111.2,108.1,108.4,266931
2016-02-15,108.5,109.0,107.3,107.5,226188
2016-02-16,108.9,108.9,107.0,107.2,209552
2016-02-17,107.4,107.9,106.1,106.4,202659
2016-02-18,106.5,108.0,106.1,106.4,194120
2016-02-22,106.1,107.0,105.3,105.6,178799
2016-02-23,106.0,106.5,105.2,105.5,186710
2016-02-24,105.8,106.1,104.0,104.8,182492
2016-02-25,104.9,105.7,104.3,104.8,117964
2016-02-28,104.7,105.0,104.0,104.1,106629
2016-02-29,104.4,105.7,103.0,103.4,150856
2016-03-01,104.0,104.9,99.6,102.8,178196
2016-03-02,103.9,106.3,100.0,102.9,450157
2016-03-03,102.6,104.2,102.6,103.4,75379
2016-03-06,103.9,106.8,103.9,104.8,224582
2016-03-07,105.5,110.6,104.8,109.9,657103
2016-03-08,110.3,111.4,107.0,107.5,264152
2016-03-09,106.9,108.0,106.0,106.2,161189
2016-03-10,107.5,108.7,106.4,107.4,217575
2016-03-13,107.7,111.0,107.7,110.6,799490
2016-03-14,111.1,114.0,111.1,112.9,864400
2016-03-15,113.8,114.0,110.7,110.9,453918
2016-03-16,111.0,111.3,108.2,108.5,356820
2016-03-20,109.9,109.9,106.6,107.1,257917
2016-03-21,107.8,108.5,107.0,107.2,242797
2016-03-22,107.3,109.0,107.0,108.0,177348
2016-03-23,108.9,110.0,105.5,105.8,283258
2016-03-24,107.7,108.0,104.8,105.1,247216
2016-03-27,105.3,105.6,103.8,104.0,247715
2016-03-28,103.8,105.8,103.6,104.0,98930
2016-03-29,105.0,106.5,103.5,105.6,197385
2016-03-30,106.4,107.3,105.2,106.9,339082
2016-03-31,105.5,107.8,105.2,105.3,142854
2016-04-03,105.6,106.5,105.0,105.4,150271
2016-04-04,105.9,106.6,105.2,106.2,164008
2016-04-05,106.5,106.5,104.8,105.0,137740
2016-04-06,104.5,105.4,104.1,104.3,98753
2016-04-07,105.0,105.3,104.0,104.2,158474
2016-04-10,104.1,107.0,104.0,105.2,246241
2016-04-11,105.2,105.3,104.3,104.5,145963
2016-04-12,105.0,105.9,104.1,104.5,137192
2016-04-13,104.5,106.2,104.2,104.5,141883
2016-04-17,105.5,105.8,103.8,104.6,121901
2016-04-18,104.4,111.1,104.4,109.1,925727
2016-04-19,110.3,110.3,105.5,106.1,257671
2016-04-20,105.9,106.5,104.6,105.0,200131
2016-04-21,106.0,107.6,104.8,106.8,204311
2016-04-24,107.2,107.3,104.5,104.9,171655
2016-04-25,107.8,108.0,104.6,105.2,259628
2016-04-26,106.0,106.7,103.7,104.1,227286
2016-04-27,104.2,104.3,101.0,101.8,191825
2016-04-28,103.0,103.5,100.4,101.2,162210
2016-05-02,101.0,101.7,98.5,99.2,178494
2016-05-03,101.8,104.0,101.0,103.7,135384
2016-05-04,102.8,103.2,101.2,101.4,95426
2016-05-05,101.1,103.1,101.1,102.6,155839
2016-05-08,103.7,106.7,103.7,105.0,174373
2016-05-09,104.4,106.8,104.2,105.3,210470
2016-05-10,105.4,108.0,105.2,107.0,288239
2016-05-11,107.7,107.7,105.6,105.9,124930
2016-05-12,105.3,105.9,104.1,104.6,148054
2016-05-15,105.9,106.0,103.1,103.3,93352
2016-05-16,103.9,105.6,103.9,104.9,159038
2016-05-17,105.0,105.0,103.8,104.0,83432
2016-05-18,104.5,105.2,103.7,104.3,104504
2016-05-19,105.2,106.9,105.0,105.7,171136
2016-05-22,106.9,106.9,104.9,105.1,89225
2016-05-24,105.7,106.0,104.9,105.0,128390
2016-05-25,105.4,105.4,104.0,104.5,143847
2016-05-26,105.0,105.2,104.2,104.6,67315
2016-05-29,105.5,105.5,104.5,104.8,139377
2016-05-30,104.8,106.5,104.8,105.3,230946
2016-05-31,106.1,106.5,104.6,105.0,135701
2016-06-01,106.0,106.2,105.0,105.4,98162
2016-06-02,105.6,113.0,105.6,112.0,1403730
2016-06-05,112.5,113.0,108.4,108.9,379396
2016-06-06,108.4,109.5,106.7,108.7,175461
2016-06-07,107.6,108.8,106.4,106.6,168522
2016-06-08,106.4,108.0,105.9,106.2,182075
2016-06-09,106.9,106.9,105.2,105.5,121389
2016-06-12,106.7,106.9,105.1,105.3,116454
2016-06-13,105.6,108.0,105.0,106.5,116763
2016-06-14,106.7,109.0,106.0,106.1,162634
2016-06-15,106.2,107.0,105.8,106.2,96517
2016-06-16,107.1,107.1,105.4,105.7,119652
2016-06-19,105.8,106.0,105.1,105.4,99788
2016-06-20,105.1,105.5,104.6,104.8,131276
2016-06-21,105.5,105.5,104.0,104.6,89054
2016-06-22,104.6,106.2,104.6,105.5,143077
2016-06-23,105.7,107.0,105.1,105.4,109433
2016-06-26,107.5,107.5,105.0,105.6,115322
2016-06-27,105.6,107.0,105.4,106.8,119232
2016-06-28,107.0,109.1,107.0,107.9,297016
2016-06-29,108.4,109.9,107.7,109.3,313287
2016-06-30,109.3,110.7,108.0,110.2,508398
2016-07-10,109.9,109.9,107.1,107.6,161956
2016-07-11,107.8,108.4,107.6,108.0,78429
2016-07-12,107.8,110.3,107.8,109.5,155831
2016-07-13,110.0,110.6,108.1,108.6,122200
2016-07-14,108.1,109.0,107.6,107.8,97272
2016-07-16,108.0,108.8,107.7,108.3,124359
2016-07-17,108.0,109.9,107.9,109.3,141808
2016-07-18,108.4,109.9,107.2,107.7,157244
2016-07-19,108.1,108.4,106.2,106.7,193468
2016-07-20,106.6,107.3,106.0,106.6,73352
2016-07-21,107.0,108.8,106.6,106.9,98044
2016-07-24,107.2,109.5,107.2,107.9,158222
2016-07-25,108.0,109.3,107.9,109.0,140195
2016-07-26,109.2,112.0,109.2,111.3,672579
2016-07-27,112.0,113.8,110.5,110.9,437541
2016-07-28,110.9,110.9,108.5,108.8,255620
2016-07-31,109.9,110.5,108.2,108.6,220764
2016-08-01,109.0,109.5,107.6,107.8,172907
2016-08-02,109.0,110.5,108.4,109.9,226915
2016-08-03,110.5,114.3,110.5,114.0,1071900
2016-08-04,114.9,118.0,114.9,115.7,1459330
2016-08-07,116.1,116.1,112.6,115.1,992734
2016-08-08,116.0,116.3,110.8,111.1,924343
2016-08-09,111.0,111.7,109.3,109.6,520904
2016-08-10,109.2,110.7,107.8,108.2,494769
2016-08-11,108.2,109.7,107.9,108.5,337379
2016-08-14,108.5,110.0,107.2,108.3,522650
2016-08-16,107.9,114.0,107.9,111.1,1027010
2016-08-17,112.0,112.0,108.0,108.3,468549
2016-08-18,108.0,109.3,107.0,107.9,395341
2016-08-21,108.3,110.3,107.3,108.5,441428
2016-08-22,109.0,109.6,107.7,107.9,163688
2016-08-23,109.0,110.1,108.0,109.6,337788
2016-08-24,110.0,112.5,109.7,112.1,886552
2016-08-28,113.0,113.9,111.2,111.7,403771
2016-08-29,111.9,111.9,109.7,110.2,341756
2016-08-30,111.0,111.0,109.7,110.5,242720
2016-08-31,111.7,111.7,110.0,110.2,229624
2016-09-01,110.0,110.8,109.1,109.3,215627
2016-09-04,109.8,110.0,107.8,108.1,232305
2016-09-05,108.1,108.9,107.9,108.5,191506
2016-09-06,109.0,109.5,108.2,108.9,294890
2016-09-08,108.1,111.3,108.0,110.5,335886
2016-09-18,111.7,116.3,110.9,115.5,864649
2016-09-19,116.0,119.0,115.0,116.0,1143810
2016-09-20,116.5,118.5,115.2,117.9,1036280
2016-09-21,118.2,122.8,118.0,121.0,1843870
2016-09-22,122.0,124.9,119.4,124.4,1361730
2016-09-24,125.0,125.0,122.2,122.6,748684
2016-09-25,123.0,123.0,120.3,120.6,591787
2016-09-26,121.0,126.8,121.0,125.3,1215400
2016-09-27,125.9,130.0,125.1,126.1,1817010
2016-09-28,125.9,127.0,124.6,126.0,798813
2016-09-29,126.5,128.3,123.7,124.0,868258
2016-10-02,124.9,126.0,123.2,123.4,420694
2016-10-03,123.6,124.9,122.4,122.7,426558
2016-10-04,123.7,123.8,120.0,121.5,632487
2016-10-05,123.5,123.9,121.0,121.7,305801
2016-10-06,122.0,122.8,120.4,120.5,273426
2016-10-09,120.6,121.2,114.3,116.5,381874
2016-10-10,117.4,118.4,116.5,117.9,238685
2016-10-13,119.0,122.6,118.8,120.7,277400
2016-10-16,121.8,121.8,118.4,118.7,158478
2016-10-17,118.5,119.0,116.9,117.2,175785
2016-10-18,117.0,117.9,115.1,115.7,394670
2016-10-19,116.1,116.2,112.8,113.6,329721
2016-10-20,114.0,118.1,112.3,117.4,330540
2016-10-23,117.8,121.7,117.5,121.0,494309
2016-10-24,121.1,122.3,119.0,119.7,372624
2016-10-25,120.2,121.2,117.9,118.8,316188
2016-10-26,118.1,118.7,117.2,117.9,253266
2016-10-27,118.4,118.9,115.2,115.8,418211
2016-10-30,116.0,120.0,116.0,119.1,226913
2016-10-31,120.0,120.0,117.5,117.9,167878
2016-11-01,118.0,118.9,116.3,116.7,147791
2016-11-02,116.5,119.0,116.5,118.7,147801
2016-11-03,119.7,123.7,119.6,123.0,728365
2016-11-06,123.9,124.4,121.7,122.3,281596
2016-11-07,122.0,125.2,122.0,123.8,674935
2016-11-08,124.2,127.9,122.9,127.1,945994
2016-11-09,127.8,128.9,123.6,124.0,613701
2016-11-10,125.0,126.8,123.6,124.8,459076
2016-11-13,126.0,127.8,123.0,123.5,472337
2016-11-14,124.2,124.5,120.3,120.9,702055
2016-11-15,121.8,123.3,117.8,118.6,517649
2016-11-16,120.5,120.5,117.7,118.5,350502
2016-11-17,119.0,119.7,117.8,118.0,314273
2016-11-20,118.6,121.5,118.6,119.5,200198
2016-11-21,120.0,121.0,117.8,118.0,388534
2016-11-22,118.3,119.5,117.5,117.9,266535
2016-11-23,118.0,118.5,117.1,117.2,294259
2016-11-24,117.7,118.3,116.8,117.0,277481
2016-11-27,117.1,119.4,116.9,119.0,238638
2016-11-28,119.4,119.6,117.3,117.5,280392
2016-11-29,117.7,118.5,117.0,117.2,333124
2016-11-30,118.0,118.5,117.0,117.7,235119
2016-12-01,118.5,119.9,117.8,119.1,355079
2016-12-04,119.7,121.8,119.5,121.3,458759
2016-12-05,121.7,121.7,119.6,119.8,260160
2016-12-06,119.5,120.3,117.9,118.1,233747
2016-12-07,119.3,119.3,117.1,117.5,269949
2016-12-08,119.0,119.0,117.3,117.8,221415
2016-12-11,118.7,119.4,117.3,117.6,210138
2016-12-12,117.7,119.4,117.4,118.8,248698
2016-12-14,119.0,119.3,117.2,118.2,294165
2016-12-15,119.0,119.0,117.1,117.5,239314
2016-12-18,118.0,118.7,116.8,117.3,194911
2016-12-19,118.0,118.5,115.6,115.9,347087
2016-12-20,117.0,117.0,114.7,115.0,261110
2016-12-21,115.2,115.9,114.2,114.6,149093
2016-12-22,115.9,116.9,114.8,115.7,169554
2016-12-26,115.7,118.0,115.7,116.6,206444
2016-12-27,116.7,118.4,116.5,116.9,252422
2016-12-28,117.9,118.8,116.1,118.0,254018
2016-12-29,118.8,120.8,118.1,118.6,285910
2017-01-01,119.6,119.7,117.4,117.7,316607
2017-01-02,118.8,119.6,117.3,119.4,419867
2017-01-03,119.7,121.7,119.7,120.5,540435
2017-01-04,121.0,122.8,120.7,121.2,441825
2017-01-05,122.9,123.0,120.1,120.3,365098
2017-01-08,121.6,121.6,118.6,119.2,314137
2017-01-09,119.0,124.5,118.7,124.2,867536
2017-01-10,125.1,126.0,123.2,123.8,650482
2017-01-11,124.3,124.4,121.4,121.8,514248
2017-01-12,122.1,122.9,121.1,121.9,303251
2017-01-15,122.7,123.3,121.9,122.9,430793
2017-01-16,123.5,124.6,121.1,121.5,356429
2017-01-17,121.9,126.9,121.7,125.8,1010016
2017-01-18,126.5,129.9,125.7,126.3,965162
2017-01-19,126.3,126.6,122.3,123.8,431285
2017-01-22,125.8,131.3,124.9,130.5,1013125
2017-01-23,133.0,135.9,130.5,131.8,1055443
2017-01-24,133.0,133.0,127.1,127.6,585986
2017-01-25,128.0,129.4,125.1,125.7,348863
2017-01-26,126.1,127.4,125.0,125.8,307591
2017-01-29,126.9,127.6,122.5,123.8,307393
2017-01-30,126.0,129.0,124.2,125.3,637158
2017-01-31,126.0,126.0,123.1,123.3,261994
2017-02-01,124.9,125.0,122.5,122.9,213002
2017-02-02,122.9,122.9,119.5,119.7,260090
2017-02-05,120.6,120.6,117.0,117.5,248734
2017-02-06,119.4,120.0,118.2,119.5,120505
2017-02-07,119.6,121.8,118.0,120.0,126959
2017-02-08,121.4,123.0,121.0,122.4,173241
2017-02-09,123.5,126.5,123.5,125.7,408753
2017-02-12,127.0,128.2,126.1,126.7,282827
2017-02-13,126.9,127.5,125.4,125.7,294962
2017-02-14,125.5,126.1,125.0,125.4,257039
2017-02-15,126.4,127.0,124.8,124.9,186410
2017-02-16,125.0,125.5,123.5,123.8,203269
2017-02-19,125.0,125.0,123.5,123.9,197086
2017-02-20,124.5,125.5,123.7,124.7,207560
2017-02-22,125.6,131.1,125.6,127.4,675018
2017-02-23,127.5,128.0,125.5,126.0,348314
2017-02-26,126.0,126.0,123.9,124.7,272055
2017-02-27,124.8,125.0,123.5,124.0,148050
2017-02-28,124.8,125.0,123.1,123.5,119671
2017-03-01,124.0,124.9,122.8,123.0,205456
2017-03-02,124.5,124.5,123.2,123.9,160909
2017-03-05,124.4,126.0,123.3,123.9,181603
2017-03-06,125.0,125.0,123.2,123.4,122768
2017-03-07,123.5,124.5,123.1,123.3,151547
2017-03-08,123.1,124.3,122.5,122.7,103082
2017-03-09,123.5,123.5,122.1,122.7,188359
2017-03-12,123.0,124.0,122.6,122.8,153288
2017-03-13,123.0,123.0,122.0,122.2,138254
2017-03-14,121.8,122.8,120.8,121.1,156251
2017-03-15,121.2,124.0,120.0,121.9,218638
2017-03-16,122.9,123.2,120.9,122.7,98413
2017-03-19,123.0,123.5,120.5,121.0,105977
2017-03-20,120.9,122.9,120.3,120.9,90632
2017-03-21,122.8,122.8,120.6,120.8,110165
2017-03-22,121.0,121.7,120.1,120.4,111839
2017-03-23,120.3,122.5,120.3,120.9,107808
2017-03-27,120.6,120.9,120.0,120.3,80355
2017-03-28,120.0,120.6,119.3,119.5,110582
2017-03-29,120.2,121.4,119.0,119.4,110151
2017-03-30,119.3,123.5,119.3,122.6,216251
2017-04-02,122.9,124.2,121.2,121.4,108588
2017-04-03,122.8,123.2,121.5,122.7,121259
2017-04-04,123.0,124.0,122.7,123.3,190955
2017-04-05,123.4,123.4,121.9,122.1,91574
2017-04-06,121.6,122.0,120.1,120.3,117879
2017-04-09,120.3,120.5,118.1,118.6,107228
2017-04-10,119.7,119.7,118.0,118.4,74743
2017-04-11,118.9,119.8,118.2,118.5,68823
2017-04-12,118.8,118.9,117.6,118.2,72696
2017-04-13,118.3,118.4,117.8,118.1,35126
2017-04-16,118.3,118.6,117.5,117.6,48453
2017-04-17,118.0,119.0,117.5,117.9,67039
2017-04-18,117.6,118.9,117.6,118.2,61755
2017-04-19,119.0,123.2,118.3,122.3,262890
2017-04-20,123.4,123.4,120.0,120.8,241262
2017-04-23,120.0,120.0,118.0,118.3,57647
2017-04-24,119.7,119.7,117.4,117.6,57992
2017-04-25,118.0,119.0,117.8,118.0,31531
2017-04-26,118.0,120.3,117.8,119.2,59815
2017-04-27,119.5,120.9,118.2,118.9,52868
2017-04-30,121.0,122.5,120.0,120.5,180843
2017-05-02,120.6,120.7,119.0,119.2,124142
2017-05-03,119.2,120.0,118.8,118.9,85194
2017-05-04,119.0,119.9,118.4,118.5,139564
2017-05-07,119.5,121.9,119.5,120.2,155356
2017-05-08,120.8,120.8,119.1,119.2,47144
2017-05-09,119.1,120.9,118.8,120.1,87211
2017-05-11,119.7,120.4,119.0,119.2,54233
2017-05-14,119.4,119.8,117.9,118.5,68453
2017-05-15,119.4,119.9,118.0,118.2,51567
2017-05-16,119.5,119.5,117.5,117.9,76653
2017-05-17,117.8,118.6,117.3,117.5,85995
2017-05-18,118.0,118.5,117.4,117.5,72769
2017-05-21,117.9,118.3,117.0,117.1,80577
2017-05-22,117.2,117.6,115.9,117.1,95397
2017-05-23,118.0,118.0,116.8,117.1,131091
2017-05-24,117.1,117.9,116.8,117.0,178687
2017-05-25,117.0,117.6,116.5,117.1,60062
2017-05-28,117.0,117.0,116.2,116.5,42789
2017-05-29,116.3,116.6,116.1,116.3,23389
2017-05-30,116.1,116.5,116.0,116.3,32296
2017-05-31,116.2,117.0,116.2,116.5,29971
2017-06-01,116.5,116.8,116.1,116.2,27278
2017-06-04,116.1,116.4,115.8,116.2,55833
2017-06-05,116.2,118.5,116.2,117.1,49074
2017-06-06,117.0,119.5,117.0,118.6,43317
2017-06-07,118.7,119.0,118.0,118.1,38341
2017-06-08,117.2,118.3,116.2,116.4,67454
2017-06-11,116.5,117.3,116.0,116.2,33537
2017-06-12,116.2,117.0,116.1,116.5,28482
2017-06-13,116.1,117.0,116.0,116.1,39103
2017-06-14,116.2,116.9,116.0,116.5,25760
2017-06-15,116.5,116.9,116.2,116.3,31034
2017-06-18,116.5,116.5,116.1,116.2,42085
2017-06-19,117.5,117.5,116.2,116.4,67901
2017-06-20,116.5,118.9,116.5,118.3,87840
2017-06-21,118.5,119.0,116.4,117.0,119353
2017-06-22,117.5,120.0,117.1,118.6,241849
2017-06-28,118.6,119.5,112.9,118.9,57741
2017-06-29,119.0,120.8,118.7,120.1,155626
2017-07-02,120.1,122.0,120.0,121.4,146085
2017-07-03,122.0,122.1,120.9,121.2,92403
2017-07-04,121.3,121.4,120.3,120.6,125155
2017-07-05,121.0,121.0,119.4,119.7,56895
2017-07-06,119.6,119.6,117.5,117.9,199739
2017-07-09,118.5,119.5,118.0,118.7,95168
2017-07-10,119.1,120.5,118.9,119.5,104811
2017-07-11,120.2,120.2,119.0,119.4,166942
2017-07-12,119.5,119.8,118.4,118.6,67578
2017-07-13,118.4,119.7,117.7,119.2,124579
2017-07-16,120.0,123.0,119.2,122.0,570374
2017-07-17,122.4,124.5,122.4,122.8,831293
2017-07-18,122.9,123.8,122.8,123.1,477834
2017-07-19,123.3,126.7,123.2,124.6,1340512
2017-07-20,124.9,125.8,122.4,123.3,692819
2017-07-23,123.9,123.9,121.3,121.7,204188
2017-07-24,121.3,122.4,121.3,122.1,136005
2017-07-25,122.7,123.6,122.1,122.4,155383
2017-07-26,122.5,123.4,120.1,121.3,268547
2017-07-27,121.3,122.2,120.5,120.6,130141
2017-07-30,122.0,123.9,121.3,122.6,264724
2017-07-31,123.0,123.4,121.7,122.7,224944
2017-08-01,122.7,123.3,121.3,121.5,167458
2017-08-02,122.8,122.8,120.5,120.8,125003
2017-08-03,120.2,121.5,119.5,119.8,163993
2017-08-06,120.1,121.0,119.3,119.6,171735
2017-08-07,119.4,119.6,117.9,118.3,231664
2017-08-08,118.4,119.3,117.7,117.9,308590
2017-08-09,118.1,120.4,118.1,118.9,104593
2017-08-10,119.7,123.8,119.7,122.4,506410
2017-08-13,123.0,123.5,119.8,120.1,190631
2017-08-16,119.5,120.7,118.0,118.7,225653
2017-08-17,119.9,119.9,117.2,117.7,164923
2017-08-20,119.0,122.4,117.0,117.7,576333
2017-08-21,118.0,119.0,116.8,117.1,111697
2017-08-22,117.1,117.2,116.0,116.2,317043
2017-08-23,116.5,117.5,116.5,116.7,147379
2017-08-24,117.4,118.1,117.0,117.5,177635
2017-08-27,116.5,118.5,116.5,116.8,180293
2017-08-28,116.8,118.0,116.7,116.9,176326
2017-08-29,117.0,118.0,115.5,116.2,224937
2017-08-30,116.0,116.7,115.8,116.0,130270
2017-08-31,116.4,118.2,115.9,117.7,73512
2017-09-04,117.4,117.6,116.6,116.9,47865
2017-09-05,116.5,117.6,116.5,117.2,99539
2017-09-06,117.2,119.2,117.2,118.6,224415
2017-09-07,119.0,120.9,119.0,120.2,250033
2017-09-10,121.0,124.9,119.4,119.6,300447
2017-09-11,120.2,121.0,118.8,120.0,213603
2017-09-12,118.0,120.8,118.0,119.2,100393
2017-09-13,118.6,119.3,118.5,118.9,123359
2017-09-14,118.9,121.0,118.3,118.7,133219
2017-09-17,119.5,119.5,118.8,119.0,127790
2017-09-18,119.0,119.0,117.1,117.5,99507
2017-09-19,117.1,117.8,116.5,116.9,106021
2017-09-21,116.0,120.7,116.0,117.9,289913
2017-09-24,117.4,117.9,117.0,117.5,74249
2017-09-25,117.0,117.5,117.0,117.4,68390
2017-09-26,117.1,117.9,117.1,117.3,80606
2017-09-27,117.5,117.5,115.4,115.6,95136
2017-09-28,115.4,115.5,114.4,114.6,112295
2017-10-02,114.6,114.6,110.0,112.6,126434
2017-10-03,112.6,114.9,111.0,113.2,118834
2017-10-04,113.3,114.3,112.0,112.4,103794
2017-10-05,113.7,113.7,110.6,111.6,194370
2017-10-08,112.0,112.2,110.5,110.8,110070
2017-10-09,110.8,111.6,110.6,111.3,87642
2017-10-10,110.3,111.5,110.3,110.8,108166
2017-10-11,110.6,111.0,109.0,109.5,122445
2017-10-12,109.5,109.8,106.5,107.7,97687
2017-10-15,108.6,108.6,106.9,107.3,64165
2017-10-16,107.4,109.0,106.5,108.0,48476
2017-10-17,107.4,112.9,107.4,112.6,122006
2017-10-18,113.0,113.6,110.9,111.3,53816
2017-10-19,113.5,114.5,110.8,111.5,74912
2017-10-22,110.5,111.9,109.9,110.0,77608
2017-10-23,110.0,111.0,108.2,108.9,106189
2017-10-24,108.6,110.3,108.6,109.1,24345
2017-10-25,110.3,110.7,109.6,110.0,44088
2017-10-26,110.1,111.0,109.2,109.4,72324
2017-10-29,111.3,111.3,107.0,107.1,75672
2017-10-30,107.1,108.9,106.7,108.2,52779
2017-10-31,109.6,109.7,108.0,109.0,44819
2017-11-01,110.0,110.0,108.3,108.7,32410
2017-11-02,110.0,113.9,108.6,112.4,157874
2017-11-05,112.6,112.6,110.6,111.2,96040
2017-11-06,110.4,111.3,108.9,109.1,177252
2017-11-07,109.3,112.5,109.3,111.7,130437
2017-11-08,111.9,112.1,110.2,110.7,57218
2017-11-09,110.5,111.8,110.1,110.4,132022
2017-11-12,109.2,109.7,102.0,104.2,280814
2017-11-13,104.2,104.3,101.4,102.0,126568
2017-11-14,103.0,104.8,101.0,103.1,119628
2017-11-15,102.6,104.3,102.5,103.9,42554
2017-11-16,104.0,104.4,100.7,101.7,190496
2017-11-19,101.7,103.3,101.7,101.9,123745
2017-11-20,102.9,105.0,102.8,104.1,124401
2017-11-21,104.7,106.8,103.5,104.0,106681
2017-11-22,104.3,105.7,103.9,104.4,43407
2017-11-23,104.5,105.5,103.0,103.4,71991
2017-11-26,104.7,104.7,102.2,102.5,57046
2017-11-27,102.1,103.3,102.0,102.9,40590
2017-11-28,102.9,103.6,102.1,102.6,60601
2017-11-29,102.4,107.3,102.3,106.8,217707
2017-11-30,106.8,108.4,103.2,104.4,115412
2017-12-03,104.4,104.8,103.2,103.5,48976
2017-12-04,103.8,105.2,103.0,103.3,60530
2017-12-05,104.0,104.9,103.5,103.8,25897
2017-12-06,103.7,104.5,103.6,104.1,28559
2017-12-07,104.1,105.6,103.8,104.9,104081
2017-12-10,106.0,106.5,105.0,105.6,87726
2017-12-11,105.6,105.8,104.1,104.4,60558
2017-12-12,104.5,105.0,103.6,104.4,39715
2017-12-13,103.8,104.9,103.1,104.3,61091
2017-12-14,104.4,104.6,103.2,103.9,50898
2017-12-17,104.8,104.8,102.8,103.4,53377
2017-12-18,103.1,104.6,102.9,104.0,75296
2017-12-19,104.0,104.4,103.8,104.1,50852
2017-12-20,104.0,105.0,103.9,104.2,69972
2017-12-21,104.0,104.2,103.6,103.8,26237
2017-12-24,103.8,104.2,103.4,103.6,44464
2017-12-26,103.7,104.9,103.0,104.1,60290
2017-12-27,104.4,104.4,103.2,103.5,47430
2017-12-28,103.5,104.5,102.6,103.1,56145
2018-01-01,104.2,104.5,102.4,104.2,47551
2018-01-02,103.5,104.7,103.5,104.7,14510
2018-01-03,104.8,107.2,104.3,106.9,198558
2018-01-04,107.2,108.0,105.5,107.6,104941
2018-01-07,107.1,112.4,107.1,111.9,285098
2018-01-08,112.5,112.5,110.0,111.3,251755
2018-01-09,110.7,110.7,108.5,109.4,65122
2018-01-10,110.0,110.0,108.1,108.3,80148
2018-01-11,105.2,108.1,105.2,107.9,92022
2018-01-14,106.0,108.5,106.0,107.3,65706
2018-01-15,107.7,107.7,105.4,106.5,94066
2018-01-16,106.0,107.0,105.2,106.8,58267
2018-01-17,106.0,106.5,105.0,105.2,48026
2018-01-18,104.5,105.1,103.4,103.9,49172
2018-01-21,105.8,105.9,104.4,105.2,20179
2018-01-22,105.9,106.0,104.6,105.0,47194
2018-01-23,104.3,106.3,104.3,105.6,29711
2018-01-24,106.3,106.4,104.1,104.6,54582
2018-01-25,105.9,105.9,104.2,104.7,22921
2018-01-28,104.6,105.0,103.4,103.6,19756
2018-01-29,103.0,103.0,97.5,99.2,274731
2018-01-30,99.5,101.0,97.5,97.9,61664
2018-01-31,97.6,97.6,95.0,95.2,42270
2018-02-01,96.0,99.2,94.7,95.5,56054
2018-02-04,95.3,95.3,92.0,92.5,50333
2018-02-05,92.6,95.0,90.2,93.5,101750
2018-02-06,93.1,95.5,93.0,93.9,43091
2018-02-07,93.0,94.9,91.5,92.0,49032
2018-02-08,91.9,92.7,91.0,92.2,54663
2018-02-11,92.5,97.3,92.0,96.4,128483
2018-02-12,96.6,104.9,95.6,103.3,186579
2018-02-13,104.9,106.5,102.2,105.5,221064
2018-02-14,106.0,106.3,101.6,102.3,90813
2018-02-15,102.4,103.0,97.3,97.9,145680
2018-02-18,98.9,100.0,97.2,99.1,57029
2018-02-19,100.0,101.2,98.0,98.5,65254
2018-02-20,100.0,100.7,97.5,97.8,33050
2018-02-22,98.0,99.7,97.5,98.3,17817
2018-02-25,99.9,99.9,96.7,97.1,33597
2018-02-26,96.7,98.5,96.7,97.9,91390
2018-02-27,98.1,98.9,97.4,97.7,28619
2018-02-28,97.5,98.4,97.1,97.7,17073
2018-03-01,97.3,98.8,96.7,97.5,35474
2018-03-04,97.7,99.4,97.1,97.4,33916
2018-03-05,97.5,97.8,97.0,97.1,33463
2018-03-06,97.2,98.9,97.2,98.3,29282
2018-03-07,98.1,98.2,97.1,97.3,19872
2018-03-08,97.8,97.9,95.1,96.5,69787
2018-03-11,95.5,96.7,95.5,96.2,5935
2018-03-12,95.9,96.0,93.6,94.0,51633
2018-03-13,95.0,95.0,91.8,92.5,24977
2018-03-14,93.9,94.9,92.6,94.0,21821
2018-03-15,92.7,97.5,92.7,95.7,59815
2018-03-18,95.6,95.7,94.0,95.0,14522
2018-03-19,95.0,95.0,92.8,93.0,14550
2018-03-20,91.4,93.6,91.3,93.1,17719
2018-03-21,93.1,93.1,90.1,90.9,29955
2018-03-22,91.1,92.8,91.0,91.5,32663
2018-03-25,92.0,92.0,91.0,91.7,20870
2018-03-27,91.5,91.5,90.6,90.7,4946
2018-03-28,91.0,91.1,90.0,90.5,24821
2018-03-29,90.1,92.0,90.1,91.8,30888
2018-04-01,92.4,94.9,92.4,93.7,26806
2018-04-02,93.3,96.4,93.2,95.3,36748
2018-04-03,95.7,98.9,95.7,97.2,92272
2018-04-04,96.6,98.0,96.6,97.3,60722
2018-04-05,97.5,98.4,96.6,97.5,29600
2018-04-08,97.6,99.8,97.6,98.8,51517
2018-04-09,98.9,98.9,95.9,96.2,39009
2018-04-10,96.2,97.8,94.7,95.1,49786
2018-04-11,95.0,96.2,93.0,93.9,38022
2018-04-12,94.2,94.5,92.9,93.1,40717
2018-04-15,95.7,95.8,92.1,92.6,14871
2018-04-16,94.0,98.0,92.5,97.5,147824
2018-04-17,97.6,98.5,95.6,96.7,53299
2018-04-18,96.2,96.8,95.5,95.7,34506
2018-04-19,95.4,97.0,94.2,96.5,45240
2018-04-22,94.1,94.3,92.1,93.5,63760
2018-04-23,92.7,94.0,92.0,92.6,39111
2018-04-24,93.9,93.9,92.1,92.5,21012
2018-04-25,92.1,93.6,92.1,93.0,24914
2018-04-26,93.4,93.4,92.5,93.0,23450
2018-04-30,93.4,94.6,92.6,93.8,33861
2018-05-03,93.6,93.6,92.7,92.9,41256
2018-05-06,94.0,94.0,92.2,93.1,31326
2018-05-07,93.1,93.7,92.4,92.9,30832
2018-05-08,92.6,93.0,92.2,92.4,21953
2018-05-09,92.6,92.8,92.0,92.2,33714
2018-05-10,93.2,93.2,91.9,92.1,32396
2018-05-13,92.1,92.1,91.1,91.6,17902
2018-05-14,91.9,91.9,90.7,90.9,22049
2018-05-15,91.0,91.0,90.3,90.4,19669
2018-05-16,90.1,92.3,90.1,90.7,12082
2018-05-17,90.3,90.8,90.2,90.6,30392
2018-05-20,90.0,90.2,89.3,89.6,27801
2018-05-21,90.2,90.2,89.0,89.6,18582
2018-05-22,89.1,89.1,87.1,88.1,14388
2018-05-23,88.5,88.5,83.2,85.7,30927
2018-05-24,86.9,86.9,84.1,85.8,18741
2018-05-27,85.6,90.8,85.5,89.8,27861
2018-05-28,89.5,89.6,86.0,86.1,13856
2018-05-29,86.0,86.3,85.3,85.6,12681
2018-05-30,86.1,86.9,85.6,86.4,9109
2018-05-31,86.2,87.5,85.0,86.8,32880
2018-06-03,86.0,87.0,85.8,86.7,11069
2018-06-04,85.5,86.1,85.5,85.7,20656
2018-06-05,85.5,86.5,85.0,85.9,23546
2018-06-06,85.9,86.5,85.0,85.8,51316
2018-06-07,85.2,86.7,85.2,86.3,15962
2018-06-10,86.0,92.9,85.5,91.5,103681
2018-06-11,90.7,92.5,90.7,91.8,45396
2018-06-12,91.8,98.0,91.4,96.5,104294
2018-06-18,93.9,97.0,93.9,96.0,69790
2018-06-19,97.9,98.0,95.9,96.9,61362
2018-06-20,96.7,99.9,96.2,99.1,101863
2018-06-21,100.0,103.6,99.7,103.1,182813
2018-06-24,104.0,108.0,103.1,103.8,202746
2018-06-25,103.8,104.5,98.6,99.2,97503
2018-06-26,99.7,100.0,94.9,97.2,120165
2018-06-27,101.0,105.0,98.0,101.1,115134
2018-06-28,100.9,104.0,99.7,102.9,175524
2018-07-02,104.0,104.0,98.5,98.8,61773
2018-07-03,99.0,100.0,99.0,99.6,51366
2018-07-04,98.6,100.9,98.4,98.6,30275
2018-07-05,98.1,100.0,97.5,97.9,41638
2018-07-08,99.0,102.0,96.6,99.4,53397
2018-07-09,97.2,99.8,97.1,97.8,38326
2018-07-10,100.8,100.8,98.5,99.0,26765
2018-07-11,98.0,100.0,97.5,97.8,26329
2018-07-12,97.1,97.2,95.7,96.3,42368
2018-07-15,96.1,97.0,94.2,95.2,70943
2018-07-16,95.0,97.0,95.0,96.2,10903
2018-07-17,96.8,97.0,93.0,94.8,44616
2018-07-18,94.5,94.5,92.1,92.6,34562
2018-07-19,90.1,94.0,90.1,93.8,17933
2018-07-22,94.7,98.9,93.7,95.1,51542
2018-07-23,94.7,94.7,94.0,94.1,27896
2018-07-24,94.1,94.1,91.6,92.1,29491
2018-07-25,91.6,93.6,91.0,91.4,38845
2018-07-26,90.5,92.8,90.5,90.8,26944
2018-07-29,90.5,95.3,89.5,91.3,119208
2018-07-30,91.3,91.6,89.6,89.9,30381
2018-07-31,89.8,91.9,89.2,90.4,29477
2018-08-01,90.8,91.3,90.0,90.4,16412
2018-08-02,90.3,91.0,89.1,90.3,24356
2018-08-05,90.0,90.9,89.2,89.6,21369
2018-08-06,89.8,90.8,89.5,89.6,10398
2018-08-07,89.5,90.0,89.5,89.9,17458
2018-08-08,89.5,89.5,87.0,87.8,43729
2018-08-09,87.7,88.3,87.6,88.1,6475
2018-08-12,87.4,88.0,86.0,87.0,17484
2018-08-13,87.0,87.0,85.1,85.3,23564
2018-08-14,85.5,87.4,85.5,86.6,22703
2018-08-16,86.9,89.3,86.9,88.7,18913
2018-08-19,88.7,90.0,86.0,86.1,39767
2018-08-20,86.1,88.8,85.7,88.0,22041
2018-08-26,88.0,88.3,87.5,88.0,8900
2018-08-27,87.6,90.0,87.5,89.3,21419
2018-08-28,89.3,94.3,88.6,92.7,75361
2018-08-29,93.0,93.1,91.2,91.9,30708
2018-08-30,91.5,91.8,89.7,89.8,39293
2018-09-03,90.2,98.7,90.0,98.7,623361
2018-09-04,103.0,108.5,103.0,108.5,1429739
2018-09-05,111.2,115.3,108.0,113.7,1261736
2018-09-06,114.0,114.9,107.1,108.8,919728
2018-09-09,109.0,109.7,99.5,101.7,605521
2018-09-10,102.0,104.8,94.9,96.2,504698
2018-09-11,97.1,102.0,96.0,98.5,342635
2018-09-12,101.0,101.4,97.0,97.6,276325
2018-09-13,97.1,99.5,96.1,96.6,343753
2018-09-16,96.7,106.2,96.7,105.7,539334
2018-09-17,105.7,108.5,98.7,99.3,238585
2018-09-18,98.6,99.0,93.0,93.8,371753
2018-09-19,94.0,96.4,92.9,93.4,204132
2018-09-20,92.5,95.5,91.5,92.2,154508
2018-09-23,93.9,94.8,90.5,91.0,115427
2018-09-24,92.5,92.5,87.2,87.7,114310
2018-09-25,88.0,91.4,87.0,88.8,188736
2018-09-26,89.0,90.6,87.4,87.6,45530
2018-09-27,87.4,88.0,84.6,85.4,142310
2018-09-30,85.0,85.0,77.0,78.2,296887
2018-10-01,78.2,79.0,71.5,76.4,162365
2018-10-02,76.1,81.9,76.1,79.2,125586
2018-10-03,78.9,78.9,76.6,76.9,77798
2018-10-04,76.9,77.4,75.0,75.4,124030
2018-10-07,75.2,77.8,75.1,75.7,87565
2018-10-08,75.9,77.5,75.8,76.1,110810
2018-10-09,77.0,78.7,76.1,77.8,125073
2018-10-10,77.8,78.9,76.0,78.4,120108
2018-10-11,78.0,79.0,76.8,78.0,90510
2018-10-14,78.0,78.2,77.3,78.0,43745
2018-10-15,78.0,81.0,78.0,80.6,225208
2018-10-16,81.4,81.4,79.0,80.1,75933
2018-10-17,80.3,80.3,78.5,79.0,141440
2018-10-21,78.2,79.2,75.4,75.9,68639
2018-10-22,76.1,77.6,73.0,75.5,112601
2018-10-23,75.0,77.0,73.7,74.7,29574
2018-10-24,76.0,76.5,74.8,75.8,15212
2018-10-25,76.0,80.5,74.7,79.9,104166
2018-10-28,80.9,81.3,77.5,78.5,40522
2018-10-29,76.7,79.3,76.7,78.6,31495
2018-10-30,80.0,81.0,78.5,78.9,102820
2018-10-31,79.1,84.4,79.1,83.8,222453
2018-11-01,83.8,87.8,83.8,86.3,183721
2018-11-04,85.0,89.8,84.0,88.5,121126
2018-11-05,88.5,90.5,85.5,87.4,112795
2018-11-06,87.3,89.2,85.7,88.4,109169
2018-11-07,88.9,94.0,88.8,93.2,332393
2018-11-08,93.4,94.3,90.4,94.0,153105
2018-11-11,93.7,94.0,88.1,88.8,132448
2018-11-12,88.8,93.0,88.8,91.4,242147
2018-11-13,92.0,95.0,92.0,94.7,207697
2018-11-14,94.7,98.0,93.8,94.4,381869
2018-11-15,93.7,93.7,91.5,92.2,138974
2018-11-18,92.2,93.1,90.0,91.7,91960
2018-11-19,91.5,92.5,89.6,90.5,92735
2018-11-20,91.9,91.9,89.6,90.4,55666
2018-11-22,90.0,90.6,87.0,88.9,93748
2018-11-25,87.5,87.5,84.0,84.5,64157
2018-11-26,84.5,90.0,82.6,88.5,157972
2018-11-27,88.5,92.5,88.0,88.3,78037
2018-11-28,88.0,89.9,86.9,88.1,27954
2018-11-29,89.0,92.0,86.1,87.5,63158
2018-12-02,89.8,90.2,86.0,88.0,43595
2018-12-03,90.0,90.7,86.6,86.9,70809
2018-12-04,89.9,89.9,84.5,87.5,31694
2018-12-05,87.5,89.0,86.8,87.5,41823
2018-12-06,89.7,89.7,86.9,87.5,28911
2018-12-09,88.0,88.0,85.2,86.7,23819
2018-12-10,85.6,87.0,85.3,85.5,71297
2018-12-11,89.0,89.0,86.0,87.6,98980
2018-12-12,87.9,88.9,86.8,87.9,20420
2018-12-13,88.9,91.0,87.5,88.4,124302
2018-12-17,87.5,87.5,86.9,87.0,88770
2018-12-18,86.7,88.1,86.5,86.9,43531
2018-12-19,87.3,88.0,87.1,87.8,23286
2018-12-20,88.5,90.0,88.3,88.6,51295
2018-12-23,89.0,91.9,89.0,91.4,95882
2018-12-24,91.8,94.3,90.4,93.8,263766
2018-12-26,93.9,94.7,93.7,93.9,130443
2018-12-27,93.9,94.2,91.7,93.5,76743
2019-01-01,93.5,97.2,93.2,96.7,277493
2019-01-02,97.4,97.5,95.5,97.0,175759
2019-01-03,98.0,102.6,98.0,101.8,344680
2019-01-06,101.5,107.0,101.5,105.5,385064
2019-01-07,106.5,108.0,101.0,104.9,351360
2019-01-08,105.4,107.5,105.3,105.9,170013
2019-01-09,105.9,111.7,105.5,108.6,291801
2019-01-10,110.0,115.4,109.6,114.6,963320
2019-01-13,115.0,116.5,112.4,116.3,522331
2019-01-14,116.8,116.9,111.9,113.8,472571
2019-01-15,114.0,115.0,111.1,113.4,386107
2019-01-16,113.4,116.5,111.2,115.3,413981
2019-01-17,115.5,116.0,113.0,114.7,261325
2019-01-20,114.8,123.8,114.5,119.5,928415
2019-01-21,120.0,120.1,118.0,119.5,317184
2019-01-22,119.6,125.7,117.1,125.0,1294712
2019-01-23,125.0,126.2,122.3,125.6,918145
2019-01-24,126.0,131.2,126.0,128.6,1247584
2019-01-27,130.8,131.0,125.0,127.3,673009
2019-01-28,128.9,130.0,126.1,128.4,609543
2019-01-29,128.4,129.9,126.8,128.2,495894
2019-01-30,126.2,135.7,126.2,132.9,1110044
2019-01-31,140.0,145.8,135.7,141.7,2409310
2019-02-03,144.0,155.8,142.0,155.8,4845149
2019-02-04,171.3,171.3,146.4,150.0,2207717
2019-02-05,150.0,154.8,145.5,146.6,1469335
2019-02-06,147.0,150.7,138.0,140.2,1510837
2019-02-07,141.9,154.2,141.9,154.1,1990564
2019-02-10,156.5,157.6,143.0,146.1,1619599
2019-02-11,146.0,153.5,143.1,147.1,1128925
2019-02-12,148.9,154.1,148.0,150.6,1862662
2019-02-13,151.0,153.5,147.5,148.5,1107750
2019-02-14,148.2,152.8,146.0,150.8,1223230
2019-02-17,153.0,165.8,153.0,165.0,3674190
2019-02-18,165.0,171.3,162.5,164.7,2421067
2019-02-19,166.0,172.7,162.5,171.2,2559669
2019-02-20,171.2,173.5,166.0,168.2,1714101
2019-02-24,169.5,177.5,166.5,176.2,2857146
2019-02-25,178.0,180.0,172.5,174.4,1902597
2019-02-26,174.5,177.0,172.2,174.0,1363714
2019-02-27,172.1,176.0,172.1,174.2,1629075
2019-03-03,174.5,177.9,174.1,175.5,1518222
2019-03-04,176.0,177.3,172.7,173.4,1901304
2019-03-05,173.4,173.5,162.0,163.2,1391485
2019-03-06,164.8,169.0,160.2,168.2,1171755
2019-03-07,169.0,169.0,160.9,163.1,852175
2019-03-10,163.1,165.6,161.6,162.2,600406
2019-03-11,162.2,163.0,156.1,157.8,672409
2019-03-12,157.8,161.5,152.9,160.3,1018695
2019-03-13,160.9,166.6,156.0,158.1,778849
2019-03-14,158.0,159.3,151.1,152.3,548094
2019-03-18,153.0,153.3,143.6,145.7,489629
2019-03-19,147.9,152.5,146.6,148.5,382121
2019-03-20,149.9,154.5,147.0,148.2,398623
2019-03-21,148.4,148.9,143.2,143.7,341557
2019-03-24,144.1,145.8,139.8,144.1,485373
2019-03-25,146.0,149.7,144.6,145.9,365683
2019-03-27,146.3,147.3,145.0,146.2,349932
2019-03-28,146.0,154.8,145.0,153.3,797981
2019-03-31,153.9,158.7,153.9,156.9,668936
2019-04-01,156.6,164.1,155.0,162.2,812122
2019-04-02,164.0,166.0,161.4,162.7,788682
2019-04-03,164.0,164.0,157.5,159.1,804636
2019-04-04,161.5,161.5,155.6,159.9,786693
2019-04-07,160.0,164.2,159.2,162.9,971008
2019-04-08,164.0,164.4,158.3,159.4,544566
2019-04-09,160.0,161.0,156.1,156.8,537835
2019-04-10,158.5,159.5,150.0,153.4,406577
2019-04-11,155.0,161.5,154.7,160.8,644907
2019-04-15,162.3,164.2,160.0,161.0,646814
2019-04-16,161.5,163.8,158.5,163.5,634477
2019-04-17,164.2,165.7,162.5,164.4,1588357
2019-04-18,165.5,169.5,165.5,167.6,1048741
2019-04-21,168.3,174.2,167.3,171.0,1065923
2019-04-23,170.6,171.0,154.9,161.9,839797
2019-04-24,159.0,162.0,154.1,156.0,624300
2019-04-25,157.0,160.0,154.0,158.1,828578
2019-04-28,160.6,162.0,153.7,155.0,610839
2019-04-29,155.0,155.0,148.8,151.2,535241
2019-04-30,152.4,155.0,145.9,147.3,830482
2019-05-02,148.0,155.8,148.0,154.2,421502
2019-05-05,156.5,156.5,150.7,152.8,716210
2019-05-06,153.9,153.9,148.0,148.5,506998
2019-05-07,151.2,151.2,145.8,146.6,377103
2019-05-08,146.8,148.3,146.0,147.0,267105
2019-05-09,148.0,148.1,143.6,144.2,417990
2019-05-12,147.0,147.0,138.1,140.3,559329
2019-05-13,140.4,142.0,138.6,139.8,250118
2019-05-14,140.5,140.9,136.1,137.6,300982
2019-05-15,138.4,139.0,135.1,136.2,191824
2019-05-16,136.2,138.0,135.5,137.0,130449
2019-05-19,138.8,141.4,136.9,137.5,272269
2019-05-20,138.0,138.9,136.7,138.0,184768
2019-05-21,139.9,145.0,137.5,143.5,656851
2019-05-22,144.0,144.8,140.6,140.9,213380
2019-05-23,141.0,141.0,138.2,138.6,184240
2019-05-26,138.6,139.3,137.3,137.8,106759
2019-05-27,137.8,138.7,135.0,136.0,148952
2019-05-28,136.0,139.0,136.0,137.1,258130
2019-05-29,137.2,139.7,136.0,136.7,294584
2019-05-30,139.0,141.3,137.1,140.1,693960
2019-06-09,141.0,145.5,141.0,143.2,417146
2019-06-10,144.9,144.9,140.7,141.2,355789
2019-06-11,141.5,143.0,141.5,142.0,334645
2019-06-12,141.8,142.9,139.9,140.9,344172
2019-06-13,140.2,141.8,139.8,140.6,238839
2019-06-16,141.0,141.9,136.1,137.2,305026
2019-06-17,137.3,138.0,134.9,135.8,272003
2019-06-18,136.1,136.7,134.6,135.1,273629
2019-06-19,135.1,142.5,135.0,141.6,585209
2019-06-20,141.2,143.6,139.0,140.5,516373
2019-06-23,140.6,141.0,136.5,138.3,372514
2019-06-24,139.3,139.3,136.4,137.2,165566
2019-06-25,137.4,139.5,136.4,136.9,331342
2019-06-26,137.7,141.0,137.1,139.7,327429
2019-06-27,140.0,142.9,138.7,139.8,745053
2019-06-30,139.1,142.0,131.0,132.0,1664110
2019-07-02,132.1,135.4,131.2,134.3,488700
2019-07-03,134.8,134.8,126.5,129.0,618160
2019-07-04,129.2,129.3,125.5,126.2,541377
2019-07-07,128.8,128.8,120.7,122.8,336633
2019-07-08,121.9,122.7,116.1,118.0,449085
2019-07-09,116.8,123.8,116.8,119.2,338919
2019-07-10,119.5,121.1,116.0,117.3,310566
2019-07-11,117.3,119.1,114.0,117.1,258124
2019-07-14,117.2,118.0,112.5,113.2,306217
2019-07-15,114.8,114.9,107.0,107.6,423609
2019-07-16,107.6,112.0,107.6,111.0,188970
2019-07-17,112.0,112.0,108.5,108.8,207230
2019-07-18,109.8,110.9,106.7,107.0,250749
2019-07-21,107.5,107.5,102.5,104.0,232610
2019-07-22,104.0,104.0,99.0,102.0,304500
2019-07-23,103.9,106.8,103.9,106.2,192144
2019-07-24,106.2,114.7,103.2,112.7,561384
2019-07-25,113.4,117.0,112.2,113.5,307395
2019-07-28,113.6,115.2,110.6,112.8,389722
2019-07-29,113.9,123.5,113.2,119.1,679935
2019-07-30,119.7,122.0,115.3,116.3,334414
2019-07-31,116.5,119.5,115.2,118.8,351520
2019-08-01,121.0,124.9,119.5,123.0,680913
2019-08-04,125.9,125.9,121.3,122.2,342883
2019-08-05,121.3,123.1,119.1,121.8,499342
2019-08-06,123.1,130.0,122.2,127.1,799272
2019-08-07,127.0,127.3,125.0,125.9,368365
2019-08-08,125.1,131.4,125.1,130.1,640992
2019-08-18,130.5,132.3,129.2,130.7,417664
2019-08-19,131.0,132.7,127.1,127.8,371397
2019-08-20,127.6,128.9,122.7,123.9,356962
2019-08-21,125.0,125.9,121.0,123.3,322247
2019-08-22,124.0,124.9,120.6,121.0,253486
2019-08-25,122.0,125.0,121.6,124.1,208851
2019-08-26,124.2,125.6,119.0,120.6,194775
2019-08-27,120.6,123.0,119.8,120.7,196809
2019-08-28,121.1,122.4,115.0,117.0,316550
2019-08-29,117.0,117.3,110.1,111.3,432780
2019-09-01,111.2,113.8,109.6,112.5,249759
2019-09-02,114.0,115.6,112.2,113.3,251996
2019-09-03,113.7,115.4,112.3,112.8,162293
2019-09-04,113.9,113.9,108.5,109.7,224271
2019-09-05,109.1,113.5,109.1,112.3,174309
2019-09-08,112.5,122.8,112.5,119.2,664874
2019-09-09,120.2,122.7,115.5,117.6,366779
2019-09-11,117.6,118.2,113.0,113.4,239750
2019-09-12,113.6,119.5,111.2,116.7,347810
2019-09-15,116.7,122.0,116.0,120.1,363480
2019-09-16,121.0,126.3,120.0,125.5,850980
2019-09-17,126.9,128.5,121.3,121.9,585983
2019-09-18,123.7,123.9,117.0,117.5,440067
2019-09-19,119.7,121.7,115.6,116.4,272887
2019-09-22,118.0,120.1,114.5,118.9,250910
2019-09-23,120.0,124.0,117.4,118.2,475564
2019-09-24,119.9,119.9,115.2,115.7,272431
2019-09-25,116.1,117.0,114.3,116.8,217480
2019-09-26,117.5,122.4,117.0,121.0,840777
2019-09-29,122.5,126.3,122.5,125.0,1103916
2019-09-30,126.2,127.0,121.4,122.2,526330
2019-10-01,122.0,124.2,121.3,123.5,488990
2019-10-02,124.5,127.9,123.4,125.7,970858
2019-10-03,127.6,127.6,122.9,124.1,441081
2019-10-06,127.0,127.0,120.0,120.9,546391
2019-10-07,120.7,123.9,119.6,122.5,382937
2019-10-09,123.0,124.5,122.5,122.8,383670
2019-10-10,124.4,124.4,120.1,120.6,343275
2019-10-13,122.2,125.4,119.1,119.9,997990
2019-10-14,120.5,121.3,115.8,116.4,566137
2019-10-15,116.5,119.8,116.5,118.5,412528
2019-10-16,118.5,119.0,114.3,114.9,563301
2019-10-17,115.7,115.7,112.6,113.9,350404
2019-10-20,113.1,114.4,110.9,111.6,391230
2019-10-21,111.9,112.1,105.3,106.8,311878
2019-10-22,105.0,106.5,102.7,104.7,407384
2019-10-23,105.1,107.6,103.1,105.3,229967
2019-10-24,107.9,110.9,105.2,109.3,255534
2019-10-27,110.7,110.9,107.9,109.2,236802
2019-10-28,109.8,110.2,104.0,104.7,400629
2019-10-29,106.4,106.4,103.2,104.5,140698
2019-10-30,105.5,107.8,104.0,106.1,319358
2019-10-31,106.7,108.5,105.7,107.8,283532
2019-11-03,108.2,108.9,106.7,107.0,250071
2019-11-04,107.0,107.5,105.5,106.2,200087
2019-11-06,106.2,109.5,105.7,106.1,607707
2019-11-07,106.1,114.9,106.1,109.9,861075
2019-11-11,114.8,114.8,110.0,111.7,412045
2019-11-12,113.5,113.5,107.8,108.3,389521
2019-11-13,108.3,109.5,105.2,105.7,592425
2019-11-14,105.7,109.4,105.1,108.8,396589
2019-11-17,110.4,113.7,109.5,112.9,1027715
2019-11-18,113.0,114.1,108.9,109.9,597398
2019-11-19,109.9,110.4,106.5,106.8,642423
2019-11-20,107.0,108.6,105.5,106.3,502865
2019-11-21,107.3,108.0,105.7,106.2,777251
2019-11-24,107.4,109.4,105.9,108.4,662247
2019-11-25,108.5,111.5,108.0,109.5,613034
2019-11-26,109.7,109.8,107.1,107.4,677243
2019-11-27,108.4,109.6,106.6,107.0,663634
2019-11-28,107.9,107.9,105.1,105.4,526618
2019-12-01,105.5,107.0,103.5,104.2,335645
2019-12-02,105.0,105.0,101.1,101.4,455599
2019-12-03,101.4,102.6,101.4,102.0,261255
2019-12-04,102.0,102.9,97.8,98.5,713436
2019-12-05,98.5,103.0,98.1,98.7,387191
2019-12-08,100.7,101.0,95.6,96.2,361652
2019-12-09,96.6,97.5,94.6,95.2,152162
2019-12-10,96.0,97.2,93.0,93.6,189100
2019-12-11,93.6,95.0,92.8,93.5,182708
2019-12-12,93.1,94.4,91.4,92.6,289023
2019-12-15,92.6,93.9,92.1,92.8,101428
2019-12-17,92.5,94.1,91.0,91.4,137400
2019-12-18,91.5,92.5,90.69999695,91.59999847,124764
2019-12-19,92.80000305,93.30000305,91.30000305,91.5,115533
2019-12-22,91.5,91.6,89.4,89.8,182001
2019-12-23,89.9,90.4,87.6,88.1,112155
2019-12-24,88.0,89.7,86.9,87.4,180814
2019-12-26,88.2,91.9,88.2,90.3,231040
2019-12-29,90.6,96.3,90.6,94.8,285854
2019-12-30,95.2,96.0,93.5,93.8,309282
2020-01-01,94.7,94.9,91.9,92.7,337676
2020-01-02,93.5,94.0,92.6,92.8,192600
2020-01-05,93.0,93.5,90.5,91.0,203988
2020-01-06,91.0,91.8,87.3,88.2,260404
2020-01-07,89.8,89.8,87.7,88.1,181330
2020-01-08,88.4,89.3,86.0,86.5,260757
2020-01-09,86.5,87.5,84.0,84.4,225782
2020-01-12,84.9,88.2,84.9,86.6,194556
2020-01-13,87.0,87.2,83.2,83.9,215737
2020-01-14,84.2,84.5,81.1,81.8,197853
2020-01-15,83.8,84.0,79.2,80.2,186519
2020-01-16,79.3,81.7,77.0,80.3,264007
2020-01-19,81.5,87.0,81.5,86.6,369942
2020-01-20,86.9,95.2,86.9,95.2,952634
2020-01-21,95.2,95.5,91.2,92.6,610286
2020-01-22,94.0,100.0,92.1,98.1,721274
2020-01-23,99.8,106.3,99.3,105.3,1260221
2020-01-26,105.4,106.8,102.4,104.0,970755
2020-01-27,105.0,108.9,104.2,107.3,1171967
2020-01-28,108.0,108.4,103.2,104.8,799681
2020-01-29,106.3,107.6,103.8,104.8,861182
2020-01-30,104.8,105.5,102.1,102.6,647935
2020-02-02,103.0,104.9,102.9,103.3,378479
2020-02-03,104.1,107.4,104.0,106.8,704868
2020-02-04,107.0,109.0,104.1,105.0,576443
2020-02-05,105.1,105.4,103.0,103.5,425500
2020-02-06,104.0,105.0,101.0,101.8,809011
2020-02-09,102.5,102.9,95.4,96.1,593118
2020-02-10,97.0,100.3,97.0,98.6,290923
2020-02-11,101.1,104.3,101.1,103.4,571121
2020-02-12,103.5,105.5,99.9,100.4,1311785
2020-02-13,101.9,102.1,100.5,101.3,575052
2020-02-16,102.0,108.0,101.4,107.6,1713731
2020-02-17,107.7,109.7,105.6,106.8,968786
2020-02-18,107.0,107.5,104.2,104.6,974863
2020-02-19,105.5,106.9,103.8,104.4,680372
2020-02-20,105.0,105.6,102.8,103.1,557882
2020-02-23,103.2,104.9,99.7,100.6,325665
2020-02-24,101.0,102.6,100.0,100.6,373708
2020-02-25,100.4,102.4,100.1,100.9,300607
2020-02-26,101.1,103.4,100.2,100.5,421664
2020-02-27,101.0,101.7,96.8,97.3,469339
2020-03-01,97.0,97.9,92.1,92.6,298470
2020-03-02,92.5,95.6,92.5,94.8,284280
2020-03-03,95.0,98.4,95.0,96.0,282410
2020-03-04,97.4,98.5,93.0,93.2,233464
2020-03-05,93.6,94.7,92.4,93.2,144913
2020-03-08,93.2,93.3,89.1,89.6,217806
2020-03-09,89.5,89.5,80.7,81.4,347434
2020-03-10,81.4,86.6,81.4,85.5,244695
2020-03-11,86.0,87.9,84.1,87.3,311795
2020-03-12,87.7,88.1,82.0,83.2,278748
2020-03-15,83.2,83.2,75.0,78.3,284637
2020-03-16,79.8,80.0,71.0,71.9,355054
2020-03-18,73.0,76.9,65.6,66.7,341986
2020-03-19,78.5,78.5,78.5,78.5,30679
2020-03-22,78.5,78.5,77.5,77.5,63101
2020-03-23,77.5,80.6,77.5,79.0,545105
2020-03-24,79.0,79.0,77.5,78.0,192352
2020-03-25,77.8,80.5,77.6,79.6,233802
2020-05-31,79.6,83.4,77.5,78.4,353637
2020-06-01,80.0,83.5,80.0,81.2,404645
2020-06-02,81.5,81.9,77.8,78.5,197065
2020-06-03,78.5,79.0,77.6,77.9,157817
2020-06-04,77.7,78.7,77.5,78.4,133751
2020-06-07,78.4,78.5,77.5,77.6,187931
2020-06-08,77.6,78.0,77.5,77.5,208921
2020-06-09,77.5,78.0,77.5,77.6,171737
2020-06-10,77.6,77.9,77.5,77.6,189588
2020-06-11,77.6,78.5,77.5,78.1,136911
2020-06-14,78.1,80.0,78.1,79.6,439389
2020-06-15,79.5,80.4,78.6,78.7,277223
2020-06-16,78.3,78.7,77.8,78.3,127513
2020-06-17,78.3,79.0,77.9,78.1,139918
2020-06-18,77.9,78.6,77.7,77.9,165039
2020-06-21,77.9,78.6,77.6,78.4,203200
2020-06-22,78.5,78.5,77.8,78.0,193933
2020-06-23,78.0,79.0,78.0,78.4,505968
2020-06-24,78.9,79.7,78.5,79.4,303005
2020-06-25,79.5,79.7,78.9,79.5,351578
2020-06-28,80.0,81.3,79.7,81.1,603858
2020-06-29,81.1,84.0,81.1,83.9,829352
2020-06-30,83.7,87.5,83.7,86.7,1033826
2020-07-02,86.9,87.1,84.1,84.7,842139
2020-07-05,84.5,84.5,81.4,81.9,508671
2020-07-06,81.9,82.7,80.1,81.7,563023
2020-07-07,82.0,84.0,82.0,83.7,400894
2020-07-08,83.7,84.9,83.4,84.4,548357
2020-07-09,84.4,88.5,84.4,87.8,1081743
2020-07-12,87.8,93.0,86.1,92.5,1390783
2020-07-13,92.8,94.2,91.2,91.8,1164180
2020-07-14,91.8,95.9,91.8,95.2,978913
2020-07-15,95.3,97.6,94.1,95.3,710919
2020-07-16,95.5,95.5,92.0,92.4,561163
2020-07-19,92.1,92.1,86.6,87.2,724649
2020-07-20,87.5,92.5,87.5,91.8,513378
2020-07-21,92.0,93.5,91.5,92.7,642421
2020-07-22,93.1,94.3,92.3,93.0,569084
2020-07-23,93.5,94.2,90.9,91.5,467039
2020-07-26,91.8,92.6,91.0,92.4,286906
2020-07-27,92.8,97.3,92.8,96.8,1196414
2020-07-28,97.0,98.5,95.0,95.6,945262
2020-07-29,96.0,97.3,94.5,96.6,488727
2020-07-30,97.6,104.8,97.6,104.1,1464282
2020-08-03,104.1,109.7,104.1,105.5,1223110
2020-08-04,105.4,107.0,103.0,104.0,896919
2020-08-05,104.3,114.4,104.3,114.4,2146350
2020-08-06,114.4,125.8,114.4,125.8,2484050
2020-08-09,128.0,135.0,123.5,131.4,1689260
2020-08-10,133.8,137.3,124.0,127.2,1383620
2020-08-12,127.2,133.1,126.6,130.2,985571
2020-08-13,132.0,133.4,127.6,129.0,1282440
2020-08-16,132.0,139.0,129.1,136.5,1576457
2020-08-17,137.0,140.0,129.7,130.6,716259
2020-08-18,130.6,133.5,127.2,128.0,688708
2020-08-19,129.8,135.9,129.8,132.8,948493
2020-08-20,134.9,144.5,132.9,140.6,1679968
2020-08-23,142.9,145.0,133.7,136.9,974128
2020-08-24,136.9,138.8,130.6,135.0,563412
2020-08-25,135.5,140.4,135.0,139.4,1246123
2020-08-26,140.1,141.9,135.1,136.0,467433
2020-08-27,135.8,139.4,131.2,132.7,777468
2020-08-31,132.7,135.0,127.5,128.6,861682
2020-09-01,130.1,131.5,127.7,129.3,505273
2020-09-02,131.0,131.0,126.2,128.4,663540
2020-09-03,128.5,133.6,127.0,132.3,675566
2020-09-06,132.9,134.7,130.1,130.7,659313
2020-09-07,132.5,132.5,128.1,128.6,611682
2020-09-08,129.0,131.0,126.9,127.4,640635
2020-09-09,127.8,129.5,125.2,125.9,829706
2020-09-10,125.9,129.8,125.0,128.9,389983
2020-09-13,128.9,131.2,127.6,127.9,443054
2020-09-14,128.5,128.8,125.0,125.9,604758
2020-09-15,127.0,134.5,126.5,133.2,1051081
2020-09-16,133.2,136.5,132.0,133.8,891089
2020-09-17,134.9,136.0,132.0,134.3,979274
2020-09-20,135.0,141.9,134.5,141.4,1688104
2020-09-21,142.0,144.2,136.3,137.2,994575
2020-09-22,137.0,137.0,132.0,133.3,787151
2020-09-23,134.0,135.7,132.0,133.3,446941
2020-09-24,133.8,133.9,130.6,131.0,527571
2020-09-27,131.0,132.9,128.1,128.8,421484
2020-09-28,129.0,133.9,128.2,132.5,206648
2020-09-29,133.0,133.5,129.3,130.6,219907
2020-09-30,130.6,133.7,129.1,130.2,239361
2020-10-01,131.4,132.5,129.6,130.2,241245
2020-10-04,131.7,132.9,127.6,128.9,414658
2020-10-05,129.1,130.3,126.9,127.4,226142
2020-10-06,127.4,129.7,125.6,127.2,251198
2020-10-07,128.5,129.3,126.3,127.5,207397
2020-10-08,126.7,128.0,124.9,125.4,253708
2020-10-11,125.5,125.5,121.8,123.6,188679
2020-10-12,122.6,123.5,118.9,120.7,232525
2020-10-13,121.0,125.9,120.7,125.4,253651
2020-10-14,126.0,137.9,126.0,137.9,1530889
2020-10-15,139.2,143.7,134.5,136.8,1012877
2020-10-18,137.0,144.5,133.0,143.2,1676346
2020-10-19,145.0,152.4,142.5,144.7,1572744
2020-10-20,145.0,146.6,136.3,138.7,1275735
2020-10-21,138.9,140.1,133.0,133.8,757074
2020-10-22,134.2,140.0,132.4,137.8,600908
2020-10-25,138.0,139.9,130.0,135.6,818689
2020-10-27,135.6,136.0,130.9,131.4,740833
2020-10-28,131.6,131.6,126.1,127.4,561506
2020-10-29,127.1,135.5,125.1,133.4,397171
2020-11-01,134.7,139.9,131.3,138.5,507302
2020-11-02,139.8,141.9,134.0,135.7,350137
2020-11-03,136.9,139.7,132.8,134.2,454183
2020-11-04,136.0,136.0,131.2,133.2,337238
2020-11-05,136.9,138.7,135.0,135.5,714067
2020-11-08,138.0,139.5,135.4,137.1,836223
2020-11-09,138.7,138.7,134.1,136.7,487367
2020-11-10,136.0,137.2,134.7,135.3,393909
2020-11-11,134.3,135.3,132.0,132.6,344157
2020-11-12,132.6,140.7,132.2,139.5,678507
2020-11-15,143.0,143.0,133.5,135.1,569668
2020-11-16,135.1,137.9,134.1,135.9,531342
2020-11-18,132.0,134.9,131.6,133.1,409626
2020-11-19,132.3,137.5,132.3,134.0,506208
2020-11-22,134.9,134.9,129.5,130.9,372354
2020-11-23,131.0,131.0,128.3,128.9,285016
2020-11-24,130.5,132.4,128.6,129.1,274958
2020-11-25,132.4,132.4,128.5,128.8,213064
2020-11-26,128.9,130.0,128.6,129.1,244959
2020-11-29,131.0,138.3,131.0,136.8,1015556
2020-11-30,137.4,139.5,132.6,132.9,474087
2020-12-01,134.0,139.1,133.7,138.7,1145255
2020-12-02,144.0,149.0,140.0,141.5,2069784
2020-12-03,143.8,143.8,139.1,141.8,698991
2020-12-06,144.0,144.0,140.0,140.4,619534
2020-12-07,140.6,141.8,135.0,135.7,653784
2020-12-08,135.8,138.7,134.9,135.7,461757
2020-12-09,137.8,137.8,132.6,133.3,596239
2020-12-10,135.8,135.8,133.4,135.2,531993
2020-12-13,135.7,139.0,135.5,137.7,792941
2020-12-14,136.3,138.7,134.8,137.3,866848
2020-12-15,138.0,145.0,138.0,142.9,1795007
2020-12-17,144.5,145.6,138.5,140.5,699989
2020-12-20,141.7,141.7,137.2,138.0,533977
2020-12-21,139.0,144.9,138.4,144.2,1454444
2020-12-22,145.5,148.9,143.4,144.7,1667900
2020-12-23,143.3,153.8,143.3,151.9,1813547
2020-12-24,154.0,167.0,153.0,164.2,2144259
2020-12-27,166.2,180.6,162.2,170.9,2640226
2020-12-28,170.9,174.0,164.4,165.9,1553783
2020-12-29,170.0,171.0,161.3,163.1,811013
2020-12-30,162.2,167.0,158.9,166.1,1407873
2021-01-03,168.5,182.7,168.0,182.7,1700991
2021-01-04,185.8,188.4,174.0,176.2,1593718
2021-01-05,178.5,181.5,163.5,165.8,1834956
2021-01-06,166.3,171.0,164.6,165.9,804498
2021-01-07,169.1,171.3,164.7,166.4,737999
2021-01-10,166.9,169.0,163.6,164.2,940748
2021-01-11,165.0,175.0,163.3,173.1,1244937
2021-01-12,176.5,179.9,173.0,177.8,1309683
2021-01-13,179.9,189.7,175.0,180.4,2067104
2021-01-14,184.3,188.0,181.0,183.1,1374480
2021-01-17,184.5,187.9,170.8,171.5,1563069
2021-01-18,171.5,175.8,167.5,171.2,826897
2021-01-19,173.9,173.9,166.6,169.5,538342
2021-01-20,172.0,175.4,170.0,173.4,577783
2021-01-21,173.4,176.7,172.5,173.5,440323
2021-01-24,173.5,177.8,170.3,176.1,546595
2021-01-25,177.8,184.8,176.2,180.8,1212103
2021-01-26,184.0,184.0,173.0,174.0,645958
2021-01-27,175.2,179.8,175.0,178.2,345964
2021-01-28,184.0,184.0,172.3,173.7,708585
2021-01-31,176.3,176.3,170.0,170.8,543342
2021-02-01,173.9,173.9,167.2,168.8,343842
2021-02-02,169.1,171.9,166.0,168.6,280674
2021-02-03,170.0,171.3,166.5,167.9,276769
2021-02-04,168.2,172.7,167.7,169.4,256246
2021-02-07,169.3,170.5,165.6,167.0,309110
2021-02-08,167.1,169.8,161.0,162.6,535724
2021-02-09,163.3,168.5,162.9,168.0,250830
2021-02-10,170.9,170.9,162.3,163.1,382855
2021-02-11,167.8,168.4,161.1,165.8,444184
2021-02-14,167.9,167.9,163.9,164.7,243082
2021-02-15,166.7,171.0,164.6,169.4,577354
2021-02-16,171.0,174.8,169.1,170.6,467088
2021-02-17,170.1,172.5,165.0,165.9,369474
2021-02-18,165.9,169.5,165.1,166.3,133853
2021-02-22,167.4,167.4,162.2,163.0,123768
2021-02-23,163.1,164.6,157.0,159.6,188185
2021-02-24,162.9,164.0,157.0,160.8,164802
2021-02-25,160.8,165.4,160.0,164.3,215002
2021-02-28,163.0,165.8,158.8,160.0,277345
2021-03-01,162.0,163.5,160.1,161.6,159440
2021-03-02,163.0,167.7,162.3,166.8,279081
2021-03-03,167.0,167.4,164.0,166.7,356790
2021-03-04,166.5,169.0,165.1,166.9,162938
2021-03-07,167.1,168.0,165.0,166.1,265496
2021-03-08,167.9,172.0,166.3,170.1,476828
2021-03-09,170.3,171.2,166.1,166.9,307020
2021-03-10,164.1,168.0,164.1,166.4,202688
2021-03-11,168.4,172.0,166.8,169.5,614975
2021-03-14,170.0,171.9,168.5,169.0,350271
2021-03-15,169.0,185.9,168.7,182.9,1726590
2021-03-16,185.0,186.6,175.1,179.7,1246618
2021-03-18,179.7,180.9,170.0,174.4,883234
2021-03-21,172.0,174.5,170.0,171.4,404400
2021-03-22,172.3,173.5,167.5,171.9,322242
2021-03-23,173.6,173.7,170.0,171.2,384493
2021-03-24,168.5,171.2,166.0,167.0,350967
2021-03-25,165.3,169.0,165.3,167.5,219178
2021-03-28,169.4,169.4,166.5,167.0,162050
2021-03-29,168.0,169.7,167.1,168.6,288450
2021-03-31,165.9,166.9,162.9,163.4,234594
2021-04-01,163.9,163.9,157.7,160.4,310337
2021-04-04,146.0,158.9,146.0,148.0,339048
2021-04-05,152.0,155.3,150.0,154.3,92122
2021-04-06,154.4,161.8,153.9,160.9,228672
2021-04-07,160.9,164.8,159.5,163.9,148872
2021-04-08,163.9,163.9,158.0,159.7,230320
2021-04-11,159.7,159.7,154.0,155.5,70942
2021-04-12,157.9,157.9,155.0,155.2,133300
2021-04-13,153.0,162.5,153.0,161.2,160270
2021-04-15,161.2,166.2,160.2,164.2,268336
2021-04-18,168.7,168.7,161.5,163.3,158674
2021-04-19,164.1,166.7,163.3,165.1,142353
2021-04-20,167.9,171.8,165.0,170.2,267993
2021-04-21,174.0,174.0,169.0,171.2,201251
2021-04-22,171.1,171.9,168.2,168.9,148673
2021-04-25,167.1,173.5,167.1,172.6,265524
2021-04-26,173.0,174.4,171.6,172.0,210012
2021-04-27,168.0,171.0,168.0,169.7,146437
2021-04-28,169.3,172.0,168.2,169.3,367142
2021-04-29,169.8,171.7,169.6,170.1,178803
2021-05-02,172.2,172.3,168.6,169.3,157732
2021-05-03,170.5,170.5,168.5,169.0,233241
2021-05-04,169.0,170.8,169.0,169.4,218335
2021-05-05,170.0,171.7,169.1,169.6,360951
2021-05-06,169.2,172.2,168.5,168.9,182792
2021-05-09,169.9,169.9,166.0,167.7,421640
2021-05-11,168.0,173.0,168.0,172.0,433762
2021-05-12,171.6,175.3,171.6,174.0,576958
2021-05-16,176.2,180.0,175.2,176.3,347947
2021-05-17,176.9,176.9,172.1,172.3,324032
2021-05-18,172.3,172.3,169.0,169.5,479742
2021-05-19,170.0,170.7,168.4,169.7,449218
2021-05-20,170.3,172.0,169.0,169.9,224471
2021-05-23,171.5,184.5,171.5,182.5,2016238
2021-05-24,182.5,185.2,178.0,184.0,1232684
2021-05-25,186.0,188.9,179.5,185.5,1934120
2021-05-27,186.0,186.5,182.0,184.9,898971
2021-05-30,185.4,186.6,180.1,182.2,990857
2021-05-31,184.5,184.5,179.1,181.7,803373
2021-06-01,185.9,185.9,179.0,179.5,391031
2021-06-02,179.5,179.9,175.9,176.3,652360
2021-06-03,176.3,179.0,176.3,177.4,343865
2021-06-06,177.4,177.4,173.6,174.2,513434
2021-06-07,175.9,175.9,172.8,173.1,565371
2021-06-08,176.0,176.0,172.6,174.6,184564
2021-06-09,176.8,179.9,174.3,177.3,280509
2021-06-10,177.2,178.5,173.1,173.5,636684
2021-06-13,175.2,175.8,170.1,170.9,382351
2021-06-14,173.9,174.0,170.0,171.3,258236
2021-06-15,173.5,173.5,170.5,171.2,144553
2021-06-16,170.3,172.5,169.4,169.6,303921
2021-06-17,170.0,180.0,170.0,173.2,603063
2021-06-20,176.5,176.8,172.5,175.2,223406
2021-06-21,175.9,175.9,173.3,175.1,440093
2021-06-22,174.0,176.1,173.0,173.7,297502
2021-06-23,172.9,173.8,169.5,169.8,485624
2021-06-24,169.6,172.8,169.6,170.1,261215
2021-06-27,170.0,170.7,168.5,169.9,281879
2021-06-28,172.3,172.3,169.6,169.8,186593
2021-06-29,170.6,170.6,169.2,169.8,216319
2021-06-30,169.6,173.8,169.6,171.9,210654
2021-07-05,173.8,174.4,171.6,173.7,191212
2021-07-06,172.7,173.0,171.5,171.9,124050
2021-07-07,172.8,174.7,171.5,173.9,185208
2021-07-08,173.3,176.5,173.3,174.8,344051
2021-07-12,175.9,175.9,172.7,173.0,109579
2021-07-13,174.9,175.0,173.1,173.5,210096
2021-07-14,172.5,176.7,172.5,175.3,312577
2021-07-15,175.8,177.5,175.5,176.8,240598
2021-07-18,177.3,177.5,174.6,175.8,199970
2021-07-19,175.8,178.7,175.8,178.5,402349
2021-07-25,178.8,185.0,178.8,182.2,431445
2021-07-26,184.4,185.8,181.0,182.8,308926
2021-07-27,183.0,183.4,181.0,181.6,196103
2021-07-28,180.5,182.6,180.3,181.3,176422
2021-07-29,181.2,181.2,179.1,179.9,160224
2021-08-02,178.6,182.9,178.6,180.9,164963
2021-08-03,182.0,185.0,182.0,184.7,473502
2021-08-05,186.3,187.4,184.7,186.3,546145
2021-08-09,187.0,189.9,184.7,186.3,609745
2021-08-10,187.4,188.7,185.6,185.9,462171
2021-08-11,187.0,187.0,182.1,184.2,392151
2021-08-12,184.2,185.0,182.1,183.0,362621
2021-08-16,183.3,184.8,180.1,181.5,590241
2021-08-17,186.0,186.0,181.6,184.6,417931
2021-08-18,184.0,186.1,179.0,181.8,245763
2021-08-19,181.0,184.4,181.0,182.8,190014
2021-08-22,184.0,184.0,179.6,180.6,354649
2021-08-23,181.0,183.1,180.1,182.9,240116
2021-08-24,183.3,184.3,180.5,181.1,317637
2021-08-25,181.3,182.7,179.1,180.3,309543
2021-08-26,180.1,182.9,179.2,179.6,249135
2021-08-29,181.9,181.9,179.0,179.6,209512
2021-08-31,179.6,180.0,177.9,178.6,435940
2021-09-01,178.9,179.9,177.5,178.9,442569
2021-09-02,179.2,186.9,179.2,185.8,603066
2021-09-05,187.1,204.3,186.6,203.7,1982932
2021-09-06,203.8,209.7,195.7,205.1,1167350
2021-09-07,205.8,223.0,202.1,222.9,2433373
2021-09-08,224.1,230.5,217.0,221.7,1500548
2021-09-09,221.7,236.0,220.5,230.6,1664348
2021-09-12,230.0,234.0,215.3,218.1,1196032
2021-09-13,221.1,222.7,216.6,217.0,681354
2021-09-14,220.5,221.8,210.5,210.8,806505
2021-09-15,214.3,218.9,208.0,217.8,680885
2021-09-16,219.8,219.9,213.1,214.7,670557
2021-09-19,214.7,215.3,210.2,211.2,423435
2021-09-20,211.2,213.9,208.4,210.3,331723
2021-09-21,209.1,223.5,209.1,217.9,516077
2021-09-22,218.3,221.9,214.2,215.9,357321
2021-09-23,216.4,217.2,210.0,213.0,392346
2021-09-26,215.0,215.9,210.1,212.2,351460
2021-09-27,212.2,219.6,212.0,216.6,287526
2021-09-28,216.8,228.5,216.8,227.3,1122162
2021-09-29,229.5,229.9,221.0,223.0,605120
2021-09-30,222.1,224.9,217.9,218.5,480915
2021-10-03,223.0,226.7,220.6,223.0,463992
2021-10-04,223.1,228.3,220.5,221.8,637503
2021-10-05,222.1,224.9,219.7,220.3,374574
2021-10-06,222.9,225.0,220.4,222.0,547972
2021-10-07,223.9,236.0,223.9,227.2,1167405
2021-10-10,227.1,229.6,220.1,224.0,640328
2021-10-11,222.5,227.0,221.5,223.8,560694
2021-10-12,223.3,225.8,220.1,220.9,364156
2021-10-13,223.7,223.7,215.3,215.9,402091
2021-10-14,216.1,219.0,215.5,218.0,246346
2021-10-17,219.0,220.0,205.1,208.1,363265
2021-10-18,212.0,212.5,200.0,203.8,376178
2021-10-19,204.3,209.4,203.1,204.1,252161
2021-10-21,209.0,214.0,201.3,212.5,286586
2021-10-24,215.0,217.0,205.1,210.6,381082
2021-10-25,211.0,211.0,203.7,208.4,535505
2021-10-26,210.0,213.6,208.7,211.2,347709
2021-10-27,214.6,214.6,207.0,208.7,273638
2021-10-28,206.4,210.9,206.4,208.3,372718
2021-10-31,210.8,210.8,206.5,208.2,260437
2021-11-01,209.9,209.9,203.2,204.6,253341
2021-11-02,205.0,206.0,202.0,203.6,337215
2021-11-03,202.8,204.9,200.4,201.3,220526
2021-11-04,204.3,204.3,191.6,193.0,596743
2021-11-07,195.0,195.0,187.1,188.4,396861
2021-11-08,190.4,190.4,183.6,184.8,182549
2021-11-09,187.4,193.1,184.0,192.0,139943
2021-11-10,192.0,195.8,188.0,193.8,228399
2021-11-14,193.8,193.8,185.8,186.3,206336
2021-11-15,190.0,190.0,181.9,182.8,380138
2021-11-16,185.8,186.5,180.7,183.8,240368
2021-11-17,186.0,186.0,181.8,183.7,183242
2021-11-18,186.6,186.6,178.1,180.2,386472
2021-11-21,180.0,181.5,179.1,179.9,152646
2021-11-22,179.6,181.9,178.9,179.9,141132
2021-11-23,180.0,180.9,178.3,179.6,171804
2021-11-24,180.0,180.0,175.7,176.6,187721
2021-11-25,176.0,178.8,175.0,177.4,106492
2021-11-28,178.0,181.8,175.6,180.8,102796
2021-11-29,180.0,180.9,179.0,179.5,118732
2021-11-30,180.3,180.3,177.0,178.6,92898
2021-12-01,179.8,184.8,179.0,183.7,170840
2021-12-02,181.2,198.0,179.1,196.6,561923
2021-12-05,197.0,197.0,186.0,190.2,314421
2021-12-06,193.8,193.8,185.5,186.8,241615
2021-12-07,187.1,190.8,187.0,188.9,336192
2021-12-08,188.9,191.9,185.5,186.0,198058
2021-12-09,186.5,187.9,186.1,187.1,142877
2021-12-12,187.3,189.5,187.1,187.5,118442
2021-12-13,189.4,189.6,186.2,188.9,105755
2021-12-14,189.0,189.9,185.5,186.7,139066
2021-12-15,187.0,188.5,185.7,187.4,45242
2021-12-19,187.0,187.8,183.1,183.6,72525
2021-12-20,183.6,183.7,182.0,182.6,81138
2021-12-21,182.0,189.9,182.0,185.2,46816
2021-12-22,183.2,188.4,183.2,187.5,57682
2021-12-23,188.0,189.5,183.1,184.6,58063
2021-12-26,188.5,188.5,184.8,185.1,115686
2021-12-27,184.4,189.3,184.1,188.3,104177
2021-12-28,188.3,191.0,186.0,190.5,179303
2021-12-29,194.0,209.2,194.0,207.3,1573210
2021-12-30,209.0,215.5,208.5,210.1,828407
2022-01-02,209.6,212.4,204.0,209.0,601724
2022-01-03,209.6,209.8,204.0,204.4,544423
2022-01-04,204.3,209.6,201.1,205.3,416920
2022-01-05,206.9,211.9,205.2,210.1,476181
2022-01-06,209.5,227.9,209.5,226.7,1612258
2022-01-09,230.0,232.4,222.1,225.8,1497091
2022-01-10,227.4,245.5,224.5,243.9,2371926
2022-01-11,248.0,256.0,235.1,237.6,2426228
2022-01-12,237.6,238.2,222.0,223.3,1743520
2022-01-13,223.1,235.7,222.0,231.9,967451
2022-01-16,233.9,234.0,224.9,226.0,683876
2022-01-17,229.7,229.9,221.0,222.6,682299
2022-01-18,223.5,232.0,222.2,225.0,548554
2022-01-19,227.9,228.0,223.5,224.3,399736
2022-01-20,224.0,225.0,218.3,219.8,372094
2022-01-23,220.0,235.4,216.7,232.0,665990
2022-01-24,232.1,236.9,227.4,232.1,863617
2022-01-25,232.1,232.1,225.0,226.6,363892
2022-01-26,228.0,234.3,224.5,229.4,724244
2022-01-27,229.8,234.2,227.5,231.1,423467
2022-01-30,230.9,230.9,225.0,225.2,330836
2022-01-31,226.7,227.0,222.1,222.6,257947
2022-02-01,223.1,227.0,223.1,225.5,194341
2022-02-02,226.0,226.0,220.7,222.2,236506
2022-02-03,223.2,225.0,221.1,221.7,137732
2022-02-06,224.4,225.5,221.2,222.0,194052
2022-02-07,224.8,224.8,220.0,220.4,332710
2022-02-08,222.0,222.5,218.0,220.7,188097
2022-02-09,222.0,223.9,220.0,222.8,171978
2022-02-10,223.0,224.8,219.0,219.4,156677
2022-02-13,222.7,222.7,217.0,220.4,103803
2022-02-14,219.3,222.0,218.3,219.0,86033
2022-02-15,220.0,223.4,217.5,220.9,171012
2022-02-16,220.9,220.9,218.3,218.7,84274
2022-02-17,217.6,220.0,217.2,217.6,63355
2022-02-20,215.7,216.7,205.0,210.9,195376
2022-02-22,210.9,212.8,208.0,208.2,122425
2022-02-23,208.2,211.4,207.0,210.2,68578
2022-02-24,211.0,212.0,205.0,206.5,144258
2022-02-27,204.0,207.0,200.0,206.2,208471
2022-02-28,207.5,211.0,206.6,209.2,44297
2022-03-01,209.5,210.2,206.4,208.6,40698
2022-03-02,207.0,209.6,205.2,205.4,52204
2022-03-03,203.1,206.0,201.4,203.2,83924
2022-03-06,203.2,204.8,201.2,202.2,76046
2022-03-07,201.2,201.2,194.1,194.6,95981
2022-03-08,194.9,202.5,185.3,198.1,96581
2022-03-09,203.2,204.7,199.0,203.5,79541
2022-03-10,205.0,207.2,199.6,201.0,96786
2022-03-13,201.3,208.2,201.3,207.8,86673
2022-03-14,208.0,210.0,207.5,208.3,69001
2022-03-15,208.3,209.0,206.4,208.7,49624
2022-03-16,209.0,211.6,208.5,208.9,36072
2022-03-20,208.9,208.9,204.8,204.8,64844
2022-03-21,201.5,207.0,201.5,204.1,70591
2022-03-22,206.0,209.3,205.3,208.9,65319
2022-03-23,209.1,211.2,208.9,210.2,150403
2022-03-24,210.2,211.0,209.0,209.3,34693
2022-03-27,207.6,208.7,206.2,207.2,31038
2022-03-28,206.4,210.5,206.4,208.8,77668
2022-03-29,210.5,227.0,208.7,218.1,168699
2022-03-30,217.5,217.8,213.8,213.8,73164
2022-03-31,210.5,212.4,210.2,212.1,91576
2022-04-03,210.9,217.0,210.9,214.9,80335
2022-04-04,212.1,215.0,210.7,210.9,40863
2022-04-05,210.0,212.0,209.6,211.1,54095
2022-04-06,210.0,210.9,208.2,209.4,82929
2022-04-07,208.4,215.5,208.0,213.8,63132
2022-04-10,216.0,216.2,211.7,214.1,64055
2022-04-11,216.2,216.2,213.0,214.4,105933
2022-04-12,216.0,216.0,210.2,210.6,107118
2022-04-13,215.0,215.0,207.3,211.6,65128
2022-04-17,211.9,212.5,208.3,208.4,58890
2022-04-18,208.0,210.0,204.6,207.7,97366
2022-04-19,205.1,224.0,205.1,219.9,785917
2022-04-20,219.9,223.0,217.5,222.6,260201
2022-04-21,221.0,224.5,220.0,223.8,267674
2022-04-24,223.8,228.2,222.4,227.3,482127
2022-04-25,228.3,228.3,221.3,222.6,131445
2022-04-26,226.0,227.1,222.4,226.3,301067
2022-04-27,226.3,226.3,223.6,224.3,87412
2022-04-28,222.7,222.7,217.9,221.3,139985
2022-05-05,221.0,222.8,215.8,220.9,15559
2022-05-08,220.0,220.7,217.0,218.0,118502
2022-05-09,218.6,223.9,218.6,223.0,136331
2022-05-10,223.0,224.5,218.4,220.1,163187
2022-05-11,221.7,221.7,217.3,218.7,113503
2022-05-12,219.0,219.5,214.1,218.0,75265
2022-05-16,215.3,216.8,213.6,214.7,114913
2022-05-17,208.2,219.6,208.2,213.5,78448
2022-05-18,213.5,215.5,209.0,209.6,68898
2022-05-19,203.3,211.0,203.3,209.3,51259
2022-05-22,209.3,210.0,207.0,208.5,67315
2022-05-23,214.8,216.0,210.0,214.0,89892
2022-05-24,211.5,217.0,211.5,212.6,154417
2022-05-25,212.5,215.0,212.5,213.2,124688
2022-05-26,214.9,217.9,213.0,217.1,78049
2022-05-29,218.0,219.4,216.9,218.5,161982
2022-05-30,218.0,218.0,214.6,214.9,97133
2022-05-31,215.0,218.0,214.1,217.4,133400
2022-06-01,218.0,218.3,216.6,217.2,70890
2022-06-02,217.0,218.3,214.1,214.7,120436
2022-06-05,215.0,217.4,215.0,215.6,48987
2022-06-06,217.4,217.4,212.0,213.0,119961
2022-06-07,217.5,217.5,211.0,215.5,78216
2022-06-08,217.6,218.0,215.3,216.0,89051
2022-06-09,216.0,222.2,216.0,219.9,574557
2022-06-12,216.0,220.2,216.0,217.9,216946
2022-06-13,217.9,217.9,214.8,215.4,229563
2022-06-14,214.3,216.9,213.0,213.7,72081
2022-06-15,214.3,216.0,213.7,214.1,60482
2022-06-16,219.9,219.9,213.4,216.5,57422
2022-06-19,215.0,218.4,215.0,215.6,48724
2022-06-20,215.2,216.9,214.5,215.2,93190
2022-06-21,215.0,217.0,212.7,213.1,98055
2022-06-22,209.2,214.0,209.0,213.1,38214
2022-06-23,217.0,218.0,213.4,214.6,88824
2022-06-26,214.6,214.6,212.3,212.6,67176
2022-06-27,218.6,218.6,212.6,214.9,78501
2022-06-28,215.3,216.0,214.2,214.7,80025
2022-06-29,214.1,216.8,214.1,216.2,44327
2022-06-30,214.7,222.0,214.7,219.1,180492
2022-07-03,223.7,226.0,219.2,224.8,546500
2022-07-04,225.0,225.7,221.3,221.6,126238
2022-07-05,222.5,224.0,221.0,222.0,63968
2022-07-06,224.0,224.0,221.0,221.3,64532
2022-07-07,219.6,223.6,219.6,223.2,78242
2022-07-12,222.4,222.7,220.0,220.4,63406
2022-07-13,221.5,222.1,220.0,220.4,75608
2022-07-14,220.9,223.9,219.6,222.1,65931
2022-07-17,223.0,225.0,221.6,223.2,120014
2022-07-18,223.2,223.2,218.8,218.8,205614
2022-07-19,214.5,216.8,214.5,216.6,104326
2022-07-20,216.6,233.7,215.5,224.8,296419
2022-07-21,229.8,229.8,221.3,222.1,85237
2022-07-24,221.0,221.0,217.7,217.7,63348
2022-07-25,218.4,221.7,213.5,219.8,104353
2022-07-26,220.2,224.9,217.6,218.9,39769
2022-07-27,218.1,222.0,215.2,218.7,79494
2022-07-28,229.8,229.8,217.0,219.6,78655
2022-07-31,219.0,223.9,219.0,223.0,89093
2022-08-01,223.0,225.0,222.5,223.1,107274
2022-08-02,224.6,225.0,220.0,224.8,102386
2022-08-03,225.0,227.9,221.3,222.9,200815
2022-08-04,226.0,226.0,220.0,220.4,106503
2022-08-07,219.0,224.9,219.0,219.9,108440
2022-08-08,220.1,223.7,220.1,221.7,73796
2022-08-10,221.7,222.7,218.9,219.1,116181
2022-08-11,222.9,222.9,218.9,219.0,47469
2022-08-14,219.2,221.9,219.0,219.9,22730
2022-08-16,221.0,221.4,219.1,220.3,37757
2022-08-17,219.5,223.0,219.5,220.5,44992
2022-08-21,221.2,221.9,219.2,219.5,40863
2022-08-22,220.0,222.9,219.9,221.8,115272
2022-08-23,222.0,226.0,221.5,223.6,236716
2022-08-24,223.9,228.4,223.9,226.3,908553
2022-08-25,227.3,227.3,223.9,225.2,206578
2022-08-28,223.3,225.8,220.1,220.8,364794
2022-08-29,222.0,229.7,222.0,224.3,229199
2022-08-30,226.5,226.5,223.0,223.5,234787
2022-08-31,225.0,227.0,223.4,223.8,247392
2022-09-01,226.4,226.4,222.0,222.6,202800
2022-09-04,226.0,235.2,223.1,225.9,563379
2022-09-05,226.1,231.5,224.2,229.6,270800
2022-09-06,228.1,241.4,228.0,235.8,1279470
2022-09-07,239.9,240.0,226.0,228.8,641805
2022-09-08,232.0,232.0,225.9,226.5,351872
2022-09-11,228.0,236.0,223.9,224.5,388821
2022-09-12,224.4,228.0,223.9,226.1,196005
2022-09-13,226.3,231.6,226.0,227.1,155892
2022-09-14,228.3,239.0,227.7,232.5,1070628
2022-09-15,232.5,234.8,228.5,229.6,501587
2022-09-18,228.3,231.6,226.0,226.3,541804
2022-09-19,227.1,239.0,227.0,235.6,887500
2022-09-20,238.0,245.1,231.5,235.5,1098102
2022-09-21,232.0,235.8,230.4,231.0,435880
2022-09-22,233.0,237.0,230.0,232.2,488913
2022-09-25,232.3,234.8,227.5,228.1,368324
2022-09-26,228.1,232.0,227.0,230.3,336984
2022-09-27,230.3,232.0,226.9,228.0,229327
2022-09-28,226.8,229.8,225.0,225.4,200153
2022-09-29,226.0,228.3,225.6,226.2,143443
2022-10-02,227.5,230.9,226.0,227.9,284569
2022-10-03,232.4,232.4,224.0,224.6,356263
2022-10-04,226.0,226.0,220.8,221.4,496008
2022-10-06,225.0,225.0,218.9,221.0,740982
2022-10-10,223.7,223.7,218.9,219.0,965501
2022-10-11,218.9,224.3,218.9,218.9,481247
2022-10-12,218.9,218.9,218.9,218.9,130985
2022-10-13,218.9,218.9,218.9,218.9,248230
2022-10-16,218.9,223.8,218.9,220.2,468143
2022-10-17,221.0,222.5,218.9,218.9,298276
2022-10-18,218.9,218.9,218.9,218.9,91754
2022-10-19,218.9,218.9,218.9,218.9,51400
2022-10-20,218.9,218.9,218.9,218.9,69510
2022-10-23,218.9,218.9,218.9,218.9,13944
2022-10-24,218.9,218.9,218.9,218.9,552
2022-10-25,218.9,218.9,218.9,218.9,2226
2022-10-26,218.9,218.9,218.9,218.9,3212
2022-10-27,218.9,218.9,218.9,218.9,221
2022-10-30,218.9,218.9,218.9,218.9,3921
2022-10-31,218.9,218.9,218.9,218.9,6924
2022-11-01,218.9,218.9,218.9,218.9,57929
2022-11-02,218.9,218.9,218.9,218.9,26868
2022-11-03,218.9,218.9,218.9,218.9,26237
2022-11-06,218.9,218.9,218.9,218.9,147153
2022-11-08,218.9,218.9,218.9,218.9,548
2022-11-09,218.9,218.9,218.9,218.9,821
2022-11-10,218.9,218.9,218.9,218.9,710
2022-11-13,218.9,218.9,218.9,218.9,16843
2022-11-14,218.9,218.9,218.9,218.9,28251
2022-11-15,218.9,218.9,218.9,218.9,1137
2022-11-16,218.9,218.9,218.9,218.9,145
2022-11-17,218.9,218.9,218.9,218.9,192
2022-11-20,218.9,218.9,218.9,218.9,469
2022-11-21,218.9,218.9,218.9,218.9,555
2022-11-22,218.9,218.9,218.9,218.9,204
2022-11-23,218.9,218.9,218.9,218.9,500
2022-11-24,218.9,218.9,218.9,218.9,375
2022-11-27,218.9,218.9,218.9,218.9,96
2022-11-28,218.9,218.9,218.9,218.9,372
2022-11-29,218.9,218.9,218.9,218.9,96
2022-11-30,218.9,218.9,218.9,218.9,124
2022-12-01,218.9,218.9,218.9,218.9,347
2022-12-04,218.9,218.9,218.9,218.9,147
2022-12-05,218.9,218.9,218.9,218.9,65
2022-12-06,218.9,218.9,218.9,218.9,940
2022-12-07,218.9,218.9,218.9,218.9,199
2022-12-08,218.9,218.9,218.9,218.9,655
2022-12-11,218.9,218.9,218.9,218.9,94
2022-12-12,218.9,218.9,218.9,218.9,179
2022-12-13,218.9,218.9,218.9,218.9,2002
2022-12-14,218.9,218.9,218.9,218.9,639
2022-12-15,218.9,218.9,218.9,218.9,1109
2022-12-18,218.9,218.9,218.9,218.9,156
2022-12-19,218.9,218.9,218.9,218.9,2
2022-12-20,218.9,218.9,218.9,218.9,110
2022-12-21,218.9,218.9,218.9,218.9,50
2022-12-22,218.9,218.9,218.9,218.9,706
2022-12-26,218.9,218.9,218.9,218.9,34
2022-12-27,218.9,218.9,218.9,218.9,157
2022-12-28,218.9,218.9,218.9,218.9,9009
2022-12-29,218.9,218.9,218.9,218.9,474
2023-01-01,218.9,218.9,218.9,218.9,181
2023-01-02,218.9,218.9,218.9,218.9,5
2023-01-03,218.9,218.9,218.9,218.9,60
2023-01-04,218.9,218.9,218.9,218.9,388
2023-01-05,218.9,218.9,218.9,218.9,26
2023-01-08,218.9,218.9,218.9,218.9,909
2023-01-09,218.9,218.9,218.9,218.9,9
2023-01-10,218.9,218.9,218.9,218.9,169
2023-01-11,218.9,218.9,218.9,218.9,217
2023-01-12,218.9,218.9,218.9,218.9,40
2023-01-15,218.9,218.9,218.9,218.9,1691
2023-01-16,218.9,218.9,218.9,218.9,351
2023-01-17,218.9,218.9,218.9,218.9,13156
2023-01-18,218.9,218.9,218.9,218.9,663
2023-01-19,218.9,218.9,218.9,218.9,2543
2023-01-22,218.9,218.9,218.9,218.9,300
2023-01-23,218.9,218.9,218.9,218.9,1537
2023-01-24,218.9,218.9,218.9,218.9,161
2023-01-25,218.9,218.9,218.9,218.9,2565
2023-01-26,218.9,218.9,218.9,218.9,53
2023-01-29,218.9,218.9,218.9,218.9,108
2023-01-30,218.9,218.9,218.9,218.9,419
2023-01-31,218.9,218.9,218.9,218.9,1462
2023-02-01,218.9,218.9,218.9,218.9,529
2023-02-02,218.9,218.9,218.9,218.9,1098
2023-02-05,218.9,218.9,218.9,218.9,6524
2023-02-06,218.9,218.9,218.9,218.9,430
2023-02-07,218.9,218.9,218.9,218.9,264
2023-02-08,218.9,218.9,218.9,218.9,545
2023-02-09,218.9,218.9,218.9,218.9,322
2023-02-12,218.9,218.9,218.9,218.9,359
2023-02-13,218.9,218.9,218.9,218.9,1233
2023-02-14,218.9,218.9,218.9,218.9,208
2023-02-15,218.9,218.9,218.9,218.9,1260
2023-02-16,218.9,218.9,218.9,218.9,41
2023-02-19,218.9,218.9,218.9,218.9,414
2023-02-20,218.9,218.9,218.9,218.9,3148
2023-02-22,218.9,218.9,218.9,218.9,112
2023-02-23,218.9,218.9,218.9,218.9,32
2023-02-26,218.9,218.9,218.9,218.9,65
2023-02-27,218.9,218.9,218.9,218.9,1109
2023-02-28,218.9,218.9,218.9,218.9,242
2023-03-01,218.9,218.9,218.9,218.9,115
2023-03-02,218.9,218.9,218.9,218.9,184
2023-03-05,218.9,218.9,218.9,218.9,24
2023-03-06,218.9,218.9,218.9,218.9,358
2023-03-07,218.9,218.9,218.9,218.9,529
2023-03-09,218.9,218.9,218.9,218.9,417
2023-03-12,218.9,218.9,218.9,218.9,163
2023-03-13,218.9,218.9,218.9,218.9,21873
2023-03-14,218.9,218.9,218.9,218.9,540
2023-03-15,218.9,218.9,218.9,218.9,80
2023-03-16,218.9,218.9,218.9,218.9,665
2023-03-19,218.9,218.9,218.9,218.9,148
2023-03-20,218.9,218.9,218.9,218.9,1296
2023-03-21,218.9,218.9,218.9,218.9,1369
2023-03-22,218.9,218.9,218.9,218.9,156
2023-03-23,218.9,218.9,218.9,218.9,186
2023-03-27,218.9,218.9,218.9,218.9,324
2023-03-28,218.9,218.9,218.9,218.9,66
2023-03-29,218.9,218.9,218.9,218.9,1
2023-03-30,218.9,218.9,218.9,218.9,489
2023-04-02,218.9,218.9,218.9,218.9,206
2023-04-03,218.9,218.9,218.9,218.9,9
2023-04-04,218.9,218.9,218.9,218.9,172
2023-04-05,218.9,218.9,218.9,218.9,4
2023-04-06,218.9,218.9,218.9,218.9,225
2023-04-09,218.9,218.9,218.9,218.9,860
2023-04-10,218.9,218.9,218.9,218.9,17
2023-04-11,218.9,218.9,218.9,218.9,40825
2023-04-12,218.9,218.9,218.9,218.9,51
2023-04-13,218.9,218.9,218.9,218.9,15
2023-04-16,218.9,218.9,218.9,218.9,342
2023-04-17,218.9,218.9,218.9,218.9,6
2023-04-18,218.9,218.9,218.9,218.9,553
2023-04-24,218.9,218.9,218.9,218.9,435
2023-04-25,218.9,218.9,218.9,218.9,675
2023-04-26,218.9,218.9,218.9,218.9,239
2023-04-27,218.9,218.9,218.9,218.9,138
2023-04-30,218.9,218.9,218.9,218.9,1888
2023-05-02,218.9,218.9,218.9,218.9,865
2023-05-03,218.9,218.9,218.9,218.9,671
2023-05-07,218.9,218.9,218.9,218.9,360
2023-05-08,218.9,218.9,218.9,218.9,2943
2023-05-09,218.9,218.9,218.9,218.9,458
2023-05-10,218.9,218.9,218.9,218.9,10
2023-05-11,218.9,218.9,218.9,218.9,329
2023-05-14,218.9,218.9,218.9,218.9,213
2023-05-15,218.9,218.9,218.9,218.9,1047
2023-05-16,218.9,218.9,218.9,218.9,184
2023-05-17,218.9,218.9,218.9,218.9,36
2023-05-18,218.9,218.9,218.9,218.9,619
2023-05-21,218.9,218.9,218.9,218.9,230
2023-05-22,218.9,218.9,218.9,218.9,114
2023-05-23,218.9,218.9,218.9,218.9,1655
2023-05-24,218.9,218.9,218.9,218.9,570
2023-05-25,218.9,218.9,218.9,218.9,3570
2023-05-28,218.9,218.9,218.9,218.9,4678
2023-05-29,218.9,218.9,218.9,218.9,1304
2023-05-30,218.9,218.9,218.9,218.9,47
2023-05-31,218.9,218.9,218.9,218.9,440
2023-06-01,218.9,218.9,218.9,218.9,39
2023-06-04,218.9,218.9,218.9,218.9,10
2023-06-05,218.9,218.9,218.9,218.9,1526
2023-06-06,218.9,218.9,218.9,218.9,1142
2023-06-07,218.9,218.9,218.9,218.9,505
2023-06-08,218.9,218.9,218.9,218.9,25
2023-06-11,218.9,218.9,218.9,218.9,197
2023-06-12,218.9,218.9,218.9,218.9,52
2023-06-13,218.9,218.9,218.9,218.9,42
2023-06-14,218.9,218.9,218.9,218.9,85
2023-06-18,218.9,218.9,218.9,218.9,608
2023-06-19,218.9,218.9,218.9,218.9,104
2023-06-20,218.9,218.9,218.9,218.9,920
2023-06-21,218.9,218.9,218.9,218.9,682
2023-06-22,218.9,218.9,218.9,218.9,467
2023-06-25,218.9,218.9,218.9,218.9,294
2023-06-26,218.9,218.9,218.9,218.9,2628
2023-07-02,218.9,218.9,218.9,218.9,233
2023-07-03,218.9,218.9,218.9,218.9,605
2023-07-04,218.9,218.9,218.9,218.9,177
2023-07-05,218.9,218.9,218.9,218.9,126
2023-07-06,218.9,218.9,218.9,218.9,178
2023-07-09,218.9,218.9,218.9,218.9,69
2023-07-10,218.9,218.9,218.9,218.9,433
2023-07-11,218.9,218.9,218.9,218.9,32
2023-07-12,218.9,218.9,218.9,218.9,1550
2023-07-13,218.9,218.9,218.9,218.9,241
2023-07-16,218.9,218.9,218.9,218.9,266
2023-07-17,218.9,218.9,218.9,218.9,584
2023-07-18,218.9,218.9,218.9,218.9,118
2023-07-19,218.9,218.9,218.9,218.9,100
2023-07-20,218.9,218.9,218.9,218.9,437
2023-07-23,218.9,218.9,218.9,218.9,10135
2023-07-24,218.9,218.9,218.9,218.9,1650
2023-07-25,218.9,218.9,218.9,218.9,816
2023-07-26,218.9,218.9,218.9,218.9,7
2023-07-27,218.9,218.9,218.9,218.9,1
2023-07-30,218.9,218.9,218.9,218.9,19
2023-07-31,218.9,218.9,218.9,218.9,5
2023-08-01,218.9,218.9,218.9,218.9,100
2023-08-02,218.9,218.9,218.9,218.9,766
2023-08-03,218.9,218.9,218.9,218.9,100
2023-08-06,218.9,218.9,218.9,218.9,5
2023-08-07,218.9,218.9,218.9,218.9,128
2023-08-08,218.9,218.9,218.9,218.9,535
2023-08-09,218.9,218.9,218.9,218.9,29
2023-08-10,218.9,218.9,218.9,218.9,2503
2023-08-13,218.9,218.9,218.9,218.9,105
2023-08-14,218.9,218.9,218.9,218.9,15
2023-08-16,218.9,218.9,218.9,218.9,130
2023-08-17,218.9,218.9,218.9,218.9,65
2023-08-20,218.9,218.9,218.9,218.9,256
2023-08-21,218.9,218.9,218.9,218.9,826
2023-08-22,218.9,218.9,218.9,218.9,12
2023-08-23,218.9,218.9,218.9,218.9,1194
2023-08-24,218.9,218.9,218.9,218.9,1010
2023-08-27,218.9,218.9,218.9,218.9,32
2023-08-28,218.9,218.9,218.9,218.9,1487
2023-08-29,218.9,218.9,218.9,218.9,743
2023-08-30,218.9,218.9,218.9,218.9,1464
2023-08-31,218.9,218.9,218.9,218.9,2183
2023-09-03,218.9,218.9,218.9,218.9,547
2023-09-04,218.9,218.9,218.9,218.9,114
2023-09-05,218.9,218.9,218.9,218.9,640
2023-09-07,218.9,218.9,218.9,218.9,107
2023-09-10,218.9,218.9,218.9,218.9,288
2023-09-11,218.9,218.9,218.9,218.9,62
2023-09-12,218.9,218.9,218.9,218.9,69
2023-09-13,218.9,218.9,218.9,218.9,180
2023-09-14,218.9,218.9,218.9,218.9,42
2023-09-17,218.9,218.9,218.9,218.9,337
2023-09-18,218.9,218.9,218.9,218.9,152
2023-09-19,218.9,218.9,218.9,218.9,203
2023-09-21,218.9,218.9,218.9,218.9,2
2023-09-24,218.9,218.9,218.9,218.9,502
2023-09-27,218.9,218.9,218.9,218.9,101
2023-10-01,218.9,218.9,218.9,218.9,12
2023-10-02,218.9,218.9,218.9,218.9,1
2023-10-03,218.9,218.9,218.9,218.9,809
2023-10-05,218.9,218.9,218.9,218.9,230
2023-10-08,218.9,218.9,218.9,218.9,5
2023-10-09,218.9,218.9,218.9,218.9,10
2023-10-10,218.9,218.9,218.9,218.9,4
2023-10-11,218.9,218.9,218.9,218.9,23
2023-10-12,218.9,218.9,218.9,218.9,3
2023-10-16,218.9,218.9,218.9,218.9,4
2023-10-17,218.9,218.9,218.9,218.9,4
2023-10-18,218.9,218.9,218.9,218.9,3
2023-10-19,218.9,218.9,218.9,218.9,5
2023-10-22,218.9,218.9,218.9,218.9,260
2023-10-23,218.9,218.9,218.9,218.9,1
2023-10-25,218.9,218.9,218.9,218.9,5
2023-10-26,218.9,218.9,218.9,218.9,16
2023-10-29,218.9,218.9,218.9,218.9,31
2023-10-30,218.9,218.9,218.9,218.9,13
2023-10-31,218.9,218.9,218.9,218.9,1
2023-11-01,218.9,218.9,218.9,218.9,8
2023-11-02,218.9,218.9,218.9,218.9,5
2023-11-05,218.9,218.9,218.9,218.9,7
2023-11-06,218.9,218.9,218.9,218.9,360
2023-11-08,218.9,218.9,218.9,218.9,90
2023-11-09,218.9,218.9,218.9,218.9,19
2023-11-12,218.9,218.9,218.9,218.9,10
2023-11-14,218.9,218.9,218.9,218.9,18
2023-11-15,218.9,218.9,218.9,218.9,7
2023-11-21,218.9,218.9,218.9,218.9,1
2023-11-23,218.9,218.9,218.9,218.9,24
2023-11-26,218.9,218.9,218.9,218.9,123
2023-11-27,218.9,218.9,218.9,218.9,25
2023-11-28,218.9,218.9,218.9,218.9,3
2023-11-29,218.9,218.9,218.9,218.9,68
2023-11-30,218.9,218.9,218.9,218.9,424
2023-12-03,218.9,218.9,218.9,218.9,200
2023-12-04,218.9,218.9,218.9,218.9,63
2023-12-05,218.9,218.9,218.9,218.9,1079
2023-12-06,218.9,218.9,218.9,218.9,55
2023-12-07,218.9,218.9,218.9,218.9,59
2023-12-10,218.9,218.9,218.9,218.9,1
2023-12-11,218.9,218.9,218.9,218.9,38
2023-12-12,218.9,218.9,218.9,218.9,10
2023-12-13,218.9,218.9,218.9,218.9,310
2023-12-14,218.9,218.9,218.9,218.9,45
2023-12-17,218.9,218.9,218.9,218.9,185
2023-12-18,218.9,218.9,218.9,218.9,3
2023-12-20,218.9,218.9,218.9,218.9,15
2023-12-21,218.9,218.9,218.9,218.9,11
2023-12-24,218.9,218.9,218.9,218.9,247
2023-12-26,218.9,218.9,218.9,218.9,461
2023-12-27,218.9,218.9,218.9,218.9,5
2023-12-28,218.9,218.9,218.9,218.9,560
2024-01-01,218.9,218.9,218.9,218.9,309
2024-01-02,218.9,218.9,218.9,218.9,2
2024-01-03,218.9,218.9,218.9,218.9,7
2024-01-04,218.9,218.9,218.9,218.9,55
2024-01-08,218.9,218.9,218.9,218.9,18
2024-01-09,218.9,218.9,218.9,218.9,2
2024-01-10,218.9,218.9,218.9,218.9,5
2024-01-11,218.9,218.9,218.9,218.9,102
2024-01-14,218.9,218.9,218.9,218.9,212
2024-01-15,218.9,218.9,218.9,218.9,4
2024-01-16,218.9,218.9,218.9,218.9,93
2024-01-17,218.9,218.9,218.9,218.9,11
2024-01-18,218.9,218.9,218.9,218.9,318
2024-01-21,218.9,218.9,218.9,218.9,11
2024-01-23,199.8,199.8,199.8,199.8,26518
2024-01-24,179.9,186.9,179.9,179.9,325081
2024-01-25,170.1,177.0,165.0,166.1,729199
2024-01-28,166.1,171.6,161.1,163.5,237363
2024-01-29,166.8,168.5,162.5,163.7,185282
2024-01-30,165.0,174.9,164.0,169.1,152574
2024-01-31,171.0,171.0,159.5,160.5,296970
2024-02-01,160.3,164.8,157.5,162.8,123165
2024-02-04,162.8,167.5,162.8,164.3,153265
2024-02-05,170.0,170.0,163.5,165.5,190598
2024-02-06,166.5,180.0,166.5,174.5,292944
2024-02-07,175.6,175.6,171.5,172.1,136113
2024-02-08,172.1,174.8,168.5,169.9,205104
2024-02-11,170.5,173.0,168.0,170.9,253523
2024-02-12,172.0,176.5,169.9,173.1,274156
2024-02-13,173.1,173.7,167.6,168.7,191385
2024-02-14,168.1,170.4,167.5,167.7,96369
2024-02-15,169.0,169.0,165.0,165.7,82879
2024-02-18,167.0,167.0,159.7,161.1,155357
2024-02-19,161.2,162.0,153.0,153.8,407343
2024-02-20,157.7,157.7,150.1,153.2,218142
