Date,Open,High,Low,Close,Volume
2012-10-01,172.73,174.91,170.91,172.53,13200
2012-10-02,172.73,175.01,172.73,173.84,36300
2012-10-03,172.77,176.36,171.14,173.25,4400
2012-10-07,168.68,172.73,168.64,170.01,3300
2012-10-08,169.36,169.36,168.86,168.96,11000
2012-10-09,168.18,177.27,168.18,175.96,28600
2012-10-10,170.68,172.73,170.55,171.14,8800
2012-10-14,165.27,165.27,165.27,165.27,1100
2012-10-16,172.73,172.73,172.73,172.73,17600
2012-10-30,172.73,172.73,172.73,172.73,3300
2012-10-31,170.91,170.91,170.45,170.57,4400
2012-11-01,174.55,175.0,174.55,174.89,4400
2012-11-05,170.45,170.45,168.5,169.64,12100
2012-11-06,168.18,170.45,168.18,169.32,2200
2012-11-07,172.27,173.64,172.27,172.72,42900
2012-11-11,170.45,170.73,170.45,170.55,8800
2012-11-12,169.09,169.09,169.09,169.09,1100
2012-11-13,168.18,168.18,166.36,167.05,7700
2012-11-19,166.36,167.05,164.55,165.6,18700
2012-11-20,165.68,165.91,165.68,165.8,4400
2012-11-21,164.32,164.32,163.91,164.02,16500
2012-11-22,164.02,164.02,162.27,163.35,6600
2012-11-26,163.23,163.27,160.68,162.92,28600
2012-11-27,162.27,162.27,162.27,162.27,1100
2012-11-28,163.41,163.41,162.73,163.06,5500
2012-11-29,164.09,167.27,164.05,165.7,15400
2012-12-02,165.91,165.91,165.09,165.62,9900
2012-12-03,167.73,167.73,167.27,167.5,2200
2012-12-04,163.64,163.64,163.64,163.64,4400
2012-12-05,164.09,164.09,163.86,163.94,3300
2012-12-06,163.27,163.27,163.23,163.24,11000
2012-12-09,162.77,162.91,162.27,162.66,22000
2012-12-11,161.82,161.82,161.82,161.82,6600
2012-12-12,162.27,162.27,161.45,161.6,31900
2012-12-13,162.73,169.32,161.36,167.22,33000
2012-12-17,164.09,170.23,164.09,168.08,9900
2012-12-18,165.53,167.05,165.52,166.88,37400
2012-12-19,165.0,170.91,165.0,169.09,5500
2012-12-20,170.45,176.14,170.45,175.68,35200
2012-12-23,177.27,184.09,175.32,184.01,48400
2012-12-24,188.64,192.52,186.36,192.11,49500
2012-12-26,195.45,200.45,188.68,199.93,78100
2012-12-27,206.36,208.36,202.28,207.87,80300
2012-12-30,212.73,212.73,200.0,207.82,56100
2013-01-01,200.05,200.05,199.55,199.8,4400
2013-01-03,191.28,191.28,191.28,191.28,1100
2013-01-06,183.18,183.23,182.75,183.0,12100
2013-01-07,181.82,181.82,181.82,181.82,7700
2013-01-08,179.18,179.18,178.36,178.54,29700
2013-01-09,179.55,179.55,179.55,179.55,4400
2013-01-10,181.59,181.59,179.1,180.07,17600
2013-01-13,185.91,185.91,179.77,180.47,29700
2013-01-14,179.32,180.45,179.32,179.41,24200
2013-01-15,181.81,181.81,179.82,180.56,8800
2013-01-16,180.18,181.27,180.18,180.62,19800
2013-01-17,182.5,182.5,181.81,181.95,5500
2013-01-20,181.64,181.64,180.59,180.79,30800
2013-01-21,180.91,180.91,180.68,180.8,2200
2013-01-23,178.41,183.18,178.41,182.14,5500
2013-01-24,183.55,183.55,183.55,183.55,2200
2013-01-27,190.0,192.06,190.0,191.89,83600
2013-01-29,192.05,192.05,192.05,192.05,2200
2013-01-30,186.86,186.86,186.36,186.5,4400
2013-01-31,182.19,182.19,182.19,182.19,1100
2013-02-03,190.68,190.71,190.68,190.7,8800
2013-02-05,194.55,195.45,193.18,194.36,20900
2013-02-06,195.45,197.27,195.45,195.81,5500
2013-02-07,195.45,196.95,194.55,195.41,26400
2013-02-10,195.45,196.5,195.45,195.45,41800
2013-02-11,195.91,200.0,195.91,199.54,48400
2013-02-12,198.18,198.18,192.82,195.64,15400
2013-02-13,188.41,194.09,188.27,190.25,3300
2013-02-14,190.91,190.91,190.91,190.91,22000
2013-02-17,189.5,189.5,189.5,189.5,2200
2013-02-18,190.91,190.91,188.64,189.55,3300
2013-02-19,187.59,187.59,186.82,187.31,5500
2013-02-20,185.23,186.36,184.09,185.19,7700
2013-02-25,181.86,181.86,181.82,181.84,2200
2013-02-26,181.91,181.91,180.0,180.66,14300
2013-02-27,181.82,185.41,181.82,181.83,46200
2013-02-28,181.82,182.64,181.82,182.63,104500
2013-03-03,177.86,177.86,177.82,177.83,3300
2013-03-04,182.73,184.09,182.73,183.0,5500
2013-03-05,180.05,180.55,180.05,180.43,14300
2013-03-06,180.02,180.02,180.02,180.02,27500
2013-03-10,177.73,177.73,177.59,177.61,7700
2013-03-11,175.51,175.51,175.5,175.5,4400
2013-03-12,177.27,177.27,177.27,177.27,2200
2013-03-13,177.27,177.27,177.27,177.27,2200
2013-03-14,177.73,177.73,177.23,177.29,20900
2013-03-18,179.32,179.32,179.32,179.32,9900
2013-03-19,178.23,179.32,178.18,178.87,5500
2013-03-20,176.5,176.5,176.45,176.45,13200
2013-03-24,173.41,174.09,173.41,173.68,18700
2013-03-25,172.27,172.35,172.09,172.23,15400
2013-03-27,172.05,172.27,172.05,172.18,3300
2013-04-01,168.68,169.0,168.68,168.92,15400
2013-04-03,168.18,170.45,168.18,169.35,27500
2013-04-08,169.59,169.77,169.59,169.64,4400
2013-04-09,174.77,174.77,174.55,174.61,6600
2013-04-10,174.94,175.0,173.23,174.51,16500
2013-04-11,173.59,173.64,173.59,173.62,14300
2013-04-15,173.41,173.41,172.82,173.12,18700
2013-04-16,172.27,172.27,172.27,172.27,1100
2013-04-17,171.45,171.59,171.45,171.49,6600
2013-04-18,171.59,176.32,171.59,175.13,4400
2013-04-21,172.77,173.18,172.77,173.0,13200
2013-04-22,172.73,172.73,172.73,172.73,2200
2013-04-25,172.73,172.73,172.73,172.73,1100
2013-04-28,172.73,172.73,168.86,170.68,20900
2013-04-29,170.45,170.45,169.14,169.26,12100
2013-04-30,170.69,170.95,170.68,170.8,6600
2013-05-02,168.23,171.73,168.18,169.74,9900
2013-05-05,169.55,170.0,169.55,169.92,9900
2013-05-06,170.45,170.45,169.32,170.02,15400
2013-05-07,170.23,170.23,170.02,170.07,15400
2013-05-08,169.41,169.41,169.41,169.41,9900
2013-05-09,169.18,169.55,169.11,169.37,16500
2013-05-12,173.68,173.68,173.68,173.68,1100
2013-05-13,171.7,171.75,171.41,171.65,9900
2013-05-14,171.82,172.73,171.82,172.19,11000
2013-05-15,172.5,172.5,172.32,172.34,13200
2013-05-16,170.0,170.0,170.0,170.0,2200
2013-05-19,169.09,170.45,168.86,169.47,6600
2013-05-20,170.33,170.5,169.59,170.07,11000
2013-05-21,169.14,169.32,169.14,169.16,14300
2013-05-22,176.82,177.5,172.7,176.68,18700
2013-05-26,181.82,185.2,181.82,185.02,23100
2013-05-27,193.55,193.55,193.55,193.55,60500
2013-05-28,202.06,202.06,193.23,197.01,70400
2013-05-29,204.55,205.5,198.23,201.55,78100
2013-05-30,202.27,204.55,197.05,202.43,16500
2013-06-02,200.73,200.77,197.73,200.05,23100
2013-06-03,198.86,198.86,193.23,195.17,36300
2013-06-04,202.0,202.18,195.0,198.57,20900
2013-06-05,191.86,197.73,191.86,195.55,26400
2013-06-06,194.36,195.45,194.27,194.91,60500
2013-06-09,195.84,195.84,195.0,195.55,66000
2013-06-10,195.91,200.0,195.91,198.41,18700
2013-06-11,204.09,206.94,199.41,206.6,118800
2013-06-12,213.63,213.64,204.55,210.66,25300
2013-06-13,212.09,215.23,210.0,213.25,115500
2013-06-16,220.41,221.77,215.23,221.58,102300
2013-06-17,222.27,222.27,221.86,222.05,7700
2013-06-18,226.32,230.57,222.77,230.21,437800
2013-06-19,238.84,238.84,238.84,238.84,134200
2013-06-20,247.8,247.8,247.8,247.8,135300
2013-06-23,257.09,257.09,257.09,257.09,184800
2013-06-24,266.72,266.72,266.72,266.72,36300
2013-06-26,276.72,276.72,266.86,273.66,531300
2013-06-27,286.36,286.36,259.14,263.85,119900
2013-06-30,262.73,270.45,258.27,262.72,58300
2013-07-02,270.0,272.57,270.0,272.55,257400
2013-07-03,281.77,281.77,272.73,274.79,94600
2013-07-04,274.81,274.81,270.96,272.37,95700
2013-07-07,274.55,275.0,263.0,264.34,79200
2013-07-08,263.64,263.64,254.45,254.86,73700
2013-07-09,248.18,264.27,245.45,262.19,44000
2013-07-10,263.64,263.64,257.73,259.75,58300
2013-07-11,266.95,269.45,263.59,267.72,91300
2013-07-14,270.44,277.27,265.91,272.12,215600
2013-07-15,280.45,280.45,266.36,269.51,288200
2013-07-17,233.09,233.09,216.36,219.25,114400
2013-07-18,211.55,218.18,211.55,213.82,23100
2013-07-21,213.77,213.77,207.55,209.1,39600
2013-07-22,210.91,212.73,210.14,210.85,15400
2013-07-23,217.73,219.37,217.73,219.37,33000
2013-07-24,227.27,227.9,227.05,227.69,77000
2013-07-25,231.55,231.55,219.15,228.15,23100
2013-07-28,220.45,220.45,219.6,219.97,9900
2013-07-29,212.41,212.41,211.5,211.53,45100
2013-07-30,217.14,217.14,207.41,212.24,52800
2013-07-31,218.18,220.77,213.55,215.19,75900
2013-08-01,219.97,220.77,212.73,215.14,57200
2013-08-04,215.45,215.45,206.62,206.63,66000
2013-08-05,198.12,208.86,198.12,199.28,154000
2013-08-12,195.73,207.73,191.36,206.95,73700
2013-08-13,214.95,215.48,214.9,215.48,283800
2013-08-14,223.95,224.01,218.18,224.0,49500
2013-08-18,232.27,232.5,232.27,232.5,79200
2013-08-19,241.22,241.22,240.91,241.21,308000
2013-08-20,242.32,242.32,232.17,233.44,114400
2013-08-21,240.18,240.18,225.0,233.43,57200
2013-08-22,229.59,237.73,229.59,235.7,95700
2013-08-25,244.45,244.53,237.18,244.52,192500
2013-08-26,245.45,253.18,243.23,252.09,389400
2013-08-27,256.82,261.54,256.82,261.45,378400
2013-08-29,270.23,271.26,270.23,271.26,507100
2013-09-01,281.43,281.43,281.43,281.43,251900
2013-09-02,291.98,291.98,282.73,288.12,442200
2013-09-03,288.12,289.14,277.32,284.48,110000
2013-09-04,290.91,291.45,278.18,281.97,119900
2013-09-05,278.0,278.64,271.59,272.08,128700
2013-09-08,269.32,277.23,262.0,272.32,169400
2013-09-09,277.27,280.36,267.67,273.18,117700
2013-09-10,283.39,283.39,273.05,273.98,276100
2013-09-11,276.36,276.82,271.18,272.22,69300
2013-09-12,279.32,279.41,272.5,273.27,84700
2013-09-15,282.68,283.32,272.73,273.51,141900
2013-09-16,277.27,277.27,272.27,273.1,108900
2013-09-17,272.73,274.0,269.68,270.25,100100
2013-09-18,272.73,277.23,270.91,272.04,100100
2013-09-19,275.0,281.59,272.73,274.36,199100
2013-09-22,284.55,284.55,273.27,275.59,150700
2013-09-23,275.73,278.18,271.91,273.69,254100
2013-09-24,274.77,274.86,271.68,272.06,119900
2013-09-25,272.73,272.73,266.45,266.98,146300
2013-09-26,271.36,271.36,263.18,263.78,180400
2013-09-29,261.36,272.68,261.36,270.6,117700
2013-09-30,274.55,274.77,260.45,262.11,145200
2013-10-01,271.94,271.94,259.09,264.51,273900
2013-10-02,270.41,270.41,255.0,256.32,181500
2013-10-03,259.09,265.91,248.18,265.84,460900
2013-10-06,386.36,386.36,258.18,259.0,1122000
2013-10-07,254.77,258.64,249.3,249.33,189200
2013-10-08,243.18,243.18,239.98,239.98,129800
2013-10-09,230.99,248.98,230.99,248.46,322300
2013-10-10,250.0,250.0,239.15,239.15,165000
2013-10-20,230.45,230.5,230.18,230.18,40700
2013-10-21,221.8,221.8,221.55,221.55,52800
2013-10-22,213.02,222.27,213.02,217.13,353100
2013-10-23,217.14,217.14,208.6,208.6,232100
2013-10-24,202.27,209.05,200.07,200.59,224400
2013-10-27,193.18,209.11,193.18,207.75,237600
2013-10-28,212.73,216.26,212.73,215.8,488400
2013-10-29,213.64,216.82,207.28,207.73,737000
2013-10-31,225.8,225.8,225.8,225.8,1500
2013-11-03,245.5,245.5,245.5,245.5,200
2013-11-04,266.9,266.9,266.9,266.9,200
2013-11-05,290.2,290.2,290.2,290.2,1400
2013-11-06,315.5,315.5,315.5,315.5,7250
2013-11-07,343.1,343.1,326.0,343.1,214150
2013-11-10,373.0,373.1,372.0,373.1,42350
2013-11-11,405.7,405.7,405.7,405.7,11600
2013-11-12,441.1,441.1,441.1,441.1,21250
2013-11-13,478.5,478.5,478.5,478.5,18350
2013-11-14,516.0,516.0,450.0,459.1,127350
2013-11-17,450.0,450.0,421.6,421.6,8100
2013-11-18,384.8,384.8,384.8,384.8,3050
2013-11-19,351.2,351.2,351.2,351.2,5400
2013-11-20,320.5,320.5,320.5,320.5,11250
2013-11-21,292.5,348.5,292.5,348.5,125350
2013-11-24,375.0,375.0,332.0,334.1,24800
2013-11-25,320.0,343.0,320.0,331.4,19750
2013-11-26,302.5,302.5,302.5,302.5,17150
2013-11-27,276.1,299.0,276.1,276.1,2311950
2013-11-28,265.0,276.9,253.0,263.5,1291000
2013-12-01,265.0,283.9,259.8,278.6,1206950
2013-12-02,279.9,302.9,278.0,298.1,1479750
2013-12-03,303.0,313.0,291.0,294.3,2009600
2013-12-04,294.0,297.0,285.0,288.4,1103400
2013-12-05,289.9,298.9,283.9,289.4,1142850
2013-12-08,294.0,296.5,287.8,289.6,922850
2013-12-09,291.0,293.8,281.0,282.2,886700
2013-12-10,282.7,284.8,276.5,277.5,773800
2013-12-11,280.0,282.0,272.1,273.2,645100
2013-12-12,274.0,288.0,270.2,281.5,680950
2013-12-15,284.5,289.8,282.7,285.4,582450
2013-12-17,285.5,289.4,277.0,279.0,514700
2013-12-18,280.0,282.0,272.0,272.7,452050
2013-12-19,273.0,275.8,269.0,270.3,500800
2013-12-22,273.7,273.8,262.1,264.3,570800
2013-12-23,265.2,269.0,261.0,261.6,292700
2013-12-24,263.9,263.9,257.0,257.9,253500
2013-12-26,258.0,263.0,253.8,254.3,233400
2013-12-29,253.7,255.8,247.5,248.3,220250
2013-12-30,248.7,269.6,248.7,266.7,540250
2014-01-01,270.0,275.9,267.5,268.2,449150
2014-01-02,268.6,269.8,262.0,265.1,288900
2014-01-06,265.0,267.7,261.1,261.4,189750
2014-01-07,260.1,265.0,260.0,262.3,218700
2014-01-08,264.5,266.2,263.2,263.5,215650
2014-01-09,265.9,268.6,264.2,266.6,272200
2014-01-12,268.0,276.5,268.0,274.8,581550
2014-01-13,277.0,279.5,271.1,272.2,387100
2014-01-15,273.1,274.9,269.0,269.4,487000
2014-01-16,271.1,272.0,267.3,268.2,516150
2014-01-19,266.0,271.5,265.0,265.5,435200
2014-01-20,267.0,272.7,265.0,269.5,393900
2014-01-21,270.0,273.0,268.2,268.8,267200
2014-01-22,271.0,275.0,270.2,272.0,554800
2014-01-23,274.9,274.9,267.8,268.1,373850
2014-01-26,265.0,270.8,265.0,265.7,407800
2014-01-27,265.7,265.9,260.2,261.2,400250
2014-01-28,263.8,264.4,261.6,261.9,179800
2014-01-29,267.0,267.0,262.2,263.6,166250
2014-01-30,265.0,266.0,261.0,261.5,326200
2014-02-02,263.8,265.4,260.8,261.5,299400
2014-02-03,264.0,271.0,262.7,270.2,411400
2014-02-04,274.8,274.8,268.2,269.2,454200
2014-02-05,269.2,269.9,263.5,264.1,173300
2014-02-06,265.0,267.0,261.9,262.3,312100
2014-02-09,266.0,272.0,262.7,263.3,356800
2014-02-10,266.0,272.0,265.0,265.7,456050
2014-02-11,266.5,269.0,262.5,263.0,227250
2014-02-12,267.0,267.0,262.0,262.4,263500
2014-02-13,264.2,282.8,262.0,278.7,1647950
2014-02-16,282.0,285.0,272.0,272.7,948500
2014-02-17,268.0,271.0,265.0,265.6,373100
2014-02-18,264.0,267.9,262.3,262.7,327500
2014-02-19,263.9,266.9,263.0,264.1,321050
2014-02-20,282.0,285.0,266.0,270.4,356700
2014-02-23,271.6,271.7,265.6,266.0,190350
2014-02-24,268.5,268.8,265.5,266.3,222800
2014-02-25,268.5,273.0,266.6,267.3,587700
2014-02-26,269.0,272.8,268.3,270.4,319550
2014-02-27,271.0,275.9,269.0,271.0,689850
2014-03-02,272.0,274.9,265.1,265.9,496300
2014-03-03,267.9,270.2,266.0,267.1,323350
2014-03-04,269.0,269.0,265.5,265.9,281050
2014-03-05,267.5,267.8,264.0,264.3,210000
2014-03-06,264.9,266.9,263.6,263.8,278950
2014-03-09,265.0,267.8,261.8,262.2,376750
2014-03-10,262.3,264.0,260.1,260.3,335650
2014-03-11,262.7,262.7,258.1,258.7,191300
2014-03-12,261.4,261.4,255.9,256.3,352050
2014-03-13,258.0,258.0,254.5,255.7,310150
2014-03-16,256.8,261.7,255.0,255.6,138700
2014-03-18,256.9,257.0,252.0,252.5,146700
2014-03-19,251.7,252.8,246.5,247.4,210650
2014-03-20,250.0,250.0,246.2,247.0,144450
2014-03-23,248.0,250.0,244.2,244.7,137400
2014-03-24,246.8,246.8,238.1,239.4,175850
2014-03-25,240.1,242.1,238.0,238.9,117350
2014-03-27,241.9,241.9,238.1,238.7,122950
2014-03-30,236.0,238.0,230.1,231.1,195500
2014-03-31,232.9,237.9,230.6,232.2,115600
2014-04-01,233.9,235.8,232.3,232.6,102950
2014-04-02,234.8,240.8,232.8,239.5,152850
2014-04-03,239.4,242.0,235.0,236.6,208850
2014-04-06,237.2,241.7,233.0,235.6,246000
2014-04-07,239.4,239.4,232.4,232.6,147150
2014-04-08,232.7,234.5,230.0,230.5,195550
2014-04-09,230.3,232.4,227.4,227.8,158800
2014-04-10,228.0,228.4,218.9,219.8,301600
2014-04-13,219.5,219.8,213.1,215.1,104350
2014-04-15,219.0,219.0,206.4,207.4,255450
2014-04-16,205.3,225.5,202.0,225.5,355250
2014-04-17,234.5,245.0,229.1,236.8,577500
2014-04-20,235.0,235.0,223.2,224.6,239100
2014-04-21,226.0,226.8,215.0,216.3,233550
2014-04-22,217.9,226.0,216.0,222.7,114950
2014-04-23,223.9,231.4,222.0,226.0,235800
2014-04-24,240.0,240.0,226.2,227.5,244950
2014-04-27,229.5,233.0,226.8,227.3,224700
2014-04-28,229.8,229.9,213.8,214.6,333700
2014-04-29,214.5,216.0,204.2,206.1,374850
2014-04-30,210.0,214.0,202.6,208.4,400650
2014-05-04,210.4,212.0,204.5,205.3,130100
2014-05-05,207.8,207.8,203.7,204.0,118300
2014-05-06,206.0,213.9,203.7,210.8,208300
2014-05-07,210.3,214.6,207.2,208.0,149350
2014-05-08,207.3,213.0,207.3,207.8,159800
2014-05-11,208.0,209.9,204.8,205.3,157400
2014-05-12,205.4,207.0,204.2,204.7,132600
2014-05-14,205.1,205.1,200.5,200.9,215000
2014-05-15,200.0,200.0,195.8,196.1,220900
2014-05-18,197.0,199.5,193.0,193.6,108550
2014-05-19,194.0,194.0,187.0,187.3,151550
2014-05-20,187.1,196.9,187.0,195.1,278800
2014-05-21,195.2,198.8,193.8,194.0,124850
2014-05-22,195.5,195.5,187.0,188.6,157650
2014-05-25,188.1,190.9,183.9,186.2,193300
2014-05-26,187.8,187.8,183.3,183.7,157650
2014-05-27,184.3,186.8,184.3,185.0,94250
2014-05-28,184.7,187.0,183.5,184.0,132200
2014-05-29,184.9,186.7,183.9,185.8,106100
2014-06-01,187.0,203.3,187.0,200.6,657400
2014-06-02,205.0,215.0,203.0,205.6,482650
2014-06-03,204.1,204.8,190.0,193.5,355400
2014-06-04,198.0,205.0,195.5,201.4,347300
2014-06-05,202.5,205.8,196.5,198.5,284400
2014-06-08,198.0,198.0,190.3,191.0,200200
2014-06-09,191.6,196.3,191.6,194.6,162400
2014-06-10,195.9,202.0,194.8,198.2,260200
2014-06-11,199.9,200.0,194.0,194.6,223350
2014-06-12,194.5,197.0,193.5,193.9,147800
2014-06-15,196.0,199.5,186.2,187.4,409400
2014-06-16,188.3,191.0,182.4,184.3,223100
2014-06-17,185.9,186.0,179.2,180.1,264000
2014-06-18,181.1,181.2,176.4,179.1,219350
2014-06-19,179.0,187.4,179.0,185.6,217250
2014-06-22,190.9,190.9,180.5,182.1,129100
2014-06-23,181.0,182.0,178.6,180.8,172050
2014-06-24,182.4,185.5,180.6,184.4,306800
2014-06-26,154.0,155.0,149.2,149.6,409350
2014-06-29,152.9,152.9,149.3,149.6,155450
2014-06-30,151.0,151.0,145.8,146.0,185500
2014-07-02,145.0,148.0,142.6,143.0,181350
2014-07-03,143.1,144.3,140.0,141.2,144700
2014-07-06,140.0,145.4,140.0,141.8,100650
2014-07-07,141.6,142.1,138.6,139.8,128700
2014-07-08,138.6,139.7,136.3,136.8,146700
2014-07-09,138.5,138.5,133.8,134.5,182350
2014-07-10,133.2,134.4,131.6,131.7,138300
2014-07-13,132.7,132.7,128.6,128.9,121300
2014-07-14,130.9,134.0,128.1,132.4,159750
2014-07-15,132.8,132.8,130.2,130.3,76750
2014-07-16,131.4,133.3,131.0,131.3,132300
2014-07-17,131.3,132.4,130.7,131.0,75750
2014-07-20,132.6,132.7,128.8,129.6,130050
2014-07-21,130.0,130.9,128.0,128.9,123200
2014-07-22,129.9,129.9,128.6,128.9,141300
2014-07-23,130.5,130.6,128.0,128.3,141300
2014-07-24,129.0,129.5,127.5,128.8,106700
2014-08-03,128.1,129.6,125.2,125.8,140100
2014-08-04,125.8,128.4,125.3,127.6,114400
2014-08-05,127.7,129.8,127.7,129.3,149750
2014-08-06,129.3,139.6,129.3,136.2,424800
2014-08-07,134.5,137.6,133.1,134.1,258450
2014-08-10,135.9,135.9,130.6,131.0,394700
2014-08-11,131.3,136.0,130.5,132.6,375400
2014-08-12,132.5,135.8,132.5,133.3,307200
2014-08-13,133.7,134.9,132.1,132.3,196900
2014-08-14,133.9,134.0,131.5,131.7,211200
2014-08-18,132.0,133.4,128.7,129.0,252450
2014-08-19,131.7,131.7,128.1,128.7,194300
2014-08-20,130.5,130.5,126.5,127.2,166100
2014-08-21,128.0,129.0,126.4,126.8,180750
2014-08-24,126.6,128.9,126.4,126.6,225900
2014-08-25,126.3,127.0,124.0,124.1,337650
2014-08-26,124.1,127.3,124.0,125.3,206150
2014-08-27,126.1,127.5,124.7,125.2,139250
2014-08-28,125.6,128.0,125.1,125.4,150550
2014-08-31,126.3,126.8,124.1,124.3,111050
2014-09-01,124.1,124.7,123.0,123.1,131500
2014-09-02,123.2,124.0,122.5,122.9,170050
2014-09-03,124.2,127.0,123.3,125.9,179850
2014-09-04,126.6,134.5,125.8,132.8,727700
2014-09-07,134.8,137.1,132.9,134.2,362650
2014-09-08,133.1,134.7,129.5,129.9,233600
2014-09-09,130.8,131.8,127.6,128.2,272550
2014-09-10,129.0,132.8,128.3,131.5,233900
2014-09-11,133.0,143.0,133.0,141.5,1449150
2014-09-14,149.0,155.6,144.2,155.6,1409650
2014-09-15,159.0,163.0,151.3,152.5,1103450
2014-09-16,156.0,167.7,152.0,167.1,1496450
2014-09-17,170.0,181.0,169.7,173.8,1629300
2014-09-18,175.0,178.9,166.0,169.2,1140850
2014-09-21,172.7,175.1,166.1,167.2,843300
2014-09-22,169.7,171.8,163.0,164.0,640650
2014-09-23,166.2,167.0,158.0,159.0,701250
2014-09-24,159.1,173.9,159.1,170.9,789950
2014-09-25,171.5,182.0,171.5,181.2,1651700
2014-09-28,189.2,197.0,185.0,188.2,1882950
2014-09-29,190.0,190.0,179.3,182.6,917950
2014-09-30,183.0,193.2,183.0,188.3,1186700
2014-10-01,194.0,204.0,191.1,197.3,1878900
2014-10-02,198.0,205.9,194.0,202.5,1655250
2014-10-12,205.0,212.9,203.1,206.6,1186400
2014-10-13,210.8,210.8,200.1,201.2,1189850
2014-10-14,205.0,206.9,200.0,201.0,1235300
2014-10-15,205.5,209.3,204.0,205.8,1375300
2014-10-16,207.9,208.8,198.5,200.6,1082000
2014-10-19,203.0,203.0,190.4,191.7,839950
2014-10-20,194.0,194.5,185.2,190.3,569800
2014-10-21,193.3,196.0,190.3,193.6,468450
2014-10-22,194.9,197.0,188.2,188.9,605700
2014-10-23,191.5,191.5,184.5,188.6,488700
2014-10-26,186.2,188.4,185.0,185.3,203850
2014-10-27,188.0,189.9,182.1,188.7,327950
2014-10-28,191.0,194.5,186.5,187.7,459950
2014-10-29,190.0,190.0,185.5,186.6,311150
2014-10-30,183.2,185.7,177.5,180.8,679500
2014-11-02,179.0,181.9,170.5,171.9,420100
2014-11-03,173.2,179.0,169.8,177.4,448100
2014-11-05,176.5,177.4,172.3,173.1,159800
2014-11-06,172.0,175.9,169.3,169.7,281950
2014-11-09,171.8,171.8,163.1,163.9,393900
2014-11-10,162.6,166.9,162.5,163.4,373600
2014-11-11,162.1,170.3,162.1,165.5,284750
2014-11-12,168.6,168.6,163.3,163.8,435000
2014-11-13,167.8,172.5,164.9,166.9,448800
2014-11-16,167.1,168.2,162.7,163.1,405200
2014-11-17,164.4,166.0,158.6,159.2,495300
2014-11-18,160.0,161.5,155.4,155.8,259250
2014-11-19,157.1,163.9,155.8,161.9,640950
2014-11-20,165.0,165.0,158.0,158.9,185400
2014-11-23,162.0,162.0,154.5,155.1,164450
2014-11-24,155.2,155.2,150.2,151.0,141450
2014-11-25,152.0,154.8,150.8,151.1,107850
2014-11-26,153.7,153.7,146.7,147.0,202300
2014-11-27,148.0,150.5,146.0,147.3,130300
2014-11-30,148.0,150.5,147.1,147.6,82400
2014-12-01,148.0,153.4,148.0,152.9,228950
2014-12-02,154.9,161.5,152.5,159.3,369550
2014-12-03,160.0,165.0,159.0,162.7,444050
2014-12-04,162.8,162.8,157.0,157.9,237200
2014-12-07,159.2,159.2,152.3,152.5,160100
2014-12-08,152.5,154.7,152.0,152.6,76150
2014-12-09,155.2,157.0,153.5,155.5,195000
2014-12-10,153.0,155.1,151.7,152.3,101700
2014-12-11,156.8,156.8,151.1,152.1,36783
2014-12-14,150.5,154.8,150.0,150.7,52956
2014-12-15,150.6,152.0,150.0,150.3,52756
2014-12-17,152.2,152.2,149.0,149.2,65935
2014-12-18,149.2,152.4,148.9,149.3,121740
2014-12-21,152.0,152.0,147.0,147.2,95500
2014-12-22,146.1,151.0,146.1,150.2,59512
2014-12-23,150.7,151.0,148.2,148.9,56641
2014-12-24,148.0,150.2,146.9,147.8,74973
2014-12-28,145.0,148.8,145.0,145.9,101013
2014-12-29,147.8,147.8,145.6,146.3,64235
2014-12-30,147.7,150.5,147.0,149.9,93657
2015-01-01,150.4,153.8,150.4,152.9,96473
2015-01-05,152.8,152.8,150.4,152.0,93999
2015-01-06,152.8,156.9,152.6,155.2,126376
2015-01-07,153.2,156.0,151.8,152.4,145716
2015-01-08,153.0,153.0,151.2,151.8,97556
2015-01-11,151.2,152.0,150.2,150.8,86817
2015-01-12,150.5,151.0,148.0,148.3,184449
2015-01-13,150.8,151.0,148.5,148.9,114679
2015-01-14,150.0,150.0,147.5,147.9,73843
2015-01-15,148.6,148.6,146.6,147.4,74795
2015-01-18,147.7,148.2,144.0,145.3,72904
2015-01-19,146.0,146.0,142.1,142.5,79620
2015-01-20,142.3,144.5,142.0,143.8,102235
2015-01-21,142.3,145.0,142.0,143.1,142071
2015-01-22,141.6,144.0,141.6,142.2,45709
2015-01-25,142.5,142.5,139.1,139.5,52275
2015-01-26,139.0,141.5,134.0,135.9,36335
2015-01-27,138.0,140.8,137.2,139.4,43552
2015-01-28,138.9,139.9,137.0,137.6,40063
2015-01-29,136.7,137.5,134.3,135.0,51410
2015-02-01,134.0,134.1,131.0,132.0,42938
2015-02-02,131.4,132.0,128.3,130.5,40499
2015-02-03,128.3,136.9,128.3,135.1,100885
2015-02-04,133.1,137.5,132.8,136.3,79019
2015-02-05,137.5,138.5,134.4,137.4,65811
2015-02-08,135.0,140.1,134.6,139.2,70091
2015-02-09,138.5,144.6,138.4,144.1,152617
2015-02-10,145.0,149.0,144.0,146.9,162238
2015-02-11,148.9,151.4,144.5,150.1,200981
2015-02-12,150.0,152.9,148.9,150.5,152500
2015-02-15,149.7,150.0,146.5,147.4,88483
2015-02-16,147.2,148.0,143.5,144.2,68121
2015-02-17,146.5,146.8,141.7,142.3,77674
2015-02-18,141.0,145.0,141.0,143.0,74949
2015-02-19,143.3,143.3,141.0,141.7,76990
2015-02-22,142.0,145.0,141.0,144.5,70132
2015-02-23,144.8,153.8,144.8,152.7,403452
2015-02-24,154.5,157.2,151.5,152.5,290033
2015-02-25,152.3,152.9,147.7,148.1,134085
2015-02-26,148.2,152.0,146.0,147.3,123838
2015-03-01,147.3,151.6,147.3,149.2,120649
2015-03-02,151.8,159.9,149.9,154.2,552812
2015-03-03,153.0,155.5,150.1,152.7,208883
2015-03-04,153.0,154.5,150.1,151.3,140902
2015-03-05,152.0,154.0,151.6,153.3,93393
2015-03-08,153.1,153.7,149.5,150.4,104095
2015-03-09,150.9,151.8,145.6,146.3,141425
2015-03-10,148.5,149.2,144.3,146.9,103949
2015-03-11,145.7,148.0,143.4,144.3,100279
2015-03-12,145.0,146.1,143.5,144.1,112067
2015-03-15,146.0,147.3,144.1,144.8,123945
2015-03-16,145.0,146.3,140.2,141.3,83853
2015-03-18,140.5,142.6,140.0,141.6,58817
2015-03-19,142.9,144.3,141.7,142.9,75510
2015-03-22,143.9,146.8,143.9,144.9,110061
2015-03-23,146.8,147.9,143.6,144.6,128884
2015-03-24,145.0,145.1,141.4,141.9,70724
2015-03-25,142.0,145.3,141.3,144.2,171545
2015-03-29,145.5,150.9,145.5,147.8,275210
2015-03-30,148.0,148.0,143.4,144.0,242443
2015-03-31,145.5,147.0,143.7,146.4,282278
2015-04-01,147.4,151.8,147.3,149.0,584437
2015-04-02,150.2,150.2,145.7,146.7,200099
2015-04-05,145.6,146.8,143.3,143.7,136005
2015-04-06,143.7,146.3,142.6,143.2,146255
2015-04-07,143.2,144.0,135.0,139.1,177639
2015-04-08,140.0,142.9,135.0,137.6,350738
2015-04-09,138.0,140.0,135.2,136.4,300713
2015-04-12,137.9,137.9,135.0,135.4,95929
2015-04-13,135.2,136.0,132.1,132.4,221015
2015-04-15,133.5,137.9,133.5,135.3,199337
2015-04-16,134.0,138.0,133.2,134.2,227772
2015-04-19,134.2,136.0,131.8,132.2,291768
2015-04-20,134.0,136.5,131.0,131.5,208917
2015-04-21,131.5,132.9,128.0,129.9,174054
2015-04-22,137.0,137.0,127.0,127.9,226928
2015-04-23,128.1,129.6,124.0,124.7,231921
2015-04-26,123.8,124.0,120.0,121.0,104476
2015-04-27,119.1,122.4,117.0,117.8,159744
2015-04-29,116.3,118.6,110.5,111.7,194555
2015-04-30,110.1,114.0,105.1,112.4,264926
2015-05-04,112.2,112.7,104.4,105.1,209485
2015-05-05,107.7,110.4,104.2,109.1,265993
2015-05-06,109.5,112.9,107.8,111.4,213104
2015-05-07,113.8,122.5,112.7,121.2,469403
2015-05-10,124.8,129.1,123.1,127.8,422925
2015-05-11,130.0,130.0,122.4,123.4,296437
2015-05-12,122.2,125.0,116.0,118.3,250755
2015-05-13,128.0,128.0,119.0,121.4,196098
2015-05-14,122.2,123.5,118.3,119.0,188510
2015-05-17,119.1,120.0,114.0,115.1,440223
2015-05-18,117.7,123.3,117.0,119.4,278196
2015-05-19,122.6,123.5,118.4,118.7,511958
2015-05-20,121.0,121.0,117.0,117.8,552899
2015-05-21,119.8,120.8,116.2,116.7,950255
2015-05-24,112.0,112.5,107.2,110.2,364306
2015-05-25,112.0,112.0,107.1,109.2,596982
2015-05-26,110.5,118.0,110.0,115.8,885004
2015-05-27,119.0,119.9,115.0,118.2,594611
2015-05-28,118.2,118.5,112.2,112.9,448530
2015-05-31,114.9,115.0,112.0,112.4,318059
2015-06-01,114.7,116.8,112.7,113.3,531052
2015-06-04,112.0,112.9,109.0,109.7,305797
2015-06-07,111.0,114.0,109.4,110.1,241067
2015-06-08,111.0,111.5,105.0,106.4,470697
2015-06-09,107.1,109.0,105.5,106.1,188470
2015-06-10,106.2,108.4,105.4,106.2,213691
2015-06-11,107.9,108.1,104.4,104.9,209843
2015-06-14,105.0,106.5,102.8,104.0,165303
2015-06-15,105.0,105.0,101.9,102.7,197266
2015-06-16,104.5,105.1,103.0,104.8,125663
2015-06-17,105.0,109.5,105.0,108.9,281189
2015-06-18,109.0,112.9,108.9,110.3,305451
2015-06-21,110.5,110.9,106.9,107.2,115996
2015-06-22,108.0,108.0,106.0,106.3,116623
2015-06-23,106.6,107.5,105.0,105.2,137590
2015-06-24,105.2,106.0,104.5,104.9,81419
2015-06-25,104.0,105.5,102.5,103.6,192167
2015-06-28,105.0,105.3,104.0,104.6,91232
2015-06-29,105.3,107.0,105.0,106.0,155758
2015-06-30,106.2,108.2,105.8,106.2,168282
2015-07-02,106.2,107.9,105.0,106.9,142372
2015-07-05,107.1,107.1,105.1,105.3,115348
2015-07-06,105.0,105.6,103.8,104.2,118984
2015-07-07,105.8,105.8,104.6,105.0,93502
2015-07-08,106.5,106.5,104.0,104.2,129435
2015-07-09,105.5,106.0,104.8,105.0,145048
2015-07-12,105.8,106.0,104.5,104.8,141842
2015-07-13,105.0,106.3,104.7,105.4,118229
2015-07-14,106.0,106.9,105.0,106.2,120047
2015-07-21,107.3,110.3,105.9,109.8,231410
2015-07-22,110.4,112.5,109.8,111.4,357396
2015-07-23,111.0,111.2,109.0,109.9,222256
2015-07-26,108.3,110.0,107.1,107.5,214727
2015-07-27,108.0,109.5,107.0,109.0,224945
2015-07-28,109.7,109.8,108.4,108.7,319017
2015-07-29,108.8,109.5,106.1,106.6,310281
2015-07-30,106.1,108.4,106.1,107.7,161560
2015-08-02,106.2,107.9,106.2,106.8,248204
2015-08-03,106.4,107.5,106.4,107.0,210104
2015-08-04,108.0,108.3,106.9,107.3,269274
2015-08-05,107.0,107.7,106.5,106.6,245252
2015-08-06,107.0,116.0,106.7,114.7,1099520
2015-08-09,114.5,119.0,114.2,115.2,886767
2015-08-10,114.8,115.0,109.9,110.5,461633
2015-08-11,111.0,113.9,109.3,112.4,314230
2015-08-12,112.7,118.0,112.7,117.0,1056970
2015-08-13,118.0,119.5,114.0,114.5,573718
2015-08-16,115.9,115.9,112.2,113.1,236302
2015-08-17,112.8,114.0,110.1,110.6,322628
2015-08-18,110.0,114.0,109.7,112.7,263914
2015-08-19,114.0,117.2,113.4,115.8,471117
2015-08-20,115.5,115.5,113.0,113.1,199718
2015-08-23,114.0,114.0,111.0,111.4,192123
2015-08-24,112.9,112.9,110.2,110.6,167849
2015-08-25,110.7,111.7,109.3,110.0,177628
2015-08-26,111.3,111.3,108.8,109.4,215705
2015-08-27,109.4,111.1,107.8,108.3,281565
2015-08-30,109.6,109.6,107.5,109.0,120376
2015-08-31,109.6,109.6,107.1,107.3,113358
2015-09-01,107.0,108.3,105.9,106.2,137422
2015-09-02,106.5,108.9,106.0,106.9,88657
2015-09-03,107.0,107.8,106.4,106.5,104993
2015-09-06,107.0,107.4,105.0,105.6,196681
2015-09-07,106.0,109.3,105.8,107.8,190388
2015-09-08,108.1,109.3,107.0,107.7,137259
2015-09-09,107.2,108.0,106.5,106.8,104785
2015-09-10,106.1,107.7,105.2,105.7,121265
2015-09-13,105.9,109.0,105.2,108.5,240167
2015-09-14,108.7,111.5,107.2,108.0,206169
2015-09-15,108.4,109.4,106.5,106.8,104700
2015-09-16,106.9,107.3,106.0,106.2,82665
2015-09-17,106.6,106.9,106.0,106.5,151487
2015-09-20,106.8,107.3,106.4,107.0,130321
2015-09-21,107.3,107.3,106.3,107.0,98889
2015-09-22,107.0,107.6,106.8,107.0,148683
2015-09-28,108.4,108.4,106.2,106.5,100605
2015-09-29,107.8,107.9,105.5,105.9,118762
2015-09-30,106.1,106.7,105.8,106.0,86863
2015-10-01,106.4,106.8,105.2,105.6,159293
2015-10-04,106.0,106.0,104.8,105.0,108074
2015-10-05,105.1,105.2,103.5,103.8,152074
2015-10-06,104.0,105.5,103.0,103.2,113882
2015-10-07,103.4,103.7,101.5,102.1,129834
2015-10-08,103.2,104.1,100.5,101.5,178120
2015-10-11,101.0,101.2,96.7,98.0,207973
2015-10-12,98.5,100.0,97.1,99.2,191457
2015-10-13,100.4,101.7,99.0,100.4,155971
2015-10-14,100.0,100.0,97.5,98.3,126402
2015-10-15,98.1,99.0,96.0,96.6,110402
2015-10-18,95.9,96.6,92.8,93.2,104209
2015-10-19,93.0,94.7,92.2,92.7,110086
2015-10-20,93.3,94.3,92.3,93.7,94435
2015-10-21,94.4,95.8,92.7,95.0,108478
2015-10-25,96.5,96.5,94.1,95.1,103646
2015-10-26,96.0,96.7,94.5,94.9,88379
2015-10-27,94.6,94.7,93.0,93.2,66776
2015-10-28,92.9,93.7,91.3,91.9,88722
2015-10-29,91.4,94.0,91.0,91.2,99770
2015-11-01,92.0,92.0,89.3,90.1,101165
2015-11-02,89.3,90.8,89.2,90.4,71427
2015-11-03,91.5,91.6,90.3,90.5,66745
2015-11-04,90.4,90.9,90.0,90.1,57404
2015-11-05,90.0,90.6,88.6,89.1,82663
2015-11-08,90.0,90.0,84.8,85.1,150547
2015-11-09,86.9,86.9,82.8,83.9,106177
2015-11-10,85.8,85.8,80.0,83.5,77424
2015-11-11,84.1,84.1,81.7,82.0,76386
2015-11-12,82.9,83.1,82.1,82.6,61264
2015-11-15,82.8,84.3,82.8,83.8,113422
2015-11-16,84.9,88.7,84.9,87.9,173814
2015-11-17,88.5,88.9,87.5,88.0,109842
2015-11-18,87.7,88.0,86.9,87.5,100744
2015-11-19,88.2,92.1,88.0,91.7,219382
2015-11-22,92.0,100.8,92.0,100.7,609749
2015-11-23,100.8,105.0,100.0,102.2,624139
2015-11-24,101.1,102.7,99.2,99.6,240548
2015-11-25,101.3,102.5,99.7,99.9,139627
2015-11-26,100.9,105.0,100.0,103.5,315038
2015-11-29,105.0,106.0,104.0,104.5,281532
2015-11-30,104.7,104.7,100.7,101.7,372989
2015-12-01,101.8,111.0,101.0,108.9,599507
2015-12-02,108.2,113.8,108.2,111.3,701338
2015-12-03,111.0,117.5,111.0,115.3,1233480
2015-12-06,115.1,124.6,115.0,119.3,1437740
2015-12-07,120.0,120.6,115.3,115.8,480331
2015-12-08,116.3,124.7,116.3,124.0,1656000
2015-12-09,124.5,129.5,123.6,124.3,1062020
2015-12-10,123.5,126.2,122.5,125.2,1050700
2015-12-13,126.2,127.9,122.7,124.2,942708
2015-12-14,122.3,129.0,122.3,128.5,939928
2015-12-15,128.7,130.2,125.5,127.7,583001
2015-12-17,127.9,128.2,124.0,124.5,398565
2015-12-20,125.0,125.0,117.3,119.1,636678
2015-12-21,124.2,124.2,119.0,122.2,320863
2015-12-22,122.5,123.6,118.8,119.4,421538
2015-12-23,119.7,120.6,117.2,117.7,300384
2015-12-24,119.7,121.8,118.0,120.8,257804
2015-12-27,123.0,127.4,122.8,127.0,837998
2015-12-28,127.9,128.0,124.5,125.1,428973
2015-12-29,125.1,126.2,122.1,123.0,452622
2015-12-30,124.9,124.9,122.2,122.6,259761
2015-12-31,123.2,124.0,121.2,122.2,412212
2016-01-03,124.5,126.0,123.5,123.6,275941
2016-01-04,123.8,123.8,120.5,121.0,328566
2016-01-05,121.3,122.6,119.2,119.9,518031
2016-01-06,120.5,123.4,119.7,121.2,451545
2016-01-07,122.4,122.6,120.0,120.3,338500
2016-01-10,122.4,122.4,117.0,117.4,348785
2016-01-11,116.3,118.6,115.0,115.3,304342
2016-01-12,116.1,117.2,113.6,114.1,183022
2016-01-13,113.6,116.4,111.5,112.5,270857
2016-01-14,112.5,116.0,112.5,114.2,301313
2016-01-17,114.5,114.9,112.5,112.7,121711
2016-01-18,112.9,114.7,112.5,113.1,166771
2016-01-19,113.3,118.4,113.0,117.1,382499
2016-01-20,118.0,119.6,115.2,115.6,294479
2016-01-21,116.8,116.8,113.3,114.3,108860
2016-01-24,113.2,115.8,113.2,115.1,107708
2016-01-25,115.2,117.3,114.5,114.7,188291
2016-01-26,116.0,117.8,114.3,115.1,146565
2016-01-27,116.0,116.0,112.5,112.9,146773
2016-01-28,114.0,114.0,111.6,112.0,136988
2016-01-31,111.0,113.0,108.9,109.3,147966
2016-02-01,110.1,112.2,109.5,110.5,84082
2016-02-02,111.5,112.1,110.3,111.3,145984
2016-02-03,112.0,113.7,108.5,109.1,204654
2016-02-04,109.9,110.6,107.8,108.3,85834
2016-02-07,108.8,110.7,108.5,110.2,59116
2016-02-08,110.5,110.7,108.6,108.7,94837
2016-02-09,109.0,109.4,108.0,108.9,70628
2016-02-10,109.8,112.0,109.0,110.6,110530
2016-02-11,111.9,113.1,110.5,111.6,245315
2016-02-14,112.7,112.7,109.0,109.2,139539
2016-02-15,109.1,110.6,107.1,107.6,194202
2016-02-16,108.9,110.7,107.5,108.0,169323
2016-02-17,109.0,110.3,108.0,108.7,210403
2016-02-18,109.4,109.8,107.5,108.5,146495
2016-02-22,108.5,109.6,106.0,106.7,164639
2016-02-23,107.0,108.0,103.6,104.7,180805
2016-02-24,105.9,106.5,101.1,102.2,191745
2016-02-25,102.6,107.4,102.0,106.5,224170
2016-02-28,106.5,107.6,105.0,105.7,88907
2016-02-29,105.2,105.9,103.0,103.9,148529
2016-03-01,105.0,113.0,105.0,110.6,599965
2016-03-02,110.8,112.4,108.1,110.2,214868
2016-03-03,109.2,109.2,105.1,105.9,135827
2016-03-06,106.0,106.7,104.3,104.8,73006
2016-03-07,104.5,107.0,104.5,106.3,60911
2016-03-08,106.8,109.2,106.3,108.9,162157
2016-03-09,109.5,110.9,107.7,107.9,157906
2016-03-10,108.3,108.3,106.8,107.3,89412
2016-03-13,107.1,114.9,107.1,113.2,575503
2016-03-14,114.2,115.0,111.0,112.1,168056
2016-03-15,113.5,116.0,111.5,114.9,458583
2016-03-16,115.0,116.6,114.7,115.3,297292
2016-03-20,114.1,115.5,113.2,115.2,243257
2016-03-21,116.0,116.0,113.6,114.4,222944
2016-03-22,113.0,115.4,113.0,114.4,190491
2016-03-23,116.0,116.0,112.0,112.8,637088
2016-03-24,113.0,115.4,112.7,115.0,205853
2016-03-27,114.2,114.5,113.5,114.1,88933
2016-03-28,112.6,114.0,111.6,111.9,79506
2016-03-29,113.8,113.8,109.0,109.8,75758
2016-03-30,110.0,112.5,109.1,112.0,158708
2016-03-31,111.2,113.0,110.0,111.8,219508
2016-04-03,111.3,112.2,110.5,111.8,169725
2016-04-04,111.8,111.9,110.6,111.0,127576
2016-04-05,110.5,112.0,110.4,111.1,117573
2016-04-06,110.5,111.2,108.6,109.6,77721
2016-04-07,110.4,111.9,110.0,111.0,314298
2016-04-10,111.9,114.1,111.0,111.3,92663
2016-04-11,111.0,111.6,109.5,109.9,50157
2016-04-12,110.2,112.5,109.2,109.6,94016
2016-04-13,111.6,111.6,107.5,108.2,51996
2016-04-17,108.2,109.0,106.8,107.2,59781
2016-04-18,107.2,107.9,106.5,107.3,85052
2016-04-19,107.6,108.6,106.2,107.0,78410
2016-04-20,107.0,107.5,105.8,107.1,143075
2016-04-21,107.5,107.5,106.4,107.0,122052
2016-04-24,106.3,107.4,106.0,107.0,90382
2016-04-25,106.5,106.8,102.5,103.1,92150
2016-04-26,104.0,104.6,102.0,102.8,61101
2016-04-27,102.3,102.3,97.0,97.9,116495
2016-04-28,98.7,98.7,89.7,91.1,290901
2016-05-02,92.0,95.9,90.5,94.6,73035
2016-05-03,96.4,98.4,96.0,97.6,112831
2016-05-04,97.6,98.3,95.1,95.6,108675
2016-05-05,95.5,98.2,95.1,97.2,40467
2016-05-08,97.5,99.6,96.6,98.9,75234
2016-05-09,99.8,104.0,98.9,103.4,140006
2016-05-10,105.0,107.5,102.3,102.9,131979
2016-05-11,103.9,103.9,99.5,100.2,55624
2016-05-12,100.8,102.1,99.9,101.3,74946
2016-05-15,100.6,101.0,99.9,100.1,86749
2016-05-16,101.0,101.0,99.6,100.5,93212
2016-05-17,100.3,101.0,99.8,100.0,89096
2016-05-18,100.5,104.0,100.0,103.5,188907
2016-05-19,102.5,103.9,102.5,103.4,237449
2016-05-22,97.0,99.5,94.2,98.9,276118
2016-05-24,98.5,99.0,96.0,96.9,103425
2016-05-25,95.8,96.5,95.2,95.4,78276
2016-05-26,96.0,96.0,95.0,95.8,51420
2016-05-29,95.4,95.7,95.2,95.4,88467
2016-05-30,95.5,96.5,94.9,96.4,110092
2016-05-31,96.0,97.5,95.9,97.0,157185
2016-06-01,97.0,97.9,96.9,97.2,58417
2016-06-02,97.3,97.5,96.5,96.8,164563
2016-06-05,96.3,97.0,96.2,96.9,51746
2016-06-06,96.3,97.3,96.3,96.6,54563
2016-06-07,96.1,96.5,95.5,95.7,69747
2016-06-08,95.0,96.3,95.0,95.7,72227
2016-06-09,95.6,95.6,93.7,94.0,105707
2016-06-13,91.3,93.8,91.0,93.4,117568
2016-06-14,92.7,94.4,92.7,94.0,48336
2016-06-15,92.1,94.3,92.0,93.9,42215
2016-06-16,92.9,94.4,92.5,93.8,94078
2016-06-19,92.6,94.2,92.5,93.9,61620
2016-06-20,93.9,94.9,93.1,94.2,92791
2016-06-21,93.3,94.4,93.0,94.0,40605
2016-06-22,94.0,94.5,93.3,94.3,69009
2016-06-23,94.0,94.6,93.7,94.4,50880
2016-06-26,94.0,94.6,93.5,94.4,46094
2016-06-27,94.6,96.9,94.2,96.1,61416
2016-06-28,96.7,96.9,95.9,96.2,43342
2016-06-29,96.3,96.3,94.9,95.9,76104
2016-06-30,95.1,96.3,95.0,95.7,61749
2016-07-10,93.6,94.9,93.4,94.2,36499
2016-07-11,94.5,95.3,94.5,95.1,12857
2016-07-12,94.4,95.9,94.4,95.7,26857
2016-07-13,96.5,98.4,96.5,97.8,57975
2016-07-14,96.1,101.4,95.9,99.7,171473
2016-07-16,99.6,102.0,99.5,101.4,97635
2016-07-17,101.0,103.1,100.0,100.6,106780
2016-07-18,101.9,102.0,97.2,97.6,118153
2016-07-19,97.6,98.5,96.1,97.0,173518
2016-07-20,96.7,97.0,95.7,96.3,41451
2016-07-21,98.5,98.5,96.6,97.4,20269
2016-07-24,97.1,97.4,95.5,95.8,80967
2016-07-25,96.6,96.6,95.2,95.5,27702
2016-07-26,97.6,97.6,95.1,95.5,80947
2016-07-27,96.9,97.5,95.9,96.0,74050
2016-07-28,96.0,96.5,94.6,94.9,88930
2016-07-31,94.6,96.0,93.8,94.1,43645
2016-08-01,94.1,94.7,93.0,93.6,73856
2016-08-02,94.0,95.5,94.0,94.6,30684
2016-08-03,94.2,95.4,94.0,94.8,37438
2016-08-04,94.5,96.4,94.5,95.7,53836
2016-08-07,95.2,95.5,94.5,94.6,58096
2016-08-08,94.5,94.9,93.0,93.6,133052
2016-08-09,93.8,94.6,93.1,94.1,65389
2016-08-10,94.1,94.1,93.3,93.5,45594
2016-08-11,93.7,94.0,93.5,93.5,66042
2016-08-14,93.3,93.6,93.2,93.3,43631
2016-08-16,94.0,94.0,93.5,93.9,38140
2016-08-17,93.7,93.9,93.3,93.4,63538
2016-08-18,93.3,95.7,93.3,95.5,116902
2016-08-21,95.9,97.5,95.1,97.0,158074
2016-08-22,97.5,105.4,96.4,104.9,889022
2016-08-23,105.4,109.1,103.7,105.0,430891
2016-08-24,105.9,108.9,102.5,106.2,983390
2016-08-28,106.5,108.0,101.6,102.2,400357
2016-08-29,103.5,104.0,100.0,100.7,154171
2016-08-30,100.4,102.0,97.4,98.5,121730
2016-08-31,98.0,99.1,96.4,98.6,91733
2016-09-01,99.8,101.5,99.5,100.6,87683
2016-09-04,99.5,101.4,97.6,97.8,85509
2016-09-05,99.7,99.7,97.2,97.8,90502
2016-09-06,98.8,98.8,97.1,98.0,60747
2016-09-07,98.1,99.9,98.1,99.1,64028
2016-09-08,99.7,99.7,97.8,98.2,44821
2016-09-18,98.0,101.0,98.0,100.1,48230
2016-09-19,100.9,102.9,100.2,101.6,320203
2016-09-20,101.0,102.7,99.8,100.1,114213
2016-09-21,100.1,101.0,99.5,100.0,98356
2016-09-22,100.0,100.0,98.6,99.0,84630
2016-09-24,99.6,100.7,99.5,99.8,101462
2016-09-25,100.0,100.4,97.3,98.4,117007
2016-09-26,98.5,99.1,97.3,97.7,145300
2016-09-27,97.9,98.8,97.0,97.3,110190
2016-09-28,98.0,98.4,96.9,97.2,133150
2016-09-29,97.5,97.9,96.8,97.0,181242
2016-10-02,96.9,98.2,96.6,97.6,38669
2016-10-03,98.0,101.3,97.9,99.0,298967
2016-10-04,99.8,99.8,98.0,98.7,94648
2016-10-05,99.2,99.5,97.9,98.2,111656
2016-10-06,98.5,101.4,98.5,99.9,253965
2016-10-09,99.9,100.7,98.3,98.5,100220
2016-10-10,98.5,99.0,97.4,97.6,104877
2016-10-13,98.7,98.7,97.4,97.5,83922
2016-10-16,97.3,97.9,96.9,97.4,90119
2016-10-17,97.1,97.9,96.8,96.9,95365
2016-10-18,97.1,97.5,96.5,96.7,84554
2016-10-19,97.0,97.5,96.3,96.7,53121
2016-10-20,96.5,96.6,95.2,95.4,101598
2016-10-23,95.9,96.9,95.0,96.2,113370
2016-10-24,97.0,97.0,95.0,96.0,126787
2016-10-25,96.7,96.7,94.7,95.1,110777
2016-10-26,95.0,96.5,95.0,96.0,98029
2016-10-27,95.6,95.6,93.5,93.6,196318
2016-10-30,93.1,93.5,91.6,92.0,169375
2016-10-31,93.0,93.3,92.1,92.3,106228
2016-11-01,92.5,93.3,91.8,92.1,148132
2016-11-02,92.4,95.2,92.1,94.4,159014
2016-11-03,95.0,95.0,93.4,94.1,90702
2016-11-06,93.5,94.0,93.2,93.6,65033
2016-11-07,93.6,93.9,92.5,92.9,225396
2016-11-08,92.5,93.5,92.1,93.2,98007
2016-11-09,93.5,93.5,92.6,92.8,79441
2016-11-10,92.5,93.3,92.5,93.0,80645
2016-11-13,92.7,95.7,92.7,94.9,185067
2016-11-14,95.8,97.5,95.6,96.1,352448
2016-11-15,97.0,97.0,95.2,96.1,137831
2016-11-16,96.9,101.6,96.7,100.5,638839
2016-11-17,102.0,103.5,99.3,99.8,345302
2016-11-20,100.0,101.0,98.0,98.6,202350
2016-11-21,98.2,98.8,96.7,97.0,278307
2016-11-22,97.8,98.3,97.0,97.1,230625
2016-11-23,98.0,98.6,97.0,97.2,141750
2016-11-24,97.3,99.9,97.1,99.4,235721
2016-11-27,100.0,100.2,97.9,98.4,154008
2016-11-28,99.3,99.7,98.5,98.9,173470
2016-11-29,99.8,101.8,99.4,100.4,391397
2016-11-30,101.0,101.8,99.2,99.7,193766
2016-12-01,100.0,100.9,98.3,98.5,169228
2016-12-04,99.0,99.5,98.2,98.9,168830
2016-12-05,99.0,100.1,98.0,98.4,224742
2016-12-06,99.0,99.0,98.0,98.4,141622
2016-12-07,98.9,98.9,98.3,98.6,192511
2016-12-08,98.7,101.4,98.7,99.8,251310
2016-12-11,100.7,101.0,98.5,99.2,115729
2016-12-12,98.8,98.9,97.1,97.7,116669
2016-12-14,97.7,99.0,97.6,98.0,219391
2016-12-15,99.0,99.0,97.5,97.9,180161
2016-12-18,98.1,99.0,97.5,98.3,142775
2016-12-19,98.3,99.9,98.0,99.2,300371
2016-12-20,99.7,101.0,99.2,100.1,242299
2016-12-21,99.9,101.0,99.1,99.6,89450
2016-12-22,99.5,100.4,98.9,99.4,132411
2016-12-26,99.1,103.4,99.1,102.9,294982
2016-12-27,102.4,104.4,100.9,101.4,234532
2016-12-28,101.5,101.9,100.0,101.0,133027
2016-12-29,101.2,102.0,100.0,100.6,149919
2017-01-01,102.0,103.0,101.1,101.9,116021
2017-01-02,102.8,109.0,102.5,107.0,529568
2017-01-03,109.0,109.0,104.4,106.8,252491
2017-01-04,106.9,106.9,103.4,104.0,155276
2017-01-05,104.1,107.8,103.7,105.9,195278
2017-01-08,106.5,107.5,104.0,104.5,158434
2017-01-09,106.8,106.8,104.2,105.2,153898
2017-01-10,106.0,108.0,105.0,107.0,327252
2017-01-11,108.7,114.0,106.5,112.0,959652
2017-01-12,113.0,117.5,112.3,116.4,1002776
2017-01-15,116.8,122.8,116.8,122.3,1259706
2017-01-16,122.3,122.3,118.2,119.3,654948
2017-01-17,120.0,120.5,116.8,117.8,729858
2017-01-18,118.8,127.5,118.0,122.8,1504222
2017-01-19,119.0,124.9,115.0,122.3,464033
2017-01-22,123.0,126.0,121.7,122.6,635276
2017-01-23,124.0,124.6,118.0,119.9,569729
2017-01-24,120.9,122.0,115.1,116.3,319118
2017-01-25,116.5,124.0,116.5,119.5,538410
2017-01-26,120.5,121.0,117.0,118.0,277296
2017-01-29,118.5,119.5,115.0,115.4,182879
2017-01-30,115.6,116.1,110.4,111.2,242249
2017-01-31,111.6,112.6,109.2,109.7,316536
2017-02-01,111.5,112.7,111.0,111.2,171628
2017-02-02,111.0,111.0,106.7,107.1,184648
2017-02-05,107.0,112.9,104.2,111.5,384602
2017-02-06,110.9,111.0,108.5,108.9,125972
2017-02-07,109.0,109.5,107.3,108.1,106715
2017-02-08,109.0,111.6,109.0,111.2,252274
2017-02-09,111.8,112.0,110.5,111.5,170386
2017-02-12,111.6,112.9,110.4,111.0,191567
2017-02-13,111.1,111.5,109.1,110.0,192426
2017-02-14,109.9,111.1,109.7,110.0,199122
2017-02-15,112.0,112.0,110.2,111.5,193291
2017-02-16,111.7,111.7,109.6,110.2,103987
2017-02-19,111.7,111.7,109.6,109.9,223848
2017-02-20,110.5,111.0,107.2,108.2,325233
2017-02-22,109.0,109.8,107.0,107.9,482689
2017-02-23,109.7,109.7,107.9,108.8,216621
2017-02-26,109.1,111.5,108.5,110.7,357218
2017-02-27,110.6,111.5,110.0,110.6,227349
2017-02-28,110.8,111.2,109.5,109.6,144365
2017-03-01,109.9,110.2,108.1,108.3,135325
2017-03-02,109.5,109.5,107.8,108.0,91193
2017-03-05,108.0,108.9,107.6,107.9,118948
2017-03-06,110.4,110.4,107.3,107.8,142335
2017-03-07,107.7,108.9,107.3,107.5,137133
2017-03-08,108.0,109.5,107.8,109.1,288806
2017-03-09,108.8,110.6,108.8,109.6,224912
2017-03-12,110.5,110.5,108.1,108.5,163314
2017-03-13,108.5,109.7,107.5,108.0,106565
2017-03-14,108.0,108.5,107.0,107.5,122087
2017-03-15,107.3,108.1,107.3,107.5,79980
2017-03-16,108.3,108.3,107.3,107.6,197141
2017-03-19,108.0,108.9,107.0,107.4,131424
2017-03-20,108.9,108.9,106.2,106.5,144912
2017-03-21,106.1,108.0,105.5,106.2,204796
2017-03-22,106.0,108.5,106.0,108.1,214877
2017-03-23,109.0,115.1,108.4,114.8,916641
2017-03-27,115.0,119.3,115.0,117.2,1274302
2017-03-28,117.0,117.2,113.5,116.6,541222
2017-03-29,117.0,119.8,114.0,114.4,499826
2017-03-30,114.7,116.0,113.3,113.9,251726
2017-04-02,113.8,115.0,113.5,114.3,262330
2017-04-03,115.1,116.6,113.8,114.1,298472
2017-04-04,113.8,115.6,112.0,112.7,305794
2017-04-05,112.7,113.1,108.8,109.3,333739
2017-04-06,109.4,111.9,109.1,109.8,164846
2017-04-09,111.5,112.9,109.1,109.7,175875
2017-04-10,110.8,110.8,109.5,109.9,91534
2017-04-11,110.5,110.5,108.5,109.1,130308
2017-04-12,109.0,109.6,107.2,107.7,90895
2017-04-13,107.8,109.5,107.8,108.1,68520
2017-04-16,107.7,108.8,107.0,107.3,46135
2017-04-17,108.0,108.0,107.3,107.6,62663
2017-04-18,107.6,107.9,106.0,106.4,76330
2017-04-19,106.7,108.4,106.6,106.8,66412
2017-04-20,108.8,108.8,106.4,106.6,47935
2017-04-23,106.4,107.0,104.0,105.0,40603
2017-04-24,105.0,105.5,102.3,105.1,98775
2017-04-25,105.3,107.5,105.1,106.4,50750
2017-04-26,106.1,108.5,105.2,107.2,83822
2017-04-27,108.9,108.9,105.2,106.0,111973
2017-04-30,105.0,106.0,103.9,104.6,19015
2017-05-02,106.4,106.7,102.5,103.7,96104
2017-05-03,104.8,104.8,102.7,103.1,97116
2017-05-04,101.8,103.8,98.7,99.4,195622
2017-05-07,100.0,100.0,97.0,99.0,153023
2017-05-08,99.0,102.0,98.5,101.0,89526
2017-05-09,102.0,102.7,99.6,100.0,87123
2017-05-11,99.5,101.2,99.5,100.1,49266
2017-05-14,99.2,100.8,98.8,99.3,47220
2017-05-15,99.0,99.1,97.1,97.4,107055
2017-05-16,97.1,99.4,97.1,97.4,60425
2017-05-17,98.9,98.9,97.9,98.0,30257
2017-05-18,98.1,98.1,97.2,97.4,68270
2017-05-21,97.3,97.3,96.1,96.4,29567
2017-05-22,97.3,97.3,94.5,95.4,82682
2017-05-23,96.9,96.9,94.9,95.1,96295
2017-05-24,95.1,95.5,94.0,94.9,89930
2017-05-28,94.8,94.8,92.8,93.0,65689
2017-05-29,93.1,93.2,92.0,92.6,48166
2017-05-30,92.9,93.7,92.3,93.2,47959
2017-05-31,93.6,95.2,93.0,94.5,51951
2017-06-01,94.5,95.0,93.5,94.3,38511
2017-06-04,94.9,95.4,94.1,94.8,34072
2017-06-05,94.3,97.0,94.1,96.7,77035
2017-06-06,96.1,97.4,96.0,96.9,28812
2017-06-07,96.8,97.4,96.3,96.8,29916
2017-06-08,95.9,96.0,94.8,94.9,61270
2017-06-11,94.8,94.9,94.1,94.2,31908
2017-06-12,94.3,95.0,93.8,93.9,64465
2017-06-13,95.0,96.7,93.9,95.8,226073
2017-06-14,95.5,97.0,95.5,95.7,36965
2017-06-15,96.2,96.2,95.0,95.2,18816
2017-06-18,95.8,96.2,95.1,96.0,50245
2017-06-19,96.0,96.7,95.9,96.5,44516
2017-06-20,96.3,96.7,95.8,96.1,42631
2017-06-21,96.2,97.3,95.5,96.5,32061
2017-06-22,97.0,99.8,97.0,97.4,69973
2017-06-28,98.6,99.8,97.5,99.0,38405
2017-06-29,99.5,100.5,98.5,99.0,97152
2017-07-02,98.5,102.3,98.5,101.9,223927
2017-07-03,101.7,102.3,101.3,101.8,85692
2017-07-04,102.5,102.9,99.3,99.9,165021
2017-07-05,100.1,100.7,99.0,99.3,96788
2017-07-06,99.5,100.4,99.3,99.4,72223
2017-07-09,100.0,101.0,99.5,100.3,43067
2017-07-10,100.3,101.7,99.9,101.4,187545
2017-07-11,101.7,102.9,101.2,101.7,122709
2017-07-12,102.0,102.1,99.9,100.2,85678
2017-07-13,100.2,101.0,99.6,100.4,55659
2017-07-16,100.4,101.7,100.0,100.3,66561
2017-07-17,100.3,102.0,99.8,101.4,113630
2017-07-18,100.9,102.3,99.8,101.1,308986
2017-07-19,102.0,102.0,99.8,100.1,120174
2017-07-20,101.0,101.1,99.0,99.3,123259
2017-07-23,100.7,100.9,98.5,98.9,57321
2017-07-24,98.9,99.2,98.6,98.9,27882
2017-07-25,99.2,99.7,98.5,98.8,41556
2017-07-26,100.2,100.3,98.8,99.6,27748
2017-07-27,100.0,100.4,99.5,100.0,50272
2017-07-30,100.0,100.8,98.7,99.0,42805
2017-07-31,99.4,99.8,98.4,98.8,57942
2017-08-01,99.0,99.1,98.1,98.4,66122
2017-08-02,98.1,99.0,97.1,97.4,132013
2017-08-03,98.8,99.3,96.9,98.4,77661
2017-08-06,99.0,99.0,97.0,97.4,95554
2017-08-07,97.5,98.0,97.0,97.2,67053
2017-08-08,97.9,98.5,96.1,96.7,77390
2017-08-09,96.6,97.6,95.9,96.5,86781
2017-08-10,97.5,97.5,96.1,96.3,40084
2017-08-13,96.3,96.9,95.7,96.7,52836
2017-08-16,98.0,98.0,96.0,96.2,46017
2017-08-17,97.2,97.2,95.6,96.1,30434
2017-08-20,96.0,97.0,95.8,96.9,48767
2017-08-21,97.3,98.0,97.2,97.5,75265
2017-08-22,97.2,97.7,96.6,96.9,106324
2017-08-23,96.7,97.8,96.7,97.0,38256
2017-08-24,98.0,98.3,97.0,98.1,55074
2017-08-27,97.5,102.4,97.5,101.7,270746
2017-08-28,101.7,104.9,101.1,102.5,176484
2017-08-29,102.5,102.7,101.1,101.3,113419
2017-08-30,101.4,101.4,99.8,100.2,77326
2017-08-31,100.3,103.7,100.3,102.0,195493
2017-09-04,100.0,102.8,98.7,101.2,18206
2017-09-05,100.5,102.7,100.5,101.2,64017
2017-09-06,99.0,104.5,99.0,104.1,300577
2017-09-07,104.1,107.7,103.3,107.0,358698
2017-09-10,107.8,110.0,105.0,106.4,344086
2017-09-11,105.5,107.2,104.2,104.4,105969
2017-09-12,105.0,105.7,103.5,103.7,135530
2017-09-13,104.3,105.9,102.9,103.5,152313
2017-09-14,103.6,107.5,103.6,106.0,163176
2017-09-17,106.0,107.0,104.9,105.6,93063
2017-09-18,105.8,108.4,105.2,107.5,230306
2017-09-19,108.0,108.5,105.1,106.1,123275
2017-09-20,105.8,107.0,105.6,106.3,437709
2017-09-21,106.9,110.6,106.5,109.5,696651
2017-09-24,109.0,112.0,108.0,108.5,410391
2017-09-25,109.9,110.1,107.1,109.6,166279
2017-09-26,109.9,110.7,108.0,109.3,223889
2017-09-27,109.3,110.9,108.2,108.8,310648
2017-09-28,108.3,110.0,108.0,108.9,296714
2017-10-02,108.9,110.3,108.5,108.8,394380
2017-10-03,109.0,111.8,108.6,109.3,309068
2017-10-04,110.5,111.9,109.1,110.9,391184
2017-10-05,111.0,115.6,111.0,115.1,793906
2017-10-08,115.3,116.4,112.5,113.5,549522
2017-10-09,114.1,114.5,111.2,113.2,532317
2017-10-10,111.2,114.1,111.0,113.8,394892
2017-10-11,113.4,114.0,109.5,110.3,694234
2017-10-12,111.9,113.6,108.2,111.7,543553
2017-10-15,109.0,113.6,108.8,110.0,339918
2017-10-16,109.5,113.0,109.5,110.1,330534
2017-10-17,109.7,110.5,109.7,109.8,94136
2017-10-18,112.0,112.0,108.7,109.3,84002
2017-10-19,109.2,110.0,109.2,109.5,135601
2017-10-22,109.5,112.0,109.1,111.3,291788
2017-10-23,112.0,113.6,110.4,111.1,377280
2017-10-24,111.5,112.6,110.4,110.7,358130
2017-10-25,109.2,112.3,109.0,112.0,245940
2017-10-26,111.9,112.0,108.7,109.6,166045
2017-10-29,109.0,111.9,109.0,109.2,114726
2017-10-30,109.8,109.9,107.5,108.1,58047
2017-10-31,108.6,108.6,106.0,106.4,50685
2017-11-01,107.9,108.1,106.8,107.3,40983
2017-11-02,108.7,108.7,107.0,107.1,88003
2017-11-05,107.0,110.0,107.0,109.0,71988
2017-11-06,107.3,108.7,107.3,108.3,49316
2017-11-07,109.9,109.9,107.8,108.0,38590
2017-11-08,107.7,109.0,107.6,108.6,40956
2017-11-09,107.6,108.4,107.0,107.3,57801
2017-11-12,107.0,108.7,107.0,107.5,73336
2017-11-13,107.2,108.0,107.0,107.1,56163
2017-11-14,107.9,108.0,106.2,107.0,130300
2017-11-15,106.8,107.0,106.5,106.6,71464
2017-11-16,106.4,108.7,106.4,108.0,39152
2017-11-19,108.7,110.0,107.7,108.6,25318
2017-11-20,108.0,108.5,107.0,107.5,60171
2017-11-21,107.5,108.0,105.6,106.2,34774
2017-11-22,105.6,107.8,105.6,107.1,36066
2017-11-23,107.0,108.1,107.0,107.6,52472
2017-11-26,108.0,109.7,108.0,109.3,98333
2017-11-27,108.6,109.5,107.2,109.0,27601
2017-11-28,109.0,112.0,109.0,111.2,145535
2017-11-29,111.9,114.2,111.9,112.6,260112
2017-11-30,113.4,116.5,113.4,115.8,400303
2017-12-03,116.2,116.5,113.5,116.0,171686
2017-12-04,115.5,117.0,112.0,112.4,128834
2017-12-05,114.0,114.0,111.7,112.6,102662
2017-12-06,113.3,113.3,110.0,110.2,84445
2017-12-07,112.4,112.4,108.6,109.6,91846
2017-12-10,111.7,111.8,108.7,109.2,51076
2017-12-11,110.4,110.4,107.1,107.5,40742
2017-12-12,107.8,110.7,107.8,110.0,201455
2017-12-13,109.2,110.3,108.6,109.4,30600
2017-12-14,110.0,111.5,109.7,110.0,148888
2017-12-17,110.3,110.3,108.3,108.6,43143
2017-12-18,108.2,108.2,106.9,107.2,77320
2017-12-19,106.6,109.5,105.9,109.1,206510
2017-12-20,109.4,112.0,108.1,110.6,178946
2017-12-21,110.8,111.3,108.2,108.7,63880
2017-12-24,108.5,109.5,107.1,107.5,94085
2017-12-26,108.7,109.0,105.1,106.3,75910
2017-12-27,108.0,108.0,106.2,107.3,49434
2017-12-28,107.5,108.5,107.0,107.6,43195
2018-01-01,107.6,107.6,106.0,106.3,37110
2018-01-02,106.3,106.3,106.3,106.3,562
2018-01-03,106.4,109.4,106.0,109.1,129909
2018-01-04,109.5,110.8,108.5,109.8,68293
2018-01-07,107.5,109.0,107.0,107.8,42379
2018-01-08,107.2,108.0,105.9,106.3,45190
2018-01-09,106.8,107.9,106.2,106.6,27360
2018-01-10,106.1,107.3,106.0,107.0,28361
2018-01-11,107.0,107.0,106.0,106.1,10834
2018-01-14,105.8,106.0,104.6,104.9,15769
2018-01-15,103.0,105.9,103.0,104.1,29072
2018-01-16,104.5,106.0,104.5,105.3,11061
2018-01-17,105.5,106.0,103.6,104.3,37965
2018-01-18,104.5,104.5,100.5,101.9,98309
2018-01-21,100.7,104.0,100.5,103.0,30247
2018-01-22,104.0,104.6,102.4,104.4,35255
2018-01-23,104.2,105.3,104.2,104.9,24625
2018-01-24,105.0,105.0,102.9,103.3,42358
2018-01-25,103.0,104.7,102.0,103.5,124088
2018-01-28,103.2,103.7,102.5,103.3,22428
2018-01-29,102.8,103.7,101.4,103.0,32485
2018-01-30,103.8,103.9,102.0,103.3,31910
2018-01-31,102.0,102.5,100.2,100.6,34074
2018-02-01,100.8,101.4,98.3,99.4,20541
2018-02-04,97.5,99.8,96.3,96.6,37712
2018-02-05,96.6,100.0,96.1,99.1,34517
2018-02-06,100.0,100.7,98.4,99.5,27683
2018-02-07,100.0,101.9,98.2,100.7,19018
2018-02-08,100.1,103.0,99.6,101.7,37713
2018-02-11,103.8,103.8,101.1,102.7,44082
2018-02-12,105.0,105.0,103.0,103.4,21687
2018-02-13,103.5,104.1,103.1,103.8,27320
2018-02-14,103.5,104.3,102.8,103.3,14412
2018-02-15,104.5,104.5,102.0,103.0,54596
2018-02-18,101.6,102.2,101.3,101.8,19895
2018-02-19,100.8,101.9,100.8,101.3,12386
2018-02-20,101.1,102.0,101.0,101.6,18514
2018-02-22,100.5,103.0,100.5,101.4,41279
2018-02-25,100.9,102.5,100.2,101.5,23762
2018-02-26,100.8,101.6,100.5,100.8,23151
2018-02-27,100.2,101.2,100.0,100.7,15366
2018-02-28,100.4,101.5,100.3,100.7,20787
2018-03-01,101.0,102.0,100.0,100.6,33105
2018-03-04,100.5,109.8,100.5,105.3,42299
2018-03-05,103.0,104.0,103.0,103.9,11035
2018-03-06,104.0,107.0,103.9,105.6,70290
2018-03-07,106.8,106.8,104.1,104.3,24497
2018-03-08,103.5,104.0,103.4,103.7,11050
2018-03-11,104.6,107.4,101.7,104.6,17745
2018-03-12,102.4,103.1,102.0,102.7,17100
2018-03-13,102.0,102.1,100.7,100.9,48990
2018-03-14,99.3,105.7,99.3,102.0,14245
2018-03-15,102.1,102.9,101.9,102.3,42140
2018-03-18,102.1,102.1,98.8,99.3,79053
2018-03-19,99.7,100.0,98.8,99.2,46015
2018-03-20,98.3,98.8,97.0,98.1,33540
2018-03-21,98.7,100.0,98.0,99.1,60557
2018-03-22,98.6,99.2,98.1,98.3,12462
2018-03-25,98.3,98.9,98.3,98.8,5831
2018-03-27,98.0,98.0,97.1,97.3,12699
2018-03-28,99.2,101.5,97.5,100.4,89435
2018-03-29,99.1,108.7,99.1,107.5,465361
2018-04-01,108.4,109.3,106.2,107.7,70487
2018-04-02,108.0,108.0,104.9,106.9,55287
2018-04-03,106.6,108.0,105.6,107.5,61660
2018-04-04,107.9,113.2,107.0,112.0,417079
2018-04-05,112.0,115.0,111.6,114.1,215160
2018-04-08,114.1,114.6,110.5,114.2,159342
2018-04-09,114.5,115.5,111.0,111.5,105785
2018-04-10,113.4,113.5,109.3,110.7,48042
2018-04-11,111.1,114.0,108.7,110.8,140504
2018-04-12,112.9,118.0,112.9,116.1,481732
2018-04-15,118.7,120.0,113.2,115.0,312079
2018-04-16,114.0,117.9,113.5,116.9,265760
2018-04-17,119.4,124.8,117.7,120.0,1584414
2018-04-18,120.0,121.8,118.1,118.9,624495
2018-04-19,119.8,120.1,115.9,118.2,429700
2018-04-22,118.3,119.8,114.5,115.0,215499
2018-04-23,116.3,119.0,114.5,118.0,376510
2018-04-24,116.0,119.0,114.0,114.5,183415
2018-04-25,115.9,116.0,112.0,112.6,237038
2018-04-26,112.1,112.1,108.2,108.8,222255
2018-04-30,109.0,110.3,104.8,105.5,140181
2018-05-03,107.0,111.7,107.0,108.7,123250
2018-05-06,108.9,112.8,107.0,112.1,143505
2018-05-07,111.3,112.7,108.0,108.8,119789
2018-05-08,110.9,110.9,106.1,107.7,104202
2018-05-09,107.0,110.8,107.0,107.6,122788
2018-05-10,107.6,108.0,105.6,105.9,88207
2018-05-13,107.0,107.0,102.5,103.0,71939
2018-05-14,104.9,107.6,103.6,104.4,91755
2018-05-15,105.8,105.8,101.5,103.1,57339
2018-05-16,101.5,105.0,101.1,101.6,90112
2018-05-20,100.1,102.0,97.5,100.9,89902
2018-05-21,100.5,103.7,100.5,102.8,52925
2018-05-22,102.0,103.4,99.8,100.4,94508
2018-05-23,99.1,101.7,99.0,99.7,98684
2018-05-24,101.0,105.0,100.9,101.8,137077
2018-05-27,102.2,105.0,101.4,102.0,108832
2018-05-28,101.3,104.0,100.0,102.3,161101
2018-05-29,101.2,103.4,99.9,102.8,181186
2018-05-30,103.9,105.0,100.8,101.0,58098
2018-05-31,100.2,102.7,100.2,100.6,33323
2018-06-03,101.2,101.6,100.0,100.7,94958
2018-06-04,100.5,102.9,100.5,101.9,45002
2018-06-05,101.3,101.4,99.9,100.0,75028
2018-06-07,99.9,100.3,98.0,98.4,171694
2018-06-10,98.4,99.5,98.4,99.1,27310
2018-06-11,99.1,101.0,99.0,99.8,62429
2018-06-12,102.0,104.5,101.0,102.3,114522
2018-06-18,102.6,103.0,99.7,99.8,45212
2018-06-19,100.0,101.4,99.9,100.1,72759
2018-06-20,100.3,104.6,100.3,103.5,111302
2018-06-21,105.5,105.5,100.2,101.7,48789
2018-06-24,100.7,101.5,100.0,100.1,51802
2018-06-25,102.0,103.0,100.1,100.3,81394
2018-06-26,100.0,103.4,100.0,102.9,71859
2018-06-27,103.9,105.5,102.0,102.5,122663
2018-06-28,101.4,103.0,99.9,100.0,105925
2018-07-02,100.0,101.0,99.7,99.8,103298
2018-07-03,99.9,101.5,97.6,99.1,46924
2018-07-04,99.0,101.0,99.0,99.2,45589
2018-07-05,101.4,101.7,98.0,99.1,99058
2018-07-08,101.5,105.0,98.4,98.8,130038
2018-07-09,98.1,100.0,98.1,98.8,40324
2018-07-10,100.0,100.0,98.2,98.6,101882
2018-07-11,99.5,100.8,99.0,99.0,39428
2018-07-12,99.0,100.5,99.0,99.1,34213
2018-07-15,99.1,99.5,97.6,98.2,120379
2018-07-16,100.4,100.7,98.9,99.1,37919
2018-07-17,100.0,100.8,98.0,98.7,216274
2018-07-18,99.0,99.0,97.4,98.6,150069
2018-07-19,97.4,99.8,97.4,99.0,42399
2018-07-22,98.5,99.0,98.2,98.6,73929
2018-07-23,98.5,99.0,95.6,97.6,91739
2018-07-24,99.0,99.0,96.5,98.2,35894
2018-07-25,99.0,99.8,98.0,98.0,39807
2018-07-26,97.7,97.7,96.1,96.6,18658
2018-07-29,98.7,98.7,96.2,96.6,27821
2018-07-30,96.5,100.0,95.2,98.1,45430
2018-07-31,96.7,98.9,96.5,97.7,27908
2018-08-01,97.7,97.9,97.0,97.2,20030
2018-08-02,97.2,98.6,96.9,97.0,50992
2018-08-05,96.7,99.0,96.7,98.2,9411
2018-08-06,97.0,103.9,97.0,99.3,58980
2018-08-07,99.9,100.0,98.7,99.2,4762
2018-08-08,99.9,99.9,97.4,97.7,14751
2018-08-09,98.1,98.1,97.0,97.1,39946
2018-08-12,97.3,97.3,96.9,97.0,53485
2018-08-13,97.1,97.5,97.0,97.2,14359
2018-08-14,98.2,98.9,97.0,97.1,41571
2018-08-16,97.3,98.0,97.1,97.3,14260
2018-08-19,97.5,98.8,97.5,97.6,29702
2018-08-20,98.6,99.0,97.6,98.7,13961
2018-08-26,98.7,99.7,98.0,99.2,14986
2018-08-27,101.3,101.3,97.5,98.8,29181
2018-08-28,99.2,99.2,97.0,97.1,211800
2018-08-29,97.3,98.0,97.2,97.3,9807
2018-08-30,97.6,98.0,97.0,97.2,43133
2018-09-03,97.3,98.0,97.0,97.2,40253
2018-09-04,97.5,97.8,97.0,97.1,68116
2018-09-05,97.5,98.0,97.0,97.1,74692
2018-09-06,97.2,97.5,97.0,97.1,46193
2018-09-09,97.0,97.1,95.0,95.6,78952
2018-09-10,95.0,99.9,95.0,99.1,82192
2018-09-11,99.2,101.5,97.2,99.2,103776
2018-09-12,99.8,102.8,99.5,100.2,163822
2018-09-13,101.2,102.2,99.5,99.6,119479
2018-09-16,100.0,100.6,96.9,97.1,116070
2018-09-17,97.3,98.0,97.1,97.2,26801
2018-09-18,97.2,102.0,97.2,100.9,171590
2018-09-19,101.4,110.9,101.4,110.9,879993
2018-09-20,115.3,115.3,105.9,108.2,361091
2018-09-23,109.0,109.0,101.2,102.1,283242
2018-09-24,101.0,109.0,99.2,105.2,283539
2018-09-25,105.1,109.0,103.0,105.0,217677
2018-09-26,105.0,108.0,104.5,105.7,189533
2018-09-27,105.7,107.0,104.1,104.6,152186
2018-09-30,103.0,105.0,102.3,102.8,83181
2018-10-01,100.7,111.0,100.7,102.7,117162
2018-10-02,102.6,106.0,102.3,103.5,92387
2018-10-03,102.7,104.9,100.2,101.8,63411
2018-10-04,104.7,108.9,103.1,104.0,100090
2018-10-07,104.0,107.8,101.0,102.2,143162
2018-10-08,102.4,107.5,102.4,104.2,55440
2018-10-09,104.0,105.0,102.5,103.1,95906
2018-10-10,105.4,112.0,102.4,110.2,392476
2018-10-11,110.2,115.0,109.0,109.8,202649
2018-10-14,106.0,111.0,106.0,106.7,39504
2018-10-15,107.8,107.8,106.0,106.3,30562
2018-10-16,106.0,109.9,106.0,108.9,81458
2018-10-17,109.0,112.5,108.1,111.2,410027
2018-10-18,110.1,117.5,110.1,115.0,874508
2018-10-21,116.7,116.7,110.5,111.0,172211
2018-10-22,112.5,119.2,112.5,114.1,1410883
2018-10-23,116.5,125.5,114.4,123.1,2204154
2018-10-24,125.0,125.0,116.0,116.9,1011083
2018-10-25,117.0,122.3,115.0,119.3,982392
2018-10-28,119.3,120.7,113.8,115.1,794808
2018-10-29,116.8,116.8,111.3,114.1,281404
2018-10-30,114.1,116.0,110.0,112.4,496124
2018-10-31,113.5,117.8,111.6,116.6,444605
2018-11-01,117.1,117.1,111.8,112.7,421888
2018-11-04,110.1,112.5,107.0,107.5,459162
2018-11-05,109.0,111.0,105.5,106.6,192382
2018-11-06,107.0,116.0,107.0,111.7,669605
2018-11-07,113.9,115.9,112.6,114.8,342163
2018-11-08,115.9,116.9,110.0,111.8,250498
2018-11-11,110.1,113.2,109.5,110.3,123130
2018-11-12,108.3,114.9,108.3,111.8,184734
2018-11-13,113.3,114.3,110.6,112.8,204292
2018-11-14,112.9,114.0,108.8,111.7,361053
2018-11-15,112.4,113.8,110.0,111.7,235238
2018-11-18,110.6,114.9,110.6,113.0,730449
2018-11-19,113.7,115.0,110.7,111.4,157716
2018-11-20,111.2,114.1,111.2,111.6,248744
2018-11-22,112.0,113.5,109.0,109.6,142639
2018-11-25,110.8,111.5,106.1,107.4,102827
2018-11-26,108.0,111.0,107.3,107.6,109431
2018-11-27,109.0,109.8,107.5,107.7,167409
2018-11-28,107.8,113.0,107.8,108.4,200045
2018-11-29,109.8,109.8,106.9,107.2,145778
2018-12-02,107.6,108.9,105.0,106.0,66743
2018-12-03,105.6,108.1,105.4,106.8,123152
2018-12-04,107.8,108.0,105.7,105.9,78847
2018-12-05,107.0,109.1,106.0,106.4,128713
2018-12-06,107.0,107.3,105.4,106.3,267675
2018-12-09,107.2,111.0,107.2,109.7,207601
2018-12-10,109.9,110.8,107.2,107.5,152216
2018-12-11,107.5,108.7,105.4,107.0,156122
2018-12-12,108.4,111.5,108.2,109.9,265375
2018-12-13,110.1,110.8,108.6,109.6,135657
2018-12-17,109.9,109.9,105.7,106.1,88797
2018-12-18,106.1,109.5,106.1,108.3,263829
2018-12-19,108.7,112.0,108.0,110.9,309582
2018-12-20,111.0,112.4,108.4,109.1,101409
2018-12-23,108.8,109.5,106.6,107.1,57771
2018-12-24,106.8,107.5,106.4,107.0,54008
2018-12-26,106.8,108.4,106.7,108.0,65776
2018-12-27,108.5,111.0,107.2,109.8,215366
2019-01-01,108.6,110.1,107.1,107.9,43719
2019-01-02,107.7,108.8,106.7,107.7,151767
2019-01-03,108.6,109.8,107.7,108.2,229089
2019-01-06,109.8,110.8,108.1,109.0,195606
2019-01-07,110.0,110.0,107.8,108.2,114303
2019-01-08,108.5,110.8,107.8,108.5,244219
2019-01-09,109.0,113.9,108.1,112.0,419391
2019-01-10,113.0,116.0,112.1,112.7,281306
2019-01-13,112.7,114.4,110.4,112.0,257067
2019-01-14,112.0,112.9,110.0,110.5,213717
2019-01-15,111.5,116.5,109.4,115.7,629983
2019-01-16,116.9,117.5,114.3,115.0,343230
2019-01-17,113.6,122.0,111.1,115.5,499247
2019-01-20,117.0,121.1,115.2,117.5,250506
2019-01-21,119.6,121.1,115.5,116.2,325540
2019-01-22,116.5,117.5,111.1,112.1,118022
2019-01-23,113.8,114.0,110.4,111.4,125640
2019-01-24,112.7,114.0,111.9,112.4,124701
2019-01-27,113.8,115.0,111.5,112.0,105157
2019-01-28,111.6,113.8,111.1,112.0,186611
2019-01-29,112.1,115.8,111.6,112.2,413631
2019-01-30,113.8,114.9,112.5,113.1,195156
2019-01-31,113.1,113.2,111.5,111.9,64114
2019-02-03,112.0,112.6,111.6,112.0,57935
2019-02-04,111.3,113.8,111.2,111.8,124842
2019-02-05,111.6,112.0,109.0,110.5,54202
2019-02-06,111.0,115.0,110.0,111.8,103098
2019-02-07,112.0,113.0,109.0,110.0,116313
2019-02-10,109.0,112.0,108.0,110.2,61207
2019-02-11,111.8,112.0,110.0,110.1,53029
2019-02-12,109.4,111.8,109.3,110.0,132230
2019-02-13,111.6,112.5,109.5,110.0,53929
2019-02-14,111.8,111.8,109.9,110.4,33228
2019-02-17,111.8,112.0,109.9,110.1,53293
2019-02-18,110.0,110.3,109.8,110.0,67683
2019-02-19,111.0,111.0,109.9,110.1,39305
2019-02-20,109.7,111.5,108.0,110.1,149452
2019-02-24,110.8,111.0,110.0,110.0,21325
2019-02-25,110.0,112.8,110.0,112.1,115517
2019-02-26,112.2,112.3,110.6,111.0,16461
2019-02-27,111.0,111.5,109.7,109.8,82641
2019-03-03,110.0,110.5,109.9,110.0,67352
2019-03-04,109.5,110.9,109.0,109.5,81427
2019-03-05,109.6,110.4,109.6,109.9,76803
2019-03-06,110.8,110.8,109.8,110.0,34579
2019-03-07,109.7,112.0,109.6,110.6,53535
2019-03-10,111.4,111.8,110.0,110.0,19364
2019-03-11,110.0,110.4,109.9,110.0,22586
2019-03-12,110.0,110.0,109.8,109.9,48440
2019-03-13,112.0,112.0,109.2,109.7,58424
2019-03-14,109.9,110.0,109.4,109.8,105874
2019-03-18,109.0,109.0,105.1,106.9,23724
2019-03-19,106.1,106.5,100.0,104.4,45252
2019-03-20,108.0,109.9,102.0,104.3,29766
2019-03-21,104.7,107.0,104.3,105.1,24885
2019-03-24,106.5,108.0,105.0,106.8,38925
2019-03-25,106.5,108.9,106.5,108.3,50256
2019-03-27,108.2,108.5,105.3,106.0,8475
2019-03-28,106.8,106.8,105.5,106.1,7952
2019-03-31,106.9,106.9,105.2,105.3,6060
2019-04-01,105.2,105.3,102.1,103.0,27850
2019-04-02,105.0,105.0,102.5,103.3,11458
2019-04-03,104.0,104.0,101.0,101.0,23059
2019-04-04,101.0,101.0,99.0,100.2,32039
2019-04-07,100.8,101.2,100.1,100.6,8879
2019-04-08,99.2,100.0,98.7,98.9,17431
2019-04-09,98.9,100.0,98.1,98.6,24402
2019-04-10,98.0,99.0,98.0,98.1,12557
2019-04-11,99.1,99.8,97.1,98.9,10183
2019-04-15,99.9,100.0,99.0,99.8,1650
2019-04-16,99.9,100.0,97.9,99.9,19735
2019-04-17,100.0,100.0,97.6,98.1,17093
2019-04-18,97.7,99.0,97.7,98.9,35377
2019-04-21,99.5,99.5,97.1,97.5,35680
2019-04-23,99.1,99.1,96.0,96.5,18564
2019-04-24,97.0,97.0,94.4,95.7,42102
2019-04-25,96.6,96.6,94.0,95.3,42727
2019-04-28,94.5,95.5,93.9,94.5,68538
2019-04-29,95.0,95.0,93.9,94.1,14927
2019-04-30,94.0,94.5,92.0,92.5,41667
2019-05-02,93.7,95.0,93.0,94.5,20636
2019-05-05,94.0,96.0,94.0,95.6,46191
2019-05-06,95.7,96.9,94.6,95.0,36190
2019-05-07,95.0,95.0,94.0,94.3,55647
2019-05-08,94.2,94.5,93.9,94.1,21030
2019-05-09,94.5,95.6,94.5,95.2,7355
2019-05-12,95.0,95.2,94.9,95.1,7825
2019-05-13,94.8,94.8,94.0,94.0,19883
2019-05-14,95.7,95.7,93.5,93.9,11575
2019-05-15,93.8,95.2,93.6,94.5,57417
2019-05-16,95.5,95.5,94.0,95.0,20738
2019-05-19,95.5,97.0,95.1,96.9,18336
2019-05-20,96.0,96.1,94.7,94.9,10805
2019-05-21,95.0,95.0,94.0,94.2,29420
2019-05-22,95.6,95.6,94.2,94.3,37289
2019-05-23,95.7,95.7,94.5,95.2,6881
2019-05-26,94.5,97.5,94.5,96.9,55449
2019-05-27,99.1,99.4,97.8,98.0,78069
2019-05-28,98.0,98.0,96.9,97.1,52256
2019-05-29,96.8,97.9,96.5,96.7,29570
2019-05-30,96.7,99.0,96.6,97.9,26032
2019-06-09,97.6,103.0,97.1,102.7,31652
2019-06-10,103.9,104.5,99.5,100.3,41165
2019-06-11,101.3,101.3,99.6,100.1,40025
2019-06-12,100.1,101.0,99.9,100.1,53240
2019-06-13,100.9,102.5,99.8,102.2,79619
2019-06-16,102.2,102.2,100.0,100.0,51684
2019-06-17,99.0,100.4,98.5,99.9,64053
2019-06-18,100.1,101.0,99.6,99.7,96096
2019-06-19,101.0,107.0,100.0,102.8,172598
2019-06-20,104.0,105.0,102.1,102.5,70848
2019-06-23,102.2,102.9,100.0,100.7,26692
2019-06-24,101.7,101.8,100.0,100.1,49869
2019-06-25,99.8,101.8,99.8,100.0,39390
2019-06-26,100.1,100.9,99.8,100.0,56288
2019-06-27,100.0,100.6,100.0,100.2,14163
2019-06-30,100.0,101.2,99.9,100.0,48076
2019-07-02,100.3,100.7,99.5,99.8,16602
2019-07-03,100.1,100.1,99.0,99.2,35526
2019-07-04,100.0,101.4,99.5,100.7,37998
2019-07-07,101.0,101.9,100.1,100.9,70156
2019-07-08,101.3,101.3,99.2,100.4,87378
2019-07-10,96.1,97.4,96.1,96.8,93865
2019-07-11,96.8,98.0,95.0,95.3,74685
2019-07-14,95.0,95.0,92.5,93.5,31240
2019-07-15,93.5,95.9,92.4,92.5,17445
2019-07-16,92.2,94.0,92.2,93.6,9636
2019-07-17,93.8,95.0,93.7,94.7,7800
2019-07-18,93.5,95.0,93.4,93.6,9133
2019-07-21,93.3,94.5,93.2,93.6,20441
2019-07-22,90.6,92.9,90.5,92.1,56506
2019-07-23,92.1,95.0,92.1,93.5,1260
2019-07-24,94.9,95.2,93.5,94.8,7038
2019-07-25,95.5,96.8,92.6,94.0,23699
2019-07-28,93.1,95.9,93.0,95.3,15730
2019-07-29,93.4,94.8,93.3,93.5,18551
2019-07-30,93.4,93.7,93.4,93.6,8234
2019-07-31,92.5,94.9,92.5,94.0,8787
2019-08-01,93.9,94.2,93.4,93.6,10955
2019-08-04,93.6,94.7,93.6,94.7,6465
2019-08-05,94.0,94.0,93.5,93.7,6316
2019-08-06,94.7,95.0,94.0,94.6,7125
2019-08-07,94.9,95.0,93.0,93.0,34714
2019-08-08,92.7,94.9,92.7,93.4,24230
2019-08-18,93.2,94.2,93.2,94.0,2140
2019-08-19,94.2,95.2,94.2,94.6,9981
2019-08-20,94.6,94.6,93.5,94.1,14110
2019-08-21,94.1,94.4,94.0,94.2,10627
2019-08-22,94.0,94.3,93.9,94.1,14115
2019-08-25,94.5,94.7,92.8,93.4,9613
2019-08-26,93.7,101.9,92.5,96.3,40347
2019-08-27,94.1,97.7,94.1,96.7,17942
2019-08-28,95.0,96.4,94.6,94.7,32191
2019-08-29,95.0,98.0,95.0,96.3,17742
2019-09-01,96.9,96.9,94.6,95.6,5120
2019-09-02,94.6,95.5,94.0,94.3,16107
2019-09-03,94.3,94.3,93.2,93.8,16702
2019-09-04,93.0,94.0,91.9,92.0,41190
2019-09-05,91.7,92.9,90.0,90.2,34265
2019-09-08,92.0,94.0,90.1,90.9,66308
2019-09-09,90.7,92.0,90.7,91.0,7658
2019-09-11,91.1,92.0,90.1,90.5,48536
2019-09-12,90.3,91.0,89.9,90.0,116936
2019-09-15,90.7,91.0,90.7,90.9,2113
2019-09-16,90.6,92.0,90.6,90.9,13685
2019-09-17,90.8,91.1,90.7,90.8,17280
2019-09-18,90.9,95.0,90.8,92.8,11127
2019-09-19,92.8,94.9,91.0,91.0,15328
2019-09-22,91.2,91.5,90.5,90.6,41385
2019-09-23,90.4,92.8,90.3,91.3,31415
2019-09-24,92.9,92.9,90.9,91.3,13903
2019-09-25,92.0,93.0,91.2,91.4,27756
2019-09-26,91.4,92.4,91.0,91.2,12963
2019-09-29,92.0,92.0,91.0,91.0,8616
2019-09-30,91.0,91.6,90.9,91.1,4361
2019-10-01,91.0,91.4,91.0,91.0,10402
2019-10-02,90.6,91.2,90.5,90.9,5250
2019-10-03,91.5,93.0,91.0,92.3,55610
2019-10-06,92.0,92.0,91.0,91.3,7260
2019-10-07,91.2,92.0,91.2,91.5,7610
2019-10-09,91.0,91.5,91.0,91.1,11635
2019-10-10,90.0,91.1,90.0,90.4,42917
2019-10-13,91.9,91.9,90.6,91.1,25591
2019-10-14,90.8,90.9,90.4,90.5,23954
2019-10-15,90.6,92.0,90.6,91.4,2810
2019-10-16,90.5,90.5,90.0,90.1,6796
2019-10-17,91.0,91.0,89.2,89.9,9284
2019-10-20,91.9,91.9,88.5,88.8,8675
2019-10-21,90.6,90.6,88.1,89.1,1620
2019-10-22,88.5,89.1,87.5,88.0,7231
2019-10-23,87.2,89.0,87.2,88.5,5127
2019-10-24,88.0,88.0,87.2,87.6,1190
2019-10-27,87.7,88.9,87.6,88.6,3719
2019-10-28,88.0,88.0,86.5,86.9,5182
2019-10-29,87.4,87.5,86.0,87.0,5329
2019-10-30,87.4,87.4,86.1,86.2,3621
2019-10-31,86.6,86.6,83.2,85.5,10521
2019-11-03,85.0,85.5,83.9,84.3,5801
2019-11-04,83.6,86.5,83.2,86.0,2559
2019-11-05,84.0,86.7,84.0,85.9,4079
2019-11-06,85.0,87.1,84.4,85.9,13377
2019-11-07,86.9,88.9,86.0,87.9,6579
2019-11-11,89.4,89.5,87.5,89.0,11730
2019-11-12,88.6,88.6,88.5,88.6,655
2019-11-13,87.0,87.1,84.0,84.7,9465
2019-11-14,84.7,87.7,84.7,85.0,13
2019-11-17,87.9,88.0,85.1,86.4,6846
2019-11-18,85.8,85.8,85.0,85.5,13967
2019-11-19,85.3,85.5,85.3,85.4,658
2019-11-20,85.3,85.9,85.3,85.6,1920
2019-11-21,86.0,86.9,85.3,86.2,5209
2019-11-24,85.0,86.1,85.0,85.5,2984
2019-11-25,85.5,86.8,85.5,86.0,6613
2019-11-26,86.0,86.7,85.3,86.3,20555
2019-11-27,85.6,86.5,85.1,85.3,7292
2019-11-28,87.0,87.0,85.3,86.0,3082
2019-12-01,85.5,86.9,85.2,85.6,41396
2019-12-02,85.7,86.8,85.6,86.6,35457
2019-12-03,86.0,86.0,84.5,84.6,5600
2019-12-04,85.7,85.9,84.1,84.3,8952
2019-12-05,84.4,84.4,84.1,84.2,1552
2019-12-08,84.3,84.3,83.7,83.9,2320
2019-12-09,84.0,84.1,82.7,83.3,3265
2019-12-10,85.5,85.5,82.7,83.0,1551
2019-12-11,82.8,82.8,81.5,82.0,13301
2019-12-12,84.6,84.6,82.5,83.1,4972
2019-12-15,82.1,83.9,82.1,82.1,2536
2019-12-17,82.2,82.2,80.5,80.8,936
2019-12-18,80.69999695,82.80000305,79.90000153,80.40000153,6900
2019-12-19,82.5,82.5,80.0,81.69999695,35545
2019-12-22,81.0,83.9,81.0,82.8,66561
2019-12-23,82.0,83.0,80.0,80.4,11857
2019-12-24,80.4,81.7,79.2,79.4,18897
2019-12-26,79.0,81.0,78.4,78.7,10467
2019-12-29,78.8,80.0,78.0,78.5,20077
2019-12-30,79.0,79.0,78.2,78.5,25470
2020-01-01,78.8,83.0,78.2,81.7,10129
2020-01-02,81.1,81.1,79.6,79.7,7929
2020-01-05,79.2,79.5,79.1,79.2,10140
2020-01-06,79.2,79.3,78.0,78.1,18968
2020-01-07,79.8,79.8,77.0,77.0,3537
2020-01-08,76.0,77.0,72.3,73.1,23169
2020-01-09,74.0,74.0,71.2,72.7,6448
2020-01-12,71.5,74.7,71.5,72.3,2400
2020-01-13,71.5,73.4,70.0,70.8,6665
2020-01-14,69.7,69.7,67.0,68.0,21891
2020-01-15,71.8,71.8,68.0,68.8,6670
2020-01-16,68.7,69.8,68.1,68.5,3858
2020-01-19,71.0,72.5,69.1,69.2,83847
2020-01-20,72.5,72.5,68.9,69.0,123779
2020-01-21,69.0,70.3,69.0,70.0,58026
2020-01-22,70.0,70.0,69.2,69.4,20361
2020-01-23,70.4,71.9,69.2,69.9,514375
2020-01-26,71.6,76.8,71.4,76.8,524306
2020-01-27,77.8,82.0,77.2,77.9,454587
2020-01-28,77.9,80.4,76.0,78.0,295543
2020-01-29,78.5,78.5,76.1,77.0,161667
2020-01-30,77.7,77.8,73.3,73.8,199357
2020-02-02,73.6,76.0,73.6,74.3,91770
2020-02-03,74.8,75.8,74.3,74.4,105149
2020-02-04,74.4,75.3,73.6,74.0,44106
2020-02-05,73.8,74.3,72.6,72.9,45607
2020-02-06,73.4,73.4,71.0,71.7,129082
2020-02-09,72.2,72.3,70.0,70.1,36895
2020-02-10,70.6,70.6,68.6,69.1,78591
2020-02-11,71.2,73.3,70.0,72.3,621351
2020-02-12,73.0,75.0,72.3,72.8,288775
2020-02-13,73.1,75.0,72.2,74.2,281144
2020-02-16,74.2,78.7,74.2,78.0,391808
2020-02-17,78.1,84.8,76.6,82.4,913816
2020-02-18,82.4,83.9,79.0,79.3,315234
2020-02-19,79.0,81.3,77.6,78.5,336206
2020-02-20,79.0,79.9,76.5,77.3,196951
2020-02-23,78.0,78.0,74.9,75.5,81980
2020-02-24,76.1,76.9,73.9,74.4,73696
2020-02-25,73.6,75.9,72.9,73.2,81083
2020-02-26,74.9,74.9,71.6,72.2,96307
2020-02-27,72.3,73.8,71.1,71.6,53928
2020-03-01,71.9,72.0,69.0,69.6,105131
2020-03-02,70.9,72.8,69.7,72.3,78622
2020-03-03,73.3,73.9,71.5,72.4,51024
2020-03-04,72.5,73.2,70.3,70.5,57718
2020-03-05,70.3,72.0,68.2,68.6,116384
2020-03-08,69.1,69.5,66.2,66.9,58968
2020-03-09,66.2,66.2,60.9,61.3,144957
2020-03-10,63.0,65.0,62.0,64.6,38637
2020-03-11,64.8,66.4,63.1,64.9,52885
2020-03-12,64.2,65.9,61.6,62.2,99284
2020-03-15,63.0,63.0,57.2,57.7,74472
2020-03-16,59.0,59.9,53.0,55.1,66851
2020-03-18,55.5,58.0,49.6,50.3,168517
2020-03-19,57.9,57.9,57.9,57.9,2096
2020-03-22,58.0,58.0,58.0,58.0,38490
2020-03-23,58.0,58.0,58.0,58.0,8602
2020-03-24,58.0,58.0,58.0,58.0,2276
2020-03-25,58.0,58.0,58.0,58.0,4263
2020-05-31,58.0,58.0,58.0,58.0,204
2020-06-01,58.0,58.0,58.0,58.0,17015
2020-06-02,58.0,58.0,58.0,58.0,2778
2020-06-03,58.0,58.0,58.0,58.0,32163
2020-06-04,58.0,58.0,58.0,58.0,305
2020-06-07,58.0,58.1,58.0,58.0,44631
2020-06-08,58.0,58.0,58.0,58.0,60225
2020-06-09,58.0,58.0,58.0,58.0,6140
2020-06-10,58.0,58.0,58.0,58.0,50
2020-06-11,58.0,58.0,58.0,58.0,1158
2020-06-14,58.0,58.0,58.0,58.0,12900
2020-06-15,58.0,58.0,58.0,58.0,5550
2020-06-16,58.0,58.0,58.0,58.0,352
2020-06-17,58.0,58.0,58.0,58.0,5
2020-06-18,58.0,58.0,58.0,58.0,20
2020-06-21,58.0,58.0,58.0,58.0,80
2020-06-22,58.0,58.0,58.0,58.0,80
2020-06-24,58.0,58.0,58.0,58.0,1000
2020-06-29,58.0,58.0,58.0,58.0,10
2020-06-30,58.0,58.0,58.0,58.0,1
2020-07-02,58.0,58.0,58.0,58.0,315
2020-07-06,58.0,58.0,58.0,58.0,9309
2020-07-07,58.0,58.0,58.0,58.0,19471
2020-07-08,58.0,58.9,58.0,58.2,188920
2020-07-09,59.9,60.0,59.0,59.4,17979
2020-07-12,59.2,59.3,58.0,58.0,70794
2020-07-13,58.1,58.3,58.0,58.0,34187
2020-07-14,58.0,58.0,58.0,58.0,5050
2020-07-15,58.0,58.0,58.0,58.0,6445
2020-07-16,58.0,58.0,58.0,58.0,12088
2020-07-19,58.0,58.4,58.0,58.0,37674
2020-07-20,58.0,59.8,58.0,58.4,160699
2020-07-21,59.6,60.3,58.6,59.9,81220
2020-07-22,60.0,60.3,58.3,58.3,79257
2020-07-23,58.5,58.8,58.0,58.0,81857
2020-07-26,59.7,59.7,58.0,58.5,52557
2020-07-27,59.5,61.9,58.5,61.4,126478
2020-07-28,61.4,67.5,61.4,66.4,491755
2020-07-29,67.5,72.3,67.0,71.6,446159
2020-07-30,72.0,72.0,68.4,71.4,257909
2020-08-03,69.8,71.7,66.0,68.1,181931
2020-08-04,66.2,69.2,66.2,67.8,167238
2020-08-05,66.1,71.8,66.0,71.2,280925
2020-08-06,71.9,76.2,71.8,73.2,360576
2020-08-09,73.2,74.1,72.3,73.4,175877
2020-08-10,73.1,73.6,70.0,70.8,237487
2020-08-12,70.8,71.6,69.2,70.0,116062
2020-08-13,70.1,72.5,70.0,71.9,181282
2020-08-16,72.2,74.0,72.2,72.4,198766
2020-08-17,72.5,73.0,69.9,70.1,227316
2020-08-18,70.3,71.3,68.1,68.6,86314
2020-08-19,69.8,70.7,68.0,68.6,89306
2020-08-20,68.6,68.7,68.0,68.1,74431
2020-08-23,68.0,69.1,68.0,68.1,62275
2020-08-24,68.1,68.1,67.1,67.4,61286
2020-08-25,67.8,68.0,67.0,67.4,25306
2020-08-26,68.0,69.0,67.2,67.9,25018
2020-08-27,69.0,69.0,67.4,67.9,39529
2020-08-31,68.9,69.0,66.1,66.6,97281
2020-09-01,66.7,67.8,65.2,65.6,55681
2020-09-02,65.1,66.4,64.5,66.3,84477
2020-09-03,65.0,67.6,65.0,66.0,75334
2020-09-06,67.6,68.0,66.6,67.7,64036
2020-09-07,69.0,69.0,67.0,67.4,37419
2020-09-08,66.4,67.3,66.4,66.5,61691
2020-09-09,67.5,67.5,65.0,65.8,62386
2020-09-10,65.8,67.7,65.7,66.2,39490
2020-09-13,67.5,67.8,66.2,67.0,60951
2020-09-14,67.2,70.5,67.2,69.1,177636
2020-09-15,70.0,70.0,68.5,69.4,62946
2020-09-16,69.9,72.2,69.8,70.5,278443
2020-09-17,70.0,70.5,68.5,68.8,99978
2020-09-20,70.6,71.9,69.7,70.8,151132
2020-09-21,71.5,73.2,71.2,72.6,452807
2020-09-22,72.6,72.7,70.7,72.3,144154
2020-09-23,72.9,79.5,72.9,79.5,660815
2020-09-24,83.0,87.3,82.7,84.0,732199
2020-09-27,84.6,85.0,79.5,81.7,424310
2020-09-28,81.5,81.5,74.0,75.9,271474
2020-09-29,76.9,78.5,75.5,75.9,195004
2020-09-30,77.9,79.7,76.1,76.4,131364
2020-10-01,78.0,79.2,74.5,75.2,173094
2020-10-04,75.5,78.2,75.2,76.6,186731
2020-10-05,77.4,77.8,74.5,74.7,140534
2020-10-06,75.0,76.6,73.9,74.1,155260
2020-10-07,74.6,76.0,73.0,73.6,135500
2020-10-08,73.2,74.3,71.7,72.6,83669
2020-10-11,73.6,76.4,72.1,75.2,112878
2020-10-12,76.0,76.3,68.1,71.7,111119
2020-10-13,71.5,73.8,71.2,72.7,50947
2020-10-14,72.6,73.4,69.4,69.7,46622
2020-10-15,69.2,71.6,69.2,71.3,35298
2020-10-18,72.0,72.5,70.3,71.1,46011
2020-10-19,71.5,71.8,70.0,70.7,49551
2020-10-20,71.8,71.8,70.0,70.1,42664
2020-10-21,71.0,71.1,69.9,70.2,88529
2020-10-22,71.0,77.2,71.0,77.2,243976
2020-10-25,80.1,82.2,76.1,78.8,235495
2020-10-27,77.5,78.8,75.4,76.0,101081
2020-10-28,76.2,77.8,74.0,76.2,136420
2020-10-29,76.2,76.4,71.0,72.1,77293
2020-11-01,72.0,73.7,71.6,72.3,34881
2020-11-02,72.4,73.4,70.4,70.9,29181
2020-11-03,70.6,72.5,70.6,72.1,19533
2020-11-04,72.2,73.2,71.0,71.7,37209
2020-11-05,72.0,73.0,70.3,70.5,57383
2020-11-08,70.8,72.0,70.5,70.5,30769
2020-11-09,70.0,71.5,70.0,70.2,50886
2020-11-10,70.3,72.1,69.6,70.0,39911
2020-11-11,70.2,71.9,69.4,70.2,26583
2020-11-12,70.1,72.7,70.1,72.1,71946
2020-11-15,72.1,72.1,70.7,70.8,22494
2020-11-16,70.8,73.8,70.6,71.2,65073
2020-11-17,71.2,72.4,70.1,70.4,53821
2020-11-18,71.0,71.5,69.6,70.0,58110
2020-11-19,69.5,70.5,69.1,69.2,22776
2020-11-22,69.3,69.7,68.1,68.4,29643
2020-11-23,67.4,68.7,66.1,68.1,68313
2020-11-24,69.0,71.0,68.8,69.1,51833
2020-11-25,69.1,69.7,68.0,68.3,46019
2020-11-26,68.3,70.1,68.3,69.2,88016
2020-11-29,69.8,70.0,67.5,68.3,51184
2020-11-30,68.8,73.0,68.7,72.3,281785
2020-12-01,71.6,74.0,71.6,73.1,91931
2020-12-02,72.8,72.9,70.0,70.6,90155
2020-12-03,71.5,71.5,70.2,70.4,124368
2020-12-06,70.9,71.3,69.0,69.2,98469
2020-12-07,68.8,70.0,68.6,68.8,71357
2020-12-08,69.5,69.7,69.0,69.2,49419
2020-12-09,69.5,71.0,69.4,70.0,38954
2020-12-10,70.1,70.1,69.3,69.7,41184
2020-12-13,70.0,70.9,69.0,69.6,42727
2020-12-14,69.6,70.0,68.7,68.9,69347
2020-12-15,70.0,70.0,67.9,68.2,50621
2020-12-17,68.9,69.0,67.7,67.9,47398
2020-12-20,68.0,68.4,67.4,67.5,51263
2020-12-21,67.9,68.0,67.5,67.6,50860
2020-12-22,67.7,67.8,67.4,67.5,32032
2020-12-23,68.4,68.4,67.6,67.8,17327
2020-12-24,67.8,68.3,67.4,67.5,53245
2020-12-27,67.5,70.0,67.5,68.8,53779
2020-12-28,69.8,71.1,68.5,70.7,47854
2020-12-29,70.0,70.9,68.0,69.0,50066
2020-12-30,68.3,69.0,67.5,68.2,120058
2021-01-03,68.5,72.0,67.5,71.7,100259
2021-01-04,70.5,75.0,70.2,73.9,166274
2021-01-05,72.6,73.7,72.5,72.9,101830
2021-01-06,71.3,72.2,71.2,71.6,44173
2021-01-07,71.6,75.5,71.4,75.1,184844
2021-01-10,75.5,75.5,73.6,74.7,55983
2021-01-11,73.7,75.0,73.7,74.7,48740
2021-01-12,74.7,82.1,74.3,82.0,552548
2021-01-13,83.2,83.5,76.2,80.7,176996
2021-01-14,80.2,86.5,80.2,84.3,234195
2021-01-17,85.0,85.0,80.1,82.1,186995
2021-01-18,83.8,83.8,81.6,82.0,209625
2021-01-19,84.0,90.0,83.1,87.7,356449
2021-01-20,90.0,90.0,84.7,85.0,34854
2021-01-21,84.0,84.0,81.0,81.5,56428
2021-01-24,83.9,84.0,75.7,77.5,35719
2021-01-25,78.0,81.2,75.2,76.2,69700
2021-01-26,76.1,76.1,74.1,74.4,68186
2021-01-27,70.2,74.8,70.2,74.6,5266
2021-01-28,75.2,75.2,73.8,74.5,20595
2021-01-31,75.0,75.5,74.5,74.6,54194
2021-02-01,74.6,74.6,72.7,73.1,21712
2021-02-02,74.2,77.8,73.0,73.1,29214
2021-02-03,71.6,74.5,71.6,72.8,8502
2021-02-04,72.1,73.7,72.1,73.1,7008
2021-02-07,71.4,74.4,71.4,72.5,9356
2021-02-08,73.8,73.8,71.7,71.8,62115
2021-02-09,72.0,74.9,71.0,71.8,148123
2021-02-10,72.8,75.2,72.1,73.9,37908
2021-02-11,71.1,74.9,71.0,72.2,107463
2021-02-14,70.1,74.4,69.0,70.3,25601
2021-02-15,70.8,72.8,69.6,71.3,21623
2021-02-16,69.6,70.9,69.5,70.2,235774
2021-02-17,71.0,72.5,70.1,71.0,156351
2021-02-18,68.5,72.7,68.5,70.8,116994
2021-02-22,69.3,70.8,69.1,69.9,109395
2021-02-23,65.0,70.9,65.0,68.1,6983
2021-02-24,71.3,71.3,68.0,68.6,33980
2021-02-25,70.3,70.3,69.0,69.3,9467
2021-02-28,70.5,70.5,68.6,69.3,31587
2021-03-01,70.3,70.3,68.3,68.5,15583
2021-03-02,69.7,69.7,68.1,68.4,31224
2021-03-03,70.0,70.0,68.5,68.5,22020
2021-03-04,69.9,70.7,67.0,70.0,96355
2021-03-07,71.0,71.0,68.6,70.0,16587
2021-03-08,70.9,71.4,70.0,70.1,186249
2021-03-09,70.1,70.1,70.0,70.0,60905
2021-03-10,68.3,71.3,68.2,69.8,33001
2021-03-11,69.8,71.9,68.5,71.4,90409
2021-03-14,69.3,70.0,67.6,67.9,23125
2021-03-15,67.8,69.0,67.4,68.1,4663
2021-03-16,68.9,69.9,68.5,69.8,14286
2021-03-18,68.5,68.6,67.5,67.9,13760
2021-03-21,67.0,69.7,66.8,67.0,14125
2021-03-22,67.0,68.7,67.0,67.8,12599
2021-03-23,66.3,69.3,66.3,69.2,9122
2021-03-24,68.0,69.0,67.3,67.6,1673
2021-03-25,67.7,68.0,66.0,66.9,12315
2021-03-28,66.5,67.2,66.5,67.0,1181
2021-03-29,67.1,69.0,66.4,67.6,3714
2021-03-31,66.0,67.5,65.0,66.2,2955
2021-04-01,66.9,67.4,65.0,66.7,6721
2021-04-04,66.0,66.0,61.4,62.4,11482
2021-04-05,64.0,64.0,64.0,64.0,1411
2021-04-06,62.4,66.7,62.3,65.6,8751
2021-04-07,67.8,67.8,66.5,67.1,1987
2021-04-08,66.8,66.8,64.5,65.1,563
2021-04-11,65.2,66.9,65.1,65.5,14399
2021-04-12,65.5,65.5,64.5,65.1,55448
2021-04-13,65.1,66.0,64.9,65.3,25219
2021-04-15,66.9,67.0,66.1,66.9,820
2021-04-18,66.9,68.4,66.2,68.0,7576
2021-04-19,69.0,69.8,68.2,69.6,9310
2021-04-20,69.0,71.4,69.0,71.0,115035
2021-04-21,71.5,71.5,69.4,70.8,2157
2021-04-22,70.9,71.0,70.1,70.1,22894
2021-04-25,70.0,72.7,70.0,72.0,45264
2021-04-26,72.0,72.0,70.5,71.2,4180
2021-04-27,70.0,70.0,66.2,68.5,3876
2021-04-28,68.2,71.8,68.1,70.9,8694
2021-04-29,71.8,71.8,69.2,69.5,11632
2021-05-02,72.0,72.0,69.8,70.9,22221
2021-05-03,70.0,72.6,70.0,71.6,19701
2021-05-04,74.7,78.7,74.0,78.7,348693
2021-05-05,79.1,85.0,78.0,79.6,194384
2021-05-06,74.2,78.0,74.2,75.1,68732
2021-05-09,75.5,75.5,71.7,74.2,95287
2021-05-11,76.0,76.9,74.0,76.0,46110
2021-05-12,75.1,76.0,74.0,74.3,110548
2021-05-16,73.0,75.8,72.2,74.2,51439
2021-05-17,74.5,77.4,73.5,75.8,70827
2021-05-18,75.4,78.0,75.4,77.7,137558
2021-05-19,78.0,82.0,77.0,80.7,131005
2021-05-20,80.9,82.0,78.2,79.5,43651
2021-05-23,78.6,79.5,77.5,78.5,116079
2021-05-24,78.0,82.3,78.0,81.6,101437
2021-05-25,83.7,88.5,82.9,87.8,385903
2021-05-27,89.8,96.5,87.5,96.5,749078
2021-05-30,99.0,106.1,99.0,104.3,929339
2021-05-31,105.6,108.0,98.0,104.2,290251
2021-06-01,106.0,107.0,101.5,104.4,356946
2021-06-02,106.0,114.8,105.4,112.9,884634
2021-06-03,115.9,116.0,110.2,114.5,1160677
2021-06-06,115.0,123.9,110.1,111.9,1118330
2021-06-07,112.4,113.4,106.5,107.4,397648
2021-06-08,107.0,113.7,107.0,112.0,434920
2021-06-09,114.0,117.0,108.1,111.5,485005
2021-06-10,113.8,119.5,111.0,112.1,684088
2021-06-13,109.0,109.0,102.1,102.9,418322
2021-06-14,101.0,106.9,98.0,100.3,243011
2021-06-15,103.0,104.8,95.5,96.4,444465
2021-06-16,96.5,106.0,96.1,106.0,410677
2021-06-17,109.9,116.6,109.3,112.1,752821
2021-06-20,110.4,113.3,107.6,108.6,319931
2021-06-21,111.9,116.5,109.0,115.4,676603
2021-06-22,115.4,116.8,110.3,111.8,331812
2021-06-23,112.0,112.0,102.5,103.3,237300
2021-06-24,103.3,109.7,103.0,107.2,60378
2021-06-27,109.4,117.9,104.9,117.4,1204257
2021-06-28,129.1,129.1,129.1,129.1,10580392
2021-06-29,142.0,142.0,136.1,141.9,3002360
2021-06-30,143.9,156.0,138.1,154.3,2405179
2021-07-05,154.0,164.2,150.0,153.3,1602651
2021-07-06,152.3,159.8,149.0,151.2,1773728
2021-07-07,152.0,154.5,142.1,144.0,778612
2021-07-08,142.0,149.0,132.0,145.0,1117014
2021-07-12,146.2,147.7,135.0,138.6,1074462
2021-07-13,140.2,146.4,137.2,143.7,1316023
2021-07-14,145.1,153.8,141.7,146.5,1029108
2021-07-15,146.6,149.0,144.1,146.4,412967
2021-07-18,147.0,147.1,141.0,142.2,479501
2021-07-19,141.5,144.9,140.3,141.3,368634
2021-07-25,142.7,143.4,136.1,139.3,250406
2021-07-26,139.7,140.0,133.0,134.1,568089
2021-07-27,136.0,138.8,135.0,136.2,363245
2021-07-28,138.0,144.8,136.6,143.9,585376
2021-07-29,145.0,146.0,137.7,138.1,555231
2021-08-02,138.8,139.9,135.9,136.5,434782
2021-08-03,137.1,140.7,136.7,138.0,259857
2021-08-05,138.5,147.8,137.2,145.9,1311004
2021-08-09,147.9,147.9,139.2,140.8,638435
2021-08-10,141.2,143.0,136.3,136.9,690084
2021-08-11,139.7,139.9,136.0,137.4,380251
2021-08-12,139.9,142.8,135.8,136.8,406050
2021-08-16,137.6,139.0,135.0,135.9,302066
2021-08-17,135.0,141.8,133.6,137.7,2469288
2021-08-18,139.8,141.8,136.0,139.2,512193
2021-08-19,142.0,144.5,137.6,138.8,1518170
2021-08-22,140.9,141.5,138.4,139.4,642766
2021-08-23,139.6,144.5,139.6,140.9,1328785
2021-08-24,143.0,143.7,138.7,139.7,618984
2021-08-25,139.8,141.4,137.7,139.2,995814
2021-08-26,138.5,140.0,135.0,136.3,513087
2021-08-29,136.4,139.1,134.5,135.2,602176
2021-08-31,136.5,141.5,136.5,139.0,570698
2021-09-01,140.9,142.5,140.0,140.1,822179
2021-09-02,141.9,141.9,138.9,139.5,1294208
2021-09-05,141.1,141.1,136.5,137.3,598077
2021-09-06,139.1,139.7,137.5,137.7,388232
2021-09-07,139.1,139.1,135.1,136.7,476136
2021-09-08,138.0,139.1,135.8,137.5,318628
2021-09-09,138.8,148.0,137.9,145.6,2561669
2021-09-12,148.7,160.1,148.7,157.0,2808439
2021-09-13,155.2,156.9,150.0,151.9,1054767
2021-09-14,153.1,159.0,150.2,156.9,1410127
2021-09-15,160.0,165.8,155.1,162.4,3005870
2021-09-16,165.1,175.0,164.5,169.8,1761582
2021-09-19,170.0,171.5,162.6,163.7,1547278
2021-09-20,164.1,166.0,158.0,158.9,877829
2021-09-21,159.1,162.0,156.8,158.6,804007
2021-09-22,159.7,174.4,158.6,171.0,3474927
2021-09-23,173.0,183.0,170.4,181.5,3602557
2021-09-26,184.8,187.3,178.6,181.8,3282027
2021-09-27,181.2,181.8,173.7,175.8,1674817
2021-09-28,177.9,178.0,173.1,174.2,1683580
2021-09-29,175.3,185.9,175.3,181.0,1980977
2021-09-30,182.0,184.5,175.6,176.4,1117622
2021-10-03,179.9,194.0,175.7,190.4,3055212
2021-10-04,193.0,194.0,184.0,186.8,1610184
2021-10-05,185.2,189.9,183.0,185.1,1463621
2021-10-06,186.0,189.8,176.2,178.5,1057480
2021-10-07,178.7,181.7,172.4,175.0,723438
2021-10-10,177.5,178.1,173.5,176.4,624218
2021-10-11,177.5,187.4,176.4,184.3,1374380
2021-10-12,185.5,192.0,185.0,186.6,3850399
2021-10-13,187.2,196.6,187.2,192.4,3215508
2021-10-14,195.0,204.8,191.1,193.2,2572198
2021-10-17,195.4,205.0,194.7,199.5,3442750
2021-10-18,202.0,204.0,193.0,194.9,4100581
2021-10-19,197.2,214.3,197.2,213.1,4880937
2021-10-21,216.0,218.5,210.7,213.1,2476709
2021-10-24,214.0,225.0,212.1,215.0,3596142
2021-10-25,216.6,229.5,215.1,223.4,7074915
2021-10-26,225.0,234.9,221.1,226.5,3443050
2021-10-27,227.1,228.5,220.1,224.6,3091528
2021-10-28,224.5,226.9,218.5,220.5,2210761
2021-10-31,220.0,220.2,211.2,212.5,1416800
2021-11-01,210.0,217.0,206.9,215.4,2226274
2021-11-02,218.0,219.0,206.1,207.3,1139445
2021-11-03,207.3,210.5,201.0,202.9,1707269
2021-11-04,204.1,206.0,196.3,199.4,1230604
2021-11-07,200.3,210.5,197.0,207.8,1258797
2021-11-08,207.8,211.9,202.7,203.9,1054031
2021-11-09,204.4,210.7,202.8,205.4,1115067
2021-11-10,206.9,209.0,204.6,208.2,1052930
2021-11-11,209.0,214.4,208.3,209.5,1354048
2021-11-14,210.4,214.5,208.5,209.1,975408
2021-11-15,211.4,211.5,203.0,205.6,853243
2021-11-16,207.0,209.0,202.0,203.7,1353108
2021-11-17,205.7,221.5,202.2,221.5,3053289
2021-11-18,224.8,239.0,224.8,232.9,3853886
2021-11-21,231.0,231.8,212.7,216.0,2497681
2021-11-22,216.3,222.0,213.5,215.3,1409715
2021-11-23,215.3,217.2,210.1,211.9,907208
2021-11-24,209.9,215.0,208.0,209.2,2017386
2021-11-25,211.6,211.7,205.7,206.3,414970
2021-11-28,208.0,212.8,204.7,207.8,1045914
2021-11-29,209.7,213.7,205.8,206.7,1145653
2021-11-30,207.8,208.7,197.1,198.9,1029071
2021-12-01,203.1,217.0,201.0,215.1,2205019
2021-12-02,210.0,213.6,204.0,208.4,1561634
2021-12-05,206.0,212.7,200.7,206.5,1458061
2021-12-06,207.8,207.9,203.6,204.8,817834
2021-12-07,206.0,209.5,202.0,203.1,1256929
2021-12-08,205.7,206.7,199.1,200.0,1171474
2021-12-09,202.5,204.5,194.0,196.2,956010
2021-12-12,194.4,194.4,185.0,186.4,1065923
2021-12-13,186.0,193.0,185.0,186.9,563997
2021-12-14,187.1,195.9,182.1,191.3,1410690
2021-12-15,195.0,202.6,194.0,197.8,1049666
2021-12-19,198.5,198.5,192.8,193.4,553489
2021-12-20,193.6,195.0,188.0,189.4,361233
2021-12-21,190.3,192.3,188.3,189.4,210998
2021-12-22,191.9,191.9,187.0,187.9,322653
2021-12-23,186.7,191.0,186.0,187.5,330417
2021-12-26,187.6,190.0,182.3,187.2,447607
2021-12-27,188.2,190.7,184.9,187.5,495899
2021-12-28,189.0,192.8,187.2,189.6,282092
2021-12-29,190.6,195.8,189.0,193.9,483973
2021-12-30,196.0,201.0,192.5,196.5,949432
2022-01-02,197.0,204.4,196.0,201.8,858332
2022-01-03,203.0,205.7,192.3,195.2,1276548
2022-01-04,195.3,202.0,193.6,196.8,915520
2022-01-05,197.3,203.3,194.0,194.8,798701
2022-01-06,200.0,214.2,200.0,212.4,5647308
2022-01-09,216.4,216.4,199.2,201.0,2912539
2022-01-10,201.0,206.0,193.1,196.3,2299361
2022-01-11,196.5,198.7,185.6,187.1,2412901
2022-01-12,189.9,193.6,185.2,186.1,1018000
2022-01-13,190.9,193.0,185.7,186.3,1082622
2022-01-16,187.2,194.6,187.1,188.3,1195579
2022-01-17,190.1,192.0,184.5,185.1,1112088
2022-01-18,186.6,188.7,185.1,185.4,758149
2022-01-19,186.7,190.0,185.6,188.1,645558
2022-01-20,190.8,194.0,187.5,188.7,1126354
2022-01-23,189.9,191.0,183.8,184.7,647191
2022-01-24,185.3,185.3,178.0,179.0,847188
2022-01-25,180.0,181.6,174.0,177.9,796498
2022-01-26,179.7,181.0,175.0,175.5,360071
2022-01-27,178.0,178.0,174.7,175.3,281657
2022-01-30,176.1,176.9,172.2,172.3,477170
2022-01-31,173.0,173.5,170.0,170.8,410279
2022-02-01,171.5,187.4,170.5,184.7,867612
2022-02-02,189.8,189.8,176.5,178.2,588288
2022-02-03,177.8,178.8,174.5,175.0,308922
2022-02-06,174.6,180.8,172.7,173.5,368200
2022-02-07,177.0,178.9,173.0,173.6,654529
2022-02-08,175.5,180.8,173.0,177.1,1836895
2022-02-09,178.9,184.0,177.6,178.6,752796
2022-02-10,178.7,180.0,173.0,174.1,397049
2022-02-13,176.9,176.9,168.2,169.1,979042
2022-02-14,171.0,171.0,166.5,168.0,415781
2022-02-15,170.0,171.0,164.2,165.2,514412
2022-02-16,166.2,169.2,163.5,164.6,389453
2022-02-17,167.5,167.7,163.4,164.1,456183
2022-02-20,164.2,164.9,157.0,158.3,500543
2022-02-22,158.8,164.4,151.5,156.8,722607
2022-02-23,157.5,165.0,155.2,164.0,542781
2022-02-24,163.0,163.0,157.2,158.3,601049
2022-02-27,157.0,157.0,151.5,152.5,281413
2022-02-28,153.4,162.3,153.4,156.2,223525
2022-03-01,156.2,160.8,156.2,157.6,319115
2022-03-02,158.8,159.7,152.7,153.6,279787
2022-03-03,153.7,159.4,152.5,154.5,2005702
2022-03-06,155.2,157.0,149.1,149.8,320101
2022-03-07,151.3,151.3,140.0,141.2,773129
2022-03-08,143.1,145.9,138.4,143.3,418707
2022-03-09,146.9,152.5,143.7,151.6,399284
2022-03-10,152.6,157.2,148.6,149.8,878248
2022-03-13,150.2,153.9,146.9,147.9,775419
2022-03-14,148.7,152.0,147.5,151.0,312452
2022-03-15,151.7,151.7,148.2,148.8,483861
2022-03-16,150.9,151.0,148.5,149.7,242850
2022-03-20,150.7,150.7,146.8,146.9,229072
2022-03-21,147.1,148.1,144.0,144.5,113694
2022-03-22,146.9,147.2,145.1,146.7,198392
2022-03-23,150.2,160.9,150.2,156.3,1221478
2022-03-24,157.0,158.4,154.4,157.1,1028027
2022-03-27,157.1,157.1,154.0,154.0,244514
2022-03-28,152.9,155.9,151.1,151.7,380643
2022-03-29,154.0,156.7,152.7,155.8,298773
2022-03-30,156.0,158.0,153.2,153.8,289458
2022-03-31,155.0,155.7,151.2,152.3,274165
2022-04-03,152.3,155.4,151.1,152.0,736793
2022-04-04,150.6,151.0,149.0,149.6,297546
2022-04-05,147.6,149.4,146.7,147.9,252617
2022-04-06,145.2,151.5,145.0,145.0,209981
2022-04-07,145.0,145.5,142.1,144.2,192189
2022-04-10,146.5,150.0,143.0,149.3,203389
2022-04-11,149.9,153.0,146.5,147.6,281238
2022-04-12,147.7,149.0,144.9,147.8,142177
2022-04-13,146.6,147.4,144.9,145.3,164771
2022-04-17,145.9,145.9,142.4,142.4,162278
2022-04-18,141.0,141.1,139.6,139.6,156706
2022-04-19,138.2,139.4,136.9,138.1,225072
2022-04-20,138.1,141.3,138.1,140.4,477051
2022-04-21,140.0,144.6,140.0,143.7,523801
2022-04-24,144.0,147.0,143.5,144.1,600462
2022-04-25,144.7,144.7,142.0,142.7,111649
2022-04-26,143.6,143.6,140.1,141.2,200642
2022-04-27,140.3,142.7,134.3,135.7,325663
2022-04-28,137.4,137.8,134.8,136.2,120537
2022-05-05,136.1,136.2,134.2,135.5,107435
2022-05-08,135.5,139.8,134.0,138.6,349417
2022-05-09,139.1,142.4,137.5,139.7,222798
2022-05-10,140.3,142.7,137.0,138.3,291488
2022-05-11,139.1,142.4,136.1,136.7,197053
2022-05-12,137.9,138.0,133.8,134.4,192375
2022-05-16,136.0,136.0,127.7,127.7,185706
2022-05-17,128.5,128.5,121.4,122.7,397581
2022-05-18,124.5,124.7,116.6,116.6,266723
2022-05-19,112.2,116.9,110.8,112.5,549062
2022-05-22,118.9,123.7,110.0,118.8,2422394
2022-05-23,120.0,122.0,114.3,116.5,583038
2022-05-24,115.2,126.5,114.6,122.6,1538183
2022-05-25,120.3,122.3,116.5,116.5,650603
2022-05-26,116.4,121.0,116.3,118.5,352115
2022-05-29,124.5,125.3,120.1,121.8,994889
2022-05-30,124.7,124.8,119.4,119.8,434790
2022-05-31,117.8,122.5,117.5,118.6,332505
2022-06-01,120.0,124.0,119.5,123.6,600946
2022-06-02,123.6,128.2,123.6,126.9,622218
2022-06-05,130.0,133.0,125.0,128.0,1257194
2022-06-06,129.0,131.4,125.5,126.9,732405
2022-06-07,127.0,128.3,124.4,124.7,546556
2022-06-08,126.9,126.9,123.4,124.0,312970
2022-06-09,124.9,125.8,123.3,123.6,243745
2022-06-12,122.2,123.7,121.2,121.3,688144
2022-06-13,122.0,127.0,120.8,121.5,1616437
2022-06-14,122.2,123.5,119.1,119.4,519797
2022-06-15,122.0,122.0,117.9,120.4,509378
2022-06-16,122.5,125.4,120.6,124.1,1106576
2022-06-19,125.0,127.3,123.5,123.9,557875
2022-06-20,123.2,125.6,121.5,121.6,436348
2022-06-21,121.7,122.1,119.5,120.9,209693
2022-06-22,121.0,121.9,119.7,121.1,186448
2022-06-23,122.5,124.0,120.3,122.9,314982
2022-06-26,123.5,125.0,121.4,123.6,669484
2022-06-27,123.0,124.7,122.1,123.3,409382
2022-06-28,122.8,129.2,122.8,128.6,1401286
2022-06-29,129.7,129.9,126.1,126.9,315564
2022-06-30,127.7,127.8,124.4,125.2,242777
2022-07-03,124.0,125.9,124.0,125.6,178517
2022-07-04,124.2,125.7,124.2,124.5,211109
2022-07-05,126.0,136.9,126.0,136.9,772885
2022-07-06,148.9,150.5,143.8,150.1,3684428
2022-07-07,150.0,153.0,147.1,148.0,1148069
2022-07-12,146.0,147.7,145.1,145.1,387110
2022-07-13,143.0,154.0,142.6,149.2,2180595
2022-07-14,151.8,151.8,146.3,148.4,170500
2022-07-17,149.0,154.1,148.6,153.2,911502
2022-07-18,154.0,160.4,150.2,150.2,2300719
2022-07-19,148.0,148.6,147.2,147.2,380553
2022-07-20,145.3,148.8,144.3,144.3,624633
2022-07-21,148.0,148.0,141.5,141.5,796682
2022-07-24,142.5,142.5,138.7,138.7,126012
2022-07-25,136.0,136.0,136.0,136.0,331459
2022-07-26,136.0,142.9,133.3,137.4,979867
2022-07-27,137.4,138.5,134.7,134.7,331493
2022-07-28,132.1,136.5,132.1,135.9,488843
2022-07-31,145.0,146.4,136.6,144.4,916722
2022-08-01,147.0,152.0,141.8,142.7,1078294
2022-08-02,145.0,156.9,141.6,155.1,3585522
2022-08-03,156.0,166.0,153.0,155.9,1976696
2022-08-04,159.0,159.0,147.0,148.4,1128237
2022-08-07,141.0,149.9,139.0,140.7,1184098
2022-08-08,144.0,146.0,139.4,142.5,985928
2022-08-10,142.5,147.0,140.5,141.4,853163
2022-08-11,141.0,143.0,137.5,138.3,574199
2022-08-14,146.0,146.0,137.4,140.3,739808
2022-08-16,142.7,142.7,137.5,140.3,1318522
2022-08-17,141.0,144.9,141.0,142.4,664627
2022-08-21,142.4,142.8,138.1,138.6,830964
2022-08-22,140.8,148.8,138.4,139.9,3109739
2022-08-23,146.0,150.0,141.5,143.2,2405239
2022-08-24,143.2,145.0,140.7,141.2,1240695
2022-08-25,141.8,155.3,141.5,155.3,3983061
2022-08-28,164.0,170.0,152.2,164.1,3304309
2022-08-29,170.0,170.3,159.8,161.4,2423450
2022-08-30,159.1,169.0,159.1,166.1,1781043
2022-08-31,168.8,172.5,162.2,168.3,2022767
2022-09-01,171.0,172.4,165.1,166.5,1692703
2022-09-04,169.9,171.3,149.9,150.1,7412131
2022-09-05,153.8,157.5,147.5,150.0,1368969
2022-09-06,152.5,153.5,144.5,146.2,1459287
2022-09-07,149.8,151.7,142.5,144.4,1342574
2022-09-08,146.6,154.0,145.3,150.2,1262312
2022-09-11,152.0,155.0,148.1,149.1,1278985
2022-09-12,150.8,153.5,145.5,146.7,1289488
2022-09-13,146.7,150.4,146.4,148.5,683432
2022-09-14,150.0,154.4,150.0,150.8,1431658
2022-09-15,151.9,157.7,151.8,155.5,1541123
2022-09-18,157.7,162.3,154.1,155.3,1646440
2022-09-19,157.0,163.0,154.8,156.8,2179994
2022-09-20,166.0,168.8,159.9,163.0,3302874
2022-09-21,164.9,164.9,155.4,156.3,1514541
2022-09-22,156.2,159.0,155.0,155.8,1227526
2022-09-25,156.7,157.6,149.0,150.2,1083217
2022-09-26,151.7,154.0,149.1,151.1,606211
2022-09-27,153.3,153.4,147.0,149.3,821978
2022-09-28,149.3,151.4,147.5,148.1,583852
2022-09-29,150.5,157.0,148.0,153.4,852382
2022-10-02,155.1,157.0,149.8,150.3,1030470
2022-10-03,150.4,152.0,149.3,149.6,484627
2022-10-04,150.9,151.0,147.5,148.1,432403
2022-10-06,148.1,149.1,147.2,147.4,377843
2022-10-10,148.0,148.0,138.0,139.9,660905
2022-10-11,139.5,142.0,139.0,140.0,529664
2022-10-12,141.2,142.7,138.7,140.3,436470
2022-10-13,141.0,143.5,138.8,139.2,874648
2022-10-16,139.5,140.9,137.1,137.4,556779
2022-10-17,137.5,139.2,136.5,136.9,575834
2022-10-18,137.0,139.4,136.5,137.0,549828
2022-10-19,138.9,142.8,138.2,139.1,521406
2022-10-20,138.7,140.0,136.8,138.0,328490
2022-10-23,137.4,139.4,136.5,136.5,310589
2022-10-24,136.5,136.5,136.5,136.5,65311
2022-10-25,136.5,137.8,136.5,136.5,324567
2022-10-26,136.5,136.5,136.5,136.5,18237
2022-10-27,136.5,139.0,136.5,137.7,361598
2022-10-30,136.8,141.9,136.6,137.4,414415
2022-10-31,137.2,139.7,136.5,136.5,273169
2022-11-01,136.5,138.0,136.5,136.8,185027
2022-11-02,138.0,141.7,137.0,138.3,545721
2022-11-03,140.0,145.0,139.0,144.1,602557
2022-11-06,146.9,148.9,144.1,145.5,540391
2022-11-07,146.1,146.5,139.1,140.2,536196
2022-11-08,138.8,142.9,137.5,138.3,388179
2022-11-09,138.6,142.3,137.7,139.9,395269
2022-11-10,140.7,142.2,138.8,139.2,400622
2022-11-13,139.7,141.5,136.6,137.0,328173
2022-11-14,137.0,137.5,136.5,136.5,301567
2022-11-15,136.5,136.5,136.5,136.5,28545
2022-11-16,136.5,136.5,136.5,136.5,93305
2022-11-17,136.5,141.4,136.5,138.7,339355
2022-11-20,141.3,146.0,139.1,140.5,716582
2022-11-21,140.5,140.5,136.5,137.5,339805
2022-11-22,136.7,139.7,136.5,137.6,425696
2022-11-23,139.4,140.9,136.7,136.9,306781
2022-11-24,136.7,137.2,136.5,136.7,179682
2022-11-27,136.8,138.0,136.5,136.5,151747
2022-11-28,136.5,136.7,136.5,136.5,131401
2022-11-29,136.5,136.5,136.5,136.5,22999
2022-11-30,136.5,136.5,136.5,136.5,8610
2022-12-01,136.5,136.5,136.5,136.5,17082
2022-12-04,136.5,136.5,136.5,136.5,3200
2022-12-05,136.5,136.5,136.5,136.5,13606
2022-12-06,136.5,136.5,136.5,136.5,1888
2022-12-07,136.5,136.5,136.5,136.5,57817
2022-12-08,136.5,136.5,136.5,136.5,54495
2022-12-11,136.5,136.5,136.5,136.5,22769
2022-12-12,136.5,136.5,136.5,136.5,10377
2022-12-13,136.5,136.5,136.5,136.5,46212
2022-12-14,136.5,136.5,136.5,136.5,15371
2022-12-15,136.5,136.5,136.5,136.5,2235
2022-12-18,136.5,136.5,136.5,136.5,840
2022-12-19,136.5,136.5,136.5,136.5,1117
2022-12-20,136.5,136.5,136.5,136.5,10867
2022-12-21,136.5,136.5,136.5,136.5,515
2022-12-22,136.5,136.5,136.5,136.5,351
2022-12-26,136.5,136.5,136.5,136.5,1611
2022-12-27,136.5,136.5,136.5,136.5,530
2022-12-28,136.5,136.5,136.5,136.5,30
2022-12-29,136.5,136.5,136.5,136.5,9648
2023-01-01,136.5,136.5,136.5,136.5,2407
2023-01-02,136.5,136.5,136.5,136.5,1022
2023-01-03,136.5,136.5,136.5,136.5,144
2023-01-04,136.5,136.5,136.5,136.5,1360
2023-01-05,136.5,136.5,136.5,136.5,44076
2023-01-08,136.5,139.0,136.5,136.6,439194
2023-01-09,136.6,137.8,136.5,136.5,48325
2023-01-10,136.5,136.5,136.5,136.5,4646
2023-01-11,136.5,136.5,136.5,136.5,54545
2023-01-12,136.5,139.5,136.5,137.0,406512
2023-01-15,137.0,140.3,137.0,139.3,294315
2023-01-16,140.5,140.5,136.5,137.1,373931
2023-01-17,137.1,138.8,136.5,137.9,326689
2023-01-18,138.4,141.7,137.3,138.1,624932
2023-01-19,137.5,138.7,136.6,137.6,117576
2023-01-22,138.1,138.6,136.5,136.6,276636
2023-01-23,136.6,137.4,136.5,136.5,135997
2023-01-24,136.6,136.7,136.5,136.5,41851
2023-01-25,136.5,138.5,136.5,137.8,420310
2023-01-26,138.0,139.4,136.5,138.1,227938
2023-01-29,138.2,138.2,136.5,136.5,139405
2023-01-30,136.5,136.5,136.5,136.5,17257
2023-01-31,136.5,136.5,136.5,136.5,37891
2023-02-01,136.5,136.5,136.5,136.5,50741
2023-02-02,136.5,136.5,136.5,136.5,4234
2023-02-05,136.5,136.5,136.5,136.5,12996
2023-02-06,136.5,136.5,136.5,136.5,257
2023-02-07,136.5,136.5,136.5,136.5,2125
2023-02-08,136.5,136.9,136.5,136.5,447570
2023-02-09,136.5,136.6,136.5,136.5,65748
2023-02-12,136.5,136.5,136.5,136.5,73286
2023-02-13,136.5,136.5,136.5,136.5,459
2023-02-14,136.5,136.5,136.5,136.5,611
2023-02-15,136.5,136.5,136.5,136.5,1081
2023-02-16,136.5,137.0,136.5,136.5,374576
2023-02-19,136.5,136.5,136.5,136.5,50976
2023-02-20,136.5,136.5,136.5,136.5,105189
2023-02-22,136.5,136.5,136.5,136.5,159
2023-02-26,136.5,136.5,136.5,136.5,161999
2023-02-27,136.5,136.5,136.5,136.5,234251
2023-02-28,136.5,138.3,136.5,136.5,516898
2023-03-01,136.5,140.0,136.5,139.0,490256
2023-03-02,139.0,146.6,139.0,146.0,1396224
2023-03-05,149.9,150.5,145.2,146.3,743474
2023-03-06,144.5,155.0,143.7,151.7,1560769
2023-03-07,150.0,155.2,150.0,154.0,977910
2023-03-09,154.5,154.5,148.0,149.7,576902
2023-03-12,149.5,149.5,145.6,146.5,512470
2023-03-13,146.9,151.7,146.7,151.0,655863
2023-03-14,151.7,152.7,147.5,149.2,531341
2023-03-15,149.5,151.0,145.7,146.2,455041
2023-03-16,146.2,146.3,140.0,140.7,265195
2023-03-19,140.4,144.5,140.4,143.8,322363
2023-03-20,143.8,148.6,143.0,147.4,501577
2023-03-21,147.4,148.6,146.2,146.6,198097
2023-03-22,146.2,148.3,143.9,144.7,183870
2023-03-23,143.0,144.5,142.1,142.9,117306
2023-03-27,143.0,144.5,140.3,141.4,146438
2023-03-28,141.4,143.9,141.0,143.1,153324
2023-03-29,143.7,143.7,141.5,141.8,123354
2023-03-30,143.4,145.5,142.0,143.9,142301
2023-04-02,142.5,147.0,142.4,146.2,184362
2023-04-03,147.0,152.7,146.0,149.0,574612
2023-04-04,149.0,158.3,148.5,149.5,909658
2023-04-05,152.0,152.4,147.0,148.6,316090
2023-04-06,146.3,148.4,143.1,145.0,423621
2023-04-09,145.0,145.1,143.0,143.8,161113
2023-04-10,142.1,142.1,139.0,140.2,207934
2023-04-11,141.5,145.2,136.5,143.1,384707
2023-04-12,143.9,144.1,137.5,139.3,196120
2023-04-13,139.2,140.5,139.2,140.1,183322
2023-04-16,142.9,142.9,140.5,140.6,132307
2023-04-17,139.9,142.7,139.9,141.2,94574
2023-04-18,142.3,143.8,140.8,141.1,161955
2023-04-24,141.1,147.0,140.9,146.2,293545
2023-04-25,146.6,147.1,145.1,145.2,167747
2023-04-26,143.7,144.3,141.3,142.0,143906
2023-04-27,141.5,145.0,141.5,143.1,124646
2023-04-30,143.2,143.7,140.0,140.6,160938
2023-05-02,143.2,143.2,140.2,140.7,86603
2023-05-03,141.0,142.0,139.6,140.9,122298
2023-05-07,140.9,141.5,138.8,139.9,233158
2023-05-08,140.0,140.0,138.6,139.2,193830
2023-05-09,139.2,141.9,138.7,141.8,274512
2023-05-10,140.1,142.2,140.0,140.5,101174
2023-05-11,142.4,142.4,139.7,140.0,102979
2023-05-14,142.2,142.2,139.6,140.0,126393
2023-05-15,140.0,141.2,139.7,139.9,124133
2023-05-16,141.3,141.5,140.0,140.3,89884
2023-05-17,140.4,141.7,140.2,140.8,127129
2023-05-18,142.0,147.0,141.5,143.1,440615
2023-05-21,143.1,145.0,140.8,141.4,132765
2023-05-22,141.4,142.3,139.8,140.8,215487
2023-05-23,144.0,144.0,140.8,143.1,183230
2023-05-24,144.2,145.5,142.0,142.9,294656
2023-05-25,144.3,150.0,143.2,147.2,635657
2023-05-28,149.0,151.0,145.0,145.4,346661
2023-05-29,147.9,148.9,141.0,143.8,269150
2023-05-30,146.5,146.5,141.8,143.6,195214
2023-05-31,144.0,145.9,141.2,141.5,270787
2023-06-01,140.3,144.2,140.3,143.2,106300
2023-06-04,143.2,147.0,142.2,144.0,263797
2023-06-05,144.0,158.0,144.0,155.8,1431596
2023-06-06,156.0,164.0,150.2,152.4,795112
2023-06-07,153.0,157.0,149.1,152.7,592904
2023-06-08,154.0,164.0,154.0,158.6,1305175
2023-06-11,160.0,161.0,151.0,152.2,546875
2023-06-12,150.5,155.5,145.0,145.9,750045
2023-06-13,147.0,151.0,139.0,141.8,312858
2023-06-14,142.5,145.5,138.1,139.0,341375
2023-06-15,141.4,143.0,139.2,140.8,101551
2023-06-18,141.2,142.5,139.8,140.1,119270
2023-06-19,143.5,146.4,142.0,145.4,168189
2023-06-20,146.0,146.0,142.1,142.5,169903
2023-06-21,143.0,144.0,141.1,142.9,146600
2023-06-22,144.0,145.9,143.0,144.1,229670
2023-06-25,143.4,146.8,143.4,145.0,114829
2023-06-26,144.0,147.1,144.0,146.9,222915
2023-07-02,147.1,149.2,146.2,148.1,119259
2023-07-03,149.8,149.8,147.1,147.3,181824
2023-07-04,147.0,148.2,146.2,146.4,176695
2023-07-05,147.2,158.1,147.2,151.9,1156645
2023-07-06,155.0,157.8,152.7,153.2,663076
2023-07-09,155.8,157.0,148.2,150.1,628349
2023-07-10,151.0,154.0,149.1,150.3,1267007
2023-07-11,151.3,162.0,151.3,159.5,1800765
2023-07-12,161.0,170.0,159.7,166.2,2655583
2023-07-13,165.1,169.5,157.6,166.2,2453778
2023-07-16,170.0,174.4,168.1,170.6,1411815
2023-07-17,171.9,172.0,161.3,163.1,1582957
2023-07-18,163.6,164.8,153.5,154.9,1251080
2023-07-19,154.9,167.8,154.9,164.4,1014771
2023-07-20,166.9,169.5,159.0,161.2,1169817
2023-07-23,160.0,164.4,158.0,158.9,660274
2023-07-24,160.0,162.6,156.3,157.9,601299
2023-07-25,160.5,162.7,157.1,158.0,499799
2023-07-26,158.2,161.8,155.0,156.1,912701
2023-07-27,163.9,166.7,158.1,159.0,1838204
2023-07-30,160.9,166.5,158.5,163.3,973501
2023-07-31,164.0,165.0,157.2,158.3,1149112
2023-08-01,158.4,160.6,157.0,159.2,729479
2023-08-02,160.0,161.0,152.5,154.2,1014128
2023-08-03,154.2,154.2,142.1,144.3,1424792
2023-08-06,144.3,147.5,137.0,143.3,493853
2023-08-07,143.1,144.5,136.5,138.2,979197
2023-08-08,141.5,144.4,138.0,143.4,327244
2023-08-09,143.3,143.6,139.6,140.1,422743
2023-08-10,140.0,141.3,139.2,140.6,262720
2023-08-13,142.0,142.0,138.8,139.2,250206
2023-08-14,138.7,139.2,137.0,137.3,355869
2023-08-16,137.3,138.5,136.5,137.0,408706
2023-08-17,138.9,139.4,137.5,138.6,95023
2023-08-20,138.9,138.9,137.0,138.1,154877
2023-08-21,138.4,141.3,138.1,140.7,276321
2023-08-22,139.8,140.9,138.5,138.9,215413
2023-08-23,138.9,139.8,137.4,137.6,231487
2023-08-24,137.5,138.0,136.6,136.9,252994
2023-08-27,136.6,137.5,136.5,136.8,180438
2023-08-28,137.3,138.4,136.6,136.7,219054
2023-08-29,136.6,137.9,136.6,136.7,132954
2023-08-30,137.5,137.5,136.5,136.5,228734
2023-08-31,136.5,138.4,136.5,137.1,223171
2023-09-03,137.3,138.4,137.0,137.3,133161
2023-09-04,137.1,137.9,136.5,136.6,138393
2023-09-05,136.6,137.6,136.5,136.8,257116
2023-09-07,136.8,138.5,136.6,137.0,235897
2023-09-10,137.2,139.7,137.0,138.2,290552
2023-09-11,138.2,138.7,137.2,137.4,85668
2023-09-12,137.5,137.8,136.6,136.8,207274
2023-09-13,136.8,137.5,136.5,136.6,256501
2023-09-14,136.6,137.0,136.5,136.5,328633
2023-09-17,136.7,137.9,136.5,136.7,323844
2023-09-18,137.0,139.1,136.7,137.2,278523
2023-09-19,137.9,138.4,136.5,137.5,233331
2023-09-20,138.4,138.7,136.5,136.6,234664
2023-09-21,136.6,137.1,136.5,136.6,284538
2023-09-24,136.6,136.7,136.5,136.5,142621
2023-09-25,136.5,136.5,136.5,136.5,5002
2023-09-26,136.5,136.5,136.5,136.5,6809
2023-09-27,136.5,136.5,136.5,136.5,4379
2023-10-01,136.5,136.5,136.5,136.5,8941
2023-10-02,136.5,136.5,136.5,136.5,1875
2023-10-03,136.5,136.5,136.5,136.5,1751
2023-10-04,136.5,136.5,136.5,136.5,3681
2023-10-05,136.5,138.0,136.5,136.5,400541
2023-10-08,136.5,137.5,136.5,136.5,39026
2023-10-09,136.5,136.5,136.5,136.5,3240
2023-10-10,136.5,136.5,136.5,136.5,2093
2023-10-11,136.5,136.5,136.5,136.5,1406
2023-10-12,136.5,136.5,136.5,136.5,825
2023-10-15,136.5,136.5,136.5,136.5,3870
2023-10-16,136.5,136.5,136.5,136.5,6335
2023-10-17,136.5,136.5,136.5,136.5,25195
2023-10-18,136.5,136.5,136.5,136.5,28337
2023-10-19,136.5,139.3,136.5,138.6,571999
2023-10-22,139.9,148.6,139.9,146.4,1082833
2023-10-23,146.9,147.9,142.3,142.7,516309
2023-10-25,142.7,144.5,141.9,142.7,381650
2023-10-26,142.2,143.0,137.7,139.7,548572
2023-10-29,145.1,147.0,140.8,141.3,968738
2023-10-30,142.0,142.0,139.5,140.5,372980
2023-10-31,139.9,141.0,138.6,138.8,447725
2023-11-01,139.3,140.3,138.5,139.1,340473
2023-11-02,139.9,142.2,139.7,141.0,553269
2023-11-05,141.8,141.9,140.5,140.8,285417
2023-11-06,140.3,141.7,140.0,140.1,300355
2023-11-07,140.0,141.0,138.9,139.1,209591
2023-11-08,138.4,140.5,138.0,138.6,219891
2023-11-09,138.7,139.6,137.8,138.0,192181
2023-11-12,137.7,138.5,136.9,137.0,214072
2023-11-13,137.0,138.5,136.5,137.4,250336
2023-11-14,137.4,137.4,136.5,136.5,454390
2023-11-15,136.5,136.5,136.5,136.5,179084
2023-11-19,136.5,136.5,136.5,136.5,1447
2023-11-20,136.5,136.5,136.5,136.5,154
2023-11-21,136.5,136.5,136.5,136.5,60
2023-11-22,136.5,136.5,136.5,136.5,577
2023-11-23,136.5,136.5,136.5,136.5,787
2023-11-26,136.5,136.5,136.5,136.5,114
2023-11-27,136.5,136.5,136.5,136.5,398
2023-11-28,136.5,136.5,136.5,136.5,802
2023-11-29,136.5,136.5,136.5,136.5,4
2023-11-30,136.5,136.5,136.5,136.5,155
2023-12-03,136.5,136.5,136.5,136.5,28
2023-12-04,136.5,136.5,136.5,136.5,7287
2023-12-05,136.5,136.5,136.5,136.5,240
2023-12-06,136.5,136.5,136.5,136.5,648
2023-12-07,136.5,136.5,136.5,136.5,252
2023-12-10,136.5,136.5,136.5,136.5,771
2023-12-11,136.5,136.5,136.5,136.5,514
2023-12-12,136.5,136.5,136.5,136.5,30
2023-12-13,136.5,136.5,136.5,136.5,7657
2023-12-14,136.5,136.5,136.5,136.5,290
2023-12-17,136.5,136.5,136.5,136.5,1159
2023-12-18,136.5,136.5,136.5,136.5,20
2023-12-19,136.5,136.5,136.5,136.5,195
2023-12-20,136.5,136.5,136.5,136.5,14807
2023-12-21,136.5,136.5,136.5,136.5,38588
2023-12-24,136.5,136.5,136.5,136.5,2063
2023-12-26,136.5,136.5,136.5,136.5,1062
2023-12-27,136.5,136.5,136.5,136.5,120
2023-12-28,136.5,136.5,136.5,136.5,768
2024-01-01,136.5,136.5,136.5,136.5,3150
2024-01-02,136.5,136.5,136.5,136.5,134
2024-01-03,136.5,136.5,136.5,136.5,39
2024-01-04,136.5,136.5,136.5,136.5,105
2024-01-08,136.5,136.5,136.5,136.5,1350
2024-01-09,136.5,136.5,136.5,136.5,2100
2024-01-10,136.5,136.5,136.5,136.5,557
2024-01-11,136.5,136.5,136.5,136.5,2344
2024-01-14,136.5,136.5,136.5,136.5,625
2024-01-15,136.5,136.5,136.5,136.5,174
2024-01-16,136.5,136.5,136.5,136.5,2586
2024-01-17,136.5,136.5,136.5,136.5,5733
2024-01-18,136.5,136.5,136.5,136.5,5007
2024-01-21,122.9,124.9,122.9,123.9,658180
2024-01-22,124.0,127.9,124.0,125.9,312105
2024-01-23,126.8,127.0,124.0,124.4,250963
2024-01-24,126.3,126.3,119.0,120.1,198133
2024-01-25,122.0,122.1,116.1,116.4,192592
2024-01-28,119.0,119.0,113.5,114.2,152985
2024-01-29,117.9,117.9,112.5,113.3,135962
2024-01-30,116.8,116.9,112.6,114.0,136959
2024-01-31,115.0,116.0,110.8,112.1,116744
2024-02-01,114.6,115.9,111.5,115.3,170876
2024-02-04,115.9,122.0,114.0,119.4,337165
2024-02-05,121.7,125.5,119.5,123.2,368293
2024-02-06,123.3,124.3,120.3,120.7,156589
2024-02-07,120.0,121.5,118.0,118.4,191736
2024-02-08,119.4,121.6,117.7,118.1,278876
2024-02-11,118.1,118.9,116.4,116.9,241847
2024-02-12,118.9,118.9,116.1,116.5,316337
2024-02-13,116.5,117.5,116.1,116.9,150479
2024-02-14,116.2,120.5,116.2,117.1,164900
2024-02-15,117.1,117.1,114.1,115.3,129613
2024-02-18,115.3,116.5,114.0,114.4,78296
2024-02-19,114.4,115.0,113.0,113.2,105352
2024-02-20,116.0,116.0,113.3,114.0,32205
