Date,Open,High,Low,Close,Volume
2012-10-01,32.6,35.5,32.5,34.1,405000
2012-10-02,35.7,37.0,35.0,36.5,693000
2012-10-03,37.0,37.0,35.1,35.9,364600
2012-10-04,35.1,35.8,35.1,35.4,170800
2012-10-07,35.4,36.3,33.4,33.6,287200
2012-10-08,35.0,35.0,33.0,33.4,178800
2012-10-09,34.0,35.0,33.6,34.0,128200
2012-10-10,34.9,34.9,33.2,33.2,94200
2012-10-11,34.0,34.0,32.5,32.9,217000
2012-10-14,33.0,33.6,32.5,33.0,193600
2012-10-15,32.8,33.3,32.6,32.7,89600
2012-10-16,33.7,34.0,33.0,33.5,116800
2012-10-17,34.0,34.0,33.0,33.2,99400
2012-10-18,33.8,33.9,33.0,33.3,57400
2012-10-21,32.8,34.0,32.8,33.4,65200
2012-10-22,33.6,34.3,33.4,33.9,114400
2012-10-23,34.3,34.5,34.1,34.3,90400
2012-10-30,34.9,35.0,33.5,33.9,33400
2012-10-31,33.1,33.5,32.8,32.8,88800
2012-11-01,33.2,33.4,32.9,32.9,66200
2012-11-04,33.0,33.0,31.6,31.8,311600
2012-11-05,32.1,32.1,30.9,31.0,222000
2012-11-06,31.4,32.7,30.8,32.5,491000
2012-11-07,31.7,32.0,31.1,31.4,105600
2012-11-08,30.9,31.8,30.9,31.3,278200
2012-11-11,31.0,31.7,30.4,30.5,166200
2012-11-12,30.7,31.3,30.5,30.8,300000
2012-11-13,30.5,31.3,30.5,31.0,172800
2012-11-14,31.0,31.7,31.0,31.6,148400
2012-11-15,31.3,31.7,31.3,31.5,32600
2012-11-18,31.6,31.6,31.3,31.3,124000
2012-11-19,31.6,31.6,30.7,30.9,198000
2012-11-20,30.7,31.0,30.1,30.9,237200
2012-11-21,30.8,31.2,30.5,30.8,89400
2012-11-22,30.7,31.1,30.6,31.0,140200
2012-11-26,30.9,31.0,30.4,30.8,119600
2012-11-27,30.5,30.9,30.5,30.7,141000
2012-11-28,30.7,31.3,30.1,30.8,103600
2012-11-29,31.7,32.4,30.8,32.2,121600
2012-12-02,32.6,32.7,31.7,31.9,123600
2012-12-03,31.5,31.6,30.8,31.0,79000
2012-12-04,31.0,31.0,30.5,30.7,23600
2012-12-05,30.8,30.9,30.4,30.5,36400
2012-12-06,30.5,30.7,30.2,30.5,108000
2012-12-09,29.5,30.2,29.5,29.9,52600
2012-12-10,30.0,30.7,29.8,30.0,65200
2012-12-11,29.6,31.0,29.6,30.9,45600
2012-12-12,31.0,31.8,31.0,31.1,105200
2012-12-13,31.0,31.9,31.0,31.7,102200
2012-12-17,32.6,33.4,32.2,32.7,192600
2012-12-18,32.7,32.7,31.9,32.4,105200
2012-12-19,32.6,33.2,32.4,32.8,230200
2012-12-20,33.4,33.4,31.9,32.1,277600
2012-12-23,32.0,32.1,31.7,31.8,285000
2012-12-24,31.8,31.9,31.4,31.6,113200
2012-12-26,31.5,31.7,31.2,31.2,219800
2012-12-27,32.2,32.2,31.3,31.5,185000
2012-12-30,32.0,32.0,31.6,31.7,139800
2013-01-01,32.4,32.5,31.9,31.9,119200
2013-01-02,31.8,32.9,31.5,32.1,203600
2013-01-03,31.6,32.5,31.6,32.2,102400
2013-01-06,32.0,32.2,32.0,32.1,60200
2013-01-07,32.0,32.0,31.6,31.7,38000
2013-01-08,31.6,32.0,31.6,31.6,37800
2013-01-09,31.7,32.8,31.2,32.2,258200
2013-01-10,31.8,32.2,31.5,31.7,231600
2013-01-13,31.8,31.9,31.3,31.4,193600
2013-01-14,31.8,31.8,31.1,31.3,222600
2013-01-15,31.5,31.6,31.2,31.4,338000
2013-01-16,31.5,31.6,31.3,31.5,54200
2013-01-17,31.8,31.8,31.3,31.4,41200
2013-01-20,31.4,31.5,31.3,31.3,55400
2013-01-21,31.5,31.5,30.9,31.0,149000
2013-01-22,31.0,31.2,30.9,31.0,80800
2013-01-23,31.4,31.4,30.8,30.9,74200
2013-01-24,31.2,31.5,31.0,31.3,76400
2013-01-27,31.5,31.8,31.4,31.7,148200
2013-01-28,31.6,32.2,31.6,32.0,268600
2013-01-29,32.0,33.0,32.0,32.6,143800
2013-01-30,33.0,33.0,32.2,32.3,50200
2013-01-31,32.1,32.6,31.7,32.4,104600
2013-02-03,32.7,32.7,32.2,32.4,117000
2013-02-04,32.5,32.8,32.2,32.3,67000
2013-02-05,32.0,32.7,32.0,32.5,76400
2013-02-06,32.4,33.0,32.4,32.8,213000
2013-02-07,32.5,33.2,32.5,33.0,283000
2013-02-10,33.2,33.4,32.8,33.1,187400
2013-02-11,33.2,33.8,33.1,33.5,182000
2013-02-12,33.5,33.8,32.9,33.0,127200
2013-02-13,33.1,33.5,32.5,33.2,150400
2013-02-14,33.3,33.6,33.2,33.3,229000
2013-02-17,33.8,33.8,32.7,32.9,113000
2013-02-18,33.0,33.1,32.4,32.6,145800
2013-02-19,33.0,33.0,32.1,32.1,232800
2013-02-20,31.9,32.4,31.6,32.0,206200
2013-02-24,31.8,32.3,31.5,32.0,194800
2013-02-25,32.8,32.8,31.7,31.9,106400
2013-02-26,32.5,32.9,31.8,32.5,212600
2013-02-27,32.4,32.6,31.0,31.8,861400
2013-02-28,31.9,32.8,31.7,32.4,356000
2013-03-03,32.3,32.6,31.2,31.8,351800
2013-03-04,30.1,33.3,30.1,32.7,609600
2013-03-05,33.0,33.4,32.5,33.1,261000
2013-03-06,32.7,33.2,32.3,32.8,372000
2013-03-07,32.5,33.1,32.4,32.8,370200
2013-03-11,29.9,30.0,29.6,29.6,326200
2013-03-12,28.9,30.0,28.7,29.7,273000
2013-03-13,29.1,30.1,29.0,29.6,182000
2013-03-14,30.0,30.4,29.6,30.0,302200
2013-03-18,29.3,29.9,28.9,29.2,355200
2013-03-19,29.9,29.9,28.8,29.1,266800
2013-03-20,29.8,29.9,28.9,29.0,192600
2013-03-24,29.2,29.2,28.0,28.2,187000
2013-03-25,28.1,28.1,26.8,27.3,203000
2013-03-27,27.1,27.1,26.5,26.5,109800
2013-03-28,26.5,26.7,26.4,26.5,212800
2013-03-31,25.8,26.2,25.1,25.4,120000
2013-04-01,25.1,25.1,24.6,24.9,185000
2013-04-02,24.7,25.3,24.7,25.0,128200
2013-04-03,25.5,25.9,25.1,25.4,152200
2013-04-04,24.7,26.0,24.7,25.7,131400
2013-04-07,25.2,26.0,25.1,25.9,61400
2013-04-08,25.3,26.1,25.3,26.0,152400
2013-04-09,25.8,27.7,25.7,26.7,194400
2013-04-10,26.4,26.9,26.4,26.6,189400
2013-04-11,25.6,26.9,25.6,26.6,71000
2013-04-15,26.8,28.7,26.4,27.4,111200
2013-04-16,27.5,27.5,26.6,26.6,20200
2013-04-17,26.5,27.4,26.4,26.7,53000
2013-04-18,26.7,27.0,26.5,26.6,23200
2013-04-21,27.0,27.0,26.2,26.2,63200
2013-04-22,26.3,26.9,26.1,26.2,123000
2013-04-23,26.2,26.4,26.1,26.2,48400
2013-04-24,26.5,26.5,26.0,26.3,49200
2013-04-25,26.4,26.4,26.0,26.0,60600
2013-04-28,26.0,26.2,26.0,26.0,28400
2013-04-29,26.0,26.2,25.8,25.9,100000
2013-04-30,26.1,26.1,25.8,26.0,56000
2013-05-02,26.0,27.5,26.0,27.0,128600
2013-05-05,26.3,27.5,26.3,27.3,124200
2013-05-06,26.6,27.8,26.6,27.6,52400
2013-05-07,27.3,28.9,27.0,28.6,102800
2013-05-08,28.0,28.1,27.3,27.6,21400
2013-05-09,27.6,29.0,27.2,28.7,112200
2013-05-12,28.5,28.5,27.7,27.8,106400
2013-05-13,27.3,28.3,27.1,27.8,185000
2013-05-14,27.5,28.5,27.5,28.0,145800
2013-05-15,27.5,28.2,27.5,27.8,53200
2013-05-16,27.9,28.0,27.5,27.5,51800
2013-05-19,27.7,28.2,27.6,27.9,193200
2013-05-20,27.5,28.7,27.5,28.0,312800
2013-05-21,28.8,29.4,28.0,28.0,231600
2013-05-22,27.8,28.2,26.6,27.5,251400
2013-05-26,28.0,28.2,26.7,26.7,58800
2013-05-27,26.9,27.8,26.8,27.1,42000
2013-05-28,27.2,27.2,26.9,26.9,36600
2013-05-29,27.7,27.7,27.1,27.3,72200
2013-05-30,28.0,28.0,27.1,27.2,68400
2013-06-02,27.9,27.9,27.1,27.4,239600
2013-06-03,27.3,28.0,27.3,27.9,362600
2013-06-04,28.0,28.0,27.2,27.2,220800
2013-06-05,27.5,28.0,27.2,27.5,263000
2013-06-06,27.8,27.8,26.8,27.2,259000
2013-06-09,27.0,27.3,26.3,26.4,192200
2013-06-10,26.1,27.0,26.1,26.5,58600
2013-06-11,26.9,27.8,26.5,27.5,296800
2013-06-12,27.6,28.4,27.0,27.9,308800
2013-06-13,28.2,28.2,27.3,27.4,89200
2013-06-16,27.8,27.9,27.2,27.5,223800
2013-06-17,28.0,28.5,27.5,27.6,256800
2013-06-18,28.0,28.0,27.5,27.5,119000
2013-06-19,27.9,28.3,27.2,27.9,447800
2013-06-20,28.0,28.3,27.3,27.9,260200
2013-06-23,28.5,28.5,27.6,27.6,118400
2013-06-24,28.0,28.0,27.4,27.4,59400
2013-06-26,27.9,27.9,27.3,27.4,216800
2013-06-27,27.1,27.5,26.7,27.3,115600
2013-06-30,27.4,27.9,26.9,27.0,125600
2013-07-02,27.6,27.9,27.1,27.5,86600
2013-07-03,27.1,27.9,27.0,27.1,52800
2013-07-04,27.0,27.3,26.3,26.4,285800
2013-07-07,26.8,26.9,26.0,26.3,333600
2013-07-08,26.0,26.3,25.8,26.1,199400
2013-07-09,26.0,27.7,26.0,26.5,387400
2013-07-10,26.9,27.9,26.6,27.5,233800
2013-07-11,26.8,27.7,26.8,26.8,83000
2013-07-14,27.0,27.4,26.0,26.3,87200
2013-07-15,26.3,26.8,26.1,26.4,218200
2013-07-16,26.7,26.9,26.3,26.4,331200
2013-07-17,26.7,27.2,26.5,26.5,390600
2013-07-18,26.8,27.0,26.5,26.5,229800
2013-07-21,26.6,27.3,26.3,26.3,335200
2013-07-22,26.5,26.6,26.4,26.5,435400
2013-07-23,26.9,27.2,26.5,26.6,424800
2013-07-24,26.8,27.4,26.5,26.9,139000
2013-07-25,27.1,27.3,26.2,26.3,359600
2013-07-28,27.0,27.5,26.7,26.8,327800
2013-07-29,27.0,27.2,26.6,27.1,186000
2013-07-30,27.3,28.0,27.0,27.5,250800
2013-07-31,27.8,27.8,27.1,27.2,254200
2013-08-01,26.6,27.3,26.3,27.0,414000
2013-08-04,26.8,26.9,26.5,26.7,110600
2013-08-05,26.5,26.5,26.0,26.4,44600
2013-08-12,26.0,26.3,25.8,25.9,21200
2013-08-13,25.7,26.5,25.7,26.2,93000
2013-08-14,26.5,26.5,25.8,25.9,38600
2013-08-18,26.2,26.3,25.6,25.7,48000
2013-08-19,25.7,26.1,25.4,25.7,30800
2013-08-20,26.0,26.2,25.3,25.5,133000
2013-08-21,25.5,26.3,25.4,26.0,102400
2013-08-22,25.5,26.5,25.5,26.1,130200
2013-08-25,25.7,26.3,25.6,25.7,479600
2013-08-26,26.3,26.4,25.5,26.0,69600
2013-08-27,25.6,26.0,25.4,25.7,650000
2013-08-29,25.8,26.1,25.7,25.9,630800
2013-09-01,25.7,26.1,25.7,26.0,529600
2013-09-02,25.9,26.0,25.8,25.9,132200
2013-09-03,25.6,26.0,25.5,25.6,146800
2013-09-04,25.6,26.1,25.6,25.9,486400
2013-09-05,26.0,26.0,25.8,25.8,60200
2013-09-08,26.0,26.0,25.7,25.8,87800
2013-09-09,25.7,26.0,25.7,25.8,135200
2013-09-10,25.7,26.0,25.6,25.6,112400
2013-09-11,25.6,25.8,25.5,25.5,84600
2013-09-12,25.5,25.8,25.5,25.7,52400
2013-09-15,25.6,26.0,25.6,25.8,130000
2013-09-16,25.7,26.5,25.7,26.0,152200
2013-09-17,25.6,26.2,25.6,26.0,15800
2013-09-18,26.0,26.2,25.9,26.1,57000
2013-09-19,26.0,26.3,25.9,26.0,144600
2013-09-22,25.6,26.2,25.6,26.1,39400
2013-09-23,26.6,27.0,26.1,26.5,96600
2013-09-24,26.8,26.8,26.1,26.2,179000
2013-09-25,26.7,26.9,26.3,26.7,178200
2013-09-26,26.2,26.9,26.2,26.8,68000
2013-09-29,26.6,26.9,26.6,26.8,33000
2013-09-30,26.8,26.8,26.5,26.7,52800
2013-10-01,26.7,26.8,26.5,26.7,66200
2013-10-02,26.7,26.9,26.6,26.6,115200
2013-10-03,26.6,26.8,26.4,26.4,141600
2013-10-06,26.5,26.5,26.2,26.3,107600
2013-10-07,26.4,26.4,26.1,26.1,79800
2013-10-08,26.1,26.2,25.9,26.0,237400
2013-10-09,25.8,26.5,25.8,26.1,445600
2013-10-10,26.1,26.5,26.1,26.3,196200
2013-10-20,26.5,26.7,26.4,26.4,14000
2013-10-21,26.0,26.3,25.9,26.2,380600
2013-10-22,26.1,26.6,26.1,26.2,85800
2013-10-23,26.8,27.1,26.0,26.8,160800
2013-10-24,26.4,27.0,26.4,26.5,11400
2013-10-27,27.0,27.4,26.6,26.9,158400
2013-10-28,27.2,27.5,26.8,26.9,189000
2013-10-29,26.2,28.0,26.2,27.2,146800
2013-10-30,27.0,27.0,26.3,26.4,258000
2013-10-31,26.3,27.3,26.3,26.4,154600
2013-11-03,26.7,27.2,26.5,26.8,88200
2013-11-04,26.6,27.3,26.6,27.0,239600
2013-11-05,27.0,27.9,27.0,27.3,218800
2013-11-06,27.7,28.4,27.4,28.1,361400
2013-11-07,28.4,30.9,27.5,30.6,421400
2013-11-10,31.0,33.4,29.4,32.4,628400
2013-11-11,32.4,32.5,29.9,30.0,387400
2013-11-12,30.0,30.4,29.0,29.5,142000
2013-11-13,30.4,30.4,28.8,29.2,201800
2013-11-14,29.4,30.0,29.3,29.7,288400
2013-11-17,29.9,30.0,29.1,29.2,172200
2013-11-18,29.5,29.6,28.7,28.9,96800
2013-11-19,29.0,30.0,29.0,29.2,223800
2013-11-20,29.3,30.4,29.3,29.8,341600
2013-11-21,29.6,30.2,29.1,29.8,173000
2013-11-24,29.2,29.8,28.8,29.0,202400
2013-11-25,29.3,29.7,28.4,28.6,83400
2013-11-26,28.0,29.5,28.0,28.0,118600
2013-11-27,27.9,28.4,27.8,28.0,393200
2013-11-28,29.0,29.0,27.9,28.1,62400
2013-12-01,27.7,28.3,27.6,27.9,96600
2013-12-02,28.3,28.5,27.9,28.2,26800
2013-12-03,28.1,29.8,28.1,29.2,193200
2013-12-04,28.8,29.4,28.5,29.3,79000
2013-12-05,29.0,29.6,29.0,29.4,185400
2013-12-08,29.7,30.0,28.7,29.3,161600
2013-12-09,29.3,29.8,28.5,28.6,121600
2013-12-10,28.6,29.0,28.5,28.9,59600
2013-12-11,29.5,29.5,28.5,28.6,55600
2013-12-12,28.5,29.0,28.0,28.5,125400
2013-12-15,28.2,28.6,28.0,28.4,50200
2013-12-17,28.1,28.3,27.9,28.0,167400
2013-12-18,28.9,28.9,27.9,27.9,96200
2013-12-19,27.8,28.5,27.8,28.1,115800
2013-12-22,28.9,28.9,27.8,28.1,66000
2013-12-23,28.6,28.6,28.2,28.2,35600
2013-12-24,28.0,28.1,27.7,27.9,49000
2013-12-26,28.0,28.3,27.9,27.9,89600
2013-12-29,27.9,27.9,27.4,27.5,13000
2013-12-30,28.5,30.1,28.5,29.1,162000
2014-01-01,29.8,29.8,28.6,28.7,37000
2014-01-02,28.5,28.8,28.4,28.5,42600
2014-01-06,28.3,28.3,28.1,28.2,31000
2014-01-07,28.2,28.3,27.7,27.9,45000
2014-01-08,27.9,28.5,27.9,28.0,30000
2014-01-09,28.8,28.8,27.9,27.9,44400
2014-01-12,28.0,28.0,27.7,27.7,207600
2014-01-13,27.9,28.5,27.7,28.3,99400
2014-01-15,28.1,29.5,28.1,29.3,177000
2014-01-16,28.6,29.4,28.6,29.0,246800
2014-01-19,29.0,30.1,29.0,29.8,204000
2014-01-20,29.7,30.3,29.1,29.8,276200
2014-01-21,29.5,30.0,29.2,29.8,330400
2014-01-22,30.2,30.2,29.6,29.9,463000
2014-01-23,30.2,30.5,29.5,30.3,141000
2014-01-26,31.4,31.4,30.5,31.0,89000
2014-01-27,31.0,33.4,30.2,32.8,586200
2014-01-28,32.5,32.5,30.2,30.8,200200
2014-01-29,31.3,31.3,30.4,30.9,97400
2014-01-30,32.0,32.0,30.9,31.3,211400
2014-02-02,32.0,32.3,31.5,31.6,283800
2014-02-03,32.1,33.4,31.9,33.2,620400
2014-02-04,33.9,34.9,33.4,33.8,733600
2014-02-05,32.7,34.9,32.7,34.4,488800
2014-02-06,33.9,35.0,33.9,34.8,548800
2014-02-09,34.6,34.9,33.4,33.6,335800
2014-02-10,33.5,33.8,33.3,33.4,435200
2014-02-11,33.2,33.6,33.2,33.3,216000
2014-02-12,32.8,33.2,32.8,32.9,178200
2014-02-13,33.0,33.3,32.8,32.9,176600
2014-02-16,30.6,33.4,30.6,31.9,43200
2014-02-17,31.5,32.4,31.0,32.1,145200
2014-02-18,31.3,32.6,31.3,32.3,164800
2014-02-19,31.8,33.3,31.8,33.0,75400
2014-02-20,32.4,33.6,32.4,33.4,305200
2014-02-23,33.5,33.5,32.8,33.0,82000
2014-02-24,33.2,33.8,32.7,32.9,235400
2014-02-25,32.7,33.1,32.7,32.8,98600
2014-02-26,32.8,33.4,32.7,33.3,280600
2014-02-27,33.1,33.1,32.1,32.4,117000
2014-03-02,32.5,33.5,31.9,32.2,639400
2014-03-03,32.4,33.0,31.6,32.8,437800
2014-03-04,32.6,33.2,32.5,32.8,413400
2014-03-05,31.1,33.3,31.1,32.7,571800
2014-03-06,32.2,32.6,31.7,31.8,277200
2014-03-09,32.0,32.0,31.2,31.3,446400
2014-03-10,31.4,31.4,30.7,30.8,446000
2014-03-12,28.8,28.8,27.9,28.1,187000
2014-03-13,28.0,28.5,27.5,27.7,211200
2014-03-16,27.0,27.2,26.2,26.8,151600
2014-03-18,27.4,27.4,26.9,27.0,326600
2014-03-19,27.0,27.0,26.5,26.8,39200
2014-03-20,26.8,27.5,26.8,27.1,185800
2014-03-23,26.9,27.4,26.8,27.2,65400
2014-03-24,27.1,27.1,26.5,26.7,196000
2014-03-25,26.5,27.1,26.5,26.8,154800
2014-03-27,27.0,27.1,26.5,26.7,208400
2014-03-30,26.8,26.9,26.6,26.6,71800
2014-03-31,26.5,26.9,26.5,26.7,70200
2014-04-01,26.6,27.0,26.5,26.9,94600
2014-04-02,27.0,27.2,26.9,27.1,70600
2014-04-03,27.0,27.2,27.0,27.0,67600
2014-04-06,27.0,27.2,27.0,27.0,108200
2014-04-07,27.0,27.2,27.0,27.0,75200
2014-04-08,26.1,27.1,26.1,26.5,132600
2014-04-09,26.6,27.4,26.5,27.0,233000
2014-04-10,27.0,27.7,27.0,27.1,188000
2014-04-13,26.1,27.2,26.1,26.7,30400
2014-04-15,27.5,27.5,26.3,26.8,57400
2014-04-16,27.0,27.1,26.2,26.7,61400
2014-04-17,26.5,26.8,26.5,26.6,65800
2014-04-20,26.3,27.3,26.2,27.0,72200
2014-04-21,27.4,27.8,26.9,27.4,375000
2014-04-22,27.8,28.5,27.8,28.0,324600
2014-04-23,27.9,27.9,27.2,27.5,109200
2014-04-24,27.8,28.2,27.4,27.6,138000
2014-04-27,28.0,28.1,26.3,26.5,323600
2014-04-28,27.9,28.0,27.0,27.6,150000
2014-04-29,27.0,27.0,26.5,26.6,50800
2014-04-30,26.2,26.6,26.2,26.3,74800
2014-05-04,26.1,26.5,26.0,26.3,78600
2014-05-06,26.3,26.6,26.1,26.4,344800
2014-05-07,26.2,26.6,26.2,26.3,42000
2014-05-08,26.4,26.5,26.1,26.2,92200
2014-05-11,26.2,26.2,26.0,26.0,115200
2014-05-12,25.4,26.7,25.4,26.5,138600
2014-05-14,27.0,27.0,26.4,26.6,647000
2014-05-15,27.0,27.0,26.2,26.7,292000
2014-05-18,26.5,27.0,26.5,26.8,89400
2014-05-19,26.6,26.9,26.6,26.7,63800
2014-05-20,26.5,26.9,26.5,26.7,302600
2014-05-21,27.2,27.2,26.5,26.8,28600
2014-05-22,26.8,27.0,26.5,26.7,86000
2014-05-25,26.2,27.0,26.2,26.8,34800
2014-05-26,26.7,27.0,26.7,26.8,297800
2014-05-27,26.8,27.3,26.8,27.1,111600
2014-05-28,27.0,27.2,26.7,26.8,51000
2014-05-29,26.7,27.0,26.7,26.8,66200
2014-06-01,26.5,26.6,26.2,26.5,103000
2014-06-02,26.5,26.6,26.5,26.5,21600
2014-06-03,26.4,26.8,26.4,26.6,64200
2014-06-04,26.6,26.8,26.4,26.6,60200
2014-06-05,26.6,26.6,26.0,26.1,63400
2014-06-08,26.2,26.3,26.1,26.2,84800
2014-06-09,26.2,26.5,26.2,26.2,141800
2014-06-10,26.3,26.6,26.3,26.3,11200
2014-06-11,26.2,26.4,26.2,26.3,17800
2014-06-12,26.3,26.4,26.2,26.3,148800
2014-06-15,26.1,26.5,26.1,26.2,26200
2014-06-16,26.3,26.7,26.3,26.6,24400
2014-06-17,26.5,27.0,26.5,26.8,49200
2014-06-18,26.9,27.0,26.6,26.9,156400
2014-06-19,26.5,27.1,26.5,27.0,115200
2014-06-22,26.3,27.0,26.3,27.0,154000
2014-06-23,26.7,28.3,26.7,28.0,229600
2014-06-24,28.2,28.4,27.8,28.0,116200
2014-06-25,27.5,28.2,27.5,28.0,59400
2014-06-26,27.9,28.5,27.9,28.4,162800
2014-06-29,28.7,29.0,28.5,28.8,160000
2014-06-30,29.0,29.3,28.6,28.8,232800
2014-07-02,27.8,28.8,27.8,28.1,211800
2014-07-03,28.0,28.3,28.0,28.2,93800
2014-07-06,27.5,28.4,27.5,28.2,76000
2014-07-07,28.0,28.8,28.0,28.3,54800
2014-07-08,28.0,28.5,28.0,28.3,145000
2014-07-09,28.1,28.6,28.1,28.4,57200
2014-07-10,28.3,28.5,28.1,28.3,40000
2014-07-13,27.7,28.7,27.7,28.4,59200
2014-07-14,28.2,29.1,28.2,28.8,54200
2014-07-15,28.9,30.0,28.5,28.8,109000
2014-07-16,29.0,29.0,28.5,28.7,38800
2014-07-17,28.6,28.8,28.6,28.7,80000
2014-07-20,27.5,29.4,27.5,28.9,38600
2014-07-21,28.2,29.0,28.2,28.4,63600
2014-07-22,28.6,29.5,28.2,29.3,198000
2014-07-23,29.3,29.4,28.3,28.5,342600
2014-07-24,28.5,29.2,28.5,28.7,53000
2014-08-03,28.5,28.6,28.4,28.4,32200
2014-08-04,28.3,29.0,28.2,28.9,126000
2014-08-05,28.9,29.2,28.5,28.9,112400
2014-08-06,28.7,29.0,28.6,28.8,58400
2014-08-07,28.5,29.0,28.4,28.5,60800
2014-08-10,28.5,28.6,28.2,28.4,102000
2014-08-11,28.3,28.3,28.0,28.0,55600
2014-08-12,28.0,28.5,27.7,27.7,71600
2014-08-13,27.7,27.9,27.6,27.6,66200
2014-08-14,27.6,27.9,27.6,27.6,80400
2014-08-18,27.6,27.8,27.6,27.6,119600
2014-08-19,27.5,27.6,26.9,27.3,43800
2014-08-20,27.2,27.9,27.0,27.5,207600
2014-08-21,27.5,27.8,27.0,27.2,76000
2014-08-24,27.5,27.7,27.5,27.5,172200
2014-08-25,27.5,27.9,27.5,27.6,151200
2014-08-26,27.6,28.1,27.1,27.6,643000
2014-08-27,27.6,27.7,27.5,27.5,127000
2014-08-28,27.5,27.8,27.5,27.5,15400
2014-08-31,26.7,27.9,26.7,27.6,52800
2014-09-01,26.9,27.0,26.5,26.6,45000
2014-09-02,26.6,26.7,26.4,26.4,79000
2014-09-03,26.5,27.0,26.3,26.3,141000
2014-09-04,27.3,27.3,26.3,26.3,161600
2014-09-07,26.3,26.8,26.3,26.7,144600
2014-09-08,26.7,27.0,26.7,26.8,197600
2014-09-09,26.9,27.1,26.8,27.0,260200
2014-09-10,26.8,27.1,26.8,27.0,295400
2014-09-11,27.0,27.1,26.7,27.0,234800
2014-09-14,26.9,27.0,26.9,26.9,169800
2014-09-15,26.7,26.9,26.5,26.6,86200
2014-09-16,26.6,26.9,26.3,26.5,173400
2014-09-17,26.5,27.3,26.5,26.8,90400
2014-09-18,26.8,28.4,26.6,27.9,64800
2014-09-21,27.3,28.3,27.3,28.1,24600
2014-09-22,27.8,29.9,27.8,29.0,220200
2014-09-23,29.8,30.8,28.5,29.8,189000
2014-09-24,29.9,30.5,28.0,28.4,128600
2014-09-25,27.5,29.1,27.4,28.5,96200
2014-09-28,29.0,29.0,27.4,27.5,166200
2014-09-29,27.7,28.8,27.7,28.2,30600
2014-09-30,28.2,29.8,28.0,29.3,108400
2014-10-01,28.9,29.5,28.8,29.2,41800
2014-10-02,28.9,29.9,28.9,29.7,38600
2014-10-12,30.0,30.9,30.0,30.5,87800
2014-10-13,31.3,31.3,29.8,30.1,77400
2014-10-14,30.9,30.9,29.1,29.1,170800
2014-10-15,28.8,31.0,28.8,30.5,62000
2014-10-16,30.2,31.6,30.1,31.2,408800
2014-10-19,30.8,30.8,29.9,30.0,43600
2014-10-20,30.1,30.5,29.6,30.0,232600
2014-10-21,30.2,30.2,29.6,29.8,101000
2014-10-22,29.4,30.0,29.4,29.7,299200
2014-10-23,29.8,30.0,29.7,29.9,71200
2014-10-26,29.8,29.9,29.5,29.6,79000
2014-10-27,29.6,30.2,29.6,30.1,101600
2014-10-28,30.1,30.5,30.0,30.1,221800
2014-10-29,29.7,30.0,29.2,29.7,55200
2014-10-30,29.9,30.1,29.5,29.7,127600
2014-11-02,30.0,30.0,29.0,29.5,321400
2014-11-03,29.5,29.7,29.1,29.4,118400
2014-11-05,29.9,29.9,28.5,28.9,179200
2014-11-06,29.0,29.0,28.4,28.5,27600
2014-11-09,28.5,28.5,27.6,27.8,40400
2014-11-10,28.0,28.3,27.9,27.9,13600
2014-11-11,28.0,28.2,27.9,27.9,13200
2014-11-12,27.9,28.8,27.5,27.5,30000
2014-11-13,27.3,28.0,27.3,27.6,25800
2014-11-16,27.4,27.6,27.3,27.4,49400
2014-11-17,29.0,29.0,27.3,27.3,58400
2014-11-18,27.4,27.4,27.4,27.4,27200
2014-11-19,27.2,28.9,27.2,27.5,349600
2014-11-20,27.5,27.6,27.2,27.5,449000
2014-11-23,27.5,27.5,26.7,26.8,267600
2014-11-24,26.9,26.9,26.5,26.5,260400
2014-11-25,26.9,26.9,26.5,26.7,132200
2014-11-26,26.7,27.1,26.5,26.8,819000
2014-11-27,26.8,27.5,26.5,27.1,864800
2014-11-30,27.2,27.3,26.9,27.1,81200
2014-12-01,27.5,27.9,27.0,27.2,447000
2014-12-02,27.3,27.7,27.3,27.5,26200
2014-12-03,27.9,28.0,27.2,27.4,1160600
2014-12-04,27.8,27.8,26.9,26.9,530200
2014-12-07,28.5,28.5,26.3,26.4,1803400
2014-12-08,27.8,27.8,26.6,26.7,233400
2014-12-09,26.6,27.5,26.0,27.4,1187400
2014-12-10,27.3,27.5,26.9,27.1,69200
2014-12-11,26.2,27.3,26.2,27.1,27216
2014-12-14,25.2,27.4,25.2,27.2,49663
2014-12-15,26.4,27.5,26.4,27.3,315882
2014-12-17,26.8,27.5,26.4,27.4,400739
2014-12-18,26.6,27.5,26.2,27.2,457873
2014-12-21,26.5,27.5,26.5,27.3,598552
2014-12-22,26.7,27.4,26.7,27.4,181578
2014-12-23,26.0,27.5,26.0,27.1,169248
2014-12-24,26.8,27.4,26.8,27.2,52450
2014-12-28,26.8,27.0,26.5,27.0,38072
2014-12-29,26.9,27.3,26.5,27.1,73042
2014-12-30,26.7,27.3,26.7,27.2,39247
2015-01-01,26.8,27.5,26.8,27.2,44673
2015-01-05,26.6,27.5,26.6,27.4,86521
2015-01-06,26.8,27.5,26.8,27.5,68898
2015-01-07,27.1,27.6,27.1,27.5,51210
2015-01-08,27.0,27.8,27.0,27.7,229186
2015-01-11,26.8,27.8,26.8,27.6,66521
2015-01-12,27.1,27.7,27.1,27.3,12709
2015-01-13,26.9,27.5,26.9,27.4,66984
2015-01-14,27.1,27.9,27.0,27.7,127993
2015-01-15,27.1,27.9,27.1,27.8,172895
2015-01-18,27.5,28.2,27.5,27.8,189208
2015-01-19,27.0,28.4,27.0,28.0,37940
2015-01-20,27.9,28.6,27.9,28.5,172821
2015-01-21,28.0,28.6,27.4,28.5,276308
2015-01-22,28.0,28.9,28.0,28.7,97641
2015-01-25,28.2,28.8,28.2,28.4,66904
2015-01-26,28.6,28.6,28.0,28.6,176977
2015-01-27,28.3,28.9,28.3,28.5,132335
2015-01-28,28.4,28.6,28.1,28.2,134832
2015-01-29,28.2,28.6,28.2,28.5,207090
2015-02-01,28.6,28.7,28.3,28.4,559822
2015-02-02,28.0,28.6,28.0,28.5,255022
2015-02-03,28.0,28.8,28.0,28.6,172275
2015-02-04,28.2,28.9,28.2,28.7,30286
2015-02-05,26.5,29.0,26.5,28.9,91062
2015-02-08,28.0,29.0,28.0,28.9,32979
2015-02-09,28.7,29.0,28.7,29.0,21758
2015-02-10,28.5,29.0,28.5,29.0,31804
2015-02-11,28.9,29.3,28.6,28.8,1837
2015-02-12,28.0,29.0,28.0,28.7,105028
2015-02-15,28.6,28.9,28.6,28.8,62188
2015-02-16,28.7,29.1,28.6,28.9,152783
2015-02-17,28.2,29.0,28.1,28.9,128067
2015-02-18,29.0,29.3,28.6,29.0,125203
2015-02-19,28.6,29.5,28.6,29.3,83920
2015-02-22,28.4,28.8,28.3,28.7,16905
2015-02-23,28.8,28.9,28.7,28.8,16042
2015-02-24,28.4,28.9,28.4,28.8,119220
2015-02-25,28.1,31.0,27.6,27.8,499726
2015-02-26,29.0,29.0,27.8,28.5,647726
2015-03-01,29.0,29.1,28.6,28.8,216243
2015-03-02,28.4,29.0,28.3,28.4,358016
2015-03-03,28.2,28.7,28.2,28.3,17796
2015-03-04,28.3,29.0,28.3,28.5,152904
2015-03-05,28.3,28.7,28.2,28.3,350112
2015-03-08,28.1,29.0,28.1,28.8,134003
2015-03-09,28.5,29.1,28.5,28.5,135249
2015-03-10,28.5,28.8,27.2,28.2,336479
2015-03-12,26.1,26.5,25.5,26.1,155501
2015-03-15,23.9,26.5,23.8,25.3,251459
2015-03-16,24.4,26.0,24.4,25.1,187711
2015-03-18,25.0,25.9,24.8,25.6,94716
2015-03-19,25.3,27.0,25.3,25.8,157449
2015-03-22,25.6,26.0,25.4,25.8,20800
2015-03-23,25.5,25.8,25.0,25.5,335970
2015-03-24,25.5,25.8,25.4,25.7,233849
2015-03-25,25.5,26.0,25.5,25.7,107751
2015-03-29,25.8,26.0,25.8,25.9,55118
2015-03-30,25.9,25.9,25.8,25.9,165651
2015-03-31,25.8,26.2,25.8,26.0,147843
2015-04-01,25.7,25.8,25.6,25.7,18362
2015-04-02,25.5,25.5,24.5,25.1,102095
2015-04-05,24.0,25.0,24.0,25.0,36586
2015-04-06,24.7,25.4,24.7,25.1,50586
2015-04-07,25.7,25.7,25.0,25.5,66721
2015-04-08,25.5,27.0,25.5,27.0,191558
2015-04-09,25.9,27.1,25.9,26.8,72614
2015-04-12,26.3,27.9,25.8,26.8,382292
2015-04-13,24.5,26.8,24.5,26.7,223984
2015-04-15,26.8,28.5,26.8,28.2,310134
2015-04-16,28.0,28.5,27.8,28.0,172700
2015-04-19,27.3,28.4,27.3,28.0,22307
2015-04-20,27.4,28.7,27.4,28.5,402732
2015-04-21,28.2,28.5,28.2,28.5,693449
2015-04-22,28.1,28.7,28.1,28.6,763941
2015-04-23,28.1,28.1,27.5,28.0,16933
2015-04-26,26.0,26.9,26.0,26.6,2560
2015-04-27,28.5,28.5,26.0,26.8,320171
2015-04-29,26.1,27.0,26.1,26.9,12102
2015-04-30,25.5,27.0,25.5,26.7,104439
2015-05-04,26.3,26.9,26.3,26.6,23080
2015-05-05,28.9,28.9,26.6,26.7,14873
2015-05-06,26.9,26.9,25.6,26.2,17644
2015-05-07,26.0,26.9,26.0,26.3,11840
2015-05-10,26.3,26.7,26.1,26.3,29974
2015-05-11,26.5,27.5,26.3,27.3,67483
2015-05-12,26.5,28.0,26.5,27.9,53243
2015-05-13,27.6,28.7,27.5,28.4,88880
2015-05-14,28.0,29.0,27.8,28.9,60544
2015-05-17,28.2,28.7,28.2,28.5,73874
2015-05-18,27.3,29.1,27.3,28.9,5186
2015-05-19,28.3,28.4,28.2,28.2,22239
2015-05-20,28.0,28.8,28.0,28.3,41496
2015-05-21,26.5,28.1,26.5,27.8,24069
2015-05-24,26.1,27.4,26.1,27.2,22455
2015-05-25,29.0,29.9,27.4,28.3,41377
2015-05-26,29.0,29.5,28.3,28.5,32157
2015-05-27,28.9,28.9,28.2,28.4,24182
2015-05-28,28.0,29.0,27.3,27.5,85151
2015-05-31,26.5,27.5,26.3,27.3,26065
2015-06-01,26.7,28.7,26.7,27.4,54756
2015-06-02,26.6,28.8,26.6,27.4,28192
2015-06-04,27.1,28.0,27.1,27.7,70425
2015-06-07,27.4,28.5,27.4,28.4,69068
2015-06-08,28.5,29.0,27.4,28.4,235142
2015-06-09,27.1,28.5,26.3,27.9,204805
2015-06-10,26.5,28.3,26.5,28.1,54764
2015-06-11,27.2,28.0,27.1,27.8,12944
2015-06-14,27.0,27.5,26.9,27.0,78711
2015-06-15,26.7,27.7,26.5,26.5,65797
2015-06-16,26.7,27.0,25.6,26.2,314681
2015-06-17,26.0,26.4,25.9,26.0,108620
2015-06-18,26.0,26.1,25.6,25.7,143788
2015-06-21,25.6,26.0,25.6,25.9,39449
2015-06-22,26.0,26.0,25.0,25.4,114335
2015-06-23,25.1,25.5,24.8,24.9,99797
2015-06-24,24.9,25.2,24.6,24.8,82656
2015-06-25,24.6,25.2,24.6,24.7,32311
2015-06-28,24.7,26.0,24.6,25.4,118912
2015-06-29,25.4,25.5,24.9,25.0,116540
2015-06-30,24.9,26.1,24.9,26.0,659223
2015-07-02,25.0,25.5,24.9,25.1,102648
2015-07-05,25.2,25.2,24.3,24.4,151204
2015-07-06,24.4,25.2,24.1,24.4,129418
2015-07-07,24.1,24.8,23.1,24.5,138737
2015-07-08,24.7,24.7,24.0,24.3,113441
2015-07-09,24.1,24.9,24.1,24.3,78100
2015-07-12,24.9,25.0,24.0,24.3,71965
2015-07-13,24.8,24.8,24.0,24.1,63767
2015-07-14,24.0,25.1,23.3,24.8,293541
2015-07-21,25.2,26.0,25.1,25.9,232891
2015-07-22,25.9,26.3,24.6,25.7,146379
2015-07-23,26.0,26.1,25.4,26.0,168933
2015-07-26,25.4,26.0,25.1,25.2,210857
2015-07-27,24.6,25.5,24.6,25.3,35467
2015-07-28,25.3,25.8,25.3,25.5,38366
2015-07-29,25.9,26.0,25.6,25.8,87622
2015-07-30,25.8,26.0,24.8,25.4,52379
2015-08-02,24.8,25.9,24.8,25.9,68414
2015-08-03,25.2,26.5,25.2,26.3,56855
2015-08-04,26.0,26.3,26.0,26.2,79559
2015-08-05,24.6,26.4,24.6,25.9,97190
2015-08-06,25.6,25.9,25.2,25.4,82846
2015-08-09,25.1,25.5,25.0,25.1,79429
2015-08-10,25.1,25.4,24.9,25.3,141799
2015-08-11,25.0,25.5,25.0,25.3,5621
2015-08-12,25.3,25.7,25.3,25.5,12858
2015-08-13,25.2,25.8,25.1,25.5,17380
2015-08-16,25.0,25.6,25.0,25.5,33088
2015-08-17,25.3,26.0,25.3,25.5,100295
2015-08-18,25.5,26.4,25.0,25.1,127497
2015-08-19,25.1,25.4,25.1,25.3,18622
2015-08-20,25.2,25.9,25.2,25.4,26835
2015-08-23,25.3,26.0,25.3,25.6,123833
2015-08-24,25.2,25.5,25.0,25.0,135221
2015-08-25,25.1,25.2,24.3,24.5,339512
2015-08-26,24.7,25.3,24.7,25.0,293505
2015-08-27,25.0,25.4,25.0,25.3,120923
2015-08-30,24.9,25.2,24.9,25.0,106468
2015-08-31,24.8,25.1,24.5,25.0,153648
2015-09-01,24.9,25.1,24.6,25.0,104005
2015-09-02,25.0,25.4,25.0,25.3,75086
2015-09-03,24.8,25.4,24.8,25.2,333245
2015-09-06,25.0,25.9,25.0,25.8,257905
2015-09-07,25.9,25.9,25.5,25.6,11814
2015-09-08,25.2,25.9,25.2,25.8,75612
2015-09-09,25.8,26.0,25.7,25.8,153855
2015-09-10,25.2,26.0,25.2,25.8,107549
2015-09-13,25.3,26.1,25.3,25.9,38496
2015-09-14,25.1,26.0,25.1,25.8,33514
2015-09-15,25.4,25.9,25.4,25.6,7182
2015-09-16,25.4,26.0,25.4,25.8,121987
2015-09-17,25.4,25.9,25.4,25.5,39137
2015-09-20,25.5,26.0,25.5,25.8,11617
2015-09-21,25.7,26.0,25.7,25.9,53024
2015-09-22,25.6,26.0,25.2,25.5,458494
2015-09-28,26.0,26.3,25.4,25.8,223990
2015-09-29,26.0,26.2,25.5,25.8,193425
2015-09-30,25.6,26.8,25.5,26.6,267888
2015-10-01,26.4,26.8,26.1,26.7,91558
2015-10-04,26.2,27.0,26.2,26.8,117940
2015-10-05,26.2,27.4,26.2,27.3,259829
2015-10-06,27.4,28.0,26.9,27.5,138304
2015-10-07,27.2,28.0,27.2,27.9,202182
2015-10-08,27.5,28.5,27.4,28.3,91630
2015-10-11,27.5,28.0,27.5,28.0,72597
2015-10-12,27.0,28.9,27.0,28.6,313021
2015-10-13,28.5,29.5,28.2,29.2,178152
2015-10-14,28.9,28.9,28.1,28.6,140438
2015-10-15,27.8,29.0,27.7,28.0,198097
2015-10-18,27.5,28.1,27.0,27.9,71974
2015-10-19,27.1,28.0,27.1,28.0,60074
2015-10-20,27.3,28.4,27.3,28.0,211300
2015-10-21,27.3,28.3,27.3,28.1,13889
2015-10-25,28.4,29.0,28.4,28.8,316180
2015-10-26,28.3,28.8,28.3,28.7,106056
2015-10-27,27.9,28.1,27.9,28.0,1328
2015-10-28,27.4,28.2,27.4,28.0,34906
2015-10-29,27.7,28.3,27.7,28.1,17918
2015-11-01,27.4,28.8,27.4,28.2,37529
2015-11-02,27.6,28.2,27.6,28.0,53301
2015-11-03,27.4,28.0,27.4,28.0,46517
2015-11-04,27.5,27.8,27.5,27.7,38446
2015-11-05,28.5,28.5,27.6,28.0,41202
2015-11-08,27.1,27.3,26.1,27.0,41011
2015-11-09,26.5,27.0,26.5,26.7,71051
2015-11-10,25.8,27.2,25.8,27.1,26273
2015-11-11,27.0,27.5,26.8,27.0,17806
2015-11-12,27.6,29.0,26.5,29.0,270462
2015-11-15,28.0,28.5,28.0,28.2,74270
2015-11-16,27.6,28.5,27.6,28.3,19338
2015-11-17,28.1,28.4,28.0,28.2,6407
2015-11-18,27.1,28.0,27.1,27.8,22757
2015-11-19,27.0,28.0,27.0,27.9,15561
2015-11-22,27.1,28.0,27.1,27.9,5789
2015-11-23,28.5,28.5,27.9,28.1,32062
2015-11-24,28.0,28.3,27.7,27.9,78289
2015-11-25,27.0,28.0,27.0,27.9,108399
2015-11-26,27.3,27.9,27.3,27.9,62873
2015-11-29,27.1,28.5,27.1,28.0,43435
2015-11-30,27.6,28.5,27.5,28.4,207302
2015-12-01,27.9,28.0,27.8,28.0,29962
2015-12-02,28.0,28.0,27.7,27.7,18915
2015-12-03,28.0,28.0,27.5,27.8,39152
2015-12-06,27.4,27.7,27.4,27.7,38730
2015-12-07,27.3,27.9,27.3,27.5,73739
2015-12-08,27.4,27.5,27.4,27.4,58933
2015-12-09,27.4,27.6,27.4,27.6,46100
2015-12-10,28.0,28.1,27.1,28.0,157003
2015-12-13,27.6,27.9,27.5,27.9,88808
2015-12-14,27.3,28.0,27.3,28.0,86922
2015-12-15,27.5,28.0,27.5,27.9,136272
2015-12-17,27.8,28.0,27.7,28.0,101096
2015-12-20,27.7,28.3,27.7,28.2,188299
2015-12-21,28.5,28.5,28.3,28.4,82062
2015-12-22,28.1,28.5,28.1,28.4,143683
2015-12-23,28.2,28.8,28.2,28.6,206872
2015-12-24,28.4,28.8,28.4,28.7,111887
2015-12-27,28.4,28.6,28.4,28.5,21658
2015-12-28,28.2,28.5,28.2,28.4,14838
2015-12-29,28.3,28.4,28.0,28.1,32803
2015-12-30,28.2,28.5,28.2,28.4,27781
2015-12-31,28.3,28.8,28.3,28.6,42758
2016-01-03,27.7,28.1,27.7,27.8,85
2016-01-04,28.1,29.0,28.1,28.8,97007
2016-01-05,29.1,29.1,28.5,28.7,237154
2016-01-06,28.8,28.9,28.7,28.8,73706
2016-01-07,28.0,29.1,28.0,29.0,227204
2016-01-10,28.5,29.2,28.5,29.0,63162
2016-01-11,29.0,29.8,29.0,29.6,164199
2016-01-12,28.8,29.6,28.5,29.5,115526
2016-01-13,28.5,29.5,28.5,29.3,119679
2016-01-14,29.0,29.4,28.9,29.1,114098
2016-01-17,28.8,29.4,28.7,29.0,70927
2016-01-18,29.0,29.3,28.9,29.0,65836
2016-01-19,29.0,29.0,28.8,29.0,75977
2016-01-20,28.8,29.0,28.8,29.0,59872
2016-01-21,28.7,29.2,28.7,28.9,15208
2016-01-24,28.7,29.5,26.5,29.3,195490
2016-01-25,28.2,29.0,28.2,28.8,8714
2016-01-26,28.4,29.0,28.4,28.8,64547
2016-01-27,28.6,29.1,28.6,29.0,43691
2016-01-28,29.0,29.2,27.6,29.0,33618
2016-01-31,28.0,29.3,28.0,28.9,26980
2016-02-01,27.7,29.3,27.7,29.0,93591
2016-02-02,28.4,29.0,28.2,28.9,58084
2016-02-03,28.9,30.2,28.9,29.0,86862
2016-02-04,28.8,29.4,28.6,29.2,334193
2016-02-07,28.7,30.0,28.7,29.8,154040
2016-02-08,29.3,30.4,29.2,30.2,401743
2016-02-09,29.0,30.0,29.0,29.9,236231
2016-02-10,29.5,30.7,29.5,30.6,304850
2016-02-11,30.1,30.4,30.1,30.3,93693
2016-02-14,30.3,30.5,29.4,29.5,49005
2016-02-15,28.8,30.0,28.7,29.9,120361
2016-02-16,29.5,30.2,29.5,30.0,28635
2016-02-17,29.5,30.0,28.3,28.7,127902
2016-02-18,28.0,28.8,28.0,28.5,130020
2016-02-22,28.2,31.3,28.1,28.7,38841
2016-02-23,29.0,30.1,28.7,30.0,58706
2016-02-24,29.2,30.2,29.2,30.1,69838
2016-02-25,28.6,29.9,28.6,29.9,38398
2016-02-28,29.5,30.0,29.2,29.8,33177
2016-02-29,29.2,30.1,29.2,30.0,41026
2016-03-01,29.4,29.8,28.8,29.3,27248
2016-03-02,29.3,30.0,29.3,29.8,37395
2016-03-03,28.9,30.1,28.8,30.1,55275
2016-03-06,29.0,30.1,28.8,28.9,597988
2016-03-07,28.6,28.9,27.4,28.5,540906
2016-03-08,27.8,27.9,26.3,26.7,469271
2016-03-09,26.4,26.4,25.0,25.1,506025
2016-03-10,25.8,26.7,25.6,26.5,142913
2016-03-13,26.1,26.5,25.8,26.4,73993
2016-03-14,26.1,26.6,26.0,26.4,35428
2016-03-15,26.3,26.6,25.9,26.4,67016
2016-03-16,27.0,28.0,26.1,27.8,350679
2016-03-20,28.0,29.0,25.7,28.9,168680
2016-03-21,28.0,30.0,28.0,29.8,215639
2016-03-22,29.4,30.5,29.0,30.5,564036
2016-03-23,29.5,30.0,29.0,29.9,87079
2016-03-24,28.1,29.7,28.1,29.5,412158
2016-03-27,29.4,30.5,29.3,30.1,107055
2016-03-28,29.5,30.1,29.2,30.0,245224
2016-03-29,30.0,30.8,29.8,30.7,321783
2016-03-30,30.7,30.7,30.2,30.6,102150
2016-03-31,30.2,30.4,29.5,29.9,83476
2016-04-03,29.0,31.0,29.0,30.4,121837
2016-04-04,32.0,33.0,31.0,31.5,674857
2016-04-05,31.8,32.0,31.5,31.7,191725
2016-04-06,31.5,31.6,31.1,31.4,143998
2016-04-07,31.2,31.8,31.1,31.8,146076
2016-04-10,31.9,32.2,31.7,32.2,209799
2016-04-11,32.1,32.5,31.9,32.0,225084
2016-04-12,31.9,32.3,31.9,32.2,175109
2016-04-13,32.1,32.2,32.0,32.2,141001
2016-04-17,31.8,32.2,31.8,32.1,120206
2016-04-18,32.0,32.3,32.0,32.1,88222
2016-04-19,32.3,32.3,31.9,32.0,138542
2016-04-20,32.1,32.5,32.0,32.2,83465
2016-04-21,32.2,32.5,32.2,32.4,105575
2016-04-24,32.9,33.3,32.5,32.8,322654
2016-04-26,28.0,28.0,25.8,26.4,417091
2016-04-27,26.2,26.6,26.0,26.1,56022
2016-04-28,25.3,25.9,25.1,25.4,43257
2016-05-02,25.6,25.6,24.9,25.3,41252
2016-05-03,25.8,26.0,25.2,25.4,42851
2016-05-04,25.3,26.0,25.1,25.8,192553
2016-05-05,25.7,26.2,25.6,26.1,176165
2016-05-08,25.8,26.2,25.7,26.2,52894
2016-05-09,26.8,26.8,25.7,26.2,87301
2016-05-10,25.8,26.0,25.7,25.9,70190
2016-05-11,25.7,25.9,25.7,25.9,28810
2016-05-12,25.6,26.1,25.6,25.9,54287
2016-05-15,26.2,26.6,26.0,26.4,67652
2016-05-16,26.3,26.3,26.0,26.2,29959
2016-05-17,26.5,26.5,26.0,26.1,39360
2016-05-18,25.8,26.7,25.8,26.6,53414
2016-05-19,26.7,26.7,26.6,26.6,40331
2016-05-22,26.6,26.8,26.5,26.6,35955
2016-05-24,27.0,27.0,26.6,26.8,46945
2016-05-25,26.7,26.8,26.5,26.6,28028
2016-05-26,26.1,26.5,26.1,26.5,10880
2016-05-29,26.9,26.9,26.3,26.5,23565
2016-05-30,26.3,26.9,26.3,26.8,22775
2016-05-31,26.5,26.8,26.5,26.7,68501
2016-06-01,26.6,26.6,26.3,26.4,21264
2016-06-02,26.3,26.3,25.7,26.3,20136
2016-06-05,26.2,26.5,26.0,26.3,11756
2016-06-06,26.2,26.9,26.1,26.5,137446
2016-06-07,26.7,27.1,26.4,27.0,206636
2016-06-08,26.9,27.2,26.9,27.0,38223
2016-06-09,26.9,27.1,26.5,27.1,54314
2016-06-12,26.8,27.1,26.8,27.0,72199
2016-06-13,26.5,26.9,26.5,26.8,33795
2016-06-14,26.9,26.9,26.5,26.7,101471
2016-06-15,26.3,26.8,26.3,26.7,20793
2016-06-16,26.5,26.8,26.5,26.5,24468
2016-06-19,26.6,26.7,26.3,26.6,56313
2016-06-20,26.4,26.6,26.4,26.5,14023
2016-06-21,26.5,26.7,26.4,26.6,74081
2016-06-22,26.3,26.7,26.3,26.7,67032
2016-06-23,26.6,27.1,26.6,27.0,283224
2016-06-26,26.6,27.0,26.6,26.9,62113
2016-06-27,26.6,27.5,26.6,27.5,161857
2016-06-28,27.1,28.5,27.1,28.1,217165
2016-06-29,27.9,28.8,27.8,28.4,407313
2016-06-30,28.5,29.8,28.2,29.2,506602
2016-07-10,29.0,29.5,28.4,29.2,228560
2016-07-11,28.7,29.1,28.7,29.0,72363
2016-07-12,28.8,29.5,28.7,29.0,206254
2016-07-13,29.0,29.0,28.4,28.5,52829
2016-07-14,28.7,28.7,28.2,28.3,37580
2016-07-16,27.8,28.2,27.8,28.1,34041
2016-07-17,28.1,28.6,28.1,28.3,108758
2016-07-18,28.7,28.7,28.2,28.4,186890
2016-07-19,28.7,28.7,28.1,28.2,104353
2016-07-20,28.2,28.4,28.0,28.2,132005
2016-07-21,28.0,28.9,27.8,28.7,220360
2016-07-24,28.5,28.5,28.3,28.4,56799
2016-07-25,28.1,28.5,27.7,27.8,164139
2016-07-26,27.9,28.1,27.9,28.0,30404
2016-07-27,27.9,28.0,27.8,28.0,65253
2016-07-28,28.1,30.4,27.9,29.1,81694
2016-07-31,28.6,29.1,28.1,28.3,68445
2016-08-01,28.3,28.4,28.1,28.1,13689
2016-08-02,28.0,28.3,28.0,28.1,69243
2016-08-03,28.2,28.3,28.0,28.0,60104
2016-08-04,28.0,28.2,28.0,28.1,30552
2016-08-07,28.0,28.5,27.9,28.1,57093
2016-08-08,28.0,28.1,28.0,28.1,113702
2016-08-09,28.2,28.5,28.0,28.3,42426
2016-08-10,28.1,28.2,28.0,28.1,20597
2016-08-11,28.1,28.3,28.1,28.2,73929
2016-08-14,28.2,28.7,28.2,28.6,71846
2016-08-16,28.4,29.0,28.4,28.9,82935
2016-08-17,28.7,29.5,28.7,29.1,91582
2016-08-18,28.7,29.0,28.2,28.8,132332
2016-08-21,28.3,29.4,28.3,29.3,109325
2016-08-22,28.8,29.8,28.8,29.6,255226
2016-08-23,29.0,29.4,28.9,29.3,136800
2016-08-24,29.0,29.4,28.9,29.4,85285
2016-08-28,29.0,29.9,29.0,29.2,180045
2016-08-29,29.2,29.5,28.9,29.2,169619
2016-08-30,28.9,29.2,28.7,28.9,132581
2016-08-31,28.6,29.0,28.6,28.7,113467
2016-09-01,28.8,29.0,28.7,28.9,36700
2016-09-04,28.7,29.0,28.7,28.9,213270
2016-09-05,29.0,29.1,28.8,28.8,166663
2016-09-06,28.7,28.7,28.5,28.7,61331
2016-09-07,28.8,29.3,28.8,29.2,53326
2016-09-08,29.0,29.2,28.8,28.9,101955
2016-09-18,28.9,29.2,28.9,29.1,113445
2016-09-19,29.0,29.2,29.0,29.0,111198
2016-09-20,29.0,29.2,29.0,29.1,34353
2016-09-21,29.1,29.4,29.0,29.1,173104
2016-09-22,29.0,29.1,28.9,29.0,79386
2016-09-24,29.0,29.8,29.0,29.5,258455
2016-09-25,29.5,29.5,29.3,29.5,177775
2016-09-26,29.4,29.5,29.4,29.4,117340
2016-09-27,29.2,29.5,29.2,29.3,177051
2016-09-28,29.1,29.5,29.1,29.4,261364
2016-09-29,29.4,29.4,29.2,29.4,41712
2016-10-02,29.3,29.3,29.2,29.2,49482
2016-10-03,29.3,29.3,29.1,29.2,148804
2016-10-04,29.2,29.3,29.2,29.2,137427
2016-10-05,29.1,29.3,29.1,29.3,44634
2016-10-06,29.3,29.3,29.2,29.2,172785
2016-10-09,29.5,29.5,29.3,29.4,61999
2016-10-10,29.3,29.5,29.2,29.3,198995
2016-10-13,29.3,29.4,29.3,29.4,24322
2016-10-16,29.3,29.4,29.3,29.4,105034
2016-10-17,29.4,29.4,29.3,29.3,105027
2016-10-18,29.3,29.5,29.2,29.4,88000
2016-10-19,29.3,29.5,29.3,29.4,186235
2016-10-20,29.3,29.3,29.0,29.1,96691
2016-10-23,29.2,29.3,29.1,29.2,108097
2016-10-24,29.2,29.2,29.1,29.2,27955
2016-10-25,29.3,29.3,29.1,29.2,33571
2016-10-26,29.1,30.0,28.9,29.1,133270
2016-10-27,29.0,29.0,29.0,29.0,2519
2016-10-30,29.0,29.0,28.9,29.0,19276
2016-10-31,28.5,29.2,28.4,28.9,38526
2016-11-01,29.0,29.2,29.0,29.1,32263
2016-11-02,29.0,29.3,29.0,29.0,105118
2016-11-03,29.0,29.4,28.9,29.4,48064
2016-11-06,29.2,29.3,29.0,29.2,30007
2016-11-07,29.2,29.3,29.0,29.3,53084
2016-11-08,29.0,29.3,29.0,29.3,38467
2016-11-09,29.3,29.3,28.5,29.0,96457
2016-11-10,28.6,29.3,28.6,29.0,69173
2016-11-13,28.8,29.1,28.8,28.9,4271
2016-11-14,28.6,29.4,28.6,29.1,34619
2016-11-15,28.7,29.3,28.7,29.2,95518
2016-11-16,29.0,29.1,28.9,29.0,40933
2016-11-17,28.9,29.3,28.9,29.1,121967
2016-11-20,29.1,29.2,28.7,28.7,117325
2016-11-21,29.2,31.0,28.8,29.1,182424
2016-11-22,29.3,29.4,29.1,29.3,123570
2016-11-23,29.0,29.5,28.8,29.3,515276
2016-11-24,29.6,30.4,29.2,29.6,556007
2016-11-27,29.5,29.8,29.2,29.3,122700
2016-11-28,29.4,29.4,28.9,28.9,285513
2016-11-29,29.0,29.0,28.8,28.9,257804
2016-11-30,28.9,29.0,28.9,29.0,74604
2016-12-01,28.9,29.2,28.9,29.0,88901
2016-12-04,29.0,29.1,28.9,29.0,436790
2016-12-05,28.9,29.0,28.8,28.9,119338
2016-12-06,28.8,29.1,28.4,29.0,174119
2016-12-07,29.1,29.1,28.9,29.0,573132
2016-12-08,29.0,29.1,28.8,28.9,375838
2016-12-11,29.1,29.1,28.8,28.9,76390
2016-12-12,28.8,29.0,28.8,28.9,172846
2016-12-14,29.0,29.0,28.8,28.9,51462
2016-12-15,28.9,29.0,28.8,28.9,191155
2016-12-18,28.8,29.0,28.6,28.7,209274
2016-12-19,28.9,29.0,27.9,28.1,758718
2016-12-20,28.8,28.8,28.0,28.2,1265151
2016-12-21,28.2,28.7,28.2,28.6,257887
2016-12-22,28.6,28.8,28.5,28.7,650886
2016-12-26,28.5,29.1,28.5,29.0,409648
2016-12-27,29.5,29.5,29.0,29.2,379473
2016-12-28,29.5,29.5,28.9,29.0,426143
2016-12-29,29.3,29.5,28.8,29.0,406824
2017-01-01,29.5,29.5,29.0,29.1,335744
2017-01-02,29.3,29.5,29.2,29.3,940853
2017-01-03,29.2,29.7,29.2,29.4,292020
2017-01-04,29.3,29.5,29.3,29.3,96148
2017-01-05,29.3,29.8,29.3,29.6,450372
2017-01-08,29.5,30.4,29.4,30.0,335741
2017-01-09,30.4,30.8,29.9,30.0,527831
2017-01-10,30.2,30.4,29.9,30.2,278733
2017-01-11,30.4,30.9,30.3,30.5,453815
2017-01-12,30.5,30.9,30.3,30.5,331737
2017-01-15,30.4,31.2,30.2,31.1,1063460
2017-01-16,31.0,32.8,30.9,31.8,1369653
2017-01-17,32.9,33.5,32.3,33.2,1442862
2017-01-18,33.3,33.3,32.2,32.8,960751
2017-01-19,32.5,32.7,31.6,32.3,510725
2017-01-22,32.4,33.6,32.3,33.5,963861
2017-01-23,34.1,35.8,32.8,34.8,2944294
2017-01-24,34.7,35.9,34.0,35.6,1332091
2017-01-25,35.6,35.6,33.3,34.1,782454
2017-01-26,33.6,35.0,33.4,34.8,865980
2017-01-29,34.9,35.3,33.1,33.3,577196
2017-01-30,33.8,34.0,32.3,32.9,478033
2017-01-31,33.0,33.5,32.7,33.2,527386
2017-02-01,33.9,33.9,32.5,32.9,262536
2017-02-02,33.0,33.3,32.3,33.1,554870
2017-02-05,32.8,33.1,32.1,32.8,336883
2017-02-06,32.5,33.1,32.5,32.9,221722
2017-02-07,33.4,33.9,32.8,32.9,237047
2017-02-08,33.9,33.9,32.9,33.2,173443
2017-02-09,33.3,33.7,33.0,33.2,211038
2017-02-12,33.5,33.7,33.0,33.2,179691
2017-02-13,33.4,33.4,33.0,33.1,210064
2017-02-14,33.1,33.4,33.1,33.2,327057
2017-02-15,33.3,33.5,32.8,33.0,162622
2017-02-16,32.9,33.2,32.9,33.1,175204
2017-02-19,33.0,33.2,32.7,33.0,181452
2017-02-20,32.3,33.4,32.3,33.2,264385
2017-02-22,33.3,33.7,33.3,33.4,176180
2017-02-23,33.0,33.2,33.0,33.1,60025
2017-02-26,33.2,33.5,33.1,33.4,152576
2017-02-27,33.5,34.0,33.4,33.9,1558193
2017-02-28,34.2,34.2,33.5,33.9,217883
2017-03-01,33.7,33.7,33.3,33.5,160819
2017-03-02,33.5,33.6,32.9,33.0,96363
2017-03-05,33.0,33.6,32.9,33.3,57751
2017-03-06,33.3,33.5,32.8,33.3,193176
2017-03-07,33.2,33.5,33.1,33.4,81675
2017-03-08,33.5,33.9,33.4,33.7,440168
2017-03-09,34.0,34.5,33.7,33.8,350432
2017-03-12,33.7,34.4,33.7,34.0,167387
2017-03-13,34.0,34.3,33.9,34.1,264638
2017-03-14,34.2,35.4,34.2,35.0,1609254
2017-03-15,35.5,36.0,34.9,35.3,1056895
2017-03-16,35.3,35.3,34.5,34.7,609206
2017-03-19,35.0,35.4,34.5,34.7,726031
2017-03-20,34.8,35.0,34.4,34.8,546957
2017-03-21,34.5,34.5,33.7,34.1,1214417
2017-03-22,34.2,34.6,33.9,34.0,822411
2017-03-23,34.1,34.1,32.6,32.8,730209
2017-03-27,33.2,33.5,32.5,32.8,337223
2017-03-28,32.9,33.3,32.8,33.0,622178
2017-03-29,33.0,33.6,33.0,33.4,617702
2017-03-30,33.1,33.4,32.8,32.9,338832
2017-04-02,33.5,35.0,32.8,33.0,296254
2017-04-03,33.1,33.3,32.9,33.1,242852
2017-04-04,33.3,33.4,32.9,33.0,1011510
2017-04-05,32.5,33.1,32.3,32.6,787956
2017-04-06,32.5,33.3,32.5,33.1,1069133
2017-04-09,33.3,33.5,33.1,33.4,1481968
2017-04-10,33.4,34.7,33.4,34.5,3325198
2017-04-12,31.9,31.9,29.7,30.4,698353
2017-04-13,31.3,31.3,30.2,30.4,205003
2017-04-16,30.0,30.4,30.0,30.4,200729
2017-04-17,30.2,30.8,30.0,30.5,714165
2017-04-18,30.4,30.7,30.1,30.6,205627
2017-04-19,30.2,30.6,30.2,30.5,86099
2017-04-20,30.3,30.5,30.3,30.5,537240
2017-04-23,30.1,30.5,30.1,30.3,174065
2017-04-24,30.1,30.7,30.1,30.5,115429
2017-04-25,30.5,30.8,30.3,30.4,172960
2017-04-26,30.3,30.6,30.3,30.6,134349
2017-04-27,30.2,30.7,30.2,30.5,69150
2017-04-30,30.6,30.7,30.4,30.6,170504
2017-05-02,30.5,30.5,30.2,30.4,164651
2017-05-03,30.5,30.7,30.5,30.5,100936
2017-05-04,30.3,30.5,30.3,30.5,173549
2017-05-07,30.6,30.6,30.6,30.6,95659
2017-05-08,30.7,30.9,30.7,30.8,122576
2017-05-09,30.4,31.2,30.4,31.1,167337
2017-05-11,30.5,30.8,30.5,30.6,68000
2017-05-14,31.0,31.0,30.5,31.0,345235
2017-05-15,31.0,31.1,30.5,30.8,144773
2017-05-16,31.0,31.0,30.7,30.8,204834
2017-05-17,30.6,31.0,30.6,30.9,118166
2017-05-18,30.9,31.0,30.7,30.9,280357
2017-05-21,30.8,30.9,30.8,30.9,380420
2017-05-22,30.9,31.2,30.9,31.1,156738
2017-05-23,31.1,31.2,31.0,31.1,135259
2017-05-24,31.1,31.2,31.0,31.2,80915
2017-05-25,31.2,31.8,31.1,31.8,467613
2017-05-28,31.8,31.9,31.3,31.4,288445
2017-05-29,31.3,31.7,31.3,31.5,50363
2017-05-30,31.5,31.6,31.3,31.4,77938
2017-05-31,31.4,31.8,31.4,31.7,99903
2017-06-01,31.9,32.0,31.6,31.7,233835
2017-06-04,32.0,32.0,31.6,31.9,637905
2017-06-05,31.9,32.3,31.8,32.0,359831
2017-06-06,31.9,32.0,31.8,32.0,82309
2017-06-07,31.9,32.0,31.9,32.0,196536
2017-06-08,32.1,32.4,32.0,32.1,272830
2017-06-11,32.1,32.2,32.1,32.2,125381
2017-06-12,32.4,32.5,32.2,32.3,138936
2017-06-13,32.2,32.3,32.2,32.3,95912
2017-06-14,32.1,32.2,32.0,32.1,34071
2017-06-15,32.1,32.3,32.0,32.2,325747
2017-06-18,32.1,32.5,32.1,32.4,325279
2017-06-19,32.0,32.5,32.0,32.5,321352
2017-06-20,32.2,32.6,32.2,32.5,743842
2017-06-21,32.8,32.8,32.4,32.5,818157
2017-06-22,32.5,33.0,32.5,32.9,549282
2017-06-28,33.0,34.0,33.0,33.8,671000
2017-06-29,33.4,35.8,33.4,35.0,1500205
2017-07-02,35.0,35.0,34.0,34.7,224074
2017-07-03,34.3,35.2,34.3,35.0,935336
2017-07-04,35.0,35.1,34.8,35.0,474699
2017-07-05,34.7,35.3,34.7,35.2,322568
2017-07-06,35.4,35.4,34.9,35.1,1019373
2017-07-09,35.1,35.2,34.9,35.1,468594
2017-07-10,34.8,36.0,34.8,35.6,949370
2017-07-11,35.8,38.0,35.4,37.0,705155
2017-07-12,36.9,36.9,36.0,36.1,132772
2017-07-13,36.1,36.8,35.7,36.6,684046
2017-07-16,35.9,37.0,35.9,36.5,239046
2017-07-17,36.0,36.6,35.9,36.1,185229
2017-07-18,36.1,36.4,36.1,36.2,58214
2017-07-19,35.7,36.2,35.7,36.1,167927
2017-07-20,35.0,36.2,35.0,36.0,101400
2017-07-23,36.2,36.2,35.7,36.0,82497
2017-07-24,36.1,36.7,35.9,36.5,416141
2017-07-25,36.4,37.0,36.4,36.7,253625
2017-07-26,36.5,37.0,36.3,36.8,154862
2017-07-27,37.0,37.5,36.5,36.9,378360
2017-07-30,36.4,37.1,36.4,37.0,173855
2017-07-31,36.7,40.0,36.7,39.5,1175628
2017-08-01,39.7,43.2,39.3,42.0,1854102
2017-08-02,42.2,42.8,40.0,42.5,1196574
2017-08-03,42.5,42.9,41.7,42.5,752886
2017-08-06,42.6,42.6,41.1,41.9,834773
2017-08-07,42.4,43.8,42.2,42.7,7885631
2017-08-08,42.8,43.4,42.6,42.9,2038141
2017-08-09,43.2,43.7,42.6,42.7,944229
2017-08-10,43.0,45.8,42.9,44.6,1912079
2017-08-13,45.0,48.0,45.0,45.8,2350802
2017-08-16,46.3,46.5,44.1,44.4,972349
2017-08-17,44.9,44.9,42.1,42.5,874943
2017-08-20,42.7,42.7,40.8,41.2,578836
2017-08-21,41.8,42.7,41.6,42.2,811962
2017-08-22,42.4,42.5,41.4,41.6,810044
2017-08-23,41.7,42.0,41.4,41.6,629676
2017-08-24,42.3,42.4,41.7,42.1,920337
2017-08-27,42.3,43.5,42.2,43.0,722404
2017-08-28,43.4,44.4,42.9,44.1,673792
2017-08-29,44.0,44.2,42.7,43.2,522455
2017-08-30,43.1,43.7,42.8,43.1,292787
2017-08-31,43.7,45.4,43.3,45.0,880090
2017-09-04,45.0,45.7,44.4,45.4,366669
2017-09-05,45.5,45.8,44.5,45.5,499161
2017-09-06,45.1,46.0,44.3,44.9,1259286
2017-09-07,44.4,46.0,44.0,45.5,756336
2017-09-10,45.7,46.0,44.8,45.5,746653
2017-09-11,44.7,45.5,43.6,43.9,613796
2017-09-12,43.9,46.0,43.4,45.4,777874
2017-09-13,45.4,46.5,45.4,46.0,1043015
2017-09-14,46.3,46.7,45.2,46.2,1060448
2017-09-17,46.0,46.9,45.6,46.6,422354
2017-09-18,46.8,47.0,46.0,46.3,1354003
2017-09-19,46.4,46.6,45.2,45.5,821766
2017-09-20,45.5,45.9,44.4,44.7,631423
2017-09-21,45.0,45.5,44.2,45.2,199856
2017-09-24,44.8,45.7,44.8,45.1,380117
2017-09-25,44.3,45.2,44.3,44.8,644766
2017-09-26,44.1,45.2,44.1,44.9,597596
2017-09-27,44.4,45.6,44.4,45.0,533246
2017-09-28,44.5,45.8,44.5,45.4,318978
2017-10-02,45.9,47.8,45.5,46.8,465562
2017-10-03,46.5,47.1,46.4,46.7,466229
2017-10-04,46.3,48.3,46.1,48.0,1103563
2017-10-05,48.1,50.0,48.0,49.1,1456224
2017-10-08,49.4,49.8,48.5,48.7,1342523
2017-10-09,48.1,48.6,47.0,47.6,1034242
2017-10-10,46.2,48.5,43.3,47.9,651785
2017-10-11,48.3,49.3,47.4,47.7,1348351
2017-10-12,47.5,48.2,46.8,47.3,493218
2017-10-15,47.4,48.0,46.9,47.6,322604
2017-10-16,47.7,48.0,46.6,46.9,372601
2017-10-17,46.1,47.7,46.1,46.9,140159
2017-10-18,46.6,47.0,46.1,46.6,257541
2017-10-19,46.6,47.2,46.6,46.9,227545
2017-10-22,46.9,47.3,46.7,47.2,85605
2017-10-23,46.5,47.2,46.4,46.5,133675
2017-10-24,46.4,46.7,45.8,46.2,168440
2017-10-25,46.5,46.6,46.1,46.4,181014
2017-10-26,46.8,48.0,46.8,47.8,477563
2017-10-29,47.9,49.0,47.7,48.0,318182
2017-10-30,47.9,48.6,46.9,47.2,185513
2017-10-31,47.4,47.9,47.0,47.3,98341
2017-11-01,47.8,48.1,47.4,48.0,322110
2017-11-02,48.2,48.9,48.2,48.7,454702
2017-11-05,48.4,49.1,48.4,48.7,1218975
2017-11-06,48.9,51.8,48.8,51.2,1415286
2017-11-07,51.4,54.5,51.4,54.1,1546764
2017-11-08,54.0,55.0,53.5,54.9,1638336
2017-11-09,55.3,55.8,54.7,55.6,1155611
2017-11-12,55.6,56.3,54.7,55.2,2253289
2017-11-13,55.8,55.8,54.5,54.8,399280
2017-11-14,54.8,59.0,54.7,57.0,1146775
2017-11-15,57.0,57.1,55.0,55.5,731811
2017-11-16,55.2,56.9,54.8,56.5,1204596
2017-11-19,57.4,58.0,56.8,57.1,1085359
2017-11-20,56.7,57.5,56.3,56.6,550922
2017-11-21,56.3,57.0,55.0,55.2,472841
2017-11-22,55.2,55.3,53.8,54.7,444823
2017-11-23,55.0,55.8,54.2,54.5,345723
2017-11-26,54.8,55.2,54.2,54.4,251735
2017-11-27,55.0,55.0,53.9,54.1,289930
2017-11-28,54.4,54.4,51.2,52.0,773444
2017-11-29,51.7,52.0,50.3,51.4,702865
2017-11-30,52.1,53.9,52.1,53.7,1553804
2017-12-03,53.7,54.1,52.8,52.9,589258
2017-12-04,52.5,52.8,51.9,52.0,642615
2017-12-05,52.4,53.3,52.2,52.7,288512
2017-12-06,53.8,53.8,52.8,53.0,510633
2017-12-07,53.0,53.0,52.5,52.7,337233
2017-12-10,52.1,52.1,51.5,51.9,111121
2017-12-11,51.9,52.5,51.3,51.5,197263
2017-12-12,52.4,53.2,51.9,52.8,494277
2017-12-13,52.9,53.4,52.0,52.5,516103
2017-12-14,52.1,52.6,52.0,52.5,236832
2017-12-17,52.5,52.5,51.5,51.6,363336
2017-12-18,52.5,52.8,51.5,51.6,741619
2017-12-19,52.1,53.2,51.5,51.7,1886773
2017-12-20,52.1,52.1,51.0,51.1,822638
2017-12-21,51.2,51.2,50.6,50.7,487648
2017-12-24,50.8,51.6,50.1,50.4,437251
2017-12-26,51.0,51.0,50.0,50.3,1250588
2017-12-27,50.1,50.3,49.5,50.1,829764
2017-12-28,50.5,51.4,50.5,51.1,956118
2018-01-01,51.2,51.5,50.9,51.1,220463
2018-01-02,50.9,50.9,50.7,50.8,21700
2018-01-03,50.5,51.0,50.2,50.9,176070
2018-01-04,50.6,50.9,50.5,50.6,98182
2018-01-07,50.3,51.3,50.1,50.4,272281
2018-01-08,50.4,50.4,48.7,48.9,675120
2018-01-09,48.7,48.8,48.0,48.3,202824
2018-01-10,48.0,48.3,47.9,48.0,296342
2018-01-11,48.0,48.9,47.7,48.3,383934
2018-01-14,47.9,48.0,47.3,47.5,244956
2018-01-15,47.4,47.4,45.6,45.8,289170
2018-01-16,45.5,47.0,44.2,46.5,348698
2018-01-17,47.1,47.8,45.8,46.0,320524
2018-01-18,45.1,46.3,44.9,45.4,131455
2018-01-21,44.3,45.5,44.3,44.9,65188
2018-01-22,45.0,46.0,45.0,45.6,148239
2018-01-23,45.4,46.0,45.3,45.5,366399
2018-01-24,45.0,45.2,44.9,45.1,200914
2018-01-25,44.8,46.0,44.8,45.8,226654
2018-01-28,44.2,45.8,44.2,45.7,203333
2018-01-29,45.0,45.8,44.6,45.3,299424
2018-01-30,45.0,46.0,43.2,44.6,393681
2018-01-31,44.3,44.3,43.0,43.8,371376
2018-02-01,44.0,44.1,42.3,42.6,289703
2018-02-04,42.2,42.2,40.8,41.0,142228
2018-02-05,40.3,41.6,38.5,40.5,876758
2018-02-06,41.4,43.0,41.2,42.1,314310
2018-02-07,42.1,42.9,41.5,42.3,419309
2018-02-08,42.5,43.3,42.4,42.9,405238
2018-02-11,43.7,44.7,43.0,44.4,336767
2018-02-12,45.0,46.0,43.7,44.8,704028
2018-02-13,44.8,45.7,44.6,44.9,308253
2018-02-14,45.4,45.4,44.9,44.9,199805
2018-02-15,44.9,45.0,43.2,43.5,268536
2018-02-18,43.0,43.0,41.0,41.2,94171
2018-02-19,42.0,42.0,41.3,41.3,136354
2018-02-20,42.5,42.5,41.0,41.2,238705
2018-02-22,42.0,42.2,41.2,41.5,164625
2018-02-25,40.5,41.2,40.1,40.7,54316
2018-02-26,38.9,41.5,38.9,40.3,102225
2018-02-27,40.7,42.0,40.7,41.1,203160
2018-02-28,41.3,41.8,41.0,41.4,134971
2018-03-01,41.4,42.8,41.4,42.6,172921
2018-03-04,43.5,44.0,40.9,42.6,100352
2018-03-05,42.0,42.6,40.9,41.0,81357
2018-03-06,40.1,41.7,40.1,41.2,58525
2018-03-07,41.2,41.5,40.2,40.4,27251
2018-03-08,40.4,40.9,39.5,40.2,71851
2018-03-11,40.2,40.2,39.1,39.4,36188
2018-03-12,39.2,39.3,38.8,39.0,124989
2018-03-13,39.1,39.6,38.7,39.0,45197
2018-03-14,39.3,39.3,37.6,38.8,49205
2018-03-15,39.6,41.6,38.4,39.6,686028
2018-03-18,39.7,40.5,39.5,40.0,74709
2018-03-19,39.1,39.9,38.5,38.8,17963
2018-03-20,38.1,39.3,37.9,38.0,71265
2018-03-21,38.0,38.0,36.1,36.9,101714
2018-03-22,37.5,38.6,36.8,37.8,183546
2018-03-25,41.3,41.3,37.5,37.7,146819
2018-03-27,38.0,38.0,37.3,37.5,19227
2018-03-28,37.0,39.8,37.0,38.7,115275
2018-03-29,39.3,40.4,38.8,40.2,165533
2018-04-01,41.0,42.1,40.2,41.2,446480
2018-04-02,42.0,42.2,41.0,41.8,355422
2018-04-03,42.1,42.2,41.6,41.8,1087219
2018-04-04,42.0,42.3,40.9,41.5,209346
2018-04-05,41.7,41.9,41.4,41.7,372913
2018-04-08,41.7,43.8,41.7,43.1,705072
2018-04-09,43.0,43.2,42.3,42.4,219303
2018-04-10,42.4,42.4,41.0,41.3,220231
2018-04-11,42.1,42.1,40.4,40.6,124444
2018-04-12,40.7,40.8,40.2,40.4,102899
2018-04-15,39.5,39.9,39.4,39.5,79017
2018-04-16,39.5,40.0,38.5,39.6,166492
2018-04-17,39.5,39.5,38.7,39.0,256986
2018-04-18,39.9,41.9,39.0,41.1,216596
2018-04-19,40.5,41.4,40.0,40.3,260380
2018-04-22,39.6,40.6,39.4,39.7,250609
2018-04-23,39.5,40.3,39.5,40.0,262019
2018-04-24,40.0,40.6,39.9,40.2,57145
2018-04-25,38.9,39.4,31.0,38.8,484616
2018-04-26,39.0,40.0,39.0,39.6,184334
2018-04-30,39.6,39.6,38.4,38.5,229580
2018-05-03,36.1,38.5,36.1,37.0,88306
2018-05-06,37.0,37.0,35.7,36.5,166580
2018-05-07,36.9,37.1,36.0,36.0,120031
2018-05-08,36.7,36.7,35.1,35.7,153905
2018-05-09,36.0,36.0,35.0,35.2,68820
2018-05-10,34.5,34.9,33.9,34.2,479129
2018-05-13,34.5,34.9,34.4,34.5,315983
2018-05-14,34.5,36.0,34.5,35.2,253375
2018-05-15,34.5,36.0,34.5,35.6,106523
2018-05-16,35.5,38.0,34.8,37.5,352872
2018-05-17,37.5,37.5,35.2,35.7,271860
2018-05-21,33.1,33.7,33.1,33.6,754937
2018-05-22,33.7,34.7,33.6,34.1,261791
2018-05-23,34.1,35.1,34.0,34.5,209780
2018-05-24,34.9,35.8,34.5,35.4,350231
2018-05-27,35.4,36.5,35.4,36.1,483756
2018-05-28,36.1,36.5,35.5,36.0,519821
2018-05-29,36.0,36.2,35.8,35.9,3009270
2018-05-30,36.0,36.0,35.4,35.8,1316385
2018-05-31,35.8,36.0,35.7,36.0,318165
2018-06-03,34.8,35.8,34.8,35.5,55829
2018-06-04,35.7,35.9,35.4,35.4,169385
2018-06-05,36.0,36.0,35.3,35.4,86762
2018-06-06,36.2,38.0,35.4,36.7,190561
2018-06-07,38.0,38.0,35.2,36.0,162115
2018-06-10,36.0,36.0,34.6,34.8,111686
2018-06-11,34.9,35.8,34.8,34.9,787926
2018-06-12,35.0,35.5,35.0,35.4,37160
2018-06-18,35.6,35.6,34.5,34.5,254719
2018-06-19,34.5,35.0,34.5,34.7,284828
2018-06-20,34.7,34.9,34.5,34.5,129276
2018-06-21,34.9,35.0,34.5,34.6,448141
2018-06-24,35.0,35.4,34.8,35.0,316770
2018-06-25,34.8,35.0,34.6,34.7,106730
2018-06-26,34.7,35.0,34.7,34.9,292936
2018-06-27,35.0,35.1,33.3,34.1,118257
2018-06-28,33.6,34.6,33.5,33.8,66957
2018-07-02,33.2,33.7,32.2,32.7,51210
2018-07-03,32.4,33.7,32.4,33.2,121491
2018-07-04,33.0,34.0,33.0,33.8,92939
2018-07-05,33.6,33.6,32.8,33.1,366055
2018-07-08,32.7,33.1,32.7,32.9,415945
2018-07-09,32.9,33.2,32.1,32.7,741617
2018-07-10,32.5,33.1,32.5,32.9,565693
2018-07-11,33.2,34.0,30.5,32.2,176600
2018-07-12,32.2,32.2,31.9,32.0,232034
2018-07-15,32.0,32.0,30.9,31.2,686569
2018-07-16,30.7,31.6,30.7,31.2,602074
2018-07-17,31.1,31.8,31.1,31.5,101913
2018-07-18,31.4,31.7,31.4,31.6,135891
2018-07-19,31.6,31.7,31.4,31.5,183581
2018-07-22,31.2,31.6,31.0,31.2,482605
2018-07-23,31.0,32.0,30.5,31.5,94218
2018-07-24,31.5,31.7,31.2,31.5,91327
2018-07-25,31.5,31.8,31.1,31.1,117627
2018-07-26,31.1,31.2,30.6,30.7,154787
2018-07-29,30.7,31.5,30.7,30.9,79499
2018-07-30,31.6,31.7,30.8,31.0,64568
2018-07-31,30.9,32.9,30.9,31.6,145892
2018-08-01,32.0,32.7,32.0,32.6,89414
2018-08-02,32.8,33.2,32.5,33.2,203216
2018-08-05,33.1,33.3,33.0,33.0,134074
2018-08-06,32.0,33.0,32.0,32.3,18110
2018-08-07,32.9,33.1,32.0,32.2,126954
2018-08-08,32.9,34.0,32.5,33.6,188608
2018-08-09,34.0,34.5,33.4,34.1,220913
2018-08-12,34.1,35.5,33.9,35.2,598521
2018-08-13,35.8,36.4,34.7,35.8,379611
2018-08-14,35.6,36.1,35.1,35.7,141453
2018-08-16,36.0,37.4,35.9,36.5,426484
2018-08-19,37.0,37.6,36.7,37.5,594239
2018-08-20,37.5,38.2,36.8,38.1,341887
2018-08-26,38.0,38.0,36.7,37.1,252985
2018-08-27,37.4,37.7,36.2,36.6,376683
2018-08-28,37.0,37.8,37.0,37.5,149144
2018-08-29,37.8,38.0,36.9,37.0,168056
2018-08-30,36.8,37.7,36.7,37.0,173084
2018-09-03,37.1,37.1,36.3,36.6,70687
2018-09-04,37.0,37.0,35.9,36.1,122060
2018-09-05,36.8,36.8,35.8,35.9,53642
2018-09-06,35.6,36.9,35.5,35.9,104109
2018-09-09,35.7,36.0,35.4,35.5,47483
2018-09-10,35.3,35.5,35.0,35.2,45972
2018-09-11,35.0,35.2,34.8,34.9,92011
2018-09-12,35.9,35.9,34.4,34.6,73701
2018-09-13,34.1,34.9,33.7,34.0,147137
2018-09-16,33.6,34.0,33.4,33.6,24947
2018-09-17,33.6,33.9,33.3,33.5,70978
2018-09-18,33.7,35.0,33.6,34.5,40603
2018-09-19,34.5,36.0,34.5,35.4,238328
2018-09-20,35.4,35.4,34.6,34.6,31300
2018-09-23,35.9,35.9,34.0,34.6,18560
2018-09-24,35.2,35.2,33.8,33.8,135596
2018-09-25,34.4,35.0,33.5,34.0,48393
2018-09-26,33.3,34.9,33.3,34.4,43174
2018-09-27,34.4,34.7,34.0,34.3,143883
2018-09-30,34.0,34.0,33.2,33.3,60201
2018-10-01,33.5,34.7,33.3,33.7,65125
2018-10-02,33.7,34.4,33.7,34.1,51930
2018-10-03,34.6,35.0,34.1,34.2,61395
2018-10-04,34.1,34.5,34.1,34.3,19030
2018-10-07,34.3,37.4,33.1,34.9,131296
2018-10-08,35.2,35.4,34.5,35.0,40180
2018-10-09,34.2,35.1,34.2,34.8,80683
2018-10-10,34.5,35.0,33.4,33.7,1092305
2018-10-11,34.0,34.4,33.7,33.9,281827
2018-10-14,34.1,34.9,33.9,34.0,187334
2018-10-15,34.0,34.3,33.6,33.8,281362
2018-10-16,33.6,34.3,33.6,34.1,35978
2018-10-17,34.4,34.4,34.0,34.0,103578
2018-10-18,34.3,35.0,33.9,34.6,103273
2018-10-21,35.0,35.3,34.5,34.6,198221
2018-10-22,34.6,35.0,34.2,34.5,37996
2018-10-23,35.0,35.0,34.2,34.9,69188
2018-10-24,34.8,35.2,34.7,35.0,134380
2018-10-25,35.2,35.3,34.6,35.1,58411
2018-10-28,35.0,35.0,34.2,34.2,71990
2018-10-29,34.0,35.2,33.5,34.3,161158
2018-10-30,34.7,34.9,34.3,34.8,131816
2018-10-31,34.8,35.0,34.5,35.0,163681
2018-11-01,35.3,35.3,34.6,34.7,80473
2018-11-04,33.9,34.7,33.9,34.2,32309
2018-11-05,34.0,34.6,34.0,34.4,52229
2018-11-06,34.5,34.5,33.8,33.9,63759
2018-11-07,33.9,34.2,33.9,34.0,137641
2018-11-08,34.0,34.2,34.0,34.1,28538
2018-11-11,30.7,35.5,30.7,34.6,145094
2018-11-12,35.6,35.6,34.5,34.8,88766
2018-11-13,35.2,35.2,34.8,34.9,76750
2018-11-14,35.5,35.7,34.0,34.1,137820
2018-11-15,34.7,34.8,33.9,34.0,241632
2018-11-18,34.0,34.0,33.5,33.7,143754
2018-11-19,33.7,34.0,33.7,33.7,133806
2018-11-20,33.7,34.9,33.7,34.5,195758
2018-11-22,34.5,34.5,34.1,34.1,45723
2018-11-25,35.0,35.7,33.9,34.0,151301
2018-11-26,33.8,34.2,33.8,34.0,92329
2018-11-27,34.4,34.4,33.8,33.9,111287
2018-11-28,34.5,34.6,33.9,34.0,112323
2018-11-29,33.9,35.0,33.7,34.7,183040
2018-12-02,34.7,34.8,34.2,34.6,30963
2018-12-03,34.9,35.0,34.6,34.7,45863
2018-12-04,34.7,35.0,34.5,34.8,76802
2018-12-05,35.2,35.4,34.7,34.9,116615
2018-12-06,34.9,35.9,34.9,35.2,156991
2018-12-09,35.7,35.7,34.1,34.6,134442
2018-12-10,34.5,35.1,34.5,34.9,334851
2018-12-11,35.4,35.4,34.3,34.7,268556
2018-12-12,35.0,35.9,34.6,35.6,365198
2018-12-13,35.0,35.0,34.9,35.0,51482
2018-12-17,35.0,35.0,34.4,34.7,110428
2018-12-18,34.4,35.4,34.4,34.7,29831
2018-12-19,34.7,35.2,34.7,34.9,48097
2018-12-20,34.7,35.3,34.6,35.0,21731
2018-12-23,34.7,35.9,34.7,35.2,107556
2018-12-24,35.3,35.4,35.1,35.3,129152
2018-12-26,35.3,36.0,35.3,35.9,272088
2018-12-27,35.8,36.3,35.8,36.0,416977
2019-01-01,37.8,37.8,36.3,36.4,85650
2019-01-02,36.8,36.9,36.2,36.3,180302
2019-01-03,36.9,37.2,36.0,37.1,180610
2019-01-06,37.1,37.3,36.6,37.2,293826
2019-01-07,37.2,37.6,37.0,37.3,229599
2019-01-08,37.3,38.9,37.2,38.5,552197
2019-01-09,39.4,39.4,38.2,38.4,256221
2019-01-10,38.6,39.0,37.8,38.3,336397
2019-01-13,38.1,39.2,38.0,38.8,400087
2019-01-14,38.8,39.2,38.3,38.6,436717
2019-01-15,38.2,38.7,37.6,38.4,308688
2019-01-16,38.4,38.8,38.1,38.2,123608
2019-01-17,38.5,39.0,37.9,38.7,118614
2019-01-20,39.0,40.2,38.9,40.0,726721
2019-01-21,39.9,39.9,38.8,38.9,87578
2019-01-22,39.0,39.5,38.1,39.2,184339
2019-01-23,39.0,42.0,39.0,40.9,1390566
2019-01-24,40.7,41.9,40.1,41.1,426745
2019-01-27,42.0,43.9,40.8,41.0,736269
2019-01-28,41.2,41.2,40.0,40.2,105031
2019-01-29,40.5,41.3,40.2,40.7,204254
2019-01-30,40.8,41.0,40.0,40.0,113474
2019-01-31,40.1,40.4,39.4,39.5,1101287
2019-02-03,40.0,40.0,38.9,39.1,108071
2019-02-04,39.0,39.4,38.7,39.1,40370
2019-02-05,39.6,40.0,39.0,39.6,122699
2019-02-06,39.0,40.1,39.0,39.4,104533
2019-02-07,39.4,39.7,39.1,39.1,53083
2019-02-10,39.0,39.2,38.3,38.5,298330
2019-02-11,37.0,39.5,37.0,38.6,151787
2019-02-12,39.4,39.5,38.5,39.1,152441
2019-02-13,39.0,39.4,38.5,39.3,79676
2019-02-14,38.7,40.0,38.7,39.4,74254
2019-02-17,39.4,40.0,39.3,39.4,187369
2019-02-18,39.3,39.3,38.0,38.1,77021
2019-02-19,38.2,39.3,38.1,39.0,128484
2019-02-20,39.3,39.8,38.5,39.7,107525
2019-02-24,38.5,39.2,38.4,38.7,20372
2019-02-25,39.0,40.0,38.5,39.8,127471
2019-02-26,38.7,39.8,38.7,39.1,43145
2019-02-27,39.4,39.4,38.2,38.4,30697
2019-03-03,38.5,38.5,37.9,38.1,65200
2019-03-04,38.9,38.9,34.7,36.9,79221
2019-03-05,37.0,40.0,36.4,38.9,160396
2019-03-06,37.9,39.3,37.8,39.0,29160
2019-03-07,39.2,40.1,38.8,39.7,331206
2019-03-10,39.5,39.8,39.3,39.4,11901
2019-03-11,38.5,39.5,37.9,38.7,25879
2019-03-12,38.7,39.0,38.3,38.8,68216
2019-03-13,39.4,39.4,38.4,38.6,30266
2019-03-14,38.3,39.4,38.3,38.7,44536
2019-03-18,39.3,39.3,38.2,38.4,12364
2019-03-19,38.4,39.4,38.1,39.3,216415
2019-03-20,39.4,39.5,38.3,39.2,25462
2019-03-21,39.5,39.5,38.0,38.1,30951
2019-03-24,38.8,39.4,36.2,36.8,94867
2019-03-25,37.7,37.7,36.5,37.5,94067
2019-03-27,37.5,37.5,36.5,36.8,85653
2019-03-28,37.6,37.6,36.8,37.0,14868
2019-03-31,37.5,37.5,36.6,37.1,57956
2019-04-01,36.2,38.7,36.2,37.8,263942
2019-04-02,38.3,38.7,37.1,38.4,45121
2019-04-03,38.8,39.0,36.5,38.5,1312315
2019-04-04,38.9,39.2,37.8,39.0,151574
2019-04-07,39.6,39.9,38.5,39.4,175449
2019-04-08,38.7,39.0,37.0,38.0,238973
2019-04-09,38.3,38.9,36.6,37.3,169575
2019-04-10,38.5,39.8,37.2,38.2,222173
2019-04-11,43.5,43.5,38.9,40.2,546423
2019-04-15,40.0,41.0,39.9,40.1,206471
2019-04-16,40.0,40.3,39.1,39.5,166456
2019-04-17,40.0,40.1,38.8,40.0,234813
2019-04-18,40.5,40.8,39.8,40.3,150206
2019-04-21,41.0,41.4,40.0,40.3,79005
2019-04-23,41.0,41.0,39.9,40.1,89051
2019-04-24,40.8,40.9,39.2,40.4,136527
2019-04-25,40.9,41.2,40.3,40.8,118648
2019-04-28,41.0,41.3,40.0,40.8,198375
2019-04-29,40.8,41.3,40.3,40.4,202323
2019-04-30,41.1,41.1,40.0,40.8,160552
2019-05-02,41.1,41.3,40.5,41.0,232248
2019-05-05,40.0,42.5,39.5,41.5,751987
2019-05-07,36.5,36.7,34.6,35.0,607664
2019-05-08,36.5,38.5,35.1,35.6,142237
2019-05-09,35.9,37.2,35.2,35.4,260748
2019-05-12,35.8,36.3,35.0,35.2,80545
2019-05-13,35.9,35.9,35.2,35.5,36688
2019-05-14,36.5,36.5,35.4,35.9,142681
2019-05-15,36.1,36.5,35.6,35.8,75205
2019-05-16,35.8,36.3,35.6,35.9,313639
2019-05-19,36.5,37.0,36.2,36.8,183583
2019-05-20,37.0,37.9,36.0,36.9,246910
2019-05-21,36.4,36.9,35.1,36.5,225863
2019-05-22,36.3,36.8,36.3,36.4,239056
2019-05-23,36.1,36.8,35.8,36.6,384733
2019-05-26,37.1,37.2,36.7,37.1,258775
2019-05-27,37.5,37.5,36.9,37.1,65411
2019-05-28,37.5,37.5,36.8,37.2,45770
2019-05-29,37.2,37.4,37.1,37.2,211465
2019-05-30,37.1,37.5,37.0,37.3,125113
2019-06-09,37.3,37.7,37.0,37.5,117535
2019-06-10,37.0,37.5,35.9,37.0,119601
2019-06-11,37.0,37.0,36.7,36.9,63433
2019-06-12,37.0,37.9,36.9,37.6,478561
2019-06-13,37.5,38.5,36.9,37.7,153427
2019-06-16,37.5,38.4,37.0,37.4,138934
2019-06-17,37.0,38.1,36.5,37.6,223415
2019-06-18,37.6,37.6,36.6,37.1,50186
2019-06-19,37.4,38.3,36.5,36.8,235865
2019-06-20,37.4,37.5,36.7,36.9,72613
2019-06-23,36.8,37.0,36.7,36.8,96178
2019-06-24,36.0,37.2,36.0,36.9,76217
2019-06-25,36.8,38.0,36.4,36.9,152693
2019-06-26,37.8,37.9,36.8,36.9,189296
2019-06-27,36.9,37.6,36.9,37.1,160371
2019-06-30,37.0,38.0,37.0,37.8,167980
2019-07-02,37.3,38.3,37.0,37.4,149610
2019-07-03,37.0,37.0,36.7,36.8,132614
2019-07-04,37.1,37.5,36.6,37.0,211242
2019-07-07,37.0,37.9,36.7,36.8,79545
2019-07-08,37.7,37.8,36.5,37.7,189523
2019-07-09,37.8,37.8,36.7,37.0,87878
2019-07-10,37.0,37.7,36.8,37.0,76685
2019-07-11,37.6,37.9,37.1,37.8,156566
2019-07-14,37.9,37.9,37.2,37.4,61580
2019-07-15,37.4,37.7,36.8,37.1,80646
2019-07-16,37.5,37.5,37.0,37.0,114903
2019-07-17,37.6,38.0,37.0,37.5,53480
2019-07-18,37.9,37.9,37.0,37.4,71644
2019-07-21,37.7,37.9,37.0,37.0,75776
2019-07-22,37.8,37.8,36.6,37.1,170813
2019-07-23,37.7,37.7,36.9,37.0,69809
2019-07-24,37.5,37.7,37.0,37.3,68300
2019-07-25,37.7,38.2,37.2,37.3,167427
2019-07-28,38.0,38.2,37.1,37.3,75142
2019-07-29,37.7,38.0,37.0,37.1,204078
2019-07-30,37.6,37.9,36.9,37.2,126816
2019-07-31,37.8,37.8,37.0,37.1,162800
2019-08-01,37.8,37.8,37.1,37.5,22608
2019-08-04,37.7,37.8,37.2,37.6,64163
2019-08-05,37.9,37.9,37.3,37.4,46731
2019-08-06,37.7,37.8,37.1,37.6,45061
2019-08-07,37.6,37.9,37.4,37.9,58833
2019-08-08,38.0,38.4,37.5,38.3,112204
2019-08-18,38.6,38.6,37.2,37.9,25809
2019-08-19,38.0,38.0,37.8,37.9,169913
2019-08-20,37.6,38.0,37.6,37.7,98087
2019-08-21,37.9,37.9,37.4,37.5,106240
2019-08-22,37.8,37.8,36.6,36.9,252704
2019-08-25,37.8,37.8,36.8,36.8,61534
2019-08-26,37.0,37.0,36.7,36.9,214006
2019-08-27,37.2,37.2,35.1,35.8,300907
2019-08-28,35.8,35.8,34.1,34.3,192315
2019-08-29,35.5,35.5,34.0,34.4,270160
2019-09-01,34.4,34.4,33.3,33.6,78439
2019-09-02,33.6,35.0,33.3,33.8,88479
2019-09-03,34.4,34.4,33.0,33.3,36367
2019-09-04,33.4,33.8,33.4,33.6,67870
2019-09-05,33.4,33.5,33.1,33.3,165316
2019-09-08,33.6,33.8,33.5,33.6,18875
2019-09-09,33.5,33.6,33.4,33.6,127305
2019-09-11,33.6,33.6,32.8,33.0,109007
2019-09-12,32.8,33.4,32.8,33.0,106659
2019-09-15,33.1,33.2,33.0,33.1,36835
2019-09-16,33.2,33.2,33.0,33.1,25017
2019-09-17,33.5,33.7,33.0,33.2,97961
2019-09-18,33.8,33.8,33.0,33.1,116947
2019-09-19,33.2,34.9,33.1,34.5,88327
2019-09-22,33.8,33.8,33.1,33.2,75033
2019-09-23,33.3,34.3,33.3,34.0,159014
2019-09-24,33.5,34.3,33.2,33.7,124029
2019-09-25,33.8,34.4,33.2,34.2,64244
2019-09-26,34.9,35.0,33.7,34.0,119856
2019-09-29,34.8,34.8,34.1,34.6,89769
2019-09-30,34.8,35.0,34.4,34.9,327481
2019-10-01,34.9,35.2,34.7,35.0,81817
2019-10-02,34.6,35.0,34.6,34.8,11673
2019-10-03,34.9,34.9,34.0,34.8,198131
2019-10-06,34.9,34.9,34.2,34.5,14620
2019-10-07,34.9,34.9,34.4,34.9,32750
2019-10-09,34.9,35.3,34.4,34.7,16310
2019-10-10,34.7,34.8,34.4,34.6,303754
2019-10-13,34.6,34.7,34.0,34.6,366683
2019-10-14,34.6,34.8,34.5,34.7,199359
2019-10-15,34.8,34.9,34.5,34.8,177581
2019-10-16,33.5,35.0,33.3,34.9,298243
2019-10-17,35.2,35.9,34.8,35.0,395465
2019-10-20,35.4,35.9,34.8,35.2,75378
2019-10-21,35.3,36.3,34.9,35.8,615745
2019-10-22,36.0,36.6,35.1,35.7,156100
2019-10-23,35.9,35.9,35.3,35.7,85680
2019-10-24,35.4,35.9,35.4,35.6,69442
2019-10-27,35.4,35.7,34.8,35.4,113834
2019-10-28,35.7,35.7,34.4,34.8,124109
2019-10-29,35.1,35.7,34.6,35.3,174732
2019-10-30,35.7,35.7,35.1,35.1,130103
2019-10-31,35.2,35.5,34.7,35.3,251502
2019-11-03,35.7,35.8,35.0,35.6,122608
2019-11-04,35.6,35.6,34.7,35.3,167399
2019-11-05,35.5,35.5,34.6,35.1,72892
2019-11-06,35.5,35.5,34.7,34.8,40770
2019-11-07,35.0,35.4,34.8,34.8,122640
2019-11-11,34.7,35.6,34.5,35.5,269057
2019-11-12,35.5,35.8,35.3,35.7,177306
2019-11-13,35.8,35.9,35.0,35.3,163618
2019-11-14,35.4,35.4,34.7,34.9,42165
2019-11-17,34.9,35.4,34.9,35.0,58168
2019-11-18,35.3,35.6,34.9,35.5,129085
2019-11-19,35.6,35.6,35.1,35.3,42630
2019-11-20,35.5,35.6,34.6,35.1,167791
2019-11-21,35.2,35.3,34.9,35.1,79849
2019-11-24,35.0,35.0,34.3,34.4,88016
2019-11-25,34.0,34.3,33.9,34.0,36596
2019-11-26,34.5,34.7,34.3,34.7,11405
2019-11-27,34.7,34.7,34.1,34.3,163655
2019-11-28,34.3,34.7,34.2,34.4,1098555
2019-12-01,34.7,35.0,34.5,34.6,20880
2019-12-02,34.6,35.7,34.6,34.7,1728468
2019-12-03,35.5,35.5,34.4,34.5,92828
2019-12-04,34.5,35.1,34.5,34.9,61389
2019-12-05,35.1,35.1,34.2,34.5,11852
2019-12-08,34.1,34.1,33.0,33.2,160443
2019-12-09,34.3,34.3,33.0,33.8,1264431
2019-12-10,33.8,34.5,33.4,33.9,13658
2019-12-11,33.3,34.3,33.3,34.0,2705
2019-12-12,34.1,34.2,33.7,33.8,14100
2019-12-15,34.1,34.1,32.6,32.8,32906
2019-12-17,33.1,33.2,31.3,32.1,43427
2019-12-18,31.79999924,32.79999924,31.79999924,32.79999924,29484
2019-12-19,33.5,33.5,32.09999847,32.20000076,9245
2019-12-22,32.0,32.8,31.1,32.1,16755
2019-12-23,33.0,33.2,32.0,32.7,4114
2019-12-24,32.7,33.8,31.5,31.9,45432
2019-12-26,32.0,33.0,32.0,32.4,10795
2019-12-29,32.8,33.5,32.3,32.8,463562
2019-12-30,34.3,34.3,32.4,33.2,226805
2020-01-01,33.2,33.2,32.6,32.8,237600
2020-01-02,32.9,32.9,31.9,32.4,1855964
2020-01-05,32.3,32.3,31.9,32.2,49645
2020-01-06,32.0,32.0,31.7,31.9,42914
2020-01-07,32.8,32.9,30.6,31.9,37661
2020-01-08,31.4,32.4,31.4,32.3,21695
2020-01-09,32.6,32.6,31.4,31.5,87549
2020-01-12,32.7,33.3,31.0,31.1,91155
2020-01-13,31.8,31.8,30.9,30.9,42748
2020-01-14,30.9,31.0,30.7,30.7,38039
2020-01-15,31.0,32.5,30.8,31.3,127941
2020-01-16,31.1,31.8,31.0,31.4,7994
2020-01-19,31.7,32.7,31.4,32.4,375364
2020-01-20,32.6,34.2,32.2,33.9,237702
2020-01-21,31.8,34.4,31.3,33.2,400363
2020-01-22,33.4,33.8,32.5,32.8,75069
2020-01-23,33.8,34.1,32.7,33.0,58011
2020-01-26,33.5,34.4,32.7,34.0,81702
2020-01-27,33.5,34.0,32.9,33.4,165899
2020-01-28,33.8,34.0,33.0,33.5,93799
2020-01-29,33.9,34.1,33.1,33.1,255391
2020-01-30,33.7,35.3,33.3,34.0,272982
2020-02-02,34.0,34.8,33.6,33.8,126018
2020-02-03,33.8,34.6,33.4,34.6,199605
2020-02-04,34.1,34.5,33.5,34.2,111004
2020-02-05,34.2,34.2,33.5,34.1,43164
2020-02-06,33.6,34.2,33.4,33.8,80122
2020-02-09,33.5,34.0,33.2,33.3,4570
2020-02-10,33.3,33.5,32.8,33.0,22618
2020-02-11,33.9,34.0,33.3,33.9,72861
2020-02-12,34.0,34.7,33.7,34.3,139280
2020-02-13,33.7,34.3,33.6,33.8,80542
2020-02-16,35.0,36.0,34.6,35.7,222211
2020-02-17,35.6,35.7,34.7,35.0,48100
2020-02-18,35.2,35.9,32.2,35.5,53486
2020-02-19,35.9,35.9,34.9,35.6,16812
2020-02-20,35.0,35.5,34.8,35.1,16758
2020-02-23,35.6,35.6,34.7,35.3,36499
2020-02-24,34.8,35.0,34.1,34.3,50511
2020-02-25,35.4,35.4,34.3,34.5,10929
2020-02-26,34.3,35.0,33.0,33.9,51726
2020-02-27,34.9,35.3,33.3,33.7,37041
2020-03-01,33.8,35.2,33.0,33.7,31141
2020-03-02,34.7,34.9,33.2,34.8,36705
2020-03-03,34.8,34.8,33.1,33.4,128541
2020-03-04,34.8,34.8,33.3,33.4,35572
2020-03-05,33.4,33.6,33.0,33.5,90454
2020-03-08,31.0,33.5,31.0,31.9,69855
2020-03-09,31.2,33.5,31.0,31.2,36533
2020-03-10,31.0,32.5,31.0,31.7,19012
2020-03-11,31.7,33.2,31.4,32.7,30539
2020-03-12,32.7,32.7,31.0,31.7,22750
2020-03-15,31.0,31.8,30.3,31.5,72164
2020-03-16,30.2,30.9,29.8,30.0,108354
2020-03-18,30.0,30.0,28.0,28.5,102046
2020-03-19,32.0,32.0,32.0,32.0,25009
2020-03-22,32.0,32.0,30.9,30.9,166074
2020-03-23,30.9,31.5,30.9,31.2,17841
2020-03-24,31.5,33.0,30.9,31.5,227308
2020-03-25,31.6,31.6,31.0,31.1,45479
2020-05-31,31.1,31.1,30.9,30.9,24596
2020-06-01,30.9,31.5,30.9,30.9,160869
2020-06-02,30.9,30.9,30.9,30.9,51590
2020-06-04,30.9,30.9,30.9,30.9,15
2020-06-07,30.9,30.9,30.9,30.9,265
2020-06-08,30.9,30.9,30.9,30.9,950
2020-06-10,30.9,30.9,30.9,30.9,4000
2020-06-11,30.9,30.9,30.9,30.9,4665
2020-06-14,30.9,30.9,30.9,30.9,100
2020-06-15,30.9,30.9,30.9,30.9,1005
2020-06-16,30.9,30.9,30.9,30.9,250
2020-06-17,30.9,30.9,30.9,30.9,65
2020-06-21,30.9,30.9,30.9,30.9,418
2020-06-23,30.9,30.9,30.9,30.9,200
2020-06-24,30.9,30.9,30.9,30.9,63400
2020-06-25,30.9,30.9,30.9,30.9,6393
2020-06-28,30.9,30.9,30.9,30.9,670
2020-06-29,30.9,30.9,30.9,30.9,5
2020-06-30,30.9,30.9,30.9,30.9,1605
2020-07-02,30.9,30.9,30.9,30.9,50
2020-07-06,30.9,30.9,30.9,30.9,15
2020-07-09,30.9,30.9,30.9,30.9,20
2020-07-12,30.9,30.9,30.9,30.9,212182
2020-07-13,30.9,30.9,30.9,30.9,229973
2020-07-14,30.9,31.9,30.9,30.9,66141
2020-07-15,30.9,31.6,30.9,31.1,10623
2020-07-16,31.0,31.5,30.9,31.3,9637
2020-07-19,30.9,31.1,30.9,31.1,1310
2020-07-20,30.9,31.5,30.9,31.0,7648
2020-07-21,31.2,31.4,31.2,31.4,5405
2020-07-22,30.9,31.3,30.9,30.9,2958
2020-07-23,31.4,31.4,30.9,31.0,16263
2020-07-26,31.0,31.0,30.9,30.9,22169
2020-07-27,31.7,31.7,30.9,30.9,109932
2020-07-28,32.8,32.8,30.9,30.9,208006
2020-07-29,30.9,31.2,30.9,30.9,110645
2020-07-30,30.9,30.9,30.9,30.9,171046
2020-08-03,30.9,31.0,30.9,30.9,114980
2020-08-04,30.9,31.9,30.9,31.7,193120
2020-08-05,31.8,32.5,31.0,32.3,69399
2020-08-06,32.4,33.4,32.4,33.2,100177
2020-08-09,33.2,34.3,32.8,34.1,130158
2020-08-10,34.3,34.4,32.1,34.0,115827
2020-08-12,34.0,34.1,33.5,34.0,277681
2020-08-13,33.6,36.0,33.6,35.7,1159440
2020-08-16,35.3,39.2,35.2,38.3,614926
2020-08-17,38.7,40.3,37.5,38.1,655226
2020-08-18,38.1,39.0,37.2,38.1,390837
2020-08-19,38.1,38.5,37.1,37.3,178182
2020-08-20,37.3,37.8,36.0,37.0,33780
2020-08-23,35.7,37.5,35.7,36.5,79210
2020-08-24,36.5,37.2,36.0,37.0,142792
2020-08-25,37.5,37.5,36.9,37.1,226468
2020-08-26,36.5,38.5,36.4,37.5,261673
2020-08-27,36.3,37.9,36.3,37.3,183212
2020-08-31,37.5,37.7,36.7,36.9,314012
2020-09-01,39.2,39.2,36.8,36.9,62467
2020-09-02,36.8,37.6,36.8,36.9,137346
2020-09-03,37.0,37.5,36.5,36.7,220774
2020-09-06,37.2,37.3,36.4,36.5,82109
2020-09-07,37.4,37.4,36.2,36.7,256968
2020-09-08,36.8,37.0,35.7,36.3,44803
2020-09-09,36.2,36.7,36.1,36.5,120416
2020-09-10,36.5,36.6,36.3,36.5,110460
2020-09-13,37.2,37.2,36.8,37.0,452136
2020-09-14,37.0,37.7,36.9,37.1,176819
2020-09-15,36.7,37.5,36.7,37.4,283595
2020-09-16,37.0,37.8,36.9,37.5,278153
2020-09-17,37.0,37.8,36.9,37.3,177690
2020-09-20,37.0,37.3,36.9,37.0,75562
2020-09-21,36.8,37.3,36.8,37.0,139999
2020-09-22,36.8,37.1,36.7,37.0,136568
2020-09-23,36.6,37.0,36.6,36.8,106555
2020-09-24,36.6,36.6,36.6,36.6,11117
2020-09-27,36.6,36.7,36.0,36.1,33424
2020-09-28,36.1,36.6,35.8,36.1,109372
2020-09-29,37.0,37.0,35.8,35.9,43144
2020-09-30,36.1,36.5,35.9,36.2,149263
2020-10-01,36.0,36.5,35.9,36.2,1060359
2020-10-04,36.1,37.0,35.9,36.8,125868
2020-10-05,36.9,37.0,36.0,36.3,86455
2020-10-06,36.3,36.6,35.0,36.0,36988
2020-10-07,36.0,36.0,35.3,35.5,25635
2020-10-08,35.6,35.8,35.3,35.4,43451
2020-10-11,35.0,35.9,35.0,35.2,62145
2020-10-12,35.2,35.2,34.3,34.6,37271
2020-10-13,36.7,36.7,34.2,35.8,16675
2020-10-14,36.0,36.4,35.1,36.2,50135
2020-10-15,36.0,36.4,35.0,35.5,5448
2020-10-18,35.6,35.7,35.6,35.6,560
2020-10-19,35.9,36.4,34.7,35.5,39770
2020-10-20,35.9,35.9,35.0,35.1,20074
2020-10-21,34.6,35.9,34.6,35.1,3078
2020-10-22,35.2,36.0,35.2,35.6,46243
2020-10-25,36.9,36.9,35.0,35.2,23370
2020-10-27,35.2,35.2,34.5,34.8,9305
2020-10-28,32.3,36.3,32.3,35.6,14302
2020-10-29,35.1,35.8,33.8,35.5,69710
2020-11-01,34.5,35.8,34.5,35.6,6311
2020-11-02,34.8,36.2,34.8,35.5,43115
2020-11-03,35.5,36.3,35.5,35.8,13712
2020-11-04,35.5,36.0,35.0,35.0,42903
2020-11-05,35.4,35.4,34.8,34.9,3565
2020-11-08,34.8,35.9,34.8,34.9,6331
2020-11-09,34.7,35.7,34.7,35.3,11951
2020-11-10,34.5,35.0,34.5,34.9,43600
2020-11-11,34.7,35.7,34.7,35.5,35195
2020-11-12,36.9,37.4,35.2,35.8,11666
2020-11-15,35.7,36.9,35.0,36.0,223090
2020-11-16,35.5,36.2,35.4,35.5,173483
2020-11-17,35.1,35.9,35.1,35.4,53771
2020-11-18,35.3,35.9,35.3,35.6,38268
2020-11-19,35.4,35.8,35.4,35.7,32690
2020-11-22,35.5,35.5,35.3,35.3,62509
2020-11-23,35.2,35.4,35.2,35.4,79938
2020-11-24,35.3,35.3,34.8,34.9,97013
2020-11-25,35.1,35.1,34.6,34.8,130924
2020-11-26,33.2,35.4,33.2,34.9,189537
2020-11-29,34.0,35.2,34.0,34.3,44935
2020-11-30,34.0,35.2,34.0,35.0,20794
2020-12-01,35.2,36.0,35.2,35.7,104434
2020-12-02,35.0,36.3,35.0,36.1,61600
2020-12-03,36.0,36.3,36.0,36.1,34829
2020-12-06,36.1,36.2,36.1,36.2,22336
2020-12-07,36.0,36.1,35.5,35.7,154330
2020-12-08,36.2,36.2,35.8,35.9,199074
2020-12-09,35.6,36.0,35.6,35.9,85940
2020-12-10,35.9,36.0,35.9,36.0,149774
2020-12-13,35.4,36.0,35.4,36.0,144349
2020-12-14,35.5,36.0,35.5,35.9,54866
2020-12-15,35.3,36.0,35.3,35.6,291264
2020-12-17,37.0,37.0,35.5,36.1,31244
2020-12-20,34.0,35.7,34.0,35.1,47653
2020-12-21,35.1,35.5,34.0,34.0,136584
2020-12-22,34.1,35.5,34.1,35.1,28054
2020-12-23,35.3,35.4,34.0,34.0,59338
2020-12-24,35.4,35.4,34.1,34.3,59924
2020-12-27,35.0,36.0,34.5,35.3,86961
2020-12-28,35.1,36.0,35.1,35.9,245473
2020-12-29,36.0,36.0,34.6,34.8,209761
2020-12-30,34.9,36.1,34.9,36.0,114496
2021-01-03,35.2,36.2,35.0,36.0,213471
2021-01-04,35.5,36.2,35.5,35.7,97899
2021-01-05,36.0,38.4,35.9,37.6,2279556
2021-01-06,36.9,38.0,36.8,37.9,226312
2021-01-07,38.1,38.4,36.0,36.9,94581
2021-01-10,36.9,37.2,36.0,37.0,59114
2021-01-11,36.5,37.1,36.3,36.9,37067
2021-01-12,36.5,38.8,36.3,38.5,175582
2021-01-13,38.9,40.8,37.4,39.1,529477
2021-01-14,38.1,40.8,38.1,39.5,783874
2021-01-17,40.0,40.2,39.5,39.8,654106
2021-01-18,40.1,40.1,39.3,39.9,279795
2021-01-19,38.0,39.8,37.8,39.1,136612
2021-01-20,39.0,39.5,38.1,38.9,152844
2021-01-21,39.1,39.8,38.6,38.9,298332
2021-01-24,37.4,38.0,37.4,37.6,180756
2021-01-25,37.7,38.6,37.7,38.6,216690
2021-01-26,38.0,38.8,37.7,38.0,80175
2021-01-27,38.0,38.7,38.0,38.5,104670
2021-01-28,38.4,38.4,38.0,38.1,361749
2021-01-31,37.0,38.3,36.8,37.0,58896
2021-02-01,36.7,37.0,36.7,36.8,224031
2021-02-02,37.0,37.7,36.9,37.3,18620
2021-02-03,37.1,37.5,36.9,37.5,117316
2021-02-04,36.5,37.7,36.5,37.6,161575
2021-02-07,37.8,37.8,36.6,36.7,46089
2021-02-08,37.1,37.1,36.3,36.6,9528
2021-02-09,36.0,37.1,36.0,36.7,6974
2021-02-10,35.5,38.0,35.5,37.1,196661
2021-02-11,37.9,37.9,33.4,36.1,7134712
2021-02-14,37.0,37.0,34.2,35.3,1060
2021-02-15,34.3,34.4,33.5,34.4,289077
2021-02-16,34.6,34.6,33.6,33.9,202307
2021-02-17,33.9,34.2,33.5,33.7,101097
2021-02-18,33.7,34.6,33.7,34.1,131782
2021-02-22,34.2,34.8,34.1,34.2,127516
2021-02-23,34.4,34.7,34.0,34.6,166585
2021-02-24,35.4,35.5,34.1,35.5,344664
2021-02-25,34.9,35.5,34.6,34.7,32774
2021-02-28,34.8,36.9,34.7,36.3,590481
2021-03-01,36.3,36.7,35.4,36.5,91626
2021-03-02,36.5,36.5,35.8,36.0,142841
2021-03-03,36.0,36.5,35.8,36.1,34177
2021-03-04,36.0,37.0,36.0,36.7,508160
2021-03-07,36.9,37.5,36.2,37.3,185294
2021-03-08,37.3,37.5,36.8,37.5,53263
2021-03-09,37.5,37.6,36.7,37.5,53217
2021-03-10,37.5,37.5,35.8,36.5,81083
2021-03-11,37.5,37.5,36.2,37.4,8178
2021-03-14,37.0,37.0,36.6,36.8,23746
2021-03-15,36.8,37.9,36.6,37.5,64449
2021-03-16,37.5,38.2,36.8,37.9,35145
2021-03-18,37.8,37.8,36.4,36.9,11939
2021-03-21,37.5,37.5,36.5,37.3,30011
2021-03-22,36.4,37.4,36.4,36.5,30201
2021-03-23,36.5,37.0,36.5,36.8,4302
2021-03-24,37.2,37.2,36.5,36.6,16967
2021-03-25,37.0,37.2,36.8,37.0,51130
2021-03-28,37.2,37.2,36.0,36.5,35764
2021-03-29,37.0,37.0,36.5,36.5,26265
2021-03-31,37.0,37.0,36.0,36.3,66541
2021-04-01,35.8,37.1,35.8,37.0,85612
2021-04-04,36.2,37.0,36.0,36.6,105160
2021-04-05,37.0,37.0,36.3,36.5,56160
2021-04-06,36.4,36.9,36.4,36.8,42127
2021-04-07,36.5,37.0,36.5,36.6,159930
2021-04-08,37.0,39.0,36.3,36.5,185045
2021-04-11,38.2,39.3,36.8,38.9,1461665
2021-04-12,39.7,39.9,38.3,38.4,584435
2021-04-13,39.0,39.9,39.0,39.7,775678
2021-04-15,40.0,40.0,39.6,39.8,453855
2021-04-18,40.5,40.5,39.3,39.6,387469
2021-04-19,39.6,39.6,39.3,39.4,217476
2021-04-20,39.3,39.8,39.3,39.5,299371
2021-04-21,39.4,39.8,39.3,39.5,396044
2021-04-22,39.8,39.8,39.3,39.4,296255
2021-04-25,39.9,39.9,39.4,39.5,378801
2021-04-26,39.5,39.8,39.4,39.6,216938
2021-04-27,39.8,40.0,39.0,39.3,441993
2021-04-28,39.4,39.6,39.0,39.3,650660
2021-04-29,39.8,40.0,39.3,39.7,587263
2021-05-02,39.9,40.1,39.0,39.8,1336542
2021-05-03,39.9,40.0,39.1,39.8,755568
2021-05-04,39.9,40.0,39.2,39.6,806623
2021-05-06,33.7,34.1,32.0,33.8,1623957
2021-05-09,34.0,34.4,33.0,33.5,343031
2021-05-11,34.0,34.8,33.3,34.5,818202
2021-05-12,34.5,34.7,34.1,34.5,448702
2021-05-16,34.8,34.8,34.3,34.5,454280
2021-05-17,34.7,35.0,34.3,34.7,905652
2021-05-18,34.7,34.7,34.3,34.4,297925
2021-05-19,34.3,35.7,34.2,35.4,1296959
2021-05-20,35.6,36.0,34.1,34.2,1335960
2021-05-23,34.8,34.9,33.7,34.2,359029
2021-05-24,34.5,35.0,34.1,35.0,465119
2021-05-25,35.0,35.1,34.6,35.0,404203
2021-05-27,35.8,35.8,35.1,35.7,845740
2021-05-30,36.0,38.4,35.8,37.7,1281358
2021-05-31,36.8,38.0,36.8,37.5,570550
2021-06-01,37.2,37.7,35.6,36.5,673779
2021-06-02,37.0,37.7,36.1,37.2,459091
2021-06-03,37.4,37.4,36.7,36.8,411185
2021-06-06,36.7,36.7,36.0,36.4,379108
2021-06-07,36.3,36.9,35.6,36.3,646180
2021-06-08,36.3,36.8,35.5,36.7,598331
2021-06-09,36.6,36.9,36.0,36.6,339106
2021-06-10,36.6,36.6,35.6,35.9,808108
2021-06-13,35.9,35.9,35.0,35.1,365969
2021-06-14,35.1,35.2,34.1,34.3,1186635
2021-06-15,34.7,35.3,34.1,34.4,597830
2021-06-16,34.9,35.4,33.9,33.9,589361
2021-06-17,33.9,34.5,33.5,34.0,1027108
2021-06-20,33.6,34.0,33.4,33.6,816593
2021-06-21,34.0,34.8,33.8,34.7,1362759
2021-06-22,34.5,35.2,34.3,34.8,1160067
2021-06-23,34.6,34.8,33.5,33.7,521771
2021-06-24,33.9,34.6,33.3,34.3,1027284
2021-06-27,34.3,34.4,33.4,34.2,461515
2021-06-28,34.1,34.4,33.2,34.2,1272781
2021-06-29,33.9,34.6,33.2,34.4,501563
2021-06-30,33.8,35.3,33.3,35.0,1743944
2021-07-05,34.5,35.2,33.6,35.0,413878
2021-07-06,35.0,35.2,34.1,34.7,1027981
2021-07-07,34.5,35.2,34.5,35.0,202383
2021-07-08,34.7,35.1,33.9,34.2,901535
2021-07-12,34.8,34.8,34.0,34.5,872619
2021-07-13,34.5,35.1,34.0,34.9,803293
2021-07-14,35.0,35.2,34.9,35.0,814506
2021-07-15,35.0,35.2,34.0,34.7,466875
2021-07-18,34.1,35.0,33.8,34.8,271310
2021-07-19,34.6,35.2,34.6,35.1,822672
2021-07-25,35.1,35.8,35.1,35.5,151000
2021-07-26,35.8,35.9,35.0,35.1,307988
2021-07-27,35.1,35.9,34.0,35.2,797262
2021-07-28,35.5,35.7,35.4,35.5,196420
2021-07-29,35.7,35.9,35.4,35.6,875257
2021-08-02,35.4,35.6,35.2,35.4,336580
2021-08-03,35.4,36.0,35.3,35.8,652209
2021-08-05,35.8,36.3,35.7,35.8,164551
2021-08-09,35.7,36.1,35.3,36.0,999150
2021-08-10,36.0,36.7,35.7,36.3,539069
2021-08-11,36.4,36.6,36.1,36.2,416784
2021-08-12,36.2,36.5,36.0,36.3,372799
2021-08-16,36.3,36.5,36.1,36.2,581142
2021-08-17,36.4,37.8,36.3,37.5,1083664
2021-08-18,36.9,37.2,36.8,37.0,483522
2021-08-19,36.5,37.0,36.4,36.5,388289
2021-08-22,36.5,37.5,36.5,37.4,644950
2021-08-23,37.3,37.5,37.2,37.3,478424
2021-08-24,37.0,37.7,37.0,37.6,826010
2021-08-25,37.6,38.0,37.5,37.8,1011224
2021-08-26,37.8,38.0,37.3,37.5,720155
2021-08-29,37.5,37.7,37.2,37.3,330828
2021-08-31,37.3,37.6,37.0,37.0,600774
2021-09-01,37.3,37.4,37.2,37.2,283324
2021-09-02,37.5,37.6,37.0,37.2,636357
2021-09-05,37.4,37.7,37.0,37.2,512676
2021-09-06,37.4,37.5,36.9,36.9,795120
2021-09-07,37.0,37.2,36.8,37.0,715328
2021-09-08,37.1,37.2,36.9,37.2,788459
2021-09-09,37.2,38.0,37.0,37.8,3838796
2021-09-12,37.8,39.8,37.8,39.3,1951427
2021-09-13,39.7,41.7,39.4,40.9,2481599
2021-09-14,41.0,41.5,40.5,41.0,1292191
2021-09-15,41.5,41.5,40.0,41.2,1132851
2021-09-16,40.4,41.0,39.8,40.1,367877
2021-09-19,39.9,42.4,39.4,41.6,1060179
2021-09-20,41.6,41.6,40.2,40.5,601963
2021-09-21,40.5,40.5,39.5,40.0,934652
2021-09-22,40.0,40.3,39.7,39.9,218576
2021-09-23,40.0,40.5,39.8,40.3,537048
2021-09-26,39.9,40.2,39.7,39.7,430606
2021-09-27,39.8,40.5,39.6,40.3,387602
2021-09-28,39.9,40.0,39.3,39.6,610891
2021-09-29,39.7,40.4,39.1,40.0,441901
2021-09-30,40.2,40.3,39.3,39.5,391686
2021-10-03,39.6,39.7,39.1,39.2,401775
2021-10-04,39.3,39.8,38.9,39.1,351254
2021-10-05,39.1,39.1,38.3,38.6,332034
2021-10-06,38.5,38.9,38.3,38.5,253361
2021-10-07,38.5,39.2,38.0,38.8,289628
2021-10-10,38.8,39.6,38.5,39.3,171472
2021-10-11,39.3,39.3,38.9,39.0,175890
2021-10-12,39.0,39.4,38.0,38.6,541100
2021-10-13,38.9,39.3,38.4,38.8,280171
2021-10-14,38.3,39.0,37.7,37.9,363844
2021-10-17,37.8,38.1,37.5,37.6,264864
2021-10-18,37.6,37.7,37.1,37.2,136086
2021-10-19,37.0,37.7,37.0,37.3,260352
2021-10-21,37.2,37.7,37.1,37.2,177048
2021-10-24,37.2,37.8,37.1,37.2,63716
2021-10-25,38.4,38.4,36.6,37.1,1163498
2021-10-26,37.1,37.1,36.3,36.9,259215
2021-10-27,37.2,38.8,37.2,38.6,1423622
2021-10-28,38.5,39.6,38.5,39.4,300405
2021-10-31,39.5,39.5,37.2,37.4,1438825
2021-11-01,38.5,38.8,38.0,38.6,421490
2021-11-02,39.1,39.2,38.2,38.8,243451
2021-11-03,39.2,39.2,38.1,38.2,334190
2021-11-04,38.5,39.2,37.9,38.2,441630
2021-11-07,38.9,39.1,37.8,38.0,257985
2021-11-08,38.0,38.7,38.0,38.4,85448
2021-11-09,38.0,39.1,38.0,38.9,205439
2021-11-10,38.6,39.3,38.6,39.1,140207
2021-11-11,38.3,39.3,38.3,38.6,102847
2021-11-14,39.2,39.3,38.3,39.1,98066
2021-11-15,38.3,39.0,38.3,38.8,159928
2021-11-16,39.2,39.6,39.0,39.5,648978
2021-11-17,39.7,40.0,39.3,39.4,176631
2021-11-18,39.3,40.0,39.2,39.7,238541
2021-11-21,40.0,41.0,40.0,40.4,1037088
2021-11-22,41.0,41.0,39.8,39.9,311528
2021-11-23,39.7,40.0,39.0,39.2,384421
2021-11-24,39.0,39.5,38.3,38.4,198368
2021-11-25,38.1,38.9,37.8,37.9,289735
2021-11-28,37.9,38.5,37.6,38.1,551992
2021-11-29,38.1,38.4,38.0,38.1,79934
2021-11-30,38.3,38.5,37.9,38.1,211358
2021-12-01,38.2,38.4,38.0,38.1,475561
2021-12-02,38.1,38.9,37.9,38.8,383822
2021-12-05,39.1,39.1,38.2,38.9,359806
2021-12-06,38.5,38.8,38.5,38.6,42252
2021-12-07,38.7,39.0,38.7,39.0,144910
2021-12-08,38.8,38.8,38.4,38.5,280393
2021-12-09,38.9,38.9,38.2,38.3,270390
2021-12-12,38.8,38.8,37.7,38.4,366887
2021-12-13,38.5,38.6,37.6,37.7,260715
2021-12-14,37.6,37.9,37.3,37.5,378949
2021-12-15,37.4,37.9,37.3,37.8,156689
2021-12-19,37.6,37.8,37.1,37.3,234517
2021-12-20,38.7,38.7,37.0,37.1,95226
2021-12-21,37.1,37.3,36.8,37.0,350542
2021-12-22,36.9,36.9,36.6,36.8,178574
2021-12-23,36.8,37.0,36.4,36.5,284195
2021-12-26,36.3,36.9,36.1,36.6,253562
2021-12-27,36.1,37.4,36.1,36.9,139963
2021-12-28,36.6,37.6,36.6,37.4,188320
2021-12-29,37.1,37.8,37.0,37.6,246933
2021-12-30,37.0,38.7,37.0,38.5,331389
2022-01-02,38.6,38.6,37.3,37.8,159798
2022-01-03,38.0,38.1,37.8,37.9,211336
2022-01-04,37.9,38.5,37.7,38.2,199117
2022-01-05,38.5,38.7,38.1,38.5,131209
2022-01-06,38.5,38.9,38.4,38.5,303517
2022-01-09,38.6,39.0,37.7,38.4,188738
2022-01-10,38.4,39.1,38.1,38.2,199763
2022-01-11,38.4,38.9,37.8,38.2,379585
2022-01-12,38.2,39.1,38.1,38.6,496850
2022-01-13,38.4,39.0,38.3,38.5,303253
2022-01-16,38.5,38.8,38.5,38.6,234314
2022-01-17,38.9,38.9,38.0,38.3,41256
2022-01-18,38.2,38.6,38.2,38.5,45399
2022-01-19,38.5,38.6,38.3,38.5,233009
2022-01-20,38.5,38.7,38.4,38.6,183043
2022-01-23,38.4,38.8,38.4,38.5,216569
2022-01-24,38.4,38.6,38.0,38.5,420959
2022-01-25,38.1,38.9,38.0,38.4,477586
2022-01-26,38.7,38.7,38.0,38.2,91317
2022-01-27,38.8,38.8,38.4,38.6,236137
2022-01-30,38.4,38.7,38.1,38.3,2440434
2022-01-31,38.7,38.7,37.4,37.5,513647
2022-02-01,38.3,38.5,37.9,38.5,101425
2022-02-02,38.4,38.6,38.4,38.6,247420
2022-02-03,38.5,38.9,38.4,38.8,322240
2022-02-06,38.8,39.2,38.4,38.9,441294
2022-02-07,38.9,39.1,38.6,38.7,222932
2022-02-08,38.9,38.9,38.7,38.8,134782
2022-02-09,38.8,38.8,38.3,38.4,356817
2022-02-10,38.9,38.9,38.0,38.6,602072
2022-02-13,38.6,38.8,38.2,38.5,200108
2022-02-14,38.8,38.8,38.0,38.1,329884
2022-02-15,38.2,38.8,38.2,38.2,173332
2022-02-16,38.6,38.6,38.1,38.2,159169
2022-02-17,38.2,38.5,38.2,38.2,719612
2022-02-20,38.4,38.5,38.1,38.1,292321
2022-02-22,38.4,38.6,38.2,38.4,367338
2022-02-23,38.3,38.4,38.2,38.4,291805
2022-02-24,38.6,38.6,38.2,38.2,127130
2022-02-27,37.8,38.7,37.7,37.9,431228
2022-02-28,37.7,38.4,37.5,38.2,246589
2022-03-01,38.6,38.6,38.0,38.1,96277
2022-03-02,38.1,38.5,37.6,37.8,151397
2022-03-03,38.2,38.8,37.9,38.1,70732
2022-03-06,38.4,38.5,37.8,38.0,74427
2022-03-07,38.4,38.7,37.5,37.7,121763
2022-03-08,38.0,38.1,37.0,37.7,132499
2022-03-09,37.5,38.0,37.5,38.0,151026
2022-03-10,38.4,38.4,37.6,37.7,200430
2022-03-13,38.4,38.4,37.6,37.9,340907
2022-03-14,38.4,38.4,38.0,38.2,100212
2022-03-15,38.2,38.6,38.1,38.2,34246
2022-03-16,38.5,38.6,38.4,38.5,220031
2022-03-20,38.5,38.7,38.4,38.5,258033
2022-03-21,38.5,38.5,38.2,38.3,41033
2022-03-22,38.4,38.6,38.4,38.6,314688
2022-03-23,38.7,39.3,38.6,39.2,399958
2022-03-24,39.2,39.7,39.1,39.6,695888
2022-03-27,39.5,39.5,39.3,39.4,55278
2022-03-28,39.4,39.6,39.0,39.5,78691
2022-03-29,39.8,39.8,39.3,39.4,3833625
2022-03-30,39.2,39.4,38.7,38.7,397362
2022-03-31,38.5,38.9,38.0,38.4,569712
2022-04-03,38.8,39.5,38.0,39.1,241431
2022-04-04,39.1,39.1,38.4,38.5,216045
2022-04-05,38.8,38.8,38.2,38.3,413353
2022-04-06,38.5,38.5,38.0,38.1,167768
2022-04-07,38.5,38.5,37.7,38.2,1003667
2022-04-10,37.8,38.0,37.7,37.9,308787
2022-04-11,38.3,38.3,37.8,37.9,360201
2022-04-12,39.0,39.0,37.2,37.2,705792
2022-04-13,37.4,38.0,37.0,38.0,418403
2022-04-17,38.5,38.5,37.8,37.9,123894
2022-04-18,37.8,37.8,37.2,37.2,220302
2022-04-19,36.8,39.4,36.6,38.4,609855
2022-04-20,38.7,39.0,38.4,38.8,547673
2022-04-21,38.7,38.8,38.5,38.7,487973
2022-04-24,38.6,38.7,38.3,38.4,691222
2022-04-26,34.0,34.6,33.0,34.5,221677
2022-04-27,34.5,34.8,33.7,34.5,514851
2022-04-28,34.7,34.7,34.0,34.5,258013
2022-05-05,34.5,34.7,34.4,34.5,12559
2022-05-08,34.4,34.4,34.0,34.0,72019
2022-05-09,34.0,34.0,33.0,33.2,440241
2022-05-10,33.9,33.9,33.2,33.5,117725
2022-05-11,33.5,34.1,33.5,33.7,269072
2022-05-12,33.3,33.7,33.1,33.3,230358
2022-05-16,33.6,33.6,32.7,32.9,319217
2022-05-17,33.8,33.8,32.4,32.5,189763
2022-05-18,32.9,33.3,32.6,33.0,454083
2022-05-19,32.9,33.5,32.9,33.0,385522
2022-05-22,32.9,33.3,32.6,33.0,160913
2022-05-23,33.5,33.5,33.0,33.0,166130
2022-05-24,33.1,33.6,33.0,33.2,397574
2022-05-25,33.2,33.3,32.9,33.0,147209
2022-05-26,33.2,33.2,32.9,33.1,70861
2022-05-29,33.1,33.3,32.9,33.1,196321
2022-05-30,33.7,33.7,33.1,33.4,201962
2022-05-31,33.4,33.6,33.3,33.4,220554
2022-06-01,33.8,33.8,33.3,33.5,96246
2022-06-02,33.4,33.7,33.3,33.4,188165
2022-06-05,33.8,33.8,33.3,33.7,252788
2022-06-06,33.8,33.9,33.4,33.8,197500
2022-06-07,33.9,33.9,33.5,33.6,152079
2022-06-08,34.0,34.0,33.4,33.6,164230
2022-06-09,33.9,33.9,33.5,33.6,63200
2022-06-12,33.3,33.6,33.0,33.4,212035
2022-06-13,33.8,33.8,32.8,32.9,130651
2022-06-14,33.2,33.2,32.6,32.8,208488
2022-06-15,33.5,33.5,32.6,32.9,266866
2022-06-16,32.8,33.2,32.7,32.8,160593
2022-06-19,33.2,33.4,32.7,32.8,472186
2022-06-20,32.8,33.0,32.2,32.5,644622
2022-06-21,33.2,33.2,31.9,32.0,387585
2022-06-22,32.8,32.8,31.6,32.3,227979
2022-06-23,32.7,32.7,31.7,32.6,60994
2022-06-26,32.2,32.9,32.0,32.3,44345
2022-06-27,31.7,32.9,31.7,32.4,84583
2022-06-28,32.5,32.5,31.8,32.3,162772
2022-06-29,32.3,32.9,32.3,32.8,93120
2022-06-30,32.8,33.2,32.7,33.0,296666
2022-07-03,32.4,32.9,32.4,32.7,152627
2022-07-04,32.6,32.8,32.5,32.8,70372
2022-07-05,32.7,32.8,32.6,32.7,102487
2022-07-06,32.8,33.0,32.7,32.9,83179
2022-07-07,33.0,33.0,32.5,32.8,97891
2022-07-12,32.2,33.4,32.2,32.8,77861
2022-07-13,32.8,33.0,32.7,32.8,36964
2022-07-14,32.7,32.9,32.7,32.8,71375
2022-07-17,33.0,33.0,32.6,32.8,15177
2022-07-18,32.7,32.8,32.4,32.4,41980
2022-07-19,33.0,33.0,32.1,32.2,534361
2022-07-20,31.9,32.8,31.8,32.4,86083
2022-07-21,33.0,33.0,32.2,32.4,12853
2022-07-24,32.1,32.3,32.0,32.0,99628
2022-07-25,32.0,32.4,31.5,31.8,604485
2022-07-26,32.7,32.7,31.9,32.0,174030
2022-07-27,32.3,32.3,31.8,31.9,18648
2022-07-28,31.6,31.9,31.3,31.6,113281
2022-07-31,32.4,32.4,31.9,32.1,165578
2022-08-01,32.4,32.4,31.9,31.9,116545
2022-08-02,32.4,32.5,32.1,32.3,234242
2022-08-03,32.8,33.0,32.4,32.7,499883
2022-08-04,32.7,33.3,32.4,33.0,331232
2022-08-07,33.2,33.2,32.1,32.3,323084
2022-08-08,32.1,32.9,32.1,32.3,278272
2022-08-10,32.8,32.8,32.0,32.2,258326
2022-08-11,32.6,32.7,32.0,32.4,410407
2022-08-14,32.8,32.8,32.2,32.4,8704
2022-08-16,32.2,32.6,32.2,32.2,378375
2022-08-17,32.3,32.6,31.9,32.0,188433
2022-08-21,32.1,32.6,32.0,32.0,135231
2022-08-22,32.4,32.4,32.0,32.2,169447
2022-08-23,32.1,32.4,32.1,32.2,72829
2022-08-24,32.4,32.4,32.0,32.0,94002
2022-08-25,32.0,32.4,31.9,32.0,143159
2022-08-28,31.9,32.6,31.9,32.5,446699
2022-08-29,32.5,32.7,32.2,32.6,339950
2022-08-30,32.3,32.7,32.3,32.6,167609
2022-08-31,32.6,32.7,32.1,32.3,359774
2022-09-01,32.7,32.7,32.1,32.4,83703
2022-09-04,32.2,32.7,32.1,32.5,39975
2022-09-05,32.3,32.6,32.3,32.4,493496
2022-09-06,32.5,32.5,32.1,32.2,285191
2022-09-07,32.2,32.5,32.0,32.4,192862
2022-09-08,32.1,32.8,32.1,32.6,228418
2022-09-11,32.2,32.8,32.2,32.7,439279
2022-09-12,32.7,32.9,32.6,32.8,59660
2022-09-13,32.5,33.2,32.5,33.1,360700
2022-09-14,33.3,33.3,32.7,32.9,378005
2022-09-15,33.0,33.0,32.5,32.5,44141
2022-09-18,32.5,32.6,32.4,32.4,375614
2022-09-19,32.4,33.0,32.4,32.4,155940
2022-09-20,32.2,32.9,32.0,32.4,360600
2022-09-21,32.4,32.4,32.0,32.1,116094
2022-09-22,32.0,32.4,31.9,31.9,301278
2022-09-25,31.9,32.0,31.8,31.8,532298
2022-09-26,33.0,33.0,31.8,31.8,336541
2022-09-27,33.0,33.0,31.8,31.8,42474
2022-09-28,31.9,32.0,31.8,31.9,243249
2022-09-29,31.9,32.0,31.8,31.9,33863
2022-10-02,31.9,32.3,31.8,32.0,40679
2022-10-03,32.0,32.3,32.0,32.3,21635
2022-10-04,32.0,32.2,31.8,31.9,73944
2022-10-06,31.8,32.3,31.8,32.0,11110
2022-10-10,31.9,32.0,31.8,31.8,72976
2022-10-11,31.8,32.0,31.8,31.8,8122
2022-10-12,31.8,32.0,31.8,31.8,25784
2022-10-13,31.8,32.0,31.8,31.8,39136
2022-10-16,31.8,32.1,31.8,32.1,78205
2022-10-17,32.0,32.1,31.9,32.0,29249
2022-10-18,31.9,31.9,31.8,31.8,19083
2022-10-19,31.8,31.8,31.8,31.8,17793
2022-10-20,31.8,31.9,31.8,31.9,8233
2022-10-23,31.9,31.9,31.8,31.8,5042
2022-10-24,31.8,31.8,31.8,31.8,2869
2022-10-25,31.8,31.8,31.8,31.8,14088
2022-10-26,31.8,31.8,31.8,31.8,1812
2022-10-27,31.8,31.8,31.8,31.8,31787
2022-10-30,31.8,31.8,31.8,31.8,2901
2022-10-31,31.8,31.8,31.8,31.8,234
2022-11-01,31.8,31.8,31.8,31.8,3753
2022-11-02,31.8,31.8,31.8,31.8,12586
2022-11-03,31.8,31.8,31.8,31.8,20919
2022-11-06,31.8,31.8,31.8,31.8,8422
2022-11-07,31.8,31.8,31.8,31.8,6338
2022-11-08,31.8,31.8,31.8,31.8,9541
2022-11-09,31.8,31.8,31.8,31.8,5040
2022-11-10,31.8,31.8,31.8,31.8,7038
2022-11-13,31.8,31.8,31.8,31.8,3620
2022-11-14,31.8,31.8,31.8,31.8,750
2022-11-15,31.8,31.8,31.8,31.8,23675
2022-11-16,31.8,31.8,31.8,31.8,13735
2022-11-17,31.8,31.8,31.8,31.8,5644
2022-11-20,31.8,31.8,31.8,31.8,2577
2022-11-21,31.8,31.8,31.8,31.8,511
2022-11-22,31.8,31.8,31.8,31.8,88
2022-11-23,31.8,31.8,31.8,31.8,17670
2022-11-24,31.8,31.8,31.8,31.8,500
2022-11-27,31.8,31.9,31.8,31.8,601781
2022-11-28,31.8,31.8,31.8,31.8,229552
2022-11-29,31.8,31.8,31.8,31.8,22505
2022-11-30,31.8,32.0,31.8,31.8,84076
2022-12-01,31.8,31.8,31.8,31.8,203771
2022-12-04,31.8,31.8,31.8,31.8,135268
2022-12-05,31.8,31.8,31.8,31.8,147
2022-12-06,31.8,31.8,31.8,31.8,2576
2022-12-07,31.8,31.8,31.8,31.8,340
2022-12-08,31.8,31.8,31.8,31.8,3811
2022-12-11,31.8,31.8,31.8,31.8,3865
2022-12-12,31.8,31.8,31.8,31.8,105
2022-12-13,31.8,31.8,31.8,31.8,9346
2022-12-14,31.8,31.8,31.8,31.8,4308
2022-12-15,31.8,31.8,31.8,31.8,1775
2022-12-18,31.8,31.8,31.8,31.8,5102
2022-12-19,31.8,31.8,31.8,31.8,1960
2022-12-20,31.8,31.8,31.8,31.8,2161
2022-12-21,31.8,31.8,31.8,31.8,1101
2022-12-22,31.8,31.8,31.8,31.8,16164
2022-12-26,31.8,31.8,31.8,31.8,21418
2022-12-27,31.8,31.8,31.8,31.8,47610
2022-12-28,31.8,31.8,31.8,31.8,2957
2022-12-29,31.8,31.8,31.8,31.8,5158
2023-01-01,31.8,31.8,31.8,31.8,636
2023-01-02,31.8,31.8,31.8,31.8,402
2023-01-03,31.8,31.8,31.8,31.8,1130
2023-01-04,31.8,31.8,31.8,31.8,3830
2023-01-05,31.8,31.8,31.8,31.8,5250
2023-01-08,31.8,31.8,31.8,31.8,2040
2023-01-09,31.8,31.8,31.8,31.8,4389
2023-01-10,31.8,31.8,31.8,31.8,2950
2023-01-11,31.8,31.8,31.8,31.8,2005
2023-01-12,31.8,31.8,31.8,31.8,2887
2023-01-15,31.8,31.8,31.8,31.8,3756
2023-01-16,31.8,31.8,31.8,31.8,3238
2023-01-17,31.8,31.8,31.8,31.8,1325
2023-01-18,31.8,31.8,31.8,31.8,13354
2023-01-19,31.8,31.8,31.8,31.8,7752
2023-01-22,31.8,32.2,31.8,31.9,92423
2023-01-23,31.8,31.8,31.8,31.8,161449
2023-01-24,31.8,31.8,31.8,31.8,8093
2023-01-25,31.8,31.8,31.8,31.8,112513
2023-01-26,31.8,31.8,31.8,31.8,111920
2023-01-29,31.8,31.8,31.8,31.8,19196
2023-01-30,31.8,31.8,31.8,31.8,11
2023-01-31,31.8,31.8,31.8,31.8,4542
2023-02-01,31.8,31.8,31.8,31.8,5210
2023-02-02,31.8,31.8,31.8,31.8,19141
2023-02-05,31.8,31.8,31.8,31.8,79792
2023-02-06,31.8,31.8,31.8,31.8,28626
2023-02-07,31.8,31.8,31.8,31.8,8907
2023-02-08,31.8,31.8,31.8,31.8,8044
2023-02-09,31.8,31.8,31.8,31.8,6954
2023-02-12,31.8,31.8,31.8,31.8,8332
2023-02-13,31.8,31.8,31.8,31.8,8740
2023-02-14,31.8,31.8,31.8,31.8,9515
2023-02-15,31.8,31.8,31.8,31.8,5200
2023-02-16,31.8,31.8,31.8,31.8,6570
2023-02-19,31.8,31.8,31.8,31.8,310
2023-02-20,31.8,31.8,31.8,31.8,2624
2023-02-22,31.8,31.8,31.8,31.8,9778
2023-02-23,31.8,31.8,31.8,31.8,1265
2023-02-26,31.8,31.8,31.8,31.8,3250
2023-02-27,31.8,31.8,31.8,31.8,3332
2023-02-28,31.8,31.8,31.8,31.8,1243
2023-03-01,31.8,31.8,31.8,31.8,1040
2023-03-02,31.8,31.8,31.8,31.8,1600
2023-03-05,31.8,31.8,31.8,31.8,200
2023-03-06,31.8,31.8,31.8,31.8,705
2023-03-07,31.8,31.8,31.8,31.8,692
2023-03-09,31.8,31.8,31.8,31.8,10810
2023-03-12,31.8,31.8,31.8,31.8,7795
2023-03-13,31.8,31.8,31.8,31.8,10184
2023-03-14,31.8,31.8,31.8,31.8,1005
2023-03-15,31.8,31.8,31.8,31.8,342642
2023-03-16,31.8,31.8,31.8,31.8,254968
2023-03-19,31.8,31.8,31.8,31.8,18875
2023-03-20,31.8,31.8,31.8,31.8,25933
2023-03-21,31.8,31.8,31.8,31.8,7369
2023-03-22,31.8,31.8,31.8,31.8,5308
2023-03-23,31.8,31.8,31.8,31.8,30045
2023-03-27,31.8,31.8,31.8,31.8,5131
2023-03-28,31.8,31.8,31.8,31.8,2752
2023-03-29,31.8,31.8,31.8,31.8,929
2023-03-30,31.8,31.8,31.8,31.8,63924
2023-04-02,31.8,31.8,31.8,31.8,8023
2023-04-03,31.8,31.8,31.8,31.8,316600
2023-04-04,31.8,31.8,31.8,31.8,14427
2023-04-05,31.8,31.8,31.8,31.8,10049
2023-04-06,31.8,31.8,31.8,31.8,877601
2023-04-09,31.8,32.1,31.8,32.0,168985
2023-04-10,31.8,32.2,31.8,32.1,339210
2023-04-11,32.1,32.2,32.0,32.1,49394
2023-04-12,32.2,32.3,32.0,32.1,160143
2023-04-13,32.1,32.3,32.1,32.2,50589
2023-04-16,32.2,32.4,31.8,32.4,114762
2023-04-17,32.4,32.5,32.1,32.3,37286
2023-04-18,32.2,32.4,32.2,32.3,45374
2023-04-24,32.3,32.5,31.8,32.0,702459
2023-04-25,32.2,32.5,32.0,32.4,66883
2023-04-26,32.1,32.9,32.1,32.8,202037
2023-04-27,32.6,33.5,32.6,33.3,612988
2023-04-30,33.1,33.7,33.0,33.6,747168
2023-05-02,32.7,33.6,32.6,33.1,594825
2023-05-07,29.4,29.4,29.4,29.4,31572
2023-05-08,29.4,29.4,29.4,29.4,71749
2023-05-09,29.4,29.4,29.4,29.4,15534
2023-05-10,29.4,29.4,29.4,29.4,3369
2023-05-11,29.4,29.4,29.4,29.4,8163
2023-05-14,29.4,29.4,29.4,29.4,3983
2023-05-15,29.4,29.4,29.4,29.4,1907
2023-05-16,29.4,29.4,29.4,29.4,823
2023-05-17,29.4,29.4,29.4,29.4,1613
2023-05-18,29.4,29.4,29.4,29.4,5779
2023-05-21,29.4,29.4,29.4,29.4,31505
2023-05-22,29.4,29.4,29.4,29.4,5775
2023-05-23,29.4,29.4,29.4,29.4,41041
2023-05-24,29.4,29.4,29.4,29.4,3600
2023-05-25,29.4,29.4,29.4,29.4,6982
2023-05-28,29.4,29.4,29.4,29.4,2213
2023-05-29,29.4,29.4,29.4,29.4,2653
2023-05-30,29.4,29.4,29.4,29.4,222717
2023-05-31,29.4,29.4,29.4,29.4,1355
2023-06-01,29.4,29.4,29.4,29.4,100681
2023-06-04,29.4,29.4,29.4,29.4,104146
2023-06-05,29.4,29.4,29.4,29.4,3045
2023-06-06,29.4,29.4,29.4,29.4,4563
2023-06-07,29.4,29.4,29.4,29.4,56519
2023-06-08,29.4,29.4,29.4,29.4,2050
2023-06-11,29.4,29.4,29.4,29.4,511
2023-06-12,29.4,29.4,29.4,29.4,501291
2023-06-13,29.4,29.4,29.4,29.4,1681
2023-06-14,29.4,29.4,29.4,29.4,1070
2023-06-15,29.4,29.4,29.4,29.4,4980
2023-06-18,29.4,29.4,29.4,29.4,4978
2023-06-19,29.4,29.4,29.4,29.4,5534
2023-06-20,29.4,29.4,29.4,29.4,27690
2023-06-21,29.4,29.4,29.4,29.4,81993
2023-06-22,29.4,29.4,29.4,29.4,48571
2023-06-25,29.4,29.4,29.4,29.4,25035
2023-06-26,29.4,29.4,29.4,29.4,37487
2023-07-02,29.4,29.4,29.4,29.4,17645
2023-07-03,29.4,29.4,29.4,29.4,2514
2023-07-04,29.4,29.4,29.4,29.4,18127
2023-07-05,29.4,29.4,29.4,29.4,3478
2023-07-06,29.4,29.4,29.4,29.4,4060
2023-07-09,29.4,29.4,29.4,29.4,122
2023-07-10,29.4,29.4,29.4,29.4,1671
2023-07-11,29.4,29.4,29.4,29.4,2018
2023-07-12,29.4,29.4,29.4,29.4,1325
2023-07-13,29.4,29.4,29.4,29.4,1116
2023-07-16,29.4,29.4,29.4,29.4,1278
2023-07-17,29.4,30.0,29.4,29.4,663731
2023-07-18,29.4,29.4,29.4,29.4,125293
2023-07-19,29.4,29.4,29.4,29.4,201778
2023-07-20,29.4,29.4,29.4,29.4,18676
2023-07-23,29.4,29.4,29.4,29.4,9502
2023-07-24,29.4,29.4,29.4,29.4,530
2023-07-25,29.4,29.4,29.4,29.4,34010
2023-07-26,29.4,29.4,29.4,29.4,125
2023-07-27,29.4,29.4,29.4,29.4,412
2023-07-30,29.4,29.4,29.4,29.4,110
2023-07-31,29.4,29.4,29.4,29.4,12643
2023-08-01,29.4,29.4,29.4,29.4,1226
2023-08-02,29.4,29.4,29.4,29.4,160
2023-08-03,29.4,29.4,29.4,29.4,1456
2023-08-06,29.4,29.4,29.4,29.4,2676
2023-08-07,29.4,29.4,29.4,29.4,13466
2023-08-08,29.4,29.4,29.4,29.4,1008
2023-08-09,29.4,29.4,29.4,29.4,38673
2023-08-10,29.4,29.4,29.4,29.4,2289
2023-08-13,29.4,29.4,29.4,29.4,768256
2023-08-14,29.4,29.4,29.4,29.4,880607
2023-08-16,29.4,29.4,29.4,29.4,3341
2023-08-17,29.4,29.4,29.4,29.4,2707
2023-08-20,29.4,29.4,29.4,29.4,1876
2023-08-21,29.4,29.4,29.4,29.4,5110
2023-08-22,29.4,29.4,29.4,29.4,45200
2023-08-23,29.4,29.4,29.4,29.4,163
2023-08-24,29.4,29.4,29.4,29.4,22106
2023-08-27,29.4,29.4,29.4,29.4,5658
2023-08-28,29.4,29.4,29.4,29.4,4673
2023-08-29,29.4,29.4,29.4,29.4,4169
2023-08-30,29.4,29.4,29.4,29.4,120
2023-08-31,29.4,29.4,29.4,29.4,602
2023-09-03,29.4,29.4,29.4,29.4,12436
2023-09-04,29.4,29.4,29.4,29.4,420
2023-09-05,29.4,29.4,29.4,29.4,1243
2023-09-07,29.4,29.4,29.4,29.4,3771
2023-09-10,29.4,29.4,29.4,29.4,2556
2023-09-11,29.4,29.4,29.4,29.4,1735
2023-09-12,29.4,29.4,29.4,29.4,35
2023-09-13,29.4,29.4,29.4,29.4,3263
2023-09-14,29.4,29.4,29.4,29.4,3798
2023-09-17,29.4,29.4,29.4,29.4,518
2023-09-18,29.4,29.4,29.4,29.4,110
2023-09-19,29.4,29.4,29.4,29.4,388
2023-09-20,29.4,29.4,29.4,29.4,8163
2023-09-21,29.4,29.4,29.4,29.4,8313
2023-09-24,29.4,29.4,29.4,29.4,773
2023-09-25,29.4,29.4,29.4,29.4,310
2023-09-27,29.4,29.4,29.4,29.4,6853
2023-10-01,29.4,29.4,29.4,29.4,20
2023-10-02,29.4,29.4,29.4,29.4,2411
2023-10-03,29.4,29.4,29.4,29.4,10
2023-10-04,29.4,29.4,29.4,29.4,4534
2023-10-05,29.4,29.4,29.4,29.4,38
2023-10-08,29.4,29.4,29.4,29.4,2523
2023-10-09,29.4,29.4,29.4,29.4,493
2023-10-11,29.4,29.4,29.4,29.4,500
2023-10-12,29.4,29.4,29.4,29.4,385
2023-10-15,29.4,29.4,29.4,29.4,34626
2023-10-16,29.4,29.4,29.4,29.4,2440
2023-10-17,29.4,29.4,29.4,29.4,728
2023-10-18,29.4,29.4,29.4,29.4,308
2023-10-19,29.4,29.4,29.4,29.4,8306
2023-10-22,29.4,29.4,29.4,29.4,715
2023-10-23,29.4,29.4,29.4,29.4,3119
2023-10-25,29.4,29.4,29.4,29.4,82
2023-10-26,29.4,29.4,29.4,29.4,313
2023-10-29,29.4,29.4,29.4,29.4,74
2023-10-30,29.4,29.4,29.4,29.4,1479
2023-10-31,29.4,29.4,29.4,29.4,15403
2023-11-01,29.4,29.4,29.4,29.4,1000
2023-11-02,29.4,29.4,29.4,29.4,1235
2023-11-05,29.4,29.4,29.4,29.4,860
2023-11-06,29.4,29.4,29.4,29.4,74
2023-11-07,29.4,29.4,29.4,29.4,163603
2023-11-08,29.4,29.4,29.4,29.4,7025
2023-11-09,29.4,29.4,29.4,29.4,1102
2023-11-12,29.4,29.4,29.4,29.4,17000
2023-11-13,29.4,29.4,29.4,29.4,82
2023-11-14,29.4,29.4,29.4,29.4,11610
2023-11-15,29.4,29.4,29.4,29.4,940
2023-11-16,29.4,29.4,29.4,29.4,1
2023-11-19,29.4,29.4,29.4,29.4,85
2023-11-20,29.4,29.4,29.4,29.4,75
2023-11-21,29.4,29.4,29.4,29.4,1172
2023-11-22,29.4,29.4,29.4,29.4,5
2023-11-23,29.4,29.4,29.4,29.4,1127
2023-11-26,29.4,29.4,29.4,29.4,215
2023-11-27,29.4,29.4,29.4,29.4,1607
2023-11-28,29.4,29.4,29.4,29.4,100000
2023-11-29,29.4,29.4,29.4,29.4,100894
2023-11-30,29.4,29.4,29.4,29.4,4001
2023-12-03,29.4,29.4,29.4,29.4,7300
2023-12-04,29.4,29.4,29.4,29.4,7394
2023-12-05,29.4,29.4,29.4,29.4,2073
2023-12-06,29.4,29.4,29.4,29.4,4000
2023-12-07,29.4,29.4,29.4,29.4,131
2023-12-10,29.4,29.4,29.4,29.4,1482
2023-12-11,29.4,29.4,29.4,29.4,1916
2023-12-12,29.4,29.4,29.4,29.4,645
2023-12-13,29.4,29.4,29.4,29.4,1158
2023-12-14,29.4,29.4,29.4,29.4,460
2023-12-17,29.4,29.4,29.4,29.4,241
2023-12-18,29.4,29.4,29.4,29.4,1
2023-12-19,29.4,29.4,29.4,29.4,11584
2023-12-20,29.4,29.4,29.4,29.4,55590
2023-12-21,29.4,29.4,29.4,29.4,52545
2023-12-24,29.4,29.4,29.4,29.4,77720
2023-12-26,29.4,29.4,29.4,29.4,85478
2023-12-27,29.4,29.4,29.4,29.4,6556
2023-12-28,29.4,29.4,29.4,29.4,2271
2024-01-01,29.4,29.4,29.4,29.4,201439
2024-01-02,29.4,29.9,29.4,29.4,338352
2024-01-03,29.4,29.8,29.4,29.4,110506
2024-01-04,29.5,29.5,29.4,29.4,31783
2024-01-08,29.4,30.3,29.4,29.4,1576129
2024-01-09,29.9,29.9,29.4,29.4,1244029
2024-01-10,29.4,29.7,29.4,29.6,292116
2024-01-11,29.5,29.7,29.5,29.6,299784
2024-01-14,29.7,29.9,29.6,29.7,311380
2024-01-15,29.8,29.9,29.6,29.7,322656
2024-01-16,29.8,30.0,29.7,29.8,527746
2024-01-17,29.7,29.9,29.6,29.9,437563
2024-01-18,29.9,30.0,29.7,29.8,925097
2024-01-21,26.9,30.0,26.9,29.8,1123266
2024-01-22,30.0,30.0,29.7,29.9,474428
2024-01-23,29.8,32.8,29.8,30.4,466709
2024-01-24,31.9,31.9,29.9,30.0,286172
2024-01-25,29.7,30.0,29.7,30.0,133434
2024-01-28,29.7,30.0,29.7,29.8,29486
2024-01-29,29.5,29.8,29.5,29.7,492566
2024-01-30,29.7,29.8,28.1,29.4,38877
2024-01-31,29.4,29.6,29.3,29.4,183528
2024-02-01,29.4,30.3,29.4,29.8,25444
2024-02-04,29.7,30.3,29.7,30.2,216549
2024-02-05,29.9,30.7,29.9,30.1,460145
2024-02-06,30.3,30.7,30.1,30.4,493903
2024-02-07,30.2,30.6,30.2,30.5,330997
2024-02-08,30.6,30.8,30.6,30.6,307952
2024-02-11,31.0,31.1,30.7,31.0,983457
2024-02-12,31.5,31.8,30.9,31.1,670508
2024-02-13,30.9,31.6,30.9,31.1,567155
2024-02-14,30.6,31.5,30.6,30.8,409870
2024-02-15,30.9,31.0,30.4,30.6,462817
2024-02-18,30.6,30.8,30.1,30.2,335643
2024-02-19,30.1,30.5,30.1,30.4,637841
2024-02-20,30.1,30.9,30.1,30.7,265816
