Date,Open,High,Low,Close,Volume
2012-10-01,20.7,21.6,19.6,21.1,2577800
2012-10-02,21.5,23.2,21.4,23.1,8899800
2012-10-03,23.9,24.2,22.5,22.7,5097600
2012-10-04,22.7,23.2,22.3,22.8,3062400
2012-10-07,23.0,23.0,21.6,21.9,2759900
2012-10-08,22.0,22.3,21.0,21.2,2700000
2012-10-09,22.0,22.5,21.7,22.0,2500500
2012-10-10,22.9,22.9,21.5,21.6,1816900
2012-10-11,21.6,22.0,21.3,21.5,1820700
2012-10-14,22.0,22.2,20.9,21.0,1807400
2012-10-15,21.1,21.2,20.7,20.8,1549500
2012-10-16,21.9,21.9,20.7,21.0,1824000
2012-10-17,21.4,21.4,20.8,20.8,831600
2012-10-18,21.0,21.4,20.9,21.1,1028500
2012-10-21,21.1,22.0,21.1,21.8,2429300
2012-10-22,21.9,23.3,21.7,22.9,6230500
2012-10-23,23.2,23.5,22.7,22.8,3285100
2012-10-30,22.1,22.7,22.1,22.2,1375100
2012-10-31,22.3,22.4,21.3,21.4,2583200
2012-11-01,21.0,21.7,21.0,21.3,1816800
2012-11-04,21.3,21.5,20.9,20.9,1348300
2012-11-05,21.0,21.0,20.6,20.7,1710900
2012-11-06,21.2,21.2,20.6,20.7,549900
2012-11-07,20.9,20.9,20.5,20.5,669800
2012-11-08,21.0,21.0,20.3,20.3,662700
2012-11-11,20.1,20.3,19.2,19.5,1214800
2012-11-12,18.9,20.1,18.9,19.4,940200
2012-11-13,19.5,20.1,19.4,19.9,708500
2012-11-14,20.2,20.3,19.6,19.9,826900
2012-11-15,20.0,20.2,19.8,19.8,758800
2012-11-18,20.2,20.3,19.7,19.7,671600
2012-11-19,19.8,19.9,19.4,19.5,978700
2012-11-20,19.7,19.7,19.1,19.2,679800
2012-11-21,19.6,19.7,19.0,19.1,583200
2012-11-22,19.4,19.4,19.0,19.1,473300
2012-11-26,19.2,19.2,18.3,18.4,684300
2012-11-27,18.4,18.5,18.1,18.2,443500
2012-11-28,18.1,18.6,18.0,18.1,634600
2012-11-29,18.5,19.9,18.5,19.8,1417700
2012-12-02,20.7,21.1,19.3,19.6,1603400
2012-12-03,19.4,19.7,18.9,19.1,888400
2012-12-04,19.1,19.4,18.9,19.2,721200
2012-12-05,19.5,20.0,19.0,19.7,881300
2012-12-06,19.4,19.7,19.3,19.5,990600
2012-12-09,19.0,19.4,19.0,19.1,488800
2012-12-10,19.0,19.4,19.0,19.0,554600
2012-12-11,19.0,19.8,19.0,19.6,915300
2012-12-12,19.8,20.5,19.5,20.1,2500100
2012-12-13,20.3,20.7,20.0,20.4,1892500
2012-12-17,20.6,21.9,20.6,21.7,2950300
2012-12-18,21.4,21.6,20.7,20.9,1770300
2012-12-19,20.7,21.4,20.7,21.0,1221200
2012-12-20,21.1,21.4,20.5,20.9,1967900
2012-12-23,20.7,21.2,20.3,20.9,1912200
2012-12-24,20.9,20.9,20.5,20.6,1103500
2012-12-26,20.6,21.0,20.5,20.8,780700
2012-12-27,21.0,21.0,20.6,20.7,956300
2012-12-30,20.9,21.2,20.7,20.8,1091500
2013-01-01,21.2,21.8,21.2,21.3,2315900
2013-01-02,21.3,21.3,20.7,20.8,1040700
2013-01-03,20.8,21.0,20.6,20.8,576900
2013-01-06,20.9,21.0,20.6,20.6,679600
2013-01-07,20.6,20.8,20.4,20.5,459000
2013-01-08,20.5,20.7,20.4,20.4,454800
2013-01-09,20.6,20.7,20.3,20.4,634800
2013-01-10,20.7,20.7,20.3,20.4,648900
2013-01-13,21.1,21.1,20.3,20.3,573800
2013-01-14,20.5,20.5,20.1,20.2,836500
2013-01-15,20.0,20.3,20.0,20.2,535900
2013-01-16,20.2,20.5,20.1,20.3,526000
2013-01-17,20.4,20.5,20.2,20.3,636200
2013-01-20,20.3,20.5,20.2,20.3,548100
2013-01-21,20.3,20.5,20.1,20.2,525300
2013-01-22,20.2,20.4,20.1,20.1,685500
2013-01-23,20.2,20.4,20.1,20.2,489700
2013-01-24,20.4,20.5,20.2,20.2,540500
2013-01-27,20.4,20.4,20.1,20.1,970800
2013-01-28,20.3,20.3,20.1,20.1,824300
2013-01-29,20.4,20.7,20.2,20.6,1176900
2013-01-30,20.8,20.9,20.6,20.7,1016900
2013-01-31,20.6,20.9,20.5,20.6,605000
2013-02-03,20.6,20.8,20.2,20.3,1795000
2013-02-04,20.2,20.6,20.2,20.2,1320200
2013-02-05,20.3,20.4,20.1,20.2,842800
2013-02-06,20.3,20.4,20.2,20.2,802600
2013-02-07,20.3,20.4,20.1,20.1,755900
2013-02-10,20.3,20.5,20.1,20.4,1217500
2013-02-11,20.5,21.0,20.4,20.6,1796700
2013-02-12,20.8,20.8,20.3,20.4,975500
2013-02-13,20.3,20.6,20.3,20.5,1140400
2013-02-14,20.5,20.8,20.4,20.6,1726000
2013-02-17,20.8,20.8,20.2,20.3,1620900
2013-02-18,20.3,20.5,19.8,19.9,3146000
2013-02-19,20.0,20.1,19.6,19.6,1857900
2013-02-20,19.9,19.9,19.4,19.4,921500
2013-02-24,19.5,19.5,18.9,19.0,809100
2013-02-25,19.0,19.3,18.5,18.7,679800
2013-02-26,19.1,19.3,18.7,19.0,650100
2013-02-27,19.0,19.0,18.2,18.3,867300
2013-02-28,18.4,18.5,17.8,18.2,541300
2013-03-03,18.2,18.2,17.3,17.4,722900
2013-03-04,18.0,18.4,17.6,18.2,472800
2013-03-05,18.5,18.8,18.2,18.2,756900
2013-03-06,18.4,18.4,17.9,18.0,518300
2013-03-07,17.6,18.0,17.6,17.7,353400
2013-03-10,18.0,18.2,17.1,17.2,374800
2013-03-11,17.5,17.6,17.1,17.3,267800
2013-03-13,17.6,17.9,17.5,17.7,524900
2013-03-14,18.2,18.2,17.5,17.6,466100
2013-03-18,17.6,17.9,17.5,17.8,496400
2013-03-19,17.9,18.5,17.9,18.3,1386100
2013-03-20,18.3,18.4,17.9,18.0,417500
2013-03-24,18.2,18.2,17.5,17.6,497100
2013-03-25,17.5,17.6,17.1,17.1,681500
2013-03-27,17.2,17.2,16.8,16.8,532300
2013-03-28,17.0,17.1,16.8,16.9,380500
2013-03-31,17.0,17.0,16.3,16.3,607700
2013-04-01,16.2,16.2,15.5,15.6,699300
2013-04-02,15.5,16.0,15.3,15.8,370200
2013-04-03,16.1,16.2,15.9,16.0,413500
2013-04-04,15.9,16.1,15.7,15.9,523800
2013-04-07,15.9,15.9,15.7,15.7,284600
2013-04-08,15.7,16.0,15.7,15.9,303500
2013-04-09,15.9,16.6,15.9,16.3,630800
2013-04-10,16.7,17.0,16.4,16.5,642300
2013-04-11,16.6,16.6,16.3,16.4,368900
2013-04-15,16.5,16.7,16.4,16.4,549900
2013-04-16,16.4,16.6,16.1,16.1,442600
2013-04-17,16.2,16.4,16.0,16.2,403700
2013-04-18,16.4,16.4,16.0,16.0,372800
2013-04-21,15.9,16.0,15.7,15.7,280100
2013-04-22,15.7,16.0,15.6,15.9,402300
2013-04-23,15.9,15.9,15.7,15.7,273400
2013-04-24,15.7,15.9,15.6,15.6,364500
2013-04-25,15.7,15.8,15.5,15.6,278400
2013-04-28,15.6,15.7,15.4,15.4,254400
2013-04-29,15.4,15.5,15.3,15.3,283200
2013-04-30,15.5,15.5,15.2,15.3,369700
2013-05-02,15.2,15.5,15.0,15.4,524100
2013-05-05,15.4,15.4,15.0,15.1,502200
2013-05-06,15.0,15.3,15.0,15.1,174600
2013-05-07,15.2,15.4,15.1,15.2,339600
2013-05-08,15.3,15.5,15.2,15.2,296000
2013-05-09,15.3,15.4,15.1,15.3,427700
2013-05-12,15.5,16.0,15.4,15.8,961500
2013-05-13,16.0,16.0,15.7,15.9,578900
2013-05-14,16.0,16.5,15.8,16.4,1530100
2013-05-15,16.0,16.0,15.3,15.6,1623000
2013-05-16,15.7,15.8,15.5,15.6,726500
2013-05-19,15.6,16.3,15.6,16.1,1265500
2013-05-20,16.2,17.5,16.2,16.9,2265700
2013-05-21,17.0,17.0,16.1,16.2,884300
2013-05-22,16.2,16.4,15.8,15.8,811400
2013-05-26,16.0,16.0,15.4,15.5,500600
2013-05-27,15.6,16.2,15.6,15.8,585200
2013-05-28,16.0,16.3,15.9,16.0,854300
2013-05-29,16.5,16.6,15.9,16.2,1522100
2013-05-30,16.8,17.1,16.3,16.4,1577700
2013-06-02,16.6,16.8,16.5,16.7,1246700
2013-06-03,16.9,17.0,16.5,16.6,1284900
2013-06-04,16.8,16.8,16.4,16.4,1064500
2013-06-05,16.8,16.8,16.5,16.6,1620200
2013-06-06,16.8,16.9,16.4,16.5,1737300
2013-06-10,14.5,14.8,14.0,14.6,1684200
2013-06-11,14.6,14.9,14.5,14.5,1105900
2013-06-12,14.5,15.5,14.5,15.2,2148900
2013-06-13,15.2,15.4,14.7,14.7,915000
2013-06-16,14.8,15.3,14.7,15.1,1144700
2013-06-17,14.9,15.5,14.8,15.0,1641400
2013-06-18,15.0,15.2,14.9,15.0,811400
2013-06-19,15.2,15.5,15.0,15.3,2014500
2013-06-20,15.3,15.6,15.1,15.1,998400
2013-06-23,14.8,15.3,14.8,14.9,1434800
2013-06-24,15.2,15.2,14.5,14.6,947100
2013-06-26,15.0,15.0,14.3,14.4,1426500
2013-06-27,14.4,14.7,14.4,14.4,902300
2013-06-30,14.8,14.8,14.1,14.1,775800
2013-07-02,14.4,14.4,14.1,14.2,660400
2013-07-03,14.8,14.8,14.0,14.1,1025200
2013-07-04,14.2,14.2,13.9,13.9,1805100
2013-07-07,14.1,14.2,13.6,13.7,1291100
2013-07-08,13.8,13.9,13.3,13.4,1158400
2013-07-09,13.2,13.6,13.0,13.2,1176100
2013-07-10,13.5,14.4,13.2,13.6,1486700
2013-07-11,13.8,13.8,13.2,13.2,680100
2013-07-14,13.3,13.5,13.2,13.2,375100
2013-07-15,13.4,13.4,12.9,13.0,650400
2013-07-16,13.1,13.1,12.7,12.7,886000
2013-07-17,12.6,13.1,12.6,12.8,729000
2013-07-18,12.7,13.1,12.7,12.9,1093000
2013-07-21,13.0,13.4,12.9,12.9,746900
2013-07-22,13.2,13.2,12.9,12.9,1219400
2013-07-23,13.0,13.1,12.7,12.7,721900
2013-07-24,13.0,13.1,12.7,12.7,341800
2013-07-25,13.0,13.0,12.6,12.6,334000
2013-07-28,12.9,12.9,12.5,12.5,339500
2013-07-29,12.6,12.7,12.2,12.3,669600
2013-07-30,12.4,12.8,12.3,12.3,763100
2013-07-31,12.3,12.7,12.2,12.2,278400
2013-08-01,12.2,12.3,11.9,12.1,724500
2013-08-04,12.2,12.2,11.5,11.7,662300
2013-08-05,11.8,12.1,11.7,12.0,522100
2013-08-12,11.9,12.3,11.9,12.2,219500
2013-08-13,12.3,12.4,12.0,12.1,673000
2013-08-14,12.2,12.3,12.0,12.0,246500
2013-08-18,12.2,12.3,12.0,12.1,387300
2013-08-19,12.0,12.2,12.0,12.1,290000
2013-08-20,12.1,12.3,12.0,12.0,740500
2013-08-21,12.3,12.3,12.0,12.0,686700
2013-08-22,12.1,12.2,11.9,11.9,644600
2013-08-25,12.1,12.2,11.7,11.7,1097600
2013-08-26,11.8,11.9,11.5,11.6,673700
2013-08-27,11.7,11.9,11.5,11.5,807800
2013-08-29,11.6,11.7,11.3,11.4,512000
2013-09-01,11.6,11.6,11.2,11.2,582700
2013-09-02,11.3,11.4,11.2,11.2,481700
2013-09-03,11.2,11.4,11.2,11.3,323100
2013-09-04,11.4,11.5,11.2,11.2,362600
2013-09-05,11.2,11.5,11.2,11.2,448700
2013-09-08,11.2,11.2,11.0,11.1,454700
2013-09-09,11.0,11.2,11.0,11.0,717000
2013-09-10,11.1,11.2,10.9,10.9,846700
2013-09-11,11.1,11.1,10.9,10.9,660600
2013-09-12,11.0,11.0,10.7,10.8,714900
2013-09-15,10.8,10.9,10.7,10.7,573100
2013-09-16,10.7,11.6,10.6,11.2,1526200
2013-09-17,11.3,11.3,10.9,10.9,418900
2013-09-18,10.9,11.2,10.9,11.0,515500
2013-09-19,11.0,11.1,10.9,10.9,729500
2013-09-22,11.0,11.1,10.8,10.8,655400
2013-09-23,11.0,11.0,10.7,10.7,724100
2013-09-24,10.7,10.9,10.6,10.7,478200
2013-09-25,10.7,10.9,10.7,10.7,552400
2013-09-26,10.7,10.9,10.7,10.7,714400
2013-09-29,10.7,10.9,10.7,10.8,572000
2013-09-30,10.8,10.9,10.7,10.8,525500
2013-10-01,10.8,10.9,10.7,10.8,313200
2013-10-02,10.8,10.9,10.7,10.7,403500
2013-10-03,10.9,10.9,10.7,10.8,339500
2013-10-06,10.7,10.9,10.7,10.7,324500
2013-10-07,10.7,10.8,10.5,10.5,396400
2013-10-08,10.6,10.6,10.3,10.3,464100
2013-10-09,10.4,10.5,10.2,10.3,320800
2013-10-10,10.2,10.8,10.2,10.6,295400
2013-10-20,10.7,10.8,10.5,10.5,276200
2013-10-21,10.7,10.8,10.5,10.6,320700
2013-10-22,10.5,10.9,10.5,10.7,417400
2013-10-23,10.8,11.4,10.6,11.2,1236700
2013-10-24,10.9,11.2,10.8,10.9,589300
2013-10-27,10.8,11.8,10.8,11.7,1458400
2013-10-28,11.9,12.7,11.8,12.2,2574000
2013-10-29,12.9,13.0,11.7,12.6,1744300
2013-10-30,12.4,12.5,11.4,11.4,2400200
2013-10-31,11.0,11.8,10.8,11.4,1097800
2013-11-03,11.0,11.7,11.0,11.3,520200
2013-11-04,11.2,11.9,11.2,11.7,1000500
2013-11-05,12.0,12.2,11.6,11.7,1349100
2013-11-06,11.9,12.1,11.6,11.8,1223900
2013-11-07,12.0,12.3,11.7,12.1,1836500
2013-11-10,12.1,13.3,12.1,13.3,3927800
2013-11-11,13.8,14.6,13.5,13.8,6452200
2013-11-12,13.6,14.1,13.3,13.6,3185900
2013-11-13,13.7,14.0,13.3,13.3,2383000
2013-11-14,13.7,14.0,13.3,13.7,1589800
2013-11-17,14.0,14.1,13.6,13.7,1579300
2013-11-18,13.8,13.9,13.5,13.6,1125200
2013-11-19,13.8,14.0,13.6,13.8,1436700
2013-11-20,13.9,14.1,13.8,13.9,1857700
2013-11-21,13.8,13.9,13.6,13.6,1125200
2013-11-24,13.7,13.9,13.2,13.3,959600
2013-11-25,13.5,13.7,13.3,13.5,1043600
2013-11-26,13.5,13.6,12.9,13.0,1081600
2013-11-27,13.1,13.2,12.8,12.8,987800
2013-11-28,13.0,13.0,12.6,12.7,580400
2013-12-01,12.5,12.8,12.0,12.1,1130700
2013-12-02,11.8,12.7,11.8,12.4,521200
2013-12-03,12.6,13.1,12.6,13.0,992900
2013-12-04,13.2,13.2,12.6,12.7,688800
2013-12-05,12.5,12.8,12.5,12.7,298100
2013-12-08,12.8,12.9,12.6,12.6,419000
2013-12-09,12.6,12.9,12.5,12.6,729200
2013-12-10,12.4,13.0,12.4,12.7,1083400
2013-12-11,13.0,13.0,12.7,12.7,472500
2013-12-12,12.6,12.8,12.5,12.6,526200
2013-12-15,12.7,12.8,12.4,12.4,478800
2013-12-17,12.4,12.6,12.4,12.4,454800
2013-12-18,12.5,12.5,12.2,12.3,499100
2013-12-19,12.5,12.5,12.2,12.4,370500
2013-12-22,12.5,12.6,12.2,12.3,675200
2013-12-23,12.6,12.6,12.2,12.2,569500
2013-12-24,12.3,12.4,12.1,12.1,467000
2013-12-26,12.3,12.3,12.0,12.1,488200
2013-12-29,12.2,12.9,12.0,12.5,993900
2013-12-30,12.6,13.1,12.5,12.9,1946200
2014-01-01,13.1,13.1,12.7,12.7,591800
2014-01-02,12.9,12.9,12.5,12.7,582300
2014-01-06,13.0,13.0,12.5,12.6,268000
2014-01-07,12.5,12.7,12.5,12.6,413000
2014-01-08,12.6,12.9,12.5,12.5,1016600
2014-01-09,12.8,12.8,12.5,12.5,964500
2014-01-12,12.7,12.8,12.5,12.6,519800
2014-01-13,12.7,13.0,12.5,12.7,1439400
2014-01-15,12.9,13.1,12.6,12.8,1069000
2014-01-16,13.0,13.1,12.8,12.9,1108500
2014-01-19,13.0,13.5,13.0,13.2,1351400
2014-01-20,13.4,13.4,12.9,13.0,1000300
2014-01-21,13.0,13.1,12.8,12.9,691400
2014-01-22,13.0,13.2,13.0,13.1,1117800
2014-01-23,13.3,13.4,13.0,13.3,1486000
2014-01-26,13.4,14.1,13.3,13.8,2607100
2014-01-27,14.1,14.2,13.5,14.0,2311400
2014-01-28,14.1,14.2,13.8,13.8,1846400
2014-01-29,13.9,14.1,13.8,14.0,967600
2014-01-30,14.0,14.3,14.0,14.1,1987800
2014-02-02,14.2,14.4,14.0,14.2,1351600
2014-02-03,14.2,14.8,14.2,14.6,3289900
2014-02-04,14.8,15.3,14.6,14.7,3580200
2014-02-05,14.6,14.8,14.4,14.6,2185100
2014-02-06,14.8,14.9,14.6,14.6,1403600
2014-02-09,14.5,14.8,14.1,14.2,998600
2014-02-10,14.3,14.4,14.0,14.2,1366700
2014-02-11,14.3,14.3,14.0,14.1,978300
2014-02-12,14.0,14.2,13.9,13.9,671900
2014-02-13,13.9,14.1,13.7,13.7,734400
2014-02-16,13.8,13.9,13.5,13.5,998500
2014-02-17,13.6,13.9,13.4,13.7,602100
2014-02-18,13.6,14.0,13.6,13.8,469900
2014-02-19,13.9,14.1,13.8,13.9,641500
2014-02-20,14.0,14.1,13.8,13.8,581600
2014-02-23,13.7,13.8,13.6,13.6,439100
2014-02-24,13.8,14.1,13.6,13.8,543700
2014-02-25,13.8,14.0,13.8,13.9,915800
2014-02-26,14.0,14.0,13.6,13.7,391500
2014-02-27,13.6,13.8,13.4,13.4,907000
2014-03-02,13.4,13.5,13.0,13.1,683600
2014-03-03,13.0,13.4,13.0,13.0,495200
2014-03-04,13.1,13.3,13.0,13.1,542300
2014-03-05,13.1,13.3,12.9,13.1,497700
2014-03-06,13.0,13.1,12.8,12.8,590500
2014-03-09,12.7,12.9,12.6,12.6,443700
2014-03-10,12.6,13.1,12.4,12.5,742400
2014-03-11,12.6,12.9,12.6,12.8,453200
2014-03-12,12.7,12.9,12.5,12.6,358500
2014-03-13,12.7,12.7,12.4,12.4,270200
2014-03-16,12.3,12.5,12.2,12.2,349400
2014-03-18,12.2,12.6,12.2,12.3,362600
2014-03-19,12.3,12.4,12.1,12.2,476800
2014-03-20,12.2,12.6,12.1,12.4,436000
2014-03-23,12.3,12.4,12.2,12.2,259900
2014-03-24,12.2,12.3,12.0,12.0,351400
2014-03-25,12.1,12.3,12.1,12.1,459400
2014-03-27,12.2,12.4,12.1,12.2,440500
2014-03-30,12.1,12.3,12.1,12.2,306700
2014-03-31,12.2,12.3,12.0,12.1,326900
2014-04-01,12.0,12.3,12.0,12.1,302800
2014-04-02,12.2,12.5,12.1,12.4,487000
2014-04-03,12.2,12.5,12.2,12.4,381700
2014-04-06,12.4,12.4,12.2,12.2,288000
2014-04-07,12.2,12.3,12.0,12.0,379300
2014-04-08,12.1,12.2,11.6,11.7,599900
2014-04-09,12.0,12.2,11.7,12.1,419800
2014-04-10,12.0,12.4,11.9,11.9,457500
2014-04-13,11.9,12.1,11.8,11.9,125000
2014-04-15,12.0,12.6,12.0,12.3,1296200
2014-04-16,12.5,12.7,12.4,12.4,1050300
2014-04-17,12.5,12.8,12.3,12.6,799200
2014-04-20,13.0,13.0,12.4,12.6,899800
2014-04-21,12.7,13.4,12.6,13.2,2610800
2014-04-22,13.3,13.5,13.0,13.2,1537900
2014-04-23,13.1,13.5,12.9,13.4,1353700
2014-04-24,13.3,13.5,13.2,13.3,2630700
2014-04-28,11.9,12.4,11.9,12.0,2926500
2014-04-29,12.0,12.2,11.7,11.7,685100
2014-04-30,11.6,11.8,11.5,11.6,897000
2014-05-04,11.5,11.7,11.2,11.3,531300
2014-05-05,11.5,11.5,11.2,11.3,778200
2014-05-06,11.3,11.6,11.3,11.5,575000
2014-05-07,11.7,11.8,11.3,11.3,548800
2014-05-08,11.4,11.6,11.3,11.4,758200
2014-05-11,11.4,11.5,11.2,11.3,735000
2014-05-12,11.0,11.0,10.5,10.8,2253500
2014-05-14,10.6,10.8,10.2,10.3,3142800
2014-05-15,10.2,10.4,10.2,10.2,975700
2014-05-18,10.3,10.4,10.2,10.2,1201700
2014-05-19,10.4,10.5,10.2,10.3,1252800
2014-05-20,10.4,10.4,10.2,10.2,886200
2014-05-21,10.3,10.4,10.2,10.3,302500
2014-05-22,10.4,10.4,10.1,10.1,907300
2014-05-25,10.3,10.3,10.1,10.1,671300
2014-05-26,10.2,10.3,10.1,10.1,1634800
2014-05-27,10.1,10.4,10.1,10.2,474900
2014-05-28,10.2,10.3,10.1,10.1,1119900
2014-05-29,10.1,10.2,10.1,10.1,287200
2014-06-01,10.1,10.2,9.9,10.0,1006000
2014-06-02,10.1,10.1,9.9,9.9,666100
2014-06-03,10.0,10.1,9.8,9.9,1228600
2014-06-04,10.0,10.1,9.9,10.0,995600
2014-06-05,10.0,10.3,10.0,10.1,988600
2014-06-08,10.0,10.1,10.0,10.0,962800
2014-06-09,10.1,10.2,10.0,10.0,870000
2014-06-10,10.2,10.2,9.9,10.0,815000
2014-06-11,10.0,10.2,10.0,10.0,1281100
2014-06-12,10.0,10.1,9.9,9.9,378300
2014-06-15,9.9,10.1,9.8,9.9,602400
2014-06-16,9.9,10.0,9.7,9.8,973800
2014-06-17,9.8,10.0,9.8,9.8,449000
2014-06-18,9.8,10.0,9.7,9.8,544500
2014-06-19,9.8,10.0,9.7,9.8,825400
2014-06-22,9.9,10.1,9.8,9.9,560000
2014-06-23,9.8,10.2,9.8,10.1,1055600
2014-06-24,10.1,10.2,10.0,10.1,637700
2014-06-25,10.1,10.2,10.0,10.0,484900
2014-06-26,10.0,10.2,10.0,10.1,477100
2014-06-29,10.1,10.5,10.0,10.3,953900
2014-06-30,10.3,10.4,10.1,10.1,586400
2014-07-02,10.4,10.7,10.1,10.3,1350500
2014-07-03,10.3,10.6,10.2,10.3,824100
2014-07-06,10.4,10.4,10.1,10.1,451200
2014-07-07,10.1,10.2,10.0,10.0,416200
2014-07-08,10.0,10.2,10.0,10.0,467500
2014-07-09,10.1,10.2,9.9,9.9,570400
2014-07-10,10.0,10.1,9.9,9.9,429200
2014-07-13,10.0,10.1,9.9,9.9,388100
2014-07-14,10.0,10.1,9.9,9.9,402600
2014-07-15,9.9,10.1,9.9,9.9,461200
2014-07-16,9.9,10.1,9.9,9.9,431800
2014-07-17,9.9,10.1,9.9,10.0,599200
2014-07-20,10.0,10.2,9.9,10.0,835300
2014-07-21,10.0,10.2,10.0,10.1,539700
2014-07-22,10.1,10.1,10.0,10.0,1067100
2014-07-23,10.0,10.2,10.0,10.0,1083600
2014-07-24,10.0,10.2,10.0,10.1,823900
2014-08-03,10.3,10.3,10.0,10.1,820200
2014-08-04,10.3,10.3,10.0,10.1,463500
2014-08-05,10.1,10.3,10.0,10.0,792700
2014-08-06,10.0,10.2,10.0,10.0,543400
2014-08-07,10.1,10.2,10.0,10.1,1464200
2014-08-10,10.0,10.2,10.0,10.1,1241600
2014-08-11,10.2,10.2,10.0,10.0,1597600
2014-08-12,10.1,10.2,10.0,10.0,965900
2014-08-13,10.1,10.2,10.0,10.1,959800
2014-08-14,10.1,10.2,10.0,10.1,1638600
2014-08-18,10.2,10.2,10.0,10.0,933100
2014-08-19,10.1,10.2,10.0,10.1,1427400
2014-08-20,10.1,10.2,10.0,10.1,1449300
2014-08-21,10.0,10.1,10.0,10.0,1214000
2014-08-24,10.0,10.1,9.9,9.9,466800
2014-08-25,9.9,10.1,9.8,9.9,670400
2014-08-27,10.1,10.2,10.0,10.0,1091000
2014-08-28,10.2,10.2,9.9,9.9,1589500
2014-08-31,10.0,10.1,9.9,9.9,458800
2014-09-01,9.9,10.1,9.9,9.9,587500
2014-09-02,10.0,10.1,9.9,10.0,735000
2014-09-03,10.0,10.1,9.9,9.9,795300
2014-09-04,10.0,10.1,9.9,10.0,1053200
2014-09-07,10.0,10.4,9.9,10.2,1459400
2014-09-08,10.3,10.3,10.1,10.1,425800
2014-09-09,10.1,10.2,10.0,10.0,931500
2014-09-10,10.0,10.2,10.0,10.0,917100
2014-09-11,10.0,10.2,10.0,10.1,1432600
2014-09-14,10.0,10.2,10.0,10.1,860700
2014-09-15,10.0,10.2,10.0,10.0,1354000
2014-09-16,10.1,10.2,10.0,10.0,1260500
2014-09-17,10.0,10.2,10.0,10.0,986300
2014-09-18,10.0,10.2,10.0,10.0,1372600
2014-09-21,10.1,10.2,10.0,10.1,1225800
2014-09-22,10.1,10.4,10.1,10.3,1734400
2014-09-23,10.4,11.3,10.3,11.1,4030800
2014-09-24,11.4,11.8,10.6,10.8,2075300
2014-09-25,10.9,11.0,10.4,10.5,1430800
2014-09-28,10.6,10.7,10.4,10.4,1470400
2014-09-29,10.5,10.6,10.3,10.4,910700
2014-09-30,10.4,10.7,10.4,10.6,1253300
2014-10-01,10.7,10.9,10.6,10.7,1462800
2014-10-02,10.9,11.3,10.8,11.1,2953100
2014-10-12,11.0,12.2,11.0,11.9,5462200
2014-10-13,12.0,12.5,11.7,12.3,4959600
2014-10-14,12.3,12.5,11.9,11.9,3965200
2014-10-15,12.0,12.4,11.8,12.0,2842600
2014-10-16,12.2,12.2,11.9,11.9,1456500
2014-10-19,11.9,12.0,11.6,11.7,1983400
2014-10-20,11.7,11.9,11.6,11.6,1406900
2014-10-21,11.9,12.1,11.7,11.8,1665800
2014-10-22,11.7,11.9,11.6,11.6,1956900
2014-10-23,11.7,11.8,11.5,11.5,1096000
2014-10-26,11.5,11.6,11.2,11.2,771200
2014-10-27,11.2,11.7,11.2,11.5,884800
2014-10-28,11.9,12.1,11.7,11.7,2312500
2014-10-29,11.6,11.8,11.5,11.5,698100
2014-10-30,11.9,12.0,11.6,11.7,665900
2014-11-02,11.7,11.9,11.4,11.5,1631200
2014-11-03,11.5,11.7,11.4,11.4,948900
2014-11-05,11.3,11.6,11.3,11.4,1366400
2014-11-06,11.5,11.7,11.3,11.5,1238400
2014-11-09,11.5,11.5,11.3,11.3,771400
2014-11-10,11.3,11.4,11.1,11.1,692400
2014-11-11,11.0,11.3,11.0,11.1,610300
2014-11-12,11.1,11.3,11.1,11.2,595200
2014-11-13,11.2,11.4,11.2,11.2,546100
2014-11-16,11.4,11.4,11.1,11.1,1503300
2014-11-17,11.1,11.3,11.1,11.1,551400
2014-11-18,11.1,11.3,11.1,11.1,1026700
2014-11-19,11.1,11.4,11.1,11.2,777700
2014-11-20,11.4,11.4,11.1,11.1,540200
2014-11-23,11.2,11.2,11.0,11.0,403400
2014-11-24,11.1,11.1,10.9,10.9,546300
2014-11-25,10.9,11.2,10.9,11.0,602500
2014-11-26,11.1,11.1,10.8,10.8,493400
2014-11-27,10.8,11.2,10.8,11.0,596600
2014-11-30,11.1,11.2,10.9,10.9,542400
2014-12-01,10.9,11.3,10.9,11.2,534400
2014-12-02,11.2,11.4,11.1,11.3,574200
2014-12-03,11.5,11.6,11.2,11.5,1209700
2014-12-04,11.6,11.6,11.3,11.4,700100
2014-12-07,11.5,11.5,11.3,11.3,599600
2014-12-08,11.2,11.4,11.2,11.3,558900
2014-12-09,11.4,11.4,11.2,11.2,1566800
2014-12-10,11.3,11.5,11.2,11.3,655900
2014-12-11,11.0,11.4,11.0,11.3,211046
2014-12-14,11.2,11.4,11.1,11.2,357098
2014-12-15,10.9,11.3,10.9,11.1,224971
2014-12-17,11.0,11.3,10.9,11.0,452085
2014-12-18,11.0,11.1,10.9,11.1,310804
2014-12-21,10.8,11.1,10.8,10.9,472542
2014-12-22,10.8,11.1,10.8,11.0,299454
2014-12-23,10.9,11.1,10.9,10.9,563100
2014-12-24,11.0,11.1,10.7,10.9,782807
2014-12-28,11.0,11.0,10.7,10.8,785944
2014-12-29,10.7,11.0,10.7,10.9,671118
2014-12-30,10.9,11.2,10.8,11.1,617232
2015-01-01,11.4,11.5,11.1,11.3,1118070
2015-01-05,11.2,11.3,11.1,11.2,315865
2015-01-06,11.1,11.5,11.0,11.3,1281190
2015-01-07,11.3,11.4,11.2,11.3,582528
2015-01-08,11.2,11.4,11.2,11.4,560128
2015-01-11,11.3,11.5,11.3,11.3,685605
2015-01-12,11.3,11.5,11.3,11.3,890652
2015-01-13,11.3,11.5,11.3,11.4,734464
2015-01-14,11.3,11.5,11.3,11.4,524442
2015-01-15,11.3,11.5,11.3,11.5,527906
2015-01-18,11.5,11.5,11.3,11.3,456265
2015-01-19,11.4,11.5,11.2,11.2,810782
2015-01-20,11.3,11.5,11.2,11.2,987896
2015-01-21,11.3,11.3,11.0,11.1,845693
2015-01-22,11.0,11.3,11.0,11.1,462219
2015-01-25,11.1,11.1,10.9,10.9,441692
2015-01-26,11.0,11.1,10.8,10.9,440175
2015-01-27,10.9,11.0,10.8,10.9,317544
2015-01-28,10.9,11.0,10.8,10.9,350245
2015-01-29,10.9,11.0,10.8,10.8,429211
2015-02-01,10.8,10.8,10.6,10.7,527274
2015-02-02,10.6,10.9,10.5,10.8,718277
2015-02-03,10.7,10.9,10.6,10.8,285345
2015-02-04,10.7,10.9,10.7,10.9,270430
2015-02-05,10.8,11.0,10.7,11.0,364638
2015-02-08,10.8,11.0,10.8,10.9,340634
2015-02-09,10.8,11.1,10.8,11.1,845787
2015-02-10,10.9,11.1,10.9,11.0,380065
2015-02-11,10.9,11.1,10.9,11.0,327213
2015-02-12,11.0,11.2,10.9,11.1,883566
2015-02-15,11.0,11.1,10.9,11.0,271044
2015-02-16,10.9,11.0,10.9,10.9,353694
2015-02-17,10.9,11.0,10.8,11.0,667582
2015-02-18,10.9,11.2,10.9,11.1,391785
2015-02-19,11.1,11.2,11.0,11.0,705803
2015-02-22,11.0,11.2,11.0,11.1,404227
2015-02-23,11.1,11.1,11.0,11.0,295459
2015-02-24,11.0,11.1,10.9,11.0,339629
2015-02-25,11.1,11.1,10.8,10.9,520556
2015-02-26,11.0,11.0,10.8,10.9,290370
2015-03-01,11.0,11.1,10.9,11.0,678409
2015-03-02,11.0,11.2,11.0,11.1,705687
2015-03-03,11.1,11.2,11.0,11.1,463970
2015-03-04,11.0,11.2,10.9,11.1,1435800
2015-03-05,11.0,11.1,10.8,10.9,925412
2015-03-08,10.9,11.0,10.9,10.9,254861
2015-03-09,10.9,11.0,10.8,10.8,352075
2015-03-10,10.8,10.9,10.8,10.9,183931
2015-03-11,10.9,10.9,10.6,10.7,285441
2015-03-12,10.7,10.8,10.6,10.6,494219
2015-03-15,10.5,10.6,10.3,10.4,683018
2015-03-16,10.4,10.5,10.1,10.3,530093
2015-03-18,10.0,10.3,10.0,10.1,675098
2015-03-19,10.1,10.3,10.1,10.2,666977
2015-03-22,10.1,10.3,10.1,10.1,878513
2015-03-23,10.2,10.3,10.0,10.1,974477
2015-03-24,10.0,10.3,10.0,10.2,933599
2015-03-25,10.1,10.3,10.1,10.1,985754
2015-03-29,10.2,10.2,10.0,10.1,487251
2015-03-30,10.1,10.1,9.9,10.0,763479
2015-03-31,10.0,10.1,9.9,10.0,484415
2015-04-01,9.9,10.1,9.9,10.0,306113
2015-04-02,10.0,10.1,9.9,10.0,341865
2015-04-05,9.9,10.0,9.9,9.9,413836
2015-04-06,10.0,10.1,9.7,9.8,534131
2015-04-07,9.7,9.9,9.7,9.7,326193
2015-04-08,9.8,9.8,9.5,9.7,263671
2015-04-09,9.5,9.9,9.4,9.6,466985
2015-04-12,9.6,9.8,9.5,9.7,346663
2015-04-13,9.6,9.7,9.5,9.6,271646
2015-04-15,9.6,9.8,9.4,9.7,342062
2015-04-16,9.9,10.0,9.6,10.0,387369
2015-04-19,9.7,10.0,9.7,9.8,286208
2015-04-20,9.8,9.9,9.6,9.7,341457
2015-04-21,9.6,9.7,9.5,9.5,492221
2015-04-22,9.7,9.7,9.2,9.6,453087
2015-04-23,9.6,9.6,9.1,9.3,563004
2015-04-26,9.3,9.5,9.1,9.3,423768
2015-04-27,8.7,9.4,8.7,9.0,2168880
2015-04-29,9.3,9.4,9.0,9.1,532714
2015-04-30,9.2,9.3,9.0,9.0,660891
2015-05-04,9.0,9.2,9.0,9.0,600538
2015-05-05,9.1,9.3,9.1,9.3,510270
2015-05-06,9.2,9.4,9.1,9.2,1064510
2015-05-07,9.3,9.6,9.2,9.5,737331
2015-05-11,8.8,9.4,8.8,9.4,2857020
2015-05-12,9.6,10.1,9.6,9.8,4055980
2015-05-13,10.0,10.0,9.5,9.6,1820340
2015-05-14,9.7,9.8,9.3,9.4,1863400
2015-05-17,9.2,9.6,9.2,9.4,2172550
2015-05-18,9.4,9.7,9.4,9.6,2203060
2015-05-19,9.7,10.0,9.6,9.7,2079080
2015-05-20,9.7,9.8,9.5,9.6,1213830
2015-05-21,9.6,9.9,9.5,9.7,1486780
2015-05-24,9.7,9.9,9.6,9.8,543473
2015-05-25,9.7,10.0,9.7,9.9,1361640
2015-05-26,9.9,10.1,9.8,9.9,1915180
2015-05-27,9.9,10.0,9.6,9.7,1692820
2015-05-28,9.6,9.7,9.4,9.5,1339380
2015-05-31,9.4,9.6,9.4,9.4,915507
2015-06-01,9.5,9.8,9.4,9.7,1381970
2015-06-02,9.8,9.9,9.6,9.6,2066490
2015-06-04,9.6,9.7,9.4,9.5,1142970
2015-06-07,9.6,10.0,9.4,9.5,1613980
2015-06-08,9.5,9.6,9.2,9.4,1665500
2015-06-09,9.5,9.5,9.2,9.3,983258
2015-06-10,9.2,9.4,9.1,9.2,840656
2015-06-11,9.2,9.3,9.0,9.1,839147
2015-06-14,9.0,9.3,8.9,9.0,1019170
2015-06-15,9.0,9.1,8.9,9.0,537338
2015-06-16,8.9,9.1,8.9,9.0,897891
2015-06-17,9.0,9.1,8.9,9.0,748062
2015-06-18,9.1,9.1,8.9,9.0,1181600
2015-06-21,9.0,9.0,8.9,8.9,728057
2015-06-22,8.9,9.1,8.9,9.0,664192
2015-06-23,8.9,9.0,8.8,8.9,1304690
2015-06-24,8.9,9.0,8.8,8.8,635542
2015-06-25,8.8,8.9,8.7,8.8,642280
2015-06-28,8.8,9.0,8.8,9.0,656456
2015-06-29,9.0,9.1,8.9,9.0,987399
2015-06-30,9.0,9.1,8.9,9.0,1209800
2015-07-02,9.0,9.2,9.0,9.1,1600190
2015-07-05,9.0,9.1,8.9,9.0,641107
2015-07-06,8.9,9.0,8.8,8.9,503980
2015-07-07,8.9,9.0,8.8,8.9,628773
2015-07-08,8.9,9.0,8.8,8.9,970602
2015-07-09,9.1,9.1,8.8,9.0,726116
2015-07-12,8.9,9.0,8.8,8.9,683254
2015-07-13,8.9,9.0,8.8,9.0,537998
2015-07-14,9.0,9.2,8.9,9.1,803611
2015-07-21,9.0,9.4,9.0,9.3,1496810
2015-07-22,9.3,9.4,9.2,9.2,532404
2015-07-23,9.3,9.3,9.1,9.2,585760
2015-07-26,9.2,9.4,9.0,9.2,1275970
2015-07-27,9.2,9.3,9.1,9.1,607598
2015-07-28,9.1,9.3,9.1,9.1,846840
2015-07-29,9.1,9.3,9.0,9.1,945842
2015-07-30,9.1,9.2,8.9,9.0,2481180
2015-08-02,9.0,9.1,8.9,9.0,2001530
2015-08-03,8.9,9.1,8.9,9.0,840825
2015-08-04,9.0,9.1,9.0,9.0,1648130
2015-08-05,9.1,9.3,9.0,9.1,2232120
2015-08-06,9.1,9.2,9.0,9.1,884506
2015-08-09,9.0,9.2,9.0,9.0,1358720
2015-08-10,9.0,9.2,8.9,9.0,1965200
2015-08-11,9.0,9.1,8.9,9.0,485130
2015-08-12,8.9,9.1,8.9,8.9,601461
2015-08-13,8.9,9.1,8.9,9.0,940914
2015-08-16,9.1,9.1,8.9,8.9,1384410
2015-08-17,8.9,9.1,8.9,9.0,1010500
2015-08-18,9.0,9.4,8.9,9.2,2419860
2015-08-19,9.1,9.2,9.0,9.1,1498930
2015-08-20,9.1,9.1,9.0,9.1,1129400
2015-08-23,9.0,9.3,9.0,9.1,1203810
2015-08-24,9.1,9.2,9.0,9.0,639559
2015-08-25,9.0,9.1,9.0,9.1,1176900
2015-08-26,9.1,9.1,9.0,9.0,509513
2015-08-27,9.0,9.1,9.0,9.0,847995
2015-08-30,9.0,9.1,9.0,9.0,1169730
2015-08-31,9.0,9.1,8.9,9.0,795763
2015-09-01,9.0,9.1,8.9,9.0,900688
2015-09-02,9.0,9.1,8.9,9.0,907267
2015-09-03,9.0,9.1,8.9,8.9,353379
2015-09-06,8.9,9.0,8.9,8.9,681134
2015-09-07,8.9,9.0,8.9,8.9,695847
2015-09-08,8.9,9.0,8.9,8.9,405320
2015-09-09,8.9,9.0,8.9,8.9,761966
2015-09-10,8.9,9.0,8.9,8.9,729479
2015-09-13,8.9,9.0,8.8,8.8,765681
2015-09-14,8.8,9.0,8.8,8.9,528348
2015-09-15,9.0,9.0,8.8,8.9,747804
2015-09-16,9.0,9.0,8.8,8.8,658159
2015-09-17,8.8,8.9,8.8,8.9,557111
2015-09-20,8.9,9.0,8.8,8.9,696285
2015-09-21,8.9,9.0,8.8,9.0,888468
2015-09-22,9.0,9.0,8.9,9.0,333589
2015-09-28,8.9,9.0,8.9,8.9,803674
2015-09-29,9.0,9.0,8.9,9.0,695022
2015-09-30,8.9,9.0,8.9,9.0,892911
2015-10-01,9.0,9.0,8.9,8.9,574992
2015-10-04,8.9,9.0,8.9,8.9,647661
2015-10-05,8.9,9.0,8.8,9.0,1300740
2015-10-06,8.9,9.1,8.9,9.0,1206520
2015-10-07,9.0,9.1,8.9,8.9,750000
2015-10-08,8.9,9.0,8.9,9.0,2414310
2015-10-11,9.0,9.0,8.9,8.9,1520590
2015-10-12,8.9,9.2,8.9,9.1,3751940
2015-10-13,9.1,9.2,9.0,9.1,2050050
2015-10-14,9.1,9.2,9.0,9.2,2909380
2015-10-15,9.1,9.2,8.9,9.0,2256480
2015-10-18,9.0,9.1,8.9,8.9,855378
2015-10-19,8.9,9.0,8.9,9.0,1305760
2015-10-20,9.0,9.0,8.8,8.9,1939100
2015-10-21,8.9,8.9,8.7,8.8,1327620
2015-10-25,8.8,8.8,8.6,8.7,1375140
2015-10-26,8.7,8.8,8.6,8.7,1961060
2015-10-27,8.7,8.7,8.6,8.6,1167130
2015-10-28,8.6,8.8,8.6,8.6,994615
2015-10-29,8.7,8.8,8.6,8.7,707740
2015-11-01,8.6,8.7,8.5,8.6,695451
2015-11-02,8.6,8.7,8.5,8.6,835979
2015-11-03,8.7,8.8,8.6,8.7,967571
2015-11-04,8.7,8.8,8.5,8.6,632238
2015-11-05,8.5,8.6,8.5,8.5,978682
2015-11-08,8.6,8.6,8.4,8.4,896261
2015-11-09,8.4,8.5,8.4,8.4,637323
2015-11-10,8.4,8.6,8.4,8.5,776680
2015-11-11,8.5,8.6,8.4,8.4,711387
2015-11-12,8.4,8.5,8.4,8.5,799825
2015-11-15,8.6,8.6,8.4,8.4,520612
2015-11-16,8.4,8.6,8.4,8.5,423133
2015-11-17,8.5,8.6,8.4,8.5,844763
2015-11-18,8.5,8.7,8.5,8.6,1053820
2015-11-19,8.6,8.7,8.5,8.7,565396
2015-11-22,8.5,8.7,8.4,8.5,1630430
2015-11-23,8.6,8.6,8.5,8.5,542708
2015-11-24,8.5,8.9,8.5,8.8,1964490
2015-11-25,8.8,8.9,8.7,8.8,1446650
2015-11-26,8.7,8.9,8.7,8.8,549616
2015-11-29,8.8,8.8,8.5,8.6,1628580
2015-11-30,8.5,8.8,8.5,8.7,793248
2015-12-01,8.7,8.8,8.6,8.7,974719
2015-12-02,8.8,8.8,8.6,8.7,1798540
2015-12-03,8.8,8.8,8.7,8.7,1401450
2015-12-06,8.7,8.8,8.6,8.7,828872
2015-12-07,8.7,8.8,8.5,8.6,975772
2015-12-08,8.6,8.7,8.5,8.6,293800
2015-12-09,8.6,8.6,8.4,8.5,1561530
2015-12-10,8.5,8.6,8.4,8.4,348271
2015-12-13,8.4,8.5,8.4,8.4,239329
2015-12-14,8.4,8.5,8.3,8.4,511282
2015-12-15,8.4,8.5,8.3,8.4,336885
2015-12-17,8.4,8.4,8.3,8.4,393040
2015-12-20,8.4,8.4,8.3,8.3,269108
2015-12-21,8.4,8.6,8.4,8.4,2199320
2015-12-22,8.5,8.6,8.4,8.5,463217
2015-12-23,8.5,8.6,8.4,8.5,358155
2015-12-24,8.6,8.6,8.4,8.5,1128630
2015-12-27,8.5,8.6,8.4,8.4,714356
2015-12-28,8.4,8.5,8.2,8.4,1480350
2015-12-29,8.4,8.5,8.3,8.5,342127
2015-12-30,8.4,8.6,8.3,8.5,1105440
2015-12-31,8.5,8.9,8.4,8.6,2668140
2016-01-03,8.7,8.8,8.6,8.7,1454840
2016-01-04,8.6,8.7,8.5,8.6,808053
2016-01-05,8.6,8.7,8.5,8.6,723272
2016-01-06,8.6,8.8,8.6,8.7,1615690
2016-01-07,8.7,8.8,8.6,8.8,973336
2016-01-10,8.7,8.8,8.6,8.6,506258
2016-01-11,8.6,8.8,8.6,8.7,406018
2016-01-12,8.6,8.8,8.6,8.6,410330
2016-01-13,8.6,8.8,8.6,8.7,1248320
2016-01-14,8.7,9.0,8.6,8.9,3474360
2016-01-17,8.9,9.0,8.7,8.8,885989
2016-01-18,8.7,8.9,8.7,8.8,880822
2016-01-19,8.8,8.9,8.7,8.8,587717
2016-01-20,8.8,8.9,8.7,8.7,1144080
2016-01-21,8.7,8.8,8.6,8.7,417975
2016-01-24,8.7,8.8,8.7,8.7,447331
2016-01-25,8.8,8.8,8.7,8.7,653478
2016-01-26,8.7,8.8,8.7,8.7,655401
2016-01-27,8.7,8.9,8.7,8.8,822460
2016-01-28,8.8,8.8,8.7,8.7,1511520
2016-01-31,8.7,8.8,8.6,8.7,1297950
2016-02-01,8.7,8.8,8.7,8.7,331616
2016-02-02,8.7,8.8,8.7,8.7,465560
2016-02-03,8.7,8.8,8.6,8.7,584935
2016-02-04,8.7,8.8,8.6,8.8,456628
2016-02-07,8.8,8.8,8.6,8.6,1236850
2016-02-08,8.6,8.7,8.6,8.7,414027
2016-02-09,8.6,8.8,8.6,8.6,643710
2016-02-10,8.7,8.7,8.5,8.5,502896
2016-02-11,8.5,8.6,8.5,8.5,762539
2016-02-14,8.5,8.6,8.4,8.5,789099
2016-02-15,8.5,8.6,8.4,8.5,443108
2016-02-16,8.5,8.6,8.4,8.4,263320
2016-02-17,8.5,8.5,8.4,8.4,480144
2016-02-18,8.4,8.5,8.4,8.5,424118
2016-02-22,8.4,8.6,8.4,8.5,556838
2016-02-23,8.4,8.6,8.4,8.5,1051110
2016-02-24,8.5,8.6,8.4,8.5,1180990
2016-02-25,8.5,8.6,8.4,8.4,900187
2016-02-28,8.4,8.6,8.4,8.4,448494
2016-02-29,8.4,8.5,8.4,8.5,790197
2016-03-01,8.4,8.5,8.3,8.4,850482
2016-03-02,8.4,8.5,8.3,8.4,1082670
2016-03-03,8.5,8.5,8.3,8.3,358839
2016-03-06,8.4,8.4,8.3,8.3,411953
2016-03-07,8.4,8.4,8.3,8.3,460568
2016-03-08,8.3,8.5,8.3,8.4,955999
2016-03-09,8.4,8.5,8.3,8.4,363419
2016-03-10,8.4,8.5,8.3,8.4,611109
2016-03-13,8.4,8.5,8.3,8.4,433264
2016-03-14,8.4,8.5,8.3,8.4,256106
2016-03-15,8.4,8.6,8.3,8.5,1248830
2016-03-16,8.5,8.6,8.5,8.5,725314
2016-03-20,8.5,8.6,8.4,8.6,726446
2016-03-21,8.6,8.6,8.5,8.5,1414430
2016-03-22,8.5,8.6,8.5,8.5,835235
2016-03-23,8.5,8.6,8.5,8.6,590302
2016-03-24,8.5,8.6,8.4,8.4,660567
2016-03-27,8.5,8.6,8.3,8.4,432989
2016-03-28,8.5,8.5,8.3,8.3,487327
2016-03-29,8.4,8.4,8.3,8.3,287137
2016-03-30,8.3,8.4,8.3,8.3,325312
2016-03-31,8.3,8.4,8.3,8.4,533568
2016-04-03,8.4,8.6,8.4,8.6,866773
2016-04-04,8.6,8.7,8.5,8.7,1722750
2016-04-05,8.7,8.7,8.5,8.6,799970
2016-04-06,8.6,8.9,8.6,8.9,2177450
2016-04-07,8.9,8.9,8.8,8.8,1091420
2016-04-10,8.9,8.9,8.5,8.7,1355140
2016-04-11,9.1,9.3,8.9,9.1,8845570
2016-04-12,9.0,9.1,9.0,9.0,2647350
2016-04-13,9.0,9.1,8.9,9.1,3425950
2016-04-17,9.1,9.1,9.0,9.0,2235750
2016-04-18,9.0,9.1,8.9,9.0,1226980
2016-04-19,9.0,9.1,8.9,9.0,1429580
2016-04-20,9.0,9.1,8.9,8.9,1350820
2016-04-21,8.9,9.0,8.9,8.9,1263180
2016-04-24,8.9,9.0,8.8,8.9,746437
2016-04-25,8.9,9.0,8.8,8.9,617913
2016-04-26,8.9,9.0,8.8,8.9,1221260
2016-04-27,8.9,9.0,8.8,8.9,1305940
2016-04-28,8.9,8.9,8.8,8.9,1484660
2016-05-02,8.9,8.9,8.8,8.9,572884
2016-05-03,8.9,9.1,8.8,9.0,1773020
2016-05-04,9.0,9.1,8.9,9.0,1020180
2016-05-05,9.0,9.1,8.9,9.0,1393800
2016-05-08,9.1,9.1,9.0,9.1,1458760
2016-05-09,9.1,9.1,8.9,9.1,2834060
2016-05-10,9.0,9.0,8.8,8.9,3363710
2016-05-11,8.9,9.0,8.7,8.8,3256710
2016-05-12,8.8,8.9,8.6,8.7,4633920
2016-05-16,7.9,7.9,7.9,7.9,630514
2016-05-17,7.8,7.9,7.7,7.8,4060970
2016-05-18,7.8,7.9,7.7,7.8,1356750
2016-05-19,7.8,7.9,7.7,7.9,1358610
2016-05-22,7.8,7.9,7.8,7.9,831953
2016-05-24,7.9,7.9,7.8,7.8,624880
2016-05-25,7.9,7.9,7.8,7.8,393392
2016-05-26,7.8,7.9,7.8,7.9,619530
2016-05-29,7.8,7.9,7.8,7.8,1073480
2016-05-30,7.8,7.9,7.8,7.8,1172630
2016-05-31,7.8,7.9,7.7,7.7,1180140
2016-06-01,7.8,7.9,7.7,7.8,428817
2016-06-02,7.8,7.9,7.7,7.8,759308
2016-06-05,7.7,7.8,7.7,7.8,619173
2016-06-06,7.7,7.8,7.7,7.7,575433
2016-06-07,7.7,7.8,7.7,7.8,478798
2016-06-08,7.7,7.8,7.7,7.7,661663
2016-06-09,7.8,7.9,7.7,7.8,589648
2016-06-12,7.8,7.9,7.7,7.7,704515
2016-06-13,7.7,7.8,7.7,7.8,466918
2016-06-14,7.7,7.8,7.7,7.8,521430
2016-06-15,7.8,7.8,7.7,7.7,294052
2016-06-16,7.7,7.8,7.7,7.7,548567
2016-06-19,7.8,7.8,7.7,7.7,254691
2016-06-20,7.8,7.8,7.7,7.7,511663
2016-06-21,7.7,7.8,7.6,7.7,1105350
2016-06-22,7.7,7.7,7.6,7.6,414090
2016-06-23,7.6,7.8,7.6,7.8,622178
2016-06-26,7.8,8.0,7.7,7.9,3387400
2016-06-27,7.9,8.0,7.8,7.9,567753
2016-06-28,7.8,8.0,7.8,7.9,289583
2016-06-29,7.9,8.0,7.8,7.9,436399
2016-06-30,7.9,8.1,7.9,8.0,1047560
2016-07-10,7.9,8.0,7.8,8.0,814236
2016-07-11,8.0,8.1,7.9,8.0,442668
2016-07-12,7.9,8.2,7.9,8.1,1102500
2016-07-13,8.1,8.2,8.0,8.1,480342
2016-07-14,8.0,8.1,8.0,8.1,357620
2016-07-16,8.1,8.1,8.0,8.1,463245
2016-07-17,8.0,8.2,8.0,8.2,522475
2016-07-18,8.2,8.4,8.1,8.3,1441780
2016-07-19,8.3,8.3,8.1,8.3,1418550
2016-07-20,8.3,8.3,8.1,8.2,644544
2016-07-21,8.2,8.3,8.2,8.2,845281
2016-07-24,8.2,8.3,8.2,8.2,552117
2016-07-25,8.2,8.3,8.2,8.2,674912
2016-07-26,8.2,8.3,8.1,8.2,612863
2016-07-27,8.1,8.2,8.1,8.1,549414
2016-07-28,8.1,8.3,8.1,8.2,1062980
2016-07-31,8.3,8.4,8.2,8.2,709666
2016-08-01,8.2,8.3,8.0,8.1,458846
2016-08-02,8.2,8.4,8.1,8.2,1466860
2016-08-03,8.2,8.3,8.2,8.2,832630
2016-08-04,8.2,8.3,8.2,8.2,943816
2016-08-07,8.3,8.3,8.2,8.2,450584
2016-08-08,8.2,8.3,8.1,8.2,856902
2016-08-09,8.2,8.3,8.2,8.2,411314
2016-08-10,8.2,8.3,8.2,8.3,780990
2016-08-11,8.2,8.3,8.2,8.3,631759
2016-08-14,8.2,8.4,8.2,8.3,393528
2016-08-16,8.3,8.4,8.2,8.4,346798
2016-08-17,8.4,8.6,8.4,8.6,2101210
2016-08-18,8.5,8.6,8.5,8.6,795436
2016-08-21,8.5,8.6,8.4,8.4,788225
2016-08-22,8.4,8.5,8.3,8.5,727898
2016-08-23,8.5,8.5,8.4,8.5,783392
2016-08-24,8.5,8.6,8.4,8.4,510286
2016-08-28,8.4,8.5,8.4,8.4,460036
2016-08-29,8.4,8.6,8.4,8.5,1209830
2016-08-30,8.5,8.6,8.4,8.5,423908
2016-08-31,8.5,8.5,8.4,8.4,182908
2016-09-01,8.4,8.5,8.4,8.5,350736
2016-09-04,8.5,8.6,8.4,8.5,690608
2016-09-05,8.5,8.6,8.4,8.6,411758
2016-09-06,8.5,8.6,8.4,8.5,556811
2016-09-07,8.5,8.7,8.5,8.7,1497740
2016-09-08,8.6,8.8,8.6,8.7,952695
2016-09-18,8.6,8.9,8.6,8.9,810428
2016-09-19,8.8,9.0,8.7,8.8,821514
2016-09-20,8.7,8.9,8.7,8.9,250989
2016-09-21,8.8,8.9,8.8,8.9,739417
2016-09-22,8.8,9.0,8.8,8.9,978906
2016-09-24,8.9,9.1,8.9,9.0,2568010
2016-09-25,9.0,9.1,8.9,9.0,2683440
2016-09-26,9.0,9.1,8.9,9.1,2914370
2016-09-27,9.0,9.1,8.9,9.0,1720750
2016-09-28,9.0,9.1,9.0,9.1,1331130
2016-09-29,9.1,9.1,9.0,9.1,911890
2016-10-02,9.1,9.1,9.0,9.0,980524
2016-10-03,9.0,9.1,9.0,9.1,538443
2016-10-04,9.1,9.2,9.0,9.1,1502750
2016-10-05,9.1,9.2,9.1,9.2,871269
2016-10-06,9.2,9.3,9.1,9.2,1529880
2016-10-09,9.2,9.7,9.2,9.6,3910730
2016-10-10,9.6,9.6,9.4,9.5,1768180
2016-10-13,9.6,9.6,9.3,9.5,2355620
2016-10-16,9.5,10.0,9.4,9.9,5569730
2016-10-17,10.0,10.1,9.8,10.0,3895070
2016-10-18,10.0,10.2,9.8,10.1,4105870
2016-10-19,10.2,10.5,10.1,10.3,4720610
2016-10-20,10.2,10.4,10.2,10.3,2777820
2016-10-23,10.2,10.4,9.9,10.0,2625230
2016-10-24,10.0,10.0,9.9,9.9,1334620
2016-10-25,9.9,10.0,9.8,9.8,3006740
2016-10-26,9.8,9.8,9.6,9.6,2264420
2016-10-27,9.7,9.9,9.7,9.8,2908320
2016-10-30,9.8,9.9,9.7,9.8,973633
2016-10-31,9.8,9.8,9.7,9.7,620044
2016-11-01,9.9,10.2,9.9,10.1,3133320
2016-11-02,10.1,10.3,9.9,10.2,2989660
2016-11-03,10.2,10.4,10.2,10.4,2801570
2016-11-06,10.4,10.4,10.2,10.2,619396
2016-11-07,10.2,10.3,10.1,10.2,1267350
2016-11-08,10.1,10.3,10.1,10.2,1396440
2016-11-09,10.1,10.3,10.0,10.1,1313110
2016-11-10,10.2,10.2,10.0,10.1,1348870
2016-11-13,10.2,10.2,10.0,10.2,995514
2016-11-14,10.1,10.2,10.0,10.1,1329910
2016-11-15,10.1,10.4,10.1,10.3,2163950
2016-11-16,10.3,10.7,10.3,10.6,7600080
2016-11-17,10.7,11.0,10.6,10.7,5490040
2016-11-20,10.8,10.9,10.7,10.9,3554030
2016-11-21,10.8,11.0,10.7,10.7,2594870
2016-11-22,10.8,11.0,10.7,10.9,5179280
2016-11-23,10.9,11.1,10.8,11.0,4218570
2016-11-24,11.1,11.4,11.1,11.3,6752870
2016-11-27,11.2,11.4,11.0,11.1,2314250
2016-11-28,11.2,11.2,10.9,11.0,2511510
2016-11-29,11.0,11.2,10.9,11.0,1861900
2016-11-30,11.0,11.0,10.8,10.8,2074233
2016-12-01,10.8,11.0,10.7,10.8,3933977
2016-12-04,10.8,11.0,10.7,10.7,1094423
2016-12-05,10.7,11.1,10.7,10.9,2451526
2016-12-06,10.9,11.0,10.8,10.9,1092994
2016-12-07,10.9,11.1,10.9,11.0,1955030
2016-12-08,11.0,11.0,10.9,11.0,1408655
2016-12-11,11.0,11.0,10.8,10.8,1993237
2016-12-12,10.8,10.9,10.8,10.9,1100546
2016-12-14,10.9,10.9,10.7,10.8,1470802
2016-12-15,10.9,11.0,10.7,10.9,2057778
2016-12-18,10.9,11.0,10.8,11.0,1361924
2016-12-19,11.0,11.0,10.8,11.0,3040914
2016-12-20,10.9,11.1,10.9,11.0,6589857
2016-12-21,11.1,11.2,11.0,11.1,3915830
2016-12-22,11.1,11.2,10.9,11.1,3093437
2016-12-26,11.0,11.3,11.0,11.2,7230530
2016-12-27,11.2,11.9,11.2,11.7,16288889
2016-12-28,11.8,11.9,11.4,11.8,6322228
2016-12-29,11.7,11.9,11.5,11.7,4497689
2017-01-01,11.8,12.0,11.7,11.9,6817187
2017-01-02,12.0,12.0,11.6,11.7,9916339
2017-01-03,11.9,11.9,11.4,11.5,4529188
2017-01-04,11.5,11.6,11.4,11.5,3010237
2017-01-05,11.6,11.8,11.4,11.7,4815624
2017-01-08,11.7,11.7,11.5,11.6,2387250
2017-01-09,11.6,11.7,11.4,11.6,3191692
2017-01-10,11.6,11.8,11.5,11.7,3427138
2017-01-11,11.8,12.3,11.7,12.3,14603701
2017-01-12,12.3,12.4,12.0,12.1,6557017
2017-01-15,12.1,12.5,12.1,12.4,9459610
2017-01-16,12.5,13.6,12.5,13.5,23486688
2017-01-17,13.6,14.5,13.3,14.3,18516164
2017-01-18,14.4,14.4,13.8,13.9,13422262
2017-01-19,13.9,14.0,13.3,13.9,11706047
2017-01-22,14.0,14.5,14.0,14.4,7986768
2017-01-23,14.4,15.5,14.4,15.2,21562580
2017-01-24,15.3,16.5,14.9,16.3,22156956
2017-01-25,16.3,16.4,15.3,15.5,14691603
2017-01-26,15.4,15.9,14.9,15.4,10123659
2017-01-29,15.5,15.7,14.3,14.4,8099962
2017-01-30,14.5,14.7,13.6,13.9,7969061
2017-01-31,13.9,14.8,13.8,14.7,7070639
2017-02-01,14.8,15.0,14.3,14.4,4536334
2017-02-02,14.2,14.4,13.6,13.7,9630223
2017-02-05,13.9,14.0,13.1,13.3,5534304
2017-02-06,13.4,13.7,13.3,13.5,2565889
2017-02-07,13.5,13.9,13.3,13.8,3273851
2017-02-08,13.9,14.4,13.9,14.4,6474796
2017-02-09,14.5,14.6,14.1,14.4,4084646
2017-02-12,14.5,14.8,14.4,14.5,3019312
2017-02-13,14.5,14.5,14.1,14.2,3046762
2017-02-14,14.2,14.4,14.0,14.2,4524625
2017-02-15,14.4,14.4,14.1,14.2,3757918
2017-02-16,14.2,14.3,14.0,14.2,3188624
2017-02-19,14.2,14.2,13.9,13.9,3108361
2017-02-20,14.0,14.5,13.8,14.4,6973008
2017-02-22,14.5,14.7,14.2,14.3,3876942
2017-02-23,14.3,14.4,14.0,14.1,3794701
2017-02-26,14.1,14.4,13.9,14.2,3745375
2017-02-27,14.4,14.5,14.1,14.2,2564715
2017-02-28,14.2,14.3,14.0,14.1,2958839
2017-03-01,14.1,14.2,13.9,14.0,1958251
2017-03-02,14.0,14.0,13.8,13.8,5270407
2017-03-05,14.0,14.0,13.8,13.8,2060725
2017-03-06,14.0,14.0,13.7,13.7,1790826
2017-03-07,13.9,14.2,13.7,14.0,5416617
2017-03-08,14.2,14.4,13.9,14.2,4703581
2017-03-09,14.3,14.5,14.1,14.2,3410534
2017-03-12,14.3,14.3,14.0,14.2,2034014
2017-03-13,14.2,14.3,14.1,14.2,3846677
2017-03-14,14.3,14.5,14.3,14.3,7189967
2017-03-15,14.5,14.7,14.3,14.5,8742936
2017-03-16,14.5,14.8,14.3,14.7,7668141
2017-03-19,14.7,15.0,14.6,14.7,6112476
2017-03-20,14.7,14.8,14.5,14.6,3926451
2017-03-21,14.7,15.2,14.7,15.1,17705220
2017-03-22,15.2,15.4,14.9,15.0,8166198
2017-03-23,15.1,15.1,14.6,14.7,5424024
2017-03-27,14.8,14.8,14.3,14.4,3299878
2017-03-28,14.3,14.7,14.3,14.6,3335395
2017-03-29,14.6,14.7,14.3,14.4,3573502
2017-03-30,14.3,14.4,14.1,14.3,1433521
2017-04-02,14.2,14.2,13.9,14.0,3122593
2017-04-03,14.0,14.1,13.8,13.9,2130135
2017-04-04,14.0,14.1,13.6,13.7,4700883
2017-04-05,13.7,14.2,13.5,13.8,4129060
2017-04-06,14.0,14.0,13.7,13.8,2084830
2017-04-09,13.8,13.9,13.6,13.7,1545369
2017-04-10,13.6,13.8,13.4,13.5,1742153
2017-04-11,13.7,13.9,13.6,13.7,1031034
2017-04-12,13.7,13.9,13.4,13.5,2918117
2017-04-13,13.7,14.0,13.6,13.9,1441158
2017-04-16,13.9,14.1,13.7,13.8,1557714
2017-04-17,13.8,13.9,13.6,13.6,1158317
2017-04-18,13.6,14.1,13.6,14.0,4436013
2017-04-19,14.0,14.1,13.6,13.9,4232799
2017-04-20,14.0,14.3,13.8,13.9,7827286
2017-04-23,13.9,13.9,13.5,13.6,3511470
2017-04-24,13.6,13.8,13.5,13.6,1501350
2017-04-25,13.8,14.0,13.7,13.7,3424175
2017-04-26,13.7,13.9,13.7,13.8,3201808
2017-04-27,14.0,14.1,13.8,13.9,3836173
2017-04-30,13.9,14.0,13.8,13.9,1775201
2017-05-02,13.9,14.1,13.8,14.0,3553262
2017-05-03,14.0,14.3,14.0,14.2,4501199
2017-05-04,14.2,14.2,14.0,14.1,4450819
2017-05-07,14.1,14.2,13.9,14.1,5765081
2017-05-08,14.2,14.2,13.9,14.0,4386911
2017-05-09,13.8,13.8,12.9,13.6,14046403
2017-05-14,12.3,12.6,12.3,12.3,644897
2017-05-15,12.2,12.2,11.1,11.2,5152613
2017-05-16,11.2,11.6,11.1,11.5,3124175
2017-05-17,11.5,11.6,11.1,11.2,2125907
2017-05-18,11.2,11.2,10.8,10.8,3171735
2017-05-21,10.9,10.9,10.3,10.4,1915016
2017-05-22,10.3,10.4,9.9,10.1,2951858
2017-05-23,10.3,10.3,10.1,10.2,1898408
2017-05-24,10.2,10.3,10.0,10.1,2022842
2017-05-25,10.2,10.3,10.1,10.2,1245799
2017-05-28,10.2,10.2,9.9,10.0,2570078
2017-05-29,10.0,10.1,10.0,10.1,1298978
2017-05-30,10.1,10.2,10.0,10.0,1178905
2017-05-31,10.0,10.3,10.0,10.2,1505950
2017-06-01,10.1,10.4,10.1,10.4,2006353
2017-06-04,10.4,10.5,10.3,10.4,1272757
2017-06-05,10.4,10.8,10.4,10.8,1860423
2017-06-06,10.8,11.3,10.8,11.2,4831646
2017-06-07,11.2,11.2,11.0,11.1,1472939
2017-06-08,11.1,11.2,11.0,11.1,1203155
2017-06-11,11.1,11.2,11.0,11.0,800191
2017-06-12,11.0,11.1,10.9,11.1,784626
2017-06-13,11.1,11.1,10.9,11.0,1718907
2017-06-14,11.0,11.1,10.9,11.1,1247560
2017-06-15,11.1,11.2,11.0,11.2,791693
2017-06-18,11.3,11.3,11.1,11.3,1010068
2017-06-19,11.3,11.6,11.2,11.5,1732159
2017-06-20,11.5,11.8,11.5,11.7,1522400
2017-06-21,11.8,12.0,11.7,11.9,2164628
2017-06-22,11.9,12.1,11.8,11.9,2072814
2017-06-28,11.9,12.1,11.9,12.0,894688
2017-06-29,12.0,12.2,11.9,12.2,2590996
2017-07-02,12.2,12.3,12.0,12.1,1159019
2017-07-03,12.1,12.3,12.0,12.2,1588890
2017-07-04,12.2,12.5,12.2,12.4,3145244
2017-07-05,12.5,12.6,12.3,12.5,2213467
2017-07-06,12.5,12.5,12.3,12.5,2875482
2017-07-09,12.4,12.6,12.4,12.5,1980512
2017-07-10,12.5,12.9,12.4,12.9,2617339
2017-07-11,12.9,13.4,12.8,13.1,5786442
2017-07-12,13.1,13.1,12.8,12.9,3427601
2017-07-13,12.9,13.1,12.7,13.1,2022959
2017-07-16,13.1,13.2,13.0,13.0,2469689
2017-07-17,13.0,13.2,13.0,13.0,2465459
2017-07-18,13.0,13.3,13.0,13.1,2377327
2017-07-19,13.1,13.2,13.0,13.0,2148045
2017-07-20,13.0,13.2,12.9,13.2,1974774
2017-07-23,13.2,13.2,13.0,13.2,1863963
2017-07-24,13.1,13.4,13.0,13.3,2625278
2017-07-25,13.3,13.5,13.2,13.4,3076905
2017-07-26,13.5,13.8,13.5,13.8,3975672
2017-07-27,13.8,13.9,13.6,13.7,3288135
2017-07-30,13.7,13.7,13.4,13.5,1930593
2017-07-31,13.6,14.1,13.5,13.9,7130336
2017-08-01,14.0,14.3,13.9,14.0,7840305
2017-08-02,14.0,14.5,14.0,14.4,9953149
2017-08-03,14.4,14.6,14.3,14.4,6946435
2017-08-06,14.3,14.5,14.1,14.4,4133474
2017-08-07,14.4,14.8,14.4,14.6,6385787
2017-08-08,14.6,14.6,14.2,14.3,3965014
2017-08-09,14.2,14.4,14.1,14.1,3150094
2017-08-10,14.1,14.3,14.0,14.2,2632449
2017-08-13,14.2,14.6,14.1,14.4,3775710
2017-08-16,14.4,14.5,14.0,14.1,3015240
2017-08-17,14.2,14.2,13.8,13.9,2604929
2017-08-20,13.9,14.0,13.6,13.7,2162796
2017-08-21,13.5,13.8,13.4,13.7,3545482
2017-08-22,13.9,13.9,13.5,13.6,2124838
2017-08-23,13.7,13.8,13.4,13.5,2854442
2017-08-24,13.4,13.9,13.4,13.8,2000878
2017-08-27,13.8,14.1,13.8,14.1,2821318
2017-08-28,14.0,14.3,14.0,14.2,2379535
2017-08-29,14.2,14.5,14.2,14.2,3946856
2017-08-30,14.2,14.9,14.1,14.7,9097647
2017-08-31,14.8,15.5,14.8,15.2,18194314
2017-09-04,15.1,15.8,15.0,15.6,7766517
2017-09-05,15.7,16.1,15.5,16.0,12497397
2017-09-06,16.1,16.5,15.6,15.7,16500856
2017-09-07,15.7,16.2,15.2,16.0,12016971
2017-09-10,16.0,16.5,15.8,16.4,15583748
2017-09-11,16.4,16.4,15.8,15.9,6871152
2017-09-12,15.9,16.4,15.6,16.1,7679025
2017-09-13,16.1,16.5,16.1,16.3,11964916
2017-09-14,16.3,16.4,16.0,16.1,10913596
2017-09-17,16.1,17.0,15.9,16.8,13140994
2017-09-18,16.9,17.4,16.8,17.2,17987443
2017-09-19,17.2,17.8,16.9,17.4,19867215
2017-09-20,17.4,17.5,16.5,16.6,17950903
2017-09-21,16.6,17.4,16.5,17.1,13390970
2017-09-24,17.2,17.4,17.0,17.2,10427044
2017-09-25,17.2,17.2,16.4,16.6,8524817
2017-09-26,16.6,17.0,16.3,16.8,9827126
2017-09-27,16.8,17.5,16.8,17.0,14687665
2017-09-28,17.0,17.5,16.9,17.4,10962746
2017-10-02,17.5,18.6,17.4,18.5,29954989
2017-10-03,18.6,18.9,18.1,18.8,20727051
2017-10-04,18.7,19.2,18.4,19.0,21594421
2017-10-05,19.1,19.2,18.7,19.0,20292881
2017-10-08,19.0,19.3,18.8,18.9,17998119
2017-10-09,18.6,18.8,17.7,18.0,13473133
2017-10-10,17.9,18.4,17.3,18.1,18611571
2017-10-11,18.3,18.6,17.6,17.8,16149042
2017-10-12,17.8,17.8,16.9,17.1,13082561
2017-10-15,17.2,17.4,16.2,16.4,7516473
2017-10-16,16.2,17.1,15.9,16.8,8614649
2017-10-17,17.0,17.2,16.5,16.6,5317501
2017-10-18,16.8,16.9,16.3,16.5,3061093
2017-10-19,16.5,17.1,16.4,17.0,5089173
2017-10-22,17.1,17.5,17.0,17.2,7242265
2017-10-23,17.2,17.2,16.7,16.9,4799958
2017-10-24,17.0,17.1,16.5,16.6,6428011
2017-10-25,16.7,17.1,16.6,16.9,4640077
2017-10-26,16.9,17.2,16.8,17.0,4910058
2017-10-29,17.2,17.5,17.0,17.3,5350000
2017-10-30,17.3,17.4,17.1,17.2,5597855
2017-10-31,17.2,17.5,17.0,17.4,5782255
2017-11-01,17.4,17.9,17.3,17.8,7912704
2017-11-02,17.8,18.1,17.7,17.7,13118609
2017-11-05,17.7,17.8,17.3,17.4,5976554
2017-11-06,17.5,18.0,17.4,17.9,5440051
2017-11-07,18.0,18.1,17.8,17.9,9400294
2017-11-08,18.0,18.2,17.8,18.2,11832305
2017-11-09,18.1,18.5,18.0,18.3,10751319
2017-11-12,18.3,18.7,18.3,18.6,11623955
2017-11-13,18.7,18.8,18.3,18.4,8248727
2017-11-14,18.5,18.5,17.8,18.0,13033423
2017-11-15,18.1,18.1,17.6,17.7,5501031
2017-11-16,17.7,18.0,17.6,17.9,5473873
2017-11-19,18.0,18.1,17.6,18.0,6248708
2017-11-20,18.0,18.0,17.6,17.7,6826433
2017-11-21,17.7,17.8,17.2,17.3,6381898
2017-11-22,17.4,17.5,17.0,17.1,4802164
2017-11-23,17.3,17.5,17.0,17.1,4057733
2017-11-26,17.2,17.5,17.1,17.3,3096700
2017-11-27,17.3,17.4,17.1,17.1,2355163
2017-11-28,17.1,17.3,16.8,16.9,2904971
2017-11-29,17.0,17.0,16.6,16.7,2920339
2017-11-30,16.7,17.0,16.6,17.0,1902643
2017-12-03,17.0,17.2,16.8,16.8,1807553
2017-12-04,16.8,16.9,16.5,16.5,2046821
2017-12-05,16.5,16.9,16.5,16.8,1398935
2017-12-06,16.8,17.0,16.5,16.6,1514724
2017-12-07,16.7,16.7,16.4,16.4,1210822
2017-12-10,16.4,16.5,16.0,16.1,2301506
2017-12-11,16.3,16.5,16.2,16.3,1622837
2017-12-12,16.4,16.9,16.4,16.8,2355314
2017-12-13,16.2,17.0,16.2,16.8,1841358
2017-12-14,16.8,17.1,16.7,17.0,2367702
2017-12-17,16.9,17.1,16.9,17.1,1566826
2017-12-18,17.1,17.3,16.9,17.2,1767616
2017-12-19,17.2,17.5,17.2,17.4,2837443
2017-12-20,17.5,17.5,17.1,17.2,1135765
2017-12-21,17.1,17.3,17.0,17.1,1291171
2017-12-24,17.0,17.2,16.9,16.9,969848
2017-12-26,16.8,17.1,16.8,16.9,1090145
2017-12-27,16.8,17.3,16.8,17.1,2091333
2017-12-28,17.2,17.5,17.1,17.2,5601565
2018-01-01,17.4,17.6,17.2,17.3,3223038
2018-01-02,17.4,17.6,17.3,17.3,1042121
2018-01-03,17.3,17.6,17.2,17.5,4442186
2018-01-04,17.5,17.5,17.3,17.4,2419873
2018-01-07,17.4,17.5,17.2,17.4,2290023
2018-01-08,17.5,17.6,17.1,17.2,4306779
2018-01-09,17.3,17.6,17.1,17.2,2772887
2018-01-10,17.2,17.2,17.0,17.1,2091296
2018-01-11,17.1,17.1,16.8,17.0,841652
2018-01-14,17.0,17.1,16.6,16.7,1317165
2018-01-15,16.7,16.8,16.1,16.3,1945827
2018-01-16,16.3,16.7,16.0,16.6,2028816
2018-01-17,16.8,16.9,16.3,16.4,1127807
2018-01-18,16.3,16.6,16.2,16.4,1037245
2018-01-21,16.3,16.5,16.2,16.3,691760
2018-01-22,16.5,16.5,16.1,16.2,1549837
2018-01-23,16.2,16.3,16.1,16.1,1121697
2018-01-24,16.2,16.2,16.0,16.1,849178
2018-01-25,16.1,16.5,16.1,16.4,1398153
2018-01-28,16.3,16.3,16.0,16.1,1386125
2018-01-29,16.1,16.4,16.1,16.2,1369466
2018-01-30,16.3,16.4,16.1,16.1,864558
2018-01-31,16.1,16.1,15.8,15.9,2344795
2018-02-01,15.9,16.1,15.8,15.8,681868
2018-02-04,16.0,16.0,14.9,15.1,3348703
2018-02-05,15.1,15.1,14.6,14.9,2587410
2018-02-06,15.0,15.2,14.9,15.1,1069876
2018-02-07,15.1,15.2,14.8,15.0,703423
2018-02-08,15.1,15.3,15.0,15.2,788067
2018-02-11,15.2,16.1,15.2,15.9,2358114
2018-02-12,16.0,16.3,15.8,15.9,1400933
2018-02-13,15.9,16.1,15.6,15.9,659431
2018-02-14,15.9,16.0,15.7,15.8,847816
2018-02-15,15.8,15.8,15.5,15.5,1816586
2018-02-18,15.6,15.6,15.1,15.2,946418
2018-02-19,15.1,15.4,15.1,15.1,865223
2018-02-20,15.2,15.3,15.0,15.1,737218
2018-02-22,15.3,15.3,15.1,15.2,478021
2018-02-25,15.3,15.3,14.8,14.8,1337953
2018-02-26,14.8,14.9,14.5,14.6,1347868
2018-02-27,14.7,14.9,14.5,14.6,763375
2018-02-28,14.6,14.7,14.4,14.5,846913
2018-03-01,14.6,14.6,14.4,14.5,1158344
2018-03-04,14.6,14.7,14.4,14.5,868899
2018-03-05,14.5,14.5,14.2,14.3,1155569
2018-03-06,14.2,14.3,14.1,14.2,661073
2018-03-07,14.2,14.3,14.0,14.0,2239092
2018-03-08,13.9,14.3,13.9,14.2,943935
2018-03-11,14.0,14.4,14.0,14.2,843143
2018-03-12,14.0,14.3,13.9,14.0,1038341
2018-03-13,14.0,14.1,13.7,13.7,2042686
2018-03-14,13.7,13.8,13.5,13.6,951604
2018-03-15,13.5,14.3,13.4,14.0,1136526
2018-03-18,14.2,14.2,13.8,13.8,1320536
2018-03-19,13.8,13.9,13.7,13.8,984532
2018-03-20,13.7,13.8,13.6,13.7,653197
2018-03-21,13.6,13.7,13.0,13.1,1762226
2018-03-22,13.0,13.4,12.6,13.2,2278495
2018-03-25,13.3,13.7,13.2,13.4,865667
2018-03-27,13.3,13.3,13.0,13.1,514163
2018-03-28,13.1,13.1,12.9,13.0,1336455
2018-03-29,13.1,13.6,13.0,13.5,1401973
2018-04-01,13.7,14.4,13.7,14.3,3526590
2018-04-02,14.4,14.8,14.3,14.7,3533230
2018-04-03,14.7,14.8,14.0,14.3,2340709
2018-04-04,14.3,14.6,14.1,14.2,1566525
2018-04-05,14.2,14.3,14.0,14.1,1053580
2018-04-08,14.1,14.3,14.0,14.0,1670995
2018-04-09,14.0,14.2,13.8,13.8,1732069
2018-04-10,13.9,14.1,13.7,13.8,1253571
2018-04-11,13.8,14.0,13.6,13.6,1427594
2018-04-12,13.7,13.7,13.5,13.6,1035514
2018-04-15,13.4,13.7,13.4,13.5,507357
2018-04-16,13.5,13.5,13.2,13.4,1480167
2018-04-17,13.3,13.6,13.3,13.5,992719
2018-04-18,13.5,14.6,13.4,14.4,6023671
2018-04-19,14.5,14.8,14.3,14.6,3865129
2018-04-22,14.5,14.8,14.5,14.7,2167307
2018-04-23,14.5,14.7,14.5,14.5,1212236
2018-04-24,14.5,14.5,14.1,14.2,1729020
2018-04-25,14.0,14.5,14.0,14.5,2012642
2018-04-26,14.6,14.8,14.2,14.6,3005314
2018-04-30,14.6,14.8,14.5,14.6,1557054
2018-05-03,14.6,14.7,14.4,14.5,2193754
2018-05-06,14.6,14.9,14.5,14.8,3291950
2018-05-07,14.8,14.9,14.7,14.8,1057454
2018-05-08,14.7,14.8,14.3,14.4,3331056
2018-05-09,14.4,14.6,14.3,14.5,1213830
2018-05-10,14.3,14.3,13.1,13.3,4177199
2018-05-13,13.1,13.6,12.9,13.5,1246114
2018-05-14,13.5,13.7,13.2,13.4,1505123
2018-05-15,13.4,13.5,13.3,13.4,1268907
2018-05-16,13.4,13.5,13.2,13.3,1396682
2018-05-17,13.3,13.4,13.2,13.2,1530092
2018-05-20,13.2,13.4,12.8,12.9,1730895
2018-05-21,12.9,13.2,12.6,13.1,1451483
2018-05-23,12.0,12.0,11.8,11.9,2280835
2018-05-24,12.0,12.3,11.8,12.2,1222868
2018-05-27,12.2,12.3,11.9,12.0,1134853
2018-05-28,12.0,12.1,11.7,11.7,901629
2018-05-29,11.7,11.9,11.7,11.8,710463
2018-05-30,11.7,11.8,11.3,11.5,999980
2018-05-31,11.5,11.6,11.3,11.4,707559
2018-06-03,11.5,11.7,11.4,11.5,690024
2018-06-04,11.5,11.6,11.2,11.3,725674
2018-06-05,11.4,11.6,11.3,11.5,429568
2018-06-06,11.6,12.0,11.4,11.9,1638452
2018-06-07,12.1,12.2,11.7,11.8,762800
2018-06-10,11.9,11.9,11.5,11.8,1183907
2018-06-11,11.6,11.8,11.6,11.6,699904
2018-06-12,11.7,11.8,11.6,11.7,436786
2018-06-18,11.7,11.9,11.5,11.5,639469
2018-06-19,11.5,11.6,11.4,11.5,672344
2018-06-20,11.5,11.8,11.4,11.6,917124
2018-06-21,11.8,11.9,11.7,11.8,1670101
2018-06-24,11.9,12.4,11.9,12.3,1488358
2018-06-25,12.3,12.5,12.0,12.0,2439356
2018-06-26,12.0,12.3,12.0,12.1,797430
2018-06-27,12.1,12.2,11.9,12.0,925994
2018-06-28,12.1,12.2,11.8,11.9,757350
2018-07-02,12.0,12.0,11.5,11.5,1858360
2018-07-03,11.7,11.8,11.5,11.6,654145
2018-07-04,11.7,11.8,11.4,11.5,1315452
2018-07-05,11.5,11.7,11.4,11.5,1850042
2018-07-08,11.5,11.7,11.4,11.5,500232
2018-07-09,11.5,11.6,11.4,11.4,587239
2018-07-10,11.4,11.6,11.4,11.4,854295
2018-07-11,11.4,12.2,11.3,11.7,3042828
2018-07-12,11.6,11.9,11.5,11.6,600343
2018-07-15,11.6,11.6,11.3,11.3,2325883
2018-07-16,11.3,11.5,11.3,11.4,738188
2018-07-17,11.4,11.5,11.2,11.2,1622652
2018-07-18,11.3,11.4,11.1,11.2,901692
2018-07-19,11.1,11.2,11.0,11.0,1311124
2018-07-22,11.0,11.1,10.8,10.9,1414534
2018-07-23,11.0,11.3,10.9,11.1,689721
2018-07-24,11.0,11.4,11.0,11.0,620946
2018-07-25,11.0,11.1,10.9,11.0,719780
2018-07-26,11.1,11.1,10.9,11.0,870754
2018-07-29,10.9,11.1,10.9,11.0,418363
2018-07-30,11.0,11.0,10.6,10.8,905680
2018-07-31,10.7,10.9,10.7,10.8,685613
2018-08-01,10.8,11.0,10.8,10.9,725913
2018-08-02,10.8,11.2,10.7,11.2,660866
2018-08-05,11.2,11.2,10.9,11.0,420455
2018-08-06,11.0,11.0,10.9,10.9,430220
2018-08-07,11.0,11.2,10.9,11.1,390402
2018-08-08,11.0,11.5,10.9,11.4,1567541
2018-08-09,11.5,11.6,11.3,11.4,1784155
2018-08-12,11.5,11.9,11.3,11.8,1374408
2018-08-13,11.9,12.0,11.6,11.6,1761982
2018-08-14,11.6,11.7,11.3,11.5,1117246
2018-08-16,11.5,11.9,11.5,11.8,817584
2018-08-19,11.9,12.9,11.8,12.8,4196820
2018-08-20,12.8,12.9,12.4,12.7,2233883
2018-08-26,12.7,12.9,12.4,12.6,1261982
2018-08-27,12.5,12.6,12.1,12.2,1331589
2018-08-28,12.2,12.6,12.2,12.5,1184379
2018-08-29,12.5,12.6,12.2,12.3,1647924
2018-08-30,12.5,12.6,12.3,12.4,464467
2018-09-03,12.6,12.6,12.2,12.3,1029220
2018-09-04,12.4,12.4,11.9,12.1,897923
2018-09-05,12.1,12.2,12.0,12.1,842089
2018-09-06,12.0,12.3,12.0,12.2,813690
2018-09-09,12.2,12.3,12.0,12.1,901036
2018-09-10,12.0,12.1,11.9,12.0,575685
2018-09-11,12.0,12.0,11.6,11.8,1253804
2018-09-12,11.8,11.9,11.5,11.6,742078
2018-09-13,11.7,11.8,11.1,11.3,1257319
2018-09-16,11.2,11.3,10.9,11.0,1660231
2018-09-17,11.0,11.1,10.9,11.0,873544
2018-09-18,11.0,11.2,11.0,11.0,848537
2018-09-19,11.0,11.2,11.0,11.0,1505517
2018-09-20,11.2,11.2,11.0,11.0,478315
2018-09-23,11.1,11.1,10.9,11.0,975968
2018-09-24,11.0,11.0,10.7,10.7,927083
2018-09-25,11.0,11.0,10.7,10.8,410006
2018-09-26,10.8,11.3,10.8,11.1,399104
2018-09-27,11.1,11.2,11.0,11.1,339949
2018-09-30,11.0,11.2,10.9,11.1,622773
2018-10-01,11.2,11.2,11.0,11.0,531593
2018-10-02,11.0,11.1,11.0,11.0,906946
2018-10-03,11.2,11.5,11.1,11.4,1466548
2018-10-04,11.3,11.5,11.3,11.3,1036457
2018-10-07,11.3,11.5,11.0,11.1,1142552
2018-10-08,11.1,11.3,11.1,11.3,790456
2018-10-09,11.2,11.3,11.1,11.2,785572
2018-10-10,11.1,11.2,11.0,11.2,479553
2018-10-11,11.3,11.3,11.1,11.1,822288
2018-10-14,11.2,11.4,11.1,11.2,904404
2018-10-15,11.4,11.4,11.1,11.2,601028
2018-10-16,11.2,11.2,10.9,11.1,1683338
2018-10-17,11.1,11.1,10.9,11.0,810136
2018-10-18,11.0,11.1,10.9,11.1,1047961
2018-10-21,11.2,11.2,11.0,11.0,548049
2018-10-22,11.0,11.1,10.9,10.9,609320
2018-10-23,10.9,11.2,10.9,11.0,584477
2018-10-24,11.1,11.2,11.0,11.1,760674
2018-10-25,11.1,11.2,11.0,11.0,391579
2018-10-28,10.8,10.9,9.9,9.9,4319783
2018-10-29,9.9,9.9,9.5,9.6,4408898
2018-10-30,9.7,10.0,9.6,9.7,6160451
2018-10-31,9.7,9.8,9.4,9.5,6009051
2018-11-01,9.7,9.8,9.6,9.7,1032786
2018-11-04,9.7,9.8,9.6,9.7,753674
2018-11-05,9.8,9.8,9.6,9.7,986834
2018-11-06,9.7,9.8,9.6,9.7,1000258
2018-11-07,9.7,9.8,9.7,9.8,738097
2018-11-08,9.0,9.9,9.0,9.8,416536
2018-11-11,9.8,10.0,9.8,10.0,1122125
2018-11-12,10.0,10.1,9.9,9.9,880338
2018-11-13,10.0,10.2,9.9,10.0,853250
2018-11-14,10.1,10.1,10.0,10.0,563122
2018-11-15,10.0,10.1,10.0,10.0,319142
2018-11-18,10.0,10.1,9.8,9.9,824419
2018-11-19,9.9,9.9,9.7,9.7,1960746
2018-11-20,9.8,10.2,9.7,10.1,2287697
2018-11-22,10.1,10.2,10.0,10.1,289124
2018-11-25,10.0,10.1,9.9,9.9,686355
2018-11-26,9.9,10.0,9.9,10.0,880875
2018-11-27,10.0,10.0,9.8,9.9,913701
2018-11-28,9.9,10.1,9.9,10.0,1031024
2018-11-29,10.0,10.0,9.9,9.9,506760
2018-12-02,9.9,10.1,9.9,10.0,734649
2018-12-03,10.0,10.1,9.9,10.0,396481
2018-12-04,10.0,10.2,9.9,10.2,608857
2018-12-05,10.2,10.4,10.0,10.1,1567832
2018-12-06,10.2,10.3,10.1,10.3,410631
2018-12-09,10.3,10.3,10.1,10.2,375491
2018-12-10,10.1,10.4,10.1,10.4,1388354
2018-12-11,10.4,10.4,10.2,10.4,901946
2018-12-12,10.3,10.4,10.2,10.3,835835
2018-12-13,10.4,10.4,10.3,10.4,273445
2018-12-17,10.4,10.4,10.3,10.3,585724
2018-12-18,10.3,10.5,10.3,10.4,911882
2018-12-19,10.4,10.5,10.4,10.5,478905
2018-12-20,10.5,10.7,10.3,10.7,589575
2018-12-23,10.6,11.0,10.6,10.8,1274842
2018-12-24,10.8,11.1,10.8,11.0,1165894
2018-12-26,11.1,11.5,11.0,11.4,2406539
2018-12-27,11.3,11.9,11.3,11.8,4018912
2019-01-01,11.9,12.3,11.7,12.2,2380074
2019-01-02,12.2,12.4,12.0,12.3,2099069
2019-01-03,12.3,12.7,12.2,12.5,2552611
2019-01-06,12.6,12.9,12.5,12.8,1848659
2019-01-07,12.8,12.9,12.5,12.6,1698325
2019-01-08,12.6,13.4,12.5,13.2,3687844
2019-01-09,13.4,13.4,12.9,13.0,2180948
2019-01-10,12.9,13.1,12.8,12.9,1326863
2019-01-13,13.0,13.2,12.8,13.0,1985627
2019-01-14,13.0,13.2,12.8,12.9,1144622
2019-01-15,12.9,13.0,12.6,12.7,2025173
2019-01-16,12.8,13.0,12.8,12.8,1227585
2019-01-17,12.9,13.0,12.7,12.9,1232320
2019-01-20,13.0,13.2,12.9,13.1,2533899
2019-01-21,13.1,13.2,12.9,13.0,2181881
2019-01-22,13.0,13.3,12.9,13.2,2578280
2019-01-23,13.2,14.0,13.2,14.0,7904147
2019-01-24,14.0,14.2,13.7,13.9,4117936
2019-01-27,14.0,14.0,13.4,13.5,3227455
2019-01-28,13.4,13.7,13.1,13.2,2120827
2019-01-29,13.2,13.6,13.0,13.4,2006211
2019-01-30,13.6,13.7,13.1,13.2,1068527
2019-01-31,13.1,13.1,12.8,12.9,1400575
2019-02-03,12.9,12.9,12.4,12.5,1858216
2019-02-04,12.4,12.8,12.4,12.6,1131736
2019-02-05,12.6,12.7,12.3,12.4,701760
2019-02-06,12.4,12.4,12.2,12.3,964765
2019-02-07,12.4,12.5,12.2,12.3,585694
2019-02-10,12.3,12.4,11.9,11.9,1221959
2019-02-11,11.9,12.2,11.8,12.1,887889
2019-02-12,12.1,12.2,12.0,12.2,520449
2019-02-13,12.1,12.4,12.0,12.2,502464
2019-02-14,12.2,12.4,12.0,12.2,727337
2019-02-17,12.2,12.7,12.1,12.6,1272635
2019-02-18,12.6,12.6,12.2,12.3,600852
2019-02-19,12.4,12.4,12.1,12.2,408245
2019-02-20,12.2,12.4,12.1,12.2,838610
2019-02-24,12.2,12.2,12.0,12.0,616771
2019-02-25,12.0,12.2,12.0,12.1,649548
2019-02-26,12.1,12.1,11.9,12.0,629262
2019-02-27,12.0,12.1,11.8,11.8,1196921
2019-03-03,11.9,12.1,11.7,11.9,793712
2019-03-04,12.0,12.0,11.8,11.8,359009
2019-03-05,11.8,12.0,11.8,11.8,634933
2019-03-06,11.9,12.1,11.9,12.0,686301
2019-03-07,12.0,12.0,11.8,11.9,655771
2019-03-10,12.0,12.1,11.9,12.0,505140
2019-03-11,12.0,12.0,11.8,12.0,532658
2019-03-12,12.0,12.0,11.6,11.7,2448834
2019-03-13,11.8,11.9,11.6,11.6,1264584
2019-03-14,11.8,11.8,11.5,11.5,633260
2019-03-18,11.5,11.5,11.1,11.2,284186
2019-03-19,11.2,11.5,11.1,11.4,549259
2019-03-20,11.5,11.6,11.3,11.3,383825
2019-03-21,11.4,11.4,11.2,11.3,670671
2019-03-24,11.3,11.4,10.9,11.0,555715
2019-03-25,11.0,11.2,11.0,11.1,307695
2019-03-27,11.0,11.1,11.0,11.0,641856
2019-03-28,11.0,11.2,11.0,11.1,322505
2019-03-31,11.1,11.1,10.9,10.9,566195
2019-04-01,11.0,11.0,10.8,10.9,472823
2019-04-02,10.9,11.0,10.9,10.9,367651
2019-04-03,11.0,11.0,10.9,10.9,380960
2019-04-04,10.9,11.0,10.7,10.9,868348
2019-04-07,10.8,10.9,10.7,10.7,438353
2019-04-08,10.7,10.8,10.6,10.7,331487
2019-04-09,10.6,10.9,10.4,10.7,467442
2019-04-10,10.6,10.8,10.6,10.7,259752
2019-04-11,10.8,10.9,10.7,10.8,806123
2019-04-15,10.8,10.9,10.8,10.9,470086
2019-04-16,10.9,11.2,10.8,11.0,1061139
2019-04-17,11.0,11.2,10.9,11.2,247011
2019-04-18,11.2,11.3,11.0,11.3,660532
2019-04-21,11.3,11.4,11.2,11.3,260634
2019-04-23,11.3,11.4,11.1,11.1,489441
2019-04-24,11.3,11.3,11.0,11.2,283262
2019-04-25,11.2,11.4,11.1,11.3,487458
2019-04-28,11.3,11.7,11.3,11.6,1759390
2019-04-29,11.6,11.6,11.3,11.3,2274603
2019-04-30,11.4,11.6,11.3,11.4,1175257
2019-05-02,11.5,11.5,11.3,11.5,1663405
2019-05-05,11.5,12.0,11.5,12.0,1841686
2019-05-06,12.1,12.1,11.7,11.9,1525403
2019-05-07,11.9,12.1,11.8,12.0,1213545
2019-05-08,11.9,12.1,11.8,12.1,1310870
2019-05-09,11.9,12.2,11.9,12.1,1455614
2019-05-12,12.1,12.1,11.9,12.0,865356
2019-05-13,12.1,12.2,11.9,12.0,4031192
2019-05-14,12.0,12.1,11.9,12.0,719210
2019-05-15,12.0,12.1,11.9,12.1,2894423
2019-05-16,12.0,12.2,11.9,12.1,4496678
2019-05-19,12.2,12.7,12.2,12.5,9735845
2019-05-21,11.9,11.9,11.3,11.4,3913958
2019-05-22,11.4,11.6,11.3,11.5,1203991
2019-05-23,11.5,11.6,11.3,11.3,1338729
2019-05-26,11.4,11.6,11.3,11.5,2296939
2019-05-27,11.4,11.6,11.3,11.5,1224275
2019-05-28,11.4,11.6,11.4,11.6,1711345
2019-05-29,11.6,11.8,11.5,11.7,1628923
2019-05-30,11.6,11.7,11.5,11.6,1218395
2019-06-09,11.6,11.7,11.5,11.6,500864
2019-06-10,11.6,11.6,11.4,11.4,1435502
2019-06-11,11.4,11.6,11.4,11.5,1012396
2019-06-12,11.5,11.6,11.4,11.6,1917113
2019-06-13,11.5,11.6,11.3,11.4,1221831
2019-06-16,11.5,11.5,11.1,11.1,1610599
2019-06-17,11.1,11.2,10.9,11.0,858967
2019-06-18,11.0,11.0,10.8,10.9,817691
2019-06-19,10.9,11.0,10.8,10.9,603468
2019-06-20,11.0,11.0,10.8,10.9,770339
2019-06-23,11.0,11.0,10.9,10.9,523305
2019-06-24,10.9,11.0,10.9,10.9,1001844
2019-06-25,10.9,11.2,10.9,11.1,1053083
2019-06-26,11.1,11.3,11.0,11.3,929200
2019-06-27,11.6,11.6,11.2,11.4,650314
2019-06-30,11.4,11.4,11.3,11.3,521285
2019-07-02,11.2,11.4,11.0,11.1,1183184
2019-07-03,11.1,11.2,10.9,11.0,459204
2019-07-04,11.0,11.0,10.8,10.9,715569
2019-07-07,11.0,11.0,10.5,10.6,1596186
2019-07-08,10.6,10.7,10.4,10.5,1615611
2019-07-09,10.5,10.7,10.5,10.6,1083123
2019-07-10,10.6,10.7,10.5,10.6,631898
2019-07-11,10.5,10.7,10.5,10.5,486060
2019-07-14,10.3,10.6,10.3,10.5,488777
2019-07-15,10.5,10.5,10.3,10.3,1526439
2019-07-16,10.2,10.4,10.2,10.3,928145
2019-07-17,10.4,10.5,10.2,10.3,425378
2019-07-18,10.5,10.5,10.3,10.4,575071
2019-07-21,10.4,10.4,10.2,10.2,355714
2019-07-22,10.2,10.4,10.1,10.2,733756
2019-07-23,10.2,10.4,10.1,10.4,482184
2019-07-24,10.4,10.4,10.2,10.3,340571
2019-07-25,10.3,10.5,10.3,10.5,503990
2019-07-28,10.5,10.8,10.5,10.6,1173085
2019-07-29,10.6,10.6,10.5,10.5,535301
2019-07-30,10.5,10.7,10.5,10.5,1726065
2019-07-31,10.5,10.6,10.5,10.5,353999
2019-08-01,10.5,10.6,10.4,10.4,518529
2019-08-04,10.5,10.5,10.4,10.4,310783
2019-08-05,10.5,10.5,10.4,10.5,437618
2019-08-06,10.5,10.6,10.4,10.5,1000919
2019-08-07,10.5,10.8,10.5,10.7,1517293
2019-08-08,10.7,10.8,10.6,10.7,752060
2019-08-18,10.6,10.8,10.6,10.6,267800
2019-08-19,10.6,10.7,10.5,10.6,806046
2019-08-20,10.7,10.7,10.5,10.5,1386372
2019-08-21,10.5,10.6,10.4,10.5,787601
2019-08-22,10.5,10.5,10.4,10.5,670423
2019-08-25,10.5,10.5,10.4,10.4,326754
2019-08-26,10.5,10.5,10.2,10.3,609067
2019-08-27,10.3,10.4,10.2,10.3,452808
2019-08-28,10.3,10.3,10.1,10.2,741273
2019-08-29,10.1,10.2,10.0,10.1,561276
2019-09-01,10.1,10.2,10.0,10.1,338565
2019-09-02,10.1,10.3,10.1,10.2,239429
2019-09-03,10.2,10.3,10.1,10.1,271217
2019-09-04,10.1,10.2,10.1,10.1,446866
2019-09-05,10.1,10.2,10.1,10.1,262886
2019-09-08,10.2,10.2,10.0,10.1,1542125
2019-09-09,10.1,10.2,10.0,10.1,1226879
2019-09-11,10.1,10.1,9.9,10.0,803912
2019-09-12,10.0,10.1,9.9,10.0,432899
2019-09-15,10.0,10.1,9.9,10.1,354389
2019-09-16,10.0,10.1,10.0,10.0,412832
2019-09-17,10.0,10.1,10.0,10.1,505413
2019-09-18,10.2,10.2,10.0,10.0,388630
2019-09-19,10.0,10.1,9.9,10.0,612945
2019-09-22,10.0,10.1,10.0,10.1,657232
2019-09-23,10.1,10.7,10.1,10.7,2632656
2019-09-24,10.7,10.8,10.4,10.5,409448
2019-09-25,10.4,10.5,10.2,10.3,692090
2019-09-26,10.3,10.4,10.3,10.3,364892
2019-09-29,10.4,10.6,10.4,10.5,859705
2019-09-30,10.5,10.7,10.4,10.5,785548
2019-10-01,10.6,10.6,10.4,10.5,201197
2019-10-02,10.5,10.5,10.2,10.3,458507
2019-10-03,10.3,10.4,10.2,10.4,811491
2019-10-06,10.4,10.4,10.2,10.3,237887
2019-10-07,10.3,10.4,10.2,10.2,171513
2019-10-09,10.2,10.3,10.1,10.3,248957
2019-10-10,10.2,10.3,10.1,10.1,501581
2019-10-13,10.1,10.2,10.0,10.0,444199
2019-10-14,10.0,10.2,10.0,10.0,564463
2019-10-15,10.1,10.3,10.1,10.3,298567
2019-10-16,10.3,10.3,10.1,10.3,287713
2019-10-17,10.2,10.3,10.2,10.3,319269
2019-10-20,10.3,10.4,10.2,10.3,533116
2019-10-21,10.3,10.7,10.3,10.5,1528584
2019-10-22,10.6,10.6,10.4,10.4,487460
2019-10-23,10.4,10.5,10.3,10.4,220222
2019-10-24,10.4,10.5,10.3,10.4,97818
2019-10-27,10.4,10.4,10.0,10.0,1250019
2019-10-28,10.0,10.1,9.9,10.0,851952
2019-10-29,10.0,10.2,9.9,10.1,644876
2019-10-30,10.0,10.2,9.9,9.9,694193
2019-10-31,9.9,10.1,9.9,9.9,660660
2019-11-03,9.9,10.1,9.9,10.1,596637
2019-11-04,10.0,10.1,10.0,10.0,196162
2019-11-05,10.0,10.0,9.9,9.9,469147
2019-11-06,9.9,10.0,9.8,9.9,2995242
2019-11-07,10.0,10.0,9.9,9.9,1707625
2019-11-11,10.0,10.1,9.9,9.9,1071215
2019-11-12,9.9,10.0,9.8,9.9,1660913
2019-11-13,9.9,10.0,9.8,9.8,1033919
2019-11-14,9.9,9.9,9.7,9.8,449929
2019-11-17,9.9,10.0,9.8,9.9,731802
2019-11-18,9.9,10.0,9.8,9.9,344562
2019-11-19,10.0,10.0,9.8,9.8,521308
2019-11-20,9.8,10.0,9.8,9.9,254320
2019-11-21,9.9,10.0,9.8,9.9,296438
2019-11-24,9.9,9.9,9.8,9.8,226577
2019-11-25,9.9,10.0,9.8,9.9,211213
2019-11-26,10.0,10.0,9.8,10.0,1538727
2019-11-27,10.0,10.2,10.0,10.1,1339384
2019-11-28,10.1,10.2,9.9,10.0,590845
2019-12-01,10.0,10.2,10.0,10.1,2405853
2019-12-02,10.2,10.5,10.1,10.4,7890017
2019-12-03,10.5,10.6,10.4,10.5,3501725
2019-12-04,10.6,10.7,10.4,10.6,2750994
2019-12-05,10.6,10.6,10.3,10.4,1387546
2019-12-08,10.4,10.4,10.0,10.1,1275968
2019-12-09,10.1,10.1,9.9,10.0,526135
2019-12-10,10.0,10.2,9.9,9.9,919486
2019-12-11,9.9,10.1,9.9,10.0,181890
2019-12-12,10.1,10.1,9.9,10.0,256319
2019-12-15,10.0,10.1,9.9,10.0,380424
2019-12-17,10.0,10.0,9.9,10.0,502096
2019-12-18,9.899999619,10.0,9.899999619,9.899999619,424206
2019-12-19,10.0,10.10000038,9.899999619,9.899999619,668438
2019-12-22,10.0,10.1,9.8,9.9,333676
2019-12-23,9.9,10.0,9.8,9.9,535625
2019-12-24,9.9,10.0,9.9,10.0,185134
2019-12-26,9.9,10.1,9.9,10.0,656800
2019-12-29,10.1,10.1,10.0,10.1,397304
2019-12-30,10.2,10.2,10.0,10.1,393827
2020-01-01,10.1,10.1,9.9,10.0,569952
2020-01-02,10.1,10.1,9.9,9.9,313176
2020-01-05,10.0,10.0,9.7,9.8,490207
2020-01-06,9.8,10.0,9.8,9.8,271773
2020-01-07,9.8,9.9,9.6,9.6,676698
2020-01-08,9.6,9.8,9.5,9.7,353438
2020-01-09,9.6,9.9,9.6,9.8,224571
2020-01-12,9.7,9.9,9.7,9.7,228605
2020-01-13,9.7,9.7,9.5,9.5,566921
2020-01-14,9.5,9.6,9.2,9.4,483954
2020-01-15,9.7,9.7,9.3,9.4,283393
2020-01-16,9.4,9.7,9.4,9.7,307794
2020-01-19,9.9,10.0,9.8,10.0,666427
2020-01-20,10.0,10.2,9.8,10.1,1132801
2020-01-21,10.1,10.1,10.0,10.0,597886
2020-01-22,10.0,10.1,9.9,10.0,210819
2020-01-23,10.1,10.2,10.0,10.2,584095
2020-01-26,10.1,10.1,9.9,10.0,558751
2020-01-27,10.0,10.1,9.9,10.0,265641
2020-01-28,10.0,10.1,9.9,10.0,806215
2020-01-29,10.0,10.0,9.8,9.9,506608
2020-01-30,9.9,10.0,9.7,9.8,786688
2020-02-02,9.8,9.9,9.7,9.8,327734
2020-02-03,9.8,9.9,9.8,9.9,351395
2020-02-04,9.9,9.9,9.8,9.8,929048
2020-02-05,9.8,9.9,9.7,9.8,580891
2020-02-06,9.8,9.9,9.7,9.7,441373
2020-02-09,9.8,9.8,9.6,9.7,262743
2020-02-10,9.7,9.7,9.5,9.5,392387
2020-02-11,9.6,9.9,9.6,9.8,350828
2020-02-12,9.8,10.0,9.7,9.8,973846
2020-02-13,9.8,10.1,9.7,10.0,1081997
2020-02-16,10.1,10.6,10.1,10.5,2561504
2020-02-17,10.6,10.7,10.3,10.5,2855282
2020-02-18,10.5,10.6,10.2,10.2,3178005
2020-02-19,10.2,10.4,10.1,10.3,843687
2020-02-20,10.3,10.3,10.1,10.2,1094738
2020-02-23,10.2,10.3,10.0,10.1,737493
2020-02-24,10.1,10.1,9.9,10.0,497530
2020-02-25,9.9,10.0,9.7,9.9,1259508
2020-02-26,9.8,10.0,9.5,9.6,1287688
2020-02-27,9.7,9.7,9.5,9.6,430012
2020-03-01,9.6,9.6,9.0,9.3,1243343
2020-03-02,9.3,9.6,9.1,9.3,913883
2020-03-03,9.5,9.7,9.5,9.5,574565
2020-03-04,9.5,9.6,9.3,9.4,1300999
2020-03-05,9.4,9.5,9.3,9.3,523018
2020-03-08,9.3,9.4,9.0,9.1,1240437
2020-03-09,9.1,9.1,8.5,8.5,1492649
2020-03-10,8.5,9.0,8.5,9.0,881404
2020-03-11,9.1,9.2,9.0,9.2,773304
2020-03-12,9.2,9.2,8.8,8.9,697199
2020-03-15,8.9,8.9,8.4,8.5,890083
2020-03-16,8.6,8.7,8.2,8.4,1301983
2020-03-18,8.5,8.8,7.7,8.0,2635046
2020-03-19,8.5,8.6,8.5,8.6,152350
2020-03-22,8.6,8.6,8.6,8.6,281935
2020-03-23,8.6,8.9,8.6,8.8,938915
2020-03-24,8.8,8.9,8.6,8.9,480601
2020-03-25,8.8,9.7,8.8,9.6,2077545
2020-05-31,9.1,9.1,8.7,8.9,1004109
2020-06-01,9.0,9.5,8.7,8.8,2244300
2020-06-02,8.8,9.1,8.6,9.0,3295245
2020-06-03,9.0,9.0,8.6,8.7,1862126
2020-06-04,8.7,8.9,8.6,8.8,779410
2020-06-07,8.8,9.0,8.7,9.0,1104612
2020-06-08,9.0,9.2,8.6,8.7,7803844
2020-06-09,8.7,8.9,8.7,8.8,2024789
2020-06-10,8.8,8.9,8.8,8.9,1670468
2020-06-11,8.9,9.0,8.8,9.0,2087706
2020-06-14,9.0,9.1,8.9,9.0,1068787
2020-06-15,9.0,9.1,9.0,9.0,2340261
2020-06-16,9.0,9.1,8.9,9.1,890754
2020-06-17,9.0,9.1,9.0,9.1,942082
2020-06-18,9.0,9.2,9.0,9.1,1822530
2020-06-21,9.1,9.1,9.0,9.1,1073991
2020-06-22,9.1,9.3,9.0,9.2,2985933
2020-06-23,9.1,9.3,9.1,9.2,2060494
2020-06-24,9.2,9.4,9.1,9.3,3556718
2020-06-28,8.6,8.6,8.6,8.6,234138
2020-06-29,8.6,8.6,8.6,8.6,141580
2020-06-30,8.6,8.6,8.6,8.6,97377
2020-07-02,8.6,8.6,8.6,8.6,53560
2020-07-05,8.6,8.6,8.6,8.6,15100
2020-07-06,8.6,8.6,8.6,8.6,17297
2020-07-07,8.6,8.6,8.6,8.6,9253634
2020-07-08,8.6,9.1,8.6,9.0,5100106
2020-07-09,9.0,9.1,8.7,8.9,2100988
2020-07-12,8.9,9.1,8.7,9.1,2626893
2020-07-13,9.0,9.2,8.8,9.1,2067360
2020-07-14,8.9,9.2,8.8,9.1,2285146
2020-07-15,8.9,9.2,8.9,9.1,1762262
2020-07-16,9.0,9.2,8.9,9.2,1880586
2020-07-19,9.0,9.2,8.9,9.2,2576032
2020-07-20,9.0,9.2,9.0,9.2,2048690
2020-07-21,9.2,9.3,9.0,9.3,1625405
2020-07-22,9.2,9.3,9.1,9.2,260067
2020-07-23,9.1,9.2,9.0,9.1,260987
2020-07-26,9.1,9.1,9.0,9.0,58048
2020-07-27,9.0,9.2,9.0,9.1,851065
2020-07-28,9.2,9.2,9.0,9.0,382647
2020-07-29,9.0,9.2,8.9,9.0,389644
2020-07-30,9.0,9.1,8.9,9.1,497900
2020-08-03,9.0,9.1,8.9,9.0,541760
2020-08-04,9.0,9.1,9.0,9.0,590221
2020-08-05,9.1,9.2,9.0,9.1,1150400
2020-08-06,9.1,9.2,9.1,9.1,587794
2020-08-09,9.1,9.9,9.1,9.9,2258800
2020-08-10,10.0,10.3,9.7,9.9,1762330
2020-08-12,9.9,10.3,9.7,10.2,2107310
2020-08-13,10.3,10.8,10.2,10.5,3049550
2020-08-16,10.7,11.2,10.7,11.2,5137608
2020-08-17,11.3,11.5,10.7,10.7,3003298
2020-08-18,10.7,10.7,10.2,10.3,1779760
2020-08-19,10.3,10.9,10.3,10.7,1791900
2020-08-20,10.5,10.9,10.4,10.5,2033567
2020-08-23,10.5,10.5,10.3,10.3,757071
2020-08-24,10.2,10.3,9.9,10.1,1001975
2020-08-25,10.1,10.3,10.0,10.1,756292
2020-08-26,10.3,10.3,10.0,10.1,680531
2020-08-27,10.3,10.4,10.0,10.3,1443119
2020-08-31,10.5,10.6,10.3,10.4,1263227
2020-09-01,10.4,10.5,10.3,10.5,1009740
2020-09-02,10.3,10.5,10.2,10.3,622851
2020-09-03,10.4,10.7,10.3,10.6,1875039
2020-09-06,10.6,11.0,10.6,10.9,2567202
2020-09-07,10.9,11.1,10.7,10.9,1537224
2020-09-08,10.8,10.8,10.6,10.7,1009539
2020-09-09,10.6,10.9,10.6,10.8,1911126
2020-09-10,10.7,11.0,10.7,10.9,944705
2020-09-13,10.9,11.3,10.7,11.2,3240675
2020-09-14,11.3,11.4,11.0,11.2,2344868
2020-09-15,11.1,11.3,11.0,11.1,1630071
2020-09-16,11.1,11.2,11.0,11.2,590619
2020-09-17,11.3,11.5,11.2,11.3,4439206
2020-09-20,11.2,11.4,11.1,11.3,1728433
2020-09-21,11.3,11.4,11.1,11.2,1356070
2020-09-22,11.3,11.4,11.0,11.2,1351155
2020-09-23,11.1,11.2,11.0,11.1,837646
2020-09-24,11.0,11.1,10.9,10.9,1083842
2020-09-27,10.9,11.2,10.8,11.1,1172542
2020-09-28,11.1,11.3,11.1,11.2,1284155
2020-09-29,11.2,11.3,11.0,11.2,602631
2020-09-30,11.2,11.2,11.0,11.1,411512
2020-10-01,11.1,11.2,11.0,11.2,588762
2020-10-04,11.2,11.3,11.0,11.2,2021387
2020-10-05,11.3,11.4,11.1,11.3,1203504
2020-10-06,11.2,11.3,11.1,11.3,1398875
2020-10-07,11.1,11.3,11.1,11.2,923199
2020-10-08,11.2,11.3,11.0,11.1,994065
2020-10-11,11.0,11.1,10.9,11.1,462694
2020-10-12,11.0,11.1,10.8,11.0,953954
2020-10-13,10.9,11.1,10.9,11.1,1257269
2020-10-14,11.1,11.1,10.9,11.1,1080453
2020-10-15,10.9,11.0,10.8,10.8,419862
2020-10-18,10.8,11.0,10.8,11.0,495194
2020-10-19,10.9,11.0,10.6,10.9,919771
2020-10-20,10.9,10.9,10.8,10.8,354610
2020-10-21,10.8,11.0,10.8,11.0,515949
2020-10-22,11.0,11.0,10.7,10.8,1350616
2020-10-25,10.8,11.0,10.8,10.8,1550107
2020-10-27,10.8,10.9,10.7,10.7,921814
2020-10-28,10.9,11.1,10.7,11.0,2829301
2020-10-29,11.0,11.3,10.9,11.2,2172534
2020-11-01,11.3,11.4,11.2,11.3,1396497
2020-11-02,11.3,11.5,11.2,11.4,1939186
2020-11-03,11.4,11.8,11.4,11.6,4969548
2020-11-04,11.6,11.7,11.4,11.5,1303519
2020-11-05,11.4,11.5,11.3,11.4,1729670
2020-11-08,11.0,11.4,11.0,11.1,1428439
2020-11-09,11.1,11.2,10.9,11.1,716757
2020-11-10,11.1,11.2,10.9,11.0,704286
2020-11-11,11.1,11.3,10.9,11.2,965091
2020-11-12,11.2,11.3,11.1,11.2,741616
2020-11-15,11.2,11.3,11.1,11.2,649527
2020-11-16,11.2,11.2,10.9,11.0,1608866
2020-11-17,11.0,11.5,11.0,11.4,3414411
2020-11-18,11.4,11.6,11.3,11.6,4413046
2020-11-19,11.5,11.6,11.4,11.4,2907870
2020-11-22,11.5,11.6,11.2,11.5,1579652
2020-11-23,11.4,11.6,11.4,11.6,1834540
2020-11-24,11.6,11.8,11.4,11.7,4353780
2020-11-25,11.7,11.8,11.6,11.7,2361471
2020-11-26,11.7,11.9,11.4,11.7,4346205
2020-11-29,11.7,11.8,11.6,11.8,2576717
2020-11-30,11.8,12.0,11.5,11.7,6341976
2020-12-01,11.8,12.3,11.7,12.2,8843335
2020-12-02,12.2,12.4,11.9,12.2,5057740
2020-12-03,12.1,12.3,12.0,12.2,4729445
2020-12-06,12.2,12.3,12.1,12.3,2129104
2020-12-07,12.3,12.5,12.2,12.3,1628026
2020-12-08,12.3,12.3,12.1,12.2,1346027
2020-12-09,12.2,12.2,12.0,12.1,1180063
2020-12-10,12.0,12.3,12.0,12.2,1309167
2020-12-13,12.1,12.2,11.8,12.1,3666855
2020-12-14,12.1,12.2,11.8,11.9,2567426
2020-12-15,11.9,11.9,11.8,11.8,1028063
2020-12-17,11.8,12.0,11.7,11.9,1078982
2020-12-20,11.8,11.9,11.5,11.7,1300552
2020-12-21,11.7,11.8,11.5,11.6,1053210
2020-12-22,11.6,11.7,11.5,11.5,1615739
2020-12-23,11.6,11.6,11.4,11.4,1742035
2020-12-24,11.4,11.6,11.3,11.5,1149442
2020-12-27,11.6,11.9,11.5,11.9,2184502
2020-12-28,12.0,12.1,11.8,12.0,2208800
2020-12-29,12.0,12.0,11.8,11.9,1288825
2020-12-30,11.9,12.0,11.7,11.8,2553233
2021-01-03,11.7,12.0,11.4,12.0,4898446
2021-01-04,12.1,12.5,12.0,12.4,4761115
2021-01-05,12.4,13.6,12.4,13.1,18822375
2021-01-06,13.1,13.3,12.6,13.3,4691612
2021-01-07,13.1,13.3,12.9,13.1,4116627
2021-01-10,13.1,13.2,12.7,12.9,2453219
2021-01-11,12.8,12.9,12.5,12.6,2716236
2021-01-12,12.5,12.8,12.4,12.6,4148214
2021-01-13,12.6,12.9,12.5,12.7,3668652
2021-01-14,12.7,13.2,12.6,12.9,4664154
2021-01-17,13.1,13.4,12.9,13.1,5244795
2021-01-18,13.0,13.3,12.7,12.9,5871951
2021-01-19,12.9,13.0,12.6,12.8,5166634
2021-01-20,12.7,13.1,12.7,13.0,2672889
2021-01-21,13.0,13.2,12.8,13.2,2696261
2021-01-24,13.1,13.3,12.9,13.0,1980912
2021-01-25,12.9,13.1,12.6,12.8,2820905
2021-01-26,12.7,13.0,12.6,12.6,2286871
2021-01-27,12.7,12.8,12.5,12.7,770165
2021-01-28,12.7,12.8,12.5,12.6,1100602
2021-01-31,12.5,12.6,12.2,12.4,972379
2021-02-01,12.3,12.7,12.3,12.4,1119194
2021-02-02,12.4,12.5,12.2,12.3,457058
2021-02-03,12.3,12.4,12.0,12.1,1575882
2021-02-04,12.1,12.3,12.0,12.0,995459
2021-02-07,12.0,12.2,11.8,11.9,784266
2021-02-08,11.9,12.0,11.4,11.4,1335670
2021-02-09,11.5,11.7,11.4,11.6,389315
2021-02-10,11.6,11.8,11.5,11.6,994193
2021-02-11,11.6,11.7,11.2,11.3,1747528
2021-02-14,11.3,11.4,10.8,10.9,492635
2021-02-16,11.2,11.3,10.9,10.9,2264604
2021-02-17,11.0,11.1,10.9,11.0,316105
2021-02-18,11.0,11.1,10.9,11.0,542889
2021-02-22,11.0,11.0,10.7,10.8,757588
2021-02-23,10.8,10.8,10.7,10.7,665637
2021-02-24,10.8,10.8,10.5,10.6,1443859
2021-02-25,10.6,10.8,10.5,10.7,1242038
2021-02-28,10.7,10.8,10.6,10.7,1062853
2021-03-01,10.7,11.0,10.6,10.8,974478
2021-03-02,10.8,11.0,10.7,10.9,954564
2021-03-03,11.0,11.2,10.9,11.0,1641875
2021-03-04,11.0,11.2,10.8,11.1,732623
2021-03-07,11.1,11.3,11.0,11.1,857961
2021-03-08,11.2,11.3,10.6,10.9,1655500
2021-03-09,11.0,11.1,10.8,10.8,1314395
2021-03-10,10.9,11.0,10.8,10.8,490698
2021-03-11,10.8,11.0,10.8,11.0,554460
2021-03-14,11.2,11.2,10.9,11.0,1077007
2021-03-15,11.0,11.1,10.9,11.0,1127939
2021-03-16,11.1,11.3,11.1,11.2,2426510
2021-03-18,11.2,11.3,11.0,11.1,1060402
2021-03-21,11.0,11.1,10.9,11.0,1298781
2021-03-22,11.1,11.3,10.9,11.3,2834356
2021-03-23,11.2,11.4,11.2,11.4,1642567
2021-03-24,11.4,11.4,11.2,11.2,1549968
2021-03-25,11.2,11.5,11.2,11.4,1287786
2021-03-28,11.4,11.6,11.3,11.6,1293317
2021-03-29,11.6,11.7,11.5,11.6,484875
2021-03-31,11.6,11.6,11.2,11.3,1136916
2021-04-01,11.2,11.3,11.0,11.3,836354
2021-04-04,10.9,11.0,10.6,10.8,1455249
2021-04-05,10.7,11.1,10.7,11.0,387043
2021-04-06,10.9,11.2,10.9,11.2,272058
2021-04-07,11.2,11.3,11.1,11.2,449627
2021-04-08,11.1,11.1,10.8,10.9,1459595
2021-04-11,10.8,10.9,10.7,10.8,481845
2021-04-12,10.8,10.9,10.7,10.8,879604
2021-04-13,10.7,10.9,10.6,10.9,1134197
2021-04-15,10.9,11.0,10.8,11.0,397169
2021-04-18,11.0,11.0,10.8,10.9,317220
2021-04-19,10.9,11.0,10.8,10.9,1234538
2021-04-20,10.9,11.0,10.8,11.0,581712
2021-04-21,11.0,11.1,10.9,11.0,508378
2021-04-22,11.0,11.1,10.9,11.0,464151
2021-04-25,11.0,11.2,10.9,11.0,754132
2021-04-26,11.0,11.0,10.9,11.0,526801
2021-04-27,11.0,11.1,10.9,11.0,427112
2021-04-28,11.0,11.1,10.9,11.0,540110
2021-04-29,11.0,11.1,10.9,11.0,305388
2021-05-02,11.0,11.1,11.0,11.0,510989
2021-05-03,11.0,11.3,11.0,11.2,1054157
2021-05-04,11.2,11.4,11.1,11.4,1279865
2021-05-05,11.4,11.9,11.4,11.8,2549014
2021-05-06,11.9,12.3,11.8,11.8,2096997
2021-05-09,11.8,11.8,11.6,11.6,2588102
2021-05-11,11.6,11.9,11.5,11.9,4274675
2021-05-12,11.9,12.0,11.7,11.9,2876308
2021-05-16,11.8,12.0,11.8,11.9,2283038
2021-05-17,12.0,12.3,12.0,12.3,5655347
2021-05-18,12.4,12.4,12.1,12.3,3105757
2021-05-19,12.3,13.1,12.2,12.9,15034929
2021-05-20,13.0,13.2,12.7,12.8,5394573
2021-05-23,12.5,12.5,11.8,11.9,8922879
2021-05-24,11.9,12.4,11.9,12.2,3278213
2021-05-25,12.3,12.8,12.2,12.7,6233453
2021-05-27,12.9,13.4,12.8,13.2,9831826
2021-05-30,13.5,13.5,12.9,13.0,7146013
2021-05-31,13.1,13.1,12.7,12.8,4122909
2021-06-01,12.9,13.1,12.6,12.7,3755766
2021-06-02,12.7,12.8,12.4,12.7,3163094
2021-06-03,12.8,13.0,12.6,12.8,4665619
2021-06-07,11.5,11.6,11.3,11.3,5958494
2021-06-08,11.4,11.5,11.1,11.2,1736528
2021-06-09,11.4,11.6,11.2,11.3,2088039
2021-06-10,11.3,11.4,10.9,10.9,3445949
2021-06-13,10.9,11.2,10.8,10.9,1049798
2021-06-14,11.0,11.2,10.8,11.0,1688588
2021-06-15,11.0,11.0,10.7,10.8,1933686
2021-06-16,10.8,10.9,10.7,10.8,1419046
2021-06-17,10.7,10.9,10.7,10.8,1059118
2021-06-20,10.8,10.9,10.7,10.9,1135438
2021-06-21,10.9,11.3,10.9,11.2,2788695
2021-06-22,11.3,11.6,11.2,11.4,2043639
2021-06-23,11.3,11.3,11.1,11.1,1680443
2021-06-24,11.1,11.4,11.0,11.2,1986587
2021-06-27,11.1,11.4,11.0,11.2,2395944
2021-06-28,11.2,11.4,11.1,11.3,2678652
2021-06-29,11.3,11.5,11.2,11.4,2611126
2021-06-30,11.4,11.7,11.3,11.6,2435436
2021-07-05,11.7,11.9,11.6,11.9,2117247
2021-07-06,11.9,12.0,11.7,11.8,1186040
2021-07-07,11.8,11.9,11.7,11.8,1583857
2021-07-08,11.7,11.8,11.6,11.8,1265810
2021-07-12,11.7,11.7,11.5,11.6,888739
2021-07-13,11.6,11.8,11.5,11.7,1145198
2021-07-14,11.7,11.8,11.6,11.7,672682
2021-07-15,11.7,11.7,11.5,11.7,1186279
2021-07-18,11.7,11.8,11.6,11.7,1108902
2021-07-19,11.7,12.0,11.7,11.8,2307425
2021-07-25,11.8,12.1,11.8,12.0,4168485
2021-07-26,12.1,12.1,11.9,12.0,776921
2021-07-27,12.0,12.0,11.9,12.0,1357841
2021-07-28,12.0,12.1,11.9,12.0,1401155
2021-07-29,12.0,12.0,11.8,12.0,2016584
2021-08-02,12.0,12.0,11.8,11.9,1136620
2021-08-03,11.9,12.3,11.9,12.1,6289939
2021-08-05,12.1,12.2,12.0,12.1,1309064
2021-08-09,12.1,12.2,11.9,12.0,1857560
2021-08-10,12.1,12.2,11.9,12.1,2322038
2021-08-11,12.2,12.2,12.0,12.1,2265884
2021-08-12,12.1,12.3,12.0,12.3,2323816
2021-08-16,12.3,12.6,12.3,12.6,4537909
2021-08-17,12.7,13.6,12.7,13.4,17458715
2021-08-18,13.5,13.5,12.9,13.0,7939718
2021-08-19,12.9,12.9,12.6,12.8,5142725
2021-08-22,12.8,13.4,12.7,13.2,8717633
2021-08-23,13.2,13.6,13.1,13.5,15347216
2021-08-24,13.5,13.5,13.2,13.3,5091133
2021-08-25,13.3,13.4,13.1,13.3,3940895
2021-08-26,13.2,13.3,13.0,13.0,1788656
2021-08-29,13.0,13.0,12.8,12.9,2713391
2021-08-31,12.9,13.1,12.8,13.0,2563808
2021-09-01,13.1,13.2,13.0,13.0,2714701
2021-09-02,13.1,13.2,12.9,13.1,4707450
2021-09-05,13.2,13.5,13.2,13.3,6546240
2021-09-06,13.3,13.5,13.2,13.4,4588145
2021-09-07,13.4,13.4,13.2,13.3,1923379
2021-09-08,13.3,13.4,13.2,13.3,2195454
2021-09-09,13.3,13.5,13.2,13.4,3290867
2021-09-12,13.4,13.5,13.3,13.4,3169938
2021-09-13,13.3,13.5,13.2,13.5,3489040
2021-09-14,13.5,13.5,13.3,13.4,3977188
2021-09-15,13.4,13.5,13.2,13.3,1048024
2021-09-16,13.3,13.3,12.9,13.0,3308609
2021-09-19,13.0,13.0,12.8,12.8,708475
2021-09-20,12.8,13.1,12.8,12.9,1660246
2021-09-21,12.8,13.0,12.8,12.8,1392492
2021-09-22,12.8,12.9,12.7,12.7,1703458
2021-09-23,12.7,12.9,12.6,12.7,1534962
2021-09-26,12.7,12.8,12.6,12.6,717568
2021-09-27,12.7,12.7,12.4,12.6,1429185
2021-09-28,12.6,12.8,12.5,12.7,1901128
2021-09-29,12.7,12.8,12.6,12.7,1440103
2021-09-30,12.6,12.8,12.6,12.7,702807
2021-10-03,12.7,12.8,12.5,12.7,1697712
2021-10-04,12.7,12.8,12.6,12.7,811199
2021-10-05,12.7,12.7,12.6,12.6,1060572
2021-10-06,12.6,12.8,12.6,12.7,1121588
2021-10-07,12.6,13.0,12.6,13.0,2127112
2021-10-10,12.9,13.2,12.8,13.1,1974267
2021-10-11,13.2,13.2,12.8,12.8,1469068
2021-10-12,12.7,12.9,12.7,12.8,734040
2021-10-13,12.8,13.0,12.7,12.9,1168777
2021-10-14,12.9,13.0,12.6,12.8,1249461
2021-10-17,12.8,13.0,12.7,12.8,881925
2021-10-18,12.8,12.9,12.7,12.7,1015098
2021-10-19,12.7,12.8,12.5,12.6,955246
2021-10-21,12.6,12.7,12.5,12.6,616411
2021-10-24,12.6,12.9,12.6,12.7,645919
2021-10-25,12.7,12.9,12.5,12.5,1171860
2021-10-26,12.5,12.7,12.5,12.6,305741
2021-10-27,12.6,12.7,12.4,12.7,1960608
2021-10-28,12.8,13.0,12.6,12.9,1189440
2021-10-31,12.9,13.0,12.7,12.8,1066165
2021-11-01,12.8,12.8,12.6,12.6,832195
2021-11-02,12.6,12.7,12.4,12.6,2152029
2021-11-03,12.5,12.7,12.5,12.6,361491
2021-11-04,12.6,12.9,12.6,12.6,1147219
2021-11-07,12.6,12.7,12.5,12.6,701364
2021-11-08,12.5,12.7,12.5,12.5,620799
2021-11-09,12.5,12.7,12.5,12.6,399645
2021-11-10,12.6,12.8,12.6,12.7,458246
2021-11-11,12.7,12.8,12.6,12.7,927041
2021-11-14,12.7,12.8,12.6,12.7,541571
2021-11-15,12.6,12.8,12.6,12.8,1649249
2021-11-16,12.8,13.3,12.8,13.2,4630339
2021-11-17,13.3,13.3,12.9,13.1,3417468
2021-11-18,13.1,13.5,12.9,13.3,5455409
2021-11-21,13.4,14.4,13.4,14.2,25059012
2021-11-22,14.2,14.2,13.5,13.6,4783802
2021-11-23,13.6,14.0,13.4,13.7,8457083
2021-11-24,13.7,13.9,13.1,13.2,5398249
2021-11-25,13.2,13.3,12.9,13.0,2838231
2021-11-28,13.1,13.1,12.8,12.8,1604965
2021-11-29,12.9,13.2,12.9,13.1,1349019
2021-11-30,13.2,13.2,13.0,13.0,2242570
2021-12-01,13.3,13.5,13.1,13.3,3601456
2021-12-02,13.0,13.4,13.0,13.3,3228932
2021-12-05,13.4,13.4,13.2,13.2,1644310
2021-12-06,13.2,13.3,13.1,13.2,1088673
2021-12-07,13.3,13.4,13.2,13.3,1815659
2021-12-08,13.3,13.3,12.9,13.0,2267667
2021-12-09,13.2,13.2,13.0,13.0,898131
2021-12-12,13.0,13.1,12.9,13.0,1428678
2021-12-13,12.9,13.1,12.9,13.1,843276
2021-12-14,13.2,13.2,12.8,12.8,919663
2021-12-15,13.0,13.0,12.7,12.8,915660
2021-12-19,12.8,12.8,12.5,12.6,1053237
2021-12-20,12.6,12.7,12.5,12.5,891022
2021-12-21,12.6,12.7,12.5,12.5,579685
2021-12-22,12.6,12.6,12.5,12.5,1397907
2021-12-23,12.5,12.5,12.4,12.4,822099
2021-12-26,12.4,12.5,12.2,12.3,868432
2021-12-27,12.3,12.5,12.2,12.4,342420
2021-12-28,12.4,12.7,12.3,12.7,1263048
2021-12-29,12.7,12.8,12.5,12.6,749669
2021-12-30,12.6,12.7,12.5,12.7,628591
2022-01-02,12.8,12.9,12.6,12.7,1467764
2022-01-03,12.8,12.9,12.7,12.7,784849
2022-01-04,12.6,12.7,12.4,12.5,1080711
2022-01-05,12.5,12.7,12.5,12.6,972314
2022-01-06,12.7,13.0,12.7,12.8,1423118
2022-01-09,12.9,12.9,12.6,12.7,1553610
2022-01-10,12.7,12.8,12.6,12.7,1002352
2022-01-11,12.7,13.0,12.7,13.0,2834204
2022-01-12,13.0,13.1,12.8,13.0,1028228
2022-01-13,12.9,13.0,12.7,12.7,800137
2022-01-16,12.7,12.8,12.6,12.7,443536
2022-01-17,12.7,12.8,12.6,12.7,852315
2022-01-18,12.7,12.8,12.6,12.7,514199
2022-01-19,12.7,12.8,12.6,12.8,466952
2022-01-20,12.8,13.0,12.7,12.9,1224282
2022-01-23,12.8,13.0,12.8,13.0,1302615
2022-01-24,13.0,13.0,12.8,12.9,809436
2022-01-25,12.9,12.9,12.7,12.8,348505
2022-01-26,12.7,12.9,12.7,12.7,844823
2022-01-27,12.8,12.8,12.6,12.7,811272
2022-01-30,12.6,12.7,12.6,12.6,1188384
2022-01-31,12.6,12.8,12.6,12.7,601512
2022-02-01,12.7,12.8,12.6,12.7,254942
2022-02-02,12.8,12.8,12.6,12.6,1023498
2022-02-03,12.6,12.9,12.6,12.8,446635
2022-02-06,12.9,12.9,12.7,12.7,372397
2022-02-07,12.8,12.8,12.6,12.6,949510
2022-02-08,12.7,12.8,12.6,12.7,443952
2022-02-09,12.7,12.9,12.6,12.8,615618
2022-02-10,12.8,12.9,12.7,12.8,486807
2022-02-13,12.9,13.1,12.8,13.0,1262497
2022-02-14,13.0,13.2,12.9,12.9,1620722
2022-02-15,12.9,13.1,12.7,12.8,1232628
2022-02-16,12.9,12.9,12.7,12.7,306706
2022-02-17,12.7,12.8,12.6,12.6,630251
2022-02-20,12.6,12.7,12.5,12.5,591092
2022-02-22,12.6,12.6,12.5,12.5,266703
2022-02-23,12.5,12.6,12.5,12.5,318780
2022-02-24,12.5,12.6,12.3,12.3,786320
2022-02-27,12.3,12.3,11.9,12.0,1754030
2022-02-28,12.1,12.2,12.0,12.1,534848
2022-03-01,12.2,12.4,12.1,12.2,567557
2022-03-02,12.2,12.2,12.0,12.1,354147
2022-03-03,12.1,12.2,12.0,12.2,509361
2022-03-06,12.1,12.2,12.1,12.1,496014
2022-03-07,12.1,12.2,11.9,11.9,475999
2022-03-08,12.0,12.0,11.8,12.0,456022
2022-03-09,12.0,12.3,11.9,12.2,521510
2022-03-10,12.3,12.4,12.2,12.4,689631
2022-03-13,12.4,12.5,12.3,12.4,464841
2022-03-14,12.4,12.5,12.3,12.3,1950984
2022-03-15,12.4,12.5,12.3,12.5,651316
2022-03-16,12.5,12.6,12.4,12.6,1050608
2022-03-20,12.5,12.7,12.4,12.6,2094363
2022-03-21,12.5,12.6,12.4,12.5,258879
2022-03-22,12.6,12.6,12.4,12.6,725282
2022-03-23,12.5,12.7,12.5,12.5,317066
2022-03-24,12.5,12.6,12.5,12.5,135181
2022-03-27,12.5,12.6,12.4,12.6,430427
2022-03-28,12.6,12.6,12.5,12.5,207463
2022-03-29,12.6,12.6,12.4,12.6,358103
2022-03-30,12.5,12.6,12.5,12.5,235014
2022-03-31,12.5,12.6,12.4,12.5,866764
2022-04-03,12.5,12.6,12.5,12.6,436992
2022-04-04,12.5,12.6,12.5,12.6,1340300
2022-04-05,12.5,12.6,12.4,12.5,1105545
2022-04-06,12.4,12.5,12.3,12.4,2027955
2022-04-07,12.4,12.5,12.2,12.3,1361045
2022-04-10,12.3,12.3,12.1,12.1,466809
2022-04-11,12.1,12.1,11.9,11.9,603243
2022-04-12,11.9,11.9,11.7,11.7,351832
2022-04-13,11.7,11.8,11.6,11.7,306321
2022-04-17,11.8,11.8,11.6,11.7,302954
2022-04-18,11.6,11.8,11.5,11.7,362151
2022-04-19,11.7,11.8,11.6,11.8,175680
2022-04-20,11.8,12.1,11.7,12.0,436650
2022-04-21,12.0,12.2,11.9,12.1,241489
2022-04-24,12.2,12.3,12.1,12.2,1713622
2022-04-25,12.3,12.3,12.0,12.1,252813
2022-04-26,12.0,12.2,12.0,12.1,342337
2022-04-27,12.1,12.3,12.1,12.2,311644
2022-04-28,12.3,12.4,12.2,12.3,413601
2022-05-05,12.3,12.4,12.2,12.4,189061
2022-05-08,12.3,12.4,12.3,12.3,856998
2022-05-09,12.4,12.4,12.3,12.3,796163
2022-05-10,12.4,12.4,12.3,12.4,1129796
2022-05-11,12.4,12.4,12.2,12.2,1268273
2022-05-12,12.3,12.3,12.2,12.2,1229837
2022-05-16,12.2,12.2,12.0,12.1,1704485
2022-05-17,12.1,12.2,12.0,12.1,910600
2022-05-18,12.2,12.2,11.9,12.0,917522
2022-05-19,12.0,12.1,11.8,12.0,483598
2022-05-22,12.0,12.1,11.9,11.9,813023
2022-05-23,12.0,12.1,12.0,12.0,798263
2022-05-24,12.0,12.2,11.9,12.0,953473
2022-05-25,12.0,12.2,11.9,12.1,2728613
2022-05-29,11.9,11.9,11.9,11.9,85902
2022-05-30,11.7,11.7,11.7,11.7,367288
2022-05-31,11.5,11.5,11.5,11.5,289437
2022-06-01,11.3,11.3,11.3,11.3,413619
2022-06-02,11.1,11.3,11.1,11.2,1846132
2022-06-05,11.3,11.3,11.1,11.2,613353
2022-06-06,11.2,11.3,11.1,11.3,582512
2022-06-07,11.2,11.3,11.1,11.1,1272182
2022-06-08,11.2,11.3,11.1,11.2,398723
2022-06-09,11.1,11.3,11.1,11.2,432619
2022-06-12,11.2,11.3,11.1,11.1,780292
2022-06-13,11.1,11.2,11.1,11.1,414634
2022-06-14,11.2,11.2,11.1,11.1,352017
2022-06-15,11.2,11.3,11.1,11.2,815443
2022-06-16,11.3,11.3,11.1,11.3,303488
2022-06-19,11.3,11.3,11.1,11.2,271837
2022-06-20,11.1,11.3,11.1,11.1,399715
2022-06-21,11.1,11.2,11.1,11.2,229202
2022-06-22,11.1,11.3,11.1,11.2,434794
2022-06-23,11.2,11.3,11.2,11.3,292238
2022-06-26,11.3,11.3,11.1,11.1,812422
2022-06-27,11.1,11.2,11.0,11.1,321176
2022-06-28,11.2,11.3,11.1,11.2,668254
2022-06-29,11.3,11.3,11.0,11.0,3799130
2022-06-30,11.0,11.1,10.9,10.9,2562642
2022-07-03,11.0,11.1,10.9,11.1,352026
2022-07-04,11.0,11.1,10.9,10.9,604421
2022-07-05,11.0,11.0,10.9,10.9,877857
2022-07-06,10.9,11.0,10.9,11.0,127791
2022-07-07,11.0,11.1,10.9,11.0,632222
2022-07-12,11.0,11.0,10.9,11.0,363452
2022-07-13,10.9,11.0,10.9,10.9,106484
2022-07-14,11.0,11.0,10.9,10.9,254232
2022-07-17,11.0,11.0,10.9,10.9,345608
2022-07-18,10.9,10.9,10.7,10.7,716093
2022-07-19,10.7,10.8,10.5,10.5,818637
2022-07-20,10.5,10.7,10.4,10.5,553437
2022-07-21,10.4,10.7,10.4,10.7,448368
2022-07-24,10.6,10.7,10.5,10.5,600997
2022-07-25,10.5,10.6,10.4,10.6,338620
2022-07-26,10.7,10.7,10.5,10.6,467385
2022-07-27,10.6,10.6,10.4,10.4,333183
2022-07-28,10.4,10.4,10.2,10.2,438665
2022-07-31,10.5,10.6,10.4,10.6,232232
2022-08-01,10.6,10.7,10.5,10.6,221879
2022-08-02,10.6,10.8,10.5,10.8,349591
2022-08-03,10.8,11.1,10.8,11.0,1177939
2022-08-04,10.9,11.0,10.8,10.9,240923
2022-08-07,10.8,10.9,10.8,10.8,500973
2022-08-08,10.9,10.9,10.8,10.8,341011
2022-08-10,10.8,10.8,10.6,10.7,258662
2022-08-11,10.6,10.7,10.6,10.6,103349
2022-08-14,10.5,10.7,10.5,10.6,51810
2022-08-16,10.7,10.9,10.6,10.8,448066
2022-08-17,10.8,10.9,10.7,10.8,228781
2022-08-21,10.8,10.9,10.7,10.7,201079
2022-08-22,10.8,10.8,10.7,10.7,355912
2022-08-23,10.7,10.8,10.6,10.6,571865
2022-08-24,10.7,10.7,10.5,10.5,244592
2022-08-25,10.6,10.7,10.5,10.7,398671
2022-08-28,10.7,11.0,10.7,10.9,826565
2022-08-29,10.9,11.0,10.8,10.9,252151
2022-08-30,10.9,11.0,10.8,10.9,360129
2022-08-31,10.8,10.9,10.7,10.8,691197
2022-09-01,10.9,10.9,10.8,10.9,680324
2022-09-04,11.0,11.0,10.8,10.9,363361
2022-09-05,10.8,10.9,10.8,10.8,240193
2022-09-06,10.8,10.9,10.6,10.6,676625
2022-09-07,10.6,10.8,10.5,10.6,643245
2022-09-08,10.6,10.7,10.6,10.7,391188
2022-09-11,10.7,10.7,10.5,10.5,465895
2022-09-12,10.6,10.7,10.5,10.6,316051
2022-09-13,10.6,10.8,10.5,10.7,592054
2022-09-14,10.7,10.7,10.6,10.6,403876
2022-09-15,10.6,10.7,10.5,10.6,322482
2022-09-18,10.6,10.6,10.5,10.5,507953
2022-09-19,10.5,10.6,10.4,10.4,699260
2022-09-20,10.4,10.5,10.4,10.4,720395
2022-09-21,10.4,10.5,10.4,10.4,561953
2022-09-22,10.5,10.5,10.4,10.5,453889
2022-09-25,10.5,10.5,10.4,10.4,493941
2022-09-26,10.4,10.6,10.4,10.6,834922
2022-09-27,10.5,10.6,10.4,10.4,338863
2022-09-28,10.4,10.5,10.4,10.5,303839
2022-09-29,10.4,10.5,10.4,10.5,326084
2022-10-02,10.4,10.5,10.4,10.5,281986
2022-10-03,10.5,10.6,10.4,10.5,624407
2022-10-04,10.6,10.6,10.4,10.5,599985
2022-10-06,10.5,10.6,10.5,10.5,87424
2022-10-10,10.4,10.5,10.4,10.4,276244
2022-10-11,10.5,10.5,10.4,10.4,262942
2022-10-12,10.4,10.6,10.4,10.5,569628
2022-10-13,10.5,10.6,10.4,10.4,711632
2022-10-16,10.5,10.5,10.4,10.4,775174
2022-10-17,10.4,10.5,10.4,10.4,435867
2022-10-18,10.4,10.4,10.4,10.4,133021
2022-10-19,10.4,10.4,10.4,10.4,374734
2022-10-20,10.4,10.5,10.4,10.5,501967
2022-10-23,10.4,10.4,10.4,10.4,278269
2022-10-24,10.4,10.4,10.4,10.4,3118
2022-10-25,10.4,10.4,10.4,10.4,51836
2022-10-26,10.4,10.4,10.4,10.4,319730
2022-10-27,10.4,10.4,10.4,10.4,115642
2022-10-30,10.4,10.4,10.4,10.4,69434
2022-10-31,10.4,10.4,10.4,10.4,481651
2022-11-01,10.4,10.4,10.4,10.4,116289
2022-11-02,10.4,10.4,10.4,10.4,115395
2022-11-03,10.4,10.4,10.4,10.4,106766
2022-11-06,10.4,10.4,10.4,10.4,73737
2022-11-07,10.4,10.4,10.4,10.4,187430
2022-11-08,10.4,10.4,10.4,10.4,1469054
2022-11-09,10.5,10.5,10.4,10.4,124426
2022-11-10,10.4,10.4,10.4,10.4,20075
2022-11-13,10.4,10.4,10.4,10.4,24611
2022-11-14,10.4,10.4,10.4,10.4,27966
2022-11-15,10.4,10.4,10.4,10.4,11017
2022-11-16,10.4,10.4,10.4,10.4,133400
2022-11-17,10.4,10.4,10.4,10.4,1745
2022-11-20,10.4,10.4,10.4,10.4,43539
2022-11-21,10.4,10.4,10.4,10.4,817514
2022-11-22,10.4,10.4,10.4,10.4,269390
2022-11-23,10.4,10.4,10.4,10.4,70242
2022-11-24,10.4,10.4,10.4,10.4,1112949
2022-11-27,10.4,10.5,10.4,10.4,555034
2022-11-28,10.4,10.4,10.4,10.4,3499
2022-11-29,10.4,10.4,10.4,10.4,115375
2022-11-30,10.4,10.4,10.4,10.4,67285
2022-12-01,10.4,10.4,10.4,10.4,509322
2022-12-04,10.4,10.4,10.4,10.4,31448
2022-12-05,10.4,10.4,10.4,10.4,702460
2022-12-06,10.4,10.4,10.4,10.4,8715
2022-12-07,10.4,10.4,10.4,10.4,109432
2022-12-08,10.4,10.4,10.4,10.4,103102
2022-12-11,10.4,10.4,10.4,10.4,9269
2022-12-12,10.4,10.4,10.4,10.4,79448
2022-12-13,10.4,10.4,10.4,10.4,24349
2022-12-14,10.4,10.4,10.4,10.4,155569
2022-12-15,10.4,10.4,10.4,10.4,6712
2022-12-18,10.4,10.4,10.4,10.4,99556
2022-12-19,10.4,10.4,10.4,10.4,45733
2022-12-20,10.4,10.4,10.4,10.4,8953
2022-12-21,10.4,10.4,10.4,10.4,28841
2022-12-22,10.4,10.4,10.4,10.4,5782
2022-12-26,10.4,10.4,10.4,10.4,15599
2022-12-27,10.4,10.4,10.4,10.4,34210
2022-12-28,10.4,10.4,10.4,10.4,5250
2022-12-29,10.4,10.4,10.4,10.4,20447
2023-01-01,10.4,10.4,10.4,10.4,2493
2023-01-02,10.4,10.4,10.4,10.4,13900
2023-01-03,10.4,10.4,10.4,10.4,26053
2023-01-04,10.4,10.4,10.4,10.4,58861
2023-01-05,10.4,10.4,10.4,10.4,106617
2023-01-08,10.4,10.4,10.4,10.4,201875
2023-01-09,10.4,10.4,10.4,10.4,3521
2023-01-10,10.4,10.4,10.4,10.4,16151
2023-01-11,10.4,10.4,10.4,10.4,22337
2023-01-12,10.4,10.4,10.4,10.4,1580
2023-01-15,10.4,10.4,10.4,10.4,23130
2023-01-16,10.4,10.4,10.4,10.4,27764
2023-01-17,10.4,10.4,10.4,10.4,364198
2023-01-18,10.4,10.5,10.4,10.4,928124
2023-01-19,10.4,10.4,10.4,10.4,82032
2023-01-22,10.4,10.4,10.4,10.4,49330
2023-01-23,10.4,10.4,10.4,10.4,34500
2023-01-24,10.4,10.4,10.4,10.4,27347
2023-01-25,10.4,10.4,10.4,10.4,41190
2023-01-26,10.4,10.4,10.4,10.4,87410
2023-01-29,10.4,10.4,10.4,10.4,61861
2023-01-30,10.4,10.4,10.4,10.4,77008
2023-01-31,10.4,10.4,10.4,10.4,6676
2023-02-01,10.4,10.4,10.4,10.4,17011
2023-02-02,10.4,10.4,10.4,10.4,88254
2023-02-05,10.4,10.4,10.4,10.4,135077
2023-02-06,10.4,10.4,10.4,10.4,43425
2023-02-07,10.4,10.4,10.4,10.4,25820
2023-02-08,10.4,10.4,10.4,10.4,20412
2023-02-09,10.4,10.4,10.4,10.4,17058
2023-02-12,10.4,10.4,10.4,10.4,15041
2023-02-13,10.4,10.4,10.4,10.4,123411
2023-02-14,10.4,10.4,10.4,10.4,56157
2023-02-15,10.4,10.4,10.4,10.4,13333
2023-02-16,10.4,10.4,10.4,10.4,100100
2023-02-19,10.4,10.4,10.4,10.4,15350
2023-02-20,10.4,10.4,10.4,10.4,13796
2023-02-22,10.4,10.4,10.4,10.4,105110
2023-02-23,10.4,10.4,10.4,10.4,51789
2023-02-26,10.4,10.4,10.4,10.4,14405
2023-02-27,10.4,10.4,10.4,10.4,84533
2023-02-28,10.4,10.4,10.4,10.4,42400
2023-03-01,10.4,10.4,10.4,10.4,220976
2023-03-02,10.4,10.4,10.4,10.4,71810
2023-03-05,10.4,10.4,10.4,10.4,69740
2023-03-06,10.4,10.4,10.4,10.4,163534
2023-03-07,10.4,10.4,10.4,10.4,421910
2023-03-09,10.4,10.5,10.4,10.4,538315
2023-03-12,10.4,10.5,10.4,10.4,257920
2023-03-13,10.4,10.4,10.4,10.4,88834
2023-03-14,10.4,10.4,10.4,10.4,37561
2023-03-15,10.4,10.4,10.4,10.4,5834
2023-03-16,10.4,10.4,10.4,10.4,52915
2023-03-19,10.4,10.4,10.4,10.4,59810
2023-03-20,10.4,10.4,10.4,10.4,59380
2023-03-21,10.4,10.4,10.4,10.4,33340
2023-03-22,10.4,10.4,10.4,10.4,42980
2023-03-23,10.4,10.4,10.4,10.4,15596
2023-03-28,10.4,10.4,10.4,10.4,13714
2023-03-29,10.4,10.4,10.4,10.4,7060
2023-03-30,10.4,10.4,10.4,10.4,1507
2023-04-02,10.4,10.4,10.4,10.4,24353
2023-04-03,10.4,10.4,10.4,10.4,78848
2023-04-04,10.4,10.4,10.4,10.4,88110
2023-04-05,10.4,10.4,10.4,10.4,18203
2023-04-06,10.4,10.4,10.4,10.4,43893
2023-04-09,10.4,10.4,10.4,10.4,82759
2023-04-10,10.4,10.4,10.4,10.4,46980
2023-04-11,10.4,10.4,10.4,10.4,43279
2023-04-12,10.4,10.4,10.4,10.4,230683
2023-04-13,10.4,10.4,10.4,10.4,127621
2023-04-16,10.4,10.5,10.4,10.4,1052908
2023-04-17,10.4,10.5,10.4,10.4,487890
2023-04-18,10.4,10.4,10.4,10.4,126130
2023-04-24,10.4,10.6,10.4,10.5,1036747
2023-04-25,10.5,10.7,10.4,10.6,886477
2023-04-26,10.6,10.7,10.5,10.7,621351
2023-04-27,10.6,10.8,10.6,10.8,1083340
2023-04-30,10.8,10.8,10.7,10.8,573706
2023-05-02,10.8,10.9,10.7,10.8,895885
2023-05-03,10.8,10.9,10.7,10.7,371857
2023-05-07,10.7,10.9,10.7,10.8,795464
2023-05-08,10.8,10.9,10.8,10.8,927322
2023-05-09,10.9,10.9,10.7,10.8,655314
2023-05-10,10.7,10.8,10.6,10.7,955732
2023-05-11,10.7,10.8,10.7,10.8,832626
2023-05-14,10.7,10.8,10.6,10.7,662876
2023-05-15,10.7,10.7,10.5,10.6,1061968
2023-05-17,10.4,10.4,10.4,10.4,34384
2023-05-18,10.4,10.4,10.4,10.4,25629
2023-05-21,10.4,10.4,10.4,10.4,1000
2023-05-22,10.4,10.4,10.4,10.4,509380
2023-05-23,10.4,10.4,10.4,10.4,6267
2023-05-24,10.4,10.4,10.4,10.4,720
2023-05-25,10.4,10.4,10.4,10.4,75931
2023-05-28,10.4,10.4,10.4,10.4,4014
2023-05-29,10.4,10.4,10.4,10.4,300
2023-05-30,10.4,10.4,10.4,10.4,1182
2023-05-31,10.4,10.4,10.4,10.4,155099
2023-06-01,10.4,10.4,10.4,10.4,11548
2023-06-04,10.4,10.4,10.4,10.4,106800
2023-06-05,10.4,10.4,10.4,10.4,15200
2023-06-06,10.4,10.4,10.4,10.4,22725
2023-06-07,10.4,10.4,10.4,10.4,7192
2023-06-08,10.4,10.4,10.4,10.4,1128
2023-06-11,10.4,10.4,10.4,10.4,8507
2023-06-12,10.4,10.4,10.4,10.4,150
2023-06-13,10.4,10.4,10.4,10.4,27865
2023-06-14,10.4,10.4,10.4,10.4,64419
2023-06-15,10.4,10.4,10.4,10.4,7522
2023-06-18,10.4,10.4,10.4,10.4,37300
2023-06-19,10.4,10.4,10.4,10.4,21650
2023-06-20,10.4,10.4,10.4,10.4,109581
2023-06-21,10.4,10.4,10.4,10.4,18099
2023-06-22,10.4,10.4,10.4,10.4,50120
2023-06-25,10.4,10.4,10.4,10.4,162188
2023-06-26,10.4,10.4,10.4,10.4,175657
2023-07-02,10.4,10.4,10.4,10.4,34889
2023-07-03,10.4,10.4,10.4,10.4,6513
2023-07-04,10.4,10.4,10.4,10.4,14248
2023-07-05,10.4,10.4,10.4,10.4,8692
2023-07-06,10.4,10.4,10.4,10.4,12061
2023-07-09,10.4,10.4,10.4,10.4,18105
2023-07-10,10.4,10.4,10.4,10.4,10170
2023-07-11,10.4,10.4,10.4,10.4,1265
2023-07-12,10.4,10.4,10.4,10.4,12272
2023-07-13,10.4,10.4,10.4,10.4,7862
2023-07-16,10.4,10.4,10.4,10.4,13939
2023-07-17,10.4,10.4,10.4,10.4,4179
2023-07-18,10.4,10.4,10.4,10.4,4455
2023-07-19,10.4,10.4,10.4,10.4,30035
2023-07-20,10.4,10.4,10.4,10.4,8795
2023-07-23,10.4,10.4,10.4,10.4,26710
2023-07-24,10.4,10.4,10.4,10.4,13449
2023-07-25,10.4,10.4,10.4,10.4,3267
2023-07-26,10.4,10.4,10.4,10.4,14003
2023-07-27,10.4,10.4,10.4,10.4,13400
2023-07-30,10.4,10.4,10.4,10.4,37311
2023-07-31,10.4,10.4,10.4,10.4,8809
2023-08-01,10.4,10.4,10.4,10.4,2447
2023-08-02,10.4,10.4,10.4,10.4,2252
2023-08-03,10.4,10.4,10.4,10.4,14129
2023-08-06,10.4,10.4,10.4,10.4,2150
2023-08-07,10.4,10.4,10.4,10.4,6580
2023-08-08,10.4,10.4,10.4,10.4,3797
2023-08-09,10.4,10.4,10.4,10.4,14637
2023-08-10,10.4,10.4,10.4,10.4,4145
2023-08-13,10.4,10.4,10.4,10.4,2495
2023-08-14,10.4,10.4,10.4,10.4,7101
2023-08-16,10.4,10.4,10.4,10.4,3037
2023-08-17,10.4,10.4,10.4,10.4,6746
2023-08-20,10.4,10.4,10.4,10.4,33945
2023-08-21,10.4,10.4,10.4,10.4,83522
2023-08-22,10.4,10.4,10.4,10.4,5940
2023-08-23,10.4,10.4,10.4,10.4,6910
2023-08-24,10.4,10.4,10.4,10.4,2500
2023-08-27,10.4,10.4,10.4,10.4,2390
2023-08-28,10.4,10.4,10.4,10.4,1095
2023-08-29,10.4,10.4,10.4,10.4,2521
2023-08-30,10.4,10.4,10.4,10.4,191
2023-08-31,10.4,10.4,10.4,10.4,17943
2023-09-03,10.4,10.4,10.4,10.4,1505
2023-09-04,10.4,10.4,10.4,10.4,4888
2023-09-05,10.4,10.4,10.4,10.4,2979
2023-09-07,10.4,10.4,10.4,10.4,20023
2023-09-10,10.4,10.4,10.4,10.4,1870
2023-09-11,10.4,10.4,10.4,10.4,13024
2023-09-12,10.4,10.4,10.4,10.4,200
2023-09-13,10.4,10.4,10.4,10.4,258
2023-09-14,10.4,10.4,10.4,10.4,11652
2023-09-17,10.4,10.4,10.4,10.4,1640
2023-09-18,10.4,10.4,10.4,10.4,1805
2023-09-19,10.4,10.4,10.4,10.4,940
2023-09-20,10.4,10.4,10.4,10.4,12745
2023-09-21,10.4,10.4,10.4,10.4,40
2023-09-24,10.4,10.4,10.4,10.4,10105
2023-09-25,10.4,10.4,10.4,10.4,2500
2023-09-26,10.4,10.4,10.4,10.4,1065
2023-09-27,10.4,10.4,10.4,10.4,5225
2023-10-01,10.4,10.4,10.4,10.4,1882
2023-10-02,10.4,10.4,10.4,10.4,894
2023-10-03,10.4,10.4,10.4,10.4,185
2023-10-04,10.4,10.4,10.4,10.4,10
2023-10-05,10.4,10.4,10.4,10.4,3300
2023-10-08,10.4,10.4,10.4,10.4,3055
2023-10-09,10.4,10.4,10.4,10.4,2867
2023-10-10,10.4,10.4,10.4,10.4,1
2023-10-11,10.4,10.4,10.4,10.4,13
2023-10-16,10.4,10.4,10.4,10.4,490
2023-10-17,10.4,10.4,10.4,10.4,20
2023-10-18,10.4,10.4,10.4,10.4,16270
2023-10-19,10.4,10.4,10.4,10.4,150
2023-10-22,10.4,10.4,10.4,10.4,5204
2023-10-23,10.4,10.4,10.4,10.4,453
2023-10-25,10.4,10.4,10.4,10.4,1
2023-10-26,10.4,10.4,10.4,10.4,1972
2023-10-29,10.4,10.4,10.4,10.4,375
2023-10-30,10.4,10.4,10.4,10.4,46
2023-10-31,10.4,10.4,10.4,10.4,5539
2023-11-01,10.4,10.4,10.4,10.4,1501
2023-11-02,10.4,10.4,10.4,10.4,4670
2023-11-05,10.4,10.4,10.4,10.4,2010
2023-11-06,10.4,10.4,10.4,10.4,6120
2023-11-07,10.4,10.4,10.4,10.4,538
2023-11-08,10.4,10.4,10.4,10.4,3264
2023-11-09,10.4,10.4,10.4,10.4,520
2023-11-12,10.4,10.4,10.4,10.4,905
2023-11-13,10.4,10.4,10.4,10.4,5
2023-11-14,10.4,10.4,10.4,10.4,3378
2023-11-15,10.4,10.4,10.4,10.4,2570
2023-11-16,10.4,10.4,10.4,10.4,2591
2023-11-19,10.4,10.4,10.4,10.4,7800
2023-11-20,10.4,10.4,10.4,10.4,5678
2023-11-21,10.4,10.4,10.4,10.4,645
2023-11-22,10.4,10.4,10.4,10.4,1000
2023-11-23,10.4,10.4,10.4,10.4,12390
2023-11-26,10.4,10.4,10.4,10.4,50116
2023-11-27,10.4,10.4,10.4,10.4,3758
2023-11-28,10.4,10.4,10.4,10.4,80015
2023-11-29,10.4,10.4,10.4,10.4,2440
2023-11-30,10.4,10.4,10.4,10.4,53254
2023-12-03,10.4,10.4,10.4,10.4,1273
2023-12-04,10.4,10.4,10.4,10.4,2306
2023-12-05,10.4,10.4,10.4,10.4,8822
2023-12-06,10.4,10.4,10.4,10.4,15053
2023-12-07,10.4,10.4,10.4,10.4,11217
2023-12-10,10.4,10.4,10.4,10.4,57110
2023-12-11,10.4,10.4,10.4,10.4,43204
2023-12-12,10.4,10.4,10.4,10.4,5835
2023-12-13,10.4,10.4,10.4,10.4,23755
2023-12-14,10.4,10.4,10.4,10.4,6600
2023-12-17,10.4,10.4,10.4,10.4,31126
2023-12-18,10.4,10.4,10.4,10.4,73982
2023-12-19,10.4,10.4,10.4,10.4,85510
2023-12-20,10.4,10.4,10.4,10.4,7761
2023-12-21,10.4,10.4,10.4,10.4,117421
2023-12-24,10.4,10.4,10.4,10.4,44072
2023-12-26,10.4,10.4,10.4,10.4,166958
2023-12-27,10.4,10.4,10.4,10.4,68377
2023-12-28,10.4,10.4,10.4,10.4,42803
2024-01-01,10.4,10.4,10.4,10.4,33397
2024-01-02,10.4,10.4,10.4,10.4,2266
2024-01-03,10.4,10.4,10.4,10.4,35674
2024-01-04,10.4,10.4,10.4,10.4,1047
2024-01-08,10.4,10.4,10.4,10.4,66911
2024-01-09,10.4,10.4,10.4,10.4,25596
2024-01-10,10.4,10.4,10.4,10.4,15842
2024-01-11,10.4,10.4,10.4,10.4,55246
2024-01-14,10.4,10.4,10.4,10.4,53717
2024-01-15,10.4,10.4,10.4,10.4,23649
2024-01-16,10.4,10.4,10.4,10.4,96242
2024-01-17,10.4,10.4,10.4,10.4,46893
2024-01-18,10.4,10.4,10.4,10.4,47133
2024-01-21,9.4,10.1,9.4,9.6,1313668
2024-01-22,9.6,9.9,9.6,9.8,837804
2024-01-23,9.8,10.4,9.7,10.1,2535887
2024-01-24,10.0,10.3,10.0,10.2,530845
2024-01-25,10.2,10.4,10.0,10.1,628148
2024-01-28,10.0,10.1,9.8,9.9,542313
2024-01-30,9.9,10.1,9.8,9.9,890476
2024-01-31,9.9,10.1,9.8,9.9,212606
2024-02-01,10.0,10.1,9.9,10.0,424921
2024-02-04,10.0,10.3,10.0,10.2,546111
2024-02-05,10.2,10.5,10.1,10.4,1255905
2024-02-06,10.4,10.6,10.2,10.3,1037841
2024-02-07,10.3,10.5,10.2,10.3,854293
2024-02-08,10.3,10.6,10.3,10.4,799741
2024-02-11,10.5,11.0,10.4,11.0,2850145
2024-02-12,11.1,11.3,10.7,10.9,1636936
2024-02-13,10.8,10.9,10.4,10.5,1231408
2024-02-14,10.6,10.7,10.4,10.4,647990
2024-02-15,10.4,10.4,10.1,10.3,778764
2024-02-18,10.3,10.5,10.2,10.4,398831
2024-02-19,10.6,10.7,10.2,10.3,596772
2024-02-20,10.3,10.5,10.3,10.4,281235
