Date,Open,High,Low,Close,Volume
2012-10-01,190.0,209.0,184.1,199.0,2050
2012-10-02,215.0,215.0,200.0,204.2,2450
2012-10-03,209.0,210.0,200.0,202.1,4500
2012-10-04,211.9,211.9,195.0,200.9,1850
2012-10-07,195.0,196.0,184.0,194.1,2200
2012-10-08,190.0,190.0,181.5,185.5,300
2012-10-09,195.2,200.0,195.0,197.3,1150
2012-10-10,196.0,196.0,196.0,196.0,100
2012-10-11,186.1,186.1,180.5,184.5,250
2012-10-14,186.0,196.9,186.0,191.4,100
2012-10-15,198.0,198.0,188.0,194.3,150
2012-10-16,199.9,199.9,189.0,193.8,1200
2012-10-17,199.0,201.0,194.0,197.0,1200
2012-10-18,194.1,194.1,194.1,194.1,150
2012-10-21,187.1,191.0,187.0,189.5,1350
2012-10-22,190.0,199.9,189.5,195.9,2150
2012-10-23,193.0,210.0,193.0,207.1,2550
2012-10-30,214.2,214.5,208.0,210.6,1300
2012-10-31,210.8,210.8,210.8,210.8,50
2012-11-01,211.5,211.5,211.5,211.5,100
2012-11-04,212.0,215.0,200.7,205.3,2250
2012-11-05,198.6,214.6,198.4,210.9,3000
2012-11-06,214.5,219.0,209.0,215.6,2850
2012-11-07,212.0,233.0,212.0,231.3,13050
2012-11-08,237.5,237.8,221.0,223.8,4900
2012-11-11,220.0,220.0,205.3,218.6,1950
2012-11-12,219.0,222.0,205.4,207.5,2650
2012-11-13,204.3,218.9,203.4,208.1,3900
2012-11-14,204.0,218.8,204.0,214.5,1950
2012-11-15,235.0,235.0,200.2,204.0,5750
2012-11-18,204.0,208.0,195.1,202.6,3000
2012-11-19,197.0,204.0,188.0,197.4,950
2012-11-20,179.9,198.0,179.9,187.6,950
2012-11-21,180.3,181.9,176.1,180.2,3100
2012-11-22,180.0,188.9,180.0,182.6,950
2012-11-26,181.1,182.0,180.0,180.7,1300
2012-11-28,184.7,184.8,184.7,184.7,100
2012-11-29,187.0,190.0,183.3,189.1,1750
2012-12-02,195.0,195.0,177.1,182.5,850
2012-12-03,188.0,188.0,181.0,184.5,100
2012-12-04,188.9,199.0,182.0,198.8,4900
2012-12-05,200.9,200.9,192.0,194.6,800
2012-12-06,198.5,198.5,186.1,190.8,350
2012-12-11,175.2,175.3,175.1,175.2,750
2012-12-12,180.1,180.2,180.1,180.1,200
2012-12-13,189.9,189.9,189.9,189.9,50
2012-12-17,180.3,180.3,180.2,180.2,150
2012-12-18,180.0,180.5,180.0,180.0,1000
2012-12-19,182.0,189.0,181.0,183.9,1450
2012-12-20,185.0,185.0,185.0,185.0,100
2012-12-23,189.9,189.9,189.9,189.9,50
2012-12-24,190.8,190.8,190.8,190.8,100
2012-12-26,182.1,190.7,182.0,184.0,1300
2012-12-27,189.0,189.0,189.0,189.0,200
2012-12-30,185.0,193.4,184.9,187.1,1950
2013-01-03,185.0,189.9,183.9,186.9,300
2013-01-06,178.1,178.1,178.1,178.1,50
2013-01-07,189.9,189.9,175.1,178.3,300
2013-01-09,179.9,184.9,179.9,183.1,200
2013-01-10,180.0,186.0,180.0,184.0,600
2013-01-13,189.0,192.0,189.0,190.0,150
2013-01-14,193.5,195.0,189.0,191.7,2000
2013-01-15,194.9,195.0,186.5,189.3,300
2013-01-16,190.0,190.0,187.6,189.2,300
2013-01-17,190.0,192.0,189.9,190.7,800
2013-01-20,189.0,189.5,188.0,188.7,450
2013-01-21,191.5,193.4,188.5,191.5,1550
2013-01-22,195.0,196.5,195.0,195.2,800
2013-01-23,198.0,198.0,191.0,194.1,250
2013-01-28,194.0,196.0,194.0,194.5,350
2013-01-29,194.7,194.9,193.0,194.6,600
2013-01-30,196.0,196.0,191.0,193.1,350
2013-01-31,195.9,196.0,195.9,195.9,450
2013-02-03,196.8,197.0,196.8,196.9,300
2013-02-04,190.0,190.0,189.0,189.1,300
2013-02-05,193.0,193.0,193.0,193.0,100
2013-02-06,196.0,197.0,196.0,196.3,150
2013-02-07,188.0,188.0,178.9,179.5,1750
2013-02-10,182.0,184.0,162.0,163.8,9100
2013-02-11,157.2,165.0,155.0,158.0,2900
2013-02-12,155.0,158.0,150.0,150.6,5950
2013-02-13,150.5,150.5,143.2,144.1,8050
2013-02-14,146.0,149.0,140.0,140.8,12550
2013-02-17,142.8,152.9,142.6,150.4,2950
2013-02-18,150.8,150.8,145.3,147.8,650
2013-02-19,146.4,146.4,142.4,144.2,2250
2013-02-20,144.9,145.0,140.0,141.5,3900
2013-02-24,139.0,139.0,135.0,136.2,1400
2013-02-25,134.1,134.1,132.1,133.3,750
2013-02-26,135.0,135.2,135.0,135.0,550
2013-02-27,135.5,135.5,126.0,130.2,1000
2013-02-28,135.3,135.3,122.1,126.1,1500
2013-03-03,123.1,123.1,114.0,114.9,1800
2013-03-04,122.0,122.0,113.3,114.5,350
2013-03-05,115.0,116.0,114.6,114.9,900
2013-03-06,112.1,113.0,112.1,112.3,600
2013-03-07,106.5,110.0,106.3,107.1,1200
2013-03-10,109.8,109.8,109.8,109.8,150
2013-03-11,106.0,106.0,104.0,105.0,750
2013-03-12,103.5,106.3,103.0,104.2,800
2013-03-13,109.9,110.0,106.5,109.4,1700
2013-03-14,108.0,108.0,107.0,107.6,500
2013-03-19,115.1,115.1,107.0,111.5,250
2013-03-20,105.7,105.7,105.5,105.6,100
2013-03-25,107.0,110.0,102.3,105.5,1050
2013-03-28,106.9,106.9,104.0,105.4,100
2013-03-31,106.0,106.0,102.5,103.8,300
2013-04-01,101.2,101.2,96.0,98.5,300
2013-04-02,105.0,105.0,92.5,97.5,300
2013-04-03,104.8,104.8,97.3,99.0,250
2013-04-04,99.0,99.0,96.0,97.6,250
2013-04-07,96.2,97.0,96.2,96.6,100
2013-04-08,100.0,103.7,100.0,101.6,400
2013-04-09,105.0,108.4,103.5,104.3,900
2013-04-10,106.3,107.9,102.3,104.7,400
2013-04-11,104.0,114.0,104.0,111.7,3100
2013-04-15,106.6,122.0,106.6,121.6,3350
2013-04-16,120.0,120.0,115.0,116.2,1450
2013-04-17,109.0,121.0,108.5,117.7,1950
2013-04-18,123.4,129.0,123.0,129.0,6550
2013-04-21,139.0,141.9,139.0,141.9,5100
2013-04-22,131.7,142.0,127.9,134.7,5250
2013-04-23,131.0,141.5,131.0,135.3,2750
2013-04-24,135.1,138.9,131.2,134.0,2000
2013-04-25,133.5,136.5,133.5,135.0,1600
2013-04-28,133.0,133.9,133.0,133.7,600
2013-04-29,137.0,147.0,137.0,146.8,10350
2013-04-30,149.9,153.5,142.1,147.9,2250
2013-05-02,148.8,162.6,148.3,161.1,7100
2013-05-05,176.8,176.8,165.5,170.9,4100
2013-05-06,170.0,170.0,160.0,164.1,3450
2013-05-07,165.0,174.9,164.5,169.9,7850
2013-05-08,165.0,165.0,153.0,154.5,3850
2013-05-09,140.1,164.9,140.0,161.2,2750
2013-05-12,161.0,161.0,152.5,154.1,2450
2013-05-13,151.0,151.0,146.0,148.9,1600
2013-05-14,142.5,148.9,138.0,141.1,6050
2013-05-15,145.0,152.0,145.0,151.2,2100
2013-05-16,152.0,155.8,150.1,153.0,1100
2013-05-19,159.9,159.9,145.0,145.8,1900
2013-05-20,140.2,146.9,140.2,144.0,1100
2013-05-21,144.0,144.0,143.5,143.6,250
2013-05-22,141.1,143.0,140.0,141.2,1700
2013-05-26,145.5,148.0,142.5,144.1,1900
2013-05-27,147.8,149.0,144.8,146.6,1300
2013-05-28,150.0,161.0,150.0,160.3,8850
2013-05-29,162.4,168.8,162.4,166.2,4950
2013-05-30,163.0,166.5,162.1,163.3,5000
2013-06-02,165.3,170.0,160.0,166.7,7400
2013-06-03,165.1,176.9,165.1,174.7,4500
2013-06-04,180.0,192.1,180.0,191.5,7050
2013-06-05,186.0,193.0,177.0,181.0,3150
2013-06-06,188.0,188.0,176.1,177.0,1650
2013-06-09,178.0,178.0,166.1,170.6,850
2013-06-10,180.0,180.0,175.0,178.0,550
2013-06-11,183.8,183.9,178.2,180.6,3700
2013-06-12,180.1,180.1,175.0,177.9,2750
2013-06-13,175.0,175.0,168.0,170.8,1550
2013-06-16,172.5,175.0,167.8,172.6,1600
2013-06-17,172.0,173.5,170.5,171.7,2900
2013-06-18,175.0,179.0,171.0,174.1,900
2013-06-19,183.0,183.0,169.5,174.8,900
2013-06-20,175.0,177.0,169.0,171.1,500
2013-06-23,171.0,171.0,163.0,165.1,850
2013-06-26,167.0,174.0,163.1,167.2,750
2013-06-27,164.2,165.0,163.6,163.8,2100
2013-06-30,161.0,162.0,156.5,158.9,1300
2013-07-02,159.0,160.0,158.2,159.0,6050
2013-07-03,160.0,164.0,160.0,161.8,450
2013-07-04,165.0,171.9,165.0,169.6,3500
2013-07-07,171.5,175.0,166.7,173.4,1800
2013-07-08,175.9,188.7,175.9,184.8,10500
2013-07-09,193.0,193.9,185.0,191.9,6100
2013-07-10,185.0,188.0,179.9,184.1,3500
2013-07-11,177.2,180.0,172.0,176.3,1600
2013-07-14,171.0,171.0,161.1,166.0,200
2013-07-15,162.3,165.0,161.5,162.1,1300
2013-07-16,168.0,168.0,151.0,161.2,2950
2013-07-17,167.0,168.0,156.0,161.6,2650
2013-07-18,175.0,175.0,158.0,164.2,1750
2013-07-21,152.4,156.3,152.4,154.6,2350
2013-07-22,151.1,153.0,151.1,151.5,350
2013-07-23,150.0,150.0,144.0,146.5,200
2013-07-24,150.0,157.4,144.0,150.0,500
2013-07-25,148.4,153.0,148.4,148.9,1000
2013-07-28,143.1,143.1,142.5,142.7,1000
2013-07-29,149.9,149.9,141.0,143.0,800
2013-07-30,140.5,142.0,140.0,140.3,1600
2013-07-31,139.5,143.0,138.5,140.2,800
2013-08-01,140.0,140.0,140.0,140.0,100
2013-08-04,130.1,140.0,130.0,134.9,1700
2013-08-05,130.5,130.5,130.5,130.5,100
2013-08-12,132.0,132.0,132.0,132.0,100
2013-08-13,136.5,140.0,133.0,136.9,1000
2013-08-14,137.1,137.1,137.1,137.1,50
2013-08-18,140.0,144.0,140.0,141.1,500
2013-08-19,138.5,155.0,138.5,148.9,1250
2013-08-20,160.0,163.7,160.0,162.2,3800
2013-08-21,172.0,173.0,166.2,171.7,3600
2013-08-22,169.7,170.0,165.6,169.7,3250
2013-08-25,175.0,186.5,174.0,186.2,6350
2013-08-26,187.7,187.8,176.7,181.1,2700
2013-08-27,189.0,189.0,171.0,175.8,2450
2013-08-29,177.5,177.8,172.1,176.5,1700
2013-09-01,188.0,189.0,182.1,185.8,3800
2013-09-02,176.2,176.2,176.1,176.1,350
2013-09-03,177.5,177.5,176.9,177.1,300
2013-09-04,180.0,180.0,172.1,177.8,2000
2013-09-05,171.6,172.5,169.0,172.1,750
2013-09-08,170.0,170.0,163.1,167.1,1000
2013-09-09,177.0,183.8,176.9,183.7,5200
2013-09-10,185.0,201.2,185.0,201.2,7400
2013-09-11,215.0,218.8,215.0,218.4,4250
2013-09-12,237.5,237.5,237.5,237.5,4250
2013-09-15,258.2,258.2,258.2,258.2,2500
2013-09-16,280.7,280.7,237.1,267.6,19500
2013-09-17,273.0,273.0,245.1,253.9,8450
2013-09-18,260.0,264.0,253.0,261.8,2650
2013-09-19,256.0,258.0,240.0,245.3,3350
2013-09-22,232.7,240.0,232.7,235.3,2000
2013-09-23,238.0,255.4,237.0,255.3,5550
2013-09-24,242.1,250.0,233.1,235.1,3750
2013-09-25,222.1,238.0,215.1,216.1,7500
2013-09-26,200.0,234.0,198.0,227.5,2350
2013-09-29,217.4,232.8,210.0,212.5,2750
2013-09-30,214.0,214.0,206.1,212.1,750
2013-10-01,204.3,204.3,204.3,204.3,100
2013-10-02,209.0,217.0,209.0,212.0,1250
2013-10-03,214.2,218.0,209.0,211.1,2350
2013-10-06,211.0,211.0,197.0,200.5,200
2013-10-08,188.0,188.0,183.0,185.4,700
2013-10-09,184.0,188.0,183.6,185.8,300
2013-10-10,171.0,171.0,170.0,170.5,100
2013-10-21,154.1,180.0,154.0,163.3,1050
2013-10-22,174.0,178.0,174.0,175.8,250
2013-10-23,191.0,191.0,185.0,188.9,1650
2013-10-24,175.1,177.2,175.1,175.8,450
2013-10-27,179.0,189.0,179.0,185.8,200
2013-10-28,188.2,188.2,180.0,184.1,500
2013-10-29,180.2,180.2,171.5,177.2,400
2013-10-31,185.0,185.0,169.6,172.8,600
2013-11-04,167.1,170.0,167.0,168.3,550
2013-11-05,178.0,178.0,170.1,172.7,350
2013-11-06,166.0,166.0,166.0,166.0,50
2013-11-07,161.0,166.0,161.0,162.8,1000
2013-11-10,175.0,175.0,161.0,168.6,350
2013-11-11,161.4,164.0,161.0,162.0,600
2013-11-12,165.0,172.0,165.0,166.8,400
2013-11-13,178.0,178.0,162.1,164.2,1000
2013-11-14,170.0,175.0,167.6,171.5,400
2013-11-17,162.0,175.0,162.0,166.3,150
2013-11-18,172.9,173.0,171.9,172.3,350
2013-11-19,171.0,180.0,170.4,176.8,2050
2013-11-20,185.0,190.0,182.2,186.1,1550
2013-11-21,185.0,188.0,175.1,179.6,850
2013-11-24,175.1,179.0,175.0,175.4,850
2013-11-25,136.0,158.2,136.0,155.1,4000
2013-11-26,155.0,157.6,148.4,152.2,1800
2013-11-27,150.0,156.5,150.0,154.8,400
2013-11-28,155.0,163.0,151.0,159.9,3550
2013-12-01,155.2,155.2,152.0,153.4,450
2013-12-02,154.2,163.9,154.2,158.4,1050
2013-12-03,156.0,161.9,156.0,159.2,2650
2013-12-05,174.5,174.5,160.0,164.0,950
2013-12-08,160.6,160.6,157.0,159.3,1700
2013-12-09,156.6,156.6,151.1,155.3,1150
2013-12-10,157.0,157.0,152.5,153.9,2800
2013-12-11,155.0,157.3,155.0,155.7,1600
2013-12-12,156.1,158.5,152.2,155.4,1600
2013-12-15,155.5,162.4,155.5,160.1,3000
2013-12-17,161.0,161.0,158.0,159.3,550
2013-12-18,159.3,159.3,155.2,156.2,800
2013-12-19,153.0,154.0,153.0,153.5,1400
2013-12-23,150.2,150.9,150.0,150.5,950
2013-12-24,150.3,150.5,150.0,150.4,1300
2013-12-26,156.5,156.5,156.5,156.5,150
2013-12-30,146.0,151.0,145.8,149.4,500
2014-01-01,151.0,151.0,136.0,145.7,350
2014-01-02,149.0,149.0,149.0,149.0,250
2014-01-06,144.0,144.0,134.1,138.6,1100
2014-01-07,133.0,138.0,132.3,133.6,1550
2014-01-08,121.1,133.2,121.1,132.1,1200
2014-01-09,138.0,142.0,137.0,140.6,2500
2014-01-12,140.7,143.5,140.7,142.7,700
2014-01-13,146.0,146.0,146.0,146.0,500
2014-01-19,149.9,150.0,149.9,149.9,350
2014-01-20,148.7,148.8,145.0,147.9,250
2014-01-21,148.8,148.9,142.0,143.2,1400
2014-01-22,145.1,145.1,145.1,145.1,100
2014-01-23,145.0,146.0,144.0,145.2,250
2014-01-27,145.0,145.0,145.0,145.0,50
2014-01-28,137.3,137.3,137.3,137.3,50
2014-01-29,146.0,146.0,146.0,146.0,50
2014-01-30,142.0,146.9,142.0,142.8,700
2014-02-02,143.2,143.2,142.0,142.5,250
2014-02-03,142.5,146.8,140.1,143.9,900
2014-02-05,143.9,143.9,143.9,143.9,50
2014-02-06,145.0,145.0,140.0,142.3,1500
2014-02-10,130.8,142.0,130.8,138.2,300
2014-02-11,143.0,143.2,138.2,141.1,250
2014-02-12,144.9,145.0,144.9,144.9,200
2014-02-13,159.3,159.3,159.3,159.3,2850
2014-02-16,175.2,175.2,175.2,175.2,3500
2014-02-17,192.7,192.7,192.7,192.7,5000
2014-02-18,198.5,208.9,182.1,187.8,3450
2014-02-19,178.0,185.0,178.0,181.7,3950
2014-02-20,182.1,182.1,176.5,177.7,1850
2014-02-25,175.2,177.9,175.2,177.1,1100
2014-02-26,175.2,175.2,175.1,175.1,350
2014-02-27,180.0,183.0,176.1,179.5,1100
2014-03-02,178.0,179.1,178.0,178.0,650
2014-03-03,173.0,175.0,173.0,173.7,200
2014-03-04,171.0,171.0,166.0,167.2,400
2014-03-05,162.3,162.5,156.0,161.0,450
2014-03-06,163.0,163.0,162.0,162.2,200
2014-03-09,170.0,178.3,170.0,177.9,2750
2014-03-10,187.3,190.9,178.5,183.1,2200
2014-03-11,190.0,190.0,179.5,182.5,2100
2014-03-12,180.0,180.0,174.3,177.3,1150
2014-03-13,183.9,183.9,177.5,179.2,200
2014-03-16,170.8,173.0,170.5,171.5,1300
2014-03-19,179.0,179.1,171.0,173.3,750
2014-03-20,182.0,182.0,175.4,180.2,1150
2014-03-23,185.0,192.8,184.0,191.3,5250
2014-03-24,185.0,188.8,181.7,184.4,2200
2014-03-25,183.0,184.0,181.0,182.5,650
2014-03-27,187.6,187.6,179.2,182.0,750
2014-03-30,185.0,185.0,178.0,181.6,1300
2014-03-31,180.0,180.0,174.0,176.6,250
2014-04-01,177.0,177.0,174.0,176.0,150
2014-04-02,178.0,179.9,175.0,177.7,600
2014-04-06,162.0,192.0,162.0,181.2,250
2014-04-07,186.7,194.9,175.7,183.8,3400
2014-04-08,180.0,190.0,177.0,180.8,1400
2014-04-09,177.0,177.0,176.0,176.5,300
2014-04-10,189.0,190.0,178.0,181.0,2350
2014-04-15,177.5,178.0,177.0,177.6,2000
2014-04-16,178.0,178.0,178.0,178.0,50
2014-04-17,178.0,180.0,169.3,175.0,1000
2014-04-20,175.1,175.7,175.1,175.3,150
2014-04-21,176.0,176.0,170.3,173.6,950
2014-04-22,175.6,175.6,173.0,174.2,550
2014-04-23,170.6,171.0,164.0,169.0,1550
2014-04-24,162.7,162.7,162.1,162.4,100
2014-04-27,160.0,160.0,146.2,152.7,1850
2014-04-28,140.1,150.0,140.1,145.5,550
2014-04-29,140.5,140.5,140.5,140.5,50
2014-04-30,145.0,145.0,144.9,144.9,350
2014-05-04,135.2,135.2,135.0,135.1,850
2014-05-05,130.0,147.0,130.0,140.0,150
2014-05-06,131.0,137.5,130.6,132.3,700
2014-05-07,142.0,145.0,137.2,141.4,500
2014-05-08,144.0,145.0,138.0,144.1,600
2014-05-11,149.9,149.9,149.9,149.9,50
2014-05-12,149.9,149.9,148.9,149.4,100
2014-05-14,148.0,150.0,148.0,149.4,750
2014-05-19,145.0,145.0,145.0,145.0,50
2014-05-21,135.5,135.5,135.5,135.5,800
2014-05-22,137.1,137.1,135.5,136.0,1550
2014-05-25,135.0,135.0,133.1,134.5,450
2014-05-26,135.0,136.0,133.5,134.1,800
2014-05-27,134.0,134.3,133.1,133.6,1150
2014-05-28,125.6,129.5,124.9,126.0,1450
2014-05-29,128.0,134.0,128.0,132.8,250
2014-06-02,133.0,133.0,130.0,131.6,750
2014-06-03,125.2,135.0,125.0,133.7,1150
2014-06-04,132.0,132.0,130.0,130.4,1000
2014-06-05,134.0,135.0,134.0,134.6,150
2014-06-08,130.0,130.0,126.2,127.0,250
2014-06-09,130.8,131.0,130.8,130.9,300
2014-06-10,131.5,135.0,131.5,132.8,150
2014-06-12,128.1,128.1,128.1,128.1,50
2014-06-15,127.0,134.8,127.0,128.0,600
2014-06-16,127.2,129.0,127.0,127.6,350
2014-06-18,133.0,133.0,133.0,133.0,100
2014-06-19,135.0,135.0,135.0,135.0,50
2014-06-22,125.1,125.1,125.1,125.1,50
2014-06-23,125.0,125.0,125.0,125.0,100
2014-06-25,136.6,136.6,133.7,135.1,100
2014-06-29,130.2,130.2,130.0,130.0,400
2014-06-30,126.1,126.1,126.1,126.1,50
2014-07-03,125.0,125.1,124.0,124.5,1150
2014-07-06,124.1,124.1,122.0,123.0,500
2014-07-07,119.1,128.0,119.0,120.3,1200
2014-07-08,120.2,120.2,120.0,120.1,550
2014-07-10,120.0,127.7,120.0,121.2,850
2014-07-13,118.7,118.7,118.1,118.3,500
2014-07-14,120.0,120.0,120.0,120.0,150
2014-07-17,118.2,120.0,118.2,118.8,300
2014-07-20,120.0,120.0,120.0,120.0,200
2014-07-21,122.0,122.0,122.0,122.0,50
2014-07-22,122.0,122.0,122.0,122.0,2800
2014-07-23,134.2,134.2,134.2,134.2,200
2014-07-24,147.6,147.6,147.6,147.6,5750
2014-08-03,148.0,148.0,140.0,143.6,400
2014-08-04,140.0,140.0,140.0,140.0,500
2014-08-05,135.0,140.0,135.0,135.4,550
2014-08-06,135.0,138.0,135.0,135.9,450
2014-08-07,136.3,138.0,136.2,136.6,300
2014-08-10,135.3,135.3,135.3,135.3,300
2014-08-11,130.0,130.0,129.5,129.6,500
2014-08-12,130.0,137.4,128.0,131.3,200
2014-08-13,131.0,136.0,131.0,131.4,550
2014-08-14,130.0,130.3,130.0,130.3,1250
2014-08-18,132.0,132.0,125.1,130.0,750
2014-08-19,135.0,135.0,127.5,130.1,150
2014-08-21,130.0,130.1,125.2,128.7,550
2014-08-25,133.0,133.0,133.0,133.0,100
2014-08-26,132.0,132.0,132.0,132.0,50
2014-08-27,130.5,135.0,130.2,131.9,150
2014-08-28,128.3,128.3,128.3,128.3,50
2014-09-01,127.0,127.0,126.1,126.7,650
2014-09-02,131.5,131.5,126.7,127.8,450
2014-09-03,130.0,133.0,128.3,131.0,350
2014-09-07,138.9,138.9,127.4,131.5,450
2014-09-08,130.0,130.0,129.0,129.9,1800
2014-09-09,129.0,132.9,128.6,130.2,350
2014-09-10,130.0,132.0,130.0,131.4,250
2014-09-11,133.0,134.0,131.4,132.5,800
2014-09-14,135.5,136.0,134.0,134.9,2050
2014-09-15,134.6,136.0,134.5,134.9,200
2014-09-16,136.1,142.0,136.1,139.0,800
2014-09-17,137.0,139.0,137.0,138.5,400
2014-09-18,138.0,139.8,138.0,138.8,1000
2014-09-21,137.5,139.1,137.0,138.0,1150
2014-09-22,139.0,139.0,138.8,138.8,700
2014-09-23,139.0,145.0,138.0,140.7,1600
2014-09-24,143.0,150.0,143.0,146.1,950
2014-09-25,158.0,159.8,158.0,158.5,500
2014-09-28,162.0,162.5,159.0,161.3,800
2014-09-29,47.7926,47.7926,47.7926,47.7926,0
2014-09-30,150.0,150.0,145.2,146.1,950
2014-10-01,135.5,139.0,135.5,137.8,1500
2014-10-02,135.0,141.0,135.0,138.8,550
2014-10-12,139.3,139.5,139.2,139.3,200
2014-10-13,135.2,140.0,135.2,137.6,100
2014-10-20,126.4,126.4,126.4,126.4,200
2014-10-21,139.0,139.0,139.0,139.0,50
2014-10-22,140.0,140.0,140.0,140.0,150
2014-10-23,130.2,140.0,130.2,135.1,200
2014-10-27,135.0,135.0,135.0,135.0,100
2014-10-29,140.0,148.5,140.0,147.9,1900
2014-10-30,158.0,158.0,146.0,151.9,900
2014-11-02,157.0,157.0,142.0,150.1,700
2014-11-05,161.9,161.9,161.9,161.9,200
2014-11-06,152.0,155.0,147.0,149.1,1950
2014-11-09,134.4,149.9,134.3,138.9,600
2014-11-11,152.0,152.0,145.0,149.5,200
2014-11-12,149.8,149.8,149.8,149.8,50
2014-11-13,156.0,156.0,146.5,148.5,1700
2014-11-16,157.8,163.3,152.0,156.7,6050
2014-11-17,165.0,167.0,156.0,158.5,3750
2014-11-18,200.0,250.0,198.0,225.6,35500
2014-11-19,245.0,245.0,218.0,228.6,14050
2014-11-20,231.0,231.0,210.1,212.6,2750
2014-11-23,200.0,200.0,194.0,195.1,2650
2014-11-24,208.9,210.5,195.0,202.1,3550
2014-11-25,214.0,219.7,214.0,219.2,15350
2014-11-26,211.1,227.0,209.6,214.8,3700
2014-11-27,214.0,216.8,203.0,205.6,3750
2014-11-30,205.0,205.0,190.0,191.3,5350
2014-12-01,186.0,199.9,185.1,194.2,7300
2014-12-02,196.2,207.0,196.2,204.6,6550
2014-12-03,205.0,209.8,201.0,206.0,6300
2014-12-04,200.1,224.0,200.1,223.8,11750
2014-12-07,231.0,237.0,221.3,225.4,14950
2014-12-09,223.9,226.5,214.0,220.3,1850
2014-12-10,219.0,220.0,210.3,215.1,1600
2014-12-11,215.0,220.0,203.5,206.7,499
2014-12-14,203.0,209.1,200.0,202.6,1111
2014-12-15,215.0,220.0,210.0,220.0,1330
2014-12-17,239.0,239.0,216.0,224.4,619
2014-12-18,231.0,231.0,208.3,211.1,258
2014-12-21,215.0,217.0,208.2,212.9,112
2014-12-22,223.0,223.0,215.0,215.7,11
2014-12-23,219.0,220.0,214.9,219.5,1472
2014-12-24,220.0,221.0,220.0,220.9,850
2014-12-28,234.5,234.5,211.0,215.2,259
2014-12-29,225.0,225.0,208.0,215.9,277
2014-12-30,210.0,214.7,205.0,209.4,1241
2015-01-01,205.0,220.0,205.0,214.8,349
2015-01-05,225.0,225.0,225.0,225.0,1
2015-01-06,224.5,224.5,224.5,224.5,5
2015-01-07,215.0,220.0,215.0,219.0,1060
2015-01-08,218.0,220.0,212.7,216.7,401
2015-01-11,229.0,229.0,216.0,220.5,1525
2015-01-12,221.1,239.8,221.1,239.7,7714
2015-01-13,260.0,260.7,260.0,260.7,6444
2015-01-14,270.0,283.5,256.0,275.5,7969
2015-01-15,286.1,299.6,280.0,281.7,5734
2015-01-18,290.0,290.0,275.0,281.3,5966
2015-01-19,293.3,293.3,261.0,267.9,2577
2015-01-20,280.0,280.0,245.0,245.3,1863
2015-01-21,250.0,250.0,226.0,230.3,2393
2015-01-22,240.0,250.5,239.0,249.0,708
2015-01-25,270.8,270.8,270.8,270.8,10064
2015-01-26,294.0,294.5,264.2,266.6,14880
2015-01-27,264.0,267.7,250.1,253.6,4725
2015-01-28,250.5,265.8,246.0,251.6,3949
2015-01-29,244.1,255.0,234.0,238.0,4308
2015-02-01,235.0,235.0,217.2,218.9,5681
2015-02-02,207.6,224.9,200.0,217.7,3587
2015-02-03,229.9,232.0,214.5,226.2,3530
2015-02-04,229.5,230.0,218.0,219.1,4272
2015-02-05,215.5,215.5,199.9,203.4,14779
2015-02-08,201.0,205.1,192.0,197.5,3298
2015-02-09,204.4,204.5,190.0,191.2,4029
2015-02-10,191.5,194.0,180.0,182.3,6339
2015-02-11,184.0,196.0,182.6,193.5,2841
2015-02-12,195.1,196.5,181.0,185.6,7393
2015-02-15,182.1,194.1,182.1,191.2,3062
2015-02-16,194.0,204.9,190.0,193.2,8206
2015-02-17,195.9,198.9,193.4,194.9,2661
2015-02-18,192.3,194.4,185.7,187.0,3295
2015-02-19,187.2,190.9,182.2,183.2,7756
2015-02-22,189.0,192.2,184.6,190.6,6123
2015-02-23,193.0,193.9,188.5,193.0,8696
2015-02-24,192.9,194.5,185.2,188.5,5385
2015-02-25,190.5,190.5,185.0,185.3,6673
2015-02-26,186.9,198.9,186.8,197.0,14077
2015-03-01,199.0,209.7,198.0,208.0,10156
2015-03-02,202.0,202.2,191.0,192.6,8210
2015-03-03,206.5,206.5,184.0,185.8,6340
2015-03-04,194.0,194.0,185.2,186.9,1890
2015-03-05,188.6,190.5,184.6,185.3,2817
2015-03-08,186.0,187.0,182.5,184.2,5615
2015-03-09,192.0,192.0,185.0,185.4,962
2015-03-10,192.0,192.0,182.5,183.1,3206
2015-03-11,183.3,184.0,178.1,180.6,4007
2015-03-12,181.2,187.0,181.0,185.9,6607
2015-03-15,192.0,203.4,192.0,203.4,19482
2015-03-16,208.5,215.0,190.0,195.3,12515
2015-03-18,204.9,204.9,187.5,192.7,6163
2015-03-19,193.0,193.0,190.7,191.5,3050
2015-03-22,196.5,201.9,192.1,193.8,5885
2015-03-23,197.9,197.9,189.2,190.1,4075
2015-03-24,195.9,199.0,187.0,187.4,7096
2015-03-25,189.0,194.0,186.0,190.4,2364
2015-03-29,194.0,195.0,187.0,189.4,5767
2015-03-30,189.1,190.0,185.0,187.9,5674
2015-03-31,190.0,190.0,185.0,187.5,4101
2015-04-01,185.1,187.3,184.5,185.3,4872
2015-04-02,186.7,187.0,182.3,183.4,2422
2015-04-05,182.0,182.0,181.0,181.3,2000
2015-04-06,182.8,183.1,167.8,172.1,2877
2015-04-07,173.0,173.0,165.2,165.4,1000
2015-04-08,167.4,173.9,160.0,170.0,3194
2015-04-09,167.8,170.0,165.0,166.0,3095
2015-04-12,160.2,169.0,158.3,162.8,1366
2015-04-13,157.0,164.5,157.0,160.9,773
2015-04-15,167.8,171.9,164.0,168.0,1214
2015-04-16,172.0,177.0,171.8,175.1,4880
2015-04-19,175.0,179.0,172.0,175.9,4315
2015-04-20,171.0,175.5,170.2,174.0,4610
2015-04-21,167.6,175.0,167.6,172.8,2280
2015-04-22,182.0,190.0,182.0,189.8,10215
2015-04-23,196.0,207.3,196.0,207.3,30407
2015-04-26,222.0,225.4,205.0,211.7,12572
2015-04-27,207.2,230.2,207.2,229.9,18730
2015-04-29,215.1,238.9,215.0,231.6,6621
2015-04-30,234.6,251.8,231.0,251.8,23579
2015-05-04,273.0,273.8,258.0,271.9,11178
2015-05-05,275.0,280.0,253.1,262.1,5656
2015-05-06,252.2,282.0,250.0,269.6,10447
2015-05-07,269.1,288.0,261.2,268.8,7281
2015-05-10,273.9,275.0,255.7,260.0,5923
2015-05-11,256.1,270.0,253.0,267.3,6512
2015-05-12,274.0,274.0,255.3,260.1,3244
2015-05-13,257.2,267.4,255.0,258.2,2518
2015-05-14,264.5,264.5,251.5,254.7,1640
2015-05-17,268.0,268.0,242.0,249.5,1257
2015-05-18,253.9,253.9,238.0,242.1,2269
2015-05-19,259.0,259.0,226.0,235.4,4302
2015-05-20,254.0,254.9,240.0,242.6,1404
2015-05-21,255.0,255.0,236.5,241.0,1981
2015-05-24,254.0,254.0,233.0,247.7,85
2015-05-25,234.0,247.9,233.8,236.1,2011
2015-05-26,245.0,245.6,238.0,244.8,3105
2015-05-27,245.0,245.0,230.0,236.7,10319
2015-05-28,247.5,256.0,245.0,250.2,6658
2015-05-31,251.0,251.0,235.0,240.7,5899
2015-06-01,248.7,248.7,225.0,233.9,3197
2015-06-02,243.0,243.0,220.0,225.2,1070
2015-06-04,226.0,226.0,210.0,214.8,2393
2015-06-07,225.0,225.0,211.0,221.4,1159
2015-06-08,229.5,240.0,226.5,236.8,5020
2015-06-09,235.2,239.0,225.2,232.1,1751
2015-06-10,235.0,235.0,221.6,224.2,2080
2015-06-11,240.0,240.0,222.0,224.2,1135
2015-06-14,225.0,235.0,225.0,226.6,2705
2015-06-15,234.9,234.9,220.0,224.2,1715
2015-06-16,221.0,229.9,220.0,229.5,3732
2015-06-17,224.0,235.0,224.0,229.6,2696
2015-06-18,237.0,237.0,228.0,229.0,1200
2015-06-21,227.0,230.0,225.0,226.5,2251
2015-06-22,235.0,235.0,228.0,229.7,790
2015-06-23,235.0,239.9,231.0,233.9,2160
2015-06-24,230.0,248.0,230.0,241.9,1679
2015-06-25,235.0,247.0,235.0,244.1,2179
2015-06-28,240.0,249.0,240.0,245.0,300
2015-06-29,253.0,253.0,249.7,250.2,2760
2015-06-30,262.0,262.0,250.0,250.9,1374
2015-07-02,259.0,259.0,245.0,246.4,1905
2015-07-05,256.0,256.0,246.0,249.6,5111
2015-07-06,255.9,256.0,244.0,250.6,4390
2015-07-07,250.0,260.0,246.0,249.3,3185
2015-07-08,260.0,260.0,250.0,251.8,410
2015-07-09,259.1,259.9,245.0,254.7,2549
2015-07-12,260.0,274.0,260.0,269.7,3384
2015-07-13,271.3,275.0,268.0,270.5,617
2015-07-14,270.0,270.0,264.0,265.5,1069
2015-07-21,272.9,272.9,262.1,262.6,200
2015-07-22,261.0,265.0,250.0,257.7,1863
2015-07-23,253.0,260.0,243.0,250.5,645
2015-07-26,264.0,270.0,255.0,261.0,3510
2015-07-27,260.0,282.0,260.0,279.7,11129
2015-07-28,294.0,294.0,270.3,279.5,5843
2015-07-29,275.0,275.0,266.0,270.1,1522
2015-07-30,293.7,293.7,276.0,293.7,30446
2015-08-02,319.4,319.4,314.3,318.8,22331
2015-08-03,325.0,346.7,320.0,346.7,34678
2015-08-04,376.0,377.0,331.0,349.5,21963
2015-08-05,350.0,376.0,340.3,371.0,20369
2015-08-06,370.0,403.0,363.1,403.0,17172
2015-08-09,385.0,438.0,385.0,438.0,23435
2015-08-10,412.5,476.3,412.5,475.4,21457
2015-08-11,470.0,485.0,447.0,471.3,27284
2015-08-12,445.0,490.0,441.0,452.1,13753
2015-08-13,435.0,465.0,427.2,435.2,11260
2015-08-16,435.0,447.5,415.0,430.7,12118
2015-08-17,420.0,438.0,412.0,431.7,11691
2015-08-18,420.0,442.0,397.0,408.2,18049
2015-08-19,419.0,419.0,392.0,398.5,6749
2015-08-20,405.0,422.0,391.2,401.4,9565
2015-08-23,410.0,412.0,384.0,388.1,4860
2015-08-24,396.0,396.0,385.0,385.2,2491
2015-08-25,388.0,395.9,361.0,379.0,5508
2015-08-26,385.0,407.8,385.0,399.7,5365
2015-08-27,399.0,418.0,386.0,397.2,3050
2015-08-30,398.0,425.9,395.0,407.5,14047
2015-08-31,407.5,412.9,399.0,401.1,3671
2015-09-01,400.0,414.0,384.0,400.2,8694
2015-09-02,402.2,434.8,402.2,426.7,17381
2015-09-03,439.0,462.0,428.0,457.6,18550
2015-09-06,455.0,455.0,425.0,429.5,12763
2015-09-07,415.0,449.0,411.0,419.9,12088
2015-09-08,415.0,435.5,415.0,416.9,3818
2015-09-09,410.0,428.0,410.0,422.3,3251
2015-09-10,416.2,424.9,400.0,408.9,3666
2015-09-13,401.0,422.0,396.0,398.0,8269
2015-09-14,394.0,422.7,394.0,403.3,3362
2015-09-15,400.0,420.0,398.0,407.8,7666
2015-09-16,401.0,416.9,395.1,401.0,3879
2015-09-17,400.0,413.0,388.0,390.5,6995
2015-09-20,400.0,400.0,391.0,393.3,1861
2015-09-21,391.0,398.8,391.0,393.3,3550
2015-09-22,400.0,413.0,400.0,409.3,3216
2015-09-28,407.0,407.0,397.0,398.4,945
2015-09-29,395.5,407.0,395.0,399.7,4685
2015-09-30,399.0,411.0,397.0,398.1,4161
2015-10-01,398.8,402.2,398.5,401.1,1693
2015-10-04,400.1,408.0,399.0,402.5,1377
2015-10-05,400.1,409.0,396.0,398.0,3057
2015-10-06,398.0,410.0,395.0,396.7,1532
2015-10-07,404.0,404.0,384.0,385.6,1775
2015-10-08,387.0,393.9,381.0,383.4,969
2015-10-11,378.7,382.0,376.0,377.3,1312
2015-10-12,388.0,392.0,365.0,369.0,855
2015-10-13,380.0,388.0,380.0,384.2,60
2015-10-14,388.0,390.0,376.0,377.7,619
2015-10-15,374.0,387.4,374.0,382.6,1724
2015-10-18,376.0,376.0,374.0,375.0,215
2015-10-19,376.0,376.8,366.8,371.0,1339
2015-10-20,371.3,385.0,371.3,380.0,887
2015-10-21,376.0,386.0,375.1,384.6,185
2015-10-25,385.0,392.0,377.0,384.8,2449
2015-10-26,388.0,394.5,385.6,392.1,2298
2015-10-27,390.0,395.0,388.9,392.9,3303
2015-10-28,392.3,426.6,392.3,409.2,9576
2015-10-29,409.5,445.0,409.5,445.0,20677
2015-11-01,460.0,483.9,455.1,459.8,25711
2015-11-02,476.0,476.0,445.8,452.0,11059
2015-11-03,453.0,465.0,434.5,438.1,7434
2015-11-04,447.0,467.9,445.5,452.5,9898
2015-11-05,472.0,472.0,445.7,449.7,6752
2015-11-08,445.0,446.8,425.1,433.0,9550
2015-11-09,444.0,444.0,395.4,400.6,8521
2015-11-10,414.0,427.9,412.5,419.1,4779
2015-11-11,432.0,455.7,425.5,455.4,19420
2015-11-12,473.0,473.0,441.0,443.2,7857
2015-11-15,440.0,444.7,422.0,429.5,9106
2015-11-16,445.0,458.0,421.1,445.1,15106
2015-11-17,445.0,466.0,440.0,459.5,15241
2015-11-18,410.0,420.0,392.6,401.6,19076
2015-11-19,400.0,417.5,389.1,395.0,14181
2015-11-22,404.8,404.9,393.0,396.6,6040
2015-11-23,413.0,413.0,366.5,370.1,12406
2015-11-24,380.0,380.0,355.0,359.4,4535
2015-11-25,366.3,366.3,331.0,332.8,11030
2015-11-26,331.5,342.0,318.0,326.5,9026
2015-11-29,331.0,352.0,330.0,334.4,9711
2015-11-30,335.1,345.9,331.8,333.7,4234
2015-12-01,336.0,341.0,333.0,335.0,10787
2015-12-02,343.0,343.0,330.1,332.1,5604
2015-12-03,339.9,339.9,320.0,323.8,5548
2015-12-06,320.0,324.0,300.0,303.0,11805
2015-12-07,306.0,324.0,305.0,313.9,12541
2015-12-09,312.3,339.9,312.3,329.8,11006
2015-12-10,339.0,340.9,326.0,336.6,12810
2015-12-13,338.9,338.9,314.0,319.9,7105
2015-12-14,326.0,338.5,310.0,314.2,7601
2015-12-15,326.0,326.0,315.3,321.3,1197
2015-12-17,323.9,323.9,312.5,316.4,3306
2015-12-20,325.0,344.0,325.0,344.0,13157
2015-12-21,355.1,362.0,338.0,345.2,17699
2015-12-22,345.6,347.0,335.1,339.0,9410
2015-12-23,335.0,341.9,329.2,330.4,2868
2015-12-24,346.4,346.4,331.0,332.2,2915
2015-12-27,332.0,335.0,325.5,328.8,2764
2015-12-28,330.0,335.0,324.0,325.3,4529
2015-12-29,328.0,328.0,315.1,319.4,5912
2015-12-30,320.1,326.9,315.3,315.7,2865
2015-12-31,315.0,321.0,315.0,315.2,1959
2016-01-03,321.0,321.0,316.0,320.2,3125
2016-01-04,321.1,324.0,321.0,322.7,2655
2016-01-05,327.0,330.0,321.0,323.3,3737
2016-01-06,324.3,327.0,322.2,323.1,3173
2016-01-07,320.1,326.8,318.4,319.8,2575
2016-01-10,319.1,322.0,314.1,316.2,4787
2016-01-11,318.0,320.0,312.2,316.0,2075
2016-01-12,313.6,317.0,313.6,314.0,1596
2016-01-13,312.3,313.9,306.7,309.5,3242
2016-01-14,311.3,315.6,300.0,301.8,3476
2016-01-17,300.0,328.0,300.0,318.2,3012
2016-01-18,317.4,325.0,314.5,318.6,5360
2016-01-19,319.0,325.0,313.1,317.1,5098
2016-01-20,315.5,317.0,312.1,313.5,3311
2016-01-21,312.0,316.0,307.1,312.3,3989
2016-01-24,315.7,339.0,315.6,339.0,5494
2016-01-25,365.0,368.6,332.0,354.1,38685
2016-01-26,352.0,367.9,347.0,350.8,7609
2016-01-27,347.1,357.0,347.0,350.0,4398
2016-01-28,352.5,352.8,339.0,341.5,5018
2016-01-31,336.3,337.3,318.1,323.0,8561
2016-02-01,329.0,351.2,329.0,351.2,6864
2016-02-02,375.0,381.9,360.1,381.9,18744
2016-02-03,395.0,415.3,381.1,415.3,23795
2016-02-04,430.0,451.6,430.0,451.6,24915
2016-02-07,479.0,491.1,450.1,490.2,35535
2016-02-08,497.0,533.0,497.0,515.3,30912
2016-02-09,510.0,544.0,488.0,520.4,21903
2016-02-10,555.0,559.4,543.0,559.4,14880
2016-02-11,599.0,599.0,560.0,564.9,24556
2016-02-14,607.2,607.2,607.2,607.2,3840
2016-02-15,652.7,652.7,631.0,652.7,87873
2016-02-16,701.6,701.6,607.0,626.3,20715
2016-02-17,620.0,649.6,585.0,597.2,22169
2016-02-18,570.0,611.0,552.5,554.8,16870
2016-02-22,545.1,595.8,545.0,588.5,10842
2016-02-23,588.0,599.9,544.4,544.6,17911
2016-02-24,544.5,558.0,505.1,511.9,17864
2016-02-25,516.0,543.0,516.0,520.2,5065
2016-02-28,534.0,559.2,518.5,559.2,16096
2016-02-29,582.9,593.0,545.6,557.6,12129
2016-03-01,558.0,563.0,540.0,547.7,8216
2016-03-02,535.5,554.5,525.0,532.8,3248
2016-03-03,551.5,551.5,525.0,528.2,1529
2016-03-06,557.0,567.8,543.9,567.8,4912
2016-03-07,591.1,610.3,574.2,610.3,17069
2016-03-08,610.3,648.9,605.0,623.7,18238
2016-03-09,635.0,635.0,586.0,595.3,16051
2016-03-10,604.9,630.0,601.0,612.0,14708
2016-03-13,610.0,614.7,580.0,583.2,8321
2016-03-14,581.9,620.0,581.9,590.2,11790
2016-03-15,608.0,608.9,592.2,593.0,3704
2016-03-16,590.1,590.2,576.0,581.8,7334
2016-03-20,578.0,589.5,555.4,559.2,7044
2016-03-21,560.0,593.9,560.0,580.4,3615
2016-03-22,594.0,617.0,585.5,608.6,10038
2016-03-23,614.0,654.2,608.4,654.2,31600
2016-03-24,661.1,685.0,646.0,658.2,17577
2016-03-27,665.0,707.5,665.0,707.5,20676
2016-03-28,713.8,760.5,713.8,756.2,23820
2016-03-29,756.0,776.0,740.0,741.9,16893
2016-03-30,736.0,773.9,735.0,752.1,11317
2016-03-31,763.0,779.8,745.1,769.6,6247
2016-04-03,760.0,795.0,760.0,768.3,6925
2016-04-04,777.0,777.0,732.1,737.3,13151
2016-04-05,749.0,749.0,705.0,709.5,15406
2016-04-06,710.0,729.5,700.0,712.3,7788
2016-04-07,724.9,755.0,716.6,742.1,12255
2016-04-10,753.9,797.7,753.8,797.7,14473
2016-04-11,820.0,857.5,807.3,818.2,18276
2016-04-12,820.1,845.0,809.1,824.4,11184
2016-04-13,859.0,886.2,850.0,886.2,18739
2016-04-17,909.9,930.0,897.0,912.3,16529
2016-04-18,903.1,950.0,880.0,900.2,24440
2016-04-19,916.0,924.9,870.0,873.2,14601
2016-04-20,894.8,938.6,894.5,938.6,13030
2016-04-21,969.0,1009.0,969.0,1009.0,12147
2016-04-24,1040.0,1072.0,1020.0,1031.1,25019
2016-04-25,1081.0,1095.5,1033.0,1095.5,21076
2016-04-26,1140.0,1163.9,1077.0,1145.4,46631
2016-04-27,1160.0,1160.0,1073.9,1073.9,10325
2016-04-28,1009.0,1120.0,1006.8,1007.9,30638
2016-05-02,971.0,1014.0,945.0,975.1,11911
2016-05-03,980.0,1040.0,980.0,1007.2,14253
2016-05-04,960.0,1009.0,950.0,954.9,11041
2016-05-05,973.0,973.0,883.5,886.7,13028
2016-05-08,926.9,926.9,846.4,858.1,9384
2016-05-09,856.2,878.0,815.0,849.9,10453
2016-05-10,859.0,913.6,859.0,913.6,8613
2016-05-11,925.0,982.1,925.0,946.5,17296
2016-05-12,969.7,970.0,900.0,906.0,5074
2016-05-15,900.0,935.0,876.1,904.2,5082
2016-05-16,915.0,950.0,907.0,941.7,4716
2016-05-17,931.1,965.0,931.1,939.0,8260
2016-05-18,919.0,939.0,899.0,912.5,5821
2016-05-19,920.0,930.0,911.0,917.0,3003
2016-05-22,895.0,928.0,895.0,912.1,2846
2016-05-24,916.0,944.0,907.0,912.1,6134
2016-05-25,926.0,935.0,909.7,931.4,3707
2016-05-26,934.7,942.5,917.1,921.6,2492
2016-05-29,920.0,927.9,904.1,906.7,3930
2016-05-30,903.1,924.8,900.0,907.9,5720
2016-05-31,920.0,970.0,920.0,949.0,15637
2016-06-01,956.9,956.9,920.1,923.8,4107
2016-06-02,922.3,931.9,911.1,915.5,9929
2016-06-05,938.0,938.0,912.0,916.1,3539
2016-06-06,929.9,929.9,907.0,908.4,4300
2016-06-07,900.3,906.8,881.0,892.9,9453
2016-06-08,907.9,915.0,888.4,909.4,2505
2016-06-09,917.9,919.0,893.7,905.3,2202
2016-06-12,909.0,909.0,887.0,890.4,5772
2016-06-13,890.4,897.5,860.0,872.7,10072
2016-06-14,879.9,879.9,845.0,846.9,4556
2016-06-15,836.6,844.2,815.1,823.5,5180
2016-06-16,828.0,828.0,790.5,808.0,9027
2016-06-19,841.9,853.0,800.5,838.1,4831
2016-06-20,838.3,846.0,823.6,830.3,1140
2016-06-21,830.0,830.0,818.0,821.7,2162
2016-06-22,823.9,832.8,820.0,824.2,2088
2016-06-23,812.0,865.9,812.0,822.5,2198
2016-06-26,815.0,833.9,811.0,817.2,758
2016-06-27,808.0,840.0,808.0,837.2,1546
2016-06-28,840.0,899.9,835.0,897.8,10585
2016-06-29,915.0,934.0,895.0,914.4,6671
2016-06-30,928.0,928.0,895.2,909.5,2457
2016-07-10,916.9,916.9,887.0,893.2,1004
2016-07-11,882.3,960.0,881.0,958.9,12593
2016-07-12,965.0,979.7,949.0,958.4,4220
2016-07-13,960.0,1018.0,957.0,998.7,11441
2016-07-14,1015.0,1073.6,1000.0,1073.6,17915
2016-07-16,1099.0,1137.9,1085.0,1130.1,28615
2016-07-17,1121.0,1134.9,1102.3,1120.6,6831
2016-07-18,1112.0,1190.6,1112.0,1189.6,19785
2016-07-19,1201.4,1223.0,1151.0,1180.1,10212
2016-07-20,1190.0,1235.0,1172.6,1197.5,14979
2016-07-21,1195.0,1195.0,1122.7,1131.1,10240
2016-07-24,1118.0,1155.0,1090.0,1125.9,11986
2016-07-25,1129.0,1184.9,1129.0,1140.6,11559
2016-07-26,1149.0,1149.0,1102.1,1108.6,5799
2016-07-27,1100.0,1121.9,1052.0,1068.7,10028
2016-07-28,1050.3,1084.5,1037.0,1040.6,6601
2016-07-31,1040.0,1105.6,1005.0,1105.6,9177
2016-08-01,1147.9,1170.0,1116.0,1136.1,14454
2016-08-02,1145.0,1207.1,1126.3,1207.1,20306
2016-08-03,1210.0,1282.5,1210.0,1275.3,30154
2016-08-04,1299.0,1299.0,1240.0,1255.2,7081
2016-08-07,1285.0,1333.6,1285.0,1333.6,12065
2016-08-08,1379.8,1410.0,1345.0,1358.7,19353
2016-08-09,1374.9,1395.0,1273.8,1280.1,34468
2016-08-10,1320.0,1359.0,1260.0,1340.9,17563
2016-08-11,1358.0,1421.0,1286.1,1413.1,29117
2016-08-14,1420.0,1485.0,1403.1,1425.2,18627
2016-08-16,1429.0,1478.8,1400.0,1456.9,20897
2016-08-17,1520.0,1520.0,1365.0,1390.7,25931
2016-08-18,1377.0,1420.0,1377.0,1386.2,14779
2016-08-21,1386.2,1386.2,1300.0,1339.6,12862
2016-08-22,1321.0,1379.0,1316.0,1371.8,8901
2016-08-23,1375.0,1414.0,1352.0,1361.1,7886
2016-08-24,1364.9,1370.0,1317.0,1332.7,9471
2016-08-28,1333.1,1359.8,1310.6,1317.0,6681
2016-08-29,1340.0,1340.0,1281.0,1298.4,9322
2016-08-30,1312.0,1312.0,1259.9,1270.9,5871
2016-08-31,1274.9,1348.0,1260.0,1328.9,13865
2016-09-01,1350.0,1369.9,1321.8,1349.3,13923
2016-09-04,1365.0,1365.0,1303.0,1313.3,31266
2016-09-05,1315.1,1315.1,1271.0,1287.8,11924
2016-09-06,1290.0,1305.0,1266.3,1270.5,19452
2016-09-08,910.5,910.5,900.0,910.5,44426
2016-09-18,940.0,940.0,880.5,886.5,19467
2016-09-19,886.0,886.0,853.0,860.2,55445
2016-09-20,859.2,881.0,859.2,866.1,21247
2016-09-21,870.0,870.0,839.8,844.3,32930
2016-09-22,846.1,865.0,835.6,840.2,21497
2016-09-24,844.2,849.4,810.1,813.4,12130
2016-09-25,816.0,842.0,810.0,831.7,25898
2016-09-26,835.0,855.0,815.1,820.4,16996
2016-09-27,822.0,822.0,813.0,814.8,10170
2016-09-28,825.0,829.3,812.0,813.3,11506
2016-09-29,820.0,835.0,813.5,817.0,10118
2016-10-02,817.0,823.0,785.2,791.0,12725
2016-10-03,800.0,800.0,765.1,768.8,13394
2016-10-04,769.9,788.0,756.2,761.8,13787
2016-10-05,762.0,818.9,757.9,813.4,31827
2016-10-06,825.0,874.4,821.3,874.2,65991
2016-10-09,881.0,915.0,841.0,854.5,71059
2016-10-10,855.0,867.9,832.3,854.0,27409
2016-10-13,864.7,882.0,832.0,846.9,102022
2016-10-16,845.1,858.3,830.0,837.8,15112
2016-10-17,838.6,844.9,825.0,841.4,25921
2016-10-18,845.8,849.7,825.3,827.9,18691
2016-10-19,837.4,837.4,800.0,808.2,26589
2016-10-20,815.0,815.0,765.0,770.3,28384
2016-10-23,787.5,787.5,751.0,755.6,22825
2016-10-24,756.0,786.0,755.0,764.3,20359
2016-10-25,775.0,798.0,761.6,789.6,26113
2016-10-26,804.9,830.0,800.4,807.1,31979
2016-10-27,815.0,818.0,766.1,770.3,30147
2016-10-30,773.0,773.0,750.0,757.8,12275
2016-10-31,757.8,774.9,752.0,759.3,11396
2016-11-01,766.8,781.5,760.0,774.2,9089
2016-11-02,783.9,811.9,774.3,805.0,25730
2016-11-03,817.0,839.0,811.1,823.2,25451
2016-11-06,825.0,839.7,817.0,820.1,21986
2016-11-07,825.0,842.9,808.1,814.9,37259
2016-11-08,819.9,826.0,775.0,777.4,27219
2016-11-09,775.1,827.9,770.0,819.9,23861
2016-11-10,840.0,881.0,820.0,831.4,115700
2016-11-13,829.0,829.0,782.1,787.3,35534
2016-11-14,785.0,819.0,771.0,792.8,22284
2016-11-15,810.0,813.8,790.0,791.0,12862
2016-11-16,809.0,809.0,788.0,791.5,10663
2016-11-17,789.0,800.0,777.7,779.9,16088
2016-11-20,782.1,789.9,776.0,778.4,11414
2016-11-21,780.3,782.9,768.4,770.7,24698
2016-11-22,777.0,781.0,765.1,767.9,12674
2016-11-23,771.0,773.6,765.0,765.7,11794
2016-11-24,767.1,771.5,755.0,758.3,13927
2016-11-27,769.0,773.0,745.0,748.2,16849
2016-11-28,750.0,754.8,715.0,738.6,22827
2016-11-29,725.0,736.1,718.8,720.2,20336
2016-11-30,724.5,750.0,724.2,748.0,14246
2016-12-01,755.0,759.2,738.0,742.0,10173
2016-12-04,741.2,755.9,735.0,739.1,11071
2016-12-05,740.0,755.8,735.5,752.8,10857
2016-12-06,755.0,770.0,755.0,758.5,16546
2016-12-07,762.0,762.0,745.5,750.4,9553
2016-12-08,750.0,757.6,736.0,741.1,8400
2016-12-11,742.0,745.0,720.2,723.6,11252
2016-12-12,723.1,757.9,722.8,738.8,12649
2016-12-14,742.0,754.9,732.0,735.3,9926
2016-12-15,732.4,738.0,725.0,725.4,13484
2016-12-18,743.9,743.9,719.0,721.0,8394
2016-12-19,723.1,728.0,712.6,717.2,7584
2016-12-20,716.0,727.0,716.0,722.3,10423
2016-12-21,723.0,756.0,720.0,734.5,19074
2016-12-22,742.5,748.0,725.0,726.3,12904
2016-12-26,725.2,734.7,720.0,721.0,15242
2016-12-27,729.0,730.1,712.0,715.5,12804
2016-12-28,718.1,732.0,711.1,714.6,12281
2016-12-29,723.0,723.0,712.0,713.3,6397
2017-01-01,715.0,724.8,714.1,720.1,10317
2017-01-02,724.0,727.5,721.0,726.1,8283
2017-01-03,730.0,753.8,730.0,748.5,31674
2017-01-04,758.4,804.6,751.1,800.3,51640
2017-01-05,818.0,850.0,812.0,827.5,59124
2017-01-08,821.0,837.8,805.0,813.8,32598
2017-01-09,819.6,829.9,814.0,818.8,26642
2017-01-10,819.9,825.0,791.0,801.8,21834
2017-01-11,805.2,815.0,780.0,786.6,24435
2017-01-12,788.0,792.9,765.0,771.6,18424
2017-01-15,785.0,785.0,761.1,764.4,13529
2017-01-16,763.1,773.9,755.0,756.6,14752
2017-01-17,755.7,786.0,755.5,766.1,12313
2017-01-18,782.0,783.0,757.1,759.3,13154
2017-01-19,760.3,768.0,740.0,748.0,15252
2017-01-22,755.0,761.4,739.6,740.5,13754
2017-01-23,750.0,750.0,725.0,729.8,12348
2017-01-24,730.2,740.0,728.0,729.0,9294
2017-01-25,734.5,735.0,714.0,721.3,13164
2017-01-26,718.1,729.0,712.0,723.4,22876
2017-01-29,723.5,758.0,713.0,717.4,19489
2017-01-30,712.0,713.0,663.6,663.6,39081
2017-01-31,650.0,663.0,635.2,641.6,17090
2017-02-01,649.0,665.0,640.0,647.1,12055
2017-02-02,649.0,661.9,649.0,654.7,6320
2017-02-05,660.2,695.0,660.2,682.7,24418
2017-02-06,688.0,725.0,688.0,708.4,27202
2017-02-07,712.0,714.0,696.0,702.4,14203
2017-02-08,710.0,712.5,698.1,702.8,8634
2017-02-09,702.0,708.5,695.0,700.7,7903
2017-02-12,707.0,707.0,697.2,699.0,7428
2017-02-13,706.0,706.0,695.8,697.8,6188
2017-02-14,698.0,703.4,697.5,698.4,8350
2017-02-15,700.0,700.2,688.0,690.4,32463
2017-02-16,690.0,696.8,680.4,681.5,10534
2017-02-19,681.5,685.0,665.0,670.6,12918
2017-02-20,666.5,677.0,652.3,657.6,24785
2017-02-22,665.0,665.0,656.0,658.5,12178
2017-02-23,659.0,662.3,647.8,655.0,17192
2017-02-26,654.7,662.9,644.7,645.6,24440
2017-02-27,649.4,670.0,645.8,667.1,19825
2017-02-28,668.0,679.7,668.0,674.6,12872
2017-03-01,674.1,674.1,649.1,653.6,26333
2017-03-02,658.8,658.8,647.0,648.2,9888
2017-03-05,650.0,651.0,644.1,646.2,11021
2017-03-06,643.0,648.9,641.1,642.2,10347
2017-03-07,644.0,653.5,644.0,647.5,4349
2017-03-08,645.0,648.0,640.0,642.3,6842
2017-03-09,645.0,647.0,638.0,639.4,6413
2017-03-12,645.0,645.1,625.0,629.2,14852
2017-03-13,631.1,635.0,620.0,621.2,7403
2017-03-14,625.0,628.4,621.0,623.0,4060
2017-03-15,623.1,623.1,615.0,615.3,4673
2017-03-16,622.0,629.0,618.0,621.7,3834
2017-03-19,629.0,629.0,621.1,621.6,1628
2017-03-20,622.0,625.0,617.0,618.0,3295
2017-03-21,618.3,623.0,612.0,613.6,5191
2017-03-22,615.6,618.2,614.5,615.9,3438
2017-03-23,619.9,620.0,613.1,614.2,2258
2017-03-27,614.7,614.7,608.2,609.2,3403
2017-03-28,618.0,626.9,610.0,624.1,5572
2017-03-29,629.4,633.0,615.6,616.2,4284
2017-03-30,619.4,619.4,612.7,613.6,1198
2017-04-02,613.8,618.6,609.0,616.3,1886
2017-04-03,615.4,624.9,615.0,622.0,3329
2017-04-04,624.2,640.0,622.1,634.0,9991
2017-04-05,639.8,681.5,638.0,680.8,44501
2017-04-06,687.3,704.0,675.0,682.5,27314
2017-04-09,683.0,683.0,640.1,659.3,17435
2017-04-10,646.2,655.1,638.2,640.4,18511
2017-04-11,643.8,643.9,631.6,632.1,11670
2017-04-12,629.1,648.9,629.1,630.1,15133
2017-04-13,636.0,636.0,629.0,629.7,9537
2017-04-16,631.0,631.3,619.0,620.6,8805
2017-04-17,621.0,621.0,611.2,615.4,13107
2017-04-18,623.9,623.9,612.0,613.9,6691
2017-04-19,615.0,619.5,611.5,612.2,13405
2017-04-20,623.9,633.8,615.0,625.0,12363
2017-04-23,630.0,634.8,621.0,626.8,7695
2017-04-24,631.0,631.0,618.1,621.2,5586
2017-04-25,621.5,622.2,614.1,615.2,6906
2017-04-26,615.6,619.0,615.0,616.5,4091
2017-04-27,620.0,625.0,617.0,618.5,3719
2017-04-30,590.0,590.0,572.2,572.2,35095
2017-05-02,572.2,572.2,544.0,552.2,16394
2017-05-03,555.5,565.4,554.0,561.5,4497
2017-05-04,565.1,565.1,551.0,552.4,8328
2017-05-07,553.0,554.9,545.0,550.9,6401
2017-05-08,551.2,552.0,546.3,550.6,3627
2017-05-09,555.0,555.0,545.4,547.8,6217
2017-05-11,553.9,553.9,545.9,549.7,3986
2017-05-14,540.4,563.6,521.1,558.5,7411
2017-05-15,559.0,576.0,559.0,573.3,12129
2017-05-16,578.5,578.9,566.2,567.8,7278
2017-05-17,562.6,580.0,562.6,573.3,11342
2017-05-18,573.3,587.8,555.0,579.2,12468
2017-05-21,582.0,582.0,566.0,569.3,4214
2017-05-22,573.8,573.8,559.4,560.9,5780
2017-05-23,557.3,563.7,553.4,554.7,3913
2017-05-24,552.8,558.9,551.0,553.2,4570
2017-05-25,556.3,566.5,553.1,560.3,2847
2017-05-28,556.4,560.2,552.2,554.2,2845
2017-05-29,555.0,560.0,548.0,549.2,2661
2017-05-30,551.1,555.6,548.3,550.4,1366
2017-05-31,551.1,554.3,547.2,548.3,1994
2017-06-01,548.2,550.0,546.0,547.1,2117
2017-06-04,546.9,547.1,540.0,540.7,3948
2017-06-05,549.0,549.0,541.0,542.0,1763
2017-06-06,541.0,549.0,541.0,542.3,2183
2017-06-07,545.0,548.0,542.0,546.3,2342
2017-06-08,555.0,555.0,546.2,546.7,1149
2017-06-11,544.1,550.0,540.0,547.1,2246
2017-06-12,545.2,547.1,545.1,546.1,1579
2017-06-13,545.0,547.0,540.0,540.4,3047
2017-06-14,540.1,545.0,534.0,537.3,5100
2017-06-15,537.5,544.6,537.5,540.5,2957
2017-06-18,540.1,544.0,534.6,535.3,4569
2017-06-19,542.8,542.8,534.0,536.3,4224
2017-06-20,539.5,539.5,534.0,534.6,8972
2017-06-21,536.3,542.5,535.9,539.8,4503
2017-06-22,542.0,550.0,538.2,544.9,6643
2017-06-28,554.9,574.9,548.0,571.4,12603
2017-06-29,575.0,585.5,566.0,581.5,17911
2017-07-02,589.0,613.0,580.0,610.1,21050
2017-07-03,615.0,625.0,610.0,615.2,18069
2017-07-04,612.6,616.0,602.0,607.0,13038
2017-07-05,605.0,605.0,590.0,590.5,14174
2017-07-06,590.5,606.0,589.1,605.1,15727
2017-07-09,608.0,619.9,608.0,616.5,15137
2017-07-10,620.0,628.0,614.1,616.5,15819
2017-07-11,617.0,618.5,600.2,606.7,9042
2017-07-12,617.9,617.9,600.0,601.5,6872
2017-07-13,608.9,608.9,599.0,601.1,8401
2017-07-16,600.2,605.9,599.0,601.6,6709
2017-07-17,602.4,605.0,595.0,596.0,4142
2017-07-18,601.0,603.0,592.0,592.5,5890
2017-07-19,592.5,595.7,588.1,589.3,7474
2017-07-20,590.0,590.0,583.6,584.4,3900
2017-07-23,586.0,595.0,586.0,590.3,4571
2017-07-24,596.0,596.0,588.8,593.0,1743
2017-07-25,592.5,594.8,585.0,589.2,2461
2017-07-26,589.0,589.8,585.8,586.9,2863
2017-07-27,587.4,588.0,581.0,582.9,5217
2017-07-30,580.5,585.2,580.0,580.2,2095
2017-07-31,581.5,583.5,575.0,575.7,4546
2017-08-01,580.0,580.0,575.2,576.1,3042
2017-08-02,577.3,580.9,571.1,573.8,3905
2017-08-03,575.0,579.5,570.0,570.7,4543
2017-08-06,571.2,578.0,569.9,570.1,5216
2017-08-07,570.5,573.2,560.0,566.3,4905
2017-08-08,570.7,608.7,569.9,608.7,28277
2017-08-09,619.0,643.9,615.0,622.4,35673
2017-08-10,617.0,620.0,598.1,606.6,21828
2017-08-13,612.8,612.8,588.2,591.2,14379
2017-08-16,590.0,615.0,588.0,598.5,11427
2017-08-17,603.0,607.1,595.6,597.5,6300
2017-08-20,603.0,642.0,603.0,640.6,59052
2017-08-21,642.0,648.8,618.0,623.7,21959
2017-08-22,619.1,635.0,612.2,614.9,13216
2017-08-23,615.8,622.5,604.0,605.2,15270
2017-08-24,605.2,615.1,605.0,610.6,10949
2017-08-27,610.1,628.0,610.1,620.3,17154
2017-08-28,622.0,642.9,622.0,633.8,32795
2017-08-29,632.1,642.0,615.0,623.5,17077
2017-08-30,612.1,627.9,612.0,613.1,10226
2017-08-31,609.5,619.0,609.5,615.0,7714
2017-09-04,616.2,619.0,611.3,612.9,5487
2017-09-05,614.0,620.0,612.7,613.0,5066
2017-09-06,620.0,640.0,613.7,621.8,19499
2017-09-07,617.0,639.9,617.0,638.7,24365
2017-09-10,640.0,668.7,640.0,661.3,40980
2017-09-11,669.3,672.0,640.1,645.0,27034
2017-09-12,642.1,650.0,630.0,634.1,13675
2017-09-13,634.2,637.0,627.0,628.6,9149
2017-09-14,628.3,638.8,628.3,630.7,7614
2017-09-17,630.8,640.8,625.0,628.3,9115
2017-09-18,628.0,632.5,623.0,624.3,8079
2017-09-19,618.0,625.0,613.0,614.8,5839
2017-09-20,610.0,621.8,610.0,614.9,4834
2017-09-21,615.5,624.9,612.1,615.1,4650
2017-09-24,610.1,619.0,610.1,613.0,4635
2017-09-25,619.0,619.0,605.0,607.4,5334
2017-09-26,609.0,609.1,602.0,602.4,4342
2017-09-27,605.0,609.0,590.0,591.7,4727
2017-09-28,591.7,597.9,590.0,593.2,2797
2017-10-02,593.3,596.9,563.6,567.1,5469
2017-10-03,566.5,597.0,566.5,593.8,2207
2017-10-04,597.0,618.9,597.0,602.5,9448
2017-10-05,594.2,615.0,584.0,589.0,6244
2017-10-08,592.1,592.9,575.0,577.9,4304
2017-10-09,577.9,585.0,577.9,581.8,5296
2017-10-10,595.5,598.0,585.0,585.8,4619
2017-10-11,585.9,624.5,585.8,617.8,23759
2017-10-12,629.0,639.0,622.0,625.4,31340
2017-10-15,626.0,632.0,610.1,612.4,12150
2017-10-16,610.3,620.0,600.1,604.7,10517
2017-10-17,608.1,635.0,608.1,616.2,14141
2017-10-18,628.0,634.9,618.1,628.6,16963
2017-10-19,628.8,634.9,612.2,616.7,16645
2017-10-22,621.0,621.0,606.0,607.9,12781
2017-10-23,610.0,611.0,590.5,594.0,12583
2017-10-24,594.2,619.9,594.0,611.5,11552
2017-10-25,611.6,616.6,596.7,603.2,8873
2017-10-26,2000.0,2000.0,805.0,999.4,323793
2017-10-29,999.4,1028.9,980.1,994.3,45441
2017-10-30,985.0,985.0,919.8,921.7,108536
2017-10-31,940.0,969.6,925.0,950.3,65396
2017-11-01,960.0,979.0,955.0,959.2,41596
2017-11-02,962.1,973.0,950.0,955.4,42773
2017-11-05,950.0,956.0,924.5,927.2,91282
2017-11-06,925.1,950.0,920.0,944.9,40798
2017-11-07,954.0,975.0,945.0,969.2,51303
2017-11-08,970.0,1025.0,970.0,1015.6,97522
2017-11-09,1020.0,1069.0,1016.0,1060.4,84758
2017-11-12,1070.0,1110.0,1020.1,1032.8,146678
2017-11-13,1034.0,1045.0,981.1,995.6,88910
2017-11-14,1000.0,1000.0,965.0,977.6,49048
2017-11-15,977.6,1000.0,977.6,993.3,109979
2017-11-19,480.1,480.1,480.1,480.1,6477
2017-11-20,522.1,522.1,522.1,522.1,50297
2017-11-21,549.0,561.2,498.0,505.4,182808
2017-11-22,506.1,511.1,495.0,496.7,49803
2017-11-23,500.0,504.8,481.0,484.7,62828
2017-11-26,489.7,492.7,481.5,484.9,37095
2017-11-27,490.0,499.9,490.0,491.8,46246
2017-11-28,496.6,496.7,484.1,485.5,31055
2017-11-29,486.6,486.9,479.9,480.7,33996
2017-11-30,482.1,498.0,481.0,487.8,63968
2017-12-03,492.0,524.8,491.0,521.4,144451
2017-12-04,523.0,538.0,516.0,517.9,56908
2017-12-05,523.0,523.0,505.0,507.1,48196
2017-12-06,514.9,525.9,509.1,518.8,48729
2017-12-07,524.9,535.0,522.0,532.1,82091
2017-12-10,527.1,540.0,518.0,522.4,49076
2017-12-11,525.7,525.8,510.1,510.8,38556
2017-12-12,512.5,518.9,507.2,509.4,34300
2017-12-13,516.0,516.0,507.5,508.4,12764
2017-12-14,508.0,514.8,508.0,510.7,25641
2017-12-17,515.0,520.0,511.3,512.7,61171
2017-12-18,516.0,519.0,495.2,499.0,40656
2017-12-19,501.0,501.0,476.0,479.3,96643
2017-12-20,480.2,495.7,479.4,484.5,29061
2017-12-21,484.1,489.9,480.2,483.6,12136
2017-12-24,485.0,485.0,470.0,472.2,24986
2017-12-26,472.3,479.5,466.0,467.5,15868
2017-12-27,469.1,470.0,448.0,451.0,33171
2017-12-28,457.0,459.0,451.4,454.7,13365
2018-01-01,453.0,453.7,440.0,441.2,56582
2018-01-02,440.9,440.9,430.2,431.0,25624
2018-01-03,435.0,462.0,430.1,452.6,84952
2018-01-04,454.0,460.0,444.4,446.3,48932
2018-01-07,450.0,450.8,438.0,439.4,46046
2018-01-08,440.3,446.7,436.0,437.6,36835
2018-01-09,439.0,445.0,435.0,436.2,28356
2018-01-10,438.0,438.6,431.3,433.4,26919
2018-01-11,434.2,437.8,428.8,431.2,36295
2018-01-14,432.2,434.2,425.0,425.5,33982
2018-01-15,425.5,430.0,419.2,420.1,22681
2018-01-16,421.0,425.0,417.0,422.6,31179
2018-01-17,425.2,428.0,422.8,423.1,23355
2018-01-18,423.3,436.0,423.0,430.6,41885
2018-01-21,434.8,439.0,430.4,432.0,30099
2018-01-22,434.0,434.0,419.0,420.7,122230
2018-01-23,422.5,427.6,421.9,425.6,30452
2018-01-24,427.0,429.7,417.5,418.3,62945
2018-01-25,421.0,421.7,416.2,417.2,31832
2018-01-28,417.4,419.5,407.5,409.2,35325
2018-01-29,410.0,414.0,405.0,408.0,34254
2018-01-30,408.0,412.5,399.0,401.1,38649
2018-01-31,401.1,402.0,380.0,388.3,37111
2018-02-01,390.0,398.6,382.2,388.1,34320
2018-02-04,393.9,395.0,372.0,373.3,29735
2018-02-05,375.5,378.0,361.8,363.4,48039
2018-02-06,367.7,371.9,363.3,368.3,27629
2018-02-07,368.5,388.0,364.0,384.4,57853
2018-02-08,380.4,394.8,380.4,392.8,55166
2018-02-11,393.5,411.9,393.5,407.4,69697
2018-02-12,410.0,415.0,402.9,404.5,58707
2018-02-13,408.0,408.0,397.4,399.8,52174
2018-02-14,402.9,421.5,400.0,419.1,87309
2018-02-15,422.0,426.0,411.0,414.3,45336
2018-02-18,416.0,416.0,399.0,401.0,49979
2018-02-19,404.8,410.0,401.0,402.2,26684
2018-02-20,405.3,414.0,402.3,404.3,36126
2018-02-22,407.9,410.7,402.5,403.9,21211
2018-02-25,406.0,414.0,405.1,408.4,48949
2018-02-26,411.3,419.0,410.5,412.9,57914
2018-02-27,416.0,417.5,407.8,408.8,27714
2018-02-28,409.0,411.7,404.0,404.8,36537
2018-03-01,404.9,410.5,404.9,407.5,27233
2018-03-04,413.5,421.0,411.2,417.2,76484
2018-03-05,419.9,448.7,419.9,443.7,188630
2018-03-06,444.0,453.0,438.3,444.4,128049
2018-03-07,440.2,445.0,432.0,433.3,72289
2018-03-08,434.9,443.0,433.0,440.0,65476
2018-03-11,445.0,452.0,441.1,448.1,114372
2018-03-12,450.0,455.0,435.8,439.1,96837
2018-03-13,438.8,441.9,412.0,415.0,69077
2018-03-14,417.9,424.0,413.0,415.6,62269
2018-03-15,417.0,427.0,412.0,425.0,34795
2018-03-18,427.0,430.0,414.6,416.1,56365
2018-03-19,421.9,421.9,411.0,412.0,30620
2018-03-20,412.1,414.4,404.0,405.5,38602
2018-03-21,407.9,409.7,400.4,402.0,32792
2018-03-22,403.0,406.5,393.6,403.9,29809
2018-03-25,407.9,414.2,403.0,405.3,26652
2018-03-27,403.3,413.0,400.0,402.3,53017
2018-03-28,405.0,407.9,398.2,402.1,34239
2018-03-29,402.2,407.4,400.2,401.4,41539
2018-04-01,407.6,410.4,403.7,407.1,32507
2018-04-02,410.1,411.1,405.3,407.4,45573
2018-04-03,408.0,417.4,407.0,412.6,54768
2018-04-04,413.5,440.1,413.5,437.7,153033
2018-04-05,437.0,449.8,435.4,437.9,118491
2018-04-08,438.1,440.9,425.1,427.7,83686
2018-04-09,430.0,430.0,419.0,420.5,73785
2018-04-10,422.0,440.0,422.0,430.1,70465
2018-04-11,434.8,446.7,434.8,440.4,140493
2018-04-12,438.0,446.6,432.7,434.9,85769
2018-04-15,436.0,458.0,435.0,454.4,207919
2018-04-16,458.0,469.0,450.1,455.4,149027
2018-04-17,451.2,454.0,441.0,443.6,90470
2018-04-18,439.1,455.9,439.1,445.3,68957
2018-04-19,440.8,449.3,440.8,442.1,54613
2018-04-22,440.0,460.0,440.0,454.8,88784
2018-04-23,456.1,465.0,452.0,454.4,112589
2018-04-24,452.0,455.0,439.9,442.0,112175
2018-04-25,440.0,444.5,435.0,440.5,47365
2018-04-26,440.0,440.0,425.0,428.9,79085
2018-04-30,425.9,428.8,415.0,415.4,49010
2018-05-03,420.0,425.9,416.2,418.9,23930
2018-05-06,417.0,425.8,415.0,416.4,33692
2018-05-07,416.5,420.5,411.0,412.6,25490
2018-05-08,411.0,415.9,407.0,408.3,21089
2018-05-09,400.0,411.8,400.0,402.2,31122
2018-05-10,402.2,414.0,402.2,405.2,20801
2018-05-13,406.7,409.1,405.4,406.4,16891
2018-05-14,406.5,415.0,406.4,410.2,15845
2018-05-15,410.0,419.4,410.0,414.4,21707
2018-05-16,415.0,418.0,407.3,408.8,20919
2018-05-17,408.0,412.0,401.6,404.1,24045
2018-05-20,407.0,407.0,398.3,399.1,17624
2018-05-21,399.2,408.4,397.2,399.5,17905
2018-05-22,406.7,406.7,393.5,395.1,18649
2018-05-23,398.0,398.0,384.0,385.9,34011
2018-05-24,388.0,388.9,382.6,386.5,25936
2018-05-27,389.0,400.0,389.0,393.3,22243
2018-05-28,394.1,396.6,381.5,383.1,17635
2018-05-29,387.1,395.2,383.1,390.0,20007
2018-05-30,391.1,396.7,389.0,389.9,20516
2018-05-31,389.0,390.5,381.0,383.1,15765
2018-06-03,387.8,389.5,382.5,383.5,35454
2018-06-04,386.0,396.8,386.0,392.2,35100
2018-06-05,392.9,426.5,392.9,426.5,125773
2018-06-06,430.0,447.9,430.0,437.1,129230
2018-06-07,437.0,437.0,413.0,417.4,95440
2018-06-10,420.0,438.9,417.5,429.2,87237
2018-06-11,433.0,442.7,422.1,425.3,60274
2018-06-12,430.0,430.9,421.0,423.7,43008
2018-06-18,427.0,429.0,419.3,422.5,42544
2018-06-19,425.2,442.0,425.0,426.0,76099
2018-06-20,426.0,428.0,418.0,420.4,48085
2018-06-21,428.9,435.0,420.7,421.7,65290
2018-06-24,421.7,429.0,416.0,419.4,59633
2018-06-25,423.8,423.8,410.0,411.0,35542
2018-06-26,413.9,415.0,405.1,406.8,34172
2018-06-27,409.0,428.0,409.0,422.9,41132
2018-06-28,429.9,459.8,427.0,455.0,224102
2018-07-02,460.0,479.9,460.0,464.5,172070
2018-07-03,465.0,467.8,433.2,437.6,123430
2018-07-04,442.8,459.0,442.8,448.2,73028
2018-07-05,450.0,459.8,430.0,433.1,94277
2018-07-08,439.8,445.0,425.0,426.0,67302
2018-07-09,427.0,442.0,425.0,431.6,40166
2018-07-10,436.8,446.7,430.0,430.9,45500
2018-07-11,431.5,437.0,417.0,419.5,83946
2018-07-12,420.6,429.8,415.0,416.1,38211
2018-07-15,424.8,428.0,414.0,415.5,43654
2018-07-16,420.0,432.5,416.0,418.7,34506
2018-07-17,425.9,431.0,420.1,425.0,32249
2018-07-18,440.0,442.0,430.2,435.8,75214
2018-07-19,435.0,439.0,425.0,425.8,35021
2018-07-22,425.8,431.0,417.4,418.7,49331
2018-07-23,420.0,425.0,416.5,418.0,29703
2018-07-24,424.7,426.0,416.0,417.4,21280
2018-07-25,424.7,429.0,415.1,416.7,42513
2018-07-26,417.1,423.7,414.0,415.1,28809
2018-07-29,422.7,422.7,415.0,416.1,19170
2018-07-30,419.0,421.8,411.0,412.7,16524
2018-07-31,418.8,421.0,412.2,413.9,15880
2018-08-01,415.0,419.0,410.0,410.8,22819
2018-08-02,411.0,417.9,410.0,410.9,29900
2018-08-05,415.0,415.0,408.0,409.0,15390
2018-08-06,408.0,410.0,406.0,406.8,13973
2018-08-07,409.0,409.4,402.0,403.3,22193
2018-08-08,409.8,409.8,402.0,403.0,15610
2018-08-09,402.5,406.0,395.0,395.3,19364
2018-08-12,403.0,403.0,391.5,392.6,14456
2018-08-13,392.6,399.5,386.4,391.8,15670
2018-08-14,393.0,397.9,392.0,394.7,10923
2018-08-16,402.7,419.0,400.3,415.7,24792
2018-08-19,415.7,417.0,385.0,401.5,12381
2018-08-20,401.5,409.0,398.0,404.5,11025
2018-08-26,408.0,417.9,406.2,412.2,19448
2018-08-27,419.3,419.3,412.2,413.3,15168
2018-08-28,413.5,416.0,410.0,412.0,11491
2018-08-29,414.5,414.5,405.0,405.5,16716
2018-08-30,405.0,409.5,402.0,404.0,10524
2018-09-03,404.1,408.0,402.0,403.1,12318
2018-09-04,404.1,406.4,399.1,403.0,13088
2018-09-05,405.0,410.0,402.0,403.5,13026
2018-09-06,404.0,407.9,402.2,403.3,10695
2018-09-09,405.0,408.8,402.0,402.3,13773
2018-09-10,400.0,404.0,396.2,397.0,18456
2018-09-11,398.3,401.5,396.5,396.9,10064
2018-09-12,398.1,418.0,397.3,412.0,33995
2018-09-13,412.0,418.0,403.0,404.8,15700
2018-09-16,407.3,408.0,401.0,403.0,12816
2018-09-17,403.6,406.8,398.4,399.5,14859
2018-09-18,400.0,403.9,395.7,397.3,12388
2018-09-19,397.7,402.0,394.0,395.7,10921
2018-09-20,397.0,400.0,393.1,394.7,11607
2018-09-23,395.6,395.6,390.0,391.3,8776
2018-09-24,391.4,391.9,383.5,385.3,13179
2018-09-25,386.2,399.0,383.2,391.5,9229
2018-09-26,393.1,395.0,380.0,384.6,7624
2018-09-27,386.0,393.0,383.5,384.6,4822
2018-09-30,384.8,385.6,380.0,383.4,8185
2018-10-01,389.0,389.0,381.1,382.3,8956
2018-10-02,387.0,409.9,387.0,406.4,25384
2018-10-03,410.0,416.0,405.2,414.4,52523
2018-10-04,413.0,440.0,413.0,437.4,102110
2018-10-07,445.0,458.0,440.0,453.1,115262
2018-10-08,455.6,463.5,425.0,430.0,67049
2018-10-09,431.2,439.9,422.0,427.9,58178
2018-10-10,432.4,433.0,412.0,414.2,36418
2018-10-11,415.0,428.6,415.0,417.6,26298
2018-10-14,429.9,429.9,411.3,411.6,21317
2018-10-15,414.9,420.0,410.7,413.4,16817
2018-10-16,419.0,419.0,412.0,413.1,8776
2018-10-17,415.1,432.0,413.8,425.9,38658
2018-10-18,426.5,430.9,420.1,423.9,33715
2018-10-21,424.4,424.6,402.1,406.2,30440
2018-10-22,406.9,415.5,398.1,410.8,19615
2018-10-23,418.0,430.0,411.0,426.5,47936
2018-10-24,430.0,430.0,416.1,419.0,28121
2018-10-25,405.0,405.0,321.0,349.7,94945
2018-10-28,349.7,350.0,330.0,333.1,26805
2018-10-29,330.1,331.0,312.1,316.4,54229
2018-10-30,316.0,340.0,316.0,321.0,29076
2018-10-31,324.6,329.7,322.4,325.6,25730
2018-11-01,326.1,327.6,324.1,324.8,32321
2018-11-04,326.2,326.3,315.0,315.7,32334
2018-11-05,318.0,320.0,310.6,311.4,20940
2018-11-06,314.0,315.0,308.0,309.1,18461
2018-11-07,310.0,313.7,303.1,303.8,31038
2018-11-08,303.8,322.0,299.3,319.0,64187
2018-11-11,321.0,330.0,321.0,323.7,33197
2018-11-12,324.0,326.0,305.0,309.0,46346
2018-11-13,305.1,336.0,295.0,336.0,90438
2018-11-14,343.0,365.4,336.0,362.9,103472
2018-11-15,364.9,370.0,348.0,357.9,74634
2018-11-18,361.8,361.9,339.0,342.4,53203
2018-11-19,349.9,372.3,343.6,369.7,86005
2018-11-22,331.0,344.9,322.0,324.6,90132
2018-11-25,321.0,332.0,318.0,322.8,37314
2018-11-26,326.0,330.0,320.5,327.4,38010
2018-11-27,329.8,355.0,329.8,344.1,79977
2018-11-28,346.0,350.0,330.3,334.5,42411
2018-11-29,334.9,334.9,321.0,322.3,37177
2018-12-02,323.8,328.1,317.5,318.9,27881
2018-12-03,324.8,330.0,320.1,321.5,22848
2018-12-04,322.0,322.9,316.0,317.2,30396
2018-12-05,317.0,319.9,309.5,310.4,51783
2018-12-06,312.0,324.6,312.0,318.8,26505
2018-12-09,321.8,339.7,321.8,338.8,96309
2018-12-10,344.8,350.0,334.0,342.4,83177
2018-12-11,342.4,344.8,325.0,326.3,44445
2018-12-12,327.0,334.9,324.0,327.4,38438
2018-12-13,328.0,328.0,320.0,320.8,28124
2018-12-17,317.0,320.0,314.5,315.1,15616
2018-12-18,316.9,322.0,316.0,317.6,10971
2018-12-19,320.0,322.0,313.9,315.8,20110
2018-12-20,319.9,319.9,313.0,315.8,15519
2018-12-23,317.9,318.5,313.1,314.8,12349
2018-12-24,313.5,318.7,313.5,315.9,7545
2018-12-26,317.0,317.8,315.5,316.8,9542
2018-12-27,316.9,324.8,315.0,316.1,23161
2019-01-01,317.0,321.0,314.0,316.9,25461
2019-01-02,317.2,332.0,317.2,329.8,54876
2019-01-03,330.2,339.0,324.0,325.0,55596
2019-01-06,325.5,334.5,325.5,327.5,48155
2019-01-07,327.5,336.0,326.0,328.4,61516
2019-01-08,331.0,344.0,331.0,336.5,95324
2019-01-09,339.8,345.0,336.1,337.3,60873
2019-01-10,339.5,343.0,331.2,333.8,56244
2019-01-13,339.0,339.7,334.2,336.1,49600
2019-01-14,340.0,365.5,340.0,365.5,145927
2019-01-15,375.0,397.4,371.0,397.4,229665
2019-01-16,410.0,415.0,380.2,382.5,157955
2019-01-17,386.5,390.0,374.5,376.3,115978
2019-01-20,377.0,397.0,372.5,388.4,118293
2019-01-21,395.0,405.0,382.0,384.5,112350
2019-01-22,388.1,391.3,366.0,368.5,111473
2019-01-23,376.0,376.0,345.1,349.7,95598
2019-01-24,354.0,364.0,349.7,354.2,38326
2019-01-27,355.5,358.9,340.4,342.0,45215
2019-01-28,345.0,355.0,345.0,352.3,34978
2019-01-29,358.0,361.0,341.6,343.4,45370
2019-01-30,343.5,345.6,335.0,335.8,40109
2019-01-31,340.0,345.0,335.5,337.5,35914
2019-02-03,343.0,343.0,335.1,337.0,20941
2019-02-04,339.8,341.6,335.1,335.4,24551
2019-02-05,340.0,340.0,336.0,338.9,17180
2019-02-06,339.2,350.0,339.2,342.9,30615
2019-02-07,346.7,360.5,345.0,359.6,125553
2019-02-10,366.3,374.7,356.2,359.2,59276
2019-02-11,360.0,360.0,346.0,349.0,45040
2019-02-12,354.8,354.9,345.4,346.5,32801
2019-02-13,350.9,350.9,343.0,344.4,31498
2019-02-14,345.2,349.0,343.0,344.1,18267
2019-02-17,344.1,349.0,344.0,345.6,24037
2019-02-18,346.0,348.8,341.6,342.4,20813
2019-02-19,343.0,346.8,340.0,342.3,10750
2019-02-20,342.0,345.5,340.3,342.5,20828
2019-02-24,342.8,344.0,340.3,341.0,17162
2019-02-25,341.0,343.0,337.0,337.6,17656
2019-02-26,336.0,336.3,332.0,332.7,22838
2019-02-27,332.9,337.0,332.8,335.3,12451
2019-03-03,340.0,340.0,331.2,334.8,16390
2019-03-04,335.0,335.0,331.8,332.1,16360
2019-03-05,332.7,335.9,331.5,332.3,13530
2019-03-06,333.0,334.0,332.0,332.4,11052
2019-03-07,332.6,333.5,328.5,329.6,10150
2019-03-10,332.0,332.2,324.7,325.6,17742
2019-03-11,325.2,325.2,319.6,323.2,12601
2019-03-12,323.0,329.0,320.0,321.3,14988
2019-03-13,325.0,326.2,312.1,316.4,14173
2019-03-14,317.8,319.0,309.1,310.3,19038
2019-03-18,308.0,315.0,300.0,302.0,10922
2019-03-19,302.5,315.1,300.0,309.3,14816
2019-03-20,314.4,315.7,305.4,307.1,17595
2019-03-21,307.1,321.0,306.2,317.8,18431
2019-03-24,320.2,329.9,320.2,324.2,18513
2019-03-25,324.2,328.0,317.0,319.9,13592
2019-03-27,320.4,322.5,319.1,321.1,13264
2019-03-28,324.0,326.0,318.1,319.7,9638
2019-03-31,320.9,320.9,315.0,315.7,7918
2019-04-01,312.7,317.0,312.2,314.7,7639
2019-04-02,314.8,319.0,312.5,313.7,11420
2019-04-03,312.3,315.0,307.0,308.2,10470
2019-04-04,308.9,313.7,305.0,310.5,8996
2019-04-07,310.0,315.0,305.2,305.8,12340
2019-04-08,309.8,309.8,303.2,303.5,26353
2019-04-09,306.1,307.0,301.1,302.0,16913
2019-04-10,302.5,305.0,298.7,299.7,11107
2019-04-11,303.0,306.0,300.2,303.5,5399
2019-04-15,308.4,308.4,301.0,302.3,9624
2019-04-16,302.1,302.1,295.0,295.5,14748
2019-04-17,300.0,300.0,294.0,294.6,7861
2019-04-18,294.6,304.9,292.1,300.8,7569
2019-04-21,301.5,303.5,300.0,301.4,7997
2019-04-23,302.0,302.0,293.9,294.7,13828
2019-04-24,293.4,296.0,293.2,293.9,7699
2019-04-25,297.4,297.4,294.0,295.4,5459
2019-04-28,295.0,305.0,294.3,296.2,8507
2019-04-29,295.1,295.1,270.4,280.0,14690
2019-04-30,280.0,280.3,267.5,269.6,22947
2019-05-02,278.0,283.8,276.0,282.7,12006
2019-05-05,286.0,294.8,284.1,292.0,13993
2019-05-06,293.5,297.0,283.0,284.8,7932
2019-05-07,291.0,291.9,283.1,285.4,6925
2019-05-08,287.9,287.9,281.0,281.5,3079
2019-05-09,282.3,285.0,280.5,283.0,5376
2019-05-12,284.1,286.9,283.0,283.3,3259
2019-05-13,280.5,283.3,280.5,282.0,4356
2019-05-14,282.1,283.0,280.0,281.1,2880
2019-05-15,281.1,282.1,275.4,277.9,5927
2019-05-16,281.5,281.5,276.2,276.9,3844
2019-05-19,280.8,282.0,277.0,277.4,6394
2019-05-20,277.6,278.0,275.5,276.2,2815
2019-05-21,277.8,277.9,274.7,275.1,5207
2019-05-22,275.2,277.7,271.1,274.1,8928
2019-05-23,276.6,276.6,270.4,271.1,5759
2019-05-26,271.2,272.0,265.0,265.2,9491
2019-05-27,263.0,263.0,260.2,262.3,5973
2019-05-28,265.1,266.0,264.5,265.4,10000
2019-05-29,265.0,265.0,264.1,264.9,13463
2019-05-30,265.0,274.9,265.0,273.0,11139
2019-06-09,278.5,280.0,274.2,276.6,5638
2019-06-10,277.0,279.6,276.1,278.8,9163
2019-06-11,280.0,303.2,280.0,300.7,39768
2019-06-12,305.0,315.0,303.0,306.7,42150
2019-06-13,308.2,308.2,299.0,300.2,23241
2019-06-16,306.0,308.2,300.0,300.8,23401
2019-06-17,303.0,308.0,295.0,297.3,25013
2019-06-18,298.5,298.5,290.1,291.9,19899
2019-06-19,291.2,294.0,287.0,289.3,12511
2019-06-20,292.0,292.0,286.0,287.5,6294
2019-06-23,290.9,292.0,285.1,286.4,7957
2019-06-24,287.0,287.0,285.0,286.0,4208
2019-06-25,289.7,289.7,285.0,286.8,5814
2019-06-26,287.0,292.0,287.0,289.3,5266
2019-06-27,291.0,291.0,285.0,288.3,6292
2019-06-30,290.7,291.0,285.1,285.9,7666
2019-07-02,285.9,286.0,281.1,282.8,7869
2019-07-03,283.1,283.3,275.3,276.1,11260
2019-07-04,276.1,283.3,276.1,280.8,4714
2019-07-07,284.7,284.7,276.5,277.4,5453
2019-07-08,275.2,277.7,272.0,272.7,6560
2019-07-09,273.1,273.5,263.1,266.1,13527
2019-07-10,264.4,264.4,261.1,261.3,8125
2019-07-11,261.3,275.1,260.0,266.3,6460
2019-07-14,269.5,269.5,263.6,264.2,2356
2019-07-15,270.0,270.0,242.0,245.0,14541
2019-07-16,245.2,256.0,236.0,237.7,18418
2019-07-17,247.0,247.0,241.0,244.4,6432
2019-07-18,244.6,248.5,238.1,243.2,7694
2019-07-21,246.0,246.0,222.1,225.0,26595
2019-07-22,229.8,229.8,205.4,209.8,29971
2019-07-23,215.0,224.1,212.0,220.4,11964
2019-07-24,220.4,221.7,211.0,219.3,12420
2019-07-25,221.0,222.3,216.0,220.3,13418
2019-07-28,224.0,236.8,220.0,232.1,21618
2019-07-29,232.1,252.4,232.1,252.4,31050
2019-07-30,260.0,261.0,249.0,251.8,29225
2019-07-31,250.1,259.0,241.2,254.1,26129
2019-08-01,255.2,266.0,255.0,258.9,34424
2019-08-04,259.8,260.0,242.7,244.8,33384
2019-08-05,245.0,259.3,230.5,251.1,23815
2019-08-06,255.0,260.0,250.1,253.5,24965
2019-08-07,252.1,254.8,241.5,243.5,23802
2019-08-08,240.4,250.0,240.3,246.8,7661
2019-08-18,247.7,258.9,247.7,254.7,24155
2019-08-19,255.0,259.5,255.0,256.6,16632
2019-08-20,258.9,258.9,250.0,250.6,15419
2019-08-21,242.1,253.6,242.1,248.0,9337
2019-08-22,248.1,249.8,246.5,247.7,7825
2019-08-25,247.7,251.7,246.2,247.0,10045
2019-08-26,247.0,247.0,242.2,242.7,9207
2019-08-27,242.3,251.2,242.0,245.1,17552
2019-08-28,249.0,251.5,243.0,245.7,13164
2019-08-29,245.7,249.0,243.5,246.6,9369
2019-09-01,243.7,249.0,242.9,245.5,7502
2019-09-02,247.5,259.9,247.5,251.3,26515
2019-09-03,254.0,273.2,248.6,273.2,101097
2019-09-04,276.0,289.0,270.2,280.3,80162
2019-09-05,275.0,279.7,270.7,272.5,36371
2019-09-08,268.0,275.0,261.2,263.0,29687
2019-09-09,262.0,286.0,262.0,285.4,71380
2019-09-11,290.0,310.3,281.1,310.3,169030
2019-09-12,315.0,330.0,310.0,314.5,164240
2019-09-15,314.0,314.0,287.0,287.6,95583
2019-09-16,281.1,312.7,280.5,306.7,86657
2019-09-17,313.0,324.0,291.1,297.8,90621
2019-09-18,299.9,299.9,283.2,284.8,53067
2019-09-19,281.0,290.0,259.9,264.0,65071
2019-09-22,268.0,287.1,265.0,287.1,43770
2019-09-23,294.5,297.9,278.8,280.7,46173
2019-09-24,281.0,285.0,272.0,274.8,28633
2019-09-25,275.1,280.0,270.0,275.2,26161
2019-09-26,279.9,293.5,279.9,288.2,42265
2019-09-29,289.9,297.4,282.1,284.7,42190
2019-09-30,283.1,285.6,272.0,274.0,37050
2019-10-01,279.1,285.0,275.0,279.1,17921
2019-10-02,280.7,285.0,275.6,277.7,21344
2019-10-03,281.8,281.9,275.0,275.4,18375
2019-10-06,278.1,280.9,270.0,271.5,20162
2019-10-07,272.7,276.0,264.0,268.3,23995
2019-10-09,268.5,270.0,258.4,260.3,22865
2019-10-10,270.0,270.0,259.2,263.1,13767
2019-10-13,263.4,266.9,257.3,259.9,22878
2019-10-14,255.5,259.9,250.0,250.5,15933
2019-10-15,260.0,264.2,251.0,261.7,20825
2019-10-16,265.0,266.4,251.0,253.3,11830
2019-10-17,253.0,258.0,243.0,245.9,15714
2019-10-20,246.6,249.3,243.0,244.1,8923
2019-10-21,243.2,243.5,228.0,229.7,15213
2019-10-22,228.0,230.0,214.2,218.0,22019
2019-10-23,220.0,228.8,217.0,221.6,20344
2019-10-24,226.0,232.9,221.3,229.1,11631
2019-10-27,236.0,236.0,227.0,234.0,14230
2019-10-28,234.0,234.1,217.0,219.9,24342
2019-10-29,227.8,230.0,219.1,229.1,19744
2019-10-30,229.1,236.1,220.0,225.8,40590
2019-10-31,231.8,231.8,221.1,223.2,21931
2019-11-03,223.3,227.0,221.0,222.0,12777
2019-11-04,222.0,223.4,215.1,219.0,9541
2019-11-05,219.0,222.8,217.1,221.2,17262
2019-11-06,222.0,227.0,221.1,222.6,12567
2019-11-07,226.0,226.0,221.2,222.9,7638
2019-11-11,225.0,225.0,216.0,217.9,15736
2019-11-12,223.5,223.5,210.0,211.1,15142
2019-11-13,216.9,216.9,199.9,201.7,29920
2019-11-14,201.7,201.7,196.0,196.7,11012
2019-11-17,200.2,216.3,198.0,216.3,47446
2019-11-18,222.0,224.7,217.3,220.6,19921
2019-11-19,220.6,220.6,215.2,217.0,34622
2019-11-21,202.0,209.0,201.0,202.2,28330
2019-11-24,200.2,209.0,199.0,205.8,20548
2019-11-25,206.0,207.8,197.1,199.4,29907
2019-11-26,201.0,202.9,196.9,197.3,17850
2019-11-27,197.1,203.0,195.0,195.8,22900
2019-11-28,196.0,204.0,194.5,200.6,19750
2019-12-01,201.9,203.8,194.5,195.4,17238
2019-12-02,195.5,196.7,191.0,192.4,10731
2019-12-03,196.6,196.7,191.5,192.0,7759
2019-12-04,192.2,193.8,188.0,188.5,15500
2019-12-05,190.5,197.8,190.5,194.7,17580
2019-12-08,196.5,202.0,193.0,194.6,26779
2019-12-09,198.7,200.0,192.0,193.8,7436
2019-12-10,195.3,198.0,186.0,188.9,10110
2019-12-11,193.9,193.9,188.1,188.5,5494
2019-12-12,188.4,190.5,186.0,187.3,7227
2019-12-15,189.9,189.9,184.2,185.0,9780
2019-12-17,184.1,186.8,179.0,180.0,8518
2019-12-18,180.0,182.0,176.1000061,180.6999969,12066
2019-12-19,180.1000061,183.3000031,180.1000061,181.8999939,8301
2019-12-22,181.3,184.2,179.0,180.0,4972
2019-12-23,182.1,182.1,170.0,171.7,10802
2019-12-24,172.9,173.0,165.3,168.8,10794
2019-12-26,170.0,174.7,170.0,172.3,10344
2019-12-29,174.8,182.0,173.2,174.1,7327
2019-12-30,174.5,177.0,171.0,171.6,8780
2020-01-01,173.0,178.2,171.3,177.3,13527
2020-01-02,180.0,187.8,180.0,183.8,29409
2020-01-05,184.8,186.3,180.8,182.2,18367
2020-01-06,182.2,184.6,176.2,176.9,7753
2020-01-07,179.0,180.0,170.0,171.5,7089
2020-01-08,171.3,175.4,163.9,166.0,8914
2020-01-09,166.0,168.7,163.0,163.9,7850
2020-01-12,166.9,171.9,162.1,164.1,8986
2020-01-13,164.3,164.9,148.3,150.8,13844
2020-01-14,151.0,155.0,140.6,144.2,18719
2020-01-15,147.5,150.0,132.0,138.8,7937
2020-01-16,139.4,139.9,133.3,134.8,10794
2020-01-19,138.0,148.2,138.0,148.2,11433
2020-01-20,155.9,163.0,155.9,163.0,42093
2020-01-21,169.8,174.0,160.0,164.0,38288
2020-01-22,164.0,172.5,161.3,170.4,18312
2020-01-23,171.2,177.9,171.2,174.6,17276
2020-01-26,175.4,177.3,173.0,173.8,22228
2020-01-27,174.0,174.0,165.0,165.6,13480
2020-01-28,169.9,169.9,162.6,163.7,21884
2020-01-29,163.8,168.0,161.5,163.5,15457
2020-01-30,164.0,164.0,155.0,156.1,12187
2020-02-02,151.0,151.0,146.1,147.4,22926
2020-02-03,146.0,152.7,146.0,149.3,16581
2020-02-04,149.5,164.2,149.3,164.2,35944
2020-02-05,169.5,178.2,160.6,173.5,68120
2020-02-06,173.5,179.0,166.4,177.0,50076
2020-02-09,177.5,182.0,165.1,166.1,29250
2020-02-10,170.7,170.8,162.0,164.8,14673
2020-02-11,169.9,175.0,166.0,167.0,19674
2020-02-12,170.8,170.8,164.0,164.6,31339
2020-02-13,164.7,168.5,164.6,167.2,15952
2020-02-16,168.8,173.0,166.0,171.8,34678
2020-02-17,175.9,176.0,169.0,170.4,27181
2020-02-18,171.9,185.0,171.2,178.0,71300
2020-02-19,178.3,181.7,174.3,175.4,28578
2020-02-20,175.9,177.0,170.2,171.9,24284
2020-02-23,172.0,172.5,165.9,167.3,18842
2020-02-24,165.3,168.9,165.0,166.5,12309
2020-02-25,168.0,170.9,166.6,168.1,7021
2020-02-26,165.2,173.8,165.2,167.7,20197
2020-02-27,166.4,169.9,161.7,164.1,12579
2020-03-01,162.0,162.0,158.0,159.7,15149
2020-03-02,159.7,162.5,159.0,161.2,4400
2020-03-03,162.7,165.5,162.0,162.5,9784
2020-03-04,165.4,167.8,162.3,165.0,14596
2020-03-05,165.2,174.9,165.2,173.4,34796
2020-03-08,175.4,184.8,170.1,171.6,44896
2020-03-09,170.0,170.0,154.5,154.5,34417
2020-03-10,154.5,167.0,154.0,163.4,13850
2020-03-11,165.6,167.8,160.7,164.6,16056
2020-03-12,165.8,168.8,159.0,160.6,35568
2020-03-15,156.0,156.0,144.6,144.8,33441
2020-03-16,149.0,155.0,130.8,131.0,36291
2020-03-18,137.9,139.1,119.0,119.8,27702
2020-03-19,152.0,152.0,151.9,151.9,6
2020-03-22,151.9,151.9,144.3,144.3,8285
2020-03-23,144.3,149.0,144.3,144.5,20466
2020-03-24,144.3,144.3,144.3,144.3,3061
2020-03-25,144.3,145.0,144.3,144.3,9244
2020-05-31,144.3,144.3,144.3,144.3,1924
2020-06-01,144.3,144.3,144.3,144.3,90
2020-06-02,144.3,144.3,144.3,144.3,77
2020-06-03,144.3,144.3,144.3,144.3,33
2020-06-04,144.3,144.3,144.3,144.3,197
2020-06-07,144.3,144.3,144.3,144.3,131
2020-06-08,144.3,144.3,144.3,144.3,298
2020-06-09,144.3,144.3,144.3,144.3,182
2020-06-11,144.3,144.3,144.3,144.3,149
2020-06-14,144.3,144.3,144.3,144.3,509
2020-06-15,144.3,144.3,144.3,144.3,230
2020-06-16,144.3,144.3,144.3,144.3,15
2020-06-18,144.3,144.3,144.3,144.3,35
2020-06-21,144.3,144.3,144.3,144.3,50
2020-06-23,144.3,144.3,144.3,144.3,263
2020-06-24,144.3,144.3,144.3,144.3,326
2020-06-25,144.3,144.3,144.3,144.3,340
2020-06-28,144.3,144.3,144.3,144.3,212
2020-06-29,144.3,144.3,144.3,144.3,102
2020-07-02,144.3,144.3,144.3,144.3,256
2020-07-05,144.3,144.3,144.3,144.3,94
2020-07-06,144.3,144.3,144.3,144.3,140
2020-07-07,144.3,144.3,144.3,144.3,45
2020-07-08,144.3,144.3,144.3,144.3,319
2020-07-09,144.3,144.3,144.3,144.3,1339
2020-07-12,144.3,144.3,144.3,144.3,7627
2020-07-13,144.3,144.3,144.3,144.3,4581
2020-07-14,144.3,144.3,144.3,144.3,319
2020-07-15,144.3,144.3,144.3,144.3,2007
2020-07-16,144.3,144.3,144.3,144.3,546
2020-07-19,144.3,144.3,144.3,144.3,100
2020-07-20,144.3,144.3,144.3,144.3,60
2020-07-21,144.3,144.3,144.3,144.3,333
2020-07-22,144.3,144.3,144.3,144.3,148
2020-07-23,144.3,144.3,144.3,144.3,9877
2020-07-26,144.3,144.3,144.3,144.3,621
2020-07-27,144.3,144.3,144.3,144.3,481
2020-07-28,144.3,144.3,144.3,144.3,1176
2020-07-29,144.3,144.3,144.3,144.3,586
2020-07-30,144.3,144.3,144.3,144.3,2860
2020-08-03,144.3,144.3,144.3,144.3,2998
2020-08-04,144.3,144.3,144.3,144.3,2581
2020-08-05,144.3,144.3,144.3,144.3,13338
2020-08-06,144.3,144.3,144.3,144.3,8062
2020-08-09,144.3,152.0,144.3,151.0,48831
2020-08-10,154.0,157.8,146.0,150.6,37229
2020-08-12,154.0,157.0,151.6,155.8,27959
2020-08-13,157.0,159.5,153.5,153.9,13918
2020-08-16,155.0,161.8,154.0,158.5,48017
2020-08-17,161.0,169.7,157.3,165.3,61050
2020-08-18,169.0,177.0,166.0,174.8,60320
2020-08-19,179.0,190.0,174.8,187.6,80357
2020-08-20,187.6,194.9,176.1,181.8,43995
2020-08-23,184.0,184.1,172.0,172.9,40657
2020-08-24,173.0,175.6,168.5,170.8,32503
2020-08-25,171.2,176.9,165.5,169.6,31557
2020-08-26,172.0,177.0,170.0,174.8,40892
2020-08-27,175.1,181.9,175.1,177.5,49137
2020-08-31,177.6,179.3,172.0,172.4,25490
2020-09-01,171.2,174.5,170.6,170.7,20344
2020-09-02,171.3,174.9,168.5,169.8,23009
2020-09-03,173.0,175.0,170.9,172.6,28248
2020-09-06,173.0,186.0,172.7,180.9,46327
2020-09-07,180.9,184.7,177.0,179.3,32893
2020-09-08,179.3,183.0,175.2,177.2,40948
2020-09-09,180.0,180.1,175.0,175.2,14887
2020-09-10,176.2,178.3,176.0,176.6,15549
2020-09-13,175.2,177.0,174.0,174.4,32199
2020-09-14,174.4,176.0,173.0,173.3,16668
2020-09-15,173.3,176.4,172.3,173.6,21410
2020-09-16,174.0,178.0,174.0,175.2,11475
2020-09-17,175.2,177.1,173.5,174.8,18779
2020-09-20,175.1,175.3,172.3,172.7,14400
2020-09-21,172.2,172.2,166.0,168.2,24483
2020-09-22,169.1,169.1,165.0,166.2,6389
2020-09-23,168.9,168.9,160.3,163.8,5768
2020-09-24,161.8,167.1,161.0,163.6,7354
2020-09-27,163.7,163.7,160.3,161.0,4136
2020-09-28,164.0,165.0,161.2,162.8,7482
2020-09-29,163.0,163.0,160.2,161.0,5070
2020-09-30,162.0,162.0,158.1,158.9,9330
2020-10-01,159.9,161.6,156.5,160.2,8158
2020-10-04,158.1,161.5,155.1,157.3,8409
2020-10-05,155.3,156.0,151.4,152.2,8372
2020-10-06,157.0,157.0,150.0,151.0,6499
2020-10-07,151.9,152.5,150.5,151.7,5869
2020-10-08,152.2,160.3,152.2,157.8,7465
2020-10-11,157.8,158.0,154.0,154.1,12821
2020-10-12,150.5,152.8,150.5,150.8,3542
2020-10-13,150.9,153.0,149.5,151.8,2106
2020-10-14,150.7,164.9,150.7,154.7,7919
2020-10-15,156.1,156.5,152.1,152.6,4707
2020-10-18,152.6,154.0,151.5,151.9,7255
2020-10-19,152.1,155.0,150.5,151.0,11690
2020-10-20,151.0,154.0,150.2,150.9,10892
2020-10-21,153.1,153.2,149.6,149.9,7964
2020-10-22,149.5,153.0,148.0,148.8,17287
2020-10-25,148.9,148.9,144.3,145.2,11550
2020-10-27,145.4,147.5,144.3,144.3,15390
2020-10-28,144.3,144.4,144.3,144.3,16719
2020-10-29,144.3,146.9,144.3,144.8,15055
2020-11-01,144.6,146.3,144.3,144.3,7452
2020-11-02,144.3,146.0,144.3,144.3,11640
2020-11-03,144.3,146.3,144.3,144.3,10642
2020-11-04,144.4,146.9,144.3,144.4,6227
2020-11-05,144.3,144.3,144.3,144.3,2348
2020-11-08,144.3,144.3,144.3,144.3,257
2020-11-09,144.3,144.3,144.3,144.3,216
2020-11-10,144.3,144.3,144.3,144.3,74
2020-11-11,144.3,144.3,144.3,144.3,549
2020-11-12,144.3,144.3,144.3,144.3,736
2020-11-15,144.3,144.3,144.3,144.3,4597
2020-11-16,144.3,144.3,144.3,144.3,176
2020-11-17,144.3,144.3,144.3,144.3,202
2020-11-18,144.3,144.3,144.3,144.3,601
2020-11-19,144.3,144.3,144.3,144.3,1175
2020-11-22,144.3,144.3,144.3,144.3,9090
2020-11-23,144.3,144.3,144.3,144.3,383
2020-11-24,144.3,144.3,144.3,144.3,261
2020-11-25,144.3,144.3,144.3,144.3,105
2020-11-29,144.3,144.3,144.3,144.3,585
2020-11-30,144.3,144.3,144.3,144.3,35
2020-12-01,144.3,144.3,144.3,144.3,189
2020-12-02,144.3,144.3,144.3,144.3,466
2020-12-03,144.3,144.3,144.3,144.3,3169
2020-12-06,144.3,144.3,144.3,144.3,1536
2020-12-07,144.3,144.3,144.3,144.3,1040
2020-12-08,144.3,144.3,144.3,144.3,613
2020-12-09,144.3,144.3,144.3,144.3,1209
2020-12-10,144.3,144.3,144.3,144.3,2461
2020-12-13,144.3,144.3,144.3,144.3,4826
2020-12-14,144.3,153.2,144.3,148.6,35069
2020-12-15,152.6,160.0,152.6,156.8,42050
2020-12-17,159.9,159.9,150.6,152.1,12009
2020-12-20,153.5,153.5,145.0,146.2,9917
2020-12-21,149.0,149.0,144.3,144.4,30423
2020-12-22,144.4,147.1,144.3,144.3,12698
2020-12-23,144.3,144.3,144.3,144.3,1878
2020-12-24,144.3,147.9,144.3,144.3,30571
2020-12-27,144.3,147.0,144.3,144.5,22111
2020-12-28,147.5,149.5,144.7,146.5,19938
2020-12-29,149.2,150.0,145.2,145.9,17644
2020-12-30,148.7,148.7,144.5,144.5,24194
2021-01-03,144.9,146.4,144.3,144.9,44254
2021-01-04,145.0,146.4,144.3,145.5,27486
2021-01-05,144.3,147.2,144.3,144.5,36804
2021-01-06,144.3,145.9,144.3,144.5,31165
2021-01-07,144.4,145.0,144.3,144.5,18008
2021-01-10,144.5,144.6,144.3,144.3,12364
2021-01-11,144.3,144.5,144.3,144.3,18995
2021-01-12,144.3,144.3,144.3,144.3,10608
2021-01-13,144.3,144.3,144.3,144.3,1875
2021-01-14,144.3,144.3,144.3,144.3,1762
2021-01-17,144.3,144.3,144.3,144.3,7764
2021-01-18,144.3,144.3,144.3,144.3,366
2021-01-19,144.3,144.3,144.3,144.3,3436
2021-01-20,144.3,144.3,144.3,144.3,376
2021-01-21,144.3,144.3,144.3,144.3,1
2021-01-24,144.3,144.3,144.3,144.3,85
2021-01-25,144.3,144.3,144.3,144.3,260
2021-01-26,144.3,144.3,144.3,144.3,457
2021-01-27,144.3,144.3,144.3,144.3,74
2021-01-28,144.3,144.3,144.3,144.3,106
2021-01-31,144.3,144.3,144.3,144.3,835
2021-02-01,144.3,144.3,144.3,144.3,375
2021-02-02,144.3,144.3,144.3,144.3,564
2021-02-03,144.3,144.3,144.3,144.3,163
2021-02-04,144.3,144.3,144.3,144.3,5
2021-02-07,144.3,144.3,144.3,144.3,680
2021-02-08,144.3,144.3,144.3,144.3,168
2021-02-09,144.3,144.3,144.3,144.3,470
2021-02-10,144.3,144.3,144.3,144.3,20
2021-02-14,144.3,144.3,144.3,144.3,11
2021-02-15,144.3,144.3,144.3,144.3,1441
2021-02-18,144.3,144.3,144.3,144.3,25610
2021-02-22,144.3,144.3,144.3,144.3,1010
2021-02-23,144.3,144.3,144.3,144.3,135
2021-02-24,144.3,144.3,144.3,144.3,501
2021-02-25,144.3,144.3,144.3,144.3,50
2021-02-28,144.3,144.3,144.3,144.3,40
2021-03-01,144.3,144.3,144.3,144.3,15
2021-03-02,144.3,144.3,144.3,144.3,260
2021-03-03,144.3,144.3,144.3,144.3,392
2021-03-04,144.3,144.3,144.3,144.3,292
2021-03-07,144.3,144.3,144.3,144.3,505
2021-03-08,144.3,144.3,144.3,144.3,50
2021-03-09,144.3,144.3,144.3,144.3,55
2021-03-15,144.3,144.3,144.3,144.3,110
2021-03-16,144.3,144.3,144.3,144.3,9197
2021-03-18,144.3,149.4,144.3,144.3,89838
2021-03-21,144.4,144.4,144.3,144.3,3274
2021-03-22,144.3,144.3,144.3,144.3,225
2021-03-23,144.3,144.3,144.3,144.3,203
2021-03-24,144.3,144.3,144.3,144.3,105
2021-03-25,144.3,144.3,144.3,144.3,560
2021-03-28,144.3,144.3,144.3,144.3,370
2021-03-29,144.3,144.3,144.3,144.3,97
2021-03-31,144.3,144.3,144.3,144.3,100
2021-04-04,144.3,144.3,144.3,144.3,50
2021-04-05,144.3,144.3,144.3,144.3,300
2021-04-06,144.3,144.3,144.3,144.3,61
2021-04-08,144.3,144.3,144.3,144.3,366
2021-04-12,144.3,144.3,144.3,144.3,3
2021-04-18,144.3,144.3,144.3,144.3,120
2021-04-21,144.3,144.3,144.3,144.3,50
2021-04-25,144.3,144.3,144.3,144.3,100
2021-04-28,144.3,144.3,144.3,144.3,8
2021-04-29,144.3,144.3,144.3,144.3,200
2021-05-02,144.3,144.3,144.3,144.3,350
2021-05-04,144.3,144.3,144.3,144.3,102
2021-05-05,144.3,144.3,144.3,144.3,150
2021-05-09,144.3,144.3,144.3,144.3,200
2021-05-11,144.3,144.3,144.3,144.3,704
2021-05-12,144.3,144.3,144.3,144.3,269
2021-05-16,144.3,144.3,144.3,144.3,7800
2021-05-17,144.3,144.3,144.3,144.3,1017
2021-05-18,144.3,144.3,144.3,144.3,1555
2021-05-19,144.3,144.3,144.3,144.3,233
2021-05-20,144.3,144.3,144.3,144.3,565
2021-05-23,144.3,144.3,144.3,144.3,434
2021-05-24,144.3,144.3,144.3,144.3,4930
2021-05-25,144.3,148.3,144.3,144.3,105357
2021-05-27,144.3,144.6,144.3,144.3,4832
2021-05-30,144.3,144.3,144.3,144.3,12423
2021-05-31,144.3,144.3,144.3,144.3,7097
2021-06-01,144.3,144.3,144.3,144.3,4121
2021-06-02,144.3,144.3,144.3,144.3,258
2021-06-03,144.3,144.3,144.3,144.3,714
2021-06-06,141.5,141.5,141.5,141.5,447
2021-06-07,138.7,145.5,138.7,139.1,61892
2021-06-08,136.6,153.0,136.6,153.0,132905
2021-06-09,161.0,163.1,152.5,154.8,66002
2021-06-10,155.9,163.4,152.1,154.7,56041
2021-06-13,154.7,159.3,151.7,151.7,43129
2021-06-14,150.0,151.5,148.7,148.7,27109
2021-06-15,153.9,153.9,145.8,145.9,25326
2021-06-16,149.5,152.9,143.1,148.2,29553
2021-06-17,147.5,150.9,145.3,145.3,14584
2021-06-20,149.5,151.6,142.6,150.3,28228
2021-06-21,151.7,151.8,145.0,146.7,19574
2021-06-22,149.9,152.2,145.0,150.8,38042
2021-06-23,152.5,160.0,151.0,156.6,95902
2021-06-24,162.8,162.8,149.0,150.6,30113
2021-06-27,154.9,154.9,144.0,145.5,29492
2021-06-28,145.0,150.8,143.5,147.5,22321
2021-06-29,151.0,151.5,148.0,149.0,24898
2021-06-30,151.9,151.9,146.1,148.1,24133
2021-07-05,147.6,151.9,145.0,145.7,30884
2021-07-06,145.0,147.9,143.0,144.4,23317
2021-07-07,144.5,148.0,144.5,145.3,13389
2021-07-08,148.0,156.9,148.0,154.2,80486
2021-07-12,156.8,162.0,154.3,160.5,84238
2021-07-13,160.0,160.5,153.3,154.4,47608
2021-07-14,155.1,157.8,152.2,156.0,16526
2021-07-15,153.6,162.7,153.6,158.3,55233
2021-07-18,162.0,174.1,160.0,172.9,98739
2021-07-19,173.3,176.9,165.3,167.4,74962
2021-07-25,168.8,174.9,164.2,172.6,50920
2021-07-26,175.5,175.5,164.2,166.2,39941
2021-07-27,169.7,169.8,164.2,165.0,32022
2021-07-28,169.0,174.8,165.0,172.4,63343
2021-07-29,173.0,174.8,169.5,170.2,37359
2021-08-02,169.0,184.9,168.0,179.3,101957
2021-08-03,182.8,197.2,180.5,193.9,237292
2021-08-05,192.1,213.2,192.1,213.2,145393
2021-08-09,214.0,231.8,213.9,231.8,183907
2021-08-10,235.0,246.6,226.1,227.5,238513
2021-08-11,230.0,234.9,213.0,220.1,88318
2021-08-12,229.1,235.0,226.0,233.7,67796
2021-08-16,235.0,242.0,225.0,227.1,74085
2021-08-17,227.1,227.1,216.2,218.5,83928
2021-08-18,218.5,225.0,216.7,220.7,50088
2021-08-19,220.7,224.5,217.1,219.1,40039
2021-08-22,224.7,224.7,216.0,216.9,46418
2021-08-23,220.0,220.0,208.0,211.0,67989
2021-08-24,208.0,214.0,208.0,211.4,20875
2021-08-25,212.1,219.0,212.0,216.4,40569
2021-08-26,216.4,216.6,212.2,214.6,22498
2021-08-29,221.6,228.0,217.8,223.1,66790
2021-08-31,223.1,225.6,216.0,217.9,33082
2021-09-01,218.0,227.0,218.0,224.2,37938
2021-09-02,227.9,243.8,225.1,240.5,141495
2021-09-05,234.9,259.0,234.9,242.5,119916
2021-09-06,242.5,244.0,231.0,232.6,67799
2021-09-07,236.0,236.6,227.4,230.1,71966
2021-09-08,230.0,248.0,230.0,239.7,89370
2021-09-09,237.1,243.0,230.3,233.7,98046
2021-09-12,237.9,242.8,225.0,230.6,83531
2021-09-13,230.6,232.8,228.0,230.6,29008
2021-09-14,231.4,235.0,220.1,222.6,43140
2021-09-15,227.9,230.0,220.0,223.0,39345
2021-09-16,229.4,230.0,223.0,225.3,33828
2021-09-19,226.3,230.0,220.0,221.6,36504
2021-09-20,228.9,228.9,220.0,221.5,51927
2021-09-21,221.5,224.0,218.5,219.4,35194
2021-09-22,219.4,220.5,215.1,215.9,27438
2021-09-23,218.0,220.4,216.2,217.0,28894
2021-09-26,221.7,221.7,210.2,215.1,22947
2021-09-27,215.1,221.0,213.2,218.1,19835
2021-09-28,223.9,223.9,218.0,218.5,48123
2021-09-29,220.0,222.0,215.0,215.8,11891
2021-09-30,216.0,220.8,205.0,218.4,44577
2021-10-03,220.5,223.0,215.2,216.8,18547
2021-10-04,219.9,220.0,212.0,212.3,13372
2021-10-05,213.0,213.0,201.0,202.2,31148
2021-10-06,203.0,207.8,202.0,204.3,19439
2021-10-07,204.3,204.3,192.7,193.8,35239
2021-10-10,195.0,202.3,193.0,201.5,14218
2021-10-11,207.0,218.8,205.0,213.0,32491
2021-10-12,214.9,215.0,204.0,205.8,12120
2021-10-13,211.0,211.0,197.1,200.3,9544
2021-10-14,200.0,202.9,196.3,200.4,8047
2021-10-17,203.9,209.5,200.0,200.0,7990
2021-10-18,200.0,201.0,188.3,191.8,28550
2021-10-19,198.0,198.0,185.0,186.0,15644
2021-10-21,187.3,192.0,182.2,186.0,14695
2021-10-24,184.0,194.8,178.0,180.0,12891
2021-10-25,184.9,184.9,166.7,170.2,17275
2021-10-26,172.4,185.0,170.6,182.1,11746
2021-10-27,183.3,194.8,183.3,190.5,21163
2021-10-28,194.4,195.0,178.0,179.7,23141
2021-10-31,200.0,208.9,189.9,202.2,83124
2021-11-01,203.2,203.2,195.1,196.5,32457
2021-11-02,190.6,208.9,190.6,204.8,69663
2021-11-03,213.9,222.7,213.9,222.7,191134
2021-11-04,224.0,241.5,220.1,230.2,212631
2021-11-07,230.4,243.9,217.0,223.8,151248
2021-11-08,224.0,235.2,217.0,230.2,118379
2021-11-09,231.2,236.9,220.0,221.2,123974
2021-11-10,222.5,239.8,222.5,236.7,138379
2021-11-11,242.0,257.4,241.3,252.5,344403
2021-11-14,258.0,274.5,254.0,274.5,246546
2021-11-15,275.0,275.0,250.5,250.9,279676
2021-11-16,250.0,259.7,238.5,241.4,127149
2021-11-17,245.8,252.0,231.1,244.0,187396
2021-11-18,242.0,259.5,242.0,255.3,103023
2021-11-21,258.3,258.3,241.3,242.4,111728
2021-11-23,242.4,252.4,237.0,242.4,87821
2021-11-24,239.3,244.4,221.8,222.9,117906
2021-11-25,221.2,235.8,221.2,233.9,86861
2021-11-28,238.6,238.6,225.1,227.0,57442
2021-11-29,227.0,234.8,225.0,225.9,35557
2021-11-30,227.1,229.0,220.0,220.6,36134
2021-12-01,224.0,227.9,222.0,223.6,37881
2021-12-02,222.2,225.0,220.0,221.1,42469
2021-12-05,221.7,240.4,221.7,238.6,99310
2021-12-06,244.0,255.0,243.5,251.9,108405
2021-12-07,250.1,258.6,245.0,249.1,122795
2021-12-08,250.0,270.8,248.8,261.0,188637
2021-12-09,269.6,283.8,263.5,283.8,191469
2021-12-12,307.9,307.9,289.0,292.6,267290
2021-12-13,294.0,294.0,272.2,276.3,179040
2021-12-14,276.3,295.0,272.0,288.1,192643
2021-12-15,287.3,305.0,285.0,302.2,225790
2021-12-19,300.0,305.0,285.2,289.4,156780
2021-12-20,293.0,305.0,285.1,295.4,182528
2021-12-21,301.0,310.9,296.6,306.0,174870
2021-12-22,305.9,316.0,287.0,292.6,237348
2021-12-23,290.0,295.6,281.0,283.8,135142
2021-12-26,284.0,292.1,271.9,273.8,93021
2021-12-27,278.0,285.0,263.1,264.0,119835
2021-12-28,269.7,272.0,261.2,267.7,105663
2021-12-29,266.5,284.8,266.5,279.1,116752
2021-12-30,280.6,285.0,276.0,277.2,92706
2022-01-02,280.3,293.9,280.2,288.8,132211
2022-01-03,292.1,297.0,276.2,279.1,101897
2022-01-04,279.0,292.9,277.0,291.2,116960
2022-01-05,291.5,299.9,282.8,285.1,110796
2022-01-06,282.2,289.9,275.0,276.9,88639
2022-01-09,277.0,292.8,276.6,291.0,141252
2022-01-10,293.2,298.0,285.1,290.2,114862
2022-01-11,288.1,291.5,281.0,281.9,108584
2022-01-12,288.0,288.0,277.8,279.0,96572
2022-01-13,277.5,303.4,277.5,303.4,195846
2022-01-16,309.0,329.9,309.0,329.9,111629
2022-01-17,343.6,345.0,320.0,324.0,187845
2022-01-18,325.5,350.0,325.5,347.7,214707
2022-01-19,340.7,359.0,336.2,339.4,119520
2022-01-20,336.2,359.0,336.2,351.3,149330
2022-01-23,345.4,382.0,345.4,376.2,216939
2022-01-24,381.1,386.0,365.9,372.3,166594
2022-01-25,381.2,388.0,368.0,373.0,160705
2022-01-26,375.0,377.0,352.0,356.4,162422
2022-01-27,370.0,378.0,355.2,359.1,337575
2022-01-30,361.0,390.5,351.4,389.7,258665
2022-01-31,390.0,409.0,382.6,389.4,208080
2022-02-01,388.7,408.0,381.5,391.9,197892
2022-02-02,393.4,399.3,382.0,384.2,120572
2022-02-03,385.2,394.9,382.2,384.5,116649
2022-02-06,388.0,394.5,373.7,376.4,96732
2022-02-07,372.1,384.8,366.0,368.7,72236
2022-02-08,367.0,385.0,367.0,378.5,84297
2022-02-09,383.0,396.0,379.1,381.4,141813
2022-02-10,382.5,394.9,380.1,391.4,87910
2022-02-13,395.0,425.0,395.0,422.4,246720
2022-02-14,426.0,428.9,406.3,409.3,108784
2022-02-15,409.3,438.0,409.3,431.2,164294
2022-02-16,431.2,443.9,426.0,433.9,167647
2022-02-17,433.9,438.3,425.0,428.7,136400
2022-02-20,428.7,438.9,425.0,428.0,88264
2022-02-22,425.5,433.9,420.3,422.6,81106
2022-02-23,418.5,428.0,410.2,413.6,103145
2022-02-24,412.0,417.0,400.0,402.9,113599
2022-02-27,404.1,408.9,387.0,392.5,122663
2022-02-28,394.0,404.3,390.0,391.2,64267
2022-03-01,391.6,403.9,387.7,391.6,45823
2022-03-02,391.5,397.0,381.1,383.1,44256
2022-03-03,387.9,389.0,378.0,383.9,34109
2022-03-06,384.1,396.0,381.4,384.4,50981
2022-03-07,383.4,393.9,362.0,366.2,52347
2022-03-08,374.0,374.0,350.0,359.9,110866
2022-03-09,363.3,384.0,363.3,381.7,55907
2022-03-10,382.0,386.7,374.1,374.1,69425
2022-03-13,377.5,377.5,366.7,369.6,67281
2022-03-14,365.3,384.0,365.3,375.8,65262
2022-03-15,370.3,379.9,369.3,376.5,57644
2022-03-16,376.6,409.4,375.0,408.6,173574
2022-03-20,416.0,421.0,406.1,408.5,163835
2022-03-21,408.0,444.2,404.0,440.5,210794
2022-03-22,450.0,474.7,445.0,458.7,222017
2022-03-23,455.0,472.0,449.8,453.8,162543
2022-03-24,457.9,488.0,453.0,482.0,191903
2022-03-27,483.0,497.6,478.1,490.4,140181
2022-03-28,492.0,504.0,481.1,483.0,195857
2022-03-29,481.0,489.4,473.4,473.4,102069
2022-03-30,474.9,489.7,464.2,484.8,123036
2022-03-31,487.1,520.0,487.1,510.5,170811
2022-04-03,511.0,521.0,505.2,514.9,114320
2022-04-04,515.2,542.0,511.7,538.9,148422
2022-04-05,540.5,553.9,528.2,528.2,172212
2022-04-06,522.0,524.9,517.7,517.7,36637
2022-04-07,507.4,507.4,507.4,507.4,21967
2022-04-10,497.3,534.3,497.3,518.9,229357
2022-04-11,520.0,538.0,520.0,528.5,93140
2022-04-12,530.2,535.0,518.0,518.0,133332
2022-04-13,508.0,523.1,507.7,518.3,126302
2022-04-17,520.0,523.7,508.0,508.0,72596
2022-04-18,497.9,497.9,497.9,497.9,11676
2022-04-19,488.0,494.0,488.0,488.0,82397
2022-04-20,482.0,494.8,478.3,481.3,136220
2022-04-21,481.3,488.0,460.0,472.0,99331
2022-04-24,472.0,478.0,460.0,461.7,96464
2022-04-25,462.2,462.2,438.7,438.7,128906
2022-04-26,425.5,445.9,416.8,417.0,239510
2022-04-27,397.0,435.0,397.0,428.7,194811
2022-04-28,427.9,435.0,411.3,414.7,108835
2022-05-05,410.0,410.0,394.0,394.0,77095
2022-05-08,376.1,398.6,376.0,382.1,147956
2022-05-09,384.0,391.8,379.0,385.5,134044
2022-05-10,387.6,395.0,375.5,378.4,101152
2022-05-11,378.4,378.4,359.5,359.6,186324
2022-05-12,359.0,360.1,341.7,342.4,172272
2022-05-16,343.0,344.0,325.3,325.3,130082
2022-05-17,323.8,334.9,312.0,326.3,135478
2022-05-18,334.9,352.9,329.3,330.9,171246
2022-05-19,329.0,344.6,321.0,327.9,133587
2022-05-22,322.2,336.3,312.5,319.6,84212
2022-05-23,330.0,339.0,325.0,326.9,76700
2022-05-24,330.0,334.9,312.0,314.4,80056
2022-05-25,314.9,314.9,298.7,301.2,84854
2022-05-26,299.9,303.0,295.2,296.4,89993
2022-05-29,308.0,322.3,303.2,322.3,82766
2022-05-30,329.8,349.8,329.8,335.4,199425
2022-05-31,331.5,355.0,331.4,347.6,143539
2022-06-01,355.1,378.0,355.1,376.6,165832
2022-06-02,379.0,385.0,369.1,370.8,173256
2022-06-05,370.0,373.0,363.4,363.4,110697
2022-06-06,361.1,375.0,358.3,360.6,96763
2022-06-07,362.6,366.0,353.4,353.4,96369
2022-06-08,360.0,360.0,347.1,352.7,107857
2022-06-09,359.0,375.0,353.3,373.2,120318
2022-06-12,373.2,390.9,371.4,378.3,184661
2022-06-13,380.0,386.7,375.5,381.7,149953
2022-06-14,388.0,392.0,374.1,374.1,151375
2022-06-15,378.9,378.9,366.7,366.7,83936
2022-06-16,371.8,371.8,359.4,359.6,103371
2022-06-19,366.5,370.0,352.6,363.2,92089
2022-06-20,357.0,373.7,357.0,369.4,103582
2022-06-21,368.1,372.0,362.1,362.1,66564
2022-06-22,354.9,361.7,354.9,356.9,57962
2022-06-23,355.0,362.9,353.2,355.0,41630
2022-06-26,355.0,359.0,348.1,348.6,54997
2022-06-27,344.1,359.3,342.0,351.9,73501
2022-06-28,356.0,369.0,344.9,345.6,81485
2022-06-29,348.0,350.9,339.1,344.8,85594
2022-06-30,349.0,352.0,341.2,342.2,49566
2022-07-03,349.8,349.8,338.0,339.3,53543
2022-07-04,344.0,344.0,337.0,338.5,39844
2022-07-05,342.0,346.0,340.0,341.6,52573
2022-07-06,341.8,344.8,339.5,340.0,40178
2022-07-07,340.0,341.9,338.0,339.6,29334
2022-07-12,340.0,345.0,335.1,336.9,26074
2022-07-13,336.0,338.5,331.1,331.7,35666
2022-07-14,332.0,358.0,332.0,357.2,115710
2022-07-17,358.0,367.0,351.0,353.9,84009
2022-07-18,353.9,353.9,346.9,346.9,48280
2022-07-19,340.0,340.0,340.0,340.0,7787
2022-07-20,333.2,341.8,333.2,334.6,55212
2022-07-21,350.0,350.0,328.0,328.5,35701
2022-07-24,327.0,329.0,322.0,322.0,23979
2022-07-25,316.1,325.9,315.6,323.7,65240
2022-07-26,329.0,331.0,317.3,318.4,35404
2022-07-27,318.5,320.0,312.1,312.1,29667
2022-07-28,306.0,306.1,305.9,305.9,24227
2022-07-31,316.5,321.0,316.4,316.8,33340
2022-08-01,317.2,332.8,316.4,327.1,83826
2022-08-02,330.0,335.4,326.0,330.2,64703
2022-08-03,334.4,334.4,321.4,323.1,76973
2022-08-04,322.0,325.0,318.1,319.8,70066
2022-08-07,316.4,320.0,316.4,316.4,79732
2022-08-08,316.5,321.9,316.4,316.5,31170
2022-08-10,318.0,319.9,316.4,316.4,36315
2022-08-11,316.5,316.5,316.4,316.4,22080
2022-08-14,316.4,324.9,316.4,319.3,50420
2022-08-16,325.0,335.0,322.2,334.0,136503
2022-08-17,336.0,342.0,328.0,328.4,84451
2022-08-21,320.1,344.7,320.1,342.6,138269
2022-08-22,345.7,349.5,338.0,340.8,99898
2022-08-23,346.9,366.0,337.0,349.0,181105
2022-08-24,343.1,357.9,343.1,354.1,104553
2022-08-25,354.4,373.8,354.1,370.6,163983
2022-08-28,370.6,382.4,350.3,354.7,130439
2022-08-29,354.8,361.9,348.1,350.9,90694
2022-08-30,353.0,368.0,344.0,351.2,95283
2022-08-31,362.0,366.0,351.0,361.2,100848
2022-09-01,365.0,392.8,365.0,392.8,176567
2022-09-04,427.1,427.1,405.0,411.3,365775
2022-09-05,415.2,447.2,408.0,426.5,333546
2022-09-06,440.0,462.0,431.5,453.4,258471
2022-09-07,467.0,467.0,428.0,433.8,210805
2022-09-08,420.0,438.9,412.6,414.9,149285
2022-09-11,410.4,439.9,405.0,412.8,100615
2022-09-12,416.0,433.6,416.0,427.6,65384
2022-09-13,431.7,455.0,431.7,451.5,149647
2022-09-14,460.0,471.9,438.0,447.7,160976
2022-09-15,445.1,452.6,433.1,435.8,121271
2022-09-18,435.8,447.0,421.4,426.1,95343
2022-09-19,420.1,433.8,412.2,414.9,87649
2022-09-20,419.1,429.0,397.0,399.5,205126
2022-09-21,392.5,420.0,386.3,389.1,84374
2022-09-22,401.0,410.0,386.0,393.6,72783
2022-09-25,408.0,419.9,405.0,412.8,130264
2022-09-26,420.0,437.0,415.0,418.0,116565
2022-09-27,420.1,423.5,400.0,402.5,95120
2022-09-28,400.0,413.9,389.5,392.1,96962
2022-09-29,400.0,409.2,392.0,394.3,61289
2022-10-02,403.0,408.7,395.1,398.1,60249
2022-10-03,407.8,425.9,391.0,423.6,145333
2022-10-04,431.0,440.0,418.0,421.9,127030
2022-10-06,430.0,439.0,421.1,437.4,142098
2022-10-10,435.0,458.5,423.1,431.0,195708
2022-10-11,432.0,434.9,418.1,427.0,121565
2022-10-12,434.0,464.3,434.0,464.3,278979
2022-10-13,479.8,489.0,455.1,484.2,283293
2022-10-16,494.8,526.5,494.8,526.5,183864
2022-10-17,553.0,563.8,510.0,522.0,386361
2022-10-18,539.0,561.1,524.8,561.1,308749
2022-10-19,590.0,603.1,580.1,593.4,317187
2022-10-20,638.9,638.9,495.1,509.2,627626
2022-10-23,510.0,527.0,485.7,490.4,256879
2022-10-24,489.9,489.9,450.0,457.8,183695
2022-10-25,458.0,497.8,458.0,497.5,182802
2022-10-26,466.2,541.0,466.2,540.5,361715
2022-10-27,550.0,575.0,502.0,511.2,274889
2022-10-30,492.0,515.0,472.9,473.1,179186
2022-10-31,468.1,490.0,431.7,441.6,204180
2022-11-01,442.3,480.2,442.3,480.2,96635
2022-11-02,494.0,517.0,486.3,494.2,212721
2022-11-03,500.0,527.0,485.4,502.1,220590
2022-11-06,508.0,529.9,499.3,503.3,138235
2022-11-07,503.6,517.8,480.0,485.6,175678
2022-11-08,482.1,516.0,482.1,508.2,149946
2022-11-09,520.0,542.0,518.1,529.4,254588
2022-11-13,442.8,442.8,442.8,442.8,21542
2022-11-14,469.0,469.0,404.1,404.1,382819
2022-11-15,400.0,417.9,380.1,403.8,132387
2022-11-16,405.0,426.0,405.0,422.3,147574
2022-11-17,424.0,435.0,412.4,414.4,130000
2022-11-20,406.1,414.0,378.2,384.3,139499
2022-11-21,378.1,389.0,360.0,366.6,83997
2022-11-22,379.7,391.5,372.3,388.4,57418
2022-11-23,391.0,395.0,360.0,361.8,106105
2022-11-24,355.5,377.4,355.5,372.7,54275
2022-11-27,374.8,388.0,373.0,382.0,86803
2022-11-28,383.4,398.0,365.3,368.1,111926
2022-11-29,369.1,375.8,360.0,371.3,48932
2022-11-30,372.6,403.5,372.1,399.1,129879
2022-12-01,401.7,425.0,401.7,414.0,144460
2022-12-04,419.4,428.0,405.0,408.9,151864
2022-12-05,401.0,411.0,384.3,388.6,94790
2022-12-06,402.0,407.1,383.0,399.5,94087
2022-12-07,403.0,415.8,401.5,403.7,133621
2022-12-08,405.0,405.0,388.0,395.1,123279
2022-12-11,399.0,411.5,395.0,397.6,115741
2022-12-12,397.6,424.7,396.5,416.7,267183
2022-12-13,418.1,423.4,403.0,404.8,236830
2022-12-14,404.3,419.9,401.0,412.9,192972
2022-12-15,415.0,429.9,415.0,423.8,295708
2022-12-18,424.0,435.6,417.0,419.2,221115
2022-12-19,419.4,426.0,414.5,417.4,168835
2022-12-20,417.4,425.0,401.0,403.9,130730
2022-12-21,401.3,402.0,368.6,374.3,153275
2022-12-22,356.0,387.9,356.0,372.2,94244
2022-12-26,371.1,376.0,355.0,358.6,81684
2022-12-27,354.0,358.4,330.8,347.8,83625
2022-12-28,350.0,367.5,350.0,361.2,88605
2022-12-29,355.0,374.2,355.0,365.9,90646
2023-01-01,370.0,371.8,355.0,358.2,63887
2023-01-02,360.1,360.1,340.0,341.7,73192
2023-01-03,341.7,358.0,335.2,352.9,60695
2023-01-04,359.8,364.0,356.1,361.0,66358
2023-01-05,343.0,360.3,343.0,347.4,119498
2023-01-08,336.0,349.0,336.0,343.3,84075
2023-01-09,339.1,367.0,339.1,362.5,134778
2023-01-10,355.0,376.8,355.0,362.6,149917
2023-01-11,358.0,372.5,357.0,359.4,122615
2023-01-12,361.9,365.9,349.0,351.8,118282
2023-01-15,351.3,363.0,351.2,353.8,140224
2023-01-16,355.5,384.6,355.4,378.2,247600
2023-01-17,384.0,399.0,380.0,386.6,252695
2023-01-18,381.0,389.0,366.0,369.7,212031
2023-01-19,366.4,402.0,366.4,402.0,246548
2023-01-22,414.7,419.0,395.1,400.0,265928
2023-01-23,401.0,433.7,396.4,429.0,417336
2023-01-24,429.0,447.9,414.1,424.3,470333
2023-01-25,424.4,424.4,402.8,405.1,465562
2023-01-26,408.1,421.6,397.0,401.3,212795
2023-01-29,401.3,419.5,401.3,416.7,188119
2023-01-30,418.0,439.8,414.0,420.2,311969
2023-01-31,428.0,432.6,411.9,416.3,372521
2023-02-01,420.0,436.9,415.9,434.0,237324
2023-02-02,440.0,460.0,440.0,444.1,338053
2023-02-05,442.5,469.7,442.5,455.4,318821
2023-02-06,459.0,474.9,452.2,463.9,358934
2023-02-07,474.0,474.0,454.1,456.7,294391
2023-02-08,456.7,496.6,454.0,496.6,441509
2023-02-09,510.0,516.0,496.8,499.5,469374
2023-02-12,504.0,514.8,475.0,480.4,375584
2023-02-13,481.5,505.4,477.1,502.9,241036
2023-02-14,505.1,513.7,485.8,487.2,385300
2023-02-15,483.0,494.9,472.7,475.1,260842
2023-02-16,474.0,483.9,463.9,473.6,217664
2023-02-19,476.0,480.9,432.2,437.7,231836
2023-02-20,436.5,446.8,420.2,426.2,220624
2023-02-22,433.0,449.0,432.3,439.4,182101
2023-02-23,435.5,439.9,422.7,424.0,133695
2023-02-26,427.9,427.9,399.0,403.8,156001
2023-02-27,404.1,439.1,403.1,439.1,189176
2023-02-28,441.0,460.0,441.0,452.5,219851
2023-03-01,452.5,467.7,446.7,450.4,295111
2023-03-02,450.4,486.0,441.6,475.0,353358
2023-03-05,493.0,495.8,476.1,481.9,272325
2023-03-06,482.1,493.2,471.7,475.9,276091
2023-03-07,479.0,514.9,469.0,491.4,674474
2023-03-09,495.0,499.9,476.2,479.0,329053
2023-03-12,478.7,482.6,462.2,465.6,281605
2023-03-13,469.0,482.5,465.2,469.8,151704
2023-03-14,470.0,478.0,451.5,455.7,201581
2023-03-15,452.0,462.0,440.6,443.3,164828
2023-03-16,444.0,454.5,443.0,450.0,102210
2023-03-19,454.5,474.8,453.0,460.9,219908
2023-03-20,462.1,464.0,451.6,452.7,120931
2023-03-21,455.0,468.9,455.0,466.2,126093
2023-03-22,472.0,475.0,455.3,458.1,188088
2023-03-23,457.9,474.0,453.1,471.2,135711
2023-03-27,473.9,481.8,460.1,462.1,104633
2023-03-28,464.7,464.7,452.6,456.7,98778
2023-03-29,459.9,496.6,458.0,485.7,348165
2023-03-30,498.0,528.2,498.0,528.2,909619
2023-04-02,567.0,567.8,535.0,567.8,132896
2023-04-03,610.3,610.3,590.0,610.3,95807
2023-04-04,656.0,656.0,582.0,618.6,795378
2023-04-05,639.0,665.0,610.0,665.0,283196
2023-04-06,695.0,714.8,695.0,714.8,218759
2023-04-09,746.0,767.0,676.0,687.8,487527
2023-04-10,690.1,728.0,689.9,701.5,339516
2023-04-11,710.0,730.0,648.9,648.9,302438
2023-04-12,631.3,690.0,613.0,654.5,314968
2023-04-13,665.0,703.5,664.9,703.5,158508
2023-04-16,756.2,756.2,720.0,756.2,445007
2023-04-17,780.0,805.0,740.0,790.4,338185
2023-04-18,835.0,840.0,743.0,769.1,474303
2023-04-24,750.0,815.9,750.0,810.4,208493
2023-04-25,815.0,869.7,815.0,855.9,318394
2023-04-26,855.9,865.0,835.1,855.4,234962
2023-04-27,860.0,860.0,791.3,805.4,308063
2023-04-30,799.0,838.0,771.2,806.6,257762
2023-05-02,805.0,845.0,801.0,827.3,227392
2023-05-03,835.0,885.0,833.0,870.5,271335
2023-05-07,900.0,935.7,890.3,934.4,272893
2023-05-08,961.0,961.0,908.2,925.9,182918
2023-05-09,925.0,935.0,885.0,906.6,250872
2023-05-10,910.0,928.0,890.0,916.3,161294
2023-05-11,919.0,940.0,901.0,912.1,204137
2023-05-14,882.0,882.0,843.7,843.7,171649
2023-05-15,790.0,815.0,780.5,780.5,382572
2023-05-16,725.0,788.9,722.0,754.9,583778
2023-05-17,770.0,807.0,770.0,785.9,209024
2023-05-18,779.0,782.9,727.0,732.9,324771
2023-05-21,705.1,727.0,680.5,694.8,301036
2023-05-22,699.0,746.9,699.0,746.9,250700
2023-05-23,769.0,799.0,760.0,785.8,352790
2023-05-24,792.0,816.0,761.0,769.6,306643
2023-05-25,750.0,789.8,750.0,764.3,185575
2023-05-28,779.8,779.8,722.0,737.4,219860
2023-05-29,737.4,754.8,709.0,720.1,204211
2023-05-30,730.0,770.0,725.0,755.5,265649
2023-05-31,769.9,812.1,769.9,812.1,190088
2023-06-01,873.0,873.0,813.3,817.9,588277
2023-06-04,824.0,879.2,795.0,872.7,271479
2023-06-05,900.0,920.0,866.0,877.7,247071
2023-06-06,889.0,920.0,842.6,857.0,308835
2023-06-07,870.1,884.0,846.2,858.4,164061
2023-06-08,852.3,863.7,810.0,836.9,210400
2023-06-11,847.0,899.6,821.3,837.1,155974
2023-06-12,847.0,860.0,800.0,811.0,200609
2023-06-13,819.0,823.0,810.0,811.7,97826
2023-06-14,811.7,827.8,780.0,785.7,159718
2023-06-15,788.0,807.9,771.3,800.6,76461
2023-06-18,801.3,817.4,793.0,796.2,83648
2023-06-19,769.7,817.9,769.7,813.1,150541
2023-06-20,869.8,869.8,824.9,842.0,231901
2023-06-21,851.0,865.0,829.0,856.6,214186
2023-06-22,878.0,895.0,840.0,844.6,265243
2023-06-25,846.0,846.0,818.5,822.9,128788
2023-06-26,823.0,838.8,812.5,825.9,141953
2023-07-02,827.1,831.8,811.5,815.8,67321
2023-07-03,822.9,822.9,810.1,816.4,88619
2023-07-04,817.0,823.0,794.2,796.6,118984
2023-07-05,807.0,807.0,780.0,780.7,118222
2023-07-06,780.7,787.0,770.1,773.7,106156
2023-07-09,773.9,820.0,764.2,806.4,117784
2023-07-10,815.0,826.9,779.0,789.8,145742
2023-07-11,783.1,791.4,774.0,775.8,78959
2023-07-12,780.0,818.8,778.0,801.7,168033
2023-07-13,805.0,813.0,785.0,787.1,134407
2023-07-16,782.7,814.0,780.1,807.4,151244
2023-07-17,819.0,825.0,800.1,803.6,158431
2023-07-18,810.0,816.3,784.0,786.1,140292
2023-07-19,787.3,795.0,771.5,777.4,143163
2023-07-20,779.0,799.3,775.0,779.6,105398
2023-07-23,782.2,838.0,782.2,837.9,350165
2023-07-24,845.0,858.5,802.2,809.7,165717
2023-07-25,815.0,835.5,812.0,815.9,215954
2023-07-26,823.9,823.9,799.2,802.5,143985
2023-07-27,815.0,824.7,800.0,802.6,188515
2023-07-30,798.2,815.9,795.6,799.2,106187
2023-07-31,807.3,808.8,795.0,798.5,87316
2023-08-01,800.0,818.3,800.0,813.5,136094
2023-08-02,821.0,848.0,816.5,819.8,215887
2023-08-03,822.1,827.9,809.2,812.1,83308
2023-08-06,815.0,815.0,800.6,803.5,107472
2023-08-07,808.0,814.7,804.0,811.1,90568
2023-08-08,815.9,815.9,805.2,806.6,62099
2023-08-09,806.6,820.0,806.6,809.9,90340
2023-08-10,810.0,815.1,806.1,810.7,84402
2023-08-13,816.9,816.9,768.0,777.2,154458
2023-08-14,775.0,775.0,719.0,719.1,155339
2023-08-16,701.0,704.0,665.2,665.2,159214
2023-08-17,669.0,696.0,669.0,691.4,80483
2023-08-20,698.0,730.0,639.6,718.8,210883
2023-08-21,722.0,735.0,694.0,702.8,91852
2023-08-22,700.0,750.0,681.9,741.2,232595
2023-08-23,735.0,741.0,710.0,716.5,128706
2023-08-24,701.0,748.0,695.0,727.7,152047
2023-08-27,735.0,755.0,732.0,736.6,129815
2023-08-28,740.0,776.6,740.0,764.3,187302
2023-08-29,771.9,789.0,763.3,778.5,174933
2023-08-30,770.0,778.5,755.0,761.0,163416
2023-08-31,760.0,786.7,756.0,779.7,137616
2023-09-03,790.0,813.9,790.0,808.1,234489
2023-09-04,814.0,825.0,800.0,803.1,217326
2023-09-05,810.0,814.4,801.0,803.8,117831
2023-09-07,793.1,807.9,781.5,790.0,160624
2023-09-10,790.0,797.9,735.0,751.9,118460
2023-09-11,751.5,754.9,727.0,735.9,102275
2023-09-12,737.2,761.0,737.2,751.4,103221
2023-09-13,735.2,807.7,735.2,803.0,284017
2023-09-14,818.9,824.9,780.0,785.4,291114
2023-09-17,785.4,814.0,768.0,798.5,226039
2023-09-18,807.0,817.9,783.2,789.7,153263
2023-09-19,799.0,819.9,788.0,816.8,259661
2023-09-20,824.8,865.0,821.0,858.4,318039
2023-09-21,875.0,875.0,826.0,832.5,277634
2023-09-24,830.1,835.0,810.0,815.6,163832
2023-09-25,818.0,827.8,796.6,817.1,182512
2023-09-26,823.3,834.9,806.5,808.7,192141
2023-09-27,812.0,827.8,810.0,817.6,180766
2023-10-01,823.0,834.9,805.5,808.4,203079
2023-10-02,810.0,810.0,791.2,793.7,146384
2023-10-03,799.0,811.8,789.7,794.1,102891
2023-10-04,794.1,798.9,780.1,783.3,74609
2023-10-05,776.2,808.0,773.0,803.3,142403
2023-10-08,807.0,817.7,786.1,791.3,179567
2023-10-09,786.1,798.0,782.1,784.9,104102
2023-10-10,793.0,810.0,787.0,799.1,99012
2023-10-11,805.0,832.8,805.0,824.7,240260
2023-10-12,825.0,839.8,814.3,816.3,144936
2023-10-15,819.0,823.9,810.0,813.3,121560
2023-10-16,816.0,858.0,816.0,842.8,311156
2023-10-17,850.0,853.0,795.0,804.5,343540
2023-10-18,801.0,818.0,792.0,796.4,207787
2023-10-19,798.0,810.0,790.3,794.6,185433
2023-10-22,794.6,809.0,794.6,801.0,169390
2023-10-23,791.1,801.6,783.0,796.7,160128
2023-10-25,797.0,827.2,797.0,807.0,195129
2023-10-26,810.0,818.0,798.5,809.1,150727
2023-10-29,900.0,900.0,791.2,805.1,463001
2023-10-30,802.5,802.5,746.1,752.8,265255
2023-10-31,753.0,774.7,735.0,755.5,127523
2023-11-01,760.0,767.5,729.0,733.7,168726
2023-11-02,733.8,765.3,726.1,759.2,142804
2023-11-05,764.4,779.0,750.1,757.0,131884
2023-11-06,757.0,762.4,735.0,738.2,167861
2023-11-07,738.2,746.7,729.9,731.9,113636
2023-11-08,739.9,744.8,726.0,730.7,112604
2023-11-09,730.7,739.0,714.4,716.0,114562
2023-11-12,713.0,713.0,684.0,687.3,136851
2023-11-13,688.1,718.0,635.8,637.7,245665
2023-11-14,638.0,638.0,592.0,600.3,144456
2023-11-15,555.3,569.0,555.3,555.3,336997
2023-11-19,530.0,578.0,527.0,552.7,160834
2023-11-20,556.2,563.9,511.5,514.8,92074
2023-11-21,520.0,523.3,488.0,491.4,123656
2023-11-22,493.2,534.4,482.7,534.4,126459
2023-11-23,550.0,567.1,540.0,554.1,134469
2023-11-26,548.0,595.6,548.0,594.1,177610
2023-11-27,599.0,636.9,596.0,604.2,212862
2023-11-28,605.0,613.2,585.2,596.0,182084
2023-11-29,601.0,625.0,601.0,615.4,88108
2023-11-30,618.3,629.6,592.2,599.5,123461
2023-12-03,599.5,611.8,583.0,586.3,91544
2023-12-04,586.6,600.0,581.3,584.0,84092
2023-12-05,592.0,593.8,569.0,573.0,91680
2023-12-06,577.8,581.8,551.0,555.3,80830
2023-12-07,559.5,590.0,555.9,583.7,101298
2023-12-10,599.0,605.0,574.3,581.8,76109
2023-12-11,586.8,587.7,570.1,572.1,74576
2023-12-12,577.8,584.3,574.5,577.3,54075
2023-12-13,578.0,600.0,571.0,575.9,103788
2023-12-14,575.0,584.0,566.0,568.0,64536
2023-12-17,570.7,570.7,550.5,555.5,109372
2023-12-18,570.0,590.0,569.0,576.3,76048
2023-12-19,588.0,590.0,564.5,576.3,158130
2023-12-20,580.1,588.0,570.0,572.7,82554
2023-12-21,572.1,576.9,555.0,557.1,63201
2023-12-24,555.0,568.9,555.0,559.0,82533
2023-12-27,340.0,347.3,333.0,347.3,97528
2023-12-28,370.0,375.9,351.0,353.3,143869
2024-01-01,353.5,355.0,329.0,331.1,92297
2024-01-02,328.2,343.0,325.1,327.3,78309
2024-01-03,328.0,334.9,326.4,327.3,28715
2024-01-04,331.0,331.0,327.0,327.6,44125
2024-01-08,332.0,332.9,319.7,320.7,66665
2024-01-09,320.7,321.1,316.4,316.4,123327
2024-01-10,316.4,316.4,316.4,316.4,61995
2024-01-11,316.4,328.5,316.4,321.3,131862
2024-01-14,322.0,327.6,316.5,317.0,123532
2024-01-15,317.7,322.7,316.4,317.9,168457
2024-01-16,317.9,326.1,316.4,318.1,199783
2024-01-17,323.0,323.4,317.4,320.8,150220
2024-01-18,322.0,348.8,320.1,348.2,505129
2024-01-21,330.0,364.9,322.0,358.3,327819
2024-01-22,358.0,358.5,346.2,348.1,329864
2024-01-23,349.0,355.0,340.1,341.9,192882
2024-01-24,343.0,347.0,328.7,329.8,193057
2024-01-25,340.0,355.4,335.2,340.7,326428
2024-01-28,345.0,348.9,333.0,334.4,202970
2024-01-29,334.4,340.9,328.2,331.0,113407
2024-01-30,331.2,335.0,322.6,324.1,120621
2024-01-31,328.9,338.0,324.3,325.4,119094
2024-02-01,326.0,330.8,324.4,326.6,148234
2024-02-04,328.5,341.6,328.1,334.7,224145
2024-02-05,335.6,343.3,335.0,339.5,201755
2024-02-06,339.8,369.2,339.8,369.2,373126
2024-02-07,383.0,399.0,378.0,389.7,613335
2024-02-08,390.0,396.8,371.0,372.4,424486
2024-02-11,377.9,380.0,360.0,363.1,258730
2024-02-12,364.1,391.0,364.0,384.8,398251
2024-02-13,390.0,413.6,388.9,399.8,542145
2024-02-14,402.1,408.0,384.0,385.7,297644
2024-02-15,388.0,394.0,375.9,385.0,245791
2024-02-18,387.0,395.5,379.1,381.2,173899
2024-02-19,384.9,410.0,384.9,402.1,433925
2024-02-20,411.8,414.0,395.1,405.5,264002
