Date,Open,High,Low,Close,Volume
2012-10-01,90.0,90.9,87.9,90.0,19900
2012-10-02,91.2,93.8,89.0,91.1,27800
2012-10-03,96.2,96.2,91.0,91.6,18500
2012-10-04,94.8,94.8,90.7,91.4,19400
2012-10-07,89.8,91.8,87.4,88.3,11800
2012-10-08,88.1,88.1,85.1,86.6,4200
2012-10-09,88.0,91.5,88.0,89.2,2200
2012-10-10,88.0,88.1,87.5,87.9,14300
2012-10-14,87.1,89.6,84.6,86.0,11700
2012-10-15,82.1,89.4,82.1,86.7,7300
2012-10-16,89.0,92.0,86.3,86.4,16500
2012-10-17,87.0,87.0,86.1,86.5,6800
2012-10-18,85.5,88.0,85.5,87.0,6000
2012-10-21,87.0,88.5,86.5,87.0,4700
2012-10-22,80.0,87.0,80.0,85.6,2500
2012-10-23,88.0,92.4,87.3,89.8,6700
2012-10-30,90.0,91.0,88.1,89.1,2300
2012-10-31,88.1,89.0,86.5,87.6,4500
2012-11-01,87.0,87.0,85.0,85.1,8800
2012-11-04,82.4,84.3,82.4,83.9,2200
2012-11-05,82.0,83.6,82.0,82.1,6900
2012-11-06,82.3,84.9,82.3,83.1,1300
2012-11-07,81.3,83.7,81.2,81.8,400
2012-11-08,83.0,83.0,80.0,81.1,2600
2012-11-11,77.5,80.0,77.0,78.8,6700
2012-11-12,77.5,82.0,77.5,78.5,5400
2012-11-13,80.2,80.6,80.2,80.3,2000
2012-11-14,81.0,81.0,79.0,79.1,1600
2012-11-15,81.7,81.7,80.1,81.0,1200
2012-11-18,82.0,82.0,80.1,80.9,3700
2012-11-19,79.6,79.6,78.0,78.3,5200
2012-11-20,74.9,75.5,74.8,75.0,8600
2012-11-21,75.1,77.0,75.0,75.4,3500
2012-11-22,76.1,77.1,75.0,75.5,13400
2012-11-26,74.5,75.0,72.1,73.5,3100
2012-11-27,73.5,74.0,72.6,73.3,7800
2012-11-28,70.2,71.5,70.0,70.2,6400
2012-11-29,71.5,75.5,71.5,74.9,19600
2012-12-02,76.0,76.0,73.5,74.2,8900
2012-12-03,72.0,73.7,72.0,72.1,3500
2012-12-04,71.9,72.2,71.0,71.6,4000
2012-12-05,70.0,72.0,69.5,70.3,4900
2012-12-06,70.5,70.5,69.8,70.1,7100
2012-12-09,68.8,68.8,68.8,68.8,500
2012-12-10,68.5,68.5,63.5,67.8,3500
2012-12-11,71.8,71.8,70.0,70.2,2100
2012-12-12,68.6,70.0,68.0,68.9,3900
2012-12-13,68.0,70.2,68.0,69.6,1400
2012-12-17,71.0,73.0,69.0,71.3,3000
2012-12-18,70.2,70.5,70.1,70.1,1200
2012-12-19,70.5,70.5,70.2,70.2,2500
2012-12-20,70.6,71.2,70.5,70.7,5900
2012-12-23,69.7,70.2,69.7,69.8,2100
2012-12-24,70.0,70.0,69.5,69.7,200
2012-12-26,70.0,71.0,70.0,70.2,3100
2012-12-27,71.0,71.2,70.0,71.0,4400
2012-12-30,72.0,73.7,72.0,73.4,13600
2013-01-01,71.7,72.0,70.4,71.4,3400
2013-01-02,72.0,72.0,71.0,71.6,1500
2013-01-03,71.2,71.2,71.2,71.2,500
2013-01-06,72.7,72.7,72.0,72.1,7400
2013-01-07,71.6,71.6,70.3,71.1,3000
2013-01-08,70.3,70.8,70.0,70.5,1200
2013-01-09,70.1,70.2,69.8,70.0,1000
2013-01-10,70.0,70.5,69.1,69.8,3600
2013-01-13,70.0,70.0,69.5,69.7,2800
2013-01-14,69.2,69.2,69.1,69.1,600
2013-01-15,68.1,68.1,68.0,68.0,2000
2013-01-16,68.0,68.3,68.0,68.1,1100
2013-01-17,71.0,71.1,70.0,70.7,6700
2013-01-20,69.0,70.8,69.0,69.3,500
2013-01-21,70.0,71.0,70.0,70.6,2200
2013-01-22,68.0,70.9,68.0,70.0,8600
2013-01-23,73.4,73.4,70.8,71.9,7100
2013-01-24,72.0,72.4,71.3,71.9,14100
2013-01-27,71.0,72.3,71.0,71.7,14600
2013-01-28,71.0,74.0,71.0,72.4,12100
2013-01-29,74.0,76.0,74.0,75.9,26600
2013-01-30,78.9,78.9,75.0,75.4,13100
2013-01-31,74.0,75.0,74.0,74.4,3300
2013-02-03,77.0,78.0,75.7,77.1,15700
2013-02-04,77.9,78.0,73.0,74.3,13100
2013-02-05,75.9,76.0,73.7,74.6,12900
2013-02-06,74.5,77.5,67.7,74.5,14200
2013-02-07,76.0,76.0,74.0,74.1,11400
2013-02-10,75.9,77.9,75.0,77.2,26700
2013-02-11,82.5,84.9,80.1,84.9,55700
2013-02-12,87.0,92.5,87.0,92.1,66100
2013-02-13,90.4,91.0,84.5,84.9,43800
2013-02-14,84.9,88.9,84.9,87.2,52100
2013-02-17,87.5,90.4,84.3,87.4,38300
2013-02-18,91.7,91.7,87.8,89.2,26700
2013-02-19,89.4,89.4,87.0,87.9,35400
2013-02-20,88.0,88.4,85.0,85.3,58200
2013-02-24,84.0,84.0,82.2,82.6,22400
2013-02-25,85.0,85.0,77.4,79.5,13100
2013-02-26,83.1,84.8,80.6,82.2,29000
2013-02-28,68.0,69.5,66.1,67.2,37600
2013-03-03,66.0,66.0,61.1,61.5,14400
2013-03-04,60.8,63.4,60.8,62.9,6000
2013-03-05,61.1,62.9,60.0,60.6,15700
2013-03-06,61.3,61.8,61.0,61.0,7000
2013-03-07,60.3,61.7,60.2,61.2,5800
2013-03-10,61.0,61.0,60.7,60.8,20000
2013-03-11,59.9,59.9,57.5,58.0,2600
2013-03-12,57.4,58.0,56.0,57.2,7000
2013-03-13,58.0,59.3,58.0,58.3,3600
2013-03-14,58.0,60.0,58.0,59.5,11400
2013-03-18,58.0,59.4,58.0,58.9,6200
2013-03-19,60.7,60.7,59.5,59.6,5100
2013-03-20,59.5,59.6,57.5,57.8,4700
2013-03-24,58.0,58.0,55.8,56.6,7000
2013-03-25,56.6,57.5,56.5,56.6,3700
2013-03-27,53.9,54.6,53.9,54.4,600
2013-03-28,53.6,56.8,53.6,55.5,6100
2013-03-31,54.5,55.0,54.3,54.5,5200
2013-04-01,52.3,52.6,52.3,52.5,3400
2013-04-02,51.5,52.8,51.3,52.3,7300
2013-04-03,52.5,53.0,52.0,52.1,12000
2013-04-04,51.4,51.6,51.3,51.3,10600
2013-04-07,50.1,52.0,50.1,51.8,14900
2013-04-08,52.4,54.8,52.1,52.9,7000
2013-04-09,54.1,57.5,54.1,56.3,37000
2013-04-10,57.5,58.0,56.9,57.2,14200
2013-04-11,57.0,58.5,57.0,57.8,21400
2013-04-15,57.6,59.6,57.6,58.8,12500
2013-04-16,57.2,59.0,57.2,58.1,15300
2013-04-17,55.1,58.6,55.1,56.9,1900
2013-04-18,57.0,60.0,56.7,58.6,13800
2013-04-21,59.0,59.7,58.1,58.9,16400
2013-04-22,57.2,60.2,57.2,59.7,9500
2013-04-23,60.0,64.0,59.7,62.9,20300
2013-04-24,63.0,66.3,63.0,65.5,16100
2013-04-25,63.5,67.0,63.5,66.4,21500
2013-04-28,65.0,65.0,64.1,64.6,13700
2013-04-29,66.1,67.0,65.0,66.7,12800
2013-04-30,68.0,68.1,67.0,67.8,24000
2013-05-02,67.8,67.9,67.0,67.2,4100
2013-05-05,67.0,67.0,64.5,65.2,10000
2013-05-06,64.0,66.0,64.0,65.1,4900
2013-05-07,67.2,67.2,64.6,66.8,15700
2013-05-08,65.2,65.4,65.2,65.2,1700
2013-05-09,66.0,67.5,66.0,67.3,32500
2013-05-12,68.1,69.0,67.8,68.0,18200
2013-05-13,74.8,74.8,73.4,74.8,128400
2013-05-14,80.0,82.0,75.4,78.4,124800
2013-05-15,80.0,80.0,75.0,77.0,24900
2013-05-16,77.0,79.5,76.5,77.4,64100
2013-05-19,77.0,77.7,75.1,77.2,58700
2013-05-20,77.7,78.2,75.5,75.9,34200
2013-05-21,76.8,77.1,74.0,76.2,33600
2013-05-22,75.0,76.8,72.4,73.2,38200
2013-05-26,74.0,74.0,72.5,72.6,18500
2013-05-27,73.0,75.3,73.0,75.0,34000
2013-05-28,75.7,79.9,74.8,77.2,59800
2013-05-29,77.0,78.9,76.5,77.5,32300
2013-05-30,77.4,78.0,77.0,77.5,48300
2013-06-02,77.5,78.9,77.4,78.4,51100
2013-06-03,78.8,79.9,77.2,79.2,42000
2013-06-04,77.2,79.4,77.2,78.6,27400
2013-06-05,78.8,79.5,77.7,78.3,57900
2013-06-06,78.7,79.5,77.5,77.7,20600
2013-06-09,74.0,76.4,74.0,75.8,16300
2013-06-10,77.3,78.4,75.0,77.8,13800
2013-06-11,78.2,81.8,78.0,80.7,51300
2013-06-12,80.5,84.7,80.5,83.9,84700
2013-06-13,82.8,90.0,82.7,88.9,94400
2013-06-16,92.0,96.7,90.0,95.3,93600
2013-06-17,99.0,99.2,95.9,97.9,97900
2013-06-18,99.9,99.9,94.8,96.7,103400
2013-06-19,96.6,97.6,94.0,96.1,146400
2013-06-20,96.0,98.3,93.1,95.4,163000
2013-06-23,94.0,94.8,93.1,94.1,23900
2013-06-24,93.4,95.0,92.5,92.5,35400
2013-06-26,93.1,95.0,92.0,93.1,34400
2013-06-27,93.1,94.5,91.8,91.9,28600
2013-06-30,94.0,94.0,90.1,90.1,13000
2013-07-02,90.3,92.6,90.0,90.2,20900
2013-07-03,90.2,92.1,90.0,91.5,41600
2013-07-04,92.5,98.5,92.5,96.2,189000
2013-07-07,97.9,104.9,97.0,102.4,166800
2013-07-08,104.0,104.0,101.2,103.5,91200
2013-07-09,103.9,113.8,103.9,113.6,260800
2013-07-10,116.5,119.9,114.0,117.2,259000
2013-07-11,115.9,117.5,109.0,111.9,296700
2013-07-14,116.0,118.0,108.1,109.3,138200
2013-07-15,116.9,120.2,111.0,120.2,231500
2013-07-16,125.0,132.2,125.0,132.1,446200
2013-07-17,131.1,139.7,125.0,130.7,203800
2013-07-18,131.0,134.7,120.0,129.3,333600
2013-07-21,134.0,134.0,120.1,120.7,91800
2013-07-22,128.0,132.0,116.1,119.4,84600
2013-07-23,116.0,122.0,107.5,107.6,90000
2013-07-24,111.9,117.8,106.0,115.4,49800
2013-07-25,119.7,119.7,104.1,105.0,44900
2013-07-28,103.0,107.0,98.0,100.9,24100
2013-07-29,105.9,110.0,105.9,106.7,68400
2013-07-30,109.8,116.0,102.0,107.7,80400
2013-07-31,110.0,114.0,105.5,108.6,114000
2013-08-01,110.0,110.0,102.0,104.3,56400
2013-08-04,96.0,108.5,96.0,100.4,42800
2013-08-05,100.0,103.5,99.1,102.3,69500
2013-08-12,102.9,106.0,101.0,103.0,23700
2013-08-13,106.5,106.5,101.6,102.4,38200
2013-08-14,103.0,105.9,101.5,104.1,50700
2013-08-18,107.5,112.9,105.1,111.4,75900
2013-08-19,115.0,115.8,109.7,115.2,143000
2013-08-20,118.0,120.4,110.2,112.5,120200
2013-08-21,113.0,117.0,109.6,112.4,65900
2013-08-22,110.1,118.0,108.5,116.6,113900
2013-08-25,119.8,125.0,115.5,119.1,259500
2013-08-26,124.9,124.9,111.4,112.6,204100
2013-08-27,118.6,118.6,108.9,110.2,112000
2013-08-29,113.0,115.0,110.2,111.6,43100
2013-09-01,114.9,115.0,108.8,109.2,96000
2013-09-02,110.2,111.9,107.1,108.3,45000
2013-09-03,110.0,112.0,108.1,109.9,48800
2013-09-04,109.6,114.0,108.5,109.0,76500
2013-09-05,112.0,112.0,107.0,109.0,50100
2013-09-08,114.0,114.0,107.9,110.3,50900
2013-09-09,113.8,113.8,106.1,107.3,37400
2013-09-10,109.3,109.5,105.0,106.0,39000
2013-09-11,106.5,113.9,106.3,107.5,123200
2013-09-12,110.0,112.7,109.0,109.5,86200
2013-09-15,112.0,117.9,111.0,116.7,141000
2013-09-16,120.0,120.0,111.1,112.1,112000
2013-09-18,119.0,119.0,107.5,108.1,119100
2013-09-19,108.0,109.0,104.3,105.4,56600
2013-09-22,105.0,107.4,101.0,102.2,44900
2013-09-23,100.2,108.7,100.0,104.7,53900
2013-09-24,107.8,112.0,101.1,102.8,91000
2013-09-25,106.4,108.0,102.3,103.4,37000
2013-09-26,103.9,107.0,101.5,103.0,40500
2013-09-29,103.0,103.8,98.8,101.0,58500
2013-09-30,103.9,103.9,99.0,100.3,31600
2013-10-01,101.9,104.9,100.0,103.0,71300
2013-10-02,104.9,106.8,102.0,102.8,45600
2013-10-03,102.7,103.0,99.2,100.0,66900
2013-10-06,100.5,100.8,96.9,97.8,36700
2013-10-07,97.9,100.0,96.0,97.6,17300
2013-10-08,96.0,96.0,93.4,93.9,13100
2013-10-09,91.0,96.8,90.4,93.5,17000
2013-10-10,97.0,99.0,93.3,94.3,40600
2013-10-20,92.7,94.5,92.2,92.7,10000
2013-10-21,91.1,91.1,88.2,89.3,32200
2013-10-22,92.0,94.5,90.8,92.6,21400
2013-10-23,94.9,94.9,90.0,91.6,37700
2013-10-24,91.0,91.0,88.0,88.2,33400
2013-10-27,90.8,95.0,89.2,92.7,21500
2013-10-28,93.1,95.6,90.5,91.3,33600
2013-10-29,99.0,99.0,82.2,82.2,200300
2013-10-30,80.1,82.5,75.9,76.7,65100
2013-10-31,79.7,80.9,75.9,77.6,37100
2013-11-03,79.8,80.0,77.4,78.1,18000
2013-11-04,79.8,83.5,78.5,82.4,45200
2013-11-05,80.0,83.8,80.0,81.2,35200
2013-11-06,83.5,83.5,80.5,81.1,22700
2013-11-07,81.0,83.1,81.0,82.9,54100
2013-11-10,82.6,83.9,81.0,81.3,27900
2013-11-11,83.9,83.9,81.3,81.7,18400
2013-11-12,81.0,81.9,80.0,80.3,16600
2013-11-13,81.9,82.5,80.0,80.0,53800
2013-11-14,80.4,81.0,78.0,79.1,71600
2013-11-17,79.9,79.9,78.3,78.7,50300
2013-11-18,79.9,81.7,78.5,79.4,57400
2013-11-19,81.0,82.4,80.1,81.7,70300
2013-11-20,82.6,86.0,82.3,83.5,105200
2013-11-21,83.2,84.5,82.0,83.5,45800
2013-11-24,81.9,83.7,81.6,81.8,68200
2013-11-25,80.0,83.3,80.0,81.6,57500
2013-11-26,81.6,81.6,79.6,79.9,48400
2013-11-27,79.1,83.8,79.1,81.5,98100
2013-11-28,81.6,88.0,80.3,84.8,151200
2013-12-01,87.0,89.8,86.1,88.5,168700
2013-12-02,89.8,96.0,89.8,93.0,356900
2013-12-03,92.0,92.5,85.0,86.3,153100
2013-12-04,88.0,89.9,85.6,86.1,73800
2013-12-05,86.2,87.8,85.0,86.1,40600
2013-12-08,85.4,88.5,85.2,87.4,38700
2013-12-09,88.0,88.3,86.7,87.5,53600
2013-12-10,88.7,88.7,85.6,86.5,70600
2013-12-11,85.0,88.0,85.0,86.6,31800
2013-12-12,87.5,87.9,86.1,87.2,66600
2013-12-15,87.2,88.6,86.7,87.7,39300
2013-12-17,88.0,88.2,87.1,87.5,22000
2013-12-18,86.4,87.4,85.5,86.7,40600
2013-12-19,87.3,90.0,85.0,89.3,71600
2013-12-22,91.9,94.8,90.2,93.6,149500
2013-12-23,92.7,102.9,92.7,102.8,293600
2013-12-24,102.1,111.0,100.0,101.8,466600
2013-12-26,103.1,105.0,96.0,96.1,128700
2013-12-29,96.4,96.4,92.4,94.1,10600
2013-12-30,94.9,97.0,93.1,94.9,16300
2014-01-01,96.3,97.0,94.6,95.8,18200
2014-01-02,95.1,96.0,95.0,95.4,17300
2014-01-06,95.1,95.5,94.0,94.6,10900
2014-01-07,94.8,94.9,93.0,93.5,27900
2014-01-08,93.1,96.6,93.1,95.0,12600
2014-01-09,95.9,97.0,95.2,95.6,11300
2014-01-12,95.0,97.8,95.0,95.1,17300
2014-01-13,96.0,96.9,95.0,95.3,18400
2014-01-15,97.8,97.8,93.0,94.9,49200
2014-01-16,97.4,98.0,93.0,94.1,63900
2014-01-19,97.0,97.5,94.0,94.5,30600
2014-01-20,95.0,96.9,95.0,95.8,19800
2014-01-21,96.9,104.0,95.0,101.0,75200
2014-01-22,101.5,104.0,99.0,99.9,32500
2014-01-23,101.0,101.0,98.0,98.6,17500
2014-01-26,98.9,102.5,98.9,99.4,44100
2014-01-27,100.0,100.0,96.6,97.1,31300
2014-01-28,97.4,98.5,97.0,97.4,20300
2014-01-29,94.8,98.8,94.8,97.9,15900
2014-01-30,97.4,98.0,97.0,97.0,15000
2014-02-02,99.8,99.8,96.6,97.4,26300
2014-02-03,98.9,101.0,98.9,100.2,66400
2014-02-04,101.1,101.1,98.2,98.5,52200
2014-02-05,98.1,98.1,94.3,96.7,124300
2014-02-06,101.0,104.1,100.0,102.3,157900
2014-02-09,102.0,103.0,100.0,100.8,40700
2014-02-10,101.0,101.0,97.1,97.5,74700
2014-02-11,97.0,99.0,97.0,97.6,49600
2014-02-12,100.0,100.0,97.5,98.4,96300
2014-02-13,98.1,98.5,97.0,97.8,58800
2014-02-16,97.0,98.4,96.5,96.7,72400
2014-02-18,82.0,83.3,79.1,79.9,67100
2014-02-19,80.0,80.5,79.6,79.7,29700
2014-02-20,79.6,80.0,79.6,79.9,26700
2014-02-23,80.5,80.5,79.5,79.8,33800
2014-02-24,80.0,80.5,79.1,79.3,25100
2014-02-25,79.5,80.5,79.1,79.3,27900
2014-02-26,79.3,79.5,77.1,77.6,28300
2014-02-27,79.0,79.5,77.0,77.2,25200
2014-03-02,80.0,81.0,77.2,77.4,21600
2014-03-03,79.9,79.9,77.1,77.2,34800
2014-03-04,77.2,77.7,76.7,77.3,32900
2014-03-05,77.2,77.3,75.0,75.1,56400
2014-03-06,75.2,76.0,75.0,75.1,26700
2014-03-09,75.3,78.8,75.3,75.3,15600
2014-03-10,75.4,76.0,75.3,75.5,6900
2014-03-11,75.2,76.3,75.1,75.3,25800
2014-03-12,75.2,78.9,75.2,78.1,22800
2014-03-13,76.5,79.7,76.2,78.8,16300
2014-03-16,77.0,77.5,76.9,77.0,15300
2014-03-18,77.7,77.8,76.3,76.5,12800
2014-03-19,76.0,76.0,75.2,75.6,17300
2014-03-20,75.5,76.7,75.3,75.9,10900
2014-03-23,75.5,76.0,74.8,75.1,24500
2014-03-24,75.1,76.2,75.1,75.9,21400
2014-03-25,75.9,77.8,75.5,77.3,16800
2014-03-27,77.0,81.3,77.0,80.7,88800
2014-03-30,81.0,83.7,80.0,83.0,115400
2014-03-31,83.0,85.5,81.8,84.8,96400
2014-04-01,82.6,84.2,82.6,83.3,67700
2014-04-02,82.7,82.9,81.3,82.1,55100
2014-04-03,82.5,82.5,81.2,81.7,27300
2014-04-06,82.0,82.2,80.5,81.3,78700
2014-04-07,81.2,81.2,80.2,80.4,47300
2014-04-08,80.0,80.0,77.1,77.6,23300
2014-04-09,76.6,78.0,76.6,77.5,20700
2014-04-10,77.4,82.0,77.4,79.7,12200
2014-04-13,79.0,81.0,79.0,80.3,31700
2014-04-15,78.7,80.8,78.7,79.5,43600
2014-04-16,79.7,80.5,79.3,80.1,46800
2014-04-17,82.0,85.0,82.0,84.5,177600
2014-04-20,84.3,88.9,83.2,87.2,134800
2014-04-21,87.0,93.0,84.0,85.2,843200
2014-04-22,85.0,85.2,84.5,84.9,15600
2014-04-23,85.0,85.4,84.2,84.9,16200
2014-04-24,85.0,85.0,82.7,83.1,49400
2014-04-27,82.3,83.4,82.0,82.4,12600
2014-04-28,80.8,81.9,80.8,81.4,26700
2014-04-29,81.5,82.7,81.5,82.5,48900
2014-04-30,81.6,82.4,81.6,82.2,29900
2014-05-04,81.5,83.5,81.3,83.4,19200
2014-05-05,82.0,86.7,82.0,86.1,23800
2014-05-06,80.5,87.0,80.5,85.5,27100
2014-05-07,82.8,84.5,80.8,83.7,155100
2014-05-08,81.0,85.8,81.0,85.2,30100
2014-05-11,85.6,85.7,82.4,83.1,23100
2014-05-12,90.0,90.0,82.2,83.3,40700
2014-05-14,83.5,84.0,83.4,83.6,28100
2014-05-15,83.1,85.6,83.0,84.8,37100
2014-05-18,83.8,84.0,83.7,83.8,13900
2014-05-19,83.6,84.0,83.6,83.8,21400
2014-05-20,83.1,84.0,82.5,83.2,17800
2014-05-21,83.3,84.0,83.2,83.9,6800
2014-05-22,82.9,84.0,82.9,83.8,39100
2014-05-25,83.9,84.0,83.3,83.4,41100
2014-05-26,83.2,84.5,83.2,84.1,53800
2014-05-27,83.8,84.9,83.5,83.9,14900
2014-05-28,84.4,84.5,84.0,84.3,9300
2014-05-29,84.0,84.6,83.9,84.1,29600
2014-06-01,83.3,85.6,83.3,84.6,16500
2014-06-02,85.0,88.5,84.6,87.7,55000
2014-06-03,86.8,91.4,86.8,90.6,97900
2014-06-04,91.2,92.4,88.2,91.1,45500
2014-06-05,92.9,95.5,87.8,94.2,165600
2014-06-08,96.0,99.3,88.2,91.3,768700
2014-06-09,91.3,91.5,88.6,90.0,20000
2014-06-10,87.3,89.0,86.6,86.9,7600
2014-06-11,86.3,87.7,86.3,87.1,2600
2014-06-12,87.0,89.8,86.3,87.4,3800
2014-06-15,87.0,87.4,85.0,86.0,9300
2014-06-16,86.0,86.0,84.2,85.1,7600
2014-06-17,84.5,84.5,82.8,83.3,5900
2014-06-18,83.2,83.2,81.9,82.0,18600
2014-06-19,81.5,81.5,80.7,81.0,65300
2014-06-22,75.0,82.5,75.0,81.0,25500
2014-06-23,81.4,81.7,80.8,81.1,42100
2014-06-24,81.3,81.9,81.2,81.4,8000
2014-06-25,80.3,81.9,80.3,80.8,33200
2014-06-26,80.8,81.5,80.8,81.0,16500
2014-06-29,81.0,81.7,80.9,81.1,23800
2014-06-30,80.7,81.4,80.5,80.9,14400
2014-07-02,81.0,81.2,80.7,80.8,11000
2014-07-03,80.2,82.4,80.2,81.7,6900
2014-07-06,81.1,83.0,81.1,82.1,6500
2014-07-07,82.3,82.4,81.5,81.7,5000
2014-07-08,82.7,82.7,81.0,81.5,3700
2014-07-09,80.5,80.6,80.4,80.5,7600
2014-07-10,80.5,81.0,80.0,80.3,4600
2014-07-13,80.2,80.2,79.3,79.4,11300
2014-07-14,78.7,80.0,78.7,79.5,4700
2014-07-15,78.8,79.0,78.8,78.9,3600
2014-07-16,80.0,80.0,77.7,77.9,19400
2014-07-17,79.4,79.4,78.0,78.7,5900
2014-07-20,76.6,78.9,76.5,77.4,6100
2014-07-21,76.5,78.0,76.5,77.0,2400
2014-07-22,79.8,80.0,77.9,78.6,2400
2014-07-23,84.0,84.0,77.5,77.8,4500
2014-07-24,76.0,78.0,76.0,77.1,8200
2014-08-03,76.2,77.1,76.0,76.4,3400
2014-08-04,76.7,78.4,76.6,77.3,8800
2014-08-05,77.3,77.3,76.7,76.9,11100
2014-08-06,77.2,79.7,77.2,78.7,13600
2014-08-07,77.5,80.8,77.4,80.0,12400
2014-08-10,79.1,80.0,78.2,78.4,6200
2014-08-11,79.8,80.0,78.3,79.7,28800
2014-08-12,80.1,81.0,79.1,79.7,14300
2014-08-13,80.0,80.0,78.6,79.6,7200
2014-08-14,79.2,81.0,79.0,80.2,8500
2014-08-18,80.7,81.5,80.7,81.0,15700
2014-08-19,81.5,82.2,81.5,81.9,25800
2014-08-20,81.4,82.0,81.4,81.6,20800
2014-08-21,80.5,82.2,80.5,81.7,43100
2014-08-24,81.9,81.9,79.5,79.6,16500
2014-08-25,79.9,85.4,79.9,83.5,83700
2014-08-26,85.0,89.4,81.4,82.5,170200
2014-08-27,83.8,83.8,79.6,80.5,39400
2014-08-28,80.1,82.0,79.5,80.0,9000
2014-08-31,80.0,80.0,79.5,79.6,17100
2014-09-01,79.7,79.7,78.8,79.4,18800
2014-09-02,79.0,81.8,79.0,80.8,13300
2014-09-03,81.5,83.5,81.0,83.2,41900
2014-09-04,82.6,84.2,82.6,84.0,44600
2014-09-07,85.0,85.7,81.6,84.0,11600
2014-09-08,82.0,83.3,81.8,82.4,3600
2014-09-09,82.0,82.0,81.0,81.3,5100
2014-09-10,81.4,82.3,79.5,79.7,18300
2014-09-11,82.0,82.0,78.7,78.8,21300
2014-09-14,80.0,82.9,79.6,82.1,14200
2014-09-15,84.4,84.9,79.5,83.6,57500
2014-09-16,84.4,85.5,82.0,85.1,203700
2014-09-17,85.2,85.6,80.5,82.6,152700
2014-09-18,80.7,83.8,79.9,80.4,38300
2014-09-21,80.0,82.0,80.0,81.4,10100
2014-09-22,81.8,81.8,80.6,80.8,6600
2014-09-23,80.0,82.0,80.0,80.8,12600
2014-09-24,80.0,80.5,80.0,80.2,17500
2014-09-25,79.2,80.4,79.2,79.6,16700
2014-09-28,80.0,80.6,80.0,80.0,17700
2014-09-29,80.1,80.1,77.4,78.2,34100
2014-09-30,80.7,80.7,78.5,79.2,6200
2014-10-01,81.1,81.4,78.5,78.7,25900
2014-10-02,79.5,84.0,79.5,83.2,45700
2014-10-12,83.0,83.2,81.8,82.7,15000
2014-10-13,82.9,83.0,81.2,81.4,10200
2014-10-14,81.2,82.0,81.0,81.0,20200
2014-10-15,80.6,82.0,80.6,81.2,9700
2014-10-16,82.4,83.3,81.6,82.7,25700
2014-10-19,82.4,84.1,82.2,82.3,31700
2014-10-20,82.0,82.0,79.0,79.5,23100
2014-10-21,80.1,81.7,79.5,79.8,12800
2014-10-22,80.0,80.8,79.3,79.4,7800
2014-10-23,79.2,80.7,78.8,79.9,11300
2014-10-26,79.1,81.5,79.1,79.8,2000
2014-10-27,79.2,80.5,78.4,79.6,2600
2014-10-28,81.0,81.8,79.5,80.3,9000
2014-10-29,79.7,80.8,79.7,80.1,5900
2014-10-30,78.6,80.0,78.6,79.6,5900
2014-11-02,78.7,78.8,76.9,77.1,21500
2014-11-03,79.8,80.0,77.3,78.5,2100
2014-11-05,79.9,79.9,76.5,76.9,4500
2014-11-06,76.1,79.0,76.1,77.8,11300
2014-11-09,76.8,78.2,76.8,77.6,8000
2014-11-10,78.0,78.8,77.5,78.2,10700
2014-11-11,78.0,79.2,77.2,78.4,5500
2014-11-12,79.3,80.0,79.3,79.7,9500
2014-11-13,79.1,80.9,78.0,79.9,2700
2014-11-16,79.0,79.0,77.9,78.1,12500
2014-11-17,78.0,78.5,77.0,77.8,27500
2014-11-18,78.0,79.0,78.0,78.0,11900
2014-11-19,78.0,78.1,77.0,77.4,5000
2014-11-20,76.7,76.7,76.7,76.7,200
2014-11-23,77.1,77.3,77.0,77.1,3900
2014-11-24,76.8,76.8,76.3,76.5,5200
2014-11-25,76.3,76.3,76.1,76.2,2900
2014-11-26,76.1,76.4,76.1,76.1,2200
2014-11-27,76.1,77.0,76.1,76.1,2300
2014-11-30,78.7,78.7,76.4,76.9,1200
2014-12-01,77.9,78.0,77.0,77.3,5900
2014-12-02,78.0,78.0,76.3,76.6,4100
2014-12-03,77.5,77.7,77.0,77.1,3500
2014-12-04,76.4,76.4,76.1,76.2,2000
2014-12-07,76.0,77.0,76.0,76.1,8400
2014-12-08,76.2,76.6,76.0,76.2,1100
2014-12-09,77.0,79.0,75.8,78.8,44800
2014-12-10,76.2,77.2,76.2,76.7,2300
2014-12-11,75.5,78.0,75.5,77.1,2005
2014-12-14,75.5,76.0,75.5,75.7,3394
2014-12-15,75.0,78.0,75.0,75.5,5419
2014-12-17,75.0,77.0,74.7,76.0,6114
2014-12-18,75.2,76.7,75.2,76.4,2632
2014-12-21,76.9,79.0,75.2,76.2,6671
2014-12-22,75.5,77.0,75.5,76.4,7516
2014-12-23,75.2,77.0,75.0,75.2,6200
2014-12-24,74.8,77.3,73.5,76.8,9932
2014-12-28,76.0,76.9,73.1,75.2,6964
2014-12-29,74.0,75.5,73.0,73.7,8446
2014-12-30,73.1,74.3,73.1,74.1,3080
2015-01-01,74.0,75.4,73.9,74.1,3289
2015-01-05,78.0,78.0,73.6,75.9,2269
2015-01-06,73.5,75.0,73.5,74.8,4325
2015-01-07,75.0,76.9,75.0,75.2,7340
2015-01-08,74.5,77.0,74.1,75.8,3363
2015-01-11,78.0,78.0,74.5,74.6,2040
2015-01-12,73.5,78.0,73.0,73.2,18664
2015-01-13,74.0,76.5,71.2,71.8,33377
2015-01-14,72.0,74.4,72.0,72.9,3866
2015-01-15,75.8,75.8,71.5,72.4,4465
2015-01-18,71.8,73.5,71.5,72.4,2428
2015-01-19,72.1,73.4,71.0,71.4,4903
2015-01-20,72.8,72.8,70.0,70.3,6557
2015-01-21,69.1,69.3,69.1,69.2,3931
2015-01-22,68.8,69.8,68.4,68.9,5111
2015-01-25,67.1,67.5,67.1,67.3,2322
2015-01-26,67.2,68.0,67.2,67.5,614
2015-01-27,68.6,70.0,68.5,68.9,3097
2015-01-28,68.8,70.0,68.8,69.4,1659
2015-01-29,68.6,70.0,68.5,68.7,1762
2015-02-01,67.5,67.9,66.8,67.4,456
2015-02-02,66.8,66.8,62.0,64.5,3239
2015-02-03,63.5,63.5,62.4,62.6,8439
2015-02-04,63.0,66.0,61.6,63.2,2726
2015-02-05,63.5,64.8,63.0,63.9,1094
2015-02-08,63.4,63.8,63.4,63.4,711
2015-02-09,67.0,67.0,63.5,65.5,1169
2015-02-10,65.6,67.6,65.6,67.2,5189
2015-02-11,65.4,68.0,65.4,67.2,3680
2015-02-12,66.0,69.0,65.7,67.5,7363
2015-02-15,65.6,68.0,65.6,67.4,416
2015-02-16,71.8,71.8,66.4,67.8,1040
2015-02-17,69.0,69.0,67.0,67.9,843
2015-02-18,70.8,70.8,68.0,69.3,15689
2015-02-19,67.0,72.9,67.0,71.8,9435
2015-02-22,69.0,72.0,67.3,69.8,16646
2015-02-23,68.0,71.7,68.0,70.1,3554
2015-02-24,71.0,71.4,69.4,71.0,29358
2015-02-25,70.9,71.3,69.5,70.8,26298
2015-02-26,70.0,72.0,70.0,71.2,44664
2015-03-02,64.0,65.9,62.6,63.4,25803
2015-03-03,62.6,63.3,60.0,61.0,5011
2015-03-04,59.5,60.0,59.5,59.9,3937
2015-03-05,60.3,60.3,58.4,59.2,4561
2015-03-08,58.2,58.2,56.8,56.9,4800
2015-03-09,57.9,59.3,57.2,58.2,14142
2015-03-10,58.1,58.9,58.1,58.5,3041
2015-03-11,57.0,58.5,57.0,57.2,6118
2015-03-12,58.0,59.0,58.0,58.8,4186
2015-03-15,58.0,58.5,58.0,58.0,3162
2015-03-16,57.5,57.5,57.1,57.2,790
2015-03-18,56.5,56.7,56.3,56.5,219
2015-03-19,56.2,58.0,56.2,57.5,2117
2015-03-22,55.0,59.5,55.0,58.9,3552
2015-03-23,56.7,58.9,56.7,58.2,4041
2015-03-24,56.3,56.5,56.0,56.3,974
2015-03-25,56.5,57.5,56.5,57.2,3543
2015-03-29,57.8,58.0,56.2,56.9,6985
2015-03-30,56.0,56.9,55.9,56.0,8711
2015-03-31,57.0,57.0,57.0,57.0,7482
2015-04-01,58.9,59.5,57.0,58.3,20366
2015-04-02,57.0,57.2,57.0,57.0,1795
2015-04-05,57.0,57.0,55.0,55.4,4418
2015-04-06,54.5,57.0,54.3,56.0,9952
2015-04-07,52.0,57.0,52.0,56.0,6798
2015-04-08,54.2,56.0,54.1,55.1,6724
2015-04-09,54.2,55.9,54.2,55.0,4207
2015-04-12,53.3,55.0,52.0,52.8,4176
2015-04-13,53.0,53.5,51.0,51.8,3153
2015-04-15,52.0,54.0,51.1,53.3,4702
2015-04-16,51.8,53.5,51.8,52.7,2145
2015-04-19,52.8,53.0,51.2,51.3,9699
2015-04-20,51.5,51.7,51.5,51.7,1308
2015-04-21,51.0,51.8,49.7,50.2,4403
2015-04-22,50.0,50.6,49.1,50.0,16921
2015-04-23,48.5,53.0,48.5,49.2,13719
2015-04-26,48.1,50.0,48.1,48.2,13901
2015-04-27,49.0,49.1,48.3,48.9,6954
2015-04-29,48.3,49.0,48.3,48.9,1417
2015-04-30,48.5,49.1,48.5,48.8,2966
2015-05-04,48.1,48.5,48.0,48.4,32651
2015-05-05,48.4,50.0,48.4,48.6,5444
2015-05-06,48.6,51.5,48.6,49.4,1957
2015-05-07,48.3,49.9,48.3,49.6,4996
2015-05-10,48.3,54.5,48.3,53.8,6613
2015-05-11,55.0,59.1,55.0,57.7,65318
2015-05-12,56.0,56.3,55.1,55.5,5699
2015-05-13,52.6,59.0,52.1,55.6,25478
2015-05-14,53.0,55.5,52.1,52.2,31799
2015-05-17,52.1,52.6,50.0,50.6,26805
2015-05-18,55.6,55.6,51.3,52.9,15909
2015-05-19,52.2,54.0,50.8,51.1,61647
2015-05-20,52.0,53.0,50.6,51.2,36290
2015-05-21,54.0,54.6,52.0,53.6,37903
2015-05-24,54.0,54.2,52.8,54.0,3300
2015-05-25,52.6,55.0,52.6,54.5,18402
2015-05-26,55.9,55.9,53.5,54.3,32774
2015-05-27,55.8,55.8,53.2,54.0,15195
2015-05-28,53.5,53.8,52.2,52.7,17260
2015-05-31,51.0,57.0,51.0,53.4,19353
2015-06-01,54.6,55.7,52.3,53.6,23185
2015-06-02,55.5,55.8,52.3,52.7,11452
2015-06-04,52.0,53.7,51.9,52.6,1990
2015-06-07,52.0,53.8,52.0,52.6,13093
2015-06-08,51.7,53.0,51.7,52.5,9483
2015-06-09,51.9,53.0,51.6,52.1,28191
2015-06-10,52.0,52.1,51.4,51.5,40707
2015-06-11,51.4,53.6,51.4,51.8,5495
2015-06-14,52.9,52.9,52.0,52.1,3354
2015-06-15,49.3,50.5,49.3,50.1,3704
2015-06-16,50.7,51.0,50.6,50.8,4559
2015-06-17,49.9,50.2,49.9,49.9,514
2015-06-18,50.2,52.0,50.2,50.9,5634
2015-06-21,51.1,51.2,51.1,51.1,2515
2015-06-22,51.2,52.8,51.2,52.4,6081
2015-06-23,50.9,52.9,50.9,51.5,1337
2015-06-24,50.3,51.1,50.3,51.0,1708
2015-06-25,51.0,51.5,50.1,50.9,2530
2015-06-28,50.8,53.0,50.4,50.9,1105
2015-06-29,51.2,52.5,51.1,52.1,5288
2015-06-30,51.6,53.0,51.5,52.8,11142
2015-07-02,51.5,52.0,51.5,51.8,2189
2015-07-05,50.6,51.3,50.6,51.1,7152
2015-07-06,50.9,51.8,50.9,51.2,2665
2015-07-07,50.2,52.4,50.2,51.8,4519
2015-07-08,51.1,51.5,51.0,51.0,432
2015-07-09,50.4,51.9,50.4,51.0,5582
2015-07-12,51.1,52.5,51.0,51.4,8298
2015-07-13,51.5,53.2,51.5,52.3,18100
2015-07-14,52.0,52.5,51.8,52.0,7076
2015-07-21,51.5,52.0,51.4,51.6,35587
2015-07-22,52.0,54.9,52.0,53.0,7479
2015-07-23,52.8,53.0,52.1,52.5,6170
2015-07-26,51.2,53.0,51.2,52.0,4965
2015-07-27,52.9,53.0,52.1,52.8,4932
2015-07-28,52.2,52.2,50.6,51.4,24281
2015-07-29,50.5,52.8,50.5,51.5,9421
2015-07-30,51.9,52.0,51.0,51.8,3925
2015-08-02,51.5,51.5,50.8,50.9,32657
2015-08-03,50.1,51.2,48.5,50.0,70704
2015-08-04,50.2,53.8,50.2,53.1,36870
2015-08-05,53.0,53.2,50.1,52.7,5929
2015-08-06,52.0,57.9,50.9,57.4,334861
2015-08-09,58.0,58.0,54.9,55.8,33529
2015-08-10,53.3,54.0,53.0,53.4,11592
2015-08-11,53.0,54.0,52.1,52.4,17926
2015-08-12,52.1,53.8,52.1,53.1,5328
2015-08-13,53.0,53.8,52.6,53.4,8301
2015-08-16,52.4,53.3,52.3,52.8,12009
2015-08-17,51.3,56.2,51.3,52.9,4060
2015-08-18,52.2,52.8,52.0,52.1,2422
2015-08-19,52.5,53.0,51.6,52.1,13569
2015-08-20,50.2,53.1,50.2,52.7,15098
2015-08-23,52.0,52.9,52.0,52.6,5963
2015-08-24,52.0,52.5,51.7,52.0,3258
2015-08-25,51.3,52.5,51.3,52.0,6631
2015-08-26,51.4,52.7,51.4,51.9,2400
2015-08-27,51.4,52.1,51.4,51.7,8293
2015-08-30,51.6,52.2,51.5,51.8,9000
2015-08-31,51.3,53.0,51.3,51.8,13631
2015-09-01,51.8,52.0,51.8,51.8,3278
2015-09-02,50.3,53.4,50.3,51.5,2220
2015-09-03,51.2,52.2,51.2,51.8,3416
2015-09-06,52.0,54.0,50.6,51.0,7452
2015-09-07,51.1,52.5,51.1,52.0,8170
2015-09-08,52.8,52.8,51.0,51.2,8588
2015-09-09,52.4,52.6,51.8,52.0,32223
2015-09-10,52.7,52.7,51.0,51.5,12767
2015-09-13,51.3,52.7,51.2,52.5,37969
2015-09-14,53.0,53.5,52.6,52.9,31418
2015-09-15,50.7,53.0,50.7,51.7,31249
2015-09-16,52.5,52.5,51.2,51.3,12159
2015-09-17,52.0,52.0,50.5,50.7,47170
2015-09-20,51.8,52.4,51.1,51.9,7958
2015-09-21,51.5,52.0,51.2,51.9,8300
2015-09-22,51.2,52.0,50.8,51.2,14250
2015-09-28,51.2,52.5,51.2,52.2,2295
2015-09-29,51.4,51.9,51.3,51.3,6125
2015-09-30,51.2,52.2,51.1,51.7,15852
2015-10-01,52.0,52.3,51.7,52.1,11047
2015-10-04,51.1,52.0,51.1,51.5,2943
2015-10-05,50.5,51.5,50.5,51.1,2553
2015-10-06,51.5,51.7,51.4,51.6,12953
2015-10-07,51.7,51.7,50.9,51.1,12778
2015-10-08,51.4,51.4,50.8,51.0,11288
2015-10-11,50.7,51.0,49.6,50.6,9481
2015-10-12,50.2,51.3,50.2,51.1,11156
2015-10-13,51.5,52.5,51.5,51.8,17411
2015-10-14,51.5,51.5,50.7,51.3,1643
2015-10-15,50.4,50.4,50.3,50.4,1694
2015-10-18,50.3,50.4,49.4,49.5,9503
2015-10-19,50.0,50.0,48.0,48.3,10861
2015-10-20,50.2,50.4,48.8,49.2,6278
2015-10-21,48.4,51.0,48.2,50.4,5907
2015-10-25,49.0,52.1,49.0,51.9,41709
2015-10-26,50.1,50.2,49.8,50.0,4829
2015-10-27,50.0,50.0,50.0,50.0,1150
2015-10-28,49.2,49.2,49.2,49.2,50
2015-10-29,49.2,50.0,49.0,49.3,2625
2015-11-01,49.0,49.0,48.0,48.7,580
2015-11-02,47.2,48.5,47.2,48.1,1763
2015-11-03,49.4,49.4,47.7,47.9,19409
2015-11-04,47.2,47.7,47.2,47.6,3298
2015-11-05,48.0,48.0,46.8,47.1,19591
2015-11-08,46.8,49.0,45.2,46.1,22726
2015-11-09,45.7,47.0,45.7,46.0,5998
2015-11-10,46.1,47.0,46.1,46.5,2165
2015-11-11,46.3,47.0,45.7,46.2,6682
2015-11-12,46.7,46.7,45.9,46.0,10789
2015-11-15,47.0,47.0,46.0,46.3,420
2015-11-16,46.1,47.5,46.1,47.1,11586
2015-11-17,46.6,47.8,46.6,46.9,4370
2015-11-18,46.0,47.1,46.0,46.8,1806
2015-11-19,46.0,47.8,46.0,47.6,10319
2015-11-22,46.6,48.0,45.3,47.9,14021
2015-11-23,48.4,49.8,47.5,49.2,8855
2015-11-24,48.5,49.0,47.7,48.1,11151
2015-11-25,47.0,48.1,47.0,47.9,3223
2015-11-26,48.0,48.5,47.9,48.2,6900
2015-11-29,47.0,48.0,47.0,47.1,2666
2015-11-30,47.2,47.2,47.2,47.2,580
2015-12-01,46.9,48.4,46.8,47.4,4240
2015-12-02,47.2,48.5,47.1,47.4,5928
2015-12-03,48.3,48.6,47.4,48.4,7512
2015-12-06,48.9,50.4,48.9,49.9,21650
2015-12-07,49.0,52.4,49.0,51.6,29386
2015-12-08,51.7,53.0,51.0,52.7,36067
2015-12-09,50.2,53.9,50.2,53.3,62502
2015-12-10,53.3,53.9,51.2,53.2,26926
2015-12-13,54.3,54.3,49.9,52.1,15208
2015-12-14,49.1,52.4,49.1,51.3,6016
2015-12-15,55.0,55.9,49.2,51.3,15120
2015-12-17,50.0,50.9,48.4,49.3,3020
2015-12-20,48.5,48.6,48.0,48.2,8770
2015-12-21,50.0,53.0,50.0,53.0,213555
2015-12-22,54.1,58.3,54.1,58.2,200056
2015-12-23,57.1,57.3,55.1,55.6,139518
2015-12-24,57.8,57.8,55.0,55.7,116367
2015-12-27,56.0,56.0,52.0,53.5,49000
2015-12-28,54.0,54.0,51.8,52.2,43186
2015-12-29,52.8,55.8,52.4,55.2,62229
2015-12-30,55.5,55.5,53.3,53.7,22989
2015-12-31,53.1,54.0,52.3,53.7,32382
2016-01-03,52.7,53.3,52.3,52.5,15676
2016-01-04,54.9,54.9,52.0,52.5,11755
2016-01-05,53.9,53.9,51.6,51.9,24544
2016-01-06,51.6,53.7,51.6,53.2,39734
2016-01-07,53.3,53.4,52.5,53.0,39515
2016-01-10,54.5,54.5,52.0,52.3,32848
2016-01-11,52.5,53.4,51.6,51.8,38089
2016-01-12,52.6,52.7,51.1,51.4,61522
2016-01-13,52.8,54.1,52.8,53.8,82272
2016-01-14,54.0,55.7,53.8,54.5,73566
2016-01-17,54.8,54.8,52.9,53.4,31643
2016-01-18,53.4,54.0,52.7,53.0,35909
2016-01-19,52.7,54.0,52.4,53.1,59556
2016-01-20,53.4,53.8,52.9,53.0,18242
2016-01-21,53.1,53.5,53.0,53.0,24484
2016-01-24,53.0,54.0,52.4,53.0,16927
2016-01-25,53.0,53.7,52.8,53.0,19139
2016-01-26,53.0,55.0,53.0,54.6,77743
2016-01-27,53.9,54.5,53.0,53.7,19047
2016-01-28,54.0,54.0,52.6,53.0,26786
2016-01-31,54.5,54.5,52.3,52.7,7333
2016-02-01,53.0,53.7,52.5,52.7,42462
2016-02-02,53.0,53.8,52.7,53.3,8100
2016-02-03,52.6,52.7,52.4,52.5,11380
2016-02-04,52.5,52.5,52.2,52.5,21195
2016-02-07,52.5,52.5,51.6,52.1,7679
2016-02-08,51.5,52.5,51.5,52.0,8840
2016-02-09,51.4,52.0,51.3,51.5,5909
2016-02-10,51.5,52.0,51.2,51.3,50258
2016-02-11,51.1,52.0,50.9,51.8,33832
2016-02-14,53.5,54.7,51.2,51.6,62870
2016-02-15,52.0,52.7,50.7,51.1,50505
2016-02-16,51.4,52.0,50.8,51.2,38819
2016-02-17,52.0,52.0,51.4,51.8,26742
2016-02-18,51.5,51.8,50.8,51.4,35083
2016-02-22,51.0,52.0,49.9,51.1,27996
2016-02-23,51.0,52.0,50.6,51.1,18439
2016-02-24,51.0,51.0,49.7,50.0,36144
2016-02-25,51.2,51.2,48.9,49.0,49080
2016-02-28,49.2,50.3,48.9,49.4,24324
2016-02-29,49.5,50.5,49.5,49.9,7448
2016-03-01,50.0,51.0,50.0,50.5,22408
2016-03-02,49.0,51.8,49.0,50.0,36800
2016-03-03,50.7,51.0,50.3,50.7,71083
2016-03-07,47.7,48.2,46.3,47.0,38325
2016-03-08,46.9,47.0,45.6,45.9,33921
2016-03-09,46.0,46.0,45.8,45.9,4089
2016-03-10,46.1,46.7,46.0,46.1,10915
2016-03-13,46.0,47.0,46.0,46.6,18575
2016-03-14,47.4,47.9,47.4,47.8,6157
2016-03-15,47.5,48.4,47.1,47.7,5200
2016-03-16,47.2,47.4,47.2,47.3,2260
2016-03-20,48.5,48.5,47.3,47.7,6650
2016-03-21,48.0,48.0,46.5,46.6,7521
2016-03-22,47.0,47.0,45.5,45.7,11052
2016-03-23,46.2,46.2,45.5,45.6,7715
2016-03-24,44.9,46.9,44.9,46.5,17424
2016-03-27,45.6,47.0,45.6,46.5,4000
2016-03-28,46.0,46.0,45.1,45.8,8020
2016-03-29,45.7,46.5,44.6,45.0,16125
2016-03-31,45.0,46.4,45.0,46.0,2895
2016-04-03,45.7,46.4,45.6,45.9,4710
2016-04-04,46.4,46.8,45.5,46.3,16586
2016-04-05,46.0,46.2,46.0,46.1,24645
2016-04-06,46.0,46.6,46.0,46.2,31950
2016-04-07,45.7,46.6,45.7,46.3,22195
2016-04-10,45.2,45.9,44.4,45.4,23499
2016-04-11,44.6,46.0,44.5,44.9,22639
2016-04-12,45.0,45.8,45.0,45.2,4091
2016-04-13,45.9,45.9,44.3,44.6,3455
2016-04-17,45.5,45.9,45.0,45.1,7550
2016-04-18,45.1,45.8,45.0,45.0,32988
2016-04-19,45.0,45.2,45.0,45.1,9530
2016-04-20,45.1,45.1,45.0,45.1,5333
2016-04-21,45.1,45.5,45.0,45.1,11601
2016-04-24,45.1,45.4,44.9,45.0,32700
2016-04-25,45.1,45.1,45.0,45.0,26055
2016-04-26,45.1,45.1,45.0,45.1,14000
2016-04-27,45.1,45.1,44.7,45.0,23697
2016-04-28,45.0,45.5,44.6,44.8,19707
2016-05-02,44.8,45.6,44.7,44.9,12076
2016-05-03,45.1,45.1,44.5,45.0,3151
2016-05-04,44.3,44.5,43.9,44.4,12067
2016-05-05,44.1,44.5,44.1,44.3,11260
2016-05-08,44.5,45.6,44.5,44.7,4916
2016-05-09,44.5,45.0,44.2,44.3,22203
2016-05-10,44.2,45.0,44.1,44.2,13404
2016-05-11,44.2,44.5,44.2,44.4,278
2016-05-12,44.6,45.0,44.5,44.7,1761
2016-05-15,44.3,45.9,44.3,45.5,1720
2016-05-16,44.7,45.4,44.2,44.2,5990
2016-05-17,44.2,44.5,44.1,44.2,13104
2016-05-18,44.5,45.6,44.3,45.4,5041
2016-05-19,45.0,45.5,45.0,45.4,5663
2016-05-22,45.0,45.5,44.9,45.0,21412
2016-05-24,45.1,45.1,44.9,45.0,22382
2016-05-25,45.2,45.8,45.0,45.0,10234
2016-05-26,45.3,46.0,45.2,45.6,9388
2016-05-29,46.0,46.5,45.0,45.5,15444
2016-05-30,46.6,46.6,45.8,46.1,3586
2016-05-31,46.1,46.3,45.1,45.6,5430
2016-06-01,45.0,45.5,45.0,45.0,24713
2016-06-02,45.1,45.9,44.9,45.1,32147
2016-06-05,45.1,45.6,45.1,45.3,3376
2016-06-06,44.9,45.0,44.8,44.9,5248
2016-06-07,44.8,44.8,44.7,44.7,4996
2016-06-08,44.9,45.6,44.8,45.1,983
2016-06-09,46.0,46.5,45.1,45.8,9384
2016-06-12,45.2,45.5,45.1,45.2,2507
2016-06-13,44.9,45.1,44.9,45.0,5737
2016-06-14,45.0,45.1,44.9,45.0,28737
2016-06-15,45.0,45.3,44.9,45.0,27590
2016-06-16,44.9,45.0,44.9,45.0,25001
2016-06-19,45.0,45.0,44.8,44.9,17748
2016-06-20,44.9,45.2,44.9,45.0,10139
2016-06-21,45.1,45.1,45.0,45.1,7001
2016-06-22,44.1,45.0,44.1,44.9,6049
2016-06-23,44.5,45.0,44.5,44.9,7624
2016-06-26,41.3,44.8,41.3,44.3,16120
2016-06-27,43.5,44.4,43.5,44.2,1486
2016-06-28,44.4,45.0,44.4,45.0,10301
2016-06-29,44.2,44.3,44.2,44.3,184
2016-06-30,44.5,45.8,44.5,45.3,9855
2016-07-10,44.5,44.6,44.3,44.5,3614
2016-07-11,45.0,45.0,44.2,44.4,14740
2016-07-12,44.1,45.2,44.0,44.5,1682
2016-07-13,45.1,45.8,44.1,45.3,5002
2016-07-14,44.1,45.7,44.1,44.9,5803
2016-07-16,45.0,45.2,44.8,45.1,5206
2016-07-17,45.1,45.1,44.8,44.9,3043
2016-07-18,45.0,45.9,44.9,45.4,39050
2016-07-19,45.5,46.6,44.5,45.3,1927
2016-07-20,44.6,44.6,44.4,44.5,23223
2016-07-21,44.5,44.5,44.5,44.5,678
2016-07-24,44.5,45.0,44.5,44.9,2759
2016-07-25,45.0,46.0,45.0,45.9,3501
2016-07-26,44.5,46.3,44.5,45.8,8758
2016-07-27,45.1,46.2,45.1,45.8,6281
2016-07-28,44.7,45.2,44.7,44.9,4137
2016-07-31,44.5,45.0,44.5,44.7,1919
2016-08-01,44.8,44.8,44.7,44.7,4758
2016-08-02,44.4,45.8,44.4,45.1,1745
2016-08-03,45.8,46.5,45.3,45.6,24815
2016-08-04,44.8,44.9,44.6,44.8,2431
2016-08-07,45.0,45.0,44.6,44.8,9183
2016-08-08,44.9,46.0,44.8,45.1,10070
2016-08-09,44.7,45.0,44.7,44.9,5157
2016-08-10,44.8,45.8,44.6,44.8,10293
2016-08-11,45.0,45.0,44.5,44.6,11609
2016-08-14,44.6,44.7,44.5,44.6,2409
2016-08-16,44.8,44.8,44.8,44.8,180
2016-08-17,44.6,44.7,44.6,44.6,774
2016-08-18,44.9,44.9,44.7,44.8,12700
2016-08-21,44.6,46.6,44.2,44.4,53899
2016-08-22,44.4,45.2,44.4,44.8,20889
2016-08-23,45.8,46.1,44.7,45.7,7005
2016-08-24,44.6,45.5,44.3,44.5,49825
2016-08-28,45.0,46.0,45.0,45.7,14175
2016-08-29,45.5,48.0,45.5,47.7,54983
2016-08-30,45.6,46.8,45.6,46.0,9048
2016-08-31,46.0,48.0,45.5,47.5,11262
2016-09-01,45.4,47.0,45.4,46.2,3376
2016-09-04,46.9,47.0,46.1,46.8,18130
2016-09-05,45.4,48.0,45.4,47.2,18014
2016-09-06,45.6,49.0,45.5,48.4,22002
2016-09-07,48.1,49.6,48.1,49.1,15325
2016-09-08,47.0,49.5,47.0,49.1,11170
2016-09-18,49.8,49.8,46.7,48.8,4620
2016-09-19,47.4,49.0,47.4,48.7,3000
2016-09-20,48.8,48.8,47.0,48.4,1143
2016-09-21,46.1,48.4,46.0,47.4,5053
2016-09-22,47.4,48.9,46.8,47.8,3805
2016-09-24,47.8,50.1,47.8,49.9,36968
2016-09-25,48.3,51.0,48.3,50.8,11839
2016-09-26,51.0,53.0,51.0,52.8,37040
2016-09-27,51.8,52.0,50.0,50.8,15436
2016-09-28,50.9,52.6,50.9,52.3,22083
2016-09-29,51.2,51.2,50.6,51.0,5754
2016-10-02,51.1,52.3,47.0,48.9,20049
2016-10-03,49.0,50.5,48.2,50.2,81906
2016-10-04,48.2,50.5,48.2,49.7,3073
2016-10-05,48.8,50.0,48.8,49.7,7153
2016-10-06,48.4,49.7,47.6,48.7,6252
2016-10-09,48.0,48.1,48.0,48.0,2670
2016-10-10,48.1,48.2,48.0,48.1,774
2016-10-13,47.7,48.0,47.6,47.8,1507
2016-10-16,50.0,50.0,47.8,48.5,3851
2016-10-17,48.0,48.0,47.1,47.6,9274
2016-10-18,48.8,48.9,47.6,48.7,14478
2016-10-19,49.0,49.0,48.0,48.8,7487
2016-10-20,47.1,48.5,47.1,47.9,738
2016-10-23,48.5,48.8,47.8,48.1,12150
2016-10-24,48.0,48.5,47.6,48.0,7389
2016-10-25,48.0,48.9,47.5,47.7,3124
2016-10-26,49.8,51.3,48.3,50.2,36295
2016-10-27,51.4,51.4,48.6,49.2,9658
2016-10-30,47.7,50.2,47.5,49.2,7350
2016-11-01,47.2,48.5,47.1,47.2,683
2016-11-02,48.0,49.8,47.5,48.1,4989
2016-11-03,47.7,49.0,47.0,48.4,12310
2016-11-06,47.3,47.8,46.5,46.8,17744
2016-11-07,47.2,47.5,47.0,47.0,10860
2016-11-08,47.1,47.8,46.8,47.2,25455
2016-11-09,47.0,48.5,47.0,47.4,3501
2016-11-10,47.0,48.3,47.0,47.9,3575
2016-11-13,47.2,47.2,46.8,46.9,19084
2016-11-14,46.6,47.3,46.6,46.7,10851
2016-11-15,46.6,47.0,46.4,46.6,2330
2016-11-16,46.5,47.5,46.5,46.8,9334
2016-11-17,46.8,47.0,46.6,46.6,7529
2016-11-20,46.9,47.0,46.1,46.1,5800
2016-11-21,46.3,47.2,46.3,46.9,1037
2016-11-22,46.6,49.2,46.4,49.0,77199
2016-11-23,47.4,49.6,47.4,49.2,130866
2016-11-24,49.1,51.0,48.5,49.3,88885
2016-11-27,49.4,50.0,48.1,48.3,9935
2016-11-28,47.8,50.0,47.8,48.1,18038
2016-11-29,48.3,50.2,48.3,49.2,87677
2016-11-30,49.1,49.1,48.7,48.7,47097
2016-12-01,49.1,49.2,48.5,49.1,47200
2016-12-04,48.7,49.6,48.7,49.1,12544
2016-12-05,49.2,49.5,49.1,49.4,23387
2016-12-06,49.5,50.0,49.5,49.9,28940
2016-12-07,50.0,50.0,48.5,49.4,2963
2016-12-08,49.6,49.9,48.5,49.0,21694
2016-12-11,49.8,49.8,47.5,48.1,30410
2016-12-12,47.1,49.0,47.0,48.2,11020
2016-12-14,48.0,48.3,47.4,47.7,40986
2016-12-15,48.0,48.0,47.3,47.7,3923
2016-12-18,47.2,48.5,47.2,47.6,1841
2016-12-19,47.4,48.6,47.4,47.7,3925
2016-12-20,47.4,48.6,47.4,47.8,7947
2016-12-21,47.5,48.2,47.5,47.7,9159
2016-12-22,47.7,48.5,47.7,48.3,6130
2016-12-26,49.0,49.0,48.1,48.5,11071
2016-12-27,48.1,49.0,48.1,48.4,39093
2016-12-28,48.6,49.1,48.6,48.9,32622
2016-12-29,49.3,50.0,48.7,49.7,34149
2017-01-01,50.0,52.9,49.0,52.4,104862
2017-01-02,50.9,54.4,50.9,53.9,149096
2017-01-03,53.1,54.9,53.1,54.6,46934
2017-01-04,53.7,53.9,52.5,53.6,53308
2017-01-05,49.5,53.4,49.5,53.0,27470
2017-01-08,53.0,53.0,52.3,52.7,52736
2017-01-09,52.7,54.2,52.7,53.9,45472
2017-01-10,53.1,57.0,52.5,56.4,136796
2017-01-11,56.9,57.4,55.6,56.6,125857
2017-01-12,54.9,61.8,54.9,59.7,119378
2017-01-15,60.0,64.4,59.1,62.6,466752
2017-01-16,62.0,63.5,59.0,60.0,166481
2017-01-17,59.8,63.8,59.4,60.9,40037
2017-01-18,61.0,63.4,60.3,61.2,86581
2017-01-19,60.3,61.0,58.6,60.4,37071
2017-01-22,60.2,62.8,60.0,61.5,55601
2017-01-23,60.0,63.0,58.4,62.9,129423
2017-01-24,60.5,63.0,59.6,61.6,158869
2017-01-25,61.6,63.5,61.5,61.8,116147
2017-01-26,61.0,62.6,60.8,61.6,25230
2017-01-29,61.1,61.1,58.0,58.3,41535
2017-01-30,58.4,60.8,58.3,59.9,108100
2017-01-31,60.0,61.0,59.2,60.7,80115
2017-02-01,59.4,62.5,59.4,60.7,3683
2017-02-02,58.8,61.5,58.8,60.8,69050
2017-02-05,60.7,62.4,58.1,61.8,62633
2017-02-06,62.3,65.0,60.7,63.8,102873
2017-02-07,63.1,66.9,62.0,65.1,267818
2017-02-08,65.0,66.3,64.6,65.4,186345
2017-02-09,65.5,67.0,63.0,63.8,132610
2017-02-12,63.1,63.2,58.0,63.0,119593
2017-02-13,62.5,62.5,61.5,61.8,28100
2017-02-14,62.1,62.1,61.3,61.6,50141
2017-02-15,62.0,62.2,60.0,61.1,44463
2017-02-16,60.1,60.5,58.1,59.0,54124
2017-02-19,59.9,60.0,59.6,59.7,45438
2017-02-20,59.7,60.0,58.8,59.0,26731
2017-02-22,58.9,60.9,58.9,60.3,26578
2017-02-23,60.1,61.0,60.0,61.0,48360
2017-02-26,60.7,61.5,60.1,61.2,14608
2017-02-27,61.0,61.9,61.0,61.5,44919
2017-02-28,61.0,61.6,61.0,61.3,37641
2017-03-01,61.2,61.5,60.8,60.9,16186
2017-03-02,61.3,62.8,61.0,61.6,29583
2017-03-06,60.0,60.6,58.7,59.9,37163
2017-03-07,60.3,62.5,60.3,62.0,36922
2017-03-08,60.1,61.8,60.1,60.7,10716
2017-03-09,61.6,63.7,58.1,63.1,64442
2017-03-12,63.5,63.5,61.5,62.4,139518
2017-03-13,61.4,62.0,61.4,61.7,31417
2017-03-14,61.7,61.7,60.7,61.0,18594
2017-03-15,61.0,62.5,59.5,62.4,34815
2017-03-16,62.1,62.4,59.6,60.5,74191
2017-03-19,62.4,62.4,59.8,60.1,97152
2017-03-20,60.3,62.0,60.2,61.8,39507
2017-03-21,58.8,62.5,57.9,61.7,59422
2017-03-22,61.1,61.8,60.9,61.1,38725
2017-03-23,60.8,61.5,60.4,60.8,40713
2017-03-27,61.8,62.0,60.1,61.6,84141
2017-03-28,60.4,62.0,60.4,61.8,70701
2017-03-29,62.0,62.3,60.3,62.1,85344
2017-03-30,59.3,63.4,59.3,62.2,39616
2017-04-02,60.5,63.0,60.5,62.8,37153
2017-04-03,61.2,69.0,61.1,64.8,42550
2017-04-04,67.5,70.0,64.8,66.6,43882
2017-04-05,65.6,65.8,65.2,65.5,6331
2017-04-06,65.1,67.4,65.0,66.4,14330
2017-04-09,61.2,65.0,61.2,64.4,2477
2017-04-10,63.6,65.5,63.6,65.0,6353
2017-04-11,65.8,66.0,64.2,65.4,6752
2017-04-12,64.3,66.5,63.8,64.5,5170
2017-04-13,64.0,64.0,64.0,64.0,400
2017-04-16,62.5,64.0,62.5,63.8,1809
2017-04-17,64.0,66.0,61.0,65.2,8137
2017-04-18,65.5,65.5,64.0,64.7,2600
2017-04-19,64.0,64.0,63.5,63.9,5150
2017-04-20,64.9,64.9,61.5,64.2,6136
2017-04-23,61.3,64.0,61.3,63.3,2910
2017-04-24,62.0,64.0,62.0,63.0,5926
2017-04-25,64.8,64.8,64.0,64.3,10290
2017-04-26,62.1,65.0,62.1,63.4,5500
2017-04-27,62.0,64.5,62.0,63.2,4455
2017-04-30,61.8,61.8,61.0,61.3,5010
2017-05-02,61.7,64.6,61.5,61.6,6941
2017-05-04,62.8,63.0,62.5,62.9,1780
2017-05-07,63.0,63.0,62.8,62.9,8420
2017-05-08,64.0,64.0,62.6,63.0,1580
2017-05-09,61.7,62.5,61.7,62.1,26789
2017-05-11,62.0,62.5,61.7,62.1,12908
2017-05-14,61.7,61.7,61.5,61.6,5580
2017-05-15,61.0,61.6,60.5,61.5,4059
2017-05-16,61.5,64.8,61.3,62.4,18741
2017-05-17,62.0,62.0,61.1,61.5,24440
2017-05-18,61.5,61.5,61.0,61.2,907
2017-05-21,62.5,62.8,62.4,62.5,1380
2017-05-22,60.0,62.4,60.0,61.8,6561
2017-05-23,61.2,61.2,61.0,61.0,907
2017-05-24,61.1,61.1,61.0,61.0,1067
2017-05-25,61.1,61.1,61.0,61.0,740
2017-05-28,60.5,61.0,60.3,60.5,4400
2017-05-29,59.1,59.4,59.0,59.3,5028
2017-05-31,59.6,59.7,59.0,59.5,13074
2017-06-01,58.7,60.3,58.6,59.4,15189
2017-06-04,59.7,59.7,59.1,59.4,5524
2017-06-05,57.0,59.5,57.0,59.3,10387
2017-06-06,59.2,61.8,59.0,59.6,21895
2017-06-07,59.2,59.5,59.2,59.3,392
2017-06-08,59.3,59.5,59.0,59.2,7060
2017-06-11,59.1,59.1,59.1,59.1,51
2017-06-12,58.5,59.3,57.2,57.5,19203
2017-06-13,57.7,59.3,57.7,57.9,1870
2017-06-14,57.6,57.7,57.6,57.6,543
2017-06-15,57.5,57.8,57.3,57.6,5363
2017-06-18,57.5,58.0,57.5,57.8,2780
2017-06-19,57.0,57.1,56.1,56.8,3860
2017-06-21,56.8,58.1,56.4,57.2,786
2017-06-22,58.9,61.5,58.9,61.1,6611
2017-06-29,59.8,63.4,59.8,63.1,15643
2017-07-02,63.0,63.3,60.1,62.9,4932
2017-07-03,60.7,63.0,60.5,61.8,3893
2017-07-04,63.0,64.0,62.0,63.2,10337
2017-07-05,62.2,65.2,62.2,64.8,9818
2017-07-06,63.5,65.9,63.0,63.7,5572
2017-07-09,63.5,63.5,63.1,63.4,3500
2017-07-10,63.5,64.4,63.5,64.2,7414
2017-07-11,60.5,63.6,60.5,62.0,1463
2017-07-12,61.1,65.4,61.0,62.2,8857
2017-07-13,61.6,64.0,61.5,63.2,10167
2017-07-16,62.1,64.2,62.1,64.0,1581
2017-07-17,62.5,62.7,62.5,62.6,2386
2017-07-18,62.8,64.0,62.6,63.0,7273
2017-07-19,62.1,62.1,61.7,61.9,1553
2017-07-20,63.0,63.0,61.5,62.1,3523
2017-07-24,61.3,64.0,61.2,63.7,12299
2017-07-25,62.0,64.9,62.0,63.3,1543
2017-07-26,62.2,64.0,62.2,62.8,9814
2017-07-27,63.0,63.1,63.0,63.1,1890
2017-07-30,63.3,63.7,62.0,62.1,39085
2017-07-31,62.9,63.0,61.2,62.6,9204
2017-08-01,63.9,63.9,60.9,61.1,30410
2017-08-02,61.1,62.0,61.0,61.2,14327
2017-08-03,61.0,62.5,60.6,61.0,9151
2017-08-06,61.7,63.8,61.0,61.9,14941
2017-08-07,62.0,62.3,61.4,61.8,28043
2017-08-08,61.6,63.3,61.6,61.8,4650
2017-08-09,61.2,64.9,61.2,63.8,10082
2017-08-10,61.6,62.4,61.6,62.2,1863
2017-08-13,63.0,64.3,62.5,63.8,28629
2017-08-16,63.1,64.0,63.1,63.6,5489
2017-08-17,62.0,64.0,61.9,63.8,7661
2017-08-20,64.0,65.0,62.5,64.2,28053
2017-08-21,63.6,65.4,63.0,65.0,101568
2017-08-22,64.0,65.1,63.6,64.9,48750
2017-08-23,65.3,65.3,64.0,64.8,19786
2017-08-24,64.0,64.2,63.6,64.0,3570
2017-08-27,61.0,64.8,61.0,63.9,24691
2017-08-28,64.0,64.0,63.1,63.7,8745
2017-08-29,63.3,63.5,63.2,63.4,11365
2017-08-30,63.5,63.6,63.0,63.4,743
2017-08-31,63.7,67.0,62.8,66.2,72826
2017-09-04,64.0,69.8,64.0,67.0,42893
2017-09-05,67.0,67.0,64.5,66.7,46017
2017-09-06,65.1,69.0,65.1,68.8,163319
2017-09-07,69.4,69.4,66.4,68.7,23351
2017-09-10,66.4,68.7,66.4,68.4,32545
2017-09-11,66.5,67.7,66.5,67.4,13700
2017-09-12,65.0,67.0,64.5,65.1,23605
2017-09-13,68.2,68.2,65.2,67.6,3079
2017-09-14,66.5,67.7,65.2,66.5,13464
2017-09-17,63.8,64.6,63.6,64.1,31336
2017-09-18,64.1,65.8,64.1,64.1,40205
2017-09-19,64.1,65.7,64.0,64.4,52819
2017-09-20,65.1,67.0,64.0,64.2,12191
2017-09-21,66.8,66.8,62.2,63.7,9226
2017-09-24,64.8,65.0,64.8,64.9,4495
2017-09-25,64.9,65.0,64.0,64.8,1052
2017-09-26,61.5,63.8,61.5,62.4,2685
2017-09-27,62.4,62.4,62.3,62.4,1600
2017-09-28,61.1,61.6,61.0,61.3,1520
2017-10-02,61.2,61.4,61.2,61.3,1622
2017-10-03,63.5,63.8,61.5,62.6,4580
2017-10-04,63.7,64.0,61.5,63.5,5462
2017-10-05,64.7,64.7,64.5,64.6,2675
2017-10-08,64.0,64.4,63.0,63.6,10060
2017-10-09,60.2,63.2,60.2,62.0,5608
2017-10-10,60.7,61.1,60.7,61.1,1784
2017-10-11,60.3,60.3,60.3,60.3,7
2017-10-12,60.1,62.0,60.1,61.5,678
2017-10-15,59.6,59.9,59.4,59.5,15035
2017-10-16,58.5,62.8,58.5,59.9,1504
2017-10-17,60.0,60.3,60.0,60.2,716
2017-10-18,60.8,62.9,60.5,61.6,646
2017-10-19,60.0,60.5,60.0,60.3,4315
2017-10-22,60.4,60.4,60.3,60.4,299
2017-10-23,59.9,60.1,58.5,59.9,1456
2017-10-24,62.5,62.5,58.5,59.2,989
2017-10-25,62.0,62.0,58.5,58.7,75
2017-10-26,60.0,62.0,60.0,61.4,2741
2017-10-29,59.8,61.8,58.5,59.3,4063
2017-10-30,59.5,60.7,57.8,57.9,13234
2017-10-31,55.1,60.6,55.1,58.6,1573
2017-11-01,60.0,60.0,58.8,59.2,10075
2017-11-02,61.3,61.3,59.0,60.5,2794
2017-11-05,59.5,59.5,59.0,59.0,2899
2017-11-06,57.8,59.1,57.8,58.7,292
2017-11-07,58.8,59.4,58.0,59.2,11351
2017-11-08,58.5,58.5,58.5,58.5,35
2017-11-09,59.5,59.5,59.5,59.5,4000
2017-11-12,59.4,59.4,59.4,59.4,1140
2017-11-13,60.9,60.9,59.4,60.3,1705
2017-11-14,60.4,60.5,59.2,59.3,1955
2017-11-15,59.7,59.7,58.3,58.3,61072
2017-11-16,58.3,60.0,57.9,57.9,112175
2017-11-19,58.1,59.2,58.1,58.3,1487
2017-11-20,58.4,59.0,58.1,58.2,7453
2017-11-21,58.1,59.3,58.1,59.0,1452
2017-11-22,58.6,59.9,58.6,59.7,5774
2017-11-23,59.1,59.1,58.9,59.0,1201
2017-11-26,58.9,59.7,58.6,59.0,77883
2017-11-27,59.6,59.6,59.3,59.5,1280
2017-11-28,59.8,60.0,59.4,59.8,6776
2017-11-29,60.0,62.8,60.0,62.1,9904
2017-11-30,63.2,63.3,61.5,62.8,20758
2017-12-03,63.0,64.8,60.7,64.2,5807
2017-12-04,63.9,63.9,61.0,63.5,5316
2017-12-05,63.0,64.0,63.0,63.9,3693
2017-12-06,64.0,64.0,62.5,63.9,3025
2017-12-07,63.0,64.8,62.3,64.2,14630
2017-12-10,63.9,64.0,62.1,63.5,3632
2017-12-11,63.6,63.8,62.1,62.8,14569
2017-12-12,59.9,63.6,59.9,63.1,22997
2017-12-13,61.3,63.7,60.3,63.5,27566
2017-12-14,63.5,67.0,63.5,63.7,47886
2017-12-17,66.5,66.5,63.5,64.7,36765
2017-12-18,66.4,66.4,62.1,64.4,34196
2017-12-19,64.9,64.9,62.8,64.3,35254
2017-12-20,64.5,64.5,61.7,64.0,23313
2017-12-21,64.1,64.1,62.5,64.1,30205
2017-12-24,66.0,66.1,63.0,65.0,29109
2017-12-26,64.8,64.8,61.6,62.0,766
2017-12-27,62.1,63.0,62.0,62.0,1700
2017-12-28,62.0,62.3,60.6,61.4,4373
2018-01-01,62.1,62.1,62.1,62.1,5
2018-01-03,61.5,61.5,61.0,61.0,37879
2018-01-04,61.4,61.5,61.0,61.1,14013
2018-01-07,60.7,63.0,60.7,62.0,7900
2018-01-08,62.0,62.0,60.8,61.2,3412
2018-01-09,61.9,62.0,60.1,61.8,603
2018-01-11,61.7,61.7,60.5,61.1,610
2018-01-14,60.9,60.9,60.6,60.6,20787
2018-01-15,60.0,60.6,60.0,60.5,5084
2018-01-16,60.5,63.0,59.1,60.4,6410
2018-01-17,60.2,60.2,60.2,60.2,600
2018-01-18,59.3,63.9,59.3,63.8,71775
2018-01-22,60.8,60.8,60.8,60.8,3
2018-01-23,60.8,61.0,60.5,60.6,27679
2018-01-24,60.1,61.0,60.1,60.2,143258
2018-01-25,59.6,60.3,59.6,60.2,907
2018-01-28,60.0,60.0,59.1,59.7,820
2018-01-29,59.1,64.7,59.0,63.4,8959
2018-01-30,65.8,65.8,60.9,63.8,62101
2018-01-31,64.9,64.9,61.0,63.5,87328
2018-02-01,64.4,64.4,60.6,63.7,50026
2018-02-04,63.0,63.0,60.1,62.2,950
2018-02-05,62.4,62.4,62.2,62.2,1955
2018-02-06,62.8,62.8,59.2,61.1,1720
2018-02-07,63.9,63.9,63.9,63.9,6
2018-02-08,62.4,62.5,62.4,62.5,750
2018-02-11,62.9,68.7,62.5,67.0,19538
2018-02-12,60.0,61.9,60.0,61.9,27719
2018-02-13,60.6,61.8,60.6,61.3,3370
2018-02-14,61.0,62.3,60.8,61.1,6218
2018-02-15,60.1,60.4,59.2,59.4,9700
2018-02-18,59.4,59.4,58.0,58.2,4080
2018-02-19,58.0,58.7,57.8,58.0,6891
2018-02-20,58.7,59.9,58.5,58.6,36866
2018-02-22,58.9,59.0,58.7,58.8,3325
2018-02-25,60.6,61.0,59.5,60.5,3261
2018-02-26,60.0,60.0,58.0,58.2,9509
2018-02-27,58.0,60.9,58.0,60.8,43733
2018-02-28,59.2,59.4,58.7,59.1,2272
2018-03-01,58.6,59.6,58.3,58.5,7380
2018-03-04,59.2,60.1,58.6,58.7,112006
2018-03-06,56.0,58.9,55.7,58.1,2781
2018-03-07,57.1,58.7,57.1,57.8,455
2018-03-08,57.1,58.9,56.6,57.8,267
2018-03-11,57.8,57.8,56.5,56.8,740
2018-03-12,56.6,58.9,56.5,56.5,15090
2018-03-13,55.5,57.8,55.3,56.3,31920
2018-03-14,56.3,57.2,56.3,56.5,8660
2018-03-15,56.5,60.1,56.5,60.0,72369
2018-03-18,60.0,61.0,58.3,60.2,25394
2018-03-19,61.6,61.9,58.1,60.0,23412
2018-03-20,58.0,58.5,58.0,58.1,90
2018-03-21,57.5,57.5,57.3,57.4,147
2018-03-25,57.4,59.7,56.9,57.1,1112
2018-03-27,57.2,57.3,57.2,57.2,1493
2018-03-28,57.4,58.0,56.4,56.8,326
2018-03-29,57.9,62.4,56.0,62.2,70017
2018-04-01,62.1,62.1,60.0,60.4,3074
2018-04-02,60.0,60.0,59.1,59.7,1461
2018-04-03,60.0,60.0,58.5,59.3,1031
2018-04-05,60.5,60.7,59.7,60.5,2214
2018-04-08,59.1,59.3,58.4,58.5,10439
2018-04-09,58.5,59.9,58.0,58.8,22884
2018-04-10,58.5,58.5,58.2,58.3,26956
2018-04-11,59.4,59.4,58.2,58.4,44760
2018-04-12,58.5,64.0,58.5,61.6,39044
2018-04-15,59.4,61.0,59.4,60.1,25223
2018-04-16,60.0,60.3,59.2,60.2,30860
2018-04-17,60.0,60.4,59.0,59.8,25231
2018-04-18,57.5,60.4,57.5,59.6,26654
2018-04-19,59.1,60.0,57.5,58.5,49790
2018-04-22,58.2,58.4,57.0,58.3,63410
2018-04-23,59.5,59.5,56.8,57.1,46353
2018-04-24,56.6,57.5,56.6,57.5,13390
2018-04-25,57.6,57.6,57.0,57.1,88414
2018-04-26,58.0,58.0,56.5,56.5,59193
2018-04-30,58.4,58.4,56.2,56.2,47690
2018-05-03,56.5,58.7,56.5,57.5,51453
2018-05-06,58.5,59.9,57.7,59.0,91080
2018-05-07,58.8,58.9,58.7,58.9,5520
2018-05-08,59.2,59.2,57.2,58.6,31220
2018-05-09,57.3,59.2,57.3,57.4,88124
2018-05-10,57.4,58.9,57.4,58.4,25080
2018-05-13,57.8,58.0,57.7,57.8,8050
2018-05-14,57.2,59.0,57.2,58.2,34590
2018-05-15,57.4,63.0,57.4,58.5,45446
2018-05-16,58.0,60.0,58.0,58.8,57214
2018-05-17,58.2,59.0,58.2,58.5,29326
2018-05-20,57.0,59.3,57.0,59.0,33822
2018-05-21,57.3,62.0,57.3,60.6,33054
2018-05-22,58.1,61.8,58.1,60.6,152214
2018-05-23,58.8,60.4,58.8,59.3,32600
2018-05-24,58.2,62.0,58.2,60.5,150721
2018-05-27,58.7,61.9,58.7,60.7,168405
2018-05-28,60.9,61.7,59.3,61.1,156154
2018-05-29,59.9,61.9,58.5,61.2,159443
2018-05-30,59.1,61.6,59.1,59.5,13660
2018-05-31,58.4,61.7,58.4,61.6,157800
2018-06-03,58.6,60.7,58.6,59.3,9015
2018-06-04,61.3,61.3,58.6,58.7,108124
2018-06-05,58.7,58.7,58.6,58.7,600
2018-06-06,57.8,58.4,57.8,58.1,9345
2018-06-07,57.0,60.0,57.0,57.2,12984
2018-06-10,57.2,57.2,57.0,57.0,5400
2018-06-11,56.5,59.5,56.3,58.3,72863
2018-06-12,59.4,59.5,56.6,57.5,15600
2018-06-18,57.2,58.5,57.2,57.6,5354
2018-06-19,56.2,59.0,56.2,58.3,95240
2018-06-20,57.0,59.0,56.9,57.2,92680
2018-06-21,57.4,58.3,56.6,56.8,44416
2018-06-24,57.1,57.1,56.3,56.6,3506
2018-06-25,56.5,56.5,55.2,55.6,10290
2018-06-26,57.4,57.5,55.6,55.7,27500
2018-06-27,56.0,57.3,56.0,56.3,23795
2018-06-28,55.9,56.1,55.8,56.0,5996
2018-07-02,55.6,56.7,55.6,56.6,2970
2018-07-03,55.5,56.3,54.3,55.0,34997
2018-07-04,54.1,56.4,54.1,56.0,10184
2018-07-05,56.7,56.7,55.4,56.3,50900
2018-07-08,56.5,56.9,55.3,56.2,1683
2018-07-09,56.5,58.5,55.8,58.5,49811
2018-07-10,58.0,59.4,56.0,59.3,72994
2018-07-11,56.1,59.0,56.1,58.9,23522
2018-07-12,56.2,58.9,56.2,58.7,7939
2018-07-15,56.0,56.0,56.0,56.0,1750
2018-07-16,56.1,56.1,55.8,56.0,1787
2018-07-17,56.0,56.0,55.7,55.8,4287
2018-07-18,55.2,57.8,55.2,56.8,1697
2018-07-19,55.0,57.8,55.0,57.6,6605
2018-07-22,57.7,59.9,55.8,58.6,16234
2018-07-23,57.1,57.2,56.3,56.7,6600
2018-07-24,56.5,56.5,56.3,56.4,1351
2018-07-25,56.5,56.5,56.5,56.5,384
2018-07-26,56.2,57.6,56.2,56.9,1880
2018-07-29,56.9,57.3,55.0,56.3,2860
2018-07-30,56.1,56.3,56.1,56.2,1940
2018-07-31,55.6,55.8,55.6,55.8,5374
2018-08-01,57.3,57.8,57.2,57.4,1900
2018-08-02,56.2,59.5,56.2,58.6,6557
2018-08-05,58.7,59.0,56.3,57.0,3052
2018-08-06,57.0,57.0,57.0,57.0,330
2018-08-07,56.3,56.3,56.2,56.2,1400
2018-08-08,56.3,56.6,56.3,56.4,710
2018-08-09,56.0,56.4,56.0,56.4,7339
2018-08-12,57.5,57.5,55.3,55.8,6863
2018-08-13,55.8,55.8,54.2,54.3,20000
2018-08-14,54.5,55.0,54.5,54.9,5493
2018-08-16,54.7,57.2,54.7,56.8,40856
2018-08-19,56.1,56.1,55.9,56.0,170
2018-08-20,56.4,57.8,56.4,56.8,10752
2018-08-26,56.5,59.9,55.2,59.8,61551
2018-08-27,56.2,57.8,56.1,57.0,763
2018-08-28,56.6,57.0,56.5,56.7,2434
2018-08-29,55.1,57.9,55.1,57.6,6483
2018-08-30,57.6,59.4,56.8,58.6,14048
2018-09-03,58.3,58.3,56.1,56.7,12713
2018-09-04,57.0,57.0,55.2,55.8,2215
2018-09-05,55.9,55.9,55.1,55.3,3799
2018-09-06,55.5,56.0,55.5,55.8,6980
2018-09-09,55.1,55.6,55.1,55.5,35120
2018-09-10,55.1,57.3,55.0,55.6,27340
2018-09-11,55.5,56.5,55.5,56.0,2800
2018-09-12,55.5,58.0,55.5,56.6,21652
2018-09-13,56.9,58.0,56.9,57.9,9842
2018-09-16,56.2,56.2,56.1,56.2,3003
2018-09-17,55.4,55.4,55.4,55.4,110
2018-09-18,55.6,55.6,55.6,55.6,35
2018-09-19,57.7,59.0,57.5,59.0,7200
2018-09-20,56.4,58.9,56.4,58.1,9901
2018-09-24,58.1,58.1,57.0,57.0,400
2018-09-25,58.9,60.0,57.5,59.4,13357
2018-09-26,59.8,59.9,57.5,59.6,26043
2018-09-27,56.3,60.0,56.3,59.3,6539
2018-09-30,57.2,59.9,57.2,59.8,35072
2018-10-01,60.2,60.6,58.3,60.0,1300
2018-10-02,58.3,59.0,56.9,57.1,16355
2018-10-03,59.8,59.8,57.9,57.9,503
2018-10-04,57.2,57.5,56.7,57.0,6058
2018-10-07,56.2,56.2,55.0,55.3,23277
2018-10-08,55.2,56.0,54.5,54.9,44021
2018-10-09,55.1,55.1,55.0,55.0,11693
2018-10-10,55.0,55.0,53.9,54.0,33647
2018-10-11,54.0,55.0,54.0,54.6,3331
2018-10-14,54.3,54.5,54.3,54.5,1611
2018-10-15,54.4,54.4,54.2,54.3,4178
2018-10-16,54.3,54.3,54.3,54.3,44
2018-10-17,54.4,54.4,54.0,54.2,2500
2018-10-21,53.8,53.8,53.8,53.8,789
2018-10-23,53.9,55.4,53.9,54.0,1650
2018-10-24,54.0,54.0,51.0,52.0,29484
2018-10-25,52.2,53.5,52.2,52.8,1262
2018-10-28,52.4,52.4,51.3,51.9,1422
2018-10-29,51.3,51.4,51.3,51.3,345
2018-10-30,51.5,51.5,51.0,51.4,2435
2018-10-31,52.7,52.7,51.4,51.5,963
2018-11-01,51.6,51.6,51.0,51.1,3352
2018-11-04,52.9,54.0,51.9,53.0,23284
2018-11-05,52.2,52.2,52.0,52.0,1100
2018-11-06,52.9,53.0,52.8,52.9,1300
2018-11-07,52.7,52.8,52.5,52.6,709
2018-11-08,53.5,56.0,52.7,55.6,39370
2018-11-11,54.2,54.2,52.7,53.0,219
2018-11-12,52.6,52.6,52.6,52.6,90
2018-11-13,52.6,52.6,52.6,52.6,78
2018-11-14,52.7,52.7,52.6,52.6,271
2018-11-15,51.7,52.3,51.7,52.2,4052
2018-11-18,52.1,52.3,52.1,52.1,447
2018-11-19,52.1,54.5,52.0,54.4,12776
2018-11-20,53.0,53.0,53.0,53.0,502
2018-11-22,54.0,55.0,52.1,54.5,10681
2018-11-25,51.7,53.0,51.7,52.1,1517
2018-11-26,54.0,54.8,54.0,54.4,6173
2018-11-27,53.5,54.3,53.5,54.2,5155
2018-11-28,52.1,54.3,52.1,54.2,1529
2018-11-29,55.7,57.0,54.2,56.4,11718
2018-12-02,56.5,57.5,56.0,57.2,23406
2018-12-03,55.2,55.4,55.2,55.2,228
2018-12-04,56.1,56.1,56.0,56.1,1203
2018-12-05,55.5,56.4,55.5,55.8,6653
2018-12-06,57.2,57.5,57.1,57.1,27920
2018-12-09,55.1,57.6,55.1,57.2,18014
2018-12-10,56.7,58.0,56.7,57.9,8767
2018-12-11,57.4,57.4,57.3,57.3,36990
2018-12-12,57.4,58.5,57.4,58.3,13718
2018-12-13,54.0,59.0,52.5,58.9,16810
2018-12-17,59.2,59.8,56.8,59.4,23857
2018-12-18,59.3,59.7,59.0,59.5,25460
2018-12-19,59.5,65.0,59.4,62.9,64375
2018-12-20,63.0,69.0,63.0,66.5,321167
2018-12-23,63.2,66.6,63.0,64.7,26625
2018-12-24,63.0,67.1,61.1,66.4,92324
2018-12-26,63.6,66.5,63.0,63.3,1025
2018-12-27,60.5,66.1,60.5,65.0,6278
2019-01-01,62.0,62.2,62.0,62.1,900
2019-01-02,62.1,62.2,62.1,62.1,4272
2019-01-03,62.1,65.0,62.1,63.8,1865
2019-01-06,64.1,64.2,63.8,63.9,3396
2019-01-07,62.2,63.0,62.1,62.5,1135
2019-01-08,62.5,64.0,62.5,63.7,905
2019-01-09,62.6,65.7,62.6,63.2,3652
2019-01-10,63.9,64.0,63.6,63.8,440
2019-01-13,65.1,66.7,65.0,65.7,21423
2019-01-14,67.7,67.7,64.0,65.1,11194
2019-01-15,65.1,67.5,65.0,65.4,5800
2019-01-16,65.3,65.9,65.2,65.5,5150
2019-01-17,65.8,71.0,65.0,68.9,97654
2019-01-20,68.5,68.5,63.3,65.2,10153
2019-01-21,68.9,71.0,65.9,67.4,27847
2019-01-22,67.4,67.8,63.0,64.6,25255
2019-01-23,65.4,66.9,63.2,64.6,29438
2019-01-24,67.0,68.0,66.0,67.6,84914
2019-01-27,67.6,74.0,67.6,69.4,99143
2019-01-28,69.7,69.8,64.3,65.1,17725
2019-01-29,67.6,68.0,64.6,65.0,40373
2019-01-30,65.5,65.5,63.0,63.5,36575
2019-01-31,63.0,64.8,61.0,61.4,11993
2019-02-03,64.8,64.9,61.8,62.0,12904
2019-02-04,60.7,61.0,60.0,60.1,24391
2019-02-05,62.1,65.8,59.1,64.3,26922
2019-02-06,61.5,66.0,61.5,64.6,11838
2019-02-07,64.5,64.5,62.0,62.9,8675
2019-02-10,57.1,62.8,57.1,60.7,9897
2019-02-11,61.0,62.5,58.3,59.5,42711
2019-02-12,62.7,62.7,60.2,60.6,15234
2019-02-13,61.0,64.0,61.0,63.2,25151
2019-02-14,63.6,65.9,63.1,63.4,14953
2019-02-17,63.0,64.6,63.0,63.2,6992
2019-02-18,64.9,64.9,62.1,62.8,11086
2019-02-19,62.8,64.7,62.1,62.2,19913
2019-02-20,61.8,65.0,61.8,64.5,4755
2019-02-24,64.0,65.0,63.0,63.2,17396
2019-02-25,64.9,64.9,62.5,63.1,57596
2019-02-26,63.4,64.5,63.0,63.1,31304
2019-02-27,64.8,64.8,63.1,63.2,45787
2019-03-03,64.0,66.8,63.2,65.8,56553
2019-03-05,59.0,61.5,59.0,61.1,54186
2019-03-06,60.0,64.0,60.0,61.4,83267
2019-03-07,61.2,61.5,60.3,60.8,4850
2019-03-10,60.5,62.0,60.3,61.0,33055
2019-03-11,60.3,64.4,60.2,63.2,47487
2019-03-12,60.9,64.4,60.5,62.9,11269
2019-03-13,62.0,65.9,61.6,65.6,342552
2019-03-14,64.4,65.8,61.2,64.6,24369
2019-03-18,64.3,64.7,60.0,63.6,3684
2019-03-19,60.6,63.4,60.5,60.8,5005
2019-03-20,59.5,60.0,59.5,59.8,2178
2019-03-21,59.6,62.5,59.6,60.4,4561
2019-03-24,59.6,63.0,59.0,59.4,49351
2019-03-25,59.2,62.8,59.0,60.3,34788
2019-03-27,59.7,61.0,59.7,60.9,7370
2019-03-28,58.8,62.7,58.7,61.1,12010
2019-03-31,59.6,59.6,59.3,59.4,2000
2019-04-01,59.7,61.9,59.6,61.2,4016
2019-04-02,61.2,64.0,60.1,63.5,88066
2019-04-03,61.7,62.9,60.0,60.2,2241
2019-04-04,60.0,62.0,59.5,60.2,11698
2019-04-07,59.5,60.0,59.5,59.9,8972
2019-04-08,60.1,60.2,60.0,60.1,28161
2019-04-09,59.9,60.1,59.9,60.1,22291
2019-04-10,60.0,60.1,59.8,60.0,8921
2019-04-11,58.0,63.9,58.0,62.8,44694
2019-04-15,59.0,62.8,59.0,62.7,48189
2019-04-16,59.1,62.7,59.0,62.6,54108
2019-04-17,62.0,62.5,59.5,59.7,12292
2019-04-18,59.9,59.9,59.6,59.8,263
2019-04-21,59.6,59.6,59.2,59.5,1147
2019-04-23,59.4,60.5,59.0,59.2,17685
2019-04-24,59.5,60.8,58.5,59.4,616
2019-04-25,58.7,60.0,58.7,59.7,4632
2019-04-28,60.0,60.6,59.9,60.0,14030
2019-04-29,59.3,60.9,59.3,60.5,2151
2019-04-30,59.7,60.4,59.7,59.8,6385
2019-05-02,59.5,61.0,59.5,61.0,24646
2019-05-05,61.9,61.9,60.1,61.3,11618
2019-05-06,61.3,62.7,60.0,60.0,9000
2019-05-07,59.3,62.9,59.3,62.6,64164
2019-05-08,61.5,61.5,61.5,61.5,100
2019-05-09,60.6,61.8,60.1,60.5,16589
2019-05-12,57.8,61.9,57.6,59.3,13422
2019-05-13,61.8,62.3,59.8,62.1,48494
2019-05-14,62.2,63.3,60.3,63.3,24333
2019-05-15,60.2,62.0,60.2,60.9,4175
2019-05-16,62.0,62.2,60.7,62.0,764
2019-05-19,60.7,62.7,60.7,62.0,1818
2019-05-20,60.6,60.6,60.4,60.5,539
2019-05-21,60.9,63.0,60.7,61.8,340
2019-05-22,61.7,62.0,61.1,61.8,1982
2019-05-23,63.3,63.3,61.0,62.8,13111
2019-05-26,62.7,62.7,60.9,61.0,8007
2019-05-27,63.0,63.0,60.2,60.5,7849
2019-05-28,60.5,62.0,60.3,61.4,8537
2019-05-29,62.3,62.3,62.3,62.3,1
2019-05-30,61.0,62.8,61.0,62.7,21753
2019-06-09,60.2,63.2,60.2,60.2,400
2019-06-10,62.1,62.8,61.0,61.5,1255
2019-06-11,61.0,62.0,60.4,60.9,20019
2019-06-12,60.5,63.9,60.2,63.8,19318
2019-06-13,63.8,64.0,61.4,62.9,34113
2019-06-16,61.6,63.9,61.6,63.5,10383
2019-06-17,62.0,62.2,61.5,62.1,2176
2019-06-18,62.6,62.6,61.5,62.0,12759
2019-06-19,62.8,63.2,62.7,62.9,3750
2019-06-20,63.1,63.2,62.5,62.9,26180
2019-06-23,63.3,63.3,61.8,63.3,4020
2019-06-24,61.9,61.9,60.6,61.1,1749
2019-06-25,60.9,62.6,60.8,61.2,688
2019-06-26,61.0,62.4,61.0,62.4,2746
2019-06-27,63.0,63.0,61.3,61.7,1868
2019-06-30,61.8,62.4,61.1,61.3,4117
2019-07-02,62.2,62.8,61.3,62.5,3195
2019-07-03,60.2,62.8,60.2,62.0,1599
2019-07-04,62.0,62.5,61.9,62.0,4024
2019-07-07,61.1,61.1,61.1,61.1,50
2019-07-08,61.1,62.6,61.0,61.2,44928
2019-07-09,61.0,61.2,61.0,61.1,5186
2019-07-10,60.0,62.9,60.0,62.7,16883
2019-07-11,63.5,63.8,61.6,63.4,4359
2019-07-14,61.1,61.1,60.9,61.0,7286
2019-07-15,61.0,61.2,59.2,61.1,19691
2019-07-16,60.8,60.9,60.8,60.9,6937
2019-07-17,60.8,61.1,60.8,61.0,6352
2019-07-18,60.8,61.1,60.8,61.1,5732
2019-07-21,60.8,60.9,60.7,60.8,2830
2019-07-22,60.3,62.0,60.2,60.4,1670
2019-07-23,61.8,61.8,60.6,61.7,5775
2019-07-24,61.5,61.5,60.5,61.3,1086
2019-07-25,61.5,61.5,60.0,60.9,7827
2019-07-28,59.0,60.7,59.0,59.1,11389
2019-07-29,58.3,60.2,58.3,59.2,7981
2019-07-30,59.5,60.6,59.2,60.6,30682
2019-07-31,59.3,60.5,59.3,60.2,7699
2019-08-01,60.3,61.5,60.3,61.2,25447
2019-08-04,61.9,62.5,60.6,62.4,54886
2019-08-05,61.7,62.9,61.7,62.9,28202
2019-08-06,60.6,62.5,60.6,62.1,1233
2019-08-07,60.2,62.8,60.2,62.7,2259
2019-08-08,62.1,62.5,60.8,61.5,2701
2019-08-18,61.0,61.8,60.5,61.7,2498
2019-08-19,60.8,62.7,60.8,61.0,9304
2019-08-20,61.0,61.0,61.0,61.0,63
2019-08-21,60.4,62.4,60.3,62.3,15335
2019-08-22,60.8,62.4,60.8,62.2,5048
2019-08-25,62.5,62.5,61.0,61.2,1160
2019-08-26,61.1,62.0,60.7,60.8,856
2019-08-27,60.7,60.7,60.3,60.4,818
2019-08-28,61.1,61.9,59.8,61.0,4985
2019-08-29,61.2,61.2,59.5,59.6,1039
2019-09-01,57.0,57.0,57.0,57.0,1500
2019-09-02,57.3,58.0,57.3,57.5,9990
2019-09-03,57.0,57.5,57.0,57.3,1270
2019-09-04,58.0,58.0,58.0,58.0,40
2019-09-08,58.0,58.1,58.0,58.0,1232
2019-09-09,58.0,58.0,57.0,57.1,1105
2019-09-11,58.0,58.0,56.6,57.0,3238
2019-09-12,57.3,57.3,57.3,57.3,100
2019-09-15,57.8,62.9,57.8,58.3,1703
2019-09-16,57.0,62.1,57.0,57.2,621
2019-09-17,61.1,61.1,61.1,61.1,3000
2019-09-18,57.4,57.5,57.2,57.4,597
2019-09-19,58.9,58.9,57.0,58.7,3450
2019-09-22,57.9,58.0,57.9,57.9,68
2019-09-23,60.0,60.0,60.0,60.0,20
2019-09-25,60.0,62.9,59.0,59.8,5865
2019-09-26,60.1,60.4,60.0,60.3,130
2019-09-29,60.0,60.0,57.7,58.2,515
2019-09-30,60.0,61.9,58.1,61.6,10325
2019-10-01,58.0,58.0,58.0,58.0,719
2019-10-02,57.9,58.0,57.2,57.9,841
2019-10-03,58.1,58.1,57.9,58.0,1831
2019-10-06,58.5,58.5,58.5,58.5,500
2019-10-07,58.1,58.1,58.0,58.0,253
2019-10-09,58.3,58.3,58.0,58.0,2730
2019-10-10,57.8,58.0,57.1,57.6,2373
2019-10-13,57.2,60.0,57.2,57.2,104
2019-10-14,57.4,57.4,56.7,57.1,9293
2019-10-15,59.7,59.7,59.7,59.7,100
2019-10-16,56.8,57.1,56.8,57.0,747
2019-10-17,54.1,59.4,54.1,57.1,88
2019-10-20,59.8,60.7,56.6,56.8,3032
2019-10-21,56.8,59.6,56.8,56.8,1823
2019-10-22,58.5,60.9,56.8,57.3,2386
2019-10-24,57.4,57.4,56.5,57.0,1979
2019-10-27,56.9,56.9,56.9,56.9,2100
2019-10-28,56.9,57.0,56.9,56.9,2050
2019-10-29,56.9,57.0,56.9,56.9,3680
2019-10-30,58.0,58.0,56.6,56.8,1202
2019-10-31,56.8,56.8,56.8,56.8,38
2019-11-03,57.0,57.0,56.8,56.9,5340
2019-11-04,55.6,56.0,55.2,55.4,1367
2019-11-05,54.1,60.4,54.1,59.4,13905
2019-11-06,54.5,58.0,54.4,56.5,1724
2019-11-07,55.1,58.8,55.1,56.2,1400
2019-11-11,56.2,56.7,56.2,56.7,204
2019-11-12,57.0,57.0,57.0,57.0,60
2019-11-13,57.6,58.7,57.6,57.8,509
2019-11-14,58.9,58.9,57.3,58.1,3321
2019-11-17,56.1,58.0,56.1,57.0,15111
2019-11-18,58.0,58.0,56.5,56.6,12446
2019-11-19,58.0,58.0,56.5,56.5,30700
2019-11-20,56.6,57.5,50.9,51.6,9249
2019-11-21,56.7,56.7,55.1,55.5,11381
2019-11-24,55.7,56.8,55.6,55.7,6398
2019-11-25,57.3,57.3,54.7,55.0,4511
2019-11-26,55.2,57.1,55.1,55.3,20711
2019-11-27,54.2,55.6,54.2,55.4,9187
2019-11-28,55.7,56.0,55.4,55.7,1920
2019-12-01,58.2,58.2,56.0,56.2,13665
2019-12-03,55.9,55.9,55.5,55.9,10450
2019-12-04,53.0,55.6,53.0,53.6,11004
2019-12-05,54.0,54.8,53.9,54.3,2010
2019-12-08,53.5,53.5,53.3,53.4,398
2019-12-09,53.4,53.4,52.2,52.9,2661
2019-12-10,56.4,56.4,56.4,56.4,1
2019-12-11,53.0,54.1,51.9,53.4,3918
2019-12-12,54.7,54.7,53.0,53.1,1250
2019-12-15,52.6,52.6,52.5,52.5,2800
2019-12-17,52.1,52.1,52.0,52.0,1519
2019-12-18,52.0,52.0,51.0,51.40000153,1044
2019-12-19,50.40000153,51.09999847,50.40000153,50.5,13517
2019-12-22,51.2,54.0,50.1,50.3,10323
2019-12-23,51.0,51.0,51.0,51.0,2203
2019-12-24,50.1,52.0,50.1,51.1,3880
2019-12-26,52.0,52.0,51.9,52.0,1068
2019-12-29,52.5,54.2,50.0,51.1,6
2019-12-30,51.6,52.5,51.6,52.2,4261
2020-01-01,51.5,51.5,51.5,51.5,1
2020-01-02,51.5,53.1,51.5,52.9,582
2020-01-05,50.9,51.4,50.9,51.4,2499
2020-01-06,51.9,51.9,50.5,50.8,3949
2020-01-08,50.6,51.0,50.0,50.5,1824
2020-01-09,49.5,50.4,48.0,48.1,2081
2020-01-12,48.6,49.0,47.9,49.0,1011
2020-01-13,49.0,50.8,45.5,49.7,1739
2020-01-14,46.1,48.4,46.0,46.1,6929
2020-01-15,46.0,46.5,46.0,46.3,1991
2020-01-16,46.3,46.3,45.8,45.9,106
2020-01-19,46.2,47.0,46.2,46.6,2536
2020-01-20,50.9,50.9,47.2,47.5,9401
2020-01-21,50.8,50.8,48.6,50.2,2831
2020-01-22,50.8,50.8,49.9,50.2,1728
2020-01-23,50.7,51.0,50.3,50.8,6191
2020-01-26,50.8,51.5,50.8,51.0,7420
2020-01-27,51.0,52.0,51.0,51.7,1817
2020-01-28,51.3,52.0,51.2,51.8,1036
2020-01-29,50.4,51.8,50.4,50.4,177
2020-01-30,50.4,51.9,50.4,50.8,2463
2020-02-02,50.8,51.4,50.8,51.2,647
2020-02-03,51.3,52.0,51.2,51.8,669
2020-02-04,52.5,52.7,51.8,52.7,3709
2020-02-05,50.7,51.0,50.7,50.8,2141
2020-02-06,52.6,52.8,52.0,52.3,1148
2020-02-09,52.4,55.0,52.0,55.0,9057
2020-02-10,55.5,56.0,53.9,55.7,4137
2020-02-11,54.0,54.9,53.4,53.8,7925
2020-02-12,54.2,55.0,53.6,54.2,2115
2020-02-13,54.5,54.8,53.0,53.4,3191
2020-02-16,57.9,57.9,54.1,55.3,17297
2020-02-17,56.6,57.5,54.0,55.0,14357
2020-02-18,55.1,55.1,53.9,54.1,10170
2020-02-19,55.1,55.5,54.0,54.5,6509
2020-02-20,54.0,55.0,52.6,52.7,17067
2020-02-23,52.7,55.5,52.7,53.2,7709
2020-02-24,53.0,54.1,53.0,53.3,4474
2020-02-25,54.6,54.6,53.2,54.1,2690
2020-02-26,54.0,54.5,53.7,54.0,8994
2020-02-27,54.0,55.0,53.3,54.3,21142
2020-03-01,53.5,55.0,52.7,54.5,14347
2020-03-03,50.6,52.0,49.2,50.4,12639
2020-03-04,50.4,50.4,49.9,50.1,4339
2020-03-05,49.5,51.0,49.5,49.8,4899
2020-03-08,49.5,49.7,49.1,49.2,3384
2020-03-09,48.0,48.0,47.6,47.9,6060
2020-03-10,45.2,47.0,45.1,46.1,1997
2020-03-11,49.7,49.7,49.7,49.7,30
2020-03-12,49.7,53.0,45.5,50.5,5730
2020-03-15,45.7,49.9,45.6,45.8,4526
2020-03-16,46.0,48.7,45.9,46.0,1087
2020-03-18,46.3,46.3,44.0,44.7,1891
2020-03-22,49.5,49.5,47.3,47.3,507
2020-03-23,47.3,47.3,47.3,47.3,25
2020-03-24,47.3,47.3,47.3,47.3,75
2020-03-25,47.3,47.3,47.3,47.3,138
2020-05-31,47.3,47.3,47.3,47.3,2
2020-06-07,47.3,47.3,47.3,47.3,1
2020-06-17,47.3,47.3,47.3,47.3,10
2020-06-25,47.3,47.3,47.3,47.3,90
2020-07-05,47.3,47.3,47.3,47.3,500
2020-07-06,47.3,47.3,47.3,47.3,200
2020-07-07,47.3,47.3,47.3,47.3,200
2020-07-08,47.3,47.3,47.3,47.3,471
2020-07-09,47.3,47.3,47.3,47.3,15
2020-07-12,47.3,47.3,47.3,47.3,16016
2020-07-13,47.3,47.3,47.3,47.3,6896
2020-07-14,47.3,47.3,47.3,47.3,26000
2020-07-15,47.5,47.5,47.4,47.5,12
2020-07-16,47.5,47.8,47.3,47.4,350
2020-07-19,47.3,47.4,47.3,47.3,1051
2020-07-20,47.4,47.4,47.3,47.3,27808
2020-07-21,47.8,47.8,47.7,47.7,574
2020-07-22,47.7,49.8,47.7,49.8,2587
2020-07-23,48.9,48.9,47.5,47.9,2512
2020-07-26,47.3,47.3,47.3,47.3,4
2020-07-27,47.6,47.6,47.3,47.3,170654
2020-07-28,47.3,52.0,47.3,51.6,28980
2020-07-29,52.0,56.2,51.3,55.2,68646
2020-07-30,55.0,57.4,53.1,53.8,26283
2020-08-03,54.0,55.9,52.3,52.7,52327
2020-08-04,52.7,55.8,52.4,55.5,127175
2020-08-05,56.4,57.8,55.8,57.5,115867
2020-08-06,57.8,59.2,53.6,55.2,46336
2020-08-09,55.7,57.5,53.7,53.9,16687
2020-08-10,54.8,54.8,52.8,53.0,23935
2020-08-12,54.1,54.1,52.0,52.3,33669
2020-08-13,53.7,55.9,53.2,55.5,37627
2020-08-16,55.5,56.9,55.5,56.0,62909
2020-08-17,56.1,56.1,54.0,54.5,54150
2020-08-18,54.5,54.5,52.8,53.2,17222
2020-08-19,53.2,53.5,50.2,52.0,26215
2020-08-20,52.1,52.5,52.0,52.3,4758
2020-08-23,52.0,52.3,52.0,52.0,1354
2020-08-24,57.0,57.0,51.7,52.0,15941
2020-08-25,52.0,52.1,49.9,51.2,10720
2020-08-26,51.2,53.0,51.2,52.5,3553
2020-08-27,52.5,52.9,52.1,52.6,6172
2020-08-31,52.6,53.9,50.0,51.6,5319
2020-09-01,51.7,52.2,51.1,52.2,8438
2020-09-02,53.2,53.2,50.8,52.0,16718
2020-09-03,50.0,53.4,48.6,50.0,22908
2020-09-06,54.0,54.0,50.5,51.4,5330
2020-09-07,51.4,53.4,51.0,51.7,15199
2020-09-08,52.6,52.8,51.0,52.3,25706
2020-09-09,51.0,53.2,51.0,52.9,14643
2020-09-10,53.8,53.8,52.0,52.4,255
2020-09-13,53.5,54.0,52.5,53.5,14106
2020-09-14,53.9,54.2,52.6,53.1,24586
2020-09-15,54.0,54.3,51.6,53.5,37642
2020-09-16,53.8,55.4,53.8,54.3,64304
2020-09-17,54.5,54.5,51.4,53.0,5101
2020-09-20,54.3,55.9,54.3,55.6,131057
2020-09-21,55.9,56.0,54.5,54.5,54517
2020-09-22,54.5,55.9,52.8,53.4,25252
2020-09-23,54.0,58.7,54.0,58.7,485018
2020-09-24,59.5,64.5,59.5,64.5,452389
2020-09-27,65.0,65.7,62.3,64.0,311178
2020-09-28,63.3,63.3,59.0,60.6,83733
2020-09-29,60.1,61.4,59.1,60.6,67120
2020-09-30,61.0,62.4,59.2,59.9,117476
2020-10-01,61.0,61.0,57.4,59.2,81502
2020-10-04,59.0,59.7,56.7,59.5,110195
2020-10-05,59.7,63.3,59.0,61.0,133393
2020-10-06,61.5,62.6,56.0,57.7,107721
2020-10-07,59.8,60.5,58.6,60.2,115368
2020-10-08,59.0,60.5,58.0,58.4,47265
2020-10-11,58.6,62.0,58.5,61.9,143606
2020-10-12,61.9,61.9,54.7,55.4,59552
2020-10-13,56.0,57.9,55.4,55.9,18376
2020-10-14,57.9,57.9,52.5,53.0,37516
2020-10-15,53.0,56.4,53.0,56.0,17084
2020-10-18,57.4,57.6,56.0,56.4,32570
2020-10-19,56.0,57.4,55.6,57.2,26927
2020-10-20,57.5,62.0,57.5,58.5,53141
2020-10-21,59.8,59.8,57.6,59.3,45057
2020-10-22,60.5,63.9,60.0,61.8,203623
2020-10-25,60.6,63.7,56.0,60.1,73291
2020-10-27,61.3,61.3,58.9,59.6,46407
2020-10-28,61.8,65.5,60.4,65.1,477161
2020-10-29,68.0,68.5,60.0,60.9,97553
2020-11-01,62.5,66.0,62.1,64.5,385152
2020-11-02,64.8,65.0,61.1,61.7,147262
2020-11-03,61.0,63.0,59.2,62.2,122554
2020-11-04,63.8,64.0,60.1,62.3,149566
2020-11-05,62.5,62.8,59.2,59.7,86588
2020-11-08,61.0,61.4,57.3,57.6,119465
2020-11-09,57.6,59.9,56.2,56.9,59471
2020-11-10,56.6,58.6,55.0,55.5,71039
2020-11-11,55.3,55.3,53.0,53.5,77223
2020-11-12,54.0,58.0,53.7,57.7,39685
2020-11-15,56.2,56.2,54.0,54.3,73228
2020-11-16,54.3,57.0,54.1,54.6,25470
2020-11-17,55.8,55.8,53.9,54.0,45503
2020-11-18,54.0,54.5,53.0,53.1,32706
2020-11-19,53.5,53.8,52.5,52.6,46641
2020-11-22,54.6,54.6,52.5,52.6,7001
2020-11-23,54.6,55.2,53.0,55.1,46945
2020-11-24,55.5,56.6,53.5,53.9,50370
2020-11-25,54.6,59.2,53.2,59.2,555044
2020-11-26,64.0,65.1,62.0,65.1,2979110
2020-11-29,68.2,71.6,68.2,71.6,1523765
2020-11-30,71.6,72.5,66.9,67.7,1157638
2020-12-01,68.1,68.9,66.1,66.8,675046
2020-12-02,67.3,73.4,67.3,70.7,1492538
2020-12-03,71.3,72.2,68.7,69.4,846073
2020-12-06,70.0,70.9,64.0,64.6,695675
2020-12-07,64.5,67.0,63.5,64.8,448234
2020-12-08,64.4,67.2,64.4,65.9,435990
2020-12-09,67.9,67.9,63.3,63.9,301625
2020-12-10,64.1,67.0,64.1,66.1,459327
2020-12-13,64.0,65.9,61.9,62.4,308594
2020-12-14,64.0,64.3,61.5,62.3,240466
2020-12-15,63.7,64.3,61.4,61.9,239635
2020-12-17,62.1,63.4,61.2,61.8,135119
2020-12-20,61.7,63.8,61.7,63.1,205992
2020-12-21,64.0,65.2,62.0,62.3,301514
2020-12-22,62.5,63.7,62.4,62.6,210953
2020-12-23,63.6,65.3,62.9,64.6,511251
2020-12-24,65.2,66.5,64.1,65.5,445115
2020-12-27,65.9,66.0,62.6,63.1,272075
2020-12-28,63.0,64.3,60.5,61.0,306238
2020-12-29,62.9,63.2,61.5,61.7,134312
2020-12-30,62.5,63.2,61.0,61.6,162126
2021-01-03,61.6,63.5,60.8,61.6,194707
2021-01-04,62.8,64.5,61.0,61.4,376427
2021-01-05,61.6,61.6,59.7,60.0,357872
2021-01-06,60.6,60.8,59.4,59.7,165797
2021-01-07,60.0,61.2,58.5,60.1,185964
2021-01-10,61.0,61.1,59.0,59.2,89897
2021-01-11,58.0,60.0,57.9,59.2,196775
2021-01-12,60.0,61.0,59.7,60.0,185653
2021-01-13,60.7,60.7,57.0,58.6,157998
2021-01-14,58.9,59.0,57.2,57.9,273467
2021-01-17,58.0,61.0,58.0,60.0,122617
2021-01-18,59.1,61.0,58.8,59.0,159154
2021-01-19,62.0,64.9,61.9,64.9,508758
2021-01-20,67.8,67.8,61.4,62.2,283862
2021-01-21,62.2,63.3,59.0,59.6,165277
2021-01-24,59.1,63.0,59.0,62.4,126316
2021-01-25,63.5,63.7,61.4,61.6,99810
2021-01-26,60.8,62.7,60.8,60.9,156030
2021-01-27,59.4,62.0,59.4,60.4,88593
2021-01-28,61.7,61.7,59.1,60.0,55068
2021-01-31,58.9,61.3,58.8,59.9,121588
2021-02-01,60.5,61.0,58.7,60.9,89562
2021-02-02,62.0,62.0,58.8,59.4,141032
2021-02-03,60.7,61.9,59.5,60.0,89734
2021-02-04,61.4,61.5,59.7,60.5,44591
2021-02-07,62.7,62.7,58.3,58.8,78486
2021-02-08,60.2,60.2,58.0,58.3,27479
2021-02-09,59.9,60.3,58.1,60.0,57599
2021-02-10,59.9,60.5,59.0,60.2,43894
2021-02-11,58.7,61.0,58.3,58.4,55244
2021-02-14,60.0,60.0,55.4,56.8,60563
2021-02-15,62.1,65.0,60.0,60.7,465804
2021-02-16,61.1,62.3,60.8,61.4,136033
2021-02-17,61.0,65.0,61.0,63.7,427576
2021-02-18,64.9,65.9,61.7,62.8,187177
2021-02-22,63.4,63.4,60.3,60.8,99074
2021-02-23,60.8,62.2,60.2,60.5,108242
2021-02-24,60.7,62.2,60.5,60.9,50166
2021-02-25,61.8,63.2,61.7,62.3,161929
2021-02-28,64.0,64.8,61.9,62.5,91189
2021-03-01,64.2,64.2,61.8,62.1,80682
2021-03-02,62.6,63.0,62.2,62.8,79807
2021-03-03,62.5,64.2,62.5,64.0,238717
2021-03-04,64.1,64.4,63.2,63.7,177484
2021-03-07,64.0,65.0,63.9,64.6,405342
2021-03-09,58.4,58.4,56.9,57.3,225462
2021-03-10,59.0,59.0,56.2,56.5,71331
2021-03-11,56.0,56.6,55.2,55.8,85177
2021-03-14,55.6,56.7,55.3,55.6,45987
2021-03-15,56.2,56.3,55.6,55.6,60391
2021-03-16,57.0,57.0,55.5,56.1,41042
2021-03-18,55.5,56.2,54.6,55.7,134157
2021-03-21,54.5,55.4,53.4,53.7,65212
2021-03-22,53.0,54.0,52.5,53.5,38559
2021-03-23,53.8,55.0,53.4,54.3,106601
2021-03-24,53.3,54.4,50.8,51.2,182042
2021-03-25,51.3,53.3,51.3,52.4,20997
2021-03-28,52.5,53.5,52.5,53.0,59654
2021-03-29,53.9,54.4,53.4,53.7,62088
2021-03-31,54.0,54.0,52.3,52.4,24291
2021-04-01,51.2,53.4,51.2,52.5,23463
2021-04-04,47.3,51.0,47.3,48.3,52312
2021-04-05,51.6,51.6,49.0,50.9,3703
2021-04-06,51.0,54.3,51.0,53.2,33549
2021-04-07,54.0,54.4,53.0,53.8,79035
2021-04-08,52.1,54.5,52.0,53.9,162673
2021-04-11,52.1,53.9,51.6,52.0,33458
2021-04-12,53.0,53.0,50.8,51.7,47724
2021-04-13,51.1,55.0,51.1,54.3,64259
2021-04-15,55.0,57.8,54.3,54.5,92729
2021-04-18,53.7,54.9,53.7,54.1,62265
2021-04-19,53.1,57.5,53.1,56.6,92900
2021-04-20,57.0,58.4,55.0,55.2,108998
2021-04-21,56.9,58.8,54.7,57.8,246033
2021-04-22,58.9,59.4,54.0,56.1,222388
2021-04-25,56.7,57.6,56.3,57.2,162965
2021-04-26,57.0,57.9,55.5,55.5,81698
2021-04-27,55.5,56.4,55.1,55.9,99747
2021-04-28,57.4,57.7,56.0,56.8,113002
2021-04-29,57.0,58.9,57.0,58.3,383659
2021-05-02,60.0,64.1,60.0,62.7,1055103
2021-05-03,63.1,63.1,60.1,61.0,544977
2021-05-04,62.5,66.7,62.2,65.1,812150
2021-05-05,66.2,66.6,62.0,63.4,508573
2021-05-06,62.9,64.8,60.4,61.2,320949
2021-05-09,60.5,60.7,55.2,58.9,166193
2021-05-11,60.0,63.5,59.6,63.2,427230
2021-05-12,65.0,65.4,62.2,64.0,657189
2021-05-16,64.0,64.5,62.0,62.8,388408
2021-05-17,63.7,65.0,62.6,63.6,370368
2021-05-18,64.7,66.6,63.8,65.3,1135251
2021-05-19,65.3,71.2,65.3,69.0,971542
2021-05-20,68.2,68.8,64.9,66.2,363515
2021-05-23,66.4,69.0,66.4,67.4,549238
2021-05-24,67.6,74.1,67.6,74.1,2035717
2021-05-25,81.5,81.5,79.0,81.4,4436518
2021-05-27,89.0,89.5,84.0,89.5,4479280
2021-05-30,92.2,97.4,87.2,94.6,2455679
2021-05-31,95.7,99.0,92.1,94.8,2640243
2021-06-01,96.0,104.2,95.4,104.2,4693059
2021-06-02,107.5,111.9,101.5,102.8,3367510
2021-06-03,102.5,112.9,101.5,110.2,3119799
2021-06-06,111.0,113.7,100.0,101.9,2719726
2021-06-07,102.5,106.7,99.0,102.2,1954044
2021-06-08,105.9,112.4,105.9,112.4,2512237
2021-06-09,115.0,123.6,110.6,123.1,2350033
2021-06-10,125.9,129.4,116.1,122.7,2566580
2021-06-13,122.0,134.6,118.2,132.1,2639760
2021-06-14,138.0,144.0,129.1,141.5,2412018
2021-06-15,145.1,149.9,143.5,144.6,2314674
2021-06-16,145.0,145.2,139.1,144.0,2155396
2021-06-17,145.0,146.0,133.2,135.7,1182296
2021-06-20,134.1,135.0,125.6,130.2,1115522
2021-06-21,132.2,134.9,123.3,124.1,898172
2021-06-22,122.5,124.0,113.0,116.1,1044245
2021-06-23,115.1,118.7,106.0,107.8,953192
2021-06-24,107.9,118.5,107.0,118.5,1123920
2021-06-27,121.8,125.9,115.2,118.3,1134673
2021-06-28,119.0,124.1,116.1,117.5,762688
2021-06-29,122.0,122.9,113.0,114.9,409397
2021-06-30,117.9,126.3,117.0,126.0,1021729
2021-07-05,129.0,132.0,124.1,125.4,554307
2021-07-06,123.6,125.4,119.0,120.6,463763
2021-07-07,119.0,122.7,114.0,115.1,582423
2021-07-08,118.0,120.7,114.5,120.1,479138
2021-07-12,120.1,120.1,112.8,113.7,340921
2021-07-13,115.0,116.5,111.5,113.2,645111
2021-07-14,116.9,119.9,115.3,117.2,351393
2021-07-15,117.3,121.0,117.0,118.3,495153
2021-07-18,122.4,124.9,119.3,121.3,609946
2021-07-19,121.4,126.1,120.0,125.1,580447
2021-07-25,128.5,128.5,119.0,121.4,432733
2021-07-26,120.3,120.9,116.5,117.8,400693
2021-07-27,120.9,122.3,118.5,120.3,628348
2021-07-28,123.5,123.8,119.1,119.9,699289
2021-07-29,122.0,122.0,116.5,117.2,493759
2021-08-02,117.2,120.5,116.0,116.6,468023
2021-08-03,117.5,119.7,115.0,115.5,266417
2021-08-05,115.6,119.0,113.2,116.7,595592
2021-08-09,116.6,117.8,112.2,112.7,555947
2021-08-10,115.0,115.0,110.0,110.8,681506
2021-08-11,110.9,112.7,110.0,110.3,371682
2021-08-12,111.6,111.6,107.1,108.2,317151
2021-08-16,107.0,107.9,105.4,106.0,455187
2021-08-17,106.2,113.9,106.0,109.9,820469
2021-08-18,111.9,112.4,108.0,111.0,446574
2021-08-19,113.0,119.4,113.0,114.5,684099
2021-08-22,114.5,117.2,111.5,112.1,416104
2021-08-23,115.8,118.0,113.0,114.7,370011
2021-08-24,116.0,116.0,111.5,113.1,333237
2021-08-25,116.4,118.9,113.6,115.4,792177
2021-08-26,115.9,116.0,113.1,113.5,224465
2021-08-29,114.0,115.4,110.5,111.2,300925
2021-08-31,113.6,115.5,112.3,112.9,266595
2021-09-01,115.4,120.9,114.0,119.1,789079
2021-09-02,121.2,122.0,117.0,121.1,599867
2021-09-05,122.9,124.8,118.4,118.9,545801
2021-09-06,120.0,121.8,116.1,116.6,288193
2021-09-07,116.6,118.5,115.0,115.5,269082
2021-09-08,115.7,118.0,114.6,114.8,256866
2021-09-09,114.3,117.7,114.3,116.3,328269
2021-09-12,116.5,120.8,116.2,117.1,471552
2021-09-13,117.5,118.6,116.7,117.0,134472
2021-09-14,116.6,118.0,113.5,114.5,299959
2021-09-15,116.5,116.5,110.5,110.9,492556
2021-09-16,113.6,114.0,111.2,111.8,191600
2021-09-19,112.3,114.4,111.8,113.2,135423
2021-09-20,115.7,116.8,113.3,114.0,405069
2021-09-21,115.0,118.0,114.1,114.6,276835
2021-09-22,114.7,115.6,111.5,112.3,272751
2021-09-23,111.5,113.0,111.5,112.1,156916
2021-09-26,113.5,113.8,109.9,111.0,364702
2021-09-27,112.2,112.2,109.6,110.0,457826
2021-09-28,112.5,113.5,108.8,110.8,343068
2021-09-29,109.2,113.0,109.2,110.7,178216
2021-09-30,111.0,111.9,109.3,109.5,508022
2021-10-03,110.2,110.2,107.9,108.1,483311
2021-10-04,108.1,109.7,106.0,106.5,672677
2021-10-05,109.5,109.5,105.0,107.2,424349
2021-10-06,106.2,110.0,106.0,109.2,407988
2021-10-07,110.2,113.3,108.1,110.6,222767
2021-10-10,113.7,113.7,108.6,111.0,90891
2021-10-11,110.9,111.5,108.8,110.6,125691
2021-10-12,109.2,112.4,109.2,111.5,175467
2021-10-13,112.0,117.0,111.9,112.6,300905
2021-10-14,112.7,115.0,111.3,113.8,172899
2021-10-17,113.6,115.8,110.0,111.1,494582
2021-10-18,111.2,113.8,109.4,109.8,113073
2021-10-19,111.1,113.8,109.3,109.9,173916
2021-10-21,113.5,113.5,108.0,108.9,102757
2021-10-24,109.0,110.5,107.0,107.5,72572
2021-10-25,106.3,107.9,105.2,106.0,96541
2021-10-26,108.1,109.1,105.6,108.0,73934
2021-10-27,109.5,112.5,108.0,109.3,155437
2021-10-28,109.4,112.4,109.0,110.9,275851
2021-10-31,113.9,114.5,108.0,109.8,201242
2021-11-01,113.4,113.4,110.0,111.3,237991
2021-11-02,112.9,112.9,109.0,109.2,138042
2021-11-03,110.9,110.9,108.1,108.3,126918
2021-11-04,107.6,109.0,106.5,107.1,115458
2021-11-07,109.0,109.0,105.0,105.2,173720
2021-11-08,105.5,105.5,98.5,99.2,244346
2021-11-09,100.6,101.2,96.9,98.4,153394
2021-11-10,101.0,101.0,98.9,100.2,190763
2021-11-11,101.4,102.9,100.0,100.5,185020
2021-11-14,102.4,102.4,96.5,98.6,144542
2021-11-15,98.7,99.4,96.5,97.2,95596
2021-11-16,99.0,99.9,96.8,97.8,103603
2021-11-17,98.5,103.8,98.5,102.8,341489
2021-11-18,104.9,104.9,100.0,100.2,130568
2021-11-21,101.9,101.9,99.6,100.0,100062
2021-11-22,101.8,101.8,99.4,99.7,99735
2021-11-23,100.1,100.9,99.2,99.8,60984
2021-11-24,102.0,102.0,97.5,98.3,99259
2021-11-25,98.3,99.9,96.0,96.5,44667
2021-11-28,96.6,96.6,90.1,93.9,39804
2021-11-29,90.8,95.8,90.8,93.1,17948
2021-11-30,92.3,93.6,90.7,91.4,50636
2021-12-01,95.0,95.0,92.7,92.9,63956
2021-12-02,92.9,93.9,90.0,92.0,102331
2021-12-05,93.8,99.9,92.6,99.4,155729
2021-12-06,100.0,100.0,96.5,97.5,89506
2021-12-07,97.7,101.0,97.6,98.4,103243
2021-12-08,96.3,100.0,95.2,96.8,154907
2021-12-09,99.0,99.0,96.1,96.7,54033
2021-12-12,96.3,99.3,96.3,98.2,50314
2021-12-13,97.0,101.2,97.0,98.7,109927
2021-12-14,98.2,101.3,97.4,97.6,144739
2021-12-15,99.3,99.3,97.5,98.8,83656
2021-12-19,97.9,103.1,97.5,101.5,147731
2021-12-20,103.4,106.2,102.4,104.4,224957
2021-12-21,106.8,106.8,100.3,101.5,119369
2021-12-22,101.5,104.9,101.5,103.8,120478
2021-12-23,104.8,108.6,104.0,105.0,350832
2021-12-26,105.0,106.3,103.0,103.7,129907
2021-12-27,103.2,105.1,101.0,101.4,116169
2021-12-28,103.0,104.2,100.0,101.4,141468
2021-12-29,101.5,104.2,100.2,100.6,77758
2021-12-30,99.3,109.0,99.3,106.1,349493
2022-01-02,107.1,109.5,105.0,107.9,222335
2022-01-03,107.0,109.9,105.2,105.8,158010
2022-01-04,108.2,109.0,105.5,106.6,121628
2022-01-05,106.1,108.6,106.0,106.5,129832
2022-01-06,108.1,108.2,103.1,104.4,195670
2022-01-09,106.0,106.0,102.9,103.3,106411
2022-01-10,103.3,105.5,101.6,103.6,140209
2022-01-11,102.2,104.1,100.0,100.2,172711
2022-01-12,101.0,103.0,96.5,99.6,149193
2022-01-13,100.0,102.8,97.8,99.8,129480
2022-01-16,102.8,102.8,98.5,98.9,69422
2022-01-17,100.0,101.5,99.1,100.1,339682
2022-01-18,102.0,102.0,98.0,99.1,163170
2022-01-19,100.5,102.0,96.6,97.2,269990
2022-01-20,100.8,100.8,97.2,97.7,151389
2022-01-23,100.0,100.9,97.8,98.2,155253
2022-01-24,100.0,100.5,96.8,97.1,203466
2022-01-25,97.9,99.7,96.5,96.9,188063
2022-01-26,97.2,98.0,95.5,96.0,203420
2022-01-27,97.9,97.9,96.1,96.8,91757
2022-01-30,96.1,99.2,95.2,97.7,91569
2022-01-31,99.0,99.0,96.3,96.5,182243
2022-02-01,98.1,98.1,96.5,96.9,64861
2022-02-02,98.0,99.7,96.5,99.0,171068
2022-02-03,99.9,101.0,96.6,99.6,274739
2022-02-06,100.8,109.0,100.7,107.4,731431
2022-02-07,110.5,113.6,108.3,111.1,1135533
2022-02-08,113.6,113.7,107.1,107.8,511741
2022-02-09,109.7,109.7,103.0,104.5,445552
2022-02-10,104.9,110.0,102.6,108.8,564188
2022-02-13,109.4,112.0,105.2,105.9,578691
2022-02-14,106.9,106.9,99.0,100.8,665006
2022-02-15,100.4,100.4,95.2,96.0,742966
2022-02-16,99.5,99.5,95.2,95.7,312044
2022-02-17,97.5,97.5,93.5,94.3,375721
2022-02-20,93.3,94.4,92.8,93.6,157402
2022-02-22,95.0,95.0,92.5,93.0,138615
2022-02-23,93.4,93.4,91.7,92.4,456239
2022-02-24,92.5,92.5,87.3,89.0,302343
2022-02-27,89.0,89.1,84.1,85.8,211002
2022-02-28,89.0,89.0,85.5,87.6,249378
2022-03-01,88.7,91.1,87.5,89.1,190562
2022-03-02,89.1,89.6,87.1,88.6,87399
2022-03-03,88.5,90.5,87.0,89.2,116319
2022-03-06,89.4,90.0,87.0,87.3,91419
2022-03-07,87.3,87.8,83.5,83.8,212583
2022-03-09,82.2,87.6,82.2,85.1,326871
2022-03-10,88.8,89.9,85.0,85.5,173733
2022-03-13,84.3,85.6,83.8,84.5,263902
2022-03-14,84.1,85.2,83.1,83.4,78454
2022-03-15,83.5,84.0,81.9,82.1,126028
2022-03-16,82.0,82.7,80.5,81.8,106095
2022-03-20,81.3,82.9,80.4,81.3,154229
2022-03-21,80.8,82.7,80.7,82.3,122979
2022-03-22,82.1,83.0,82.0,82.0,93402
2022-03-23,82.3,83.2,82.3,82.6,108476
2022-03-24,82.5,84.0,82.5,82.8,68624
2022-03-27,83.0,83.1,81.5,81.8,50256
2022-03-28,83.9,84.8,81.6,82.1,118929
2022-03-29,83.5,83.5,82.5,82.9,52449
2022-03-30,83.8,86.9,83.0,83.7,171843
2022-03-31,85.8,87.4,84.5,86.6,175644
2022-04-03,86.0,87.2,84.9,85.0,112831
2022-04-04,83.5,85.0,83.5,83.9,28161
2022-04-05,83.0,84.8,82.3,82.6,56306
2022-04-06,81.3,83.6,81.1,81.5,34360
2022-04-07,81.5,82.2,80.0,81.5,32438
2022-04-10,83.6,83.6,81.1,81.4,32630
2022-04-11,82.6,82.6,80.0,80.6,48522
2022-04-12,80.6,80.6,79.0,79.5,53153
2022-04-13,78.2,79.6,78.0,78.5,50443
2022-04-17,79.8,79.8,77.0,77.0,23075
2022-04-18,78.9,78.9,75.5,75.5,58447
2022-04-19,74.5,75.4,74.0,75.1,30744
2022-04-20,76.3,76.5,75.4,76.0,23348
2022-04-21,76.8,78.0,75.8,77.8,26141
2022-04-24,77.4,80.0,77.4,79.7,39376
2022-04-25,79.5,81.2,79.5,80.8,84127
2022-04-26,82.5,85.0,81.0,81.2,71721
2022-04-27,81.0,81.0,78.8,79.5,53266
2022-04-28,79.8,79.8,77.3,78.6,44667
2022-05-05,79.0,81.0,76.0,78.3,14181
2022-05-08,78.1,79.9,78.0,78.4,52284
2022-05-09,78.5,80.0,78.5,78.8,92716
2022-05-10,79.0,80.5,78.7,79.2,95371
2022-05-11,79.5,80.0,77.6,77.9,45950
2022-05-12,80.4,80.9,76.7,77.0,57505
2022-05-16,78.9,79.0,73.2,73.2,96052
2022-05-17,73.3,73.3,69.6,70.2,124990
2022-05-18,71.1,72.5,68.0,68.4,96997
2022-05-19,71.0,71.0,66.5,68.1,36031
2022-05-22,68.0,68.0,65.1,65.9,91791
2022-05-23,66.5,70.0,66.5,68.4,33647
2022-05-24,68.4,70.0,66.5,66.6,38730
2022-05-25,68.5,68.5,66.0,66.9,34485
2022-05-26,69.8,69.8,66.7,67.5,36304
2022-05-29,69.9,70.8,68.5,69.9,53676
2022-05-30,71.7,71.7,69.9,70.9,35995
2022-05-31,73.3,74.0,70.5,71.7,88535
2022-06-01,73.0,73.3,71.9,73.1,43330
2022-06-02,74.7,74.7,72.2,72.8,54513
2022-06-05,72.8,73.9,72.0,73.6,85236
2022-06-06,74.5,80.9,74.5,80.9,479762
2022-06-07,81.0,84.6,81.0,83.5,378377
2022-06-08,81.9,84.8,81.9,81.9,197958
2022-06-09,80.3,81.6,80.3,80.3,85507
2022-06-12,78.7,79.9,78.7,78.7,55062
2022-06-13,77.3,77.3,77.2,77.2,57997
2022-06-14,75.7,79.8,75.7,75.9,237293
2022-06-15,74.4,79.7,74.4,74.4,48241
2022-06-16,74.4,75.7,73.0,73.2,87310
2022-06-19,72.3,75.0,71.8,71.8,70670
2022-06-20,74.7,74.7,71.4,72.2,80568
2022-06-21,71.6,73.1,71.5,72.2,17744
2022-06-22,73.0,73.0,71.6,72.0,67619
2022-06-23,75.6,75.6,71.8,72.0,42760
2022-06-26,72.1,72.1,71.0,71.6,61522
2022-06-27,71.0,72.0,70.2,71.5,78754
2022-06-28,70.9,73.0,70.8,71.2,67607
2022-06-29,71.0,71.5,70.3,71.0,23891
2022-06-30,75.0,75.0,70.6,71.5,30704
2022-07-03,71.5,71.5,70.1,70.4,51140
2022-07-04,70.4,71.0,69.6,70.2,54489
2022-07-05,71.4,71.5,69.6,69.9,25510
2022-07-06,70.5,70.5,69.2,69.5,21338
2022-07-07,71.0,71.0,68.2,70.0,19464
2022-07-12,69.0,70.3,69.0,69.6,7955
2022-07-13,68.5,69.7,68.3,68.4,49396
2022-07-14,68.4,68.6,67.1,68.1,32586
2022-07-17,67.0,68.0,67.0,67.4,38568
2022-07-18,67.0,68.0,66.1,66.1,30548
2022-07-19,64.8,66.0,64.8,64.8,53521
2022-07-20,64.0,65.0,63.9,64.3,65161
2022-07-21,65.0,65.0,64.0,64.3,25838
2022-07-24,65.5,67.0,63.1,63.1,39994
2022-07-25,63.1,65.0,61.9,64.7,32387
2022-07-26,65.1,71.0,65.1,66.5,57169
2022-07-27,68.5,68.5,65.3,65.3,37998
2022-07-28,64.0,67.3,64.0,65.9,22334
2022-07-31,68.5,71.5,66.7,71.4,81108
2022-08-01,72.4,73.0,68.0,68.9,60608
2022-08-02,68.5,71.4,67.5,69.8,50562
2022-08-03,73.5,74.0,70.1,70.8,56396
2022-08-04,72.0,72.0,69.9,70.1,42836
2022-08-07,70.1,70.1,68.0,68.7,76628
2022-08-08,68.1,68.9,68.1,68.8,29552
2022-08-10,68.8,68.8,67.5,68.1,24511
2022-08-11,68.8,69.8,66.9,68.0,30257
2022-08-14,68.1,68.7,67.5,67.9,15841
2022-08-16,67.3,70.0,66.5,69.2,52336
2022-08-17,69.0,70.8,68.1,70.2,51808
2022-08-21,70.2,70.2,68.0,68.3,37949
2022-08-22,69.2,70.2,69.0,69.8,59390
2022-08-23,70.5,70.5,68.5,68.9,64602
2022-08-24,69.0,69.5,67.1,68.7,62486
2022-08-25,68.0,69.0,66.9,68.8,87741
2022-08-28,69.5,71.4,69.5,70.9,107602
2022-08-29,71.0,71.3,70.0,70.8,79051
2022-08-30,71.0,72.5,70.5,71.8,86623
2022-08-31,74.9,74.9,71.8,72.9,70510
2022-09-01,72.9,74.6,72.5,73.3,72276
2022-09-04,74.5,74.5,72.5,72.9,96924
2022-09-05,71.6,72.9,71.6,71.7,52439
2022-09-06,71.1,73.4,71.0,72.1,89752
2022-09-07,73.0,73.0,70.7,71.5,50409
2022-09-08,71.1,73.4,71.0,71.9,45338
2022-09-11,73.4,73.4,69.9,70.1,52378
2022-09-12,70.1,71.7,67.8,69.8,119529
2022-09-13,69.0,70.0,68.9,69.1,52096
2022-09-14,70.0,70.0,67.7,68.1,80376
2022-09-15,68.1,68.9,66.1,67.6,85397
2022-09-18,70.0,71.0,68.0,69.7,108984
2022-09-19,69.3,70.0,66.5,68.1,70823
2022-09-20,69.8,69.8,66.7,66.9,107191
2022-09-21,67.9,70.0,66.2,66.5,90554
2022-09-22,66.5,67.0,65.5,66.3,133390
2022-09-25,66.3,68.5,66.2,66.3,110334
2022-09-26,67.6,67.6,65.6,65.7,61837
2022-09-27,65.5,67.0,65.1,65.1,116043
2022-09-28,66.4,66.4,65.1,65.1,61967
2022-09-29,65.1,65.7,65.1,65.1,62940
2022-10-02,65.7,66.7,65.2,65.5,35026
2022-10-03,65.3,66.0,65.1,65.2,51104
2022-10-04,65.1,65.8,65.1,65.3,58169
2022-10-06,65.4,65.5,65.1,65.1,29042
2022-10-10,66.2,66.2,65.1,65.1,17216
2022-10-11,65.1,65.8,65.1,65.1,41831
2022-10-12,65.1,65.1,65.1,65.1,29730
2022-10-13,65.1,67.0,65.1,66.2,210554
2022-10-16,67.9,67.9,65.1,65.1,116516
2022-10-17,65.1,66.0,65.1,65.1,16237
2022-10-18,65.1,65.1,65.1,65.1,5782
2022-10-19,65.1,65.1,65.1,65.1,5972
2022-10-20,65.1,65.1,65.1,65.1,2176
2022-10-23,65.1,65.1,65.1,65.1,3161
2022-10-25,65.1,65.1,65.1,65.1,654
2022-10-26,65.1,65.1,65.1,65.1,3261
2022-10-27,65.1,65.1,65.1,65.1,16631
2022-10-30,65.1,67.0,65.1,65.1,120201
2022-10-31,65.1,65.1,65.1,65.1,12903
2022-11-01,65.1,65.1,65.1,65.1,2980
2022-11-02,65.1,68.0,65.1,66.6,269281
2022-11-03,66.0,67.4,65.3,65.8,64977
2022-11-06,65.2,67.5,65.1,65.1,58360
2022-11-07,65.2,65.2,65.1,65.1,51887
2022-11-08,65.1,65.1,65.1,65.1,24286
2022-11-09,65.1,65.9,65.1,65.1,28780
2022-11-10,65.1,65.1,65.1,65.1,10230
2022-11-13,65.1,65.1,65.1,65.1,351
2022-11-14,65.1,65.1,65.1,65.1,800
2022-11-15,65.1,65.1,65.1,65.1,75
2022-11-16,65.1,65.1,65.1,65.1,143
2022-11-17,65.1,65.1,65.1,65.1,957
2022-11-20,65.1,65.1,65.1,65.1,2536
2022-11-21,65.1,65.1,65.1,65.1,10005
2022-11-22,65.1,65.1,65.1,65.1,1232
2022-11-23,65.1,65.1,65.1,65.1,2261
2022-11-24,65.1,65.1,65.1,65.1,1700
2022-11-27,65.1,65.1,65.1,65.1,526
2022-11-28,65.1,65.1,65.1,65.1,450
2022-11-29,65.1,65.1,65.1,65.1,100
2022-11-30,65.1,65.1,65.1,65.1,174
2022-12-01,65.1,65.1,65.1,65.1,150
2022-12-04,65.1,65.1,65.1,65.1,1360
2022-12-05,65.1,65.1,65.1,65.1,1510
2022-12-06,65.1,65.1,65.1,65.1,1150
2022-12-07,65.1,65.1,65.1,65.1,481
2022-12-08,65.1,65.1,65.1,65.1,5
2022-12-12,65.1,65.1,65.1,65.1,35984
2022-12-13,65.1,65.1,65.1,65.1,2509
2022-12-14,65.1,66.1,65.1,65.1,31160
2022-12-15,65.1,65.1,65.1,65.1,620
2022-12-18,65.1,65.1,65.1,65.1,25823
2022-12-19,65.1,65.1,65.1,65.1,1314
2022-12-20,65.1,65.1,65.1,65.1,803
2022-12-21,65.1,65.1,65.1,65.1,2000
2022-12-22,65.1,65.1,65.1,65.1,110
2022-12-26,65.1,65.1,65.1,65.1,1201
2022-12-27,65.1,65.1,65.1,65.1,100
2022-12-28,65.1,65.1,65.1,65.1,2350
2022-12-29,65.1,65.1,65.1,65.1,21510
2023-01-01,65.1,65.1,65.1,65.1,710
2023-01-02,65.1,65.1,65.1,65.1,215
2023-01-03,65.1,65.1,65.1,65.1,166
2023-01-04,65.1,65.1,65.1,65.1,2110
2023-01-05,65.1,65.1,65.1,65.1,4270
2023-01-08,65.1,65.1,65.1,65.1,19406
2023-01-09,65.1,65.1,65.1,65.1,201
2023-01-10,65.1,65.2,65.1,65.1,20065
2023-01-11,65.1,65.2,65.1,65.1,14564
2023-01-12,65.1,65.1,65.1,65.1,3012
2023-01-15,65.1,69.6,65.1,68.8,119682
2023-01-16,69.8,69.9,66.5,67.0,81299
2023-01-17,67.0,68.5,67.0,67.9,45916
2023-01-18,68.8,69.8,66.5,67.2,128346
2023-01-19,67.0,69.9,67.0,69.1,89940
2023-01-22,69.1,75.0,68.2,71.9,433063
2023-01-23,71.5,72.8,70.0,70.4,105693
2023-01-24,72.2,74.9,70.3,74.0,507239
2023-01-25,73.1,74.6,71.0,72.8,196715
2023-01-26,72.8,72.8,70.4,71.2,72502
2023-01-29,71.2,71.5,69.6,70.0,153865
2023-01-30,71.8,71.8,68.3,68.7,68323
2023-01-31,68.5,71.5,68.5,68.6,63523
2023-02-01,67.0,71.3,67.0,68.1,37883
2023-02-02,68.1,71.0,67.2,70.6,95313
2023-02-05,72.0,72.0,69.0,69.3,91327
2023-02-06,68.4,69.9,67.0,67.4,107554
2023-02-07,67.2,67.7,65.7,67.1,137041
2023-02-08,66.2,68.6,66.0,66.3,99585
2023-02-09,67.8,68.0,65.4,65.9,56539
2023-02-12,65.2,65.8,65.1,65.2,61081
2023-02-13,65.2,65.6,65.1,65.3,65781
2023-02-14,65.1,65.5,65.1,65.1,48590
2023-02-15,65.1,65.1,65.1,65.1,34534
2023-02-16,65.1,65.3,65.1,65.1,22097
2023-02-19,65.1,65.1,65.1,65.1,1950
2023-02-20,65.1,65.1,65.1,65.1,2853
2023-02-22,65.1,65.1,65.1,65.1,8684
2023-02-23,65.1,65.1,65.1,65.1,4164
2023-02-27,65.1,66.8,65.1,65.1,19156
2023-02-28,65.1,66.7,65.1,65.1,16273
2023-03-01,65.2,66.6,65.1,66.0,91197
2023-03-02,66.2,66.2,65.2,65.3,67778
2023-03-05,65.1,66.0,65.1,65.7,50309
2023-03-06,66.8,67.3,65.7,67.0,54921
2023-03-07,67.0,67.1,66.3,66.6,57716
2023-03-09,67.0,67.7,66.4,66.9,58904
2023-03-12,65.4,67.0,65.1,65.5,66784
2023-03-13,66.6,66.6,65.5,65.7,13584
2023-03-14,66.6,66.6,65.4,65.6,16517
2023-03-15,65.3,65.5,65.3,65.4,29763
2023-03-16,65.4,65.7,65.1,65.2,27187
2023-03-19,65.1,65.3,65.1,65.1,45558
2023-03-20,66.5,66.9,65.1,65.3,23680
2023-03-21,65.1,65.5,65.1,65.1,57447
2023-03-23,65.1,65.1,65.1,65.1,115
2023-03-27,65.1,65.1,65.1,65.1,1301
2023-03-28,65.1,65.1,65.1,65.1,133
2023-03-29,65.1,65.1,65.1,65.1,1455
2023-03-30,65.1,65.1,65.1,65.1,65
2023-04-02,65.1,65.1,65.1,65.1,2094
2023-04-03,65.1,65.1,65.1,65.1,260
2023-04-04,65.1,65.1,65.1,65.1,1296
2023-04-05,65.1,65.1,65.1,65.1,400
2023-04-06,65.1,65.1,65.1,65.1,770
2023-04-09,65.1,65.1,65.1,65.1,1004
2023-04-10,65.1,65.1,65.1,65.1,200
2023-04-11,65.1,65.1,65.1,65.1,300
2023-04-16,65.1,65.1,65.1,65.1,70
2023-04-17,65.1,65.1,65.1,65.1,330
2023-04-18,65.1,65.1,65.1,65.1,8120
2023-04-24,65.1,65.1,65.1,65.1,400
2023-04-25,65.1,65.1,65.1,65.1,1298
2023-04-26,65.1,65.1,65.1,65.1,180
2023-04-27,65.1,65.1,65.1,65.1,1683
2023-04-30,65.1,65.1,65.1,65.1,445
2023-05-02,65.1,65.1,65.1,65.1,80
2023-05-03,65.1,65.1,65.1,65.1,512
2023-05-07,65.1,65.1,65.1,65.1,4955
2023-05-08,65.1,65.1,65.1,65.1,7000
2023-05-09,65.1,65.1,65.1,65.1,91
2023-05-10,65.1,65.1,65.1,65.1,215
2023-05-11,65.1,65.1,65.1,65.1,1458
2023-05-14,65.1,65.1,65.1,65.1,353
2023-05-15,65.1,65.1,65.1,65.1,40789
2023-05-16,65.1,65.1,65.1,65.1,152
2023-05-17,65.1,66.0,65.1,65.2,168685
2023-05-18,65.3,67.8,65.3,66.0,326028
2023-05-21,66.0,66.7,65.4,65.8,134155
2023-05-22,65.3,65.5,65.1,65.1,107942
2023-05-23,65.1,65.1,65.1,65.1,18673
2023-05-24,65.1,66.3,65.1,65.1,183779
2023-05-25,65.1,71.6,65.1,69.6,346329
2023-05-28,71.0,76.5,70.9,76.5,1910634
2023-05-29,77.0,79.6,75.3,76.1,520366
2023-05-30,76.1,76.1,73.0,74.4,539836
2023-05-31,73.2,77.5,70.5,72.1,412651
2023-06-01,74.9,75.0,70.5,71.5,299267
2023-06-04,74.5,74.9,70.6,71.2,275789
2023-06-05,72.9,74.0,68.2,70.3,178868
2023-06-06,71.9,71.9,66.6,67.1,121771
2023-06-07,67.1,71.9,66.8,70.2,120788
2023-06-08,71.5,72.3,69.0,69.7,83158
2023-06-11,70.5,70.5,66.6,67.1,161077
2023-06-12,68.4,68.8,66.1,66.5,41226
2023-06-13,66.5,67.7,65.1,65.2,95579
2023-06-14,65.5,66.1,65.1,65.2,54760
2023-06-15,65.1,66.0,65.1,65.5,65562
2023-06-18,65.5,67.9,65.1,65.1,30677
2023-06-19,66.5,68.0,65.1,67.9,52663
2023-06-20,66.5,66.9,65.1,65.5,142215
2023-06-21,65.6,66.6,65.2,65.4,22686
2023-06-22,65.6,67.0,65.1,65.3,53414
2023-06-25,65.4,66.1,65.2,65.6,35988
2023-06-26,66.6,67.0,65.2,66.9,40104
2023-07-02,66.9,66.9,65.1,65.2,30474
2023-07-03,66.8,66.8,65.2,65.2,12175
2023-07-04,65.2,65.4,65.2,65.2,15410
2023-07-05,65.2,65.5,65.1,65.1,15610
2023-07-06,65.2,65.4,65.1,65.2,17054
2023-07-09,65.2,65.2,65.1,65.1,41870
2023-07-10,65.1,65.3,65.1,65.1,84003
2023-07-11,65.1,65.2,65.1,65.1,27783
2023-07-12,65.1,65.2,65.1,65.1,24474
2023-07-13,65.1,65.1,65.1,65.1,19360
2023-07-16,65.1,67.0,65.1,66.7,78459
2023-07-17,67.9,67.9,65.1,65.1,95905
2023-07-18,65.1,66.5,65.1,65.1,72325
2023-07-19,66.4,68.0,65.5,65.6,60808
2023-07-20,66.9,72.1,66.3,72.1,1607462
2023-07-23,72.3,77.0,70.9,73.5,735394
2023-07-24,73.2,79.9,72.1,76.6,1698274
2023-07-25,76.6,81.2,74.1,75.5,1248078
2023-07-26,75.5,77.0,72.1,75.3,471160
2023-07-27,74.8,78.0,74.0,74.8,591751
2023-07-30,73.9,76.6,71.6,72.4,345273
2023-07-31,72.5,74.0,70.0,70.5,205134
2023-08-01,75.5,77.5,75.5,77.4,1835614
2023-08-02,78.9,82.1,75.1,79.9,1809708
2023-08-03,79.9,79.9,76.5,77.8,583755
2023-08-06,77.2,81.7,77.0,80.0,965456
2023-08-07,79.9,79.9,75.1,76.0,308363
2023-08-08,77.5,77.5,75.0,76.9,362626
2023-08-09,77.9,77.9,70.5,71.5,667934
2023-08-10,71.5,74.0,70.0,71.6,329644
2023-08-13,73.0,76.7,72.6,75.5,306394
2023-08-14,73.0,74.6,72.3,73.0,99513
2023-08-16,72.1,74.0,69.8,70.2,85743
2023-08-17,72.0,73.7,70.1,72.3,61728
2023-08-20,72.3,74.5,70.8,72.0,136874
2023-08-21,74.4,76.0,73.5,75.5,264841
2023-08-22,77.0,77.1,74.0,74.3,80061
2023-08-23,73.2,75.0,72.9,73.2,68739
2023-08-24,72.2,73.9,72.2,72.5,20803
2023-08-27,71.6,73.7,71.6,73.5,45485
2023-08-28,73.8,73.9,71.8,72.1,66043
2023-08-29,71.3,72.6,71.2,71.5,37120
2023-08-30,72.7,74.7,71.0,73.5,150527
2023-08-31,73.5,74.5,72.9,74.0,35265
2023-09-03,73.8,77.5,73.6,74.4,474026
2023-09-04,76.5,77.4,72.0,72.6,556990
2023-09-05,72.6,77.3,72.6,75.3,450126
2023-09-07,76.4,81.3,75.5,78.7,1839616
2023-09-10,79.0,81.2,77.1,78.2,488567
2023-09-11,78.3,79.5,75.6,76.2,313169
2023-09-12,77.7,79.5,76.2,78.1,500492
2023-09-13,79.7,80.9,77.0,80.5,832429
2023-09-14,80.6,82.6,79.3,82.2,2043950
2023-09-17,83.5,86.0,80.7,81.7,1466484
2023-09-18,82.7,82.7,79.5,81.1,993167
2023-09-19,81.2,86.6,80.0,81.4,1762553
2023-09-20,81.5,82.7,78.2,78.8,815363
2023-09-21,80.7,81.4,75.0,75.8,872235
2023-09-24,73.2,78.0,73.2,74.5,327267
2023-09-25,74.9,76.8,73.5,74.5,265306
2023-09-26,76.0,76.6,73.4,73.7,150209
2023-09-27,75.5,75.5,72.6,73.1,183255
2023-10-01,73.1,74.4,71.7,72.1,282502
2023-10-02,71.1,73.8,70.9,73.5,233041
2023-10-03,75.0,76.3,70.2,71.1,364730
2023-10-04,71.3,72.9,70.6,71.7,183190
2023-10-05,73.8,74.2,69.8,70.3,191802
2023-10-08,70.1,70.1,67.8,68.1,184560
2023-10-09,68.0,69.3,67.0,67.4,152451
2023-10-10,67.4,69.7,67.4,68.8,115023
2023-10-11,69.1,70.1,68.8,69.9,195869
2023-10-12,70.5,71.3,69.4,70.3,143247
2023-10-15,70.9,71.7,68.5,69.3,190118
2023-10-16,70.6,70.6,68.6,68.9,71955
2023-10-17,70.4,70.4,68.1,68.2,117504
2023-10-18,69.7,69.7,68.0,69.0,97900
2023-10-19,69.8,72.0,69.2,71.4,197572
2023-10-22,71.8,72.6,70.3,70.6,184855
2023-10-23,70.1,71.6,69.9,71.1,171641
2023-10-25,71.4,71.7,69.0,69.4,142266
2023-10-26,69.5,69.5,68.0,68.4,68174
2023-10-29,68.4,70.0,68.3,69.7,152080
2023-10-30,70.7,70.9,68.7,68.8,224253
2023-10-31,69.4,71.7,69.3,70.2,385988
2023-11-01,70.7,72.6,69.6,71.2,243052
2023-11-02,70.8,71.6,70.1,70.7,88629
2023-11-05,70.1,71.9,70.1,71.6,123516
2023-11-06,71.8,73.8,70.2,70.4,305209
2023-11-07,71.6,71.6,68.7,69.1,278742
2023-11-08,70.0,70.5,68.5,68.7,90465
2023-11-09,68.6,70.4,68.3,68.8,195203
2023-11-12,69.0,69.1,67.0,67.3,160586
2023-11-13,67.5,68.0,67.0,67.2,71958
2023-11-14,67.2,70.3,67.2,69.9,266565
2023-11-15,69.9,70.6,69.1,70.1,197394
2023-11-16,70.6,71.8,69.7,70.0,191023
2023-11-19,69.6,70.6,68.5,68.7,42655
2023-11-20,69.8,69.8,67.6,67.8,42016
2023-11-21,68.0,68.2,65.9,66.1,122291
2023-11-22,66.2,68.9,66.2,68.1,55116
2023-11-23,68.0,68.5,67.0,67.2,37954
2023-11-26,68.9,69.5,66.2,66.4,72122
2023-11-27,66.4,67.0,65.1,65.5,74946
2023-11-28,65.5,66.7,65.1,65.1,158524
2023-11-29,66.5,66.5,65.3,66.0,7552
2023-11-30,67.9,67.9,65.1,65.4,43706
2023-12-03,65.4,66.5,65.1,65.3,27414
2023-12-04,66.8,67.0,66.0,66.3,64496
2023-12-05,66.3,66.6,65.3,66.5,31881
2023-12-06,67.4,67.4,65.5,65.7,82015
2023-12-07,66.8,67.0,65.5,65.9,38095
2023-12-10,65.9,66.5,65.1,65.3,85918
2023-12-11,65.3,66.7,65.3,66.4,91092
2023-12-12,67.0,67.0,65.6,65.7,44977
2023-12-13,66.8,68.9,65.9,66.5,270322
2023-12-14,67.8,67.8,66.0,66.7,51701
2023-12-17,67.8,67.8,65.5,65.6,36865
2023-12-18,66.0,66.1,65.6,65.9,14202
2023-12-19,66.4,66.4,65.4,65.8,58784
2023-12-20,65.7,66.0,65.5,65.5,36857
2023-12-21,66.3,66.5,65.1,65.4,103533
2023-12-24,65.4,65.9,65.1,65.2,109255
2023-12-26,65.2,65.9,65.1,65.1,63083
2023-12-27,65.1,65.7,65.1,65.3,35336
2023-12-28,65.4,65.6,65.1,65.5,46182
2024-01-01,65.9,68.3,65.6,67.7,116333
2024-01-02,68.0,68.8,66.6,67.1,76095
2024-01-03,67.5,67.7,65.9,66.2,37732
2024-01-04,68.0,68.0,65.1,65.9,109581
2024-01-08,67.4,67.4,66.0,67.0,33979
2024-01-09,67.0,67.0,66.0,66.1,41179
2024-01-10,66.5,67.1,66.1,66.7,72118
2024-01-11,67.0,69.7,67.0,69.2,244158
2024-01-14,69.7,70.7,69.3,69.6,329307
2024-01-15,69.1,70.6,68.4,70.2,91210
2024-01-16,70.0,71.5,70.0,71.0,203886
2024-01-17,70.2,71.5,69.4,69.7,116822
2024-01-18,70.6,70.6,68.1,68.5,114810
2024-01-21,66.1,69.0,66.1,68.6,76850
2024-01-22,69.4,71.0,68.7,70.2,104576
2024-01-23,70.0,70.7,69.0,70.0,104545
2024-01-24,69.0,69.8,68.4,68.7,152121
2024-01-25,69.7,69.9,66.7,67.4,187426
2024-01-28,68.5,69.9,67.1,67.9,83993
2024-01-29,68.4,68.5,65.8,66.0,51701
2024-01-30,67.1,67.9,66.8,66.9,30496
2024-01-31,68.5,69.3,67.1,67.5,110793
2024-02-01,67.1,68.2,66.9,67.8,43276
2024-02-04,69.4,71.0,68.5,70.3,200850
2024-02-05,70.9,72.0,70.1,70.4,248594
2024-02-06,71.5,71.6,68.6,69.0,137631
2024-02-07,69.2,70.2,68.1,68.5,91780
2024-02-08,69.9,70.8,68.2,68.4,159075
2024-02-11,70.5,70.5,66.8,68.0,259228
2024-02-12,68.0,68.5,67.8,67.9,174472
2024-02-13,69.8,70.0,67.6,67.7,150063
2024-02-14,67.8,68.9,67.0,67.2,59984
2024-02-15,68.5,68.5,67.0,67.3,45635
2024-02-18,67.4,69.3,67.4,68.2,201582
2024-02-19,68.0,68.9,67.4,68.0,57086
2024-02-20,67.0,68.7,67.0,67.5,107080
