Date,Open,High,Low,Close,Volume
2012-10-01,34.1,36.3,34.1,34.8,428000
2012-10-02,36.2,36.3,35.1,35.4,548500
2012-10-03,35.8,36.3,34.2,34.5,552000
2012-10-04,35.1,35.4,33.6,33.8,621500
2012-10-07,33.0,34.9,30.8,31.0,647500
2012-10-08,31.1,31.8,29.5,30.4,511500
2012-10-09,31.3,33.4,30.9,33.3,1347000
2012-10-11,29.4,29.4,27.7,27.9,850000
2012-10-14,29.0,29.0,27.7,27.9,301000
2012-10-15,28.0,29.0,27.8,28.4,296000
2012-10-16,28.4,29.2,27.6,28.1,369500
2012-10-17,28.7,28.7,27.2,27.5,171000
2012-10-18,27.6,27.6,26.9,26.9,164000
2012-10-21,27.0,27.0,25.8,26.0,152000
2012-10-22,25.8,26.7,25.7,26.2,255500
2012-10-23,27.0,27.9,26.0,26.6,512000
2012-10-30,27.1,27.1,25.8,25.9,198500
2012-10-31,26.0,26.0,25.3,25.6,191500
2012-11-01,25.9,26.0,25.6,25.6,146000
2012-11-04,25.6,26.2,25.2,25.2,267500
2012-11-05,25.2,25.5,24.9,25.1,124500
2012-11-06,25.4,25.5,24.1,24.4,138500
2012-11-07,24.2,25.0,24.2,24.6,91500
2012-11-08,24.7,24.8,23.4,23.9,142500
2012-11-11,23.7,23.7,23.1,23.2,125500
2012-11-12,23.5,24.0,22.1,22.7,249500
2012-11-13,22.9,23.9,22.7,23.6,152000
2012-11-14,23.9,24.0,23.2,23.4,231500
2012-11-15,23.7,24.5,23.1,24.1,185000
2012-11-18,23.4,24.0,23.4,23.5,114000
2012-11-19,23.3,23.5,22.5,22.7,150500
2012-11-20,22.7,23.0,22.1,22.1,94000
2012-11-21,23.0,23.0,22.0,22.2,186000
2012-11-22,22.6,23.0,22.2,22.6,116500
2012-11-26,22.7,22.7,21.8,21.9,129500
2012-11-27,21.9,22.1,21.6,21.8,95000
2012-11-28,22.4,22.8,21.5,21.6,84000
2012-11-29,22.9,23.7,22.4,23.4,222500
2012-12-02,23.6,24.0,22.4,22.6,214000
2012-12-03,22.3,22.6,22.0,22.0,116000
2012-12-04,21.9,22.6,21.8,22.5,53500
2012-12-05,22.8,22.8,22.3,22.4,66500
2012-12-06,22.2,22.7,22.2,22.5,101500
2012-12-09,22.0,22.3,21.7,21.7,125000
2012-12-10,22.0,22.0,21.3,21.3,80500
2012-12-11,21.5,21.8,21.3,21.7,51500
2012-12-12,22.1,22.4,21.5,21.6,64500
2012-12-13,21.5,22.6,21.0,22.2,601500
2012-12-17,22.2,24.1,22.2,23.7,748000
2012-12-18,23.7,23.8,23.0,23.0,302000
2012-12-19,22.8,24.3,22.7,23.5,622500
2012-12-20,23.9,23.9,23.0,23.3,372000
2012-12-23,23.1,23.8,22.5,22.7,148000
2012-12-24,23.3,23.7,22.9,23.1,423000
2012-12-26,23.2,23.7,22.7,22.8,352500
2012-12-27,23.1,23.1,22.7,22.8,125500
2012-12-30,22.9,22.9,22.5,22.6,155500
2013-01-01,23.0,23.0,22.4,22.4,102000
2013-01-02,22.4,22.4,22.1,22.1,101000
2013-01-03,22.0,22.3,22.0,22.1,100000
2013-01-06,22.1,22.5,22.0,22.1,66500
2013-01-07,22.1,22.4,21.9,21.9,118500
2013-01-08,22.3,22.3,21.8,21.8,49000
2013-01-09,21.8,22.6,21.6,21.7,75000
2013-01-10,21.8,22.0,21.7,21.8,66000
2013-01-13,21.9,22.0,21.5,21.5,146000
2013-01-14,21.5,21.6,21.2,21.3,79000
2013-01-15,21.3,21.4,21.2,21.3,74500
2013-01-16,21.5,21.6,21.3,21.4,59500
2013-01-17,21.5,21.7,21.3,21.4,138500
2013-01-20,20.2,21.4,20.2,21.2,70000
2013-01-21,21.1,21.2,21.0,21.0,87000
2013-01-22,21.1,21.3,20.9,21.1,135000
2013-01-23,21.4,21.7,21.3,21.3,127500
2013-01-24,21.3,21.7,21.3,21.5,187000
2013-01-27,21.5,22.2,21.5,21.8,219500
2013-01-28,21.8,22.9,21.6,22.6,303500
2013-01-29,22.8,23.1,22.5,22.5,400500
2013-01-30,22.6,22.8,22.3,22.4,212000
2013-01-31,22.4,22.7,22.2,22.4,199000
2013-02-03,22.5,23.9,22.4,23.6,572500
2013-02-04,23.8,24.8,23.8,24.1,887500
2013-02-05,24.2,25.5,24.1,25.1,1189000
2013-02-06,25.4,25.8,24.6,24.8,818000
2013-02-07,24.9,25.2,24.4,24.5,566500
2013-02-10,24.9,25.6,24.5,25.0,1017000
2013-02-11,24.8,25.1,24.4,24.4,605500
2013-02-12,24.6,25.2,24.2,24.2,617000
2013-02-13,24.0,24.5,23.8,24.1,527500
2013-02-14,24.0,24.9,24.0,24.6,570000
2013-02-17,25.0,25.4,24.5,24.6,707000
2013-02-18,24.6,24.8,23.7,23.8,565000
2013-02-19,23.9,23.9,22.8,22.9,547500
2013-02-20,23.0,23.2,22.4,22.4,409000
2013-02-24,22.5,22.5,21.9,21.9,269500
2013-02-25,22.5,23.5,22.5,22.8,519000
2013-02-26,23.5,23.5,22.7,23.2,426000
2013-02-27,22.5,23.0,21.6,22.0,363500
2013-02-28,22.6,22.8,21.5,22.2,397000
2013-03-03,21.5,21.5,20.0,20.2,220000
2013-03-04,20.8,21.4,20.1,20.6,167000
2013-03-05,21.4,21.7,20.2,20.4,233000
2013-03-06,20.4,20.7,19.7,19.8,303000
2013-03-07,20.5,20.5,19.3,19.5,190000
2013-03-10,19.8,19.8,19.0,19.0,229500
2013-03-11,19.0,19.0,18.5,18.7,273000
2013-03-12,18.2,18.9,18.1,18.5,166500
2013-03-13,19.0,19.2,18.7,18.9,295000
2013-03-14,19.1,19.3,18.7,19.0,225500
2013-03-18,19.2,19.2,18.8,18.9,234500
2013-03-19,19.1,19.5,19.0,19.2,271500
2013-03-24,17.0,17.1,16.4,16.5,270500
2013-03-25,16.6,16.7,16.1,16.2,128000
2013-03-27,16.1,16.1,15.5,15.6,124000
2013-03-28,16.0,16.2,15.7,15.9,98500
2013-03-31,15.5,15.8,15.2,15.3,90500
2013-04-01,15.1,15.1,14.4,14.4,97000
2013-04-02,15.0,15.0,14.0,14.6,107500
2013-04-03,14.9,14.9,14.5,14.5,72500
2013-04-04,14.3,14.7,14.3,14.3,79000
2013-04-07,14.4,14.7,14.4,14.5,61000
2013-04-08,14.3,15.6,14.3,15.4,242500
2013-04-09,15.5,16.0,15.4,15.9,170000
2013-04-10,16.3,16.5,15.4,15.7,239500
2013-04-11,15.4,15.8,15.3,15.6,120500
2013-04-15,15.8,16.3,15.8,16.0,176000
2013-04-16,15.8,15.9,15.0,15.1,399500
2013-04-17,14.9,15.4,14.9,15.1,124500
2013-04-18,15.2,15.4,15.1,15.1,106000
2013-04-21,15.1,15.2,14.9,14.9,136500
2013-04-22,14.8,15.0,14.7,14.8,57500
2013-04-23,14.8,14.9,14.7,14.7,50000
2013-04-24,14.8,14.8,14.6,14.6,74500
2013-04-25,14.7,14.7,14.5,14.5,46000
2013-04-28,14.2,14.4,14.2,14.3,56500
2013-04-29,14.5,14.6,14.3,14.5,58000
2013-04-30,14.4,14.9,14.3,14.4,76000
2013-05-02,14.5,14.9,14.4,14.8,170500
2013-05-05,14.9,15.7,14.9,15.0,147000
2013-05-06,14.9,15.1,14.8,14.8,61500
2013-05-07,15.0,15.4,15.0,15.3,164500
2013-05-08,15.5,15.5,13.9,14.1,863000
2013-05-09,14.0,14.1,13.7,14.0,201500
2013-05-12,14.2,14.5,14.0,14.4,399500
2013-05-13,14.3,14.3,13.9,14.1,520000
2013-05-14,14.2,15.5,14.2,15.5,669500
2013-05-15,15.5,15.9,14.9,15.0,428000
2013-05-16,15.0,15.6,14.9,15.4,525500
2013-05-19,15.5,16.9,15.5,16.8,1425000
2013-05-20,17.5,18.0,16.8,16.9,856000
2013-05-21,16.5,17.0,15.9,16.0,497000
2013-05-22,15.9,16.1,15.3,15.5,355500
2013-05-26,16.0,16.0,14.9,15.0,238500
2013-05-27,15.0,15.7,15.0,15.3,227000
2013-05-28,15.6,15.8,15.1,15.2,362500
2013-05-29,15.5,15.9,15.4,15.7,244500
2013-05-30,16.0,16.1,15.4,15.5,330500
2013-06-02,15.8,16.1,15.7,15.8,454000
2013-06-03,16.0,16.1,15.6,15.7,335500
2013-06-04,15.9,15.9,15.5,15.5,311000
2013-06-05,15.6,16.0,15.6,15.7,298500
2013-06-06,15.9,15.9,15.3,15.4,397000
2013-06-09,15.1,15.4,14.8,14.8,333500
2013-06-10,14.8,15.4,14.7,15.2,222000
2013-06-11,15.3,16.0,15.0,15.6,684500
2013-06-12,15.8,15.9,15.5,15.5,366000
2013-06-13,15.2,15.7,15.2,15.3,184000
2013-06-16,15.6,15.9,15.3,15.7,515000
2013-06-17,16.0,16.8,15.9,16.1,1163000
2013-06-18,16.0,16.4,15.9,16.2,536500
2013-06-19,16.3,17.2,16.3,16.8,1155500
2013-06-20,16.9,16.9,16.1,16.1,577000
2013-06-23,16.2,16.4,15.5,15.6,321000
2013-06-24,15.5,15.7,15.3,15.4,294500
2013-06-26,16.2,16.2,15.5,15.7,381000
2013-06-27,15.7,15.7,15.3,15.3,241000
2013-06-30,15.5,15.5,15.0,15.2,153000
2013-07-02,15.5,15.9,15.4,15.6,185000
2013-07-03,15.6,16.0,15.3,15.4,363500
2013-07-04,15.8,15.8,15.3,15.5,280000
2013-07-07,15.8,16.0,15.5,15.6,355000
2013-07-08,15.5,15.7,15.2,15.3,503500
2013-07-09,15.3,15.5,15.0,15.0,448000
2013-07-10,15.1,15.8,14.9,15.1,624500
2013-07-11,15.2,15.5,14.9,15.0,424000
2013-07-14,15.1,15.5,15.0,15.1,499000
2013-07-15,15.3,15.8,15.2,15.5,592000
2013-07-16,15.9,17.0,15.6,16.9,1926500
2013-07-17,17.5,18.1,17.2,17.7,1443500
2013-07-18,18.0,18.0,16.8,17.0,560500
2013-07-21,17.1,18.0,16.8,16.9,557500
2013-07-22,17.0,18.0,16.6,16.9,766000
2013-07-23,17.1,17.2,16.4,16.6,415500
2013-07-24,16.5,17.3,16.3,16.9,470500
2013-07-25,17.6,18.3,16.9,17.0,1269000
2013-07-28,17.1,17.5,16.0,16.1,313500
2013-07-29,16.0,16.7,16.0,16.2,153500
2013-07-30,16.3,16.3,15.2,15.5,887000
2013-07-31,15.6,16.0,15.4,15.4,281500
2013-08-01,15.5,15.8,15.3,15.5,262500
2013-08-04,15.0,15.0,14.7,14.9,186500
2013-08-05,15.2,15.4,15.0,15.2,160000
2013-08-12,15.4,15.6,15.0,15.1,156000
2013-08-13,15.2,15.4,15.0,15.0,763500
2013-08-14,15.1,15.7,15.1,15.5,312000
2013-08-18,15.5,15.7,15.3,15.5,377500
2013-08-19,15.6,15.9,15.3,15.8,403500
2013-08-20,16.1,16.5,15.8,15.9,592500
2013-08-21,15.9,16.0,15.6,15.6,401500
2013-08-22,15.5,16.1,15.5,15.8,331500
2013-08-25,16.0,16.7,15.9,16.1,773500
2013-08-26,16.5,16.7,16.0,16.4,907500
2013-08-27,16.1,16.7,15.8,16.0,682500
2013-08-29,16.0,16.3,15.8,15.9,254000
2013-09-01,16.0,16.4,15.5,15.8,447500
2013-09-02,16.0,16.4,15.7,15.7,309000
2013-09-03,15.7,15.9,15.6,15.6,149500
2013-09-04,15.8,16.0,15.5,15.5,237000
2013-09-05,15.9,16.0,15.5,15.5,307500
2013-09-08,16.0,16.4,15.4,15.4,243500
2013-09-09,15.5,15.7,15.2,15.2,550000
2013-09-10,15.7,16.1,15.2,15.3,624500
2013-09-11,15.5,15.8,15.3,15.3,369500
2013-09-12,15.5,15.6,15.2,15.3,283000
2013-09-15,15.3,16.2,15.3,15.9,734000
2013-09-16,16.1,16.6,15.8,16.1,1158500
2013-09-17,16.2,17.5,16.0,16.8,2147000
2013-09-18,17.0,17.8,16.4,16.5,933000
2013-09-19,16.6,16.6,16.1,16.1,487000
2013-09-22,16.6,16.6,15.6,15.7,519500
2013-09-23,15.8,16.0,15.5,15.8,518500
2013-09-24,15.8,16.6,15.8,16.3,565000
2013-09-25,16.4,16.8,16.1,16.4,766500
2013-09-26,16.3,16.4,16.1,16.3,167000
2013-09-29,16.2,16.2,15.5,15.6,470000
2013-09-30,15.6,15.7,15.3,15.4,401000
2013-10-01,16.2,16.2,15.4,15.4,232000
2013-10-02,15.6,16.2,15.5,15.8,267500
2013-10-03,16.1,16.2,15.6,15.6,124500
2013-10-06,16.0,16.0,15.3,15.3,260000
2013-10-07,15.6,15.6,15.4,15.4,149000
2013-10-08,15.5,15.5,15.1,15.1,353000
2013-10-09,15.2,15.4,15.1,15.2,123500
2013-10-10,15.3,15.4,15.0,15.0,205000
2013-10-20,15.2,15.2,14.8,15.0,82000
2013-10-21,14.8,15.0,14.4,14.8,109000
2013-10-22,14.8,15.3,14.8,14.9,172000
2013-10-23,15.3,15.4,15.1,15.3,142500
2013-10-24,15.0,15.2,14.9,14.9,152000
2013-10-27,15.2,15.6,15.2,15.4,130500
2013-10-28,15.7,16.3,15.4,15.5,661500
2013-10-29,15.4,15.7,15.3,15.4,149000
2013-10-30,15.6,15.8,15.4,15.4,217000
2013-10-31,15.4,15.8,15.2,15.5,241000
2013-11-03,15.4,15.7,15.3,15.3,170000
2013-11-04,15.6,16.1,15.4,16.0,628500
2013-11-05,16.0,16.0,15.5,15.6,302000
2013-11-06,15.6,16.4,15.6,16.0,709000
2013-11-07,16.2,17.1,16.2,16.9,1439500
2013-11-10,17.0,17.5,16.5,17.2,1334500
2013-11-11,17.5,18.2,16.8,16.9,1556500
2013-11-12,17.2,17.2,16.7,17.0,568000
2013-11-13,17.1,17.6,16.9,16.9,631500
2013-11-14,17.0,17.2,16.8,16.9,507500
2013-11-17,17.0,17.4,17.0,17.2,473500
2013-11-18,17.4,17.5,16.9,17.0,638000
2013-11-19,17.3,18.2,17.1,17.9,1293500
2013-11-20,18.2,18.5,17.5,17.6,1875000
2013-11-21,17.7,17.8,17.1,17.4,1272500
2013-11-24,17.4,17.6,16.9,16.9,898500
2013-11-25,17.4,17.4,17.0,17.1,539500
2013-11-26,16.9,17.2,16.7,16.7,411500
2013-11-27,16.9,16.9,16.5,16.6,256000
2013-11-28,16.9,16.9,16.3,16.5,386500
2013-12-01,16.5,16.5,16.0,16.1,150000
2013-12-02,16.4,16.5,15.9,16.0,256500
2013-12-03,16.4,17.1,16.4,16.9,424500
2013-12-04,17.1,17.2,16.6,16.6,245000
2013-12-05,16.3,16.6,16.3,16.3,234500
2013-12-08,16.5,16.8,16.4,16.5,189500
2013-12-09,16.7,17.1,16.7,16.7,511000
2013-12-10,16.9,17.7,16.9,17.5,918500
2013-12-11,17.8,17.8,17.2,17.3,517500
2013-12-12,17.2,17.5,16.8,17.0,306000
2013-12-15,17.0,17.2,16.7,16.8,570500
2013-12-17,17.2,17.2,16.8,16.9,355000
2013-12-18,17.3,17.4,16.7,16.7,342500
2013-12-19,16.8,17.0,16.7,16.8,175000
2013-12-22,17.1,17.7,16.9,17.3,784500
2013-12-23,17.8,18.7,17.6,17.7,1625000
2013-12-24,17.5,18.2,17.5,17.8,548500
2013-12-26,17.7,18.4,17.6,18.1,867500
2013-12-29,18.5,19.4,17.9,19.1,1384500
2013-12-30,19.5,19.7,18.7,18.7,615000
2014-01-01,18.9,19.5,18.5,18.6,845500
2014-01-02,18.4,18.7,18.0,18.5,524000
2014-01-06,17.9,18.5,17.9,18.1,323500
2014-01-07,18.3,18.3,17.7,17.7,522500
2014-01-08,17.9,18.3,17.8,18.1,533000
2014-01-09,18.2,18.5,17.9,18.0,374500
2014-01-12,18.0,18.2,17.8,17.8,453000
2014-01-13,17.9,18.1,17.6,17.6,505000
2014-01-15,17.6,18.0,17.5,17.6,414000
2014-01-16,17.7,18.2,17.7,17.9,258000
2014-01-19,18.2,18.5,17.9,18.1,850000
2014-01-20,18.2,18.6,17.9,18.4,734000
2014-01-21,18.3,19.6,18.3,19.4,1780500
2014-01-22,19.8,19.8,18.9,19.2,1314000
2014-01-23,19.5,20.7,19.4,20.6,1912500
2014-01-26,20.8,21.3,20.4,20.6,1448000
2014-01-27,20.6,20.7,20.0,20.1,1572000
2014-01-28,21.6,21.6,20.0,20.4,823500
2014-01-29,20.4,21.2,20.1,20.7,1281000
2014-01-30,20.9,21.6,20.9,21.4,1826500
2014-02-02,21.5,22.4,21.4,22.3,2151000
2014-02-03,22.5,23.1,22.2,22.6,2167500
2014-02-04,22.7,22.7,21.7,21.8,1301500
2014-02-05,22.6,22.6,21.5,21.8,819000
2014-02-06,21.8,22.0,21.4,21.5,750500
2014-02-09,21.5,21.5,20.3,20.5,917500
2014-02-10,20.5,21.5,20.2,20.3,970500
2014-02-11,20.8,20.8,20.2,20.3,360500
2014-02-12,20.6,20.6,20.0,20.1,532000
2014-02-13,20.0,20.2,19.7,19.8,399000
2014-02-16,20.2,20.2,19.6,19.7,259500
2014-02-17,19.7,20.0,19.5,19.6,192500
2014-02-18,19.6,19.9,19.1,19.3,284500
2014-02-19,19.7,20.0,19.3,19.7,271500
2014-02-20,19.9,20.3,19.8,20.0,262000
2014-02-23,20.4,20.4,19.8,19.9,294500
2014-02-24,20.0,20.3,19.8,19.9,301500
2014-02-25,20.0,20.2,19.1,19.6,243500
2014-02-26,19.6,19.7,18.5,18.6,571500
2014-02-27,18.6,18.9,18.1,18.2,319500
2014-03-02,18.4,18.4,17.6,17.6,280000
2014-03-03,17.7,18.0,17.4,17.5,164000
2014-03-04,17.7,18.4,17.4,17.9,252000
2014-03-05,18.0,18.0,17.7,17.7,99500
2014-03-06,17.5,17.8,17.3,17.4,193500
2014-03-09,17.5,17.9,17.1,17.2,171500
2014-03-10,17.2,17.6,17.1,17.3,158000
2014-03-11,17.5,17.6,17.1,17.4,107500
2014-03-12,17.5,17.7,17.4,17.4,121500
2014-03-13,17.3,17.4,17.0,17.1,104500
2014-03-16,17.1,17.1,16.7,16.8,77500
2014-03-18,17.0,17.2,16.5,16.6,152000
2014-03-19,16.6,16.8,16.3,16.5,192500
2014-03-20,16.6,17.1,16.5,16.9,114000
2014-03-23,16.9,17.1,16.6,16.6,75500
2014-03-24,16.4,16.5,16.3,16.4,63000
2014-03-25,16.3,16.7,16.3,16.3,67000
2014-03-27,16.3,16.3,16.1,16.1,64000
2014-03-30,16.0,16.2,15.7,15.7,99000
2014-03-31,15.7,16.0,15.7,15.7,46000
2014-04-01,15.5,16.8,15.5,16.2,112500
2014-04-02,16.5,16.9,16.3,16.7,257500
2014-04-03,16.7,16.7,16.0,16.2,101500
2014-04-06,16.1,16.2,15.7,15.8,111000
2014-04-07,15.7,15.9,15.0,15.2,233000
2014-04-08,15.2,15.4,14.6,14.7,282500
2014-04-09,14.8,15.3,14.7,15.0,163000
2014-04-10,15.1,15.5,14.9,15.0,118000
2014-04-13,15.3,15.3,14.8,14.8,29000
2014-04-15,14.9,14.9,14.4,14.4,160500
2014-04-16,14.4,14.7,14.2,14.4,141000
2014-04-17,14.5,14.5,13.9,13.9,299500
2014-04-20,14.2,14.5,14.1,14.4,250000
2014-04-21,14.4,15.4,14.4,15.1,329500
2014-04-22,15.5,15.5,14.7,15.3,332000
2014-04-23,15.2,15.3,14.7,15.0,265000
2014-04-24,14.5,15.0,14.5,14.5,271000
2014-04-27,14.7,15.1,14.5,14.8,324500
2014-04-28,14.8,14.8,14.8,14.8,0
2014-04-29,14.0,14.1,13.5,13.5,247000
2014-04-30,13.8,13.9,13.5,13.7,241500
2014-05-04,13.6,13.7,13.3,13.3,133000
2014-05-05,13.9,13.9,13.0,13.2,267000
2014-05-06,13.4,13.9,13.3,13.8,247000
2014-05-07,14.0,14.3,13.7,13.9,269500
2014-05-08,14.0,14.0,13.6,13.6,209500
2014-05-11,13.7,13.9,13.6,13.8,95500
2014-05-12,13.7,14.0,13.7,13.9,224500
2014-05-14,14.0,14.0,13.5,13.6,144500
2014-05-15,13.6,13.7,13.4,13.4,142500
2014-05-18,13.4,13.6,13.3,13.4,77000
2014-05-19,13.3,13.5,13.3,13.3,70500
2014-05-20,13.6,13.6,13.2,13.3,83500
2014-05-21,13.5,13.5,13.1,13.3,143500
2014-05-22,13.4,13.5,13.2,13.2,108000
2014-05-25,13.3,13.3,13.1,13.1,127500
2014-05-26,13.1,13.2,13.0,13.1,142000
2014-05-27,13.1,13.3,13.0,13.0,219500
2014-05-28,13.2,13.2,13.0,13.0,167000
2014-05-29,13.0,13.1,12.9,13.0,195000
2014-06-01,13.0,13.0,12.8,12.8,98000
2014-06-02,12.8,12.8,12.4,12.4,135000
2014-06-03,12.4,12.5,12.2,12.3,179500
2014-06-04,12.3,12.4,12.0,12.0,247000
2014-06-05,12.1,12.5,12.0,12.2,82000
2014-06-08,12.0,12.3,11.9,12.1,142000
2014-06-09,12.4,13.1,12.4,12.9,573000
2014-06-10,12.8,12.8,12.2,12.3,281000
2014-06-11,12.5,12.6,12.3,12.3,91000
2014-06-12,12.2,12.5,12.2,12.3,196000
2014-06-15,12.3,12.3,12.0,12.0,163000
2014-06-16,12.1,12.2,11.8,11.9,173500
2014-06-17,11.8,12.0,11.8,11.8,77500
2014-06-18,12.0,12.2,11.9,11.9,77000
2014-06-19,12.1,12.2,12.0,12.0,91000
2014-06-22,12.2,12.2,12.0,12.0,21000
2014-06-23,12.1,12.3,12.0,12.0,75500
2014-06-24,12.0,12.2,12.0,12.0,154000
2014-06-25,12.1,12.2,11.9,11.9,298500
2014-06-26,11.9,12.2,11.9,12.0,297500
2014-06-29,12.1,12.9,12.1,12.7,453000
2014-06-30,12.6,13.3,12.5,12.8,602000
2014-07-02,12.6,12.8,12.5,12.5,137000
2014-07-03,12.5,12.6,12.3,12.4,169500
2014-07-06,12.5,12.6,12.3,12.3,140500
2014-07-07,12.3,12.5,12.2,12.2,119000
2014-07-08,12.1,12.3,12.1,12.1,135000
2014-07-09,12.2,12.7,12.2,12.6,539000
2014-07-10,12.8,13.1,12.6,12.6,483500
2014-07-13,12.5,12.5,12.3,12.3,140500
2014-07-14,12.3,12.4,12.3,12.3,128000
2014-07-15,12.3,12.6,12.2,12.4,124500
2014-07-16,12.5,12.6,12.3,12.3,99000
2014-07-17,12.3,12.7,12.3,12.6,382000
2014-07-20,12.6,12.6,12.4,12.4,94000
2014-07-21,12.5,12.8,12.4,12.4,151000
2014-07-22,12.7,13.2,12.7,12.7,947000
2014-07-23,12.9,13.0,12.7,12.8,578000
2014-07-24,12.8,13.1,12.8,12.9,412500
2014-08-03,13.0,13.0,12.6,12.6,354000
2014-08-04,12.8,12.8,12.5,12.6,219500
2014-08-05,12.7,13.1,12.7,12.7,500000
2014-08-06,12.9,12.9,12.7,12.7,421500
2014-08-07,12.8,13.0,12.7,12.7,314500
2014-08-10,13.0,13.5,12.8,13.4,1257000
2014-08-11,13.5,13.6,13.0,13.0,822500
2014-08-12,13.0,13.0,12.8,12.8,420500
2014-08-13,12.8,12.9,12.7,12.7,145000
2014-08-14,12.9,13.2,12.8,12.9,462500
2014-08-18,12.9,12.9,12.7,12.7,460500
2014-08-19,12.8,12.8,12.4,12.4,441000
2014-08-20,12.6,12.8,12.4,12.6,345500
2014-08-21,12.7,13.3,12.7,13.1,1120000
2014-08-24,12.7,13.0,12.7,12.8,431000
2014-08-25,13.0,13.6,12.9,13.4,1444000
2014-08-26,13.5,14.0,13.2,13.4,1038500
2014-08-27,13.6,13.6,13.1,13.2,476500
2014-08-28,13.1,13.7,13.1,13.3,495500
2014-08-31,13.2,13.4,13.1,13.2,341500
2014-09-01,13.1,13.2,12.9,12.9,290000
2014-09-02,13.0,13.4,13.0,13.2,463000
2014-09-03,13.2,14.0,13.1,13.8,895500
2014-09-04,13.8,15.1,13.8,14.7,1985500
2014-09-07,14.7,16.0,14.2,15.5,1330500
2014-09-08,15.0,15.3,14.6,14.6,651000
2014-09-09,14.8,15.6,14.4,15.2,1386500
2014-09-10,15.5,16.0,15.2,15.7,2194500
2014-09-11,15.4,15.6,15.0,15.1,1053500
2014-09-14,15.0,15.0,14.6,14.7,952000
2014-09-15,14.8,15.5,14.7,14.8,654500
2014-09-16,14.8,15.3,14.4,14.6,676000
2014-09-17,14.8,15.5,14.7,14.8,942000
2014-09-18,15.2,16.0,15.2,15.6,2036000
2014-09-21,16.0,16.9,15.7,16.0,1834000
2014-09-22,16.2,17.0,15.6,16.1,1293000
2014-09-23,16.6,17.1,16.2,16.2,1607000
2014-09-24,16.7,16.9,15.6,15.7,857000
2014-09-25,16.5,17.0,16.0,16.3,1445500
2014-09-28,16.5,16.9,15.8,16.0,1085000
2014-09-29,16.0,16.2,15.5,15.6,713500
2014-09-30,16.0,16.6,15.9,16.0,1027000
2014-10-01,16.1,17.2,16.1,16.9,2077500
2014-10-02,17.2,18.5,17.1,18.5,3343000
2014-10-12,18.6,20.3,18.6,20.2,4085000
2014-10-13,20.4,22.2,19.2,21.3,2977000
2014-10-14,22.0,23.4,21.3,22.2,6073000
2014-10-15,22.2,22.7,21.0,21.5,2750500
2014-10-16,22.0,22.0,20.3,20.6,1897000
2014-10-19,20.7,20.9,19.7,20.0,1619000
2014-10-20,20.4,21.9,20.2,21.6,2535500
2014-10-21,22.1,22.1,20.9,21.0,2690500
2014-10-22,21.0,21.0,19.8,20.0,1910000
2014-10-23,20.0,21.3,19.9,20.5,1476000
2014-10-26,20.3,21.2,20.2,20.3,1016500
2014-10-27,20.3,21.7,20.1,21.4,1658500
2014-10-28,21.4,21.5,20.5,20.5,754500
2014-10-29,21.2,21.6,20.5,20.8,1004500
2014-10-30,20.8,21.0,20.3,20.3,1290500
2014-11-02,20.4,20.4,19.6,19.7,1213500
2014-11-03,19.7,19.8,18.4,18.8,1400500
2014-11-05,18.9,19.6,18.4,18.5,612000
2014-11-06,18.5,20.3,18.5,20.3,1979000
2014-11-09,20.1,20.4,19.0,19.2,1717500
2014-11-10,19.0,20.2,19.0,19.1,1126500
2014-11-11,19.3,19.4,18.9,19.0,713500
2014-11-12,19.3,19.9,19.0,19.5,1253500
2014-11-13,19.8,19.9,19.0,19.0,682000
2014-11-16,19.1,19.3,18.6,18.8,609000
2014-11-17,18.9,18.9,18.2,18.4,533000
2014-11-18,18.5,18.7,17.8,18.1,359500
2014-11-19,18.4,19.2,18.4,18.5,898000
2014-11-20,18.9,19.6,18.6,18.9,889000
2014-11-23,18.9,19.3,18.7,18.7,382500
2014-11-24,18.6,18.8,18.3,18.4,412500
2014-11-25,18.6,18.8,18.0,18.2,440000
2014-11-26,18.3,18.7,18.0,18.2,315500
2014-11-27,18.2,18.4,17.5,17.7,553000
2014-11-30,18.0,18.1,17.6,17.7,232500
2014-12-01,18.0,18.7,18.0,18.5,550000
2014-12-02,18.5,18.8,18.3,18.5,492500
2014-12-03,18.6,19.1,18.5,18.9,1050000
2014-12-04,19.1,19.5,18.7,18.9,1004500
2014-12-07,19.3,19.5,18.8,18.9,856000
2014-12-08,19.0,19.2,18.5,18.6,468000
2014-12-09,18.7,19.3,18.7,18.8,556500
2014-12-10,19.1,19.1,18.5,18.6,417500
2014-12-11,18.6,18.8,18.3,18.5,99179
2014-12-14,18.3,18.5,18.2,18.4,162180
2014-12-15,18.1,18.5,18.1,18.2,211622
2014-12-17,18.0,18.4,17.8,17.9,302411
2014-12-18,18.0,18.5,18.0,18.3,273996
2014-12-21,18.1,18.3,17.8,17.9,198041
2014-12-22,17.9,18.3,17.9,18.1,129667
2014-12-23,18.0,18.3,17.9,18.1,155109
2014-12-24,18.0,18.2,17.9,18.0,92255
2014-12-28,17.6,18.1,17.6,17.9,96774
2014-12-29,17.8,18.1,17.7,17.8,116009
2014-12-30,17.8,18.4,17.8,18.3,150591
2015-01-01,18.3,18.6,18.1,18.5,177223
2015-01-05,18.5,18.5,18.0,18.2,221554
2015-01-06,18.2,18.5,18.1,18.3,263047
2015-01-07,18.3,18.6,18.3,18.4,277830
2015-01-08,18.5,18.7,18.4,18.5,285156
2015-01-11,18.6,18.8,18.2,18.3,203857
2015-01-12,18.2,18.5,18.0,18.5,389180
2015-01-13,18.5,18.8,18.1,18.4,357676
2015-01-14,18.6,18.8,18.3,18.3,464600
2015-01-15,18.2,18.6,18.2,18.4,317571
2015-01-18,18.3,18.5,18.1,18.4,315811
2015-01-19,18.1,18.4,17.8,17.9,280365
2015-01-20,18.2,18.2,17.6,17.7,119163
2015-01-21,17.5,17.6,16.9,17.0,370829
2015-01-22,17.4,17.5,16.9,17.0,162559
2015-01-25,16.8,17.0,16.4,16.6,124470
2015-01-26,16.9,17.0,16.3,16.4,164832
2015-01-27,16.9,16.9,16.5,16.7,168368
2015-01-28,16.8,17.0,16.6,16.9,148941
2015-01-29,16.8,17.2,16.6,17.1,101701
2015-02-01,16.4,16.9,16.4,16.8,92970
2015-02-02,16.3,17.0,16.1,16.6,145099
2015-02-03,16.7,16.9,16.6,16.7,61253
2015-02-04,16.8,16.9,16.4,16.7,190370
2015-02-05,16.5,16.9,16.5,16.9,185510
2015-02-08,16.7,17.0,16.6,16.8,128380
2015-02-09,16.7,16.9,16.6,16.7,97418
2015-02-10,17.0,17.3,16.8,17.1,107112
2015-02-11,17.0,17.3,16.7,16.9,207944
2015-02-12,16.8,17.9,16.8,17.8,560228
2015-02-15,17.9,17.9,17.3,17.5,119793
2015-02-16,17.4,17.5,16.8,16.9,238437
2015-02-17,16.9,17.3,16.8,17.2,239635
2015-02-18,17.3,17.5,17.1,17.4,184508
2015-02-19,17.4,17.4,17.0,17.1,73966
2015-02-22,17.1,17.2,16.9,17.0,104071
2015-02-23,17.0,17.2,16.6,16.8,229879
2015-02-24,16.9,17.1,16.9,17.0,106503
2015-02-25,16.9,16.9,16.5,16.6,186083
2015-02-26,16.6,16.9,16.4,16.6,113611
2015-03-01,16.3,16.6,16.3,16.4,119905
2015-03-02,16.4,16.5,16.2,16.2,186070
2015-03-03,16.0,16.3,16.0,16.2,59353
2015-03-04,15.8,16.1,15.8,16.0,154866
2015-03-05,15.8,16.0,15.6,15.7,103646
2015-03-08,15.4,15.7,14.9,15.4,261077
2015-03-09,14.8,15.3,14.8,15.2,113163
2015-03-10,15.1,15.5,15.1,15.3,86602
2015-03-11,15.1,15.2,14.3,14.6,236983
2015-03-12,14.8,15.6,14.4,14.8,132498
2015-03-15,15.1,15.1,14.5,14.7,110499
2015-03-16,14.5,14.7,14.1,14.1,181163
2015-03-18,14.1,14.4,13.9,14.3,59242
2015-03-19,15.1,15.1,14.2,14.7,160456
2015-03-23,14.5,14.5,14.2,14.4,66791
2015-03-24,14.3,14.5,14.3,14.3,219294
2015-03-25,14.1,14.6,14.1,14.3,182450
2015-03-29,14.8,15.0,14.3,14.7,177192
2015-03-30,14.3,15.1,14.3,14.9,196195
2015-03-31,14.5,14.8,14.3,14.7,256210
2015-04-01,14.4,14.9,14.4,14.7,122732
2015-04-02,14.7,14.7,14.5,14.6,137369
2015-04-05,14.5,14.8,14.4,14.5,162022
2015-04-06,14.5,14.7,13.8,13.9,273526
2015-04-07,14.3,14.4,13.1,13.6,150111
2015-04-08,13.5,13.7,12.5,12.9,268315
2015-04-09,12.9,12.9,12.9,12.9,0
2015-04-12,11.7,12.0,11.5,12.0,209868
2015-04-13,11.8,12.2,11.5,11.7,143705
2015-04-15,11.5,12.8,11.5,12.8,321929
2015-04-16,12.8,14.0,12.8,14.0,782267
2015-04-19,14.5,14.5,13.4,13.7,258283
2015-04-20,14.3,14.3,12.8,12.9,302156
2015-04-21,13.1,13.2,12.4,12.7,174292
2015-04-22,12.4,13.0,12.0,12.1,210486
2015-04-23,12.2,12.8,12.0,12.2,103813
2015-04-26,12.1,12.4,12.0,12.2,84390
2015-04-27,12.0,12.5,12.0,12.4,168105
2015-04-29,12.2,12.5,11.6,11.8,259609
2015-04-30,11.8,12.2,11.6,11.9,155464
2015-05-04,10.9,11.9,10.9,11.6,142018
2015-05-05,11.0,11.3,10.6,10.8,177447
2015-05-06,11.0,11.3,11.0,11.3,153424
2015-05-07,11.3,11.5,11.2,11.3,249618
2015-05-10,11.3,12.4,11.3,12.3,294264
2015-05-11,13.2,13.2,12.1,13.0,448721
2015-05-12,13.0,13.0,12.4,12.6,234165
2015-05-13,12.6,13.0,12.5,12.5,191849
2015-05-14,12.6,12.7,12.1,12.1,182594
2015-05-17,12.1,12.1,11.8,11.9,168973
2015-05-18,12.0,12.9,11.9,12.5,187605
2015-05-19,12.6,13.2,12.2,12.7,277370
2015-05-20,12.6,13.0,12.4,12.7,236105
2015-05-21,13.1,13.9,13.1,13.5,743855
2015-05-24,13.2,13.8,13.2,13.3,65416
2015-05-25,13.9,13.9,13.3,13.5,380658
2015-05-26,13.7,14.2,13.6,13.6,500867
2015-05-27,13.6,13.7,13.3,13.4,390250
2015-05-28,13.2,13.5,12.8,12.9,408374
2015-05-31,12.8,13.2,12.7,12.8,228169
2015-06-01,12.9,13.5,12.8,13.0,244817
2015-06-02,13.1,13.2,12.7,12.8,258574
2015-06-04,12.7,13.0,12.7,12.8,175640
2015-06-07,13.1,13.3,12.8,13.0,297971
2015-06-08,13.0,13.2,12.6,13.0,149964
2015-06-09,12.6,13.0,12.6,12.7,102760
2015-06-10,12.8,13.0,12.1,12.6,158629
2015-06-11,12.3,12.8,12.3,12.6,57288
2015-06-14,13.2,13.2,12.4,12.5,127064
2015-06-15,12.1,12.6,12.1,12.4,117208
2015-06-16,12.3,12.8,12.3,12.7,53659
2015-06-17,12.3,12.7,12.3,12.5,76896
2015-06-18,12.6,12.6,12.4,12.5,75159
2015-06-21,12.3,12.6,12.3,12.4,43972
2015-06-22,12.5,12.7,12.5,12.5,74107
2015-06-23,12.5,12.8,12.5,12.6,44280
2015-06-24,12.6,13.0,12.6,12.8,167806
2015-06-25,12.8,12.8,12.4,12.5,87900
2015-06-28,12.4,13.0,12.4,12.5,121702
2015-06-29,12.5,12.7,12.3,12.6,122471
2015-06-30,12.4,12.6,12.4,12.5,131650
2015-07-02,12.4,12.7,12.4,12.6,89198
2015-07-05,12.9,13.0,12.4,12.5,72036
2015-07-06,12.5,12.7,12.4,12.5,66130
2015-07-07,12.1,12.6,12.1,12.4,138463
2015-07-08,12.4,12.5,12.2,12.3,91616
2015-07-09,12.3,12.7,12.3,12.5,93574
2015-07-12,12.4,12.9,12.3,12.8,242567
2015-07-13,12.7,12.8,12.5,12.5,61769
2015-07-14,12.7,12.9,12.6,12.9,162653
2015-07-21,12.9,13.0,12.8,12.9,54555
2015-07-22,13.0,13.5,12.9,13.2,313444
2015-07-23,13.4,13.5,12.8,12.9,495281
2015-07-26,13.4,13.4,12.7,12.8,140239
2015-07-27,12.8,13.0,12.7,12.7,109207
2015-07-28,13.0,13.9,13.0,13.9,1824020
2015-07-29,13.8,14.3,13.5,13.8,747196
2015-07-30,13.7,13.8,13.4,13.5,348813
2015-08-02,13.6,13.6,12.7,13.0,589175
2015-08-03,13.3,13.4,12.8,13.0,445140
2015-08-04,13.3,13.5,13.2,13.4,360642
2015-08-05,13.5,13.9,13.3,13.6,588430
2015-08-06,13.6,13.8,13.4,13.5,375745
2015-08-09,13.7,13.7,13.2,13.3,409685
2015-08-10,13.3,13.5,13.1,13.2,263981
2015-08-11,13.5,13.5,13.0,13.0,314673
2015-08-12,13.0,13.2,12.9,13.0,244970
2015-08-13,13.0,13.3,12.8,12.9,508935
2015-08-16,12.9,13.1,12.8,12.8,410895
2015-08-17,13.0,13.1,12.8,12.8,200120
2015-08-18,13.0,13.5,12.9,13.3,1004740
2015-08-19,13.3,13.5,13.1,13.3,469574
2015-08-20,13.4,13.4,13.1,13.2,340155
2015-08-23,13.3,13.4,13.2,13.3,244927
2015-08-24,13.2,13.3,13.0,13.1,294079
2015-08-25,13.1,13.2,13.0,13.1,155629
2015-08-26,13.0,13.2,13.0,13.1,121696
2015-08-27,13.2,13.2,13.0,13.1,177161
2015-08-30,13.1,13.2,13.1,13.1,55100
2015-08-31,13.1,13.2,13.0,13.0,384218
2015-09-01,13.0,13.1,12.8,12.9,156367
2015-09-02,13.0,13.2,12.9,13.0,114706
2015-09-03,13.5,13.7,13.3,13.5,658052
2015-09-06,13.5,14.5,13.5,14.4,1485380
2015-09-07,14.5,14.7,14.0,14.3,659316
2015-09-08,14.3,14.4,13.9,14.1,880328
2015-09-09,14.2,15.2,14.2,14.7,1384260
2015-09-10,14.4,14.9,14.3,14.7,565985
2015-09-13,14.8,15.0,14.4,14.5,695288
2015-09-14,14.5,15.0,14.4,14.9,1414350
2015-09-15,14.9,15.2,14.6,14.7,955841
2015-09-16,14.7,14.7,14.5,14.6,536415
2015-09-17,14.7,14.9,14.5,14.7,664874
2015-09-20,14.9,15.4,14.8,15.3,1165080
2015-09-21,15.4,15.8,15.4,15.7,1126830
2015-09-22,15.5,15.7,15.3,15.5,639702
2015-09-28,15.5,16.3,15.5,16.0,926185
2015-09-29,16.0,16.7,15.8,16.5,1431890
2015-09-30,16.7,16.9,16.3,16.6,1454010
2015-10-01,16.7,16.7,16.0,16.2,1051360
2015-10-04,16.2,16.3,15.6,15.7,834797
2015-10-05,15.8,16.0,15.4,15.5,1181190
2015-10-06,15.7,16.6,15.6,16.4,1116060
2015-10-07,16.3,16.5,15.9,16.2,961025
2015-10-08,16.2,16.2,15.8,16.0,663876
2015-10-11,15.7,15.9,15.4,15.7,664234
2015-10-12,15.7,16.0,15.6,15.9,513309
2015-10-13,16.0,16.1,15.6,15.7,442338
2015-10-14,15.7,15.7,15.3,15.3,567537
2015-10-15,15.2,15.7,15.0,15.1,728085
2015-10-18,15.1,15.1,14.5,14.6,291940
2015-10-19,14.7,15.0,14.5,14.6,387916
2015-10-20,14.9,14.9,14.4,14.4,422159
2015-10-21,14.6,14.6,14.0,14.1,778817
2015-10-25,14.2,14.2,13.6,13.7,494526
2015-10-26,13.7,14.0,13.7,13.9,197998
2015-10-27,13.8,14.0,13.7,13.7,301614
2015-10-28,13.7,13.8,13.6,13.7,255428
2015-10-29,13.7,14.0,13.7,13.9,360835
2015-11-01,13.7,13.8,13.4,13.7,135837
2015-11-02,13.8,13.8,13.5,13.6,264985
2015-11-03,13.6,13.7,13.4,13.5,505045
2015-11-04,13.5,13.6,13.1,13.2,265793
2015-11-05,13.2,13.2,12.8,12.9,332288
2015-11-08,13.0,13.0,12.2,12.3,305843
2015-11-09,12.6,12.7,12.3,12.5,275910
2015-11-10,12.6,12.9,12.5,12.8,259495
2015-11-11,12.8,13.5,12.8,13.3,337662
2015-11-12,13.5,14.2,13.4,14.0,796095
2015-11-15,14.2,14.2,13.5,13.8,336537
2015-11-16,14.2,15.0,14.0,14.9,1143760
2015-11-17,15.0,15.3,14.8,15.2,1363110
2015-11-18,14.7,15.9,14.7,15.7,1500130
2015-11-19,15.8,16.2,15.2,15.7,1472790
2015-11-22,16.0,16.3,15.0,15.9,1590380
2015-11-23,16.0,16.0,15.2,15.3,1346770
2015-11-24,15.3,15.5,14.8,15.0,1048540
2015-11-25,15.0,15.9,15.0,15.6,1354480
2015-11-26,15.5,15.7,14.9,15.0,840631
2015-11-29,15.0,15.1,14.4,14.6,927342
2015-11-30,14.7,14.8,14.4,14.4,505797
2015-12-01,14.6,15.0,14.5,14.9,626035
2015-12-02,15.1,15.1,14.6,14.7,378018
2015-12-03,14.7,14.8,14.5,14.6,400438
2015-12-06,14.6,14.8,14.6,14.6,535860
2015-12-07,14.7,14.8,14.4,14.5,410510
2015-12-08,14.5,14.5,14.2,14.3,248126
2015-12-09,14.3,14.4,14.2,14.2,376739
2015-12-10,14.3,14.4,14.0,14.1,265422
2015-12-13,14.1,14.2,13.8,13.9,249771
2015-12-14,13.7,14.0,13.7,13.8,260574
2015-12-15,13.7,13.9,13.5,13.8,434307
2015-12-17,13.8,13.9,13.6,13.7,321930
2015-12-20,13.6,13.9,13.6,13.7,223424
2015-12-21,14.4,15.0,14.1,14.9,1027150
2015-12-22,14.8,15.0,14.4,14.5,463671
2015-12-23,14.5,14.7,14.3,14.5,407010
2015-12-24,14.6,14.8,14.4,14.6,540672
2015-12-27,14.7,15.1,14.7,14.9,617281
2015-12-28,14.9,15.3,14.8,14.8,832710
2015-12-29,15.1,15.4,14.8,15.3,1071520
2015-12-30,15.3,15.6,15.2,15.3,929593
2015-12-31,15.4,16.0,14.9,15.5,1255120
2016-01-03,15.5,15.8,14.9,15.0,798054
2016-01-04,15.1,15.5,14.9,15.4,551722
2016-01-05,15.1,15.6,15.0,15.5,803748
2016-01-06,15.6,16.1,15.6,15.9,1620110
2016-01-07,15.9,16.0,15.4,15.6,754666
2016-01-10,15.6,15.8,15.4,15.5,583907
2016-01-11,15.5,16.1,15.5,15.6,1168080
2016-01-12,15.7,16.0,15.6,15.9,1237400
2016-01-13,16.1,16.7,15.9,16.3,1824420
2016-01-14,16.4,16.9,16.3,16.4,2147190
2016-01-17,16.7,16.9,15.8,15.9,702719
2016-01-18,16.0,16.1,15.6,15.8,1068490
2016-01-19,16.0,16.4,15.6,15.7,877648
2016-01-20,16.0,16.0,15.6,15.7,733828
2016-01-21,15.7,16.0,15.4,15.5,656373
2016-01-24,15.5,15.5,15.0,15.2,849960
2016-01-25,15.3,15.6,15.3,15.4,590470
2016-01-26,15.5,15.7,15.2,15.3,563645
2016-01-27,15.5,15.5,15.1,15.2,287764
2016-01-28,15.4,15.4,15.1,15.3,359823
2016-01-31,15.4,15.4,14.8,14.9,471347
2016-02-01,15.1,15.2,14.9,15.1,268600
2016-02-02,15.2,15.3,14.9,15.0,335266
2016-02-03,15.0,15.1,14.7,14.8,302471
2016-02-04,14.9,15.1,14.8,15.0,327169
2016-02-07,15.0,15.3,14.8,14.9,292943
2016-02-08,15.1,15.1,14.7,14.7,181881
2016-02-09,14.7,14.9,14.5,14.7,229843
2016-02-10,14.7,15.0,14.6,14.7,104306
2016-02-11,14.7,14.9,14.4,14.5,348220
2016-02-14,14.6,14.8,14.4,14.5,166160
2016-02-15,14.7,14.7,14.2,14.3,399404
2016-02-16,14.6,14.7,14.4,14.5,261709
2016-02-17,14.6,14.6,14.2,14.3,270428
2016-02-18,14.5,14.5,14.2,14.3,181897
2016-02-22,14.3,14.3,13.7,13.8,444292
2016-02-23,13.8,14.9,13.8,14.6,839274
2016-02-24,14.4,14.6,13.8,13.9,998205
2016-02-25,13.8,14.8,13.8,14.4,1069300
2016-02-28,14.6,14.6,14.1,14.2,503133
2016-02-29,14.2,14.4,14.0,14.0,543949
2016-03-01,14.3,14.3,13.9,14.0,321863
2016-03-02,14.0,15.0,13.9,14.4,1332910
2016-03-03,14.6,15.0,14.6,14.9,1147970
2016-03-06,14.9,15.0,14.6,14.8,798061
2016-03-07,14.9,14.9,14.2,14.5,377571
2016-03-08,14.5,14.8,14.3,14.4,310064
2016-03-09,14.4,14.5,14.2,14.3,286030
2016-03-10,14.3,14.8,14.2,14.6,425129
2016-03-13,14.5,14.6,14.2,14.3,293496
2016-03-14,14.3,14.4,14.0,14.1,871612
2016-03-15,14.2,14.5,14.0,14.1,656153
2016-03-16,14.4,14.4,14.0,14.0,473253
2016-03-20,14.1,14.1,13.9,14.0,363587
2016-03-21,14.0,14.2,14.0,14.1,191252
2016-03-22,14.2,14.2,13.8,13.9,420304
2016-03-23,13.8,13.9,13.7,13.8,213953
2016-03-24,13.7,14.1,13.7,13.7,197180
2016-03-27,13.8,13.9,13.7,13.7,71300
2016-03-28,13.7,13.8,13.5,13.6,100019
2016-03-29,13.8,13.8,13.6,13.7,105719
2016-03-30,13.6,14.0,13.6,13.9,222982
2016-03-31,14.0,14.1,13.8,13.9,322566
2016-04-03,13.8,14.0,13.8,13.8,254160
2016-04-04,14.0,14.2,13.8,14.1,486911
2016-04-05,14.3,14.5,14.1,14.4,730919
2016-04-06,14.3,14.5,14.2,14.4,574817
2016-04-07,14.2,15.0,13.9,14.5,1220510
2016-04-10,14.6,14.7,14.1,14.3,467834
2016-04-11,14.1,14.3,13.8,13.9,690179
2016-04-12,14.0,14.1,13.7,13.7,303147
2016-04-13,13.9,13.9,13.6,13.6,260112
2016-04-17,13.7,14.0,13.7,14.0,310355
2016-04-18,13.9,14.0,13.7,13.8,286201
2016-04-19,13.8,13.9,13.6,13.7,389863
2016-04-20,13.6,14.0,13.6,13.8,244822
2016-04-21,14.0,14.0,13.5,13.6,328871
2016-04-24,13.9,14.0,13.1,13.2,477093
2016-04-25,13.2,13.6,13.2,13.3,224423
2016-04-26,13.2,13.2,12.6,12.7,401940
2016-04-27,12.6,12.9,12.6,12.8,104221
2016-04-28,12.9,12.9,12.6,12.8,151386
2016-05-02,12.9,12.9,12.4,12.4,269872
2016-05-03,12.9,13.0,12.6,13.0,149787
2016-05-04,12.8,12.9,12.7,12.7,271602
2016-05-05,12.9,13.0,12.7,12.9,233962
2016-05-08,12.9,13.1,12.5,12.8,559525
2016-05-09,12.9,12.9,12.5,12.6,281012
2016-05-10,12.8,12.9,12.6,12.7,381931
2016-05-11,12.8,12.9,12.7,12.7,182904
2016-05-12,12.8,12.8,12.5,12.6,399041
2016-05-16,11.5,11.8,11.4,11.6,459136
2016-05-17,11.7,11.9,11.5,11.9,156153
2016-05-18,12.0,12.1,11.8,11.8,204211
2016-05-19,11.9,12.1,11.8,11.9,413459
2016-05-22,11.8,12.5,11.8,12.3,387116
2016-05-24,12.4,12.7,12.2,12.6,448584
2016-05-25,12.5,12.6,12.2,12.3,318129
2016-05-26,12.2,12.4,12.2,12.3,146501
2016-05-29,12.4,12.4,12.1,12.3,244208
2016-05-30,12.3,12.6,12.3,12.5,807248
2016-05-31,12.3,12.6,12.3,12.5,393243
2016-06-01,12.6,12.6,12.4,12.4,160558
2016-06-02,12.4,12.5,12.4,12.4,193631
2016-06-05,12.5,12.7,12.4,12.7,548593
2016-06-06,12.8,13.2,12.6,12.7,1662790
2016-06-07,12.7,12.8,12.5,12.5,125438
2016-06-08,12.5,12.9,12.5,12.6,233584
2016-06-09,12.5,12.7,12.4,12.5,219267
2016-06-12,12.4,12.6,12.3,12.3,191059
2016-06-13,12.4,12.4,12.2,12.3,185185
2016-06-14,12.3,12.4,12.2,12.2,222337
2016-06-15,12.2,12.2,12.1,12.2,192285
2016-06-16,12.1,12.3,12.1,12.2,166447
2016-06-19,12.1,12.2,12.1,12.1,69248
2016-06-20,12.2,12.3,12.1,12.2,50707
2016-06-21,12.0,12.4,12.0,12.3,87053
2016-06-22,12.2,12.3,12.2,12.2,108368
2016-06-23,12.4,12.8,12.4,12.7,820433
2016-06-26,12.5,12.7,12.4,12.6,266668
2016-06-27,12.6,12.7,12.3,12.4,189394
2016-06-28,12.4,12.8,12.4,12.7,103437
2016-06-29,12.7,12.8,12.6,12.7,32682
2016-06-30,12.8,12.8,12.5,12.6,129584
2016-07-10,12.6,12.7,12.4,12.6,108515
2016-07-11,12.7,12.9,12.7,12.8,100782
2016-07-12,12.7,12.8,12.7,12.8,265588
2016-07-13,12.0,12.9,12.0,12.6,222499
2016-07-14,12.5,12.6,12.3,12.3,740917
2016-07-16,12.3,13.0,12.2,12.9,1337880
2016-07-17,12.8,13.5,12.7,13.3,1509430
2016-07-18,13.2,13.7,13.2,13.4,1761120
2016-07-19,13.4,13.5,12.9,13.1,728434
2016-07-20,13.1,13.1,12.7,12.8,560434
2016-07-21,12.8,13.0,12.5,12.6,702992
2016-07-24,12.5,12.7,12.5,12.6,330300
2016-07-25,12.7,12.8,12.6,12.7,291637
2016-07-26,12.7,13.0,12.7,12.7,429922
2016-07-27,12.7,12.8,12.6,12.7,141893
2016-07-28,12.7,12.7,12.5,12.6,397741
2016-07-31,12.5,12.7,12.5,12.6,237121
2016-08-01,12.5,12.6,12.5,12.6,132407
2016-08-02,12.7,12.8,12.6,12.7,346815
2016-08-03,12.7,12.8,12.5,12.6,239205
2016-08-04,12.6,12.8,12.6,12.6,241359
2016-08-07,12.6,12.6,12.5,12.5,167948
2016-08-08,12.5,12.8,12.5,12.7,437513
2016-08-09,12.8,13.0,12.7,12.7,313588
2016-08-10,12.7,12.8,12.6,12.7,102386
2016-08-11,12.6,12.7,12.6,12.6,146866
2016-08-14,12.7,12.7,12.5,12.6,243942
2016-08-16,12.7,12.7,12.6,12.7,147784
2016-08-17,12.6,12.9,12.6,12.9,462358
2016-08-18,12.9,12.9,12.6,12.7,375667
2016-08-21,12.6,12.8,12.6,12.6,182467
2016-08-22,12.6,12.8,12.6,12.7,185432
2016-08-23,12.7,12.8,12.6,12.7,283756
2016-08-24,12.7,12.9,12.6,12.8,629544
2016-08-28,12.8,12.9,12.7,12.8,431149
2016-08-29,12.8,12.9,12.7,12.8,369998
2016-08-30,12.9,13.3,12.9,13.0,2343910
2016-08-31,13.0,13.0,12.8,12.8,597188
2016-09-01,13.0,13.5,12.9,13.3,1941150
2016-09-04,13.4,14.5,13.3,14.3,4345660
2016-09-05,14.3,14.5,13.9,14.3,2251060
2016-09-06,14.2,14.7,14.0,14.5,2447310
2016-09-07,14.7,14.9,14.3,14.4,1905490
2016-09-08,14.6,14.6,14.2,14.5,1225670
2016-09-18,14.5,14.7,14.3,14.5,651357
2016-09-19,14.6,15.3,14.5,15.1,2996540
2016-09-20,15.0,15.3,14.7,15.0,1379270
2016-09-21,14.9,15.1,14.5,14.7,3128440
2016-09-22,14.5,15.3,14.4,15.1,2594930
2016-09-24,15.1,15.7,15.0,15.3,3498370
2016-09-25,15.3,15.3,14.8,14.9,1899540
2016-09-26,15.1,15.3,14.8,14.9,1368560
2016-09-27,15.1,15.1,14.4,14.5,928258
2016-09-28,14.5,15.5,14.4,15.4,2849540
2016-09-29,15.4,16.0,15.2,15.9,3988970
2016-10-02,15.9,16.0,15.1,15.3,2331690
2016-10-03,15.4,15.7,15.1,15.4,1420180
2016-10-04,15.3,15.6,15.0,15.3,1913620
2016-10-05,15.4,15.6,15.2,15.3,949660
2016-10-06,15.4,15.4,15.0,15.1,1291200
2016-10-09,15.3,15.6,14.9,15.1,537867
2016-10-10,15.3,15.3,14.9,15.0,827549
2016-10-13,15.0,15.0,14.7,14.8,740831
2016-10-16,14.9,15.1,14.7,15.0,643431
2016-10-17,15.1,15.2,14.8,14.9,521468
2016-10-18,15.0,15.4,15.0,15.3,1516770
2016-10-19,15.4,15.5,15.0,15.1,713640
2016-10-20,15.0,15.2,14.8,14.9,636584
2016-10-23,15.3,15.4,14.8,15.2,1114590
2016-10-24,15.4,15.4,14.6,14.8,1010150
2016-10-25,15.1,15.1,14.3,14.5,1868620
2016-10-26,14.5,14.6,14.3,14.4,592660
2016-10-27,14.7,14.7,14.2,14.3,860234
2016-10-30,14.2,14.8,14.0,14.7,939026
2016-10-31,14.7,14.7,14.3,14.4,545656
2016-11-01,14.7,14.7,14.2,14.4,348448
2016-11-02,14.4,14.8,14.4,14.6,777185
2016-11-03,14.8,14.9,14.7,14.8,595331
2016-11-06,14.9,14.9,14.5,14.6,420196
2016-11-07,14.6,15.0,14.5,14.6,754363
2016-11-08,14.7,15.2,14.6,14.9,1211420
2016-11-09,15.0,15.1,14.7,14.9,724874
2016-11-10,14.9,15.0,14.7,14.7,468186
2016-11-13,14.7,15.0,14.5,14.8,534890
2016-11-14,14.8,15.0,14.6,14.8,541191
2016-11-15,15.0,15.6,14.9,15.4,2596420
2016-11-16,15.5,15.8,15.4,15.5,1358340
2016-11-17,15.4,15.8,15.4,15.6,1258050
2016-11-20,15.6,15.9,15.3,15.8,718574
2016-11-21,15.9,16.0,15.4,15.5,839803
2016-11-22,15.5,15.9,15.4,15.8,1844430
2016-11-23,15.9,16.4,15.9,16.2,1960620
2016-11-24,16.2,16.4,16.0,16.1,1544280
2016-11-27,16.1,16.1,15.7,15.8,1005670
2016-11-28,16.1,16.6,15.9,16.5,2266610
2016-11-29,16.5,16.7,16.0,16.1,1542380
2016-11-30,16.1,16.3,15.7,15.9,1135842
2016-12-01,16.0,16.1,15.6,15.7,1445850
2016-12-04,15.9,16.0,15.6,15.9,929381
2016-12-05,15.9,16.3,15.9,16.1,1171890
2016-12-06,16.1,16.4,16.0,16.1,1288997
2016-12-07,16.2,16.6,16.2,16.4,2019658
2016-12-08,16.5,16.5,16.1,16.2,1297043
2016-12-11,16.3,16.4,16.1,16.1,1307204
2016-12-12,16.2,16.2,15.8,15.9,511359
2016-12-14,16.1,16.4,16.0,16.3,1230812
2016-12-15,16.3,17.9,16.3,17.9,8425331
2016-12-18,17.9,18.8,17.7,18.5,4814528
2016-12-19,18.5,18.8,18.0,18.1,4981223
2016-12-20,18.3,18.5,17.7,17.9,3386085
2016-12-21,18.0,18.1,17.6,17.7,2097660
2016-12-22,17.7,18.3,17.6,18.0,1648160
2016-12-26,18.1,18.9,18.0,18.8,3269269
2016-12-27,19.0,19.4,18.8,19.0,3295653
2016-12-28,19.1,19.1,18.5,18.6,2038246
2016-12-29,18.8,19.5,18.7,19.3,4031325
2017-01-01,19.5,19.8,19.3,19.4,2578103
2017-01-02,19.6,19.7,18.7,19.0,3186720
2017-01-03,19.2,19.2,18.6,18.7,2099024
2017-01-04,18.9,19.5,18.7,19.1,2054720
2017-01-05,19.4,19.6,19.0,19.2,1720803
2017-01-08,19.3,19.3,18.5,18.7,1058948
2017-01-09,18.7,18.9,18.6,18.8,1181356
2017-01-10,19.0,19.4,18.8,19.1,2913075
2017-01-11,19.2,20.3,19.1,19.8,3802417
2017-01-12,19.9,20.2,19.3,19.4,1624059
2017-01-15,19.5,19.7,19.2,19.4,1809685
2017-01-16,19.5,19.9,19.2,19.7,2455468
2017-01-17,19.9,21.2,19.9,21.1,5466320
2017-01-18,21.1,21.5,19.7,20.1,3047702
2017-01-19,20.1,20.5,19.7,20.2,2263788
2017-01-22,20.4,22.1,20.3,21.9,4661441
2017-01-23,22.2,22.9,21.3,22.6,3539371
2017-01-24,22.6,22.8,21.8,22.3,3620189
2017-01-25,22.3,22.5,21.3,21.5,2060350
2017-01-26,21.6,22.2,21.0,21.5,1182421
2017-01-29,21.6,21.6,20.2,20.4,982242
2017-01-30,20.5,21.1,19.8,20.0,1098726
2017-01-31,20.3,21.9,19.9,21.5,1872284
2017-02-01,21.8,21.9,20.8,20.9,1098283
2017-02-02,20.9,20.9,19.8,19.9,1140657
2017-02-05,19.9,20.4,19.1,19.9,860657
2017-02-06,20.4,20.6,20.0,20.1,664548
2017-02-07,20.2,20.4,19.8,20.0,550901
2017-02-08,20.5,21.5,20.4,21.3,1204489
2017-02-09,21.5,21.9,21.0,21.8,2053006
2017-02-12,21.9,22.2,21.6,21.8,1487126
2017-02-13,21.9,21.9,21.0,21.1,1906530
2017-02-14,21.3,21.7,21.1,21.6,993784
2017-02-15,21.6,21.7,21.0,21.1,1027405
2017-02-16,21.2,21.9,21.1,21.8,1785750
2017-02-19,21.9,22.0,21.2,21.3,1410428
2017-02-20,21.4,21.5,21.1,21.3,584630
2017-02-22,21.3,21.7,21.3,21.4,533556
2017-02-23,21.4,21.9,21.2,21.7,1244749
2017-02-26,21.7,22.6,21.7,22.1,3198115
2017-02-27,22.3,22.6,22.1,22.4,2429565
2017-02-28,22.5,23.3,22.4,22.6,4990345
2017-03-01,22.8,22.8,22.0,22.2,1703673
2017-03-02,22.3,22.4,21.9,22.0,1118714
2017-03-05,22.2,22.2,21.8,22.1,795411
2017-03-06,22.2,22.6,22.1,22.5,1312538
2017-03-07,22.8,23.5,22.8,23.3,5347978
2017-03-08,23.3,25.5,23.3,25.3,11729988
2017-03-09,25.4,26.2,24.6,26.0,6728755
2017-03-12,26.1,27.0,25.8,26.3,6997178
2017-03-13,26.1,26.6,25.1,25.5,4051740
2017-03-14,25.8,26.9,25.5,26.2,5412958
2017-03-15,26.3,26.7,25.9,26.3,2846895
2017-03-16,26.4,26.5,25.9,26.3,2954172
2017-03-19,26.5,27.7,26.5,27.3,7219206
2017-03-20,27.3,27.5,26.5,26.7,3259304
2017-03-21,27.0,27.6,26.9,27.3,5670541
2017-03-22,27.5,27.9,26.7,26.9,2790088
2017-03-23,27.0,27.3,26.2,26.5,2632403
2017-03-27,26.8,26.9,26.3,26.4,1364170
2017-03-28,26.6,28.3,26.6,27.8,6936592
2017-03-29,27.9,28.8,27.8,28.0,4003572
2017-03-30,28.3,28.7,28.0,28.2,4260274
2017-04-02,28.0,28.1,27.1,27.2,2424763
2017-04-03,27.2,28.1,26.6,27.0,2467813
2017-04-04,27.4,27.6,26.5,26.7,2097497
2017-04-05,26.8,27.9,26.5,26.9,2146952
2017-04-06,27.5,28.3,26.5,26.8,4029282
2017-04-09,27.0,27.1,25.5,25.7,1234057
2017-04-10,26.0,26.3,25.2,25.5,2050733
2017-04-11,26.0,26.7,25.3,25.6,1943469
2017-04-12,25.5,25.8,24.5,24.8,1027429
2017-04-13,25.1,25.5,24.4,24.6,683617
2017-04-16,24.9,24.9,23.7,23.9,1367637
2017-04-17,24.3,24.9,24.0,24.5,848918
2017-04-18,24.9,25.3,24.5,24.7,2418424
2017-04-19,25.0,27.1,24.9,27.1,5854452
2017-04-20,27.4,28.5,27.4,27.7,6943529
2017-04-23,28.0,28.1,26.7,27.0,4359681
2017-04-24,27.1,27.4,25.9,26.1,2278144
2017-04-25,26.4,26.7,26.0,26.4,1510324
2017-04-26,26.6,27.6,26.4,27.5,4259550
2017-04-30,26.0,27.1,25.3,26.9,6224377
2017-05-02,27.4,27.4,26.0,26.3,3234048
2017-05-03,27.2,27.5,26.4,27.1,6818350
2017-05-04,27.3,27.5,26.1,26.3,5289297
2017-05-07,26.2,26.8,25.6,25.8,5156909
2017-05-08,25.9,26.0,25.1,25.3,3662573
2017-05-09,25.3,25.9,24.9,25.1,5629061
2017-05-11,25.4,25.6,24.3,24.4,2062999
2017-05-14,24.8,24.8,23.5,23.6,1284510
2017-05-15,23.8,24.4,23.6,23.8,1367110
2017-05-16,24.1,24.5,23.7,23.8,1248591
2017-05-17,24.3,24.3,23.0,23.2,2199101
2017-05-18,23.4,23.4,22.6,22.7,1929038
2017-05-21,22.7,23.2,21.9,23.1,2375448
2017-05-22,23.2,23.3,22.7,22.9,1248014
2017-05-23,23.0,23.1,22.7,22.9,1105440
2017-05-24,23.0,23.2,22.5,22.7,859880
2017-05-25,22.7,22.8,22.4,22.6,1024091
2017-05-28,22.7,23.0,22.3,22.5,713366
2017-05-29,22.6,22.6,22.0,22.1,737781
2017-05-30,22.3,22.5,22.1,22.3,476317
2017-05-31,22.4,22.5,22.1,22.2,694550
2017-06-01,22.3,22.9,22.2,22.9,1558030
2017-06-04,23.0,23.1,22.5,22.7,581212
2017-06-05,22.7,23.1,22.6,22.9,1140090
2017-06-06,23.1,23.6,23.0,23.3,2355677
2017-06-07,23.3,23.5,23.0,23.1,1011449
2017-06-08,23.1,23.2,22.7,22.8,751478
2017-06-11,22.7,22.9,22.3,22.4,919237
2017-06-12,22.4,22.5,22.1,22.3,853991
2017-06-13,22.3,22.7,22.2,22.5,831526
2017-06-14,22.5,22.8,22.4,22.7,1162700
2017-06-15,22.8,23.2,22.7,23.1,1566285
2017-06-18,23.0,23.1,22.6,22.7,1051743
2017-06-19,22.9,23.5,22.7,23.4,1967355
2017-06-20,23.6,24.3,23.5,23.9,4228986
2017-06-21,24.0,24.7,23.7,24.4,5840718
2017-06-22,24.5,24.8,24.3,24.6,2722076
2017-06-28,24.5,25.4,24.5,25.3,3605195
2017-06-29,25.4,25.5,24.4,24.5,3658630
2017-07-02,24.5,24.7,24.1,24.3,1935226
2017-07-03,24.5,25.0,24.3,24.8,3012353
2017-07-04,25.0,25.0,24.5,24.8,4050718
2017-07-05,24.9,25.1,24.6,24.7,2473211
2017-07-06,24.8,24.8,24.2,24.3,1846631
2017-07-09,24.4,24.7,24.2,24.5,2226433
2017-07-10,24.6,25.0,24.6,24.7,2094267
2017-07-11,24.9,25.4,24.6,24.8,3703748
2017-07-12,25.0,25.0,24.1,24.2,1675814
2017-07-13,24.3,24.6,24.1,24.5,1305788
2017-07-16,24.5,24.7,24.3,24.4,1809726
2017-07-17,24.4,24.4,23.9,24.0,1500103
2017-07-18,24.1,24.3,23.5,23.7,1286023
2017-07-19,23.8,23.9,23.2,23.4,839247
2017-07-20,23.4,24.0,23.1,23.8,796728
2017-07-23,24.0,24.0,23.8,23.8,698897
2017-07-24,23.8,24.0,23.7,23.8,624522
2017-07-25,23.8,24.1,23.4,23.7,1005486
2017-07-26,23.9,23.9,23.6,23.7,345304
2017-07-27,23.7,23.9,23.5,23.5,478802
2017-07-30,23.5,23.6,23.4,23.5,331041
2017-07-31,23.5,24.0,23.5,23.8,814884
2017-08-01,23.9,24.0,23.7,23.8,744810
2017-08-02,23.7,23.8,23.5,23.6,859527
2017-08-03,23.6,24.0,23.5,23.9,1019156
2017-08-06,23.7,23.8,23.6,23.6,337443
2017-08-07,23.7,24.0,23.7,23.8,862970
2017-08-08,24.0,24.2,23.8,23.9,1520780
2017-08-09,24.1,24.1,23.3,23.4,1259430
2017-08-10,23.4,23.8,23.3,23.4,688534
2017-08-13,23.4,23.6,23.1,23.2,659782
2017-08-16,23.2,23.2,22.6,22.7,801625
2017-08-17,22.7,22.7,22.1,22.2,1325437
2017-08-20,22.4,22.4,21.8,22.0,713906
2017-08-21,22.1,22.2,22.0,22.1,574332
2017-08-22,22.2,22.6,22.1,22.3,1094836
2017-08-23,22.6,23.2,22.6,22.7,1506170
2017-08-24,22.7,23.0,22.5,22.6,799232
2017-08-27,22.6,23.0,22.2,22.5,1545437
2017-08-28,22.5,22.9,22.4,22.5,815478
2017-08-29,22.7,22.9,22.3,22.4,605698
2017-08-30,22.4,22.9,22.4,22.7,554590
2017-08-31,22.8,23.6,22.8,23.5,2223800
2017-09-04,23.9,24.3,23.6,24.1,2664755
2017-09-05,24.1,24.3,23.9,24.2,1655385
2017-09-06,24.2,24.2,23.3,23.4,1410455
2017-09-07,23.3,23.6,23.2,23.4,697461
2017-09-10,23.5,24.1,23.5,24.0,2035212
2017-09-11,23.8,23.9,23.2,23.5,672942
2017-09-12,23.7,24.4,23.6,24.2,2158815
2017-09-13,24.3,24.4,23.8,24.0,1816283
2017-09-14,24.1,24.1,23.5,23.7,1249421
2017-09-17,23.7,24.1,23.6,23.9,1503448
2017-09-18,24.1,24.4,23.5,23.6,1977859
2017-09-19,23.9,23.9,23.5,23.5,997436
2017-09-20,23.6,23.8,23.3,23.5,615872
2017-09-21,23.6,23.6,22.8,23.1,613534
2017-09-24,23.2,23.2,22.7,22.9,398855
2017-09-25,22.8,23.0,22.5,22.6,317013
2017-09-26,22.8,23.0,22.5,22.9,395447
2017-09-27,22.7,22.9,22.5,22.5,334598
2017-09-28,22.7,22.7,22.3,22.6,216150
2017-10-02,22.7,22.9,22.3,22.5,582306
2017-10-03,22.8,24.0,22.3,23.8,3020358
2017-10-04,24.0,24.2,23.6,23.8,1460044
2017-10-05,23.7,23.8,23.0,23.4,1269754
2017-10-08,23.6,24.2,23.5,24.0,1663101
2017-10-09,24.0,24.3,23.5,23.7,1472727
2017-10-10,23.7,23.7,23.2,23.4,535813
2017-10-11,23.6,23.6,22.8,23.0,895593
2017-10-12,23.0,23.0,22.5,22.6,436500
2017-10-15,22.6,23.4,22.5,22.6,544307
2017-10-16,22.6,23.1,22.5,22.8,308671
2017-10-17,23.0,23.4,22.9,23.0,353474
2017-10-18,23.3,23.3,22.6,22.7,376426
2017-10-19,22.8,23.2,22.8,23.0,259235
2017-10-22,22.8,23.0,22.5,22.6,348402
2017-10-23,22.8,22.9,22.4,22.5,202879
2017-10-24,22.6,22.6,21.8,21.9,503804
2017-10-25,21.8,21.9,20.9,21.4,688933
2017-10-26,21.7,21.7,21.1,21.3,456002
2017-10-29,21.2,21.6,21.0,21.5,728614
2017-10-30,21.5,21.9,21.1,21.4,1140203
2017-10-31,21.6,21.6,21.2,21.4,310275
2017-11-01,21.2,21.7,21.2,21.7,457617
2017-11-02,21.8,21.8,21.5,21.6,551735
2017-11-05,21.7,21.7,21.4,21.5,278810
2017-11-06,21.5,21.6,21.0,21.3,891990
2017-11-07,21.0,21.5,21.0,21.2,307869
2017-11-08,21.4,21.7,21.2,21.5,618884
2017-11-09,21.5,21.7,21.3,21.4,438526
2017-11-12,21.4,21.5,21.1,21.2,344764
2017-11-13,21.2,21.3,21.0,21.1,441882
2017-11-14,21.3,21.3,21.1,21.2,283976
2017-11-15,21.3,21.6,21.1,21.2,528801
2017-11-16,21.2,21.4,21.0,21.3,312876
2017-11-19,21.4,21.5,21.1,21.1,284385
2017-11-20,21.3,22.2,21.0,22.0,2076856
2017-11-21,22.2,22.4,21.9,22.0,1381425
2017-11-22,21.9,22.1,21.5,21.5,617271
2017-11-23,21.7,21.9,21.5,21.8,392679
2017-11-26,21.8,22.0,21.7,21.8,753724
2017-11-27,21.9,22.0,21.7,21.7,607882
2017-11-28,21.7,21.9,21.2,21.4,557312
2017-11-29,21.4,21.5,21.2,21.3,335280
2017-11-30,21.3,21.4,21.2,21.3,184077
2017-12-03,21.5,21.5,21.2,21.4,191841
2017-12-04,21.3,21.3,20.6,20.9,1892539
2017-12-05,20.9,21.1,20.8,21.0,214946
2017-12-06,21.0,21.0,20.6,20.7,246607
2017-12-07,20.7,20.8,20.5,20.6,304440
2017-12-10,20.8,21.1,20.6,20.7,289000
2017-12-11,20.7,20.7,20.3,20.5,182329
2017-12-12,20.5,20.9,20.5,20.8,264338
2017-12-13,20.9,20.9,20.4,20.5,282649
2017-12-14,20.5,20.7,20.5,20.6,197827
2017-12-17,20.9,20.9,20.6,20.7,93978
2017-12-18,20.8,20.8,20.6,20.6,110533
2017-12-19,20.7,21.2,20.6,20.8,405716
2017-12-20,20.6,21.1,20.6,20.9,280570
2017-12-21,21.0,21.2,20.9,21.0,360011
2017-12-24,21.0,21.0,20.7,20.8,250547
2017-12-26,21.0,21.6,20.7,20.8,216747
2017-12-27,20.7,21.0,20.7,20.8,96881
2017-12-28,20.9,21.0,20.7,21.0,218104
2018-01-01,21.0,21.1,20.9,21.0,90887
2018-01-02,20.9,21.2,20.8,21.1,77078
2018-01-03,21.4,21.7,21.2,21.5,258616
2018-01-04,21.4,21.5,20.7,20.9,596009
2018-01-07,21.2,21.2,20.8,20.9,154510
2018-01-08,20.9,20.9,20.7,20.7,114003
2018-01-09,20.7,20.9,20.4,20.5,310008
2018-01-10,20.5,20.7,20.4,20.5,89149
2018-01-11,20.9,20.9,20.4,20.5,48254
2018-01-14,20.5,20.6,20.2,20.3,84083
2018-01-15,20.2,20.3,19.7,19.9,336520
2018-01-16,19.6,20.2,19.6,20.1,123461
2018-01-17,20.1,20.1,19.8,19.9,169883
2018-01-18,19.8,20.4,19.7,19.9,189446
2018-01-21,20.0,20.3,19.9,20.0,92528
2018-01-22,19.9,20.6,19.8,20.1,223934
2018-01-23,20.5,20.5,20.0,20.2,147898
2018-01-24,20.1,20.8,20.0,20.6,253011
2018-01-25,20.6,20.9,20.5,20.8,391777
2018-01-28,20.6,20.8,20.4,20.5,219984
2018-01-29,20.1,20.8,20.1,20.5,141152
2018-01-30,20.8,21.0,20.5,20.5,163790
2018-01-31,20.5,20.5,19.9,20.1,185155
2018-02-01,20.1,20.3,20.0,20.0,109481
2018-02-04,19.9,19.9,19.3,19.4,204451
2018-02-05,19.2,19.3,18.6,19.0,135186
2018-02-06,19.0,19.4,19.0,19.0,97696
2018-02-07,18.8,19.3,18.0,18.8,275706
2018-02-08,18.5,19.2,18.5,19.1,100375
2018-02-11,19.4,19.8,19.4,19.5,263506
2018-02-12,19.8,19.9,19.5,19.5,148993
2018-02-13,19.3,19.4,19.1,19.3,453435
2018-02-14,19.4,19.8,19.3,19.5,149860
2018-02-15,19.5,19.5,19.2,19.3,107451
2018-02-18,19.3,19.3,18.8,18.9,91766
2018-02-19,19.0,19.1,18.9,18.9,117978
2018-02-20,19.0,19.1,18.5,18.6,260131
2018-02-22,18.8,19.0,18.5,18.7,87110
2018-02-25,18.7,18.7,17.9,18.0,170757
2018-02-26,17.5,17.8,16.8,17.0,320130
2018-02-27,17.4,17.4,17.0,17.1,207043
2018-02-28,17.1,17.2,16.9,16.9,86646
2018-03-01,17.0,17.7,16.8,17.4,139945
2018-03-04,17.8,17.8,17.2,17.4,68796
2018-03-05,17.2,17.3,17.0,17.0,71143
2018-03-06,17.0,17.1,16.9,17.0,119353
2018-03-07,17.1,17.1,16.9,17.0,85700
2018-03-08,17.1,17.4,17.0,17.3,259301
2018-03-11,17.3,17.3,17.1,17.2,85985
2018-03-12,17.1,17.1,16.5,16.7,141168
2018-03-13,16.7,16.7,16.2,16.4,98203
2018-03-14,16.5,16.8,16.3,16.5,111735
2018-03-15,16.6,18.3,16.6,18.1,590873
2018-03-18,18.1,19.0,17.7,18.8,612205
2018-03-19,18.6,18.9,18.5,18.7,425595
2018-03-20,18.6,18.7,18.4,18.5,243899
2018-03-21,18.4,18.4,17.9,18.1,249822
2018-03-22,18.2,18.3,17.6,18.1,212755
2018-03-25,18.2,18.8,18.2,18.6,628278
2018-03-27,18.6,18.7,18.0,18.1,376040
2018-03-28,18.2,18.6,18.2,18.5,361572
2018-03-29,18.6,19.5,18.6,19.2,519295
2018-04-01,19.5,20.3,19.5,20.1,658849
2018-04-02,20.1,20.4,19.6,20.2,862577
2018-04-03,20.2,20.4,19.7,20.0,579633
2018-04-04,20.0,20.3,19.9,20.1,1062062
2018-04-08,18.8,19.1,18.4,18.8,745318
2018-04-09,19.0,19.0,18.6,18.6,250576
2018-04-10,18.6,18.7,18.0,18.2,539311
2018-04-11,18.5,18.5,17.8,17.9,218546
2018-04-12,17.7,18.1,17.5,17.8,221310
2018-04-15,17.8,18.1,17.6,17.7,157652
2018-04-16,17.9,17.9,17.4,17.7,153429
2018-04-17,17.9,17.9,17.5,17.5,139556
2018-04-18,17.6,17.7,17.3,17.4,244993
2018-04-19,17.5,17.7,17.5,17.6,204532
2018-04-22,17.6,17.7,17.3,17.4,90205
2018-04-23,17.7,17.7,17.2,17.3,259449
2018-04-24,17.3,17.4,17.1,17.2,153247
2018-04-25,17.2,17.4,17.1,17.3,153757
2018-04-26,17.3,17.7,17.3,17.3,236365
2018-04-30,17.4,17.4,17.0,17.1,77630
2018-05-03,17.2,17.3,17.0,17.3,61190
2018-05-06,17.2,17.3,17.0,17.1,198457
2018-05-07,16.9,17.2,16.9,17.1,166963
2018-05-08,17.0,17.1,16.8,16.8,144035
2018-05-09,16.8,17.0,16.7,16.8,116598
2018-05-10,16.6,16.7,16.0,16.3,183880
2018-05-13,16.4,16.4,16.1,16.2,48646
2018-05-14,16.2,16.3,16.0,16.1,182950
2018-05-15,16.2,16.2,16.0,16.1,44673
2018-05-16,16.2,16.2,15.9,15.9,53136
2018-05-17,15.7,16.3,15.6,15.8,87597
2018-05-20,15.7,15.7,15.1,15.2,80957
2018-05-21,15.0,15.7,15.0,15.5,79837
2018-05-22,15.3,15.3,15.0,15.3,62648
2018-05-23,15.2,15.2,15.0,15.1,41341
2018-05-24,15.1,15.3,15.1,15.3,65020
2018-05-27,15.3,15.7,15.3,15.5,93474
2018-05-28,15.5,15.5,15.2,15.3,54153
2018-05-29,15.2,15.3,15.0,15.2,86707
2018-05-30,15.3,15.4,15.2,15.2,49836
2018-05-31,15.5,15.5,15.0,15.1,70675
2018-06-03,15.0,15.2,15.0,15.1,71846
2018-06-04,15.1,15.1,15.0,15.0,59034
2018-06-05,15.2,15.3,14.9,15.0,71294
2018-06-06,15.0,15.4,14.8,15.1,315063
2018-06-07,15.2,15.5,15.0,15.2,423766
2018-06-10,15.2,15.2,14.9,15.0,138300
2018-06-11,15.0,15.1,14.7,14.9,76932
2018-06-12,14.8,15.1,14.8,15.0,93592
2018-06-18,15.0,15.1,14.9,14.9,56950
2018-06-19,15.1,15.1,14.8,14.9,91923
2018-06-20,15.0,15.3,15.0,15.2,63890
2018-06-21,15.3,15.8,15.3,15.7,423097
2018-06-24,15.8,17.2,15.8,17.2,738316
2018-06-25,15.7,17.5,15.7,16.3,368785
2018-06-26,16.4,16.7,15.7,15.9,131927
2018-06-27,16.1,16.3,15.7,16.0,93665
2018-06-28,16.0,16.2,15.5,15.6,149181
2018-07-02,15.5,15.5,15.1,15.1,123407
2018-07-03,15.3,15.5,15.1,15.2,78704
2018-07-04,15.3,15.6,15.3,15.4,125093
2018-07-05,15.5,16.0,15.5,15.9,346557
2018-07-08,15.9,16.5,15.6,16.0,323578
2018-07-09,16.0,16.2,15.7,15.7,337165
2018-07-10,15.7,16.3,15.5,16.2,363051
2018-07-11,16.4,17.8,16.4,17.1,946115
2018-07-12,17.5,17.5,16.4,16.7,284062
2018-07-15,17.0,17.0,16.1,16.2,232733
2018-07-16,16.2,16.4,16.1,16.3,180807
2018-07-17,16.2,16.3,16.0,16.2,173752
2018-07-18,16.0,16.2,15.7,15.8,240378
2018-07-19,15.8,16.3,15.8,15.9,244083
2018-07-22,15.9,15.9,15.6,15.7,207826
2018-07-23,15.9,16.3,15.8,16.2,98097
2018-07-24,16.0,16.3,15.9,16.0,112871
2018-07-25,16.0,16.0,15.6,15.9,173674
2018-07-26,15.9,15.9,15.8,15.9,47577
2018-07-29,16.2,16.2,15.8,16.0,102400
2018-07-30,16.0,16.2,15.7,15.7,164300
2018-07-31,16.1,16.1,15.6,15.8,130032
2018-08-01,16.0,17.0,16.0,16.6,419355
2018-08-02,16.6,17.3,16.4,17.2,861936
2018-08-05,17.2,17.2,16.8,16.9,224936
2018-08-06,16.8,16.8,16.4,16.5,202067
2018-08-07,16.6,17.1,16.5,17.0,404895
2018-08-08,16.9,17.2,16.8,17.1,267272
2018-08-09,17.2,17.7,17.0,17.3,530917
2018-08-12,17.4,17.6,17.1,17.4,342625
2018-08-13,17.5,18.2,17.5,17.9,1256251
2018-08-14,18.0,18.1,17.6,17.9,524349
2018-08-16,18.0,18.8,18.0,18.7,886966
2018-08-19,18.8,19.6,18.8,19.5,1766785
2018-08-20,19.6,19.7,18.7,19.1,1187680
2018-08-26,19.0,19.6,18.6,19.3,898918
2018-08-27,19.1,19.1,18.7,18.9,541259
2018-08-28,18.9,19.6,18.9,19.2,1017466
2018-08-29,19.0,19.4,18.9,19.3,623973
2018-08-30,19.3,19.6,18.9,19.1,904146
2018-09-03,19.2,19.2,18.6,18.7,551802
2018-09-04,18.8,19.0,18.2,18.4,392444
2018-09-05,18.4,18.6,18.2,18.2,380152
2018-09-06,18.3,18.5,18.0,18.2,328007
2018-09-09,18.2,18.2,17.8,18.0,279454
2018-09-10,17.9,18.2,17.8,18.0,307074
2018-09-11,17.9,18.3,17.9,18.1,299897
2018-09-12,18.2,18.2,17.4,17.5,314510
2018-09-13,17.5,17.8,17.2,17.2,186289
2018-09-16,17.6,17.6,17.0,17.0,178537
2018-09-17,17.1,17.1,16.6,16.7,164188
2018-09-18,16.8,17.1,16.6,16.9,206305
2018-09-19,17.2,17.5,17.1,17.4,194527
2018-09-20,17.3,17.4,16.9,17.0,300412
2018-09-23,16.8,16.9,16.5,16.6,76085
2018-09-24,16.9,16.9,16.2,16.6,169647
2018-09-25,16.3,16.5,16.1,16.4,98912
2018-09-26,16.4,16.7,16.4,16.6,169202
2018-09-27,16.6,16.6,16.4,16.5,118641
2018-09-30,16.3,16.8,16.2,16.4,81476
2018-10-01,16.6,16.7,16.3,16.5,193256
2018-10-02,16.4,17.0,16.4,16.8,179934
2018-10-03,17.1,17.8,17.1,17.6,529553
2018-10-04,17.6,17.6,17.1,17.2,135833
2018-10-07,17.2,17.2,16.4,16.7,211723
2018-10-08,16.8,17.7,16.8,17.3,406478
2018-10-09,17.1,17.2,17.0,17.1,142514
2018-10-10,17.0,17.0,16.7,16.8,167835
2018-10-11,16.9,17.3,16.8,16.9,136501
2018-10-14,17.1,17.1,17.0,17.1,126981
2018-10-15,17.2,17.2,16.8,16.9,59664
2018-10-16,16.9,17.1,16.6,17.0,73723
2018-10-17,17.1,17.2,16.8,16.8,52732
2018-10-18,16.8,17.2,16.7,17.1,103273
2018-10-21,17.1,17.1,16.5,16.7,129349
2018-10-22,16.7,16.8,16.4,16.5,157473
2018-10-23,16.6,17.0,16.5,16.9,214353
2018-10-24,17.0,17.0,16.7,16.7,46022
2018-10-25,17.0,17.0,16.5,16.6,57644
2018-10-28,16.5,16.7,16.5,16.6,66176
2018-10-29,16.5,16.7,16.5,16.7,82660
2018-10-30,16.9,17.2,16.8,17.2,118240
2018-10-31,17.0,17.4,16.8,17.1,243946
2018-11-01,17.1,17.3,17.0,17.2,158236
2018-11-04,17.0,17.0,16.7,16.7,121597
2018-11-05,16.7,17.1,16.3,16.5,154632
2018-11-06,16.5,16.7,16.3,16.5,53239
2018-11-07,16.6,17.2,16.6,17.0,224839
2018-11-08,16.9,17.0,16.7,16.9,130097
2018-11-11,16.9,17.0,16.7,16.8,38672
2018-11-12,17.0,17.5,16.8,17.1,213823
2018-11-13,17.3,17.7,17.3,17.6,703146
2018-11-14,17.8,17.8,17.0,17.1,102783
2018-11-15,17.3,17.5,16.1,16.9,197692
2018-11-18,17.0,17.1,16.7,16.9,170605
2018-11-19,17.2,17.2,16.6,16.6,103416
2018-11-20,16.8,17.4,16.7,17.0,410059
2018-11-22,17.2,17.3,16.9,17.1,99389
2018-11-25,17.1,17.1,16.8,16.8,125060
2018-11-26,16.9,17.0,16.8,16.8,88470
2018-11-27,16.8,16.9,16.7,16.9,60326
2018-11-28,16.9,17.3,16.7,16.8,287568
2018-11-29,16.9,16.9,16.6,16.6,155744
2018-12-02,16.7,16.8,16.6,16.8,192258
2018-12-03,16.7,17.2,16.7,17.1,232969
2018-12-04,17.1,17.4,16.9,17.2,249301
2018-12-05,17.2,17.7,17.2,17.3,504178
2018-12-06,17.3,17.4,16.9,16.9,209552
2018-12-09,17.0,17.2,16.8,16.9,86366
2018-12-10,17.0,17.0,16.7,16.7,119211
2018-12-11,16.8,17.0,16.6,16.7,76174
2018-12-12,16.5,16.8,16.5,16.6,112934
2018-12-13,16.9,16.9,16.6,16.7,95889
2018-12-17,16.7,16.8,16.6,16.6,62882
2018-12-18,16.8,16.8,16.5,16.6,142912
2018-12-19,16.7,16.7,16.5,16.6,194240
2018-12-20,16.7,17.0,16.7,16.8,187629
2018-12-23,16.8,16.9,16.7,16.8,54090
2018-12-24,16.8,16.9,16.7,16.8,86459
2018-12-26,17.0,17.1,16.8,16.9,83689
2018-12-27,17.0,17.2,16.9,17.1,109416
2019-01-01,17.3,17.5,17.2,17.4,265740
2019-01-02,17.5,17.9,17.3,17.8,426760
2019-01-03,18.0,18.8,17.9,18.7,779914
2019-01-06,18.7,19.0,18.3,18.8,604760
2019-01-07,18.9,18.9,18.4,18.6,488750
2019-01-08,18.5,19.7,18.4,19.4,748281
2019-01-09,19.3,19.5,18.8,19.3,439574
2019-01-10,19.1,19.5,18.9,19.4,502694
2019-01-13,19.2,20.2,19.2,19.9,878109
2019-01-14,19.9,20.4,19.3,20.0,1019243
2019-01-15,20.1,22.0,20.1,21.5,3451539
2019-01-16,21.5,22.0,20.9,21.3,1139953
2019-01-17,21.1,23.4,20.9,22.9,3678708
2019-01-20,23.3,23.8,22.2,22.5,1760121
2019-01-21,22.5,22.8,21.7,21.8,1098213
2019-01-22,21.9,22.4,21.4,21.6,1197464
2019-01-23,21.7,23.1,21.4,22.6,1897918
2019-01-24,23.0,23.4,22.3,23.1,2496051
2019-01-27,23.1,24.0,22.4,22.6,2901894
2019-01-28,22.6,22.9,21.8,22.0,762580
2019-01-29,22.1,23.0,22.0,22.3,1175138
2019-01-30,22.4,22.7,21.7,21.9,856276
2019-01-31,22.0,22.0,21.0,21.2,883321
2019-02-03,21.6,21.6,20.4,20.6,921200
2019-02-04,20.8,22.0,20.6,20.7,879457
2019-02-05,20.8,21.4,20.2,20.5,661879
2019-02-06,20.5,20.8,20.2,20.4,447858
2019-02-07,20.4,20.9,20.4,20.5,336159
2019-02-10,20.6,20.6,19.1,19.3,378624
2019-02-11,19.4,20.1,19.2,19.9,760581
2019-02-12,20.0,20.2,19.1,19.3,447791
2019-02-13,19.4,20.5,19.3,20.4,517024
2019-02-14,20.4,20.5,19.7,20.0,611748
2019-02-17,20.0,20.6,19.8,20.2,349279
2019-02-18,20.3,20.4,19.6,19.8,178831
2019-02-19,20.0,20.2,19.8,20.0,146139
2019-02-20,20.0,20.1,19.6,19.8,275524
2019-02-24,19.7,19.8,19.1,19.3,223229
2019-02-25,19.3,20.3,19.0,19.8,412159
2019-02-26,19.8,19.9,19.5,19.6,144905
2019-02-27,19.8,20.0,19.2,19.3,184323
2019-03-03,19.7,19.8,19.4,19.5,182031
2019-03-04,19.7,20.0,19.0,19.1,244971
2019-03-05,19.1,19.4,18.6,18.9,192988
2019-03-06,19.1,19.2,18.0,18.3,165838
2019-03-07,18.3,18.9,18.3,18.8,223645
2019-03-10,18.9,19.3,18.7,18.9,181088
2019-03-11,19.0,19.0,18.8,18.8,184290
2019-03-12,18.8,18.9,18.2,18.3,304568
2019-03-13,18.5,18.6,18.4,18.4,114540
2019-03-14,18.6,18.6,18.2,18.3,78331
2019-03-18,18.3,18.3,17.9,18.0,206301
2019-03-19,18.9,18.9,18.3,18.6,171919
2019-03-20,18.6,18.8,18.5,18.6,187390
2019-03-21,19.0,19.3,18.5,18.9,689726
2019-03-24,18.9,19.0,18.7,18.8,123609
2019-03-25,18.9,18.9,18.5,18.7,168942
2019-03-27,18.7,18.9,18.6,18.7,100954
2019-03-28,18.7,18.9,18.6,18.7,87547
2019-03-31,18.6,18.7,18.5,18.6,175881
2019-04-01,18.5,18.7,18.4,18.5,212033
2019-04-02,18.7,19.3,18.7,18.9,343442
2019-04-03,18.9,18.9,18.4,18.4,205959
2019-04-04,18.5,18.8,18.5,18.7,144340
2019-04-07,18.6,18.7,18.3,18.3,134882
2019-04-08,18.3,18.6,18.3,18.5,230137
2019-04-09,18.3,18.6,18.0,18.1,206492
2019-04-10,18.0,18.3,18.0,18.1,805036
2019-04-15,17.3,17.3,16.0,16.0,158637
2019-04-16,16.0,16.4,16.0,16.3,593939
2019-04-17,16.4,16.4,16.1,16.1,45811
2019-04-18,16.1,16.2,15.7,16.0,235410
2019-04-21,16.0,16.2,15.8,15.9,128577
2019-04-23,15.9,15.9,15.0,15.2,189680
2019-04-24,15.4,15.4,14.9,15.1,114905
2019-04-25,15.5,15.5,15.1,15.3,64512
2019-04-28,15.1,15.3,15.1,15.2,95580
2019-04-29,15.1,15.2,14.8,15.0,125180
2019-04-30,15.1,15.3,14.9,15.0,228004
2019-05-02,15.1,15.9,15.0,15.4,300936
2019-05-05,15.5,16.1,15.5,16.0,424478
2019-05-06,16.0,16.2,15.4,15.6,267213
2019-05-07,15.7,15.7,15.2,15.4,113461
2019-05-08,15.3,15.4,15.2,15.2,105907
2019-05-09,15.3,15.3,15.0,15.1,111620
2019-05-12,15.3,16.0,15.3,15.7,540991
2019-05-13,15.7,15.8,15.6,15.7,47805
2019-05-14,15.7,15.9,15.4,15.7,132291
2019-05-15,15.8,15.8,15.6,15.7,22663
2019-05-16,15.8,16.2,15.7,16.0,489719
2019-05-19,16.2,16.8,16.1,16.6,446623
2019-05-20,16.6,16.7,16.1,16.3,181613
2019-05-21,16.1,16.2,15.9,16.0,143500
2019-05-22,16.0,16.3,16.0,16.2,174120
2019-05-23,16.1,16.7,16.1,16.4,502109
2019-05-26,16.2,16.7,16.2,16.7,255521
2019-05-27,16.5,17.2,16.5,16.9,506921
2019-05-28,16.9,17.1,16.7,16.8,357969
2019-05-29,16.9,17.1,16.7,16.8,224512
2019-05-30,16.8,17.5,16.8,17.2,340329
2019-06-09,17.2,17.9,17.2,17.7,344213
2019-06-10,17.5,17.7,17.2,17.5,197262
2019-06-11,17.4,18.0,17.1,17.3,236469
2019-06-12,17.3,17.4,17.1,17.3,132145
2019-06-13,17.3,17.8,17.3,17.5,271545
2019-06-16,17.4,17.9,17.1,17.1,173152
2019-06-17,17.1,17.1,16.6,16.6,81948
2019-06-18,16.7,17.2,16.7,17.0,83494
2019-06-19,17.0,17.5,17.0,17.2,363531
2019-06-20,17.2,17.5,17.0,17.1,118156
2019-06-23,17.2,17.2,16.8,16.8,89070
2019-06-24,16.8,16.9,16.4,16.7,118907
2019-06-25,16.8,16.9,16.6,16.8,335770
2019-06-26,16.6,17.0,16.6,16.7,401297
2019-06-27,17.0,17.0,16.7,16.9,96220
2019-06-30,16.7,16.8,16.3,16.6,329799
2019-07-02,16.8,16.8,16.0,16.1,248617
2019-07-03,16.2,16.4,16.0,16.1,170277
2019-07-04,16.4,16.5,16.1,16.3,133990
2019-07-07,16.2,16.3,16.1,16.2,41118
2019-07-08,16.1,16.3,16.0,16.1,164053
2019-07-09,16.1,16.2,15.9,16.0,201863
2019-07-10,16.3,16.8,16.0,16.2,136442
2019-07-11,16.0,16.3,15.9,16.0,55210
2019-07-14,16.0,16.0,15.5,15.6,90862
2019-07-15,15.5,16.1,15.1,15.3,150114
2019-07-16,15.6,15.6,15.3,15.6,21972
2019-07-17,15.4,15.8,15.4,15.8,112960
2019-07-18,16.0,16.0,15.3,15.4,97906
2019-07-21,15.4,15.5,14.5,14.6,205157
2019-07-22,14.6,14.7,14.0,14.4,209013
2019-07-23,14.7,15.8,14.7,15.2,114275
2019-07-24,15.1,15.5,15.0,15.4,127933
2019-07-25,15.6,15.7,15.3,15.4,164156
2019-07-28,15.4,15.4,15.1,15.1,114954
2019-07-29,15.3,15.3,15.1,15.3,40920
2019-07-30,15.3,15.3,15.1,15.1,87073
2019-07-31,15.3,15.3,14.7,14.9,186387
2019-08-01,15.0,15.1,14.8,14.8,167970
2019-08-04,14.7,14.8,14.6,14.7,163172
2019-08-05,14.9,15.4,14.7,15.0,106455
2019-08-06,14.9,15.3,14.9,15.2,107403
2019-08-07,15.2,15.6,15.1,15.4,250859
2019-08-08,15.2,15.5,15.1,15.4,123991
2019-08-18,15.4,15.4,15.0,15.1,124824
2019-08-19,15.2,15.2,14.9,15.0,253280
2019-08-20,14.9,15.2,14.9,15.0,139244
2019-08-21,15.1,15.1,14.9,14.9,100441
2019-08-22,15.0,15.3,15.0,15.1,187195
2019-08-25,15.1,15.4,15.1,15.3,154826
2019-08-26,15.3,15.3,14.8,14.9,138511
2019-08-27,15.0,15.0,14.8,14.9,61904
2019-08-28,14.9,14.9,14.6,14.7,162555
2019-08-29,14.6,15.0,14.4,14.8,305503
2019-09-01,14.9,14.9,14.4,14.8,156622
2019-09-02,14.7,14.7,14.4,14.5,100809
2019-09-03,14.4,14.8,14.3,14.6,64037
2019-09-04,14.6,14.7,14.4,14.6,37540
2019-09-05,14.8,15.0,14.6,14.7,58894
2019-09-08,14.9,15.2,14.6,15.1,107053
2019-09-09,15.0,15.0,14.6,14.8,88914
2019-09-11,14.6,14.6,14.4,14.4,56917
2019-09-12,14.4,14.6,14.4,14.5,46785
2019-09-15,14.5,15.0,14.4,14.9,99245
2019-09-16,15.0,15.0,14.6,14.8,31114
2019-09-17,15.0,15.0,14.7,14.7,34812
2019-09-18,14.9,15.0,14.5,14.7,118371
2019-09-19,14.6,14.8,14.5,14.6,64527
2019-09-22,14.5,14.9,14.4,14.6,45155
2019-09-23,14.8,15.4,14.7,15.2,238776
2019-09-24,15.2,15.4,15.0,15.1,187593
2019-09-25,15.3,15.3,14.9,15.0,46072
2019-09-26,15.3,15.3,15.0,15.0,79403
2019-09-29,15.3,15.5,15.2,15.3,198230
2019-09-30,15.2,16.0,15.2,15.7,466285
2019-10-01,15.7,15.9,15.3,15.4,139025
2019-10-02,15.4,15.5,15.2,15.3,220998
2019-10-03,15.5,15.5,15.0,15.1,112855
2019-10-06,15.0,15.7,15.0,15.3,430412
2019-10-07,15.1,15.3,15.0,15.1,99207
2019-10-09,15.1,15.3,14.8,15.0,153835
2019-10-10,15.0,15.0,14.7,14.8,36992
2019-10-13,14.8,14.8,14.5,14.6,66772
2019-10-14,14.5,14.8,14.4,14.5,76645
2019-10-15,14.7,15.1,14.7,14.9,132059
2019-10-16,14.8,15.0,14.6,14.7,85896
2019-10-17,14.7,14.8,14.5,14.8,67501
2019-10-20,14.9,14.9,14.7,14.7,98980
2019-10-21,15.0,15.0,14.7,14.8,91919
2019-10-22,14.9,14.9,14.6,14.6,35965
2019-10-23,14.7,14.8,14.5,14.6,140628
2019-10-24,14.5,14.8,14.5,14.7,45020
2019-10-27,14.7,15.0,14.5,14.7,69730
2019-10-28,14.7,14.9,14.4,14.5,218449
2019-10-29,14.8,14.9,14.6,14.8,197865
2019-10-30,14.7,15.0,14.6,14.7,152415
2019-10-31,14.8,14.9,14.6,14.8,188434
2019-11-03,15.0,15.1,14.8,14.9,376329
2019-11-04,14.9,15.0,14.7,14.8,91598
2019-11-05,14.8,14.9,14.6,14.7,304673
2019-11-06,14.9,15.6,14.8,15.4,519646
2019-11-07,15.5,15.7,15.1,15.2,447573
2019-11-11,15.2,15.5,15.0,15.4,275164
2019-11-12,15.3,15.4,15.0,15.1,350384
2019-11-13,15.0,15.2,14.8,14.8,259681
2019-11-14,15.0,15.0,14.7,14.9,298383
2019-11-17,15.1,15.5,15.0,15.3,373528
2019-11-18,15.3,15.6,15.2,15.3,247754
2019-11-19,15.4,15.4,15.1,15.1,77987
2019-11-20,15.2,15.3,15.0,15.1,93143
2019-11-21,15.1,15.4,15.1,15.2,204636
2019-11-24,15.4,15.5,15.1,15.3,123625
2019-11-25,15.3,15.4,15.2,15.4,259621
2019-11-26,15.4,15.8,15.3,15.4,876486
2019-11-27,15.5,16.4,15.1,15.9,3373435
2019-11-28,16.0,17.0,15.8,17.0,1483386
2019-12-01,17.0,17.7,16.8,17.1,2952561
2019-12-02,17.2,17.4,16.7,16.9,1237699
2019-12-03,17.0,17.4,16.6,17.1,1124651
2019-12-04,17.3,17.6,16.8,16.9,913506
2019-12-05,17.0,17.1,16.4,16.5,838410
2019-12-08,16.5,16.5,15.5,15.6,883063
2019-12-09,15.6,15.7,15.3,15.5,309124
2019-12-10,15.6,15.9,15.3,15.3,383616
2019-12-11,15.3,15.5,14.8,15.2,849348
2019-12-12,15.3,15.6,15.0,15.5,272995
2019-12-15,15.5,15.6,15.3,15.4,295508
2019-12-17,15.3,15.4,14.9,14.9,299678
2019-12-18,15.10000038,15.39999962,14.89999962,15.39999962,268662
2019-12-19,15.39999962,15.80000019,15.30000019,15.39999962,515498
2019-12-22,15.4,15.4,15.1,15.3,308995
2019-12-23,15.3,15.3,15.0,15.0,242446
2019-12-24,15.1,15.3,14.9,15.2,83150
2019-12-26,15.3,15.5,15.1,15.3,183845
2019-12-29,15.3,15.6,15.2,15.3,209690
2019-12-30,15.2,15.4,15.2,15.4,95378
2020-01-01,15.6,15.6,15.3,15.4,306412
2020-01-02,15.4,15.4,15.0,15.2,464901
2020-01-05,15.1,15.2,14.9,14.9,179201
2020-01-06,15.0,15.0,14.5,14.6,250511
2020-01-07,14.8,14.8,14.2,14.3,230135
2020-01-08,14.5,14.5,14.1,14.2,85191
2020-01-09,14.4,14.5,14.2,14.4,349369
2020-01-12,14.5,14.5,14.1,14.1,120601
2020-01-13,14.2,14.2,12.7,13.0,780476
2020-01-14,13.0,13.4,12.6,13.0,184386
2020-01-15,13.0,13.5,13.0,13.1,119799
2020-01-16,13.2,13.5,12.9,13.4,145061
2020-01-19,13.6,14.7,13.6,14.6,646337
2020-01-20,14.8,14.9,14.5,14.5,371381
2020-01-21,14.5,14.5,14.2,14.2,212634
2020-01-22,14.5,14.7,14.2,14.6,307393
2020-01-23,14.6,15.0,14.6,14.9,228509
2020-01-26,14.9,15.1,14.7,14.8,144604
2020-01-27,14.6,14.7,14.5,14.6,105128
2020-01-28,14.5,14.6,14.4,14.5,166109
2020-01-29,14.5,14.8,14.5,14.6,183018
2020-01-30,14.5,14.6,14.2,14.3,153209
2020-02-02,14.1,15.1,14.1,14.9,603285
2020-02-03,14.9,15.0,14.6,14.7,209024
2020-02-04,14.7,14.7,14.4,14.5,97018
2020-02-05,14.5,14.5,14.2,14.4,107477
2020-02-06,14.5,14.8,14.4,14.5,272899
2020-02-09,14.4,14.4,14.0,14.1,184009
2020-02-10,14.1,14.3,13.8,13.8,154457
2020-02-11,14.2,14.7,14.2,14.6,263861
2020-02-12,14.7,14.8,14.4,14.5,227268
2020-02-13,14.5,15.4,14.5,15.3,595860
2020-02-16,15.4,16.0,15.4,15.7,697981
2020-02-17,15.9,16.0,15.3,15.7,524029
2020-02-18,15.9,16.1,15.4,15.5,304254
2020-02-19,15.6,15.6,15.2,15.3,422176
2020-02-20,15.3,15.4,15.0,15.0,291900
2020-02-23,15.5,15.5,14.9,15.0,137784
2020-02-24,15.1,15.1,14.7,14.8,126544
2020-02-25,14.8,14.9,14.6,14.7,95711
2020-02-26,14.9,15.0,14.3,14.3,184729
2020-02-27,14.5,14.7,14.0,14.1,149851
2020-03-01,14.1,14.2,13.8,13.9,137382
2020-03-02,13.8,14.3,13.7,14.0,78818
2020-03-03,14.0,14.5,14.0,14.1,370887
2020-03-04,14.3,14.6,13.9,13.9,363873
2020-03-05,13.8,13.9,13.6,13.6,267677
2020-03-08,13.6,13.6,13.3,13.5,131895
2020-03-09,13.3,13.3,12.2,12.6,312625
2020-03-10,13.0,13.2,12.7,13.1,114482
2020-03-11,13.2,13.5,13.1,13.1,140910
2020-03-12,13.1,13.1,12.7,12.8,290285
2020-03-15,12.5,12.5,11.6,11.9,193952
2020-03-16,12.2,12.5,11.5,11.6,142039
2020-03-18,12.2,12.2,10.9,11.0,280915
2020-03-19,12.4,12.4,12.4,12.4,10010
2020-03-22,12.1,12.1,12.1,12.1,12452
2020-03-23,12.1,12.2,12.1,12.1,137561
2020-03-24,12.1,12.1,12.1,12.1,31168
2020-03-25,12.1,12.2,12.1,12.2,88593
2020-05-31,12.1,12.1,12.1,12.1,38850
2020-06-01,12.1,12.1,12.1,12.1,510
2020-06-02,12.1,12.1,12.1,12.1,234800
2020-06-03,12.1,12.1,12.1,12.1,5596
2020-06-04,12.1,12.1,12.1,12.1,2983
2020-06-07,12.1,12.1,12.1,12.1,2355
2020-06-08,12.1,12.1,12.1,12.1,1268
2020-06-09,12.1,12.1,12.1,12.1,400
2020-06-10,12.1,12.1,12.1,12.1,4184
2020-06-11,12.1,12.1,12.1,12.1,36758
2020-06-14,12.1,12.3,12.1,12.1,117708
2020-06-15,12.1,12.1,12.1,12.1,95719
2020-06-16,12.1,12.1,12.1,12.1,11870
2020-06-17,12.1,12.1,12.1,12.1,32030
2020-06-18,12.1,12.1,12.1,12.1,1305
2020-06-21,12.1,12.1,12.1,12.1,13961
2020-06-22,12.1,12.1,12.1,12.1,44646
2020-06-23,12.1,12.3,12.1,12.1,120768
2020-06-24,12.1,12.1,12.1,12.1,147845
2020-06-25,12.1,12.2,12.1,12.1,361837
2020-06-28,12.1,12.6,12.1,12.4,219531
2020-06-29,12.5,12.5,12.2,12.3,158843
2020-06-30,12.3,12.4,12.2,12.4,283517
2020-07-05,12.1,12.1,12.1,12.1,81
2020-07-06,12.1,12.1,12.1,12.1,50
2020-07-07,12.1,12.1,12.1,12.1,199
2020-07-08,12.1,12.1,12.1,12.1,14023
2020-07-09,12.1,12.1,12.1,12.1,58945
2020-07-12,12.1,12.1,12.1,12.1,25802
2020-07-13,12.1,12.1,12.1,12.1,502
2020-07-14,12.1,12.1,12.1,12.1,2004
2020-07-15,12.1,12.1,12.1,12.1,22
2020-07-16,12.1,12.1,12.1,12.1,3203
2020-07-19,12.1,12.1,12.1,12.1,272
2020-07-20,12.1,12.1,12.1,12.1,4565
2020-07-21,12.1,12.1,12.1,12.1,84641
2020-07-22,12.1,12.5,12.1,12.2,1372309
2020-07-23,12.2,12.3,12.1,12.1,265851
2020-07-26,12.1,12.2,12.1,12.1,216262
2020-07-27,12.2,12.3,12.1,12.1,157915
2020-07-28,12.1,12.3,12.1,12.2,1403725
2020-07-29,12.2,12.7,12.2,12.6,942752
2020-07-30,12.6,12.7,12.4,12.6,472728
2020-08-03,12.6,13.1,12.6,13.0,1053120
2020-08-04,13.0,13.8,12.9,13.7,1406590
2020-08-05,13.9,13.9,13.0,13.4,919632
2020-08-06,13.5,13.9,13.4,13.8,778523
2020-08-09,13.8,14.9,13.8,14.6,1081240
2020-08-10,14.8,15.2,14.6,14.8,1570340
2020-08-12,14.6,16.0,14.6,15.8,1438330
2020-08-13,16.0,16.6,15.9,16.2,944700
2020-08-16,16.1,16.5,15.8,16.3,1202959
2020-08-17,16.2,16.3,15.3,15.5,1044151
2020-08-18,15.3,16.0,15.0,15.1,690453
2020-08-19,15.4,15.8,15.2,15.5,896215
2020-08-20,15.5,15.5,15.1,15.4,383578
2020-08-23,15.5,15.5,14.7,15.0,525982
2020-08-24,15.0,15.0,14.6,14.7,283673
2020-08-25,14.7,15.2,14.7,14.9,470245
2020-08-26,15.2,15.2,14.7,14.8,169566
2020-08-27,15.0,15.4,14.9,15.4,546962
2020-08-31,15.4,16.2,15.4,15.8,1550412
2020-09-01,15.8,15.8,15.4,15.5,480932
2020-09-02,15.6,15.8,15.3,15.6,506228
2020-09-03,15.8,16.5,15.7,16.1,3437144
2020-09-06,16.4,16.7,16.1,16.2,1191241
2020-09-07,16.3,17.4,16.3,17.3,4860046
2020-09-08,17.6,17.8,17.0,17.1,2434331
2020-09-09,17.0,17.0,16.4,16.5,1288890
2020-09-10,16.8,17.3,16.6,17.0,1236643
2020-09-13,17.2,17.7,16.9,17.0,1929649
2020-09-14,17.2,17.2,16.5,16.6,945751
2020-09-15,17.0,17.0,16.5,16.6,669973
2020-09-16,16.8,17.2,16.7,17.1,1290534
2020-09-17,17.2,18.3,17.1,17.6,2899486
2020-09-20,18.0,18.4,17.8,18.3,2188102
2020-09-21,18.2,18.8,17.8,17.9,1891059
2020-09-22,17.8,18.0,17.3,17.4,743632
2020-09-23,17.8,17.8,17.2,17.3,972800
2020-09-24,17.5,18.1,17.3,17.8,818451
2020-09-27,18.1,19.5,18.1,19.5,3590005
2020-09-28,20.1,20.6,19.3,19.6,2201348
2020-09-29,19.5,19.5,18.6,18.9,1869833
2020-09-30,19.0,20.1,18.9,19.9,2382596
2020-10-01,19.9,20.8,19.7,19.8,2192003
2020-10-04,20.0,20.1,18.8,19.8,2265102
2020-10-05,20.0,20.6,19.5,19.8,2776975
2020-10-06,19.8,20.6,19.6,20.4,5024810
2020-10-07,20.6,20.9,20.0,20.1,2025569
2020-10-08,20.3,20.4,19.4,19.5,1563215
2020-10-11,19.7,19.7,17.9,18.7,1701241
2020-10-12,18.3,18.7,17.5,18.0,1165861
2020-10-13,18.5,18.5,17.5,17.8,744596
2020-10-14,17.7,17.8,16.6,16.8,1095984
2020-10-15,17.0,17.8,16.8,17.6,1259122
2020-10-18,17.7,17.7,17.1,17.4,763342
2020-10-19,17.8,18.1,17.1,17.9,1456957
2020-10-20,18.2,19.2,18.2,18.6,2537791
2020-10-21,18.6,18.8,18.0,18.4,1366566
2020-10-22,18.3,19.4,17.9,19.2,2722509
2020-10-25,19.2,20.3,19.0,19.9,2213105
2020-10-27,20.0,20.4,19.0,19.3,2632382
2020-10-28,19.3,19.3,18.1,18.6,1802651
2020-10-29,18.7,19.2,18.2,18.4,1098582
2020-11-01,18.4,18.6,18.1,18.3,697498
2020-11-02,18.2,19.0,18.2,18.7,1661348
2020-11-03,18.9,18.9,18.2,18.3,936906
2020-11-04,18.4,18.4,17.8,17.9,743353
2020-11-05,17.9,18.5,17.9,18.0,1242943
2020-11-08,18.0,18.0,17.6,17.6,1080398
2020-11-09,17.7,18.4,17.6,18.4,1339155
2020-11-10,18.2,18.2,17.7,18.0,865579
2020-11-11,18.0,18.0,17.5,17.6,768806
2020-11-12,17.8,17.8,17.3,17.5,658729
2020-11-15,17.5,17.8,17.0,17.0,702768
2020-11-16,17.2,17.3,16.9,17.0,258904
2020-11-17,17.0,17.8,17.0,17.6,752822
2020-11-18,17.6,17.6,17.2,17.3,236221
2020-11-19,17.3,17.3,16.7,16.9,362951
2020-11-22,16.9,16.9,16.5,16.6,166922
2020-11-23,16.5,17.1,16.4,17.0,286661
2020-11-24,17.0,17.2,16.5,16.6,1402069
2020-11-25,16.6,17.3,16.6,16.8,1000756
2020-11-26,16.8,16.9,16.6,16.7,717212
2020-11-29,16.8,17.0,16.7,16.9,741375
2020-11-30,17.0,17.0,16.7,16.8,350381
2020-12-01,16.8,17.2,16.8,17.0,738836
2020-12-02,17.1,17.1,16.8,17.0,435836
2020-12-03,17.1,17.6,16.9,17.5,941350
2020-12-06,17.5,18.2,17.5,17.9,1182980
2020-12-07,18.2,18.2,17.4,17.5,656236
2020-12-08,17.4,17.4,17.2,17.3,449368
2020-12-09,17.1,17.5,17.1,17.3,447843
2020-12-10,17.2,17.5,17.0,17.2,861098
2020-12-13,17.0,17.6,17.0,17.5,509408
2020-12-14,17.5,17.7,17.2,17.3,1180332
2020-12-15,17.4,17.4,16.9,17.0,1024827
2020-12-17,17.1,17.1,16.6,16.7,772880
2020-12-20,16.8,16.9,16.4,16.5,417944
2020-12-21,16.8,16.9,16.4,16.6,484228
2020-12-22,16.6,16.9,16.3,16.4,445881
2020-12-23,16.5,16.5,16.0,16.2,933877
2020-12-24,16.2,17.4,16.2,17.3,1333748
2020-12-27,17.5,18.5,17.5,18.0,2765886
2020-12-28,18.1,18.3,17.7,18.2,2432845
2020-12-29,18.4,18.6,17.9,18.1,2848818
2020-12-30,18.3,19.2,17.7,19.0,3867179
2021-01-03,19.4,20.9,19.0,20.9,5867345
2021-01-04,21.0,21.0,19.5,20.8,4147119
2021-01-05,20.8,21.0,18.9,19.2,3485631
2021-01-06,19.7,20.3,18.5,20.0,2244121
2021-01-07,19.9,21.3,19.9,20.5,4793247
2021-01-10,20.6,22.1,20.0,21.5,3972063
2021-01-11,21.7,21.8,20.5,20.8,2302940
2021-01-12,21.4,22.0,21.0,21.2,4207422
2021-01-13,21.2,21.5,20.1,20.2,2267181
2021-01-14,20.9,21.6,20.9,21.2,2376840
2021-01-17,21.5,21.5,20.2,20.4,2365851
2021-01-18,20.8,21.0,19.7,20.7,1727022
2021-01-19,20.5,20.9,20.0,20.3,1156411
2021-01-20,20.3,21.4,20.2,21.2,2155291
2021-01-21,21.5,21.7,21.0,21.3,2048886
2021-01-24,21.5,21.7,20.8,20.9,1201646
2021-01-25,20.6,20.6,19.9,20.0,1031002
2021-01-26,19.8,20.2,19.3,19.6,535199
2021-01-27,19.5,20.1,19.3,19.4,323099
2021-01-28,19.8,20.1,19.1,19.3,275639
2021-01-31,19.1,19.4,18.3,18.4,239914
2021-02-01,18.5,18.7,18.0,18.2,338871
2021-02-02,18.3,19.0,18.2,18.4,245944
2021-02-03,18.7,18.9,18.0,18.4,499046
2021-02-04,18.6,18.9,18.5,18.6,303047
2021-02-07,18.5,18.7,17.3,17.8,216375
2021-02-08,18.2,18.2,17.2,17.3,293364
2021-02-09,17.5,18.5,17.1,18.2,673435
2021-02-10,18.1,18.4,17.7,17.8,428435
2021-02-11,17.5,17.7,17.2,17.3,417212
2021-02-14,17.3,17.6,16.7,17.5,242760
2021-02-15,17.1,18.4,17.1,18.2,449151
2021-02-16,18.0,18.9,17.6,18.3,750209
2021-02-17,18.5,18.5,17.8,17.8,85672
2021-02-18,18.4,18.4,17.8,17.9,129623
2021-02-22,17.7,17.8,16.9,17.1,151823
2021-02-23,17.1,17.9,16.9,17.6,167655
2021-02-24,17.6,17.8,17.5,17.6,85225
2021-02-25,17.2,17.7,16.9,17.1,308490
2021-02-28,17.3,17.4,17.1,17.1,171332
2021-03-01,17.0,17.1,16.9,17.1,102631
2021-03-02,17.4,18.0,17.4,17.9,222210
2021-03-03,18.0,18.0,17.5,17.7,123571
2021-03-04,17.7,17.8,17.4,17.6,105535
2021-03-07,17.5,17.8,17.5,17.7,75747
2021-03-08,17.9,18.1,17.7,18.1,247273
2021-03-09,18.1,18.1,17.6,17.7,246277
2021-03-10,17.5,17.7,17.4,17.6,272165
2021-03-11,17.8,17.8,17.5,17.6,119324
2021-03-14,17.8,17.8,17.2,17.2,82335
2021-03-15,17.4,17.5,17.0,17.3,220157
2021-03-16,17.5,17.5,17.1,17.2,141103
2021-03-18,17.3,17.7,16.5,16.7,251428
2021-03-21,16.4,16.7,16.0,16.3,57475
2021-03-22,16.2,16.5,15.5,16.5,192714
2021-03-23,16.8,16.9,16.6,16.8,64879
2021-03-24,16.6,16.6,16.0,16.1,108285
2021-03-25,16.1,16.5,16.1,16.4,18558
2021-03-28,16.2,16.7,15.6,16.2,80733
2021-03-29,16.3,16.7,16.3,16.5,273960
2021-03-31,16.4,16.6,16.0,16.3,91671
2021-04-01,16.0,16.0,15.5,15.8,137332
2021-04-04,15.5,15.5,14.4,14.6,117353
2021-04-05,14.7,15.5,14.7,15.3,77015
2021-04-06,15.5,15.9,15.3,15.7,230168
2021-04-07,16.3,16.5,16.0,16.2,224814
2021-04-08,15.8,16.2,15.8,16.0,128612
2021-04-11,15.2,15.9,15.2,15.5,18960
2021-04-12,15.6,16.3,15.5,15.6,182168
2021-04-13,15.3,16.4,15.3,16.2,92840
2021-04-15,16.0,17.0,15.9,17.0,370650
2021-04-18,17.2,18.0,16.7,17.8,550974
2021-04-19,17.3,17.7,17.2,17.4,339373
2021-04-20,17.3,18.3,17.3,18.1,841341
2021-04-21,18.0,18.2,17.7,17.8,256103
2021-04-22,18.0,18.7,17.5,18.3,729394
2021-04-25,18.3,18.5,18.0,18.1,377911
2021-04-26,18.0,18.0,17.6,17.7,230210
2021-04-27,17.7,17.7,17.2,17.3,315505
2021-04-28,17.3,17.8,17.1,17.6,226233
2021-04-29,17.9,17.9,17.4,17.5,269061
2021-05-02,17.6,18.0,17.5,17.8,577642
2021-05-03,18.0,18.5,18.0,18.1,731226
2021-05-04,18.0,18.8,17.9,18.6,1322510
2021-05-06,18.1,18.1,17.5,17.8,1093158
2021-05-09,17.6,17.9,17.5,17.6,322834
2021-05-11,17.8,18.4,17.8,18.1,588896
2021-05-12,17.9,18.4,17.9,18.0,497611
2021-05-16,18.0,18.3,17.9,18.0,738764
2021-05-17,18.1,18.6,18.0,18.4,1107048
2021-05-18,18.7,18.7,17.8,18.0,631619
2021-05-19,18.0,19.2,18.0,18.9,1261667
2021-05-20,19.2,19.6,18.3,18.5,960602
2021-05-23,18.4,18.5,18.0,18.1,416564
2021-05-24,18.4,19.2,18.4,19.0,1012294
2021-05-25,19.5,20.9,19.2,20.8,4361363
2021-05-27,22.2,22.2,20.5,20.8,3246440
2021-05-30,20.8,22.3,20.5,21.8,7018472
2021-05-31,22.2,22.2,20.8,21.1,3025756
2021-06-01,21.4,21.5,20.2,20.3,2298583
2021-06-02,20.4,22.3,20.1,22.1,5928023
2021-06-03,22.8,23.3,22.3,22.6,5484398
2021-06-06,22.5,22.5,21.0,21.2,3052056
2021-06-07,21.7,22.4,20.7,21.0,3101353
2021-06-08,21.0,23.1,21.0,23.1,7402680
2021-06-09,25.4,25.4,24.7,25.4,16903276
2021-06-10,26.5,27.7,24.8,25.8,10707152
2021-06-13,25.9,25.9,23.9,24.1,5052605
2021-06-14,24.1,25.7,23.7,24.7,6594462
2021-06-15,24.9,25.3,24.2,24.5,5470112
2021-06-16,24.8,24.8,23.3,23.5,4626889
2021-06-17,23.5,24.4,23.2,23.5,3032337
2021-06-20,23.7,24.0,23.4,23.8,1859550
2021-06-21,23.8,24.8,23.8,24.1,3776426
2021-06-22,24.6,24.6,23.4,23.5,3193613
2021-06-23,23.7,24.7,23.5,23.7,4153817
2021-06-24,23.8,24.1,23.3,23.5,2519803
2021-06-27,23.3,23.5,22.0,22.2,2416883
2021-06-28,22.8,22.9,21.8,22.0,1260148
2021-06-29,22.1,23.1,22.1,22.2,2321439
2021-06-30,22.4,23.1,22.3,22.9,1692176
2021-07-05,23.2,24.4,22.9,24.2,3468523
2021-07-06,24.5,26.5,24.5,25.5,7477917
2021-07-07,25.8,25.9,24.3,24.5,3551381
2021-07-08,24.4,24.7,23.6,24.0,1896898
2021-07-12,24.0,24.9,23.5,24.3,1533128
2021-07-13,24.2,24.8,24.2,24.4,1966257
2021-07-14,24.6,24.6,24.0,24.1,2032005
2021-07-15,24.3,24.4,24.0,24.2,1755458
2021-07-18,24.3,24.6,23.8,23.9,1819117
2021-07-19,24.2,24.2,23.8,24.1,1168865
2021-07-25,24.3,24.3,23.8,23.9,856552
2021-07-26,24.0,24.0,23.4,23.5,1057272
2021-07-27,23.5,23.7,23.2,23.4,815077
2021-07-28,23.4,23.7,23.4,23.6,816657
2021-07-29,23.3,24.0,23.2,23.3,993336
2021-08-02,23.5,24.2,23.2,24.1,2236041
2021-08-03,24.3,24.8,24.2,24.2,3553039
2021-08-05,24.4,24.4,23.8,23.9,2055153
2021-08-09,23.9,24.3,23.4,23.7,2622927
2021-08-10,23.9,26.0,23.9,26.0,16480957
2021-08-11,28.6,28.6,27.9,28.6,16331761
2021-08-12,29.1,29.9,28.2,29.4,11626674
2021-08-16,29.8,31.9,28.7,30.7,16463240
2021-08-17,30.9,30.9,28.9,29.2,7584485
2021-08-18,29.3,29.6,28.5,28.7,5840636
2021-08-19,28.8,29.0,28.2,28.8,2774363
2021-08-22,29.1,29.9,28.9,29.6,3828059
2021-08-23,29.8,30.0,28.5,28.8,4219415
2021-08-24,28.9,30.7,28.8,30.0,7751769
2021-08-25,30.4,33.0,30.0,32.8,26546017
2021-08-26,33.3,34.4,32.2,32.5,10568782
2021-08-29,32.5,32.5,29.9,30.5,8950839
2021-08-31,30.5,31.8,30.4,31.5,5723245
2021-09-01,31.6,32.4,31.0,31.1,5389932
2021-09-02,31.1,32.1,31.0,31.4,6127510
2021-09-05,31.5,32.7,31.5,31.9,6521977
2021-09-06,32.3,32.5,31.1,31.4,5148388
2021-09-07,31.6,32.1,30.8,31.1,4449565
2021-09-08,31.2,31.6,30.9,31.1,4097872
2021-09-09,31.3,32.1,31.0,31.5,4848975
2021-09-12,31.8,32.6,31.1,31.3,3958826
2021-09-13,31.3,31.9,31.2,31.5,2824144
2021-09-14,32.0,33.1,31.8,32.2,10622184
2021-09-15,32.7,35.2,32.7,34.5,15223550
2021-09-16,34.6,35.4,34.0,34.3,9740493
2021-09-19,34.3,35.2,33.6,33.8,9106710
2021-09-20,33.9,34.4,32.4,32.8,6163412
2021-09-21,32.9,33.9,32.8,33.1,5029926
2021-09-22,33.5,33.7,32.6,32.7,4813091
2021-09-23,32.8,33.4,32.6,33.0,4127339
2021-09-26,33.6,34.1,33.0,33.2,5449848
2021-09-27,33.3,33.8,33.0,33.4,4163107
2021-09-28,33.8,33.8,33.1,33.5,4411449
2021-09-29,33.7,34.5,33.3,33.5,5702240
2021-09-30,33.9,34.2,33.5,34.0,4192355
2021-10-03,34.4,34.8,33.6,33.8,5128923
2021-10-04,33.9,33.9,31.0,31.9,4349757
2021-10-05,32.2,32.7,31.1,31.4,3101210
2021-10-06,31.8,32.3,30.7,31.0,3303969
2021-10-07,31.1,31.9,30.9,31.2,1992526
2021-10-10,31.7,31.9,31.2,31.3,1701802
2021-10-11,31.5,31.5,30.3,30.6,1481787
2021-10-12,30.8,30.9,29.8,30.4,1536362
2021-10-13,30.5,32.5,30.5,31.0,1812454
2021-10-14,31.3,31.3,30.5,30.7,902374
2021-10-17,31.0,31.1,29.6,29.8,1135027
2021-10-18,29.8,29.8,28.6,28.8,1255856
2021-10-19,29.5,29.7,27.1,27.5,1136135
2021-10-21,28.3,28.5,26.9,27.4,977206
2021-10-24,27.5,27.7,26.1,26.3,856941
2021-10-25,25.8,25.8,23.9,24.1,2138529
2021-10-26,24.5,26.5,23.9,26.4,1723484
2021-10-27,26.4,26.7,25.4,26.0,1198742
2021-10-28,25.6,27.4,25.5,27.0,1912949
2021-10-31,27.1,27.5,26.7,27.1,1445917
2021-11-01,27.0,27.3,26.3,26.5,541579
2021-11-02,27.0,27.2,26.1,26.2,741241
2021-11-03,26.4,26.5,25.5,25.6,627076
2021-11-04,25.8,25.8,25.4,25.5,473417
2021-11-07,25.6,26.0,24.2,24.5,627322
2021-11-08,24.7,24.9,23.7,24.1,596143
2021-11-09,24.8,25.1,24.0,24.7,655086
2021-11-10,24.8,27.1,24.7,27.1,2731253
2021-11-11,27.3,28.4,26.9,27.2,1964651
2021-11-14,27.0,27.0,26.0,26.1,801406
2021-11-15,26.0,26.7,25.9,26.5,974682
2021-11-16,27.0,28.3,26.9,28.1,1970203
2021-11-17,28.5,28.9,27.0,27.4,2237519
2021-11-18,27.5,28.2,27.4,28.0,1167591
2021-11-21,28.3,29.3,28.2,28.5,2300457
2021-11-22,28.7,28.7,27.6,27.8,820435
2021-11-23,27.8,28.0,27.2,27.3,1848018
2021-11-24,27.8,27.8,26.5,26.6,729808
2021-11-25,26.6,27.2,26.1,26.4,396075
2021-11-28,26.5,26.8,25.9,26.2,615367
2021-11-29,26.2,27.1,26.1,26.9,554763
2021-11-30,27.3,27.3,26.2,26.4,436686
2021-12-01,27.0,27.7,26.9,27.1,735717
2021-12-02,26.4,27.9,26.4,27.4,1038229
2021-12-05,27.7,27.9,27.4,27.6,750837
2021-12-06,27.2,27.8,27.2,27.6,426297
2021-12-07,28.0,29.3,27.6,29.0,2508243
2021-12-08,28.5,29.2,27.5,27.7,1812171
2021-12-09,28.4,28.4,27.6,27.9,694724
2021-12-12,28.0,28.2,25.9,26.6,1014182
2021-12-13,26.8,27.7,26.5,27.4,803083
2021-12-14,27.2,27.8,26.7,26.8,837684
2021-12-15,26.9,27.0,26.6,26.8,341728
2021-12-19,26.7,26.7,26.1,26.2,376891
2021-12-20,26.3,26.6,25.8,26.0,623705
2021-12-21,26.3,26.5,26.1,26.2,396737
2021-12-22,26.4,26.8,26.1,26.4,980748
2021-12-23,26.4,26.4,25.8,26.0,513892
2021-12-26,26.1,26.1,25.0,25.2,445362
2021-12-27,25.5,25.8,25.2,25.5,326226
2021-12-28,25.6,27.0,25.4,26.8,719845
2021-12-29,26.7,26.8,26.0,26.1,565072
2021-12-30,26.2,26.5,25.9,26.0,555482
2022-01-02,26.6,27.2,26.2,27.0,769359
2022-01-03,27.0,27.3,26.3,26.5,701294
2022-01-04,26.5,26.8,26.2,26.4,497745
2022-01-05,26.9,28.0,26.7,27.3,1587927
2022-01-06,27.5,27.8,27.0,27.1,714844
2022-01-09,27.1,27.2,26.6,26.7,575214
2022-01-10,26.9,27.0,26.5,26.8,662366
2022-01-11,27.0,27.8,26.7,26.8,1770638
2022-01-12,27.0,27.3,26.1,26.3,1864567
2022-01-13,26.5,26.9,25.8,26.0,1049187
2022-01-16,26.2,26.5,25.8,26.3,837459
2022-01-17,26.6,26.8,26.0,26.4,857819
2022-01-18,26.7,27.2,26.4,26.5,1219020
2022-01-19,26.6,26.6,26.3,26.4,669558
2022-01-20,26.6,26.7,26.3,26.5,435074
2022-01-23,26.5,26.7,26.2,26.3,554821
2022-01-24,26.2,26.4,25.8,25.9,514089
2022-01-25,26.0,26.1,25.7,25.8,620335
2022-01-26,25.7,26.5,25.7,26.1,787885
2022-01-27,26.2,26.5,26.1,26.4,561992
2022-01-30,26.4,26.4,25.6,25.8,824136
2022-01-31,25.7,26.1,25.7,26.0,549297
2022-02-01,26.2,26.4,25.9,26.0,562837
2022-02-02,26.2,26.3,26.0,26.2,406189
2022-02-03,26.2,26.6,26.0,26.4,527051
2022-02-06,26.6,27.0,26.2,26.7,944637
2022-02-07,26.7,27.1,26.5,26.6,554722
2022-02-08,26.7,28.0,26.7,27.2,2978125
2022-02-09,27.4,27.6,27.0,27.4,746990
2022-02-10,27.3,27.5,26.9,27.0,1031665
2022-02-13,27.0,27.4,26.5,26.7,580444
2022-02-14,27.1,27.1,26.4,26.5,427263
2022-02-15,26.4,26.6,26.0,26.1,398048
2022-02-16,26.5,26.5,26.0,26.1,390092
2022-02-17,26.0,26.0,25.3,25.5,757108
2022-02-20,25.3,25.3,24.8,24.9,443215
2022-02-22,24.9,25.7,24.8,25.3,482630
2022-02-23,25.5,25.6,25.1,25.3,205295
2022-02-24,25.1,25.4,24.4,24.5,393777
2022-02-27,24.3,24.3,23.5,23.6,407474
2022-02-28,24.0,24.5,23.4,23.9,288294
2022-03-01,24.2,24.4,23.6,23.9,335104
2022-03-02,23.9,24.1,23.2,23.5,298910
2022-03-03,23.6,23.6,23.1,23.3,109774
2022-03-06,23.8,23.8,23.3,23.3,128290
2022-03-07,23.1,23.5,22.4,22.5,684717
2022-03-08,22.5,22.8,21.6,22.5,237342
2022-03-09,23.9,23.9,22.8,23.6,269593
2022-03-10,23.8,24.1,23.4,23.9,459195
2022-03-13,24.4,25.0,24.0,24.8,399842
2022-03-14,24.8,25.0,24.4,24.4,505848
2022-03-15,24.5,24.7,24.1,24.2,356891
2022-03-16,24.3,24.4,23.9,24.0,198031
2022-03-20,24.0,24.0,23.6,23.6,263714
2022-03-21,23.2,23.7,23.2,23.3,899040
2022-03-22,23.6,23.8,23.3,23.6,183432
2022-03-23,23.9,23.9,23.2,23.2,351454
2022-03-24,23.1,23.1,22.8,22.9,431060
2022-03-27,23.2,23.2,22.6,22.6,255538
2022-03-28,22.6,22.8,22.3,22.4,385606
2022-03-29,22.4,22.7,22.1,22.5,521282
2022-03-30,22.8,22.8,22.1,22.3,395396
2022-03-31,22.3,22.7,22.1,22.5,331371
2022-04-03,22.7,24.1,22.6,23.9,1413140
2022-04-04,23.7,24.0,23.5,23.5,408476
2022-04-05,23.2,23.4,23.1,23.3,361709
2022-04-06,23.1,23.3,22.9,22.9,176156
2022-04-07,22.6,22.8,22.5,22.6,221697
2022-04-10,22.5,22.8,22.4,22.6,244585
2022-04-11,23.1,23.4,22.6,22.7,261253
2022-04-12,22.5,22.7,22.3,22.3,202244
2022-04-13,22.0,23.0,21.9,22.2,274470
2022-04-17,22.0,22.3,21.8,21.8,210124
2022-04-18,21.8,21.9,21.4,21.4,105107
2022-04-19,21.0,22.0,21.0,21.7,167940
2022-04-20,22.1,22.1,21.4,21.9,179399
2022-04-21,22.3,23.1,22.1,22.9,444126
2022-04-24,22.9,23.8,22.9,23.4,647529
2022-04-25,23.0,23.4,22.9,23.3,499536
2022-04-26,23.4,23.4,22.9,23.2,326448
2022-04-27,23.3,23.4,23.0,23.1,255700
2022-04-28,23.0,23.2,22.3,22.7,189004
2022-05-05,22.6,23.1,22.4,22.6,149989
2022-05-08,22.5,23.0,22.3,22.7,427158
2022-05-09,22.7,23.8,22.6,23.6,1670488
2022-05-10,23.7,24.0,23.1,23.4,889284
2022-05-11,23.2,23.7,23.1,23.5,1074729
2022-05-12,23.5,23.5,23.1,23.3,364430
2022-05-16,23.2,23.5,22.6,22.7,527432
2022-05-17,23.0,23.0,22.1,22.3,344101
2022-05-18,22.4,22.7,21.6,22.0,269446
2022-05-19,21.9,22.1,21.0,21.5,317726
2022-05-22,21.0,21.4,20.5,20.7,374386
2022-05-23,22.3,22.4,21.3,21.5,315507
2022-05-24,21.6,22.0,21.3,21.5,285068
2022-05-25,22.2,22.2,21.3,21.8,425641
2022-05-26,21.7,22.7,21.7,22.6,291500
2022-05-29,22.3,23.9,22.3,23.7,615722
2022-05-30,24.5,24.5,23.5,23.6,1404505
2022-06-01,23.2,23.4,23.2,23.2,1262376
2022-06-02,23.2,23.2,22.9,23.0,782227
2022-06-05,23.0,23.0,22.6,22.6,820302
2022-06-06,22.5,23.4,22.5,22.7,764878
2022-06-07,24.9,24.9,22.7,23.1,592782
2022-06-08,23.1,23.8,23.0,23.3,1535487
2022-06-09,23.3,23.8,23.1,23.2,718409
2022-06-12,23.0,23.2,22.8,22.8,776700
2022-06-13,23.0,23.0,22.4,22.7,366686
2022-06-14,22.9,22.9,22.3,22.4,630469
2022-06-15,22.6,23.2,22.2,22.5,536335
2022-06-16,22.8,22.9,22.4,22.7,337391
2022-06-19,22.8,22.9,22.3,22.4,204984
2022-06-20,22.3,22.3,22.0,22.0,412143
2022-06-21,24.2,24.2,21.6,21.8,522314
2022-06-22,21.6,22.0,21.6,21.7,79480
2022-06-23,21.7,22.0,21.6,21.8,101033
2022-06-26,22.0,22.6,21.4,21.5,147774
2022-06-27,21.3,21.8,21.3,21.6,105897
2022-06-28,21.5,22.0,21.5,21.6,348291
2022-06-29,22.1,22.1,21.4,21.6,279623
2022-06-30,21.8,22.1,21.6,21.8,435583
2022-07-03,21.6,22.0,21.6,21.7,243967
2022-07-04,21.8,21.9,21.5,21.6,208377
2022-07-05,22.4,22.4,21.6,21.8,458206
2022-07-06,22.4,22.4,21.6,21.7,176632
2022-07-07,21.8,22.0,21.7,22.0,257289
2022-07-12,22.3,22.3,21.6,21.7,135072
2022-07-13,22.0,22.0,21.5,21.5,167593
2022-07-14,21.6,21.7,21.1,21.2,195360
2022-07-17,21.6,21.6,20.8,20.9,233666
2022-07-18,20.7,21.1,20.5,20.6,238975
2022-07-19,20.6,20.6,20.2,20.2,189365
2022-07-20,19.9,20.8,19.8,20.3,180107
2022-07-21,20.8,21.3,19.9,20.0,223194
2022-07-24,20.5,20.5,19.6,19.7,171253
2022-07-25,20.7,20.7,19.4,19.7,290533
2022-07-26,20.6,20.9,20.1,20.2,209468
2022-07-27,20.6,20.6,19.8,19.8,297634
2022-07-28,19.5,19.7,19.5,19.5,195260
2022-07-31,20.5,20.5,19.7,20.2,301583
2022-08-01,20.2,20.7,20.1,20.4,199741
2022-08-02,20.9,21.2,20.3,20.9,531691
2022-08-03,21.4,22.5,21.2,21.9,1530227
2022-08-04,22.2,22.5,21.5,22.4,734364
2022-08-07,22.4,22.8,21.9,22.4,913920
2022-08-08,22.5,22.5,21.0,21.4,569785
2022-08-10,21.8,21.8,20.6,20.8,273432
2022-08-11,21.1,21.1,20.3,20.4,244587
2022-08-14,21.3,21.3,20.2,20.4,401439
2022-08-16,20.9,21.5,20.6,21.1,706871
2022-08-17,21.6,21.6,20.7,20.8,512694
2022-08-21,21.8,21.9,20.8,20.9,407837
2022-08-22,21.7,21.7,20.8,20.8,552617
2022-08-23,21.9,21.9,20.8,21.1,633250
2022-08-24,21.0,21.6,20.5,20.7,588348
2022-08-25,21.2,22.7,21.1,22.2,2534722
2022-08-28,22.9,23.5,22.4,22.5,2534879
2022-08-29,22.8,22.8,22.1,22.2,960168
2022-08-30,22.6,23.6,22.2,23.5,2890986
2022-08-31,24.1,24.1,23.0,23.1,1285771
2022-09-01,23.8,23.8,22.8,22.9,1122868
2022-09-04,23.2,23.6,22.6,22.7,1381368
2022-09-05,22.5,23.4,22.2,22.4,723794
2022-09-06,23.2,23.3,22.1,22.3,475335
2022-09-07,22.5,22.7,21.9,22.0,1002621
2022-09-08,22.7,22.7,21.6,21.9,522453
2022-09-11,22.0,22.0,21.0,21.1,911516
2022-09-12,21.5,21.9,20.3,21.7,590750
2022-09-13,21.6,21.9,21.6,21.7,500599
2022-09-14,21.6,21.9,21.2,21.3,594663
2022-09-15,21.3,21.3,20.7,20.8,733892
2022-09-18,22.7,22.8,20.4,20.5,627477
2022-09-19,20.6,20.7,20.1,20.2,965458
2022-09-20,20.3,20.8,19.9,20.5,992748
2022-09-21,20.5,20.7,19.7,19.9,1012162
2022-09-22,20.3,20.3,19.8,20.0,707163
2022-09-25,20.3,20.3,19.7,19.8,640173
2022-09-26,20.0,20.0,19.7,19.9,529382
2022-09-27,19.7,20.0,19.7,19.7,457261
2022-09-28,19.7,19.9,19.7,19.7,456544
2022-09-29,19.7,19.8,19.7,19.7,369354
2022-10-02,19.7,20.4,19.7,20.1,927316
2022-10-03,20.3,20.4,20.0,20.0,454024
2022-10-04,20.1,20.8,19.9,20.6,1209740
2022-10-06,20.9,21.2,20.3,20.9,1363897
2022-10-10,21.1,21.3,20.0,20.2,882439
2022-10-11,20.0,20.6,19.7,19.8,1590465
2022-10-12,19.8,20.3,19.8,20.0,499095
2022-10-13,20.0,20.3,19.9,19.9,345505
2022-10-16,19.8,20.1,19.7,19.8,362643
2022-10-17,19.8,19.8,19.7,19.7,1104703
2022-10-18,19.7,19.9,19.7,19.7,344005
2022-10-19,19.7,19.7,19.7,19.7,82534
2022-10-20,19.7,19.7,19.7,19.7,39523
2022-10-23,19.7,19.7,19.7,19.7,14128
2022-10-24,19.7,19.7,19.7,19.7,15456
2022-10-25,19.7,19.7,19.7,19.7,19410
2022-10-26,19.7,19.7,19.7,19.7,15015
2022-10-27,19.7,19.7,19.7,19.7,4240
2022-10-30,19.7,19.7,19.7,19.7,114587
2022-10-31,19.7,19.7,19.7,19.7,7731
2022-11-01,19.7,19.7,19.7,19.7,75466
2022-11-02,19.7,19.7,19.7,19.7,20488
2022-11-03,19.7,19.7,19.7,19.7,11569
2022-11-06,19.7,19.7,19.7,19.7,30777
2022-11-07,19.7,19.7,19.7,19.7,13086
2022-11-08,19.7,19.7,19.7,19.7,3188
2022-11-09,19.7,19.7,19.7,19.7,4720
2022-11-10,19.7,19.7,19.7,19.7,1223
2022-11-13,19.7,19.7,19.7,19.7,201
2022-11-14,19.7,19.7,19.7,19.7,3
2022-11-15,19.7,19.7,19.7,19.7,1
2022-11-16,19.7,19.7,19.7,19.7,500
2022-11-17,19.7,19.7,19.7,19.7,101
2022-11-20,19.7,19.7,19.7,19.7,5792
2022-11-21,19.7,19.7,19.7,19.7,2102
2022-11-22,19.7,19.7,19.7,19.7,1085
2022-11-23,19.7,19.7,19.7,19.7,546
2022-11-24,19.7,19.7,19.7,19.7,12075
2022-11-27,19.7,19.7,19.7,19.7,580
2022-11-28,19.7,19.7,19.7,19.7,1250
2022-11-29,19.7,19.7,19.7,19.7,10
2022-11-30,19.7,19.7,19.7,19.7,5510
2022-12-01,19.7,19.7,19.7,19.7,9600
2022-12-04,19.7,19.7,19.7,19.7,200
2022-12-05,19.7,19.7,19.7,19.7,1400
2022-12-06,19.7,19.7,19.7,19.7,1580
2022-12-07,19.7,19.7,19.7,19.7,30
2022-12-08,19.7,19.7,19.7,19.7,1200
2022-12-11,19.7,19.7,19.7,19.7,2001
2022-12-12,19.7,19.7,19.7,19.7,2300
2022-12-13,19.7,19.7,19.7,19.7,4202
2022-12-14,19.7,19.7,19.7,19.7,1106
2022-12-15,19.7,19.7,19.7,19.7,6211
2022-12-18,19.7,19.7,19.7,19.7,1206
2022-12-19,19.7,19.7,19.7,19.7,1256
2022-12-21,19.7,19.7,19.7,19.7,2050
2022-12-22,19.7,19.7,19.7,19.7,2
2022-12-26,19.7,19.7,19.7,19.7,12850
2022-12-27,19.7,19.7,19.7,19.7,10
2022-12-28,19.7,19.7,19.7,19.7,1001
2022-12-29,19.7,19.7,19.7,19.7,19109
2023-01-01,19.7,19.7,19.7,19.7,2
2023-01-02,19.7,19.7,19.7,19.7,4000
2023-01-03,19.7,19.7,19.7,19.7,221
2023-01-04,19.7,19.7,19.7,19.7,1
2023-01-05,19.7,19.7,19.7,19.7,2
2023-01-08,19.7,19.7,19.7,19.7,1602
2023-01-09,19.7,19.7,19.7,19.7,350
2023-01-11,19.7,19.7,19.7,19.7,72
2023-01-12,19.7,19.7,19.7,19.7,1042
2023-01-15,19.7,19.7,19.7,19.7,805
2023-01-16,19.7,19.7,19.7,19.7,2655
2023-01-17,19.7,19.7,19.7,19.7,2203
2023-01-18,19.7,20.0,19.7,19.8,3854508
2023-01-19,19.7,19.7,19.7,19.7,49670
2023-01-22,19.7,19.7,19.7,19.7,920140
2023-01-23,19.7,19.7,19.7,19.7,51457
2023-01-24,19.7,19.7,19.7,19.7,2108
2023-01-25,19.7,19.7,19.7,19.7,17050
2023-01-26,19.7,19.7,19.7,19.7,400
2023-01-29,19.7,19.7,19.7,19.7,50
2023-02-01,19.7,19.7,19.7,19.7,100
2023-02-02,19.7,19.7,19.7,19.7,51
2023-02-05,19.7,19.7,19.7,19.7,10613
2023-02-06,19.7,19.7,19.7,19.7,3357
2023-02-07,19.7,19.7,19.7,19.7,95
2023-02-08,19.7,19.7,19.7,19.7,245
2023-02-09,19.7,19.7,19.7,19.7,100
2023-02-12,19.7,19.7,19.7,19.7,784
2023-02-13,19.7,19.7,19.7,19.7,253
2023-02-14,19.7,19.7,19.7,19.7,5000
2023-02-15,19.7,19.7,19.7,19.7,200
2023-02-20,19.7,19.7,19.7,19.7,21
2023-02-26,19.7,19.7,19.7,19.7,4
2023-03-01,19.7,19.7,19.7,19.7,1
2023-03-02,19.7,19.7,19.7,19.7,304
2023-03-06,19.7,19.7,19.7,19.7,2505
2023-03-09,19.7,19.7,19.7,19.7,23
2023-03-12,19.7,19.7,19.7,19.7,4
2023-03-13,19.7,19.7,19.7,19.7,106
2023-03-14,19.7,19.7,19.7,19.7,6
2023-03-15,19.7,19.7,19.7,19.7,3
2023-03-16,19.7,19.7,19.7,19.7,53
2023-03-20,19.7,19.7,19.7,19.7,4
2023-03-21,19.7,19.7,19.7,19.7,20
2023-03-22,19.7,19.7,19.7,19.7,1
2023-03-23,19.7,19.7,19.7,19.7,7
2023-03-28,19.7,19.7,19.7,19.7,17
2023-03-29,19.7,19.7,19.7,19.7,3
2023-03-30,19.7,19.7,19.7,19.7,6
2023-04-02,19.7,19.7,19.7,19.7,6
2023-04-03,19.7,19.7,19.7,19.7,6
2023-04-04,19.7,19.7,19.7,19.7,9
2023-04-05,19.7,19.7,19.7,19.7,106
2023-04-06,19.7,19.7,19.7,19.7,186
2023-04-09,19.7,19.7,19.7,19.7,306
2023-04-10,19.7,19.7,19.7,19.7,706
2023-04-11,19.7,19.7,19.7,19.7,3
2023-04-12,19.7,19.7,19.7,19.7,1
2023-04-13,19.7,19.7,19.7,19.7,204
2023-04-16,19.7,19.7,19.7,19.7,103
2023-04-18,19.7,19.7,19.7,19.7,5600
2023-04-24,19.7,19.7,19.7,19.7,1103
2023-04-25,19.7,19.7,19.7,19.7,128
2023-04-26,19.7,19.7,19.7,19.7,66568
2023-04-27,19.7,19.7,19.7,19.7,256
2023-04-30,19.7,19.7,19.7,19.7,1306
2023-05-02,19.7,19.7,19.7,19.7,606
2023-05-03,19.7,19.7,19.7,19.7,1506
2023-05-07,19.7,19.7,19.7,19.7,39
2023-05-08,19.7,19.7,19.7,19.7,1206
2023-05-09,19.7,19.7,19.7,19.7,6160
2023-05-10,19.7,19.7,19.7,19.7,284
2023-05-11,19.7,19.7,19.7,19.7,14
2023-05-14,19.7,19.7,19.7,19.7,219
2023-05-15,19.7,19.7,19.7,19.7,150
2023-05-16,19.7,19.7,19.7,19.7,610
2023-05-17,19.7,19.7,19.7,19.7,64
2023-05-18,19.7,19.7,19.7,19.7,700
2023-05-21,19.7,19.7,19.7,19.7,1159
2023-05-22,19.7,19.7,19.7,19.7,4
2023-05-23,19.7,19.7,19.7,19.7,2711
2023-05-24,19.7,19.7,19.7,19.7,1100
2023-05-25,19.7,19.7,19.7,19.7,4460
2023-05-28,19.7,19.7,19.7,19.7,340
2023-05-29,19.7,19.7,19.7,19.7,44582
2023-05-30,19.7,19.7,19.7,19.7,4300
2023-05-31,19.7,19.7,19.7,19.7,7968
2023-06-04,19.7,19.7,19.7,19.7,6
2023-06-05,19.7,19.7,19.7,19.7,303
2023-06-06,19.7,19.7,19.7,19.7,2307
2023-06-07,19.7,19.7,19.7,19.7,1099
2023-06-08,19.7,19.7,19.7,19.7,500
2023-06-12,19.7,19.7,19.7,19.7,161
2023-06-13,19.7,19.7,19.7,19.7,2003
2023-06-14,19.7,19.7,19.7,19.7,13
2023-06-15,19.7,19.7,19.7,19.7,203
2023-06-18,19.7,19.7,19.7,19.7,78
2023-06-19,19.7,19.7,19.7,19.7,3
2023-06-20,19.7,19.7,19.7,19.7,6
2023-06-21,19.7,19.7,19.7,19.7,1373
2023-06-22,19.7,19.7,19.7,19.7,1738
2023-06-26,19.7,19.7,19.7,19.7,15
2023-07-02,19.7,19.7,19.7,19.7,25
2023-07-03,19.7,19.7,19.7,19.7,1000
2023-07-04,19.7,19.7,19.7,19.7,30
2023-07-05,19.7,19.7,19.7,19.7,3050
2023-07-09,19.7,19.7,19.7,19.7,1206
2023-07-10,19.7,19.7,19.7,19.7,7613
2023-07-11,19.7,19.7,19.7,19.7,5000
2023-07-12,19.7,19.7,19.7,19.7,427
2023-07-13,19.7,19.7,19.7,19.7,2006
2023-07-16,19.7,19.7,19.7,19.7,293
2023-07-17,19.7,19.7,19.7,19.7,1360
2023-07-18,19.7,19.7,19.7,19.7,3150
2023-07-19,19.7,19.7,19.7,19.7,378
2023-07-20,19.7,19.7,19.7,19.7,50
2023-07-23,19.7,19.7,19.7,19.7,8003
2023-07-24,19.7,19.7,19.7,19.7,186
2023-07-25,19.7,19.7,19.7,19.7,3
2023-07-27,19.7,19.7,19.7,19.7,1500
2023-08-02,19.7,19.7,19.7,19.7,2000
2023-08-08,19.7,19.7,19.7,19.7,2300
2023-08-09,19.7,19.7,19.7,19.7,1500
2023-08-10,19.7,19.7,19.7,19.7,303
2023-08-14,19.7,19.7,19.7,19.7,4
2023-08-20,19.7,19.7,19.7,19.7,1503
2023-08-21,19.7,19.7,19.7,19.7,503
2023-08-23,19.7,19.7,19.7,19.7,373709
2023-08-24,19.7,19.7,19.7,19.7,9
2023-08-27,19.7,19.7,19.7,19.7,100
2023-08-28,19.7,19.7,19.7,19.7,394304
2023-08-29,19.7,19.7,19.7,19.7,78
2023-08-30,19.7,19.7,19.7,19.7,45
2023-09-05,19.7,19.7,19.7,19.7,503010
2023-09-07,19.7,19.7,19.7,19.7,20450
2023-09-12,19.7,19.7,19.7,19.7,16
2023-09-14,19.7,19.7,19.7,19.7,7
2023-09-18,19.7,19.7,19.7,19.7,3
2023-09-20,19.7,19.7,19.7,19.7,1
2023-09-21,19.7,19.7,19.7,19.7,10
2023-09-24,19.7,19.7,19.7,19.7,14
2023-09-25,19.7,19.7,19.7,19.7,10
2023-09-27,19.7,19.7,19.7,19.7,82
2023-10-02,19.7,19.7,19.7,19.7,1010
2023-10-03,19.7,19.7,19.7,19.7,20
2023-10-04,19.7,19.7,19.7,19.7,26
2023-10-15,19.7,19.7,19.7,19.7,28
2023-10-16,19.7,19.7,19.7,19.7,32
2023-10-17,19.7,19.7,19.7,19.7,11
2023-10-19,19.7,19.7,19.7,19.7,10
2023-10-22,19.7,19.7,19.7,19.7,3
2023-10-23,19.7,19.7,19.7,19.7,503
2023-10-25,19.7,19.7,19.7,19.7,32
2023-11-07,19.7,19.7,19.7,19.7,46
2023-11-08,19.7,19.7,19.7,19.7,224965
2023-11-09,19.7,19.7,19.7,19.7,119
2023-11-15,19.7,19.7,19.7,19.7,6
2023-11-16,19.7,19.7,19.7,19.7,6
2023-11-19,19.7,19.7,19.7,19.7,1
2023-11-20,19.7,19.7,19.7,19.7,1
2023-11-22,19.7,19.7,19.7,19.7,33
2023-11-23,19.7,19.7,19.7,19.7,4
2023-11-27,19.7,19.7,19.7,19.7,90000
2023-11-28,19.7,19.7,19.7,19.7,44
2023-12-03,19.7,19.7,19.7,19.7,3
2023-12-04,19.7,19.7,19.7,19.7,628960
2023-12-05,19.7,19.7,19.7,19.7,2
2023-12-06,19.7,19.7,19.7,19.7,1236620
2023-12-07,19.7,19.7,19.7,19.7,39252
2023-12-10,19.7,19.7,19.7,19.7,354
2023-12-11,19.7,19.7,19.7,19.7,5
2023-12-13,19.7,19.7,19.7,19.7,300
2023-12-14,19.7,19.7,19.7,19.7,1000
2023-12-17,19.7,19.7,19.7,19.7,306
2023-12-19,19.7,19.7,19.7,19.7,3
2023-12-20,19.7,19.7,19.7,19.7,3
2023-12-21,19.7,19.7,19.7,19.7,810
2023-12-24,19.7,19.7,19.7,19.7,1303
2023-12-26,19.7,19.7,19.7,19.7,10000
2023-12-27,19.7,19.7,19.7,19.7,401
2023-12-28,19.7,19.7,19.7,19.7,500
2024-01-02,19.7,19.7,19.7,19.7,3
2024-01-03,19.7,19.7,19.7,19.7,11
2024-01-04,19.7,19.7,19.7,19.7,14
2024-01-08,19.7,19.7,19.7,19.7,502
2024-01-09,19.7,19.7,19.7,19.7,5
2024-01-10,19.7,19.7,19.7,19.7,1190218
2024-01-11,19.7,19.7,19.7,19.7,84701
2024-01-14,19.7,19.7,19.7,19.7,1001
2024-01-15,19.7,19.7,19.7,19.7,13000
2024-01-16,19.7,19.7,19.7,19.7,534610
2024-01-17,19.7,19.7,19.7,19.7,3303
2024-01-18,19.7,19.7,19.7,19.7,747
2024-01-21,17.8,17.8,17.8,17.8,770804
2024-01-22,16.1,16.8,16.1,16.2,1405259
2024-01-23,16.0,17.2,15.7,16.7,473356
2024-01-24,16.7,16.8,15.5,15.9,404089
2024-01-25,15.9,16.0,14.9,15.1,373348
2024-01-28,16.1,16.1,13.6,13.7,591267
2024-01-29,14.0,14.3,13.2,13.7,282102
2024-01-30,15.0,15.0,13.6,13.8,331680
2024-01-31,13.8,14.1,13.4,13.6,183636
2024-02-01,13.6,14.5,13.3,13.7,1276618
2024-02-04,14.0,15.0,14.0,14.9,757774
2024-02-05,15.0,15.4,14.4,15.3,704793
2024-02-06,15.2,15.7,14.8,15.0,531481
2024-02-07,15.0,15.4,14.8,15.2,531987
2024-02-08,15.3,15.8,15.2,15.5,776472
2024-02-11,15.8,16.9,15.6,16.8,1256169
2024-02-12,17.1,17.2,16.0,16.2,662136
2024-02-13,16.4,16.9,15.8,16.0,694662
2024-02-14,16.3,16.4,15.8,15.8,354044
2024-02-15,15.7,15.8,15.2,15.3,190782
2024-02-18,15.0,15.2,14.4,14.5,262415
2024-02-19,14.9,15.0,14.5,14.8,192494
2024-02-20,14.8,15.1,14.3,14.6,160505
