Date,Open,High,Low,Close,Volume
2012-10-01,36.1,37.5,36.1,36.9,28500
2012-10-02,36.5,37.7,36.5,37.1,42500
2012-10-03,37.0,39.5,37.0,39.2,279000
2012-10-04,39.0,39.6,38.1,38.5,65000
2012-10-07,38.3,38.3,37.7,37.9,36500
2012-10-08,37.5,38.2,37.3,38.0,71500
2012-10-09,39.0,39.0,37.9,37.9,78500
2012-10-10,38.2,38.2,37.6,37.7,43500
2012-10-11,37.9,38.0,37.7,37.7,29000
2012-10-14,37.7,38.0,37.3,37.7,17500
2012-10-15,37.0,37.1,36.8,36.9,35500
2012-10-16,36.6,37.3,36.3,37.0,26500
2012-10-17,37.5,37.5,36.2,37.1,37500
2012-10-18,36.2,37.0,35.0,36.2,27500
2012-10-21,36.2,36.8,35.6,36.1,18500
2012-10-22,37.0,38.0,36.1,37.9,113000
2012-10-23,38.4,39.3,38.0,39.0,164500
2012-10-30,38.1,39.0,37.8,38.7,15000
2012-10-31,38.4,38.9,37.4,38.4,32000
2012-11-01,37.8,37.8,37.0,37.4,6500
2012-11-04,36.5,36.5,36.4,36.4,3500
2012-11-05,36.0,36.8,35.7,36.0,16000
2012-11-06,37.0,37.0,36.0,36.1,11000
2012-11-07,35.9,35.9,35.3,35.4,14500
2012-11-08,34.9,35.7,33.5,34.7,16000
2012-11-11,33.7,33.8,33.1,33.5,8500
2012-11-12,32.8,33.0,32.6,32.8,3000
2012-11-13,32.8,33.8,32.7,33.1,3000
2012-11-14,33.6,35.7,33.6,34.0,6000
2012-11-15,33.9,33.9,33.9,33.9,1000
2012-11-18,33.9,33.9,33.9,33.9,3000
2012-11-19,33.0,33.0,33.0,33.0,1500
2012-11-20,33.8,33.8,33.0,33.4,2000
2012-11-21,34.0,34.3,33.0,33.7,7500
2012-11-22,33.9,34.0,32.5,32.9,5000
2012-11-26,32.0,32.0,31.8,31.8,3000
2012-11-27,32.1,33.0,32.1,32.6,3000
2012-11-28,32.7,33.9,31.6,33.4,8500
2012-11-29,32.0,34.9,32.0,34.0,7500
2012-12-02,32.2,32.2,32.1,32.1,1000
2012-12-04,30.9,31.7,30.9,31.3,1000
2012-12-06,32.2,32.2,31.4,31.8,3500
2012-12-09,31.0,31.0,29.6,30.7,7500
2012-12-13,31.0,31.2,31.0,31.1,1000
2012-12-17,32.0,32.0,32.0,32.0,1500
2012-12-18,32.1,32.2,30.0,30.9,11000
2012-12-19,31.3,31.5,31.2,31.4,11000
2012-12-20,30.4,31.5,30.4,30.9,3000
2012-12-23,30.5,30.6,30.5,30.5,2500
2012-12-24,31.9,33.4,31.1,32.1,3500
2012-12-26,31.5,31.9,31.5,31.5,4500
2012-12-27,31.5,33.0,31.0,31.6,12500
2012-12-30,34.0,34.0,32.0,33.3,6000
2013-01-01,32.1,32.1,30.2,31.1,9000
2013-01-02,32.0,32.5,31.2,31.9,50000
2013-01-03,30.4,31.1,30.4,30.8,1500
2013-01-06,31.1,31.1,30.9,30.9,2500
2013-01-07,30.0,30.0,30.0,30.0,500
2013-01-08,30.2,30.6,30.2,30.4,1500
2013-01-09,30.7,30.7,30.7,30.7,3500
2013-01-13,31.0,31.3,31.0,31.1,4000
2013-01-14,30.7,30.7,30.7,30.7,1500
2013-01-15,30.2,31.0,30.2,30.6,1000
2013-01-16,30.9,31.0,30.5,30.9,7000
2013-01-17,31.0,31.0,30.5,30.7,5500
2013-01-20,30.4,30.6,30.2,30.3,6500
2013-01-21,30.0,30.2,30.0,30.0,5000
2013-01-22,30.8,30.8,30.8,30.8,500
2013-01-23,31.1,31.3,31.1,31.1,3000
2013-01-24,31.4,32.8,31.4,32.1,9500
2013-01-27,32.0,32.0,31.1,31.4,3500
2013-01-28,31.0,31.9,30.8,31.1,15000
2013-01-29,32.4,32.8,31.8,32.1,13500
2013-01-30,32.1,32.1,31.2,31.5,10000
2013-01-31,32.0,32.1,32.0,32.0,6000
2013-02-03,32.5,33.4,32.5,33.0,28500
2013-02-04,32.4,33.0,32.4,32.6,4500
2013-02-05,32.2,33.0,32.1,32.4,8500
2013-02-06,33.0,34.1,32.8,33.9,32500
2013-02-07,34.0,34.0,33.1,33.3,12000
2013-02-10,32.9,33.4,32.9,33.2,8500
2013-02-11,33.2,34.0,33.2,33.7,20000
2013-02-12,33.6,33.6,33.3,33.5,10500
2013-02-13,33.4,33.4,33.1,33.2,8500
2013-02-14,33.4,34.2,33.4,33.8,13500
2013-02-17,33.7,33.7,32.3,33.0,16000
2013-02-18,32.0,32.8,32.0,32.1,14500
2013-02-19,32.2,32.2,31.7,32.0,3000
2013-02-20,31.5,31.5,31.0,31.2,2000
2013-02-24,31.2,31.2,30.7,30.8,7500
2013-02-25,30.5,30.5,30.0,30.2,5000
2013-02-26,31.8,31.9,31.8,31.8,5500
2013-02-27,30.6,30.6,29.5,29.9,9000
2013-02-28,29.5,29.5,29.5,29.5,500
2013-03-03,29.6,29.6,27.5,29.0,5500
2013-03-04,29.5,30.7,29.5,29.9,1500
2013-03-05,30.0,30.0,29.5,29.6,1500
2013-03-06,29.9,30.5,28.8,30.0,6500
2013-03-07,29.5,30.5,29.5,29.8,7000
2013-03-11,29.0,30.0,29.0,29.8,5500
2013-03-12,28.1,28.1,28.1,28.1,1000
2013-03-13,29.1,30.0,29.1,29.1,8500
2013-03-14,28.8,29.5,28.8,29.2,4500
2013-03-18,28.1,29.4,28.1,28.5,8000
2013-03-19,29.5,29.8,29.5,29.5,10500
2013-03-24,28.5,28.5,28.5,28.5,3000
2013-03-25,28.6,28.6,28.0,28.3,6000
2013-03-27,27.5,27.5,27.1,27.2,2000
2013-03-28,27.3,28.5,27.3,28.0,6500
2013-03-31,28.0,28.0,28.0,28.0,500
2013-04-01,28.5,28.5,28.0,28.0,13500
2013-04-02,28.0,28.9,28.0,28.4,1000
2013-04-03,27.5,29.8,27.5,28.0,7000
2013-04-04,28.0,28.0,28.0,28.0,500
2013-04-07,27.0,28.9,27.0,28.0,13500
2013-04-08,28.3,28.3,28.3,28.3,1000
2013-04-09,28.6,28.6,28.6,28.6,1000
2013-04-10,28.0,28.5,27.7,28.0,14000
2013-04-11,28.1,28.1,27.5,27.9,7000
2013-04-15,27.8,27.8,27.6,27.7,1500
2013-04-16,27.5,27.5,27.0,27.1,5500
2013-04-17,27.2,27.3,26.6,27.1,16500
2013-04-18,26.9,26.9,26.9,26.9,500
2013-04-21,26.1,26.3,26.1,26.1,3500
2013-04-22,25.6,25.6,25.6,25.6,500
2013-04-23,25.7,26.7,25.7,26.0,8500
2013-04-28,25.0,25.0,24.4,24.8,2000
2013-04-29,24.1,24.1,24.1,24.1,1000
2013-04-30,24.2,25.9,24.2,24.9,2500
2013-05-02,25.0,26.1,25.0,25.7,8000
2013-05-05,26.0,26.0,25.5,25.8,64500
2013-05-06,26.5,26.5,25.5,26.1,10500
2013-05-07,26.1,26.7,26.1,26.3,30000
2013-05-09,22.7,25.0,22.7,24.8,30000
2013-05-12,26.0,26.2,24.8,25.7,22000
2013-05-13,25.5,26.1,25.1,25.8,8000
2013-05-14,25.8,28.0,25.8,27.9,30500
2013-05-15,27.3,27.8,27.0,27.4,22000
2013-05-16,29.8,30.1,29.8,30.0,63000
2013-05-19,30.7,31.5,30.5,30.8,42000
2013-05-20,30.0,32.5,30.0,31.1,32000
2013-05-21,30.1,31.0,30.1,30.7,29500
2013-05-22,30.5,30.5,29.0,30.2,5500
2013-05-26,30.5,31.0,28.2,30.7,53000
2013-05-27,30.9,30.9,29.7,29.9,92000
2013-05-28,29.9,30.4,28.6,30.2,51500
2013-05-29,29.1,30.0,29.1,29.6,19500
2013-05-30,29.4,30.3,29.4,29.6,6500
2013-06-02,29.7,30.0,29.3,29.6,35500
2013-06-03,29.8,29.8,29.1,29.3,15000
2013-06-04,28.6,28.6,28.3,28.4,13500
2013-06-05,28.2,29.9,28.2,29.5,16500
2013-06-06,29.4,29.4,27.8,28.8,14500
2013-06-09,26.2,27.1,26.2,26.6,1000
2013-06-10,27.0,28.5,27.0,27.7,4500
2013-06-11,29.0,30.0,29.0,29.0,78500
2013-06-12,30.5,30.6,29.3,30.3,61500
2013-06-13,29.9,31.0,29.0,30.2,93500
2013-06-16,30.0,32.0,30.0,31.4,66500
2013-06-17,30.1,30.6,29.8,30.0,35500
2013-06-18,29.3,30.2,28.6,28.9,15500
2013-06-19,28.5,29.6,28.5,29.0,17000
2013-06-20,28.0,30.0,28.0,28.8,16000
2013-06-23,29.0,29.0,28.5,28.8,24000
2013-06-24,28.0,28.2,28.0,28.1,3000
2013-06-26,28.6,28.8,28.2,28.3,16500
2013-06-27,26.5,27.6,26.5,26.9,6500
2013-06-30,27.0,27.0,26.5,26.8,5000
2013-07-02,27.5,28.4,27.5,28.0,6000
2013-07-03,28.4,29.0,28.4,28.7,15000
2013-07-04,29.0,30.6,28.8,30.1,23000
2013-07-07,30.8,32.2,29.4,30.8,74500
2013-07-08,31.4,31.4,29.5,30.7,82500
2013-07-09,30.5,31.8,30.5,30.9,15500
2013-07-10,30.1,30.9,30.0,30.2,5000
2013-07-11,31.7,31.7,29.2,31.4,56000
2013-07-14,29.3,29.3,29.1,29.1,14500
2013-07-15,29.0,29.0,29.0,29.0,12500
2013-07-16,28.7,29.2,28.5,28.8,13500
2013-07-17,28.2,30.0,28.2,28.8,12000
2013-07-18,28.3,29.0,28.3,28.6,5000
2013-07-21,28.2,28.2,27.2,27.6,5500
2013-07-22,27.7,27.7,27.7,27.7,500
2013-07-23,28.9,29.0,27.8,28.6,70000
2013-07-24,27.5,28.7,27.5,28.3,7500
2013-07-25,29.0,29.0,26.5,28.7,28000
2013-07-28,26.1,26.1,25.9,25.9,10000
2013-07-29,26.1,26.3,26.1,26.2,2500
2013-07-30,27.9,27.9,26.4,27.3,2500
2013-07-31,25.7,26.2,25.7,26.0,9000
2013-08-01,28.0,28.0,25.7,26.2,6500
2013-08-04,26.0,26.0,25.6,25.8,1500
2013-08-05,25.9,26.7,25.9,26.2,3000
2013-08-12,26.1,26.1,26.0,26.0,2000
2013-08-13,26.0,26.0,26.0,26.0,1500
2013-08-14,25.2,25.8,25.2,25.7,6500
2013-08-18,25.2,27.3,25.1,26.3,7500
2013-08-19,26.2,27.1,26.2,26.4,5000
2013-08-20,26.7,26.7,26.6,26.6,3500
2013-08-21,26.5,27.0,26.2,26.4,9000
2013-08-22,26.5,27.6,26.5,26.8,6000
2013-08-25,26.5,29.0,26.5,27.7,10000
2013-08-26,27.9,28.1,27.9,28.0,14500
2013-08-27,28.1,28.2,28.1,28.1,1500
2013-08-29,28.0,28.0,26.7,27.5,4000
2013-09-01,26.8,26.8,26.8,26.8,500
2013-09-02,26.9,26.9,26.8,26.8,6500
2013-09-03,27.1,27.3,27.1,27.2,2000
2013-09-04,26.8,28.7,26.8,27.7,4500
2013-09-05,27.3,27.5,27.3,27.4,11000
2013-09-08,26.8,26.8,26.6,26.7,6000
2013-09-09,26.8,27.2,26.6,26.9,10500
2013-09-10,27.2,27.5,26.8,26.9,12000
2013-09-11,27.5,27.8,26.5,27.1,12000
2013-09-12,27.4,29.3,27.0,27.7,51000
2013-09-15,29.4,30.4,29.4,30.3,95500
2013-09-16,33.0,33.3,32.0,33.2,264000
2013-09-17,35.9,35.9,32.0,32.2,155500
2013-09-18,33.0,33.1,31.5,32.0,21500
2013-09-19,30.6,32.2,30.4,31.4,9000
2013-09-22,30.0,31.0,29.8,30.2,5000
2013-09-23,29.9,33.2,29.9,33.0,183000
2013-09-24,34.0,36.3,33.1,35.6,629000
2013-09-25,35.6,36.5,33.4,34.3,60500
2013-09-26,32.5,34.4,32.5,33.5,8500
2013-09-29,31.2,34.9,31.2,33.7,73000
2013-09-30,32.1,34.0,32.1,33.1,16000
2013-10-01,32.0,34.2,32.0,34.0,33000
2013-10-02,35.0,35.8,34.2,34.4,110000
2013-10-03,34.8,34.8,32.1,32.3,23500
2013-10-06,30.9,32.9,30.8,31.1,9000
2013-10-07,31.0,32.3,31.0,31.9,12500
2013-10-08,30.9,32.4,30.5,30.9,8000
2013-10-09,31.6,33.9,30.6,31.7,49000
2013-10-10,31.5,32.0,31.0,31.3,4500
2013-10-20,33.5,33.5,31.0,31.9,41500
2013-10-21,30.3,32.0,30.3,31.4,13000
2013-10-22,31.9,33.5,30.6,33.2,43500
2013-10-23,32.0,33.5,31.8,33.1,34500
2013-10-24,31.7,34.8,31.4,32.9,9500
2013-10-27,34.4,34.5,32.0,33.1,7000
2013-10-28,34.4,34.4,33.0,34.0,3500
2013-10-29,33.0,34.2,31.2,33.2,20000
2013-10-31,32.3,32.4,32.3,32.3,16500
2013-11-04,32.0,34.5,31.4,33.5,44000
2013-11-05,34.2,36.3,33.5,35.0,100000
2013-11-06,32.8,35.3,32.8,34.6,5000
2013-11-07,34.8,35.3,33.2,34.9,54000
2013-11-10,35.3,35.7,33.1,34.8,75000
2013-11-11,33.3,35.4,33.2,35.0,83000
2013-11-12,34.0,34.6,33.5,34.2,2500
2013-11-13,32.6,33.5,32.6,33.0,8500
2013-11-14,33.0,33.9,32.7,33.0,29000
2013-11-17,32.2,36.3,32.0,34.0,216000
2013-11-18,33.5,37.4,32.5,35.8,304500
2013-11-19,34.1,39.0,32.8,38.0,298500
2013-11-20,38.0,40.4,34.8,36.7,425500
2013-11-21,36.9,37.9,34.8,35.2,101500
2013-11-24,34.6,36.8,34.3,36.2,138500
2013-11-25,36.7,36.7,34.2,34.5,79000
2013-11-26,34.4,34.9,33.6,34.4,53000
2013-11-27,33.8,34.5,33.7,33.9,19000
2013-11-28,33.5,33.9,33.0,33.2,13500
2013-12-01,33.1,33.1,32.2,32.6,6500
2013-12-02,32.7,32.7,32.2,32.4,17000
2013-12-03,32.7,34.4,32.7,34.0,28500
2013-12-04,34.0,34.5,33.9,34.1,32500
2013-12-05,34.1,34.1,33.0,33.3,56500
2013-12-08,33.5,34.0,33.4,33.4,32000
2013-12-09,33.6,33.6,33.4,33.5,16000
2013-12-10,33.2,34.5,33.2,33.5,31000
2013-12-11,33.8,34.3,33.8,34.1,43000
2013-12-12,34.2,36.8,34.0,34.9,211000
2013-12-15,35.6,38.2,34.0,36.6,920000
2013-12-17,36.9,39.8,34.0,34.2,981500
2013-12-18,34.5,36.3,32.8,33.9,310000
2013-12-19,34.0,34.0,32.5,33.0,352000
2013-12-22,33.4,34.2,33.2,33.8,263500
2013-12-23,34.5,34.5,33.0,33.2,112000
2013-12-24,33.4,33.6,32.6,32.9,89500
2013-12-26,33.0,33.3,32.2,32.8,69500
2013-12-29,32.6,32.9,32.3,32.5,68000
2013-12-30,32.7,32.9,32.4,32.5,33500
2014-01-01,32.7,33.3,32.4,32.5,63500
2014-01-02,32.0,32.6,32.0,32.3,57500
2014-01-06,32.5,32.6,32.3,32.3,65500
2014-01-07,32.5,32.6,32.1,32.4,65500
2014-01-08,32.6,32.9,32.4,32.5,52000
2014-01-09,33.0,33.2,32.5,32.6,78000
2014-01-12,32.5,33.1,32.2,32.4,78500
2014-01-13,32.5,32.9,32.3,32.6,131500
2014-01-15,33.1,33.1,32.7,32.8,67000
2014-01-16,32.8,33.2,32.6,33.0,77000
2014-01-19,33.2,33.6,33.0,33.0,106000
2014-01-20,33.0,33.6,32.8,32.8,66000
2014-01-21,33.1,34.3,32.8,34.1,190000
2014-01-22,34.3,34.8,33.7,33.8,146500
2014-01-23,34.0,34.2,33.7,34.0,63000
2014-01-26,34.0,34.6,34.0,34.4,122000
2014-01-27,34.4,34.5,33.9,33.9,57000
2014-01-28,34.1,34.1,32.9,33.0,81500
2014-01-29,33.4,33.6,32.8,33.2,32000
2014-01-30,33.9,34.7,33.9,34.4,160500
2014-02-02,34.5,35.1,34.2,34.9,173000
2014-02-03,35.2,38.1,35.2,37.8,1025000
2014-02-04,38.9,38.9,36.6,36.7,187000
2014-02-05,37.0,37.5,35.9,37.1,164500
2014-02-06,37.7,38.2,36.0,36.2,274000
2014-02-09,36.8,36.8,35.1,35.3,88000
2014-02-10,35.3,36.2,35.3,35.4,99000
2014-02-11,35.5,35.6,34.2,34.6,74000
2014-02-12,36.8,36.8,33.9,34.5,85500
2014-02-13,34.0,35.0,34.0,34.2,25000
2014-02-16,34.2,34.2,33.0,33.1,43000
2014-02-17,33.3,33.4,33.2,33.2,38000
2014-02-18,33.5,33.5,33.2,33.2,11000
2014-02-19,33.3,33.6,33.2,33.3,23000
2014-02-20,33.6,34.9,33.6,33.8,32500
2014-02-23,33.8,33.8,33.3,33.5,21000
2014-02-24,33.2,33.5,33.0,33.1,31500
2014-02-25,32.5,33.8,32.5,33.3,66500
2014-02-26,33.1,33.6,33.0,33.1,22000
2014-02-27,33.2,33.3,32.9,33.2,82000
2014-03-02,33.2,33.2,32.6,32.7,45500
2014-03-03,33.1,33.1,32.0,32.9,67500
2014-03-04,33.0,33.6,32.8,33.5,35000
2014-03-05,32.9,33.6,32.8,33.4,24000
2014-03-06,32.9,33.1,32.3,32.5,28500
2014-03-09,33.0,33.6,32.6,32.7,58000
2014-03-10,32.5,33.0,32.5,32.7,37000
2014-03-11,32.2,33.0,32.2,32.3,37000
2014-03-12,32.0,33.0,32.0,32.3,56000
2014-03-13,32.3,32.3,32.2,32.2,4500
2014-03-16,32.1,32.2,32.0,32.0,10500
2014-03-18,32.9,32.9,32.1,32.2,69000
2014-03-19,32.0,32.0,31.5,31.6,19000
2014-03-20,31.5,32.8,31.0,31.5,23500
2014-03-23,31.5,31.5,31.3,31.4,18000
2014-03-24,31.2,31.2,30.9,31.0,9000
2014-03-25,31.0,31.1,30.4,30.6,63000
2014-03-27,30.6,30.6,30.5,30.5,9000
2014-03-30,30.0,30.7,29.1,29.5,59000
2014-03-31,29.2,30.0,29.0,29.4,12000
2014-04-01,29.3,30.0,29.3,29.5,7000
2014-04-02,29.6,29.8,29.2,29.7,87500
2014-04-03,29.6,29.6,29.2,29.4,15000
2014-04-06,29.1,29.7,29.1,29.3,21000
2014-04-07,29.3,29.3,28.9,29.0,19500
2014-04-08,29.7,29.7,28.0,28.4,10500
2014-04-09,28.1,28.1,27.6,27.9,63500
2014-04-10,27.5,28.0,27.4,27.6,51500
2014-04-13,27.8,27.8,27.1,27.5,6500
2014-04-15,27.5,27.6,27.0,27.2,46000
2014-04-16,27.1,27.4,26.8,26.9,27000
2014-04-17,26.3,27.0,26.3,26.8,21500
2014-04-20,27.2,27.2,26.8,26.9,45000
2014-04-21,28.0,28.3,27.3,27.8,4000
2014-04-22,27.2,28.6,27.2,28.2,20000
2014-04-23,28.2,28.2,28.0,28.0,30500
2014-04-24,28.0,28.7,28.0,28.5,12000
2014-04-27,27.6,28.0,27.4,27.4,30500
2014-04-28,27.4,27.9,27.4,27.8,23500
2014-04-29,27.1,28.2,27.1,27.5,2000
2014-04-30,28.1,28.1,27.8,27.8,19000
2014-05-04,27.2,27.7,26.6,26.8,6500
2014-05-05,26.9,27.3,26.8,27.0,11000
2014-05-06,27.5,28.3,27.5,28.0,152000
2014-05-07,28.5,29.3,28.3,28.4,165500
2014-05-08,29.0,29.0,27.8,27.9,39000
2014-05-11,27.2,28.3,27.1,28.0,33500
2014-05-14,25.0,25.6,24.8,25.3,26000
2014-05-15,25.0,25.1,24.9,24.9,10500
2014-05-19,24.5,24.5,23.7,24.0,9000
2014-05-20,23.8,24.1,23.8,23.9,40000
2014-05-21,23.9,24.1,23.8,23.8,23000
2014-05-22,24.2,24.3,23.6,23.8,37500
2014-05-25,23.8,24.1,23.6,23.8,25500
2014-05-26,23.7,24.0,23.6,23.9,11500
2014-05-27,23.7,24.0,23.7,23.8,70000
2014-05-28,23.5,24.2,23.5,24.0,5500
2014-05-29,23.9,24.1,23.8,23.9,72000
2014-06-01,24.1,24.5,23.6,24.1,58500
2014-06-02,24.0,24.0,23.8,23.8,30000
2014-06-03,23.5,24.0,23.5,23.8,25000
2014-06-04,24.0,24.0,23.5,23.7,19000
2014-06-05,24.0,24.0,23.0,23.1,15500
2014-06-08,22.3,22.5,22.3,22.4,2500
2014-06-09,23.0,23.8,23.0,23.5,32000
2014-06-10,22.6,23.5,22.6,22.6,24000
2014-06-11,22.5,22.6,22.5,22.5,1000
2014-06-12,22.6,22.7,22.6,22.6,2500
2014-06-15,22.7,22.7,22.6,22.6,3000
2014-06-16,22.7,23.0,22.7,22.9,15000
2014-06-17,22.9,23.0,22.8,22.9,25000
2014-06-18,22.9,23.1,22.6,22.9,31500
2014-06-19,22.1,23.0,22.1,22.7,3000
2014-06-22,22.6,23.3,22.6,23.1,7500
2014-06-23,23.7,23.7,22.8,23.1,8500
2014-06-24,22.8,22.8,22.6,22.7,7000
2014-06-25,22.7,23.6,22.7,23.3,14500
2014-06-26,23.0,23.0,22.6,22.7,15000
2014-06-29,22.6,23.1,22.6,22.9,1500
2014-06-30,22.1,23.5,22.1,23.2,7000
2014-07-02,22.7,22.7,22.6,22.6,2500
2014-07-03,22.8,23.5,22.8,23.1,20000
2014-07-06,23.2,23.2,22.9,23.0,6500
2014-07-07,23.0,23.3,22.9,23.0,11000
2014-07-08,22.6,23.5,22.6,23.1,6000
2014-07-09,23.0,23.0,23.0,23.0,8500
2014-07-10,23.0,23.0,22.5,22.7,9000
2014-07-13,22.6,22.6,22.6,22.6,10500
2014-07-14,22.8,22.8,22.3,22.4,9500
2014-07-15,22.7,22.7,22.7,22.7,1500
2014-07-16,22.5,23.0,22.5,22.8,5500
2014-07-17,22.4,22.9,22.3,22.4,6000
2014-07-20,22.4,23.0,22.0,22.3,15500
2014-07-21,22.5,23.0,22.5,22.8,10500
2014-07-22,23.5,24.9,22.7,24.3,13000
2014-07-23,23.0,23.0,22.6,22.8,6500
2014-07-24,23.9,23.9,22.0,22.1,39000
2014-08-03,22.0,22.0,21.1,21.2,104500
2014-08-04,21.5,21.5,21.1,21.3,21000
2014-08-05,21.5,21.5,21.1,21.2,10500
2014-08-06,21.3,22.2,21.1,21.6,44500
2014-08-07,21.7,21.7,21.2,21.5,10000
2014-08-10,22.0,22.0,21.5,21.6,26000
2014-08-11,22.0,22.0,21.5,21.7,29500
2014-08-12,21.3,21.5,21.3,21.3,16500
2014-08-13,21.4,21.7,21.4,21.5,14500
2014-08-14,21.8,22.0,21.5,21.8,27000
2014-08-18,21.8,22.4,21.8,22.3,25000
2014-08-19,22.1,22.4,22.0,22.1,17000
2014-08-20,21.6,22.2,21.6,22.0,6000
2014-08-21,21.8,22.0,21.5,21.6,44500
2014-08-24,22.4,22.4,21.4,21.5,41000
2014-08-25,21.5,21.9,21.5,21.6,6000
2014-08-26,22.0,22.4,21.6,21.9,16000
2014-08-27,23.0,23.4,21.7,22.7,67500
2014-08-28,22.0,22.2,21.6,21.7,52000
2014-08-31,21.5,21.7,20.8,21.1,65500
2014-09-01,21.1,21.3,21.0,21.0,19000
2014-09-02,21.2,21.7,21.0,21.1,28000
2014-09-03,21.6,22.2,21.5,21.9,25000
2014-09-04,22.3,22.7,22.0,22.6,107000
2014-09-07,22.5,22.8,22.5,22.6,73500
2014-09-08,22.1,22.3,22.0,22.0,29500
2014-09-09,21.9,22.9,21.9,22.5,53500
2014-09-10,23.0,23.2,22.4,22.5,113000
2014-09-11,22.8,23.5,22.2,22.4,36000
2014-09-14,22.3,22.6,22.2,22.3,29000
2014-09-15,23.1,23.1,21.8,22.0,52500
2014-09-16,22.9,22.9,21.1,21.2,85500
2014-09-17,21.0,21.7,21.0,21.3,28000
2014-09-18,22.2,22.2,21.0,21.1,138000
2014-09-21,21.6,21.9,21.0,21.2,102500
2014-09-22,21.8,22.4,21.6,22.1,40000
2014-09-23,22.1,23.3,22.1,22.8,159500
2014-09-24,23.1,23.1,22.4,22.6,24500
2014-09-25,22.5,22.5,22.0,22.1,45500
2014-09-28,21.9,22.6,21.9,22.2,38000
2014-09-29,22.3,22.4,22.1,22.2,16500
2014-09-30,22.1,22.4,22.1,22.1,33500
2014-10-01,22.5,22.8,22.2,22.3,52500
2014-10-02,22.9,24.3,22.5,24.1,225500
2014-10-12,24.5,26.5,24.5,25.7,276500
2014-10-13,25.0,26.0,24.8,25.2,54000
2014-10-14,25.0,26.2,25.0,25.9,111500
2014-10-15,26.3,27.0,26.0,26.2,153000
2014-10-16,26.1,26.1,24.9,25.2,64500
2014-10-19,25.2,25.2,24.0,24.0,64500
2014-10-20,24.5,24.7,23.6,24.0,32500
2014-10-21,24.3,24.3,23.6,23.6,76500
2014-10-22,23.5,23.8,22.9,23.0,57000
2014-10-23,23.0,23.4,22.7,22.9,71500
2014-10-26,22.9,23.0,22.5,22.7,47000
2014-10-27,22.6,23.0,22.6,22.6,9000
2014-10-28,22.9,23.0,22.9,22.9,4500
2014-10-29,22.9,23.0,22.8,22.8,11000
2014-10-30,23.3,23.3,22.9,23.0,29500
2014-11-02,22.7,23.1,22.7,22.9,20000
2014-11-03,23.0,23.5,22.9,23.1,8500
2014-11-05,23.0,23.2,22.9,22.9,13000
2014-11-06,23.2,23.3,23.2,23.2,18500
2014-11-09,23.1,23.1,22.8,22.9,7500
2014-11-10,22.9,23.0,22.8,22.8,18500
2014-11-11,23.0,23.0,22.6,22.7,2500
2014-11-12,22.5,23.0,22.4,22.6,17000
2014-11-13,22.6,22.6,22.5,22.5,3000
2014-11-16,22.5,22.5,22.5,22.5,15000
2014-11-17,22.2,22.3,22.1,22.2,18500
2014-11-18,22.2,22.2,22.0,22.0,28000
2014-11-19,21.7,22.1,21.7,21.9,6000
2014-11-20,21.7,21.8,21.7,21.7,13500
2014-11-23,21.8,22.1,21.8,21.8,5000
2014-11-24,21.7,21.7,21.6,21.6,8000
2014-11-25,21.7,21.7,21.7,21.7,10000
2014-11-26,21.4,21.4,21.4,21.4,500
2014-11-27,21.2,21.2,21.1,21.1,5000
2014-11-30,21.4,21.5,21.0,21.3,8000
2014-12-01,21.3,21.8,21.3,21.6,3500
2014-12-02,21.6,22.0,21.6,21.9,4500
2014-12-03,22.0,22.1,21.9,22.0,11000
2014-12-04,22.0,22.2,21.7,21.9,7500
2014-12-07,21.5,21.8,21.5,21.6,1000
2014-12-08,21.5,21.9,21.2,21.5,9500
2014-12-09,21.3,21.3,20.9,20.9,33500
2014-12-10,21.0,21.1,21.0,21.0,2500
2014-12-11,20.5,21.0,20.5,21.0,15670
2014-12-14,20.5,21.2,20.5,21.1,8432
2014-12-15,21.1,21.2,21.0,21.1,12861
2014-12-17,21.1,21.2,20.2,20.8,19139
2014-12-18,20.5,20.7,20.5,20.6,3789
2014-12-21,20.7,21.0,20.7,20.9,110672
2014-12-22,21.0,21.3,21.0,21.2,8349
2014-12-23,20.8,21.4,20.8,21.0,3366
2014-12-24,20.6,20.9,20.6,20.8,4167
2014-12-28,20.5,20.7,20.0,20.2,3316
2014-12-29,20.2,20.8,20.2,20.6,8885
2014-12-30,20.6,21.8,20.6,21.5,31447
2015-01-01,20.6,21.4,20.6,20.7,603
2015-01-05,20.6,21.5,20.6,21.3,8147
2015-01-06,21.0,22.0,20.9,21.7,10903
2015-01-07,20.9,22.4,20.6,21.7,20066
2015-01-08,21.0,22.0,21.0,21.3,10884
2015-01-11,21.0,21.8,21.0,21.7,57912
2015-01-12,20.9,22.1,20.9,21.2,13128
2015-01-13,21.2,21.3,21.0,21.1,16172
2015-01-14,20.9,21.4,20.8,21.2,44284
2015-01-15,21.0,21.1,20.9,21.0,52058
2015-01-18,21.0,21.4,20.7,20.9,8483
2015-01-19,20.5,21.0,20.5,20.8,2680
2015-01-20,20.4,20.7,20.4,20.5,4387
2015-01-21,20.0,20.0,19.6,19.9,4441
2015-01-22,19.8,19.8,19.0,19.3,12427
2015-01-25,18.7,19.9,18.7,18.8,44564
2015-01-26,19.1,19.4,19.0,19.0,2704
2015-01-27,18.5,19.0,18.5,18.9,496
2015-01-28,18.0,19.6,18.0,18.2,302
2015-01-29,18.0,19.2,18.0,18.9,8401
2015-02-01,18.3,19.1,18.2,18.4,7974
2015-02-02,18.2,18.2,18.2,18.2,64
2015-02-03,18.3,19.2,18.3,19.0,12185
2015-02-04,18.6,19.1,18.6,19.1,38898
2015-02-05,19.0,19.0,18.8,19.0,1249
2015-02-08,19.0,19.2,19.0,19.1,1874
2015-02-09,18.5,19.2,18.5,18.9,6361
2015-02-10,18.8,19.2,18.8,19.2,4981
2015-02-11,19.3,19.3,18.8,18.9,21143
2015-02-12,19.2,19.3,19.0,19.2,22644
2015-02-15,19.2,19.8,19.1,19.4,16867
2015-02-16,19.6,19.6,19.1,19.2,6544
2015-02-17,18.6,19.0,18.6,18.6,997
2015-02-18,18.6,19.0,18.6,19.0,1003
2015-02-19,18.9,19.5,18.8,18.9,2585
2015-02-22,18.6,19.2,18.6,18.7,3728
2015-02-23,18.8,19.6,18.8,19.1,20110
2015-02-24,18.8,19.3,18.8,19.1,4646
2015-02-25,19.2,19.3,18.9,19.2,39333
2015-02-26,19.0,19.0,18.7,18.9,811
2015-03-01,18.6,19.3,18.6,19.0,12064
2015-03-02,18.6,18.7,18.4,18.5,19052
2015-03-03,18.5,18.5,18.3,18.3,2456
2015-03-04,18.2,19.0,18.2,18.5,4752
2015-03-05,18.2,18.8,18.2,18.3,5381
2015-03-08,18.2,18.2,18.2,18.2,133
2015-03-09,17.8,18.7,17.8,18.4,3272
2015-03-10,18.1,18.2,18.1,18.1,7155
2015-03-11,17.5,18.1,17.5,17.8,5893
2015-03-12,17.6,18.0,17.5,17.8,5371
2015-03-15,17.5,17.6,17.5,17.5,3774
2015-03-16,17.3,17.5,17.3,17.4,4326
2015-03-18,17.2,17.5,17.2,17.3,318
2015-03-19,16.4,16.4,16.3,16.4,2688
2015-03-22,17.3,17.3,16.6,17.0,10174
2015-03-23,17.3,17.3,16.4,16.8,2212
2015-03-24,17.2,17.3,17.2,17.2,2251
2015-03-25,17.2,17.2,17.2,17.2,550
2015-03-29,16.3,16.9,16.0,16.4,3173
2015-03-30,16.0,17.0,15.9,16.7,10017
2015-03-31,16.6,17.2,16.5,16.7,15809
2015-04-01,16.9,16.9,16.7,16.8,1123
2015-04-02,17.0,17.1,16.2,16.7,15698
2015-04-05,16.3,16.8,16.3,16.5,2420
2015-04-06,16.9,16.9,16.5,16.7,10499
2015-04-07,16.2,16.2,16.2,16.2,6276
2015-04-08,15.0,16.7,14.7,15.3,16580
2015-04-09,16.8,16.8,16.8,16.8,2
2015-04-12,16.5,16.5,16.4,16.5,13682
2015-04-13,15.8,15.8,15.0,15.3,4049
2015-04-15,15.3,15.7,15.2,15.4,6125
2015-04-16,16.0,16.3,15.5,15.7,21361
2015-04-19,15.0,16.2,15.0,15.9,3645
2015-04-20,15.1,15.9,15.1,15.4,12548
2015-04-21,15.5,15.5,15.1,15.2,4047
2015-04-22,15.0,15.3,14.1,15.0,3780
2015-04-23,14.0,14.3,13.7,14.1,2371
2015-04-26,12.7,13.2,12.7,13.2,4478
2015-04-27,13.5,13.5,13.5,13.5,598
2015-04-29,14.0,14.0,13.7,13.8,4751
2015-04-30,14.3,14.3,13.8,14.1,11565
2015-05-04,13.0,13.6,13.0,13.1,2683
2015-05-05,13.8,14.0,13.6,13.8,8252
2015-05-06,13.7,14.5,13.7,14.4,2557
2015-05-07,14.3,15.8,14.3,15.8,33919
2015-05-10,17.4,19.3,16.5,18.8,76083
2015-05-11,20.5,20.5,19.0,19.7,87392
2015-05-12,20.0,20.0,18.1,18.7,45903
2015-05-13,19.0,19.0,17.3,17.8,24048
2015-05-14,18.2,18.8,17.0,17.7,36238
2015-05-17,17.2,17.4,16.3,17.0,30365
2015-05-18,16.8,18.0,16.6,17.9,36468
2015-05-20,16.5,16.5,15.9,16.2,72040
2015-05-21,16.5,17.8,16.5,16.9,35323
2015-05-24,16.5,16.5,15.4,16.0,26529
2015-05-25,16.0,16.8,16.0,16.4,18640
2015-05-26,16.2,17.4,16.2,16.8,36224
2015-05-27,16.8,17.0,16.7,16.9,56258
2015-05-28,17.5,17.5,16.5,16.6,25669
2015-05-31,16.5,17.5,16.3,17.0,4389
2015-06-01,17.0,17.1,16.8,17.0,25750
2015-06-02,16.6,17.0,16.5,16.5,12926
2015-06-04,16.6,16.6,16.5,16.5,10020
2015-06-07,16.7,16.9,16.7,16.8,30190
2015-06-08,16.1,16.5,16.1,16.1,12178
2015-06-09,16.5,16.5,15.7,16.1,1757
2015-06-10,16.4,16.5,16.4,16.4,14614
2015-06-11,15.6,16.4,15.6,15.8,5460
2015-06-14,16.5,16.5,15.0,15.4,17760
2015-06-15,15.5,15.7,15.4,15.5,20821
2015-06-16,16.3,16.3,15.7,15.7,708
2015-06-17,16.1,16.1,15.7,15.9,7518
2015-06-18,15.8,16.0,15.8,15.9,7549
2015-06-21,15.8,15.8,15.8,15.8,50
2015-06-22,15.7,15.7,15.7,15.7,1000
2015-06-23,15.5,15.6,15.5,15.5,3801
2015-06-24,15.6,15.8,15.2,15.3,26612
2015-06-25,15.3,15.5,15.3,15.4,4181
2015-06-28,15.7,16.1,15.7,15.8,20180
2015-06-29,15.5,16.4,15.5,16.1,14300
2015-06-30,15.5,15.9,15.5,15.6,3627
2015-07-02,15.7,15.7,15.6,15.6,3037
2015-07-05,15.5,15.5,15.5,15.5,3566
2015-07-06,15.5,16.2,15.5,16.0,15300
2015-07-07,15.6,15.6,15.5,15.5,9925
2015-07-08,15.6,15.7,15.6,15.6,6801
2015-07-09,14.7,16.3,14.7,15.8,12951
2015-07-12,15.6,15.6,15.4,15.5,3027
2015-07-13,15.4,15.7,15.4,15.6,8383
2015-07-14,15.4,15.9,15.4,15.7,7523
2015-07-21,15.4,16.4,15.4,16.0,4317
2015-07-22,15.7,16.2,15.7,15.8,13186
2015-07-23,15.8,16.2,15.6,16.2,52480
2015-07-26,15.4,16.3,15.4,15.7,30099
2015-07-27,14.8,16.0,14.8,16.0,5609
2015-07-28,16.0,16.4,15.5,15.7,34453
2015-07-29,15.7,16.1,15.7,16.0,5814
2015-07-30,16.3,16.4,15.8,15.9,4091
2015-08-02,15.8,16.0,15.6,15.7,23479
2015-08-03,15.8,16.2,15.8,16.0,13253
2015-08-04,16.1,16.3,15.9,16.0,17349
2015-08-05,16.1,16.2,16.0,16.2,16938
2015-08-06,15.5,16.2,15.5,16.1,53163
2015-08-09,15.9,16.0,15.9,16.0,3499
2015-08-10,15.9,16.0,15.8,15.9,3299
2015-08-11,15.5,16.0,15.5,15.8,14067
2015-08-12,16.0,16.0,15.6,15.7,9251
2015-08-13,15.6,15.9,15.5,15.7,18531
2015-08-16,15.5,16.0,15.5,15.8,31852
2015-08-17,16.2,16.3,15.5,15.8,24888
2015-08-18,15.8,15.9,15.8,15.9,10077
2015-08-19,15.8,16.1,15.7,16.0,16874
2015-08-20,15.5,16.0,15.5,16.0,12405
2015-08-23,15.9,16.2,15.7,16.0,32010
2015-08-24,15.7,15.9,15.7,15.7,6988
2015-08-25,15.5,16.1,15.5,16.0,12156
2015-08-26,15.7,16.0,15.7,15.8,41261
2015-08-27,15.6,16.0,15.6,15.8,11115
2015-08-30,15.7,15.9,15.7,15.8,7133
2015-08-31,15.8,15.9,15.8,15.8,32000
2015-09-01,15.7,16.0,15.5,15.8,8276
2015-09-02,15.6,16.0,15.6,15.7,4780
2015-09-03,15.8,16.0,15.6,15.8,7824
2015-09-06,15.5,16.0,15.5,15.7,9214
2015-09-07,15.7,16.0,15.7,16.0,6000
2015-09-08,16.0,16.1,15.8,15.9,33922
2015-09-09,16.1,17.1,16.0,17.0,297782
2015-09-10,17.4,18.4,17.3,18.2,271448
2015-09-13,18.6,19.2,18.6,19.1,576396
2015-09-14,19.0,19.1,18.2,19.1,257490
2015-09-15,19.0,19.3,18.9,19.1,165743
2015-09-16,18.8,19.3,18.7,19.1,91867
2015-09-17,19.9,20.4,19.0,19.7,470345
2015-09-20,19.6,19.8,19.0,19.3,94356
2015-09-21,19.3,19.6,18.8,19.0,147193
2015-09-22,19.0,19.4,18.8,19.2,25129
2015-09-28,19.8,19.9,19.0,19.2,47394
2015-09-29,19.1,19.2,18.5,19.0,123748
2015-09-30,18.9,19.2,18.5,18.7,185035
2015-10-01,18.3,19.5,18.3,19.2,130821
2015-10-04,19.0,19.0,18.6,18.7,25117
2015-10-05,19.1,19.1,18.6,18.6,1252
2015-10-06,19.0,19.0,18.3,18.6,32333
2015-10-07,18.6,18.6,17.8,18.3,35338
2015-10-08,17.8,18.0,17.6,17.8,13880
2015-10-11,18.4,18.4,16.5,16.8,2520
2015-10-12,17.4,17.9,16.7,17.4,7188
2015-10-13,17.4,17.4,17.3,17.4,3500
2015-10-14,16.7,17.0,16.7,16.8,5718
2015-10-15,16.1,17.2,16.1,16.2,36748
2015-10-18,16.0,16.0,15.4,15.5,53171
2015-10-19,16.8,16.8,15.3,15.5,43183
2015-10-20,15.2,16.1,15.1,15.8,63332
2015-10-21,15.5,16.0,15.5,15.8,8579
2015-10-25,15.6,15.6,15.6,15.6,317
2015-10-26,15.6,16.0,15.4,15.6,29803
2015-10-27,15.5,15.6,15.2,15.5,61700
2015-10-28,15.3,15.9,15.3,15.7,11528
2015-10-29,15.6,15.6,15.2,15.2,48952
2015-11-01,14.8,14.9,14.5,14.6,56666
2015-11-02,14.2,15.0,14.2,14.8,41041
2015-11-03,14.4,15.0,14.4,14.8,17044
2015-11-04,14.9,15.1,14.8,14.9,13650
2015-11-05,14.8,15.0,14.7,14.9,7637
2015-11-08,14.5,15.0,14.5,14.8,4194
2015-11-09,15.7,15.7,15.3,15.3,1255
2015-11-10,14.8,15.5,14.4,15.0,16204
2015-11-11,14.7,15.1,14.7,15.0,3254
2015-11-12,14.8,15.5,14.3,14.7,21575
2015-11-15,15.1,15.1,14.5,14.6,1500
2015-11-16,14.9,15.4,14.8,15.1,8250
2015-11-17,14.9,15.2,14.5,14.6,55300
2015-11-18,14.9,14.9,14.6,14.7,17608
2015-11-19,14.9,15.0,14.8,14.9,16323
2015-11-22,14.8,15.2,14.8,15.1,10484
2015-11-23,15.2,15.2,15.0,15.1,21578
2015-11-24,15.0,15.3,14.8,14.9,36490
2015-11-25,14.8,14.8,14.5,14.6,54104
2015-11-26,14.3,14.8,14.3,14.6,16700
2015-11-29,14.9,15.9,14.7,15.6,112957
2015-11-30,15.0,15.3,15.0,15.0,9440
2015-12-01,15.0,15.3,14.8,15.1,13004
2015-12-02,15.1,15.3,14.9,15.0,42872
2015-12-03,15.0,15.3,14.9,15.0,47346
2015-12-06,14.8,16.0,14.8,15.6,243157
2015-12-07,15.8,16.4,15.6,16.1,154003
2015-12-08,16.1,17.7,16.1,17.1,416918
2015-12-09,17.7,18.3,17.4,18.0,465227
2015-12-10,19.2,19.2,17.8,18.0,180459
2015-12-13,17.8,18.2,16.6,17.4,15395
2015-12-14,17.5,18.0,16.8,17.2,21536
2015-12-15,16.8,16.9,16.4,16.6,10971
2015-12-17,17.8,17.8,16.3,16.6,26754
2015-12-20,16.6,17.9,16.0,17.6,60259
2015-12-21,18.0,18.0,17.1,17.5,122590
2015-12-22,16.9,16.9,16.5,16.7,56977
2015-12-23,16.9,16.9,16.3,16.7,26621
2015-12-24,16.9,16.9,16.2,16.3,33906
2015-12-27,16.3,16.5,16.0,16.3,36544
2015-12-28,16.3,16.3,16.1,16.2,54449
2015-12-29,16.3,16.6,16.0,16.2,91362
2015-12-30,16.1,16.3,16.0,16.1,56327
2015-12-31,16.9,16.9,15.9,16.1,13551
2016-01-03,15.9,16.1,15.9,16.0,13705
2016-01-04,15.9,16.4,15.9,16.0,6434
2016-01-05,16.3,16.5,16.3,16.3,18723
2016-01-06,16.5,16.5,16.1,16.3,36776
2016-01-07,16.3,16.6,16.1,16.3,27476
2016-01-10,16.2,16.8,16.2,16.7,56713
2016-01-11,16.6,16.8,16.3,16.4,16985
2016-01-12,16.4,16.9,16.3,16.6,79628
2016-01-13,16.5,17.8,16.5,17.5,91180
2016-01-14,17.6,18.1,17.2,17.4,196483
2016-01-17,17.4,18.2,17.4,17.6,212379
2016-01-18,18.0,18.4,17.6,18.0,111362
2016-01-19,18.4,19.2,18.0,19.0,869670
2016-01-20,19.1,19.4,18.6,19.0,490040
2016-01-21,19.0,19.4,18.3,18.6,90030
2016-01-24,18.7,19.1,18.3,18.8,125622
2016-01-25,19.1,19.6,18.8,19.0,311465
2016-01-26,19.3,20.0,19.0,19.3,216104
2016-01-27,19.5,19.8,19.0,19.2,177468
2016-01-28,19.5,19.5,18.6,18.8,62057
2016-01-31,18.1,18.8,17.8,18.0,73041
2016-02-01,17.8,18.5,17.7,18.2,9832
2016-02-02,18.8,18.8,18.0,18.1,24266
2016-02-03,18.5,18.7,18.1,18.1,43609
2016-02-04,18.4,18.4,17.8,18.0,35051
2016-02-07,19.0,19.0,17.7,18.0,16669
2016-02-08,17.8,18.4,17.6,17.8,3707
2016-02-09,18.2,18.2,17.7,17.7,67225
2016-02-10,18.5,18.5,17.6,17.7,13767
2016-02-11,17.8,18.0,17.4,17.6,18880
2016-02-14,17.9,18.0,17.4,17.6,6646
2016-02-15,18.1,18.1,17.5,17.6,12487
2016-02-16,17.9,18.0,17.4,17.6,7004
2016-02-17,17.1,17.8,17.0,17.2,21240
2016-02-18,17.7,17.9,17.6,17.7,16124
2016-02-22,18.7,18.7,17.3,17.6,15906
2016-02-23,17.1,17.8,17.1,17.3,9257
2016-02-24,18.3,18.6,17.3,17.4,114236
2016-02-25,17.8,17.9,17.5,17.8,24464
2016-02-28,18.5,18.5,17.3,18.0,123977
2016-02-29,18.0,18.0,17.5,17.6,16423
2016-03-01,18.2,18.2,17.1,17.3,20350
2016-03-02,17.2,17.3,17.1,17.2,8460
2016-03-03,17.0,17.4,17.0,17.1,4887
2016-03-06,18.0,18.0,17.1,17.3,3900
2016-03-07,17.0,17.1,17.0,17.0,6733
2016-03-08,16.8,17.1,16.8,17.0,3770
2016-03-09,16.8,16.8,16.8,16.8,75
2016-03-10,16.8,17.0,16.4,16.5,23912
2016-03-13,17.4,17.4,16.6,16.7,4300
2016-03-14,16.9,17.1,16.3,16.7,6800
2016-03-15,17.0,17.0,16.3,16.4,6550
2016-03-16,16.3,17.3,16.3,16.9,1100
2016-03-20,17.0,17.8,16.5,17.0,11435
2016-03-21,16.8,17.0,16.8,17.0,2200
2016-03-22,16.5,17.1,16.5,16.9,5916
2016-03-23,16.1,16.1,16.0,16.1,6102
2016-03-24,15.7,16.4,15.4,15.6,5501
2016-03-27,15.5,16.0,15.5,15.9,5975
2016-03-28,17.0,17.0,16.0,16.3,8547
2016-03-29,16.0,16.1,15.5,15.7,447
2016-03-30,15.6,16.4,15.6,15.8,656
2016-03-31,16.0,16.4,16.0,16.4,101
2016-04-03,15.7,16.5,15.7,15.8,2696
2016-04-04,16.9,16.9,15.9,16.0,18250
2016-04-05,15.9,15.9,15.6,15.9,570
2016-04-06,16.0,16.0,15.6,15.8,4031
2016-04-07,16.7,16.7,16.0,16.1,1804
2016-04-10,15.6,16.0,15.5,15.6,6244
2016-04-11,16.3,16.3,15.0,15.2,5742
2016-04-12,16.7,16.7,15.5,15.8,1188
2016-04-13,15.2,16.3,15.2,15.3,2308
2016-04-17,15.1,15.3,14.8,15.1,8808
2016-04-18,15.0,15.0,14.5,14.6,16650
2016-04-19,14.6,14.7,14.4,14.6,4600
2016-04-20,14.7,14.7,14.6,14.6,11163
2016-04-21,14.5,14.9,14.5,14.6,10255
2016-04-24,14.1,15.1,14.0,14.7,36559
2016-04-25,14.7,16.0,14.6,15.6,246370
2016-04-26,16.7,16.7,15.0,15.7,40999
2016-04-27,16.1,16.1,15.1,15.1,259527
2016-04-28,15.9,15.9,15.1,15.8,15010
2016-05-02,14.8,14.8,14.8,14.8,4933
2016-05-03,14.9,15.7,14.9,15.2,1985
2016-05-04,15.0,15.4,14.6,14.9,3091
2016-05-05,14.9,15.1,14.6,15.0,1611
2016-05-08,15.0,15.0,14.8,14.8,637
2016-05-09,14.6,14.9,14.6,14.8,3425
2016-05-10,14.6,14.9,14.6,14.8,2997
2016-05-11,14.7,14.9,14.7,14.8,18328
2016-05-12,15.4,15.4,14.9,14.9,463
2016-05-15,14.8,15.1,14.7,14.9,1899
2016-05-16,14.7,15.1,14.7,14.8,16816
2016-05-17,15.4,15.4,15.0,15.0,899
2016-05-18,15.4,15.4,14.9,15.0,48022
2016-05-22,14.7,14.7,13.8,14.6,35501
2016-05-24,14.2,14.5,14.0,14.1,9131
2016-05-25,14.0,14.0,14.0,14.0,225
2016-05-26,14.3,14.3,14.0,14.1,15410
2016-05-29,14.1,14.3,13.8,14.0,17375
2016-05-30,14.1,14.1,14.0,14.0,16545
2016-05-31,14.3,14.3,14.0,14.2,7533
2016-06-01,14.1,14.3,14.0,14.1,6184
2016-06-02,14.1,14.6,14.0,14.2,15960
2016-06-05,14.1,14.2,14.0,14.1,9767
2016-06-06,14.0,14.1,14.0,14.1,4005
2016-06-07,14.1,14.1,14.0,14.0,26140
2016-06-08,14.1,14.1,14.1,14.1,2138
2016-06-09,14.1,14.5,14.1,14.2,3000
2016-06-12,14.5,14.5,13.6,13.8,185926
2016-06-13,13.6,14.3,13.6,13.8,12679
2016-06-14,14.0,14.3,13.9,14.0,5900
2016-06-15,14.3,14.3,14.0,14.3,2650
2016-06-16,14.0,14.3,14.0,14.1,5349
2016-06-19,14.0,14.0,13.9,14.0,15475
2016-06-20,13.7,13.9,13.7,13.8,5800
2016-06-21,13.7,13.8,13.6,13.7,12917
2016-06-22,13.4,13.5,13.0,13.3,31193
2016-06-23,13.2,13.7,13.1,13.6,5828
2016-06-26,13.5,13.6,13.1,13.3,11097
2016-06-27,13.2,14.6,13.2,14.4,150269
2016-06-28,13.7,15.0,13.7,14.8,219534
2016-06-29,14.4,16.0,14.4,15.8,99760
2016-06-30,15.9,16.7,14.7,15.7,225102
2016-07-10,14.5,14.8,14.5,14.7,4229
2016-07-11,15.3,15.5,14.6,14.9,4297
2016-07-12,14.6,14.6,14.4,14.4,26035
2016-07-13,14.4,14.5,14.4,14.4,25569
2016-07-14,14.3,14.8,14.3,14.6,2579
2016-07-16,14.3,14.6,14.3,14.5,11135
2016-07-17,14.5,14.6,14.3,14.5,16678
2016-07-18,14.7,15.2,14.4,15.0,90159
2016-07-19,14.7,14.8,14.6,14.7,1313
2016-07-20,14.5,14.5,14.4,14.4,9211
2016-07-21,14.6,14.6,14.4,14.5,4533
2016-07-24,14.3,14.7,14.1,14.3,2429
2016-07-25,14.3,14.6,14.2,14.2,8056
2016-07-26,14.3,14.4,14.2,14.2,3758
2016-07-27,14.5,14.5,14.2,14.5,1910
2016-07-28,14.2,14.5,14.2,14.4,2757
2016-07-31,14.1,14.3,14.1,14.2,12304
2016-08-01,14.1,14.2,14.1,14.1,18940
2016-08-02,14.3,14.6,14.2,14.4,11598
2016-08-03,14.3,14.5,14.3,14.3,31516
2016-08-04,14.4,14.8,14.4,14.7,18794
2016-08-07,14.5,14.6,14.5,14.5,22899
2016-08-08,14.5,14.5,14.3,14.4,8446
2016-08-09,14.1,14.3,14.0,14.1,49543
2016-08-10,14.2,14.4,14.1,14.2,9280
2016-08-11,14.5,14.5,14.2,14.4,5693
2016-08-14,14.5,14.5,14.5,14.5,805
2016-08-16,14.1,14.4,14.1,14.3,3253
2016-08-17,14.3,14.5,14.3,14.4,13637
2016-08-18,14.4,14.4,14.3,14.4,11716
2016-08-21,14.3,14.3,14.0,14.1,63946
2016-08-22,14.1,14.1,14.1,14.1,6739
2016-08-23,14.2,14.3,14.2,14.2,6438
2016-08-24,14.2,14.3,14.2,14.2,12992
2016-08-28,14.2,14.9,14.2,14.7,46664
2016-08-29,14.9,15.9,14.9,15.4,117810
2016-08-30,15.5,15.7,14.8,14.8,79255
2016-08-31,15.0,15.9,14.7,15.8,204547
2016-09-01,15.8,16.8,15.5,16.7,319643
2016-09-04,16.8,17.7,16.3,17.3,330053
2016-09-05,17.5,17.5,16.4,16.5,261100
2016-09-06,17.3,17.4,16.3,16.4,101871
2016-09-07,16.3,16.6,15.8,15.8,53503
2016-09-08,16.3,16.5,15.8,16.3,17461
2016-09-18,15.9,16.3,15.8,16.2,10881
2016-09-19,15.8,16.1,15.7,15.9,61644
2016-09-20,15.5,15.6,15.4,15.5,56654
2016-09-21,15.3,16.6,15.3,16.0,319358
2016-09-22,16.9,16.9,16.0,16.1,198247
2016-09-24,16.5,17.0,16.1,16.5,109310
2016-09-25,17.0,17.1,16.3,16.4,300548
2016-09-26,16.8,17.4,16.5,16.6,248991
2016-09-27,17.2,17.2,16.0,16.2,65400
2016-09-28,16.2,16.7,16.1,16.2,18794
2016-09-29,16.6,17.5,16.6,17.2,555593
2016-10-02,17.4,18.2,17.1,17.9,246074
2016-10-03,18.3,18.5,17.4,17.5,208746
2016-10-04,17.4,17.9,16.5,16.8,133588
2016-10-05,17.8,17.8,16.5,17.0,102944
2016-10-06,17.1,17.4,16.7,17.0,65321
2016-10-09,17.1,17.4,16.9,17.2,43028
2016-10-10,17.4,17.4,16.6,17.0,32938
2016-10-13,17.1,17.1,16.4,16.5,148446
2016-10-16,16.8,16.9,16.3,16.5,35481
2016-10-17,16.5,16.8,16.5,16.6,39737
2016-10-18,16.4,17.7,16.4,17.6,229044
2016-10-19,17.7,17.8,17.1,17.2,89613
2016-10-20,17.0,17.5,17.0,17.1,72268
2016-10-23,16.9,17.3,16.8,16.8,65596
2016-10-24,17.6,17.6,16.8,17.0,47699
2016-10-25,17.0,17.1,16.9,17.1,84969
2016-10-26,16.8,17.1,16.6,16.8,70132
2016-10-27,16.7,17.2,16.6,16.7,21818
2016-10-30,16.7,17.0,16.6,16.8,4050
2016-10-31,17.1,17.1,16.5,16.6,12734
2016-11-01,16.5,16.8,16.5,16.7,12891
2016-11-02,16.7,17.0,16.7,16.8,12229
2016-11-03,17.3,17.3,16.7,17.0,78807
2016-11-06,16.8,17.1,16.6,16.8,11156
2016-11-07,16.9,17.3,16.8,17.1,60361
2016-11-08,16.7,17.0,16.6,16.7,62724
2016-11-09,16.7,16.8,16.4,16.5,24556
2016-11-10,16.6,16.9,16.5,16.8,70908
2016-11-13,16.7,16.8,16.6,16.7,8271
2016-11-14,16.8,16.8,16.5,16.6,12375
2016-11-15,16.6,16.8,16.5,16.6,22430
2016-11-16,16.8,17.5,16.8,17.2,134051
2016-11-17,17.2,17.4,16.9,17.0,38950
2016-11-20,17.0,17.3,16.9,17.0,56183
2016-11-21,16.9,17.1,16.9,17.0,40882
2016-11-22,17.0,17.3,16.8,16.9,143776
2016-11-23,17.0,18.0,17.0,17.6,440353
2016-11-24,17.8,18.2,17.5,17.5,334540
2016-11-27,17.9,18.4,17.3,18.2,192885
2016-11-28,17.8,18.5,17.6,18.4,538521
2016-11-29,18.7,19.2,18.2,18.5,420420
2016-11-30,18.9,18.9,18.0,18.4,337283
2016-12-01,18.3,18.5,18.0,18.1,185105
2016-12-04,18.0,18.0,17.7,17.9,145031
2016-12-05,17.7,18.1,17.7,17.8,48630
2016-12-06,18.0,18.2,17.7,17.9,36443
2016-12-07,18.1,18.4,17.8,17.9,48051
2016-12-08,18.0,18.3,18.0,18.1,77692
2016-12-11,18.3,18.3,17.2,17.5,39416
2016-12-12,17.1,17.7,17.0,17.4,54644
2016-12-14,17.6,17.8,17.5,17.6,32619
2016-12-15,17.5,18.3,17.4,17.9,102528
2016-12-18,18.0,18.1,17.9,18.1,81737
2016-12-19,18.0,18.1,17.7,17.9,131939
2016-12-20,17.6,18.2,17.3,17.5,65560
2016-12-21,17.7,17.8,17.5,17.6,45047
2016-12-22,17.6,18.6,17.6,18.4,178863
2016-12-26,18.4,19.2,18.4,18.8,448644
2016-12-27,19.5,20.4,19.0,19.9,494692
2016-12-28,19.6,19.9,19.3,19.8,152473
2016-12-29,20.2,20.4,19.6,19.7,199103
2017-01-01,20.0,20.0,19.1,19.2,120790
2017-01-02,20.1,20.3,19.5,20.2,374701
2017-01-03,20.0,21.9,20.0,21.3,903279
2017-01-04,21.7,22.5,21.3,21.8,324528
2017-01-05,21.4,22.1,20.9,21.7,419987
2017-01-08,21.9,21.9,21.3,21.7,275513
2017-01-09,22.0,22.0,21.5,21.8,237106
2017-01-10,21.9,23.9,21.8,23.6,1145535
2017-01-11,23.1,23.8,22.8,22.9,252621
2017-01-12,23.6,23.6,22.1,22.7,350570
2017-01-15,22.9,23.5,22.5,23.2,706450
2017-01-16,23.4,24.4,22.6,22.9,795361
2017-01-17,23.0,23.7,23.0,23.3,244443
2017-01-18,23.9,24.2,23.2,23.6,767881
2017-01-19,23.3,24.0,23.3,23.7,398372
2017-01-22,23.7,25.0,23.7,24.5,522985
2017-01-23,25.0,25.3,24.6,24.8,384391
2017-01-24,25.4,25.8,23.9,24.2,969857
2017-01-25,24.3,25.2,24.2,24.4,1405948
2017-01-26,24.4,24.4,23.0,23.5,306765
2017-01-29,23.3,23.3,21.5,21.8,294999
2017-01-30,21.6,22.9,21.0,22.1,305341
2017-01-31,22.2,23.2,22.1,22.6,164313
2017-02-01,23.0,23.0,22.2,22.4,182697
2017-02-02,22.4,22.4,21.3,21.6,79428
2017-02-05,22.0,22.0,20.5,20.9,148126
2017-02-06,21.2,21.5,20.8,20.9,75365
2017-02-07,20.9,21.8,20.7,21.3,126082
2017-02-08,21.6,22.5,21.6,22.4,116891
2017-02-09,22.6,22.6,21.8,22.1,156348
2017-02-12,22.0,22.5,22.0,22.4,198807
2017-02-13,22.8,23.0,22.2,22.5,331983
2017-02-14,22.8,23.2,22.8,23.1,316468
2017-02-15,23.4,23.5,22.8,22.9,296535
2017-02-16,22.9,23.0,22.7,22.7,144356
2017-02-19,23.4,24.0,22.7,22.8,86830
2017-02-20,22.9,23.3,22.6,22.8,199792
2017-02-22,22.8,23.2,22.3,22.6,304131
2017-02-23,22.4,22.7,22.2,22.7,491200
2017-02-26,22.5,23.0,22.5,22.5,120558
2017-02-27,22.6,22.9,22.4,22.4,265900
2017-02-28,22.5,23.1,22.4,22.5,216278
2017-03-01,22.7,23.0,22.4,22.4,88132
2017-03-02,22.7,22.8,22.1,22.2,147665
2017-03-05,22.5,22.5,22.0,22.1,108120
2017-03-06,22.0,22.3,21.8,21.8,149779
2017-03-07,22.5,22.5,21.8,22.0,121760
2017-03-08,22.2,22.2,21.8,22.0,111598
2017-03-09,22.0,22.8,22.0,22.5,181521
2017-03-12,22.8,23.5,22.6,23.1,660455
2017-03-13,23.2,23.5,22.9,23.1,332730
2017-03-14,23.3,23.4,22.5,22.8,163035
2017-03-15,23.0,23.0,22.4,22.4,160229
2017-03-16,22.8,22.8,22.0,22.3,170362
2017-03-19,22.9,23.1,22.6,23.0,262525
2017-03-20,23.0,23.0,22.6,22.8,68872
2017-03-21,22.8,23.0,22.4,22.6,137108
2017-03-22,22.9,23.2,22.6,23.1,293629
2017-03-23,23.2,23.3,22.8,22.9,206257
2017-03-27,23.0,23.0,22.7,22.9,111840
2017-03-28,22.9,23.1,22.5,22.6,117063
2017-03-29,22.7,22.7,22.4,22.5,150810
2017-03-30,22.8,22.9,22.5,22.6,153657
2017-04-02,21.8,22.8,21.8,22.4,32622
2017-04-03,22.4,22.4,22.0,22.1,51350
2017-04-04,22.2,22.2,22.0,22.1,139696
2017-04-05,22.1,22.2,21.8,22.1,59760
2017-04-06,22.1,22.2,22.0,22.0,68154
2017-04-09,22.3,22.3,21.9,22.0,128604
2017-04-10,22.0,22.1,21.9,22.1,173645
2017-04-11,22.2,22.2,21.7,21.9,90012
2017-04-12,21.8,22.0,21.8,21.9,56042
2017-04-13,21.8,21.9,21.7,21.9,45648
2017-04-16,21.6,22.2,21.6,22.0,157138
2017-04-17,22.3,22.8,22.1,22.7,221811
2017-04-18,22.4,23.0,22.4,22.9,172283
2017-04-19,22.8,23.0,22.7,23.0,105306
2017-04-20,22.8,23.2,22.8,23.0,159956
2017-04-23,23.0,23.2,22.7,22.8,187287
2017-04-24,23.3,23.3,22.5,23.2,157857
2017-04-25,23.3,23.3,22.7,23.2,75555
2017-04-26,23.3,23.3,22.9,23.1,150642
2017-04-27,23.0,23.8,22.2,23.3,215485
2017-04-30,23.5,23.6,23.0,23.3,112226
2017-05-02,23.1,23.4,23.1,23.2,204048
2017-05-03,23.1,23.5,23.1,23.2,416697
2017-05-04,23.2,23.4,23.2,23.3,410246
2017-05-07,23.3,23.5,23.2,23.5,166627
2017-05-08,23.3,23.8,23.2,23.7,392298
2017-05-09,23.7,24.2,23.7,24.0,294711
2017-05-11,24.2,24.2,23.4,23.6,326097
2017-05-14,23.9,24.1,23.6,24.0,174867
2017-05-15,24.1,24.2,23.8,24.0,504715
2017-05-16,24.1,24.3,24.0,24.1,359825
2017-05-17,24.0,24.4,24.0,24.3,590857
2017-05-18,24.5,25.5,24.5,24.9,480881
2017-05-21,25.3,25.3,24.7,24.8,199995
2017-05-22,25.0,25.0,24.5,24.9,303381
2017-05-24,23.1,24.8,23.1,24.7,987519
2017-05-25,24.9,24.9,23.6,24.0,369805
2017-05-28,23.7,25.4,23.7,24.6,479349
2017-05-29,24.4,25.6,24.3,25.5,1033880
2017-05-30,25.5,25.8,25.3,25.6,180339
2017-05-31,25.5,26.0,25.3,25.7,532803
2017-06-01,25.2,26.1,25.2,26.0,371448
2017-06-04,25.5,26.7,25.5,26.2,295135
2017-06-05,25.9,26.5,25.9,26.2,974439
2017-06-06,26.1,26.4,25.5,25.9,389985
2017-06-07,26.2,26.5,25.5,26.2,666740
2017-06-08,26.3,26.9,26.0,26.6,592147
2017-06-11,26.6,27.5,26.5,27.4,306549
2017-06-12,27.5,27.5,26.6,26.9,52686
2017-06-13,27.0,28.2,26.4,27.7,454740
2017-06-14,27.2,28.4,27.2,28.2,155717
2017-06-15,28.2,28.5,27.2,27.5,1473726
2017-06-18,27.7,27.7,26.6,26.7,155709
2017-06-19,26.4,27.0,26.4,26.8,240095
2017-06-20,27.0,27.0,26.4,26.7,71313
2017-06-21,27.2,27.5,26.7,27.3,104449
2017-06-22,27.5,27.7,27.1,27.5,79375
2017-06-28,27.5,27.7,27.0,27.6,77787
2017-06-29,27.1,27.5,26.5,27.2,45732
2017-07-02,27.5,27.6,27.0,27.2,121443
2017-07-03,27.2,27.7,27.2,27.4,1197172
2017-07-04,27.4,28.4,27.2,28.0,819159
2017-07-05,28.0,29.5,28.0,29.4,523329
2017-07-06,29.6,30.6,29.4,30.3,454204
2017-07-09,30.0,32.5,30.0,31.9,333000
2017-07-10,32.0,33.0,31.3,31.9,248223
2017-07-11,32.0,32.7,31.4,32.1,566538
2017-07-12,32.0,33.0,31.9,32.7,306030
2017-07-13,32.7,32.9,32.3,32.6,110133
2017-07-16,32.3,32.7,30.6,32.4,269688
2017-07-17,32.3,33.1,32.0,32.9,212202
2017-07-18,32.9,33.4,32.0,32.8,291129
2017-07-19,32.5,32.8,32.0,32.6,398210
2017-07-20,32.2,32.9,32.2,32.7,770919
2017-07-23,32.6,32.6,31.8,32.2,1519656
2017-07-24,32.2,32.2,31.3,31.8,325789
2017-07-25,31.8,32.2,30.3,30.8,458598
2017-07-26,30.8,31.0,29.2,30.5,464062
2017-07-27,30.5,30.9,30.0,30.6,196103
2017-07-30,30.6,31.0,30.0,30.8,248985
2017-07-31,30.9,31.1,29.9,30.7,360189
2017-08-01,30.2,30.9,30.2,30.6,397918
2017-08-02,30.1,30.5,29.2,29.3,432790
2017-08-03,29.8,30.3,29.4,29.8,232198
2017-08-06,29.1,30.0,29.0,29.8,134774
2017-08-07,29.8,29.9,29.2,29.3,74314
2017-08-08,29.1,29.5,28.8,29.5,323090
2017-08-09,29.3,29.8,29.2,29.5,185758
2017-08-10,29.4,29.9,29.3,29.8,286110
2017-08-13,29.7,30.3,29.6,30.3,121730
2017-08-16,30.5,30.5,30.0,30.2,233658
2017-08-17,30.5,30.5,30.0,30.2,114197
2017-08-20,30.2,30.3,29.9,30.1,169881
2017-08-21,30.0,30.3,29.9,30.0,304195
2017-08-22,29.9,30.3,29.8,30.1,145197
2017-08-23,29.6,30.5,29.6,30.3,74612
2017-08-24,30.5,31.2,30.3,30.9,178490
2017-08-27,30.9,32.0,30.9,31.9,315609
2017-08-28,32.0,32.0,31.4,31.8,116192
2017-08-29,31.6,32.3,31.4,32.1,222594
2017-08-30,32.7,32.7,31.6,32.0,181074
2017-08-31,32.3,32.5,31.7,32.4,182531
2017-09-04,32.5,33.0,31.7,32.3,155050
2017-09-05,32.5,32.9,30.9,31.1,113102
2017-09-06,31.5,31.5,31.0,31.4,42172
2017-09-07,31.7,32.0,31.3,31.7,152577
2017-09-10,31.9,31.9,30.9,31.4,53602
2017-09-11,30.8,31.0,29.1,30.4,54433
2017-09-12,30.0,30.6,29.7,30.3,103398
2017-09-13,30.2,31.2,30.1,30.9,192854
2017-09-14,31.1,31.4,30.7,30.9,39530
2017-09-17,30.2,31.0,30.2,30.9,91041
2017-09-18,30.6,31.5,30.2,31.0,262891
2017-09-19,30.8,31.3,30.4,31.1,314180
2017-09-20,31.3,31.5,30.7,31.4,55985
2017-09-21,30.9,31.4,30.5,30.9,167149
2017-09-24,30.8,31.3,30.8,31.0,113717
2017-09-25,31.1,31.7,31.0,31.4,70661
2017-09-26,31.4,32.7,31.0,32.3,369094
2017-09-27,32.5,32.7,31.9,32.2,116512
2017-09-28,31.7,32.5,31.7,32.3,221427
2017-10-02,32.5,32.5,31.6,31.9,99892
2017-10-03,32.1,32.6,31.6,31.8,238168
2017-10-04,32.0,33.8,31.4,33.1,667686
2017-10-05,32.8,34.7,32.2,33.9,568129
2017-10-08,33.9,34.2,33.3,33.9,381227
2017-10-09,34.4,34.4,32.5,33.7,452289
2017-10-10,33.6,33.7,32.3,33.1,186146
2017-10-11,33.5,33.5,32.2,32.6,152648
2017-10-12,32.6,34.0,32.5,33.8,1056379
2017-10-15,33.0,34.4,33.0,34.2,316808
2017-10-16,33.7,34.7,33.0,34.2,261258
2017-10-17,33.6,34.7,33.4,34.5,239849
2017-10-18,34.5,35.0,33.6,34.8,207978
2017-10-19,34.2,34.8,34.1,34.7,73902
2017-10-22,34.5,34.9,34.1,34.6,241674
2017-10-23,34.4,35.2,33.7,34.7,159353
2017-10-24,34.8,35.0,34.3,34.8,35201
2017-10-25,34.7,34.9,34.0,34.8,103920
2017-10-26,34.0,35.0,34.0,34.8,191553
2017-10-29,34.5,34.9,34.0,34.4,28727
2017-10-30,34.3,35.0,34.0,34.9,262366
2017-10-31,35.0,35.0,34.7,34.9,63639
2017-11-01,34.9,35.3,34.1,34.4,166523
2017-11-02,34.4,34.8,34.0,34.6,105673
2017-11-05,34.1,34.9,34.0,34.7,201831
2017-11-06,34.3,34.8,34.0,34.5,172542
2017-11-07,34.2,34.6,34.0,34.5,114256
2017-11-08,34.3,34.6,34.1,34.5,189425
2017-11-09,34.6,35.0,33.8,34.4,328031
2017-11-12,33.3,34.8,33.3,34.6,155638
2017-11-13,34.6,34.6,33.6,34.4,104534
2017-11-14,34.4,34.9,34.0,34.6,339974
2017-11-15,34.5,35.3,34.2,35.1,235194
2017-11-16,35.1,35.4,34.9,35.2,286172
2017-11-19,35.2,35.7,34.5,35.1,286667
2017-11-20,35.0,35.3,34.7,35.2,206928
2017-11-21,35.1,35.2,34.0,34.7,253975
2017-11-22,34.8,35.5,33.9,34.5,124293
2017-11-23,34.9,35.0,33.1,34.6,168482
2017-11-26,34.6,34.8,33.8,34.3,96344
2017-11-27,34.1,34.3,32.4,34.0,142565
2017-11-28,33.6,34.4,33.2,34.0,211053
2017-11-29,34.3,34.5,34.0,34.3,181568
2017-11-30,34.1,34.7,34.0,34.3,185858
2017-12-03,34.5,34.6,33.9,34.3,119175
2017-12-04,34.4,34.5,33.6,34.1,77800
2017-12-05,34.1,34.3,33.4,34.2,62923
2017-12-06,34.2,34.3,33.7,34.1,30930
2017-12-07,34.1,34.5,34.0,34.3,297652
2017-12-10,33.9,34.3,33.5,34.1,200490
2017-12-11,33.9,34.1,33.4,34.0,88491
2017-12-12,34.1,34.1,33.0,34.0,78462
2017-12-13,33.6,34.1,33.0,33.9,74848
2017-12-14,34.1,34.4,33.9,34.0,662645
2017-12-17,34.0,34.0,33.2,33.9,691300
2017-12-18,33.8,34.0,33.0,33.7,214363
2017-12-19,33.6,33.7,32.6,33.4,331108
2017-12-20,33.3,33.3,31.9,32.4,187340
2017-12-21,33.1,33.2,32.0,32.8,172996
2017-12-24,32.5,32.5,31.1,32.1,21683
2017-12-26,32.5,32.8,31.5,32.5,28411
2017-12-27,31.9,32.2,31.2,31.9,16327
2017-12-28,32.0,32.8,32.0,32.6,10392
2018-01-01,32.2,32.8,32.1,32.7,197920
2018-01-02,32.5,32.6,32.5,32.6,792
2018-01-03,32.7,33.3,32.0,32.9,121493
2018-01-04,33.0,33.6,32.1,32.4,33852
2018-01-07,32.7,32.7,32.0,32.3,106460
2018-01-08,32.7,32.7,31.5,32.4,50760
2018-01-09,32.4,32.4,32.1,32.4,57546
2018-01-10,32.3,32.5,31.9,32.3,106833
2018-01-11,32.0,32.1,31.6,31.8,4800
2018-01-14,32.4,32.5,31.0,31.5,11450
2018-01-15,32.0,32.2,30.8,31.1,3000
2018-01-16,31.9,31.9,30.3,30.5,10042
2018-01-17,30.7,30.7,28.0,28.9,32088
2018-01-18,28.4,28.5,27.9,28.4,21705
2018-01-21,29.0,29.8,28.4,29.2,98732
2018-01-22,29.2,29.7,28.4,29.2,93294
2018-01-23,29.2,30.7,29.1,30.2,73700
2018-01-24,30.1,30.4,30.0,30.3,6476
2018-01-25,30.6,30.6,29.3,30.3,81949
2018-01-28,30.6,31.1,28.9,30.5,121654
2018-01-29,30.6,31.1,30.5,30.9,77396
2018-01-30,30.3,30.9,30.3,30.7,35608
2018-01-31,30.7,30.9,28.2,30.7,62208
2018-02-01,30.9,31.4,30.0,30.7,32400
2018-02-04,30.1,30.7,28.6,30.0,20150
2018-02-05,30.0,31.9,30.0,31.3,69500
2018-02-06,31.5,31.6,31.1,31.4,28608
2018-02-07,31.1,31.3,30.4,31.2,9925
2018-02-08,31.5,31.5,30.2,31.0,9670
2018-02-11,30.6,31.5,30.4,31.2,71058
2018-02-12,30.0,31.5,30.0,31.0,27912
2018-02-13,29.8,31.0,29.8,30.4,18952
2018-02-14,30.3,30.5,29.9,30.2,41228
2018-02-15,29.8,30.1,29.6,29.7,19236
2018-02-18,29.4,29.4,28.7,29.2,167187
2018-02-19,29.1,29.6,28.8,29.0,26866
2018-02-20,29.1,31.0,28.9,29.7,105835
2018-02-22,30.0,30.7,29.5,29.8,11903
2018-02-25,29.3,30.0,29.0,29.9,59269
2018-02-26,29.5,29.9,29.2,29.8,7310
2018-02-27,30.0,30.3,28.8,29.8,77098
2018-02-28,30.0,30.2,29.6,29.8,54454
2018-03-01,29.4,30.6,29.0,30.2,163693
2018-03-04,30.9,31.0,29.1,30.4,63471
2018-03-05,30.4,30.7,29.0,30.5,83124
2018-03-06,30.7,30.7,28.8,29.8,305377
2018-03-07,29.1,29.1,28.4,28.5,143345
2018-03-08,28.7,28.7,28.0,28.4,10271
2018-03-11,28.1,28.3,27.2,27.5,31619
2018-03-12,27.0,27.5,26.6,27.1,4964
2018-03-13,26.7,27.4,25.8,26.8,116148
2018-03-14,26.9,27.8,26.8,27.5,109638
2018-03-15,27.2,28.4,27.0,28.4,177863
2018-03-18,28.4,29.1,28.0,29.0,243405
2018-03-19,29.5,29.5,26.2,26.4,124551
2018-03-20,26.4,26.8,24.4,26.4,55653
2018-03-21,25.9,27.3,25.0,26.6,154287
2018-03-22,26.7,26.8,25.8,26.7,6990
2018-03-25,26.3,26.6,26.0,26.3,6520
2018-03-27,26.0,27.7,26.0,26.7,29025
2018-03-28,26.0,27.3,25.7,27.2,131450
2018-03-29,26.9,27.7,26.8,27.5,55021
2018-04-01,27.8,28.2,27.5,27.9,45497
2018-04-02,27.1,28.2,27.1,28.1,37304
2018-04-03,27.8,28.2,27.4,28.1,23448
2018-04-04,26.6,28.5,26.6,27.9,133641
2018-04-05,28.6,28.6,27.1,28.2,37913
2018-04-08,28.1,28.4,27.3,28.1,1333
2018-04-09,27.7,28.1,27.0,27.8,35865
2018-04-10,27.8,27.8,27.3,27.6,1420
2018-04-11,26.7,27.8,26.7,27.2,11295
2018-04-12,26.7,27.7,26.6,27.3,4496
2018-04-15,27.0,27.5,27.0,27.2,434
2018-04-16,27.0,27.4,26.5,27.2,6020
2018-04-17,26.7,27.4,26.6,26.8,8010
2018-04-18,26.5,27.2,26.0,27.0,112815
2018-04-19,28.0,28.0,26.0,27.1,44424
2018-04-22,27.5,27.5,26.5,27.4,77070
2018-04-23,27.5,27.6,27.3,27.5,38815
2018-04-24,27.5,27.7,26.8,27.0,8300
2018-04-25,26.7,28.8,26.6,28.1,47338
2018-04-26,28.8,29.3,27.4,29.0,51505
2018-04-30,29.0,29.3,28.7,29.2,126395
2018-05-03,29.0,29.4,29.0,29.3,29158
2018-05-06,29.0,29.5,28.7,29.2,105873
2018-05-07,29.3,29.4,28.0,29.3,118054
2018-05-08,28.5,30.0,28.5,29.8,160300
2018-05-09,28.6,29.4,28.5,29.4,47718
2018-05-10,29.9,29.9,26.5,27.2,74125
2018-05-13,27.7,27.7,27.7,27.7,550
2018-05-14,27.1,27.8,27.0,27.4,191043
2018-05-15,27.3,28.4,27.1,28.1,132348
2018-05-16,28.0,29.5,27.7,28.0,236147
2018-05-17,27.9,28.2,27.5,28.1,57227
2018-05-20,27.8,28.0,27.2,27.9,23168
2018-05-21,27.1,27.8,27.1,27.7,14598
2018-05-23,27.0,27.0,25.8,26.8,308071
2018-05-24,25.1,26.8,25.1,26.6,23438
2018-05-27,26.2,26.6,26.0,26.1,3105
2018-05-28,25.7,26.2,24.7,25.0,15046
2018-05-29,25.0,26.5,25.0,25.9,23544
2018-05-30,26.6,26.7,25.7,26.1,39650
2018-05-31,25.9,26.4,25.9,26.1,34192
2018-06-03,25.8,26.9,25.8,26.8,17859
2018-06-04,26.7,27.5,26.7,27.1,21428
2018-06-05,27.0,27.9,27.0,27.8,56969
2018-06-06,28.1,28.1,26.3,27.3,154335
2018-06-07,27.0,28.2,26.5,27.1,74115
2018-06-10,27.1,27.1,26.9,27.0,10375
2018-06-11,27.8,27.8,27.1,27.4,35510
2018-06-12,27.3,27.8,27.1,27.2,1859
2018-06-18,27.9,27.9,25.7,26.3,71250
2018-06-19,26.4,27.7,26.1,27.3,35467
2018-06-20,27.5,27.5,26.2,26.7,21125
2018-06-21,26.5,27.3,26.5,27.1,286134
2018-06-24,26.4,27.1,25.5,26.9,34491
2018-06-25,26.9,27.0,25.7,26.8,23767
2018-06-26,26.8,27.3,25.8,27.0,47494
2018-06-27,27.0,27.7,26.5,27.1,23961
2018-06-28,27.0,27.5,26.1,27.4,40326
2018-07-02,27.0,28.9,26.6,27.8,75623
2018-07-03,27.7,28.4,27.0,28.0,35373
2018-07-04,27.8,28.6,27.0,28.3,107768
2018-07-05,28.7,28.7,28.0,28.3,101840
2018-07-08,28.5,30.0,27.0,29.3,154661
2018-07-09,29.0,29.8,27.5,29.7,466322
2018-07-10,29.5,29.7,27.5,29.5,918042
2018-07-11,29.0,29.0,27.9,28.3,656754
2018-07-12,28.2,29.7,26.1,26.4,1638385
2018-07-15,26.4,26.5,25.5,26.0,61523
2018-07-16,24.9,26.4,24.9,26.3,22965
2018-07-17,26.0,26.0,25.0,25.7,275694
2018-07-18,25.4,25.7,25.1,25.6,27757
2018-07-19,24.3,25.4,24.3,24.9,26834
2018-07-22,24.5,24.8,23.8,23.8,106169
2018-07-23,23.7,24.2,23.6,23.8,77091
2018-07-24,23.0,24.2,23.7,23.9,41100
2018-07-25,23.0,24.5,22.5,23.3,29829
2018-07-26,23.8,23.8,22.9,23.1,23344
2018-07-29,23.1,24.5,22.5,24.0,67464
2018-07-30,23.8,24.4,23.0,23.8,14600
2018-07-31,23.9,25.9,23.5,24.4,36175
2018-08-01,24.0,24.3,24.0,24.1,9010
2018-08-02,24.1,24.1,23.8,23.9,9416
2018-08-05,24.2,25.2,24.2,24.7,115164
2018-08-06,24.0,24.1,23.5,23.7,51447
2018-08-07,24.1,24.4,23.1,23.7,9018
2018-08-08,23.7,23.7,23.0,23.1,30903
2018-08-09,23.2,23.3,22.7,22.9,25525
2018-08-12,23.2,23.4,22.2,22.4,71226
2018-08-13,22.2,23.5,21.8,22.1,36602
2018-08-14,22.0,22.0,21.1,21.7,54528
2018-08-16,22.5,23.1,22.4,22.7,41899
2018-08-19,23.2,24.2,22.9,23.2,278089
2018-08-20,23.3,23.5,22.8,23.2,81930
2018-08-26,23.4,23.4,22.9,23.0,33650
2018-08-27,22.9,22.9,21.9,22.3,83040
2018-08-28,22.3,22.6,21.9,22.1,77506
2018-08-29,22.5,22.5,21.2,21.5,167585
2018-08-30,21.6,21.8,21.0,21.1,156789
2018-09-03,21.1,21.5,20.5,20.8,143685
2018-09-04,21.5,21.5,20.2,20.6,59143
2018-09-05,20.5,21.1,20.0,20.5,92919
2018-09-06,20.5,20.9,20.0,20.1,166095
2018-09-09,20.2,20.4,20.0,20.1,83792
2018-09-10,20.1,20.6,20.0,20.2,159148
2018-09-11,20.5,20.7,20.4,20.5,70843
2018-09-12,20.5,20.5,20.2,20.3,62030
2018-09-13,20.4,20.7,20.1,20.2,67580
2018-09-16,21.0,21.4,20.4,21.0,84076
2018-09-17,20.7,20.9,20.4,20.5,26257
2018-09-18,20.4,21.2,20.3,21.0,76414
2018-09-19,21.4,21.4,20.9,21.0,81698
2018-09-20,20.3,21.2,20.3,21.2,24459
2018-09-23,20.7,21.8,20.7,21.0,1312032
2018-09-24,21.3,21.3,20.7,20.9,75586
2018-09-25,20.4,21.5,20.4,21.3,64691
2018-09-26,21.7,23.2,21.5,22.0,270956
2018-09-27,22.3,22.6,21.4,21.8,201493
2018-09-30,22.1,22.9,21.7,22.4,213048
2018-10-01,22.7,23.7,22.7,23.0,243206
2018-10-02,22.8,22.8,21.0,21.1,386080
2018-10-03,21.3,21.9,21.3,21.4,79259
2018-10-04,21.4,22.1,21.4,21.5,113693
2018-10-07,21.5,21.5,21.1,21.2,85185
2018-10-08,21.3,21.5,20.8,21.0,142079
2018-10-09,21.0,21.5,21.0,21.1,96321
2018-10-10,21.1,21.4,20.8,20.9,60846
2018-10-11,21.0,21.3,20.7,20.9,55169
2018-10-14,21.2,21.2,20.6,20.8,55765
2018-10-15,21.0,21.0,20.1,20.3,41225
2018-10-16,20.4,21.0,20.2,20.5,58504
2018-10-17,20.8,21.0,20.1,20.2,65574
2018-10-18,20.2,20.7,20.0,20.2,68541
2018-10-21,20.3,20.3,19.6,20.1,55536
2018-10-22,19.6,20.1,19.4,19.5,23600
2018-10-23,19.3,20.0,19.0,19.6,61294
2018-10-24,19.5,20.0,19.3,19.7,22171
2018-10-25,19.7,20.1,19.5,19.6,12060
2018-10-28,19.6,20.3,19.6,19.8,23391
2018-10-29,20.0,20.5,19.9,20.4,68905
2018-10-30,20.7,20.7,20.3,20.5,33384
2018-10-31,20.1,20.6,20.1,20.4,67983
2018-11-01,20.3,20.7,19.7,19.9,138621
2018-11-04,20.0,20.2,19.6,19.9,17510
2018-11-05,20.2,20.2,19.6,19.8,16165
2018-11-06,19.6,20.3,19.5,20.0,52709
2018-11-07,20.3,20.3,20.0,20.2,37836
2018-11-08,20.3,20.4,19.8,20.1,80640
2018-11-11,20.2,20.5,20.0,20.2,31300
2018-11-12,20.1,20.5,20.1,20.4,109791
2018-11-13,20.4,20.4,19.9,20.0,23726
2018-11-14,20.2,20.3,19.9,20.2,24177
2018-11-15,20.2,20.3,20.1,20.3,25382
2018-11-18,20.1,21.0,20.1,20.4,41460
2018-11-19,20.7,20.7,20.2,20.5,8216
2018-11-20,20.5,20.7,19.9,20.1,38965
2018-11-22,20.1,20.1,20.0,20.1,15515
2018-11-25,20.2,20.2,20.0,20.1,15800
2018-11-26,20.4,20.4,19.4,19.9,23996
2018-11-27,20.1,20.1,19.7,19.9,44626
2018-11-28,20.2,20.2,19.9,20.1,34042
2018-11-29,20.0,20.3,20.0,20.2,44669
2018-12-02,20.2,20.9,20.1,20.7,160993
2018-12-03,20.7,22.0,20.0,20.2,641911
2018-12-04,20.6,22.0,20.5,21.0,801928
2018-12-05,21.6,23.0,21.3,23.0,605472
2018-12-06,22.9,23.7,21.9,22.1,257550
2018-12-09,22.5,23.0,22.0,22.6,324352
2018-12-10,22.6,23.0,21.5,21.6,192275
2018-12-11,21.8,21.8,20.3,20.8,347865
2018-12-12,21.4,22.5,21.3,22.5,189184
2018-12-13,22.8,23.0,22.0,22.4,409609
2018-12-17,22.8,23.0,22.0,22.4,229899
2018-12-18,22.7,22.7,21.8,22.0,69884
2018-12-19,22.0,22.8,21.8,22.4,258725
2018-12-20,22.8,23.4,22.3,22.5,288435
2018-12-23,22.3,22.4,21.5,21.7,141371
2018-12-24,21.9,21.9,21.4,21.5,46941
2018-12-26,22.1,22.1,21.5,21.6,99801
2018-12-27,21.6,21.9,21.4,21.7,128339
2019-01-01,21.9,22.8,21.7,22.2,290985
2019-01-02,22.5,23.1,22.4,22.9,447388
2019-01-03,23.1,24.9,22.9,24.4,616019
2019-01-06,24.5,24.7,23.6,24.0,323107
2019-01-07,24.0,26.4,23.2,25.7,2019099
2019-01-08,26.2,28.1,26.2,27.4,1345530
2019-01-09,27.5,27.8,26.2,27.0,1220963
2019-01-10,27.1,28.8,26.7,28.0,983802
2019-01-13,28.0,28.3,26.6,26.9,1045381
2019-01-14,27.0,27.5,26.1,26.6,921711
2019-01-15,27.2,27.4,26.7,27.2,774462
2019-01-16,27.6,29.0,27.5,27.8,1211262
2019-01-17,27.8,28.9,26.6,27.1,1595778
2019-01-20,27.3,27.3,25.4,26.1,588979
2019-01-21,26.1,27.2,24.8,25.3,978162
2019-01-22,25.3,26.1,24.7,24.9,434386
2019-01-23,25.0,26.8,25.0,26.0,651290
2019-01-24,28.6,28.6,27.6,28.1,1216886
2019-01-27,29.4,30.3,28.1,28.6,1980402
2019-01-28,28.6,28.8,26.0,26.5,752134
2019-01-29,27.2,28.5,26.1,26.9,630091
2019-01-30,27.3,28.1,26.7,27.0,484974
2019-01-31,27.0,27.7,26.8,27.0,415551
2019-02-03,27.6,28.5,27.0,27.5,582181
2019-02-04,27.5,27.5,25.1,25.3,489938
2019-02-05,25.6,26.0,24.0,24.8,408974
2019-02-06,25.1,26.0,25.0,25.4,297752
2019-02-07,25.6,26.2,24.2,24.3,326435
2019-02-10,23.9,24.0,22.6,22.8,290010
2019-02-11,22.9,24.6,22.9,24.1,265178
2019-02-12,24.3,24.7,22.9,23.5,293653
2019-02-13,23.4,24.4,22.9,24.1,261890
2019-02-14,24.1,26.1,24.1,25.3,712156
2019-02-17,25.9,25.9,24.7,25.0,112590
2019-02-18,25.7,25.7,23.4,23.9,318299
2019-02-19,24.4,24.7,23.8,24.1,197532
2019-02-20,24.0,24.8,23.4,24.3,147346
2019-02-24,24.1,24.4,23.5,24.0,134003
2019-02-25,24.0,24.6,23.6,23.8,170212
2019-02-26,24.3,25.3,24.3,24.5,580890
2019-02-27,24.7,25.0,23.2,24.0,481681
2019-03-03,24.0,24.1,23.1,23.3,166318
2019-03-04,23.4,23.8,22.8,22.9,218779
2019-03-05,23.1,23.2,22.4,22.6,127803
2019-03-06,22.7,22.9,22.3,22.4,132937
2019-03-07,22.9,23.2,22.4,22.9,197996
2019-03-10,22.9,24.0,22.7,23.1,221860
2019-03-11,23.2,23.2,22.6,22.7,152459
2019-03-12,22.7,22.9,22.1,22.3,207183
2019-03-13,22.4,22.4,21.3,21.6,124433
2019-03-14,21.7,22.1,20.7,21.0,139567
2019-03-18,20.8,21.0,20.0,20.9,169957
2019-03-19,20.7,21.5,20.4,21.2,119824
2019-03-20,20.9,21.0,20.2,20.4,101544
2019-03-21,20.2,21.2,20.1,21.1,111692
2019-03-24,21.0,21.0,20.5,20.7,37480
2019-03-25,20.8,20.8,20.1,20.2,99883
2019-03-27,20.3,20.6,20.0,20.1,155676
2019-03-28,20.4,20.8,20.1,20.2,95934
2019-03-31,20.5,20.7,20.2,20.3,69956
2019-04-01,20.3,21.9,20.3,21.6,238470
2019-04-02,22.0,22.5,21.2,21.4,159503
2019-04-03,21.6,21.6,20.6,20.7,195877
2019-04-04,20.7,21.3,20.5,20.8,125995
2019-04-07,21.4,21.4,20.1,20.3,112432
2019-04-08,20.2,20.2,19.8,20.0,90375
2019-04-09,20.7,20.7,19.4,19.6,62093
2019-04-10,19.7,20.4,19.7,20.3,136262
2019-04-11,19.8,20.5,19.8,20.0,70560
2019-04-15,20.1,20.2,19.9,20.0,42742
2019-04-16,19.5,20.0,19.2,19.7,89917
2019-04-17,19.6,20.3,19.5,19.9,176814
2019-04-18,20.2,20.3,20.0,20.1,117707
2019-04-21,20.1,20.6,19.5,19.6,85721
2019-04-23,19.5,19.8,19.3,19.4,48870
2019-04-24,19.2,19.2,18.5,18.7,75611
2019-04-25,19.5,19.5,18.0,18.1,107367
2019-04-28,18.4,18.4,17.2,17.4,109724
2019-04-29,17.8,18.0,17.6,17.6,84120
2019-04-30,17.8,18.5,17.7,17.7,131445
2019-05-02,18.0,19.0,18.0,18.7,174394
2019-05-05,18.8,19.9,18.8,19.3,221628
2019-05-06,19.1,19.4,18.6,18.8,148544
2019-05-07,19.0,19.0,18.3,18.4,70806
2019-05-08,18.8,18.8,18.2,18.6,30540
2019-05-09,18.7,18.7,18.4,18.5,13756
2019-05-12,18.5,18.8,18.3,18.4,48457
2019-05-13,18.6,18.6,18.4,18.5,14110
2019-05-14,18.3,18.4,18.3,18.4,29670
2019-05-15,18.5,18.7,18.4,18.6,62360
2019-05-16,18.7,18.8,18.5,18.7,81779
2019-05-19,19.0,19.8,18.8,19.6,390055
2019-05-20,19.5,19.7,18.7,18.8,80275
2019-05-21,18.5,19.4,18.5,19.2,259757
2019-05-22,19.4,21.0,19.4,20.7,625789
2019-05-23,21.0,21.8,20.7,21.4,509285
2019-05-26,21.8,22.1,20.9,21.8,1062248
2019-05-28,21.3,21.4,20.6,21.0,410385
2019-05-29,20.7,21.4,20.7,21.0,89030
2019-05-30,21.4,21.7,20.9,21.2,371377
2019-06-09,21.7,21.7,20.6,21.0,117976
2019-06-10,20.9,21.2,20.5,21.1,144993
2019-06-11,21.4,21.7,20.8,21.0,294582
2019-06-12,21.4,22.0,20.5,21.9,667577
2019-06-13,22.1,23.7,21.9,23.3,1451955
2019-06-16,23.3,24.3,22.5,23.0,584079
2019-06-17,22.8,25.2,22.7,24.8,1219281
2019-06-18,24.8,25.8,24.2,24.5,1101447
2019-06-19,24.7,25.4,23.9,24.3,592114
2019-06-20,24.0,24.3,23.0,23.4,260448
2019-06-23,23.4,23.7,22.7,23.4,177200
2019-06-24,23.3,24.0,23.3,23.5,367072
2019-06-25,23.5,23.5,22.2,22.6,168141
2019-06-26,22.6,23.0,22.5,22.8,109232
2019-06-27,22.9,23.5,22.5,22.7,277507
2019-06-30,22.8,23.0,21.8,21.9,132131
2019-07-02,21.6,22.2,21.4,21.8,124085
2019-07-03,22.0,23.1,22.0,22.9,300801
2019-07-04,23.0,23.5,22.8,23.4,250782
2019-07-07,23.7,24.7,23.4,24.4,812770
2019-07-08,24.5,25.0,24.0,24.6,507017
2019-07-09,24.4,25.4,23.6,24.1,589670
2019-07-10,24.0,25.8,23.8,24.6,688057
2019-07-11,25.3,25.3,24.1,25.1,382486
2019-07-14,25.4,25.6,23.5,24.3,547214
2019-07-15,24.5,24.6,22.0,22.6,381030
2019-07-16,22.9,23.5,22.0,22.4,233966
2019-07-17,22.8,23.5,22.6,23.2,261593
2019-07-18,22.9,23.2,22.6,22.8,226881
2019-07-21,23.5,23.5,22.6,22.9,218478
2019-07-22,22.7,22.9,22.3,22.6,173665
2019-07-23,22.8,23.2,22.5,22.7,198767
2019-07-24,22.9,23.8,22.7,23.6,344866
2019-07-25,23.8,23.9,22.7,22.8,280405
2019-07-28,22.7,23.3,22.2,22.3,340590
2019-07-29,22.3,22.9,22.3,22.6,165894
2019-07-30,23.1,23.1,22.4,22.6,179512
2019-07-31,22.3,22.6,21.9,22.1,155616
2019-08-01,22.3,22.5,21.9,22.1,258694
2019-08-04,22.2,22.7,22.0,22.3,269129
2019-08-05,22.4,22.4,21.8,21.9,131712
2019-08-06,22.1,22.1,21.8,21.8,114092
2019-08-07,22.0,22.2,21.8,21.9,80254
2019-08-08,21.9,22.5,21.9,22.3,175692
2019-08-18,22.5,23.3,22.5,23.1,196070
2019-08-19,23.4,23.5,22.8,23.1,224870
2019-08-20,23.2,23.4,22.7,23.3,147045
2019-08-21,23.3,23.6,23.1,23.2,135764
2019-08-22,22.9,23.3,22.9,23.0,96845
2019-08-25,23.2,23.2,22.2,22.5,337239
2019-08-26,22.6,22.6,22.3,22.4,93223
2019-08-27,22.4,22.4,22.0,22.1,93754
2019-08-28,22.4,22.4,21.8,21.9,111168
2019-08-29,21.9,22.2,21.5,21.7,60971
2019-09-01,22.2,22.2,21.5,21.7,31358
2019-09-02,21.7,22.0,21.4,21.8,189445
2019-09-03,21.7,22.0,21.5,21.9,45627
2019-09-04,22.0,22.3,21.8,22.0,65410
2019-09-05,22.2,22.2,21.8,22.0,165852
2019-09-08,22.0,22.2,21.5,21.7,75727
2019-09-09,21.7,21.9,20.5,21.1,134634
2019-09-11,21.5,21.9,20.6,20.8,179443
2019-09-12,21.5,21.7,20.8,21.0,125169
2019-09-15,21.5,23.1,20.6,23.0,355609
2019-09-16,23.2,23.7,22.7,22.9,474840
2019-09-17,22.8,23.5,22.7,23.1,232191
2019-09-18,23.4,24.0,23.1,23.8,572525
2019-09-19,23.9,24.4,22.4,22.5,202027
2019-09-22,22.9,23.2,22.5,22.8,146516
2019-09-23,23.2,23.6,22.8,23.4,299380
2019-09-24,23.7,24.3,23.4,24.0,408938
2019-09-25,24.0,24.8,24.0,24.3,840590
2019-09-26,24.1,25.2,24.0,25.0,645749
2019-09-29,25.0,25.2,24.1,24.3,340842
2019-09-30,23.9,24.8,23.5,23.8,385563
2019-10-01,23.9,24.2,23.6,23.7,274376
2019-10-02,23.8,24.3,23.5,24.0,242613
2019-10-03,24.0,24.3,23.6,23.7,123680
2019-10-06,23.4,23.7,23.0,23.1,297246
2019-10-07,23.2,23.2,22.6,22.7,102149
2019-10-09,22.6,23.1,22.6,22.9,64986
2019-10-10,22.7,23.1,22.5,22.7,97426
2019-10-13,23.1,23.1,21.9,22.0,105467
2019-10-14,22.0,22.5,21.9,22.0,84101
2019-10-15,22.5,22.8,22.3,22.7,63453
2019-10-16,22.6,23.3,22.2,22.9,190225
2019-10-17,23.3,24.9,23.0,24.7,1155537
2019-10-20,24.9,25.2,24.3,24.9,926440
2019-10-21,25.0,25.8,24.7,25.1,1192581
2019-10-22,25.6,25.6,23.8,24.0,227772
2019-10-23,23.9,24.6,23.6,24.1,178424
2019-10-24,24.3,24.5,23.8,23.9,102898
2019-10-27,23.9,24.2,23.2,24.0,116900
2019-10-28,24.3,24.4,23.6,23.8,142309
2019-10-29,23.5,24.0,23.0,23.1,124556
2019-10-30,23.3,23.7,23.0,23.2,139405
2019-10-31,23.4,23.6,22.9,23.1,264414
2019-11-03,23.0,23.4,22.8,23.2,151551
2019-11-04,23.0,23.2,22.9,23.0,69250
2019-11-05,22.9,23.3,22.7,22.8,113513
2019-11-06,22.8,23.0,22.6,22.7,99755
2019-11-07,23.1,23.5,23.1,23.3,128589
2019-11-11,23.5,23.5,23.0,23.1,138097
2019-11-12,23.0,23.8,23.0,23.5,405129
2019-11-13,23.8,24.3,23.2,23.5,356072
2019-11-14,23.6,23.7,23.2,23.4,149393
2019-11-17,23.5,23.9,23.2,23.4,317442
2019-11-18,23.5,24.2,23.3,24.0,438454
2019-11-19,24.1,24.4,23.6,23.7,309203
2019-11-20,24.0,24.5,23.4,24.3,279732
2019-11-21,24.5,25.0,24.2,24.5,560386
2019-11-24,24.8,24.8,23.9,24.1,585603
2019-11-25,24.0,24.5,23.9,24.3,521313
2019-11-26,24.2,24.5,23.9,24.0,287642
2019-11-27,23.8,24.3,23.6,23.7,219522
2019-11-28,23.8,23.9,23.5,23.7,159721
2019-12-01,23.8,24.3,23.6,24.1,414231
2019-12-02,24.2,24.3,23.9,24.1,232768
2019-12-03,24.4,24.7,24.0,24.5,409976
2019-12-04,24.8,26.4,24.8,25.5,1857338
2019-12-05,25.8,25.8,25.0,25.1,258971
2019-12-08,25.1,25.2,23.8,23.9,342228
2019-12-09,24.5,24.5,23.6,24.2,260363
2019-12-10,24.4,24.8,23.4,23.6,206151
2019-12-11,24.0,24.4,23.4,23.9,499126
2019-12-12,24.5,25.6,24.5,24.7,1139432
2019-12-15,25.3,25.5,24.6,24.9,620932
2019-12-17,25.2,25.2,24.3,24.3,524318
2019-12-18,24.5,25.39999962,24.10000038,25.29999924,456665
2019-12-19,25.39999962,25.60000038,24.79999924,25.0,473514
2019-12-22,25.1,25.5,24.7,24.8,342963
2019-12-23,24.5,25.0,24.4,24.6,237993
2019-12-24,25.2,25.3,24.1,24.3,235206
2019-12-26,24.8,24.9,24.2,24.3,184323
2019-12-29,24.5,24.5,24.0,24.2,213552
2019-12-30,24.2,24.9,23.9,24.4,190378
2020-01-01,24.8,25.2,24.4,24.6,217745
2020-01-02,24.8,24.9,24.5,24.6,140094
2020-01-05,24.6,24.7,24.0,24.1,191935
2020-01-06,24.1,24.4,23.8,23.9,135798
2020-01-07,24.2,24.2,23.9,24.0,127110
2020-01-08,24.0,24.2,23.1,23.6,181783
2020-01-09,24.2,24.2,22.9,23.1,91914
2020-01-12,23.0,23.8,23.0,23.4,57139
2020-01-13,23.6,23.7,22.3,22.7,134545
2020-01-14,22.7,22.7,20.7,21.3,211495
2020-01-15,22.6,22.6,21.8,22.2,47910
2020-01-16,22.4,23.4,21.7,23.2,250931
2020-01-19,23.9,24.5,23.8,24.4,389283
2020-01-20,24.4,24.6,23.7,23.9,319524
2020-01-21,23.8,24.6,23.8,24.5,504597
2020-01-22,24.3,25.1,24.2,24.8,426969
2020-01-23,24.9,25.8,24.9,25.6,509568
2020-01-26,25.5,26.4,25.3,25.4,440134
2020-01-27,25.2,25.5,24.9,25.2,327288
2020-01-28,25.8,26.0,25.0,25.4,319943
2020-01-29,25.5,25.8,25.1,25.5,486550
2020-01-30,25.7,26.9,25.7,26.5,2094139
2020-02-02,27.5,28.7,27.4,28.6,1427520
2020-02-03,28.2,28.8,28.1,28.6,1336160
2020-02-04,28.6,28.9,27.1,27.5,1421598
2020-02-05,27.6,28.2,26.9,28.0,699090
2020-02-06,28.2,29.7,27.9,29.3,1817791
2020-02-09,29.4,30.0,28.1,28.4,976062
2020-02-10,28.6,28.9,28.0,28.7,856526
2020-02-11,29.2,29.5,28.4,28.6,348369
2020-02-12,28.6,29.8,28.6,29.4,1640009
2020-02-13,29.6,30.5,29.2,30.3,1347369
2020-02-16,30.3,30.5,29.4,29.8,1301805
2020-02-17,29.6,30.2,29.2,29.5,677490
2020-02-18,29.5,29.9,28.4,28.8,1141305
2020-02-19,29.1,29.1,27.3,27.5,1225863
2020-02-20,27.3,28.3,27.3,28.0,345030
2020-02-23,28.0,28.4,27.5,28.0,300603
2020-02-24,27.6,28.2,26.9,27.1,173352
2020-02-25,27.0,27.5,26.6,27.1,90427
2020-02-26,27.2,27.2,25.4,26.5,103249
2020-02-27,26.9,26.9,25.1,25.2,173870
2020-03-01,26.0,26.0,23.9,24.6,40643
2020-03-02,25.0,25.6,24.2,25.2,146075
2020-03-03,25.5,25.9,24.7,24.9,111547
2020-03-04,24.9,24.9,23.9,24.6,176892
2020-03-05,24.1,24.6,24.1,24.4,109134
2020-03-08,25.0,25.0,24.0,24.2,40398
2020-03-09,23.0,24.5,21.8,21.9,118011
2020-03-10,22.9,23.5,21.7,23.0,45737
2020-03-11,23.7,24.0,23.2,23.7,62629
2020-03-12,23.6,23.6,21.7,22.4,52222
2020-03-15,23.0,23.3,20.6,21.4,462745
2020-03-16,21.4,21.4,19.0,19.5,86029
2020-03-18,19.6,21.0,17.8,18.0,22470
2020-03-19,22.4,22.4,22.4,22.4,1
2020-03-22,22.4,22.4,20.9,22.0,37110
2020-03-23,20.9,21.7,20.9,20.9,21009
2020-03-24,20.9,20.9,20.9,20.9,6322
2020-03-25,20.9,21.4,20.9,21.0,11316
2020-05-31,21.0,21.0,21.0,21.0,900
2020-06-01,21.0,21.0,21.0,21.0,2620
2020-06-02,21.0,21.0,21.0,21.0,2620
2020-06-03,21.0,21.0,21.0,21.0,6000
2020-06-04,21.0,21.0,21.0,21.0,10000
2020-06-07,21.0,21.0,21.0,21.0,10000
2020-06-08,21.0,21.0,21.0,21.0,15170
2020-06-09,21.0,21.0,21.0,21.0,10510
2020-06-10,21.0,21.0,21.0,21.0,5029
2020-06-11,21.0,21.0,21.0,21.0,580
2020-06-14,20.9,20.9,20.9,20.9,421
2020-06-15,20.9,20.9,20.9,20.9,580
2020-06-17,20.9,20.9,20.9,20.9,564
2020-06-18,20.9,20.9,20.9,20.9,3170
2020-06-22,20.9,20.9,20.9,20.9,611
2020-06-23,20.9,20.9,20.9,20.9,1100
2020-06-24,20.9,20.9,20.9,20.9,500
2020-06-25,20.9,20.9,20.9,20.9,110
2020-06-28,20.9,20.9,20.9,20.9,500
2020-06-29,20.9,20.9,20.9,20.9,70
2020-06-30,20.9,20.9,20.9,20.9,4090
2020-07-02,20.9,20.9,20.9,20.9,500
2020-07-05,20.9,22.0,20.9,20.9,133641
2020-07-06,20.9,22.0,20.9,21.2,19946
2020-07-07,21.7,21.7,21.1,21.3,55795
2020-07-08,21.3,22.4,21.3,22.3,171904
2020-07-09,22.1,22.3,21.2,21.4,44118
2020-07-12,21.4,21.5,21.0,21.0,41122
2020-07-13,21.3,21.7,20.9,20.9,172309
2020-07-14,21.2,21.7,20.9,20.9,77015
2020-07-15,21.2,21.6,21.1,21.4,96773
2020-07-16,21.5,23.2,21.2,22.5,301826
2020-07-19,22.7,23.7,22.2,22.9,288449
2020-07-20,22.9,23.9,22.8,23.5,655901
2020-07-21,23.5,23.5,22.6,22.9,611242
2020-07-22,23.0,23.2,22.2,22.4,644246
2020-07-23,22.3,23.2,22.2,23.1,375967
2020-07-26,23.1,24.0,23.1,23.9,609382
2020-07-27,24.1,25.4,24.0,25.0,999186
2020-07-28,25.3,25.6,24.9,25.3,1044372
2020-07-29,25.3,26.1,25.0,25.4,952873
2020-07-30,25.5,26.0,24.9,25.9,645099
2020-08-03,26.0,28.2,26.0,27.5,751864
2020-08-04,27.5,27.8,26.7,27.3,587448
2020-08-05,27.3,29.1,27.1,28.9,1268160
2020-08-06,29.0,29.0,27.4,27.6,1131600
2020-08-09,27.6,28.3,26.8,27.8,1177040
2020-08-10,28.0,28.5,27.4,27.7,632924
2020-08-12,27.6,28.1,27.0,27.3,520313
2020-08-16,27.4,29.8,27.3,28.3,2147519
2020-08-17,28.6,29.5,28.3,28.5,631936
2020-08-18,28.6,29.4,28.2,28.9,956044
2020-08-19,29.1,30.2,28.4,28.5,572505
2020-08-20,28.2,28.2,26.8,27.0,456775
2020-08-23,27.8,28.5,27.0,27.2,215269
2020-08-24,27.2,27.6,26.5,26.5,239391
2020-08-25,27.1,27.2,24.8,25.7,288057
2020-08-26,26.2,26.8,25.3,26.4,83043
2020-08-27,26.8,26.8,25.3,25.6,120272
2020-08-31,25.7,25.9,24.6,24.8,168295
2020-09-01,25.4,25.5,24.6,25.3,122905
2020-09-02,25.3,25.7,24.7,24.9,115473
2020-09-03,24.7,24.8,23.9,24.0,322225
2020-09-06,24.3,24.8,24.1,24.5,66454
2020-09-07,24.5,24.9,24.2,24.4,218494
2020-09-08,25.1,25.1,23.8,24.0,179233
2020-09-09,24.7,26.4,24.0,26.1,368593
2020-09-10,26.6,26.7,24.8,25.9,160312
2020-09-13,25.9,26.5,25.6,26.0,400975
2020-09-14,26.0,27.7,26.0,26.8,420957
2020-09-15,26.5,28.9,26.0,28.7,894103
2020-09-16,29.0,29.0,27.4,27.7,702496
2020-09-17,27.3,28.5,27.3,28.3,479305
2020-09-20,28.5,29.8,28.5,29.2,1197365
2020-09-21,29.5,29.9,28.0,28.4,1384194
2020-09-22,28.0,29.4,27.8,29.1,668327
2020-09-23,29.4,32.0,29.4,31.1,1356743
2020-09-24,31.5,32.4,30.0,31.9,899519
2020-09-27,31.9,34.2,31.9,32.6,1735537
2020-09-28,32.1,32.8,30.6,31.1,662860
2020-09-29,30.4,32.1,30.4,31.8,665219
2020-09-30,32.0,32.6,30.8,31.1,758909
2020-10-01,31.2,31.6,30.2,30.4,782917
2020-10-04,30.5,33.4,30.1,33.4,1540043
2020-10-05,36.4,36.7,34.6,36.7,1019613
2020-10-06,40.3,40.3,34.3,36.8,5142456
2020-10-07,37.0,40.4,36.6,38.9,2330211
2020-10-08,38.2,42.0,38.1,41.3,5072369
2020-10-11,41.7,43.5,40.1,40.7,2088341
2020-10-12,40.9,41.9,36.7,36.8,1826545
2020-10-13,36.8,38.4,33.8,35.0,1493613
2020-10-14,35.9,36.2,31.5,31.8,1609694
2020-10-15,32.0,34.9,31.1,34.9,1070350
2020-10-18,35.5,38.0,35.3,36.9,1347998
2020-10-19,37.9,38.5,35.2,38.2,1823533
2020-10-20,39.0,39.6,36.2,36.8,1955093
2020-10-21,36.8,40.3,36.4,39.7,1691220
2020-10-22,40.4,42.8,39.2,40.6,2241322
2020-10-25,41.0,43.7,40.0,41.5,2274607
2020-10-27,41.6,44.5,40.1,44.2,2170402
2020-10-28,45.5,47.5,43.6,44.4,2032572
2020-10-29,44.1,44.5,40.0,40.0,1408733
2020-11-01,40.0,44.0,39.0,42.2,1731923
2020-11-02,42.7,44.6,42.1,42.4,1776935
2020-11-03,43.0,43.7,40.4,42.5,1219993
2020-11-04,43.0,46.7,43.0,46.7,2964532
2020-11-05,47.5,49.3,44.9,45.2,1660971
2020-11-08,45.2,46.4,42.9,43.1,1908113
2020-11-09,43.3,44.4,41.6,42.6,997816
2020-11-10,42.6,44.3,41.7,41.9,1048107
2020-11-11,41.9,42.3,38.1,38.5,1260507
2020-11-12,38.8,42.3,38.6,42.2,821671
2020-11-15,42.8,44.2,42.2,42.5,1727312
2020-11-16,42.5,44.7,42.4,42.6,893199
2020-11-17,43.0,46.7,43.0,45.5,2562204
2020-11-18,46.0,47.2,43.8,44.3,1297632
2020-11-19,45.0,45.1,42.8,43.1,715976
2020-11-22,43.9,44.1,42.7,43.0,654695
2020-11-23,43.9,46.4,43.1,45.9,1582399
2020-11-24,46.7,46.7,43.8,44.4,1884213
2020-11-25,44.6,46.8,44.4,46.5,1509711
2020-11-26,47.3,50.5,46.2,48.5,2970951
2020-11-29,48.6,52.0,48.4,51.2,1841565
2020-11-30,52.2,52.6,49.1,49.4,1761180
2020-12-01,49.9,52.3,48.2,51.7,1299038
2020-12-02,52.9,54.2,50.8,51.3,1718736
2020-12-03,51.5,52.9,50.0,51.6,1146624
2020-12-06,52.7,53.1,49.3,49.7,1426732
2020-12-07,50.0,51.0,48.3,49.5,1082824
2020-12-08,49.9,52.0,49.9,51.5,959694
2020-12-09,52.1,53.2,50.0,50.8,920234
2020-12-10,50.9,52.9,50.3,51.9,1218220
2020-12-13,50.0,51.6,49.2,49.8,873104
2020-12-14,50.6,51.6,49.6,49.9,922473
2020-12-15,50.3,52.0,50.2,50.5,866705
2020-12-17,51.8,51.8,49.1,49.5,612715
2020-12-20,50.5,51.4,49.9,50.9,626774
2020-12-21,52.0,53.5,50.7,51.3,2187878
2020-12-22,51.8,55.8,50.8,54.3,1311395
2020-12-23,55.1,57.7,53.8,55.2,1743109
2020-12-24,56.4,56.4,52.3,52.8,1132809
2020-12-27,54.0,54.0,50.9,51.4,998182
2020-12-28,51.5,53.0,50.7,51.4,711695
2020-12-29,52.4,52.5,51.0,51.2,682191
2020-12-30,52.1,52.8,50.6,50.8,891894
2021-01-03,51.4,51.6,49.5,50.1,834794
2021-01-04,50.8,52.5,49.9,50.1,734554
2021-01-05,50.3,50.8,47.8,48.1,916787
2021-01-06,48.5,48.8,43.8,45.3,513389
2021-01-07,45.6,46.9,44.5,45.8,381166
2021-01-10,46.3,47.9,45.0,45.1,311417
2021-01-11,45.0,46.0,43.0,45.6,611475
2021-01-12,46.6,47.5,43.8,44.1,478220
2021-01-13,45.0,45.0,40.4,41.4,359715
2021-01-14,42.3,43.0,39.2,41.2,774905
2021-01-17,41.3,43.6,41.3,43.0,568329
2021-01-18,43.0,44.6,42.7,43.1,424497
2021-01-19,47.3,47.4,45.2,47.4,334600
2021-01-20,52.1,52.1,47.1,48.9,2383636
2021-01-21,49.5,49.9,47.0,47.4,576688
2021-01-24,46.9,49.9,45.5,49.8,765596
2021-01-25,50.9,51.9,49.2,49.4,826529
2021-01-26,49.4,50.0,47.1,47.4,528914
2021-01-27,46.8,49.3,46.5,46.9,222619
2021-01-28,47.2,48.2,45.7,46.2,240726
2021-01-31,46.0,46.8,44.0,44.1,141915
2021-02-01,45.5,48.2,44.5,47.9,247926
2021-02-02,48.0,49.3,45.9,46.2,233430
2021-02-03,45.7,46.0,44.8,45.6,141420
2021-02-04,45.9,46.9,45.1,45.3,119171
2021-02-07,46.8,47.4,45.8,46.0,214036
2021-02-08,45.8,46.3,43.0,43.4,197315
2021-02-09,43.5,45.6,43.5,45.1,117251
2021-02-10,45.5,46.1,44.5,44.8,147280
2021-02-11,44.4,44.5,43.3,43.5,167305
2021-02-14,43.3,43.3,41.1,41.5,103462
2021-02-15,42.8,42.9,41.7,42.2,143975
2021-02-16,42.2,42.5,39.4,39.9,213227
2021-02-17,40.0,43.8,40.0,43.8,496858
2021-02-18,43.9,45.7,42.1,42.4,236910
2021-02-22,41.9,42.0,41.1,41.2,93491
2021-02-23,41.6,42.0,40.4,40.6,88815
2021-02-24,42.5,43.4,41.0,42.2,88426
2021-02-25,42.2,44.7,42.2,43.4,205220
2021-02-28,44.4,44.8,43.0,43.1,125032
2021-03-01,43.6,43.6,42.0,42.6,125741
2021-03-02,42.7,43.5,42.0,43.0,101307
2021-03-03,43.9,43.9,42.6,43.0,160462
2021-03-04,42.9,44.5,42.5,43.4,245058
2021-03-07,43.7,43.8,42.3,42.6,179635
2021-03-08,43.5,43.5,41.8,42.0,194306
2021-03-09,42.2,42.4,41.4,41.6,210076
2021-03-10,41.9,41.9,41.0,41.3,141802
2021-03-11,42.3,42.3,40.7,40.9,122566
2021-03-14,40.5,41.0,39.3,39.8,140618
2021-03-15,40.2,41.0,39.8,40.2,108051
2021-03-16,40.5,40.7,38.2,38.8,133728
2021-03-18,38.6,38.8,36.2,36.5,168360
2021-03-21,36.7,37.0,34.4,35.8,190443
2021-03-22,35.6,37.0,35.3,36.7,102790
2021-03-23,36.7,40.3,36.6,39.9,389180
2021-03-24,40.1,40.1,38.0,38.3,194664
2021-03-25,38.0,38.5,37.3,37.5,190591
2021-03-28,37.7,40.2,37.2,39.4,185193
2021-03-29,39.8,41.0,39.0,39.2,230298
2021-03-31,39.4,39.4,36.9,37.3,117630
2021-04-01,36.1,38.8,36.0,38.1,120001
2021-04-04,36.4,37.0,34.5,34.8,70415
2021-04-05,37.5,37.5,35.0,36.0,13684
2021-04-06,37.3,39.6,37.3,39.6,542767
2021-04-07,41.9,43.5,40.8,43.5,992430
2021-04-08,42.4,45.7,42.4,44.3,876380
2021-04-11,43.5,45.0,41.2,43.8,441818
2021-04-12,42.9,48.1,42.9,47.5,1186723
2021-04-13,45.2,49.5,45.2,48.9,789105
2021-04-15,48.5,49.7,45.5,46.1,839197
2021-04-18,44.6,47.2,44.6,46.4,580605
2021-04-19,47.9,51.0,47.9,50.7,1905726
2021-04-20,51.0,51.9,47.8,48.5,1378287
2021-04-21,48.5,52.0,48.0,51.5,1229233
2021-04-22,52.1,53.3,50.2,51.0,1392200
2021-04-25,51.0,52.0,49.8,51.3,1332161
2021-04-26,51.9,51.9,48.0,48.0,855746
2021-04-27,49.0,51.0,47.2,49.9,908861
2021-04-28,50.7,52.4,50.7,51.4,1117498
2021-04-29,51.4,53.0,50.3,52.4,1593240
2021-05-02,53.6,56.1,52.8,53.3,1957305
2021-05-03,53.3,55.5,52.4,54.6,1505612
2021-05-04,56.8,60.0,56.8,60.0,2581582
2021-05-05,62.2,64.0,60.3,61.7,2332379
2021-05-06,62.3,64.4,60.0,60.7,1854074
2021-05-09,60.7,61.0,54.7,55.6,1110078
2021-05-11,56.8,60.1,56.5,58.8,985348
2021-05-12,60.0,61.7,56.5,58.0,1377452
2021-05-16,59.0,59.8,54.0,55.9,817793
2021-05-17,56.9,59.3,55.5,58.0,759425
2021-05-18,59.2,61.7,58.5,60.8,1453890
2021-05-19,61.0,62.4,57.2,58.1,1226289
2021-05-20,58.2,58.4,56.3,56.7,742246
2021-05-23,58.5,59.6,56.7,57.3,862549
2021-05-24,58.1,59.4,57.2,58.5,956006
2021-05-25,59.3,62.4,59.1,61.9,2264944
2021-05-27,62.3,65.9,60.5,63.6,1663251
2021-05-30,64.4,65.0,60.0,60.8,1343602
2021-05-31,60.7,63.8,60.7,61.7,1063784
2021-06-01,63.0,65.0,62.3,64.1,1739607
2021-06-02,64.9,69.5,64.9,66.8,2325628
2021-06-03,65.6,73.4,65.6,72.2,1882332
2021-06-06,74.0,74.0,68.1,68.8,1688377
2021-06-08,63.7,68.6,63.7,68.0,1551714
2021-06-09,69.8,70.0,64.2,64.8,1413120
2021-06-10,64.8,64.8,59.8,60.1,1258166
2021-06-13,61.5,61.9,58.6,59.1,912728
2021-06-14,59.5,61.5,57.3,58.7,678301
2021-06-15,59.9,63.8,59.9,62.5,1533994
2021-06-16,62.9,64.8,60.0,64.0,1081707
2021-06-17,64.5,64.6,62.0,62.2,1078149
2021-06-20,61.2,62.8,60.5,60.7,495505
2021-06-21,61.9,62.1,59.1,59.3,634290
2021-06-22,59.3,59.9,57.0,57.5,562541
2021-06-23,57.6,57.6,53.7,54.1,647583
2021-06-24,54.3,57.4,54.0,56.8,427381
2021-06-27,56.9,56.9,53.1,53.4,270723
2021-06-28,53.8,54.6,52.6,53.0,266978
2021-06-29,54.7,54.8,52.4,52.7,266865
2021-06-30,53.4,57.9,53.4,57.9,554924
2021-07-05,58.0,59.7,55.0,55.5,497059
2021-07-06,55.2,55.2,53.5,53.8,298772
2021-07-07,54.0,55.0,53.6,54.3,222491
2021-07-08,54.3,55.6,54.2,54.9,283373
2021-07-12,55.6,55.6,53.8,54.0,248468
2021-07-13,54.0,55.2,53.6,54.5,274878
2021-07-14,54.4,56.7,54.4,55.2,348125
2021-07-15,55.5,56.4,54.5,55.4,258984
2021-07-18,55.4,55.4,54.0,54.9,301426
2021-07-19,54.9,60.3,54.6,59.9,1568774
2021-07-25,60.0,61.6,57.7,58.4,556500
2021-07-26,58.1,64.2,57.7,62.9,1480749
2021-07-27,62.7,66.9,62.7,64.9,2940125
2021-07-28,65.0,65.9,63.7,64.0,1121718
2021-07-29,64.0,64.1,61.7,62.6,619665
2021-08-02,63.0,63.0,60.3,60.8,672551
2021-08-03,61.0,61.8,58.8,59.2,1160255
2021-08-05,59.2,61.4,59.2,60.7,655853
2021-08-09,61.6,61.6,58.6,58.8,861260
2021-08-10,58.2,60.2,57.8,59.9,626710
2021-08-11,59.9,60.7,57.0,57.5,823980
2021-08-12,58.7,58.9,56.9,57.3,392193
2021-08-16,57.4,60.0,55.7,56.0,811232
2021-08-17,57.5,59.8,57.2,59.2,656426
2021-08-18,58.0,60.1,57.4,59.3,682349
2021-08-19,60.5,62.0,59.0,59.9,1225759
2021-08-22,60.0,60.5,59.5,59.6,470989
2021-08-23,60.2,62.3,60.0,61.7,1351474
2021-08-24,62.0,62.0,60.4,61.6,572016
2021-08-25,62.5,63.9,61.6,61.9,1093370
2021-08-26,62.0,62.3,60.5,60.8,378485
2021-08-29,60.9,61.8,60.3,61.0,463014
2021-08-31,61.8,67.1,61.8,67.1,4904303
2021-09-01,69.4,73.5,68.2,70.2,2661659
2021-09-02,70.0,74.0,68.2,72.4,2465110
2021-09-05,73.1,76.0,70.3,72.5,5077554
2021-09-06,72.5,75.4,71.5,72.7,1629495
2021-09-07,73.0,75.0,71.2,73.6,1923344
2021-09-08,74.9,75.8,73.4,74.4,1689665
2021-09-09,75.0,77.4,74.5,75.1,1863459
2021-09-12,75.7,77.9,74.0,74.4,1651130
2021-09-13,74.7,75.7,71.3,72.1,1174853
2021-09-14,73.0,73.0,69.4,70.0,897734
2021-09-15,72.0,72.4,70.3,70.6,568349
2021-09-16,71.4,72.3,70.6,71.0,847314
2021-09-19,72.6,75.4,71.1,73.9,912769
2021-09-20,75.5,78.7,73.6,77.2,3327116
2021-09-21,77.5,79.6,75.2,76.5,1503640
2021-09-22,76.7,76.7,72.5,72.8,1496536
2021-09-23,72.8,74.2,71.8,72.4,820647
2021-09-26,72.4,74.2,71.7,71.9,691579
2021-09-27,72.9,73.7,71.8,72.4,589284
2021-09-28,73.7,73.8,72.4,73.0,563612
2021-09-29,72.6,73.7,71.5,72.0,538345
2021-09-30,71.5,72.4,70.3,70.6,714572
2021-10-03,70.7,70.9,67.6,68.0,568898
2021-10-04,68.0,68.7,65.1,65.8,582598
2021-10-05,66.2,68.5,65.0,66.2,402293
2021-10-06,66.2,67.3,63.1,63.4,486702
2021-10-07,63.5,66.6,63.5,64.5,373708
2021-10-10,66.4,66.4,63.7,63.9,152676
2021-10-11,65.0,65.0,63.7,64.0,144237
2021-10-12,65.0,65.9,64.0,65.7,373179
2021-10-13,66.1,70.8,66.1,68.6,1043816
2021-10-14,69.0,69.0,66.5,66.9,294206
2021-10-17,68.3,68.3,64.1,65.3,190640
2021-10-18,66.2,66.2,63.7,64.4,218329
2021-10-19,64.9,67.1,64.2,64.7,275313
2021-10-21,65.5,67.0,64.1,64.6,263682
2021-10-24,65.9,66.0,62.6,63.0,348220
2021-10-25,63.5,63.5,60.2,60.8,243491
2021-10-26,61.5,64.7,60.5,63.3,266472
2021-10-27,64.6,67.5,63.7,66.8,661046
2021-10-28,67.0,71.6,67.0,70.4,1140800
2021-10-31,71.4,72.0,68.1,68.5,546599
2021-11-01,69.5,70.4,66.6,67.2,640598
2021-11-02,67.8,67.8,65.9,66.4,288907
2021-11-03,66.7,68.4,66.4,67.1,169267
2021-11-04,68.5,68.5,66.7,67.3,183498
2021-11-07,67.5,67.5,65.1,65.6,204775
2021-11-08,65.4,65.4,63.6,63.8,184794
2021-11-09,63.9,64.7,63.2,63.6,215329
2021-11-10,63.9,65.1,63.7,64.3,171894
2021-11-11,64.8,65.9,64.2,64.3,168963
2021-11-14,64.4,65.0,63.5,63.7,167280
2021-11-15,64.2,64.2,63.0,63.2,137897
2021-11-16,64.8,64.8,63.4,64.0,127040
2021-11-17,65.0,68.4,65.0,66.9,416191
2021-11-18,67.9,68.0,64.0,64.7,249547
2021-11-21,64.5,65.9,64.5,65.1,245855
2021-11-22,66.4,67.0,64.8,65.4,268568
2021-11-23,65.4,66.8,65.4,66.6,209874
2021-11-24,67.4,67.4,65.1,65.8,114868
2021-11-25,65.2,66.2,64.7,65.0,105539
2021-11-28,66.0,66.0,62.0,62.5,347908
2021-11-29,63.6,64.4,63.0,64.0,101044
2021-11-30,64.6,64.6,62.5,62.8,95000
2021-12-01,64.5,64.5,63.0,63.3,114760
2021-12-02,64.3,64.3,62.0,63.5,151599
2021-12-05,65.9,66.3,64.0,65.4,290802
2021-12-06,66.2,66.2,64.2,64.4,179015
2021-12-07,65.1,65.8,62.9,63.2,556049
2021-12-08,63.5,64.7,63.2,63.3,157085
2021-12-09,64.4,64.4,63.0,63.4,105524
2021-12-12,64.1,64.1,61.4,61.7,220708
2021-12-13,61.5,62.9,61.5,62.0,88463
2021-12-14,62.8,64.0,61.8,62.0,276142
2021-12-15,63.0,63.0,61.8,62.1,65602
2021-12-19,63.3,64.9,62.1,63.6,302560
2021-12-20,64.2,65.5,63.1,63.7,428489
2021-12-21,64.6,64.6,62.9,63.0,141800
2021-12-22,62.8,65.0,62.8,64.5,283298
2021-12-23,65.0,67.0,64.3,64.7,683672
2021-12-26,65.0,66.7,64.3,64.7,392869
2021-12-27,64.7,65.7,63.8,64.1,241973
2021-12-28,64.1,66.5,64.1,65.4,503560
2021-12-29,65.9,65.9,64.4,64.6,211377
2021-12-30,65.4,65.9,64.5,65.0,268313
2022-01-02,65.4,65.7,64.2,65.4,316899
2022-01-03,66.1,66.9,64.2,64.7,435749
2022-01-04,65.5,66.5,64.9,65.2,318158
2022-01-05,65.5,67.3,65.1,66.1,574353
2022-01-06,67.0,67.0,65.0,65.4,389167
2022-01-09,66.2,66.2,64.5,64.7,197414
2022-01-10,64.6,65.5,63.7,63.8,321457
2022-01-11,63.8,65.0,63.5,63.7,322752
2022-01-12,63.5,64.9,62.7,62.9,239578
2022-01-13,63.2,63.5,61.8,62.0,247497
2022-01-16,63.8,64.0,62.4,62.6,226581
2022-01-17,63.0,65.0,62.7,63.8,239428
2022-01-18,63.8,64.2,62.6,62.8,224821
2022-01-19,62.8,63.9,62.0,62.4,227027
2022-01-20,63.3,63.3,61.9,62.2,200584
2022-01-23,63.0,63.7,62.9,63.4,220250
2022-01-24,63.8,64.0,62.1,62.3,160196
2022-01-25,63.3,63.5,62.1,62.2,151916
2022-01-26,62.9,62.9,62.1,62.3,116257
2022-01-27,62.9,62.9,61.8,61.9,201501
2022-01-30,61.6,62.9,61.6,62.4,152570
2022-01-31,62.4,63.3,62.2,62.3,183838
2022-02-01,63.0,63.0,62.0,62.4,104524
2022-02-02,62.3,62.8,62.1,62.6,175360
2022-02-03,62.8,63.4,62.5,62.6,113215
2022-02-06,63.0,65.8,63.0,63.8,374844
2022-02-07,64.2,65.8,63.5,65.3,511811
2022-02-08,65.8,66.6,64.5,64.9,413681
2022-02-09,65.8,65.8,63.8,64.3,169731
2022-02-10,63.6,64.3,63.6,63.9,115695
2022-02-13,64.4,64.4,62.8,63.3,189073
2022-02-14,63.8,64.0,62.9,63.1,168617
2022-02-15,62.9,63.1,62.4,62.5,104037
2022-02-16,63.4,63.4,62.2,62.3,102454
2022-02-17,63.2,63.2,60.0,60.7,347763
2022-02-20,62.3,62.3,58.5,58.8,188016
2022-02-22,59.0,59.5,57.5,57.8,179546
2022-02-23,58.8,59.4,58.3,58.6,43234
2022-02-24,59.6,59.6,56.5,57.2,116078
2022-02-27,57.0,57.0,54.2,54.4,109325
2022-02-28,55.6,58.0,55.6,57.4,157685
2022-03-01,58.2,58.4,56.6,56.8,124150
2022-03-02,58.0,58.0,55.0,55.8,81355
2022-03-03,55.4,56.5,55.4,56.0,53296
2022-03-06,55.8,56.1,54.9,55.0,71972
2022-03-07,55.0,55.0,51.2,51.5,123326
2022-03-08,53.2,53.2,48.1,50.6,192783
2022-03-09,53.7,55.4,51.0,55.0,176785
2022-03-10,56.3,58.0,54.4,54.6,282877
2022-03-13,54.7,55.7,54.4,55.4,93366
2022-03-14,55.5,55.7,54.7,55.1,92575
2022-03-15,55.6,55.6,54.1,54.2,83274
2022-03-16,53.8,54.0,53.2,53.4,104376
2022-03-20,53.5,53.5,52.4,52.5,42328
2022-03-21,53.4,53.4,52.0,52.9,27396
2022-03-22,53.1,53.4,52.5,52.9,46852
2022-03-23,53.4,53.7,52.3,52.3,61671
2022-03-24,53.8,53.8,51.6,52.1,32489
2022-03-27,52.3,52.5,51.3,51.5,56299
2022-03-28,53.3,53.3,51.0,52.1,95677
2022-03-29,52.4,52.5,52.0,52.2,39272
2022-03-30,52.4,55.4,52.4,54.4,273904
2022-03-31,55.4,56.0,54.6,55.1,185633
2022-04-03,54.9,55.1,54.0,54.1,149885
2022-04-04,53.4,54.3,53.1,53.1,72770
2022-04-05,52.4,52.9,52.1,52.1,60809
2022-04-06,51.2,52.0,51.1,51.1,102363
2022-04-07,51.0,51.0,50.1,50.3,72719
2022-04-10,51.0,51.0,50.0,50.7,25049
2022-04-11,51.0,51.5,50.5,51.1,31171
2022-04-12,50.3,51.3,50.1,50.2,65312
2022-04-13,50.0,51.0,49.4,50.7,30819
2022-04-17,51.0,51.7,49.7,49.7,50581
2022-04-18,49.8,49.8,48.8,48.8,24016
2022-04-19,48.4,48.4,47.9,47.9,62666
2022-04-20,48.4,49.6,47.7,48.7,67677
2022-04-21,49.5,49.5,48.6,48.9,53640
2022-04-24,50.5,50.5,49.1,50.0,83921
2022-04-25,51.0,52.2,50.0,51.6,127389
2022-04-26,52.6,53.3,51.8,52.8,126495
2022-04-27,53.0,53.0,50.7,50.9,87095
2022-04-28,51.4,51.4,50.3,50.5,46925
2022-05-05,52.0,52.0,49.6,50.0,35638
2022-05-08,49.5,51.1,49.5,49.9,85225
2022-05-09,50.1,51.2,50.0,50.6,89837
2022-05-10,51.4,52.0,50.4,51.0,125974
2022-05-11,51.2,51.6,49.7,50.0,64375
2022-05-12,51.7,51.7,49.0,49.3,58411
2022-05-16,48.1,49.0,46.9,47.1,86680
2022-05-17,47.2,48.8,44.8,45.1,124428
2022-05-18,45.1,45.4,43.0,43.8,106305
2022-05-19,42.4,43.4,41.8,42.0,116489
2022-05-22,42.5,42.5,39.9,40.0,97454
2022-05-23,41.1,42.3,40.0,41.6,83582
2022-05-24,42.2,42.2,39.9,40.5,49101
2022-05-25,40.4,40.5,39.2,39.6,66846
2022-05-26,40.1,40.1,39.3,39.6,49479
2022-05-29,43.5,43.5,41.1,41.7,67758
2022-05-30,43.6,43.7,42.5,43.0,111982
2022-05-31,43.2,47.1,43.1,46.6,291857
2022-06-01,46.3,48.0,46.0,47.7,104056
2022-06-02,47.6,48.4,46.9,47.3,133893
2022-06-05,48.8,48.9,46.4,48.8,187839
2022-06-06,49.4,53.5,48.8,53.3,885176
2022-06-07,52.9,54.7,52.3,53.9,449231
2022-06-08,53.0,54.1,52.9,52.9,293161
2022-06-09,52.1,52.8,51.9,51.9,146835
2022-06-12,51.7,51.7,50.9,50.9,121482
2022-06-13,49.9,51.3,49.9,49.9,76408
2022-06-14,49.1,52.6,49.0,50.7,242152
2022-06-15,51.9,51.9,49.7,49.8,171191
2022-06-16,50.7,50.8,49.1,49.5,83665
2022-06-19,49.6,50.2,48.6,48.8,134374
2022-06-21,47.9,47.9,47.9,47.9,18474
2022-06-22,47.0,47.3,47.0,47.0,86063
2022-06-23,47.0,47.5,46.1,46.1,121728
2022-06-26,48.8,48.8,45.2,45.2,39775
2022-06-27,45.0,46.7,44.3,46.1,74892
2022-06-28,50.7,50.7,46.0,46.1,97534
2022-06-29,45.2,46.5,45.2,45.3,49499
2022-06-30,44.9,46.3,44.4,45.8,125241
2022-07-03,45.6,45.8,45.1,45.5,78066
2022-07-04,45.2,45.2,44.6,44.7,59953
2022-07-05,45.3,45.3,44.3,44.6,60576
2022-07-06,45.0,45.0,43.9,44.1,79057
2022-07-07,44.1,44.4,43.8,44.0,77461
2022-07-12,43.2,43.9,43.2,43.3,48814
2022-07-13,43.1,44.7,43.1,43.5,39341
2022-07-14,43.4,43.6,42.7,43.4,47033
2022-07-17,44.0,44.0,42.6,42.6,65188
2022-07-18,42.6,42.6,41.8,41.8,38656
2022-07-19,41.0,41.0,41.0,41.0,10034
2022-07-20,40.2,43.0,40.2,40.2,110352
2022-07-21,41.0,41.0,39.6,40.5,104394
2022-07-24,40.7,40.7,39.7,40.0,156282
2022-07-25,39.2,41.9,39.2,40.2,63715
2022-07-26,41.0,42.3,40.6,41.9,98635
2022-07-27,41.5,42.0,41.1,41.1,45578
2022-07-28,40.3,40.4,40.3,40.3,25526
2022-07-31,42.0,44.4,40.8,44.1,168926
2022-08-01,44.4,45.0,42.2,42.5,125823
2022-08-02,42.3,44.2,42.0,43.6,111957
2022-08-03,44.1,45.0,43.6,44.1,127651
2022-08-04,43.9,44.4,43.7,44.1,96461
2022-08-07,43.8,43.8,41.7,42.1,86420
2022-08-08,41.9,42.8,41.6,41.7,88747
2022-08-10,41.6,41.7,40.8,40.9,66293
2022-08-11,41.1,41.4,40.8,40.8,21079
2022-08-14,43.9,43.9,40.7,40.8,124174
2022-08-16,40.8,41.8,40.7,40.9,64380
2022-08-17,42.0,42.4,40.8,42.1,119401
2022-08-21,44.1,44.1,41.0,42.0,147334
2022-08-22,43.0,43.1,41.3,42.0,188507
2022-08-23,42.1,42.2,41.6,41.8,137473
2022-08-24,41.6,41.9,41.0,41.1,89218
2022-08-25,40.9,42.2,40.8,41.8,145162
2022-08-28,42.7,44.0,42.0,42.5,268448
2022-08-29,42.9,42.9,41.8,41.9,173366
2022-08-30,41.9,42.3,41.1,41.4,268252
2022-08-31,41.9,43.1,41.4,42.8,405353
2022-09-01,43.0,43.3,42.5,42.8,269547
2022-09-04,42.8,43.6,42.6,42.7,237183
2022-09-05,42.5,43.0,41.6,42.7,218969
2022-09-06,42.3,43.0,42.2,42.7,113555
2022-09-07,42.5,43.0,40.7,41.5,376975
2022-09-08,41.5,42.9,41.5,42.7,159790
2022-09-11,42.2,42.9,42.1,42.6,127998
2022-09-12,42.3,42.8,42.0,42.6,122798
2022-09-13,42.7,43.6,42.7,43.0,173428
2022-09-14,43.8,43.8,41.2,41.4,161693
2022-09-15,42.0,42.5,41.4,42.0,125528
2022-09-18,41.0,44.0,41.0,42.9,177404
2022-09-19,42.9,42.9,42.4,42.6,228277
2022-09-20,42.5,42.6,42.0,42.4,302062
2022-09-21,41.5,42.5,41.4,41.6,176812
2022-09-22,41.6,42.9,41.6,42.3,145174
2022-09-25,41.9,42.9,41.9,42.7,198899
2022-09-26,42.6,43.0,42.5,42.8,114764
2022-09-27,42.7,42.8,41.8,42.0,102495
2022-09-28,42.0,42.4,41.1,41.6,126463
2022-09-29,41.3,41.9,41.0,41.2,85829
2022-10-02,41.3,42.9,41.3,42.0,162914
2022-10-03,42.3,43.0,41.8,42.9,192324
2022-10-04,42.5,42.9,42.0,42.8,40980
2022-10-06,42.1,42.9,42.1,42.4,67336
2022-10-10,42.2,42.6,41.8,41.8,259865
2022-10-11,41.1,42.0,41.1,41.8,101190
2022-10-12,41.4,42.0,40.9,41.9,90352
2022-10-13,41.5,43.2,41.5,42.9,175546
2022-10-16,42.9,44.5,42.7,43.3,360970
2022-10-17,42.3,42.9,42.3,42.5,72275
2022-10-18,42.7,43.0,41.2,42.9,259882
2022-10-19,42.6,43.0,42.0,42.4,100997
2022-10-20,42.0,42.2,41.2,41.3,29766
2022-10-23,41.3,42.5,40.7,41.1,180924
2022-10-24,41.1,42.8,41.0,42.0,43791
2022-10-25,41.8,42.5,41.6,42.0,161348
2022-10-26,41.5,42.8,41.1,42.4,196986
2022-10-27,43.3,43.3,41.7,42.0,63639
2022-10-30,41.3,44.0,41.3,43.0,267807
2022-10-31,43.0,44.0,42.6,43.0,128481
2022-11-01,42.1,45.9,41.9,44.1,264204
2022-11-02,44.7,48.4,44.7,47.7,422378
2022-11-03,47.5,47.5,46.4,47.0,188638
2022-11-06,46.0,47.8,46.0,47.0,166186
2022-11-07,48.4,48.4,44.2,44.4,199831
2022-11-08,43.2,45.7,43.1,43.5,86108
2022-11-09,43.5,44.5,43.2,43.4,85227
2022-11-10,43.0,43.4,42.0,42.1,135124
2022-11-13,42.1,42.1,41.1,41.2,73736
2022-11-14,41.4,42.5,40.9,41.0,75903
2022-11-15,41.2,41.5,40.7,40.9,131164
2022-11-16,40.8,42.7,40.8,42.1,38160
2022-11-17,42.1,43.6,42.1,42.6,80209
2022-11-20,42.8,43.5,41.5,41.8,116100
2022-11-21,41.4,42.3,41.2,41.2,66281
2022-11-22,41.2,41.9,41.1,41.5,21560
2022-11-23,42.5,42.5,41.1,41.1,32211
2022-11-24,41.0,41.9,41.0,41.7,38876
2022-11-27,41.4,41.9,41.1,41.1,22959
2022-11-28,41.1,41.9,40.7,40.7,58264
2022-11-29,40.7,41.3,40.7,40.7,50473
2022-11-30,40.7,41.3,40.7,40.9,64142
2022-12-01,40.8,41.5,40.8,41.2,21027
2022-12-04,41.1,41.3,40.7,40.8,63880
2022-12-05,40.8,41.0,40.7,40.7,41304
2022-12-06,40.7,40.9,40.7,40.7,11654
2022-12-07,40.9,40.9,40.7,40.9,16526
2022-12-08,40.7,40.8,40.7,40.7,22449
2022-12-11,40.7,41.1,40.7,40.7,33752
2022-12-12,40.7,41.0,40.7,40.8,65842
2022-12-13,41.1,41.4,40.7,40.8,29106
2022-12-14,40.8,41.3,40.7,41.2,38938
2022-12-15,41.2,41.2,40.7,40.8,13957
2022-12-18,40.7,40.8,40.7,40.7,6110
2022-12-19,40.8,40.8,40.7,40.7,18515
2022-12-20,41.2,41.2,40.7,40.7,5132
2022-12-21,40.7,40.7,40.7,40.7,1574
2022-12-22,40.3,40.3,40.3,40.3,5336
2022-12-26,39.9,39.9,39.9,39.9,1351
2022-12-27,39.6,39.6,39.6,39.6,3011
2022-12-28,39.3,39.3,39.3,39.3,9202
2022-12-29,39.0,39.8,39.0,39.2,47152
2023-01-01,39.0,39.7,38.9,39.0,7553
2023-01-02,38.7,39.7,38.7,38.7,22802
2023-01-03,38.4,38.4,38.4,38.4,9156
2023-01-04,38.1,39.4,38.1,39.3,8135
2023-01-05,39.3,40.8,39.0,40.3,31965
2023-01-08,40.4,40.4,39.9,39.9,23323
2023-01-09,39.7,39.7,39.6,39.6,45176
2023-01-10,39.3,39.5,39.3,39.3,13178
2023-01-11,39.0,39.1,39.0,39.0,61562
2023-01-12,39.0,39.0,38.7,38.7,33637
2023-01-15,38.4,41.1,38.4,40.4,53091
2023-01-16,40.7,41.3,40.6,40.9,59722
2023-01-17,41.1,41.7,41.0,41.5,46242
2023-01-18,41.9,42.4,41.3,41.7,66158
2023-01-19,41.4,43.0,41.4,42.3,146976
2023-01-22,43.2,44.8,43.2,43.9,205010
2023-01-23,43.8,44.2,43.5,43.5,131556
2023-01-24,44.1,44.5,43.1,44.0,166183
2023-01-25,44.0,44.8,43.8,44.0,90437
2023-01-26,43.8,44.0,43.6,43.6,28058
2023-01-29,43.2,43.8,43.2,43.3,56725
2023-01-30,42.9,42.9,42.9,42.9,10102
2023-01-31,42.5,42.8,42.5,42.5,58423
2023-02-01,42.5,42.5,42.1,42.1,25746
2023-02-02,41.7,43.4,41.7,42.8,43259
2023-02-05,42.7,43.7,42.4,42.5,27898
2023-02-06,42.5,42.5,42.1,42.3,6476
2023-02-07,42.1,42.6,41.9,41.9,30525
2023-02-08,41.5,42.9,41.5,41.5,14797
2023-02-09,41.1,41.2,41.1,41.1,14435
2023-02-12,41.6,41.9,40.7,40.7,22185
2023-02-13,43.8,43.8,40.4,40.5,9148
2023-02-14,40.2,40.7,40.1,40.2,28710
2023-02-15,39.8,39.9,39.8,39.8,19126
2023-02-16,39.5,39.6,39.5,39.5,26348
2023-02-19,39.2,39.2,39.2,39.2,11240
2023-02-20,38.9,38.9,38.9,38.9,30723
2023-02-22,38.7,40.5,38.6,39.2,16656
2023-02-23,40.0,40.0,39.6,39.6,6447
2023-02-26,39.3,39.3,39.3,39.3,1322
2023-02-27,39.0,39.1,39.0,39.0,9252
2023-02-28,39.1,39.2,38.8,39.0,24611
2023-03-01,39.0,41.8,38.9,39.5,6854
2023-03-02,39.5,39.6,39.2,39.3,17318
2023-03-05,41.8,41.8,39.4,39.6,12480
2023-03-06,40.2,41.0,40.2,40.4,50556
2023-03-07,40.8,40.8,39.6,39.7,14383
2023-03-09,39.7,40.4,39.7,40.1,37810
2023-03-12,40.3,40.3,39.3,39.4,27324
2023-03-13,39.3,40.5,39.2,40.3,14561
2023-03-14,40.0,40.2,39.5,39.7,20629
2023-03-15,39.3,39.9,39.3,39.4,34582
2023-03-16,39.5,39.5,39.2,39.2,40404
2023-03-19,39.3,39.3,39.2,39.2,14155
2023-03-20,39.2,39.2,39.2,39.2,9145
2023-03-21,39.2,39.8,39.2,39.2,48413
2023-03-22,39.2,39.3,39.2,39.2,4253
2023-03-23,39.2,39.2,39.2,39.2,1000
2023-03-28,39.2,39.2,39.2,39.2,50139
2023-03-29,39.3,40.4,39.2,39.3,11681
2023-03-30,39.3,39.6,39.2,39.2,15044
2023-04-02,39.2,40.0,39.2,39.7,32184
2023-04-03,39.2,39.9,39.2,39.2,35952
2023-04-04,39.2,39.2,39.2,39.2,26604
2023-04-05,39.2,39.2,39.2,39.2,3925
2023-04-06,39.2,39.2,39.2,39.2,15823
2023-04-09,39.2,39.3,39.2,39.2,7816
2023-04-10,39.4,39.4,39.2,39.2,20602
2023-04-11,39.2,39.2,39.2,39.2,9850
2023-04-12,39.2,39.2,39.2,39.2,1000
2023-04-13,39.2,39.2,39.2,39.2,9105
2023-04-17,39.2,39.2,39.2,39.2,30
2023-04-18,39.2,40.0,39.2,39.3,23576
2023-04-24,39.2,39.2,39.2,39.2,11356
2023-04-25,39.2,39.2,39.2,39.2,6040
2023-04-26,39.2,40.1,39.2,39.2,13767
2023-04-27,39.2,39.7,39.2,39.2,43430
2023-04-30,40.0,40.0,39.2,39.4,41270
2023-05-02,39.3,39.3,39.2,39.2,18784
2023-05-03,40.0,40.0,39.2,39.8,56345
2023-05-07,39.8,40.0,39.8,39.8,40820
2023-05-08,39.8,40.0,39.5,39.6,37707
2023-05-09,39.4,40.2,39.3,39.5,55994
2023-05-10,39.4,39.9,39.4,39.7,28804
2023-05-11,39.4,40.9,39.4,40.7,55400
2023-05-14,39.6,42.5,39.6,41.6,161635
2023-05-16,42.0,45.7,42.0,45.7,928314
2023-05-17,46.7,50.2,43.7,50.1,629789
2023-05-18,50.1,51.7,48.7,49.9,648781
2023-05-21,48.5,50.7,46.4,50.3,383600
2023-05-22,50.1,52.3,49.1,51.3,554899
2023-05-23,50.2,53.5,50.2,52.6,709337
2023-05-24,52.8,54.2,52.0,52.5,541523
2023-05-25,53.0,55.5,51.4,54.5,373307
2023-05-28,54.6,55.7,52.8,53.8,869404
2023-05-29,54.2,56.1,54.0,55.4,650606
2023-05-30,54.0,56.3,54.0,55.7,412435
2023-05-31,55.0,56.2,54.0,54.2,333784
2023-06-01,54.1,56.0,53.3,55.4,337670
2023-06-04,60.9,60.9,55.2,57.0,371414
2023-06-05,56.0,57.5,55.9,56.3,444354
2023-06-06,54.3,56.6,54.1,54.6,355358
2023-06-07,56.6,58.8,54.0,57.8,518651
2023-06-08,59.0,59.0,56.2,58.2,524830
2023-06-11,57.5,58.4,56.7,57.2,246923
2023-06-12,56.7,57.8,55.5,56.7,299390
2023-06-13,55.6,57.3,55.3,56.0,169456
2023-06-14,57.0,57.0,55.7,56.6,300097
2023-06-15,56.6,57.4,55.7,56.9,115391
2023-06-18,56.0,57.7,56.0,57.2,73527
2023-06-19,56.1,59.5,56.1,58.5,385697
2023-06-20,58.8,58.8,57.1,57.4,77009
2023-06-21,57.4,57.4,56.8,57.2,92882
2023-06-22,57.5,59.0,57.2,57.9,219725
2023-06-25,57.3,58.5,57.3,57.9,183053
2023-06-26,57.6,58.0,57.5,57.6,122483
2023-07-02,57.2,58.8,57.2,57.5,93325
2023-07-03,57.2,58.7,57.2,57.7,122217
2023-07-04,57.0,57.8,56.7,57.1,373688
2023-07-05,57.0,57.9,56.1,56.6,143894
2023-07-06,54.5,56.9,54.4,56.5,79881
2023-07-09,56.7,56.7,53.1,54.2,408218
2023-07-10,52.8,55.1,51.6,53.9,88198
2023-07-11,53.0,54.8,52.5,54.3,98200
2023-07-12,54.0,57.8,54.0,54.5,286048
2023-07-13,54.5,55.7,53.0,53.5,87968
2023-07-16,52.0,56.8,52.0,54.9,454625
2023-07-17,55.9,56.9,53.6,53.7,297954
2023-07-18,53.3,55.4,53.3,53.7,57742
2023-07-19,55.8,56.3,53.8,54.1,84611
2023-07-20,55.7,56.3,54.0,55.3,311512
2023-07-23,54.8,54.8,52.6,53.3,58760
2023-07-24,53.0,54.8,53.0,53.9,164796
2023-07-25,55.4,55.7,53.2,54.1,436154
2023-07-26,53.5,55.3,53.0,54.2,131404
2023-07-27,54.4,56.5,54.4,55.1,299284
2023-07-30,56.8,59.4,56.2,58.4,945751
2023-07-31,58.9,59.9,56.7,56.9,541099
2023-08-01,56.9,57.5,53.6,55.3,467071
2023-08-02,56.3,56.3,53.5,53.7,244622
2023-08-03,52.8,54.0,52.2,52.8,149977
2023-08-06,52.8,53.9,52.4,52.5,107180
2023-08-07,52.1,52.8,51.3,52.2,107861
2023-08-08,52.5,52.5,51.6,51.9,97046
2023-08-09,51.4,52.2,48.4,49.1,76716
2023-08-10,48.6,51.7,47.0,50.7,135935
2023-08-13,52.5,53.6,49.2,49.9,353398
2023-08-14,49.5,50.5,48.8,49.1,129678
2023-08-16,48.2,48.7,46.6,46.6,226303
2023-08-17,48.7,48.7,46.5,48.0,60934
2023-08-20,47.2,47.8,46.9,47.7,32954
2023-08-21,47.0,49.2,47.0,48.5,198652
2023-08-22,48.6,49.3,48.2,48.7,42210
2023-08-23,48.5,48.5,47.2,47.3,52946
2023-08-24,47.5,47.8,46.0,46.6,108674
2023-08-27,46.6,47.9,46.1,47.3,51125
2023-08-28,47.0,47.6,46.6,46.6,121524
2023-08-29,47.0,47.0,46.5,46.7,67518
2023-08-30,47.0,47.3,45.9,46.4,97756
2023-08-31,46.9,47.1,46.4,46.5,93893
2023-09-03,47.5,49.8,47.4,48.7,145284
2023-09-04,48.8,49.4,47.9,49.1,146343
2023-09-05,49.8,54.0,49.3,53.6,772573
2023-09-07,53.6,55.0,51.1,51.8,355760
2023-09-10,51.1,52.1,49.1,49.8,415575
2023-09-11,49.1,51.5,49.1,50.2,95624
2023-09-12,51.3,53.3,50.9,52.6,222240
2023-09-13,53.2,54.3,51.5,52.8,475528
2023-09-14,53.3,53.9,52.3,52.9,415730
2023-09-17,54.0,54.9,53.0,54.0,882484
2023-09-18,54.0,57.5,53.5,56.0,681579
2023-09-19,56.0,57.9,53.1,54.6,743316
2023-09-20,54.3,55.3,53.0,53.7,343293
2023-09-21,53.7,54.6,51.3,51.8,162615
2023-09-24,52.2,52.9,50.2,50.6,202280
2023-09-25,51.5,52.4,50.0,51.6,92784
2023-09-26,52.2,52.5,49.8,50.2,114386
2023-09-27,51.4,51.4,49.8,50.0,65389
2023-10-01,49.5,50.3,48.3,48.5,218977
2023-10-02,48.5,50.6,47.8,49.5,78528
2023-10-03,50.9,51.3,47.6,48.1,217405
2023-10-04,47.3,48.8,47.2,48.5,57460
2023-10-05,49.3,49.3,47.1,47.7,54463
2023-10-08,48.7,49.1,45.9,46.0,118323
2023-10-09,46.1,46.6,45.2,45.4,45193
2023-10-10,46.3,48.0,46.3,46.8,38366
2023-10-11,46.8,47.5,46.0,46.2,29250
2023-10-12,47.0,47.5,46.7,46.9,50337
2023-10-15,46.6,47.9,46.6,46.8,60188
2023-10-16,47.0,47.1,46.3,46.5,42283
2023-10-17,46.5,46.7,46.3,46.5,54372
2023-10-18,47.0,47.8,47.0,47.6,91138
2023-10-19,48.0,50.7,47.8,49.4,702067
2023-10-22,50.0,50.6,48.2,48.4,110670
2023-10-23,48.2,48.2,46.7,47.4,109152
2023-10-25,47.1,48.1,46.5,46.8,82496
2023-10-26,47.6,49.0,46.5,48.7,328881
2023-10-29,48.2,48.8,46.7,48.5,62120
2023-10-30,48.1,48.1,47.3,47.5,33742
2023-10-31,47.9,48.3,47.0,47.3,97928
2023-11-01,47.6,48.0,47.0,47.1,83714
2023-11-02,47.2,47.9,46.9,47.0,70791
2023-11-05,46.5,49.1,46.5,48.8,161695
2023-11-06,48.2,49.2,48.1,48.3,79808
2023-11-07,48.5,50.3,48.2,48.3,194789
2023-11-08,49.2,49.2,48.0,48.2,130862
2023-11-09,47.6,48.7,47.5,47.7,77011
2023-11-12,47.6,47.6,47.0,47.1,32624
2023-11-13,47.0,48.3,47.0,47.4,19546
2023-11-14,47.2,48.3,47.0,47.3,52055
2023-11-15,47.1,47.8,47.0,47.2,60459
2023-11-16,47.2,47.5,46.6,47.2,79432
2023-11-19,47.4,47.4,46.5,46.8,64630
2023-11-20,46.6,46.7,45.7,45.8,52650
2023-11-21,46.0,46.0,44.8,45.7,26727
2023-11-22,45.1,46.0,45.1,45.3,22274
2023-11-23,45.5,45.7,44.7,44.9,28107
2023-11-26,45.5,47.0,44.6,45.0,14998
2023-11-27,44.8,46.6,44.8,44.9,34385
2023-11-28,44.7,45.1,44.7,44.8,12137
2023-11-29,44.8,45.5,44.7,45.1,3602
2023-11-30,42.6,45.5,42.6,44.8,23028
2023-12-03,45.0,45.5,44.9,45.0,18790
2023-12-04,45.5,46.8,45.5,46.4,20367
2023-12-05,46.3,46.6,45.6,46.4,26887
2023-12-06,45.8,46.4,45.7,45.9,9138
2023-12-07,46.0,47.3,46.0,46.7,45690
2023-12-10,47.5,47.5,45.1,45.3,69569
2023-12-11,45.3,46.5,45.2,45.5,70265
2023-12-12,45.6,45.7,45.3,45.5,37887
2023-12-13,45.2,47.6,44.5,46.4,108690
2023-12-14,45.7,46.8,45.6,45.9,31075
2023-12-17,45.5,45.5,44.6,44.9,60291
2023-12-18,44.9,45.4,44.5,44.8,19482
2023-12-19,45.8,45.8,44.8,44.9,52705
2023-12-20,45.0,45.0,44.7,44.9,29316
2023-12-21,44.9,45.5,44.8,44.9,22778
2023-12-24,44.7,44.9,44.0,44.5,27907
2023-12-26,44.5,46.4,44.5,45.4,45412
2023-12-27,45.3,46.8,45.0,46.0,77009
2023-12-28,46.9,46.9,45.0,46.0,43565
2024-01-01,46.4,47.7,45.3,46.8,159588
2024-01-02,46.7,47.0,45.8,46.0,39079
2024-01-03,46.4,46.5,45.8,46.1,41541
2024-01-04,46.4,46.5,45.6,46.4,51615
2024-01-08,47.1,48.1,46.6,47.7,113538
2024-01-09,47.2,47.4,47.0,47.1,22755
2024-01-10,47.1,49.1,47.1,47.6,86815
2024-01-11,47.6,49.0,47.6,48.1,67860
2024-01-14,48.2,48.9,47.6,48.0,82080
2024-01-15,47.9,49.0,47.2,48.6,24416
2024-01-16,47.8,49.0,47.0,48.7,73572
2024-01-17,48.0,48.5,47.7,47.9,47970
2024-01-18,48.5,48.5,47.5,47.9,28403
2024-01-21,47.0,47.8,46.1,47.1,9633
2024-01-22,47.9,49.0,47.5,48.6,41632
2024-01-23,49.5,49.5,48.1,48.7,93654
2024-01-24,48.8,48.9,47.5,47.6,13951
2024-01-25,47.2,48.4,47.2,47.8,48807
2024-01-28,48.1,48.8,47.5,47.7,172309
2024-01-29,47.7,48.4,46.6,47.3,74235
2024-01-30,47.0,48.2,46.8,47.8,74495
2024-01-31,48.5,49.4,47.7,48.5,108300
2024-02-01,48.9,48.9,47.6,47.7,45089
2024-02-04,48.0,52.3,47.8,51.8,316400
2024-02-05,53.5,53.5,50.4,51.5,155373
2024-02-06,51.4,51.4,49.4,49.6,175398
2024-02-07,51.0,51.0,49.0,49.9,74886
2024-02-08,51.0,51.9,49.0,49.5,145244
2024-02-11,50.3,50.9,48.9,49.2,136901
2024-02-12,49.1,49.7,47.1,47.6,146257
2024-02-13,48.4,48.5,47.1,47.5,90924
2024-02-14,47.2,48.2,47.0,47.4,21625
2024-02-15,47.7,48.3,47.4,47.8,31213
2024-02-18,47.8,49.5,47.2,48.7,80423
2024-02-19,48.7,48.7,47.8,48.0,20243
2024-02-20,47.8,48.6,47.5,48.3,51874
