Date,Open,High,Low,Close,Volume
2012-10-01,34.25,38.2,34.25,37.65,176200
2012-10-02,37.9,38.5,37.0,37.875,159600
2012-10-03,37.7,38.475,37.5,37.85,221600
2012-10-04,36.05,39.375,36.05,37.975,204200
2012-10-08,32.8,35.5,32.8,33.175,70200
2012-10-09,34.5,35.0,34.0,34.775,169600
2012-10-10,34.525,34.525,33.05,33.325,94400
2012-10-11,33.975,33.975,32.675,32.725,103200
2012-10-14,33.3,33.3,31.75,31.825,95000
2012-10-15,32.85,32.9,31.925,32.025,57200
2012-10-16,30.6,33.3,30.6,32.6,33200
2012-10-17,32.5,33.5,32.25,32.425,256800
2012-10-18,33.1,33.3,32.7,32.725,54600
2012-10-21,32.3,32.3,31.2,31.575,47800
2012-10-22,32.5,32.95,31.85,31.975,88400
2012-10-23,32.5,33.9,32.3,33.45,175000
2012-10-30,33.9,33.9,32.8,33.2,88800
2012-10-31,33.0,33.0,32.35,32.475,91200
2012-11-01,32.6,32.95,32.2,32.475,86800
2012-11-04,32.8,32.8,31.8,31.85,20400
2012-11-05,31.8,32.95,31.8,31.975,43800
2012-11-06,33.0,33.0,31.925,32.425,33000
2012-11-07,33.0,33.0,32.1,32.275,41800
2012-11-08,31.95,32.5,31.85,32.4,35800
2012-11-11,31.65,32.3,31.4,31.9,38200
2012-11-12,32.5,32.5,31.35,31.55,33000
2012-11-13,32.0,32.45,31.8,32.35,40200
2012-11-14,32.475,32.575,32.1,32.45,10600
2012-11-15,32.8,33.4,32.125,32.35,165600
2012-11-18,32.025,32.1,31.55,31.7,28000
2012-11-19,32.5,32.6,31.2,31.425,30000
2012-11-20,31.5,31.5,30.875,30.925,34600
2012-11-21,30.9,31.9,30.3,30.55,38800
2012-11-22,30.5,31.6,30.5,31.075,32800
2012-11-26,30.65,31.0,30.0,30.6,42000
2012-11-27,30.2,30.5,29.9,30.275,18800
2012-11-28,31.8,31.8,29.8,30.175,75800
2012-11-29,30.9,31.35,30.475,31.05,37800
2012-12-02,31.4,31.4,29.9,30.0,45400
2012-12-03,31.0,31.0,29.325,29.425,13400
2012-12-04,29.5,29.65,29.0,29.15,11200
2012-12-05,29.2,29.2,28.4,28.525,26000
2012-12-06,28.525,28.8,28.425,28.525,12000
2012-12-09,27.95,28.1,27.7,27.925,4200
2012-12-10,27.4,27.425,26.525,26.8,37000
2012-12-11,26.0,26.3,25.6,26.15,5400
2012-12-12,27.4,27.4,26.2,26.5,20600
2012-12-13,26.6,26.625,26.25,26.4,8800
2012-12-17,27.0,27.25,26.975,27.2,19800
2012-12-18,27.4,27.4,26.675,26.825,19400
2012-12-19,26.8,27.8,26.525,26.8,37600
2012-12-20,27.1,27.1,26.6,26.65,23000
2012-12-23,26.55,26.55,26.2,26.35,16400
2012-12-24,26.2,26.2,26.0,26.075,18400
2012-12-26,26.025,26.3,26.0,26.025,22000
2012-12-27,26.1,26.675,26.05,26.375,41000
2012-12-30,26.4,26.575,26.125,26.25,51000
2013-01-01,26.2,26.6,26.2,26.375,8800
2013-01-02,26.225,26.225,26.05,26.075,5800
2013-01-03,26.0,26.4,26.0,26.175,9400
2013-01-06,26.5,26.5,25.775,25.8,25200
2013-01-07,26.0,26.0,25.6,25.75,7600
2013-01-08,25.625,25.7,25.6,25.625,2600
2013-01-09,25.55,25.6,25.4,25.45,15600
2013-01-10,25.425,25.75,25.4,25.45,18000
2013-01-13,25.5,25.5,25.3,25.375,15000
2013-01-14,25.15,25.3,25.05,25.25,11200
2013-01-15,25.2,25.625,25.2,25.3,17800
2013-01-16,25.5,25.6,25.325,25.45,18800
2013-01-17,25.7,25.75,25.35,25.7,13000
2013-01-20,25.375,25.7,25.375,25.425,7600
2013-01-21,25.6,26.0,25.6,25.875,30400
2013-01-22,25.9,25.925,25.6,25.875,14200
2013-01-23,26.0,26.575,25.775,26.325,46800
2013-01-24,26.4,26.55,26.125,26.3,21800
2013-01-27,26.675,26.675,26.2,26.35,16600
2013-01-28,26.4,27.35,26.225,27.0,83600
2013-01-29,26.725,28.4,26.725,27.975,71000
2013-01-30,28.375,28.4,27.4,27.8,45400
2013-01-31,27.925,28.35,27.45,28.175,45600
2013-02-03,28.5,28.8,27.8,28.475,93600
2013-02-04,28.0,28.175,27.6,27.7,40800
2013-02-05,27.8,28.35,27.6,27.975,31000
2013-02-06,28.025,28.2,27.55,27.6,29800
2013-02-07,27.625,27.675,27.35,27.45,25600
2013-02-10,27.25,28.0,27.2,27.825,40000
2013-02-11,28.4,28.4,27.5,27.625,73800
2013-02-12,27.675,27.7,26.95,27.1,95200
2013-02-13,27.675,27.8,27.0,27.2,102800
2013-02-14,27.6,27.975,27.425,27.825,93800
2013-02-17,27.7,27.8,27.25,27.3,26200
2013-02-18,27.3,27.475,26.7,26.9,99400
2013-02-19,26.875,26.975,26.525,26.625,21800
2013-02-20,26.5,26.9,26.2,26.275,17200
2013-02-24,26.35,26.35,25.4,25.55,48200
2013-02-25,25.9,25.9,25.25,25.475,14000
2013-02-26,25.375,25.7,25.2,25.425,24800
2013-02-27,25.7,25.7,24.9,24.95,16800
2013-02-28,25.0,25.4,24.525,24.725,23200
2013-03-03,23.1,24.05,23.1,23.3,16000
2013-03-04,24.0,24.0,23.7,23.975,7200
2013-03-05,23.825,23.95,23.6,23.675,3200
2013-03-06,23.9,24.0,23.325,23.475,9800
2013-03-07,22.825,23.775,22.825,23.325,39200
2013-03-10,23.35,23.35,22.725,22.875,21600
2013-03-11,22.6,22.75,22.5,22.7,6400
2013-03-12,22.5,23.15,22.5,23.0,4400
2013-03-13,23.2,23.4,22.875,23.125,7400
2013-03-14,23.0,23.0,22.8,22.875,4400
2013-03-18,23.3,23.3,22.7,22.775,3800
2013-03-19,22.45,23.4,22.45,22.625,8400
2013-03-20,22.7,23.075,22.7,22.75,9400
2013-03-24,22.55,22.55,22.3,22.35,7400
2013-03-25,22.2,22.2,22.025,22.1,3400
2013-03-27,22.15,22.15,21.25,21.275,21800
2013-03-28,21.275,21.275,20.95,21.2,21000
2013-03-31,21.2,21.2,20.825,20.85,8600
2013-04-01,20.3,20.5,20.125,20.2,32400
2013-04-02,20.125,20.3,20.0,20.0,43800
2013-04-03,20.575,20.575,20.15,20.45,16600
2013-04-04,20.0,20.2,19.825,20.1,18600
2013-04-07,20.0,20.05,19.825,19.975,18600
2013-04-08,19.85,20.3,19.85,20.0,19000
2013-04-09,20.475,20.5,20.125,20.475,45200
2013-04-10,21.55,21.55,20.425,20.475,32200
2013-04-11,20.7,20.7,20.325,20.5,18400
2013-04-15,20.675,22.15,20.675,21.575,55800
2013-04-16,21.225,21.35,20.675,20.75,28600
2013-04-17,20.925,21.1,20.7,20.95,8200
2013-04-18,21.375,21.675,20.75,20.9,48800
2013-04-21,21.0,21.05,20.4,20.475,26800
2013-04-22,20.9,21.0,20.325,20.35,31400
2013-04-23,20.4,20.65,20.25,20.425,13600
2013-04-24,20.325,20.575,20.2,20.275,15400
2013-04-25,20.4,20.4,20.15,20.25,19000
2013-04-28,19.9,20.3,19.75,19.85,16200
2013-04-29,19.725,20.125,19.275,19.8,5800
2013-04-30,20.0,20.1,19.725,19.8,17800
2013-05-02,20.2,20.5,19.7,20.275,7000
2013-05-05,20.05,20.3,19.825,20.0,16600
2013-05-06,20.125,20.125,19.6,19.675,21600
2013-05-07,19.8,20.325,19.8,19.975,81600
2013-05-08,21.475,21.475,19.775,19.95,61200
2013-05-09,20.275,20.625,20.2,20.55,34800
2013-05-12,20.8,21.85,20.8,21.6,120600
2013-05-13,21.5,22.925,21.5,22.75,209400
2013-05-14,22.875,24.45,22.875,24.35,215200
2013-05-15,24.2,24.6,23.45,23.925,244400
2013-05-16,23.95,25.325,23.95,25.075,106200
2013-05-19,25.6,26.4,25.1,26.025,176200
2013-05-20,26.9,27.1,25.4,25.925,369600
2013-05-21,26.0,26.775,17.375,24.975,271400
2013-05-22,25.2,25.6,24.7,25.05,101800
2013-05-26,25.1,25.2,24.325,24.4,47000
2013-05-27,24.225,25.95,24.225,25.625,110400
2013-05-28,26.0,26.625,25.8,26.175,158400
2013-05-29,26.55,27.15,26.1,26.775,148600
2013-05-30,27.725,27.725,26.5,26.9,100400
2013-06-02,27.55,29.2,26.9,28.725,307600
2013-06-03,28.9,29.2,27.85,28.85,351200
2013-06-04,28.1,29.1,28.1,28.45,269200
2013-06-06,25.75,26.4,25.4,25.425,135200
2013-06-09,24.825,25.0,24.25,24.275,39000
2013-06-10,24.6,24.9,24.35,24.625,18800
2013-06-11,24.6,24.85,24.2,24.375,16000
2013-06-12,24.55,25.8,24.3,24.925,19600
2013-06-13,25.6,25.6,25.05,25.325,37400
2013-06-16,25.8,26.0,25.35,25.75,36600
2013-06-17,25.7,26.05,25.1,25.325,44600
2013-06-18,25.45,25.45,24.8,25.2,16600
2013-06-19,25.2,25.3,24.8,24.975,53000
2013-06-20,25.2,25.2,24.325,24.45,22400
2013-06-23,24.3,24.5,24.05,24.2,27400
2013-06-24,23.875,24.5,23.85,24.05,6000
2013-06-26,24.6,24.6,23.65,24.075,11600
2013-06-27,23.6,24.1,23.6,23.975,17600
2013-06-30,24.0,24.0,23.425,23.85,18200
2013-07-02,24.3,25.0,24.1,24.925,23000
2013-07-03,25.4,25.5,24.725,24.75,31400
2013-07-04,25.1,25.4,24.6,24.775,31200
2013-07-07,25.0,25.175,24.6,24.825,56400
2013-07-08,25.35,25.35,24.5,24.95,66000
2013-07-09,25.1,27.125,25.05,27.025,411000
2013-07-10,27.975,29.2,25.6,27.4,285200
2013-07-11,28.6,29.0,26.575,26.8,254800
2013-07-14,26.55,26.75,25.65,25.825,159400
2013-07-15,26.5,26.5,25.2,26.125,69800
2013-07-16,26.6,27.4,25.575,26.275,125000
2013-07-17,25.225,27.0,25.225,26.325,134200
2013-07-18,26.6,26.6,25.3,25.5,86000
2013-07-21,25.05,25.725,24.6,24.8,95400
2013-07-22,23.1,25.2,23.025,23.7,86000
2013-07-23,23.125,23.925,22.5,22.85,37800
2013-07-24,24.8,24.8,23.0,23.725,103200
2013-07-25,23.525,23.875,23.0,23.65,108800
2013-07-28,23.0,23.2,23.0,23.125,14600
2013-07-29,24.1,24.1,23.3,23.4,47200
2013-07-30,23.15,23.3,22.5,22.925,24200
2013-07-31,22.875,23.2,22.45,22.6,65600
2013-08-01,22.125,22.575,22.0,22.1,52000
2013-08-04,21.6,22.0,21.5,21.575,26600
2013-08-05,21.5,21.725,21.4,21.6,36200
2013-08-12,20.3,21.95,20.3,21.55,15000
2013-08-13,21.3,22.2,21.3,22.075,21000
2013-08-14,21.9,22.8,21.85,22.25,55600
2013-08-18,23.275,24.175,23.2,24.0,139000
2013-08-19,25.2,25.7,24.5,25.25,139600
2013-08-20,25.3,25.3,24.4,24.675,72600
2013-08-21,24.4,24.6,23.525,23.575,47000
2013-08-22,23.9,24.975,23.55,24.825,411400
2013-08-25,25.5,25.5,24.8,25.025,122000
2013-08-26,24.8,25.0,24.4,24.5,70200
2013-08-27,24.5,25.275,24.1,24.875,135800
2013-08-29,24.8,24.8,24.15,24.2,29800
2013-09-01,24.6,24.6,23.9,24.025,59000
2013-09-02,25.25,25.25,23.875,23.925,26400
2013-09-03,23.85,24.2,23.75,23.925,18000
2013-09-04,23.875,24.175,23.675,23.725,50000
2013-09-05,24.0,24.375,24.0,24.1,86600
2013-09-08,24.1,24.3,23.95,23.975,21600
2013-09-09,23.9,23.9,23.5,23.55,35800
2013-09-10,24.45,24.45,23.2,23.6,36200
2013-09-11,23.975,24.95,23.7,24.65,108800
2013-09-12,24.875,25.9,24.375,25.4,208400
2013-09-15,25.6,27.2,25.6,26.6,196400
2013-09-16,27.5,27.9,26.2,26.6,220800
2013-09-17,26.7,27.15,26.075,26.825,333000
2013-09-18,26.3,27.1,25.55,26.0,206600
2013-09-19,26.5,26.5,25.825,25.9,60200
2013-09-22,26.2,27.2,25.7,26.55,187600
2013-09-23,27.5,28.85,27.0,28.85,911200
2013-09-24,30.0,31.35,29.5,29.85,874400
2013-09-25,30.0,31.9,29.5,30.2,323600
2013-09-26,29.7,30.0,28.05,29.2,286800
2013-09-29,29.4,30.0,29.1,29.225,416200
2013-09-30,29.2,29.2,27.1,27.675,122600
2013-10-01,27.6,28.75,27.3,28.075,152400
2013-10-02,28.875,28.875,27.4,27.575,154000
2013-10-03,29.8,29.8,28.3,28.65,283600
2013-10-06,27.8,28.575,27.125,27.225,85600
2013-10-07,28.375,28.375,26.2,26.5,145400
2013-10-08,27.0,27.0,25.575,25.625,210400
2013-10-09,25.775,26.5,25.1,25.85,89400
2013-10-10,25.9,25.9,25.2,25.4,50400
2013-10-20,25.15,25.15,23.775,24.025,84800
2013-10-21,23.4,24.4,22.75,24.1,170200
2013-10-22,24.4,24.95,24.225,24.525,54000
2013-10-23,25.15,25.15,24.0,24.1,75200
2013-10-24,23.7,24.45,23.7,24.1,46800
2013-10-27,24.375,25.2,24.05,25.05,53000
2013-10-28,25.1,25.6,24.275,24.325,47200
2013-10-29,24.3,24.7,24.15,24.4,61200
2013-10-30,24.5,24.525,24.1,24.175,127400
2013-10-31,24.8,25.275,24.3,24.425,66400
2013-11-03,24.95,25.6,24.825,25.425,115200
2013-11-04,25.525,26.6,25.5,26.475,173600
2013-11-05,26.3,27.275,25.7,26.025,185400
2013-11-06,26.125,26.4,25.6,26.1,135600
2013-11-10,27.2,28.7,26.3,28.7,523800
2013-11-11,29.9,31.2,28.5,28.7,570000
2013-11-12,28.5,29.0,27.6,27.9,176800
2013-11-13,27.9,28.5,27.7,27.7,215800
2013-11-14,27.9,28.5,27.2,27.3,233000
2013-11-17,27.6,28.9,27.5,28.5,199200
2013-11-18,29.5,29.5,28.3,28.4,150200
2013-11-19,28.4,28.8,28.2,28.4,179600
2013-11-20,28.1,29.5,28.1,29.1,294000
2013-11-21,29.0,29.4,28.6,28.9,256400
2013-11-24,29.1,29.3,28.8,29.0,162800
2013-11-25,29.6,29.9,29.0,29.2,271400
2013-11-26,29.1,29.5,28.2,28.5,251800
2013-11-27,28.7,28.8,28.0,28.2,148400
2013-11-28,27.8,28.5,27.8,27.9,125800
2013-12-01,27.5,28.7,27.4,27.5,85200
2013-12-02,28.1,28.1,27.6,27.7,77800
2013-12-03,28.2,28.4,27.7,28.2,99200
2013-12-04,28.5,28.5,27.6,27.6,99000
2013-12-05,27.5,27.9,27.4,27.5,87600
2013-12-08,28.1,28.1,27.4,27.4,93000
2013-12-09,27.8,27.8,27.3,27.3,96400
2013-12-10,27.4,27.7,27.3,27.5,128200
2013-12-11,28.1,28.5,27.5,28.3,188800
2013-12-12,28.5,29.2,28.3,28.3,198000
2013-12-15,28.4,28.6,27.5,27.7,53200
2013-12-17,27.7,28.0,27.4,27.5,58600
2013-12-18,27.4,27.7,27.1,27.1,130400
2013-12-19,27.3,27.3,26.9,27.0,83800
2013-12-22,27.1,27.5,26.9,27.1,114800
2013-12-23,27.0,27.2,26.9,27.0,66800
2013-12-24,26.5,27.2,26.5,26.8,23400
2013-12-26,27.4,27.4,26.1,26.2,48000
2013-12-29,26.9,26.9,25.8,25.9,47800
2013-12-30,26.5,26.7,25.8,25.9,80000
2014-01-01,26.2,26.7,25.5,25.6,66400
2014-01-02,26.2,26.2,25.4,25.8,61000
2014-01-06,26.0,26.0,25.5,25.6,46800
2014-01-07,25.7,25.9,25.5,25.5,53000
2014-01-08,26.0,26.3,25.8,25.9,43600
2014-01-09,26.1,26.5,25.9,26.2,48200
2014-01-12,26.5,26.7,26.3,26.3,40000
2014-01-13,26.5,26.9,26.2,26.4,36600
2014-01-15,26.7,26.8,26.3,26.3,49600
2014-01-16,26.5,26.9,26.3,26.8,80000
2014-01-19,27.0,27.2,26.6,26.6,120200
2014-01-20,27.0,27.0,26.6,26.7,30800
2014-01-21,26.7,27.4,26.5,27.2,129400
2014-01-22,27.6,27.7,26.7,26.7,110800
2014-01-23,27.1,27.2,26.9,27.1,98400
2014-01-26,26.9,27.5,26.9,27.1,123400
2014-01-27,27.6,27.6,26.9,27.2,88600
2014-01-28,27.3,27.3,26.9,26.9,81200
2014-01-29,26.9,27.1,26.8,26.9,115800
2014-01-30,27.7,27.7,27.2,27.3,158000
2014-02-02,27.3,27.5,27.1,27.4,104600
2014-02-03,27.6,29.0,27.6,28.1,454400
2014-02-04,28.7,28.8,27.7,27.8,125000
2014-02-05,27.9,27.9,27.3,27.4,40800
2014-02-06,28.0,28.0,27.1,27.2,67000
2014-02-09,27.2,27.4,26.5,26.6,115600
2014-02-10,26.7,26.8,26.4,26.5,63600
2014-02-11,26.6,26.7,26.0,26.1,54000
2014-02-12,26.2,26.6,26.0,26.0,33400
2014-02-13,25.9,26.5,25.9,26.2,24200
2014-02-16,26.4,26.7,26.1,26.2,17000
2014-02-17,26.3,26.3,25.8,25.9,15400
2014-02-18,25.9,25.9,25.4,25.6,28400
2014-02-19,25.8,26.0,25.7,25.9,38200
2014-02-20,25.7,26.4,25.6,25.8,32000
2014-02-23,25.8,26.1,25.7,25.7,21800
2014-02-24,26.0,26.0,25.5,25.5,51800
2014-02-25,25.6,25.9,25.6,25.6,20400
2014-02-26,25.9,25.9,25.5,25.6,10000
2014-02-27,25.4,25.5,25.1,25.2,62800
2014-03-02,24.8,24.9,24.5,24.6,31600
2014-03-03,24.8,25.3,24.5,24.5,22200
2014-03-04,24.9,24.9,24.2,24.3,28400
2014-03-05,24.5,24.8,24.3,24.5,14800
2014-03-06,24.6,24.7,24.4,24.5,26000
2014-03-09,24.3,24.4,24.1,24.1,21000
2014-03-10,24.3,24.4,23.9,23.9,35600
2014-03-11,24.0,24.0,23.9,23.9,23200
2014-03-12,23.9,24.0,23.5,23.6,41200
2014-03-13,25.1,25.1,23.5,23.5,23600
2014-03-16,23.5,23.7,23.4,23.4,22400
2014-03-18,23.4,23.5,22.9,22.9,64800
2014-03-19,22.9,23.4,22.6,22.8,13800
2014-03-20,22.8,23.1,22.8,22.9,27000
2014-03-23,22.8,22.9,22.6,22.6,30800
2014-03-24,22.6,23.0,22.6,22.8,20400
2014-03-25,22.8,23.5,22.8,23.2,44800
2014-03-27,23.1,24.1,23.0,23.7,68800
2014-03-30,23.7,23.8,23.4,23.6,39400
2014-03-31,23.2,24.1,23.2,23.9,16800
2014-04-01,23.7,24.1,23.7,23.8,42600
2014-04-02,24.0,24.0,23.5,23.8,11600
2014-04-03,23.7,23.8,23.5,23.5,20000
2014-04-06,23.3,25.8,23.0,25.1,245200
2014-04-07,25.0,25.0,23.7,23.9,7800
2014-04-08,23.6,23.6,23.4,23.4,12600
2014-04-09,23.5,23.7,23.5,23.5,18200
2014-04-10,23.4,24.6,23.4,24.2,44600
2014-04-13,23.5,23.7,23.5,23.5,7200
2014-04-15,23.6,23.6,22.7,22.9,13400
2014-04-16,22.7,23.0,22.5,22.6,19200
2014-04-17,22.7,22.9,22.6,22.6,15800
2014-04-20,22.6,23.0,22.6,22.7,29800
2014-04-21,22.9,23.2,22.8,22.9,14600
2014-04-22,22.9,23.2,22.9,23.0,15400
2014-04-23,23.0,23.2,22.9,22.9,26000
2014-04-24,23.0,23.1,22.7,22.8,19400
2014-04-27,22.5,22.7,21.7,21.8,98200
2014-04-28,22.6,22.6,21.5,21.9,11200
2014-04-29,22.1,22.7,21.2,21.4,42600
2014-04-30,21.4,21.8,20.5,20.7,49400
2014-05-04,20.4,21.3,20.4,20.8,10400
2014-05-05,20.6,21.0,20.6,20.8,42000
2014-05-06,21.0,21.8,21.0,21.6,24200
2014-05-07,21.8,23.0,21.7,21.9,40400
2014-05-08,22.0,22.4,21.5,22.1,17600
2014-05-11,22.2,22.2,22.0,22.0,6000
2014-05-12,21.9,22.0,21.7,21.9,22400
2014-05-14,22.8,22.8,21.3,21.9,18200
2014-05-18,19.3,19.6,19.3,19.4,38800
2014-05-19,19.5,19.7,19.4,19.4,20600
2014-05-20,19.1,19.4,19.0,19.1,6400
2014-05-21,19.5,19.5,19.2,19.2,3600
2014-05-22,19.3,19.3,18.9,18.9,50600
2014-05-25,19.0,19.0,18.7,18.7,12600
2014-05-26,18.6,18.7,18.6,18.6,6800
2014-05-27,18.6,18.7,18.5,18.5,19200
2014-05-28,18.6,18.6,18.4,18.4,22600
2014-05-29,18.3,18.5,18.2,18.2,43000
2014-06-01,18.3,18.3,18.0,18.0,17600
2014-06-02,19.7,19.8,17.9,18.2,8400
2014-06-03,18.0,18.0,17.6,17.6,16800
2014-06-04,17.7,17.7,16.9,17.0,32000
2014-06-05,16.8,17.2,16.8,17.0,7000
2014-06-08,17.0,17.0,16.5,16.7,8000
2014-06-09,16.9,17.0,16.9,16.9,17600
2014-06-10,17.1,17.5,17.0,17.1,27200
2014-06-11,17.2,17.2,17.0,17.0,28600
2014-06-12,17.0,17.5,17.0,17.0,30600
2014-06-15,17.0,17.1,16.7,16.9,3600
2014-06-16,16.7,16.9,16.5,16.6,12200
2014-06-17,16.2,16.7,16.2,16.4,13000
2014-06-18,16.5,16.8,16.5,16.5,9800
2014-06-19,16.7,16.9,16.6,16.7,14400
2014-06-22,17.7,17.7,16.5,16.9,7200
2014-06-23,16.5,17.0,16.5,16.7,6200
2014-06-24,17.0,17.0,16.8,16.9,14200
2014-06-25,16.6,17.3,16.6,16.8,31800
2014-06-26,17.0,17.4,17.0,17.2,20200
2014-06-29,17.4,17.8,17.0,17.0,45800
2014-06-30,17.4,17.4,17.1,17.2,8800
2014-07-02,17.0,17.2,16.9,17.0,5400
2014-07-03,17.0,17.3,17.0,17.0,8200
2014-07-06,17.0,17.3,17.0,17.1,26400
2014-07-07,17.0,17.1,16.8,17.0,11000
2014-07-08,17.0,17.0,16.6,16.9,9600
2014-07-09,16.9,17.0,16.9,16.9,16600
2014-07-10,16.9,17.0,16.8,16.9,5800
2014-07-13,16.9,17.0,16.6,16.8,20000
2014-07-14,16.8,18.2,16.7,17.6,10600
2014-07-15,17.0,17.1,16.8,16.9,9000
2014-07-16,17.0,17.1,16.9,17.0,8400
2014-07-17,17.0,17.0,16.9,16.9,10600
2014-07-20,17.0,17.2,16.8,17.1,5400
2014-07-21,17.4,17.4,16.9,16.9,10000
2014-07-22,17.1,17.1,16.9,17.0,21400
2014-07-23,16.8,16.9,16.8,16.8,3000
2014-07-24,16.9,16.9,16.8,16.8,8400
2014-08-03,16.9,17.3,16.9,17.0,20000
2014-08-04,17.0,17.0,16.9,16.9,62800
2014-08-05,17.0,17.0,16.7,16.8,47200
2014-08-06,17.1,17.5,17.0,17.3,98000
2014-08-07,17.4,17.4,17.1,17.1,52000
2014-08-10,17.7,18.1,17.1,18.0,157400
2014-08-11,17.9,18.2,17.8,18.1,63600
2014-08-12,18.0,18.7,17.9,18.2,214000
2014-08-13,18.7,19.3,18.2,18.6,107200
2014-08-14,18.8,20.1,18.6,18.8,610800
2014-08-18,18.6,18.9,18.4,18.4,13600
2014-08-19,18.7,18.7,18.3,18.4,11200
2014-08-20,18.0,18.3,17.6,17.8,16600
2014-08-21,17.6,17.9,17.1,17.2,62800
2014-08-24,17.8,17.8,16.9,16.9,36400
2014-08-25,16.8,17.5,16.8,17.1,30200
2014-08-26,17.5,17.6,17.2,17.2,58200
2014-08-27,17.4,17.5,17.3,17.3,30600
2014-08-28,17.4,17.6,17.2,17.2,64600
2014-08-31,17.5,18.1,17.5,17.9,49800
2014-09-01,17.3,18.0,17.3,17.9,31400
2014-09-02,18.0,18.8,17.8,18.4,62800
2014-09-03,18.5,18.9,18.1,18.7,61200
2014-09-04,19.9,19.9,18.5,18.8,21600
2014-09-07,19.4,19.4,18.4,18.6,41400
2014-09-08,18.0,18.4,17.7,17.9,15800
2014-09-09,17.9,18.0,17.6,17.7,100600
2014-09-10,18.0,18.0,17.8,17.8,33800
2014-09-11,17.9,17.9,17.8,17.8,33400
2014-09-14,17.6,18.5,17.6,18.0,52200
2014-09-15,17.7,18.5,17.7,18.0,26600
2014-09-16,17.3,18.4,17.3,17.7,82200
2014-09-17,18.3,19.1,17.7,18.6,497400
2014-09-18,18.4,18.4,17.7,17.9,43200
2014-09-21,19.2,19.2,18.1,18.3,50000
2014-09-22,18.6,19.0,18.0,18.3,59400
2014-09-23,18.6,19.1,18.5,18.8,101800
2014-09-24,19.0,19.0,17.9,18.1,35800
2014-09-25,18.2,18.5,17.8,17.9,23200
2014-09-28,18.0,18.5,17.9,17.9,43800
2014-09-29,17.9,17.9,17.8,17.8,32600
2014-09-30,17.9,18.0,17.6,17.8,14600
2014-10-01,17.9,18.7,17.9,18.4,51600
2014-10-02,18.7,19.4,18.5,19.1,50400
2014-10-12,19.9,20.4,19.6,20.1,88400
2014-10-13,20.0,20.1,19.2,19.7,62400
2014-10-14,20.2,20.6,19.6,20.2,67800
2014-10-15,20.5,20.9,20.2,20.3,74600
2014-10-16,20.2,20.2,19.8,19.8,55800
2014-10-19,19.0,19.5,18.8,18.9,39800
2014-10-20,19.2,19.4,18.6,18.8,21600
2014-10-21,19.0,19.2,18.6,18.9,35000
2014-10-22,18.9,18.9,18.4,18.4,41000
2014-10-23,18.3,18.6,18.3,18.4,17800
2014-10-26,18.4,18.4,18.1,18.1,15600
2014-10-27,18.1,18.5,18.0,18.1,23400
2014-10-28,18.3,18.5,18.1,18.2,22600
2014-10-29,18.0,18.2,18.0,18.1,3800
2014-10-30,18.1,18.4,18.1,18.1,10800
2014-11-02,17.6,18.2,17.5,17.7,65600
2014-11-03,18.0,18.2,17.6,18.1,30400
2014-11-05,18.1,18.2,17.7,17.8,27000
2014-11-06,17.8,18.2,17.7,17.7,25800
2014-11-09,17.7,17.8,17.6,17.6,15800
2014-11-10,17.9,18.0,17.7,17.7,8200
2014-11-11,17.6,17.8,17.6,17.7,9600
2014-11-12,18.0,18.0,17.3,17.3,45400
2014-11-13,17.5,17.6,17.3,17.4,25800
2014-11-16,17.4,17.4,16.9,16.9,32200
2014-11-17,16.8,17.1,16.7,16.7,32000
2014-11-18,17.0,17.1,16.8,16.9,15400
2014-11-19,16.9,17.1,16.8,16.9,18200
2014-11-20,17.7,17.8,16.5,16.7,33200
2014-11-23,16.5,16.8,16.5,16.6,7600
2014-11-24,16.7,16.8,16.6,16.6,7200
2014-11-25,17.0,17.0,16.7,16.8,10600
2014-11-26,16.7,16.7,16.4,16.5,15800
2014-11-27,16.7,16.7,16.3,16.4,12800
2014-11-30,16.5,16.8,16.4,16.4,4800
2014-12-01,16.4,16.7,16.4,16.5,8000
2014-12-02,16.7,16.8,16.5,16.6,15800
2014-12-03,16.6,16.9,16.6,16.8,2800
2014-12-04,17.2,17.2,16.6,16.8,6400
2014-12-07,16.6,16.9,16.6,16.7,4600
2014-12-08,16.7,16.9,16.7,16.7,11600
2014-12-09,17.4,17.4,16.6,17.0,5400
2014-12-10,17.0,17.1,16.7,16.9,7000
2014-12-11,16.5,16.6,16.4,16.5,8196
2014-12-14,16.5,16.5,16.0,16.2,6500
2014-12-15,15.8,16.3,15.8,16.0,5612
2014-12-17,16.3,17.2,15.7,16.7,6646
2014-12-18,15.5,16.8,15.5,16.3,6051
2014-12-21,15.8,16.5,15.8,16.1,2532
2014-12-22,16.7,16.7,15.8,16.4,21736
2014-12-23,16.2,16.4,16.1,16.3,4288
2014-12-24,16.2,16.6,16.0,16.2,4812
2014-12-28,16.1,16.1,15.0,16.0,5756
2014-12-29,15.6,16.0,15.6,15.8,6005
2014-12-30,15.6,16.4,15.6,16.3,4941
2015-01-01,16.0,16.5,16.0,16.3,4291
2015-01-05,16.0,16.3,16.0,16.3,15362
2015-01-06,16.0,16.4,16.0,16.3,3717
2015-01-07,16.0,16.5,16.0,16.3,19498
2015-01-08,16.0,16.5,16.0,16.2,2978
2015-01-11,16.4,17.1,16.4,16.9,24829
2015-01-12,16.8,17.0,16.8,16.9,18542
2015-01-13,16.4,17.2,16.4,16.9,10312
2015-01-14,16.8,17.1,16.7,16.8,13933
2015-01-15,16.6,16.8,16.6,16.8,3138
2015-01-18,16.6,16.6,16.1,16.2,28542
2015-01-19,16.0,16.2,16.0,16.1,1928
2015-01-20,16.1,16.1,16.0,16.1,2931
2015-01-21,15.7,16.8,15.6,15.9,8483
2015-01-22,15.5,16.0,15.5,15.8,11854
2015-01-25,15.8,15.8,15.4,15.6,5016
2015-01-26,15.6,15.7,15.6,15.6,2460
2015-01-27,15.0,16.4,15.0,15.7,3834
2015-01-28,15.4,16.5,15.4,16.2,3160
2015-01-29,15.3,16.0,15.3,15.6,1600
2015-02-01,15.3,15.5,15.3,15.4,3387
2015-02-02,15.0,15.1,14.3,15.0,5880
2015-02-03,14.7,15.1,14.7,15.1,584
2015-02-04,15.0,15.7,15.0,15.1,11584
2015-02-05,15.1,15.2,15.1,15.1,381
2015-02-08,14.5,15.3,14.5,14.8,1959
2015-02-09,15.0,15.0,14.5,14.5,70180
2015-02-10,14.8,15.1,14.8,15.0,28819
2015-02-11,14.9,15.3,14.9,15.1,20317
2015-02-12,15.0,15.8,15.0,15.5,9347
2015-02-15,15.5,15.7,15.3,15.5,14753
2015-02-16,15.5,15.8,15.3,15.6,16210
2015-02-17,15.2,15.7,15.2,15.4,1898
2015-02-18,15.4,15.5,15.4,15.5,2857
2015-02-19,15.4,15.6,15.4,15.6,564
2015-02-22,15.1,15.2,15.0,15.1,12802
2015-02-23,15.2,15.5,15.2,15.5,3648
2015-02-24,15.2,15.4,15.2,15.3,3280
2015-02-25,15.2,15.8,15.0,15.2,19102
2015-02-26,15.8,15.8,15.1,15.2,1463
2015-03-01,15.1,15.1,15.0,15.0,2639
2015-03-02,14.6,15.0,14.6,14.9,10406
2015-03-03,14.5,14.8,14.5,14.7,2600
2015-03-04,14.5,14.5,14.5,14.5,2276
2015-03-05,14.4,14.6,14.4,14.6,3034
2015-03-08,14.8,14.8,14.7,14.7,1700
2015-03-09,14.6,14.7,14.6,14.6,370
2015-03-10,14.5,14.6,14.5,14.6,843
2015-03-11,14.5,14.8,14.5,14.8,10697
2015-03-12,14.4,14.8,14.3,14.7,5730
2015-03-15,14.3,14.5,14.0,14.2,2981
2015-03-16,14.1,14.1,14.1,14.1,300
2015-03-18,14.7,14.7,13.4,13.5,3335
2015-03-19,13.2,13.5,13.1,13.3,5802
2015-03-22,13.3,13.4,12.8,13.2,13188
2015-03-23,13.2,13.3,13.2,13.3,3287
2015-03-24,12.5,12.9,12.5,12.6,10288
2015-03-25,12.4,12.6,12.4,12.6,597
2015-03-29,12.6,12.9,12.6,12.8,7634
2015-03-30,12.7,12.8,12.5,12.7,7774
2015-03-31,12.6,12.9,12.6,12.9,222
2015-04-01,12.4,12.9,12.4,12.6,2388
2015-04-02,12.6,13.0,12.6,12.8,3211
2015-04-05,12.5,12.9,12.5,12.8,5913
2015-04-06,12.6,12.8,12.5,12.6,2842
2015-04-07,11.4,12.2,11.4,11.9,5909
2015-04-08,11.1,12.0,11.1,11.3,6476
2015-04-09,11.3,11.9,11.3,11.5,9868
2015-04-12,11.4,11.6,11.4,11.4,1667
2015-04-13,11.3,11.6,11.3,11.4,4919
2015-04-15,10.6,12.5,10.3,11.7,9216
2015-04-16,11.3,12.6,11.3,12.3,9025
2015-04-19,12.7,12.8,12.4,12.7,5316
2015-04-20,12.3,12.5,12.0,12.1,20222
2015-04-21,11.6,11.8,11.6,11.8,2428
2015-04-22,11.4,11.4,11.2,11.3,14598
2015-04-23,11.0,11.2,11.0,11.1,44
2015-04-26,10.0,11.5,10.0,10.8,10510
2015-04-27,10.6,10.8,10.6,10.8,1150
2015-04-29,10.4,10.6,10.4,10.6,2159
2015-04-30,10.5,10.6,10.1,10.4,9551
2015-05-04,10.0,10.1,10.0,10.0,20563
2015-05-05,10.5,10.5,10.0,10.4,4253
2015-05-06,9.9,10.9,9.8,10.6,45653
2015-05-07,10.5,11.2,10.5,10.9,21015
2015-05-10,11.8,11.9,11.7,11.9,46337
2015-05-11,13.8,14.9,12.7,14.8,135508
2015-05-12,14.0,14.6,13.7,13.9,75172
2015-05-13,14.0,14.0,13.0,13.2,43388
2015-05-14,13.3,13.8,13.3,13.6,9206
2015-05-17,13.0,13.6,13.0,13.0,27183
2015-05-18,13.2,13.8,13.0,13.6,40367
2015-05-19,14.7,14.7,13.5,13.7,38718
2015-05-20,13.8,14.5,13.7,14.4,77514
2015-05-24,13.0,13.7,13.0,13.2,27500
2015-05-25,13.2,13.9,13.2,13.7,68147
2015-05-26,13.6,13.8,13.5,13.7,42456
2015-05-27,13.5,13.8,13.4,13.5,33348
2015-05-28,13.4,13.6,13.1,13.2,20242
2015-05-31,13.0,13.5,12.7,12.8,14558
2015-06-01,13.8,13.8,12.9,13.0,13896
2015-06-02,13.0,13.0,12.8,13.0,12858
2015-06-04,13.1,13.1,12.6,12.8,24515
2015-06-07,13.1,13.3,13.0,13.1,18283
2015-06-08,13.0,13.3,12.5,12.8,19575
2015-06-09,12.6,12.8,12.5,12.7,6417
2015-06-10,12.7,13.0,12.5,12.8,3877
2015-06-11,12.6,13.0,12.3,12.5,12500
2015-06-14,12.5,12.8,12.4,12.6,11617
2015-06-15,12.8,12.9,12.5,12.7,5102
2015-06-16,12.8,12.8,12.6,12.8,14434
2015-06-17,12.6,12.9,12.6,12.9,7930
2015-06-18,12.8,13.2,12.6,12.9,9692
2015-06-21,12.9,13.0,12.7,13.0,14063
2015-06-22,13.0,13.2,12.8,13.0,5171
2015-06-23,12.7,13.1,12.7,13.0,19250
2015-06-24,12.7,12.9,12.7,12.8,7618
2015-06-25,12.7,12.9,12.5,12.6,9203
2015-06-28,12.5,13.1,12.5,12.6,3722
2015-06-29,12.5,13.3,12.5,12.8,14422
2015-06-30,12.7,13.0,12.6,12.9,26977
2015-07-02,13.0,13.0,12.7,12.8,12987
2015-07-05,13.2,13.2,12.7,12.9,11783
2015-07-06,13.1,13.1,12.4,12.5,11945
2015-07-07,12.0,12.8,12.0,12.5,4705
2015-07-08,12.3,12.9,12.3,12.8,18443
2015-07-09,12.7,12.9,12.6,12.8,5704
2015-07-12,12.7,12.7,12.6,12.7,3206
2015-07-13,12.6,12.9,12.6,12.7,8012
2015-07-14,12.6,12.9,12.6,12.7,6481
2015-07-21,12.6,13.0,12.6,12.9,20510
2015-07-22,12.9,12.9,12.6,12.7,10110
2015-07-23,12.8,13.6,12.8,13.3,97730
2015-07-26,12.9,12.9,12.8,12.9,13548
2015-07-27,12.9,13.4,12.8,13.0,32685
2015-07-28,12.8,13.9,12.8,13.7,196852
2015-07-29,13.3,13.4,13.3,13.3,3670
2015-07-30,13.3,13.3,12.9,13.0,10281
2015-08-02,13.2,13.2,12.6,12.6,45488
2015-08-03,12.7,13.0,12.7,12.9,11265
2015-08-04,12.9,13.1,12.9,13.0,13503
2015-08-05,12.8,13.1,12.8,12.8,18174
2015-08-06,12.9,13.0,12.8,12.9,1735
2015-08-09,12.8,13.0,12.7,12.8,16944
2015-08-10,12.6,12.7,12.4,12.5,31064
2015-08-11,12.3,12.6,12.3,12.3,12117
2015-08-12,12.3,12.5,12.3,12.4,14611
2015-08-13,12.3,12.5,12.2,12.4,29388
2015-08-16,12.2,12.7,12.2,12.4,24191
2015-08-17,12.5,12.6,12.4,12.5,15111
2015-08-18,12.4,12.5,12.2,12.3,7970
2015-08-19,12.3,12.6,12.3,12.4,14350
2015-08-20,12.4,12.4,12.3,12.4,2121
2015-08-23,12.3,12.5,12.3,12.4,10634
2015-08-24,12.4,12.4,12.2,12.3,5095
2015-08-25,12.2,12.3,12.2,12.3,8966
2015-08-26,12.3,12.5,12.3,12.5,3838
2015-08-27,12.4,12.5,12.3,12.4,8226
2015-08-30,12.5,12.5,12.3,12.4,9734
2015-08-31,12.3,12.4,12.1,12.2,34524
2015-09-01,12.2,12.2,12.1,12.1,3957
2015-09-02,12.1,12.5,12.1,12.5,26849
2015-09-03,12.3,12.5,12.2,12.4,7934
2015-09-06,12.4,12.4,12.2,12.2,9497
2015-09-07,12.3,12.5,12.3,12.4,11201
2015-09-08,12.3,12.5,12.3,12.4,10496
2015-09-09,12.3,12.4,12.3,12.4,6440
2015-09-10,12.4,12.5,12.3,12.4,13500
2015-09-13,12.3,12.4,12.3,12.4,13015
2015-09-14,12.4,12.8,12.4,12.7,23062
2015-09-15,13.9,13.9,12.4,12.7,6851
2015-09-16,12.4,12.7,12.3,12.4,19176
2015-09-17,12.4,12.6,12.4,12.5,4545
2015-09-20,12.3,12.6,12.3,12.4,14605
2015-09-21,12.4,12.7,12.4,12.6,1805
2015-09-22,12.4,12.5,12.4,12.5,4630
2015-09-28,12.4,12.8,12.4,12.5,18497
2015-09-29,12.4,13.0,12.4,12.6,6555
2015-09-30,12.4,12.6,12.4,12.4,6005
2015-10-01,12.5,12.5,12.3,12.3,19695
2015-10-04,12.3,12.4,12.2,12.4,8569
2015-10-05,12.4,12.4,12.2,12.3,11086
2015-10-06,12.5,12.5,12.2,12.5,3510
2015-10-07,12.1,12.5,12.1,12.3,8258
2015-10-08,12.2,12.3,12.0,12.2,5056
2015-10-11,12.0,12.0,11.9,12.0,5684
2015-10-12,11.9,12.0,11.9,11.9,3672
2015-10-13,12.0,12.1,12.0,12.0,2334
2015-10-14,11.9,12.0,11.8,11.9,2275
2015-10-15,12.0,12.0,11.8,11.9,13780
2015-10-18,11.8,12.0,11.7,11.7,591
2015-10-19,11.7,12.0,11.7,11.7,3897
2015-10-20,12.0,12.0,12.0,12.0,2000
2015-10-21,11.8,11.9,11.7,11.7,5117
2015-10-25,11.7,12.1,11.7,11.9,3840
2015-10-26,11.8,12.0,11.8,11.8,568
2015-10-27,11.8,12.0,11.7,11.7,16718
2015-10-28,11.8,11.8,11.6,11.7,9018
2015-10-29,11.5,11.6,11.3,11.5,7674
2015-11-01,11.2,11.4,11.2,11.3,2269
2015-11-02,11.4,11.9,11.2,11.6,19733
2015-11-03,11.5,11.5,11.4,11.5,1762
2015-11-04,11.2,11.5,11.2,11.4,1362
2015-11-05,11.4,11.4,11.3,11.3,1654
2015-11-08,11.3,11.3,11.1,11.2,11320
2015-11-09,11.2,11.3,10.9,11.2,5121
2015-11-10,11.0,11.1,11.0,11.0,521
2015-11-11,10.7,10.8,10.7,10.8,4070
2015-11-12,10.7,11.3,10.7,11.1,1218
2015-11-15,10.8,10.8,10.8,10.8,1475
2015-11-16,10.9,11.8,10.9,11.7,31788
2015-11-17,12.2,12.6,11.5,12.2,20343
2015-11-18,12.6,12.6,11.6,12.5,18732
2015-11-19,11.7,12.2,11.7,11.8,31791
2015-11-22,12.6,12.6,11.2,11.6,7206
2015-11-23,11.5,12.7,11.5,12.6,59909
2015-11-24,12.4,13.2,12.4,13.0,98032
2015-11-25,13.7,13.7,12.0,13.3,29349
2015-11-26,12.4,13.4,12.0,12.0,98898
2015-11-29,12.3,12.3,12.3,12.3,200
2015-11-30,12.3,13.3,12.0,12.6,8299
2015-12-01,12.7,12.7,11.4,11.6,93527
2015-12-02,12.2,12.2,11.4,11.6,19488
2015-12-03,11.9,11.9,11.1,11.4,39013
2015-12-06,11.8,12.4,11.6,12.3,82639
2015-12-07,12.4,12.8,12.1,12.4,52045
2015-12-08,12.6,13.0,12.0,12.3,79932
2015-12-09,12.2,12.2,12.0,12.1,2259
2015-12-10,12.2,12.5,11.6,11.6,65000
2015-12-13,11.8,11.8,11.5,11.6,7747
2015-12-14,11.4,11.5,11.4,11.4,1744
2015-12-15,11.4,11.4,11.4,11.4,1151
2015-12-17,11.4,12.0,11.3,11.4,22066
2015-12-20,11.3,11.5,11.3,11.3,2426
2015-12-21,11.3,11.8,11.3,11.7,10215
2015-12-22,11.6,12.0,11.6,11.9,7828
2015-12-23,11.9,11.9,11.7,11.8,1932
2015-12-24,12.0,12.0,12.0,12.0,500
2015-12-27,11.8,12.0,11.5,12.0,35835
2015-12-28,11.9,11.9,11.4,11.6,16627
2015-12-29,11.8,11.8,11.3,11.4,39098
2015-12-30,11.4,11.8,11.2,11.3,55133
2015-12-31,11.7,12.0,11.2,11.6,10539
2016-01-03,11.5,11.7,11.5,11.5,4769
2016-01-04,11.3,12.1,11.3,12.0,38630
2016-01-05,12.0,12.4,11.7,12.3,49165
2016-01-06,12.3,12.3,11.8,11.9,46558
2016-01-07,12.0,12.1,11.8,11.9,3419
2016-01-10,11.7,11.8,11.7,11.8,4618
2016-01-11,11.9,12.1,11.8,11.9,20597
2016-01-12,11.8,12.0,11.8,11.9,15499
2016-01-13,12.1,12.6,12.1,12.4,59077
2016-01-14,12.5,13.1,12.5,12.8,98970
2016-01-17,12.6,12.6,12.4,12.5,20283
2016-01-18,12.3,12.7,12.2,12.5,31923
2016-01-19,12.8,12.9,12.6,12.8,38666
2016-01-20,12.6,12.7,12.6,12.6,43320
2016-01-21,12.5,12.7,12.4,12.5,90720
2016-01-24,12.0,12.5,12.0,12.4,22095
2016-01-25,12.5,12.7,12.3,12.4,21812
2016-01-26,12.7,13.0,12.6,12.8,95913
2016-01-27,12.8,12.9,12.7,12.7,9000
2016-01-28,12.6,12.6,12.3,12.5,45973
2016-01-31,12.2,12.5,11.7,11.8,33687
2016-02-01,11.7,12.0,11.7,11.8,35223
2016-02-02,12.4,12.5,11.8,12.0,28173
2016-02-03,12.2,12.2,11.7,11.8,24139
2016-02-04,11.7,11.9,11.7,11.8,6582
2016-02-07,11.4,11.6,11.4,11.4,1500
2016-02-08,11.6,11.9,11.6,11.8,1893
2016-02-09,11.5,11.9,11.5,11.9,2023
2016-02-10,11.8,12.2,11.6,12.2,36779
2016-02-11,11.9,12.2,11.8,12.0,16151
2016-02-14,12.1,12.2,11.8,11.9,19706
2016-02-15,11.8,12.0,11.8,11.9,4677
2016-02-16,11.9,12.1,11.9,11.9,32853
2016-02-17,12.1,12.8,12.0,12.7,50600
2016-02-18,12.4,12.5,11.9,12.0,26744
2016-02-22,11.9,12.0,11.9,12.0,2000
2016-02-23,11.9,11.9,11.8,11.9,12780
2016-02-24,12.6,12.6,11.9,11.9,24802
2016-02-25,12.2,12.2,11.9,12.0,6887
2016-02-28,12.0,12.0,11.7,11.9,16212
2016-02-29,11.8,11.9,11.8,11.8,11635
2016-03-01,11.8,12.0,11.8,11.9,11980
2016-03-02,11.9,12.0,11.9,12.0,6878
2016-03-03,11.9,12.0,11.7,11.8,7424
2016-03-06,11.7,11.7,11.7,11.7,10838
2016-03-07,11.7,11.7,11.7,11.7,3073
2016-03-08,11.7,12.0,11.7,12.0,10589
2016-03-09,12.0,12.4,12.0,12.2,15502
2016-03-10,12.4,12.4,11.8,12.3,14718
2016-03-13,12.0,12.2,12.0,12.1,13150
2016-03-14,11.8,11.9,11.8,11.8,11501
2016-03-15,11.9,11.9,11.7,11.8,27541
2016-03-16,11.8,12.0,11.8,11.8,6080
2016-03-20,12.2,12.4,11.8,12.1,16436
2016-03-21,11.8,11.9,11.8,11.9,4084
2016-03-22,11.8,11.8,11.8,11.8,19550
2016-03-23,12.2,12.2,11.0,11.3,80991
2016-03-24,11.4,11.9,11.4,11.6,9054
2016-03-27,11.4,11.4,11.3,11.4,2568
2016-03-28,11.2,11.5,11.2,11.2,11782
2016-03-29,11.3,11.5,11.3,11.5,4278
2016-03-30,11.2,11.7,11.2,11.6,3997
2016-03-31,11.4,11.4,11.4,11.4,994
2016-04-03,11.3,11.5,11.3,11.5,241
2016-04-04,11.4,11.6,11.4,11.5,6758
2016-04-05,11.5,11.5,11.4,11.5,4937
2016-04-06,11.5,11.5,11.4,11.5,197713
2016-04-07,11.7,11.7,11.3,11.3,22986
2016-04-10,11.3,11.3,11.2,11.2,13960
2016-04-11,11.3,11.3,11.0,11.1,23284
2016-04-12,11.1,11.4,11.1,11.3,5724
2016-04-13,11.1,11.3,11.1,11.2,4195
2016-04-17,11.2,11.2,11.0,11.1,8594
2016-04-18,11.2,11.3,11.1,11.2,10365
2016-04-19,11.5,11.5,10.8,11.0,19235
2016-04-20,10.8,11.1,10.8,10.8,7677
2016-04-21,10.9,11.2,10.8,10.9,8728
2016-04-24,10.8,10.8,10.3,10.6,13838
2016-04-25,10.0,10.4,10.0,10.3,29847
2016-04-26,10.2,10.3,10.1,10.2,8780
2016-04-27,10.2,10.2,9.9,10.0,48098
2016-04-28,9.8,9.9,9.8,9.8,4000
2016-05-02,9.1,9.3,9.1,9.3,6173
2016-05-03,9.8,10.0,9.4,9.6,35040
2016-05-04,9.5,9.6,9.4,9.5,13582
2016-05-05,9.7,10.4,9.6,10.2,15990
2016-05-08,9.6,10.0,9.6,9.8,33854
2016-05-09,9.6,9.7,9.1,9.2,92704
2016-05-10,9.1,9.2,9.1,9.2,37856
2016-05-11,9.2,9.4,9.2,9.3,6297
2016-05-12,9.3,9.4,9.2,9.4,2948
2016-05-15,9.4,9.4,9.1,9.1,8309
2016-05-16,9.2,9.4,9.2,9.2,1771
2016-05-17,9.3,10.1,9.3,9.9,54185
2016-05-18,10.0,10.3,9.6,10.1,21105
2016-05-19,10.0,10.7,10.0,10.5,30052
2016-05-22,10.5,10.5,10.2,10.3,4926
2016-05-24,10.5,10.8,10.1,10.5,20028
2016-05-25,10.3,10.7,10.3,10.4,9861
2016-05-26,10.4,10.5,10.3,10.5,19691
2016-05-30,10.6,10.6,9.9,10.0,16526
2016-05-31,10.1,10.1,9.9,10.0,5151
2016-06-01,10.4,10.4,10.0,10.2,5460
2016-06-02,10.4,10.4,10.1,10.3,14256
2016-06-05,10.2,10.2,10.0,10.1,20073
2016-06-06,9.9,10.0,9.9,9.9,561
2016-06-07,10.0,10.0,9.5,9.7,185
2016-06-08,9.4,10.0,9.4,9.6,7120
2016-06-09,9.8,9.8,9.7,9.7,2497
2016-06-12,9.7,9.9,9.6,9.7,3246
2016-06-14,9.5,9.6,9.4,9.5,20488
2016-06-15,9.5,9.5,9.4,9.5,6227
2016-06-16,9.5,9.5,9.4,9.5,4255
2016-06-19,9.4,9.4,9.3,9.4,11185
2016-06-20,9.4,9.5,9.4,9.4,11679
2016-06-21,9.4,9.5,9.3,9.3,8149
2016-06-22,9.4,9.7,9.4,9.5,1901
2016-06-23,9.6,9.7,9.6,9.7,8111
2016-06-26,9.6,9.6,9.5,9.5,3093
2016-06-27,9.5,9.6,9.5,9.5,718
2016-06-28,9.5,9.7,9.4,9.5,12266
2016-06-29,9.8,10.4,9.6,10.0,18581
2016-06-30,9.7,11.0,9.7,10.7,107317
2016-07-10,10.2,11.0,10.2,10.6,5675
2016-07-11,10.5,10.6,10.4,10.5,10412
2016-07-12,10.4,10.5,10.2,10.4,6494
2016-07-13,10.3,10.6,10.2,10.3,2540
2016-07-14,10.2,10.7,10.1,10.5,4106
2016-07-16,10.3,10.5,10.3,10.4,1190
2016-07-17,10.0,10.5,10.0,10.2,10589
2016-07-18,10.2,10.5,10.2,10.5,12789
2016-07-19,10.4,10.4,10.2,10.3,9316
2016-07-20,10.1,10.1,10.1,10.1,172
2016-07-21,10.3,10.4,10.1,10.3,2336
2016-07-24,10.0,10.1,10.0,10.0,900
2016-07-25,10.1,10.1,10.0,10.0,1149
2016-07-26,10.1,10.2,10.0,10.1,7522
2016-07-27,10.1,10.1,10.1,10.1,306
2016-07-28,10.0,10.0,9.9,10.0,1546
2016-07-31,9.9,10.0,9.9,10.0,638
2016-08-01,9.9,10.0,9.9,10.0,1787
2016-08-02,10.0,10.0,9.9,10.0,3122
2016-08-03,10.0,10.1,10.0,10.1,1021
2016-08-04,10.0,10.0,10.0,10.0,2628
2016-08-07,9.7,10.0,9.7,9.9,1827
2016-08-08,9.7,10.0,9.7,9.8,11484
2016-08-09,9.9,10.4,9.7,10.0,15629
2016-08-10,10.0,10.0,10.0,10.0,3500
2016-08-11,10.0,10.4,9.9,10.1,18018
2016-08-14,10.0,10.0,10.0,10.0,1200
2016-08-16,9.8,10.4,9.8,10.3,7400
2016-08-17,10.2,10.2,10.0,10.1,6815
2016-08-18,10.0,10.1,9.9,10.0,9401
2016-08-21,10.0,10.1,10.0,10.1,9639
2016-08-22,9.8,10.0,9.8,9.9,3210
2016-08-23,9.9,10.1,9.8,9.9,12984
2016-08-24,9.9,10.2,9.9,10.2,27431
2016-08-28,10.2,10.5,10.2,10.5,29142
2016-08-29,10.5,11.3,10.2,10.9,83481
2016-08-30,10.6,11.0,10.6,10.8,67746
2016-08-31,10.5,11.3,10.3,11.1,142063
2016-09-01,11.3,11.3,10.9,11.3,210458
2016-09-04,11.1,11.9,11.1,11.3,160591
2016-09-05,11.3,11.4,11.0,11.1,35611
2016-09-06,11.0,11.4,10.9,11.0,108089
2016-09-07,11.1,11.1,10.8,10.8,26216
2016-09-08,10.7,11.0,10.6,10.7,72219
2016-09-18,11.0,11.0,10.5,10.5,29253
2016-09-19,10.6,10.8,10.4,10.5,51074
2016-09-20,10.7,10.7,10.3,10.3,40132
2016-09-21,10.5,10.7,10.4,10.7,44927
2016-09-22,10.7,10.8,10.5,10.6,73017
2016-09-24,10.7,10.9,10.6,10.8,56763
2016-09-25,10.9,10.9,10.6,10.8,18502
2016-09-26,10.8,11.0,10.8,11.0,69583
2016-09-27,11.4,11.4,10.8,10.9,30890
2016-09-28,10.8,11.1,10.7,11.0,26204
2016-09-29,11.5,11.5,11.0,11.3,133111
2016-10-02,11.2,11.6,11.1,11.4,92316
2016-10-03,11.5,11.8,11.5,11.8,197976
2016-10-04,11.4,11.7,11.4,11.5,135299
2016-10-05,11.6,11.6,11.4,11.5,60103
2016-10-06,11.5,11.5,11.3,11.4,76920
2016-10-09,10.8,11.5,10.8,11.5,33087
2016-10-10,11.4,11.7,11.3,11.5,102308
2016-10-13,11.6,12.0,11.4,11.9,174283
2016-10-16,12.1,12.2,11.6,12.2,139992
2016-10-17,12.3,12.9,12.0,12.7,383127
2016-10-18,12.7,13.6,12.6,13.5,442320
2016-10-19,13.6,13.9,13.0,13.1,578503
2016-10-20,13.1,13.4,13.0,13.2,206661
2016-10-23,13.3,13.4,12.6,13.1,77860
2016-10-24,12.8,12.8,12.2,12.4,51323
2016-10-25,12.3,12.5,12.2,12.3,122195
2016-10-26,12.5,12.5,12.2,12.3,53872
2016-10-27,12.3,12.9,12.3,12.8,82977
2016-10-30,12.6,12.6,12.4,12.5,24033
2016-10-31,12.5,12.5,12.3,12.4,24987
2016-11-01,12.3,12.3,11.6,11.8,42768
2016-11-02,11.6,12.4,11.6,12.2,15961
2016-11-03,12.3,12.3,12.0,12.0,10048
2016-11-06,11.8,12.2,11.8,12.1,11586
2016-11-07,12.2,12.3,12.1,12.2,14004
2016-11-08,12.2,12.5,12.2,12.2,28615
2016-11-09,12.3,12.5,11.9,12.0,38960
2016-11-10,12.0,12.3,11.8,12.2,10802
2016-11-13,12.4,12.4,12.1,12.2,91014
2016-11-14,12.2,12.3,12.1,12.1,19305
2016-11-15,12.2,12.5,12.2,12.4,11125
2016-11-16,12.5,12.9,12.5,12.8,40504
2016-11-17,12.8,12.8,12.4,12.6,32635
2016-11-20,12.4,12.5,12.4,12.5,12044
2016-11-21,12.3,12.5,12.3,12.3,14466
2016-11-22,12.5,12.7,12.4,12.5,33113
2016-11-23,12.7,13.0,12.4,12.9,117764
2016-11-24,13.0,13.2,12.9,13.1,91544
2016-11-27,12.8,13.0,12.7,12.9,30825
2016-11-28,12.8,13.3,12.8,13.1,106394
2016-11-29,13.3,14.1,13.3,13.7,281587
2016-11-30,13.8,13.8,13.0,13.2,72295
2016-12-01,13.2,13.5,13.0,13.4,97986
2016-12-04,13.7,13.7,13.0,13.1,84448
2016-12-05,13.1,13.3,12.6,13.0,82586
2016-12-06,12.7,13.3,12.7,12.9,12601
2016-12-07,12.7,13.1,12.6,13.0,70463
2016-12-08,13.0,13.2,12.7,13.0,85527
2016-12-11,13.1,13.4,12.7,12.8,86285
2016-12-12,13.1,13.1,12.6,12.8,88936
2016-12-14,12.6,13.0,12.5,12.6,86561
2016-12-15,12.5,13.0,12.5,12.9,40618
2016-12-18,13.0,13.0,12.7,13.0,92190
2016-12-19,13.0,13.2,12.8,13.1,92873
2016-12-20,13.0,13.2,12.9,13.1,37865
2016-12-21,13.1,13.1,12.7,12.8,72065
2016-12-22,13.0,13.3,13.0,13.2,72486
2016-12-26,13.2,13.3,13.0,13.1,77560
2016-12-27,13.4,13.9,13.3,13.7,246474
2016-12-28,13.6,13.8,13.4,13.4,83538
2016-12-29,13.8,13.9,13.5,13.6,125292
2017-01-01,13.9,13.9,13.6,13.7,93941
2017-01-02,13.9,14.2,13.7,13.9,161097
2017-01-03,13.7,13.9,13.6,13.7,99018
2017-01-04,13.7,13.9,13.6,13.7,75264
2017-01-05,13.9,14.2,13.7,13.9,137917
2017-01-08,14.3,14.5,14.0,14.4,287458
2017-01-09,14.4,15.3,14.4,15.1,471961
2017-01-10,15.4,15.8,15.1,15.7,353040
2017-01-11,15.5,16.2,15.3,16.0,370179
2017-01-12,16.0,16.3,15.8,15.9,176894
2017-01-15,16.2,16.3,15.6,16.0,191589
2017-01-16,15.6,16.2,15.5,15.7,168433
2017-01-17,15.5,16.0,15.3,15.4,159424
2017-01-18,15.5,15.7,15.1,15.2,105022
2017-01-19,14.7,15.1,14.4,14.6,133359
2017-01-22,15.0,15.4,15.0,15.1,116475
2017-01-23,15.4,15.6,15.3,15.5,100005
2017-01-24,15.4,15.8,15.0,15.3,153416
2017-01-25,15.0,16.8,15.0,16.2,580206
2017-01-26,15.8,16.5,15.6,15.9,111079
2017-01-29,15.4,15.8,14.7,14.9,111003
2017-01-30,14.7,14.9,14.2,14.5,66492
2017-01-31,14.3,15.1,14.3,14.9,69197
2017-02-01,14.9,15.1,14.4,14.5,151890
2017-02-02,14.5,14.5,13.8,13.9,101215
2017-02-05,13.9,14.0,13.4,13.5,79518
2017-02-06,13.5,13.8,13.5,13.7,113077
2017-02-07,13.6,14.0,13.5,13.8,32982
2017-02-08,14.0,15.0,14.0,14.8,171408
2017-02-09,14.6,15.2,14.5,15.2,126789
2017-02-12,15.4,15.4,15.1,15.3,42093
2017-02-13,15.2,15.3,14.8,15.0,66839
2017-02-14,14.7,15.2,14.6,14.7,86627
2017-02-15,15.0,15.0,14.5,14.6,71510
2017-02-16,14.7,14.7,14.5,14.6,70431
2017-02-19,14.6,15.1,14.6,14.7,88964
2017-02-20,14.8,14.8,14.6,14.6,53717
2017-02-22,14.5,14.7,14.5,14.5,39904
2017-02-23,14.5,14.7,14.4,14.5,31452
2017-02-26,14.6,14.7,14.3,14.4,54997
2017-02-27,14.5,14.7,14.4,14.7,19048
2017-02-28,14.7,14.9,14.6,14.8,26377
2017-03-01,14.9,15.0,14.8,15.0,95741
2017-03-02,14.8,15.0,14.8,14.9,62627
2017-03-05,14.7,14.7,14.6,14.6,58863
2017-03-06,14.8,14.8,14.4,14.4,27528
2017-03-07,14.6,14.8,14.5,14.8,33634
2017-03-08,14.8,14.8,14.5,14.6,28057
2017-03-09,14.6,14.6,14.2,14.5,74517
2017-03-12,14.7,15.2,14.7,15.1,144206
2017-03-13,15.2,15.4,15.2,15.3,202479
2017-03-14,15.2,15.3,15.1,15.1,139376
2017-03-15,15.2,15.3,14.8,15.0,77499
2017-03-16,15.1,15.3,15.0,15.0,87353
2017-03-19,15.2,15.4,15.1,15.3,103895
2017-03-20,15.4,15.4,15.0,15.2,38203
2017-03-21,15.2,15.3,15.1,15.2,46036
2017-03-22,15.2,15.3,15.0,15.1,44122
2017-03-23,15.0,15.3,14.7,15.0,31189
2017-03-27,14.8,15.7,14.7,14.9,83200
2017-03-28,14.8,15.2,14.6,14.9,22856
2017-03-29,14.6,15.1,14.5,14.6,9890
2017-03-30,14.6,14.9,14.5,14.6,8879
2017-04-02,14.5,14.5,14.3,14.4,23329
2017-04-03,14.3,14.8,14.1,14.3,17321
2017-04-04,14.7,14.7,14.2,14.3,16010
2017-04-05,14.0,14.4,13.9,13.9,20300
2017-04-06,14.6,14.6,13.8,14.0,12820
2017-04-09,14.2,14.5,13.6,14.0,6162
2017-04-10,14.2,14.2,13.2,13.6,8219
2017-04-11,13.3,14.1,13.3,13.6,6117
2017-04-12,14.1,14.1,13.9,13.9,2170
2017-04-13,14.0,14.0,13.6,13.7,7418
2017-04-16,14.3,14.3,13.8,13.9,6627
2017-04-17,13.6,14.5,13.5,13.7,22437
2017-04-18,13.8,14.0,13.7,13.8,8586
2017-04-19,14.0,14.0,13.6,13.8,4930
2017-04-20,13.9,13.9,13.6,13.7,4516
2017-04-23,13.5,13.5,13.0,13.1,18255
2017-04-24,13.1,13.1,12.8,13.0,11380
2017-04-25,12.6,13.0,12.0,12.7,6062
2017-04-26,13.3,13.4,13.2,13.3,9001
2017-04-27,13.3,13.5,13.3,13.4,9667
2017-04-30,13.5,13.5,12.3,13.0,8260
2017-05-02,12.0,12.0,9.2,10.4,221528
2017-05-03,9.6,10.3,9.6,9.9,82602
2017-05-04,9.9,10.0,9.5,9.6,188966
2017-05-07,9.8,10.5,9.8,10.4,43668
2017-05-08,10.0,10.4,10.0,10.1,6931
2017-05-09,10.5,11.0,10.4,10.6,34899
2017-05-11,10.4,10.6,10.3,10.4,12672
2017-05-14,10.6,10.7,10.4,10.5,19340
2017-05-15,10.6,10.7,10.4,10.5,12943
2017-05-16,10.4,10.7,10.4,10.5,8827
2017-05-17,10.4,10.5,10.2,10.3,70815
2017-05-18,10.2,10.3,9.9,10.0,61350
2017-05-21,10.0,10.1,9.8,10.1,23067
2017-05-22,10.1,10.3,10.0,10.1,85850
2017-05-23,10.2,10.3,10.1,10.2,30177
2017-05-24,10.3,10.8,10.2,10.5,80679
2017-05-28,10.0,10.2,10.0,10.0,6313
2017-05-29,10.1,10.3,10.1,10.3,25014
2017-05-30,10.3,10.6,10.3,10.5,77376
2017-05-31,10.5,10.7,10.5,10.6,15384
2017-06-01,10.6,10.9,10.6,10.8,37080
2017-06-04,10.8,10.8,10.7,10.8,19760
2017-06-05,10.7,10.9,10.7,10.9,14174
2017-06-06,10.8,11.0,10.8,10.9,15127
2017-06-07,11.0,11.2,10.9,11.1,20848
2017-06-08,11.0,11.0,10.9,11.0,16345
2017-06-11,11.0,11.1,11.0,11.1,12210
2017-06-12,11.1,11.3,11.0,11.2,13544
2017-06-13,11.1,11.4,11.1,11.3,10105
2017-06-14,11.3,11.5,11.3,11.5,19540
2017-06-15,11.5,12.4,11.3,12.2,70375
2017-06-18,12.9,12.9,12.2,12.5,63745
2017-06-19,12.8,12.8,12.5,12.6,67081
2017-06-20,12.6,12.7,12.5,12.6,26790
2017-06-21,12.6,12.7,12.6,12.7,25801
2017-06-22,12.8,12.8,12.7,12.8,19420
2017-06-28,13.9,13.9,12.9,13.0,21859
2017-06-29,13.1,13.3,12.9,13.1,20751
2017-07-02,12.9,12.9,12.5,12.5,56005
2017-07-03,12.5,12.7,12.5,12.6,33808
2017-07-04,12.5,12.8,12.5,12.7,36699
2017-07-05,12.7,12.9,12.6,12.8,63629
2017-07-06,12.7,12.8,12.5,12.6,31528
2017-07-09,12.8,13.2,12.6,12.7,32923
2017-07-10,12.7,13.1,12.6,13.1,136676
2017-07-11,13.0,13.2,13.0,13.2,82515
2017-07-12,13.1,13.3,12.9,13.0,33788
2017-07-13,12.8,13.3,12.8,13.1,24896
2017-07-16,13.1,13.1,12.7,12.9,17640
2017-07-17,13.0,13.0,12.8,12.9,16106
2017-07-18,12.9,13.0,12.8,12.9,75178
2017-07-19,12.9,13.0,12.8,12.9,19195
2017-07-20,12.9,13.1,12.8,13.0,40436
2017-07-23,12.8,13.0,12.8,12.9,170
2017-07-24,13.0,13.1,12.8,13.0,31303
2017-07-25,13.0,13.3,12.9,13.2,71580
2017-07-26,13.4,13.5,13.4,13.5,49232
2017-07-27,13.5,14.3,13.4,14.0,136986
2017-07-30,13.6,14.7,13.6,14.4,63100
2017-07-31,14.5,15.0,14.5,14.9,270015
2017-08-01,14.6,15.2,14.6,15.0,98751
2017-08-02,15.0,15.1,14.0,14.7,101603
2017-08-03,14.9,15.3,14.7,14.9,159255
2017-08-06,14.8,15.1,14.8,15.0,76232
2017-08-07,14.7,14.9,14.7,14.8,47983
2017-08-08,14.8,14.8,14.5,14.5,27700
2017-08-09,14.3,14.5,14.2,14.4,73331
2017-08-10,14.5,14.7,14.3,14.4,102153
2017-08-13,14.0,15.0,14.0,14.5,125874
2017-08-16,14.4,14.9,14.1,14.3,11969
2017-08-17,14.3,14.6,14.2,14.4,31878
2017-08-20,14.4,14.4,14.2,14.3,18576
2017-08-21,14.3,14.6,14.3,14.3,7073
2017-08-22,14.7,14.7,14.5,14.6,4891
2017-08-23,14.7,14.8,14.6,14.7,15810
2017-08-24,14.5,14.7,14.5,14.7,24696
2017-08-27,14.7,14.7,14.6,14.6,66530
2017-08-28,14.7,14.8,14.3,14.7,83528
2017-08-29,14.5,14.7,14.5,14.6,29764
2017-08-30,14.4,14.7,14.4,14.6,5889
2017-08-31,14.7,14.8,14.6,14.7,34222
2017-09-04,14.6,14.9,14.6,14.7,6434
2017-09-05,14.6,14.8,14.3,14.6,5838
2017-09-06,15.0,15.0,14.5,14.8,40461
2017-09-07,14.7,15.5,14.7,15.0,48696
2017-09-10,15.0,15.0,14.6,14.8,53003
2017-09-11,14.8,14.9,14.8,14.8,28300
2017-09-12,14.7,15.1,14.6,15.0,22930
2017-09-13,15.0,15.8,15.0,15.5,78384
2017-09-14,15.5,15.6,15.2,15.4,34767
2017-09-17,15.3,15.5,15.0,15.4,39734
2017-09-18,15.6,15.6,15.0,15.1,60932
2017-09-19,15.0,15.1,14.8,15.0,37515
2017-09-20,15.0,15.2,15.0,15.1,12609
2017-09-21,15.0,15.3,15.0,15.0,31163
2017-09-24,14.6,14.8,14.6,14.8,5947
2017-09-25,14.7,14.8,14.6,14.7,32834
2017-09-26,14.7,15.1,14.7,14.8,2618
2017-09-27,15.0,15.1,14.6,14.8,34968
2017-09-28,14.7,15.0,14.5,14.8,19229
2017-10-02,14.6,14.7,14.6,14.7,1100
2017-10-03,14.6,15.0,14.6,14.9,13301
2017-10-04,14.8,15.1,14.7,14.9,27698
2017-10-05,15.1,15.6,14.8,15.6,129833
2017-10-08,14.9,15.6,14.9,15.3,7510
2017-10-09,15.1,15.3,15.0,15.1,38737
2017-10-10,15.0,15.0,15.0,15.0,14310
2017-10-11,15.0,15.3,15.0,15.3,23350
2017-10-12,15.0,15.4,15.0,15.3,63030
2017-10-15,15.0,15.0,14.6,14.9,51779
2017-10-16,15.0,15.4,15.0,15.1,25209
2017-10-17,15.1,15.7,15.1,15.6,60410
2017-10-18,15.2,15.9,15.2,15.3,44986
2017-10-19,15.5,15.5,15.1,15.2,76460
2017-10-22,15.3,15.3,15.0,15.2,48001
2017-10-23,15.2,15.2,15.1,15.2,31173
2017-10-24,15.1,15.7,15.1,15.1,25401
2017-10-25,15.0,15.0,14.8,15.0,23100
2017-10-26,14.9,15.5,14.9,15.1,293133
2017-10-29,15.2,15.4,15.0,15.1,141419
2017-10-30,15.5,15.5,14.9,15.0,35037
2017-10-31,15.3,15.3,14.8,14.9,109174
2017-11-01,14.9,15.5,14.9,15.4,83028
2017-11-02,15.8,15.8,15.0,15.2,18940
2017-11-05,15.2,15.4,15.1,15.2,52544
2017-11-06,15.2,15.2,15.2,15.2,14480
2017-11-07,15.3,15.3,15.0,15.2,12200
2017-11-08,15.0,15.0,14.6,14.9,19949
2017-11-09,14.8,15.4,14.8,15.2,142716
2017-11-12,15.0,15.0,14.9,15.0,4750
2017-11-13,14.9,14.9,14.6,14.7,22834
2017-11-14,14.7,15.0,14.0,14.6,23080
2017-11-15,15.3,15.4,14.8,14.8,46072
2017-11-16,15.0,15.0,15.0,15.0,21000
2017-11-19,15.0,15.0,14.4,14.8,17078
2017-11-20,15.0,15.9,14.5,14.7,63906
2017-11-21,15.0,15.4,15.0,15.2,18385
2017-11-22,14.7,15.7,14.7,15.1,26861
2017-11-23,15.5,15.9,15.3,15.6,18742
2017-11-26,15.6,15.6,15.2,15.3,6379
2017-11-27,15.4,15.6,15.3,15.5,56993
2017-11-28,15.8,15.9,15.4,15.5,23029
2017-11-29,15.2,16.5,15.2,16.0,61284
2017-11-30,15.6,16.1,15.4,15.8,75996
2017-12-03,15.6,16.0,15.6,16.0,41100
2017-12-04,16.0,16.0,15.6,15.7,14153
2017-12-05,15.4,15.5,15.3,15.4,35000
2017-12-06,15.8,16.2,15.3,15.6,127922
2017-12-07,15.4,15.5,15.4,15.4,14345
2017-12-10,15.4,15.5,15.2,15.3,4045
2017-12-11,15.3,15.3,15.2,15.3,24050
2017-12-12,14.8,15.4,14.8,15.0,55
2017-12-13,15.3,15.3,14.5,15.0,24850
2017-12-14,14.9,15.3,14.9,15.1,3786
2017-12-17,15.3,16.0,15.3,16.0,68210
2017-12-18,16.0,16.0,15.5,15.6,57334
2017-12-19,15.5,15.5,14.9,15.1,87941
2017-12-20,15.1,15.7,15.1,15.5,21158
2017-12-21,15.7,15.8,15.4,15.6,18949
2017-12-24,15.5,15.7,15.2,15.5,11705
2017-12-26,15.3,15.4,15.2,15.3,16704
2017-12-27,15.4,15.7,15.4,15.6,8332
2017-12-28,16.0,16.0,15.5,15.7,10601
2018-01-01,15.8,15.8,15.0,15.2,80300
2018-01-02,15.5,15.5,15.1,15.1,132
2018-01-03,15.3,15.7,15.3,15.4,27914
2018-01-04,15.7,15.7,15.5,15.6,19124
2018-01-07,16.2,16.2,15.7,15.8,45204
2018-01-08,15.9,16.2,15.9,16.1,80019
2018-01-09,16.2,17.2,16.2,17.0,207147
2018-01-10,17.7,17.7,16.9,17.3,74565
2018-01-11,17.5,17.5,17.0,17.0,63193
2018-01-14,17.4,17.4,16.9,17.0,52770
2018-01-15,17.0,17.2,16.5,16.8,27088
2018-01-16,16.9,16.9,16.6,16.8,35299
2018-01-17,17.0,17.0,16.5,16.6,51070
2018-01-18,16.3,17.0,16.1,16.4,29362
2018-01-21,17.1,17.2,16.5,17.0,107385
2018-01-22,16.9,17.0,16.6,16.8,32432
2018-01-23,16.9,16.9,16.6,16.7,64630
2018-01-24,16.9,17.2,16.7,16.8,170369
2018-01-25,16.9,17.2,16.6,17.0,145668
2018-01-28,17.0,17.2,16.8,17.1,98267
2018-01-29,17.3,17.4,17.0,17.1,62040
2018-01-30,17.2,17.4,17.0,17.3,76016
2018-01-31,17.4,17.5,17.1,17.2,109207
2018-02-01,17.1,17.4,17.1,17.4,74625
2018-02-04,17.2,17.4,16.9,17.0,68632
2018-02-05,17.3,17.4,16.9,17.2,45300
2018-02-06,17.6,17.6,17.2,17.3,23108
2018-02-07,17.5,17.6,17.3,17.6,60978
2018-02-08,18.0,18.0,17.4,17.6,17591
2018-02-11,17.9,18.5,17.9,18.5,47406
2018-02-12,18.8,18.8,18.4,18.5,22854
2018-02-13,18.7,19.4,18.7,19.3,125762
2018-02-14,19.4,19.4,18.8,19.0,11611
2018-02-15,19.4,19.6,18.8,19.2,84785
2018-02-18,19.0,19.0,18.6,18.7,18460
2018-02-19,18.7,18.9,18.7,18.8,2410
2018-02-20,19.0,19.0,17.9,18.1,8420
2018-02-22,19.2,19.3,17.9,18.0,12140
2018-02-25,17.8,18.3,17.5,18.0,26431
2018-02-26,18.1,18.1,17.0,17.5,21000
2018-02-27,17.6,18.0,17.3,17.6,8180
2018-02-28,17.7,17.8,16.7,17.5,18100
2018-03-01,17.6,17.8,17.0,17.7,5082
2018-03-04,18.0,18.1,17.8,17.9,1566
2018-03-05,18.0,18.0,17.3,17.8,7087
2018-03-06,18.0,18.0,17.4,17.5,15250
2018-03-07,17.8,17.8,17.3,17.4,1814
2018-03-08,18.0,18.0,17.6,17.6,2072
2018-03-11,17.7,17.7,16.5,17.1,4185
2018-03-12,16.5,17.6,16.5,16.9,4127
2018-03-13,17.2,17.2,16.6,16.7,2040
2018-03-14,17.1,17.1,16.5,16.8,2615
2018-03-15,16.8,16.9,16.8,16.8,4020
2018-03-18,17.0,17.0,16.0,16.1,2078
2018-03-19,16.8,16.8,16.6,16.8,1006
2018-03-20,17.0,17.0,16.0,16.7,10543
2018-03-21,17.1,17.1,15.8,15.9,31794
2018-03-22,16.1,16.5,15.9,16.0,19442
2018-03-25,16.5,16.8,15.2,15.8,5030
2018-03-27,16.5,16.5,15.1,15.7,969
2018-03-28,16.9,16.9,15.8,15.9,4894
2018-03-29,16.0,16.6,15.5,15.9,16336
2018-04-01,16.5,16.5,16.4,16.4,17720
2018-04-02,17.0,17.5,16.4,16.7,6781
2018-04-03,17.1,17.2,16.6,16.8,13908
2018-04-04,17.0,17.0,16.2,16.8,30230
2018-04-05,17.4,17.4,16.0,16.3,902
2018-04-08,17.1,17.1,16.3,16.5,6580
2018-04-09,16.8,16.8,16.6,16.7,4616
2018-04-10,17.0,17.4,16.3,16.5,2016
2018-04-11,17.4,17.4,16.6,17.3,5823
2018-04-12,17.3,17.3,16.3,16.3,16665
2018-04-15,17.0,17.0,16.1,16.5,10183
2018-04-16,16.5,16.7,16.2,16.3,7205
2018-04-17,16.7,16.7,16.2,16.3,7868
2018-04-18,16.9,16.9,16.1,16.2,9002
2018-04-19,17.0,17.0,15.8,15.9,11364
2018-04-22,16.5,16.5,15.9,16.0,3743
2018-04-23,16.5,16.5,14.8,15.1,2480
2018-04-24,16.6,16.6,15.2,15.4,1393
2018-04-25,15.5,16.6,15.5,16.1,6780
2018-04-26,16.5,16.7,16.1,16.3,10020
2018-04-30,16.1,16.7,15.1,15.6,1448
2018-05-03,16.0,16.0,15.0,15.0,5353
2018-05-06,15.8,15.8,14.7,14.8,2304
2018-05-07,16.0,16.0,15.8,15.8,130
2018-05-08,16.6,16.6,15.0,15.3,2350
2018-05-09,16.0,16.2,16.0,16.1,52
2018-05-10,16.0,16.0,16.0,16.0,20
2018-05-13,16.0,16.0,15.0,15.1,1505
2018-05-14,15.5,16.0,15.0,15.1,500
2018-05-15,15.5,16.0,15.5,16.0,6800
2018-05-16,15.9,15.9,14.8,15.0,922
2018-05-17,15.0,15.5,15.0,15.5,441
2018-05-20,15.5,15.5,14.8,14.9,684
2018-05-21,16.0,16.0,14.3,14.5,12354
2018-05-22,15.8,15.8,14.9,14.9,51
2018-05-23,15.4,15.4,15.0,15.0,560
2018-05-24,14.0,14.3,13.8,14.0,3561
2018-05-27,14.5,14.5,13.0,13.8,5100
2018-05-28,14.2,14.4,13.9,14.0,2853
2018-05-29,14.0,14.9,14.0,14.5,300
2018-05-30,14.9,15.7,14.0,15.1,16169
2018-05-31,15.3,15.4,14.5,15.0,3650
2018-06-03,15.5,15.5,14.2,14.7,3970
2018-06-04,15.4,15.4,15.4,15.4,20
2018-06-05,15.8,15.8,14.4,14.8,12310
2018-06-06,15.0,15.5,14.6,15.2,8151
2018-06-07,15.5,15.5,13.7,14.6,8393
2018-06-10,15.1,15.1,15.1,15.1,10
2018-06-11,15.0,15.0,14.2,14.5,1788
2018-06-12,15.0,15.1,14.9,15.0,4084
2018-06-18,14.1,15.0,14.1,14.5,7890
2018-06-19,14.0,14.9,14.0,14.2,2171
2018-06-20,15.1,15.1,15.1,15.1,50
2018-06-21,14.0,15.0,13.6,13.7,14742
2018-06-24,14.8,14.8,14.4,14.5,2280
2018-06-25,14.2,15.0,14.0,14.5,14749
2018-06-26,14.0,14.5,13.5,13.7,2768
2018-06-27,13.6,14.4,13.5,14.0,1866
2018-06-28,13.0,14.8,12.8,13.6,12769
2018-07-02,14.4,14.5,12.5,12.8,15210
2018-07-03,14.0,14.0,13.9,13.9,8032
2018-07-04,14.0,14.9,13.6,14.3,3311
2018-07-05,14.8,14.8,13.5,14.2,2764
2018-07-08,14.9,14.9,13.5,13.9,681
2018-07-09,15.1,15.1,13.5,14.3,10447
2018-07-10,15.0,15.0,14.3,14.4,5882
2018-07-11,14.8,14.8,14.0,14.4,4564
2018-07-12,14.5,14.5,13.0,13.3,20274
2018-07-15,14.0,14.0,13.3,13.9,1455
2018-07-16,13.9,13.9,13.8,13.9,733
2018-07-17,13.8,13.8,13.2,13.4,3618
2018-07-18,13.6,13.9,13.4,13.6,6594
2018-07-19,13.3,13.3,13.1,13.2,6335
2018-07-22,14.3,14.3,12.9,12.9,27194
2018-07-23,13.5,13.5,12.9,13.0,29995
2018-07-24,13.8,13.3,13.0,13.0,26640
2018-07-25,13.8,13.8,13.0,13.3,20805
2018-07-26,13.8,13.8,13.2,13.3,6590
2018-07-29,13.4,13.4,13.1,13.2,29441
2018-07-30,13.2,13.6,13.1,13.2,26593
2018-08-01,13.1,13.1,12.3,12.9,2183
2018-08-02,13.1,13.1,12.7,12.9,16256
2018-08-05,13.0,13.5,12.8,13.0,40577
2018-08-06,12.7,13.0,12.6,12.6,6380
2018-08-07,12.7,12.7,12.4,12.5,19299
2018-08-08,12.6,13.0,12.5,12.6,10786
2018-08-09,12.7,13.0,12.7,12.9,14813
2018-08-12,13.3,13.5,12.7,13.0,8507
2018-08-13,13.2,13.2,12.8,12.9,13757
2018-08-14,13.0,13.1,12.9,13.1,1248
2018-08-16,12.6,13.9,12.6,13.5,13720
2018-08-19,13.5,14.5,13.5,14.4,35152
2018-08-20,14.5,14.6,14.2,14.5,27191
2018-08-26,14.7,14.7,13.8,14.0,26221
2018-08-27,14.4,14.4,13.8,13.9,34253
2018-08-28,14.4,14.4,13.7,13.9,11574
2018-08-29,14.4,14.4,13.8,13.8,1051
2018-08-30,13.6,14.0,13.6,13.6,11865
2018-09-03,14.6,14.6,13.5,13.6,24500
2018-09-04,14.3,14.5,13.2,14.1,4141
2018-09-05,14.4,14.4,13.4,13.5,3193
2018-09-06,14.0,14.0,13.2,13.4,5431
2018-09-09,12.4,13.6,12.4,13.2,6843
2018-09-10,13.0,13.9,13.0,13.1,6323
2018-09-11,13.8,13.8,13.1,13.2,10476
2018-09-12,14.1,14.1,12.8,13.2,4004
2018-09-13,13.2,13.7,12.8,13.1,7700
2018-09-16,13.1,13.1,12.8,13.1,3808
2018-09-17,13.1,13.2,12.4,12.8,9088
2018-09-18,13.0,13.3,12.6,13.0,7747
2018-09-19,14.3,14.3,14.3,14.3,82845
2018-09-20,15.7,15.7,14.9,15.4,681503
2018-09-23,15.6,15.8,14.9,15.0,55320
2018-09-24,14.6,14.6,13.5,13.9,126963
2018-09-25,13.7,14.7,13.6,14.3,83881
2018-09-26,14.3,15.7,14.3,15.3,222134
2018-09-27,15.3,15.3,14.2,14.3,68130
2018-09-30,14.4,14.9,14.0,14.3,48356
2018-10-01,14.5,15.0,14.4,14.5,45100
2018-10-02,14.6,14.8,14.0,14.3,76416
2018-10-03,14.2,14.4,14.0,14.2,46674
2018-10-04,14.2,14.3,13.9,13.9,56597
2018-10-07,14.0,14.0,13.3,13.4,56330
2018-10-08,13.4,13.6,13.2,13.4,57324
2018-10-09,13.6,13.8,13.4,13.5,55577
2018-10-10,13.3,13.6,13.3,13.3,23943
2018-10-11,13.6,13.6,13.2,13.4,17006
2018-10-14,13.4,13.6,13.2,13.4,41057
2018-10-15,13.3,13.6,13.3,13.3,38808
2018-10-16,13.4,13.4,13.2,13.4,19841
2018-10-17,13.2,13.5,13.2,13.2,28184
2018-10-18,13.4,13.4,13.1,13.1,27620
2018-10-21,13.0,13.2,12.8,12.9,3127
2018-10-22,13.0,13.0,12.7,12.9,9203
2018-10-23,12.9,13.0,12.6,12.6,5700
2018-10-24,12.7,12.7,12.5,12.6,31099
2018-10-25,12.9,12.9,12.3,12.5,13891
2018-10-28,12.8,12.9,12.2,12.2,6393
2018-10-29,12.7,12.7,12.2,12.4,17212
2018-10-30,12.7,13.5,12.7,13.3,109615
2018-10-31,13.3,13.6,13.2,13.3,55113
2018-11-01,13.6,13.6,12.6,12.7,43836
2018-11-04,13.0,13.9,12.7,13.0,38835
2018-11-05,13.4,13.7,13.2,13.6,53737
2018-11-06,13.8,14.0,13.3,13.5,74699
2018-11-07,13.8,14.2,13.5,13.9,107824
2018-11-08,14.1,14.1,13.6,13.6,29671
2018-11-11,13.6,13.6,13.5,13.5,21963
2018-11-12,13.5,13.7,13.2,13.4,10600
2018-11-13,13.4,13.5,13.2,13.3,6950
2018-11-14,13.5,13.5,13.1,13.5,23500
2018-11-15,13.5,13.5,12.9,13.0,18534
2018-11-18,13.3,13.5,13.0,13.0,76038
2018-11-19,13.0,13.1,12.2,12.4,243934
2018-11-20,12.8,13.3,12.6,13.0,56579
2018-11-22,13.0,13.0,12.5,12.7,43168
2018-11-25,12.6,13.1,12.6,13.0,59357
2018-11-26,13.0,13.0,12.7,12.9,16798
2018-11-27,13.0,13.0,12.6,12.8,55368
2018-11-28,12.7,13.0,12.7,12.9,11685
2018-11-29,12.6,13.0,12.6,12.9,24755
2018-12-02,12.7,12.9,12.6,12.7,3755
2018-12-03,12.7,13.0,12.7,13.0,12220
2018-12-04,12.9,13.0,12.7,12.8,47599
2018-12-05,12.9,13.3,12.7,13.2,17845
2018-12-06,13.2,13.6,12.9,13.0,57490
2018-12-09,13.0,13.6,12.5,12.7,28800
2018-12-10,12.7,13.0,12.5,12.8,24899
2018-12-11,12.8,12.9,12.8,12.9,12049
2018-12-12,12.9,13.2,12.9,13.1,25606
2018-12-13,13.2,13.9,13.2,13.5,44294
2018-12-17,14.0,14.2,13.4,13.8,66281
2018-12-18,13.6,14.0,13.2,13.3,13274
2018-12-19,13.3,14.3,13.3,14.0,103999
2018-12-20,14.2,14.5,13.8,14.1,180745
2018-12-23,14.0,14.0,13.3,13.4,43994
2018-12-24,13.6,13.6,13.4,13.5,5400
2018-12-26,13.8,14.0,13.7,13.9,81143
2018-12-27,14.0,14.0,13.5,13.7,47321
2019-01-01,13.4,13.9,13.3,13.6,81014
2019-01-02,13.9,14.0,13.6,13.7,138632
2019-01-03,14.0,15.0,14.0,15.0,758388
2019-01-06,15.5,16.5,15.5,16.5,920517
2019-01-07,17.0,17.7,16.1,17.0,518253
2019-01-08,17.3,17.9,16.7,17.2,663613
2019-01-09,17.2,17.2,16.5,16.6,73673
2019-01-10,16.6,17.0,16.3,16.7,232182
2019-01-13,16.9,17.5,16.8,17.1,313051
2019-01-14,17.0,17.7,17.0,17.2,244608
2019-01-15,17.5,18.6,17.5,17.8,808101
2019-01-16,18.1,19.4,18.1,18.8,2104574
2019-01-17,19.2,20.6,18.6,19.3,979937
2019-01-20,19.1,19.1,17.4,18.2,695149
2019-01-21,18.3,19.0,18.0,18.3,978412
2019-01-22,18.7,18.7,17.1,17.4,412407
2019-01-23,17.7,18.2,17.5,17.9,786471
2019-01-24,18.2,19.5,18.1,19.1,1209381
2019-01-27,19.8,21.0,19.7,20.8,3126283
2019-01-28,21.0,22.8,19.5,19.9,1540330
2019-01-29,20.3,21.8,19.8,21.8,3303329
2019-01-30,23.0,23.9,22.4,23.8,3012329
2019-01-31,24.0,24.1,22.0,23.3,2022860
2019-02-03,23.9,24.4,22.5,22.8,2075379
2019-02-04,23.3,23.4,20.6,20.8,934710
2019-02-05,21.4,21.9,18.8,19.7,923871
2019-02-06,20.5,21.3,18.7,19.9,789604
2019-02-07,20.5,20.8,18.5,18.8,643959
2019-02-10,18.3,18.5,17.0,17.1,867246
2019-02-11,17.5,18.5,17.4,18.4,546514
2019-02-12,18.4,18.6,17.0,17.1,558735
2019-02-13,17.8,18.8,16.4,18.6,892392
2019-02-14,19.0,20.4,19.0,20.2,1483760
2019-02-17,20.2,20.2,18.5,19.0,643062
2019-02-18,19.2,19.2,17.7,17.9,367406
2019-02-19,18.1,19.0,17.9,18.1,303370
2019-02-20,18.3,18.4,17.6,17.8,255613
2019-02-24,18.0,18.4,17.3,17.9,251196
2019-02-25,18.2,18.6,17.7,17.9,225769
2019-02-26,18.0,19.2,18.0,18.3,556745
2019-02-27,18.4,19.0,17.9,18.1,523297
2019-03-03,18.1,18.4,17.2,17.3,294857
2019-03-04,18.2,18.2,16.9,17.0,308706
2019-03-05,17.5,17.5,16.0,16.4,329227
2019-03-06,16.7,16.7,16.0,16.1,197462
2019-03-07,16.4,16.8,16.1,16.3,180525
2019-03-10,16.8,16.8,15.9,16.1,365208
2019-03-11,16.3,16.3,15.6,15.7,150699
2019-03-12,16.0,16.3,15.1,15.3,118990
2019-03-13,15.5,15.8,14.1,14.4,399615
2019-03-14,14.6,14.7,13.7,13.8,224130
2019-03-18,13.6,14.1,13.3,13.4,93176
2019-03-19,13.6,14.3,13.4,14.0,357707
2019-03-20,14.2,14.3,13.9,14.0,189193
2019-03-21,14.2,14.5,13.9,14.4,157597
2019-03-24,14.7,14.7,13.8,13.9,110003
2019-03-25,14.2,14.2,13.8,13.8,120634
2019-03-27,14.3,14.3,13.6,13.8,300425
2019-03-28,13.6,14.4,13.6,14.1,113950
2019-03-31,14.3,14.6,14.0,14.0,129634
2019-04-01,14.1,15.4,14.1,15.4,435047
2019-04-02,15.5,16.6,15.4,15.6,297069
2019-04-03,15.5,15.6,14.6,14.8,307127
2019-04-04,15.2,15.3,14.5,14.8,156313
2019-04-07,14.6,15.0,14.1,14.2,88143
2019-04-08,14.3,14.7,13.9,13.9,109680
2019-04-09,14.0,14.3,13.7,13.8,215248
2019-04-10,13.7,14.2,13.5,13.9,110068
2019-04-11,13.7,14.2,13.6,13.9,118335
2019-04-15,14.2,15.0,14.2,14.4,374961
2019-04-16,14.4,14.6,14.1,14.4,292217
2019-04-17,14.2,15.4,14.2,15.2,344569
2019-04-18,15.2,15.3,14.7,14.8,275115
2019-04-21,14.9,14.9,14.3,14.4,388553
2019-04-23,14.3,14.5,13.9,14.2,132524
2019-04-24,14.2,14.4,13.5,13.8,233261
2019-04-25,14.1,14.1,13.3,13.7,312735
2019-04-28,13.5,13.7,13.3,13.5,145850
2019-04-29,13.7,13.7,13.4,13.6,160527
2019-04-30,13.6,13.9,13.5,13.6,173520
2019-05-02,13.7,14.2,13.6,13.9,510662
2019-05-05,13.9,15.2,13.8,15.2,637614
2019-05-06,15.5,15.5,14.8,15.1,495425
2019-05-07,15.3,15.4,14.9,15.0,323536
2019-05-08,15.0,15.2,14.6,14.8,462114
2019-05-09,14.9,15.1,14.6,14.7,323339
2019-05-12,14.8,15.1,14.7,14.8,177879
2019-05-13,14.8,14.9,14.6,14.6,95432
2019-05-14,14.7,14.8,14.3,14.5,140702
2019-05-15,14.8,14.8,14.4,14.5,143110
2019-05-16,14.8,14.9,14.5,14.8,205660
2019-05-19,15.2,15.7,14.9,15.6,443298
2019-05-20,15.8,15.8,15.2,15.3,200137
2019-05-21,15.3,15.8,15.0,15.6,699527
2019-05-22,15.6,17.0,15.6,16.7,633792
2019-05-23,16.9,17.5,16.4,17.3,1392088
2019-05-27,17.0,17.3,16.4,16.5,1176519
2019-05-28,16.5,16.9,16.1,16.4,360493
2019-05-29,16.4,16.7,16.3,16.4,553380
2019-05-30,16.8,17.5,16.6,17.3,1025437
2019-06-09,17.3,17.7,16.9,17.0,662496
2019-06-10,17.0,17.2,16.3,16.9,428193
2019-06-11,17.2,17.7,17.1,17.2,709729
2019-06-12,17.5,18.7,17.0,18.5,1364336
2019-06-13,18.6,20.2,18.4,19.9,1929102
2019-06-16,20.4,20.4,19.0,19.2,820935
2019-06-17,19.2,20.2,18.7,20.0,1124403
2019-06-18,20.2,21.5,19.8,20.1,1285489
2019-06-19,20.2,20.8,19.5,19.7,828840
2019-06-20,19.8,19.8,18.5,18.7,352789
2019-06-23,18.7,19.5,18.1,18.6,363293
2019-06-24,18.9,19.3,18.2,18.3,290344
2019-06-25,18.6,18.7,17.2,17.4,255511
2019-06-26,17.8,17.9,17.2,17.6,257289
2019-06-27,17.9,18.3,17.5,17.7,311555
2019-06-30,17.7,17.8,16.7,16.7,344896
2019-07-02,16.8,17.2,16.5,16.6,144835
2019-07-03,16.8,18.1,16.7,18.0,396627
2019-07-04,18.0,19.0,17.8,18.8,785747
2019-07-07,18.9,19.7,18.2,19.4,730405
2019-07-08,19.8,20.1,19.0,20.0,773690
2019-07-09,20.4,20.5,18.6,19.1,544545
2019-07-10,18.6,20.1,18.6,19.2,505434
2019-07-11,19.9,20.2,19.0,20.0,788233
2019-07-14,20.4,20.4,19.6,19.8,596996
2019-07-15,19.4,19.6,18.9,19.0,263082
2019-07-16,19.0,19.4,18.6,18.8,121134
2019-07-17,19.7,19.7,18.8,19.2,200827
2019-07-18,19.7,19.8,18.7,18.9,260114
2019-07-21,19.2,19.3,18.6,18.9,130924
2019-07-22,19.0,19.2,18.6,18.8,152060
2019-07-23,18.9,19.1,18.6,18.8,198966
2019-07-24,18.8,19.1,18.5,18.7,164995
2019-07-25,19.0,19.0,18.2,18.3,167085
2019-07-28,18.8,19.0,17.8,17.9,82205
2019-07-29,18.2,18.2,17.5,17.7,201277
2019-07-30,17.3,17.9,17.0,17.2,82342
2019-07-31,17.0,17.1,16.3,16.5,104745
2019-08-01,16.8,16.8,16.1,16.5,126048
2019-08-04,17.0,17.4,16.5,17.0,184498
2019-08-05,17.0,17.4,16.5,16.7,81525
2019-08-06,17.0,17.4,16.6,16.7,97205
2019-08-07,16.7,16.9,16.6,16.7,101989
2019-08-08,16.7,17.2,16.5,17.2,176987
2019-08-18,17.0,18.1,16.9,17.9,266714
2019-08-19,17.8,18.3,17.7,17.9,164101
2019-08-20,17.7,18.3,17.5,18.0,306116
2019-08-21,18.3,18.4,17.6,17.8,253748
2019-08-22,17.8,17.9,17.5,17.7,163505
2019-08-25,17.7,18.2,17.5,17.6,173454
2019-08-26,18.0,18.0,17.0,17.1,137707
2019-08-27,17.7,17.7,16.7,16.7,125389
2019-08-28,16.9,16.9,15.9,16.0,241411
2019-08-29,16.5,16.6,15.6,16.0,165895
2019-09-01,16.0,16.0,15.7,15.8,42971
2019-09-02,15.9,16.2,15.7,15.8,80644
2019-09-03,16.0,16.3,15.7,16.1,57737
2019-09-04,15.9,16.2,15.8,16.1,84869
2019-09-05,16.2,16.8,16.2,16.3,140193
2019-09-08,16.4,16.4,15.9,16.0,110763
2019-09-09,16.0,16.0,15.7,15.7,63820
2019-09-11,15.7,15.7,14.3,14.7,153711
2019-09-12,14.8,15.1,14.5,15.0,101313
2019-09-15,15.2,16.5,15.2,16.5,170670
2019-09-16,16.9,17.7,16.6,16.7,213989
2019-09-17,16.1,17.5,16.1,16.7,323100
2019-09-18,16.9,18.2,16.9,17.8,642462
2019-09-19,17.9,18.0,16.9,17.3,241745
2019-09-22,17.0,17.4,16.8,17.4,89562
2019-09-23,17.5,18.3,17.2,18.1,419273
2019-09-24,18.2,18.5,17.6,17.9,375417
2019-09-25,17.7,18.5,17.6,18.3,468940
2019-09-26,18.2,18.8,18.1,18.5,437132
2019-09-29,18.6,18.9,18.1,18.2,237437
2019-09-30,18.1,18.5,17.9,18.0,318973
2019-10-01,18.2,18.3,17.8,18.0,111750
2019-10-02,18.1,18.5,18.0,18.2,164450
2019-10-03,18.1,18.4,18.0,18.2,219065
2019-10-06,18.1,18.2,18.0,18.2,104391
2019-10-07,18.0,18.2,17.8,17.9,76760
2019-10-09,18.1,18.3,17.5,17.7,241336
2019-10-10,17.9,18.1,17.7,17.8,86225
2019-10-13,18.1,18.1,17.2,17.3,58733
2019-10-14,17.5,17.7,17.0,17.1,112790
2019-10-15,17.5,18.2,17.5,18.0,167039
2019-10-16,18.0,18.1,17.6,17.9,255799
2019-10-17,18.2,18.9,18.0,18.5,518535
2019-10-20,18.5,19.0,18.3,18.5,419699
2019-10-21,18.5,19.1,18.1,18.5,406634
2019-10-22,18.4,18.7,17.6,17.7,233733
2019-10-23,18.3,18.7,17.8,18.1,159993
2019-10-24,18.3,18.3,17.9,18.0,106576
2019-10-27,18.2,18.4,17.7,18.2,92493
2019-10-28,18.2,18.4,17.7,17.8,259346
2019-10-29,17.9,18.0,16.5,17.3,257577
2019-10-30,17.3,17.3,16.5,16.6,216099
2019-10-31,16.8,16.9,16.3,16.6,158881
2019-11-03,16.8,17.4,16.7,17.0,129700
2019-11-04,17.1,17.3,16.9,17.2,119192
2019-11-05,17.1,17.4,17.0,17.2,238130
2019-11-06,17.2,17.2,16.9,17.0,111536
2019-11-07,17.2,17.7,17.1,17.4,227118
2019-11-11,17.2,18.0,17.1,17.8,230393
2019-11-12,18.1,18.3,17.8,18.1,326656
2019-11-13,18.2,18.4,17.9,18.1,330450
2019-11-14,18.2,18.4,18.0,18.2,322070
2019-11-17,18.3,18.5,18.2,18.4,263164
2019-11-18,18.4,19.7,18.4,19.6,1234308
2019-11-19,19.2,19.8,18.9,19.1,379882
2019-11-20,19.5,19.5,19.0,19.4,386847
2019-11-21,19.6,19.9,19.5,19.6,464294
2019-11-24,19.4,19.8,19.0,19.2,280538
2019-11-25,19.1,19.8,19.1,19.5,280845
2019-11-26,19.5,19.5,18.3,18.6,277753
2019-11-27,18.6,19.1,18.3,18.4,224490
2019-11-28,18.4,18.7,17.9,18.5,215921
2019-12-01,18.5,18.5,18.0,18.2,128503
2019-12-02,18.5,18.9,18.2,18.8,209199
2019-12-03,19.2,19.3,18.7,19.1,379380
2019-12-04,19.3,19.9,19.2,19.4,244914
2019-12-05,19.6,20.9,19.5,19.7,655588
2019-12-08,19.4,19.4,18.6,18.7,214976
2019-12-09,18.3,19.0,18.1,18.7,165233
2019-12-10,18.9,19.0,18.2,18.4,154881
2019-12-11,18.1,19.0,18.1,18.9,115571
2019-12-12,18.8,19.3,18.8,19.3,297807
2019-12-15,19.2,19.9,19.1,19.3,375622
2019-12-17,19.4,19.6,19.1,19.6,345615
2019-12-18,19.39999962,20.79999924,19.10000038,20.70000076,796942
2019-12-19,21.0,21.29999924,20.60000038,20.89999962,408900
2019-12-22,21.0,21.0,20.3,20.5,488577
2019-12-23,20.4,20.5,19.3,19.6,478450
2019-12-24,19.6,19.9,19.0,19.2,444398
2019-12-26,19.8,19.8,19.0,19.1,271508
2019-12-29,19.1,19.9,19.1,19.2,274897
2019-12-30,19.2,19.9,19.2,19.7,362812
2020-01-01,19.8,20.5,19.7,20.2,211797
2020-01-02,20.3,20.5,19.8,19.9,179359
2020-01-05,19.8,20.0,19.4,19.7,260500
2020-01-06,19.5,19.9,19.4,19.6,75606
2020-01-07,19.8,20.4,19.2,19.4,435587
2020-01-08,19.8,19.9,19.0,19.1,154430
2020-01-09,19.2,19.2,18.5,18.7,134425
2020-01-12,19.0,19.8,18.7,19.0,145091
2020-01-13,19.1,19.1,18.1,18.3,316993
2020-01-14,18.4,18.5,17.5,17.8,149451
2020-01-15,18.4,19.4,18.3,18.6,157212
2020-01-16,18.8,19.6,18.6,19.4,239987
2020-01-19,19.4,20.3,19.4,20.2,227939
2020-01-20,20.6,20.6,19.6,19.8,171534
2020-01-21,19.7,20.2,19.4,20.0,198648
2020-01-22,20.2,20.5,19.5,19.7,356749
2020-01-23,20.1,20.8,20.1,20.6,238454
2020-01-26,20.6,20.8,20.1,20.4,127687
2020-01-27,19.7,20.4,19.4,19.8,59117
2020-01-28,19.7,20.5,19.6,19.9,107192
2020-01-29,19.8,19.8,19.5,19.6,75588
2020-01-30,19.4,19.7,19.1,19.4,100378
2020-02-02,19.7,20.3,19.7,20.0,177550
2020-02-03,20.0,20.0,19.4,19.5,115764
2020-02-04,19.5,19.7,19.0,19.1,149674
2020-02-05,19.1,19.4,18.7,19.1,146360
2020-02-06,19.5,19.6,19.1,19.4,45038
2020-02-09,19.1,19.4,18.7,18.7,96322
2020-02-10,18.9,19.4,18.8,19.3,91481
2020-02-11,19.5,19.7,19.3,19.5,100642
2020-02-12,19.3,19.5,18.7,19.2,269366
2020-02-13,19.1,19.3,18.7,18.9,284170
2020-02-16,19.2,19.6,18.7,19.0,424731
2020-02-17,19.2,19.7,18.9,19.2,435383
2020-02-18,19.5,19.5,18.7,18.8,179915
2020-02-19,18.8,18.9,18.3,18.4,180185
2020-02-20,18.4,18.7,17.9,18.0,152386
2020-02-23,18.3,18.3,17.4,17.6,130809
2020-02-24,17.8,17.8,16.4,16.7,220855
2020-02-25,17.2,17.2,16.0,16.4,331150
2020-02-26,16.9,17.0,16.3,16.6,132576
2020-02-27,16.8,16.8,16.3,16.4,64101
2020-03-01,16.5,16.5,15.0,15.9,88174
2020-03-02,16.0,16.6,16.0,16.5,41566
2020-03-03,16.8,16.8,16.1,16.3,98170
2020-03-04,16.5,16.5,16.0,16.1,68926
2020-03-05,16.0,16.2,15.4,15.8,92840
2020-03-08,15.9,16.0,15.2,15.4,62064
2020-03-09,15.3,15.4,13.9,14.0,84479
2020-03-10,14.3,15.4,14.3,15.4,107814
2020-03-11,15.7,15.9,15.6,15.8,89592
2020-03-12,15.7,15.9,15.3,15.8,91309
2020-03-15,15.5,15.5,14.3,14.5,67365
2020-03-16,15.0,15.0,13.5,13.8,86578
2020-03-18,13.6,14.5,13.4,13.5,40274
2020-03-19,16.0,16.0,16.0,16.0,201
2020-03-22,14.7,14.8,14.7,14.7,36056
2020-03-23,15.9,15.9,14.7,14.8,14537
2020-03-24,14.8,14.8,14.7,14.7,10733
2020-03-25,14.7,14.8,14.7,14.7,1776
2020-06-02,14.7,14.7,14.7,14.7,1000
2020-06-04,14.7,14.7,14.7,14.7,1000
2020-06-09,14.7,14.7,14.7,14.7,30500
2020-06-29,14.7,14.7,14.7,14.7,3000
2020-06-30,14.7,14.7,14.7,14.7,19500
2020-07-05,14.7,15.3,14.7,14.9,99721
2020-07-06,15.3,15.4,14.7,14.7,79709
2020-07-07,14.7,15.1,14.7,15.0,53767
2020-07-08,15.0,16.5,15.0,16.5,158266
2020-07-09,16.9,18.1,16.8,17.7,282012
2020-07-12,17.9,17.9,17.1,17.6,49845
2020-07-13,17.3,17.9,17.0,17.6,81618
2020-07-14,17.4,17.7,17.4,17.5,71992
2020-07-15,17.2,18.0,17.2,17.6,167419
2020-07-16,17.2,17.6,17.2,17.6,78655
2020-07-19,17.6,17.6,17.2,17.5,97226
2020-07-20,17.2,18.3,17.2,18.2,145202
2020-07-21,18.4,18.4,17.6,18.1,96274
2020-07-22,18.2,18.2,17.5,17.7,44139
2020-07-23,17.9,18.3,17.2,17.3,71718
2020-07-26,17.7,17.7,17.3,17.5,8128
2020-07-27,17.4,18.4,17.3,18.1,133278
2020-07-28,18.1,19.5,18.1,19.2,325008
2020-07-29,19.3,20.4,19.1,20.3,342073
2020-07-30,19.9,20.2,19.4,20.1,242458
2020-08-03,20.5,22.1,20.0,21.8,634896
2020-08-04,22.1,22.5,21.5,22.1,822634
2020-08-05,22.9,24.3,22.5,24.1,1302840
2020-08-06,25.1,26.4,23.2,23.5,1038440
2020-08-09,23.2,24.0,22.6,22.9,587921
2020-08-10,23.0,23.8,21.5,22.1,380370
2020-08-12,22.4,23.4,21.7,21.9,358364
2020-08-13,22.5,23.8,22.5,23.5,670593
2020-08-16,24.1,25.5,23.4,23.4,1164393
2020-08-17,24.0,24.3,23.1,23.5,762969
2020-08-18,23.3,24.0,22.2,22.5,385819
2020-08-19,23.0,23.9,21.0,21.6,424360
2020-08-20,21.7,22.0,20.0,20.4,270757
2020-08-23,20.6,22.4,20.4,21.6,261301
2020-08-24,22.2,22.4,20.4,20.7,257996
2020-08-25,21.9,21.9,20.2,20.2,193775
2020-08-26,20.8,21.7,20.6,21.1,237388
2020-08-27,21.1,21.6,20.6,20.7,247972
2020-08-31,20.8,21.2,20.1,20.3,216424
2020-09-01,20.5,21.2,20.3,21.2,436041
2020-09-02,21.0,22.5,21.0,22.5,1865281
2020-09-03,22.9,24.6,22.9,23.1,1328814
2020-09-06,23.4,24.2,22.8,23.7,1504588
2020-09-07,24.0,24.6,23.3,23.5,1381970
2020-09-08,23.6,23.9,22.8,22.9,1244554
2020-09-09,22.9,23.9,22.9,23.4,907075
2020-09-10,23.8,24.0,22.2,23.0,569664
2020-09-13,23.5,24.1,23.0,23.1,999587
2020-09-14,23.5,25.0,23.5,24.7,1687663
2020-09-15,24.5,26.4,23.9,25.9,1770344
2020-09-16,26.5,28.0,26.5,27.0,2310654
2020-09-17,27.0,28.7,26.5,28.3,1709160
2020-09-20,28.9,30.8,28.6,30.8,2242092
2020-09-21,30.8,30.9,27.8,28.1,1613709
2020-09-22,28.1,30.0,27.5,28.9,1214418
2020-09-23,29.8,31.0,29.7,30.6,1701767
2020-09-24,30.8,31.4,29.4,30.2,1517691
2020-09-27,30.5,33.2,30.5,31.5,3394936
2020-09-28,31.5,31.7,30.4,31.2,1112678
2020-09-29,31.3,31.7,30.4,31.4,2818760
2020-10-01,30.9,31.3,29.5,29.7,1179644
2020-10-04,28.8,32.1,28.8,31.5,1474162
2020-10-05,32.0,33.0,31.1,32.4,1993728
2020-10-06,32.9,35.4,30.9,31.7,2340333
2020-10-07,31.5,33.1,30.7,31.3,1168288
2020-10-08,32.0,33.5,31.5,32.8,1338347
2020-10-11,33.1,34.8,33.1,34.4,1809997
2020-10-12,34.5,34.9,31.0,31.0,1050500
2020-10-13,31.1,32.5,29.0,30.6,950836
2020-10-14,31.5,31.5,27.6,27.6,714524
2020-10-15,27.2,30.0,25.2,29.8,897013
2020-10-18,30.0,31.8,29.9,30.7,844007
2020-10-19,31.2,31.9,30.2,31.6,1039728
2020-10-20,32.1,33.4,31.7,32.1,2418423
2020-10-21,32.3,34.0,31.8,33.5,1724267
2020-10-22,33.8,35.5,33.5,34.1,2826612
2020-10-25,34.2,34.9,33.2,33.4,1394393
2020-10-27,33.5,35.7,32.5,35.4,2215432
2020-10-28,35.6,38.9,35.6,38.4,2926424
2020-10-29,38.4,38.7,34.6,34.6,1515951
2020-11-01,34.2,36.2,32.0,34.2,982777
2020-11-02,34.8,35.7,31.7,32.6,787746
2020-11-03,33.7,33.7,30.6,31.5,535054
2020-11-04,32.6,34.6,32.4,34.6,892062
2020-11-05,36.6,38.0,36.3,37.4,2776757
2020-11-08,38.6,38.6,34.4,34.8,1327937
2020-11-09,35.1,35.8,33.0,34.4,808981
2020-11-10,34.2,35.8,32.2,32.7,527930
2020-11-11,33.5,33.5,29.7,30.3,736541
2020-11-12,31.8,33.3,30.6,33.3,697448
2020-11-15,34.7,35.5,31.8,32.1,891883
2020-11-16,32.9,33.8,31.7,32.3,644992
2020-11-17,32.6,33.7,31.5,31.7,406602
2020-11-18,31.9,32.7,31.5,31.8,438133
2020-11-19,32.8,32.8,31.1,31.4,289860
2020-11-22,32.0,32.5,31.6,32.3,468888
2020-11-23,32.4,35.2,32.1,35.0,788161
2020-11-24,35.3,35.8,34.1,35.0,964552
2020-11-25,34.7,37.7,34.7,37.0,1341914
2020-11-26,37.5,38.1,36.2,37.1,1523714
2020-11-29,37.6,40.8,37.3,40.8,2689212
2020-11-30,41.8,42.0,38.8,39.6,1708801
2020-12-01,39.8,40.4,38.5,39.9,1220357
2020-12-02,40.9,41.9,38.5,38.9,1134123
2020-12-03,39.0,39.9,38.4,38.7,685714
2020-12-06,38.9,39.2,36.0,36.6,500512
2020-12-07,36.9,37.7,35.7,36.3,470930
2020-12-08,37.0,39.5,36.6,37.9,840586
2020-12-09,38.2,38.9,37.5,38.1,772952
2020-12-10,38.2,40.8,37.8,39.8,1280184
2020-12-13,38.5,39.6,38.0,38.7,858221
2020-12-14,39.4,40.7,38.9,39.4,959603
2020-12-15,39.7,40.6,39.0,39.3,909883
2020-12-17,39.4,40.1,38.3,38.6,337594
2020-12-20,39.6,39.9,38.5,39.7,544369
2020-12-21,40.3,41.0,38.7,39.2,1109742
2020-12-22,39.3,40.3,38.7,39.8,829256
2020-12-23,40.6,43.7,40.6,41.4,2486944
2020-12-24,42.8,44.0,41.4,42.6,1210362
2020-12-27,43.1,43.7,39.8,40.1,1016064
2020-12-28,40.5,40.9,39.1,39.3,543267
2020-12-29,39.8,41.0,39.5,40.5,507175
2020-12-30,41.5,42.0,39.2,39.7,587860
2021-01-03,41.3,41.3,38.5,39.9,438772
2021-01-04,40.5,42.0,39.4,39.6,901786
2021-01-05,39.7,39.7,36.4,37.1,513915
2021-01-06,38.6,38.6,36.0,36.3,278708
2021-01-07,36.5,38.5,36.5,37.4,277854
2021-01-10,38.7,38.7,35.0,35.8,320581
2021-01-11,36.1,37.1,34.2,36.8,338286
2021-01-12,37.5,37.9,34.4,35.1,269672
2021-01-13,35.3,35.8,34.0,34.1,175017
2021-01-14,34.9,35.7,32.1,33.2,379069
2021-01-17,32.5,34.7,31.7,32.4,159598
2021-01-18,33.0,33.0,31.6,31.8,80901
2021-01-19,33.7,34.9,33.7,34.9,165829
2021-01-20,37.1,37.5,34.2,34.6,393760
2021-01-21,35.9,35.9,33.0,33.7,136304
2021-01-24,33.0,35.9,32.5,35.0,199444
2021-01-25,35.5,36.6,34.6,35.0,357837
2021-01-26,35.0,35.5,33.6,34.1,93374
2021-01-27,35.0,35.0,31.6,32.9,102321
2021-01-28,32.9,33.3,32.0,32.3,85483
2021-01-31,33.0,33.0,31.8,31.9,95215
2021-02-01,33.5,34.4,32.3,33.6,118105
2021-02-02,34.5,35.0,32.0,32.3,148003
2021-02-03,32.5,32.7,32.0,32.3,55681
2021-02-04,33.0,33.4,31.5,31.7,88418
2021-02-07,33.2,33.2,31.9,32.0,99275
2021-02-08,32.1,32.5,30.7,31.2,90473
2021-02-09,31.2,32.3,31.0,32.0,85718
2021-02-10,32.1,32.5,31.5,31.7,65426
2021-02-11,30.5,32.0,30.1,31.2,88526
2021-02-14,30.0,30.0,28.5,28.9,139544
2021-02-15,28.3,31.7,28.3,29.9,112758
2021-02-16,30.0,31.0,28.8,29.0,121290
2021-02-17,30.5,31.9,30.0,31.9,348209
2021-02-18,33.0,33.5,31.3,31.6,239420
2021-02-22,31.7,31.7,30.0,30.2,55682
2021-02-23,30.1,31.1,29.7,30.0,46530
2021-02-24,30.0,31.0,30.0,30.4,28634
2021-02-25,31.0,32.6,30.9,32.0,226400
2021-02-28,32.5,32.6,31.3,31.5,86187
2021-03-01,31.6,31.8,31.0,31.2,85240
2021-03-02,31.9,31.9,31.0,31.4,58481
2021-03-03,31.4,32.2,31.2,31.6,71021
2021-03-04,32.3,32.6,31.3,31.9,169138
2021-03-07,32.7,32.7,31.4,31.6,84780
2021-03-08,31.6,32.0,31.1,31.7,147611
2021-03-09,31.7,31.7,30.5,30.7,118477
2021-03-10,30.3,31.8,30.3,31.4,81622
2021-03-11,31.0,31.4,30.1,30.2,111559
2021-03-14,30.2,30.3,29.4,29.5,25875
2021-03-15,29.7,30.7,29.3,29.4,79875
2021-03-16,30.3,30.3,28.8,29.2,22183
2021-03-18,29.2,29.2,27.5,27.9,53891
2021-03-21,27.5,30.6,27.3,30.0,170643
2021-03-22,29.2,30.9,28.9,29.6,109493
2021-03-23,30.7,31.6,29.6,31.4,185061
2021-03-24,31.5,32.0,29.5,29.7,218490
2021-03-25,29.5,30.9,29.5,29.9,63982
2021-03-28,30.4,32.2,29.6,31.7,189766
2021-03-29,31.9,32.7,31.2,31.4,225268
2021-03-31,31.3,31.3,29.9,30.0,57974
2021-04-01,30.0,31.0,29.6,30.8,93700
2021-04-04,29.7,31.4,29.7,29.8,263144
2021-04-05,30.9,31.9,30.6,31.2,113220
2021-04-06,32.4,34.3,31.9,34.3,752293
2021-04-07,36.3,36.4,35.1,35.5,415105
2021-04-08,35.0,37.3,33.7,35.1,529286
2021-04-11,34.5,35.9,33.0,34.1,196179
2021-04-12,35.0,35.9,32.0,35.3,524880
2021-04-13,35.3,36.3,35.1,35.7,608322
2021-04-15,35.7,36.9,32.7,35.9,372303
2021-04-18,33.8,35.7,33.8,34.9,254334
2021-04-19,36.8,37.0,35.4,36.9,487446
2021-04-20,36.0,38.9,33.9,36.7,745975
2021-04-21,36.2,37.8,36.0,37.5,414914
2021-04-22,38.1,39.6,37.8,38.4,1092279
2021-04-25,39.2,41.4,39.1,39.7,1365421
2021-04-26,40.0,40.3,37.8,37.9,649448
2021-04-27,38.0,38.7,37.4,37.9,436806
2021-04-28,38.1,40.0,38.1,39.7,904068
2021-04-29,39.0,42.0,39.0,40.9,1285286
2021-05-02,41.5,43.3,40.4,40.9,1092441
2021-05-03,40.8,41.5,40.0,40.8,784392
2021-05-04,41.0,44.8,41.0,43.9,2703924
2021-05-05,44.2,46.3,43.0,43.4,999400
2021-05-06,43.1,44.3,40.6,41.3,1251556
2021-05-09,38.2,41.6,38.2,39.3,632395
2021-05-11,39.5,42.2,39.4,40.9,586586
2021-05-12,41.9,41.9,39.0,40.4,620255
2021-05-16,40.2,41.5,39.0,39.7,474131
2021-05-17,40.0,41.0,39.1,39.9,543206
2021-05-18,41.3,43.5,40.5,43.3,1363882
2021-05-19,44.2,45.2,42.8,43.7,1782575
2021-05-20,44.0,45.0,41.6,41.9,796742
2021-05-23,42.0,43.4,41.4,42.1,897243
2021-05-24,42.8,43.8,41.7,43.1,1147660
2021-05-25,44.6,46.5,43.6,44.9,1734187
2021-05-27,45.1,46.8,44.1,45.0,1450495
2021-05-30,45.3,46.1,42.9,43.4,750908
2021-05-31,43.8,44.6,42.9,43.2,619693
2021-06-01,43.8,46.3,43.4,46.0,1297225
2021-06-02,46.5,49.7,45.9,46.4,2258028
2021-06-03,46.1,49.7,46.1,49.0,1689997
2021-06-06,50.0,50.0,44.5,45.0,1659250
2021-06-08,44.0,46.8,44.0,46.5,1354212
2021-06-09,46.5,46.5,44.5,44.6,1063755
2021-06-10,44.4,45.0,41.4,41.8,952022
2021-06-13,42.4,42.9,39.9,40.5,695629
2021-06-14,40.8,42.0,39.9,41.0,338054
2021-06-15,41.8,43.4,41.6,41.8,658958
2021-06-16,42.1,43.7,41.6,42.6,425053
2021-06-17,43.1,43.8,42.1,42.2,622486
2021-06-20,42.2,42.8,41.1,41.4,199309
2021-06-21,42.4,42.9,40.5,40.8,376509
2021-06-22,40.8,41.3,39.8,40.3,383586
2021-06-23,40.4,40.4,38.0,38.6,353575
2021-06-24,38.6,40.7,38.2,39.0,308636
2021-06-27,39.9,39.9,36.6,36.9,193257
2021-06-28,37.8,37.9,36.5,37.2,184843
2021-06-29,37.8,37.8,35.5,36.5,240130
2021-06-30,37.2,40.1,36.9,40.1,401417
2021-07-05,40.1,41.5,39.0,39.4,223491
2021-07-06,38.1,39.9,38.1,38.5,159920
2021-07-07,39.8,39.8,38.1,38.8,73816
2021-07-08,39.2,39.2,38.6,39.0,143920
2021-07-12,39.0,39.0,37.8,37.9,128310
2021-07-13,37.5,39.7,37.5,38.6,98419
2021-07-14,39.4,40.5,38.4,38.7,235949
2021-07-15,39.5,39.5,37.9,38.0,399966
2021-07-18,39.1,39.1,37.4,37.6,276496
2021-07-19,38.0,39.5,37.7,39.1,377517
2021-07-25,39.1,40.2,39.1,39.6,299523
2021-07-26,39.6,39.8,38.8,39.3,121065
2021-07-27,39.8,40.8,39.4,39.9,428178
2021-07-28,40.5,42.7,40.4,42.4,1004602
2021-07-29,42.6,43.0,40.9,42.3,607741
2021-08-02,42.4,42.7,40.9,41.6,659124
2021-08-03,41.6,43.2,41.5,42.9,1046183
2021-08-05,42.6,43.0,41.4,42.4,370906
2021-08-09,41.3,42.5,40.6,40.8,297731
2021-08-10,40.8,41.0,40.0,40.1,296365
2021-08-11,41.0,41.5,39.8,40.8,275230
2021-08-12,40.4,41.1,39.9,40.0,298395
2021-08-16,38.7,39.9,38.7,39.0,367980
2021-08-17,39.5,41.5,39.0,40.5,477256
2021-08-18,40.7,41.2,39.6,40.8,376396
2021-08-19,41.3,44.8,41.3,44.5,2988417
2021-08-22,45.1,48.9,44.2,48.8,3955444
2021-08-23,48.5,53.6,48.0,53.4,5219895
2021-08-24,52.1,58.6,52.1,58.2,1944620
2021-08-25,58.0,62.8,54.0,58.2,1623766
2021-08-26,64.0,64.0,56.5,56.9,1847725
2021-08-29,61.4,61.6,55.9,57.8,3132441
2021-08-31,59.4,63.5,56.1,62.9,3492148
2021-09-01,63.0,64.6,57.9,62.0,5993161
2021-09-02,61.5,61.5,58.4,59.6,2426754
2021-09-05,59.9,59.9,56.6,57.0,2039217
2021-09-06,57.0,58.3,56.5,56.8,1177705
2021-09-07,56.9,59.0,56.3,57.0,1406962
2021-09-08,58.0,58.0,55.0,55.7,951687
2021-09-09,56.1,57.8,55.0,55.5,916497
2021-09-12,55.9,57.4,55.1,55.5,662322
2021-09-13,55.9,56.9,55.3,55.5,832495
2021-09-14,57.0,57.0,54.6,55.2,647516
2021-09-15,55.5,56.4,54.1,54.5,495991
2021-09-16,55.6,55.6,54.1,54.5,577572
2021-09-19,55.6,56.0,53.8,54.7,537600
2021-09-20,56.0,57.2,55.6,56.1,867355
2021-09-21,57.1,57.8,55.3,55.8,1037926
2021-09-22,55.8,56.7,54.7,55.0,468354
2021-09-23,54.8,55.9,53.9,54.5,520160
2021-09-26,54.6,55.3,53.4,53.8,470747
2021-09-27,53.8,54.5,53.5,53.8,234136
2021-09-28,54.4,54.7,53.5,54.5,329340
2021-09-29,54.5,55.5,53.7,54.1,422359
2021-09-30,54.0,54.6,52.8,53.0,428688
2021-10-03,53.0,53.0,50.0,50.6,426234
2021-10-04,50.4,51.5,47.1,48.4,308231
2021-10-05,49.8,50.5,47.6,47.8,316696
2021-10-06,49.3,49.3,46.0,46.3,254380
2021-10-07,47.4,49.5,45.9,48.8,311617
2021-10-10,49.7,49.7,48.0,48.2,194537
2021-10-11,48.2,48.3,46.5,46.9,206164
2021-10-12,47.6,48.4,46.1,48.0,178496
2021-10-13,49.5,52.8,48.5,51.9,1139240
2021-10-14,52.0,52.0,50.0,50.5,278446
2021-10-17,50.5,51.9,49.6,50.1,384316
2021-10-18,50.1,51.0,48.6,49.2,151022
2021-10-19,50.3,51.4,49.0,49.3,199920
2021-10-21,49.8,50.4,49.4,49.7,89153
2021-10-24,50.0,51.3,49.6,50.9,335973
2021-10-25,51.1,51.5,48.7,49.0,249004
2021-10-26,48.8,50.3,48.5,50.0,242060
2021-10-27,49.1,51.8,48.6,49.9,525066
2021-10-28,50.0,51.8,49.2,50.4,422906
2021-10-31,50.7,50.7,47.8,48.1,273615
2021-11-01,49.4,50.3,47.7,48.1,391069
2021-11-02,49.4,49.4,47.7,47.9,74600
2021-11-03,48.5,48.9,47.1,47.3,116575
2021-11-04,47.7,48.1,46.9,47.0,69179
2021-11-07,47.1,47.8,45.0,45.3,134587
2021-11-08,45.2,45.8,41.8,42.8,201636
2021-11-09,42.9,43.7,41.7,42.0,308438
2021-11-10,42.1,43.1,42.0,42.7,108662
2021-11-11,43.5,44.5,43.0,43.3,199645
2021-11-14,42.8,42.8,41.7,41.9,82807
2021-11-15,42.7,42.7,40.5,41.2,86743
2021-11-16,41.9,42.8,41.7,42.3,129957
2021-11-17,42.7,46.5,42.7,46.4,524409
2021-11-18,46.8,47.5,45.2,45.6,206935
2021-11-21,45.7,45.8,44.0,44.9,193328
2021-11-22,45.0,46.5,44.1,44.8,183728
2021-11-23,45.7,46.0,45.1,45.4,88330
2021-11-24,46.0,46.1,43.5,43.8,205330
2021-11-25,43.8,44.0,41.7,41.8,243551
2021-11-28,42.8,45.7,41.9,42.1,222170
2021-11-29,43.6,43.6,42.7,42.9,93826
2021-11-30,43.0,43.0,41.7,42.0,147530
2021-12-01,44.0,44.0,42.0,42.4,118686
2021-12-02,42.0,43.0,41.9,42.5,69689
2021-12-05,43.5,45.4,42.8,45.0,247909
2021-12-06,45.0,45.0,43.8,44.2,112542
2021-12-07,44.8,45.3,44.0,44.6,194928
2021-12-08,44.6,45.1,42.8,43.2,327531
2021-12-09,44.5,44.5,43.2,43.3,104464
2021-12-12,44.0,44.0,42.0,42.2,329971
2021-12-13,43.4,43.4,42.0,42.5,107505
2021-12-14,42.7,44.0,42.1,42.6,255847
2021-12-15,42.5,43.0,42.3,42.4,153046
2021-12-19,43.5,44.3,42.4,43.9,255443
2021-12-20,44.6,45.3,44.0,44.3,249344
2021-12-21,44.2,44.5,42.9,43.0,189441
2021-12-22,43.4,45.7,43.2,45.3,578488
2021-12-23,45.3,47.5,45.3,46.7,626013
2021-12-26,46.9,48.5,46.2,47.7,566717
2021-12-27,48.4,48.8,47.1,47.9,508921
2021-12-28,48.3,50.8,48.2,49.2,767745
2021-12-29,49.7,49.7,47.4,47.9,191713
2021-12-30,48.6,49.4,47.5,47.7,353756
2022-01-02,48.1,48.3,46.9,47.3,278177
2022-01-03,48.0,48.6,47.6,47.9,388144
2022-01-04,48.1,48.7,47.6,47.9,361260
2022-01-05,48.2,48.5,47.6,47.8,300338
2022-01-06,48.3,49.3,46.5,46.8,300753
2022-01-09,46.6,47.7,45.6,45.9,152083
2022-01-10,46.0,46.3,45.0,45.1,212239
2022-01-11,45.1,46.0,44.8,45.6,140279
2022-01-12,45.6,46.4,45.1,45.5,179033
2022-01-13,42.6,45.9,42.6,45.6,108319
2022-01-16,46.5,47.5,44.8,45.1,242235
2022-01-17,45.2,47.2,45.2,46.9,223908
2022-01-18,47.0,47.4,45.3,45.6,129743
2022-01-19,45.0,45.9,44.7,44.9,125617
2022-01-20,45.1,45.3,44.0,44.8,135644
2022-01-23,45.8,46.3,45.2,45.7,98187
2022-01-24,45.7,45.7,44.5,44.9,50542
2022-01-25,44.9,45.6,44.1,44.4,60641
2022-01-26,44.5,44.8,44.2,44.5,34527
2022-01-27,45.2,45.2,44.1,44.7,60831
2022-01-30,45.7,45.7,44.8,45.5,59977
2022-01-31,45.6,45.6,44.2,44.7,72798
2022-02-01,46.1,46.1,44.1,44.4,56461
2022-02-02,44.5,45.8,44.1,45.5,84450
2022-02-03,46.1,46.4,45.2,45.4,57581
2022-02-06,45.8,46.9,45.7,46.3,133109
2022-02-07,46.5,47.6,46.0,46.6,150272
2022-02-08,46.3,48.0,46.0,46.2,170245
2022-02-09,46.5,47.0,45.5,45.7,63789
2022-02-10,45.7,46.5,45.0,45.1,71924
2022-02-13,45.1,45.3,44.5,44.6,69174
2022-02-14,45.3,45.3,43.9,44.1,84371
2022-02-15,44.0,44.3,43.3,43.8,38670
2022-02-16,43.9,44.1,43.0,43.5,41649
2022-02-17,43.2,43.6,42.7,43.0,77135
2022-02-20,42.6,43.3,42.6,42.7,40241
2022-02-22,42.5,43.9,42.0,42.6,31449
2022-02-23,43.6,43.6,42.5,42.7,41996
2022-02-24,42.2,43.0,41.9,42.0,126294
2022-02-27,40.5,42.7,39.3,39.8,57039
2022-02-28,41.0,41.0,39.8,40.1,47079
2022-03-01,40.1,42.5,40.1,40.4,46111
2022-03-02,41.7,41.7,40.0,40.1,26201
2022-03-03,39.9,40.6,39.9,40.0,31609
2022-03-06,41.8,41.8,39.0,39.3,33708
2022-03-07,39.1,39.4,36.7,37.1,75884
2022-03-08,37.2,37.6,35.3,36.6,67802
2022-03-09,37.7,40.2,37.7,39.5,95042
2022-03-10,41.0,41.7,38.9,39.6,134605
2022-03-13,39.4,40.9,39.4,40.4,30166
2022-03-14,40.5,40.7,39.8,39.9,37543
2022-03-15,39.9,39.9,39.2,39.2,52641
2022-03-16,38.9,40.0,38.5,38.6,47733
2022-03-20,38.0,38.4,37.9,37.9,23787
2022-03-21,37.5,38.2,37.5,37.5,17825
2022-03-22,37.5,38.9,37.5,38.3,29645
2022-03-23,38.5,39.0,38.5,38.7,72811
2022-03-24,39.0,39.0,38.0,38.3,46280
2022-03-27,40.3,40.3,37.9,38.6,21958
2022-03-28,39.0,39.7,38.9,39.2,42192
2022-03-29,39.4,40.0,38.8,39.3,45127
2022-03-30,40.0,42.9,40.0,42.6,488940
2022-03-31,43.0,46.0,43.0,44.4,508931
2022-04-03,44.5,46.2,44.0,44.4,401174
2022-04-04,44.9,45.8,43.6,43.6,432165
2022-04-05,42.9,43.4,42.8,42.8,30967
2022-04-06,42.1,42.5,42.0,42.0,32177
2022-04-07,41.2,41.4,41.2,41.2,50431
2022-04-10,42.0,42.0,40.8,41.0,37811
2022-04-11,41.7,41.8,40.3,40.3,36693
2022-04-12,39.7,40.8,39.5,39.5,45468
2022-04-13,39.0,40.1,38.8,39.0,8849
2022-04-17,38.6,39.0,38.3,38.5,87970
2022-04-18,38.0,38.0,37.8,37.8,58850
2022-04-19,37.1,41.4,37.1,39.8,57877
2022-04-20,39.2,40.7,39.1,39.6,69829
2022-04-21,40.2,40.4,38.8,39.3,40356
2022-04-24,39.8,40.5,39.1,39.3,63099
2022-04-25,39.4,41.1,39.4,40.9,109594
2022-04-26,40.9,42.7,40.0,40.6,91151
2022-04-27,40.7,41.5,40.3,40.6,27880
2022-04-28,40.6,40.7,40.2,40.3,21069
2022-05-05,40.3,41.0,40.0,40.4,20089
2022-05-08,40.4,40.4,39.3,39.5,36980
2022-05-09,39.7,40.3,39.0,39.6,20896
2022-05-10,39.8,41.2,38.6,39.7,58030
2022-05-11,40.5,40.5,38.8,38.8,22217
2022-05-12,38.9,39.1,37.8,38.1,26065
2022-05-16,37.5,38.4,37.0,37.0,25998
2022-05-17,37.0,37.1,35.2,35.4,45802
2022-05-18,36.0,36.7,35.0,35.0,39282
2022-05-19,34.1,35.0,34.0,34.3,29783
2022-05-22,34.0,34.5,32.6,32.6,43026
2022-05-23,33.5,34.5,33.0,33.5,32066
2022-05-24,34.0,34.5,32.5,32.9,87752
2022-05-25,32.9,33.3,31.6,32.3,71032
2022-05-26,34.5,34.5,32.3,32.7,39049
2022-05-29,34.6,34.6,32.6,33.6,16445
2022-05-30,36.3,36.3,33.8,35.8,170067
2022-05-31,36.0,39.2,35.6,38.6,154294
2022-06-01,38.9,40.5,37.9,38.0,239862
2022-06-02,38.2,38.9,37.4,37.5,238637
2022-06-05,39.9,39.9,37.0,37.5,245807
2022-06-06,38.9,41.2,38.9,41.2,537566
2022-06-07,41.0,43.1,40.7,42.0,657111
2022-06-08,42.9,42.9,41.2,41.2,333142
2022-06-09,41.2,41.9,39.9,40.3,423955
2022-06-12,39.5,41.8,39.5,39.5,172237
2022-06-13,40.9,40.9,38.8,38.8,92573
2022-06-14,42.0,42.0,39.0,39.6,340419
2022-06-15,40.4,40.4,38.9,38.9,122455
2022-06-16,38.2,40.0,38.2,38.3,190147
2022-06-19,39.0,39.0,37.6,37.9,65034
2022-06-20,37.6,38.1,37.2,37.2,96353
2022-06-21,37.4,37.8,36.5,37.0,112876
2022-06-22,38.0,38.0,36.7,36.9,68256
2022-06-23,36.9,37.1,36.2,36.2,176135
2022-06-26,36.0,36.2,35.5,35.5,36947
2022-06-27,39.0,39.0,35.0,36.0,190030
2022-06-28,36.4,36.9,35.3,35.3,374435
2022-06-29,36.0,36.0,34.6,34.6,296843
2022-06-30,34.5,37.0,34.0,35.0,409129
2022-07-03,35.7,35.8,35.1,35.4,191867
2022-07-04,35.7,35.7,34.7,34.9,141913
2022-07-05,35.6,38.3,34.9,35.1,187214
2022-07-06,35.8,35.8,34.8,34.9,153910
2022-07-12,33.4,33.4,32.6,32.6,175296
2022-07-13,32.0,33.0,32.0,32.1,221026
2022-07-14,32.0,32.6,31.6,31.9,134817
2022-07-17,31.8,32.6,31.3,31.7,135153
2022-07-18,31.7,31.7,31.1,31.1,58088
2022-07-19,30.5,30.5,30.5,30.5,42436
2022-07-20,30.7,30.7,29.9,29.9,138646
2022-07-21,30.0,30.3,29.4,29.4,65170
2022-07-24,29.6,30.0,28.9,28.9,43797
2022-07-25,28.6,29.5,28.4,29.1,88216
2022-07-26,29.5,31.2,29.5,30.7,187778
2022-07-27,30.4,31.9,30.1,30.1,122914
2022-07-28,30.5,30.9,29.5,29.5,206058
2022-07-31,30.0,32.5,29.6,32.4,336049
2022-08-01,32.8,33.4,30.9,31.1,148956
2022-08-02,30.9,33.0,30.8,32.2,152739
2022-08-03,33.0,33.4,31.6,32.1,196915
2022-08-04,31.7,31.9,31.1,31.7,93398
2022-08-07,31.6,31.6,30.5,31.3,60958
2022-08-08,31.6,31.6,30.5,30.9,92041
2022-08-10,30.5,31.5,29.8,30.0,51187
2022-08-11,30.8,30.8,29.6,30.1,52534
2022-08-14,30.7,30.7,29.8,29.9,61461
2022-08-16,30.1,30.1,29.6,29.9,76512
2022-08-17,30.4,31.0,29.8,30.5,142414
2022-08-21,29.8,30.8,29.7,30.3,58478
2022-08-22,30.3,30.5,29.6,30.0,269378
2022-08-23,30.0,30.6,29.7,30.0,212770
2022-08-24,30.0,30.4,29.7,29.8,160693
2022-08-25,30.0,30.7,29.7,30.5,200395
2022-08-28,30.8,31.8,30.6,31.4,254547
2022-08-29,31.5,31.9,30.6,30.9,80044
2022-08-30,31.0,31.1,30.6,30.8,103560
2022-08-31,30.6,31.9,30.6,31.6,191355
2022-09-01,32.2,32.2,31.2,31.6,234056
2022-09-04,32.0,32.0,30.7,30.8,143593
2022-09-05,31.9,31.9,30.3,30.6,124710
2022-09-06,31.5,31.5,30.3,30.6,95135
2022-09-07,30.5,30.9,30.2,30.4,127499
2022-09-08,30.8,30.8,30.1,30.3,65528
2022-09-11,30.0,30.6,29.6,29.7,165207
2022-09-12,29.6,30.2,29.6,29.9,32974
2022-09-13,29.7,30.1,29.7,29.8,50973
2022-09-14,29.7,30.1,29.6,29.6,116889
2022-09-15,30.0,30.0,29.6,29.7,49395
2022-09-18,30.2,31.7,29.8,30.9,465478
2022-09-19,31.0,31.0,30.2,30.3,127633
2022-09-20,31.0,31.0,29.6,29.7,234794
2022-09-21,29.6,29.8,29.6,29.6,182847
2022-09-22,30.2,30.2,29.6,29.6,137459
2022-09-25,29.6,29.9,29.6,29.6,106128
2022-09-26,29.6,29.6,29.6,29.6,8008
2022-09-27,29.6,29.6,29.6,29.6,11589
2022-09-28,29.6,29.6,29.6,29.6,3896
2022-09-29,29.6,29.6,29.6,29.6,7195
2022-10-02,29.6,29.6,29.6,29.6,1066
2022-10-03,29.6,29.6,29.6,29.6,2753
2022-10-04,29.6,29.6,29.6,29.6,710
2022-10-06,29.6,29.6,29.6,29.6,319
2022-10-10,29.6,29.6,29.6,29.6,335
2022-10-11,29.6,29.6,29.6,29.6,848
2022-10-12,29.6,29.6,29.6,29.6,451
2022-10-13,29.6,30.8,29.6,30.6,412038
2022-10-16,30.0,30.9,29.6,29.6,303245
2022-10-17,30.0,30.7,29.6,29.6,207478
2022-10-18,29.6,29.6,29.6,29.6,26189
2022-10-19,29.6,29.6,29.6,29.6,73831
2022-10-20,29.6,29.8,29.6,29.6,86597
2022-10-23,29.6,29.6,29.6,29.6,1251
2022-10-24,29.6,29.6,29.6,29.6,739
2022-10-25,29.6,29.6,29.6,29.6,2530
2022-10-26,29.6,29.6,29.6,29.6,225
2022-10-27,29.6,30.7,29.6,29.6,51502
2022-10-30,29.6,30.3,29.6,29.9,219004
2022-10-31,30.6,30.6,29.6,29.6,31490
2022-11-01,29.6,30.2,29.6,30.1,168543
2022-11-02,30.8,31.3,29.9,30.8,530391
2022-11-03,31.4,31.4,29.9,30.0,96361
2022-11-06,30.0,30.8,29.6,29.7,127007
2022-11-07,29.6,29.8,29.6,29.6,94457
2022-11-08,29.6,30.2,29.6,29.6,83880
2022-11-09,29.8,29.8,29.6,29.6,24910
2022-11-10,29.6,29.9,29.6,29.6,1983
2022-11-13,29.6,29.6,29.6,29.6,376
2022-11-14,29.6,29.6,29.6,29.6,3001
2022-11-15,29.6,29.6,29.6,29.6,6
2022-11-16,29.6,29.6,29.6,29.6,1003
2022-11-17,29.6,29.6,29.6,29.6,39824
2022-11-20,29.6,29.6,29.6,29.6,21898
2022-11-22,29.6,29.6,29.6,29.6,71
2022-11-23,29.6,29.6,29.6,29.6,573
2022-11-24,29.6,29.6,29.6,29.6,1600
2022-11-27,29.6,29.6,29.6,29.6,1
2022-11-29,29.6,29.6,29.6,29.6,210
2022-11-30,29.6,29.6,29.6,29.6,1240
2022-12-01,29.6,29.6,29.6,29.6,586
2022-12-04,29.6,29.6,29.6,29.6,5
2022-12-05,29.6,29.6,29.6,29.6,1
2022-12-06,29.6,29.6,29.6,29.6,461
2022-12-08,29.6,29.6,29.6,29.6,705
2022-12-11,29.6,29.6,29.6,29.6,311
2022-12-12,29.6,29.6,29.6,29.6,1200
2022-12-13,29.6,29.6,29.6,29.6,202
2022-12-14,29.6,29.6,29.6,29.6,1716
2022-12-15,29.6,29.6,29.6,29.6,95
2022-12-18,29.6,29.6,29.6,29.6,68
2022-12-19,29.6,29.6,29.6,29.6,327
2022-12-20,29.6,29.6,29.6,29.6,5077
2022-12-21,29.6,29.6,29.6,29.6,5335
2022-12-22,29.4,29.4,29.4,29.4,1
2022-12-26,29.2,29.2,29.2,29.2,25
2022-12-27,29.0,29.0,29.0,29.0,50
2022-12-28,28.8,28.8,28.8,28.8,1053
2022-12-29,28.6,28.6,28.6,28.6,7835
2023-01-01,28.4,28.4,28.4,28.4,6179
2023-01-02,28.2,28.2,28.2,28.2,1711
2023-01-03,28.0,28.0,28.0,28.0,1027
2023-01-04,27.8,28.7,27.8,28.4,125201
2023-01-05,30.3,30.3,28.2,28.8,65931
2023-01-08,29.2,29.2,28.6,28.8,29799
2023-01-09,28.7,28.7,28.6,28.6,87105
2023-01-10,30.0,30.0,28.4,28.4,17164
2023-01-11,29.8,29.8,28.2,28.2,22919
2023-01-12,28.0,28.8,28.0,28.3,17649
2023-01-15,28.1,29.5,28.1,29.2,115613
2023-01-16,29.0,29.5,29.0,29.0,81759
2023-01-17,29.1,29.3,28.9,29.2,122900
2023-01-18,29.2,30.3,29.2,29.6,198170
2023-01-19,29.8,31.0,29.4,30.6,178885
2023-01-22,31.4,32.6,31.1,32.1,789023
2023-01-23,31.8,32.1,31.8,31.8,171466
2023-01-24,31.5,32.0,31.5,31.5,255581
2023-01-25,31.7,31.8,31.2,31.2,213910
2023-01-26,30.9,31.1,30.9,30.9,80747
2023-01-29,30.6,30.6,30.6,30.6,42573
2023-01-30,30.3,30.3,30.3,30.3,517
2023-01-31,30.0,30.2,30.0,30.0,65242
2023-02-01,29.7,30.7,29.7,29.7,54419
2023-02-02,29.5,30.0,29.5,29.5,57634
2023-02-05,29.5,30.3,29.3,29.4,52693
2023-02-06,29.4,29.4,29.2,29.2,39361
2023-02-07,29.0,29.0,29.0,29.0,66486
2023-02-08,28.8,28.8,28.8,28.8,32943
2023-02-09,28.6,28.7,28.6,28.6,41404
2023-02-12,28.4,28.4,28.4,28.4,24600
2023-02-13,28.4,28.4,28.2,28.2,29945
2023-02-14,28.0,28.0,28.0,28.0,16644
2023-02-15,28.0,28.0,27.8,27.8,8121
2023-02-16,27.6,27.6,27.6,27.6,17550
2023-02-19,27.6,27.6,27.4,27.4,9611
2023-02-20,27.2,27.2,27.2,27.2,989
2023-02-22,27.0,27.0,27.0,27.0,6110
2023-02-23,26.8,26.8,26.8,26.8,1833
2023-02-26,26.6,26.6,26.6,26.6,815
2023-02-27,26.4,26.4,26.4,26.4,1750
2023-02-28,26.2,29.0,26.2,27.2,10134
2023-03-01,27.2,29.0,27.2,27.4,18577
2023-03-02,27.5,27.5,26.9,26.9,44296
2023-03-05,27.0,28.0,26.9,27.8,15314
2023-03-06,27.8,28.7,27.8,28.4,29919
2023-03-07,28.2,28.9,28.0,28.1,43197
2023-03-09,28.0,28.5,27.0,27.9,51757
2023-03-12,27.2,27.5,26.9,27.0,34567
2023-03-13,28.0,28.0,27.0,27.4,49199
2023-03-14,28.3,28.3,27.0,27.1,17156
2023-03-15,27.8,27.8,26.9,26.9,45509
2023-03-16,26.9,27.6,26.9,27.0,55908
2023-03-19,27.0,27.6,26.9,26.9,38066
2023-03-20,27.3,27.3,26.9,26.9,9285
2023-03-21,26.9,27.2,26.9,27.0,15928
2023-03-22,27.2,27.2,26.9,26.9,28971
2023-03-23,26.9,26.9,26.9,26.9,5591
2023-03-27,26.9,26.9,26.9,26.9,201
2023-03-28,26.9,26.9,26.9,26.9,2011
2023-03-29,26.9,27.1,26.9,26.9,68467
2023-03-30,27.3,27.4,26.9,26.9,10728
2023-04-02,26.9,27.0,26.9,26.9,10344
2023-04-03,26.9,26.9,26.9,26.9,672
2023-04-04,26.9,26.9,26.9,26.9,6225
2023-04-06,26.9,26.9,26.9,26.9,90
2023-04-09,26.9,26.9,26.9,26.9,1000
2023-04-10,26.9,26.9,26.9,26.9,11505
2023-04-11,26.9,26.9,26.9,26.9,514
2023-04-12,26.9,26.9,26.9,26.9,50
2023-04-13,26.9,26.9,26.9,26.9,274
2023-04-16,26.9,26.9,26.9,26.9,120
2023-04-17,26.9,26.9,26.9,26.9,203
2023-04-18,26.9,27.8,26.9,26.9,84469
2023-04-24,27.4,27.8,26.9,26.9,14172
2023-04-25,27.6,27.6,26.9,27.0,56329
2023-04-26,27.7,27.7,26.9,27.0,14988
2023-04-27,28.0,28.0,26.9,27.1,49885
2023-04-30,27.6,27.6,26.9,27.0,19241
2023-05-02,27.5,27.5,26.9,27.0,64612
2023-05-03,27.0,27.3,26.9,27.0,52019
2023-05-07,26.9,26.9,26.9,26.9,26384
2023-05-08,26.9,27.1,26.9,27.0,53704
2023-05-09,27.5,27.5,26.9,26.9,43344
2023-05-10,27.0,27.5,27.0,27.0,43751
2023-05-11,27.5,28.2,27.0,28.0,204014
2023-05-14,28.5,28.5,27.2,28.2,113431
2023-05-15,28.8,30.2,28.7,30.0,343362
2023-05-17,29.2,30.2,27.7,30.0,380511
2023-05-18,30.5,32.3,30.0,31.5,579232
2023-05-21,31.5,32.0,30.5,30.7,316280
2023-05-22,31.0,31.0,29.3,29.5,138121
2023-05-23,29.5,31.2,28.9,30.9,266787
2023-05-24,30.9,32.2,30.2,30.4,324524
2023-05-25,30.5,31.8,30.4,31.2,388364
2023-05-28,32.4,33.5,31.9,33.5,665622
2023-05-29,33.5,34.9,32.5,33.0,375583
2023-05-30,33.3,33.3,31.7,32.0,257146
2023-05-31,32.0,33.0,29.8,30.6,202981
2023-06-01,30.2,32.0,30.1,31.5,106649
2023-06-04,31.0,32.0,30.3,30.4,85580
2023-06-05,30.8,30.9,29.1,29.3,194026
2023-06-06,28.0,29.8,28.0,28.5,76837
2023-06-07,29.8,30.8,28.5,30.3,115347
2023-06-08,30.9,30.9,29.5,29.6,154560
2023-06-11,32.2,32.2,29.4,29.6,67542
2023-06-12,30.6,30.6,28.1,28.3,60570
2023-06-13,30.2,30.2,28.1,28.3,55105
2023-06-14,30.0,30.0,27.5,27.8,41510
2023-06-15,27.5,28.5,27.5,28.4,34028
2023-06-18,29.5,29.7,28.0,28.3,38788
2023-06-19,29.0,29.8,28.1,29.1,113239
2023-06-20,29.1,29.9,28.3,28.4,40076
2023-06-21,29.3,29.3,28.0,28.3,61565
2023-06-22,30.4,30.4,28.2,28.7,37635
2023-06-25,29.4,29.4,28.5,28.6,10858
2023-06-26,29.3,29.3,28.5,29.0,34021
2023-07-02,30.5,30.5,28.3,28.5,7817
2023-07-03,29.0,29.0,28.2,28.3,52245
2023-07-04,28.0,29.0,28.0,28.4,8262
2023-07-05,29.4,29.4,28.0,28.2,61657
2023-07-06,29.2,29.2,27.7,28.0,136612
2023-07-09,29.8,29.8,27.6,27.7,67235
2023-07-10,29.5,29.8,27.4,27.4,91325
2023-07-11,27.3,28.3,27.3,27.9,22230
2023-07-12,30.5,30.6,29.7,30.6,900980
2023-07-13,30.8,31.5,29.3,29.9,178162
2023-07-16,29.6,32.8,28.9,32.8,1040577
2023-07-17,34.0,36.0,34.0,36.0,2530314
2023-07-18,39.6,39.6,35.6,37.1,834015
2023-07-19,37.8,40.8,36.6,40.4,2602337
2023-07-20,41.1,43.8,41.0,43.1,2569294
2023-07-23,39.1,42.0,39.1,40.1,885061
2023-07-24,41.7,43.1,39.1,41.2,1221875
2023-07-25,42.8,42.8,37.8,38.4,1004445
2023-07-26,38.4,39.7,35.7,39.2,599100
2023-07-27,40.0,43.1,38.9,41.9,2751302
2023-07-30,42.0,43.4,41.1,41.8,1092375
2023-07-31,41.8,45.3,40.7,43.9,3868699
2023-08-01,43.9,46.0,42.9,45.3,3466729
2023-08-02,45.3,45.3,42.2,42.8,2718436
2023-08-03,42.2,43.8,40.9,41.8,1942066
2023-08-06,42.5,43.8,42.0,42.5,1537762
2023-08-07,42.5,42.8,39.5,40.1,947173
2023-08-08,40.2,40.8,38.4,39.5,709101
2023-08-09,39.7,39.7,36.6,37.1,702265
2023-08-10,37.8,39.3,35.8,38.2,309596
2023-08-13,38.8,40.3,37.7,38.4,1145161
2023-08-14,38.4,40.0,37.7,39.1,1113960
2023-08-16,38.0,39.6,36.4,37.0,602107
2023-08-17,37.7,38.5,37.4,38.2,444015
2023-08-20,37.7,38.6,37.0,38.0,508164
2023-08-21,38.2,40.6,38.2,40.4,1055372
2023-08-22,40.8,41.5,39.0,39.5,1244496
2023-08-23,39.1,40.1,38.1,38.4,549226
2023-08-24,38.8,38.9,37.3,37.9,514360
2023-08-27,37.9,39.5,37.5,38.8,491317
2023-08-28,38.8,39.6,37.7,38.2,727044
2023-08-29,38.3,38.4,37.0,37.3,555575
2023-08-30,37.5,38.3,37.0,37.8,412761
2023-08-31,38.4,39.2,37.9,38.1,612445
2023-09-03,38.5,41.4,38.3,40.4,1897600
2023-09-04,40.2,41.4,39.3,40.4,1278583
2023-09-05,40.9,42.9,40.3,41.9,2154165
2023-09-07,42.0,43.9,40.3,40.8,1987335
2023-09-10,41.2,41.8,39.4,39.9,1165780
2023-09-11,39.4,41.4,39.4,40.6,922792
2023-09-12,40.8,42.1,40.7,41.8,954488
2023-09-13,42.3,44.0,41.8,42.4,1844155
2023-09-14,42.7,43.5,41.9,43.1,1381115
2023-09-17,43.8,45.4,41.3,42.0,2296865
2023-09-18,42.4,43.4,41.0,42.1,1500127
2023-09-19,42.8,46.3,42.6,46.3,2023490
2023-09-20,48.8,49.7,45.0,46.2,3655954
2023-09-21,46.0,47.6,43.1,43.9,2007881
2023-09-24,43.8,45.2,40.6,41.4,1415992
2023-09-25,41.5,43.0,40.6,42.5,915171
2023-09-26,43.1,43.9,41.0,41.8,880053
2023-09-27,42.7,42.7,40.9,41.8,580775
2023-10-01,41.8,42.7,39.2,39.9,702968
2023-10-02,40.5,42.5,39.2,42.1,629967
2023-10-03,42.4,42.9,40.0,40.4,901908
2023-10-04,40.4,40.7,39.2,39.6,625718
2023-10-05,39.8,40.2,38.5,38.8,451346
2023-10-08,38.8,38.8,35.3,36.0,423773
2023-10-09,36.1,37.0,35.2,35.6,542918
2023-10-10,35.0,37.4,35.0,36.9,442526
2023-10-11,36.9,37.5,36.5,37.2,568803
2023-10-12,37.7,38.8,37.4,38.7,535218
2023-10-15,38.8,39.3,37.5,38.1,518365
2023-10-16,38.4,38.6,37.0,37.1,411804
2023-10-17,37.4,37.8,36.2,36.3,376829
2023-10-18,36.7,37.8,36.7,37.6,452299
2023-10-19,37.9,38.8,37.3,38.7,767738
2023-10-22,38.6,39.2,37.5,37.7,465585
2023-10-23,38.3,38.3,36.7,36.9,346015
2023-10-25,37.1,37.6,36.7,36.9,217518
2023-10-26,36.9,37.1,36.0,36.3,249359
2023-10-29,35.5,36.5,34.5,36.1,309752
2023-10-30,36.0,36.0,34.9,35.0,438805
2023-10-31,35.5,35.9,35.0,35.3,407984
2023-11-01,35.3,35.6,34.9,35.0,228907
2023-11-02,35.1,35.3,34.4,34.7,257479
2023-11-05,34.7,36.6,34.7,36.2,313900
2023-11-06,36.5,36.9,35.2,35.4,351519
2023-11-07,35.3,36.0,34.7,34.8,305358
2023-11-08,35.7,35.7,34.5,34.7,173671
2023-11-09,35.3,35.5,34.3,34.7,204199
2023-11-12,34.8,34.8,33.7,33.8,207439
2023-11-13,33.7,34.7,33.5,33.6,174891
2023-11-14,34.3,36.0,33.7,35.1,453600
2023-11-15,35.7,35.8,34.3,34.6,208968
2023-11-16,34.6,35.8,34.3,35.5,352612
2023-11-19,35.6,36.2,34.5,34.8,379969
2023-11-20,35.2,35.2,34.0,34.1,181032
2023-11-21,34.2,34.6,33.0,33.4,212643
2023-11-22,34.4,34.4,33.2,33.5,271564
2023-11-23,34.0,34.0,32.9,33.0,203787
2023-11-26,33.7,33.7,32.3,32.4,201552
2023-11-27,33.0,33.0,31.2,31.5,178315
2023-11-28,31.4,32.6,31.4,31.9,53442
2023-11-29,33.0,33.1,32.0,32.3,109713
2023-11-30,32.9,32.9,32.0,32.2,126876
2023-12-03,32.7,32.7,32.0,32.5,105962
2023-12-04,32.9,34.3,32.9,33.7,299669
2023-12-05,33.9,33.9,33.1,33.4,173473
2023-12-06,33.2,33.8,33.0,33.6,113210
2023-12-07,33.8,33.8,33.0,33.1,103347
2023-12-10,33.4,33.4,32.6,32.6,88913
2023-12-11,32.5,33.7,32.5,33.5,186185
2023-12-12,33.5,33.9,33.4,33.4,146077
2023-12-13,33.4,35.3,33.4,34.5,493017
2023-12-14,34.9,34.9,33.6,33.9,114072
2023-12-17,33.3,34.4,33.3,33.3,140052
2023-12-18,34.0,34.0,32.9,33.0,104418
2023-12-19,32.9,33.5,32.7,32.9,129341
2023-12-20,32.9,33.2,32.7,32.9,110880
2023-12-21,33.2,33.8,32.8,33.0,161547
2023-12-24,32.8,33.1,32.5,32.6,42022
2023-12-26,32.6,33.3,32.5,32.7,135284
2023-12-27,33.7,33.7,32.5,32.7,116320
2023-12-28,32.8,33.9,32.8,33.3,234013
2024-01-01,33.8,34.8,33.3,34.5,372161
2024-01-02,34.6,35.0,33.8,34.0,436702
2024-01-03,34.2,34.3,33.1,33.4,197910
2024-01-04,33.1,34.3,33.0,34.0,329589
2024-01-08,34.4,34.7,34.0,34.1,206034
2024-01-09,33.5,34.5,33.4,33.5,173407
2024-01-10,33.6,34.0,33.2,33.9,196415
2024-01-11,34.1,34.9,34.1,34.7,427659
2024-01-14,34.6,36.8,34.6,36.2,1016271
2024-01-15,36.2,36.7,35.5,36.5,649970
2024-01-16,36.3,37.4,35.6,35.8,686843
2024-01-17,36.4,36.4,35.0,35.2,382437
2024-01-18,36.2,36.2,35.2,35.5,273342
2024-01-21,33.0,35.7,33.0,35.3,209281
2024-01-22,35.7,36.4,35.4,35.9,378674
2024-01-23,35.6,36.2,35.6,35.9,525211
2024-01-24,36.0,36.5,35.2,35.4,308835
2024-01-25,35.5,36.1,35.3,35.8,393381
2024-01-28,36.2,37.9,35.8,36.6,1177153
2024-01-29,37.2,37.2,36.1,36.3,290604
2024-01-30,36.0,36.7,35.6,36.2,474783
2024-01-31,36.7,37.8,36.1,37.1,604923
2024-02-01,37.2,37.9,36.7,36.9,573902
2024-02-04,36.4,39.6,36.2,39.3,1030437
2024-02-05,39.7,42.0,39.7,40.0,1292464
2024-02-06,39.2,40.0,38.4,38.7,580331
2024-02-07,39.0,39.5,38.2,38.5,494525
2024-02-08,38.7,39.7,38.2,38.7,931294
2024-02-11,38.8,39.7,37.9,38.1,483663
2024-02-12,38.1,38.8,37.5,37.8,478539
2024-02-13,38.0,38.2,36.3,36.6,528558
2024-02-14,37.1,37.2,36.1,36.3,242568
2024-02-15,37.0,37.9,35.9,36.8,194230
2024-02-18,37.5,38.3,37.4,37.5,383726
2024-02-19,38.0,38.2,36.5,36.9,171192
2024-02-20,36.4,37.7,36.3,36.6,198859
