Date,Open,High,Low,Close,Volume
2012-10-01,33.4,37.0,33.2,35.5,88000
2012-10-02,37.0,38.8,35.3,36.6,77500
2012-10-03,35.1,36.7,33.7,34.3,78000
2012-10-04,36.8,36.8,33.6,33.9,60000
2012-10-07,34.0,34.1,32.1,32.3,34000
2012-10-08,32.7,32.9,31.0,32.0,38000
2012-10-09,32.3,34.0,32.0,32.5,33500
2012-10-10,33.5,33.5,31.5,32.0,24500
2012-10-11,33.1,33.1,31.0,31.4,56500
2012-10-14,31.4,31.9,29.0,29.7,53500
2012-10-15,31.3,31.3,29.6,29.9,34000
2012-10-16,31.0,31.4,30.0,30.1,44000
2012-10-17,31.0,31.0,29.6,30.0,15500
2012-10-18,30.0,30.5,29.6,29.7,19500
2012-10-21,30.0,30.5,29.7,30.0,25000
2012-10-22,29.4,30.2,29.3,29.9,20000
2012-10-23,29.9,30.6,29.8,30.1,30500
2012-10-30,30.0,30.0,29.6,29.9,3500
2012-10-31,29.4,29.8,28.1,28.2,42000
2012-11-01,28.1,28.3,27.9,28.1,15500
2012-11-04,27.2,28.2,27.2,27.8,15000
2012-11-05,27.8,28.0,27.0,27.3,23500
2012-11-06,27.6,27.9,27.5,27.6,6500
2012-11-07,27.0,27.3,27.0,27.1,15500
2012-11-08,26.5,27.1,26.0,26.9,22500
2012-11-11,26.1,26.3,26.0,26.0,33500
2012-11-12,26.1,26.8,26.1,26.2,12500
2012-11-13,26.8,27.8,26.5,27.2,9000
2012-11-14,27.4,27.4,27.1,27.2,5500
2012-11-15,25.1,28.3,25.1,27.6,19000
2012-11-18,27.7,27.7,26.7,27.1,8000
2012-11-19,26.5,26.7,26.0,26.2,11000
2012-11-20,28.8,28.8,26.2,26.7,15500
2012-11-21,26.1,26.5,25.5,25.9,24500
2012-11-22,25.4,25.8,25.0,25.1,45000
2012-11-26,25.0,25.0,24.5,24.7,16000
2012-11-27,25.0,25.6,24.8,25.0,5500
2012-11-28,26.0,26.0,25.0,25.6,1500
2012-11-29,25.6,27.7,25.0,27.0,30000
2012-12-02,27.0,27.0,24.4,25.3,19500
2012-12-03,25.5,25.5,23.5,23.8,45500
2012-12-04,24.2,24.5,23.9,24.1,14000
2012-12-05,23.6,24.3,23.6,24.0,4000
2012-12-06,24.2,24.2,23.6,23.9,4500
2012-12-09,23.5,24.0,23.5,23.6,8000
2012-12-10,25.4,25.4,23.3,23.7,13500
2012-12-11,24.0,24.2,23.9,24.0,11000
2012-12-12,24.0,24.0,23.8,23.9,2500
2012-12-13,23.8,23.8,23.1,23.2,28000
2012-12-17,23.6,24.5,23.6,24.2,15000
2012-12-18,24.6,24.6,23.7,23.8,6500
2012-12-19,24.1,24.4,23.9,24.1,19500
2012-12-20,24.3,24.4,23.7,24.0,15000
2012-12-23,25.6,25.6,23.4,24.0,11500
2012-12-24,23.8,23.9,23.6,23.7,19000
2012-12-26,25.2,25.2,23.6,24.5,16000
2012-12-27,24.1,24.8,24.0,24.2,20000
2012-12-30,24.8,24.8,23.9,24.0,12000
2013-01-01,23.9,24.5,23.8,24.1,11000
2013-01-02,24.1,24.2,23.8,24.0,7500
2013-01-03,23.0,24.1,23.0,23.8,21000
2013-01-06,23.5,23.7,23.3,23.4,14500
2013-01-07,23.4,23.4,23.0,23.1,8500
2013-01-08,24.0,24.0,23.1,23.2,8000
2013-01-09,23.1,23.1,22.8,22.8,16000
2013-01-10,23.0,23.7,23.0,23.4,3000
2013-01-13,23.2,23.2,23.2,23.2,500
2013-01-14,23.1,23.7,23.1,23.4,6500
2013-01-15,23.1,23.5,23.0,23.1,2500
2013-01-16,23.0,23.1,22.8,23.0,5500
2013-01-17,23.7,23.7,23.1,23.5,9500
2013-01-20,23.5,23.5,23.2,23.3,4500
2013-01-21,23.1,23.1,22.8,22.9,5500
2013-01-22,23.2,23.6,22.8,23.0,15500
2013-01-23,23.4,23.5,23.2,23.4,10000
2013-01-24,23.1,23.9,23.1,23.5,10000
2013-01-27,23.6,23.6,23.1,23.4,7500
2013-01-28,23.1,23.5,23.0,23.2,8500
2013-01-29,23.8,24.7,23.5,24.4,49000
2013-01-30,24.5,24.5,23.8,23.9,18000
2013-01-31,24.0,24.0,23.9,23.9,1500
2013-02-03,24.2,24.7,24.2,24.4,26000
2013-02-04,24.8,24.8,23.9,24.1,35000
2013-02-05,23.9,24.7,23.8,24.2,14500
2013-02-06,24.3,24.5,24.1,24.2,7000
2013-02-07,24.0,24.5,24.0,24.1,15000
2013-02-10,24.1,24.5,24.0,24.2,54000
2013-02-11,24.4,24.5,24.3,24.4,16500
2013-02-12,24.6,24.8,24.2,24.2,42000
2013-02-13,24.1,24.5,24.0,24.1,18500
2013-02-14,24.1,24.5,24.1,24.3,23500
2013-02-17,24.5,24.8,24.4,24.5,34500
2013-02-18,24.5,24.7,24.2,24.3,31500
2013-02-19,24.3,24.4,23.8,24.0,22500
2013-02-20,23.6,23.7,23.5,23.6,12500
2013-02-24,22.6,22.9,22.5,22.6,10500
2013-02-25,22.1,23.0,21.5,22.2,24000
2013-02-26,22.5,22.5,20.2,20.8,33000
2013-02-27,20.4,20.4,19.1,19.2,75500
2013-02-28,20.0,20.2,19.6,20.0,17000
2013-03-03,19.9,19.9,18.9,18.9,26000
2013-03-04,20.0,20.0,18.8,19.1,11000
2013-03-05,19.0,19.3,18.5,19.0,12500
2013-03-06,19.9,19.9,18.1,18.7,13500
2013-03-07,18.3,18.3,17.3,17.4,26000
2013-03-10,17.2,17.2,16.8,16.9,8000
2013-03-11,16.8,17.5,16.8,17.2,3500
2013-03-12,17.3,17.3,17.2,17.2,1000
2013-03-13,17.7,17.7,17.2,17.3,8000
2013-03-14,16.3,17.5,16.3,17.0,3000
2013-03-18,17.2,17.4,17.2,17.3,4000
2013-03-20,17.5,17.5,17.2,17.4,5000
2013-03-24,17.1,17.2,16.5,16.7,12500
2013-03-25,16.5,17.1,16.3,16.4,4500
2013-03-27,15.4,15.6,15.2,15.4,12500
2013-03-28,15.6,15.8,15.6,15.6,3000
2013-03-31,16.5,16.5,15.3,15.4,11000
2013-04-01,15.0,15.0,14.2,14.3,5500
2013-04-02,14.2,14.9,14.2,14.7,3500
2013-04-03,15.0,15.0,14.8,14.9,4000
2013-04-04,14.5,14.5,14.2,14.3,5500
2013-04-07,14.5,14.5,14.4,14.4,2000
2013-04-08,14.5,15.0,14.5,14.7,9000
2013-04-09,15.5,15.6,15.1,15.4,5500
2013-04-10,16.4,16.6,15.8,16.1,14500
2013-04-11,16.0,17.7,16.0,17.5,65000
2013-04-15,19.0,19.2,18.8,19.1,22500
2013-04-16,20.0,20.5,18.1,18.2,34500
2013-04-17,18.0,18.9,17.2,18.3,33000
2013-04-18,18.5,19.6,17.1,17.8,38000
2013-04-21,18.0,19.3,18.0,18.8,53500
2013-04-22,18.2,19.2,18.2,18.6,33500
2013-04-23,18.5,18.9,18.4,18.5,12000
2013-04-24,17.3,19.2,17.1,18.4,76500
2013-04-25,18.3,18.3,17.8,18.0,20500
2013-04-28,17.1,17.9,17.1,17.3,10000
2013-04-29,17.6,18.0,17.6,17.7,11000
2013-04-30,17.5,17.5,17.0,17.1,22000
2013-05-02,18.7,18.7,17.1,17.2,22000
2013-05-05,18.0,18.4,16.8,16.8,49000
2013-05-06,14.3,15.3,13.8,13.9,65500
2013-05-07,13.0,15.1,13.0,14.9,64000
2013-05-08,14.4,14.6,14.0,14.1,51500
2013-05-09,14.6,14.6,13.9,14.1,29500
2013-05-12,14.1,14.5,14.0,14.1,87000
2013-05-13,14.1,14.1,13.8,13.9,46000
2013-05-14,13.9,14.3,13.9,14.1,60500
2013-05-15,14.1,14.7,14.1,14.5,68000
2013-05-19,15.3,15.9,15.3,15.8,121000
2013-05-20,17.1,17.3,17.1,17.3,49500
2013-05-21,17.6,17.9,16.4,16.7,76000
2013-05-22,15.6,16.6,15.2,16.2,40000
2013-05-26,15.9,16.0,15.4,15.6,12000
2013-05-27,15.7,15.9,15.5,15.7,23000
2013-05-28,16.6,16.6,15.7,16.1,61500
2013-05-29,16.2,16.4,15.9,16.1,27500
2013-05-30,16.3,16.3,15.7,15.8,43500
2013-06-02,15.5,16.1,15.5,15.8,38500
2013-06-03,16.1,16.2,15.7,15.8,65500
2013-06-04,16.0,16.2,15.8,16.1,63500
2013-06-05,16.2,17.0,16.2,16.8,60500
2013-06-06,16.2,16.5,16.1,16.4,26000
2013-06-09,15.5,15.7,14.9,15.3,33000
2013-06-10,15.6,16.0,15.5,15.7,28000
2013-06-11,14.5,16.3,14.5,15.9,43000
2013-06-12,15.4,16.0,15.3,15.6,65500
2013-06-13,15.0,15.9,14.1,15.5,51000
2013-06-16,15.0,15.8,15.0,15.2,34000
2013-06-17,15.0,15.4,15.0,15.0,63500
2013-06-18,15.0,15.6,15.0,15.2,17000
2013-06-19,15.3,15.9,15.3,15.5,23500
2013-06-20,15.8,15.9,15.4,15.5,43500
2013-06-23,14.6,14.7,14.6,14.6,8500
2013-06-24,14.3,14.8,14.3,14.6,4000
2013-06-26,14.8,14.8,13.9,14.2,21000
2013-06-27,14.0,14.1,13.6,13.9,5500
2013-06-30,13.7,14.3,13.5,14.0,15500
2013-07-02,13.5,14.5,13.5,14.0,19000
2013-07-03,14.0,14.8,13.7,14.2,18000
2013-07-04,14.8,15.6,14.8,15.5,54500
2013-07-07,16.0,16.3,15.1,15.2,22000
2013-07-08,15.1,15.4,14.8,14.9,27000
2013-07-09,15.0,16.3,15.0,15.9,47500
2013-07-10,15.3,15.5,15.2,15.3,4000
2013-07-11,16.1,16.1,14.9,15.3,14500
2013-07-14,14.9,15.8,14.0,14.6,11000
2013-07-15,14.6,14.6,14.5,14.5,1000
2013-07-16,14.3,15.5,14.3,14.4,8000
2013-07-17,14.4,15.2,14.0,14.2,26500
2013-07-18,13.8,15.1,13.8,14.4,20000
2013-07-21,15.0,15.0,13.5,14.5,15500
2013-07-22,14.0,14.0,13.8,13.9,5000
2013-07-23,15.0,15.1,13.8,14.5,12500
2013-07-28,14.1,14.1,13.2,13.3,6000
2013-07-29,13.1,13.4,13.1,13.3,2500
2013-07-30,13.2,13.3,13.0,13.1,9500
2013-07-31,13.1,13.1,13.0,13.0,3000
2013-08-01,13.0,13.5,13.0,13.0,6500
2013-08-05,13.0,13.1,13.0,13.0,5000
2013-08-12,13.0,13.4,13.0,13.3,5000
2013-08-13,13.4,14.0,13.1,13.4,8000
2013-08-14,13.1,13.9,13.0,13.0,11500
2013-08-18,13.0,13.2,13.0,13.0,20500
2013-08-19,13.0,13.2,13.0,13.0,8500
2013-08-20,13.1,13.7,13.0,13.2,5000
2013-08-21,13.2,13.2,13.1,13.1,9500
2013-08-22,13.2,13.3,13.2,13.2,2000
2013-08-25,13.2,13.3,13.2,13.2,11500
2013-08-26,13.3,13.5,13.1,13.3,25000
2013-08-27,13.3,13.3,13.0,13.0,6000
2013-08-29,13.3,13.3,13.2,13.2,1000
2013-09-01,13.3,13.4,13.3,13.3,8500
2013-09-02,13.5,13.5,13.3,13.4,10000
2013-09-03,13.5,13.8,13.5,13.5,5500
2013-09-04,13.9,14.5,13.9,14.3,20000
2013-09-05,14.8,15.2,14.8,14.9,23500
2013-09-08,14.9,14.9,14.4,14.8,7000
2013-09-09,14.6,15.0,14.0,14.2,49000
2013-09-10,15.0,15.6,15.0,15.4,48000
2013-09-11,16.1,16.9,16.1,16.9,50000
2013-09-12,17.5,18.5,17.2,18.5,80000
2013-09-15,19.8,20.3,19.8,20.3,61500
2013-09-16,22.3,22.3,18.5,18.9,83500
2013-09-17,19.6,20.0,18.3,19.8,37500
2013-09-18,20.2,20.2,19.1,19.4,12000
2013-09-22,19.0,19.0,17.5,17.5,28000
2013-09-23,16.6,16.9,16.2,16.5,25000
2013-09-24,16.5,17.6,15.6,17.1,23500
2013-09-25,18.2,18.2,16.4,17.1,13500
2013-09-26,15.7,17.0,15.7,16.7,12000
2013-09-29,16.5,17.8,16.5,17.7,33000
2013-09-30,17.5,17.5,16.4,16.9,18500
2013-10-01,16.8,17.0,16.5,16.8,12500
2013-10-02,18.2,18.3,17.1,17.8,36500
2013-10-03,17.1,17.8,17.1,17.5,7500
2013-10-06,19.0,19.0,16.1,17.9,17500
2013-10-07,17.1,17.1,16.9,17.0,7000
2013-10-08,16.0,16.2,16.0,16.1,3000
2013-10-09,14.6,16.2,14.6,15.6,6000
2013-10-10,16.0,16.0,15.6,15.9,12500
2013-10-20,15.0,15.2,14.9,15.0,5000
2013-10-21,15.0,15.0,14.9,14.9,3500
2013-10-22,15.8,15.9,15.7,15.7,5500
2013-10-23,15.8,15.8,15.5,15.6,7500
2013-10-24,15.5,15.5,14.9,15.0,7000
2013-10-27,14.7,14.7,14.6,14.6,1500
2013-10-28,15.0,15.0,14.5,14.5,4000
2013-10-29,14.8,15.0,14.8,14.8,1500
2013-10-30,14.4,14.5,14.4,14.4,7000
2013-10-31,14.8,14.8,14.6,14.6,6000
2013-11-03,14.8,14.8,14.3,14.7,6500
2013-11-04,14.1,15.0,14.1,14.5,7500
2013-11-05,15.0,15.3,14.7,15.0,4500
2013-11-06,15.0,15.5,14.3,14.9,8000
2013-11-07,15.0,15.3,15.0,15.1,8000
2013-11-10,15.8,16.5,15.3,15.7,15000
2013-11-11,16.0,16.0,15.7,15.9,12000
2013-11-12,15.1,15.1,14.9,14.9,6000
2013-11-13,14.6,16.2,14.6,16.0,20000
2013-11-14,17.3,17.3,15.6,16.2,9500
2013-11-17,15.6,15.6,15.5,15.5,3000
2013-11-18,16.6,16.6,15.9,16.2,6500
2013-11-19,16.3,16.3,15.8,16.0,11500
2013-11-20,16.1,16.1,16.0,16.0,10000
2013-11-21,15.6,15.8,15.4,15.5,19500
2013-11-24,15.4,15.4,15.3,15.3,2500
2013-11-25,15.5,15.5,15.2,15.3,12500
2013-11-26,15.1,16.0,15.0,15.3,9500
2013-11-27,15.4,15.5,15.4,15.4,9500
2013-12-01,15.1,15.1,14.6,14.8,1000
2013-12-02,15.0,15.9,14.9,15.2,12500
2013-12-03,15.1,15.8,15.1,15.3,10500
2013-12-04,16.0,16.0,16.0,16.0,500
2013-12-05,16.0,16.0,15.1,15.6,7500
2013-12-08,16.2,16.3,15.5,16.1,10000
2013-12-09,16.0,17.7,16.0,17.6,60000
2013-12-10,18.5,19.3,18.3,19.2,62000
2013-12-11,19.0,21.1,18.2,20.7,145500
2013-12-12,20.7,20.7,18.7,18.9,40000
2013-12-15,18.5,19.9,18.5,19.1,12000
2013-12-17,18.6,20.0,18.6,19.9,23500
2013-12-18,19.5,19.9,18.9,19.4,14000
2013-12-19,19.4,19.5,18.1,19.1,5500
2013-12-22,19.2,19.4,19.2,19.2,9500
2013-12-23,19.1,19.1,17.6,18.3,2000
2013-12-24,19.3,19.3,18.0,18.4,3000
2013-12-29,16.8,16.8,16.8,16.8,2000
2013-12-30,16.8,16.9,16.2,16.6,9500
2014-01-01,16.8,16.8,16.8,16.8,1000
2014-01-02,17.3,17.3,17.3,17.3,500
2014-01-06,17.3,17.3,16.1,17.0,2500
2014-01-07,17.0,18.3,17.0,17.5,10500
2014-01-08,17.8,18.0,17.4,17.7,5000
2014-01-09,17.8,17.8,17.0,17.6,4000
2014-01-12,18.1,19.3,18.0,18.3,20000
2014-01-13,18.7,20.1,18.7,20.0,102500
2014-01-15,21.0,22.0,20.9,21.9,208500
2014-01-16,22.0,23.9,22.0,23.6,106000
2014-01-19,24.9,24.9,23.0,23.7,66000
2014-01-20,22.6,22.6,21.4,21.7,38500
2014-01-21,21.9,23.5,21.9,22.6,4000
2014-01-22,22.2,23.4,22.2,23.2,5000
2014-01-23,23.0,23.0,22.7,22.9,11000
2014-01-26,22.0,23.4,22.0,22.2,2500
2014-01-27,22.1,22.4,22.0,22.1,11500
2014-01-28,22.5,22.5,20.4,20.9,11500
2014-01-29,20.1,20.4,20.0,20.1,20000
2014-01-30,20.1,22.0,20.1,21.6,22500
2014-02-02,22.0,22.3,21.1,21.4,18000
2014-02-03,21.5,21.5,20.5,20.7,7500
2014-02-04,20.0,21.4,20.0,20.7,21500
2014-02-05,21.2,21.2,20.5,20.8,1000
2014-02-06,20.6,20.6,19.8,20.1,6500
2014-02-09,21.4,21.4,19.1,19.4,7500
2014-02-10,19.3,19.3,19.2,19.2,2000
2014-02-11,20.1,20.1,20.1,20.1,4500
2014-02-12,21.0,21.0,19.7,20.3,2000
2014-02-13,20.0,20.0,19.3,19.5,3000
2014-02-16,19.6,19.6,18.0,19.0,3500
2014-02-17,18.5,18.5,18.5,18.5,2000
2014-02-18,18.3,18.3,18.3,18.3,3000
2014-02-19,20.0,20.0,20.0,20.0,1000
2014-02-20,20.0,20.1,20.0,20.0,4000
2014-02-23,20.0,20.0,18.3,18.8,1500
2014-02-24,19.8,19.8,19.8,19.8,500
2014-02-25,19.1,19.5,18.8,19.0,9000
2014-02-27,18.2,18.6,18.2,18.4,4500
2014-03-02,18.3,18.5,18.3,18.4,7500
2014-03-03,18.2,18.2,18.1,18.1,2500
2014-03-04,17.5,17.8,17.5,17.7,1500
2014-03-05,16.9,19.4,16.9,18.1,8000
2014-03-06,19.4,19.6,18.1,19.0,3500
2014-03-09,19.6,19.6,17.2,18.4,3500
2014-03-10,19.9,19.9,19.8,19.8,6000
2014-03-11,18.4,19.9,18.4,19.2,6000
2014-03-12,20.7,20.7,19.1,19.7,6000
2014-03-13,19.0,20.5,19.0,20.2,19500
2014-03-16,21.8,21.8,19.0,19.2,6500
2014-03-18,19.3,19.4,19.3,19.3,11500
2014-03-19,18.8,18.8,18.8,18.8,5000
2014-03-20,18.3,18.3,18.3,18.3,1000
2014-03-23,17.1,17.1,17.0,17.0,6000
2014-03-24,18.0,18.0,18.0,18.0,500
2014-03-25,18.4,18.6,18.2,18.5,5000
2014-03-27,18.2,19.1,18.2,18.7,2500
2014-03-30,19.0,19.0,19.0,19.0,1000
2014-03-31,20.0,20.0,19.0,19.3,13500
2014-04-01,19.1,19.7,19.1,19.4,2500
2014-04-02,19.4,19.4,18.7,18.8,3500
2014-04-03,19.5,19.5,17.9,18.4,1500
2014-04-06,19.0,19.0,18.5,18.7,1000
2014-04-07,19.0,19.0,19.0,19.0,500
2014-04-08,17.8,17.8,17.8,17.8,500
2014-04-09,17.5,17.6,17.5,17.5,2000
2014-04-10,17.9,18.1,17.8,17.9,3500
2014-04-15,17.0,17.0,16.8,16.9,2500
2014-04-22,16.5,18.0,16.5,17.7,2500
2014-04-23,17.8,17.8,17.8,17.8,2000
2014-04-24,17.0,17.4,16.1,16.3,6000
2014-04-27,15.9,16.0,15.5,15.8,4000
2014-04-28,16.0,16.0,14.3,15.0,14500
2014-04-29,14.0,14.0,14.0,14.0,500
2014-04-30,12.8,12.8,12.8,12.8,1000
2014-05-04,13.6,13.6,12.8,13.2,8000
2014-05-05,13.9,13.9,13.9,13.9,500
2014-05-06,14.4,14.6,14.4,14.4,1500
2014-05-08,15.2,15.2,13.7,14.3,3000
2014-05-11,13.3,14.1,13.2,13.6,14000
2014-05-12,13.8,13.9,13.7,13.8,7500
2014-05-14,13.7,13.9,13.4,13.6,11000
2014-05-20,13.6,13.6,13.0,13.6,1500
2014-05-21,13.7,13.9,13.3,13.6,5500
2014-05-22,13.6,13.6,13.6,13.6,3000
2014-05-25,13.3,13.3,13.2,13.2,4000
2014-05-26,12.6,12.6,12.5,12.5,21500
2014-05-27,13.2,13.2,13.2,13.2,1000
2014-05-28,13.0,13.0,13.0,13.0,1000
2014-05-29,13.0,13.0,13.0,13.0,2500
2014-06-02,13.5,13.5,13.3,13.3,8000
2014-06-03,13.5,13.6,13.4,13.5,8500
2014-06-04,13.6,13.6,13.2,13.4,12500
2014-06-05,13.5,13.5,13.5,13.5,500
2014-06-08,13.1,13.2,13.1,13.1,1000
2014-06-09,13.7,13.9,13.7,13.8,1000
2014-06-10,13.9,13.9,13.8,13.8,1500
2014-06-11,13.9,13.9,13.9,13.9,500
2014-06-12,13.8,13.8,13.0,13.4,9500
2014-06-15,13.5,13.5,13.0,13.1,3500
2014-06-17,13.2,13.3,13.2,13.2,5000
2014-06-22,13.0,13.0,12.5,12.6,4000
2014-06-23,13.0,13.5,13.0,13.2,1000
2014-06-25,13.2,13.2,13.2,13.2,1000
2014-06-29,13.9,13.9,13.1,13.3,3500
2014-06-30,13.5,13.5,13.0,13.2,5500
2014-07-03,13.0,13.0,12.9,12.9,2000
2014-07-07,12.9,12.9,12.8,12.8,3500
2014-07-08,12.7,12.7,12.5,12.5,3500
2014-07-09,12.5,13.2,12.5,13.0,7500
2014-07-10,13.3,14.0,13.3,13.6,2500
2014-07-13,13.8,13.8,13.7,13.7,4000
2014-07-14,13.7,14.1,13.7,13.9,8500
2014-07-15,14.9,15.0,14.9,14.9,5000
2014-07-16,15.1,15.2,15.1,15.1,7000
2014-07-17,15.3,15.3,15.1,15.1,4000
2014-07-20,15.0,15.0,14.9,14.9,1000
2014-07-21,15.2,15.9,15.1,15.5,4500
2014-07-22,15.2,15.3,15.2,15.2,2500
2014-07-23,15.2,15.8,15.1,15.2,3000
2014-07-24,15.2,15.2,15.0,15.0,5500
2014-08-04,15.0,15.0,14.7,14.7,2000
2014-08-05,15.0,15.0,14.2,14.6,14000
2014-08-07,14.6,14.6,14.5,14.5,2500
2014-08-19,14.0,14.0,14.0,14.0,500
2014-08-20,14.0,14.0,12.7,12.8,5500
2014-08-21,13.9,13.9,12.0,12.4,15500
2014-08-24,12.5,12.5,12.3,12.3,7000
2014-08-25,12.1,12.1,12.0,12.0,22500
2014-08-26,11.9,12.1,11.9,11.9,14000
2014-08-27,12.1,12.1,11.6,11.7,19500
2014-08-28,12.8,12.8,12.8,12.8,6500
2014-08-31,12.2,12.2,11.8,12.0,3000
2014-09-01,12.0,12.0,12.0,12.0,9500
2014-09-02,13.1,13.1,12.0,12.1,10500
2014-09-03,12.1,12.6,12.1,12.2,10500
2014-09-04,12.2,12.9,12.2,12.8,12500
2014-09-07,13.0,13.8,13.0,13.6,12500
2014-09-09,13.0,13.3,12.3,12.8,11000
2014-09-10,12.8,12.8,12.7,12.7,5000
2014-09-11,12.9,13.0,12.9,12.9,5000
2014-09-14,13.0,13.5,13.0,13.1,6500
2014-09-15,12.8,12.8,12.8,12.8,1000
2014-09-16,12.8,12.8,12.4,12.6,2500
2014-09-17,12.2,12.5,12.2,12.2,7000
2014-09-18,13.0,13.0,12.0,12.3,7500
2014-09-21,12.4,12.4,12.4,12.4,3000
2014-09-22,13.6,13.6,12.6,13.0,7500
2014-09-23,13.3,13.6,13.3,13.5,22500
2014-09-24,13.4,14.2,13.4,13.8,5000
2014-09-28,13.7,15.1,13.7,14.7,13000
2014-09-29,15.0,15.0,13.5,14.5,3000
2014-09-30,13.4,13.5,13.4,13.4,3500
2014-10-01,13.4,13.4,13.4,13.4,0
2014-10-02,13.4,13.4,13.4,13.4,0
2014-10-12,13.1,14.6,13.1,14.2,4500
2014-10-14,13.2,14.4,13.2,13.4,31000
2014-10-15,13.5,13.9,13.5,13.6,10500
2014-10-16,13.9,13.9,13.9,13.9,1000
2014-10-19,13.5,13.5,13.5,13.5,2000
2014-10-20,13.5,13.5,13.3,13.3,5500
2014-10-21,13.4,13.4,13.2,13.3,4000
2014-10-23,13.5,13.5,12.4,12.6,8500
2014-10-26,13.3,13.3,12.5,12.9,4500
2014-10-27,13.0,13.0,13.0,13.0,4500
2014-10-28,12.8,12.8,12.8,12.8,1000
2014-10-29,14.0,14.0,13.1,13.5,1000
2014-10-30,14.5,14.5,13.1,13.7,18500
2014-11-02,13.3,13.3,12.4,13.0,22500
2014-11-03,13.1,13.1,11.8,12.1,29000
2014-11-05,12.2,13.0,12.0,12.1,5500
2014-11-06,13.0,13.3,13.0,13.2,6500
2014-11-09,13.2,13.5,13.1,13.1,8500
2014-11-10,12.4,12.8,12.3,12.6,9000
2014-11-12,13.0,13.0,13.0,13.0,5000
2014-11-13,13.5,13.5,12.1,12.6,25000
2014-11-18,12.7,12.7,12.5,12.5,3500
2014-11-19,12.6,12.6,12.6,12.6,5000
2014-11-20,12.3,13.0,12.0,12.5,10500
2014-11-24,12.9,12.9,12.4,12.6,2000
2014-11-25,12.6,13.2,12.6,12.9,11000
2014-11-26,13.1,13.1,13.1,13.1,1000
2014-11-27,13.1,13.1,13.1,13.1,500
2014-11-30,13.0,13.0,13.0,13.0,3500
2014-12-01,13.0,13.3,13.0,13.0,4500
2014-12-02,13.0,13.5,13.0,13.1,9000
2014-12-03,13.5,14.2,13.5,13.9,45500
2014-12-04,15.1,15.1,13.7,14.1,7500
2014-12-07,14.2,15.4,14.2,15.3,49500
2014-12-08,15.3,15.3,14.7,14.9,21500
2014-12-09,14.3,14.3,13.5,13.8,5000
2014-12-10,13.9,13.9,13.9,13.9,2000
2014-12-11,13.5,13.9,13.5,13.7,3447
2014-12-14,13.7,14.0,13.2,13.8,1380
2014-12-15,13.5,14.0,13.5,13.8,9343
2014-12-17,13.9,14.2,13.8,13.9,4850
2014-12-18,14.0,14.3,14.0,14.1,6200
2014-12-21,13.1,15.1,13.1,14.8,12600
2014-12-22,14.2,15.1,14.2,15.0,12450
2014-12-23,14.2,14.6,14.2,14.3,7605
2014-12-24,14.0,15.1,14.0,14.3,11440
2014-12-28,14.0,14.2,13.5,14.0,1390
2014-12-29,13.8,14.2,13.7,14.0,1043
2014-12-30,13.6,14.0,13.6,13.7,650
2015-01-01,13.8,14.5,13.8,13.9,1471
2015-01-05,13.7,13.7,13.5,13.6,2100
2015-01-06,13.5,14.0,13.5,13.6,1870
2015-01-07,14.0,14.0,13.6,13.8,3910
2015-01-08,13.8,13.8,13.8,13.8,1530
2015-01-11,13.9,13.9,13.9,13.9,350
2015-01-12,13.8,13.8,13.8,13.8,500
2015-01-13,13.7,14.0,13.7,14.0,890
2015-01-14,13.8,14.0,13.8,13.9,170
2015-01-15,14.5,14.6,14.2,14.5,11076
2015-01-18,13.1,14.4,13.1,14.2,850
2015-01-20,14.5,14.6,13.4,14.1,12700
2015-01-21,13.4,13.5,13.4,13.5,410
2015-01-22,13.1,13.8,13.1,13.5,6398
2015-01-25,13.4,13.5,13.4,13.4,444
2015-01-26,13.6,13.6,12.3,13.4,5380
2015-01-27,14.5,14.5,13.3,14.1,600
2015-01-28,12.9,13.5,12.9,13.1,3600
2015-01-29,13.9,13.9,13.5,13.8,15340
2015-02-01,13.1,14.0,13.1,13.6,3010
2015-02-02,14.0,14.4,13.3,14.0,7675
2015-02-03,14.4,14.8,13.8,14.5,5010
2015-02-04,14.8,15.0,14.0,14.8,9847
2015-02-05,16.0,16.0,14.5,14.5,2030
2015-02-08,14.3,14.7,14.3,14.4,2640
2015-02-09,13.7,13.7,13.7,13.7,50
2015-02-10,14.7,14.9,14.7,14.8,1835
2015-02-12,13.8,13.9,13.8,13.9,1060
2015-02-15,13.8,13.8,13.5,13.7,2310
2015-02-16,14.1,14.8,14.0,14.5,14295
2015-02-17,14.5,14.6,14.5,14.5,2015
2015-02-18,14.5,14.8,14.5,14.7,8500
2015-02-19,14.5,14.5,14.5,14.5,2000
2015-02-22,14.4,14.6,14.3,14.4,2100
2015-02-23,14.4,14.4,14.1,14.2,93
2015-02-24,14.2,14.2,14.2,14.2,740
2015-02-25,14.0,14.1,14.0,14.0,1530
2015-03-01,14.1,14.5,14.1,14.5,2770
2015-03-03,14.2,14.2,14.2,14.2,20
2015-03-04,14.0,14.0,13.9,14.0,3060
2015-03-08,13.8,13.8,13.8,13.8,300
2015-03-09,13.1,13.3,13.1,13.2,70
2015-03-10,12.9,13.0,12.9,12.9,520
2015-03-11,13.1,13.1,13.0,13.0,2306
2015-03-12,14.0,14.0,14.0,14.0,25
2015-03-16,13.5,13.5,12.6,13.4,1290
2015-03-18,13.0,13.0,13.0,13.0,100
2015-03-19,13.4,13.5,13.4,13.5,5254
2015-03-24,12.5,13.3,12.5,13.2,1100
2015-03-25,13.3,13.3,13.3,13.3,500
2015-03-29,13.1,13.2,12.6,12.9,2912
2015-03-30,12.5,12.5,12.5,12.5,100
2015-03-31,12.5,12.5,12.2,12.4,2050
2015-04-01,12.0,12.0,12.0,12.0,500
2015-04-02,12.5,12.5,12.5,12.5,300
2015-04-05,12.3,12.3,12.3,12.3,1020
2015-04-06,12.3,12.3,12.3,12.3,100
2015-04-07,11.9,11.9,11.2,11.9,5610
2015-04-08,11.5,11.5,11.5,11.5,20
2015-04-13,11.2,11.2,11.2,11.2,10
2015-04-15,11.9,11.9,11.9,11.9,830
2015-04-16,11.5,11.9,11.5,11.8,1235
2015-04-19,11.8,12.1,11.8,11.8,1450
2015-04-21,12.3,12.3,12.3,12.3,2020
2015-04-22,12.0,12.0,12.0,12.0,1090
2015-04-23,11.2,11.9,11.0,11.2,770
2015-04-26,11.0,12.1,11.0,11.7,150
2015-04-27,11.7,12.5,11.7,11.8,3700
2015-04-29,12.0,12.0,12.0,12.0,50
2015-04-30,12.0,12.0,11.7,11.8,3100
2015-05-04,7.3,12.0,7.3,11.6,11
2015-05-05,10.5,10.6,10.5,10.5,6201
2015-05-06,10.7,11.5,10.7,10.7,2360
2015-05-07,11.7,11.7,10.6,10.7,510
2015-05-10,11.7,11.7,11.7,11.7,90
2015-05-11,12.5,12.5,12.2,12.2,1152
2015-05-12,11.9,11.9,11.8,11.8,540
2015-05-13,12.2,12.2,12.0,12.1,200
2015-05-14,12.3,12.3,12.0,12.1,2480
2015-05-17,13.1,13.1,12.0,12.4,4025
2015-05-18,12.8,12.8,12.4,12.4,1020
2015-05-19,12.9,12.9,11.7,12.3,3618
2015-05-20,12.8,13.2,12.2,13.0,23797
2015-05-21,12.0,13.9,12.0,13.2,12345
2015-05-25,12.8,12.8,12.8,12.8,540
2015-05-26,13.0,13.1,13.0,13.0,2700
2015-05-27,12.0,12.0,12.0,12.0,2500
2015-05-28,11.1,11.1,11.1,11.1,1000
2015-05-31,12.2,12.2,12.1,12.1,280
2015-06-01,11.8,12.0,11.8,11.9,170
2015-06-02,11.9,12.0,11.7,11.8,10100
2015-06-04,11.7,11.7,11.0,11.2,8160
2015-06-07,11.5,11.5,11.0,11.4,743
2015-06-08,11.4,11.4,11.4,11.4,1000
2015-06-09,10.7,10.7,10.7,10.7,315
2015-06-10,10.7,11.6,10.7,11.3,1520
2015-06-14,12.0,12.0,12.0,12.0,1000
2015-06-15,12.4,12.4,12.3,12.4,300
2015-06-16,11.4,11.4,11.4,11.4,500
2015-06-17,11.1,11.2,11.1,11.2,595
2015-06-18,11.5,11.5,11.0,11.1,5220
2015-06-21,12.0,12.1,11.8,12.0,17200
2015-06-22,12.0,12.0,11.7,11.9,788
2015-06-23,12.2,12.2,11.9,12.1,3007
2015-06-24,12.7,13.0,12.6,13.0,7610
2015-06-25,12.1,12.1,12.1,12.1,650
2015-06-28,12.0,12.5,12.0,12.2,66
2015-06-29,11.9,13.0,11.9,12.7,3770
2015-06-30,13.1,13.5,12.7,13.2,2719
2015-07-02,13.1,13.1,11.9,12.4,2250
2015-07-05,13.6,13.6,12.3,12.3,1470
2015-07-06,12.1,12.1,12.1,12.1,2111
2015-07-07,12.2,12.5,12.2,12.3,11470
2015-07-08,12.4,13.0,12.3,12.8,3900
2015-07-09,12.6,12.9,12.6,12.8,3535
2015-07-12,13.0,13.1,13.0,13.0,2920
2015-07-13,12.6,13.3,12.6,13.2,2410
2015-07-14,12.5,13.5,12.5,13.4,5310
2015-07-21,13.4,13.8,13.4,13.5,11204
2015-07-22,13.6,13.8,13.6,13.7,3905
2015-07-23,14.4,14.4,14.1,14.3,9950
2015-07-26,13.7,14.0,13.7,13.9,6340
2015-07-27,13.3,13.3,13.3,13.3,650
2015-07-28,13.2,13.2,13.2,13.2,110
2015-07-29,13.2,13.4,13.2,13.4,2050
2015-07-30,13.6,13.6,13.5,13.6,810
2015-08-02,13.1,13.1,13.1,13.1,1050
2015-08-03,14.1,14.1,13.2,13.7,3050
2015-08-04,14.4,14.4,13.0,13.5,5850
2015-08-05,13.2,13.6,13.2,13.5,5350
2015-08-06,13.0,13.6,13.0,13.5,9720
2015-08-09,13.8,13.9,13.1,13.9,6410
2015-08-10,13.5,13.9,13.5,13.7,6085
2015-08-11,12.6,13.7,12.6,13.1,2100
2015-08-12,13.5,13.6,13.4,13.5,3050
2015-08-13,13.5,13.5,12.2,12.7,5960
2015-08-16,12.2,12.5,12.2,12.4,2430
2015-08-17,12.8,12.8,12.7,12.7,790
2015-08-18,13.0,13.0,13.0,13.0,1000
2015-08-20,12.1,13.1,12.1,12.7,2736
2015-08-23,12.0,12.0,12.0,12.0,50
2015-08-24,12.1,12.3,12.1,12.2,6402
2015-08-25,11.9,11.9,11.9,11.9,150
2015-08-26,12.0,12.1,12.0,12.1,120
2015-08-27,11.6,13.1,10.9,11.3,8245
2015-08-30,11.9,12.4,11.9,12.1,2500
2015-08-31,13.1,13.3,13.0,13.3,12548
2015-09-01,14.4,14.6,13.8,14.0,33893
2015-09-02,13.9,13.9,12.7,13.4,2032
2015-09-03,13.5,13.5,13.2,13.4,3318
2015-09-06,13.2,13.3,13.2,13.3,2400
2015-09-07,13.4,13.4,13.0,13.1,2500
2015-09-08,13.1,13.1,12.4,13.0,4100
2015-09-09,13.0,13.0,12.9,13.0,4950
2015-09-10,12.8,13.1,12.8,12.9,4600
2015-09-13,13.4,13.9,13.4,13.7,9270
2015-09-14,13.5,14.4,13.4,13.9,16333
2015-09-15,13.6,14.4,13.6,14.2,17270
2015-09-16,14.1,14.2,14.1,14.2,5620
2015-09-17,14.0,15.0,14.0,14.6,24321
2015-09-20,15.0,15.6,15.0,15.4,29674
2015-09-21,15.9,16.3,15.9,16.1,32170
2015-09-22,14.9,15.4,14.8,15.2,2878
2015-09-28,15.2,15.7,15.2,15.4,4130
2015-09-29,15.4,16.1,15.4,15.7,8739
2015-09-30,16.1,16.1,15.5,15.6,10260
2015-10-01,15.5,15.5,15.0,15.1,729
2015-10-04,15.1,15.1,13.8,14.9,8950
2015-10-05,14.7,14.7,13.5,14.0,8740
2015-10-06,13.6,14.3,13.5,13.9,2077
2015-10-07,14.0,14.0,13.6,13.7,6089
2015-10-08,15.0,15.0,14.3,14.8,571
2015-10-11,15.0,15.4,14.5,15.1,19497
2015-10-12,15.9,15.9,14.5,14.9,10501
2015-10-13,15.7,15.8,14.9,15.5,4850
2015-10-14,16.0,16.0,15.5,15.8,10092
2015-10-15,15.5,15.5,15.5,15.5,19000
2015-10-18,16.8,17.0,16.0,17.0,82308
2015-10-19,18.7,18.7,17.0,17.9,71850
2015-10-20,17.7,18.0,17.7,17.8,4770
2015-10-21,16.7,17.5,16.7,16.9,9400
2015-10-25,16.9,18.5,16.9,18.5,37825
2015-10-26,20.0,20.3,19.4,20.2,65421
2015-10-27,21.9,21.9,18.2,18.4,36590
2015-10-28,20.1,20.1,19.0,19.3,23871
2015-10-29,19.0,20.0,18.8,19.1,20902
2015-11-01,18.2,18.2,17.2,17.3,21137
2015-11-02,17.3,17.3,15.7,16.7,28560
2015-11-03,16.1,18.2,16.1,18.1,18935
2015-11-04,18.2,18.2,16.3,16.3,27032
2015-11-05,16.1,17.1,16.0,16.7,9933
2015-11-08,16.0,17.5,16.0,17.3,11417
2015-11-09,17.0,17.9,17.0,17.0,17700
2015-11-10,17.0,17.6,17.0,17.4,16100
2015-11-11,17.1,17.6,17.0,17.4,20108
2015-11-12,17.2,18.0,17.2,17.9,8653
2015-11-15,18.0,18.9,18.0,18.2,10945
2015-11-16,18.9,19.0,18.0,18.8,13620
2015-11-17,19.5,19.7,18.0,18.7,3395
2015-11-18,17.7,18.2,17.7,18.0,2620
2015-11-19,18.0,18.4,18.0,18.2,7343
2015-11-22,18.2,18.7,18.1,18.2,8240
2015-11-23,17.1,18.4,17.1,17.2,6106
2015-11-24,17.2,17.2,16.9,17.1,3100
2015-11-25,17.1,17.5,17.1,17.3,8206
2015-11-26,17.3,17.7,17.3,17.4,4520
2015-11-29,17.7,18.1,17.1,17.1,10720
2015-11-30,17.1,17.1,17.1,17.1,1500
2015-12-01,18.0,18.0,17.4,17.6,5300
2015-12-02,17.2,17.6,16.6,17.1,5850
2015-12-03,16.7,17.7,16.7,17.5,5850
2015-12-06,17.4,17.8,17.4,17.7,5000
2015-12-07,17.7,17.7,17.0,17.3,3720
2015-12-08,17.1,17.9,17.1,17.6,13143
2015-12-09,17.6,18.1,17.1,17.5,24655
2015-12-10,17.4,17.4,16.8,17.0,29565
2015-12-13,16.3,16.6,16.3,16.4,270
2015-12-14,16.0,17.3,16.0,16.9,3063
2015-12-15,17.2,17.2,16.9,17.1,1250
2015-12-17,16.0,17.5,16.0,16.6,3470
2015-12-20,17.7,17.7,17.7,17.7,130
2015-12-21,17.8,17.8,17.0,17.3,3400
2015-12-22,17.3,17.5,16.7,17.0,4905
2015-12-23,17.1,17.1,16.6,17.0,3650
2015-12-24,16.9,17.1,16.6,16.7,13410
2015-12-27,17.0,17.1,16.5,16.8,11915
2015-12-28,16.9,16.9,16.7,16.8,6100
2015-12-29,17.0,17.3,17.0,17.1,8840
2015-12-30,17.1,17.1,17.0,17.1,1300
2015-12-31,17.0,17.5,16.9,17.0,18270
2016-01-03,17.0,17.9,17.0,17.6,3460
2016-01-04,17.1,17.2,15.9,17.0,19900
2016-01-05,17.3,17.3,16.5,16.8,18179
2016-01-06,17.1,17.1,17.0,17.0,4505
2016-01-07,17.0,17.0,16.2,16.6,1535
2016-01-11,17.0,17.0,16.3,16.5,3635
2016-01-12,16.6,16.7,16.5,16.6,7500
2016-01-13,16.4,17.0,16.4,16.8,5276
2016-01-14,16.8,16.9,16.5,16.7,4765
2016-01-17,16.7,16.7,16.0,16.2,13336
2016-01-18,16.6,16.8,16.6,16.7,5400
2016-01-19,16.9,16.9,16.7,16.8,2980
2016-01-20,16.0,16.4,16.0,16.1,2395
2016-01-21,16.5,17.7,16.5,17.6,28330
2016-01-24,18.5,19.3,18.0,19.3,25490
2016-01-25,21.0,21.0,19.5,19.8,32500
2016-01-26,20.1,20.8,19.3,19.9,12000
2016-01-27,20.4,20.4,19.1,20.1,8860
2016-01-28,20.5,20.5,19.6,20.1,9800
2016-01-31,19.8,20.0,19.8,20.0,9120
2016-02-01,19.9,20.0,19.1,19.8,9847
2016-02-02,20.0,20.1,19.9,20.0,12700
2016-02-03,19.8,20.5,19.8,20.0,33610
2016-02-04,20.2,22.0,19.4,21.9,21915
2016-02-07,21.5,23.9,21.5,23.6,39165
2016-02-08,21.5,24.3,21.5,23.6,7150
2016-02-09,23.4,24.0,21.5,21.7,14150
2016-02-10,23.4,23.4,22.7,22.8,16140
2016-02-11,22.2,23.6,21.5,22.0,13346
2016-02-14,22.4,23.1,21.8,22.4,10853
2016-02-15,21.7,22.2,20.3,21.5,3968
2016-02-16,21.5,22.8,21.0,21.8,3070
2016-02-17,21.0,22.0,21.0,21.9,3150
2016-02-18,20.1,21.0,19.9,20.8,9021
2016-02-22,20.6,20.6,20.5,20.5,2550
2016-02-23,21.0,21.0,20.4,20.6,9599
2016-02-24,19.9,19.9,19.3,19.7,6308
2016-02-25,18.4,18.8,18.0,18.5,5020
2016-02-28,17.4,18.6,17.4,18.1,1458
2016-02-29,18.0,18.0,16.6,17.5,2236
2016-03-01,15.9,19.2,15.9,19.2,8650
2016-03-02,17.8,19.6,17.8,19.3,4995
2016-03-03,20.5,21.0,20.2,20.8,7800
2016-03-06,20.6,21.6,20.3,20.4,2750
2016-03-07,22.4,22.4,21.1,21.5,39390
2016-03-08,20.2,21.3,19.5,20.1,5582
2016-03-09,18.1,19.9,18.1,19.7,2840
2016-03-10,17.9,19.3,17.8,18.9,3340
2016-03-13,19.2,20.5,18.9,20.3,15640
2016-03-14,22.1,22.1,20.0,20.5,3800
2016-03-15,20.9,20.9,20.0,20.7,7250
2016-03-16,19.1,19.1,19.0,19.0,2189
2016-03-20,17.5,20.7,17.5,17.6,51
2016-03-21,16.2,17.6,16.2,17.2,11130
2016-03-22,17.2,18.4,17.2,18.0,16350
2016-03-23,16.6,18.5,16.6,18.2,13147
2016-03-24,18.4,18.4,18.2,18.3,11593
2016-03-27,16.5,18.3,16.5,18.1,2760
2016-03-28,17.0,18.2,17.0,18.0,4400
2016-03-29,18.5,19.0,18.2,18.8,4150
2016-03-30,17.2,18.4,17.2,18.0,640
2016-03-31,17.0,17.0,17.0,17.0,50
2016-04-03,18.7,18.7,18.5,18.5,2550
2016-04-04,18.7,19.2,18.7,18.9,3140
2016-04-05,18.7,19.0,18.7,18.8,3320
2016-04-06,19.3,19.5,18.7,19.0,4820
2016-04-07,19.5,19.5,18.4,18.7,11500
2016-04-10,18.2,18.8,18.2,18.5,16100
2016-04-11,18.5,19.4,18.5,18.7,1850
2016-04-12,18.9,19.2,17.2,17.9,60360
2016-04-13,19.2,19.5,19.1,19.3,3000
2016-04-17,19.0,19.3,19.0,19.2,5430
2016-04-18,19.3,19.6,19.1,19.3,5425
2016-04-19,19.4,21.2,19.4,21.0,28215
2016-04-20,21.0,21.9,21.0,21.0,8350
2016-04-21,20.5,21.1,19.5,20.5,3500
2016-04-24,20.5,21.0,20.5,20.9,2600
2016-04-25,20.5,20.7,20.1,20.4,4820
2016-04-26,20.7,20.7,19.0,20.0,3580
2016-04-27,19.0,19.0,18.0,18.3,13230
2016-04-28,19.0,19.0,18.0,18.2,2305
2016-05-02,17.0,18.7,17.0,17.3,3150
2016-05-03,16.6,18.4,16.6,18.2,5450
2016-05-04,18.9,19.3,18.5,18.7,5520
2016-05-05,20.3,20.3,18.2,19.2,4351
2016-05-08,21.1,21.1,21.1,21.1,39132
2016-05-09,23.2,23.2,23.2,23.2,22100
2016-05-10,25.5,25.5,23.4,25.5,98817
2016-05-11,25.8,28.0,25.8,28.0,43155
2016-05-12,30.0,30.8,26.0,26.5,53559
2016-05-15,28.0,28.0,23.9,24.3,19445
2016-05-16,24.0,25.3,23.3,23.4,8905
2016-05-17,24.8,24.8,24.0,24.0,6435
2016-05-18,24.9,24.9,24.0,24.2,3100
2016-05-19,24.3,25.0,23.6,24.5,8500
2016-05-22,23.3,24.4,23.3,24.0,3065
2016-05-24,24.0,25.0,24.0,24.5,6830
2016-05-25,25.0,25.0,24.3,24.8,650
2016-05-26,25.0,26.9,25.0,25.8,7000
2016-05-29,25.9,27.0,24.6,26.0,3885
2016-05-30,24.6,26.5,24.6,26.1,4370
2016-05-31,26.0,27.8,25.3,26.1,3847
2016-06-01,26.3,26.4,25.7,26.2,1750
2016-06-02,26.8,26.8,24.9,25.6,1442
2016-06-05,25.5,26.1,25.5,25.8,2260
2016-06-06,25.9,25.9,25.3,25.7,6250
2016-06-07,25.8,25.8,24.0,24.4,37700
2016-06-08,24.1,25.2,24.1,24.6,1880
2016-06-09,24.9,24.9,24.7,24.8,731
2016-06-12,25.1,25.8,22.6,24.9,1121
2016-06-13,25.4,25.4,24.1,24.7,5542
2016-06-14,24.2,25.7,23.2,24.4,1753
2016-06-15,24.2,24.2,22.4,23.5,2437
2016-06-16,24.0,25.8,24.0,24.7,12790
2016-06-19,24.7,26.6,24.7,25.6,3245
2016-06-20,25.6,25.6,24.7,25.1,1705
2016-06-21,25.0,25.7,24.2,24.8,2467
2016-06-22,25.0,25.4,24.9,25.1,3470
2016-06-23,25.0,25.0,24.8,24.9,2650
2016-06-26,24.0,25.0,24.0,24.4,6150
2016-06-27,24.5,24.9,24.2,24.7,1079
2016-06-28,24.3,24.6,24.0,24.1,4000
2016-06-29,24.3,25.5,24.2,24.3,3679
2016-06-30,24.9,25.3,24.8,24.9,1243
2016-07-10,25.0,25.5,24.6,24.9,2320
2016-07-11,24.6,25.5,24.6,24.7,1970
2016-07-12,24.2,25.8,24.2,25.4,3167
2016-07-13,25.5,26.2,24.9,25.4,2310
2016-07-14,24.6,25.4,24.2,24.6,7550
2016-07-16,24.0,25.3,24.0,24.8,495
2016-07-17,24.9,25.0,24.5,24.8,3200
2016-07-18,25.0,25.0,24.2,24.6,1795
2016-07-19,23.5,24.5,23.5,24.2,3505
2016-07-20,24.0,24.0,23.8,23.9,22806
2016-07-21,23.7,23.7,23.6,23.6,930
2016-07-24,23.6,23.7,23.6,23.6,1000
2016-07-25,23.7,24.0,23.6,23.9,9941
2016-07-26,23.8,23.8,23.5,23.8,16029
2016-07-27,23.9,24.3,23.8,24.1,2025
2016-07-28,24.1,24.2,23.6,23.9,2499
2016-07-31,23.5,24.0,23.5,23.7,617
2016-08-01,23.5,23.7,23.0,23.4,14869
2016-08-02,23.9,23.9,23.5,23.6,8549
2016-08-03,23.9,24.5,23.5,23.6,6180
2016-08-04,24.5,24.7,23.5,24.4,14285
2016-08-07,24.0,25.0,24.0,24.8,2100
2016-08-08,25.3,25.3,24.5,25.0,8665
2016-08-09,25.0,25.9,24.9,25.5,8150
2016-08-10,25.6,27.5,25.5,27.2,32710
2016-08-11,26.1,27.0,25.3,26.3,6110
2016-08-14,27.0,27.0,25.2,25.3,4965
2016-08-16,25.1,25.5,24.8,25.0,4973
2016-08-17,25.5,25.7,24.1,24.9,7200
2016-08-18,24.1,24.8,24.0,24.1,3580
2016-08-21,23.8,25.0,23.7,24.4,1600
2016-08-22,25.0,25.3,24.8,25.0,11529
2016-08-23,25.4,25.9,24.8,25.4,19880
2016-08-24,26.0,27.9,25.1,26.5,41350
2016-08-28,27.1,29.1,27.1,29.1,52306
2016-08-29,31.6,32.0,30.1,30.6,41751
2016-08-30,30.2,31.9,28.6,29.8,17027
2016-08-31,29.7,30.6,29.7,30.1,9684
2016-09-01,32.8,32.8,30.1,30.2,7464
2016-09-04,32.8,32.8,30.0,30.3,4938
2016-09-05,30.7,31.0,30.1,30.6,15838
2016-09-06,30.5,30.5,29.3,29.7,6760
2016-09-07,29.9,29.9,27.3,28.1,14873
2016-09-08,28.2,28.4,27.0,28.0,32191
2016-09-18,28.4,28.4,27.1,27.5,6404
2016-09-19,27.9,29.0,27.3,28.5,5429
2016-09-20,29.9,29.9,28.3,28.9,3050
2016-09-21,29.0,29.0,27.6,27.9,10850
2016-09-22,28.0,28.9,28.0,28.6,4980
2016-09-24,29.0,29.0,27.4,28.2,20691
2016-09-25,28.1,28.8,27.6,28.0,14410
2016-09-26,28.0,29.0,27.8,28.2,2900
2016-09-27,28.1,28.6,27.7,28.0,7349
2016-09-28,28.0,28.9,28.0,28.8,1200
2016-09-29,28.1,28.9,28.1,28.5,5831
2016-10-02,28.2,29.4,28.2,28.8,3350
2016-10-03,28.3,28.3,27.8,28.0,2000
2016-10-04,30.1,30.1,28.1,28.3,1370
2016-10-05,28.7,28.7,27.7,28.2,4010
2016-10-06,27.9,29.5,27.9,28.8,7585
2016-10-09,28.6,28.6,28.1,28.4,1750
2016-10-10,28.2,28.8,28.2,28.5,1181
2016-10-13,28.2,28.8,28.2,28.6,2250
2016-10-16,30.0,30.0,27.5,29.0,220
2016-10-17,28.1,29.5,27.5,27.6,4805
2016-10-18,27.2,27.9,27.1,27.6,11765
2016-10-19,27.2,28.2,27.2,27.9,905
2016-10-20,28.0,28.0,27.7,27.9,3820
2016-10-23,27.9,28.0,27.2,27.6,4870
2016-10-24,28.3,29.6,28.3,29.5,21115
2016-10-25,29.7,29.7,28.6,29.1,7240
2016-10-26,28.1,28.8,27.2,28.4,27390
2016-10-27,27.7,27.7,26.3,26.9,5500
2016-10-30,29.5,29.5,27.0,27.7,4340
2016-10-31,28.7,28.7,26.5,27.4,2003
2016-11-01,28.7,28.9,28.3,28.5,7621
2016-11-02,28.0,28.9,27.8,28.1,6868
2016-11-03,28.1,29.5,28.1,28.7,10695
2016-11-06,29.0,30.5,28.7,29.9,82553
2016-11-07,31.5,32.8,31.5,32.8,112565
2016-11-08,30.0,32.9,24.0,29.0,53723
2016-11-09,26.2,31.5,26.2,30.0,19140
2016-11-10,30.0,32.7,30.0,32.3,39780
2016-11-13,34.7,34.7,31.6,32.1,15000
2016-11-14,32.5,32.5,30.2,30.9,11260
2016-11-15,31.8,31.9,29.6,30.7,3350
2016-11-16,30.0,30.0,28.4,28.5,27235
2016-11-17,28.5,29.0,26.0,27.6,39542
2016-11-20,27.5,27.5,26.1,26.6,24450
2016-11-21,27.0,27.5,26.7,26.9,16441
2016-11-22,27.0,27.0,26.0,26.2,30760
2016-11-23,26.0,28.0,26.0,27.0,20241
2016-11-24,26.9,27.5,26.2,26.6,10510
2016-11-27,27.6,27.7,26.9,27.1,9966
2016-11-28,27.9,29.4,27.2,27.8,34199
2016-11-30,27.5,30.5,27.5,30.5,17995
2016-12-01,32.8,32.8,30.8,31.0,31250
2016-12-04,31.5,31.9,31.5,31.8,11640
2016-12-05,30.2,32.9,30.2,31.4,20271
2016-12-06,31.1,31.9,31.0,31.6,26450
2016-12-07,32.9,32.9,31.2,31.6,3278
2016-12-08,31.0,32.0,30.8,31.5,16365
2016-12-11,31.7,32.0,30.7,31.4,7685
2016-12-12,31.5,32.5,30.7,32.0,9930
2016-12-14,30.1,32.2,30.1,32.1,12955
2016-12-15,32.0,32.3,30.8,31.5,27340
2016-12-18,31.2,31.9,30.2,31.0,22500
2016-12-19,31.9,32.0,30.0,31.9,5850
2016-12-20,31.9,32.4,30.9,32.1,31102
2016-12-21,32.0,32.6,30.6,32.1,4010
2016-12-22,31.4,32.8,31.4,32.7,6000
2016-12-26,32.0,33.6,31.9,32.1,24225
2016-12-27,33.0,33.0,32.8,32.8,3500
2016-12-28,33.9,33.9,33.0,33.5,11788
2016-12-29,32.6,35.0,32.6,33.0,41330
2017-01-01,33.1,35.0,33.1,34.0,31960
2017-01-02,34.0,34.9,33.5,34.3,10630
2017-01-03,34.0,35.0,34.0,34.9,17600
2017-01-04,33.5,36.0,33.5,35.8,12361
2017-01-05,33.2,36.9,33.2,36.2,11780
2017-01-08,34.2,38.0,34.2,37.5,9625
2017-01-09,35.1,38.7,35.1,36.7,820
2017-01-10,37.1,40.0,37.1,39.2,129729
2017-01-11,37.7,40.5,37.7,39.9,27789
2017-01-12,36.2,43.8,36.2,43.6,67786
2017-01-15,46.0,47.3,44.4,46.7,23157
2017-01-16,46.0,46.5,43.0,43.6,26445
2017-01-17,45.4,45.9,44.0,45.4,6644
2017-01-18,45.0,45.9,44.0,45.7,13920
2017-01-19,45.0,45.8,43.5,45.0,8670
2017-01-22,43.6,46.5,43.6,44.6,1650
2017-01-23,44.6,45.8,43.9,44.4,8250
2017-01-24,44.1,44.1,43.9,44.0,6880
2017-01-25,44.1,44.7,40.0,40.8,11783
2017-01-26,43.1,43.1,39.6,42.9,15555
2017-01-29,41.3,42.0,39.6,41.1,4225
2017-01-30,40.0,42.8,40.0,41.8,2950
2017-01-31,40.9,40.9,38.1,39.3,13570
2017-02-01,37.5,41.1,37.5,40.7,335
2017-02-02,41.8,43.0,38.2,40.7,5365
2017-02-05,38.5,39.7,38.2,38.6,7601
2017-02-06,39.0,39.5,39.0,39.4,6020
2017-02-07,38.1,40.0,38.1,39.8,800
2017-02-08,38.6,40.0,36.1,38.5,2744
2017-02-09,42.0,42.0,38.1,39.3,1628
2017-02-12,41.9,42.1,39.1,40.2,2305
2017-02-13,42.6,42.6,39.0,39.4,5450
2017-02-14,41.9,41.9,38.2,38.5,3593
2017-02-15,39.0,42.3,38.7,41.8,5372
2017-02-16,40.0,41.8,38.9,40.3,2950
2017-02-19,40.1,40.1,39.8,40.0,3420
2017-02-20,38.1,38.2,38.1,38.2,619
2017-02-22,38.5,39.8,37.7,38.0,6215
2017-02-23,39.9,39.9,38.7,39.1,1875
2017-02-26,38.8,39.4,38.0,38.8,3511
2017-02-27,39.2,39.3,39.2,39.2,150
2017-02-28,38.1,38.9,38.0,38.3,4690
2017-03-01,38.5,38.5,38.0,38.1,5369
2017-03-02,38.6,38.6,38.1,38.3,2500
2017-03-05,38.4,39.9,38.4,38.4,2265
2017-03-06,38.5,38.5,38.5,38.5,100
2017-03-07,35.4,39.5,35.4,36.1,602
2017-03-08,37.0,38.9,36.3,36.8,2968
2017-03-09,36.6,36.9,36.5,36.8,3460
2017-03-12,36.7,37.9,36.7,36.7,9538
2017-03-13,36.8,37.8,36.6,37.1,893
2017-03-14,37.1,39.0,37.0,37.1,2070
2017-03-15,38.0,38.1,37.3,37.4,4200
2017-03-16,38.0,40.0,38.0,39.0,2336
2017-03-19,38.1,38.7,36.9,37.2,3208
2017-03-20,39.0,39.5,37.8,38.3,3010
2017-03-21,39.0,39.0,38.5,38.6,1250
2017-03-22,38.8,38.8,38.2,38.4,2275
2017-03-23,39.0,39.0,38.8,38.9,115
2017-03-27,37.5,37.8,37.5,37.7,250
2017-03-28,38.4,38.4,38.0,38.3,320
2017-03-29,38.5,38.5,36.0,36.3,2923
2017-03-30,36.4,36.6,36.4,36.6,202
2017-04-02,37.6,37.9,37.6,37.6,2935
2017-04-03,36.0,37.8,36.0,36.1,1070
2017-04-04,37.0,37.1,37.0,37.0,2650
2017-04-05,36.1,37.1,36.1,36.4,140
2017-04-06,37.1,37.1,36.3,36.4,3355
2017-04-09,37.0,37.0,36.3,36.8,1456
2017-04-10,37.0,37.0,36.8,36.9,165
2017-04-11,35.0,38.5,35.0,36.8,300
2017-04-12,38.4,38.4,36.8,37.4,2781
2017-04-13,37.5,38.5,37.0,37.6,3380
2017-04-16,38.8,38.8,38.8,38.8,30
2017-04-17,38.0,38.6,38.0,38.4,1930
2017-04-18,38.6,39.3,37.7,38.5,3691
2017-04-19,38.7,40.0,38.5,39.5,11991
2017-04-20,39.2,40.8,38.8,40.2,4275
2017-04-23,39.5,40.0,39.0,39.8,4300
2017-04-24,38.5,38.5,38.0,38.2,2645
2017-04-25,37.6,40.4,37.5,39.1,2100
2017-04-26,39.0,40.0,39.0,39.9,340
2017-04-27,40.0,40.1,38.0,38.9,3963
2017-04-30,40.7,40.7,38.7,39.0,2105
2017-05-02,40.5,42.9,40.5,42.9,36580
2017-05-03,45.0,46.9,44.0,44.3,24870
2017-05-04,43.0,43.5,43.0,43.1,578
2017-05-07,43.1,43.5,42.4,43.2,3362
2017-05-08,43.5,45.1,43.0,43.9,13729
2017-05-09,44.1,45.0,44.0,44.9,21942
2017-05-11,44.5,45.5,44.0,44.7,12370
2017-05-14,45.0,47.0,45.0,46.4,26533
2017-05-15,45.7,50.9,45.7,50.0,46768
2017-05-16,51.0,54.9,51.0,53.5,92446
2017-05-17,53.6,58.0,53.6,56.6,86805
2017-05-18,55.1,58.2,51.1,52.3,28998
2017-05-21,53.0,54.0,53.0,53.9,12167
2017-05-22,54.2,56.8,54.2,56.0,33868
2017-05-23,56.0,56.0,54.5,55.5,4067
2017-05-24,55.0,55.6,53.9,54.0,10663
2017-05-25,54.0,55.3,53.0,55.0,10479
2017-05-28,53.0,58.0,52.9,55.3,16297
2017-05-29,53.2,57.0,53.2,55.7,87104
2017-05-30,54.5,56.9,54.5,55.1,9049
2017-05-31,55.9,56.7,54.6,55.4,11654
2017-06-01,55.4,55.9,53.6,53.9,16047
2017-06-04,54.1,54.1,51.6,53.4,7769
2017-06-05,52.3,54.6,51.3,52.1,9722
2017-06-06,52.6,54.0,52.5,53.3,11118
2017-06-07,54.6,55.4,54.2,55.0,19295
2017-06-08,55.8,57.1,55.0,55.1,32264
2017-06-11,56.4,56.4,55.3,56.1,10071
2017-06-12,57.1,58.0,56.0,57.3,11256
2017-06-13,57.3,57.8,56.6,57.1,15270
2017-06-14,57.4,57.4,56.7,56.9,9685
2017-06-15,57.0,57.1,56.7,56.8,9515
2017-06-18,57.0,58.0,56.8,57.1,7395
2017-06-19,56.5,57.4,56.5,57.1,9378
2017-06-20,57.6,57.6,56.0,56.3,7360
2017-06-21,57.6,58.0,57.4,57.7,17497
2017-06-22,58.1,61.4,58.0,59.7,31274
2017-06-28,60.5,65.3,60.5,64.4,37724
2017-06-29,67.0,69.0,65.4,65.6,27964
2017-07-02,67.4,67.9,62.0,66.0,36846
2017-07-03,67.0,70.0,66.0,68.0,27987
2017-07-04,69.6,71.9,69.6,70.5,41420
2017-07-05,73.0,73.5,71.5,71.6,49557
2017-07-06,71.6,72.0,66.0,71.0,91119
2017-07-09,70.0,71.1,66.1,69.6,25490
2017-07-10,67.2,67.5,65.0,66.1,36026
2017-07-11,67.7,70.7,66.2,70.0,28374
2017-07-12,70.9,73.9,66.6,72.5,35509
2017-07-13,73.0,76.0,70.0,73.7,33988
2017-07-16,76.0,76.0,72.0,73.1,27409
2017-07-17,72.4,72.4,68.5,69.5,36515
2017-07-18,71.8,71.8,69.6,70.4,15721
2017-07-19,70.4,72.0,70.0,70.2,22658
2017-07-20,70.5,71.8,66.5,68.4,20136
2017-07-23,70.1,70.5,68.1,69.9,4563
2017-07-24,70.2,70.2,67.2,68.5,21012
2017-07-25,69.0,70.3,69.0,69.8,11970
2017-07-26,72.7,72.7,69.1,70.6,22517
2017-07-27,65.0,73.0,65.0,72.6,38259
2017-07-30,70.0,76.4,70.0,74.1,65526
2017-07-31,77.0,79.9,75.9,78.4,41423
2017-08-01,81.0,81.0,79.0,80.4,35558
2017-08-02,83.0,83.0,76.1,80.0,17364
2017-08-03,81.0,85.0,74.2,79.3,18844
2017-08-06,79.0,83.0,79.0,82.6,23716
2017-08-07,81.7,82.3,80.6,81.0,22828
2017-08-08,81.5,83.9,81.5,82.7,92689
2017-08-09,82.1,86.9,82.1,85.8,23666
2017-08-10,83.0,94.3,83.0,92.9,62790
2017-08-13,91.2,99.0,91.0,94.9,63199
2017-08-16,96.3,101.0,96.3,98.7,91021
2017-08-17,98.7,100.3,97.0,97.2,78402
2017-08-20,97.0,100.0,97.0,98.7,97858
2017-08-21,100.0,108.5,100.0,108.2,41278
2017-08-22,112.0,119.0,112.0,118.9,69206
2017-08-23,118.0,123.8,113.0,120.4,16905
2017-08-24,120.0,130.5,120.0,129.3,68745
2017-08-27,130.1,141.5,130.1,140.0,98043
2017-08-28,140.1,149.7,126.0,128.1,102066
2017-08-29,126.0,140.9,121.2,140.9,72404
2017-08-30,147.0,154.9,147.0,154.8,61581
2017-08-31,160.0,170.0,154.0,158.8,33702
2017-09-04,163.9,166.0,152.0,155.9,19812
2017-09-05,153.0,157.0,145.0,145.7,37768
2017-09-06,150.8,150.8,143.0,146.0,30593
2017-09-07,146.9,146.9,131.6,138.8,41295
2017-09-10,139.7,139.7,125.0,133.3,45920
2017-09-11,134.0,140.9,125.8,127.9,48755
2017-09-12,131.9,139.8,130.0,135.1,62775
2017-09-13,138.8,138.8,128.2,130.8,30377
2017-09-14,134.5,134.5,129.0,130.7,39942
2017-09-17,132.2,139.0,132.2,136.5,24936
2017-09-18,139.7,139.7,136.0,137.8,17193
2017-09-19,137.9,142.0,136.0,136.9,34438
2017-09-20,139.0,140.0,131.0,135.4,25177
2017-09-21,134.4,137.6,125.0,125.9,34170
2017-09-24,131.6,131.6,120.2,122.2,17167
2017-09-25,125.8,132.0,125.0,127.3,43869
2017-09-26,129.9,137.8,129.9,132.5,31384
2017-09-27,135.8,136.9,128.0,129.1,17136
2017-09-28,130.2,132.5,121.5,123.7,15092
2017-10-02,125.1,126.8,113.0,119.1,11017
2017-10-03,122.2,122.2,118.4,121.0,11849
2017-10-04,124.9,128.4,121.2,125.3,10507
2017-10-05,129.7,131.9,125.0,125.8,22790
2017-10-08,130.0,130.0,125.9,128.6,14141
2017-10-09,128.6,132.8,120.2,124.5,16552
2017-10-10,125.0,133.8,125.0,131.8,68852
2017-10-11,132.0,142.0,132.0,137.5,88235
2017-10-12,140.0,144.9,138.0,138.8,41891
2017-10-15,140.0,141.9,130.0,132.9,31763
2017-10-16,136.6,136.6,127.0,130.4,5195
2017-10-17,133.8,133.8,128.5,129.8,10421
2017-10-18,130.1,136.9,129.0,132.3,36266
2017-10-19,133.9,137.9,131.2,133.7,23300
2017-10-22,137.8,137.8,128.6,129.2,13302
2017-10-23,133.0,133.0,126.7,127.4,11128
2017-10-24,126.3,126.3,114.7,114.7,33226
2017-10-25,104.1,115.0,103.3,109.1,41832
2017-10-26,110.8,119.0,106.3,115.1,29504
2017-10-29,118.8,122.8,103.6,103.8,64858
2017-10-30,101.0,103.0,93.5,98.0,71592
2017-10-31,102.0,141.0,98.0,115.8,117173
2017-11-01,117.9,124.4,112.0,117.1,43128
2017-11-02,119.5,119.5,112.0,113.4,22414
2017-11-05,115.7,118.5,110.0,110.9,13526
2017-11-06,111.7,112.7,105.0,107.1,14806
2017-11-07,109.8,112.8,108.1,112.3,21899
2017-11-08,114.8,123.0,113.0,115.7,46765
2017-11-09,117.0,123.4,115.5,122.8,62878
2017-11-12,125.0,127.9,119.0,120.3,74632
2017-11-13,117.2,126.0,117.2,125.2,105183
2017-11-14,128.0,131.9,125.6,129.5,117060
2017-11-15,129.7,130.0,122.0,124.4,152166
2017-11-16,124.4,129.7,123.9,124.6,107218
2017-11-19,124.6,127.5,123.1,124.3,72218
2017-11-20,124.5,125.3,120.1,122.9,92775
2017-11-22,130.0,130.0,121.1,121.8,44699
2017-11-23,124.0,124.0,118.6,119.5,20549
2017-11-26,120.5,122.9,117.8,119.3,44375
2017-11-27,121.0,121.9,107.8,117.1,27944
2017-11-28,121.7,121.7,117.4,120.4,28730
2017-11-29,124.6,128.0,120.5,121.6,26128
2017-11-30,122.0,125.8,122.0,124.7,33311
2017-12-03,127.4,128.6,125.2,128.3,19778
2017-12-04,129.9,135.2,129.9,134.8,38444
2017-12-05,136.5,137.0,134.0,136.4,23035
2017-12-06,138.0,142.5,136.7,141.6,28720
2017-12-07,141.8,144.9,141.7,143.5,29367
2017-12-10,143.6,144.7,140.0,142.7,22915
2017-12-11,142.9,145.0,140.0,143.2,27592
2017-12-12,144.0,151.0,143.1,150.4,68844
2017-12-13,150.4,154.5,142.9,144.1,45210
2017-12-14,144.4,145.8,140.1,141.1,30984
2017-12-17,141.0,147.5,141.0,144.1,34729
2017-12-18,144.0,148.0,141.0,141.9,29320
2017-12-19,142.1,143.0,136.0,138.3,37208
2017-12-20,138.0,138.0,130.0,132.2,21151
2017-12-21,130.4,134.0,127.2,129.3,38436
2017-12-24,130.8,130.8,122.1,125.6,20366
2017-12-26,129.4,129.4,126.7,127.6,6714
2017-12-27,129.4,129.9,125.1,125.4,13096
2017-12-28,130.9,130.9,127.0,129.9,7493
2018-01-01,130.7,142.6,130.7,141.0,21483
2018-01-02,145.0,147.0,144.1,146.6,11391
2018-01-03,148.9,148.9,138.0,138.2,13754
2018-01-04,136.3,139.5,133.5,135.5,17291
2018-01-07,138.5,138.5,135.7,137.8,17224
2018-01-08,138.5,138.5,136.1,137.5,14981
2018-01-09,138.5,141.7,137.8,138.2,15132
2018-01-10,144.0,145.0,139.2,141.3,31324
2018-01-11,143.0,145.5,140.1,143.3,22570
2018-01-14,144.9,148.0,143.0,143.9,28853
2018-01-15,146.5,146.5,138.0,139.6,21833
2018-01-16,140.0,142.0,139.6,140.8,13778
2018-01-17,140.1,142.3,138.9,139.9,16389
2018-01-18,141.0,143.0,137.5,139.0,25635
2018-01-21,140.0,144.0,139.1,142.6,24724
2018-01-22,143.0,144.9,140.3,140.6,31133
2018-01-23,142.0,143.7,137.7,138.7,31657
2018-01-24,140.1,141.8,138.3,138.9,7518
2018-01-25,140.0,140.0,138.6,139.3,8489
2018-01-28,140.0,140.0,135.8,136.5,9690
2018-01-29,140.6,140.6,137.0,139.7,10627
2018-01-30,142.0,145.0,135.2,136.0,23816
2018-01-31,133.7,140.0,133.3,134.9,21873
2018-02-01,134.9,143.9,134.9,140.3,16372
2018-02-04,141.8,142.0,137.2,137.6,20670
2018-02-05,138.8,139.9,137.7,138.6,21354
2018-02-06,140.0,140.0,134.1,136.8,13207
2018-02-07,141.9,141.9,135.0,135.6,18303
2018-02-08,139.0,139.5,136.0,138.1,4802
2018-02-11,140.0,142.5,140.0,142.2,17297
2018-02-12,141.0,143.0,140.0,142.7,20683
2018-02-13,143.7,143.7,142.4,143.1,17376
2018-02-14,144.6,144.9,142.8,143.1,26804
2018-02-15,144.0,144.0,137.0,142.2,20969
2018-02-18,143.1,144.8,142.2,142.7,32254
2018-02-19,149.8,149.8,143.3,145.1,23376
2018-02-20,145.2,148.0,145.2,147.3,26988
2018-02-22,148.7,154.4,148.7,152.6,34332
2018-02-25,159.9,167.8,155.4,167.8,68073
2018-02-26,171.3,173.4,160.4,165.2,29677
2018-02-27,166.0,168.0,162.0,162.6,8859
2018-02-28,164.5,164.5,158.0,160.4,13836
2018-03-01,160.9,164.3,160.9,164.2,11450
2018-03-04,165.0,179.9,165.0,167.7,32415
2018-03-05,173.0,173.0,168.2,169.8,14216
2018-03-06,170.2,174.9,168.0,169.6,15179
2018-03-07,170.6,170.6,163.0,165.3,11009
2018-03-08,162.2,168.0,160.1,165.1,7238
2018-03-11,169.5,169.5,157.0,158.8,13036
2018-03-12,159.9,159.9,151.2,153.1,11323
2018-03-13,154.0,154.0,139.0,142.0,12892
2018-03-14,142.0,152.5,141.0,147.8,15577
2018-03-15,154.9,156.8,148.0,155.1,6530
2018-03-18,160.0,160.0,148.0,148.9,13101
2018-03-19,152.9,153.0,145.0,147.0,5813
2018-03-20,147.0,148.0,141.0,142.7,7596
2018-03-21,148.5,148.5,142.7,143.1,2304
2018-03-22,144.0,147.9,137.2,142.2,8255
2018-03-25,152.0,155.0,142.2,142.9,3914
2018-03-27,142.0,144.9,139.6,140.3,13351
2018-03-28,140.5,142.8,138.6,139.0,4029
2018-03-29,142.5,145.0,138.1,142.9,11515
2018-04-01,151.5,151.5,146.0,147.8,5061
2018-04-02,146.1,150.0,145.0,146.3,6469
2018-04-03,145.3,149.7,138.1,142.8,15752
2018-04-04,147.1,147.1,143.0,143.7,8262
2018-04-05,146.0,147.9,143.9,144.9,8591
2018-04-08,146.0,146.6,144.0,145.3,8774
2018-04-09,145.3,147.0,145.0,146.8,3874
2018-04-10,146.5,152.8,146.0,152.5,10503
2018-04-11,150.3,159.8,150.2,158.2,22501
2018-04-12,157.0,164.8,154.2,161.1,16009
2018-04-15,160.0,163.0,157.5,160.2,7631
2018-04-16,161.9,162.4,155.9,156.6,13890
2018-04-17,160.0,170.0,151.9,164.0,46548
2018-04-18,170.0,174.0,165.0,170.2,38641
2018-04-19,171.0,171.0,164.1,168.6,8060
2018-04-22,173.5,185.4,173.5,184.8,71161
2018-04-23,190.0,193.9,185.0,192.9,27464
2018-04-24,190.0,195.0,185.5,189.3,14486
2018-04-25,191.9,198.5,186.3,189.3,16642
2018-04-26,190.0,193.0,186.1,188.0,17707
2018-04-30,191.0,191.0,172.0,173.5,13806
2018-05-03,185.0,185.0,174.8,176.1,13048
2018-05-06,190.0,190.0,162.1,169.5,10220
2018-05-07,169.2,175.0,162.4,168.3,7138
2018-05-08,169.8,169.8,164.1,164.7,13311
2018-05-09,169.0,169.9,166.1,167.5,1802
2018-05-10,172.3,172.3,167.1,168.4,5086
2018-05-13,181.9,181.9,162.0,163.1,9332
2018-05-14,164.0,168.4,160.6,163.7,4217
2018-05-15,169.7,174.0,165.0,172.0,3918
2018-05-16,176.8,178.9,170.3,178.5,13465
2018-05-17,178.6,181.8,171.9,172.0,5669
2018-05-20,175.0,180.0,168.5,171.2,5121
2018-05-21,170.0,175.0,170.0,173.4,5101
2018-05-22,177.0,177.0,171.2,173.0,8176
2018-05-23,176.5,176.7,171.1,172.4,6637
2018-05-24,175.5,175.5,166.0,167.3,7252
2018-05-27,167.6,173.9,160.2,164.9,5276
2018-05-28,168.0,169.0,160.6,162.0,7235
2018-05-29,163.0,168.9,160.3,164.7,9189
2018-05-30,173.7,174.4,170.1,172.5,9826
2018-05-31,173.1,178.9,171.0,178.3,7055
2018-06-03,182.0,184.0,177.0,180.7,16034
2018-06-04,182.0,188.0,180.1,186.5,14280
2018-06-05,190.9,190.9,186.0,189.5,17607
2018-06-06,193.0,205.0,186.0,202.0,31540
2018-06-07,200.0,202.0,192.0,195.3,14479
2018-06-10,198.8,208.0,198.8,204.2,26433
2018-06-11,222.0,222.0,206.3,209.8,79827
2018-06-12,215.8,215.8,204.1,209.8,20201
2018-06-18,214.0,214.0,209.0,210.2,8527
2018-06-19,215.0,225.0,214.5,223.4,13760
2018-06-20,222.9,226.9,220.0,224.9,14961
2018-06-21,229.9,237.0,229.9,233.2,17521
2018-06-24,235.0,246.0,215.0,221.5,21011
2018-06-25,227.0,234.0,217.0,218.8,31384
2018-06-26,236.0,236.0,218.0,219.7,10100
2018-06-27,218.0,228.8,214.3,216.7,8316
2018-06-28,215.1,217.7,205.2,210.1,24729
2018-07-02,208.1,227.9,208.1,221.0,22717
2018-07-03,221.0,227.0,212.3,219.4,33908
2018-07-04,220.0,225.7,215.3,219.5,22253
2018-07-05,224.0,224.0,205.1,208.0,12385
2018-07-08,210.0,210.0,199.0,201.1,14272
2018-07-09,200.1,207.0,198.5,203.0,5242
2018-07-10,207.9,219.9,207.0,213.8,8669
2018-07-11,217.8,217.9,205.0,207.2,8136
2018-07-12,212.0,216.0,207.5,211.1,7346
2018-07-15,211.5,211.5,200.0,203.5,15761
2018-07-16,206.9,209.9,203.0,205.7,7156
2018-07-17,212.0,215.0,200.0,207.8,14467
2018-07-18,211.0,211.0,202.3,203.1,18908
2018-07-19,186.1,204.0,185.4,197.9,55472
2018-07-22,195.0,214.9,186.0,190.9,20963
2018-07-23,190.9,195.5,180.0,183.3,23866
2018-07-24,188.5,187.0,170.1,180.5,32107
2018-07-25,188.5,198.5,184.1,190.9,14344
2018-07-26,196.0,196.4,186.1,187.3,4867
2018-07-29,204.5,204.5,186.1,187.4,2917
2018-07-30,196.9,196.9,189.5,190.5,8723
2018-07-31,190.1,193.8,187.9,188.1,11514
2018-08-01,192.0,195.8,188.0,189.4,6728
2018-08-02,199.8,199.8,188.1,188.5,8161
2018-08-05,191.0,192.8,185.0,185.5,2909
2018-08-06,186.0,189.7,182.0,183.8,3451
2018-08-07,190.0,194.2,166.0,173.4,13288
2018-08-08,173.4,174.9,156.1,162.4,22203
2018-08-09,160.0,178.6,160.0,177.3,21913
2018-08-12,187.8,187.8,171.2,178.0,12469
2018-08-13,179.0,180.0,165.0,167.6,7118
2018-08-14,166.1,172.5,165.0,169.5,5205
2018-08-16,177.0,177.0,168.0,173.5,8055
2018-08-19,164.0,169.0,156.5,156.9,22377
2018-08-20,171.0,172.5,170.0,172.5,46843
2018-08-26,180.0,189.7,180.0,189.7,36738
2018-08-27,200.0,208.6,194.2,207.6,58190
2018-08-28,214.9,216.9,198.1,205.6,75670
2018-08-29,210.0,210.0,199.0,200.5,40536
2018-08-30,197.0,202.3,185.2,197.2,49172
2018-09-03,199.9,207.3,197.0,206.1,47615
2018-09-04,208.5,208.5,196.3,197.5,17461
2018-09-05,203.0,203.0,192.9,194.9,12690
2018-09-06,195.0,195.0,187.8,188.1,12598
2018-09-09,190.0,197.0,185.0,191.5,29177
2018-09-10,195.6,202.0,193.4,194.2,28020
2018-09-11,194.1,195.5,191.4,192.1,20784
2018-09-12,197.8,197.8,192.6,194.5,13155
2018-09-13,198.7,203.9,195.0,199.5,30348
2018-09-16,200.3,200.3,192.6,195.1,34026
2018-09-17,192.6,196.5,185.9,188.2,21759
2018-09-18,193.7,193.7,178.3,180.3,21750
2018-09-23,182.9,182.9,170.5,174.0,29989
2018-09-24,180.0,180.0,175.1,178.4,12188
2018-09-25,180.0,186.9,179.0,181.3,12835
2018-09-26,184.0,185.0,177.0,180.1,20368
2018-09-27,180.0,181.0,175.0,177.3,13196
2018-09-30,180.0,183.9,177.5,180.9,15016
2018-10-01,181.1,190.6,181.1,184.8,31980
2018-10-02,188.5,189.1,180.3,181.2,17910
2018-10-03,184.3,184.3,178.9,179.7,14767
2018-10-04,180.9,181.8,176.0,177.4,24813
2018-10-07,180.7,180.7,177.2,178.3,13065
2018-10-08,182.4,182.4,178.1,178.5,15258
2018-10-09,180.0,180.0,176.2,177.7,13571
2018-10-10,183.5,183.5,175.0,175.7,16172
2018-10-11,176.0,177.7,172.8,174.0,9867
2018-10-14,174.0,177.0,171.8,174.8,13054
2018-10-15,176.5,180.0,174.0,177.3,16195
2018-10-16,179.5,180.5,176.4,177.3,12613
2018-10-17,179.9,195.0,179.9,195.0,25966
2018-10-18,210.0,214.0,192.5,195.0,82246
2018-10-21,198.0,198.0,190.2,194.1,42545
2018-10-22,196.0,209.8,194.6,208.2,100696
2018-10-23,210.0,214.8,197.6,204.8,122333
2018-10-24,205.0,205.7,188.0,191.5,109448
2018-10-25,180.5,193.7,180.5,188.5,58028
2018-10-28,189.1,189.1,176.6,178.0,36349
2018-10-29,176.0,184.7,175.7,178.7,32727
2018-10-30,178.8,183.8,178.1,179.1,50508
2018-10-31,182.4,182.4,177.0,178.1,33761
2018-11-01,177.3,180.3,177.2,178.4,25896
2018-11-04,181.0,181.0,175.7,176.3,32117
2018-11-05,175.5,186.9,173.3,182.8,96098
2018-11-06,185.0,189.9,184.1,185.1,43213
2018-11-07,188.9,188.9,179.4,180.2,28128
2018-11-08,183.0,191.5,181.6,189.9,41059
2018-11-11,193.0,204.4,193.0,194.9,43209
2018-11-12,195.0,196.9,190.4,191.7,31482
2018-11-13,193.1,196.1,191.0,193.2,39112
2018-11-14,195.0,201.9,190.6,191.9,56909
2018-11-18,192.0,193.0,179.0,183.0,89413
2018-11-19,185.4,188.5,171.0,174.4,71993
2018-11-20,174.0,182.1,174.0,176.6,30041
2018-11-22,180.4,181.9,176.0,180.2,21235
2018-11-25,182.2,185.8,182.0,184.0,33607
2018-11-26,187.7,189.5,185.0,188.3,27123
2018-11-27,188.3,194.3,181.0,184.0,45480
2018-11-28,182.1,185.9,179.7,180.3,19582
2018-11-29,184.9,185.0,175.1,177.4,10826
2018-12-02,181.2,181.3,175.9,177.7,11435
2018-12-03,181.9,186.0,178.3,184.6,14871
2018-12-04,186.0,187.7,182.1,182.8,15927
2018-12-05,183.0,185.9,178.0,178.6,23249
2018-12-06,180.0,180.7,177.0,178.5,16301
2018-12-09,180.9,188.0,180.9,185.9,37793
2018-12-10,186.0,186.0,177.0,180.6,27314
2018-12-11,182.0,183.7,176.8,177.5,22910
2018-12-12,181.8,184.0,178.0,181.5,29876
2018-12-13,184.5,184.5,181.3,181.5,17886
2018-12-17,183.7,183.7,177.1,177.4,10823
2018-12-18,178.9,180.8,177.0,179.7,12023
2018-12-19,181.0,182.8,180.0,181.0,14474
2018-12-20,182.0,182.0,177.1,177.5,31027
2018-12-23,178.7,180.9,177.5,178.1,9165
2018-12-24,180.5,180.9,178.4,180.3,10002
2018-12-26,180.9,183.1,179.1,181.9,14043
2018-12-27,183.6,185.0,180.6,182.7,22784
2019-01-01,185.0,185.0,182.0,183.5,9047
2019-01-02,183.1,189.6,183.1,187.9,46242
2019-01-03,190.0,192.8,186.2,187.0,39446
2019-01-06,189.8,191.0,186.0,188.3,47446
2019-01-07,188.1,189.5,185.1,185.9,31803
2019-01-08,186.7,194.0,186.7,190.5,55029
2019-01-09,193.5,201.0,193.5,197.6,48588
2019-01-10,200.8,204.9,198.0,200.8,53741
2019-01-13,203.8,218.3,203.8,218.3,142940
2019-01-14,224.6,235.0,215.1,219.9,199984
2019-01-15,216.3,232.9,212.0,227.1,129585
2019-01-16,230.9,236.0,224.5,226.0,110278
2019-01-17,226.0,230.9,222.4,224.3,59541
2019-01-20,227.8,227.8,223.1,224.5,70027
2019-01-21,227.8,233.8,222.0,223.9,57837
2019-01-22,227.0,243.4,227.0,242.3,175158
2019-01-23,241.2,249.0,233.3,234.9,90784
2019-01-24,236.7,240.0,228.3,229.9,70104
2019-01-27,231.8,231.8,209.8,210.7,85524
2019-01-28,207.0,219.0,195.6,215.8,76307
2019-01-29,218.0,220.0,209.0,211.9,45233
2019-01-30,210.3,213.9,203.0,205.3,62681
2019-01-31,207.8,215.0,206.0,213.3,39484
2019-02-03,216.5,219.0,205.5,206.8,50861
2019-02-04,209.9,209.9,203.0,204.7,24720
2019-02-05,206.0,207.8,203.0,206.4,16659
2019-02-06,208.9,210.5,205.0,206.5,20391
2019-02-07,206.5,218.5,206.5,215.4,54604
2019-02-10,218.0,220.0,208.0,211.0,44593
2019-02-11,212.0,213.5,204.0,206.7,30232
2019-02-12,209.3,209.3,202.0,203.1,37227
2019-02-13,204.2,213.6,204.0,208.9,32238
2019-02-14,208.9,210.0,201.0,202.0,37422
2019-02-17,200.2,202.8,195.0,195.6,37086
2019-02-18,197.0,197.9,195.0,195.7,17572
2019-02-19,195.8,196.1,191.1,192.4,27336
2019-02-20,192.0,194.1,189.4,190.4,18719
2019-02-24,190.4,193.0,187.0,191.8,30074
2019-02-25,193.0,203.0,192.0,201.5,59403
2019-02-26,203.8,205.0,193.6,194.4,38300
2019-02-27,194.0,196.9,192.5,193.6,24034
2019-03-03,195.7,203.4,195.0,199.8,31176
2019-03-04,201.2,210.0,201.0,206.9,68046
2019-03-05,208.8,209.0,198.6,199.8,26688
2019-03-06,197.2,206.4,197.2,199.5,42080
2019-03-07,202.7,203.9,198.5,199.2,13629
2019-03-10,199.5,202.5,198.4,198.9,16976
2019-03-11,199.0,199.3,195.0,196.1,17396
2019-03-12,198.9,212.0,198.0,203.0,99365
2019-03-13,206.0,220.7,206.0,220.7,176388
2019-03-14,217.0,225.4,215.1,219.1,103385
2019-03-18,220.8,220.8,205.0,210.2,50857
2019-03-19,212.5,218.3,206.0,212.7,38843
2019-03-20,212.7,217.2,208.7,211.9,61536
2019-03-21,213.8,218.0,210.7,216.5,51001
2019-03-24,219.0,235.3,218.5,232.1,117114
2019-03-25,235.8,238.0,222.1,224.7,70165
2019-03-27,225.0,237.9,220.7,231.3,116823
2019-03-28,235.0,236.9,230.6,234.1,83057
2019-03-31,237.0,245.0,236.8,239.7,142513
2019-04-01,239.7,243.6,234.0,235.2,70177
2019-04-02,238.8,238.8,230.0,230.8,60817
2019-04-03,231.1,238.4,229.3,234.5,64782
2019-04-04,237.5,245.0,236.1,243.2,98892
2019-04-07,244.9,247.0,238.2,241.7,55259
2019-04-08,241.1,245.5,238.5,242.0,79192
2019-04-09,244.0,262.7,241.2,256.3,144001
2019-04-10,259.0,263.3,253.6,256.0,125801
2019-04-11,257.5,258.0,252.0,254.0,85802
2019-04-15,256.6,256.7,231.8,235.7,122347
2019-04-16,235.0,241.9,220.0,235.8,132807
2019-04-17,239.6,242.3,234.0,236.4,89544
2019-04-18,234.5,245.9,234.5,243.3,80450
2019-04-21,247.8,250.0,240.8,245.1,75753
2019-04-23,245.7,247.0,233.2,234.5,100325
2019-04-24,232.3,235.3,223.1,225.2,96474
2019-04-25,225.2,226.0,217.8,220.5,98502
2019-04-28,223.9,229.0,218.8,223.7,83073
2019-04-29,218.2,224.9,212.3,222.4,67276
2019-04-30,223.2,233.0,223.2,227.1,84080
2019-05-02,230.0,238.9,228.5,237.5,79861
2019-05-05,240.0,247.0,240.0,242.0,111746
2019-05-06,245.0,259.7,241.2,256.5,182806
2019-05-07,265.0,266.9,239.3,241.4,184354
2019-05-08,241.4,243.9,233.5,240.7,83182
2019-05-09,242.0,245.0,240.0,241.7,55369
2019-05-12,244.9,246.0,232.0,233.5,62984
2019-05-13,236.9,236.9,230.1,233.4,31256
2019-05-14,235.5,237.9,232.0,236.5,29034
2019-05-15,238.8,239.2,235.0,235.8,14421
2019-05-16,237.4,237.8,233.1,233.8,34087
2019-05-19,235.8,235.8,228.6,230.2,29795
2019-05-20,233.2,233.2,220.0,223.0,38147
2019-05-21,221.1,227.0,217.5,223.3,40062
2019-05-22,223.9,226.5,220.8,223.5,36478
2019-05-23,224.5,225.3,219.0,220.3,45454
2019-05-26,219.2,221.8,213.0,214.4,38328
2019-05-27,215.0,225.0,215.0,223.3,53269
2019-05-28,227.0,229.0,223.0,226.3,43017
2019-05-29,228.8,228.9,223.0,226.1,37155
2019-05-30,223.5,227.7,222.0,224.3,26558
2019-06-09,225.0,225.0,215.5,216.1,59130
2019-06-10,217.9,222.5,215.0,220.0,52116
2019-06-11,223.0,233.5,223.0,230.7,114735
2019-06-12,234.9,234.9,225.2,226.9,84594
2019-06-13,226.5,226.5,221.6,222.7,47258
2019-06-16,228.0,228.0,218.5,219.5,64545
2019-06-17,219.6,224.5,217.0,219.2,33752
2019-06-18,220.5,220.5,216.1,216.9,37689
2019-06-19,215.0,222.0,215.0,220.1,32289
2019-06-20,220.2,220.5,215.8,216.1,25892
2019-06-23,215.0,218.2,212.0,215.1,15755
2019-06-24,215.1,217.7,214.2,214.6,11818
2019-06-25,214.5,218.9,213.0,217.3,33819
2019-06-26,215.2,218.9,215.0,215.9,17299
2019-06-27,217.7,217.8,213.6,214.2,33154
2019-06-30,214.0,216.8,210.5,211.5,29339
2019-07-02,211.3,212.3,204.0,206.0,30555
2019-07-03,205.8,208.2,196.9,197.3,21216
2019-07-04,199.9,199.9,190.4,193.1,36767
2019-07-07,193.7,195.8,190.0,190.4,31032
2019-07-08,190.0,192.4,180.2,181.5,59697
2019-07-09,185.0,187.4,183.1,186.3,47152
2019-07-10,184.2,187.7,180.0,180.6,42568
2019-07-11,182.8,182.8,175.4,177.4,21243
2019-07-14,182.0,182.1,178.0,178.6,14865
2019-07-15,177.2,181.0,175.0,176.0,11505
2019-07-16,180.0,180.0,176.0,178.5,5120
2019-07-17,179.0,180.1,174.4,175.9,19868
2019-07-18,175.2,177.0,163.5,164.7,40927
2019-07-21,162.1,164.0,148.3,148.5,79230
2019-07-22,146.1,158.0,133.8,149.0,85555
2019-07-23,157.7,163.9,152.6,163.1,49225
2019-07-24,165.1,173.0,158.2,170.2,59833
2019-07-25,171.0,186.0,171.0,183.6,55775
2019-07-28,186.0,187.9,175.0,186.4,59258
2019-07-29,188.8,204.8,188.0,201.3,70709
2019-07-30,201.4,204.8,190.1,191.4,85257
2019-07-31,191.0,204.9,185.5,199.7,132603
2019-08-01,202.0,205.0,194.5,195.8,94420
2019-08-04,196.9,196.9,182.0,183.6,72158
2019-08-05,180.3,185.1,176.9,183.3,70147
2019-08-06,184.5,188.6,184.0,184.8,56877
2019-08-07,185.5,187.5,177.1,178.4,48396
2019-08-08,179.2,182.0,175.7,179.3,35716
2019-08-18,181.5,181.8,179.0,179.7,20129
2019-08-19,181.0,185.3,181.0,184.5,29063
2019-08-20,185.2,186.9,179.6,180.1,40627
2019-08-21,181.9,182.5,179.5,180.0,28103
2019-08-22,181.5,183.7,181.3,182.5,22389
2019-08-25,184.4,197.5,183.0,196.2,90744
2019-08-26,195.4,197.9,185.7,191.1,49148
2019-08-27,192.1,198.0,188.1,196.9,53980
2019-08-28,197.0,201.2,189.3,190.9,60509
2019-08-29,192.0,194.6,188.4,192.1,23367
2019-09-01,195.9,211.3,194.0,211.3,169338
2019-09-02,217.1,229.7,217.1,229.7,220220
2019-09-03,234.9,238.6,215.6,220.0,168977
2019-09-04,215.7,238.6,215.7,236.5,188508
2019-09-05,238.0,244.0,230.1,234.6,230297
2019-09-08,233.3,236.0,218.0,220.8,196165
2019-09-09,223.1,225.0,214.5,220.0,179708
2019-09-11,222.8,227.0,216.5,218.1,188765
2019-09-12,220.0,221.8,214.9,216.6,117520
2019-09-15,211.0,213.9,200.0,205.1,133936
2019-09-16,206.5,212.9,203.3,210.2,66785
2019-09-17,212.9,213.4,197.0,198.2,69591
2019-09-18,199.0,201.8,185.6,189.3,59075
2019-09-19,192.3,192.5,175.2,179.8,51397
2019-09-22,184.9,194.8,180.0,193.2,37400
2019-09-23,195.0,201.8,191.0,194.9,58676
2019-09-24,195.9,196.9,189.2,190.2,27838
2019-09-25,191.4,194.0,189.0,191.9,20390
2019-09-26,191.0,199.8,191.0,197.4,38863
2019-09-29,200.0,204.8,195.3,197.2,81415
2019-09-30,195.3,195.6,186.0,186.7,69799
2019-10-01,187.0,193.0,187.0,191.4,32523
2019-10-02,192.8,192.9,188.2,188.7,21300
2019-10-03,190.7,191.0,188.1,189.0,18852
2019-10-06,188.2,191.0,186.2,187.2,23860
2019-10-07,187.1,188.8,183.2,184.1,15928
2019-10-09,183.8,185.5,178.1,179.8,25588
2019-10-10,183.1,183.4,177.0,178.0,16756
2019-10-13,177.0,179.9,169.0,170.8,19319
2019-10-14,170.3,171.9,161.1,162.5,17153
2019-10-15,165.0,178.7,165.0,177.6,43913
2019-10-16,180.2,180.2,168.2,169.5,25447
2019-10-17,168.4,173.9,165.1,171.3,17932
2019-10-20,170.0,171.9,166.8,168.0,21169
2019-10-21,168.0,169.0,153.0,154.1,29916
2019-10-22,154.2,154.2,141.6,147.3,24192
2019-10-23,147.0,159.0,146.0,157.3,24532
2019-10-24,159.5,162.0,153.4,157.7,24820
2019-10-27,150.1,159.4,146.5,148.5,29786
2019-10-28,139.0,156.2,139.0,152.1,23141
2019-10-29,160.0,173.0,156.0,165.6,70186
2019-10-30,169.8,175.0,164.0,173.0,47168
2019-10-31,169.0,180.4,169.0,177.8,47326
2019-11-03,179.0,183.8,176.3,178.5,21549
2019-11-04,177.0,177.7,168.0,170.6,33305
2019-11-05,171.0,174.5,169.0,173.4,25340
2019-11-06,179.5,179.5,173.0,174.1,32512
2019-11-12,174.9,177.6,168.0,170.7,20802
2019-11-13,170.9,177.5,170.8,174.8,43584
2019-11-14,172.5,178.6,170.1,177.6,45949
2019-11-17,178.4,195.3,177.2,195.3,96654
2019-11-18,204.0,205.0,187.2,192.1,102095
2019-11-20,186.0,208.0,186.0,203.9,84966
2019-11-21,209.0,212.5,203.0,206.8,77939
2019-11-24,211.0,213.5,206.2,210.3,74444
2019-11-25,205.3,217.9,205.3,214.6,86656
2019-11-26,216.0,217.4,207.0,210.4,74538
2019-11-27,206.5,213.8,203.7,207.3,46717
2019-11-28,208.0,217.8,208.0,212.1,64757
2019-12-01,215.5,215.5,206.5,207.2,40761
2019-12-02,209.9,209.9,197.0,201.1,44207
2019-12-03,200.4,206.9,195.4,199.5,39143
2019-12-04,200.1,200.1,191.0,191.8,27202
2019-12-05,191.3,201.6,190.3,199.4,29127
2019-12-08,201.0,206.0,200.5,204.0,40643
2019-12-09,206.6,214.4,203.3,212.7,66470
2019-12-10,213.0,216.3,205.0,206.8,53732
2019-12-11,209.5,210.9,204.5,206.9,41715
2019-12-12,209.0,225.0,205.6,224.7,294318
2019-12-15,228.7,230.5,215.3,218.0,83416
2019-12-17,221.3,229.5,218.4,222.8,93259
2019-12-18,224.6000061,228.0,219.0,223.3000031,109417
2019-12-19,224.8999939,225.6000061,218.1999969,220.6999969,67395
2019-12-22,223.0,223.9,215.2,216.7,62604
2019-12-23,217.0,217.0,203.1,205.1,67213
2019-12-24,207.7,208.0,202.6,204.2,37048
2019-12-26,207.8,214.8,204.3,212.7,34954
2019-12-29,212.2,218.5,211.2,211.7,45061
2019-12-30,214.0,215.5,208.5,209.6,28403
2020-01-01,210.9,217.4,207.8,214.2,47269
2020-01-02,217.0,219.8,211.5,213.8,41067
2020-01-05,212.1,213.9,210.4,211.3,19837
2020-01-06,210.6,215.0,210.4,212.2,22922
2020-01-07,214.6,217.0,212.1,213.3,35856
2020-01-08,216.0,216.0,212.2,214.6,42465
2020-01-09,215.9,224.0,212.9,221.0,125691
2020-01-12,222.2,227.5,220.4,225.9,69183
2020-01-13,226.2,231.8,222.6,226.5,97978
2020-01-14,228.0,231.8,223.4,228.8,116240
2020-01-15,229.6,231.0,223.9,225.6,59038
2020-01-16,225.3,225.7,217.8,219.0,35753
2020-01-19,224.7,227.7,221.0,226.1,59144
2020-01-20,227.0,228.8,221.0,222.0,49065
2020-01-21,221.2,227.0,221.2,226.0,52921
2020-01-22,226.2,228.8,223.7,225.4,64420
2020-01-23,227.0,227.4,223.6,224.7,53579
2020-01-26,227.5,227.8,221.0,221.7,36478
2020-01-27,220.9,227.7,220.9,225.4,156088
2020-01-28,226.8,227.5,223.0,224.1,72824
2020-01-29,225.0,225.6,223.5,224.9,25503
2020-01-30,225.6,229.4,224.9,227.7,44698
2020-02-02,229.0,239.5,229.0,236.8,93690
2020-02-03,242.5,244.9,234.1,236.6,54660
2020-02-04,239.8,239.8,231.3,234.5,68609
2020-02-05,236.0,236.0,229.2,231.6,47774
2020-02-06,232.0,233.1,228.4,229.1,58137
2020-02-09,230.1,230.9,222.2,223.4,28849
2020-02-10,224.0,227.4,223.0,223.5,40465
2020-02-11,224.0,226.8,222.0,223.6,32017
2020-02-12,225.5,225.5,220.0,221.3,26827
2020-02-13,220.6,224.8,218.2,222.7,31150
2020-02-16,222.0,227.8,220.6,222.6,51056
2020-02-17,223.4,223.7,215.7,218.0,42852
2020-02-18,218.1,223.7,217.0,221.6,45085
2020-02-19,224.8,225.0,219.0,220.6,23488
2020-02-20,221.2,224.5,218.2,219.7,40722
2020-02-23,220.1,221.2,217.5,219.6,25121
2020-02-24,222.2,222.2,214.2,216.8,18760
2020-02-25,217.5,221.0,216.9,220.7,15287
2020-02-26,219.1,225.6,219.1,225.1,61624
2020-02-27,225.6,226.7,221.2,222.0,26578
2020-03-01,222.0,222.0,217.0,217.9,10605
2020-03-02,218.2,219.9,217.6,218.4,17602
2020-03-03,220.0,222.0,217.6,218.8,16660
2020-03-04,220.6,221.0,219.2,220.0,10826
2020-03-05,220.5,229.8,219.7,228.7,52741
2020-03-08,229.8,232.0,226.0,226.6,43985
2020-03-09,225.0,225.0,206.8,206.8,40429
2020-03-10,204.8,216.9,192.7,213.9,25258
2020-03-11,216.8,226.0,212.0,223.2,36296
2020-03-12,219.0,223.8,212.4,214.2,37122
2020-03-15,212.2,213.4,196.0,208.3,35133
2020-03-16,214.5,217.4,195.3,202.2,33427
2020-03-18,205.3,206.5,184.6,189.3,49813
2020-03-19,207.7,207.7,207.7,207.7,1057
2020-03-22,207.7,220.0,207.4,217.0,87779
2020-03-23,218.7,218.8,207.7,210.9,57726
2020-03-24,209.0,210.9,207.4,208.8,33513
2020-03-25,208.8,211.6,208.1,209.3,9435
2020-05-31,208.7,209.3,207.8,207.8,7197
2020-06-01,207.8,208.6,207.8,207.9,10581
2020-06-02,207.9,208.0,207.8,207.8,2448
2020-06-03,207.8,207.8,207.8,207.8,200
2020-06-04,207.8,207.8,207.8,207.8,102
2020-06-07,207.8,207.8,207.8,207.8,454
2020-06-08,207.8,207.8,207.8,207.8,1644
2020-06-09,207.8,207.8,207.8,207.8,100
2020-06-10,207.4,207.4,207.4,207.4,1746
2020-06-14,207.4,207.4,207.4,207.4,602
2020-06-15,207.4,207.4,207.4,207.4,1
2020-06-16,207.4,207.4,207.4,207.4,1
2020-06-17,207.4,207.4,207.4,207.4,3
2020-06-18,207.4,207.4,207.4,207.4,503
2020-06-21,207.4,207.4,207.4,207.4,5
2020-06-22,207.4,207.4,207.4,207.4,126
2020-06-23,207.4,207.4,207.4,207.4,297
2020-06-24,207.4,207.4,207.4,207.4,505
2020-06-25,207.4,207.4,207.4,207.4,32
2020-06-28,207.4,207.4,207.4,207.4,62
2020-06-29,207.4,207.4,207.4,207.4,17
2020-07-02,207.4,207.4,207.4,207.4,4
2020-07-05,207.4,207.4,207.4,207.4,1
2020-07-06,207.4,207.4,207.4,207.4,3000
2020-07-07,207.4,207.4,207.4,207.4,2010
2020-07-08,207.4,207.4,207.4,207.4,955
2020-07-09,207.4,207.4,207.4,207.4,1944
2020-07-12,207.4,207.4,207.4,207.4,2222
2020-07-13,207.4,210.9,207.4,207.6,34395
2020-07-14,207.6,209.0,207.4,207.4,15369
2020-07-15,207.4,207.4,207.4,207.4,11628
2020-07-16,207.4,207.4,207.4,207.4,5235
2020-07-19,207.4,207.4,207.4,207.4,2010
2020-07-20,207.4,207.4,207.4,207.4,17650
2020-07-21,210.0,216.0,208.2,212.1,33416
2020-07-22,213.9,215.4,207.4,210.2,39567
2020-07-23,210.5,221.0,210.5,218.0,49542
2020-07-26,222.0,227.0,216.1,217.0,29482
2020-07-27,218.0,219.7,215.0,216.8,33173
2020-07-28,216.8,218.5,213.2,215.1,27061
2020-07-29,215.5,215.6,207.5,208.9,51191
2020-07-30,209.3,213.0,208.5,210.6,20469
2020-08-03,214.0,214.0,208.0,209.4,14431
2020-08-04,209.5,210.2,207.4,208.6,24167
2020-08-05,210.0,213.7,207.6,212.0,31844
2020-08-06,212.0,213.9,208.8,209.9,24594
2020-08-09,211.9,219.9,211.7,219.0,35686
2020-08-10,219.0,220.4,216.1,217.6,34885
2020-08-12,219.8,224.0,214.6,215.6,31233
2020-08-13,219.0,219.0,207.5,211.9,36540
2020-08-16,212.1,216.0,210.0,211.0,65142
2020-08-17,215.2,218.7,209.2,212.4,48589
2020-08-18,215.9,216.5,209.0,211.2,32050
2020-08-19,211.3,213.8,209.1,209.7,34419
2020-08-20,211.0,211.9,208.1,208.8,35313
2020-08-23,209.0,210.9,207.4,207.4,56894
2020-08-24,209.5,224.0,207.7,220.9,98666
2020-08-25,222.0,224.0,216.4,218.8,70954
2020-08-26,219.6,224.0,216.9,223.1,85788
2020-08-27,225.0,229.0,223.1,226.3,140144
2020-08-31,227.1,227.8,215.1,216.4,67831
2020-09-01,217.0,223.8,215.0,221.7,64937
2020-09-02,221.0,224.5,216.9,221.8,84689
2020-09-03,223.3,239.7,223.3,239.7,229341
2020-09-06,245.0,249.9,227.1,238.1,104784
2020-09-07,240.1,252.0,237.0,247.9,146019
2020-09-08,250.0,269.4,250.0,259.0,134305
2020-09-09,261.0,261.0,249.3,255.9,74240
2020-09-10,259.0,264.9,250.0,261.3,100605
2020-09-13,266.7,267.0,250.6,252.4,70477
2020-09-14,251.4,254.4,246.7,249.1,66787
2020-09-15,250.1,253.6,245.9,250.2,46096
2020-09-16,252.9,252.9,248.3,249.3,53010
2020-09-17,250.0,254.9,242.0,249.3,46294
2020-09-20,251.1,252.9,229.2,242.9,27222
2020-09-21,243.0,243.9,230.1,232.3,59163
2020-09-22,235.0,243.7,230.1,240.2,42418
2020-09-23,243.9,244.0,235.6,240.7,30900
2020-09-24,240.1,248.0,238.0,246.4,41428
2020-09-27,248.8,249.4,228.0,235.9,32392
2020-09-28,237.8,240.5,232.0,234.7,9801
2020-09-29,235.6,240.9,230.2,232.6,44246
2020-09-30,232.6,236.0,231.0,232.3,28342
2020-10-01,232.3,234.5,230.3,232.4,26161
2020-10-04,230.5,233.0,227.0,228.9,11199
2020-10-05,225.1,232.6,222.4,223.5,18192
2020-10-06,223.5,225.0,213.0,215.1,23846
2020-10-07,215.1,222.0,215.1,217.7,15891
2020-10-08,222.0,233.0,222.0,226.1,21928
2020-10-11,228.2,228.3,210.0,213.0,23334
2020-10-12,213.0,217.0,213.0,215.0,14797
2020-10-13,215.0,225.0,214.2,218.8,8600
2020-10-14,223.3,228.6,220.0,220.7,36625
2020-10-15,221.3,224.9,220.0,222.1,20469
2020-10-18,222.4,222.4,215.0,216.1,13859
2020-10-19,217.3,218.7,216.1,217.6,14988
2020-10-20,217.5,220.0,215.2,216.5,15391
2020-10-21,216.6,217.0,212.5,213.4,18115
2020-10-22,216.6,217.7,207.4,208.7,29318
2020-10-25,213.0,213.0,208.0,208.7,27860
2020-10-27,212.1,212.1,207.4,207.4,27924
2020-10-28,207.4,207.5,207.4,207.4,17272
2020-10-29,207.4,207.4,207.4,207.4,1868
2020-11-01,207.4,207.6,207.4,207.4,7144
2020-11-02,207.4,207.4,207.4,207.4,2868
2020-11-03,207.4,213.5,207.4,210.2,36192
2020-11-04,210.2,210.6,207.4,207.5,26931
2020-11-05,207.4,209.5,207.4,207.4,25300
2020-11-08,207.4,207.4,207.4,207.4,11409
2020-11-09,207.4,207.4,207.4,207.4,6169
2020-11-10,207.4,210.9,207.4,207.4,9721
2020-11-11,207.4,209.6,207.4,207.4,7841
2020-11-12,207.4,207.4,207.4,207.4,7887
2020-11-15,207.4,207.4,207.4,207.4,9196
2020-11-16,207.4,207.4,207.4,207.4,850
2020-11-18,207.4,207.4,207.4,207.4,6568
2020-11-19,207.4,215.4,207.4,209.2,81066
2020-11-22,210.1,214.4,207.4,207.4,20442
2020-11-23,211.5,211.5,207.4,207.9,870
2020-11-24,207.4,207.4,207.4,207.4,5565
2020-11-25,207.4,207.4,207.4,207.4,137
2020-11-26,207.4,207.4,207.4,207.4,3
2020-11-29,207.4,207.4,207.4,207.4,2
2020-11-30,207.4,207.4,207.4,207.4,5015
2020-12-01,207.4,207.4,207.4,207.4,1570
2020-12-02,207.4,207.4,207.4,207.4,15297
2020-12-03,207.4,207.4,207.4,207.4,8199
2020-12-06,207.4,209.0,207.4,207.4,26893
2020-12-07,207.4,209.0,207.4,207.4,22133
2020-12-08,207.4,207.4,207.4,207.4,6480
2020-12-09,207.4,207.4,207.4,207.4,5
2020-12-10,207.4,207.4,207.4,207.4,622
2020-12-13,207.4,207.4,207.4,207.4,165
2020-12-14,207.4,207.4,207.4,207.4,110
2020-12-15,207.4,207.4,207.4,207.4,42329
2020-12-17,207.4,211.4,207.4,207.5,73067
2020-12-20,207.7,209.9,207.4,207.4,19388
2020-12-21,207.4,209.5,207.4,207.4,10702
2020-12-22,207.4,207.6,207.4,207.4,5965
2020-12-23,207.4,207.4,207.4,207.4,3100
2020-12-24,207.4,207.4,207.4,207.4,141
2020-12-27,207.4,207.4,207.4,207.4,434
2020-12-28,207.4,207.4,207.4,207.4,21697
2020-12-29,207.4,207.5,207.4,207.4,29425
2020-12-30,207.4,207.4,207.4,207.4,14426
2021-01-03,207.4,207.4,207.4,207.4,172
2021-01-04,207.4,207.4,207.4,207.4,562
2021-01-05,207.4,207.4,207.4,207.4,1150
2021-01-06,207.4,207.4,207.4,207.4,63
2021-01-07,207.4,207.4,207.4,207.4,1550
2021-01-10,207.4,207.4,207.4,207.4,225
2021-01-11,207.4,207.4,207.4,207.4,7
2021-01-12,207.4,207.4,207.4,207.4,2111
2021-01-13,207.4,207.4,207.4,207.4,8
2021-01-14,207.4,207.4,207.4,207.4,63
2021-01-17,207.4,207.4,207.4,207.4,749
2021-01-18,207.4,207.4,207.4,207.4,9
2021-01-21,207.4,207.4,207.4,207.4,2
2021-01-25,207.4,207.4,207.4,207.4,20
2021-01-27,207.4,207.4,207.4,207.4,5
2021-01-28,207.4,207.4,207.4,207.4,242
2021-01-31,207.4,207.4,207.4,207.4,100
2021-02-01,207.4,207.4,207.4,207.4,5016
2021-02-03,207.4,207.4,207.4,207.4,2500
2021-02-04,207.4,207.4,207.4,207.4,10
2021-02-09,207.4,207.4,207.4,207.4,1
2021-02-10,207.4,207.4,207.4,207.4,350
2021-02-11,207.4,207.4,207.4,207.4,300
2021-02-14,207.4,207.4,207.4,207.4,1
2021-02-15,207.4,207.4,207.4,207.4,1
2021-02-16,207.4,207.4,207.4,207.4,1
2021-02-17,207.4,207.4,207.4,207.4,1
2021-02-18,207.4,207.4,207.4,207.4,1
2021-02-22,207.4,207.4,207.4,207.4,1
2021-02-25,207.4,207.4,207.4,207.4,1
2021-02-28,207.4,207.4,207.4,207.4,1
2021-03-01,207.4,207.4,207.4,207.4,500
2021-03-02,207.4,207.4,207.4,207.4,199
2021-03-03,207.4,207.4,207.4,207.4,540
2021-03-04,207.4,207.4,207.4,207.4,1
2021-03-07,207.4,207.4,207.4,207.4,20
2021-03-08,207.4,207.4,207.4,207.4,722
2021-03-09,207.4,207.4,207.4,207.4,1001
2021-03-10,207.4,207.4,207.4,207.4,86
2021-03-11,207.4,207.4,207.4,207.4,199
2021-03-14,207.4,207.4,207.4,207.4,23
2021-03-15,207.4,207.4,207.4,207.4,1
2021-03-16,207.4,207.4,207.4,207.4,2579
2021-03-18,207.4,207.4,207.4,207.4,98
2021-03-21,207.4,207.4,207.4,207.4,32
2021-03-22,207.4,207.4,207.4,207.4,25
2021-03-24,207.4,207.4,207.4,207.4,1
2021-03-25,207.4,207.4,207.4,207.4,978
2021-03-28,207.4,207.4,207.4,207.4,25
2021-03-31,207.4,207.4,207.4,207.4,24
2021-04-01,207.4,207.4,207.4,207.4,1
2021-04-04,207.4,207.4,207.4,207.4,75
2021-04-05,207.4,207.4,207.4,207.4,25
2021-04-06,207.4,207.4,207.4,207.4,1
2021-04-12,207.4,207.4,207.4,207.4,18
2021-04-13,207.4,207.4,207.4,207.4,1
2021-04-15,207.4,207.4,207.4,207.4,1
2021-04-18,207.4,207.4,207.4,207.4,1
2021-04-20,207.4,207.4,207.4,207.4,1
2021-04-22,207.4,207.4,207.4,207.4,1
2021-04-25,207.4,207.4,207.4,207.4,1900
2021-04-26,207.4,207.4,207.4,207.4,1306
2021-04-27,207.4,207.4,207.4,207.4,1
2021-04-28,207.4,207.4,207.4,207.4,1
2021-04-29,207.4,207.4,207.4,207.4,1
2021-05-02,207.4,207.4,207.4,207.4,161
2021-05-03,207.4,207.4,207.4,207.4,1
2021-05-05,207.4,207.4,207.4,207.4,1
2021-05-06,207.4,207.4,207.4,207.4,1
2021-05-09,207.4,207.4,207.4,207.4,4
2021-05-11,207.4,207.4,207.4,207.4,1
2021-05-12,207.4,207.4,207.4,207.4,262
2021-05-16,207.4,207.4,207.4,207.4,17
2021-05-17,207.4,207.4,207.4,207.4,1
2021-05-19,207.4,207.4,207.4,207.4,26
2021-05-23,207.4,207.4,207.4,207.4,9
2021-05-27,207.4,207.4,207.4,207.4,7
2021-06-01,207.4,207.4,207.4,207.4,50
2021-06-03,207.4,207.4,207.4,207.4,859
2021-06-06,203.3,203.3,203.3,203.3,1
2021-06-07,199.3,199.3,199.3,199.3,23060
2021-06-08,195.4,195.4,195.4,195.4,243
2021-06-09,191.5,198.0,191.5,193.7,123408
2021-06-10,193.7,193.7,189.9,189.9,24033
2021-06-13,186.1,186.1,186.1,186.1,30577
2021-06-14,182.4,194.0,182.4,182.5,17161
2021-06-15,182.5,184.9,178.9,179.0,78495
2021-06-16,187.0,189.9,175.5,176.0,33835
2021-06-17,184.7,184.7,176.1,180.4,48306
2021-06-20,180.0,196.0,180.0,192.7,52010
2021-06-21,192.5,194.0,182.2,182.9,50362
2021-06-22,189.4,189.4,178.0,181.7,22652
2021-06-23,182.3,185.4,178.8,179.9,29811
2021-06-24,180.1,183.8,177.1,180.4,17468
2021-06-27,180.4,183.9,179.5,182.8,32322
2021-06-28,184.4,190.0,184.4,189.0,23044
2021-06-29,192.9,207.9,190.0,207.8,102987
2021-06-30,210.0,225.9,210.0,224.6,171985
2021-07-05,230.0,230.0,214.0,216.0,46067
2021-07-06,216.0,222.5,197.1,210.9,49345
2021-07-07,218.7,220.0,210.0,217.3,22668
2021-07-08,220.0,227.0,216.5,222.0,52771
2021-07-12,225.5,239.0,225.5,234.4,66596
2021-07-13,232.3,245.0,232.3,239.8,78055
2021-07-14,233.5,248.0,233.5,244.1,32948
2021-07-15,244.1,250.0,242.0,247.8,40658
2021-07-18,249.7,249.7,227.1,247.0,25534
2021-07-19,243.0,252.0,243.0,245.2,10763
2021-07-25,242.0,254.5,237.2,240.8,10736
2021-07-26,248.9,248.9,231.1,237.7,14714
2021-07-27,235.2,240.0,230.0,233.2,12050
2021-07-28,237.0,238.2,219.0,226.7,10287
2021-07-29,236.9,236.9,226.5,232.6,19489
2021-08-02,232.6,244.3,230.0,232.2,12526
2021-08-03,230.2,248.0,230.2,244.0,31884
2021-08-05,249.9,262.5,247.0,250.6,44775
2021-08-09,261.0,272.5,256.6,272.5,111658
2021-08-10,280.0,294.9,275.5,276.3,53195
2021-08-11,276.9,278.9,268.1,270.1,42126
2021-08-12,270.0,290.0,270.0,280.9,44321
2021-08-16,277.0,293.0,277.0,279.6,53246
2021-08-17,289.8,289.8,265.0,267.3,27917
2021-08-18,275.0,275.0,265.0,267.8,19251
2021-08-19,263.2,278.0,263.2,267.2,28525
2021-08-22,274.9,290.0,272.0,286.7,69306
2021-08-23,292.0,292.5,277.0,283.9,56051
2021-08-24,284.0,289.0,276.2,285.6,45266
2021-08-25,289.0,300.0,285.2,297.2,71976
2021-08-26,307.4,316.3,300.0,309.9,65755
2021-08-29,317.9,318.0,310.0,312.2,66296
2021-08-31,334.1,334.1,306.4,312.4,29756
2021-09-01,325.6,325.6,308.0,312.1,43222
2021-09-02,311.3,328.8,306.5,322.9,69592
2021-09-05,330.0,338.0,327.1,332.3,66664
2021-09-06,334.9,337.0,323.0,333.1,45308
2021-09-07,330.0,336.0,315.1,319.2,43619
2021-09-08,329.0,344.8,323.1,337.5,61209
2021-09-09,330.0,337.3,326.5,330.7,45139
2021-09-12,342.0,342.0,312.0,315.3,31386
2021-09-13,318.0,342.7,318.0,336.4,56605
2021-09-14,340.0,344.0,320.0,329.3,30989
2021-09-15,332.8,332.8,319.0,322.5,30361
2021-09-16,328.0,337.7,323.2,334.7,57962
2021-09-19,339.9,348.9,336.1,341.9,67593
2021-09-20,347.7,347.9,331.5,337.1,15917
2021-09-21,337.0,342.7,327.0,328.8,24415
2021-09-22,330.1,338.9,326.0,330.4,18634
2021-09-23,336.0,339.0,327.0,328.8,31213
2021-09-26,334.4,334.4,310.1,314.1,44094
2021-09-27,312.0,323.4,312.0,320.4,13680
2021-09-28,326.9,326.9,312.1,314.6,19949
2021-09-29,314.1,323.4,305.0,318.1,30773
2021-09-30,318.1,327.8,314.0,320.6,17892
2021-10-03,320.0,328.7,312.0,313.7,20443
2021-10-04,310.0,318.0,305.7,306.6,25492
2021-10-05,301.1,307.9,299.0,300.7,43589
2021-10-06,306.0,306.0,285.2,291.8,49927
2021-10-07,292.0,302.8,292.0,296.4,19786
2021-10-10,315.8,315.8,301.1,307.6,12792
2021-10-11,317.0,317.0,297.0,301.6,16366
2021-10-12,306.7,306.7,291.0,294.1,5158
2021-10-13,308.9,308.9,290.0,301.8,11006
2021-10-14,296.0,307.0,293.0,297.6,4576
2021-10-17,314.9,314.9,292.1,294.5,7219
2021-10-18,295.0,302.9,280.5,290.0,2216
2021-10-19,299.9,300.0,286.2,290.6,9139
2021-10-21,298.0,298.0,285.0,292.2,6393
2021-10-24,298.4,298.4,276.1,279.9,6874
2021-10-25,282.0,282.0,260.5,274.9,2879
2021-10-26,286.9,286.9,264.2,281.8,4406
2021-10-27,285.0,294.9,270.0,283.3,7645
2021-10-28,289.5,315.0,283.1,294.1,17705
2021-10-31,308.9,308.9,290.0,295.4,14511
2021-11-01,296.0,298.0,285.3,289.2,4247
2021-11-02,298.5,298.5,282.3,283.9,4975
2021-11-03,290.0,297.5,280.5,283.7,9718
2021-11-04,292.9,292.9,280.0,291.6,3509
2021-11-07,294.7,294.7,284.5,285.3,35007
2021-11-08,275.0,290.0,275.0,281.7,2239
2021-11-09,288.2,288.2,280.7,282.4,2564
2021-11-10,291.0,291.0,280.2,281.4,2459
2021-11-11,287.9,288.0,278.1,280.1,6433
2021-11-14,289.8,290.0,275.3,277.1,3768
2021-11-15,288.9,288.9,274.3,277.2,1838
2021-11-16,287.5,287.5,276.0,279.9,5016
2021-11-17,286.0,288.0,280.0,282.8,9190
2021-11-21,298.0,298.0,270.0,276.6,11803
2021-11-22,276.6,282.0,270.0,279.8,8373
2021-11-23,267.0,281.9,261.3,276.4,2319
2021-11-24,280.0,288.4,267.0,274.0,6885
2021-11-25,262.2,279.0,262.2,274.8,5094
2021-11-28,265.4,278.7,265.4,275.5,759
2021-11-29,277.0,281.0,270.0,277.2,5711
2021-11-30,281.0,298.0,275.0,281.8,8679
2021-12-01,290.0,301.0,282.5,291.1,4322
2021-12-02,293.8,299.9,281.5,293.7,7506
2021-12-05,305.0,305.0,288.0,302.3,12045
2021-12-06,308.0,308.0,295.0,300.5,4416
2021-12-07,308.8,320.0,300.0,300.4,17861
2021-12-08,308.0,308.0,290.0,292.8,14658
2021-12-09,305.9,311.8,295.2,308.6,32069
2021-12-12,315.0,324.0,300.0,302.3,42683
2021-12-13,310.4,310.4,293.0,297.5,9538
2021-12-14,294.5,305.0,292.0,294.4,19112
2021-12-15,303.0,304.0,296.5,302.3,21031
2021-12-19,303.0,308.9,294.4,301.5,9459
2021-12-20,295.0,304.0,293.1,298.9,14076
2021-12-21,300.0,303.6,296.0,298.4,10674
2021-12-22,300.1,314.9,300.1,302.6,40221
2021-12-23,306.0,309.0,298.8,299.5,14225
2021-12-26,298.5,300.0,282.0,283.6,16549
2021-12-27,292.9,294.8,270.1,282.2,4916
2021-12-28,273.0,289.9,273.0,274.0,7896
2021-12-29,285.0,292.0,270.1,272.8,10213
2021-12-30,286.0,286.0,273.1,282.5,6147
2022-01-02,285.9,285.9,272.0,273.1,8046
2022-01-03,272.0,285.4,272.0,277.2,4357
2022-01-04,275.1,280.9,271.0,272.8,5895
2022-01-05,281.6,281.6,273.0,276.5,13808
2022-01-06,273.0,278.8,271.5,272.3,14706
2022-01-09,275.9,275.9,269.5,271.7,6575
2022-01-10,267.0,275.0,267.0,270.8,7230
2022-01-11,271.3,280.0,262.0,270.2,18373
2022-01-12,274.9,279.1,265.0,273.4,13075
2022-01-13,279.0,289.7,271.0,283.8,14184
2022-01-16,270.1,308.0,270.1,290.2,21235
2022-01-17,291.1,291.1,276.8,280.5,11410
2022-01-18,280.5,288.8,274.0,276.5,17640
2022-01-19,286.5,290.0,277.4,284.7,59542
2022-01-20,292.9,292.9,278.6,281.6,15409
2022-01-23,282.0,287.0,281.1,285.0,6439
2022-01-24,285.0,295.0,275.0,277.8,7814
2022-01-25,279.0,284.0,275.0,280.3,6753
2022-01-26,286.0,286.0,274.5,276.4,4967
2022-01-27,272.2,279.9,270.0,270.3,12403
2022-01-30,278.0,285.0,270.0,270.2,8208
2022-01-31,276.9,276.9,265.0,265.8,6375
2022-02-01,270.0,280.0,270.0,272.4,6908
2022-02-02,276.8,276.8,270.0,271.1,1227
2022-02-03,270.0,274.7,266.5,268.0,10657
2022-02-06,270.0,274.8,264.0,265.6,9279
2022-02-07,261.1,274.0,260.2,269.2,8665
2022-02-08,263.0,271.8,261.0,262.3,5983
2022-02-09,263.3,281.0,261.0,278.2,29062
2022-02-10,278.2,284.4,270.0,272.0,15896
2022-02-13,272.0,278.9,270.0,275.3,33523
2022-02-14,284.9,284.9,265.0,265.9,19100
2022-02-15,274.9,289.0,274.0,286.7,47050
2022-02-16,285.1,291.9,276.2,278.2,39726
2022-02-17,283.0,284.0,271.8,283.0,16549
2022-02-20,285.0,287.0,275.0,278.8,30560
2022-02-22,281.0,289.6,281.0,285.6,41192
2022-02-23,291.9,291.9,276.4,278.4,13067
2022-02-24,275.0,282.5,270.1,271.0,10205
2022-02-27,270.0,273.0,261.1,266.3,7384
2022-03-01,270.0,275.7,253.3,275.7,13411
2022-03-02,275.8,282.0,265.0,275.5,22482
2022-03-03,279.7,279.8,268.6,270.0,9749
2022-03-06,265.1,273.9,261.6,264.1,8220
2022-03-07,262.1,270.0,252.5,254.6,5115
2022-03-08,266.0,268.8,250.0,259.2,7849
2022-03-09,268.5,272.8,263.0,270.1,12250
2022-03-10,274.9,274.9,264.7,266.0,5678
2022-03-13,269.6,269.6,261.0,261.4,5007
2022-03-14,267.0,267.0,260.0,261.1,8507
2022-03-15,267.9,267.9,260.0,261.5,8330
2022-03-16,265.0,265.0,257.2,257.9,6517
2022-03-20,264.0,264.0,253.0,253.0,7938
2022-03-21,257.0,257.0,249.1,251.1,1677
2022-03-22,259.7,259.7,251.5,253.9,17306
2022-03-23,257.0,259.5,251.3,251.6,6107
2022-03-24,256.4,256.4,250.7,251.6,4713
2022-03-27,252.0,262.8,248.1,261.2,25265
2022-03-28,262.7,265.7,258.2,260.6,19611
2022-03-29,265.0,272.0,258.4,262.2,8509
2022-03-30,266.3,266.3,257.0,257.2,20653
2022-03-31,263.7,263.7,254.0,255.1,10398
2022-04-03,262.8,262.9,250.6,252.0,8887
2022-04-04,261.4,261.4,249.0,253.6,6010
2022-04-05,255.8,255.9,251.0,253.1,6168
2022-04-06,253.0,260.0,250.5,251.1,18860
2022-04-07,251.1,253.3,246.1,249.2,5613
2022-04-10,255.7,264.7,252.9,261.1,43513
2022-04-11,262.8,262.8,257.4,260.0,7957
2022-04-12,261.9,261.9,255.4,258.5,10591
2022-04-13,261.0,261.0,253.8,254.7,4164
2022-04-17,252.0,252.0,249.8,249.9,6261
2022-04-18,254.0,254.0,245.0,249.8,10202
2022-04-19,249.9,254.3,245.0,245.0,4677
2022-04-20,256.4,256.4,245.0,250.5,4076
2022-04-21,257.0,260.0,254.0,257.7,25334
2022-04-24,263.0,263.0,254.2,254.7,2885
2022-04-25,257.9,257.9,252.5,253.9,6214
2022-04-26,258.0,258.0,244.2,255.3,3175
2022-04-27,250.3,258.0,250.2,254.0,3747
2022-04-28,259.9,259.9,250.0,253.2,12148
2022-05-05,259.9,275.0,251.8,258.7,2782
2022-05-08,267.8,267.8,260.9,262.8,15913
2022-05-09,262.7,269.0,260.5,264.1,20603
2022-05-10,263.1,267.8,255.5,260.5,12788
2022-05-11,265.4,265.4,252.0,254.7,5861
2022-05-12,251.2,260.8,251.0,256.2,10524
2022-05-16,250.2,257.9,247.0,247.6,6462
2022-05-17,248.0,258.5,242.0,250.1,9729
2022-05-18,250.2,250.2,237.7,238.6,20274
2022-05-19,227.0,249.0,227.0,243.1,5034
2022-05-22,235.5,258.0,232.0,244.4,6185
2022-05-23,256.8,256.8,246.0,250.6,6504
2022-05-24,259.9,259.9,240.0,244.5,7831
2022-05-26,252.5,252.5,241.0,244.8,1453
2022-05-29,256.8,257.0,243.2,247.8,4387
2022-05-30,254.0,254.0,246.0,247.9,6164
2022-05-31,244.2,252.9,243.7,247.5,705
2022-06-01,253.5,253.5,244.1,249.9,6928
2022-06-02,257.9,257.9,245.1,246.5,21887
2022-06-05,252.4,252.4,241.6,241.7,24365
2022-06-06,251.7,251.7,236.9,240.3,3464
2022-06-07,249.4,249.4,235.8,240.0,3490
2022-06-08,247.5,247.5,237.8,240.4,7754
2022-06-09,240.4,253.4,240.4,251.1,34666
2022-06-12,260.0,260.0,249.4,250.3,6452
2022-06-13,255.0,255.0,246.0,247.0,5284
2022-06-14,253.8,253.8,247.0,251.0,7302
2022-06-15,259.7,259.8,250.0,251.0,43484
2022-06-16,257.4,257.4,251.0,252.6,11507
2022-06-19,247.7,247.7,247.6,247.6,22933
2022-06-20,257.0,257.0,242.7,243.4,18899
2022-06-21,240.5,246.9,238.6,241.1,21029
2022-06-22,244.6,244.6,236.5,240.2,7408
2022-06-23,251.0,251.0,236.0,238.6,21690
2022-06-26,249.5,249.5,235.0,236.1,18998
2022-06-27,240.0,244.4,233.4,237.9,12950
2022-06-28,244.0,249.9,240.2,247.2,19005
2022-06-29,250.0,251.9,242.8,248.8,24364
2022-06-30,252.6,253.9,247.3,252.2,15778
2022-07-03,258.0,270.0,254.3,259.0,11217
2022-07-04,268.0,268.0,254.0,255.2,10930
2022-07-05,256.0,259.5,252.2,256.5,12392
2022-07-06,259.0,259.9,253.0,258.5,9848
2022-07-07,264.0,264.0,255.3,256.8,17808
2022-07-12,254.1,254.1,251.7,251.7,10560
2022-07-13,247.0,254.4,246.8,251.2,8085
2022-07-14,248.0,258.7,248.0,254.2,13082
2022-07-17,268.8,268.8,249.2,250.1,27606
2022-07-18,265.0,265.0,245.1,245.1,6327
2022-07-19,240.2,246.0,240.2,240.2,7722
2022-07-20,248.1,248.1,239.5,240.2,7123
2022-07-21,248.4,259.0,244.2,252.7,20460
2022-07-24,262.0,265.0,247.7,248.9,11413
2022-07-25,252.8,252.8,244.0,245.3,9578
2022-07-26,242.0,255.0,242.0,242.6,24444
2022-07-27,253.7,253.7,239.0,239.2,3247
2022-07-28,247.5,247.5,234.5,235.8,2711
2022-07-31,242.4,248.0,242.3,246.0,9754
2022-08-01,266.6,266.6,245.0,250.0,8093
2022-08-02,256.0,256.0,246.0,252.0,2454
2022-08-03,256.4,256.4,247.0,248.8,3642
2022-08-04,252.0,253.7,245.0,252.1,17046
2022-08-07,244.0,253.0,243.1,244.6,12474
2022-08-08,249.7,249.7,243.3,244.2,4053
2022-08-10,242.4,248.6,242.3,243.6,27003
2022-08-11,247.0,250.5,246.0,249.2,11397
2022-08-14,250.0,270.8,248.0,269.5,127019
2022-08-16,276.0,293.0,276.0,292.9,127809
2022-08-17,300.0,310.9,296.0,302.3,124408
2022-08-21,310.0,327.0,306.0,319.6,186876
2022-08-22,326.9,326.9,302.0,304.0,129045
2022-08-23,300.0,313.0,295.0,298.8,134529
2022-08-24,292.0,303.3,283.0,288.3,93766
2022-08-25,270.0,309.0,270.0,300.0,129221
2022-08-28,309.8,309.8,276.1,284.2,113984
2022-08-29,300.0,300.0,272.0,276.2,85291
2022-08-30,283.9,284.8,269.9,272.1,53763
2022-08-31,274.5,279.0,266.1,267.2,75200
2022-09-01,267.0,284.7,267.0,282.7,61572
2022-09-04,293.8,293.8,267.7,268.9,79607
2022-09-05,274.5,274.5,256.1,261.1,39342
2022-09-06,279.5,279.5,260.3,265.7,34841
2022-09-07,268.9,274.6,263.0,265.5,54909
2022-09-08,267.8,273.4,258.2,261.0,44288
2022-09-11,275.0,275.0,252.0,260.7,41294
2022-09-12,273.3,273.3,254.0,255.4,32669
2022-09-13,273.8,273.8,257.1,263.9,32768
2022-09-14,275.0,275.0,260.0,262.9,59886
2022-09-15,269.9,285.9,264.4,284.7,155206
2022-09-18,299.0,299.0,277.0,280.1,78469
2022-09-19,280.2,286.0,270.5,271.9,97436
2022-09-20,266.0,280.0,264.2,266.9,79600
2022-09-21,274.0,274.0,255.1,257.8,57346
2022-09-22,258.3,266.0,257.0,261.4,29212
2022-09-25,264.5,274.0,260.0,261.5,61557
2022-09-26,267.8,267.8,260.2,261.0,30659
2022-09-27,264.0,267.2,261.3,263.5,35281
2022-09-28,265.0,274.0,263.0,269.1,48674
2022-09-29,269.6,287.9,269.6,284.1,105637
2022-10-02,283.9,293.3,282.0,287.9,73224
2022-10-03,299.0,299.0,288.0,294.9,98450
2022-10-04,307.0,315.8,299.0,311.7,181008
2022-10-06,315.0,323.9,304.0,306.9,131791
2022-10-10,306.9,306.9,281.0,281.5,127293
2022-10-11,294.9,294.9,276.1,278.2,89026
2022-10-12,293.5,294.0,280.0,289.7,88629
2022-10-13,298.0,304.8,282.0,287.5,84588
2022-10-16,292.0,292.0,267.0,278.2,85830
2022-10-17,294.8,294.8,280.0,283.2,92267
2022-10-18,283.0,288.8,274.7,276.3,66862
2022-10-19,275.2,290.5,275.0,282.4,62531
2022-10-20,292.0,292.1,280.6,286.1,86160
2022-10-23,284.1,292.0,278.0,281.3,104364
2022-10-24,282.0,282.0,262.6,266.5,25006
2022-10-25,280.0,282.9,269.0,276.8,44252
2022-10-26,284.8,295.0,278.0,292.9,125914
2022-10-27,273.0,286.9,271.2,280.6,121541
2022-10-30,300.0,300.0,271.3,275.1,27521
2022-10-31,283.9,283.9,261.3,265.6,38950
2022-11-01,277.5,277.5,268.4,273.1,26911
2022-11-02,284.0,284.0,260.0,274.9,40369
2022-11-03,275.0,280.8,270.0,275.4,60818
2022-11-06,275.4,280.9,260.0,263.4,29265
2022-11-07,263.2,267.0,252.6,259.5,32471
2022-11-08,273.0,273.0,255.0,262.8,37530
2022-11-09,268.0,268.0,254.1,255.6,21100
2022-11-10,264.9,264.9,250.0,255.0,18925
2022-11-13,253.0,260.6,252.1,255.6,37879
2022-11-14,260.0,260.0,250.0,253.4,15281
2022-11-15,259.3,259.3,248.0,251.8,19118
2022-11-16,259.7,259.7,242.6,252.8,6569
2022-11-17,259.0,259.0,247.1,256.3,5243
2022-11-21,250.3,254.8,242.3,242.3,18365
2022-11-22,252.5,252.5,242.3,242.9,12790
2022-11-23,252.0,252.0,242.3,245.5,6119
2022-11-24,249.8,251.0,243.0,248.4,7740
2022-11-27,248.4,260.9,248.4,258.6,12929
2022-11-28,266.7,267.0,256.0,266.0,13034
2022-11-29,263.0,278.3,263.0,270.6,13861
2022-11-30,279.0,279.0,269.0,272.0,22257
2022-12-01,276.0,276.0,270.0,270.1,13249
2022-12-04,275.0,293.2,270.6,288.3,110706
2022-12-05,297.0,297.0,272.0,274.9,10670
2022-12-06,274.9,284.4,270.3,273.1,14922
2022-12-07,285.0,285.0,266.5,268.0,21216
2022-12-08,285.0,285.0,265.0,272.4,13476
2022-12-11,278.0,278.0,273.0,275.1,8171
2022-12-12,280.0,286.9,270.4,278.9,27780
2022-12-13,288.0,288.0,275.0,278.8,12952
2022-12-14,288.0,292.5,279.5,289.3,52151
2022-12-15,297.8,310.0,290.0,303.7,115049
2022-12-18,317.0,317.0,293.4,295.8,57434
2022-12-19,307.0,307.0,284.0,287.9,70059
2022-12-20,296.7,296.9,280.1,283.0,68817
2022-12-21,289.0,289.0,267.4,273.1,40837
2022-12-22,279.9,279.9,270.4,271.2,25503
2022-12-26,274.0,276.4,268.5,268.5,8378
2022-12-27,268.5,274.9,265.9,265.9,6731
2022-12-28,271.0,271.0,263.3,265.5,20019
2022-12-29,270.0,270.8,264.0,265.0,11729
2023-01-01,284.9,284.9,263.7,264.5,21562
2023-01-02,276.5,276.5,261.9,261.9,10665
2023-01-03,269.7,269.7,259.3,259.7,12816
2023-01-04,258.0,268.5,257.2,257.2,27209
2023-01-05,254.7,259.9,254.7,254.7,40145
2023-01-08,263.9,263.9,252.2,252.2,2437
2023-01-09,252.2,252.2,249.7,249.8,15810
2023-01-10,259.9,259.9,247.4,251.2,29308
2023-01-11,258.5,258.5,248.7,248.7,10772
2023-01-12,253.7,253.7,246.3,246.3,11463
2023-01-15,251.0,251.0,243.9,243.9,29922
2023-01-16,242.0,249.8,241.8,243.1,16428
2023-01-17,249.4,249.4,240.8,245.8,20716
2023-01-18,251.0,259.0,247.0,252.8,27089
2023-01-19,252.9,255.1,250.3,250.3,22697
2023-01-22,256.0,256.0,247.8,247.8,13272
2023-01-23,245.4,247.6,245.4,245.4,4861
2023-01-24,243.2,248.9,243.0,243.0,8840
2023-01-25,255.0,255.0,240.6,241.2,15889
2023-01-26,246.5,247.9,241.6,241.9,14214
2023-01-29,246.2,246.2,239.5,240.0,6503
2023-01-30,250.0,250.0,237.6,237.6,14606
2023-01-31,241.7,241.7,235.3,235.3,3446
2023-02-01,233.0,235.0,233.0,233.0,4569
2023-02-02,230.7,239.5,230.7,231.0,8638
2023-02-05,245.0,245.0,231.0,235.8,5425
2023-02-06,237.5,241.6,233.5,238.0,4285
2023-02-07,236.0,242.0,235.7,237.5,3210
2023-02-08,238.0,239.5,235.2,237.4,11751
2023-02-09,235.3,249.9,235.3,239.8,33359
2023-02-12,247.0,247.0,237.5,237.5,4930
2023-02-13,236.8,243.9,235.2,239.9,19781
2023-02-14,242.9,244.2,237.6,240.9,13228
2023-02-15,243.0,243.0,238.5,238.5,6546
2023-02-16,241.0,241.0,236.2,236.3,13716
2023-02-19,240.4,240.4,234.0,234.0,2185
2023-02-20,240.0,240.0,231.7,231.7,2910
2023-02-22,235.5,235.7,229.4,229.4,3389
2023-02-23,238.0,238.0,227.2,227.2,1151
2023-02-26,227.1,227.1,225.0,225.0,247
2023-02-27,222.8,222.8,222.8,222.8,2350
2023-02-28,235.0,235.0,220.6,223.4,204
2023-03-01,228.8,228.8,221.2,222.7,16374
2023-03-02,223.4,226.2,223.4,223.4,4902
2023-03-05,228.0,228.0,223.4,225.5,11405
2023-03-06,234.5,234.5,223.4,223.4,17070
2023-03-07,228.9,228.9,223.4,223.4,4300
2023-03-09,223.5,223.5,223.4,223.4,3484
2023-03-12,223.4,223.4,223.4,223.4,35
2023-03-13,223.4,223.4,223.4,223.4,363
2023-03-14,223.4,223.4,223.4,223.4,125
2023-03-15,223.4,223.4,223.4,223.4,10
2023-03-16,223.4,223.4,223.4,223.4,81
2023-03-19,223.4,223.4,223.4,223.4,42
2023-03-20,223.4,223.4,223.4,223.4,1
2023-03-21,223.4,223.4,223.4,223.4,1
2023-03-23,223.4,223.4,223.4,223.4,1001
2023-03-27,223.4,223.4,223.4,223.4,41
2023-03-28,223.4,223.4,223.4,223.4,21
2023-03-29,223.4,223.4,223.4,223.4,2395
2023-03-30,223.4,223.4,223.4,223.4,2141
2023-04-02,223.4,223.4,223.4,223.4,10
2023-04-03,223.4,223.4,223.4,223.4,4320
2023-04-04,223.4,236.0,223.4,225.8,93287
2023-04-05,230.0,230.0,223.8,228.1,24278
2023-04-06,229.4,236.0,224.2,229.9,34889
2023-04-09,231.0,244.0,230.2,232.3,28420
2023-04-10,239.5,239.5,223.4,223.5,24666
2023-04-11,223.4,223.4,223.4,223.4,5624
2023-04-12,223.4,223.4,223.4,223.4,158
2023-04-13,223.4,223.4,223.4,223.4,635
2023-04-16,223.4,223.4,223.4,223.4,1438
2023-04-17,223.4,223.4,223.4,223.4,20
2023-04-18,223.4,223.4,223.4,223.4,211
2023-04-24,223.4,223.4,223.4,223.4,1887
2023-04-25,223.4,223.4,223.4,223.4,1146
2023-04-26,223.4,223.4,223.4,223.4,415
2023-04-27,223.4,223.4,223.4,223.4,2605
2023-04-30,223.4,223.4,223.4,223.4,564
2023-05-02,223.4,223.4,223.4,223.4,95
2023-05-03,223.4,223.4,223.4,223.4,1120
2023-05-07,223.4,223.4,223.4,223.4,839
2023-05-08,223.4,223.4,223.4,223.4,43
2023-05-09,223.4,223.4,223.4,223.4,511
2023-05-10,223.4,223.4,223.4,223.4,573
2023-05-11,223.4,223.4,223.4,223.4,834
2023-05-14,223.4,223.4,223.4,223.4,965
2023-05-15,223.4,223.4,223.4,223.4,1231
2023-05-16,223.4,223.4,223.4,223.4,1000
2023-05-17,223.4,223.4,223.4,223.4,340
2023-05-18,223.4,223.4,223.4,223.4,469
2023-05-21,223.4,223.4,223.4,223.4,539
2023-05-22,223.4,223.4,223.4,223.4,11
2023-05-23,223.4,233.4,223.4,229.0,35323
2023-05-24,229.0,235.0,223.4,224.6,110863
2023-05-25,224.0,229.0,223.4,225.2,91994
2023-05-28,229.7,244.8,227.0,234.5,58493
2023-05-29,238.8,244.8,227.0,230.3,65689
2023-05-30,234.7,234.7,225.0,226.3,44769
2023-05-31,234.5,234.7,225.4,226.6,46519
2023-06-01,229.0,234.0,227.1,228.8,27801
2023-06-04,234.0,237.5,225.0,227.7,35370
2023-06-05,227.7,234.0,223.4,225.1,28425
2023-06-06,228.8,228.8,223.4,223.4,41716
2023-06-07,223.6,226.4,223.4,224.8,23668
2023-06-08,224.0,227.1,223.4,223.4,30629
2023-06-11,223.4,227.1,223.4,223.5,50747
2023-06-12,224.0,230.4,224.0,225.5,50629
2023-06-13,228.2,242.8,227.0,240.2,123239
2023-06-14,247.8,251.0,234.0,235.8,71742
2023-06-15,242.0,242.0,228.3,230.0,34410
2023-06-18,230.0,233.0,224.0,226.6,24368
2023-06-19,230.0,232.0,226.6,229.1,24546
2023-06-20,234.5,234.5,226.0,226.7,17425
2023-06-21,229.0,240.0,227.6,230.3,32751
2023-06-22,234.0,235.9,231.0,231.4,39046
2023-06-25,235.0,241.5,232.7,240.0,45136
2023-06-26,247.8,247.8,236.1,239.7,52393
2023-07-02,239.7,242.7,231.4,234.5,17689
2023-07-03,231.3,239.4,231.3,232.0,40066
2023-07-04,234.8,234.8,224.0,225.6,54293
2023-07-05,234.3,234.3,225.4,228.0,22928
2023-07-06,229.0,230.5,227.0,229.2,23179
2023-07-09,234.9,234.9,225.0,228.3,18345
2023-07-10,225.3,229.0,223.9,224.7,31862
2023-07-11,229.9,229.9,223.4,223.5,26559
2023-07-12,227.0,227.0,223.5,224.1,23452
2023-07-13,224.7,225.7,223.4,224.0,41187
2023-07-16,226.8,226.8,223.4,223.4,34409
2023-07-17,223.4,223.4,223.4,223.4,6378
2023-07-18,223.4,242.9,223.4,242.9,243621
2023-07-19,264.1,264.1,240.0,242.4,163245
2023-07-20,240.5,240.5,225.0,235.1,106613
2023-07-23,239.4,239.4,225.0,226.6,67979
2023-07-24,229.7,231.8,224.4,225.4,38985
2023-07-25,226.3,230.0,226.3,228.4,67511
2023-07-26,233.0,235.0,228.1,231.0,31847
2023-07-27,234.8,234.8,228.0,228.4,36336
2023-07-30,228.0,228.7,224.2,225.1,38967
2023-07-31,225.4,232.8,224.3,224.7,20779
2023-08-01,225.0,229.9,223.4,227.6,19190
2023-08-02,227.1,230.8,223.4,225.4,28474
2023-08-03,227.6,234.5,226.3,228.0,38191
2023-08-06,233.8,233.8,223.9,224.1,31711
2023-08-07,224.8,224.8,223.4,223.7,20742
2023-08-08,223.4,228.1,223.4,223.5,24638
2023-08-09,226.9,227.9,224.0,224.8,21432
2023-08-10,228.3,228.3,223.6,224.5,20673
2023-08-13,224.1,226.7,223.4,224.4,27635
2023-08-14,224.4,224.4,223.4,223.4,20165
2023-08-16,223.4,223.4,223.4,223.4,2144
2023-08-17,223.4,223.4,223.4,223.4,6264
2023-08-20,223.4,223.4,223.4,223.4,1015
2023-08-21,223.4,223.4,223.4,223.4,971
2023-08-22,223.4,223.4,223.4,223.4,778
2023-08-23,223.4,223.4,223.4,223.4,639
2023-08-24,223.4,223.4,223.4,223.4,1107
2023-08-28,196.3,215.9,196.3,215.3,34580
2023-08-29,225.0,225.4,212.0,214.0,26787
2023-08-30,212.8,216.4,210.0,213.9,14603
2023-08-31,217.9,218.7,212.1,216.9,11174
2023-09-03,218.0,219.8,215.3,217.5,8592
2023-09-04,221.0,221.0,213.7,216.6,19282
2023-09-05,221.0,221.0,212.0,214.0,14016
2023-09-07,218.7,218.7,211.0,212.8,10169
2023-09-10,212.8,217.8,206.0,209.4,9618
2023-09-11,209.4,210.9,200.1,201.4,8714
2023-09-12,208.0,209.0,203.0,205.0,5687
2023-09-13,209.7,209.7,205.2,206.4,29334
2023-09-14,206.4,212.0,206.1,208.1,19770
2023-09-17,212.0,212.0,201.0,208.5,18097
2023-09-18,204.0,210.0,204.0,205.9,15032
2023-09-19,206.8,210.6,206.8,208.3,22570
2023-09-20,210.0,219.7,207.4,212.7,14425
2023-09-21,217.9,217.9,208.1,210.5,9569
2023-09-24,212.0,212.0,205.0,205.6,8486
2023-09-25,210.6,210.6,205.0,206.0,1705
2023-09-26,210.6,210.6,204.5,205.0,12956
2023-09-27,205.0,209.7,205.0,206.0,14323
2023-10-01,208.7,210.0,202.3,205.7,13285
2023-10-02,208.9,208.9,201.2,202.1,6696
2023-10-03,209.9,209.9,202.0,204.9,7860
2023-10-04,218.0,218.0,202.0,202.6,5705
2023-10-05,208.9,208.9,197.0,199.8,22756
2023-10-08,201.8,208.0,196.3,196.3,17917
2023-10-09,198.0,200.0,196.3,196.3,9320
2023-10-10,196.5,198.9,196.3,196.5,9179
2023-10-11,200.0,200.0,198.0,199.3,4382
2023-10-12,200.0,204.9,199.0,202.2,12428
2023-10-15,206.7,206.7,201.4,203.5,5813
2023-10-16,206.0,211.0,203.9,207.2,23002
2023-10-17,205.6,210.5,205.5,209.4,13346
2023-10-18,207.0,227.7,207.0,227.7,72695
2023-10-19,247.6,247.6,230.2,234.0,113724
2023-10-22,238.0,238.0,225.3,226.6,51277
2023-10-23,229.9,229.9,215.4,217.7,57473
2023-10-25,220.0,236.7,215.7,234.4,113100
2023-10-26,239.0,241.9,230.5,232.8,85380
2023-10-29,234.0,234.0,221.0,223.3,39289
2023-10-30,226.8,226.8,210.3,211.6,63340
2023-10-31,204.0,217.9,204.0,214.4,35131
2023-11-01,210.1,218.3,210.1,217.2,24291
2023-11-02,217.0,223.2,213.7,215.0,25134
2023-11-05,219.9,219.9,215.0,217.8,19367
2023-11-06,221.5,227.5,217.2,225.3,71393
2023-11-07,227.9,233.0,223.6,224.8,41628
2023-11-08,229.0,229.0,224.4,226.3,29941
2023-11-09,231.7,231.7,222.5,222.8,24712
2023-11-12,228.0,228.0,215.2,219.0,22970
2023-11-13,223.0,223.5,215.0,216.4,16738
2023-11-14,220.0,220.0,208.0,213.6,6124
2023-11-15,205.0,215.0,205.0,208.9,28191
2023-11-16,215.0,215.0,199.0,200.9,16358
2023-11-19,200.1,208.8,200.0,203.2,17906
2023-11-21,200.2,204.9,196.4,197.0,24125
2023-11-22,200.0,203.8,197.4,202.7,13332
2023-11-23,204.9,204.9,198.2,200.6,23823
2023-11-26,203.9,203.9,197.0,197.7,28138
2023-11-27,200.3,200.3,196.8,197.5,13735
2023-11-28,202.9,202.9,197.1,197.4,2658
2023-11-29,205.0,206.7,197.1,205.2,18180
2023-11-30,209.9,211.0,204.0,209.3,17390
2023-12-03,217.0,224.8,213.8,221.1,36516
2023-12-04,223.0,225.0,214.0,219.4,10342
2023-12-05,223.9,223.9,214.0,217.2,21447
2023-12-06,223.8,223.8,216.0,216.7,5002
2023-12-07,223.0,223.0,213.0,218.0,9497
2023-12-10,223.0,223.0,211.2,216.4,10712
2023-12-11,222.5,222.5,214.0,216.3,5746
2023-12-12,221.8,226.7,213.0,222.4,41718
2023-12-13,226.0,227.0,220.2,225.1,46652
2023-12-14,226.7,226.7,216.0,217.8,15869
2023-12-17,224.9,236.8,220.0,236.8,45181
2023-12-18,248.5,257.5,247.3,250.6,321892
2023-12-19,245.8,260.0,242.5,257.4,90026
2023-12-20,261.0,268.0,245.6,247.8,140944
2023-12-21,240.1,259.9,238.0,243.3,57818
2023-12-24,231.1,255.0,231.1,237.1,48175
2023-12-26,246.5,246.5,224.7,226.3,60995
2023-12-27,234.4,234.9,223.0,228.8,45402
2023-12-28,228.8,237.9,225.3,228.0,63670
2024-01-01,236.9,246.0,228.0,235.3,69075
2024-01-02,239.0,240.0,230.0,231.5,42641
2024-01-03,231.5,237.9,231.5,235.6,20404
2024-01-04,244.9,244.9,235.0,239.8,36236
2024-01-08,234.0,253.5,234.0,250.5,40596
2024-01-09,259.0,259.0,245.2,249.1,62832
2024-01-10,255.0,255.0,247.5,248.3,58605
2024-01-11,250.1,251.0,235.2,241.8,57989
2024-01-14,246.0,246.0,234.0,243.0,36573
2024-01-15,241.0,250.0,238.1,239.6,40652
2024-01-16,246.9,258.8,238.3,255.0,134945
2024-01-17,260.0,268.4,255.0,256.4,98660
2024-01-18,256.0,265.0,248.2,260.7,81032
2024-01-21,260.0,278.9,253.0,275.6,145389
2024-01-22,284.6,284.6,266.3,268.8,78592
2024-01-23,269.0,281.9,267.3,271.8,147060
2024-01-24,280.0,284.8,273.3,275.3,134544
2024-01-25,279.8,286.8,268.3,270.4,164491
2024-01-28,278.0,278.0,246.8,246.9,94866
2024-01-29,232.8,248.0,232.8,239.6,78491
2024-01-30,241.0,256.9,241.0,246.8,45478
2024-01-31,245.0,249.9,225.3,229.9,59226
2024-02-01,235.0,240.0,225.7,229.6,40222
2024-02-04,237.9,247.9,232.0,242.4,68859
2024-02-05,248.9,263.6,243.6,259.6,115756
2024-02-06,268.7,268.7,249.0,254.6,59190
2024-02-07,255.0,270.9,255.0,268.0,84351
2024-02-08,269.7,269.9,256.1,261.4,65354
2024-02-11,263.0,263.0,250.0,252.0,70361
2024-02-12,260.0,260.0,239.6,242.8,80177
2024-02-13,250.0,259.0,245.0,247.9,133792
2024-02-14,251.2,252.0,240.2,244.1,53906
2024-02-15,249.0,249.0,234.4,235.9,22800
2024-02-18,245.0,245.0,226.9,228.6,24550
2024-02-19,239.0,239.0,228.0,231.7,26584
2024-02-20,239.0,239.0,228.0,229.8,31371
