Date,Open,High,Low,Close,Volume
2012-10-01,36.1,36.8,35.1,36.5,804000
2012-10-02,36.9,38.2,36.9,37.2,992000
2012-10-03,37.9,38.0,35.9,36.2,1319500
2012-10-04,36.6,37.0,35.9,36.4,911000
2012-10-07,36.8,37.0,35.8,36.0,1571500
2012-10-08,36.5,36.5,35.6,35.9,916500
2012-10-09,37.4,37.4,35.9,36.0,766000
2012-10-10,36.5,36.5,35.5,35.8,789000
2012-10-11,35.5,36.4,35.5,35.6,675000
2012-10-14,36.0,36.4,35.3,35.6,1171500
2012-10-15,36.3,36.3,35.8,35.9,825000
2012-10-16,36.0,36.3,35.7,35.9,1105500
2012-10-17,35.9,36.1,35.8,35.9,698500
2012-10-18,36.1,37.9,36.0,37.5,1286000
2012-10-21,39.9,40.0,36.4,36.6,1381000
2012-10-22,36.6,36.9,36.0,36.6,690000
2012-10-23,37.1,37.2,36.0,36.1,867000
2012-10-30,36.6,36.6,35.5,35.6,400000
2012-10-31,35.6,35.9,35.2,35.3,489500
2012-11-01,35.6,35.6,35.1,35.2,414500
2012-11-04,35.3,35.5,34.2,34.4,711500
2012-11-05,34.6,34.8,33.9,34.1,669000
2012-11-06,34.2,35.2,34.0,34.1,656000
2012-11-07,34.5,34.5,33.8,33.8,686000
2012-11-08,33.7,34.1,33.6,33.7,555500
2012-11-11,33.0,34.0,32.8,32.9,956000
2012-11-12,32.6,33.6,32.6,32.9,460000
2012-11-13,32.8,34.5,32.8,33.9,331500
2012-11-14,34.1,34.6,33.5,33.8,566500
2012-11-15,34.0,34.5,33.9,34.3,574000
2012-11-18,34.5,34.5,33.8,33.9,412000
2012-11-19,33.4,33.8,33.0,33.2,544000
2012-11-20,34.0,34.0,32.8,32.9,601000
2012-11-21,33.3,33.5,32.7,32.8,481000
2012-11-22,32.9,33.0,32.6,32.8,439000
2012-11-26,32.7,32.9,31.4,31.5,641000
2012-11-27,31.3,31.8,30.8,31.0,684000
2012-11-28,31.4,31.7,30.3,30.7,430000
2012-11-29,32.0,33.2,31.2,33.0,606500
2012-12-02,33.4,34.0,32.6,32.7,426500
2012-12-03,32.5,32.6,32.1,32.1,439500
2012-12-04,32.0,32.2,31.5,32.1,380500
2012-12-05,32.1,33.2,31.9,32.9,587000
2012-12-06,32.5,33.0,32.0,32.4,388500
2012-12-09,32.1,32.2,31.5,31.6,595500
2012-12-10,31.7,31.9,31.4,31.5,410000
2012-12-11,31.6,32.1,31.4,32.0,323000
2012-12-12,32.0,32.3,31.8,31.8,318500
2012-12-13,32.0,33.5,31.9,33.0,412500
2012-12-17,33.1,34.1,33.0,33.8,558000
2012-12-18,33.5,33.7,33.1,33.2,303500
2012-12-19,33.4,33.7,33.4,33.5,290500
2012-12-20,33.8,34.1,33.3,33.3,281500
2012-12-23,33.1,33.2,32.8,32.8,152000
2012-12-24,32.8,33.0,32.7,32.7,267000
2012-12-26,32.8,32.9,32.7,32.7,223500
2012-12-27,32.8,33.4,32.6,32.7,394500
2012-12-30,33.0,33.2,32.8,32.9,516500
2013-01-01,33.3,33.6,33.2,33.2,453500
2013-01-02,33.1,33.2,32.7,32.8,212000
2013-01-03,33.0,33.3,32.9,33.0,223500
2013-01-06,33.0,34.2,33.0,33.8,631500
2013-01-07,33.9,35.3,33.6,35.0,1654500
2013-01-08,35.1,35.7,34.6,34.9,637000
2013-01-09,35.0,35.1,34.4,34.6,516000
2013-01-10,35.0,35.4,34.5,35.2,495500
2013-01-13,35.2,35.4,34.9,34.9,617000
2013-01-14,35.0,35.0,34.4,34.6,504500
2013-01-15,34.7,34.7,34.2,34.4,380000
2013-01-16,34.5,34.5,34.2,34.3,373500
2013-01-17,34.4,34.7,34.2,34.3,529500
2013-01-20,34.5,34.5,34.2,34.2,590500
2013-01-21,34.2,34.2,33.8,33.8,494000
2013-01-22,33.9,34.4,33.8,34.1,691500
2013-01-23,34.9,35.0,34.2,34.4,329500
2013-01-24,34.8,34.8,34.4,34.4,345000
2013-01-27,34.4,35.2,34.3,35.0,449500
2013-01-28,35.0,35.5,34.8,35.4,455000
2013-01-29,35.8,36.5,35.8,36.2,873000
2013-01-30,36.5,36.6,35.6,35.6,722000
2013-01-31,35.7,35.7,35.3,35.4,358000
2013-02-03,35.0,35.4,35.0,35.2,535000
2013-02-04,35.3,35.3,34.7,34.8,510500
2013-02-05,34.8,35.3,34.7,35.1,322000
2013-02-06,35.2,35.5,35.0,35.0,516500
2013-02-07,35.3,35.3,34.8,35.0,438000
2013-02-10,35.1,35.5,35.1,35.4,672500
2013-02-11,35.6,36.0,35.3,35.3,670500
2013-02-12,35.4,35.5,34.8,34.8,806000
2013-02-13,34.8,35.0,34.1,34.3,864000
2013-02-14,34.8,34.9,34.2,34.2,1362000
2013-02-17,34.6,34.9,34.1,34.2,973500
2013-02-18,34.3,34.5,34.0,34.0,730000
2013-02-19,34.3,34.3,33.8,33.9,504000
2013-02-20,34.0,34.0,33.5,33.6,458500
2013-02-24,33.5,33.9,33.3,33.3,256000
2013-02-25,33.4,33.8,32.5,32.8,317000
2013-02-26,33.0,33.6,33.0,33.4,242500
2013-02-27,33.2,34.6,32.7,33.0,837000
2013-02-28,33.4,33.5,32.9,33.1,222000
2013-03-03,33.9,34.0,32.2,32.3,961500
2013-03-04,32.8,33.8,32.8,33.1,280500
2013-03-05,33.6,33.6,32.7,32.8,454000
2013-03-06,33.4,33.4,32.7,32.8,340000
2013-03-07,32.9,33.0,32.6,32.7,333500
2013-03-10,33.0,33.0,32.0,32.1,529500
2013-03-11,32.4,32.4,31.7,31.9,538000
2013-03-12,31.3,32.3,31.3,32.0,276500
2013-03-13,32.2,32.5,32.1,32.2,330000
2013-03-14,33.0,33.0,30.8,31.2,528500
2013-03-18,31.0,32.2,30.0,31.9,2036500
2013-03-19,31.9,33.8,31.9,33.4,1261000
2013-03-20,33.3,34.3,32.8,32.9,655500
2013-03-24,33.8,33.8,31.5,31.6,678500
2013-03-25,32.5,32.8,31.5,31.5,459500
2013-03-27,31.6,31.9,30.7,30.8,1124500
2013-03-28,30.8,31.4,30.8,31.0,1057000
2013-03-31,30.9,31.0,29.9,30.0,1641000
2013-04-01,29.6,29.9,28.6,28.7,1988500
2013-04-02,28.9,29.6,28.4,29.3,1330000
2013-04-03,29.0,30.1,29.0,29.8,1486000
2013-04-04,29.3,30.0,29.2,29.9,1804000
2013-04-07,30.6,31.0,30.1,30.3,1347000
2013-04-08,30.1,30.4,29.9,30.0,2092500
2013-04-10,30.7,31.4,30.0,30.1,700000
2013-04-11,30.0,30.3,29.7,29.8,405500
2013-04-15,30.0,30.3,29.7,30.1,584500
2013-04-16,30.3,30.5,29.2,29.3,761000
2013-04-17,29.8,30.0,29.3,29.6,331500
2013-04-18,29.9,30.0,29.5,29.6,411000
2013-04-21,29.8,29.8,29.1,29.2,378000
2013-04-22,29.3,29.5,29.0,29.0,327000
2013-04-23,28.7,29.7,28.7,29.0,212000
2013-04-24,29.0,29.2,28.9,29.0,316000
2013-04-25,30.0,30.0,29.4,29.7,804500
2013-04-28,29.8,29.8,28.9,29.0,660000
2013-04-29,29.1,29.1,28.8,29.0,799500
2013-04-30,28.8,29.2,28.7,29.0,582500
2013-05-02,28.8,29.6,28.8,29.4,608000
2013-05-05,29.3,29.5,28.9,29.1,297500
2013-05-06,29.0,29.1,28.8,28.9,207500
2013-05-07,29.0,29.3,29.0,29.0,322000
2013-05-08,29.2,29.4,28.8,28.8,438000
2013-05-09,29.5,29.5,28.8,29.0,279000
2013-05-12,29.2,29.7,29.2,29.6,380500
2013-05-13,29.8,30.0,29.4,29.7,520000
2013-05-14,30.0,31.0,30.0,30.9,636000
2013-05-15,31.3,31.3,30.7,30.8,962000
2013-05-16,30.6,31.3,30.6,31.1,525500
2013-05-19,31.3,31.7,31.1,31.4,727500
2013-05-20,31.8,32.5,31.5,32.3,1125500
2013-05-21,32.5,32.7,31.6,31.8,650000
2013-05-22,31.8,32.0,31.2,31.2,647000
2013-05-26,31.2,31.5,30.5,30.5,227500
2013-05-27,30.8,31.2,30.8,30.9,311000
2013-05-28,31.4,31.7,31.1,31.3,607500
2013-05-29,31.4,32.4,31.4,31.7,634000
2013-05-30,32.0,32.3,31.8,31.8,700500
2013-06-02,32.0,32.2,31.8,32.0,1278500
2013-06-03,32.3,32.9,32.0,32.8,1518000
2013-06-04,33.0,33.7,33.0,33.2,1519500
2013-06-05,33.2,33.5,32.8,33.4,1095500
2013-06-06,33.8,34.4,33.5,33.7,1508000
2013-06-09,32.9,34.0,32.6,32.7,854500
2013-06-10,32.8,34.1,32.8,34.0,1454000
2013-06-11,34.3,35.1,34.1,34.7,1540500
2013-06-12,35.0,35.8,34.9,35.0,1046000
2013-06-13,35.0,35.5,34.6,34.7,1018500
2013-06-16,35.0,35.3,34.8,35.0,1267500
2013-06-17,35.5,35.5,34.7,34.8,1980000
2013-06-18,34.9,35.1,34.6,34.9,830500
2013-06-19,35.0,35.2,34.8,34.9,1088500
2013-06-20,35.0,35.0,34.5,34.6,1130500
2013-06-23,34.6,34.8,33.9,34.0,1223500
2013-06-24,34.0,34.0,33.5,33.7,988000
2013-06-26,33.5,34.1,33.5,33.9,1032000
2013-06-27,34.0,34.1,33.6,33.7,1205000
2013-06-30,33.3,34.0,32.6,32.8,2088500
2013-07-02,33.4,33.8,32.5,33.5,1188000
2013-07-03,34.2,34.2,32.6,32.8,1584000
2013-07-04,33.0,33.7,32.8,33.4,915500
2013-07-07,33.4,33.6,33.0,33.2,1092000
2013-07-08,33.3,33.3,32.9,32.9,1010000
2013-07-09,33.3,36.1,32.9,35.2,2714500
2013-07-10,36.0,36.0,34.8,34.9,1136500
2013-07-11,34.8,35.3,34.7,34.7,717000
2013-07-14,35.0,35.0,33.4,33.6,715000
2013-07-15,33.5,34.3,33.5,33.9,688000
2013-07-16,34.3,34.3,33.6,33.7,1016500
2013-07-17,33.9,33.9,33.0,33.1,1064000
2013-07-18,33.4,33.5,33.0,33.1,489500
2013-07-21,32.8,33.0,32.6,32.6,656000
2013-07-22,32.5,32.6,32.3,32.4,628500
2013-07-23,32.5,32.7,31.8,31.9,765500
2013-07-24,32.4,34.0,32.0,32.3,715500
2013-07-25,32.6,32.9,31.7,31.8,1147000
2013-07-28,32.3,32.3,31.5,31.6,329500
2013-07-29,31.6,32.1,31.4,31.5,397000
2013-07-30,31.7,31.7,31.0,31.1,567500
2013-07-31,31.4,31.5,31.1,31.1,744000
2013-08-01,31.3,31.3,30.9,31.1,368000
2013-08-04,31.0,31.9,31.0,31.6,506000
2013-08-05,32.0,32.5,31.5,31.9,511500
2013-08-12,31.8,32.0,31.8,31.8,165000
2013-08-13,31.8,32.0,31.7,31.8,306000
2013-08-14,31.9,31.9,31.4,31.6,294500
2013-08-18,32.2,32.2,31.8,31.8,662500
2013-08-19,31.9,32.3,31.8,32.1,877000
2013-08-20,32.4,32.7,32.1,32.2,622000
2013-08-21,32.5,32.6,32.2,32.3,544500
2013-08-22,32.0,32.5,32.0,32.3,402000
2013-08-25,32.8,33.8,32.4,33.0,724000
2013-08-26,33.9,33.9,33.0,33.5,820500
2013-08-27,33.4,34.6,33.4,34.3,1501500
2013-08-29,34.4,36.1,33.9,35.5,3997000
2013-09-01,35.9,36.4,35.6,35.7,2023500
2013-09-02,36.0,36.2,34.5,34.5,803500
2013-09-03,33.4,34.7,33.4,34.4,534500
2013-09-04,35.0,35.6,34.6,34.9,835000
2013-09-05,35.1,35.2,34.4,34.8,660500
2013-09-08,35.2,35.2,33.9,33.9,567500
2013-09-09,33.9,34.3,33.9,34.0,452500
2013-09-10,34.2,34.2,34.0,34.0,454500
2013-09-11,34.5,35.2,34.0,35.0,1150500
2013-09-12,34.3,36.0,34.3,35.6,1925500
2013-09-15,35.3,36.0,35.3,35.9,811000
2013-09-16,36.0,36.1,35.6,35.8,1005500
2013-09-17,35.2,35.8,34.9,35.0,628000
2013-09-18,35.0,35.0,34.5,34.5,702500
2013-09-19,34.6,34.6,34.2,34.3,534500
2013-09-22,34.3,34.4,33.7,33.7,871500
2013-09-23,33.7,34.0,33.4,33.4,786500
2013-09-24,33.8,34.0,33.6,33.8,785500
2013-09-25,34.0,34.0,33.7,33.7,372500
2013-09-26,33.7,33.7,33.2,33.3,426500
2013-09-29,33.3,33.5,33.1,33.1,300000
2013-09-30,33.9,33.9,33.1,33.2,321500
2013-10-01,33.1,33.4,33.1,33.2,260500
2013-10-02,33.5,34.5,33.3,33.8,668000
2013-10-03,33.6,34.0,33.6,33.7,215500
2013-10-06,33.5,33.9,33.4,33.6,542000
2013-10-07,33.7,33.8,33.6,33.7,429500
2013-10-08,33.8,33.8,33.0,33.1,630000
2013-10-09,33.1,33.5,33.0,33.3,776500
2013-10-10,33.6,33.7,33.2,33.3,416500
2013-10-20,33.3,33.6,32.9,33.1,337500
2013-10-21,33.2,33.2,32.2,32.9,960000
2013-10-22,33.2,33.4,33.1,33.1,242000
2013-10-23,33.0,33.3,33.0,33.0,249500
2013-10-24,32.5,32.6,31.5,31.6,775500
2013-10-27,31.9,32.0,31.5,31.6,366000
2013-10-28,32.0,32.0,31.1,31.5,615000
2013-10-29,31.3,31.7,31.2,31.2,450000
2013-10-30,31.5,31.6,31.1,31.1,617500
2013-10-31,31.2,31.3,30.8,30.9,553000
2013-11-03,31.0,31.2,30.9,31.0,434500
2013-11-04,31.6,31.6,31.0,31.2,686000
2013-11-05,31.4,31.7,31.1,31.1,518500
2013-11-06,31.4,31.4,31.2,31.3,219500
2013-11-07,31.3,32.0,31.3,31.8,494000
2013-11-10,31.9,31.9,31.2,31.3,586500
2013-11-11,31.4,31.4,31.2,31.3,253500
2013-11-12,31.3,31.5,31.1,31.1,428500
2013-11-13,31.2,31.8,31.1,31.2,392500
2013-11-14,31.5,31.5,31.2,31.2,331000
2013-11-17,31.4,31.5,31.2,31.3,768500
2013-11-18,31.4,31.7,31.4,31.5,280000
2013-11-19,31.5,32.2,31.5,32.1,654500
2013-11-20,32.5,32.9,32.0,32.4,703500
2013-11-21,32.5,32.7,32.0,32.2,415000
2013-11-24,32.3,32.4,31.7,31.7,427000
2013-11-25,32.7,34.0,32.0,32.5,904000
2013-11-26,32.8,33.0,32.5,32.6,394500
2013-11-27,32.8,33.0,32.3,32.4,349000
2013-11-28,32.4,33.0,32.1,32.6,1158500
2013-12-01,32.5,32.6,32.2,32.5,587500
2013-12-02,32.8,33.5,32.5,33.0,668500
2013-12-03,32.9,33.5,32.9,33.4,494500
2013-12-04,33.6,33.8,33.2,33.5,562500
2013-12-05,33.5,33.5,32.8,32.9,629000
2013-12-08,33.1,33.2,32.9,32.9,271500
2013-12-09,33.1,33.2,32.7,32.7,459000
2013-12-10,32.7,33.0,32.7,32.9,664000
2013-12-11,32.8,33.0,32.6,32.7,518500
2013-12-12,33.3,33.4,32.3,32.3,629500
2013-12-15,32.5,32.5,31.9,32.2,617500
2013-12-17,32.3,32.6,31.8,31.8,469500
2013-12-18,32.0,32.0,31.7,31.8,392500
2013-12-19,31.8,31.9,31.6,31.7,229000
2013-12-22,31.6,31.7,31.5,31.5,600000
2013-12-23,31.7,31.7,31.5,31.5,216500
2013-12-24,31.5,31.7,31.3,31.4,248000
2013-12-26,31.4,31.6,31.0,31.3,455500
2013-12-29,31.5,33.4,31.2,33.1,1361500
2013-12-30,33.8,34.2,33.0,33.5,1388000
2014-01-01,33.5,34.1,33.4,33.7,923000
2014-01-02,34.0,34.0,33.1,33.2,400500
2014-01-06,33.5,33.7,32.5,32.8,526500
2014-01-07,33.5,33.5,32.4,32.5,497000
2014-01-08,32.8,33.0,32.6,32.8,449500
2014-01-09,33.0,33.1,32.7,32.9,339000
2014-01-12,32.9,33.1,32.8,32.8,595000
2014-01-13,32.9,34.4,32.9,34.0,1130000
2014-01-15,34.2,37.4,34.2,37.3,6646000
2014-01-16,39.4,39.4,36.7,37.1,2579000
2014-01-19,37.6,37.7,36.8,37.2,1497500
2014-01-20,37.2,38.0,37.2,37.5,1942500
2014-01-21,37.2,39.6,37.2,39.1,3007000
2014-01-22,40.0,40.5,39.7,40.3,3145500
2014-01-23,40.8,42.3,40.6,42.0,3530000
2014-01-26,43.5,45.5,42.0,43.9,3858500
2014-01-27,44.0,44.5,41.2,42.5,1824000
2014-01-28,42.8,42.8,39.8,40.1,2499500
2014-01-29,40.1,41.5,40.1,40.8,1139000
2014-01-30,40.5,41.4,39.7,39.9,1572000
2014-02-02,40.1,42.3,40.1,41.9,1905000
2014-02-03,42.2,42.4,41.7,42.1,1040000
2014-02-04,42.5,43.7,42.5,43.2,1699000
2014-02-05,43.0,44.4,43.0,43.4,2206000
2014-02-06,43.5,44.2,42.6,42.8,1942500
2014-02-09,43.0,43.0,41.7,41.7,1179500
2014-02-10,41.4,42.9,41.4,41.5,959000
2014-02-11,41.8,41.8,40.7,40.9,749000
2014-02-12,40.9,41.1,40.3,40.5,836000
2014-02-13,40.6,40.7,38.9,39.2,1586000
2014-02-16,39.3,39.8,38.0,38.1,754500
2014-02-17,38.3,38.5,38.0,38.1,740000
2014-02-18,38.3,38.9,38.1,38.7,690000
2014-02-19,39.0,41.4,39.0,41.1,1700000
2014-02-20,42.0,42.0,40.9,41.4,1653500
2014-02-23,41.8,42.8,40.5,41.3,2135000
2014-02-24,41.5,41.5,38.5,38.9,2258000
2014-02-25,39.2,39.2,37.8,37.9,1317000
2014-02-26,38.0,39.5,37.5,39.2,1474500
2014-02-27,40.9,42.2,40.1,40.5,2443000
2014-03-02,41.7,41.8,38.6,39.1,2363500
2014-03-03,39.5,39.5,38.4,38.5,2029500
2014-03-04,38.1,42.2,38.1,41.6,5728500
2014-03-05,41.6,43.7,41.6,42.9,5240500
2014-03-06,43.3,43.9,42.2,43.0,3647000
2014-03-09,43.1,47.3,43.0,47.0,8966500
2014-03-10,47.9,49.6,47.0,47.2,5873000
2014-03-11,47.8,47.8,45.5,45.8,2340000
2014-03-12,45.8,48.0,45.7,47.7,2450000
2014-03-13,47.8,49.7,47.8,48.8,3526000
2014-03-16,49.1,49.7,48.7,49.5,2673000
2014-03-18,49.4,49.4,47.8,47.9,2391500
2014-03-19,47.0,48.1,46.9,47.9,2154500
2014-03-20,47.2,49.1,47.2,48.7,1781000
2014-03-23,48.9,49.0,48.4,48.5,1070500
2014-03-24,48.9,49.4,46.8,47.2,2958000
2014-03-25,47.4,47.4,46.2,46.5,3300500
2014-03-27,46.6,47.5,46.6,47.0,2133500
2014-03-30,47.5,48.4,47.0,48.1,2712500
2014-03-31,49.0,50.0,48.4,49.7,5747500
2014-04-01,49.9,52.8,49.9,52.2,6116500
2014-04-02,51.5,54.5,51.1,51.2,5994000
2014-04-03,51.5,52.2,49.6,51.2,4577500
2014-04-06,54.5,55.0,51.5,52.1,8584000
2014-04-08,55.0,57.3,55.0,57.3,3814500
2014-04-09,63.0,63.0,57.5,59.5,12619000
2014-04-10,59.5,60.0,55.6,56.4,5919000
2014-04-13,55.8,58.5,55.5,58.1,2555500
2014-04-15,60.0,63.5,60.0,63.1,5262500
2014-04-16,64.5,69.4,64.5,69.3,5818500
2014-04-17,70.0,74.9,66.7,68.3,6968000
2014-04-20,68.3,72.9,68.0,72.0,3700500
2014-04-21,72.5,73.5,69.3,70.0,2432500
2014-04-22,69.9,69.9,65.0,67.1,3911000
2014-04-23,66.6,67.0,63.9,64.9,3955000
2014-04-24,64.4,64.8,62.7,62.9,3169500
2014-04-27,62.9,69.1,62.8,68.6,2788500
2014-04-28,69.0,69.9,63.6,64.9,5770500
2014-04-29,64.5,65.0,63.7,64.2,2188000
2014-04-30,64.1,69.5,63.8,67.7,2369500
2014-05-04,68.5,71.4,68.5,69.1,1391500
2014-05-05,69.1,71.1,66.9,67.0,1947000
2014-05-06,67.4,67.4,65.8,66.9,1415500
2014-05-07,67.5,67.7,66.3,67.0,1300000
2014-05-08,66.9,69.6,66.9,69.2,1899500
2014-05-11,69.9,70.0,68.0,68.4,1347500
2014-05-12,68.5,68.8,67.8,68.5,1257500
2014-05-14,68.0,68.7,67.6,67.8,1652500
2014-05-15,67.5,67.7,66.1,67.4,1715500
2014-05-18,67.0,67.6,66.9,66.9,1306000
2014-05-19,66.9,67.1,66.2,66.3,949500
2014-05-20,67.0,67.4,66.5,67.1,1284500
2014-05-21,67.9,70.0,67.1,69.2,2604500
2014-05-22,70.0,70.9,69.0,69.3,2655000
2014-05-25,69.9,70.0,68.2,69.1,1113500
2014-05-26,69.5,69.5,68.3,68.8,1742000
2014-05-27,68.6,70.9,68.6,70.6,2494000
2014-05-28,71.3,74.4,71.3,73.7,5671500
2014-05-29,74.9,80.9,74.8,78.5,5995500
2014-06-01,81.0,84.3,80.0,82.2,3290500
2014-06-02,82.8,82.8,79.8,80.3,2083500
2014-06-03,81.0,83.7,80.1,83.1,2494000
2014-06-04,84.0,89.7,84.0,89.5,3799500
2014-06-05,91.0,93.2,89.5,90.1,3186000
2014-06-08,89.3,89.3,81.1,84.8,6012000
2014-06-09,87.8,92.8,87.1,92.0,3626500
2014-06-10,96.0,99.3,82.2,86.5,6057000
2014-06-11,87.0,87.5,78.2,79.8,4992500
2014-06-12,79.0,83.7,75.0,82.5,3724000
2014-06-15,83.8,85.4,82.0,84.1,1196500
2014-06-16,85.9,90.3,85.8,89.7,1749500
2014-06-17,90.6,91.7,85.1,86.9,3955500
2014-06-18,87.0,88.0,84.0,84.6,2947500
2014-06-19,83.9,84.1,81.3,81.7,3769500
2014-06-22,81.0,83.5,78.1,82.0,4303000
2014-06-23,83.5,84.5,82.2,83.7,2577000
2014-06-24,83.0,83.9,81.5,82.0,2490500
2014-06-25,82.0,83.5,81.7,82.8,3079500
2014-06-26,83.0,83.4,82.0,82.6,2843000
2014-06-29,83.3,84.3,82.8,83.3,4124500
2014-07-02,83.3,84.0,80.3,81.1,1238000
2014-07-03,81.0,81.5,78.5,78.9,1307000
2014-07-06,77.1,79.0,77.1,77.7,819000
2014-07-07,78.2,78.3,75.0,75.3,1451000
2014-07-08,74.8,78.0,73.8,77.2,1553000
2014-07-09,78.9,81.0,78.1,79.2,784500
2014-07-10,79.0,79.2,77.4,78.6,799500
2014-07-13,78.2,78.2,75.0,76.5,853500
2014-07-14,76.6,80.0,76.6,79.6,671500
2014-07-15,79.9,81.4,79.5,80.8,641000
2014-07-16,81.0,84.3,80.9,83.7,1271500
2014-07-17,84.4,84.8,82.4,83.1,539000
2014-07-20,83.2,83.7,81.6,82.3,681000
2014-07-21,82.3,82.6,81.2,82.3,546000
2014-07-22,82.4,84.4,82.1,83.9,1173000
2014-07-23,85.9,86.8,83.4,83.6,2012500
2014-07-24,85.8,85.9,83.0,85.4,1892500
2014-08-03,85.9,90.0,85.1,89.9,1825000
2014-08-04,90.0,94.0,90.0,92.1,2338500
2014-08-05,92.5,92.5,89.0,90.1,1742500
2014-08-06,90.5,91.8,89.6,91.0,1164500
2014-08-07,91.3,92.5,90.8,91.8,1179500
2014-08-10,92.5,95.7,92.3,95.3,2184000
2014-08-11,96.7,99.0,96.7,98.8,2465000
2014-08-12,99.5,102.2,96.3,96.8,2892500
2014-08-13,98.8,100.2,97.0,99.6,1239000
2014-08-14,100.5,104.7,100.0,104.2,2664500
2014-08-18,105.0,114.3,105.0,113.8,3183000
2014-08-19,113.0,117.0,109.3,114.8,3278000
2014-08-20,115.0,117.0,112.7,113.7,2330000
2014-08-21,112.6,114.6,110.0,112.8,1853500
2014-08-24,112.9,113.0,109.1,109.5,1730000
2014-08-25,109.9,110.0,103.7,109.9,2920000
2014-08-26,111.0,112.0,106.2,107.3,1421500
2014-08-27,106.0,108.7,106.0,107.1,938500
2014-08-28,106.6,107.8,105.6,106.4,1990500
2014-08-31,106.4,107.8,104.8,105.3,1166000
2014-09-01,106.6,110.0,104.1,108.8,1281500
2014-09-02,110.0,115.1,110.0,114.7,2003000
2014-09-03,117.8,119.9,116.9,119.1,2187000
2014-09-04,120.9,122.5,118.2,119.2,2029500
2014-09-07,119.9,121.0,116.9,117.2,1047500
2014-09-08,117.2,117.2,113.8,115.3,1251000
2014-09-09,117.0,121.0,116.0,120.7,1589000
2014-09-10,122.8,125.2,122.8,123.6,1842500
2014-09-11,124.6,126.8,124.5,125.7,1512500
2014-09-14,127.8,131.8,127.3,131.1,2405500
2014-09-15,132.9,133.7,128.6,130.3,2025000
2014-09-16,130.6,139.9,130.6,138.9,2522000
2014-09-17,139.0,144.9,139.0,140.7,2734500
2014-09-18,143.0,143.4,138.5,138.8,1636500
2014-09-21,138.8,138.8,132.0,133.4,1998500
2014-09-22,132.7,134.9,125.5,126.6,2600000
2014-09-23,124.5,130.9,124.5,126.9,1707000
2014-09-24,126.9,139.5,126.9,139.4,1733000
2014-09-25,142.0,145.4,139.9,142.2,1397500
2014-09-28,140.0,142.1,135.0,136.2,1259000
2014-09-29,136.2,138.4,132.2,137.0,1131000
2014-09-30,137.8,138.8,135.8,137.3,1189500
2014-10-01,138.0,139.8,137.1,138.3,1310000
2014-10-02,138.3,140.9,137.1,138.3,1411500
2014-10-12,139.3,139.9,136.1,136.6,764000
2014-10-13,137.0,139.8,135.9,138.0,1462500
2014-10-14,140.0,141.4,136.6,136.9,955500
2014-10-15,138.1,138.9,136.2,136.5,636000
2014-10-16,138.3,138.3,135.3,135.9,847500
2014-10-19,136.1,136.3,133.0,133.3,956000
2014-10-20,133.0,135.0,125.6,128.3,1499000
2014-10-21,128.5,134.5,128.5,133.4,1185500
2014-10-22,133.6,134.2,131.0,132.2,766500
2014-10-23,139.0,140.0,131.3,131.7,1300000
2014-10-26,132.0,133.5,127.1,127.7,886500
2014-10-27,128.0,130.8,125.2,128.9,1104000
2014-10-28,134.0,134.0,128.3,129.3,540000
2014-10-29,128.5,130.0,127.7,128.0,469500
2014-10-30,129.5,134.9,128.1,134.5,1030500
2014-11-02,134.1,135.0,130.2,131.1,382500
2014-11-03,130.4,131.5,128.2,128.5,430000
2014-11-05,126.9,130.0,124.5,125.2,1048000
2014-11-06,125.5,127.4,123.0,124.4,645000
2014-11-09,124.1,124.1,113.0,114.3,1900000
2014-11-10,115.0,119.0,110.0,112.3,1883500
2014-11-11,112.5,119.0,112.5,118.1,535500
2014-11-12,120.0,125.0,119.2,124.2,626500
2014-11-13,125.7,128.2,122.1,123.4,495000
2014-11-16,124.0,124.4,119.8,119.9,337500
2014-11-17,120.0,120.0,116.0,116.3,374000
2014-11-18,117.9,119.0,114.0,115.0,368500
2014-11-19,117.9,118.0,115.0,115.7,245500
2014-11-20,115.6,116.8,112.6,114.9,485500
2014-11-23,114.6,114.7,112.1,112.5,430000
2014-11-24,112.0,112.1,104.4,105.7,1775500
2014-11-25,106.0,116.1,106.0,112.9,1222000
2014-11-26,112.9,119.0,109.9,110.5,936000
2014-11-27,113.5,113.5,108.7,109.5,453500
2014-11-30,110.0,110.1,104.6,107.4,767000
2014-12-01,108.0,112.2,107.6,110.8,1003000
2014-12-02,113.1,118.0,113.0,117.0,822500
2014-12-03,119.0,120.0,116.2,119.0,689500
2014-12-04,119.5,120.0,116.3,116.8,354500
2014-12-07,116.4,116.5,114.2,115.2,339500
2014-12-08,115.5,115.5,113.5,113.8,428500
2014-12-09,114.4,115.5,113.9,114.0,862000
2014-12-10,115.4,115.4,112.8,113.2,348000
2014-12-11,115.9,115.9,112.0,112.7,282157
2014-12-14,112.7,117.0,112.2,115.5,348263
2014-12-15,117.0,117.0,114.5,115.5,500404
2014-12-17,116.7,116.7,112.1,113.1,724075
2014-12-18,116.0,120.3,114.2,115.0,515526
2014-12-21,115.1,119.5,115.0,118.1,457066
2014-12-22,120.7,122.2,119.8,120.1,1264767
2014-12-23,120.2,121.0,118.4,119.7,939467
2014-12-24,119.8,120.3,118.5,119.5,532496
2014-12-28,120.3,122.0,119.4,121.1,717676
2014-12-29,122.2,122.3,120.5,120.9,800423
2014-12-30,121.7,123.2,121.5,123.0,660440
2015-01-01,124.0,132.1,123.2,131.6,1227821
2015-01-05,132.1,136.5,132.1,134.7,1422483
2015-01-06,136.4,137.8,135.1,136.2,1289171
2015-01-07,137.5,141.0,135.8,136.3,1273840
2015-01-08,138.0,138.0,130.6,133.3,1104049
2015-01-11,133.5,133.7,128.3,128.6,847239
2015-01-12,131.9,132.0,126.5,130.4,790128
2015-01-13,131.9,134.9,130.6,132.8,626923
2015-01-14,132.6,133.8,131.1,131.7,348047
2015-01-15,130.0,132.3,130.0,131.5,396800
2015-01-18,131.0,131.4,128.5,128.7,463037
2015-01-19,129.0,129.8,127.8,128.6,482129
2015-01-20,131.9,131.9,128.4,129.3,447165
2015-01-21,129.0,129.0,123.0,126.1,1482375
2015-01-22,125.5,127.3,125.3,126.0,606618
2015-01-25,126.0,126.3,120.5,122.3,1017554
2015-01-26,122.4,124.5,121.6,121.6,275495
2015-01-27,124.8,125.0,120.7,124.5,387067
2015-01-28,124.0,125.9,123.5,124.5,321204
2015-01-29,124.7,125.0,122.6,124.5,623925
2015-02-01,123.0,123.9,119.5,122.1,750758
2015-02-02,120.5,121.0,118.0,119.2,665635
2015-02-03,118.0,119.5,116.9,118.6,584648
2015-02-04,119.0,119.0,117.0,117.8,513286
2015-02-05,118.7,121.0,116.6,118.6,397474
2015-02-08,122.0,125.5,118.8,122.9,862176
2015-02-09,124.0,125.1,122.7,123.1,492300
2015-02-10,124.5,128.0,123.7,127.3,929108
2015-02-11,128.4,130.6,126.6,127.6,863687
2015-02-12,129.3,129.3,127.1,127.8,356050
2015-02-15,128.0,129.0,127.5,127.9,363533
2015-02-16,128.0,128.0,123.5,123.8,550593
2015-02-17,124.4,125.4,122.5,124.5,224846
2015-02-18,125.5,125.5,121.8,122.0,584366
2015-02-19,122.2,122.9,119.9,120.2,924448
2015-02-22,123.7,123.7,119.7,119.9,849275
2015-02-23,120.8,122.9,119.9,121.5,631798
2015-02-24,122.9,122.9,119.5,119.9,689270
2015-02-25,122.0,122.9,115.0,116.0,1431072
2015-02-26,116.0,117.9,115.3,116.4,775148
2015-03-01,116.8,117.7,109.9,110.4,1596261
2015-03-02,110.0,113.0,108.1,112.8,616003
2015-03-03,114.1,119.0,114.0,116.5,627890
2015-03-04,118.3,118.3,112.0,112.9,854838
2015-03-05,113.9,117.0,109.5,116.3,1237185
2015-03-08,114.1,115.9,109.5,110.3,1173530
2015-03-09,110.2,114.8,110.0,113.0,541948
2015-03-10,114.0,123.2,114.0,122.2,1030428
2015-03-11,124.0,127.2,120.0,122.2,1225556
2015-03-12,121.1,125.3,118.5,124.6,1021742
2015-03-15,125.6,126.2,122.8,124.0,835918
2015-03-16,124.6,124.6,116.3,118.8,774359
2015-03-18,114.0,114.0,107.0,110.3,3454815
2015-03-19,113.0,115.9,112.0,114.6,850852
2015-03-22,118.0,126.0,118.0,123.5,1380362
2015-03-23,124.9,125.0,118.0,120.2,585640
2015-03-24,123.0,124.5,119.8,121.1,1287987
2015-03-25,121.8,122.9,119.6,119.8,991168
2015-03-29,120.7,120.7,116.3,117.1,1258981
2015-03-30,117.1,117.6,113.4,114.5,1170705
2015-03-31,114.2,115.3,110.8,114.5,1700120
2015-04-01,112.4,116.0,112.0,113.4,963128
2015-04-02,114.0,116.0,111.4,112.3,1756715
2015-04-05,112.1,114.1,111.7,113.3,1276668
2015-04-06,113.9,116.0,113.5,113.7,1838877
2015-04-08,113.0,113.5,111.0,112.3,528128
2015-04-09,113.0,115.8,112.1,113.6,479649
2015-04-12,115.0,115.5,112.9,113.3,444252
2015-04-13,113.0,113.4,112.6,112.8,70128
2015-04-15,112.8,112.8,109.5,109.7,921907
2015-04-16,110.5,110.6,107.9,108.1,725200
2015-04-19,108.0,109.1,104.9,105.2,773190
2015-04-20,106.0,110.3,106.0,108.9,467815
2015-04-21,108.2,109.9,107.7,108.0,290498
2015-04-22,109.5,111.8,108.5,110.3,388031
2015-04-23,110.5,111.0,106.3,108.1,239338
2015-04-26,108.7,109.0,106.6,106.9,199479
2015-04-27,108.0,109.0,105.7,107.0,419228
2015-04-29,107.0,107.9,105.1,106.1,255161
2015-04-30,106.0,108.0,105.2,106.6,544984
2015-05-04,107.0,107.0,98.0,102.7,1024869
2015-05-05,102.5,105.8,102.5,104.2,338410
2015-05-06,105.9,110.0,104.2,108.1,493107
2015-05-07,109.9,111.4,107.5,108.2,641459
2015-05-10,110.0,115.0,110.0,112.9,860645
2015-05-11,114.8,114.8,108.5,109.0,401487
2015-05-12,109.3,110.7,108.1,108.6,304221
2015-05-13,108.1,109.6,107.7,107.9,288356
2015-05-14,107.6,108.8,106.5,106.9,334385
2015-05-17,107.5,107.6,104.8,105.0,603921
2015-05-18,106.7,107.9,106.0,107.1,546580
2015-05-19,108.0,109.5,107.7,108.1,435512
2015-05-20,108.7,108.8,106.4,106.7,300196
2015-05-21,107.5,108.9,106.2,106.5,583939
2015-05-24,108.9,108.9,106.2,106.6,192963
2015-05-25,107.8,109.6,106.8,109.0,593299
2015-05-26,110.5,118.9,110.5,115.6,1141663
2015-05-27,117.0,120.0,115.2,116.5,1043330
2015-05-28,118.6,120.0,115.1,115.7,728058
2015-05-31,118.0,119.4,114.8,117.0,1021349
2015-06-01,118.9,124.0,118.0,121.9,1580236
2015-06-02,124.0,126.0,123.0,123.8,891921
2015-06-04,125.0,125.9,123.6,124.9,912771
2015-06-07,126.0,130.0,126.0,128.3,1051707
2015-06-08,129.9,132.8,128.0,129.3,1602726
2015-06-09,130.0,130.9,122.5,123.5,965210
2015-06-10,125.0,128.5,124.5,127.0,922875
2015-06-11,128.9,130.9,117.0,118.3,1091452
2015-06-14,118.8,118.8,112.0,115.0,620734
2015-06-15,115.3,119.9,114.0,118.7,365115
2015-06-16,120.0,121.8,118.1,120.9,384905
2015-06-17,121.1,121.4,118.8,119.0,367609
2015-06-18,118.1,119.4,114.8,116.1,868119
2015-06-21,116.0,116.5,114.1,115.7,565258
2015-06-22,115.0,117.5,115.0,115.2,731936
2015-06-23,120.0,122.9,116.6,118.0,3141386
2015-06-24,117.9,118.1,113.5,114.0,1234511
2015-06-25,113.0,114.4,111.0,112.4,968143
2015-06-28,113.0,115.0,111.2,113.9,1737769
2015-06-29,115.0,116.9,114.3,116.1,1508639
2015-06-30,117.0,119.2,116.3,118.1,2082576
2015-07-05,119.7,121.3,115.2,115.9,2499699
2015-07-06,115.7,116.4,114.7,115.8,960937
2015-07-07,116.7,117.8,114.5,114.8,1242832
2015-07-08,115.4,115.6,113.9,114.1,1175902
2015-07-09,114.5,115.1,114.1,114.3,822856
2015-07-12,117.0,117.0,110.1,110.7,2945849
2015-07-13,111.0,114.0,110.4,112.8,1378738
2015-07-14,113.8,115.0,112.9,114.5,1379782
2015-07-21,115.5,122.5,115.1,121.5,3522665
2015-07-22,122.2,124.5,119.0,119.8,2388214
2015-07-23,121.0,125.9,120.0,125.4,5453909
2015-07-26,126.0,130.0,125.5,125.9,4793459
2015-07-27,126.0,126.0,121.5,122.5,2888209
2015-07-28,123.9,124.5,121.8,124.0,2542045
2015-07-29,124.8,125.5,122.0,123.3,1902376
2015-07-30,124.0,127.8,123.7,127.0,3315180
2015-08-02,128.1,129.6,125.3,125.8,2339483
2015-08-03,126.5,126.8,124.6,125.0,1919329
2015-08-04,125.9,127.5,125.1,125.5,2556005
2015-08-05,126.0,126.5,124.0,124.3,1687525
2015-08-06,124.6,125.0,122.6,123.3,1678397
2015-08-09,123.6,123.6,121.0,121.3,1815381
2015-08-10,123.0,126.2,122.2,123.8,1904462
2015-08-11,124.0,125.5,121.6,122.1,840048
2015-08-12,121.5,122.6,121.2,121.6,1072993
2015-08-13,123.4,123.4,121.0,121.2,1166765
2015-08-16,121.6,121.6,119.4,119.8,872873
2015-08-17,119.8,119.9,116.5,116.8,1364976
2015-08-18,117.2,119.2,115.8,117.8,1095424
2015-08-19,118.1,120.0,117.5,117.9,916048
2015-08-20,116.0,116.7,113.6,116.3,2787811
2015-08-23,116.0,116.0,113.5,114.3,1292575
2015-08-24,114.8,115.3,113.7,114.0,1232331
2015-08-25,113.9,115.0,112.6,114.5,1919825
2015-08-26,115.0,115.5,114.2,115.3,787580
2015-08-27,115.5,115.5,114.7,115.2,1075919
2015-08-30,114.2,115.9,113.5,113.7,643051
2015-08-31,114.0,114.2,112.0,112.5,1110817
2015-09-01,113.0,113.0,109.7,111.0,1124402
2015-09-02,111.1,114.0,111.1,113.4,656211
2015-09-03,112.9,114.4,112.9,113.7,761710
2015-09-06,113.7,113.7,111.4,111.6,840019
2015-09-07,111.3,112.1,111.0,111.5,792350
2015-09-08,112.0,112.1,110.0,111.1,1012463
2015-09-09,111.0,111.1,109.2,109.9,708651
2015-09-10,109.8,110.4,106.8,108.0,1120207
2015-09-13,108.4,108.4,104.9,105.1,1410233
2015-09-14,105.5,109.0,105.4,108.4,1457588
2015-09-15,109.4,111.0,109.1,109.4,1037788
2015-09-16,109.1,109.5,106.8,107.4,616975
2015-09-17,108.0,108.4,106.9,107.9,631073
2015-09-20,108.0,109.1,107.0,107.2,771341
2015-09-21,107.2,107.7,106.7,107.1,855032
2015-09-22,107.0,108.9,107.0,108.2,817404
2015-09-28,109.5,112.8,108.5,110.9,1585540
2015-09-29,111.5,111.5,108.0,108.3,653831
2015-09-30,108.9,109.5,107.3,107.6,745955
2015-10-01,108.4,108.4,107.1,107.5,685987
2015-10-04,108.4,108.4,105.8,106.0,777179
2015-10-05,106.0,106.4,104.8,106.1,778997
2015-10-06,107.0,107.0,104.4,105.0,838920
2015-10-07,105.1,105.9,103.4,103.8,1043035
2015-10-08,104.0,104.0,99.0,100.3,1793284
2015-10-11,99.9,99.9,94.1,96.1,2405439
2015-10-12,96.9,100.8,96.2,100.0,1619517
2015-10-13,101.8,101.8,98.0,98.3,1566651
2015-10-14,97.7,97.7,95.4,96.2,1274730
2015-10-15,96.1,96.1,87.1,89.8,3622179
2015-10-18,90.0,90.0,81.1,83.1,5591467
2015-10-19,83.8,90.9,83.2,90.1,3136157
2015-10-20,90.2,90.6,87.5,89.6,2977198
2015-10-21,85.6,89.9,85.2,89.3,2595338
2015-10-25,89.7,89.7,86.9,88.2,601141
2015-10-26,88.3,88.8,85.0,85.4,1680529
2015-10-27,85.5,85.8,81.9,82.6,2035012
2015-10-28,82.9,83.0,80.3,82.3,1506870
2015-10-29,82.1,84.7,81.9,83.5,1033304
2015-11-01,83.0,83.5,81.2,83.1,1256951
2015-11-02,83.7,86.1,82.3,85.5,1152410
2015-11-03,85.4,86.6,84.9,85.7,762677
2015-11-04,85.6,85.6,84.2,84.7,748463
2015-11-05,84.4,85.5,83.9,85.0,923253
2015-11-08,84.5,84.7,82.0,82.5,999176
2015-11-09,83.0,83.3,81.5,82.8,1237792
2015-11-10,84.2,84.9,83.1,83.7,823297
2015-11-11,83.6,84.2,81.5,82.3,570552
2015-11-12,83.4,83.5,82.2,83.0,567227
2015-11-15,83.2,83.3,81.5,81.8,722584
2015-11-16,82.2,83.1,82.0,82.8,826264
2015-11-17,83.0,83.4,82.1,83.0,822870
2015-11-18,83.0,83.1,82.0,83.0,566829
2015-11-19,83.0,83.0,82.3,82.7,674049
2015-11-22,83.3,83.4,82.7,83.2,858792
2015-11-23,83.9,86.6,83.9,85.1,1919746
2015-11-24,85.1,85.4,83.9,84.3,862761
2015-11-25,84.3,84.8,82.9,83.2,860847
2015-11-26,83.4,84.2,82.1,82.3,659166
2015-11-29,82.3,82.9,80.7,81.0,1135325
2015-11-30,81.5,82.3,80.6,81.6,1102612
2015-12-01,82.3,83.2,81.8,82.1,663898
2015-12-02,82.6,82.7,81.5,81.6,709678
2015-12-03,81.4,85.8,81.3,85.0,2546360
2015-12-06,86.0,87.9,85.6,85.7,1313342
2015-12-07,85.5,85.5,83.0,83.1,1067577
2015-12-08,83.7,83.7,82.5,82.7,670110
2015-12-09,83.5,83.5,82.0,82.1,705852
2015-12-10,82.4,82.7,82.0,82.1,656954
2015-12-13,82.1,82.7,81.5,81.7,643133
2015-12-14,81.5,81.7,80.5,80.6,651714
2015-12-15,80.8,81.0,77.7,78.6,1081118
2015-12-17,78.6,78.6,75.7,75.9,1162087
2015-12-20,75.9,75.9,72.5,73.4,1451956
2015-12-21,75.0,76.0,74.6,75.4,872817
2015-12-22,75.5,78.5,75.5,77.6,1505971
2015-12-23,76.7,77.4,75.9,76.4,552647
2015-12-24,76.8,76.9,75.4,75.7,618505
2015-12-27,76.1,76.1,74.9,75.1,457819
2015-12-28,75.7,75.7,74.5,74.7,446773
2015-12-29,74.9,75.0,73.0,73.4,984816
2015-12-30,73.6,75.6,73.3,75.0,557892
2015-12-31,75.1,75.1,73.9,74.6,655608
2016-01-03,74.9,75.4,73.5,73.8,609866
2016-01-04,74.0,74.1,72.9,73.3,952836
2016-01-05,73.3,74.6,73.1,74.0,671259
2016-01-06,74.2,77.0,74.2,76.7,1212210
2016-01-07,77.0,77.1,76.0,76.3,979221
2016-01-10,76.1,76.2,75.3,75.5,658201
2016-01-11,75.2,75.5,74.0,74.4,623158
2016-01-12,74.6,75.0,73.4,73.6,499284
2016-01-13,74.5,74.5,73.6,73.8,686266
2016-01-14,73.7,75.4,73.6,74.2,813219
2016-01-17,74.2,75.0,73.8,74.0,537211
2016-01-18,73.6,74.5,73.0,74.1,794472
2016-01-19,74.5,76.3,73.5,75.9,1409053
2016-01-20,76.1,77.0,74.4,74.7,975167
2016-01-21,74.8,75.5,74.5,74.7,480156
2016-01-24,74.8,75.0,73.8,74.4,499303
2016-01-25,74.0,74.6,73.3,73.5,542192
2016-01-26,73.3,74.1,73.0,73.7,646386
2016-01-27,73.7,74.3,72.4,72.9,630327
2016-01-28,73.3,73.9,72.1,72.7,384841
2016-01-31,72.6,73.4,71.0,71.4,572947
2016-02-01,72.0,73.3,71.6,71.9,433321
2016-02-02,72.1,72.3,71.3,71.8,400088
2016-02-03,71.8,72.3,71.2,71.9,632848
2016-02-04,72.1,72.3,71.6,71.9,429618
2016-02-07,72.3,72.3,71.6,71.8,425646
2016-02-08,72.0,72.0,71.4,71.6,566302
2016-02-09,72.0,72.2,71.0,72.0,722790
2016-02-10,72.1,72.7,71.6,72.4,852678
2016-02-11,72.5,75.0,72.3,74.7,1417250
2016-02-14,75.5,75.5,73.2,73.6,719152
2016-02-15,73.4,74.6,73.2,73.9,567691
2016-02-16,74.1,74.3,73.1,74.0,565989
2016-02-17,73.6,75.3,73.5,75.1,798378
2016-02-18,75.0,80.0,74.7,79.3,3306588
2016-02-22,80.0,85.0,79.2,84.8,3558170
2016-02-23,85.5,85.9,81.6,82.2,2305147
2016-02-24,82.2,82.6,77.5,77.9,1832008
2016-02-25,78.0,80.6,77.1,79.4,1343112
2016-02-28,79.9,80.3,76.4,77.1,1053097
2016-02-29,77.2,77.3,74.0,74.5,1476893
2016-03-01,74.6,75.7,73.6,73.9,818873
2016-03-02,74.3,74.8,73.2,73.7,876278
2016-03-03,74.1,74.1,72.4,72.9,1134249
2016-03-06,70.2,74.1,68.1,73.5,1995668
2016-03-07,74.0,74.5,71.5,71.7,579239
2016-03-08,72.0,72.5,70.9,72.1,637813
2016-03-09,72.3,73.5,71.7,72.0,453176
2016-03-10,71.9,72.6,71.7,71.9,355905
2016-03-13,72.5,72.5,71.7,72.0,410768
2016-03-14,71.8,72.5,71.8,71.9,659761
2016-03-15,72.4,74.4,72.2,72.7,850631
2016-03-16,73.0,73.7,71.9,72.0,603810
2016-03-20,72.0,73.5,71.5,73.0,746539
2016-03-21,73.4,73.5,71.8,72.1,580184
2016-03-22,72.1,72.2,71.4,71.4,316388
2016-03-23,71.4,71.5,69.6,70.1,553152
2016-03-24,70.1,70.6,69.2,69.6,503591
2016-03-27,69.9,70.0,69.1,69.6,474094
2016-03-28,69.3,70.1,67.7,68.6,620251
2016-03-29,69.1,69.1,67.9,68.3,626773
2016-03-30,68.0,69.0,67.6,68.0,539859
2016-03-31,68.0,68.5,66.7,66.9,964200
2016-04-03,67.0,67.2,65.0,65.4,884450
2016-04-04,65.2,68.0,65.1,67.7,991160
2016-04-05,67.7,67.9,66.0,67.0,698958
2016-04-06,67.0,69.8,67.0,68.0,1065581
2016-04-07,68.8,69.8,68.5,68.9,895620
2016-04-10,69.0,69.4,66.0,66.7,751581
2016-04-11,66.4,67.0,65.8,66.6,366861
2016-04-12,66.5,67.2,66.4,66.7,555677
2016-04-17,66.0,66.1,64.9,65.8,716163
2016-04-18,65.7,65.8,64.9,65.2,850872
2016-04-19,65.2,65.5,64.9,65.0,802748
2016-04-20,65.1,65.3,64.0,64.1,849623
2016-04-21,64.1,64.1,62.0,62.2,782886
2016-04-24,61.4,61.4,60.1,60.5,1319639
2016-04-25,61.4,62.5,60.7,61.7,659339
2016-04-26,61.6,61.6,60.0,60.4,604381
2016-04-27,60.5,60.5,59.3,59.5,596282
2016-04-28,59.7,60.5,56.3,57.5,576891
2016-05-02,57.5,57.5,55.7,56.2,719590
2016-05-03,56.1,59.9,55.3,59.2,685942
2016-05-04,59.4,61.0,58.5,59.0,615208
2016-05-05,58.4,59.4,57.6,58.8,464262
2016-05-08,59.5,60.0,58.7,59.7,332661
2016-05-09,60.1,60.6,58.0,58.3,477202
2016-05-10,58.2,58.8,57.4,58.5,482931
2016-05-11,58.0,58.7,58.0,58.2,282275
2016-05-12,58.2,58.8,57.9,58.0,333236
2016-05-15,57.9,58.2,57.2,57.4,313778
2016-05-16,57.7,58.2,57.3,57.6,322011
2016-05-17,58.0,63.3,58.0,63.3,1788244
2016-05-18,65.9,68.4,65.3,67.3,2842311
2016-05-19,67.4,70.9,66.0,70.3,2451782
2016-05-22,70.8,72.0,68.6,69.0,1668036
2016-05-24,69.9,70.8,67.1,67.8,1336376
2016-05-25,68.0,68.2,66.6,66.8,999381
2016-05-26,67.0,73.4,65.4,71.8,3428940
2016-05-29,74.0,78.9,74.0,78.9,4213914
2016-05-30,79.5,81.5,76.0,76.6,3474875
2016-05-31,76.2,83.0,75.6,81.2,4127471
2016-06-01,81.8,81.8,78.6,80.7,2235368
2016-06-02,80.7,83.4,80.1,81.6,2125081
2016-06-05,81.9,82.0,78.1,78.7,1801310
2016-06-06,79.0,79.0,74.8,75.4,1931499
2016-06-07,75.2,78.8,73.4,75.2,2063453
2016-06-08,76.0,78.1,74.7,75.3,1806399
2016-06-09,75.9,76.5,74.1,74.3,1292891
2016-06-12,74.1,75.6,73.8,74.6,1476482
2016-06-13,74.9,77.9,74.9,76.3,1797765
2016-06-14,77.0,78.5,76.4,76.7,1918252
2016-06-15,77.9,77.9,75.6,75.9,1341456
2016-06-16,76.0,76.2,74.3,74.5,1384746
2016-06-19,74.9,75.1,72.9,73.1,1012588
2016-06-20,73.2,73.2,71.1,71.6,993260
2016-06-21,72.2,73.0,71.4,72.2,682117
2016-06-22,72.5,73.9,72.4,72.6,799588
2016-06-23,72.8,73.2,72.0,72.3,665084
2016-06-26,72.1,72.4,71.5,71.7,564682
2016-06-27,71.7,72.8,71.6,72.0,812336
2016-06-28,72.4,73.6,72.4,73.0,717297
2016-06-29,73.2,77.3,73.2,76.5,2557821
2016-06-30,77.1,79.7,77.1,79.1,3553955
2016-07-10,78.0,78.6,76.7,77.5,1273782
2016-07-11,77.9,78.0,75.5,76.2,1156881
2016-07-12,76.1,76.8,75.7,76.7,814406
2016-07-13,76.7,78.2,75.9,76.2,1179592
2016-07-14,76.5,76.8,75.7,76.0,1046356
2016-07-16,76.0,76.4,75.4,75.6,684312
2016-07-17,75.7,76.3,75.1,75.2,620117
2016-07-18,75.3,75.7,75.0,75.0,791453
2016-07-19,75.0,75.5,74.2,74.5,787379
2016-07-20,74.8,74.8,73.6,74.1,983565
2016-07-21,73.9,74.2,73.3,74.0,651040
2016-07-24,74.5,76.7,74.1,76.3,961733
2016-07-25,75.9,76.5,74.6,75.0,584460
2016-07-26,74.8,75.7,74.0,74.2,587892
2016-07-27,74.2,74.9,73.7,73.9,392863
2016-07-28,73.8,73.8,70.0,70.9,1801761
2016-07-31,70.5,71.0,69.0,69.4,719565
2016-08-01,69.7,72.6,68.3,71.5,1075114
2016-08-02,72.2,73.8,72.2,73.0,812521
2016-08-03,73.1,76.0,72.8,75.2,1798628
2016-08-04,75.8,76.8,74.7,76.3,1694940
2016-08-07,76.5,79.0,76.5,77.4,1904029
2016-08-08,77.5,77.7,75.2,75.6,879675
2016-08-09,75.6,76.5,74.9,76.0,1014258
2016-08-10,76.0,78.2,76.0,77.7,1811540
2016-08-11,78.0,79.2,76.5,77.1,1428918
2016-08-14,77.2,77.6,76.1,76.4,744015
2016-08-16,76.5,76.5,75.2,75.3,623582
2016-08-17,75.5,76.0,75.1,75.3,585327
2016-08-18,75.4,76.4,75.3,76.1,591611
2016-08-21,76.5,78.0,76.2,77.0,1119968
2016-08-22,76.8,78.7,76.8,77.1,1268043
2016-08-23,77.2,77.6,75.9,76.0,1058520
2016-08-24,75.5,76.6,75.5,76.1,774820
2016-08-28,76.7,77.0,75.3,75.5,621324
2016-08-29,75.5,77.1,75.1,76.6,897996
2016-08-30,76.9,77.2,75.9,76.4,664540
2016-08-31,76.0,76.9,75.5,75.6,638917
2016-09-01,75.8,76.9,75.7,76.0,780713
2016-09-04,76.6,77.0,75.8,76.0,635891
2016-09-05,76.5,78.0,76.0,77.8,1660732
2016-09-06,77.8,79.0,77.6,78.6,2482007
2016-09-07,78.7,79.4,77.9,79.0,2351590
2016-09-08,79.5,81.5,79.4,80.4,4061683
2016-09-18,80.5,82.6,80.5,82.4,3031035
2016-09-19,82.7,83.3,79.8,80.0,2774025
2016-09-20,80.7,80.9,79.3,80.4,1831119
2016-09-21,80.5,81.5,78.7,79.3,1687359
2016-09-22,79.0,79.8,78.6,78.7,1079574
2016-09-24,78.9,79.7,78.6,78.8,1047669
2016-09-25,79.0,79.5,78.1,78.3,838614
2016-09-26,78.2,79.1,78.0,78.2,866645
2016-09-27,78.5,78.7,78.1,78.6,690627
2016-09-28,78.6,79.3,78.3,79.0,638370
2016-09-29,79.9,80.6,79.1,79.2,1517982
2016-10-02,79.4,79.6,78.4,78.6,648427
2016-10-03,79.0,79.6,77.4,78.1,1282103
2016-10-04,78.2,78.2,77.2,77.4,1086390
2016-10-05,77.5,78.4,76.6,76.9,1272118
2016-10-06,77.0,77.4,76.0,76.3,1327192
2016-10-09,76.4,76.5,75.4,75.7,847401
2016-10-10,76.5,76.5,75.0,75.1,794788
2016-10-13,75.4,75.6,75.1,75.4,358338
2016-10-16,76.4,76.4,75.0,75.2,1057074
2016-10-17,75.2,75.5,74.2,74.5,1041500
2016-10-18,74.7,75.0,74.1,74.7,722750
2016-10-19,74.5,74.9,74.0,74.2,961972
2016-10-20,74.2,74.2,72.9,73.4,931971
2016-10-23,73.3,76.3,72.9,75.5,897956
2016-10-24,76.0,76.0,74.8,75.3,596934
2016-10-25,75.9,76.0,74.7,74.9,606243
2016-10-26,75.2,75.9,73.5,74.6,815568
2016-10-27,74.9,77.5,74.9,76.2,2233874
2016-10-30,75.0,76.0,73.6,74.3,890638
2016-10-31,74.1,74.5,73.5,73.7,602602
2016-11-01,74.0,74.4,73.5,74.1,836307
2016-11-02,74.1,75.7,74.0,75.0,1056882
2016-11-03,75.8,78.5,75.5,77.9,3577485
2016-11-06,77.9,78.1,76.8,77.8,1286673
2016-11-07,78.0,78.5,76.8,77.0,1265434
2016-11-08,77.5,77.5,75.7,75.9,746076
2016-11-09,75.6,75.8,74.1,74.5,869986
2016-11-10,74.5,75.4,74.0,74.7,1056371
2016-11-13,75.2,75.5,74.2,75.5,421758
2016-11-14,74.7,76.0,74.6,75.3,815265
2016-11-15,75.1,75.1,74.2,74.5,724806
2016-11-16,75.5,75.5,74.0,74.5,640136
2016-11-17,74.3,77.7921,73.7056,77.4206,1279991
2016-11-20,74.5,74.9,74.3,74.8,607176
2016-11-21,75.2,75.2,74.4,74.7,937437
2016-11-22,75.0,75.0,74.2,74.4,849033
2016-11-23,74.9,74.9,73.9,74.0,1093813
2016-11-24,74.3,74.4,73.7,73.9,688820
2016-11-27,74.0,74.5,73.9,74.3,579742
2016-11-28,74.4,75.6,74.1,74.3,1003207
2016-11-29,74.6,75.0,73.9,74.1,782317
2016-11-30,75.0,76.9,75.0,76.4,2804937
2016-12-01,77.0,80.5,77.0,79.9,6135399
2016-12-04,80.3,81.6,78.0,78.7,2627982
2016-12-05,78.8,79.0,77.6,78.2,1476328
2016-12-06,78.5,78.9,77.2,77.4,815875
2016-12-07,77.4,77.9,77.2,77.6,816355
2016-12-08,77.2,77.9,76.9,77.1,1146067
2016-12-11,77.7,78.4,77.0,77.2,906054
2016-12-12,77.4,80.0,76.8,79.1,1296946
2016-12-14,80.0,83.0,80.0,82.8,7733817
2016-12-15,85.0,90.0,85.0,88.0,8784199
2016-12-18,88.2,88.2,84.1,84.3,4577237
2016-12-19,85.0,85.0,81.8,82.0,3130191
2016-12-20,82.5,84.8,82.0,82.2,2269043
2016-12-21,82.7,83.1,81.2,81.5,1235822
2016-12-22,82.0,82.2,80.3,80.9,1902124
2016-12-26,81.1,81.9,79.9,80.2,2137790
2016-12-27,80.0,81.9,80.0,80.7,1672861
2016-12-28,81.5,82.8,80.9,81.8,1239067
2016-12-29,81.8,82.5,81.7,82.1,1317545
2017-01-01,82.9,82.9,81.9,82.1,1074403
2017-01-02,82.1,84.0,82.0,83.2,1930036
2017-01-03,83.6,84.0,82.8,83.1,1549596
2017-01-04,83.5,83.8,82.5,82.8,1283571
2017-01-05,83.0,83.3,82.5,82.9,1315035
2017-01-08,82.9,86.3,82.2,86.1,2235559
2017-01-09,83.0,83.5,82.4,82.9,1971883
2017-01-10,83.0,83.5,82.5,82.8,1965009
2017-01-11,83.4,83.4,81.9,82.2,2217876
2017-01-12,82.5,82.8,81.5,81.7,1359992
2017-01-15,82.0,82.0,81.2,81.4,2224189
2017-01-16,81.4,82.0,79.9,80.6,3538749
2017-01-17,80.7,83.1,80.6,81.8,2305522
2017-01-18,82.0,85.5,80.9,84.3,6083323
2017-01-19,85.0,85.3,83.0,83.2,2129158
2017-01-22,83.5,85.8,83.4,85.0,3038289
2017-01-23,85.3,87.4,84.8,87.0,5058391
2017-01-24,88.0,88.0,86.3,87.0,3047862
2017-01-25,86.9,87.5,84.7,84.9,2332638
2017-01-26,85.0,85.3,83.9,84.3,1563900
2017-01-29,84.3,84.9,83.2,83.7,1837799
2017-01-30,83.8,84.2,80.2,83.2,1649899
2017-01-31,83.2,83.8,82.5,83.0,901755
2017-02-01,83.8,85.5,82.9,83.1,1153094
2017-02-02,83.5,83.8,82.2,82.5,864632
2017-02-05,82.7,83.3,82.0,82.4,1512312
2017-02-06,82.5,83.2,82.5,82.8,797636
2017-02-07,82.9,83.0,82.0,82.6,606363
2017-02-08,82.8,83.4,82.5,83.3,1096345
2017-02-09,83.5,83.5,82.8,83.1,808389
2017-02-12,83.2,83.5,82.9,83.0,582725
2017-02-13,83.0,83.9,82.9,83.5,856049
2017-02-14,84.0,84.0,83.0,83.1,764970
2017-02-15,83.1,83.6,82.9,83.0,1021528
2017-02-16,83.2,83.5,83.0,83.1,1260515
2017-02-19,83.8,84.0,83.0,83.0,971372
2017-02-20,83.4,83.5,82.1,82.3,1151288
2017-02-22,82.3,82.9,82.0,82.2,675291
2017-02-23,82.2,82.6,82.0,82.1,825056
2017-02-26,82.2,82.4,81.9,82.0,1412298
2017-02-27,82.3,82.3,81.9,82.0,968029
2017-02-28,81.9,82.2,81.9,82.0,813239
2017-03-01,82.5,82.8,82.0,82.0,982055
2017-03-02,82.2,82.2,81.9,82.0,1498259
2017-03-05,82.1,82.3,80.7,81.0,1203055
2017-03-06,81.1,81.1,79.8,80.0,1570537
2017-03-07,80.0,80.2,79.6,79.8,1169651
2017-03-08,80.0,80.0,77.3,77.5,1650030
2017-03-09,77.7,80.9,76.9,78.3,1690532
2017-03-12,76.9,77.8,76.1,76.4,2562725
2017-03-13,76.8,76.8,75.5,76.1,1074923
2017-03-14,76.1,77.8,75.9,77.4,765140
2017-03-15,77.9,78.8,76.9,78.1,828797
2017-03-16,78.8,78.9,77.9,78.1,733066
2017-03-19,78.2,78.2,76.4,76.5,1294773
2017-03-20,76.5,76.8,75.6,75.9,1274251
2017-03-21,76.0,76.0,74.0,74.4,1786254
2017-03-22,74.3,74.4,72.8,73.2,2512492
2017-03-23,73.4,73.9,72.8,73.3,1264832
2017-03-27,73.5,73.5,71.9,72.1,1359230
2017-03-28,72.5,72.5,71.5,71.6,1128818
2017-03-29,71.6,73.3,71.2,72.4,1461257
2017-03-30,72.0,72.7,71.5,71.7,637138
2017-04-02,71.5,72.6,71.5,71.8,636672
2017-04-03,71.9,74.1,71.7,73.7,1254991
2017-04-04,74.1,76.1,74.0,74.3,1981288
2017-04-05,74.0,74.4,72.0,72.3,1621390
2017-04-06,73.3,73.3,71.7,72.1,916994
2017-04-09,72.1,72.2,71.2,71.3,898305
2017-04-10,71.5,71.5,71.1,71.1,1034161
2017-04-11,71.3,71.8,71.1,71.1,504852
2017-04-12,71.1,72.0,71.0,71.7,647562
2017-04-13,72.0,72.1,71.3,71.7,515827
2017-04-17,71.4,72.8,70.5,71.1,1028190
2017-04-18,71.3,71.4,69.8,70.1,738783
2017-04-19,70.1,70.4,68.7,69.6,696517
2017-04-20,69.7,69.7,68.2,68.6,640852
2017-04-23,68.5,68.5,67.2,67.8,834633
2017-04-24,67.8,68.3,67.6,67.9,712775
2017-04-25,68.0,68.0,67.1,67.4,778289
2017-04-26,67.4,67.4,66.0,66.4,1072643
2017-04-27,66.5,68.8,66.0,67.9,998603
2017-04-30,67.1,67.1,63.2,65.3,1332489
2017-05-02,65.3,67.2,65.2,66.9,578254
2017-05-03,67.0,69.4,66.9,68.7,638267
2017-05-04,68.8,69.6,68.0,68.3,526702
2017-05-07,68.4,69.0,68.3,68.5,302244
2017-05-08,68.9,68.9,67.6,67.9,332448
2017-05-09,68.0,68.6,67.9,68.5,536587
2017-05-11,68.5,68.6,67.9,68.4,242822
2017-05-14,68.1,68.3,67.7,67.8,244077
2017-05-15,67.8,67.8,66.3,66.5,604211
2017-05-16,66.1,67.0,65.8,66.4,631795
2017-05-17,66.1,66.6,65.2,65.5,616051
2017-05-18,65.7,65.9,65.0,65.3,514608
2017-05-21,65.2,65.5,65.0,65.2,222642
2017-05-22,65.2,66.7,65.0,66.2,310805
2017-05-23,66.5,66.6,64.8,65.0,1011862
2017-05-24,65.6,65.9,65.1,65.3,286138
2017-05-25,65.3,65.5,64.9,65.2,284598
2017-05-28,65.2,65.4,64.9,64.9,278340
2017-05-29,64.8,65.3,64.4,64.5,360795
2017-05-30,64.6,64.7,64.2,64.4,301971
2017-05-31,64.4,65.1,64.0,64.6,508544
2017-06-01,65.0,65.6,64.5,64.6,372001
2017-06-04,65.2,65.2,64.4,64.6,203885
2017-06-05,64.7,65.1,64.2,64.8,406051
2017-06-06,65.1,66.1,64.9,66.0,574289
2017-06-07,66.2,66.2,65.4,65.8,398268
2017-06-08,65.7,65.7,63.9,64.6,611225
2017-06-11,64.3,64.8,63.9,64.5,809495
2017-06-12,64.2,64.5,63.8,64.0,429657
2017-06-13,64.0,64.2,63.8,63.9,423994
2017-06-14,64.0,64.3,63.9,64.1,383397
2017-06-15,64.1,64.2,62.8,63.1,488592
2017-06-18,63.6,63.6,62.2,62.4,600348
2017-06-19,62.3,62.4,61.0,61.8,622526
2017-06-20,61.9,63.0,61.8,62.9,446438
2017-06-21,63.0,63.7,62.7,63.0,397547
2017-06-22,62.7,63.3,62.7,63.0,745297
2017-06-28,63.5,63.5,62.7,62.9,760162
2017-06-29,63.3,63.5,62.8,62.9,740962
2017-07-02,63.1,64.1,62.8,63.4,785944
2017-07-03,63.9,64.0,63.6,64.0,1660572
2017-07-04,64.1,67.0,64.1,65.9,4030554
2017-07-05,66.2,66.4,65.5,65.7,945391
2017-07-06,65.8,65.8,64.1,64.4,1282917
2017-07-09,64.4,65.7,64.3,65.5,1008642
2017-07-11,65.5,66.8,65.3,66.2,1862060
2017-07-12,66.5,66.6,65.5,65.7,722104
2017-07-13,66.0,66.5,65.5,66.3,581797
2017-07-16,66.3,66.5,65.5,66.0,527054
2017-07-17,66.1,66.1,65.1,65.3,627057
2017-07-18,65.5,65.7,64.8,65.0,636265
2017-07-19,65.5,65.8,64.3,64.4,401023
2017-07-20,64.3,65.0,64.2,64.6,306280
2017-07-23,64.0,64.6,63.9,64.0,478965
2017-07-24,64.0,64.4,63.9,64.0,327968
2017-07-25,64.0,64.5,63.9,64.0,377045
2017-07-26,64.0,64.0,63.6,64.0,721843
2017-07-27,64.0,64.5,63.9,64.0,687546
2017-07-30,63.5,63.5,60.2,60.8,2559050
2017-07-31,60.6,61.4,60.4,60.6,1227404
2017-08-01,60.7,60.9,60.5,60.6,835859
2017-08-02,60.6,60.9,60.4,60.5,895864
2017-08-03,60.3,60.7,60.0,60.1,811145
2017-08-06,60.2,60.7,58.9,59.3,884156
2017-08-07,59.3,59.3,57.8,58.0,1669480
2017-08-08,58.1,58.9,57.8,58.1,1072806
2017-08-09,58.1,60.0,58.0,59.3,1034466
2017-08-10,59.9,62.4,59.8,62.0,2014558
2017-08-13,62.2,62.7,61.5,62.0,692488
2017-08-16,62.0,62.0,59.4,59.6,793047
2017-08-17,59.6,60.5,58.7,60.0,538744
2017-08-20,60.5,60.9,58.7,59.1,699369
2017-08-21,59.2,59.3,58.5,58.6,675287
2017-08-22,58.6,59.0,58.5,58.7,431766
2017-08-23,59.0,59.0,57.9,58.0,1317227
2017-08-24,58.3,58.7,57.9,58.2,857244
2017-08-27,58.2,58.6,58.0,58.3,756918
2017-08-28,58.3,58.9,58.2,58.6,442184
2017-08-29,58.7,59.7,58.5,59.0,503342
2017-08-30,59.1,59.7,58.5,58.6,457633
2017-08-31,59.0,59.4,58.1,58.8,629318
2017-09-04,58.8,59.3,57.5,57.9,794533
2017-09-05,58.1,58.4,57.5,57.8,797081
2017-09-06,58.0,58.8,57.8,58.3,1009857
2017-09-07,58.6,59.8,58.5,59.1,1229526
2017-09-10,59.1,65.0,59.1,65.0,4913718
2017-09-11,67.0,69.3,65.6,66.4,5189915
2017-09-12,66.5,66.5,63.2,64.6,2276050
2017-09-13,64.7,65.0,63.0,63.4,2078643
2017-09-14,63.4,64.0,62.8,63.0,1556174
2017-09-17,63.4,66.5,63.4,65.2,2374217
2017-09-18,65.8,68.0,65.0,65.4,4125298
2017-09-19,65.9,66.8,64.6,64.8,2615721
2017-09-20,64.9,64.9,62.0,62.4,1436901
2017-09-21,62.9,62.9,61.8,62.0,792285
2017-09-24,62.0,62.5,61.3,61.5,498367
2017-09-25,61.3,61.6,60.9,61.1,383749
2017-09-26,61.1,61.5,60.3,61.0,552571
2017-09-27,61.4,61.5,60.5,60.6,586219
2017-09-28,60.5,61.7,60.2,61.3,542352
2017-10-02,61.1,62.5,61.0,62.5,834494
2017-10-03,62.5,64.2,62.3,63.6,878519
2017-10-04,64.5,64.6,63.5,63.6,646665
2017-10-05,63.9,64.1,61.7,62.0,950706
2017-10-08,62.3,62.5,60.6,60.8,997543
2017-10-09,61.1,61.2,60.4,61.0,799210
2017-10-10,61.1,61.5,60.8,61.2,577184
2017-10-11,61.2,61.2,59.8,60.0,921255
2017-10-12,60.1,60.5,57.9,58.6,1249449
2017-10-15,58.6,58.9,58.1,58.2,497710
2017-10-16,59.0,59.0,58.1,58.6,351998
2017-10-17,58.6,60.5,58.3,60.2,616500
2017-10-18,60.5,61.8,60.1,61.5,697525
2017-10-19,61.1,62.1,60.9,61.5,833644
2017-10-22,61.0,61.8,61.0,61.6,710444
2017-10-23,61.8,61.9,61.2,61.5,570148
2017-10-24,61.3,61.6,61.0,61.3,581423
2017-10-25,61.2,61.4,60.7,61.0,616764
2017-10-26,60.6,60.8,59.9,60.5,687276
2017-10-29,60.3,60.3,58.3,59.2,1165508
2017-10-30,58.0,59.2,56.8,58.7,832802
2017-10-31,58.2,59.6,58.0,59.2,1038601
2017-11-01,59.1,61.0,59.0,60.6,624773
2017-11-02,60.6,60.8,59.7,59.9,403309
2017-11-05,60.1,60.1,59.2,59.4,433702
2017-11-06,59.4,59.5,58.8,58.9,333143
2017-11-07,58.8,59.7,58.5,58.8,455002
2017-11-08,58.8,59.0,58.4,58.6,460668
2017-11-09,58.6,59.0,58.3,58.3,476396
2017-11-12,58.7,58.7,58.2,58.3,392156
2017-11-13,58.3,58.5,58.1,58.2,564726
2017-11-14,58.3,59.0,58.2,58.8,846019
2017-11-15,59.2,59.8,58.8,58.9,386486
2017-11-16,58.9,59.0,58.3,58.4,316200
2017-11-19,58.2,58.5,57.6,57.8,834346
2017-11-20,57.8,58.0,57.5,57.6,455099
2017-11-21,57.4,57.4,55.9,56.2,1510968
2017-11-22,56.1,56.3,55.3,55.7,738687
2017-11-23,55.7,57.2,55.4,56.8,848285
2017-11-26,56.8,57.2,56.2,56.8,286874
2017-11-27,56.7,56.8,56.0,56.1,416406
2017-11-28,56.1,56.5,56.0,56.2,389259
2017-11-29,56.2,56.3,55.6,55.8,522995
2017-11-30,55.8,56.0,55.5,55.6,481146
2017-12-03,55.6,56.8,55.6,56.6,291796
2017-12-04,56.7,56.8,55.8,55.9,280592
2017-12-05,55.8,56.4,55.3,55.8,239651
2017-12-06,55.9,56.5,55.8,56.1,264298
2017-12-07,56.1,56.4,55.7,55.9,342584
2017-12-10,56.0,56.1,55.6,55.8,272053
2017-12-11,55.8,55.9,55.0,55.1,516672
2017-12-12,55.4,55.6,55.0,55.2,240345
2017-12-13,55.1,55.7,54.3,54.5,547131
2017-12-14,54.2,55.1,53.9,54.0,620534
2017-12-17,54.2,54.2,52.6,52.8,937508
2017-12-18,52.9,53.0,52.0,52.1,1002015
2017-12-19,52.4,52.4,51.4,51.6,921763
2017-12-20,51.8,51.8,51.0,51.4,486433
2017-12-21,51.5,54.8,51.5,54.3,1458161
2017-12-24,55.6,59.7,55.6,59.7,773346
2017-12-26,65.6,65.6,65.6,65.6,1469595
2017-12-27,72.1,72.1,67.4,70.3,16024227
2017-12-28,71.0,71.8,68.4,69.9,4390657
2018-01-01,70.0,70.8,68.4,69.6,2659170
2018-01-02,70.0,72.0,69.8,71.1,1668504
2018-01-03,70.5,71.0,69.7,70.0,1789556
2018-01-04,70.1,70.7,69.1,69.2,1418226
2018-01-07,69.2,69.8,67.1,67.4,2122179
2018-01-08,67.4,68.5,67.0,67.2,1727620
2018-01-09,68.6,68.6,66.0,66.1,1630374
2018-01-10,66.5,66.6,63.2,63.4,1746475
2018-01-11,64.0,65.8,63.1,64.8,1465833
2018-01-14,65.5,65.7,63.5,63.9,592968
2018-01-15,64.0,64.3,62.0,62.3,900217
2018-01-16,62.4,63.4,61.1,62.2,808878
2018-01-17,62.4,62.7,61.6,61.7,466041
2018-01-18,61.6,62.4,61.4,61.7,400171
2018-01-21,61.7,62.2,61.6,61.9,290501
2018-01-22,62.1,63.4,62.0,63.2,747521
2018-01-23,63.5,63.9,62.6,62.9,625102
2018-01-24,63.0,63.2,62.3,62.5,339401
2018-01-25,62.6,62.6,62.2,62.2,503365
2018-01-28,62.1,62.3,60.6,61.1,755594
2018-01-29,61.0,61.8,60.8,61.2,625253
2018-01-30,61.4,61.8,60.8,60.9,310469
2018-01-31,60.8,60.8,59.6,60.4,778226
2018-02-01,60.7,61.0,59.6,59.8,402421
2018-02-04,59.5,59.6,58.1,58.3,387777
2018-02-05,58.7,58.9,57.1,57.9,609193
2018-02-06,58.2,58.7,58.0,58.3,389825
2018-02-07,58.0,58.5,57.6,57.8,448451
2018-02-08,58.0,58.2,57.6,57.7,322246
2018-02-11,58.2,59.2,57.9,59.0,545505
2018-02-12,59.2,59.8,57.8,58.1,688486
2018-02-13,58.1,58.6,57.6,57.8,505375
2018-02-14,57.9,58.6,57.8,57.9,661778
2018-02-15,58.3,58.3,57.7,57.9,298419
2018-02-18,58.0,58.0,56.9,57.2,1045363
2018-02-19,57.4,57.6,56.7,56.8,451109
2018-02-20,57.8,57.8,56.7,56.9,385071
2018-02-22,57.2,57.3,56.8,56.9,240589
2018-02-25,57.1,57.1,56.7,56.7,387829
2018-02-26,56.5,57.0,56.5,56.7,257848
2018-02-27,57.0,57.4,56.7,57.0,313295
2018-02-28,57.5,61.7,56.8,60.3,1978867
2018-03-01,60.5,61.9,60.1,60.2,766655
2018-03-04,60.2,60.6,58.4,58.7,937874
2018-03-05,58.7,58.7,57.3,57.5,609231
2018-03-06,57.2,58.5,57.0,58.2,426456
2018-03-07,58.2,58.5,57.5,57.7,234821
2018-03-08,58.5,58.5,57.2,57.6,201152
2018-03-11,57.7,58.2,57.2,57.3,207401
2018-03-12,57.3,57.8,56.7,57.7,627982
2018-03-13,57.7,57.9,57.0,57.1,291451
2018-03-14,57.0,57.2,56.0,56.1,481972
2018-03-15,56.1,57.0,55.7,56.7,310292
2018-03-18,56.9,56.9,56.2,56.4,181549
2018-03-19,56.1,56.4,56.0,56.0,323384
2018-03-20,56.3,56.3,56.0,56.1,253434
2018-03-21,56.1,56.2,56.0,56.0,366959
2018-03-22,56.0,56.4,56.0,56.2,922527
2018-03-25,56.2,57.0,56.2,56.4,438509
2018-03-27,56.4,56.5,56.0,56.1,630889
2018-03-28,56.1,56.4,56.0,56.1,491748
2018-03-29,56.1,57.0,56.1,56.9,357800
2018-04-01,57.4,58.0,56.6,57.8,520325
2018-04-02,58.1,59.2,57.8,58.9,815965
2018-04-03,58.9,62.6,58.5,60.5,2137708
2018-04-04,60.8,60.8,58.9,59.1,662758
2018-04-05,58.8,60.6,58.6,60.1,1043376
2018-04-09,60.1,61.6,59.9,60.8,1638927
2018-04-10,61.1,61.3,60.0,60.1,836051
2018-04-11,60.2,60.4,60.0,60.2,608197
2018-04-12,60.5,62.6,60.2,62.2,2098881
2018-04-15,62.3,68.1,62.3,64.9,3903475
2018-04-16,65.1,65.4,63.6,65.2,1874620
2018-04-17,65.9,67.0,65.4,65.9,2442658
2018-04-18,66.1,66.6,64.5,65.0,1491149
2018-04-19,65.2,65.5,64.3,64.6,865287
2018-04-22,64.3,64.9,62.6,62.9,1046699
2018-04-23,63.0,63.0,61.8,62.0,620644
2018-04-24,61.8,62.3,61.4,61.6,417651
2018-04-25,61.9,64.1,61.6,63.1,935806
2018-04-26,63.4,63.7,62.0,62.4,834567
2018-04-30,61.6,61.6,58.4,59.0,2185380
2018-05-03,59.8,60.0,58.5,58.7,978465
2018-05-06,59.0,59.6,58.0,58.3,738301
2018-05-07,58.3,59.3,58.1,58.6,381775
2018-05-08,58.6,59.0,58.0,58.1,586015
2018-05-09,59.0,60.6,58.6,58.8,1403912
2018-05-10,59.0,59.4,58.6,58.8,610745
2018-05-13,58.8,58.9,58.0,58.1,500138
2018-05-14,58.2,58.6,57.5,58.0,381693
2018-05-15,58.4,58.5,57.2,57.4,306216
2018-05-16,57.3,57.7,56.2,56.4,583309
2018-05-17,56.8,56.8,55.9,56.0,428604
2018-05-20,56.1,56.1,54.7,55.1,296653
2018-05-21,55.0,56.4,54.9,55.2,303668
2018-05-22,55.3,56.0,55.2,55.3,185136
2018-05-23,55.4,55.5,53.0,54.0,393415
2018-05-24,54.3,54.5,53.6,54.2,445439
2018-05-27,54.5,56.1,54.5,55.6,505952
2018-05-28,55.6,57.0,55.1,55.5,374239
2018-05-29,55.4,56.2,55.1,55.3,358767
2018-05-30,55.7,56.0,54.5,54.7,310996
2018-05-31,55.2,55.3,54.1,54.2,431635
2018-06-03,54.4,54.6,54.0,54.1,221404
2018-06-04,54.2,54.6,54.0,54.2,168138
2018-06-05,54.2,55.0,53.9,54.6,447567
2018-06-06,54.6,55.0,54.4,54.8,433818
2018-06-07,55.0,56.0,54.6,55.1,327389
2018-06-10,55.4,55.4,54.3,54.3,262872
2018-06-11,55.0,55.0,54.2,54.4,173172
2018-06-12,54.6,55.8,54.4,54.6,537154
2018-06-18,55.0,55.2,54.0,54.1,269957
2018-06-19,54.4,56.5,54.1,55.2,516014
2018-06-20,55.4,58.0,55.4,57.5,791754
2018-06-21,58.0,58.3,56.6,56.9,661586
2018-06-24,56.9,58.0,56.0,57.1,653848
2018-06-25,57.4,57.4,55.1,55.6,424136
2018-06-26,55.6,56.1,55.0,55.5,465825
2018-06-27,56.8,56.8,55.2,55.7,425604
2018-06-28,56.0,56.8,55.5,56.4,638750
2018-07-02,56.0,56.8,54.5,55.0,585111
2018-07-03,55.3,55.5,53.9,54.2,477628
2018-07-04,54.2,54.9,54.2,54.5,507688
2018-07-05,54.5,55.6,54.4,55.1,681854
2018-07-08,55.2,58.2,55.0,57.2,1125704
2018-07-09,57.7,58.8,56.1,56.3,626342
2018-07-10,56.1,56.9,56.0,56.2,748998
2018-07-11,56.6,57.5,55.3,55.8,1072650
2018-07-12,55.7,56.2,55.4,55.7,366334
2018-07-15,56.4,56.4,54.9,55.0,1409862
2018-07-16,55.0,55.8,54.2,54.5,804620
2018-07-17,54.3,54.9,53.9,54.1,1013686
2018-07-18,54.4,55.5,54.1,54.8,605932
2018-07-19,55.0,55.0,54.2,54.4,823612
2018-07-22,54.4,56.0,54.1,54.7,1004329
2018-07-23,55.7,56.9,55.6,56.0,1351146
2018-07-24,55.7,56.8,55.2,55.4,577069
2018-07-25,55.7,55.7,54.3,54.8,638790
2018-07-26,56.3,57.6,55.0,57.0,2264309
2018-07-29,59.0,59.0,55.6,55.9,1847999
2018-07-30,55.5,56.0,54.5,54.7,596621
2018-07-31,54.8,55.5,54.6,54.8,672764
2018-08-01,54.8,55.6,54.8,55.0,404778
2018-08-02,55.5,55.5,54.6,54.9,454364
2018-08-05,55.0,55.0,54.5,54.5,412422
2018-08-06,54.6,54.7,53.7,53.9,1066595
2018-08-07,54.2,54.3,53.5,53.8,592322
2018-08-08,54.5,54.5,53.7,53.8,445212
2018-08-09,53.9,54.0,53.0,53.1,653752
2018-08-12,53.1,54.0,52.7,52.8,423381
2018-08-13,53.4,53.4,52.6,52.7,252065
2018-08-14,52.6,53.1,52.4,52.9,408908
2018-08-16,53.5,53.5,52.8,53.0,218919
2018-08-19,53.5,53.9,53.0,53.7,363482
2018-08-20,53.9,54.0,53.6,53.7,229547
2018-08-26,53.8,54.4,53.4,54.0,455579
2018-08-27,54.0,54.6,53.7,54.4,321423
2018-08-28,54.4,54.6,53.9,54.1,222047
2018-08-29,54.0,54.1,53.4,53.5,337744
2018-08-30,53.5,53.9,53.0,53.2,371955
2018-09-03,53.6,53.7,52.9,53.0,409589
2018-09-04,53.1,53.1,52.6,52.7,432883
2018-09-05,53.3,54.4,52.7,54.1,751961
2018-09-06,54.1,54.9,53.4,53.7,512132
2018-09-09,53.7,53.8,52.8,53.0,455006
2018-09-10,53.5,53.5,52.7,52.8,507886
2018-09-11,52.8,53.2,52.7,53.0,369805
2018-09-12,53.2,53.3,52.6,52.8,591632
2018-09-13,52.5,53.0,52.5,52.8,466326
2018-09-16,52.8,53.1,52.4,52.9,464510
2018-09-17,52.7,53.0,52.4,52.6,294791
2018-09-18,52.6,53.0,52.4,52.6,289275
2018-09-19,52.5,52.7,52.3,52.4,418275
2018-09-20,52.5,54.7,52.5,54.0,845059
2018-09-23,54.0,54.9,53.6,53.9,926097
2018-09-24,53.6,54.0,52.7,52.7,380485
2018-09-25,53.2,53.8,52.1,52.3,499405
2018-09-26,52.4,52.7,51.7,52.0,618040
2018-09-27,52.0,52.4,51.3,51.9,675905
2018-09-30,52.0,52.1,51.8,51.9,229536
2018-10-01,52.4,52.4,51.6,52.0,239559
2018-10-02,52.1,52.8,51.6,52.4,285313
2018-10-03,52.8,52.9,51.9,52.2,428183
2018-10-04,52.2,52.8,51.9,52.6,310292
2018-10-07,52.3,52.8,51.8,51.9,280100
2018-10-08,51.9,52.2,51.2,51.4,751711
2018-10-09,51.4,52.0,51.3,51.5,649398
2018-10-10,51.9,51.9,51.0,51.2,382965
2018-10-11,51.6,52.8,51.2,52.2,821492
2018-10-14,52.8,54.2,52.6,53.1,1478174
2018-10-15,52.9,53.0,52.0,52.1,369375
2018-10-16,52.1,52.5,51.5,51.7,423890
2018-10-17,51.6,52.0,51.1,51.2,362924
2018-10-18,51.2,51.9,51.0,51.1,247438
2018-10-21,51.2,51.5,49.5,50.1,377770
2018-10-22,50.1,50.2,47.0,47.7,903576
2018-10-23,48.6,50.3,47.2,49.6,579854
2018-10-24,49.6,50.0,48.8,49.1,300479
2018-10-25,49.2,49.2,48.6,48.9,242676
2018-10-28,48.0,48.0,44.8,45.0,733982
2018-10-29,45.1,45.2,43.8,43.9,479453
2018-10-30,44.2,45.0,44.0,44.4,299947
2018-10-31,44.5,45.0,44.2,44.6,335735
2018-11-01,44.6,45.0,44.5,44.6,261662
2018-11-04,44.7,44.9,44.1,44.3,278082
2018-11-05,44.3,44.5,43.6,43.8,414063
2018-11-06,43.8,43.9,43.0,43.4,294247
2018-11-07,43.1,43.2,42.9,43.1,321574
2018-11-08,43.2,43.3,42.7,43.2,336443
2018-11-11,43.3,43.5,43.0,43.4,194804
2018-11-12,43.3,43.3,42.8,43.0,492489
2018-11-13,42.9,43.3,42.7,43.0,287057
2018-11-14,43.2,43.3,42.6,42.7,232491
2018-11-15,42.7,42.9,42.5,42.6,142204
2018-11-18,42.6,42.7,41.9,42.0,375302
2018-11-19,42.0,42.3,41.8,41.9,264184
2018-11-20,41.9,42.1,41.8,42.0,249495
2018-11-22,42.0,42.2,41.9,42.0,205812
2018-11-25,42.0,42.2,41.5,41.7,443313
2018-11-26,42.0,42.0,41.5,41.6,117576
2018-11-27,41.6,42.0,41.4,41.5,218425
2018-11-28,41.6,41.7,41.3,41.4,169417
2018-11-29,41.4,41.6,39.9,40.6,741249
2018-12-02,41.0,42.8,41.0,41.5,486219
2018-12-03,42.0,42.2,41.1,41.3,466046
2018-12-04,41.7,45.4,41.1,45.2,1927870
2018-12-05,45.3,45.7,43.6,43.9,806734
2018-12-06,43.6,43.6,42.3,42.7,520734
2018-12-09,42.8,43.7,42.6,43.0,542273
2018-12-10,43.0,43.3,42.3,42.8,497508
2018-12-11,42.9,44.0,42.8,43.3,545811
2018-12-12,42.9,44.3,42.8,44.1,456353
2018-12-13,44.2,44.6,43.6,43.9,325026
2018-12-17,43.8,44.0,43.1,43.2,438669
2018-12-18,43.2,43.4,42.8,43.1,225166
2018-12-19,43.5,43.5,42.8,42.9,233238
2018-12-20,42.9,43.2,42.5,42.7,237243
2018-12-23,43.0,43.4,42.5,42.9,435016
2018-12-24,43.1,43.9,42.6,43.3,676847
2018-12-26,43.5,44.0,43.3,43.5,435046
2018-12-27,43.5,43.7,43.0,43.5,333572
2019-01-01,43.7,44.0,43.1,43.7,505062
2019-01-02,44.2,44.2,43.3,43.6,569177
2019-01-03,43.9,47.9,43.5,47.4,1330381
2019-01-06,47.8,49.2,46.1,48.0,1181871
2019-01-07,48.8,48.8,46.9,47.0,684159
2019-01-08,47.3,48.3,47.1,47.8,550887
2019-01-09,48.0,48.3,47.0,47.2,637941
2019-01-10,47.5,47.5,46.5,46.6,373016
2019-01-13,47.9,48.3,46.7,48.0,523145
2019-01-14,48.8,48.8,46.9,47.1,414329
2019-01-15,48.2,48.2,46.6,47.0,318507
2019-01-16,47.1,47.7,46.0,46.3,374519
2019-01-17,46.2,46.5,45.1,45.6,455176
2019-01-20,46.9,48.0,46.6,47.1,436206
2019-01-21,47.5,47.5,46.2,46.3,331939
2019-01-22,46.5,46.5,45.2,45.6,391127
2019-01-23,45.6,45.9,45.2,45.3,292582
2019-01-24,45.8,46.9,45.4,45.9,241516
2019-01-27,45.9,46.4,45.5,45.7,350401
2019-01-28,46.0,46.0,45.4,45.5,225942
2019-01-29,45.6,45.8,44.5,45.0,393694
2019-01-30,45.0,45.0,44.1,44.3,271481
2019-01-31,44.4,44.6,43.8,44.1,217677
2019-02-03,44.1,44.6,43.2,43.4,553330
2019-02-04,43.1,44.8,43.1,44.3,489800
2019-02-05,44.8,44.8,43.6,43.9,176923
2019-02-06,44.0,44.0,42.9,43.2,743385
2019-02-10,43.9,43.9,41.4,41.9,1292852
2019-02-11,42.2,42.3,41.0,41.1,677178
2019-02-12,41.4,41.5,40.0,40.7,1224051
2019-02-13,41.0,41.9,40.7,41.2,487690
2019-02-14,41.3,41.8,41.3,41.7,681444
2019-02-17,41.9,42.2,41.1,41.4,715837
2019-02-18,41.5,41.5,40.7,41.0,586572
2019-02-19,41.0,41.2,40.7,41.0,400650
2019-02-20,41.0,41.1,40.9,41.0,531453
2019-02-24,41.0,41.2,40.8,40.9,289091
2019-02-25,41.0,41.0,40.8,40.9,329818
2019-02-26,41.2,41.2,40.6,41.0,593375
2019-02-27,40.9,41.0,39.0,40.8,899832
2019-03-03,42.0,44.6,42.0,43.9,2069251
2019-03-04,43.9,43.9,42.8,43.3,789407
2019-03-05,43.2,43.5,42.5,42.9,494122
2019-03-06,43.0,43.0,41.9,42.1,321783
2019-03-07,41.9,42.8,41.9,42.7,299199
2019-03-10,42.8,44.2,42.7,43.9,1178361
2019-03-11,44.1,46.5,43.8,46.0,3154689
2019-03-12,46.2,46.3,44.7,45.7,1896161
2019-03-13,45.8,45.8,44.5,45.0,1128094
2019-03-14,45.0,46.0,44.8,45.7,1430160
2019-03-18,45.7,46.1,45.2,45.6,1191986
2019-03-19,45.7,45.9,45.1,45.5,851045
2019-03-20,46.0,46.1,45.0,45.5,1041432
2019-03-21,45.3,45.6,44.0,44.5,1023397
2019-03-25,44.0,44.0,42.3,42.5,825371
2019-03-27,42.5,42.9,41.2,41.3,946660
2019-03-28,41.6,41.9,41.4,41.7,249379
2019-03-31,41.6,41.7,41.0,41.1,409947
2019-04-01,41.2,41.6,41.0,41.2,299069
2019-04-02,41.4,41.7,41.1,41.2,371746
2019-04-03,41.5,41.5,41.0,41.1,268749
2019-04-04,41.2,41.5,40.9,41.2,299577
2019-04-07,41.0,41.7,41.0,41.6,217197
2019-04-08,41.5,42.0,41.2,41.3,400749
2019-04-09,41.3,41.7,41.0,41.1,289952
2019-04-10,41.4,41.4,40.7,40.9,236581
2019-04-11,41.1,41.4,40.5,41.1,387404
2019-04-15,41.1,41.3,40.6,40.7,185870
2019-04-16,40.7,40.7,40.1,40.2,317222
2019-04-17,40.2,40.5,39.7,39.8,304553
2019-04-18,40.0,40.7,39.8,40.5,293311
2019-04-21,40.7,40.9,40.2,40.4,161004
2019-04-23,40.4,40.4,39.5,39.8,331022
2019-04-24,39.9,40.0,39.3,39.4,204088
2019-04-25,39.5,39.9,39.1,39.7,263053
2019-04-28,39.7,39.7,39.2,39.2,189488
2019-04-29,39.4,39.4,38.2,38.3,409127
2019-04-30,38.5,40.0,38.1,38.4,484578
2019-05-02,41.0,41.0,39.3,39.9,480042
2019-05-05,40.2,40.7,40.0,40.5,411509
2019-05-06,40.7,40.7,40.1,40.1,390607
2019-05-07,40.4,42.3,40.3,41.7,1032321
2019-05-08,41.6,42.5,41.4,41.7,1338994
2019-05-09,42.0,42.3,41.1,41.4,722925
2019-05-12,42.3,42.4,40.0,40.3,1694785
2019-05-13,40.7,41.6,40.0,41.4,1380004
2019-05-14,41.5,41.8,40.5,40.7,567312
2019-05-15,40.5,40.7,40.0,40.1,596934
2019-05-16,40.3,40.6,40.1,40.4,531717
2019-05-19,40.4,40.7,40.1,40.4,778048
2019-05-20,40.4,40.6,40.2,40.4,315509
2019-05-21,40.7,40.7,39.9,40.0,388108
2019-05-22,40.2,40.2,39.7,39.8,254389
2019-05-23,39.8,40.0,39.3,39.5,321234
2019-05-26,39.2,39.9,39.0,39.2,315731
2019-05-27,39.2,39.5,39.0,39.1,188160
2019-05-28,39.1,40.3,39.1,40.1,415053
2019-05-29,40.1,40.3,39.8,40.1,202089
2019-05-30,40.3,40.3,39.6,40.0,254225
2019-06-09,40.1,40.3,39.9,40.1,189682
2019-06-10,40.2,41.1,40.1,40.9,495655
2019-06-11,41.0,41.2,40.3,40.5,393019
2019-06-12,40.4,40.6,39.9,40.1,352587
2019-06-13,40.3,40.5,40.1,40.2,249362
2019-06-16,40.5,40.5,39.8,39.9,296606
2019-06-17,40.2,40.5,39.8,39.9,427185
2019-06-18,40.0,40.0,39.5,39.7,395045
2019-06-19,39.8,39.9,39.4,39.5,271125
2019-06-20,39.5,39.6,38.7,38.8,447242
2019-06-23,39.3,39.3,38.6,38.8,248954
2019-06-24,38.8,39.1,38.5,38.7,555523
2019-06-25,38.7,38.8,38.5,38.6,437391
2019-06-26,38.9,39.0,38.6,38.9,284973
2019-06-27,39.0,40.4,38.8,39.9,916760
2019-06-30,40.3,40.3,39.6,39.7,504881
2019-07-02,39.9,40.0,39.0,39.3,353610
2019-07-03,39.4,39.9,39.0,39.1,463135
2019-07-04,39.2,39.2,38.6,38.7,207767
2019-07-07,38.7,38.7,37.8,38.0,548829
2019-07-08,38.0,38.1,37.6,37.7,422005
2019-07-09,37.7,38.0,36.7,36.9,386726
2019-07-10,36.9,36.9,36.2,36.4,488978
2019-07-11,36.4,36.7,36.2,36.4,253887
2019-07-14,36.2,36.9,36.2,36.7,324853
2019-07-15,36.5,36.5,36.1,36.1,337133
2019-07-16,36.2,36.7,36.2,36.6,186230
2019-07-17,36.8,37.6,36.5,37.3,525644
2019-07-18,37.0,38.0,37.0,37.6,495600
2019-07-21,37.9,38.0,36.4,36.6,350809
2019-07-22,36.7,36.7,36.0,36.1,298173
2019-07-23,36.4,37.5,36.3,37.2,169103
2019-07-24,37.0,38.0,37.0,37.8,364737
2019-07-25,37.9,39.1,37.7,38.4,534555
2019-07-28,38.7,39.4,38.4,39.0,505215
2019-07-29,38.9,40.8,38.7,40.6,1099931
2019-07-30,40.4,40.5,39.5,39.9,519643
2019-07-31,40.0,40.4,39.1,39.9,931138
2019-08-01,40.0,40.4,39.3,39.7,353490
2019-08-04,39.9,40.5,39.4,39.6,371689
2019-08-05,39.4,40.0,39.2,39.6,497172
2019-08-06,39.6,40.2,39.5,39.7,503281
2019-08-07,39.5,40.1,39.5,39.8,403226
2019-08-08,40.0,40.4,39.7,40.2,289610
2019-08-18,40.2,40.6,40.0,40.1,193297
2019-08-19,40.0,40.5,40.0,40.4,212819
2019-08-20,40.5,40.5,40.0,40.1,144090
2019-08-21,40.1,40.3,39.8,40.0,241018
2019-08-22,40.0,40.2,39.8,39.9,231709
2019-08-25,39.9,40.0,39.0,39.2,555508
2019-08-26,39.1,39.5,38.5,39.1,245953
2019-08-27,39.6,40.3,38.8,39.0,306837
2019-08-28,39.4,39.4,38.8,38.9,74285
2019-08-29,39.3,39.5,38.3,38.6,286787
2019-09-01,38.4,39.1,38.1,38.2,137137
2019-09-02,38.1,38.9,37.8,38.0,182541
2019-09-03,37.9,38.5,37.6,37.7,159398
2019-09-04,37.6,38.0,37.1,37.2,224337
2019-09-05,37.6,38.5,37.2,37.5,92442
2019-09-08,38.0,38.0,37.3,37.4,132910
2019-09-09,37.9,37.9,37.1,37.4,164285
2019-09-11,37.4,37.5,36.6,36.8,219850
2019-09-12,37.3,38.0,36.6,37.1,210284
2019-09-15,36.7,37.9,36.7,37.5,155990
2019-09-16,37.2,37.6,37.2,37.4,145135
2019-09-17,37.2,37.8,37.1,37.3,167068
2019-09-18,37.2,37.5,36.5,36.6,184475
2019-09-19,36.6,37.3,36.5,36.7,245599
2019-09-22,36.7,37.1,36.2,36.9,139873
2019-09-23,36.8,37.7,36.8,37.3,162335
2019-09-24,37.2,37.5,36.8,36.9,150149
2019-09-25,37.0,37.3,36.5,37.0,114906
2019-09-26,37.0,37.3,36.6,36.7,135093
2019-09-29,37.0,37.7,36.6,36.7,135402
2019-09-30,36.7,36.9,35.5,35.8,329290
2019-10-01,36.1,36.6,35.9,36.3,172881
2019-10-02,36.4,36.9,36.1,36.1,170825
2019-10-03,36.1,36.5,35.8,36.0,387518
2019-10-06,36.3,36.7,35.7,35.9,233743
2019-10-07,36.1,36.1,35.5,35.8,114916
2019-10-09,35.7,35.7,35.2,35.3,159765
2019-10-10,35.3,35.3,34.5,34.7,217939
2019-10-13,34.7,34.8,31.9,32.8,438391
2019-10-14,32.6,32.8,30.7,31.0,916471
2019-10-15,31.5,32.3,31.1,32.0,708848
2019-10-16,32.5,32.5,31.4,31.9,287460
2019-10-17,31.9,32.3,31.4,32.0,325825
2019-10-20,32.1,33.0,31.5,32.6,540961
2019-10-21,32.3,33.0,32.2,32.9,373113
2019-10-22,32.9,32.9,32.4,32.7,340692
2019-10-23,32.5,33.1,32.3,33.0,511918
2019-10-24,32.9,33.8,32.7,33.6,373756
2019-10-27,34.0,35.9,33.7,33.9,680840
2019-10-28,33.8,34.0,33.1,33.5,310035
2019-10-29,33.2,33.7,33.0,33.3,292193
2019-10-30,33.5,33.5,32.6,32.9,403994
2019-10-31,33.0,33.2,32.4,32.5,350842
2019-11-03,32.7,33.1,32.5,32.7,431905
2019-11-04,33.0,33.0,31.9,32.0,476675
2019-11-05,32.0,32.3,32.0,32.1,294160
2019-11-06,32.3,32.5,32.0,32.2,554539
2019-11-07,32.3,32.8,32.2,32.4,498660
2019-11-11,32.9,32.9,32.0,32.1,565428
2019-11-12,32.5,32.6,32.2,32.4,184226
2019-11-13,32.4,32.4,31.5,31.8,448163
2019-11-14,32.1,32.4,31.6,32.1,456350
2019-11-17,32.1,32.3,31.7,31.8,231742
2019-11-18,32.0,32.0,31.8,31.8,226687
2019-11-19,31.9,32.4,31.8,31.9,308428
2019-11-20,32.0,32.2,31.8,31.9,154577
2019-11-21,32.0,32.1,31.5,31.6,284877
2019-11-24,32.0,32.0,31.7,31.8,267847
2019-11-25,31.9,32.0,31.6,31.9,195606
2019-11-26,32.0,32.3,31.8,31.9,560622
2019-11-27,32.5,35.0,32.2,35.0,12820179
2019-11-28,36.3,38.5,36.0,38.5,2011808
2019-12-01,39.8,41.3,38.6,39.4,7120230
2019-12-02,39.6,40.0,35.6,36.5,3673104
2019-12-03,36.5,39.5,35.6,38.7,4266200
2019-12-04,39.0,39.5,37.3,37.6,2247462
2019-12-05,37.6,37.9,35.9,36.2,2220594
2019-12-08,36.2,36.8,35.0,35.2,1886375
2019-12-09,35.2,35.7,34.5,34.7,999032
2019-12-10,34.7,35.5,34.3,34.5,1277440
2019-12-11,34.8,35.7,34.4,35.3,1305113
2019-12-12,35.6,37.9,34.9,36.7,2258739
2019-12-15,36.8,37.6,35.1,35.4,860273
2019-12-17,35.9,36.0,34.3,34.7,1136164
2019-12-18,34.70000076,35.09999847,34.20000076,34.70000076,953764
2019-12-19,35.0,35.70000076,34.59999847,34.79999924,1083957
2019-12-22,35.0,35.4,34.4,34.6,736680
2019-12-23,34.7,35.2,33.9,34.1,767014
2019-12-24,34.3,34.6,33.5,33.8,650971
2019-12-26,34.0,34.4,33.7,33.9,715264
2019-12-29,34.0,34.3,33.7,33.8,540405
2019-12-30,33.9,34.1,33.5,33.6,689132
2020-01-01,33.8,36.5,33.8,36.0,2499904
2020-01-02,36.0,37.5,35.5,36.7,2892951
2020-01-05,36.5,37.4,35.7,36.8,2840922
2020-01-06,37.2,40.4,36.8,39.4,6716867
2020-01-07,39.4,41.3,38.6,40.1,5236914
2020-01-08,40.4,40.6,38.0,38.6,3556747
2020-01-09,38.6,40.8,38.3,40.5,4840384
2020-01-12,40.5,42.4,40.5,41.8,5918079
2020-01-13,41.9,42.6,40.6,41.1,4567782
2020-01-14,41.0,42.1,39.3,40.2,4546715
2020-01-15,40.6,41.5,39.4,39.7,3182954
2020-01-16,39.3,40.3,38.4,38.7,2901773
2020-01-19,39.5,40.5,39.3,40.1,3310108
2020-01-20,40.5,42.0,39.7,41.2,5738766
2020-01-21,41.2,42.0,40.7,41.7,6633825
2020-01-22,42.0,44.9,42.0,44.5,8676036
2020-01-23,44.5,45.8,43.9,44.8,6957999
2020-01-26,44.8,45.8,44.3,44.6,7831470
2020-01-27,45.0,46.8,44.0,46.5,7742439
2020-01-28,46.5,48.4,46.3,48.0,8567525
2020-01-29,48.0,48.3,46.7,47.5,5866218
2020-01-30,47.7,51.1,47.2,50.3,10131426
2020-02-02,50.5,51.3,49.8,50.4,8445128
2020-02-03,50.5,50.6,47.4,47.8,8371633
2020-02-04,48.0,49.4,46.9,47.8,5294608
2020-02-05,47.8,48.0,45.3,46.0,5781719
2020-02-06,46.5,47.7,46.1,46.6,4423557
2020-02-09,46.6,46.9,43.8,44.3,4633164
2020-02-10,44.5,47.0,44.5,46.7,4379068
2020-02-11,47.5,49.1,47.2,47.8,6519545
2020-02-12,47.8,48.8,47.1,48.3,6258636
2020-02-13,48.6,49.4,48.3,48.5,4903139
2020-02-16,48.8,49.1,48.1,48.5,6629166
2020-02-17,48.9,50.9,48.3,50.5,7513662
2020-02-18,50.7,51.6,48.6,48.9,4875101
2020-02-19,48.9,49.3,47.5,47.7,4373023
2020-02-20,48.0,48.6,47.1,47.3,3290103
2020-02-23,47.5,48.2,45.8,46.0,2539314
2020-02-24,46.0,46.5,45.0,45.5,2752060
2020-02-25,46.0,46.8,45.3,45.6,2104218
2020-02-26,45.8,46.2,44.0,44.4,2606285
2020-02-27,44.5,45.4,43.9,44.1,2227710
2020-03-01,44.4,44.4,41.2,41.8,2432865
2020-03-02,42.0,42.8,40.9,42.1,1394202
2020-03-03,42.4,44.8,42.1,44.5,2274775
2020-03-04,44.9,45.4,43.1,43.3,2066848
2020-03-05,44.0,44.3,42.0,42.3,3206871
2020-03-08,42.3,42.3,40.0,40.1,1720857
2020-03-09,40.1,40.2,36.1,36.3,3175975
2020-03-10,37.0,38.4,36.2,38.3,1765964
2020-03-11,38.5,40.4,38.3,39.4,2740160
2020-03-12,39.4,39.4,37.2,37.6,1891450
2020-03-15,37.3,37.3,35.0,36.1,1794447
2020-03-16,36.7,37.3,33.6,33.9,2152363
2020-03-18,34.5,35.5,32.4,32.7,2639597
2020-03-19,36.5,36.5,36.5,36.5,56801
2020-03-22,36.5,36.5,35.9,35.9,199647
2020-03-23,35.9,35.9,35.9,35.9,297831
2020-03-24,35.9,36.3,35.9,36.0,2280063
2020-03-25,36.0,37.2,35.9,37.0,1159297
2020-05-31,35.9,35.9,35.9,35.9,161105
2020-06-01,35.9,35.9,35.9,35.9,81773
2020-06-02,35.9,35.9,35.9,35.9,81773
2020-06-03,35.9,35.9,35.9,35.9,6955
2020-06-04,35.9,35.9,35.9,35.9,11180
2020-06-07,35.9,35.9,35.9,35.9,1955
2020-06-08,35.9,35.9,35.9,35.9,432586
2020-06-09,35.9,35.9,35.9,35.9,24355
2020-06-10,35.9,35.9,35.9,35.9,13735
2020-06-11,35.9,35.9,35.9,35.9,7729
2020-06-14,35.9,35.9,35.9,35.9,15110
2020-06-15,35.9,35.9,35.9,35.9,3450
2020-06-16,35.9,35.9,35.9,35.9,47005
2020-06-17,35.9,35.9,35.9,35.9,729
2020-06-18,35.9,35.9,35.9,35.9,2800
2020-06-21,35.9,35.9,35.9,35.9,5025
2020-06-22,35.9,35.9,35.9,35.9,20360
2020-06-23,35.9,35.9,35.9,35.9,2601
2020-06-24,35.9,35.9,35.9,35.9,1220
2020-06-25,35.9,35.9,35.9,35.9,2066
2020-06-28,35.9,35.9,35.9,35.9,9224
2020-06-29,35.9,35.9,35.9,35.9,50659
2020-06-30,35.9,35.9,35.9,35.9,8195
2020-07-02,35.9,35.9,35.9,35.9,6680
2020-07-05,35.9,35.9,35.9,35.9,1800
2020-07-06,35.9,35.9,35.9,35.9,10900
2020-07-07,35.9,35.9,35.9,35.9,2566
2020-07-08,35.9,35.9,35.9,35.9,3295
2020-07-09,35.9,35.9,35.9,35.9,27385
2020-07-12,35.9,35.9,35.9,35.9,56230
2020-07-13,35.9,36.5,35.9,35.9,3292198
2020-07-14,35.9,36.0,35.9,35.9,523997
2020-07-15,35.9,35.9,35.9,35.9,47114
2020-07-16,35.9,35.9,35.9,35.9,7131
2020-07-19,35.9,35.9,35.9,35.9,20705
2020-07-20,35.9,35.9,35.9,35.9,16614
2020-07-21,35.9,35.9,35.9,35.9,30021
2020-07-22,35.9,35.9,35.9,35.9,13116
2020-07-23,35.9,35.9,35.9,35.9,5618
2020-07-26,35.9,35.9,35.9,35.9,11739
2020-07-27,35.9,35.9,35.9,35.9,28478
2020-07-28,35.9,35.9,35.9,35.9,158116
2020-07-29,35.9,35.9,35.9,35.9,35026
2020-07-30,35.9,35.9,35.9,35.9,159382
2020-08-03,35.9,36.3,35.9,36.1,3463880
2020-08-04,36.1,38.2,36.1,38.0,4333620
2020-08-05,38.1,39.5,36.8,37.0,2622720
2020-08-06,37.3,37.9,36.5,37.5,1861880
2020-08-09,38.0,39.0,37.8,38.4,3347110
2020-08-10,38.4,41.3,38.4,40.5,4321520
2020-08-12,40.7,43.3,40.3,42.7,4605930
2020-08-13,42.8,43.4,41.2,41.4,2570530
2020-08-16,42.0,42.3,40.6,40.7,3866826
2020-08-17,41.2,42.0,39.6,40.1,3188732
2020-08-18,40.8,40.9,38.1,38.5,2802080
2020-08-19,38.5,40.3,38.2,39.0,3431988
2020-08-20,39.8,42.9,38.9,42.9,7257496
2020-08-23,43.3,44.9,41.7,42.2,4898252
2020-08-24,42.2,43.0,40.8,42.3,4591960
2020-08-25,42.5,43.7,42.3,42.9,4589089
2020-08-26,43.1,43.8,42.7,43.4,3635554
2020-08-27,43.8,46.8,43.8,45.4,6454534
2020-08-31,45.7,46.0,43.8,44.1,5136484
2020-09-01,44.4,44.7,43.2,44.3,3163511
2020-09-02,43.9,44.3,42.9,43.9,2384654
2020-09-03,44.0,44.6,43.3,43.5,2727958
2020-09-06,43.6,44.5,43.2,43.3,3310814
2020-09-07,43.5,44.9,43.5,44.1,4476503
2020-09-08,44.5,44.9,44.0,44.1,3367933
2020-09-09,44.5,44.9,43.7,43.9,2253781
2020-09-10,43.9,44.4,43.5,43.7,2065662
2020-09-13,43.8,44.3,43.4,43.6,2306665
2020-09-14,43.7,44.4,43.5,43.9,2019404
2020-09-15,44.1,44.8,43.8,44.0,1963553
2020-09-16,44.1,44.5,43.6,43.8,1250724
2020-09-17,43.8,44.3,43.6,43.7,1716309
2020-09-20,43.7,43.9,42.4,42.6,2523619
2020-09-21,42.9,42.9,40.9,41.5,1667284
2020-09-22,41.6,43.9,40.8,42.0,1715823
2020-09-23,42.4,43.1,41.7,42.6,1609460
2020-09-24,42.7,43.2,42.3,42.7,1492649
2020-09-27,42.9,42.9,41.8,42.1,999043
2020-09-28,42.0,42.4,41.5,41.7,886195
2020-09-29,41.7,42.0,40.7,40.9,4599772
2020-09-30,41.2,41.4,40.1,40.5,960299
2020-10-01,41.9,41.9,40.0,40.4,744641
2020-10-04,40.5,40.9,40.0,40.5,902155
2020-10-05,40.5,41.0,40.0,40.2,903243
2020-10-06,40.0,40.8,39.8,40.1,1091755
2020-10-07,40.0,40.1,39.0,39.1,782984
2020-10-08,39.6,40.4,38.8,39.7,1389373
2020-10-11,39.8,39.9,38.6,39.1,626440
2020-10-12,39.5,39.5,38.6,39.0,475316
2020-10-13,39.2,41.1,39.0,40.2,1545081
2020-10-14,40.2,40.8,39.6,39.7,530519
2020-10-15,40.0,40.0,39.4,39.6,343136
2020-10-18,40.6,42.2,40.0,41.3,1483840
2020-10-19,41.5,41.5,40.5,41.4,801666
2020-10-20,41.5,43.1,41.1,42.4,2668295
2020-10-21,42.6,42.7,41.6,41.9,998271
2020-10-22,42.0,42.0,41.0,41.4,1338869
2020-10-25,41.5,41.6,40.5,40.6,857224
2020-10-27,40.5,40.5,39.5,39.7,1182088
2020-10-28,40.0,40.0,39.0,39.5,1118470
2020-10-29,39.5,39.9,39.1,39.3,927936
2020-11-01,39.1,39.6,38.5,39.3,684217
2020-11-02,39.5,40.1,39.3,39.8,685400
2020-11-03,40.3,40.3,39.0,39.1,394432
2020-11-04,39.4,39.4,38.5,38.6,429283
2020-11-05,38.6,39.0,38.0,38.2,812370
2020-11-08,38.5,39.2,38.3,38.8,567450
2020-11-09,38.9,39.0,38.3,38.4,634889
2020-11-10,38.7,38.9,38.0,38.1,600676
2020-11-11,38.1,38.7,37.8,38.0,571281
2020-11-12,38.0,38.0,37.0,37.5,587026
2020-11-15,37.7,37.8,37.0,37.3,457576
2020-11-16,37.3,37.5,37.0,37.1,378918
2020-11-17,37.1,37.5,36.8,37.1,641205
2020-11-18,37.3,37.4,36.6,36.8,657707
2020-11-19,36.9,37.5,36.7,36.8,634293
2020-11-22,36.9,36.9,36.3,36.5,331241
2020-11-23,36.5,36.9,36.2,36.5,485468
2020-11-24,36.5,37.4,36.0,36.9,1247505
2020-11-25,37.1,37.2,36.6,36.7,279890
2020-11-26,36.7,36.7,36.3,36.5,310758
2020-11-29,36.5,36.7,35.9,36.3,780733
2020-11-30,36.3,36.5,36.1,36.2,491983
2020-12-01,36.3,36.9,36.3,36.6,689712
2020-12-02,36.9,40.2,36.7,40.2,3173852
2020-12-03,40.6,41.7,39.3,39.9,1618283
2020-12-06,40.0,41.4,39.2,40.7,1767003
2020-12-07,41.0,41.4,40.7,41.2,1570544
2020-12-08,41.4,41.5,40.6,40.9,1189602
2020-12-09,40.8,42.5,40.7,41.9,2673983
2020-12-10,42.0,42.2,41.0,41.2,1526767
2020-12-13,41.3,43.3,40.9,43.1,3520151
2020-12-14,43.1,43.5,41.9,42.3,2048861
2020-12-15,42.3,42.9,42.0,42.5,2961661
2020-12-17,42.8,42.8,41.6,42.0,2144938
2020-12-20,41.8,42.0,40.5,40.6,2229255
2020-12-21,41.0,41.7,40.7,41.5,2899109
2020-12-22,41.7,43.0,41.4,42.6,7043758
2020-12-23,43.1,45.8,43.1,45.2,10612040
2020-12-24,45.5,48.5,44.8,47.8,8846813
2020-12-27,48.2,49.5,46.4,47.0,8858216
2020-12-28,47.0,47.1,45.4,46.0,8574631
2020-12-29,46.3,47.4,45.8,46.3,4791493
2020-12-30,46.6,48.3,46.4,47.8,7811206
2021-01-03,48.3,52.5,48.3,52.5,10555733
2021-01-04,55.0,57.7,54.3,57.6,18693715
2021-01-05,58.6,59.2,53.8,54.3,13747949
2021-01-06,54.9,56.3,53.1,56.0,7518794
2021-01-07,57.0,57.7,53.3,54.1,6934570
2021-01-10,59.4,59.5,56.6,59.4,16240981
2021-01-11,61.9,64.5,60.5,63.5,11777326
2021-01-12,64.0,67.7,61.5,67.1,12971706
2021-01-13,66.4,66.4,61.0,63.0,9600076
2021-01-14,66.0,68.9,65.0,68.5,12011642
2021-01-17,69.1,70.0,61.7,62.8,10829981
2021-01-18,62.6,63.9,57.1,60.0,6459251
2021-01-19,60.5,61.5,56.7,58.2,5751652
2021-01-20,59.0,62.4,57.6,60.3,5005432
2021-01-21,60.8,61.7,57.7,58.0,3754132
2021-01-24,58.0,58.0,55.6,56.3,4124753
2021-01-25,57.1,57.1,53.0,53.7,3179802
2021-01-26,53.1,55.0,52.5,52.8,3749668
2021-01-27,52.9,54.6,52.4,52.9,2242231
2021-01-28,54.0,54.7,52.9,53.4,2206589
2021-01-31,53.1,53.9,49.7,50.2,2674266
2021-02-01,50.3,52.2,49.7,51.3,2131918
2021-02-02,51.2,53.0,51.2,52.6,1824387
2021-02-03,53.0,56.6,52.5,56.0,6285797
2021-02-04,56.2,57.5,54.3,54.7,3041357
2021-02-07,54.4,54.9,50.7,51.0,2602967
2021-02-08,51.9,52.0,49.4,49.8,2778701
2021-02-09,50.5,53.7,50.0,53.1,2911959
2021-02-10,53.6,54.3,52.0,52.5,2786087
2021-02-11,52.6,52.7,50.3,50.8,2115475
2021-02-14,51.0,51.4,49.5,49.8,1685296
2021-02-15,49.8,53.8,49.8,53.3,2447801
2021-02-16,53.0,54.5,51.6,51.9,2912311
2021-02-17,52.2,52.3,50.6,51.0,1498395
2021-02-18,50.9,51.8,50.8,50.9,973877
2021-02-22,51.0,51.4,49.6,49.8,1110877
2021-02-23,50.3,50.4,48.9,49.1,1447114
2021-02-24,49.9,50.8,49.3,50.0,1088015
2021-02-25,50.2,54.3,49.6,52.8,5187578
2021-02-28,53.1,55.8,51.5,52.0,4586703
2021-03-01,52.0,52.7,51.1,51.8,2528432
2021-03-02,52.4,53.5,52.0,52.6,2917999
2021-03-03,52.6,52.7,50.7,51.1,5568358
2021-03-04,51.6,52.9,51.3,52.6,2963553
2021-03-07,53.0,57.8,53.0,57.6,13523472
2021-03-08,58.5,59.0,56.7,57.1,5673450
2021-03-09,56.9,61.5,56.2,60.0,13841416
2021-03-10,60.5,62.0,59.4,60.7,9547719
2021-03-11,60.8,61.7,58.9,59.3,7687669
2021-03-14,58.9,59.4,55.6,55.9,5336725
2021-03-15,55.9,58.5,55.7,58.1,4145660
2021-03-16,58.8,59.4,55.8,56.0,4258872
2021-03-18,56.0,56.0,52.8,53.8,4062838
2021-03-21,53.9,53.9,51.7,52.3,3852145
2021-03-22,52.3,54.5,50.6,54.2,2741427
2021-03-23,54.2,54.2,52.7,53.3,2651105
2021-03-25,51.1,52.3,49.8,50.6,5072353
2021-03-28,50.6,51.3,49.7,50.1,2046593
2021-03-29,50.4,52.7,50.3,51.2,4099514
2021-03-31,50.8,50.8,48.8,49.1,2622521
2021-04-01,48.8,49.1,47.9,48.6,2508973
2021-04-04,44.4,46.6,43.8,43.9,3079869
2021-04-05,45.5,47.3,44.9,46.7,1861583
2021-04-06,46.8,49.2,46.7,48.8,2275501
2021-04-07,48.5,51.0,48.5,50.2,2379639
2021-04-08,50.0,50.3,48.3,48.6,1523499
2021-04-11,48.0,48.1,46.2,46.7,1021543
2021-04-12,46.5,48.8,46.5,48.2,1527304
2021-04-13,46.7,51.2,46.7,50.7,3225692
2021-04-15,51.2,53.2,51.2,52.9,2912550
2021-04-18,53.6,54.0,51.8,53.8,3498007
2021-04-19,54.7,56.0,54.0,55.5,4458697
2021-04-20,56.0,58.7,56.0,58.2,4888568
2021-04-21,58.8,59.2,56.2,57.1,4877548
2021-04-22,57.2,58.0,56.7,57.7,3771340
2021-04-25,60.0,60.5,56.9,57.2,8689791
2021-04-26,57.5,62.5,56.7,61.0,11024758
2021-04-27,61.8,62.0,59.6,60.0,5901393
2021-04-28,59.9,63.8,59.3,62.6,10275913
2021-04-29,63.2,64.2,61.2,61.7,5678331
2021-05-02,62.0,63.2,61.3,62.3,5265958
2021-05-03,62.1,63.0,58.4,59.3,10753843
2021-05-04,59.0,59.7,56.7,58.8,9038171
2021-05-05,59.2,61.3,59.2,59.6,4098133
2021-05-06,59.7,60.0,57.9,58.2,5217999
2021-05-09,58.3,59.8,57.0,59.0,3126718
2021-05-11,59.7,60.3,58.7,59.3,2943617
2021-05-12,59.8,59.9,58.2,58.5,2568304
2021-05-16,58.3,59.0,57.7,58.0,2640309
2021-05-17,58.0,58.3,57.1,57.4,2476991
2021-05-18,57.7,57.7,56.2,56.5,2889713
2021-05-19,56.9,58.5,56.8,57.8,2732742
2021-05-20,58.4,58.6,56.5,56.8,2433121
2021-05-23,56.8,57.1,56.3,56.5,1347289
2021-05-24,56.9,57.6,56.5,56.8,1855069
2021-05-25,57.0,57.4,56.1,56.2,2488244
2021-05-27,56.8,58.1,55.6,57.7,3053504
2021-05-30,58.2,59.5,57.6,59.0,4226973
2021-05-31,59.7,62.7,58.9,62.2,10920693
2021-06-01,62.8,62.9,59.6,59.9,5033609
2021-06-02,60.0,60.2,58.7,59.6,3434142
2021-06-03,59.9,60.9,59.0,59.5,4155366
2021-06-06,60.5,62.0,59.8,60.7,5600949
2021-06-07,60.8,61.6,59.2,59.5,4076399
2021-06-08,59.2,59.8,58.0,58.6,3276517
2021-06-09,58.9,59.9,58.2,58.5,3601252
2021-06-10,59.0,59.0,57.7,57.8,4006478
2021-06-13,58.0,58.1,57.0,57.2,2162527
2021-06-14,57.2,57.4,56.5,56.7,1471628
2021-06-15,56.7,57.7,56.6,57.3,1835829
2021-06-16,57.4,59.0,57.3,58.3,2273960
2021-06-17,58.6,59.0,57.5,57.7,1589334
2021-06-20,57.5,58.7,57.1,58.4,1121192
2021-06-21,58.6,59.1,58.2,58.4,1979347
2021-06-22,58.5,58.7,56.9,57.3,2993205
2021-06-23,58.2,58.2,57.0,57.2,2130065
2021-06-24,57.2,57.9,57.0,57.3,1298305
2021-06-27,56.7,57.2,56.3,56.4,1602276
2021-06-28,56.5,58.5,56.0,57.6,2132416
2021-06-29,57.5,58.6,57.3,58.3,1946071
2021-06-30,58.5,59.8,57.7,59.3,3621606
2021-07-05,59.5,60.5,58.6,59.2,1628687
2021-07-06,59.4,61.5,58.8,60.9,6557531
2021-07-07,61.2,62.7,60.9,62.5,7687968
2021-07-08,62.4,64.5,61.8,64.2,9168589
2021-07-12,65.4,65.9,63.2,63.7,5799804
2021-07-13,63.7,65.5,62.8,65.2,7306286
2021-07-14,65.5,66.0,63.2,63.5,3369666
2021-07-15,65.5,65.5,63.0,63.6,6810231
2021-07-18,64.0,64.0,62.7,63.3,4022312
2021-07-19,63.3,64.2,63.0,63.8,2544477
2021-07-25,63.8,64.9,63.7,64.7,3020631
2021-07-26,64.9,65.4,63.9,64.2,3164907
2021-07-27,64.2,64.4,62.7,63.0,3072372
2021-07-28,63.0,63.5,62.5,62.7,1770452
2021-07-29,62.9,63.4,62.4,62.6,1736450
2021-08-02,62.5,63.4,62.5,62.9,2728585
2021-08-03,63.5,64.2,63.0,63.9,3061633
2021-08-05,64.0,65.1,63.6,64.5,2963874
2021-08-09,64.5,64.5,63.3,63.8,3115142
2021-08-10,64.1,66.2,63.8,66.0,9994920
2021-08-11,66.8,68.0,65.8,67.1,9693917
2021-08-12,66.8,68.4,66.7,67.9,6243183
2021-08-16,68.2,69.1,67.3,68.4,6130919
2021-08-17,68.5,68.7,67.2,67.5,3369940
2021-08-18,67.5,71.0,67.2,69.8,7054808
2021-08-19,70.5,72.8,70.1,71.9,11033406
2021-08-22,72.5,77.3,72.5,74.7,12003646
2021-08-23,75.0,76.1,73.3,74.3,8263334
2021-08-24,74.6,75.3,73.3,73.6,4839062
2021-08-25,73.7,74.5,72.4,72.7,4763641
2021-08-26,73.5,74.0,71.7,73.6,6051172
2021-08-29,73.9,77.0,73.8,76.9,8718513
2021-08-31,77.2,81.0,77.2,80.7,12031175
2021-09-01,81.6,82.3,78.0,78.5,12316923
2021-09-02,78.8,79.5,78.2,78.7,4865446
2021-09-05,79.0,82.6,79.0,82.3,8141585
2021-09-06,82.8,83.5,80.1,80.7,7754349
2021-09-07,80.5,81.2,78.4,79.9,7618311
2021-09-08,80.0,81.0,79.1,79.6,4374437
2021-09-09,79.6,79.8,78.4,79.4,4112263
2021-09-12,79.5,79.5,76.0,76.3,6001478
2021-09-13,76.3,77.4,75.0,76.4,3545195
2021-09-14,76.8,77.1,74.1,75.0,4934753
2021-09-15,75.5,78.4,74.7,77.3,4855392
2021-09-16,78.0,78.3,76.5,76.8,5338493
2021-09-19,76.8,76.8,74.7,75.0,2873384
2021-09-20,75.0,80.1,74.9,79.5,9462084
2021-09-21,79.5,81.0,78.4,80.7,6934448
2021-09-22,81.4,81.8,79.0,79.2,5423614
2021-09-23,79.7,80.0,77.8,78.5,4325656
2021-09-26,78.9,81.0,77.8,80.1,11447727
2021-09-27,80.5,83.2,80.5,82.2,16992139
2021-09-28,82.8,86.0,82.3,85.5,13239768
2021-09-29,84.5,89.7,82.8,88.3,23702892
2021-09-30,89.1,93.0,88.0,92.4,22005769
2021-10-03,93.0,93.8,90.3,93.1,14041855
2021-10-04,93.5,99.3,93.5,98.1,17884091
2021-10-05,99.8,107.4,97.3,105.7,21076525
2021-10-06,106.8,107.5,102.2,103.4,16642586
2021-10-07,103.0,104.5,95.0,97.6,23838722
2021-10-10,97.6,101.7,94.1,98.2,13256057
2021-10-11,98.9,103.8,97.5,102.8,13714998
2021-10-12,104.3,105.5,98.0,98.8,14679325
2021-10-13,98.4,99.0,92.6,93.0,10903964
2021-10-14,93.0,96.3,91.0,95.9,6674740
2021-10-17,97.0,97.4,88.3,89.7,9867825
2021-10-18,90.2,91.5,86.9,89.9,7456937
2021-10-19,90.7,92.6,85.5,86.3,6132448
2021-10-21,88.8,88.8,85.5,88.2,5267642
2021-10-24,88.5,89.0,85.1,85.7,3839399
2021-10-25,85.7,86.4,82.0,82.8,4410074
2021-10-26,83.5,84.9,81.7,83.5,3850344
2021-10-27,84.0,86.0,83.8,85.0,4611905
2021-10-28,85.0,85.4,82.3,82.8,3701018
2021-10-31,83.1,83.5,79.2,79.9,4132397
2021-11-01,80.0,80.4,77.9,79.0,3314663
2021-11-02,78.6,80.0,75.4,76.0,3133195
2021-11-03,77.0,80.0,74.9,79.6,4304088
2021-11-04,80.0,82.0,80.0,81.4,5001006
2021-11-07,81.3,81.4,75.9,76.8,3370106
2021-11-08,77.5,78.8,75.7,77.2,3366740
2021-11-09,77.4,83.0,77.4,82.5,7346189
2021-11-10,82.5,86.0,82.5,85.2,5503822
2021-11-11,85.6,85.6,82.0,82.6,4178208
2021-11-14,82.6,83.0,79.5,80.2,2780180
2021-11-15,80.7,80.9,78.1,78.7,2031676
2021-11-16,79.9,82.7,78.9,81.7,3750729
2021-11-17,82.9,84.0,81.2,81.9,3246265
2021-11-18,83.0,83.4,81.9,82.6,4209360
2021-11-21,83.1,83.5,79.8,80.1,2867437
2021-11-22,80.2,80.6,77.7,77.9,2354543
2021-11-23,78.0,79.5,77.3,77.6,1716990
2021-11-24,77.6,78.8,75.8,76.1,1446568
2021-11-25,76.1,76.4,75.0,75.6,1345899
2021-11-28,75.1,76.6,74.4,74.6,1080417
2021-11-29,75.3,76.8,74.7,75.3,935895
2021-11-30,75.9,76.5,73.1,73.5,1190379
2021-12-01,75.7,76.0,73.8,74.2,2077044
2021-12-02,73.6,77.0,73.1,76.7,1686373
2021-12-05,77.0,79.0,76.5,77.1,1605293
2021-12-06,77.8,78.5,76.7,77.9,979265
2021-12-07,78.1,80.7,77.8,80.1,2341848
2021-12-08,80.1,80.1,77.5,77.9,1706218
2021-12-09,78.3,78.9,76.0,77.0,1564925
2021-12-12,78.0,78.2,76.2,76.5,1026651
2021-12-13,76.5,77.0,75.9,76.2,937532
2021-12-14,76.3,77.3,76.2,76.7,1067801
2021-12-15,76.6,77.1,76.2,76.6,845302
2021-12-19,76.6,76.6,74.2,74.9,1000777
2021-12-20,75.4,75.4,73.5,74.1,1000981
2021-12-21,74.9,75.0,74.2,74.5,608988
2021-12-22,74.9,74.9,72.7,72.9,964990
2021-12-23,73.3,73.3,70.6,71.1,1058214
2021-12-26,71.5,71.8,70.1,70.5,662203
2021-12-27,70.9,70.9,68.5,69.3,977475
2021-12-28,70.0,73.6,69.3,73.3,1509712
2021-12-29,73.9,74.8,71.0,71.4,1581059
2021-12-30,72.4,72.4,70.5,71.1,1521338
2022-01-02,71.9,74.8,71.9,74.3,1096006
2022-01-03,74.6,77.0,74.0,75.1,1964221
2022-01-04,75.2,77.8,74.0,77.4,2020142
2022-01-05,78.0,79.5,77.6,77.8,2318720
2022-01-06,78.9,83.5,78.5,81.5,5494246
2022-01-09,84.0,85.0,81.0,81.5,6653122
2022-01-10,82.0,83.7,80.0,83.2,6206789
2022-01-11,84.3,85.4,81.7,82.5,5423226
2022-01-12,82.7,83.1,79.3,79.7,3786518
2022-01-13,79.8,81.9,79.8,80.5,2062436
2022-01-16,81.7,81.8,78.8,79.4,2400088
2022-01-17,80.3,81.3,79.2,80.5,2642125
2022-01-18,81.1,82.0,79.2,79.6,2674192
2022-01-19,79.8,80.3,78.5,78.9,2518408
2022-01-20,79.0,79.0,76.8,77.0,2811075
2022-01-23,77.0,77.0,74.7,75.0,2325887
2022-01-24,75.1,77.3,75.0,75.2,1753426
2022-01-25,76.6,77.0,75.2,75.5,1364466
2022-01-26,76.0,76.3,75.2,75.5,844388
2022-01-27,75.9,76.2,74.9,75.3,1317401
2022-01-30,76.0,77.9,75.8,76.4,2565056
2022-01-31,77.4,77.9,75.7,76.0,1994908
2022-02-01,80.1,83.5,79.6,80.7,11218992
2022-02-02,81.2,82.0,79.6,79.8,3226319
2022-02-03,79.3,79.6,77.7,78.0,3180025
2022-02-06,78.3,80.0,77.5,79.6,2235227
2022-02-07,80.0,81.6,79.4,79.6,2736368
2022-02-08,80.1,80.3,78.7,78.9,1752950
2022-02-09,78.7,79.5,78.0,79.0,1735854
2022-02-10,79.5,79.8,78.9,79.1,1413952
2022-02-13,79.8,79.8,79.0,79.1,1526215
2022-02-14,79.2,79.4,77.6,77.8,1296970
2022-02-15,77.7,78.7,77.6,78.0,840274
2022-02-16,78.5,79.5,77.9,78.3,1562874
2022-02-17,78.2,78.3,77.0,77.5,1156449
2022-02-20,77.9,77.9,76.7,77.0,1454131
2022-02-23,75.3,75.5,73.7,74.0,2200008
2022-02-24,74.0,74.7,71.4,71.9,1516198
2022-02-27,71.9,71.9,68.2,69.0,2290565
2022-02-28,69.2,70.8,68.1,68.7,1360689
2022-03-01,69.8,70.4,68.9,69.0,1229704
2022-03-02,69.8,69.8,68.0,68.3,882856
2022-03-03,68.4,68.4,66.9,67.8,859882
2022-03-06,68.6,68.6,66.1,66.4,818224
2022-03-07,66.4,66.6,61.8,62.0,2121607
2022-03-08,62.8,64.9,59.7,64.1,2050110
2022-03-09,64.7,67.7,64.7,67.1,1834543
2022-03-10,67.4,68.2,66.2,67.0,1538727
2022-03-13,67.7,70.8,67.1,70.4,2245505
2022-03-14,71.1,71.8,70.1,70.9,1629109
2022-03-15,70.6,71.1,69.8,70.5,1034254
2022-03-16,70.5,70.5,69.5,69.6,716271
2022-03-20,69.7,69.7,68.3,68.3,891445
2022-03-21,68.0,68.5,67.0,68.2,503541
2022-03-22,68.3,70.3,68.2,69.9,751440
2022-03-23,70.9,72.6,70.4,71.4,1436992
2022-03-24,71.9,72.3,70.8,72.1,1062976
2022-03-27,72.1,72.6,71.5,71.6,874224
2022-03-28,72.0,77.1,71.7,76.7,6153346
2022-03-29,77.9,79.0,76.2,76.4,2977811
2022-03-30,76.0,76.4,74.9,75.5,1782397
2022-03-31,75.6,76.0,74.1,75.0,1955519
2022-04-03,75.9,78.8,75.6,78.0,2778490
2022-04-04,78.0,78.6,76.5,76.7,2290947
2022-04-05,76.7,79.5,75.8,78.9,4153101
2022-04-06,79.7,81.3,78.5,80.4,5067312
2022-04-07,80.2,80.3,78.8,78.9,3160218
2022-04-10,78.8,79.7,77.4,77.8,2378379
2022-04-11,78.1,79.2,77.5,78.4,2244285
2022-04-12,78.8,78.8,77.0,77.3,1917364
2022-04-13,76.7,78.0,76.0,77.6,1405672
2022-04-17,77.7,78.6,77.0,77.2,983443
2022-04-18,77.2,77.2,75.7,75.7,1615507
2022-04-19,74.7,76.7,74.2,76.3,1851313
2022-04-20,76.9,77.3,76.4,76.9,1689300
2022-04-21,77.1,78.9,76.9,78.0,2447385
2022-04-24,78.2,78.7,77.7,78.0,1347227
2022-04-25,78.0,78.4,77.4,77.9,1001773
2022-04-26,76.8,79.0,76.0,78.4,2949739
2022-04-27,79.0,80.6,78.3,79.0,2994467
2022-04-28,78.4,79.4,78.1,78.6,1676145
2022-05-05,78.1,79.2,77.3,77.5,1038618
2022-05-08,77.7,78.1,77.0,77.6,1909965
2022-05-09,78.1,78.2,77.1,77.3,2021073
2022-05-10,77.1,77.6,75.9,76.2,2302301
2022-05-11,76.2,76.4,75.0,75.1,1169306
2022-05-12,75.2,75.4,74.2,74.6,1119866
2022-05-16,74.8,74.8,71.5,71.9,2036697
2022-05-17,72.5,75.2,72.0,74.7,2510935
2022-05-18,75.2,76.2,73.0,73.8,1624343
2022-05-19,73.8,74.5,72.0,73.1,1175162
2022-05-22,73.2,73.5,71.0,71.5,995184
2022-05-23,73.8,73.8,72.6,72.8,1071428
2022-05-24,73.0,73.6,70.0,71.2,844128
2022-05-25,71.2,72.8,70.8,71.8,1119996
2022-05-26,72.0,72.8,71.1,72.5,757241
2022-05-29,73.5,74.3,73.4,74.0,1252658
2022-05-30,74.0,74.0,72.9,73.0,1112091
2022-05-31,73.0,73.0,72.0,72.3,947148
2022-06-01,72.8,73.2,72.0,72.9,821846
2022-06-02,73.3,73.7,72.5,72.7,940477
2022-06-05,73.2,73.9,72.7,73.7,2164590
2022-06-06,73.9,75.4,73.8,74.0,2608451
2022-06-07,74.0,74.2,72.9,73.1,751596
2022-06-08,73.8,73.8,72.6,73.0,940950
2022-06-09,73.5,73.6,72.8,72.9,562881
2022-06-12,73.2,73.2,71.9,72.4,1035379
2022-06-13,72.7,72.8,71.4,71.5,817816
2022-06-14,72.0,72.3,70.2,70.9,1138302
2022-06-15,71.0,71.9,70.8,71.1,927774
2022-06-16,71.2,73.0,71.0,71.8,1434718
2022-06-19,71.6,72.2,70.9,71.0,784179
2022-06-20,71.2,71.3,69.6,69.8,1085683
2022-06-21,69.6,69.9,68.8,68.9,593322
2022-06-22,69.0,69.8,68.8,69.1,582734
2022-06-23,70.0,70.0,68.7,69.0,537415
2022-06-26,69.1,69.1,67.7,67.9,1084814
2022-06-27,67.7,69.5,67.7,68.2,1137501
2022-06-28,68.6,68.8,67.9,68.3,763503
2022-06-29,68.6,68.6,67.8,68.0,865689
2022-06-30,68.3,69.1,67.6,68.4,1994358
2022-07-03,68.8,70.0,68.0,69.7,975547
2022-07-04,69.8,71.7,69.6,71.1,1554113
2022-07-05,71.6,72.8,71.0,71.4,1689428
2022-07-06,71.6,71.7,70.0,70.0,895785
2022-07-07,70.2,70.5,69.6,69.7,487466
2022-07-12,69.8,70.0,68.8,68.9,366759
2022-07-13,69.6,69.6,68.1,68.2,509037
2022-07-14,68.5,68.9,67.8,68.5,430611
2022-07-17,69.6,69.6,67.7,68.2,503912
2022-07-18,68.2,68.3,66.9,66.9,604285
2022-07-19,65.6,66.6,65.6,65.8,783981
2022-07-20,65.0,66.2,64.8,65.5,608627
2022-07-21,68.0,71.0,66.2,66.8,1821565
2022-07-24,66.7,66.9,65.5,65.5,610874
2022-07-25,64.2,66.0,64.2,65.5,1234936
2022-07-26,66.2,66.9,65.0,65.4,1317645
2022-07-27,65.5,65.5,64.1,64.1,724387
2022-07-28,65.8,65.8,62.9,63.5,939195
2022-07-31,64.9,66.4,64.8,65.9,1191693
2022-08-01,66.0,67.3,65.8,66.9,1570076
2022-08-02,67.0,68.0,66.3,67.6,1743999
2022-08-03,68.8,69.6,68.1,68.9,2482668
2022-08-04,68.6,70.8,68.4,70.1,1836906
2022-08-07,69.5,73.4,68.5,72.8,4021816
2022-08-08,73.2,74.2,71.9,72.2,3211253
2022-08-10,72.2,72.3,69.0,69.9,1761390
2022-08-14,67.0,68.5,67.0,67.8,2229731
2022-08-16,68.5,71.0,68.3,70.4,1524150
2022-08-17,70.2,74.9,70.2,73.9,7436520
2022-08-21,74.1,76.3,74.0,76.1,5756603
2022-08-22,76.3,77.3,74.5,74.7,5688503
2022-08-23,74.5,76.7,74.5,75.4,4605438
2022-08-24,75.7,76.2,74.1,74.3,2209065
2022-08-25,75.1,75.3,73.2,74.9,5540478
2022-08-28,75.8,75.9,73.5,73.8,3629226
2022-08-29,74.3,74.8,72.5,72.9,2859920
2022-08-30,72.9,74.9,71.9,74.7,5848966
2022-08-31,75.0,80.0,75.0,79.0,12473852
2022-09-01,79.2,80.2,77.6,78.9,6372191
2022-09-04,79.0,81.0,76.0,76.9,10208178
2022-09-05,77.8,79.2,76.0,76.5,3535651
2022-09-06,77.2,78.7,76.4,78.1,3864622
2022-09-07,78.9,81.8,78.7,81.0,13470116
2022-09-08,82.0,84.9,82.0,82.8,14306324
2022-09-11,83.1,83.4,80.6,81.3,6842082
2022-09-12,81.9,83.5,80.5,81.3,5680040
2022-09-13,82.2,82.5,80.5,80.7,4594432
2022-09-14,81.0,81.0,77.0,77.8,4355315
2022-09-15,77.0,78.8,76.9,77.8,2523079
2022-09-18,78.1,79.9,77.0,78.4,4393356
2022-09-19,79.4,79.4,76.8,77.1,5177922
2022-09-20,77.4,82.1,76.5,79.8,9815662
2022-09-21,80.0,82.2,77.9,78.4,6804167
2022-09-22,78.6,79.5,77.0,77.3,4631737
2022-09-25,78.0,78.7,76.5,76.8,3610380
2022-09-26,77.5,77.5,75.5,75.7,2412328
2022-09-27,76.0,76.8,74.0,74.4,2664447
2022-09-28,74.5,75.8,74.4,75.1,1872003
2022-09-29,75.1,76.0,75.0,75.3,1173014
2022-10-02,75.6,77.2,75.2,75.7,2558095
2022-10-03,75.7,77.5,75.7,76.0,2333248
2022-10-04,76.4,76.6,74.4,74.5,1722779
2022-10-06,76.0,76.0,73.8,74.0,1540049
2022-10-10,74.2,74.5,68.0,70.0,1842607
2022-10-11,70.4,71.6,69.0,69.7,1524758
2022-10-12,70.9,72.7,69.8,71.8,3170460
2022-10-13,71.9,72.6,71.1,71.8,2048452
2022-10-16,72.8,72.8,68.2,69.0,1702160
2022-10-17,69.7,70.0,66.6,67.1,1643513
2022-10-18,68.0,68.4,66.5,67.4,772513
2022-10-19,67.4,68.0,66.5,66.7,1867902
2022-10-20,65.5,66.6,64.8,65.7,2300973
2022-10-23,66.8,66.8,64.8,64.8,1191308
2022-10-24,64.8,64.8,64.8,64.8,138082
2022-10-25,64.8,65.8,64.8,64.8,1176968
2022-10-26,65.2,65.7,64.8,65.0,1749111
2022-10-27,65.0,65.6,64.8,65.4,818769
2022-10-30,65.1,66.9,64.8,65.0,1169881
2022-10-31,65.3,65.5,64.8,64.8,886985
2022-11-01,64.8,65.6,64.8,64.9,2037883
2022-11-02,65.2,67.0,64.8,64.9,3117388
2022-11-03,64.9,66.5,64.8,66.0,6284457
2022-11-06,66.2,72.1,66.2,70.1,5062059
2022-11-07,70.4,70.5,67.9,68.5,2202875
2022-11-08,68.6,69.7,67.0,67.3,2409276
2022-11-09,67.9,67.9,66.0,66.4,1773005
2022-11-10,67.3,68.8,66.5,67.1,1462696
2022-11-13,67.1,67.1,65.1,65.3,1166196
2022-11-14,65.3,65.4,64.8,64.9,2229068
2022-11-15,64.8,65.0,64.8,64.8,1014059
2022-11-16,66.0,66.9,64.9,65.5,1418493
2022-11-17,65.5,68.2,65.4,67.8,2071789
2022-11-20,68.1,68.4,65.4,65.6,1307365
2022-11-21,65.2,66.0,64.8,65.1,1332615
2022-11-22,65.2,65.9,65.0,65.4,902417
2022-11-23,65.8,65.8,64.9,65.0,1250132
2022-11-24,64.9,65.3,64.8,65.2,922297
2022-11-27,65.0,65.6,64.9,65.3,397065
2022-11-28,65.4,65.5,64.8,64.8,1241105
2022-11-29,64.8,65.6,64.8,65.4,856120
2022-11-30,65.0,66.3,65.0,66.0,702408
2022-12-01,66.4,67.1,65.9,66.5,1101158
2022-12-04,66.8,67.0,66.0,66.5,1133563
2022-12-05,66.3,66.9,65.5,66.5,1425028
2022-12-07,64.8,65.5,64.8,65.1,979405
2022-12-08,65.3,65.3,64.8,64.8,1259702
2022-12-11,64.8,65.7,64.8,64.8,586501
2022-12-12,64.8,65.0,64.8,64.8,755474
2022-12-13,64.8,65.3,64.8,65.0,1052240
2022-12-14,65.2,65.4,64.8,64.8,483709
2022-12-15,64.9,65.0,64.8,64.8,641669
2022-12-18,64.8,64.8,64.8,64.8,205617
2022-12-19,64.8,64.8,64.8,64.8,126326
2022-12-20,64.8,64.8,64.8,64.8,58059
2022-12-21,64.8,64.8,64.8,64.8,38171
2022-12-22,64.8,64.8,64.8,64.8,51373
2022-12-26,64.8,64.8,64.8,64.8,44260
2022-12-27,64.8,64.8,64.8,64.8,9652
2022-12-28,64.8,64.8,64.8,64.8,17023
2022-12-29,64.8,64.8,64.8,64.8,140846
2023-01-01,64.8,64.8,64.8,64.8,32836
2023-01-02,64.8,64.8,64.8,64.8,15865
2023-01-03,64.8,64.8,64.8,64.8,15021
2023-01-04,64.8,64.8,64.8,64.8,62986
2023-01-05,64.8,64.8,64.8,64.8,11230
2023-01-08,64.8,64.8,64.8,64.8,7772
2023-01-09,64.8,64.8,64.8,64.8,4891
2023-01-10,64.8,64.8,64.8,64.8,14990
2023-01-11,64.8,64.8,64.8,64.8,47663
2023-01-12,64.8,64.8,64.8,64.8,26999
2023-01-15,64.8,65.8,64.8,64.9,856450
2023-01-16,64.9,66.6,64.9,65.8,1966541
2023-01-17,66.2,68.7,65.3,68.3,2816771
2023-01-18,68.3,70.3,67.0,67.3,4328684
2023-01-19,66.2,67.3,65.7,66.2,2754398
2023-01-22,66.5,67.2,64.8,64.8,2561592
2023-01-23,65.4,65.4,64.8,65.0,978099
2023-01-24,64.9,65.3,64.8,64.8,1947252
2023-01-25,64.8,65.9,64.8,64.8,840953
2023-01-26,64.8,64.9,64.8,64.8,219227
2023-01-29,64.8,64.8,64.8,64.8,64915
2023-01-30,64.8,64.8,64.8,64.8,267493
2023-01-31,64.8,64.8,64.8,64.8,33292
2023-02-01,64.8,65.2,64.8,64.9,1349696
2023-02-02,64.9,65.8,64.8,65.5,1700089
2023-02-05,65.6,66.7,65.5,65.9,1515802
2023-02-06,65.9,65.9,64.8,64.9,1344837
2023-02-07,64.8,65.2,64.8,64.8,636531
2023-02-08,64.8,65.3,64.8,64.8,493097
2023-02-09,64.8,64.8,64.8,64.8,244946
2023-02-12,64.8,64.8,64.8,64.8,19750
2023-02-13,64.8,64.8,64.8,64.8,28486
2023-02-14,64.8,64.8,64.8,64.8,36356
2023-02-15,64.8,64.8,64.8,64.8,9832
2023-02-16,64.8,64.8,64.8,64.8,7796
2023-02-19,64.8,64.8,64.8,64.8,7161
2023-02-20,64.8,64.8,64.8,64.8,3754
2023-02-22,64.8,64.8,64.8,64.8,2084
2023-02-23,64.8,64.8,64.8,64.8,8607
2023-02-26,64.8,64.8,64.8,64.8,752
2023-02-27,64.8,64.8,64.8,64.8,2988
2023-02-28,64.8,64.8,64.8,64.8,6708
2023-03-01,64.8,64.8,64.8,64.8,84830
2023-03-02,64.8,64.8,64.8,64.8,8415
2023-03-05,64.8,65.3,64.8,65.0,3031199
2023-03-06,65.0,66.5,65.0,65.8,1458727
2023-03-07,65.5,65.5,64.8,64.8,1744797
2023-03-09,64.8,65.5,64.8,64.8,586967
2023-03-12,64.8,64.8,64.8,64.8,110481
2023-03-13,64.8,64.8,64.8,64.8,38982
2023-03-14,64.8,64.8,64.8,64.8,31656
2023-03-15,64.8,64.8,64.8,64.8,56488
2023-03-16,64.8,64.8,64.8,64.8,3968
2023-03-19,64.8,64.8,64.8,64.8,4454
2023-03-20,64.8,64.8,64.8,64.8,10174
2023-03-21,64.8,64.8,64.8,64.8,62452
2023-03-22,64.8,64.8,64.8,64.8,84913
2023-03-23,64.8,64.8,64.8,64.8,123339
2023-03-28,64.8,64.8,64.8,64.8,2678
2023-03-29,64.8,64.8,64.8,64.8,1766
2023-03-30,64.8,64.8,64.8,64.8,4774
2023-04-02,64.8,64.8,64.8,64.8,5089
2023-04-03,64.8,64.8,64.8,64.8,181759
2023-04-04,64.8,64.8,64.8,64.8,8830
2023-04-05,64.8,64.8,64.8,64.8,11030
2023-04-06,64.8,64.8,64.8,64.8,4420
2023-04-09,64.8,64.8,64.8,64.8,135417
2023-04-10,64.8,64.8,64.8,64.8,2934
2023-04-11,64.8,64.8,64.8,64.8,2428
2023-04-12,64.8,64.8,64.8,64.8,6652
2023-04-13,64.8,64.8,64.8,64.8,1591
2023-04-16,64.8,64.8,64.8,64.8,3652
2023-04-17,64.8,64.8,64.8,64.8,5555
2023-04-18,64.8,64.8,64.8,64.8,1227
2023-04-24,64.8,64.8,64.8,64.8,44870
2023-04-25,64.8,64.8,64.8,64.8,287816
2023-04-26,64.8,64.8,64.8,64.8,280320
2023-04-27,64.8,64.8,64.8,64.8,120570
2023-04-30,64.8,65.4,64.8,64.8,3168304
2023-05-02,64.8,67.9,64.8,67.6,3916718
2023-05-03,68.0,69.3,66.8,67.2,3878040
2023-05-07,67.2,69.9,67.2,69.6,4228121
2023-05-08,69.9,70.8,68.0,68.4,3714400
2023-05-09,71.0,72.4,68.8,69.2,8052879
2023-05-10,69.5,69.7,67.7,68.1,2563310
2023-05-11,67.6,69.4,67.5,67.7,2668531
2023-05-14,67.7,68.0,66.1,66.4,1385054
2023-05-15,66.4,67.1,65.2,65.6,1494900
2023-05-16,65.3,67.1,64.8,66.9,2763837
2023-05-17,67.0,67.5,65.9,66.1,1475927
2023-05-18,66.5,66.8,66.0,66.5,1682083
2023-05-21,66.6,67.1,66.4,66.6,1310551
2023-05-22,66.6,66.8,65.9,66.3,849475
2023-05-23,66.3,67.6,66.1,67.4,1886822
2023-05-24,67.8,68.6,67.1,67.3,2573982
2023-05-25,67.3,67.8,66.9,67.1,1484561
2023-05-28,67.7,69.8,67.1,68.9,4479709
2023-05-29,69.6,70.5,69.0,69.2,3759555
2023-05-30,69.2,72.1,68.9,71.9,6579075
2023-05-31,71.9,73.4,70.6,71.0,4635652
2023-06-01,71.4,73.1,70.7,71.8,3567914
2023-06-04,72.3,72.5,70.6,71.6,2285124
2023-06-05,71.6,72.7,70.6,71.0,3085505
2023-06-06,71.0,71.4,67.7,68.0,2687396
2023-06-07,68.9,70.4,68.3,68.9,1572407
2023-06-08,69.2,69.6,68.1,69.0,1162630
2023-06-11,69.1,69.2,66.4,67.1,2156912
2023-06-12,67.1,67.8,65.6,66.5,3329938
2023-06-13,66.5,67.3,66.5,66.8,1090160
2023-06-14,67.3,67.3,65.1,65.7,1759777
2023-06-15,65.7,67.0,65.6,66.4,739818
2023-06-18,66.8,66.8,66.0,66.3,734334
2023-06-19,66.5,68.2,66.4,67.6,1256480
2023-06-20,67.6,67.8,66.8,67.0,804383
2023-06-21,67.1,67.6,66.7,67.3,757809
2023-06-22,67.3,68.2,67.1,67.9,1456378
2023-06-25,67.9,69.1,67.8,68.8,1600332
2023-06-26,68.8,70.3,68.8,69.5,1949285
2023-07-02,69.5,69.5,68.5,68.9,458046
2023-07-03,68.9,69.2,68.2,68.4,660556
2023-07-04,68.6,69.3,68.1,69.0,670655
2023-07-05,69.6,69.6,68.4,68.6,902910
2023-07-06,68.6,69.1,68.6,68.9,743860
2023-07-09,68.9,69.3,68.0,68.4,1934570
2023-07-10,68.2,68.8,68.1,68.3,727265
2023-07-11,68.1,68.6,68.1,68.2,619042
2023-07-12,68.2,68.5,68.1,68.2,948601
2023-07-13,68.2,69.6,68.2,69.4,1567652
2023-07-16,69.7,71.6,69.7,71.4,2898781
2023-07-17,71.8,72.0,70.5,70.7,2082420
2023-07-18,70.7,71.0,70.2,70.6,1528276
2023-07-19,70.3,70.7,69.2,69.5,2006472
2023-07-20,70.0,70.9,69.1,69.3,3790752
2023-07-23,69.5,69.6,68.4,68.7,1199961
2023-07-24,68.9,69.0,67.9,68.1,798714
2023-07-25,68.6,68.6,67.4,67.9,738077
2023-07-26,68.3,68.8,67.6,68.5,845001
2023-07-27,69.2,69.2,68.4,68.9,651098
2023-07-30,69.4,69.4,68.5,69.1,943332
2023-07-31,68.7,69.1,68.4,68.6,724746
2023-08-01,68.5,68.7,68.1,68.4,669766
2023-08-02,68.1,68.6,68.1,68.2,430539
2023-08-03,68.3,68.4,68.0,68.2,511943
2023-08-06,68.0,68.0,67.3,67.4,728390
2023-08-07,67.4,67.8,66.8,66.9,724213
2023-08-08,66.8,68.5,66.7,68.3,1159466
2023-08-09,67.5,68.2,67.5,67.7,467593
2023-08-10,67.4,68.1,67.2,67.9,458185
2023-08-13,67.9,68.0,67.6,67.8,462062
2023-08-14,67.5,67.6,66.7,67.2,1647659
2023-08-16,67.3,67.3,66.3,66.9,1968696
2023-08-17,67.3,67.7,67.0,67.5,359831
2023-08-20,67.3,68.5,67.3,68.2,811713
2023-08-21,68.2,69.3,68.2,69.2,1897526
2023-08-22,69.4,69.8,68.7,68.9,1405407
2023-08-23,68.5,69.3,68.5,68.9,1307974
2023-08-24,68.9,69.5,68.8,69.3,1013789
2023-08-27,69.5,70.3,69.4,70.0,1729245
2023-08-28,70.5,70.9,69.9,70.0,1099456
2023-08-29,70.0,70.1,69.7,69.8,1057191
2023-08-30,69.8,69.9,69.5,69.8,957396
2023-08-31,69.8,70.2,69.7,69.9,1260876
2023-09-03,70.0,70.2,69.8,70.0,1083197
2023-09-04,70.4,70.4,69.8,70.0,1044257
2023-09-05,70.0,70.1,69.8,69.9,1100147
2023-09-07,69.8,70.2,69.2,69.4,835109
2023-09-10,69.4,69.6,68.8,69.0,611116
2023-09-11,68.9,69.1,68.4,68.5,473224
2023-09-12,68.7,68.7,68.2,68.5,588507
2023-09-13,68.8,69.2,68.3,68.8,474274
2023-09-14,68.5,69.1,68.5,68.7,474006
2023-09-17,69.9,70.4,69.1,69.7,1483991
2023-09-18,70.1,70.1,69.0,69.6,1005121
2023-09-19,69.3,69.8,69.2,69.3,1220010
2023-09-20,69.3,69.6,69.1,69.2,693981
2023-09-21,69.0,69.4,69.0,69.1,388670
2023-09-24,69.5,69.5,69.0,69.2,861604
2023-09-25,69.1,69.2,68.7,69.0,1055347
2023-09-26,69.0,69.0,68.8,68.9,1183697
2023-09-27,69.0,69.6,68.8,69.4,862094
2023-10-01,69.4,70.1,69.4,69.9,1869086
2023-10-02,70.0,70.2,69.7,70.0,1578469
2023-10-03,70.0,71.3,70.0,71.0,4351991
2023-10-04,71.0,71.8,70.8,70.9,3003694
2023-10-05,70.7,71.1,69.9,70.0,2271781
2023-10-08,70.0,70.1,69.6,69.9,2019843
2023-10-09,69.7,70.4,69.7,70.0,2055212
2023-10-10,70.0,71.2,70.0,70.9,1679438
2023-10-11,71.2,72.5,71.1,71.7,3733848
2023-10-12,71.2,72.1,71.0,72.0,1394372
2023-10-15,72.0,72.3,71.7,72.0,1485040
2023-10-16,72.0,72.0,70.9,71.0,1308269
2023-10-17,71.0,71.0,69.9,70.1,1285728
2023-10-18,70.1,70.5,69.9,70.3,1060416
2023-10-19,70.2,70.6,69.9,70.0,2402924
2023-10-22,70.1,70.2,69.9,70.0,987486
2023-10-23,70.1,70.6,70.0,70.4,536845
2023-10-25,70.5,71.1,70.5,70.6,1312427
2023-10-26,70.7,71.1,70.4,71.0,761806
2023-10-29,71.0,71.1,70.7,71.0,591017
2023-10-30,71.2,71.6,71.0,71.4,1001683
2023-10-31,71.7,71.9,71.2,71.3,1763013
2023-11-01,71.4,71.4,70.6,70.7,951432
2023-11-02,70.6,71.0,70.0,70.4,1281387
2023-11-05,70.2,71.1,70.2,70.9,660069
2023-11-06,71.0,71.1,70.8,71.0,808806
2023-11-07,71.0,71.6,70.3,70.7,1493623
2023-11-08,70.0,70.8,70.0,70.4,524813
2023-11-09,70.4,70.5,70.2,70.4,518386
2023-11-12,70.3,70.8,70.3,70.6,527593
2023-11-13,70.6,70.8,69.8,70.0,998225
2023-11-14,70.0,70.0,69.7,69.8,582785
2023-11-15,69.8,70.3,69.7,69.9,429694
2023-11-16,69.8,70.0,69.4,69.5,668244
2023-11-19,69.6,69.6,68.6,68.8,466740
2023-11-20,68.6,69.0,67.5,67.9,614345
2023-11-21,67.9,68.0,67.0,67.4,463512
2023-11-22,67.1,68.2,67.0,67.8,272245
2023-11-23,67.9,68.4,67.9,68.0,270268
2023-11-26,68.0,68.2,67.9,68.0,418974
2023-11-27,67.9,68.1,67.8,67.9,341005
2023-11-28,68.0,68.1,67.9,68.0,398699
2023-11-29,68.1,68.2,67.9,68.0,496176
2023-11-30,68.0,68.6,67.9,68.5,731325
2023-12-03,68.8,68.8,68.4,68.6,478475
2023-12-04,68.9,69.4,68.6,69.3,1121760
2023-12-05,69.3,70.0,69.3,70.0,945053
2023-12-06,70.0,70.4,69.7,69.7,698002
2023-12-07,69.9,70.0,69.4,69.7,1151530
2023-12-10,69.7,69.8,68.4,68.7,1035936
2023-12-11,69.0,70.3,68.6,70.1,1710363
2023-12-12,70.2,70.2,69.0,69.1,740206
2023-12-13,68.0,69.5,68.0,69.0,432176
2023-12-14,68.8,69.1,68.8,69.0,442046
2023-12-17,69.0,69.1,68.6,68.7,559443
2023-12-18,68.6,69.2,68.6,69.0,549229
2023-12-19,68.9,69.0,68.7,68.8,761719
2023-12-20,68.8,69.2,68.8,68.9,966967
2023-12-21,69.0,69.1,68.7,68.8,748679
2023-12-24,69.0,69.0,68.2,68.2,958160
2023-12-26,68.5,68.5,68.2,68.3,791657
2023-12-27,68.3,68.9,68.3,68.8,514827
2023-12-28,68.9,69.7,68.8,69.3,932702
2024-01-01,69.3,69.6,69.0,69.3,364071
2024-01-02,69.2,69.4,69.0,69.2,513665
2024-01-03,69.2,69.4,69.2,69.3,401957
2024-01-04,69.0,69.4,68.8,69.2,780264
2024-01-08,69.3,70.6,69.3,70.3,1157419
2024-01-09,70.3,70.5,69.8,70.0,701814
2024-01-10,70.0,70.5,70.0,70.3,796110
2024-01-11,70.7,71.9,70.2,71.7,1466582
2024-01-14,71.7,72.2,71.4,71.5,1140483
2024-01-15,71.3,71.5,70.7,71.3,1157750
2024-01-16,71.6,72.1,71.5,71.7,1231517
2024-01-17,72.0,72.5,71.5,71.9,1646190
2024-01-18,72.0,72.0,71.4,71.5,858603
2024-01-21,70.0,73.7,69.0,73.4,2153056
2024-01-22,73.8,75.6,73.5,74.0,3393823
2024-01-23,74.0,75.0,73.8,74.4,2347894
2024-01-24,74.5,74.8,72.9,73.1,1644689
2024-01-25,73.2,73.8,71.9,72.1,1749227
2024-01-28,72.5,72.9,71.5,71.8,952712
2024-01-29,71.9,72.5,71.2,72.1,1014978
2024-01-30,72.1,73.1,72.1,72.7,718517
2024-01-31,73.5,73.5,72.5,72.7,847180
2024-02-01,73.0,73.7,72.7,73.5,982070
2024-02-04,73.5,74.4,73.5,74.1,2150037
2024-02-05,74.1,74.4,73.8,74.1,1662455
2024-02-06,74.2,74.4,72.9,73.5,1640991
2024-02-07,73.9,73.9,72.5,73.0,1187114
2024-02-08,72.9,73.4,72.7,73.1,1126876
2024-02-11,73.1,74.5,72.6,73.9,2352865
2024-02-12,74.0,74.3,73.2,73.5,1734158
2024-02-13,73.5,74.0,72.9,73.6,1919150
2024-02-14,73.7,75.1,73.3,74.2,1787203
2024-02-15,72.9,74.4,72.9,73.5,1273460
2024-02-18,73.1,73.9,72.9,73.1,734248
2024-02-19,73.7,73.7,72.9,73.0,437644
2024-02-20,73.4,74.1,73.1,73.2,1201096
