Date,Open,High,Low,Close,Volume
2012-10-01,45.0,47.0,44.0,46.4,82350
2012-10-02,46.3,47.6,44.1,44.9,123600
2012-10-03,46.0,46.0,43.0,43.2,87100
2012-10-04,46.0,46.0,42.8,43.2,31600
2012-10-07,45.3,45.3,40.7,41.0,26250
2012-10-08,42.3,42.7,39.6,41.2,51650
2012-10-09,41.6,44.9,41.6,42.9,40050
2012-10-10,43.2,43.2,40.1,41.1,44250
2012-10-11,41.2,41.9,40.5,41.1,23700
2012-10-14,40.4,41.9,40.4,40.6,37050
2012-10-15,40.9,41.3,40.6,40.9,33250
2012-10-16,41.5,41.5,40.2,40.3,21650
2012-10-17,40.3,40.5,39.2,39.5,34900
2012-10-18,39.5,40.5,39.2,39.3,16350
2012-10-21,39.6,40.0,38.3,39.1,24150
2012-10-22,39.4,40.5,39.4,40.4,27950
2012-10-23,42.2,42.3,40.0,40.3,15100
2012-10-30,40.0,41.0,39.6,39.8,12550
2012-10-31,40.0,40.3,39.5,39.6,11650
2012-11-01,39.6,40.0,39.0,39.6,19900
2012-11-04,40.0,40.0,38.8,39.1,24450
2012-11-05,38.6,39.5,38.6,39.2,2350
2012-11-06,39.0,39.0,38.1,38.2,13300
2012-11-07,39.2,39.2,37.5,38.1,12550
2012-11-08,38.5,38.9,38.0,38.2,17950
2012-11-11,38.0,38.2,36.6,36.9,27250
2012-11-12,36.7,36.8,34.9,35.0,29500
2012-11-13,30.0,31.0,29.1,30.8,87700
2012-11-14,29.9,31.8,29.9,30.7,30600
2012-11-15,31.5,32.1,30.0,31.8,33550
2012-11-18,32.5,32.5,30.0,30.3,36550
2012-11-19,30.3,30.4,28.9,29.0,35100
2012-11-20,29.6,29.6,28.1,28.5,29850
2012-11-21,30.0,30.0,28.1,28.4,17300
2012-11-22,29.0,29.4,28.5,28.5,23750
2012-11-26,28.0,29.0,27.6,27.8,20750
2012-11-28,27.2,28.2,27.0,27.5,17450
2012-11-29,27.9,29.5,27.9,29.3,20800
2012-12-02,30.5,30.5,28.1,28.3,15050
2012-12-03,28.1,28.1,27.3,27.8,9650
2012-12-04,28.3,28.3,27.2,27.3,12100
2012-12-05,28.3,28.3,27.0,27.2,12100
2012-12-06,27.5,27.5,27.2,27.3,15600
2012-12-09,27.1,27.3,27.0,27.0,8600
2012-12-10,26.9,27.0,26.6,26.8,6750
2012-12-11,26.5,27.0,26.5,26.7,6950
2012-12-12,27.3,27.3,26.7,26.8,8650
2012-12-13,26.6,26.7,26.5,26.6,8850
2012-12-17,26.0,27.0,26.0,26.7,47850
2012-12-18,26.4,27.1,26.4,27.0,23350
2012-12-19,27.2,28.3,27.2,27.9,37900
2012-12-20,27.8,28.5,27.5,27.8,19250
2012-12-23,27.3,28.0,27.2,27.2,7250
2012-12-24,26.8,27.1,26.8,27.0,11900
2012-12-26,26.8,27.2,26.7,26.8,8700
2012-12-27,27.4,27.9,27.0,27.8,21000
2012-12-30,27.2,27.5,27.1,27.2,11200
2013-01-01,27.2,28.4,27.2,27.3,16350
2013-01-02,27.4,27.5,27.0,27.1,14300
2013-01-03,27.0,27.3,26.9,27.0,9650
2013-01-06,27.0,27.4,26.9,27.0,5450
2013-01-07,27.2,27.2,26.9,26.9,25950
2013-01-08,27.0,27.5,27.0,27.4,21400
2013-01-09,27.1,27.5,27.1,27.2,11900
2013-01-10,27.3,27.8,27.0,27.5,7100
2013-01-13,27.1,27.2,26.9,26.9,6500
2013-01-14,27.0,27.1,26.8,26.9,7150
2013-01-15,26.9,27.2,26.8,27.0,9100
2013-01-16,27.0,27.1,26.7,26.9,15700
2013-01-17,27.5,27.5,26.9,27.0,15750
2013-01-20,27.5,27.5,27.1,27.1,6850
2013-01-21,27.2,27.4,27.0,27.0,7550
2013-01-22,27.3,29.5,27.2,28.9,43500
2013-01-23,28.5,29.0,28.5,28.5,18700
2013-01-24,28.7,29.5,28.6,29.2,34150
2013-01-27,28.1,32.1,28.0,30.9,64950
2013-01-28,31.0,33.0,30.8,32.0,43500
2013-01-29,32.6,33.3,32.4,32.7,40600
2013-01-30,31.8,32.5,31.7,32.0,56850
2013-01-31,30.6,31.8,30.6,31.1,30000
2013-02-03,30.8,32.0,30.8,31.2,9350
2013-02-04,31.9,32.0,31.2,31.6,47050
2013-02-05,32.0,32.0,31.2,31.4,19600
2013-02-06,32.0,32.5,31.4,31.5,29450
2013-02-07,31.5,31.8,31.3,31.3,11750
2013-02-10,31.0,31.7,30.9,31.0,16450
2013-02-11,31.5,32.3,31.5,31.9,22550
2013-02-12,32.3,32.3,31.8,32.0,16600
2013-02-13,32.0,32.5,31.7,32.1,86400
2013-02-14,32.1,32.5,31.6,32.1,25450
2013-02-17,31.0,32.8,31.0,32.0,10800
2013-02-18,32.5,32.5,31.7,31.7,12200
2013-02-19,32.0,32.0,30.5,30.8,6200
2013-02-20,30.5,31.0,30.4,30.6,9650
2013-02-24,30.4,30.4,29.8,29.9,6750
2013-02-25,30.5,30.5,29.2,29.2,9450
2013-02-26,29.0,30.5,29.0,29.4,3350
2013-02-27,29.3,29.8,28.0,28.3,17700
2013-02-28,30.2,30.2,27.8,27.9,6900
2013-03-03,26.7,27.0,26.0,26.2,13500
2013-03-04,26.5,27.9,26.3,27.0,3100
2013-03-05,27.1,27.7,26.7,26.9,11250
2013-03-06,26.9,27.4,26.9,27.0,2050
2013-03-07,26.4,26.9,26.2,26.4,7050
2013-03-10,26.1,26.8,26.0,26.2,2050
2013-03-11,26.1,26.9,26.1,26.6,1900
2013-03-12,26.4,26.7,26.2,26.4,3150
2013-03-13,26.5,27.2,26.4,26.9,4500
2013-03-14,26.9,26.9,26.8,26.8,550
2013-03-18,27.1,27.2,26.5,26.8,3600
2013-03-19,26.9,27.2,26.8,26.8,4900
2013-03-20,28.0,28.0,26.6,27.4,1900
2013-03-24,26.5,27.6,26.5,26.8,1900
2013-03-25,26.8,26.8,25.7,25.8,10000
2013-03-27,25.8,25.8,23.6,24.4,8650
2013-03-28,23.1,25.4,23.1,24.2,3750
2013-03-31,24.4,24.4,24.1,24.1,7050
2013-04-01,24.1,25.0,24.1,24.2,22950
2013-04-02,24.1,24.5,24.1,24.3,1250
2013-04-03,24.2,25.3,24.2,24.2,3850
2013-04-04,24.1,24.9,24.1,24.1,2300
2013-04-07,23.3,24.7,23.3,24.2,150
2013-04-08,23.8,24.0,23.8,23.9,900
2013-04-09,25.5,25.5,24.3,24.6,10400
2013-04-10,26.9,27.0,24.7,25.4,7550
2013-04-11,25.7,25.7,25.2,25.4,1200
2013-04-15,26.6,27.9,26.6,27.2,7900
2013-04-16,25.9,26.2,25.8,25.9,11000
2013-04-17,25.0,26.5,25.0,25.2,400
2013-04-18,27.5,27.5,26.0,26.3,2950
2013-04-21,28.0,28.0,26.0,26.3,4200
2013-04-22,27.0,28.6,27.0,27.7,22750
2013-04-23,29.5,30.4,27.8,30.3,101150
2013-04-24,31.0,31.1,28.5,30.5,52900
2013-04-25,30.5,32.0,30.5,31.7,67200
2013-04-28,30.0,32.3,29.9,31.7,75850
2013-04-29,30.5,32.0,30.0,30.6,46750
2013-04-30,30.6,30.6,28.2,28.3,25400
2013-05-02,28.2,29.2,28.2,29.0,10050
2013-05-05,29.1,29.1,28.9,29.0,2550
2013-05-06,29.7,29.9,28.5,28.8,1700
2013-05-07,30.3,30.8,29.3,30.6,20400
2013-05-08,30.4,30.6,29.4,29.9,20950
2013-05-09,29.6,30.5,29.6,30.4,69150
2013-05-12,31.0,31.7,30.7,31.0,25950
2013-05-13,31.4,31.5,30.2,30.7,16400
2013-05-14,31.8,31.8,30.8,31.3,31200
2013-05-15,30.7,31.4,30.7,30.9,12600
2013-05-16,31.0,31.7,30.8,31.0,6150
2013-05-19,31.2,31.6,31.0,31.4,19550
2013-05-20,31.5,31.6,30.7,30.8,11200
2013-05-21,30.0,30.2,30.0,30.0,3200
2013-05-22,30.1,30.5,29.0,29.0,10300
2013-05-26,29.3,29.4,28.0,28.4,5550
2013-05-27,29.0,30.4,29.0,29.3,23300
2013-05-28,29.5,30.2,29.5,29.9,9400
2013-05-29,29.5,30.4,29.5,29.9,14700
2013-05-30,29.8,30.8,29.8,30.6,8350
2013-06-02,30.7,31.1,30.7,30.9,7700
2013-06-03,30.5,31.0,30.5,30.9,12800
2013-06-04,31.5,32.5,31.3,32.0,50650
2013-06-05,32.9,34.0,32.0,33.0,49650
2013-06-06,32.1,32.6,31.2,31.5,33000
2013-06-09,31.9,32.0,30.0,30.2,23550
2013-06-10,31.4,31.4,30.1,31.2,10300
2013-06-11,31.5,31.5,29.5,30.1,22850
2013-06-12,30.2,30.9,30.0,30.0,11950
2013-06-13,32.0,32.0,30.3,30.6,23150
2013-06-16,30.9,31.5,30.7,31.0,47550
2013-06-17,32.3,32.4,31.2,31.2,39850
2013-06-18,30.8,31.1,30.7,30.8,13450
2013-06-19,31.5,31.5,30.0,30.2,31550
2013-06-20,30.2,30.2,29.3,29.5,21550
2013-06-23,29.4,29.5,28.7,28.7,14500
2013-06-24,28.0,28.8,27.8,28.0,17550
2013-06-26,28.0,29.0,28.0,28.6,17950
2013-06-27,28.5,28.9,28.4,28.5,11800
2013-06-30,28.0,28.2,27.7,27.8,13350
2013-07-02,28.0,28.7,28.0,28.1,19550
2013-07-03,28.2,29.1,28.0,28.2,38600
2013-07-04,28.6,29.5,28.1,29.3,54750
2013-07-07,30.2,30.4,29.4,29.4,37300
2013-07-08,29.7,30.0,29.3,29.8,20200
2013-07-09,29.8,30.0,29.3,29.4,38500
2013-07-10,28.5,30.4,28.5,29.0,28150
2013-07-11,28.5,29.9,28.0,28.4,13900
2013-07-14,27.6,28.1,27.5,27.7,7250
2013-07-15,28.0,28.0,27.4,27.6,8450
2013-07-16,28.4,29.8,27.8,28.3,6700
2013-07-17,28.0,28.7,27.7,27.9,16150
2013-07-18,28.8,28.8,27.8,27.9,7400
2013-07-21,28.7,28.7,27.3,27.5,5900
2013-07-22,27.5,27.9,26.6,27.1,3350
2013-07-23,26.1,26.7,25.9,26.0,12150
2013-07-24,27.0,27.0,26.2,26.8,4000
2013-07-25,25.9,26.0,25.9,25.9,3200
2013-07-28,25.3,26.0,25.3,25.7,1700
2013-07-29,26.8,27.4,25.9,26.0,15650
2013-07-30,26.5,26.5,25.8,25.9,5300
2013-07-31,25.3,26.0,25.2,25.5,4200
2013-08-01,26.0,26.1,25.7,25.9,4050
2013-08-04,25.5,26.0,25.5,25.9,5950
2013-08-05,27.7,27.7,25.7,25.8,9650
2013-08-12,25.2,25.2,25.2,25.2,5000
2013-08-13,26.5,26.8,26.0,26.4,3250
2013-08-14,26.5,27.6,25.9,27.0,10650
2013-08-18,27.4,27.4,26.5,26.8,5850
2013-08-19,26.7,27.2,26.7,26.9,3300
2013-08-20,26.8,28.3,26.8,27.8,6000
2013-08-21,27.0,27.4,27.0,27.2,10100
2013-08-22,27.5,28.0,27.5,27.8,8600
2013-08-25,28.0,29.4,27.5,29.1,13750
2013-08-26,27.4,29.5,27.3,28.7,17750
2013-08-27,27.8,31.5,27.8,31.0,92150
2013-08-29,31.7,33.0,31.0,31.7,54500
2013-09-01,31.9,31.9,30.2,31.0,16900
2013-09-02,29.3,30.9,29.3,30.0,22350
2013-09-03,29.8,30.7,29.7,30.2,24950
2013-09-04,30.9,32.5,30.1,32.0,88350
2013-09-05,32.4,35.2,32.2,33.1,199950
2013-09-08,33.7,36.4,33.5,36.1,201550
2013-09-09,36.4,39.7,36.2,39.7,237050
2013-09-10,40.9,41.7,37.6,38.9,181000
2013-09-11,38.1,39.8,37.5,38.1,161550
2013-09-12,39.0,41.9,38.9,41.9,250600
2013-09-15,43.7,46.0,42.9,45.8,394600
2013-09-16,45.0,46.1,42.3,43.5,186900
2013-09-17,44.4,46.0,42.5,43.3,293500
2013-09-18,43.2,43.8,39.0,39.4,206200
2013-09-19,42.9,42.9,37.0,38.7,91800
2013-09-22,40.9,42.5,39.0,42.4,166550
2013-09-23,43.3,43.8,40.0,40.4,144600
2013-09-24,40.3,41.6,38.0,38.5,116700
2013-09-25,36.3,38.8,35.3,35.8,105600
2013-09-26,37.0,39.1,35.6,38.5,163050
2013-09-29,39.0,39.2,35.0,36.0,64200
2013-09-30,35.5,36.5,33.8,34.2,72400
2013-10-01,35.9,35.9,32.9,33.6,55050
2013-10-02,34.9,34.9,33.7,34.1,85500
2013-10-03,35.4,36.4,34.4,34.6,51050
2013-10-06,34.6,37.7,34.6,35.3,106750
2013-10-07,36.7,37.2,35.8,36.9,124600
2013-10-08,35.6,37.4,34.0,34.3,69550
2013-10-09,34.6,35.7,33.9,35.0,46450
2013-10-10,35.1,35.1,33.7,33.8,70550
2013-10-20,33.7,33.7,31.8,31.8,18250
2013-10-21,31.3,33.4,29.5,32.0,27550
2013-10-22,33.0,34.9,32.4,34.6,86750
2013-10-23,35.4,36.6,33.9,33.9,73000
2013-10-24,34.2,34.2,32.6,32.7,38350
2013-10-27,33.4,33.9,32.5,33.3,22750
2013-10-28,36.6,36.6,33.0,33.2,65450
2013-10-29,33.1,33.4,32.3,32.7,44850
2013-10-30,34.8,34.8,32.5,32.8,46650
2013-10-31,33.0,33.1,32.5,32.8,27750
2013-11-03,31.0,31.8,30.7,31.0,72400
2013-11-04,31.9,32.2,31.0,31.1,44600
2013-11-05,31.9,31.9,30.9,31.0,36400
2013-11-06,31.6,31.6,29.9,30.1,35850
2013-11-07,30.3,30.8,29.9,30.0,32100
2013-11-10,29.2,29.7,28.8,28.8,26400
2013-11-11,28.5,29.3,28.5,28.6,27750
2013-11-12,28.6,28.9,28.2,28.6,21000
2013-11-14,29.8,31.4,29.8,31.4,76750
2013-11-17,30.5,32.7,30.0,32.4,62100
2013-11-18,32.9,33.0,31.8,32.0,32500
2013-11-19,32.5,33.0,31.8,32.0,46250
2013-11-20,32.4,33.5,32.4,33.2,73850
2013-11-21,32.6,33.0,32.1,32.7,45700
2013-11-24,33.0,33.2,31.5,31.7,47750
2013-11-25,32.0,34.6,32.0,34.2,174800
2013-11-26,34.9,36.0,33.6,34.9,126500
2013-11-27,36.0,36.0,33.7,33.8,38300
2013-11-28,33.9,35.4,33.4,33.8,67450
2013-12-01,32.6,34.9,32.6,33.5,33600
2013-12-02,34.2,34.4,33.0,33.4,32700
2013-12-03,33.4,34.4,33.2,34.0,24550
2013-12-04,34.0,35.4,33.0,34.9,120700
2013-12-05,33.1,35.4,33.1,34.0,45900
2013-12-08,35.7,35.7,33.8,34.0,56550
2013-12-09,34.9,35.0,34.1,34.4,76400
2013-12-10,35.0,37.8,35.0,37.8,309750
2013-12-11,39.5,39.5,36.2,37.0,119100
2013-12-12,36.0,37.2,34.9,35.2,64150
2013-12-15,35.3,35.9,34.9,35.2,60300
2013-12-17,38.5,38.5,35.6,36.5,86100
2013-12-18,36.0,36.1,34.3,34.6,77250
2013-12-19,35.0,35.4,34.3,34.9,38300
2013-12-22,35.0,35.5,34.5,34.7,67250
2013-12-23,35.0,36.9,34.8,35.2,105650
2013-12-24,35.2,35.3,34.3,34.4,22500
2013-12-26,35.0,35.3,33.5,33.8,29850
2013-12-29,34.7,34.7,33.0,33.6,22100
2013-12-30,34.9,34.9,33.2,33.4,20300
2014-01-01,34.6,34.6,33.3,33.4,23800
2014-01-02,33.7,33.8,33.2,33.3,30550
2014-01-06,34.0,34.0,32.8,33.0,23650
2014-01-07,33.6,34.0,33.0,33.1,19850
2014-01-08,33.5,33.6,33.0,33.3,58900
2014-01-09,34.8,34.8,33.3,33.4,21250
2014-01-12,33.7,33.7,33.2,33.2,49300
2014-01-13,33.5,33.6,33.1,33.3,70150
2014-01-15,33.9,35.5,33.5,34.8,102300
2014-01-16,35.0,35.1,34.1,34.2,62000
2014-01-19,34.9,35.3,33.4,33.6,56650
2014-01-20,33.5,34.6,33.1,33.2,103100
2014-01-21,33.8,33.9,33.1,33.3,79100
2014-01-22,34.0,36.4,34.0,36.1,207850
2014-01-23,35.6,37.0,34.7,35.2,159950
2014-01-26,35.6,35.7,34.3,34.5,57650
2014-01-27,34.3,35.0,33.8,34.3,74500
2014-01-28,34.8,35.9,34.6,35.2,97150
2014-01-29,35.5,36.2,35.3,35.7,79150
2014-01-30,35.9,36.1,34.8,35.0,51850
2014-02-02,35.9,36.4,34.3,34.4,90300
2014-02-03,34.9,35.1,34.0,34.2,89950
2014-02-04,35.2,35.2,34.1,34.3,23350
2014-02-05,34.4,34.8,33.6,33.8,70900
2014-02-06,34.4,34.6,33.5,33.6,46850
2014-02-09,33.8,34.8,33.5,33.5,37900
2014-02-10,33.8,33.8,33.4,33.4,68400
2014-02-11,34.5,34.5,33.3,33.3,23150
2014-02-12,33.4,33.8,33.2,33.3,42100
2014-02-13,33.3,33.4,33.1,33.2,16700
2014-02-16,33.0,33.9,33.0,33.1,20050
2014-02-17,33.1,33.4,33.0,33.0,11850
2014-02-18,32.8,33.4,32.8,33.0,15200
2014-02-19,32.9,33.8,32.8,33.1,20500
2014-02-20,33.2,33.7,33.0,33.3,14300
2014-02-23,33.7,33.9,33.0,33.1,16050
2014-02-24,33.1,33.6,33.0,33.1,16700
2014-02-25,33.4,33.4,32.6,32.7,25200
2014-02-26,33.2,33.3,32.5,32.5,16150
2014-02-27,32.6,34.1,32.6,33.4,64700
2014-03-02,33.8,33.8,32.8,33.1,25400
2014-03-03,33.5,33.5,32.1,32.3,21600
2014-03-04,32.1,32.8,32.0,32.3,31800
2014-03-05,32.3,32.9,32.0,32.7,15300
2014-03-06,32.5,34.1,32.2,33.8,102200
2014-03-09,33.8,35.9,33.8,35.4,228950
2014-03-10,36.0,36.0,33.6,33.7,70600
2014-03-11,34.0,34.7,33.5,33.7,86200
2014-03-12,34.5,36.6,34.4,35.8,217800
2014-03-13,36.2,36.9,35.2,35.6,143100
2014-03-16,35.6,37.8,35.4,37.0,219600
2014-03-18,37.6,37.6,35.5,35.8,92900
2014-03-19,35.3,35.4,34.0,34.3,67050
2014-03-20,35.0,35.0,34.0,34.0,61800
2014-03-23,34.0,35.2,34.0,34.0,70350
2014-03-24,34.3,34.9,33.8,34.6,94800
2014-03-25,34.6,37.4,34.5,37.1,282150
2014-03-27,37.4,39.9,37.1,39.7,536000
2014-03-30,39.6,42.0,39.5,40.7,270000
2014-03-31,40.7,40.7,37.0,37.8,179050
2014-04-01,37.5,38.5,36.5,37.7,162400
2014-04-02,37.6,37.6,36.1,36.4,159800
2014-04-03,37.0,37.3,35.5,35.7,119650
2014-04-06,35.8,36.6,35.0,35.2,90850
2014-04-07,36.1,36.1,34.3,34.4,90600
2014-04-08,35.5,35.5,34.0,34.1,59700
2014-04-09,35.2,35.2,34.0,34.1,53350
2014-04-10,34.4,34.8,33.5,33.6,89350
2014-04-13,33.9,33.9,32.8,33.1,46300
2014-04-15,33.2,35.0,33.0,34.0,57200
2014-04-16,34.8,34.8,33.3,33.7,43250
2014-04-17,34.6,34.8,33.9,34.0,37450
2014-04-20,34.7,34.7,33.7,34.0,50400
2014-04-21,34.5,35.5,34.0,35.1,86100
2014-04-22,35.0,36.0,34.9,35.1,117250
2014-04-23,34.6,34.9,34.0,34.0,66400
2014-04-24,34.1,34.1,33.6,33.7,88500
2014-04-27,32.9,33.4,32.8,32.9,76300
2014-04-28,33.0,33.0,30.3,31.0,76500
2014-04-29,31.3,31.3,29.2,29.7,47650
2014-04-30,29.1,29.5,28.2,28.6,51350
2014-05-04,29.6,30.6,29.3,30.0,20350
2014-05-05,30.8,31.4,29.5,29.8,10250
2014-05-06,29.9,30.9,29.9,30.5,37800
2014-05-07,31.0,31.5,30.6,30.9,40900
2014-05-08,30.9,31.0,30.3,30.4,29700
2014-05-11,30.8,30.8,30.0,30.2,38550
2014-05-12,30.5,31.0,29.9,29.9,28350
2014-05-14,30.0,30.3,29.6,29.7,23150
2014-05-15,30.2,31.0,29.8,29.8,64250
2014-05-18,30.5,30.5,29.4,29.6,22350
2014-05-19,30.1,30.3,29.4,29.8,43150
2014-05-20,29.9,29.9,29.3,29.4,20500
2014-05-21,29.6,30.0,29.4,29.5,17900
2014-05-22,29.6,29.9,29.3,29.3,13600
2014-05-25,29.3,29.3,28.9,29.0,19350
2014-05-26,29.1,29.2,28.9,28.9,19150
2014-05-27,29.0,29.2,28.7,28.7,27650
2014-05-28,28.8,29.2,28.7,28.7,35150
2014-05-29,29.0,29.3,29.0,29.1,30600
2014-06-01,29.0,29.6,29.0,29.1,24450
2014-06-02,28.9,28.9,28.6,28.7,16250
2014-06-03,28.1,28.7,28.1,28.3,20000
2014-06-04,28.6,28.6,28.1,28.1,29550
2014-06-05,28.3,28.7,28.0,28.0,45300
2014-06-08,28.0,28.0,27.5,27.7,32650
2014-06-09,28.0,28.4,27.8,27.8,27850
2014-06-10,28.0,28.2,27.3,27.5,40200
2014-06-11,27.6,27.9,27.5,27.5,45650
2014-06-12,27.8,28.2,27.5,27.9,49150
2014-06-15,27.9,28.3,27.1,27.3,24900
2014-06-16,27.1,27.4,26.8,27.0,13200
2014-06-17,26.8,26.8,26.6,26.7,8400
2014-06-18,26.8,26.8,26.2,26.3,28650
2014-06-19,26.2,26.7,26.2,26.3,22050
2014-06-22,26.7,28.6,26.7,27.7,96900
2014-06-23,27.5,27.6,26.8,27.2,19500
2014-06-24,26.7,27.7,26.7,27.1,27050
2014-06-25,27.0,27.7,27.0,27.1,39850
2014-06-26,27.2,27.3,26.9,27.0,25300
2014-06-29,27.5,28.0,27.1,27.7,43600
2014-06-30,28.0,29.6,28.0,28.6,167450
2014-07-02,28.5,28.9,28.4,28.5,47850
2014-07-03,28.5,29.0,28.0,28.4,74500
2014-07-06,28.6,28.6,27.5,27.5,30750
2014-07-07,27.8,27.8,27.3,27.3,14900
2014-07-08,27.5,27.5,27.1,27.2,21950
2014-07-09,27.3,28.0,27.2,27.2,26100
2014-07-10,27.5,27.5,27.2,27.3,11650
2014-07-13,27.0,27.0,26.0,26.2,32200
2014-07-14,26.3,27.1,26.3,26.8,5550
2014-07-15,26.8,26.8,26.5,26.6,7150
2014-07-16,26.6,26.7,26.4,26.4,29200
2014-07-17,26.8,27.0,26.4,26.9,10950
2014-07-20,26.8,27.0,26.5,26.7,18500
2014-07-21,26.6,27.2,26.6,27.0,29000
2014-07-22,27.1,27.4,27.1,27.1,27500
2014-07-23,27.2,27.2,26.6,26.7,21450
2014-07-24,26.7,27.0,26.5,26.6,37300
2014-08-03,26.6,26.9,26.3,26.3,29000
2014-08-04,26.4,26.9,26.3,26.4,48250
2014-08-05,26.8,27.2,26.5,26.6,52800
2014-08-06,27.0,27.8,27.0,27.4,69500
2014-08-07,27.8,29.5,27.5,28.9,226950
2014-08-10,29.4,30.5,29.2,29.5,153550
2014-08-11,29.3,29.3,28.1,28.3,86700
2014-08-12,28.6,28.9,27.7,27.8,48050
2014-08-13,28.1,28.3,27.8,28.0,28300
2014-08-14,28.3,28.3,27.8,27.9,24600
2014-08-18,28.1,28.1,27.5,27.7,29700
2014-08-19,27.5,27.9,27.0,27.1,40500
2014-08-20,27.3,27.5,26.9,27.1,34000
2014-08-21,27.2,27.9,27.2,27.3,23900
2014-08-24,27.8,27.9,26.8,26.9,63800
2014-08-25,27.0,27.6,27.0,27.1,32300
2014-08-26,27.1,28.2,27.1,27.5,55700
2014-08-27,27.9,27.9,27.3,27.4,27500
2014-08-28,27.8,28.5,27.4,28.1,56500
2014-08-31,28.0,28.4,27.6,27.8,28300
2014-09-01,28.0,28.1,27.7,27.9,22250
2014-09-02,28.1,29.4,28.0,29.0,115250
2014-09-03,29.3,30.5,29.3,30.1,198450
2014-09-04,30.2,32.3,30.0,30.7,169000
2014-09-07,31.0,31.0,29.7,30.1,94600
2014-09-08,29.6,29.6,28.5,28.6,62500
2014-09-09,29.3,29.4,28.4,28.7,70300
2014-09-10,29.0,30.2,28.8,29.0,64300
2014-09-11,29.1,29.4,28.4,28.5,69400
2014-09-14,29.5,29.6,28.3,28.5,57200
2014-09-15,28.8,28.8,27.9,27.9,75350
2014-09-16,28.0,28.1,27.3,27.5,50100
2014-09-17,27.8,28.1,27.0,27.3,61450
2014-09-18,28.0,28.6,27.0,28.2,93300
2014-09-21,27.7,29.5,27.7,29.2,65950
2014-09-22,28.9,30.0,28.7,29.1,94550
2014-09-23,29.4,30.0,28.7,28.9,62850
2014-09-24,29.0,29.4,28.2,28.2,56100
2014-09-25,28.7,28.9,28.0,28.1,69300
2014-09-28,28.4,28.7,28.2,28.2,39200
2014-09-29,28.2,28.2,27.8,28.0,24450
2014-09-30,27.7,29.0,27.7,28.8,53550
2014-10-01,29.0,30.5,29.0,29.7,125050
2014-10-02,30.2,30.2,29.3,29.5,73400
2014-10-12,29.3,29.5,28.8,29.2,37450
2014-10-13,29.0,29.4,28.9,29.2,72350
2014-10-14,29.2,30.0,29.2,29.7,80300
2014-10-15,30.1,31.8,30.0,31.4,204750
2014-10-16,31.0,31.8,30.7,30.9,96850
2014-10-19,31.2,31.2,30.0,30.1,56900
2014-10-20,30.4,30.4,29.6,29.8,46750
2014-10-21,30.3,30.4,29.9,29.9,30850
2014-10-22,30.1,30.1,29.5,29.5,77350
2014-10-23,29.5,29.5,29.2,29.3,41900
2014-10-26,29.3,29.5,28.0,28.0,89550
2014-10-27,28.0,28.6,28.0,28.4,22600
2014-10-28,28.1,28.1,26.1,27.3,48700
2014-10-29,27.5,27.8,27.4,27.6,16350
2014-10-30,27.6,28.2,27.6,28.0,11300
2014-11-02,27.3,27.7,27.2,27.6,30600
2014-11-03,27.3,28.5,27.3,28.3,22800
2014-11-05,27.3,28.9,27.3,28.7,44300
2014-11-06,28.4,28.9,28.2,28.3,38300
2014-11-09,28.7,28.8,27.2,27.4,25200
2014-11-10,27.6,28.0,27.1,27.5,46400
2014-11-11,27.1,28.2,27.1,28.0,26300
2014-11-12,27.7,28.3,27.7,28.1,54950
2014-11-13,25.5,28.4,25.5,28.2,31000
2014-11-16,28.3,28.7,28.0,28.2,61400
2014-11-18,27.3,28.6,26.5,28.4,72000
2014-11-19,28.7,29.4,28.2,28.8,36450
2014-11-20,29.1,30.5,29.1,30.1,114350
2014-11-23,30.3,30.7,29.5,29.9,41900
2014-11-24,29.0,30.1,29.0,29.9,48550
2014-11-25,30.0,30.1,28.6,29.0,21500
2014-11-26,28.9,29.0,28.9,28.9,30600
2014-11-27,28.7,29.0,28.7,28.8,11250
2014-11-30,28.4,28.9,28.4,28.7,6400
2014-12-01,28.7,28.9,28.7,28.7,2750
2014-12-02,28.8,29.0,28.8,28.9,6650
2014-12-03,28.3,30.0,28.3,29.7,4700
2014-12-04,28.3,29.8,28.3,28.8,3050
2014-12-07,28.5,29.1,28.5,29.0,28350
2014-12-08,29.0,29.4,28.8,29.0,4800
2014-12-09,27.8,30.0,27.8,29.2,8700
2014-12-10,29.0,29.1,29.0,29.0,18800
2014-12-11,28.5,29.3,28.5,29.0,4208
2014-12-14,28.0,29.4,28.0,29.2,18426
2014-12-15,29.0,29.5,28.9,29.2,3909
2014-12-17,28.5,30.1,28.5,29.9,9927
2014-12-18,28.8,30.0,28.6,29.9,23837
2014-12-21,28.7,30.0,28.7,29.9,14273
2014-12-22,28.6,29.9,28.6,29.8,8735
2014-12-23,28.8,29.7,28.8,29.4,14206
2014-12-24,28.8,29.2,28.8,29.0,3146
2014-12-28,28.9,29.4,28.9,29.1,5821
2014-12-29,29.1,29.5,29.1,29.3,6376
2014-12-30,29.0,29.9,29.0,29.7,3014
2015-01-01,29.5,30.0,29.5,30.0,14592
2015-01-05,29.1,29.8,29.1,29.5,3536
2015-01-06,29.0,30.0,29.0,29.9,6540
2015-01-07,29.3,30.0,29.3,29.8,18455
2015-01-08,29.4,30.0,29.4,29.9,6050
2015-01-11,29.0,30.0,29.0,29.6,1990
2015-01-12,29.5,29.7,29.5,29.5,5927
2015-01-13,29.0,29.5,29.0,29.3,4028
2015-01-14,29.3,29.4,29.3,29.3,11203
2015-01-15,29.3,29.8,29.1,29.7,19720
2015-01-18,29.3,30.8,29.1,29.4,19461
2015-01-19,29.0,29.9,28.9,29.5,29990
2015-01-20,29.2,29.2,29.1,29.1,660
2015-01-21,28.0,28.2,28.0,28.1,410
2015-01-22,26.6,29.8,26.6,29.1,590
2015-01-25,28.5,28.5,28.5,28.5,400
2015-01-26,28.5,28.5,28.0,28.2,5877
2015-01-27,28.1,29.0,28.1,28.9,7172
2015-01-28,28.5,29.3,28.5,28.8,4560
2015-01-29,28.7,29.0,28.7,28.9,7150
2015-02-01,28.6,29.0,28.6,28.8,3854
2015-02-02,27.9,29.0,27.9,28.8,6370
2015-02-03,28.8,29.2,28.8,29.0,1605
2015-02-04,29.2,29.5,29.0,29.3,3610
2015-02-05,29.0,29.7,29.0,29.4,3150
2015-02-08,29.7,29.9,29.4,29.6,18203
2015-02-09,28.5,30.0,28.5,29.6,25511
2015-02-10,29.2,30.0,29.2,29.8,5310
2015-02-11,30.0,30.1,29.1,29.4,16945
2015-02-12,29.0,29.0,28.3,28.8,3484
2015-02-15,28.9,28.9,28.9,28.9,100
2015-02-16,28.4,28.5,28.4,28.5,1181
2015-02-17,28.9,29.0,28.8,29.0,5566
2015-02-18,28.9,28.9,28.8,28.8,410
2015-02-19,28.5,28.5,27.8,28.0,7000
2015-02-22,28.0,28.2,27.8,28.0,3866
2015-02-23,28.0,28.2,27.6,27.9,5395
2015-02-24,29.0,29.0,28.3,28.6,2070
2015-02-25,27.2,28.0,27.2,27.8,800
2015-02-26,27.4,28.3,27.4,27.6,2970
2015-03-01,27.8,27.9,27.7,27.8,1100
2015-03-02,28.7,28.8,27.2,27.2,6570
2015-03-03,26.5,27.1,26.5,26.6,320
2015-03-04,27.4,27.5,27.4,27.5,700
2015-03-05,27.4,27.5,27.1,27.3,3248
2015-03-08,27.1,27.9,27.1,27.7,550
2015-03-09,27.0,27.5,27.0,27.3,4339
2015-03-10,27.4,27.8,27.2,27.3,650
2015-03-11,26.4,27.2,26.4,27.0,2244
2015-03-12,27.1,27.2,26.1,26.8,2270
2015-03-15,27.0,27.0,25.1,25.9,4292
2015-03-18,25.5,26.3,24.0,25.3,1113
2015-03-19,24.6,24.7,24.1,24.4,940
2015-03-22,24.8,25.2,24.7,24.9,1970
2015-03-23,25.5,27.3,25.5,26.6,6395
2015-03-25,25.5,26.8,25.5,26.2,5266
2015-03-29,25.1,27.0,25.1,26.1,4639
2015-03-30,25.7,26.0,25.7,26.0,2665
2015-03-31,24.5,25.3,24.5,25.0,8018
2015-04-01,26.0,26.0,25.3,25.8,1621
2015-04-02,26.0,26.0,25.5,25.7,652
2015-04-05,25.6,26.6,25.6,26.1,1490
2015-04-06,26.7,27.5,26.2,26.9,13940
2015-04-07,26.1,27.0,25.4,25.7,7044
2015-04-08,24.8,26.0,24.8,25.7,2111
2015-04-09,25.5,26.3,25.5,26.0,2270
2015-04-12,24.1,25.2,24.1,24.9,3091
2015-04-13,25.0,25.8,23.9,24.2,4090
2015-04-15,24.0,25.9,24.0,25.1,2060
2015-04-16,24.6,25.8,24.6,25.7,950
2015-04-19,25.9,26.2,25.5,25.8,3650
2015-04-20,28.0,28.0,25.2,25.9,1510
2015-04-21,24.6,26.0,24.6,25.1,1871
2015-04-22,24.5,24.6,24.2,24.4,1410
2015-04-23,23.1,24.6,23.1,24.0,5200
2015-04-26,23.3,25.0,23.3,24.1,2120
2015-04-27,24.1,24.1,21.9,23.9,1970
2015-04-29,24.0,24.0,24.0,24.0,135
2015-04-30,22.6,23.0,22.6,22.9,581
2015-05-04,23.0,23.0,22.7,22.8,862
2015-05-05,22.5,23.9,22.5,23.5,1260
2015-05-06,23.2,24.0,23.2,23.5,2840
2015-05-07,23.1,24.0,23.1,23.8,1812
2015-05-10,24.3,24.9,23.8,24.4,7275
2015-05-11,24.5,25.4,24.4,24.8,4300
2015-05-12,24.0,24.7,23.9,24.1,2520
2015-05-13,23.3,24.7,23.3,24.4,3760
2015-05-14,23.6,24.6,23.6,24.0,4580
2015-05-17,24.0,24.0,23.7,23.8,1200
2015-05-18,23.1,25.2,23.1,24.9,6670
2015-05-19,25.2,25.4,24.3,24.8,10140
2015-05-20,25.2,25.2,24.0,24.6,2790
2015-05-21,25.0,25.0,24.5,24.7,1771
2015-05-25,23.6,24.9,23.6,24.4,12312
2015-05-26,25.2,25.9,24.1,24.9,22918
2015-05-27,25.5,25.5,24.0,24.4,6095
2015-05-28,24.3,24.8,24.2,24.4,7736
2015-05-31,24.4,24.4,24.0,24.2,1953
2015-06-01,24.0,24.3,23.9,24.0,5739
2015-06-02,24.0,24.5,23.7,24.3,10080
2015-06-04,23.8,24.1,23.0,23.3,10870
2015-06-07,23.0,24.0,23.0,23.3,4068
2015-06-08,22.6,23.2,22.6,23.0,8354
2015-06-09,22.7,23.0,22.6,22.9,13604
2015-06-10,22.9,23.1,22.7,22.9,9910
2015-06-11,22.7,23.1,22.6,22.7,4569
2015-06-14,23.3,23.3,22.5,22.6,5046
2015-06-15,22.6,22.8,22.6,22.7,5756
2015-06-16,22.6,24.0,22.5,23.6,12809
2015-06-17,23.5,23.6,22.9,23.3,1380
2015-06-18,23.5,25.6,23.5,25.6,58889
2015-06-21,25.8,27.5,25.7,27.2,42802
2015-06-22,27.1,27.6,26.5,26.8,49490
2015-06-23,26.5,27.6,26.5,27.1,79999
2015-06-24,27.4,29.8,27.4,28.0,102091
2015-06-25,27.6,29.0,27.5,28.0,62544
2015-06-28,28.4,28.7,26.0,26.9,25443
2015-06-29,26.9,26.9,24.5,25.5,63564
2015-06-30,26.8,26.9,24.6,24.8,57695
2015-07-02,25.6,25.8,25.0,25.2,48550
2015-07-05,25.5,27.7,25.2,27.7,85912
2015-07-06,29.1,30.4,28.9,30.4,75632
2015-07-07,32.0,33.4,32.0,33.4,240845
2015-07-08,35.6,36.5,33.2,34.2,161522
2015-07-09,34.1,34.1,31.0,31.6,137595
2015-07-12,31.0,31.7,30.4,30.7,89260
2015-07-13,31.0,33.7,31.0,33.1,106447
2015-07-14,32.9,32.9,30.0,30.6,49009
2015-07-21,32.0,32.0,29.4,29.9,45314
2015-07-22,30.0,30.8,28.9,29.7,91309
2015-07-23,29.4,30.0,29.4,29.7,31147
2015-07-26,30.0,30.2,29.1,29.3,62903
2015-07-27,29.7,30.9,29.1,30.3,41295
2015-07-28,29.7,33.3,29.7,33.3,249389
2015-07-29,33.2,33.2,30.7,31.9,44629
2015-07-30,32.4,32.4,30.5,31.3,42731
2015-08-02,31.0,32.0,30.0,30.3,44620
2015-08-03,31.4,32.0,31.0,31.7,65363
2015-08-04,32.0,33.0,31.2,31.7,80464
2015-08-05,31.5,33.4,31.5,32.8,78479
2015-08-06,33.1,36.0,33.1,35.6,243639
2015-08-09,36.5,36.6,34.5,34.8,74363
2015-08-10,34.7,35.0,33.1,33.6,35597
2015-08-11,33.5,35.5,33.5,35.2,103155
2015-08-12,35.5,36.2,34.5,35.9,49900
2015-08-13,35.5,36.2,35.3,35.6,64319
2015-08-16,35.0,37.6,35.0,37.4,155258
2015-08-17,37.8,40.8,37.0,39.6,209042
2015-08-18,37.1,40.0,37.1,38.5,66412
2015-08-19,39.0,42.3,39.0,42.3,292130
2015-08-20,43.4,44.5,41.7,42.4,83584
2015-08-23,42.0,42.9,38.6,40.4,117412
2015-08-24,40.9,41.8,39.8,40.2,37367
2015-08-25,40.0,41.5,39.6,40.3,57255
2015-08-26,40.3,42.4,40.3,42.2,127432
2015-08-27,43.3,46.3,42.9,44.3,205413
2015-08-30,46.0,48.4,44.6,45.4,334889
2015-08-31,45.0,46.0,43.6,44.0,96319
2015-09-01,43.2,47.0,43.0,46.7,280573
2015-09-02,47.0,47.3,44.4,45.0,173677
2015-09-03,45.9,46.6,44.2,45.1,232744
2015-09-06,46.4,46.5,44.7,45.6,208485
2015-09-07,46.7,50.1,46.6,49.6,350746
2015-09-08,50.9,51.8,47.5,48.4,257618
2015-09-09,49.5,53.2,48.1,53.1,347941
2015-09-10,53.2,53.9,50.9,53.6,262341
2015-09-13,53.9,53.9,48.5,49.1,258319
2015-09-14,48.9,50.5,45.6,46.3,190914
2015-09-15,47.1,48.5,46.2,48.3,147996
2015-09-16,49.0,49.0,45.0,46.1,154384
2015-09-17,47.4,47.8,45.6,46.8,83505
2015-09-20,46.9,46.9,44.5,44.9,139833
2015-09-21,45.0,45.5,43.0,43.6,117856
2015-09-22,44.7,44.8,43.8,44.5,70674
2015-09-28,45.5,45.6,43.5,43.8,40640
2015-09-29,44.0,46.0,44.0,45.6,112663
2015-09-30,46.9,46.9,43.7,44.2,91245
2015-10-01,44.8,44.9,43.0,43.3,67194
2015-10-04,44.0,44.0,41.7,42.0,63330
2015-10-05,42.0,43.7,41.9,42.0,79605
2015-10-06,43.7,43.7,41.5,42.0,55130
2015-10-07,42.1,44.0,41.9,42.6,150112
2015-10-08,43.2,44.9,43.2,44.3,239309
2015-10-11,45.0,45.8,44.5,45.1,193836
2015-10-12,45.0,45.3,42.7,43.2,61720
2015-10-13,43.0,43.6,42.1,42.4,110030
2015-10-14,43.3,43.3,41.0,41.3,98966
2015-10-15,42.7,42.7,39.9,40.1,88623
2015-10-18,42.0,42.0,39.4,39.8,35407
2015-10-19,41.2,41.4,37.7,38.5,50044
2015-10-20,38.1,39.9,38.0,38.9,63646
2015-10-21,38.4,38.6,37.1,37.3,70180
2015-10-25,38.4,40.3,37.5,39.9,117309
2015-10-26,39.5,41.0,39.3,39.5,84763
2015-10-27,38.9,39.0,37.8,38.5,77000
2015-10-28,35.0,37.8,35.0,35.7,196928
2015-10-29,35.7,36.9,35.1,35.3,44568
2015-11-01,33.6,35.3,32.7,33.3,54356
2015-11-02,33.7,36.6,33.4,36.2,145831
2015-11-03,35.7,39.2,35.7,38.6,154564
2015-11-04,38.0,38.1,36.9,37.3,94627
2015-11-05,37.1,38.4,36.7,37.1,47995
2015-11-08,37.0,37.9,36.0,36.3,56502
2015-11-09,36.5,39.3,36.5,38.9,173370
2015-11-10,38.5,39.2,37.2,37.8,104985
2015-11-11,37.4,38.2,36.6,36.7,52684
2015-11-12,36.6,37.1,34.4,35.4,87350
2015-11-15,34.2,35.8,33.6,33.9,71167
2015-11-16,34.9,35.5,34.2,34.8,50269
2015-11-17,35.1,35.7,34.0,34.2,78110
2015-11-18,34.1,35.1,33.9,34.2,64335
2015-11-19,34.0,36.4,34.0,36.0,171848
2015-11-22,36.5,37.0,35.4,36.0,112230
2015-11-23,36.3,36.8,34.0,34.2,141222
2015-11-24,35.0,35.5,34.0,34.8,99617
2015-11-26,34.9,35.5,33.2,33.5,84265
2015-11-29,35.0,35.0,33.4,33.7,36076
2015-11-30,34.0,34.6,33.3,33.9,92661
2015-12-01,34.6,34.9,33.7,33.9,69421
2015-12-02,34.5,34.5,33.2,33.3,112189
2015-12-03,33.9,33.9,32.8,33.0,54492
2015-12-06,33.0,33.8,32.7,33.4,51927
2015-12-07,34.0,34.8,33.5,34.1,106480
2015-12-08,35.0,36.1,34.5,35.5,266321
2015-12-09,35.6,36.5,34.9,36.0,189060
2015-12-10,36.1,37.8,35.8,36.4,236658
2015-12-13,36.8,37.7,36.1,36.5,162015
2015-12-14,36.9,36.9,34.6,34.9,94274
2015-12-15,36.0,36.0,34.1,34.8,70354
2015-12-17,35.0,35.5,34.6,35.2,49292
2015-12-20,35.3,37.0,35.2,36.2,194390
2015-12-21,36.7,36.7,34.6,34.9,91763
2015-12-22,35.7,36.0,34.5,34.8,67418
2015-12-23,35.0,35.9,34.6,35.4,97304
2015-12-24,35.9,36.5,35.3,35.6,89603
2015-12-27,35.2,35.5,34.7,34.8,50532
2015-12-28,35.0,35.6,34.9,35.0,54645
2015-12-29,35.5,38.5,35.5,38.5,376291
2015-12-30,39.9,41.1,39.4,40.0,214004
2015-12-31,39.7,41.9,39.1,41.3,203644
2016-01-03,41.4,43.3,40.2,40.9,148855
2016-01-04,41.8,41.8,40.1,40.5,201014
2016-01-05,41.0,41.5,39.8,41.1,125175
2016-01-06,41.6,41.6,39.9,40.4,147953
2016-01-07,41.4,42.9,40.4,41.6,248159
2016-01-10,42.0,43.0,41.5,41.8,166328
2016-01-11,41.7,42.1,38.8,39.5,118267
2016-01-12,40.0,41.1,39.8,40.4,95113
2016-01-13,40.5,41.5,39.6,39.9,169242
2016-01-14,40.7,41.0,39.6,40.3,133611
2016-01-17,40.8,41.5,40.0,41.0,106098
2016-01-18,41.7,45.1,41.7,44.8,373680
2016-01-19,45.0,46.0,41.1,42.4,115431
2016-01-20,42.8,43.0,40.1,40.8,138008
2016-01-21,41.9,42.2,40.8,41.1,64658
2016-01-24,41.7,42.3,41.0,41.3,100041
2016-01-25,42.0,43.0,41.1,41.5,105202
2016-01-26,42.3,43.5,41.2,41.5,182112
2016-01-27,42.4,43.2,41.0,41.3,83742
2016-01-28,41.6,41.9,40.1,40.9,63119
2016-01-31,41.0,41.8,39.8,40.4,50900
2016-02-01,40.2,42.3,40.1,40.8,125875
2016-02-02,41.1,43.5,40.8,41.3,194516
2016-02-03,41.8,41.8,40.0,40.2,76595
2016-02-04,41.0,41.7,40.8,41.0,44150
2016-02-07,41.6,43.0,40.0,40.8,190285
2016-02-08,41.2,42.3,40.8,41.1,51543
2016-02-09,41.7,41.7,40.1,40.4,93343
2016-02-10,40.5,40.9,38.5,39.3,132453
2016-02-11,40.1,40.1,38.3,38.8,96442
2016-02-14,39.6,40.3,37.9,39.9,125820
2016-02-15,40.3,41.4,38.2,39.3,157371
2016-02-16,39.8,40.5,39.1,39.3,40678
2016-02-17,40.2,40.2,38.5,38.7,84270
2016-02-18,39.2,39.2,38.3,38.6,37966
2016-02-22,38.2,38.9,37.5,37.6,29184
2016-02-23,38.1,38.8,38.0,38.1,58042
2016-02-24,38.3,38.7,38.0,38.0,26003
2016-02-25,38.4,38.4,37.9,38.3,16680
2016-02-28,38.1,38.5,37.8,37.9,22465
2016-02-29,37.8,37.9,37.2,37.3,22431
2016-03-01,37.0,38.4,37.0,37.2,20087
2016-03-02,37.4,39.5,37.4,38.1,69889
2016-03-03,39.0,39.3,37.4,38.5,36687
2016-03-06,39.0,39.0,37.5,38.0,20620
2016-03-07,39.0,39.0,37.9,38.3,17728
2016-03-08,38.7,38.7,37.6,37.7,41250
2016-03-09,37.3,38.6,37.3,38.3,8769
2016-03-10,37.6,38.4,37.6,37.9,18550
2016-03-13,37.7,38.3,37.3,37.7,31460
2016-03-14,38.2,38.2,37.3,37.4,21995
2016-03-15,38.0,38.0,37.3,37.7,13205
2016-03-16,37.6,38.0,37.1,37.7,23871
2016-03-20,38.0,38.0,37.2,37.8,17438
2016-03-21,37.9,38.2,37.5,37.9,46355
2016-03-22,38.0,38.9,38.0,38.7,89447
2016-03-23,39.0,39.0,37.8,38.0,33880
2016-03-24,38.5,38.5,37.0,37.2,47954
2016-03-27,38.2,38.5,37.5,37.8,19140
2016-03-28,38.3,38.3,37.3,37.5,20858
2016-03-29,37.9,38.0,37.1,37.9,23654
2016-03-30,38.0,38.1,37.6,37.9,39863
2016-03-31,38.1,38.3,37.5,37.5,33941
2016-04-03,38.0,38.0,37.0,37.1,41974
2016-04-04,37.2,37.5,37.0,37.1,45740
2016-04-05,37.4,37.4,36.8,36.9,25101
2016-04-06,36.5,37.0,36.2,36.3,35505
2016-04-07,37.0,37.0,36.1,36.9,29702
2016-04-10,37.2,37.2,36.5,36.7,17782
2016-04-11,36.9,37.0,36.3,36.5,14630
2016-04-12,37.0,37.0,36.3,36.6,14800
2016-04-13,36.7,36.8,36.5,36.6,17400
2016-04-17,36.3,37.0,36.3,36.9,23751
2016-04-18,36.7,37.5,36.6,37.2,35815
2016-04-19,37.7,38.2,37.3,37.4,63246
2016-04-20,37.4,37.7,37.0,37.2,11635
2016-04-21,36.7,36.7,35.3,35.7,31078
2016-04-24,37.1,37.4,36.2,36.2,19569
2016-04-25,36.7,36.8,36.2,36.5,9160
2016-04-26,36.9,39.8,36.9,39.6,176171
2016-04-27,38.8,39.3,38.0,38.1,35462
2016-04-28,38.6,38.8,37.3,37.7,35552
2016-05-02,39.6,39.6,35.6,36.2,43123
2016-05-03,36.5,37.0,35.2,35.6,89209
2016-05-04,36.9,36.9,35.5,35.7,19253
2016-05-05,36.3,36.3,35.0,35.2,47071
2016-05-08,35.9,35.9,34.7,34.8,10351
2016-05-09,34.7,35.8,34.3,35.5,18351
2016-05-10,36.4,36.4,34.8,35.0,31253
2016-05-11,35.4,35.4,34.8,35.0,8887
2016-05-12,35.6,37.4,35.0,37.1,103432
2016-05-15,37.0,38.9,37.0,37.5,117573
2016-05-16,37.0,38.4,37.0,37.6,33918
2016-05-17,37.2,37.9,36.7,36.9,23112
2016-05-18,37.5,38.4,36.9,37.3,89134
2016-05-19,38.0,38.1,36.7,37.3,26037
2016-05-22,37.2,37.7,37.0,37.1,32120
2016-05-24,37.3,37.5,36.7,37.0,45391
2016-05-25,37.0,37.5,36.6,36.7,29925
2016-05-26,36.8,37.0,36.7,36.9,29250
2016-05-29,36.8,37.0,36.5,36.8,17685
2016-05-30,36.9,37.2,36.8,37.1,20751
2016-05-31,36.5,37.1,36.5,36.8,21423
2016-06-01,37.2,37.3,36.4,36.5,17565
2016-06-02,36.7,36.7,36.1,36.2,29090
2016-06-05,36.1,36.4,36.0,36.2,10926
2016-06-06,35.9,36.6,35.7,36.1,19856
2016-06-07,35.8,36.3,35.7,35.9,12370
2016-06-08,35.9,35.9,35.2,35.4,11517
2016-06-09,35.5,36.0,35.5,35.8,2400
2016-06-12,35.6,36.0,35.3,35.5,14180
2016-06-13,35.3,36.4,35.3,36.0,8750
2016-06-14,35.5,37.3,35.5,37.1,39743
2016-06-15,37.3,38.5,37.2,38.4,77673
2016-06-16,38.5,39.5,38.0,38.5,104217
2016-06-19,39.2,39.8,37.8,38.1,28499
2016-06-20,38.1,38.3,37.2,37.9,25762
2016-06-21,38.0,38.0,36.9,37.0,18612
2016-06-22,37.1,37.1,36.6,36.7,11340
2016-06-23,36.9,37.3,36.8,37.2,11266
2016-06-26,36.1,37.6,36.1,36.5,8934
2016-06-27,36.2,36.8,36.1,36.2,4746
2016-06-28,36.4,37.4,36.3,36.4,13919
2016-06-29,36.6,36.7,36.5,36.6,2010
2016-06-30,37.0,37.3,36.5,36.8,6081
2016-07-10,37.0,37.0,36.3,36.6,3401
2016-07-11,36.9,37.0,36.4,36.6,15849
2016-07-12,36.6,37.7,36.6,37.2,13834
2016-07-13,37.8,37.8,37.2,37.4,24235
2016-07-14,37.3,37.6,36.7,37.1,16294
2016-07-16,37.4,37.8,36.7,37.2,18504
2016-07-17,37.1,37.5,37.1,37.2,10623
2016-07-18,36.7,37.1,36.6,36.7,18988
2016-07-19,36.6,36.6,36.4,36.5,16474
2016-07-20,36.5,36.9,36.5,36.8,9005
2016-07-21,36.9,38.7,36.9,38.3,61968
2016-07-24,38.2,38.5,37.2,37.6,11987
2016-07-25,37.9,38.5,37.7,38.2,47855
2016-07-26,38.5,40.6,38.3,38.9,127162
2016-07-27,39.5,40.8,39.1,39.6,119935
2016-07-28,40.0,40.6,38.7,39.1,44326
2016-07-31,38.8,41.4,38.7,40.7,147410
2016-08-01,41.0,41.4,39.1,39.3,64549
2016-08-02,39.6,41.0,39.5,39.7,115565
2016-08-03,39.9,40.2,39.1,39.3,45317
2016-08-04,39.3,40.0,38.7,38.9,56853
2016-08-07,38.5,40.6,38.5,40.5,78321
2016-08-08,40.8,42.5,40.8,41.4,212233
2016-08-09,41.4,41.4,40.2,41.2,72951
2016-08-10,41.0,42.7,41.0,42.6,179818
2016-08-11,42.6,43.2,41.4,41.5,151693
2016-08-14,41.2,41.2,40.0,40.2,66879
2016-08-16,40.9,42.4,40.5,41.8,94438
2016-08-17,42.0,42.2,40.8,41.2,61081
2016-08-18,41.7,42.3,41.1,41.3,81358
2016-08-21,42.0,42.0,40.4,40.7,38588
2016-08-22,41.4,41.5,40.0,40.3,90435
2016-08-23,41.1,41.5,40.2,40.4,42732
2016-08-24,41.2,42.5,40.6,42.1,168077
2016-08-28,42.3,44.1,42.3,43.3,242203
2016-08-29,44.0,44.0,42.2,42.3,141281
2016-08-30,42.6,42.6,40.6,40.7,66114
2016-08-31,41.3,41.9,40.8,41.6,39863
2016-09-01,42.0,42.2,40.9,41.5,55183
2016-09-04,42.0,42.0,41.2,41.6,55490
2016-09-05,41.8,41.8,40.6,40.8,44390
2016-09-06,41.8,41.8,41.0,41.4,14967
2016-09-07,40.8,41.1,40.4,40.6,63739
2016-09-08,40.7,41.2,40.5,40.9,23600
2016-09-18,41.8,41.8,40.1,40.6,5618
2016-09-19,40.3,40.9,40.1,40.6,19320
2016-09-20,40.7,41.3,39.9,40.2,33654
2016-09-21,40.1,41.0,39.9,40.0,71230
2016-09-22,40.1,40.7,40.0,40.4,26831
2016-09-24,40.5,40.5,40.0,40.0,8036
2016-09-25,40.0,40.2,39.7,39.7,12674
2016-09-26,39.8,40.2,39.5,39.9,41453
2016-09-27,40.1,41.5,39.7,39.8,30946
2016-09-28,39.9,40.1,39.6,39.7,27516
2016-09-29,39.8,39.9,39.1,39.5,42246
2016-10-02,39.5,39.5,38.7,38.9,27009
2016-10-03,39.0,39.0,38.3,38.4,20638
2016-10-04,38.3,38.9,38.0,38.1,23833
2016-10-05,38.7,40.3,38.4,39.9,54983
2016-10-06,40.6,42.4,40.1,40.4,222320
2016-10-09,40.0,42.8,40.0,41.6,115000
2016-10-10,41.0,41.2,39.0,39.2,96282
2016-10-13,39.9,41.2,39.6,40.9,91638
2016-10-16,40.7,42.4,40.6,41.4,142638
2016-10-17,41.2,42.0,40.4,40.6,104318
2016-10-18,40.9,41.9,39.2,41.7,241951
2016-10-19,42.0,42.0,39.9,40.2,91090
2016-10-20,40.3,40.5,39.0,39.2,66617
2016-10-23,40.9,40.9,38.2,38.5,106246
2016-10-24,38.7,40.7,38.7,39.2,118115
2016-10-25,38.5,38.5,36.9,37.1,140886
2016-10-26,37.5,37.6,36.1,36.1,81384
2016-10-27,36.3,36.3,34.8,34.9,77744
2016-10-30,36.4,36.4,34.5,34.8,38960
2016-10-31,34.4,35.9,34.0,35.0,23925
2016-11-01,35.7,35.9,35.3,35.8,28167
2016-11-02,35.8,39.3,35.8,39.0,308553
2016-11-03,39.0,40.1,37.9,38.5,544944
2016-11-06,38.5,38.6,36.9,37.0,77639
2016-11-07,36.9,38.5,36.9,37.8,53241
2016-11-08,38.5,39.3,37.5,37.8,87588
2016-11-09,37.6,38.0,37.5,37.8,27600
2016-11-10,37.6,38.1,37.0,37.3,44957
2016-11-13,37.8,37.8,36.5,36.7,21358
2016-11-14,36.5,36.9,35.9,36.3,26420
2016-11-16,36.9,36.9,35.6,35.8,28841
2016-11-17,36.1,36.8,35.9,36.4,20293
2016-11-20,36.6,38.0,36.3,37.6,58189
2016-11-21,37.9,40.0,37.8,38.5,151290
2016-11-22,38.8,38.8,37.8,38.0,41074
2016-11-23,38.5,38.5,38.0,38.0,75440
2016-11-24,38.2,38.7,37.4,37.5,33628
2016-11-27,37.4,37.9,36.9,37.4,49962
2016-11-28,37.6,38.4,37.4,38.0,49300
2016-11-29,38.4,39.2,38.1,38.4,107814
2016-11-30,38.9,40.4,38.5,39.9,235814
2016-12-01,40.5,42.4,40.3,41.8,318104
2016-12-04,41.6,41.6,40.4,40.7,100227
2016-12-05,40.8,42.0,40.7,41.3,116128
2016-12-06,41.1,42.0,40.5,41.7,103353
2016-12-07,42.2,42.7,41.2,41.4,107310
2016-12-08,41.8,42.5,39.6,40.2,129468
2016-12-11,40.9,41.5,39.9,40.0,60243
2016-12-12,39.9,40.8,39.0,39.3,97486
2016-12-14,39.4,42.8,39.4,42.0,188476
2016-12-15,42.0,42.0,40.3,40.5,49433
2016-12-18,40.7,41.1,39.6,40.6,70013
2016-12-19,41.6,41.6,39.5,39.7,64680
2016-12-20,40.0,40.3,39.6,39.9,24042
2016-12-21,39.6,40.4,39.4,39.6,39165
2016-12-22,40.3,40.3,39.4,39.5,44525
2016-12-26,39.1,41.5,39.0,41.0,80650
2016-12-27,41.0,41.0,39.4,39.6,37212
2016-12-28,39.3,40.5,39.3,39.6,17960
2016-12-29,41.0,41.0,39.7,40.3,22429
2017-01-01,40.4,42.3,39.5,41.0,129333
2017-01-02,41.8,43.0,41.1,42.5,167038
2017-01-03,43.0,46.2,42.9,46.1,360848
2017-01-04,46.9,46.9,43.8,44.1,64150
2017-01-05,43.8,45.0,42.5,43.2,70860
2017-01-08,44.0,44.0,42.7,43.1,44149
2017-01-09,43.1,45.0,43.1,43.9,72122
2017-01-10,45.6,45.9,43.9,44.0,62298
2017-01-11,44.7,44.7,42.7,43.2,52502
2017-01-12,43.2,45.0,43.2,43.8,47595
2017-01-15,44.1,44.6,43.0,43.3,39724
2017-01-16,44.3,44.3,43.0,43.2,47310
2017-01-17,43.4,44.5,42.6,42.8,84564
2017-01-18,44.3,44.5,43.1,43.4,58907
2017-01-19,43.1,43.5,42.5,42.9,39505
2017-01-22,42.8,43.5,42.5,43.0,24264
2017-01-23,43.9,44.0,42.8,43.7,48917
2017-01-24,43.0,43.0,42.0,42.5,47454
2017-01-25,42.0,42.7,41.1,41.6,10350
2017-01-26,42.0,42.3,41.0,41.2,20144
2017-01-29,41.5,43.5,41.4,43.0,74173
2017-01-30,43.0,43.0,42.0,42.1,24670
2017-01-31,42.8,42.8,41.4,41.4,18781
2017-02-01,41.5,42.0,41.2,41.9,11875
2017-02-02,42.7,43.0,41.7,42.1,16700
2017-02-05,43.0,43.0,41.5,42.2,14100
2017-02-06,41.5,42.9,41.5,42.0,8418
2017-02-07,42.8,44.5,42.8,43.8,94304
2017-02-08,44.1,44.1,42.5,42.9,25979
2017-02-09,43.2,43.5,42.6,43.0,20150
2017-02-12,44.0,44.0,42.6,42.9,4186
2017-02-13,43.0,43.0,41.8,42.1,31565
2017-02-14,42.7,43.0,41.7,42.3,32537
2017-02-15,42.0,43.0,42.0,42.8,37342
2017-02-16,42.9,43.7,42.8,43.0,29255
2017-02-19,42.6,43.1,42.4,42.7,10585
2017-02-20,43.0,43.2,42.7,42.7,21216
2017-02-22,43.1,43.1,42.5,42.9,18783
2017-02-23,43.1,43.4,42.3,42.4,23397
2017-02-26,42.5,43.7,42.5,43.1,33452
2017-02-27,43.0,43.3,42.3,42.6,26357
2017-02-28,42.3,43.0,42.2,42.7,19464
2017-03-01,43.0,43.3,42.4,42.9,9302
2017-03-02,42.8,43.0,42.6,42.9,15570
2017-03-05,43.0,43.0,42.2,42.3,6883
2017-03-06,42.9,42.9,41.8,42.0,18750
2017-03-07,41.9,42.4,41.9,42.1,8128
2017-03-08,42.0,42.0,41.2,41.5,18395
2017-03-09,41.9,42.0,41.2,41.3,9691
2017-03-12,41.5,41.5,40.8,41.0,13955
2017-03-13,40.7,40.9,40.0,40.5,61242
2017-03-14,40.2,42.0,40.2,41.4,21482
2017-03-15,41.6,41.9,41.2,41.5,7500
2017-03-16,41.8,42.6,41.8,42.2,50151
2017-03-19,42.1,42.7,42.0,42.4,20258
2017-03-20,42.0,42.0,40.9,41.0,40934
2017-03-21,41.0,41.1,40.5,40.6,12719
2017-03-22,40.4,41.0,40.4,40.7,10035
2017-03-23,44.2,44.2,40.3,41.8,12701
2017-03-27,41.0,41.0,41.0,41.0,9827
2017-03-28,40.5,41.8,40.4,41.2,23351
2017-03-29,40.4,41.2,40.0,40.4,9760
2017-03-30,40.2,41.2,40.0,40.6,6330
2017-04-02,40.9,40.9,40.2,40.3,11949
2017-04-03,40.3,41.0,40.2,40.5,7466
2017-04-04,40.2,40.9,40.2,40.6,2030
2017-04-05,40.7,41.4,40.5,41.3,19263
2017-04-06,41.5,41.5,40.7,40.9,1975
2017-04-09,40.3,41.3,40.3,41.0,8430
2017-04-10,40.5,40.5,40.2,40.2,11598
2017-04-11,40.4,40.9,40.4,40.5,7051
2017-04-12,40.4,40.9,40.0,40.1,11866
2017-04-13,38.4,40.9,38.4,40.1,2040
2017-04-16,40.2,40.3,39.9,40.2,2478
2017-04-17,40.1,40.1,39.4,39.9,6393
2017-04-18,39.7,39.7,39.2,39.4,1952
2017-04-19,39.0,39.6,39.0,39.4,7727
2017-04-20,38.9,39.0,38.8,38.8,3217
2017-04-23,38.5,38.9,38.3,38.5,5758
2017-04-24,38.1,38.3,38.1,38.2,1000
2017-04-25,38.5,38.5,38.4,38.5,915
2017-04-26,38.1,39.8,38.1,38.8,2700
2017-04-27,40.0,40.0,38.8,39.1,2327
2017-04-30,38.8,38.8,38.7,38.7,2300
2017-05-02,38.2,38.9,38.1,38.3,13331
2017-05-03,38.3,38.7,38.0,38.2,6105
2017-05-04,38.1,39.0,38.1,38.5,600
2017-05-07,39.2,39.2,38.0,38.3,5908
2017-05-08,38.9,39.0,38.3,38.5,8730
2017-05-09,38.4,38.6,38.2,38.4,5271
2017-05-11,38.6,38.6,38.6,38.6,1014
2017-05-14,38.9,39.2,37.8,38.1,23575
2017-05-15,39.0,40.0,38.0,39.8,46028
2017-05-16,38.8,39.0,38.8,39.0,1805
2017-05-17,39.2,40.1,38.5,39.8,82988
2017-05-18,40.0,41.7,40.0,41.0,132426
2017-05-21,41.0,41.1,39.5,39.8,51217
2017-05-22,39.6,39.7,38.4,38.8,56186
2017-05-23,39.2,39.2,38.3,38.5,44865
2017-05-24,38.3,39.2,38.3,38.5,41406
2017-05-25,38.4,39.2,38.2,38.5,53555
2017-05-28,38.9,38.9,38.1,38.1,22497
2017-05-29,38.6,38.6,37.0,37.2,44137
2017-05-30,37.5,37.5,36.5,37.2,20972
2017-05-31,37.4,37.9,37.4,37.5,25427
2017-06-01,37.5,37.6,36.9,37.1,37386
2017-06-04,37.0,37.0,36.4,36.7,28411
2017-06-05,36.8,36.9,36.0,36.5,77192
2017-06-06,36.7,37.5,36.7,37.1,37004
2017-06-07,37.1,37.4,36.8,37.1,40892
2017-06-08,37.0,37.2,36.8,37.0,25195
2017-06-11,36.9,37.0,36.8,37.0,12513
2017-06-12,37.1,37.1,36.2,36.7,34415
2017-06-13,36.7,37.8,36.4,36.9,54378
2017-06-14,36.9,37.2,36.3,36.7,42593
2017-06-15,36.9,37.4,36.7,36.9,33125
2017-06-18,36.9,37.1,36.3,36.8,31445
2017-06-19,36.6,36.9,36.3,36.4,27762
2017-06-20,36.5,37.6,36.3,36.9,47856
2017-06-21,37.5,37.7,36.8,37.0,47221
2017-06-22,37.3,37.6,37.0,37.4,22258
2017-06-28,37.5,38.4,37.3,37.5,24742
2017-06-29,37.5,39.5,37.4,38.8,157563
2017-07-02,39.1,39.6,38.6,39.4,111654
2017-07-03,39.5,39.6,38.7,39.1,130323
2017-07-04,39.0,39.5,38.2,38.6,98029
2017-07-05,39.0,39.8,39.0,39.4,141054
2017-07-06,39.9,41.4,39.9,40.6,261176
2017-07-09,40.2,40.7,40.0,40.2,116995
2017-07-10,40.2,40.5,39.3,39.4,152402
2017-07-11,39.4,39.4,38.8,39.0,46200
2017-07-12,39.0,39.4,38.5,38.7,43745
2017-07-13,38.5,39.6,38.5,39.1,28336
2017-07-16,39.2,40.2,38.8,39.1,40931
2017-07-17,39.1,39.2,38.7,38.8,23550
2017-07-18,39.0,40.1,39.0,39.3,59148
2017-07-19,39.7,42.3,39.7,41.5,429683
2017-07-20,41.2,41.3,39.8,39.9,157628
2017-07-23,40.7,42.8,40.1,41.9,210336
2017-07-24,42.0,43.7,41.5,42.9,586937
2017-07-25,43.4,43.4,41.7,42.1,335632
2017-07-26,42.0,42.7,41.0,41.2,456960
2017-07-27,41.8,42.7,41.4,42.5,249099
2017-07-30,42.9,44.1,42.6,43.3,558475
2017-07-31,43.5,45.7,42.7,45.1,597050
2017-08-01,45.1,45.3,43.0,43.4,344143
2017-08-02,43.9,44.8,43.7,44.1,315678
2017-08-03,44.2,44.4,42.3,42.9,229736
2017-08-06,42.7,43.2,42.1,42.3,130744
2017-08-07,42.7,42.8,41.6,41.9,118273
2017-08-08,41.4,42.6,41.2,41.5,121082
2017-08-09,41.9,43.6,41.5,43.1,170134
2017-08-10,43.5,43.6,42.5,42.8,100640
2017-08-13,41.3,43.4,41.3,41.7,140990
2017-08-16,42.1,43.1,41.9,42.6,139900
2017-08-17,42.9,46.8,42.6,46.8,1017247
2017-08-20,47.9,51.4,47.9,51.4,723460
2017-08-21,51.8,56.5,51.0,56.5,1141417
2017-08-22,57.0,62.1,56.7,62.1,736129
2017-08-23,64.0,67.0,58.0,60.4,1019640
2017-08-24,61.0,66.4,61.0,66.4,965981
2017-08-27,69.0,73.0,69.0,73.0,535325
2017-08-28,76.8,80.3,76.5,80.3,699153
2017-08-29,86.0,88.3,81.2,88.1,1140221
2017-08-30,90.0,92.0,80.8,82.1,494515
2017-08-31,84.5,90.3,82.6,90.3,1003485
2017-09-04,93.0,99.3,93.0,99.3,410931
2017-09-05,104.8,109.2,103.5,109.2,633241
2017-09-06,117.7,119.0,107.0,112.6,889994
2017-09-07,112.0,114.0,101.4,101.4,712828
2017-09-10,97.6,105.0,96.0,103.4,734277
2017-09-11,103.4,105.0,93.1,93.7,600152
2017-09-12,95.0,96.9,89.5,90.8,587477
2017-09-13,92.6,99.8,92.0,98.2,415135
2017-09-14,103.5,108.0,101.1,107.8,911837
2017-09-17,110.5,112.0,102.0,103.6,662990
2017-09-18,105.6,107.0,98.1,99.7,445472
2017-09-19,101.0,103.9,98.5,100.5,420386
2017-09-20,102.3,104.0,95.6,96.5,297668
2017-09-21,97.0,99.0,90.0,91.3,308411
2017-09-24,91.3,100.4,90.0,100.4,620706
2017-09-25,103.9,105.8,95.4,96.9,612054
2017-09-26,97.5,100.0,94.6,95.2,437085
2017-09-27,96.6,96.8,90.6,91.8,359653
2017-09-28,92.5,97.3,92.5,94.7,323078
2017-10-02,94.1,95.1,90.5,91.4,380505
2017-10-03,92.0,95.8,91.6,92.2,343729
2017-10-04,93.9,95.2,91.7,92.2,275659
2017-10-05,93.5,93.9,89.7,90.2,350374
2017-10-08,90.6,92.2,85.7,87.6,223126
2017-10-09,88.8,89.4,85.0,85.2,236583
2017-10-10,86.9,87.6,84.1,84.7,215995
2017-10-11,84.6,85.8,80.7,81.4,272230
2017-10-12,81.0,84.9,80.8,82.9,285860
2017-10-15,84.0,88.4,84.0,84.8,382359
2017-10-16,84.8,85.3,80.6,81.2,198924
2017-10-17,82.9,82.9,79.0,80.0,220948
2017-10-18,80.0,83.3,80.0,82.1,237781
2017-10-19,82.3,82.9,79.7,80.0,198105
2017-10-22,80.1,81.0,75.5,76.0,207722
2017-10-23,76.0,76.0,70.5,71.2,251304
2017-10-24,71.0,78.3,70.5,78.3,446762
2017-10-25,79.9,86.1,78.9,86.1,415659
2017-10-26,89.0,93.8,86.1,89.6,715431
2017-10-29,90.0,94.0,80.0,84.1,501900
2017-10-30,81.0,92.5,80.0,92.5,422148
2017-10-31,95.0,99.9,93.0,95.8,736233
2017-11-01,97.0,97.3,90.7,92.8,460119
2017-11-02,88.2,97.0,88.2,95.6,626859
2017-11-05,98.0,104.9,95.0,102.1,832877
2017-11-06,103.0,106.7,100.0,102.2,713397
2017-11-07,102.5,107.9,102.0,106.7,858133
2017-11-08,109.9,114.6,108.0,113.5,669168
2017-11-09,116.0,116.0,108.0,109.1,636950
2017-11-12,110.1,116.0,109.4,112.7,559697
2017-11-13,113.7,115.0,106.1,107.4,402812
2017-11-14,107.5,107.5,100.1,102.3,422110
2017-11-15,105.0,109.8,104.0,107.0,421151
2017-11-19,107.0,108.4,102.7,103.6,683108
2017-11-20,104.1,107.0,99.2,101.4,374444
2017-11-21,103.0,103.9,94.5,95.4,430652
2017-11-22,95.7,104.9,94.0,104.8,533402
2017-11-23,108.0,110.5,103.2,104.4,673838
2017-11-26,105.0,110.0,104.0,109.0,680794
2017-11-27,110.0,114.2,108.3,108.8,560883
2017-11-28,108.8,110.3,105.0,106.0,416814
2017-11-29,108.0,108.9,102.1,102.8,442121
2017-11-30,104.5,107.5,103.0,104.5,281527
2017-12-03,105.5,107.9,104.5,105.2,305099
2017-12-04,107.2,109.4,106.0,107.0,384870
2017-12-05,108.0,109.4,106.0,106.2,229166
2017-12-06,107.8,108.3,103.5,104.2,398263
2017-12-07,105.0,106.4,103.3,103.9,397425
2017-12-10,104.6,104.7,100.8,101.8,411078
2017-12-11,103.0,103.5,97.8,98.2,342089
2017-12-12,98.7,101.8,98.5,99.5,339957
2017-12-13,100.5,101.0,98.1,98.9,289545
2017-12-14,98.9,100.7,96.9,97.1,243983
2017-12-17,97.4,97.7,95.0,95.8,255276
2017-12-18,96.4,99.8,96.4,97.2,241272
2017-12-19,97.2,98.6,95.1,95.4,250506
2017-12-20,95.5,97.2,95.0,95.5,179188
2017-12-21,96.0,96.3,93.5,93.7,113366
2017-12-24,93.7,94.0,88.5,89.0,199107
2017-12-26,89.0,92.9,88.0,90.5,180843
2017-12-27,91.8,92.0,88.2,88.5,121029
2017-12-28,88.7,90.3,88.6,89.7,97811
2018-01-01,89.5,91.5,88.0,89.3,122375
2018-01-02,90.9,90.9,89.1,89.3,17584
2018-01-03,90.2,91.7,88.9,90.1,154934
2018-01-04,90.4,97.0,90.4,96.6,387419
2018-01-07,96.9,97.6,93.1,93.7,212980
2018-01-08,94.5,94.6,90.3,91.0,193031
2018-01-09,92.0,92.7,90.6,91.6,130367
2018-01-10,92.8,92.8,90.3,90.6,90012
2018-01-11,92.0,92.0,90.0,90.5,94971
2018-01-14,91.8,93.5,90.5,92.1,237637
2018-01-15,93.3,94.4,90.6,90.9,172794
2018-01-16,91.9,92.2,90.6,91.1,92108
2018-01-17,92.4,92.4,89.5,89.7,112193
2018-01-18,88.0,90.8,88.0,88.7,102919
2018-01-21,90.0,91.6,88.8,91.2,121721
2018-01-22,91.7,94.2,91.7,93.4,339816
2018-01-23,94.5,102.7,94.5,102.1,1190565
2018-01-24,101.2,107.0,100.5,105.5,712196
2018-01-25,104.3,108.9,104.0,106.6,756992
2018-01-28,106.9,109.1,102.6,103.4,535661
2018-01-29,104.9,112.0,104.9,110.1,877024
2018-01-30,111.5,116.9,111.5,116.4,776513
2018-01-31,117.9,119.7,113.5,114.6,701283
2018-02-01,124.9,126.0,118.3,125.9,1540446
2018-02-04,127.5,129.0,120.0,122.0,733171
2018-02-05,122.0,123.4,116.2,118.5,895797
2018-02-06,118.9,121.7,116.6,119.1,390979
2018-02-07,119.0,122.9,117.0,121.3,679050
2018-02-08,121.5,128.7,121.5,124.5,1007265
2018-02-11,124.9,126.7,120.3,121.1,1191228
2018-02-12,122.0,125.7,120.6,122.4,881958
2018-02-13,122.4,128.5,121.1,127.8,816322
2018-02-14,128.5,134.4,128.5,131.5,978901
2018-02-15,132.0,139.4,130.5,137.0,1001781
2018-02-18,138.7,142.0,135.7,136.7,665938
2018-02-19,136.7,141.3,136.6,137.1,589731
2018-02-20,138.1,139.6,131.5,133.2,522055
2018-02-22,133.5,136.8,133.3,135.7,311046
2018-02-25,136.9,138.9,135.1,136.1,443972
2018-02-26,136.9,136.9,130.4,131.5,324063
2018-02-27,132.8,133.9,128.2,129.6,231127
2018-02-28,130.0,137.9,128.6,136.4,575380
2018-03-01,138.5,147.8,138.5,145.6,832095
2018-03-04,146.8,149.0,143.4,144.4,602691
2018-03-05,146.4,154.1,145.9,150.3,999346
2018-03-06,151.0,153.6,148.1,149.1,763907
2018-03-07,151.0,153.9,147.6,149.2,718878
2018-03-08,149.5,152.6,148.3,151.6,676565
2018-03-11,152.5,154.7,146.2,148.5,739510
2018-03-12,148.0,149.3,134.0,135.3,1443134
2018-03-13,135.5,137.0,126.9,130.6,900902
2018-03-14,132.9,136.5,132.0,135.1,744672
2018-03-15,135.0,139.5,133.8,137.5,850132
2018-03-18,139.4,140.9,135.0,136.4,686813
2018-03-19,136.0,136.4,129.6,130.4,563267
2018-03-20,130.4,135.1,126.8,133.8,473665
2018-03-21,135.0,135.8,131.2,131.5,350012
2018-03-22,130.0,133.3,127.8,130.3,388790
2018-03-25,133.0,133.7,130.2,132.4,327446
2018-03-27,131.9,136.8,130.5,134.9,481675
2018-03-28,135.0,136.5,133.0,134.2,328589
2018-03-29,134.2,135.8,132.2,132.9,310475
2018-04-01,134.8,144.3,134.8,141.9,764684
2018-04-02,142.4,144.8,138.1,139.1,701994
2018-04-03,139.1,144.4,138.2,140.2,694738
2018-04-04,142.6,149.8,142.6,147.2,752279
2018-04-05,148.2,151.8,147.0,148.3,667634
2018-04-08,149.0,162.0,149.0,159.7,918447
2018-04-09,162.0,162.1,153.7,154.7,712623
2018-04-10,157.0,160.0,153.7,154.4,916725
2018-04-11,154.7,159.8,154.4,155.7,975818
2018-04-12,156.1,157.1,141.0,142.1,1792363
2018-04-15,142.0,146.9,137.0,143.7,679723
2018-04-16,144.1,145.0,141.0,143.7,512809
2018-04-17,143.7,146.8,141.2,142.3,492198
2018-04-18,142.5,143.3,136.8,137.7,602914
2018-04-19,138.0,141.5,136.9,140.5,497144
2018-04-22,140.3,142.9,139.1,140.6,319338
2018-04-23,139.7,142.7,138.5,139.1,442431
2018-04-24,139.1,139.1,130.5,131.7,566843
2018-04-25,131.7,136.9,130.9,135.0,320078
2018-04-26,135.3,136.6,132.0,135.4,396920
2018-04-30,133.4,135.4,127.4,127.8,452508
2018-05-03,135.0,140.5,130.0,140.4,472457
2018-05-06,142.5,144.9,135.6,136.5,795585
2018-05-07,136.3,138.0,132.6,133.9,274447
2018-05-08,134.9,136.5,131.2,132.1,259097
2018-05-09,133.8,136.0,132.2,132.9,274935
2018-05-10,133.8,134.5,131.5,132.1,138347
2018-05-13,133.8,133.8,129.9,130.4,139470
2018-05-14,132.0,134.4,131.3,132.2,173408
2018-05-15,133.2,138.7,133.2,136.7,487054
2018-05-16,137.9,141.2,137.0,140.5,791225
2018-05-17,141.0,144.7,141.0,143.4,920403
2018-05-20,143.1,150.0,143.0,148.4,655168
2018-05-21,149.5,154.3,148.0,149.9,702985
2018-05-22,150.8,150.8,143.5,145.6,504293
2018-05-23,145.6,151.7,143.1,145.0,490579
2018-05-24,145.0,147.3,142.5,146.4,410711
2018-05-27,148.0,149.9,142.6,143.9,367583
2018-05-28,143.9,149.0,143.9,147.6,419327
2018-05-29,149.7,162.0,149.7,158.3,1263609
2018-05-30,158.3,160.4,152.5,153.1,766149
2018-05-31,153.3,158.0,150.3,156.9,667097
2018-06-03,158.9,167.9,158.9,165.5,1128904
2018-06-04,166.0,168.9,162.5,163.5,694597
2018-06-05,164.0,173.0,162.9,169.0,831583
2018-06-06,170.0,174.0,166.4,168.7,820178
2018-06-07,169.0,170.9,163.1,166.3,487247
2018-06-10,168.0,179.4,168.0,175.9,908036
2018-06-11,178.0,184.0,177.3,182.0,671294
2018-06-12,184.0,196.8,184.0,195.3,858520
2018-06-18,195.3,214.8,195.0,214.8,423606
2018-06-19,220.0,233.6,220.0,231.9,901130
2018-06-20,235.0,252.1,225.0,252.1,544243
2018-06-21,259.8,274.1,259.8,274.1,387233
2018-06-24,280.0,285.3,250.2,272.7,711897
2018-06-25,276.0,289.8,261.0,269.7,807317
2018-06-26,274.8,285.0,264.1,278.2,778818
2018-06-27,280.9,298.0,280.9,291.7,878441
2018-06-28,300.0,310.0,297.1,305.9,799765
2018-07-02,310.0,327.0,301.0,310.5,880566
2018-07-03,312.0,313.9,284.1,289.8,673460
2018-07-04,293.0,312.0,290.0,294.3,697001
2018-07-05,301.1,306.7,295.0,301.1,605024
2018-07-08,303.5,308.0,275.0,285.9,565661
2018-07-09,287.1,290.9,276.7,282.8,310875
2018-07-10,289.0,307.5,289.0,307.5,453541
2018-07-11,310.0,334.4,310.0,334.4,294044
2018-07-12,363.6,363.6,335.0,341.1,687715
2018-07-15,352.0,369.0,345.0,350.1,518577
2018-07-16,355.3,360.0,335.3,337.5,524859
2018-07-17,344.6,366.9,338.0,364.1,599589
2018-07-18,385.0,390.0,370.0,387.0,549117
2018-07-19,379.0,387.5,365.1,370.3,562776
2018-07-22,367.0,378.0,362.0,365.7,415550
2018-07-23,368.0,377.3,363.2,367.6,472838
2018-07-24,368.0,377.4,358.0,363.1,373189
2018-07-25,368.0,368.9,331.5,335.4,474502
2018-07-26,335.4,336.0,307.1,310.8,660636
2018-07-29,312.5,338.0,306.6,338.0,250287
2018-07-30,345.0,364.0,345.0,347.9,415604
2018-07-31,350.0,354.0,325.0,329.0,380460
2018-08-01,333.0,338.8,320.5,329.0,217621
2018-08-02,333.0,338.0,328.1,332.6,207752
2018-08-05,335.0,338.9,315.3,319.2,207768
2018-08-06,320.8,332.0,316.3,325.0,294151
2018-08-07,330.0,345.0,330.0,336.4,248121
2018-08-08,343.9,354.1,340.1,351.3,442477
2018-08-09,357.0,364.9,340.0,347.4,431936
2018-08-12,348.0,349.2,322.3,325.4,365278
2018-08-13,326.0,334.0,320.0,326.6,206448
2018-08-14,330.0,334.6,317.5,322.5,158804
2018-08-16,327.1,334.5,324.5,325.3,202917
2018-08-19,300.2,300.2,296.9,296.9,5354
2018-08-20,271.0,271.0,271.0,271.0,39238
2018-08-26,248.0,294.6,248.0,293.5,136191
2018-08-27,297.5,299.9,283.3,285.7,97199
2018-08-28,290.0,290.1,271.5,272.5,109845
2018-08-29,274.9,274.9,251.0,252.8,192254
2018-08-30,255.0,266.9,252.7,261.8,128854
2018-09-03,266.0,274.5,263.1,273.3,91964
2018-09-04,275.7,284.6,274.6,275.7,121627
2018-09-05,276.0,281.0,272.1,273.7,80393
2018-09-06,276.0,277.7,270.5,270.9,62415
2018-09-09,275.0,294.6,275.0,294.6,154512
2018-09-10,299.9,313.7,299.9,310.7,165361
2018-09-11,313.0,332.0,313.0,329.1,156116
2018-09-12,335.0,345.0,327.1,332.2,204548
2018-09-13,338.9,351.9,335.1,348.3,216041
2018-09-16,350.0,360.0,336.2,344.3,198963
2018-09-17,349.4,354.7,328.0,333.2,158470
2018-09-18,333.6,335.0,315.0,316.7,211120
2018-09-19,319.0,335.9,314.1,329.2,180799
2018-09-20,0.0,343.8,0.0,343.8,156236
2018-09-23,347.0,353.8,329.4,334.8,162249
2018-09-24,335.0,336.5,321.1,326.6,113458
2018-09-25,327.0,338.0,326.9,332.5,107473
2018-09-26,332.0,341.9,329.0,330.6,166098
2018-09-27,331.2,338.0,331.0,335.1,151302
2018-09-30,340.0,359.5,339.0,357.3,440911
2018-10-01,365.0,375.5,362.0,373.1,379472
2018-10-02,383.3,385.0,360.1,361.4,303922
2018-10-03,362.1,362.1,342.0,358.8,275352
2018-10-04,362.0,377.0,362.0,375.0,281295
2018-10-07,377.5,387.9,375.8,379.5,339738
2018-10-08,384.0,388.0,362.5,368.3,251027
2018-10-09,369.0,375.5,365.1,371.0,183399
2018-10-10,376.0,380.6,369.0,373.5,200929
2018-10-11,375.0,379.0,340.9,340.9,227151
2018-10-14,330.0,334.8,313.6,331.5,189699
2018-10-15,320.0,360.5,320.0,359.1,155335
2018-10-16,365.0,380.0,362.0,376.3,252832
2018-10-17,380.0,380.0,367.3,368.7,196838
2018-10-18,363.0,370.0,341.0,355.4,184182
2018-10-21,340.1,358.5,340.1,348.5,187675
2018-10-22,346.0,359.9,340.0,343.7,179102
2018-10-23,346.0,359.0,341.4,356.5,191718
2018-10-24,364.9,365.0,352.7,354.1,282362
2018-10-25,351.2,355.0,340.0,346.1,232577
2018-10-28,360.0,384.9,343.1,380.8,486818
2018-10-29,395.0,398.4,360.0,371.5,509492
2018-10-30,374.0,377.0,361.9,363.5,256613
2018-10-31,365.0,365.0,348.2,351.3,214795
2018-11-01,354.9,357.0,342.0,354.4,208490
2018-11-04,356.9,363.8,351.6,353.0,200707
2018-11-05,353.1,362.0,349.0,353.0,146566
2018-11-06,356.2,364.8,356.0,362.5,212860
2018-11-07,365.0,374.8,364.0,373.4,243631
2018-11-08,376.9,382.0,370.1,371.9,386010
2018-11-11,372.1,372.1,360.2,363.9,215342
2018-11-12,363.9,372.8,363.2,365.7,227180
2018-11-13,368.0,379.9,367.2,377.6,556953
2018-11-14,380.0,388.9,377.1,380.8,705717
2018-11-18,318.5,318.5,318.5,318.5,18436
2018-11-19,344.0,346.3,323.5,328.2,566189
2018-11-20,333.0,337.0,309.0,313.3,326732
2018-11-22,311.0,315.9,302.9,314.2,228469
2018-11-25,316.6,325.0,315.0,323.3,254347
2018-11-26,328.3,328.4,315.0,316.3,211677
2018-11-27,316.3,318.0,305.8,311.4,237400
2018-11-28,308.0,308.0,295.0,297.0,276595
2018-11-29,302.0,306.6,285.0,291.2,259383
2018-12-02,290.0,295.0,282.1,287.5,166518
2018-12-03,290.5,301.0,290.5,298.0,116355
2018-12-04,300.9,304.8,290.5,292.6,107571
2018-12-05,294.5,294.5,280.6,281.7,97049
2018-12-06,282.7,286.5,279.0,279.5,102956
2018-12-09,280.0,283.0,267.1,269.3,112162
2018-12-10,274.8,275.3,270.0,273.3,109535
2018-12-11,275.5,282.8,274.0,277.1,86081
2018-12-12,277.2,277.2,260.0,260.8,108060
2018-12-13,262.2,262.2,240.2,248.0,139350
2018-12-17,245.0,254.0,227.8,230.8,112713
2018-12-18,233.0,248.9,225.5,245.4,148378
2018-12-19,245.9,249.3,237.0,239.4,124906
2018-12-20,241.0,241.0,227.4,229.8,116482
2018-12-23,231.0,236.9,227.0,232.1,54853
2018-12-24,235.0,246.0,234.0,244.4,147391
2018-12-26,247.0,250.8,242.0,247.8,96453
2018-12-27,250.0,250.0,241.2,245.6,79171
2019-01-01,245.9,252.1,236.6,245.8,181159
2019-01-02,245.0,267.3,242.3,265.7,260545
2019-01-03,271.0,271.9,260.4,267.2,202985
2019-01-06,269.9,274.8,262.0,263.0,179956
2019-01-07,265.0,267.0,250.3,251.7,164646
2019-01-08,255.0,258.0,243.2,244.4,144060
2019-01-09,247.4,247.9,238.0,239.7,121202
2019-01-10,240.5,260.6,240.5,260.6,242914
2019-01-13,265.0,274.9,264.0,269.2,272546
2019-01-14,275.0,281.0,266.3,267.9,352139
2019-01-15,271.0,275.0,262.0,267.6,182444
2019-01-16,270.0,270.0,255.1,256.6,155050
2019-01-17,255.5,275.0,254.0,268.4,260140
2019-01-20,271.0,273.5,264.2,265.6,192981
2019-01-21,266.1,268.9,264.2,267.3,146303
2019-01-22,269.9,271.9,264.3,265.7,165205
2019-01-23,268.5,269.5,258.0,260.1,167508
2019-01-24,261.9,262.0,253.0,256.0,107794
2019-01-27,256.5,258.4,248.0,249.2,110239
2019-01-28,249.6,264.4,249.6,262.1,113733
2019-01-29,264.0,271.8,263.2,265.8,265384
2019-01-30,269.0,275.9,267.1,274.6,289671
2019-01-31,298.0,298.6,280.9,298.6,946163
2019-02-03,303.9,312.0,289.1,291.0,389119
2019-02-04,291.0,310.0,285.2,308.3,544310
2019-02-05,310.0,320.9,305.0,310.5,734614
2019-02-06,306.8,317.1,303.1,315.9,635725
2019-02-10,343.5,343.5,320.0,328.2,1197823
2019-02-11,332.0,339.0,318.9,336.1,812490
2019-02-12,336.1,348.0,331.2,346.6,793324
2019-02-13,370.0,370.0,330.0,338.1,1005700
2019-02-14,338.1,340.5,329.0,332.2,474588
2019-02-17,333.2,336.8,323.7,335.4,460027
2019-02-18,337.0,344.7,333.5,334.4,389351
2019-02-19,334.4,340.9,330.5,334.2,293901
2019-02-20,360.0,363.4,340.0,363.0,1314694
2019-02-24,364.0,373.9,360.2,362.0,786775
2019-02-25,361.5,378.0,352.3,376.8,930525
2019-02-26,379.0,389.9,375.2,387.2,687576
2019-02-27,388.0,416.9,384.4,413.7,795315
2019-03-03,415.0,449.0,415.0,441.3,882926
2019-03-04,444.8,445.1,402.7,411.3,2188359
2019-03-05,411.7,439.0,395.0,430.2,944791
2019-03-06,431.0,433.0,414.1,417.9,792617
2019-03-07,417.9,422.0,383.1,388.9,914640
2019-03-10,389.0,415.7,383.0,410.2,657089
2019-03-11,414.5,419.7,399.0,404.4,758220
2019-03-12,395.0,395.0,369.1,369.1,1105973
2019-03-13,342.0,360.0,336.8,336.8,259560
2019-03-14,307.9,357.0,307.5,353.9,621492
2019-03-18,355.0,355.5,324.0,327.7,360494
2019-03-19,325.0,349.9,322.0,338.4,387758
2019-03-20,344.0,344.0,319.2,322.6,338516
2019-03-21,324.4,327.5,315.0,317.1,384923
2019-03-24,319.9,334.9,318.0,330.6,299687
2019-03-25,333.0,343.0,333.0,337.4,292653
2019-03-27,341.9,366.6,341.9,364.9,707595
2019-03-28,368.5,368.5,353.1,355.8,452524
2019-03-31,358.0,359.0,346.0,348.6,354225
2019-04-01,348.6,357.5,348.3,355.0,377790
2019-04-02,358.5,371.9,352.1,355.6,726146
2019-04-03,355.6,355.6,341.2,343.5,468598
2019-04-04,345.9,351.9,337.0,347.7,350737
2019-04-07,349.0,351.9,324.0,328.7,332329
2019-04-08,330.0,331.2,310.5,312.3,338345
2019-04-09,315.0,323.0,308.1,310.4,209375
2019-04-10,315.0,334.9,315.0,330.2,403478
2019-04-11,334.0,340.2,328.3,334.1,586186
2019-04-15,334.2,335.0,304.9,305.3,704040
2019-04-16,300.0,300.0,278.6,279.6,624795
2019-04-17,275.0,283.5,255.2,256.4,622232
2019-04-18,256.4,265.8,246.0,262.5,483632
2019-04-21,265.2,280.0,263.0,272.8,767869
2019-04-23,274.0,274.0,249.0,249.0,558763
2019-04-24,245.0,245.0,227.3,227.3,678645
2019-04-25,220.5,247.1,217.0,245.2,727677
2019-04-28,249.8,250.0,223.8,224.3,572055
2019-04-29,221.0,224.3,212.5,216.9,396253
2019-04-30,224.9,229.7,201.2,209.1,634991
2019-05-02,205.0,227.4,204.0,227.4,515954
2019-05-05,232.0,243.0,230.1,238.6,508134
2019-05-06,238.6,242.5,231.1,239.1,434549
2019-05-07,240.3,258.0,240.3,253.4,486975
2019-05-08,255.1,261.8,231.4,234.2,999874
2019-05-09,235.0,242.0,231.5,236.5,378152
2019-05-12,236.5,239.9,228.0,235.5,316390
2019-05-13,239.1,242.0,231.6,235.6,259780
2019-05-14,237.3,237.3,231.4,232.1,267903
2019-05-15,234.0,235.9,231.9,233.3,238703
2019-05-16,234.3,235.9,229.0,230.5,193655
2019-05-19,232.5,238.0,230.0,235.4,250225
2019-05-20,236.0,237.5,232.1,234.3,206883
2019-05-21,232.1,234.5,230.5,231.6,197355
2019-05-22,233.8,234.9,229.6,230.8,246293
2019-05-23,232.0,238.4,232.0,235.6,353360
2019-05-26,236.0,237.5,229.5,230.9,270503
2019-05-27,231.0,232.0,215.0,216.8,293815
2019-05-28,215.1,219.9,214.1,215.9,288452
2019-05-29,217.6,220.8,214.3,215.4,196027
2019-05-30,217.9,223.0,216.1,218.0,253529
2019-06-09,220.0,224.0,215.8,217.0,125811
2019-06-10,219.8,221.9,215.5,216.4,180598
2019-06-11,217.0,225.4,216.0,219.8,357555
2019-06-12,221.1,224.0,219.1,220.0,216110
2019-06-13,221.0,223.5,219.0,219.3,235520
2019-06-16,220.5,223.0,219.0,220.8,247123
2019-06-17,222.7,240.0,221.7,232.6,627433
2019-06-18,233.0,236.7,227.0,228.4,255500
2019-06-19,233.0,233.0,223.4,224.2,287409
2019-06-20,228.5,231.7,221.3,222.4,347396
2019-06-23,222.6,224.8,215.0,215.8,280025
2019-06-24,216.5,218.0,208.6,210.9,344600
2019-06-25,212.0,214.5,206.0,207.1,346961
2019-06-26,207.1,215.5,206.2,212.7,437476
2019-06-27,212.7,214.0,207.6,208.2,392374
2019-06-30,210.0,210.7,202.0,202.9,364851
2019-07-02,204.4,206.7,196.2,199.2,294117
2019-07-03,200.0,202.0,187.7,192.1,533868
2019-07-04,194.0,196.1,188.0,193.5,269777
2019-07-07,194.0,195.5,184.3,185.5,304838
2019-07-08,186.1,186.1,177.0,178.2,334069
2019-07-09,179.0,181.3,166.0,167.1,418860
2019-07-10,167.2,169.4,159.9,160.5,358681
2019-07-11,162.4,176.5,161.6,175.5,437558
2019-07-14,178.0,178.0,160.0,164.6,473499
2019-07-15,164.6,164.7,148.2,148.6,630216
2019-07-16,149.9,154.4,146.4,151.9,202568
2019-07-17,153.0,154.9,149.3,149.8,231203
2019-07-18,152.3,152.4,141.0,142.2,300773
2019-07-21,143.9,143.9,128.0,128.8,385661
2019-07-22,132.0,139.0,118.5,135.2,574476
2019-07-23,138.0,145.2,137.0,141.4,366348
2019-07-24,142.0,143.0,135.0,136.6,385248
2019-07-25,137.0,145.4,137.0,141.8,492137
2019-07-28,143.5,155.9,142.1,155.5,690189
2019-07-29,159.0,171.0,159.0,170.8,757597
2019-07-30,173.9,183.8,168.0,177.2,895881
2019-07-31,177.5,194.9,175.0,194.8,871234
2019-08-01,199.0,214.2,199.0,214.2,762716
2019-08-04,214.2,225.0,195.5,204.3,1189629
2019-08-05,203.0,222.0,187.0,218.0,1242373
2019-08-06,225.0,232.0,218.0,219.9,899356
2019-08-07,219.9,219.9,201.0,205.6,892417
2019-08-08,206.0,215.0,202.2,212.3,422032
2019-08-18,215.0,221.0,214.0,217.6,444706
2019-08-19,219.9,227.5,217.0,222.2,626912
2019-08-20,222.8,226.0,214.5,216.1,669561
2019-08-21,217.1,222.4,214.1,217.9,535190
2019-08-22,219.0,222.0,214.3,215.7,384278
2019-08-25,216.0,218.5,204.4,206.6,501908
2019-08-26,207.0,211.9,200.0,210.3,523727
2019-08-27,210.9,217.7,210.9,216.5,453177
2019-08-28,216.5,224.8,215.1,216.2,714704
2019-08-29,216.5,218.9,212.7,214.8,340223
2019-09-01,214.0,223.0,214.0,219.9,609933
2019-09-02,222.5,239.0,222.5,237.7,1450913
2019-09-03,239.1,242.9,228.0,229.5,1189235
2019-09-04,229.0,229.0,215.2,217.6,901746
2019-09-05,217.0,224.7,215.2,222.6,627890
2019-09-08,223.0,229.0,223.0,224.5,547370
2019-09-09,225.0,225.0,215.8,217.5,710739
2019-09-11,217.6,220.9,215.5,216.6,641573
2019-09-12,217.5,218.8,208.0,209.2,703102
2019-09-15,190.9,190.9,190.9,190.9,36892
2019-09-16,171.9,199.0,171.9,195.1,708012
2019-09-17,197.9,197.9,175.6,175.6,605030
2019-09-18,175.0,175.6,158.3,159.7,387074
2019-09-19,150.0,160.0,143.8,144.9,488362
2019-09-22,150.0,159.3,137.0,158.6,446225
2019-09-23,160.0,164.9,155.0,160.1,422239
2019-09-24,160.2,164.9,156.8,158.4,298751
2019-09-25,158.0,169.3,157.1,165.7,335408
2019-09-26,168.9,182.2,167.0,181.4,557705
2019-09-29,185.0,198.8,184.9,193.8,613296
2019-09-30,194.8,196.6,180.0,181.8,483361
2019-10-01,183.0,195.0,182.0,193.7,465495
2019-10-02,195.9,196.0,188.0,191.1,324850
2019-10-03,192.9,194.0,185.0,187.8,272476
2019-10-06,192.0,192.0,184.0,187.8,222231
2019-10-07,188.2,193.8,186.5,191.2,304819
2019-10-09,191.5,193.5,186.5,187.3,257545
2019-10-10,188.4,188.5,179.2,180.9,266090
2019-10-13,180.5,181.0,163.1,164.2,287674
2019-10-14,164.0,168.5,155.0,161.2,201429
2019-10-15,165.0,177.3,165.0,177.3,264314
2019-10-16,185.0,185.0,169.9,171.1,380286
2019-10-17,174.8,174.8,158.1,162.7,309141
2019-10-20,167.0,167.0,157.3,159.2,272734
2019-10-21,160.0,160.0,143.3,144.2,361389
2019-10-22,144.0,147.0,130.1,141.5,298130
2019-10-23,143.1,150.0,136.4,144.5,325054
2019-10-24,140.0,146.2,134.5,144.0,293963
2019-10-27,144.0,148.0,137.5,139.7,259409
2019-10-28,132.0,154.9,131.0,152.7,524525
2019-10-29,153.0,164.5,150.1,161.2,469437
2019-10-30,163.9,165.5,152.0,154.0,527837
2019-10-31,155.8,161.0,153.5,159.0,323628
2019-11-03,159.6,160.8,153.1,154.4,233431
2019-11-04,154.1,157.5,152.7,153.4,144216
2019-11-05,153.3,157.0,153.1,153.9,224299
2019-11-06,155.0,155.8,153.0,153.3,160865
2019-11-12,150.0,154.0,142.0,142.7,208146
2019-11-13,143.1,147.5,141.8,142.6,171661
2019-11-14,142.6,143.4,136.6,140.7,118241
2019-11-17,139.0,154.5,138.0,153.3,351864
2019-11-18,154.0,158.8,153.9,155.1,441640
2019-11-20,145.0,148.0,141.5,142.9,417550
2019-11-21,142.9,147.0,142.9,143.6,257841
2019-11-24,143.6,145.0,140.2,140.6,224657
2019-11-25,141.9,142.2,136.2,137.5,229568
2019-11-26,139.7,139.7,135.8,136.1,176722
2019-11-27,138.6,138.6,131.8,132.7,160117
2019-11-28,134.9,142.4,132.5,140.0,243691
2019-12-01,142.5,143.3,135.2,136.5,188165
2019-12-02,138.4,139.0,133.1,134.3,154938
2019-12-03,135.1,137.2,133.0,134.8,106132
2019-12-04,134.5,135.8,131.4,132.3,112056
2019-12-05,132.5,135.0,131.7,132.4,124463
2019-12-08,134.0,136.0,132.4,133.0,150024
2019-12-09,134.2,137.0,132.0,135.6,173922
2019-12-10,137.0,138.6,131.1,132.1,151196
2019-12-11,132.5,133.0,127.4,128.4,136091
2019-12-12,129.3,130.0,125.0,128.1,90882
2019-12-15,129.0,133.5,127.5,131.3,145381
2019-12-17,132.6,133.3,126.9,127.3,127016
2019-12-18,127.0,127.3000031,123.5999985,124.4000015,106664
2019-12-19,126.0,127.5,124.4000015,125.0,59842
2019-12-22,127.0,127.0,123.2,123.8,71027
2019-12-23,123.6,124.9,118.6,119.1,81298
2019-12-24,120.0,120.1,114.1,116.0,87992
2019-12-26,117.8,122.0,116.2,119.3,91626
2019-12-29,120.0,121.4,118.4,119.0,101170
2019-12-30,120.0,124.4,120.0,123.3,153830
2020-01-01,125.0,125.8,122.0,124.5,112346
2020-01-02,125.0,129.6,125.0,128.7,140025
2020-01-05,130.0,130.7,124.0,124.6,111984
2020-01-06,125.5,125.5,121.6,122.7,92707
2020-01-07,122.1,123.5,120.7,121.0,66311
2020-01-08,122.0,122.6,117.0,117.4,72300
2020-01-09,117.6,117.9,111.0,115.9,109017
2020-01-12,115.2,119.9,115.2,117.8,88652
2020-01-13,118.9,118.9,111.7,112.7,120687
2020-01-14,113.0,113.0,101.8,107.2,148742
2020-01-15,107.2,111.1,105.0,105.5,126598
2020-01-16,106.0,106.9,101.0,104.9,122688
2020-01-19,106.0,115.3,105.8,115.3,178279
2020-01-20,119.8,122.0,114.1,119.6,295612
2020-01-21,115.0,118.9,112.8,116.0,167572
2020-01-22,117.0,117.0,113.3,114.3,107573
2020-01-23,115.0,118.5,113.5,117.4,174843
2020-01-26,118.0,119.7,114.5,115.3,160133
2020-01-27,117.0,117.0,113.0,114.4,95186
2020-01-28,115.4,115.6,113.4,113.7,96182
2020-01-29,115.0,115.0,110.6,111.4,124685
2020-01-30,110.9,110.9,107.0,107.4,144583
2020-02-02,103.4,106.0,99.0,103.4,232202
2020-02-03,104.3,109.9,103.8,107.9,154600
2020-02-04,109.5,118.6,108.4,116.8,465023
2020-02-05,118.2,122.8,116.0,117.4,450610
2020-02-06,117.6,120.0,114.1,119.2,331168
2020-02-09,120.0,120.0,115.0,115.4,278552
2020-02-10,116.7,118.0,113.6,114.3,225297
2020-02-11,116.5,118.5,115.0,115.6,235720
2020-02-12,115.8,117.4,114.1,114.4,160401
2020-02-13,115.1,116.0,113.6,114.2,173538
2020-02-16,115.0,117.1,115.0,116.2,217589
2020-02-17,117.0,119.3,116.4,117.3,227596
2020-02-18,118.8,126.6,118.0,123.2,576330
2020-02-19,123.5,124.5,119.5,120.1,395299
2020-02-20,120.1,121.9,118.0,118.2,230197
2020-02-23,119.5,119.6,115.5,115.9,146813
2020-02-24,115.9,117.0,114.0,114.8,102992
2020-02-25,115.0,117.0,114.2,115.1,151822
2020-02-26,114.8,119.2,114.8,116.0,188360
2020-02-27,117.5,117.5,114.0,114.5,108543
2020-03-01,115.0,115.0,107.7,108.5,187157
2020-03-02,108.9,111.9,106.5,109.0,126667
2020-03-03,110.9,114.3,109.7,112.9,168472
2020-03-04,112.2,116.5,111.0,112.0,142963
2020-03-05,112.1,115.0,110.6,114.3,160691
2020-03-08,116.1,119.2,113.4,114.0,388053
2020-03-09,113.0,113.0,102.6,103.6,459585
2020-03-10,103.6,113.9,101.0,113.9,323944
2020-03-11,116.0,125.2,113.9,124.5,1303637
2020-03-12,125.5,128.5,117.5,122.5,818452
2020-03-15,122.0,134.7,112.5,134.7,1066268
2020-03-16,133.0,139.0,122.0,127.1,1162395
2020-03-18,127.1,134.9,121.2,128.8,1310066
2020-03-19,130.0,135.0,126.0,131.4,306549
2020-03-22,133.0,142.9,131.5,141.4,1248078
2020-03-23,142.1,145.1,135.9,137.3,862297
2020-03-24,137.3,137.9,127.4,131.1,537332
2020-03-25,131.1,136.9,131.1,135.1,492482
2020-05-31,130.0,132.7,127.0,129.1,283233
2020-06-01,129.1,132.8,129.1,130.0,275417
2020-06-02,130.0,130.0,126.8,127.1,243424
2020-06-03,127.1,127.5,126.8,126.8,103942
2020-06-04,126.8,126.8,126.8,126.8,7783
2020-06-07,126.8,126.8,126.8,126.8,8991
2020-06-08,126.8,126.8,126.8,126.8,1923
2020-06-09,126.8,126.8,126.8,126.8,1006
2020-06-10,126.8,126.8,126.8,126.8,15255
2020-06-11,126.8,126.8,126.8,126.8,3453
2020-06-14,126.8,126.8,126.8,126.8,2800
2020-06-15,126.8,126.8,126.8,126.8,1108
2020-06-16,126.8,126.8,126.8,126.8,648
2020-06-17,126.8,126.8,126.8,126.8,501
2020-06-18,126.8,126.8,126.8,126.8,4880
2020-06-21,126.8,126.8,126.8,126.8,1800
2020-06-22,126.8,126.8,126.8,126.8,1048
2020-06-23,126.8,126.8,126.8,126.8,32849
2020-06-24,126.8,126.8,126.8,126.8,644
2020-06-25,126.8,126.8,126.8,126.8,1281
2020-06-28,126.8,126.8,126.8,126.8,866
2020-06-29,126.8,126.8,126.8,126.8,1660
2020-06-30,126.8,126.8,126.8,126.8,5099
2020-07-02,126.8,126.8,126.8,126.8,1937
2020-07-05,126.8,126.8,126.8,126.8,1202
2020-07-06,126.8,126.8,126.8,126.8,20
2020-07-07,126.8,126.8,126.8,126.8,350
2020-07-08,126.8,126.8,126.8,126.8,1632
2020-07-09,126.8,126.8,126.8,126.8,15176
2020-07-12,126.8,132.1,126.8,129.9,638319
2020-07-13,130.5,132.6,126.8,128.3,444595
2020-07-14,128.9,129.8,126.8,126.8,195158
2020-07-15,126.8,127.2,126.8,126.8,55912
2020-07-16,126.8,126.8,126.8,126.8,14657
2020-07-19,126.8,126.8,126.8,126.8,16655
2020-07-20,126.8,126.8,126.8,126.8,19413
2020-07-21,126.8,128.7,126.8,127.2,416006
2020-07-22,128.0,128.0,126.8,126.8,131062
2020-07-23,126.8,126.8,126.8,126.8,25552
2020-07-26,126.8,130.7,126.8,129.5,368696
2020-07-27,131.6,133.8,129.0,130.2,343644
2020-07-28,130.2,131.0,127.0,128.1,188134
2020-07-29,128.1,129.4,127.0,127.1,196887
2020-07-30,127.5,128.5,126.8,127.6,198412
2020-08-03,128.0,129.3,126.8,127.1,259779
2020-08-04,127.2,134.9,127.2,132.3,455198
2020-08-05,133.0,135.0,129.0,130.8,294033
2020-08-06,131.0,131.0,127.0,128.7,287818
2020-08-09,129.0,133.5,129.0,132.6,364709
2020-08-10,133.0,140.0,131.3,138.7,714163
2020-08-12,139.2,144.0,137.5,139.1,666122
2020-08-13,139.4,142.0,134.0,135.3,427944
2020-08-16,136.0,138.0,132.5,135.0,396938
2020-08-17,134.8,141.9,133.9,137.7,508618
2020-08-18,139.1,139.9,133.8,134.3,311084
2020-08-19,135.0,136.3,133.2,133.6,285044
2020-08-20,133.8,135.0,128.0,131.9,199590
2020-08-23,133.3,134.0,131.0,131.5,203321
2020-08-24,132.0,132.7,129.6,130.3,148908
2020-08-25,131.6,132.2,129.3,129.7,185821
2020-08-26,130.0,135.0,129.9,133.1,337283
2020-08-27,134.4,137.9,134.4,136.2,416512
2020-08-31,138.0,139.5,132.5,133.1,304722
2020-09-01,134.4,137.0,133.0,135.5,215190
2020-09-02,135.9,135.9,131.5,132.6,301911
2020-09-03,132.8,134.0,131.5,132.0,286185
2020-09-06,133.2,133.9,130.1,130.6,338296
2020-09-07,130.8,133.1,130.5,131.5,283177
2020-09-08,132.9,133.0,129.6,130.0,431273
2020-09-09,130.9,131.7,128.5,128.9,247745
2020-09-10,129.2,130.8,128.9,130.4,193842
2020-09-13,131.1,132.0,129.0,129.2,347024
2020-09-14,129.2,137.0,129.2,136.4,949294
2020-09-15,137.0,148.3,137.0,146.4,1224429
2020-09-16,148.5,152.0,140.0,145.5,884968
2020-09-17,147.0,160.0,147.0,159.3,2258595
2020-09-20,165.0,165.0,153.0,154.8,985094
2020-09-21,155.0,156.7,148.0,148.6,844016
2020-09-22,149.0,156.8,148.6,151.0,554558
2020-09-23,154.0,154.9,143.9,145.5,422750
2020-09-24,145.5,148.1,140.1,141.0,526979
2020-09-27,141.0,144.0,136.5,142.7,413049
2020-09-28,144.0,145.4,141.3,142.1,290432
2020-09-29,141.3,144.0,138.0,138.6,554238
2020-09-30,139.0,144.5,138.0,139.0,357782
2020-10-01,140.0,142.7,139.1,139.6,212899
2020-10-04,141.1,142.4,136.8,137.3,286495
2020-10-05,139.8,139.8,133.1,133.9,259292
2020-10-06,135.4,138.0,131.4,131.7,297427
2020-10-07,132.5,135.8,132.5,134.9,197766
2020-10-08,136.1,144.0,135.5,141.3,532531
2020-10-11,143.2,145.9,137.1,138.4,325785
2020-10-12,138.6,140.0,132.1,133.1,265013
2020-10-13,136.3,137.2,134.3,135.1,138724
2020-10-14,135.6,142.0,135.0,135.9,261729
2020-10-15,137.1,139.7,135.1,135.5,177923
2020-10-18,137.4,138.7,133.5,134.0,271576
2020-10-19,135.3,136.4,132.5,134.0,201882
2020-10-20,135.3,136.5,133.5,133.9,179273
2020-10-21,134.1,134.1,131.8,132.1,209195
2020-10-22,133.0,133.0,129.5,129.7,328297
2020-10-25,130.0,131.5,128.0,128.3,160457
2020-10-27,130.0,131.0,126.8,127.8,181842
2020-10-28,127.8,129.9,126.8,127.2,305712
2020-10-29,129.8,129.8,126.8,127.2,153655
2020-11-01,127.2,128.3,126.8,126.9,203366
2020-11-02,127.0,134.0,127.0,131.2,232955
2020-11-03,132.0,133.0,128.3,128.8,179411
2020-11-04,128.9,130.2,127.1,128.2,96157
2020-11-05,128.9,129.8,126.9,127.4,174513
2020-11-08,128.8,128.8,126.8,126.8,186459
2020-11-09,126.8,126.8,126.8,126.8,67216
2020-11-10,126.8,127.0,126.8,126.8,98433
2020-11-11,126.8,126.8,126.8,126.8,9947
2020-11-12,126.8,126.8,126.8,126.8,7882
2020-11-15,126.8,126.8,126.8,126.8,18563
2020-11-16,126.8,126.8,126.8,126.8,9456
2020-11-17,126.8,129.0,126.8,126.9,230752
2020-11-18,127.0,127.0,126.8,126.8,105973
2020-11-22,126.8,126.8,126.8,126.8,17362
2020-11-23,126.8,126.8,126.8,126.8,963
2020-11-24,126.8,126.8,126.8,126.8,6336
2020-11-25,126.8,126.8,126.8,126.8,964
2020-11-26,126.8,126.8,126.8,126.8,16531
2020-11-29,126.8,126.8,126.8,126.8,6645
2020-11-30,126.8,126.8,126.8,126.8,3249
2020-12-01,126.8,126.8,126.8,126.8,5186
2020-12-02,126.8,126.8,126.8,126.8,4854
2020-12-03,126.8,126.8,126.8,126.8,19834
2020-12-06,126.8,126.8,126.8,126.8,9236
2020-12-07,126.8,126.8,126.8,126.8,7038
2020-12-08,126.8,126.8,126.8,126.8,7170
2020-12-09,126.8,126.8,126.8,126.8,5804
2020-12-10,126.8,126.8,126.8,126.8,15166
2020-12-13,126.8,126.8,126.8,126.8,23803
2020-12-14,126.8,126.8,126.8,126.8,14617
2020-12-15,126.8,126.8,126.8,126.8,42137
2020-12-17,126.8,126.8,126.8,126.8,34719
2020-12-20,126.8,126.8,126.8,126.8,16109
2020-12-21,126.8,128.3,126.8,126.8,715564
2020-12-22,127.0,132.9,126.9,128.2,403343
2020-12-23,129.5,129.5,126.8,126.9,315648
2020-12-24,127.0,127.2,126.8,126.8,144604
2020-12-27,126.8,131.7,126.8,128.4,347467
2020-12-28,130.4,130.6,126.8,126.9,315114
2020-12-29,126.9,128.7,126.8,126.8,196812
2020-12-30,126.8,127.3,126.8,126.8,61640
2021-01-03,126.8,126.8,126.8,126.8,53706
2021-01-04,126.8,126.8,126.8,126.8,39344
2021-01-05,126.8,126.8,126.8,126.8,36977
2021-01-06,126.8,126.8,126.8,126.8,14439
2021-01-07,126.8,126.8,126.8,126.8,12383
2021-01-10,126.8,126.8,126.8,126.8,22605
2021-01-11,126.8,126.8,126.8,126.8,10634
2021-01-12,126.8,126.8,126.8,126.8,7504
2021-01-13,126.8,126.8,126.8,126.8,7800
2021-01-14,126.8,126.8,126.8,126.8,2863
2021-01-17,126.8,126.8,126.8,126.8,3457
2021-01-18,126.8,126.8,126.8,126.8,3555
2021-01-19,126.8,126.8,126.8,126.8,3155
2021-01-20,126.8,126.8,126.8,126.8,132
2021-01-21,126.8,126.8,126.8,126.8,704
2021-01-24,126.8,126.8,126.8,126.8,1079
2021-01-25,126.8,126.8,126.8,126.8,1830
2021-01-26,126.8,126.8,126.8,126.8,20
2021-01-27,126.8,126.8,126.8,126.8,2491
2021-01-28,126.8,126.8,126.8,126.8,152
2021-01-31,126.8,126.8,126.8,126.8,532
2021-02-01,126.8,126.8,126.8,126.8,310
2021-02-02,126.8,126.8,126.8,126.8,180
2021-02-03,126.8,126.8,126.8,126.8,1228
2021-02-04,126.8,126.8,126.8,126.8,915
2021-02-07,126.8,126.8,126.8,126.8,127
2021-02-08,126.8,126.8,126.8,126.8,15
2021-02-09,126.8,126.8,126.8,126.8,110
2021-02-10,126.8,126.8,126.8,126.8,45
2021-02-11,126.8,126.8,126.8,126.8,1
2021-02-14,126.8,126.8,126.8,126.8,13
2021-02-15,126.8,126.8,126.8,126.8,3125
2021-02-16,126.8,126.8,126.8,126.8,1
2021-02-17,126.8,126.8,126.8,126.8,29657
2021-02-18,126.8,126.8,126.8,126.8,844
2021-02-22,126.8,126.8,126.8,126.8,978
2021-02-23,126.8,126.8,126.8,126.8,53
2021-02-24,126.8,126.8,126.8,126.8,15
2021-02-25,126.8,126.8,126.8,126.8,3
2021-02-28,126.8,126.8,126.8,126.8,3091
2021-03-01,126.8,126.8,126.8,126.8,132
2021-03-02,126.8,126.8,126.8,126.8,1001
2021-03-03,126.8,126.8,126.8,126.8,303
2021-03-04,126.8,126.8,126.8,126.8,265
2021-03-07,126.8,126.8,126.8,126.8,10
2021-03-08,126.8,126.8,126.8,126.8,10
2021-03-09,126.8,126.8,126.8,126.8,77
2021-03-11,126.8,126.8,126.8,126.8,265
2021-03-14,126.8,126.8,126.8,126.8,209
2021-03-15,126.8,126.8,126.8,126.8,275
2021-03-16,126.8,126.8,126.8,126.8,2547
2021-03-18,126.8,126.8,126.8,126.8,19194
2021-03-21,126.8,126.8,126.8,126.8,922
2021-03-22,126.8,126.8,126.8,126.8,1
2021-03-23,126.8,126.8,126.8,126.8,100
2021-03-28,126.8,126.8,126.8,126.8,9
2021-03-29,126.8,126.8,126.8,126.8,89
2021-03-31,126.8,126.8,126.8,126.8,1
2021-04-05,126.8,126.8,126.8,126.8,5
2021-04-06,126.8,126.8,126.8,126.8,2
2021-04-08,126.8,126.8,126.8,126.8,8
2021-04-11,126.8,126.8,126.8,126.8,456
2021-04-15,126.8,126.8,126.8,126.8,3
2021-04-19,126.8,126.8,126.8,126.8,3
2021-04-20,126.8,126.8,126.8,126.8,1
2021-04-21,126.8,126.8,126.8,126.8,1
2021-04-25,126.8,126.8,126.8,126.8,34
2021-04-27,126.8,126.8,126.8,126.8,4
2021-05-02,126.8,126.8,126.8,126.8,301
2021-05-03,126.8,126.8,126.8,126.8,466
2021-05-04,126.8,126.8,126.8,126.8,20
2021-05-05,126.8,126.8,126.8,126.8,45
2021-05-06,126.8,126.8,126.8,126.8,42
2021-05-09,126.8,126.8,126.8,126.8,307
2021-05-11,126.8,126.8,126.8,126.8,65
2021-05-12,126.8,126.8,126.8,126.8,30
2021-05-16,126.8,126.8,126.8,126.8,1386
2021-05-17,126.8,126.8,126.8,126.8,966
2021-05-18,126.8,126.8,126.8,126.8,81
2021-05-19,126.8,126.8,126.8,126.8,70
2021-05-20,126.8,126.8,126.8,126.8,20
2021-05-23,126.8,126.8,126.8,126.8,71
2021-05-24,126.8,126.8,126.8,126.8,595
2021-05-25,126.8,126.8,126.8,126.8,104
2021-05-27,126.8,126.8,126.8,126.8,129
2021-05-30,126.8,126.8,126.8,126.8,1
2021-05-31,126.8,126.8,126.8,126.8,2193
2021-06-01,126.8,126.8,126.8,126.8,60
2021-06-02,126.8,126.8,126.8,126.8,533
2021-06-03,126.8,126.8,126.8,126.8,74
2021-06-06,124.3,124.3,124.3,124.3,1251
2021-06-07,121.9,121.9,121.9,121.9,11999
2021-06-08,119.5,119.5,119.5,119.5,1145
2021-06-09,117.2,125.9,117.2,117.8,825078
2021-06-10,120.0,123.4,117.6,118.6,264185
2021-06-13,118.7,121.0,116.3,116.3,277917
2021-06-14,115.1,117.3,114.0,114.0,133584
2021-06-15,112.0,115.8,111.8,111.8,278829
2021-06-16,109.9,110.0,109.6,109.6,91685
2021-06-17,107.5,107.5,107.5,107.5,55771
2021-06-20,101.5,118.2,101.5,111.4,483065
2021-06-21,114.5,116.8,112.2,114.0,136573
2021-06-22,114.5,116.0,111.0,111.4,173479
2021-06-23,114.0,122.5,114.0,122.5,752843
2021-06-24,126.0,128.6,120.0,121.0,484556
2021-06-27,121.0,122.0,115.2,116.3,198013
2021-06-28,116.3,122.8,116.3,120.8,182487
2021-06-29,122.0,122.3,117.1,117.4,134530
2021-06-30,118.0,119.4,116.4,117.3,144994
2021-07-05,117.1,119.7,116.5,116.9,114803
2021-07-06,117.0,117.9,114.5,114.8,154129
2021-07-07,115.0,117.0,112.4,113.6,131986
2021-07-08,115.8,119.6,114.1,119.3,236258
2021-07-12,121.9,121.9,117.8,118.8,193531
2021-07-13,119.0,119.3,116.7,117.3,143749
2021-07-14,116.7,120.0,116.3,118.0,169636
2021-07-15,118.2,121.8,118.2,121.1,309795
2021-07-18,121.1,124.7,121.1,123.6,281978
2021-07-19,124.3,125.5,120.4,120.7,216040
2021-07-25,120.8,121.8,118.2,118.6,129365
2021-07-26,119.2,119.3,118.0,118.2,113702
2021-07-27,120.0,120.0,117.0,117.8,97417
2021-07-28,117.5,119.0,117.3,117.6,92892
2021-07-29,117.7,118.0,115.6,117.0,112035
2021-08-02,117.2,119.0,116.5,118.2,229824
2021-08-03,119.9,121.5,118.7,120.3,270625
2021-08-05,121.8,124.5,120.6,122.8,401909
2021-08-09,123.9,135.0,123.2,135.0,845852
2021-08-10,139.9,143.0,133.0,134.4,736707
2021-08-11,132.5,135.0,129.1,130.9,421966
2021-08-12,133.0,137.0,132.1,134.0,376488
2021-08-16,134.1,143.8,134.1,139.0,730104
2021-08-17,141.0,141.8,136.6,138.4,422695
2021-08-18,139.0,143.0,138.7,140.1,676315
2021-08-19,142.0,142.0,137.5,138.7,328765
2021-08-22,139.0,142.0,137.0,138.0,535847
2021-08-23,138.9,139.5,135.9,136.3,335576
2021-08-24,135.6,138.8,134.5,135.2,267184
2021-08-25,136.0,136.8,134.1,134.4,237049
2021-08-26,134.4,135.8,133.0,133.8,169317
2021-08-29,135.3,139.6,134.3,136.9,342306
2021-08-31,139.8,143.8,138.0,140.0,389924
2021-09-01,141.5,151.5,140.1,148.0,1171041
2021-09-02,151.8,162.8,151.8,161.8,1466374
2021-09-05,161.9,170.0,158.0,165.8,1508071
2021-09-06,165.0,165.0,157.2,159.8,844396
2021-09-07,161.0,163.0,156.2,159.6,648033
2021-09-08,167.0,170.0,163.5,168.3,1774167
2021-09-09,168.5,179.8,164.0,177.9,1147121
2021-09-12,180.0,182.0,165.0,166.1,1166602
2021-09-13,166.2,172.0,163.0,168.0,616012
2021-09-14,170.1,171.0,160.1,161.5,525858
2021-09-15,164.0,166.0,157.3,165.0,530391
2021-09-16,170.0,178.0,169.5,176.8,1288873
2021-09-19,179.6,180.9,172.8,174.0,743687
2021-09-20,174.0,175.8,167.6,168.2,490108
2021-09-21,168.2,171.7,165.0,165.5,387464
2021-09-22,168.2,168.2,164.0,164.5,263199
2021-09-23,166.0,170.0,164.1,165.2,300687
2021-09-26,166.5,167.9,160.3,161.4,340632
2021-09-27,163.0,164.0,159.5,159.9,321428
2021-09-28,157.0,157.0,145.0,151.7,602035
2021-09-29,151.7,154.5,150.2,150.7,257544
2021-09-30,151.5,156.9,150.0,154.2,370517
2021-10-03,155.0,156.9,150.9,151.7,197067
2021-10-04,152.9,152.9,145.2,146.1,309021
2021-10-05,146.8,147.9,138.0,140.0,279580
2021-10-06,140.2,141.0,126.3,129.0,675153
2021-10-07,130.0,139.3,126.8,136.9,270272
2021-10-10,137.9,138.6,135.0,136.8,173459
2021-10-11,138.2,144.8,136.3,140.4,289852
2021-10-12,143.4,143.4,136.3,136.8,159649
2021-10-13,136.0,139.0,131.9,132.2,161422
2021-10-14,132.3,134.8,131.3,132.2,83809
2021-10-17,135.9,139.0,131.5,132.0,135780
2021-10-18,134.0,134.6,127.1,128.4,116812
2021-10-19,133.0,133.0,125.1,126.2,76446
2021-10-21,129.9,131.0,122.5,123.7,190818
2021-10-24,127.0,127.0,117.0,117.9,144396
2021-10-25,116.0,118.0,111.7,114.3,146744
2021-10-26,118.0,123.5,114.0,122.5,160329
2021-10-27,122.5,126.4,118.3,120.5,128804
2021-10-28,120.5,130.0,118.0,128.8,246045
2021-10-31,128.8,133.0,120.3,123.8,180261
2021-11-01,124.0,125.0,120.9,121.4,75638
2021-11-02,120.6,125.3,120.5,122.3,137645
2021-11-03,124.0,127.4,122.9,123.5,186198
2021-11-04,126.6,126.6,123.1,124.4,75946
2021-11-07,124.6,124.6,119.5,120.0,78080
2021-11-08,124.0,124.0,115.1,116.1,126056
2021-11-09,119.0,119.0,115.1,116.2,59127
2021-11-10,118.8,120.5,117.0,119.5,63381
2021-11-11,122.9,122.9,117.6,118.7,96487
2021-11-14,117.4,118.5,116.0,116.2,71525
2021-11-15,118.0,118.0,115.0,115.2,68038
2021-11-16,119.0,119.0,113.3,113.9,110543
2021-11-17,114.2,115.4,112.8,113.4,70553
2021-11-18,113.6,116.9,112.7,113.6,129140
2021-11-21,113.7,116.3,112.5,112.7,73547
2021-11-22,114.0,114.0,111.5,111.9,56965
2021-11-24,112.0,117.9,112.0,112.6,88149
2021-11-25,112.6,114.4,111.1,111.5,33039
2021-11-28,112.1,112.1,108.0,108.3,57064
2021-11-29,111.8,111.8,109.0,110.6,39388
2021-11-30,110.7,111.9,107.1,107.5,43113
2021-12-01,110.8,110.8,108.4,108.9,32963
2021-12-02,108.9,111.4,107.6,109.8,41861
2021-12-05,111.0,113.7,110.5,112.8,91789
2021-12-06,113.5,117.0,113.5,116.1,97346
2021-12-07,118.0,119.0,115.2,116.7,93369
2021-12-08,116.7,124.0,116.4,121.4,252590
2021-12-09,122.5,124.4,119.4,122.2,139482
2021-12-12,124.8,127.0,121.5,122.1,213926
2021-12-13,122.5,124.1,117.4,118.7,101384
2021-12-14,117.2,122.3,115.5,116.5,107037
2021-12-15,116.5,118.9,115.0,116.6,65078
2021-12-19,116.6,117.8,113.0,113.3,47559
2021-12-20,112.5,115.5,112.4,113.7,67088
2021-12-21,113.6,118.0,113.5,115.6,86536
2021-12-22,116.1,120.5,116.1,117.1,114240
2021-12-23,117.0,117.5,112.5,113.3,107426
2021-12-26,116.0,116.0,110.5,110.7,112134
2021-12-27,111.1,113.9,111.1,111.5,38516
2021-12-28,112.0,113.0,110.6,111.6,66997
2021-12-29,112.5,114.1,112.0,112.1,52506
2021-12-30,112.1,114.4,111.9,112.2,60415
2022-01-02,112.3,113.9,112.0,112.4,82640
2022-01-03,112.7,114.5,112.2,112.5,79331
2022-01-04,112.8,113.4,111.6,111.9,69026
2022-01-05,112.3,113.0,111.6,112.3,135722
2022-01-06,114.1,114.2,112.0,112.4,111130
2022-01-09,113.0,116.0,112.5,113.1,142017
2022-01-10,114.1,114.8,112.5,113.5,84563
2022-01-11,114.1,120.7,113.5,118.1,342651
2022-01-12,120.5,124.3,116.5,120.8,369034
2022-01-13,120.9,123.0,118.2,119.8,145090
2022-01-16,119.8,123.9,117.9,118.4,292742
2022-01-17,119.0,121.7,115.6,116.0,232807
2022-01-18,117.0,118.0,115.5,115.7,153469
2022-01-19,115.7,118.9,115.7,117.3,114832
2022-01-20,118.1,118.8,116.1,116.7,109705
2022-01-23,116.7,118.0,114.0,114.6,81133
2022-01-24,115.0,115.4,112.7,113.4,52668
2022-01-25,114.8,114.8,113.0,113.3,51406
2022-01-26,114.2,114.7,112.0,112.7,77107
2022-01-27,114.4,114.4,112.0,112.3,102815
2022-01-30,112.5,113.7,111.6,111.9,86528
2022-01-31,112.0,112.7,110.4,110.8,71827
2022-02-01,110.8,112.6,110.7,111.1,51619
2022-02-02,111.9,112.7,110.4,110.8,52052
2022-02-03,111.0,112.5,110.8,111.8,84028
2022-02-06,112.0,113.0,110.9,111.3,73267
2022-02-07,111.3,113.0,110.7,111.2,78214
2022-02-08,112.0,112.9,111.6,111.9,101671
2022-02-09,112.8,113.0,111.6,112.2,69066
2022-02-10,114.5,115.0,112.0,114.3,166542
2022-02-13,116.4,123.7,116.3,118.0,348902
2022-02-14,118.8,118.9,114.6,114.8,106778
2022-02-15,115.9,116.0,113.8,114.8,134817
2022-02-16,116.8,119.5,115.1,118.0,291485
2022-02-17,118.0,118.9,114.2,116.0,119014
2022-02-20,116.0,122.0,116.0,119.1,450322
2022-02-22,121.8,126.6,121.6,123.5,972057
2022-02-23,123.5,123.5,118.6,119.2,291925
2022-02-24,122.0,122.0,114.0,114.7,346725
2022-02-27,115.0,115.0,111.5,112.0,169483
2022-02-28,115.0,115.2,112.6,112.8,135256
2022-03-01,114.7,115.0,111.9,112.6,125190
2022-03-02,112.8,112.8,111.2,111.7,85165
2022-03-03,112.5,112.5,110.0,111.7,62781
2022-03-06,111.7,112.7,111.0,111.2,94569
2022-03-07,111.2,111.2,106.2,106.8,150672
2022-03-08,109.9,109.9,102.0,106.4,103837
2022-03-09,108.9,111.0,106.8,110.3,98029
2022-03-10,110.4,112.3,108.9,109.3,105276
2022-03-13,110.9,111.9,109.4,110.6,103329
2022-03-14,111.0,112.5,109.8,110.5,96526
2022-03-15,110.5,111.9,110.0,110.3,109493
2022-03-16,110.5,111.8,110.0,110.4,67880
2022-03-20,111.5,111.8,108.2,108.6,74220
2022-03-21,108.7,110.5,108.6,109.2,41641
2022-03-22,110.0,111.5,109.6,110.7,59358
2022-03-23,110.8,111.4,108.5,109.2,61621
2022-03-24,109.2,110.6,108.7,109.4,55503
2022-03-27,109.4,110.0,109.0,109.2,56870
2022-03-28,109.2,111.3,109.2,110.0,92984
2022-03-29,111.0,111.2,110.4,110.6,74599
2022-03-30,110.1,111.1,109.4,109.5,50531
2022-03-31,109.5,110.8,108.5,108.8,49521
2022-04-03,110.9,110.9,107.9,108.4,59303
2022-04-04,108.8,108.8,107.4,107.8,46656
2022-04-05,109.4,109.4,106.6,107.1,34354
2022-04-06,107.1,108.0,106.3,106.9,31538
2022-04-07,106.9,106.9,106.0,106.4,41836
2022-04-10,106.8,107.0,105.5,105.7,45500
2022-04-11,106.1,107.1,106.0,106.2,42180
2022-04-12,106.0,106.4,104.6,104.9,29816
2022-04-13,103.5,107.0,103.2,104.9,19597
2022-04-17,106.8,106.8,103.7,104.2,25877
2022-04-18,103.2,104.0,102.2,102.2,40584
2022-04-19,100.2,103.0,100.2,102.4,89046
2022-04-20,103.5,103.5,101.5,102.3,31809
2022-04-21,102.9,104.5,102.1,104.2,45159
2022-04-24,104.4,106.8,104.3,105.0,32149
2022-04-25,105.0,105.0,103.1,103.5,27288
2022-04-26,103.0,104.7,102.0,103.6,22378
2022-04-27,104.5,105.5,103.3,104.2,33772
2022-04-28,104.2,105.5,103.1,104.0,27804
2022-05-05,106.5,106.5,103.8,104.1,23658
2022-05-08,104.6,105.7,103.0,103.4,95673
2022-05-09,103.7,108.9,103.6,107.9,99530
2022-05-10,108.8,109.5,106.1,106.2,97544
2022-05-11,105.8,106.9,104.1,104.7,50685
2022-05-12,103.7,108.0,103.7,106.5,86156
2022-05-16,108.0,109.0,102.3,103.2,84161
2022-05-17,106.0,106.0,100.0,102.3,76154
2022-05-18,103.4,104.4,98.0,100.0,60072
2022-05-19,101.2,103.5,98.0,99.1,87922
2022-05-22,99.2,101.0,94.2,95.7,58281
2022-05-23,99.3,100.0,96.5,98.1,36308
2022-05-24,98.6,101.9,96.8,97.2,55267
2022-05-25,99.9,99.9,95.2,95.8,33449
2022-05-26,97.0,97.0,94.8,96.2,24061
2022-05-29,96.8,101.0,96.8,100.1,46021
2022-05-30,103.7,103.7,100.1,101.3,42520
2022-05-31,100.7,102.6,100.6,100.9,34998
2022-06-01,101.9,106.9,101.8,105.9,150855
2022-06-02,106.4,109.3,104.4,105.2,78288
2022-06-05,106.0,106.0,103.3,103.5,74950
2022-06-06,103.9,104.5,102.2,102.5,46596
2022-06-07,102.5,102.9,101.2,101.6,59177
2022-06-08,104.0,104.0,102.1,103.1,38950
2022-06-09,104.5,104.5,102.4,102.9,40439
2022-06-12,102.0,106.8,101.7,105.0,108774
2022-06-13,105.0,108.4,105.0,105.9,178216
2022-06-14,106.1,106.5,103.8,103.9,91119
2022-06-15,101.9,106.9,101.9,106.3,167499
2022-06-16,106.4,110.7,106.0,106.9,303667
2022-06-19,106.3,107.4,104.8,105.0,127996
2022-06-20,105.9,105.9,102.9,102.9,78533
2022-06-21,101.2,102.9,100.9,100.9,97500
2022-06-22,100.9,101.8,98.9,100.9,91905
2022-06-23,103.0,103.0,101.1,101.7,53312
2022-06-26,102.2,102.7,100.6,101.4,39510
2022-06-27,100.5,102.0,100.5,101.9,51459
2022-06-28,105.9,105.9,102.0,102.8,40635
2022-06-29,102.1,103.3,102.0,102.2,67730
2022-06-30,104.0,104.0,102.0,102.7,68967
2022-07-03,102.7,104.0,102.0,103.0,48763
2022-07-04,103.0,103.8,103.0,103.4,60139
2022-07-05,104.0,104.0,103.0,103.2,56061
2022-07-06,104.0,104.8,103.1,103.6,52351
2022-07-07,104.6,104.6,103.0,103.8,41892
2022-07-12,104.8,105.0,103.5,104.2,56607
2022-07-13,105.0,105.0,102.2,102.3,89129
2022-07-14,104.5,104.5,101.7,104.1,70130
2022-07-17,104.0,107.0,103.1,105.5,130088
2022-07-18,106.7,109.5,103.4,103.6,318410
2022-07-19,103.0,103.0,101.6,101.7,98740
2022-07-20,101.7,103.4,99.8,101.3,91803
2022-07-21,101.8,103.5,99.3,100.3,107341
2022-07-24,102.8,102.8,98.3,98.3,81183
2022-07-25,98.3,101.0,96.4,99.5,83242
2022-07-26,102.1,102.3,98.0,99.2,63824
2022-07-27,100.0,100.0,97.3,97.3,52218
2022-07-28,95.4,96.3,95.4,95.4,56504
2022-07-31,98.0,99.5,97.9,99.0,35470
2022-08-01,99.2,99.9,97.9,98.0,53101
2022-08-02,98.6,101.7,98.5,100.9,70916
2022-08-03,102.5,103.0,99.2,99.8,86152
2022-08-04,100.0,100.0,98.5,98.7,63690
2022-08-07,98.8,99.0,97.9,98.0,77948
2022-08-08,98.2,99.4,98.0,98.1,57965
2022-08-10,98.1,98.5,97.9,97.9,37676
2022-08-11,97.9,98.3,97.9,97.9,50226
2022-08-14,98.0,98.0,97.9,97.9,32000
2022-08-16,97.9,99.0,97.9,97.9,47319
2022-08-17,98.1,99.0,97.9,97.9,53555
2022-08-21,98.0,99.1,98.0,98.9,125465
2022-08-22,99.9,102.6,99.8,101.3,176045
2022-08-23,103.7,106.9,103.7,104.6,522403
2022-08-24,107.5,107.5,103.0,103.5,138180
2022-08-25,102.5,105.9,100.0,104.3,409692
2022-08-28,104.5,110.2,104.5,105.9,355762
2022-08-29,106.0,106.0,103.0,104.7,180267
2022-08-30,105.0,105.5,102.0,102.4,211832
2022-08-31,104.7,105.0,102.2,103.9,178525
2022-09-01,103.0,105.8,103.0,104.0,192616
2022-09-04,103.3,107.5,103.3,105.0,277844
2022-09-05,106.4,106.4,101.2,102.3,148207
2022-09-06,102.7,104.0,101.0,102.7,94889
2022-09-07,102.8,103.8,100.3,101.3,168938
2022-09-08,103.5,103.5,100.0,100.5,82140
2022-09-11,101.5,102.5,98.0,98.7,124916
2022-09-12,100.3,102.0,98.7,99.1,52056
2022-09-13,100.6,100.8,98.1,98.6,99267
2022-09-14,102.4,103.7,100.0,100.5,132803
2022-09-15,100.7,102.5,100.0,101.7,101463
2022-09-18,102.2,107.7,102.2,104.1,413314
2022-09-19,104.0,108.9,104.0,107.2,462857
2022-09-20,107.0,109.7,103.0,103.4,242382
2022-09-21,105.7,105.7,100.0,100.6,221938
2022-09-22,100.8,103.9,99.8,101.2,229589
2022-09-25,102.0,107.2,101.7,104.8,357485
2022-09-26,106.9,107.0,102.0,102.2,157930
2022-09-27,102.0,103.7,100.5,100.9,149715
2022-09-28,102.6,102.6,100.0,100.4,144095
2022-09-29,100.4,102.3,99.7,100.1,116927
2022-10-02,100.0,100.9,99.3,100.2,145675
2022-10-03,100.7,100.7,99.4,99.6,124388
2022-10-04,99.3,101.0,98.7,99.5,135416
2022-10-06,100.0,106.7,100.0,103.9,426939
2022-10-10,104.1,114.2,104.1,113.8,1787579
2022-10-11,116.0,122.9,115.7,117.8,938298
2022-10-12,117.9,119.5,112.1,116.4,908378
2022-10-13,116.5,124.0,115.5,120.3,1245478
2022-10-16,123.0,123.6,112.0,114.4,838901
2022-10-17,115.0,116.7,104.9,105.7,748283
2022-10-18,106.1,109.9,104.5,105.3,439125
2022-10-19,108.3,113.0,106.5,107.3,554807
2022-10-20,109.7,109.7,103.5,104.8,323778
2022-10-23,105.0,106.3,98.2,98.7,438890
2022-10-24,101.0,101.0,98.0,98.5,97200
2022-10-25,100.0,103.4,99.0,99.5,240567
2022-10-26,99.7,106.5,99.7,103.0,324082
2022-10-27,104.0,104.0,101.0,101.6,227705
2022-10-30,100.0,109.7,100.0,108.6,445091
2022-10-31,109.0,113.5,105.3,107.0,587013
2022-11-01,108.7,113.7,106.0,112.1,479063
2022-11-02,114.8,118.0,112.0,112.8,603655
2022-11-03,117.0,117.5,113.5,116.1,647491
2022-11-06,116.2,119.0,113.6,114.5,476992
2022-11-07,114.5,114.5,109.1,109.8,509495
2022-11-08,109.8,112.4,106.0,108.5,305335
2022-11-09,106.6,108.7,102.1,104.0,319239
2022-11-10,106.0,107.5,104.0,104.5,134652
2022-11-13,107.5,108.2,104.4,105.0,257762
2022-11-14,105.8,110.9,102.8,103.6,639583
2022-11-15,98.1,103.4,98.0,102.0,573759
2022-11-16,102.7,107.5,101.8,106.3,305658
2022-11-17,106.6,112.0,106.0,110.7,679652
2022-11-20,111.0,112.6,105.2,106.1,282283
2022-11-22,103.4,108.4,103.4,106.4,245576
2022-11-23,107.9,107.9,102.6,103.5,282588
2022-11-24,105.0,105.0,102.0,102.9,207040
2022-11-27,103.0,104.5,102.1,102.8,105321
2022-11-28,104.5,104.5,99.0,100.8,207350
2022-11-29,100.0,102.5,98.8,101.8,110886
2022-11-30,102.6,110.7,101.9,109.9,632917
2022-12-01,109.2,113.0,106.0,106.9,371120
2022-12-04,106.9,107.4,104.1,105.1,199462
2022-12-05,105.1,108.0,104.5,107.0,312933
2022-12-06,107.9,114.9,107.9,114.1,1120775
2022-12-07,114.9,116.6,111.5,112.3,454535
2022-12-08,112.8,119.0,109.5,116.6,1254030
2022-12-11,118.0,120.0,115.4,118.1,808877
2022-12-12,119.6,119.6,115.0,115.7,1122204
2022-12-13,114.0,127.2,114.0,127.2,1786247
2022-12-14,130.0,135.6,127.3,128.7,1755387
2022-12-15,128.7,139.4,126.1,138.3,2335752
2022-12-18,138.4,142.0,129.0,130.4,1691397
2022-12-19,130.3,143.4,128.2,143.4,2694737
2022-12-20,144.9,147.9,140.2,144.4,1753378
2022-12-21,142.5,143.0,130.0,132.9,2791320
2022-12-22,130.0,137.8,127.0,130.7,1230285
2022-12-26,132.0,132.7,118.2,120.4,1378087
2022-12-27,118.5,123.5,117.5,122.3,586918
2022-12-28,123.9,128.4,122.3,124.4,788264
2022-12-29,124.5,126.4,121.5,122.7,841990
2023-01-01,122.7,126.8,122.7,124.2,702056
2023-01-02,124.6,124.6,115.2,116.0,698911
2023-01-03,117.7,119.0,112.0,117.8,844134
2023-01-04,118.3,121.8,118.3,121.0,639659
2023-01-05,120.9,121.5,116.0,116.4,818997
2023-01-08,118.4,118.4,112.6,114.0,539869
2023-01-09,113.6,117.9,113.6,116.9,605602
2023-01-10,119.2,121.5,118.1,118.9,760390
2023-01-11,120.7,120.8,115.4,116.0,929283
2023-01-12,115.5,117.0,113.5,114.4,581362
2023-01-15,114.4,115.8,110.0,111.9,1116781
2023-01-16,113.0,117.0,112.8,115.7,567911
2023-01-17,115.7,116.8,114.1,115.6,809172
2023-01-18,115.8,116.5,110.6,111.2,594548
2023-01-19,112.7,113.0,109.8,110.2,509673
2023-01-22,111.2,112.0,106.6,106.9,341942
2023-01-23,108.6,112.0,105.7,110.7,413613
2023-01-24,112.8,113.4,109.1,110.0,369634
2023-01-25,108.5,110.0,107.1,107.6,332012
2023-01-26,109.6,109.6,105.7,106.1,212481
2023-01-29,107.7,107.7,103.5,103.9,269729
2023-01-30,103.1,105.4,102.8,103.2,285501
2023-01-31,100.8,104.1,99.2,103.7,288163
2023-02-01,104.2,109.7,104.2,108.4,460153
2023-02-02,108.2,110.3,107.7,108.5,358399
2023-02-05,108.7,112.4,108.5,109.4,745755
2023-02-06,112.0,112.0,105.0,107.4,277785
2023-02-07,107.4,107.9,105.3,106.0,268431
2023-02-08,107.0,115.0,106.5,114.5,1256736
2023-02-09,114.9,116.0,112.0,112.6,634849
2023-02-12,112.5,113.2,108.0,108.4,331942
2023-02-13,107.1,112.7,106.9,111.6,401380
2023-02-14,111.6,114.0,108.1,109.0,591361
2023-02-15,108.4,115.5,108.3,114.5,856727
2023-02-16,114.7,117.9,112.5,113.5,910473
2023-02-19,113.0,114.7,111.6,112.4,442189
2023-02-20,112.9,115.7,111.8,112.1,448909
2023-02-22,115.0,115.0,109.0,109.6,364860
2023-02-23,108.4,109.8,106.3,106.8,327747
2023-02-26,106.3,106.9,102.8,103.5,294795
2023-02-27,103.1,108.8,102.7,107.8,325760
2023-02-28,107.8,109.1,106.0,107.5,465139
2023-03-01,108.3,110.9,107.5,108.6,399026
2023-03-02,107.0,110.0,105.0,106.2,437279
2023-03-05,107.1,109.8,106.1,108.9,561001
2023-03-06,109.4,111.8,108.3,108.7,627379
2023-03-07,108.7,109.7,106.3,107.0,513023
2023-03-09,107.0,108.2,105.4,105.7,410672
2023-03-12,106.0,107.0,105.0,105.3,444247
2023-03-13,105.6,107.5,105.2,105.5,263276
2023-03-14,105.6,106.5,103.0,103.2,515780
2023-03-15,104.7,104.9,100.5,101.1,389586
2023-03-16,102.8,103.4,101.0,102.5,304677
2023-03-19,102.8,103.3,100.0,100.9,242228
2023-03-20,100.9,102.5,100.5,101.7,173967
2023-03-21,101.3,104.8,101.3,104.5,236065
2023-03-22,104.1,105.5,101.8,102.1,206784
2023-03-23,102.0,102.7,101.6,102.3,118874
2023-03-27,102.2,103.2,101.0,101.3,146583
2023-03-28,102.0,102.2,99.7,99.9,191067
2023-03-29,100.6,101.7,100.6,101.2,212972
2023-03-30,101.9,104.8,101.7,102.5,262835
2023-04-02,103.4,104.5,102.9,103.1,293090
2023-04-03,104.4,105.9,103.3,103.7,350937
2023-04-04,104.0,109.8,103.5,106.2,818456
2023-04-05,106.0,108.0,103.7,104.0,200520
2023-04-06,104.3,105.7,104.0,104.4,389532
2023-04-09,105.1,108.0,104.2,104.8,412890
2023-04-10,104.7,107.0,103.6,104.1,370847
2023-04-11,105.0,105.0,102.2,102.9,195781
2023-04-12,103.0,104.7,101.8,102.5,206426
2023-04-13,103.9,103.9,101.7,102.1,177212
2023-04-16,103.1,103.3,101.9,102.2,146704
2023-04-17,102.0,102.9,101.3,101.9,159301
2023-04-18,101.3,104.1,100.2,102.7,247080
2023-04-24,103.9,103.9,101.2,102.9,251651
2023-04-25,103.0,103.5,101.5,101.9,307535
2023-04-26,103.4,104.3,101.5,103.4,394613
2023-04-27,104.3,108.0,104.2,105.8,813528
2023-04-30,103.0,103.5,100.0,101.2,448350
2023-05-02,101.2,102.2,100.0,101.3,392980
2023-05-03,101.0,105.0,101.0,103.8,315997
2023-05-07,103.8,104.5,101.1,101.3,336321
2023-05-08,101.3,103.5,100.8,102.4,264352
2023-05-09,102.9,104.7,101.5,102.6,437772
2023-05-10,103.3,104.5,102.7,104.0,411368
2023-05-11,105.0,107.4,103.7,104.8,685562
2023-05-14,105.9,105.9,103.0,103.1,208909
2023-05-15,103.1,103.9,102.1,102.4,287673
2023-05-16,102.5,104.9,102.1,103.5,287891
2023-05-17,103.6,106.9,103.6,105.6,522488
2023-05-18,106.0,113.7,105.7,113.1,1773923
2023-05-21,113.0,114.7,108.1,108.7,575231
2023-05-22,108.8,116.6,107.5,114.9,1716707
2023-05-23,115.1,116.8,113.8,115.1,781738
2023-05-24,115.4,119.8,111.6,112.5,1164031
2023-05-25,112.5,115.0,108.9,109.6,716339
2023-05-28,110.0,112.7,109.8,110.2,481611
2023-05-29,110.2,112.6,110.2,111.1,360635
2023-05-30,111.9,114.7,111.9,113.1,569946
2023-05-31,114.3,116.5,110.5,111.3,697921
2023-06-01,112.7,114.0,111.4,112.1,359460
2023-06-04,112.4,113.3,110.1,110.7,319409
2023-06-05,111.0,112.9,108.5,108.7,461406
2023-06-06,108.7,111.0,107.1,107.6,282198
2023-06-07,109.3,111.8,107.2,110.2,256614
2023-06-08,112.9,112.9,109.0,111.0,362955
2023-06-11,112.0,120.6,112.0,119.9,1696055
2023-06-12,119.9,124.4,114.9,115.7,794810
2023-06-13,115.0,117.0,112.5,114.3,451379
2023-06-14,117.0,117.0,112.3,112.8,444077
2023-06-15,114.0,114.4,109.3,109.9,325029
2023-06-18,111.0,111.0,108.6,109.5,134523
2023-06-19,110.9,114.0,109.4,112.9,254980
2023-06-20,112.9,114.1,111.1,111.7,189177
2023-06-21,112.0,113.7,111.1,113.0,207081
2023-06-22,114.0,114.9,112.0,112.5,315485
2023-06-25,112.6,113.5,110.3,111.4,205322
2023-06-26,113.0,113.0,110.7,111.9,183783
2023-07-02,111.0,111.8,109.4,110.1,265538
2023-07-03,110.1,112.9,109.8,112.0,177649
2023-07-04,112.0,112.7,109.1,109.5,324016
2023-07-05,110.5,110.5,107.2,107.7,313975
2023-07-06,107.7,109.5,105.1,105.5,315524
2023-07-09,108.0,109.7,105.6,106.5,289208
2023-07-10,108.7,108.7,105.5,106.8,179681
2023-07-11,107.0,107.5,105.6,106.6,125044
2023-07-12,106.6,108.9,106.0,107.1,183477
2023-07-13,107.7,108.8,105.9,106.7,163962
2023-07-16,107.5,107.5,104.9,105.5,347729
2023-07-17,105.7,106.9,105.3,106.3,216411
2023-07-18,106.6,106.7,104.0,104.5,270235
2023-07-19,105.0,105.4,103.0,103.8,198348
2023-07-20,104.9,106.4,102.0,103.8,130162
2023-07-23,104.7,105.7,103.4,103.7,170777
2023-07-24,103.7,105.2,103.0,103.3,102699
2023-07-25,104.8,104.8,102.0,102.3,188391
2023-07-26,102.2,103.7,101.7,102.2,67215
2023-07-27,103.7,105.0,101.5,102.0,151098
2023-07-30,102.0,102.8,100.9,101.9,243299
2023-07-31,102.0,102.2,101.0,101.7,156488
2023-08-01,102.1,102.1,100.2,100.5,307537
2023-08-02,100.7,104.0,100.7,103.7,238244
2023-08-03,103.8,105.9,103.8,104.1,331822
2023-08-06,103.5,104.0,101.7,102.0,111578
2023-08-07,101.0,102.4,100.7,101.3,136276
2023-08-08,101.9,102.0,101.1,101.4,95894
2023-08-09,102.0,102.0,100.4,100.7,110607
2023-08-10,100.9,101.7,100.2,100.4,91040
2023-08-13,101.0,102.7,100.4,100.8,170597
2023-08-14,101.9,101.9,99.0,99.3,185565
2023-08-16,100.0,100.0,97.9,97.9,127669
2023-08-17,97.9,100.0,97.9,99.5,79926
2023-08-20,99.8,100.0,97.9,99.1,63779
2023-08-21,101.1,101.1,98.4,99.5,76400
2023-08-22,99.1,100.7,98.2,98.7,95866
2023-08-23,98.5,99.5,97.9,97.9,121572
2023-08-24,97.9,98.9,97.9,98.3,68818
2023-08-27,98.9,99.2,98.2,99.0,57841
2023-08-28,99.9,99.9,98.6,99.0,77820
2023-08-29,98.3,99.5,98.0,98.0,94872
2023-08-30,98.1,99.2,97.9,98.1,103942
2023-08-31,98.0,98.5,97.9,97.9,92646
2023-09-03,97.9,98.9,97.9,98.0,125619
2023-09-04,98.0,98.7,97.9,97.9,101344
2023-09-05,97.9,97.9,97.9,97.9,25350
2023-09-07,97.9,97.9,97.9,97.9,15061
2023-09-10,97.9,97.9,97.9,97.9,3307
2023-09-11,97.9,97.9,97.9,97.9,1971
2023-09-12,97.9,97.9,97.9,97.9,13739
2023-09-13,97.9,97.9,97.9,97.9,8717
2023-09-14,97.9,97.9,97.9,97.9,3666
2023-09-17,97.9,97.9,97.9,97.9,4268
2023-09-18,97.9,97.9,97.9,97.9,3556
2023-09-19,97.9,97.9,97.9,97.9,6030
2023-09-20,97.9,97.9,97.9,97.9,5042
2023-09-21,97.9,97.9,97.9,97.9,4063
2023-09-24,97.9,97.9,97.9,97.9,359
2023-09-25,97.9,97.9,97.9,97.9,353
2023-09-26,97.9,97.9,97.9,97.9,27
2023-09-27,97.9,97.9,97.9,97.9,702
2023-10-01,97.9,97.9,97.9,97.9,1705
2023-10-02,97.9,97.9,97.9,97.9,303
2023-10-03,97.9,97.9,97.9,97.9,209
2023-10-04,97.9,97.9,97.9,97.9,9
2023-10-05,97.9,97.9,97.9,97.9,701
2023-10-08,97.9,97.9,97.9,97.9,5
2023-10-09,97.9,97.9,97.9,97.9,50
2023-10-10,97.9,97.9,97.9,97.9,6
2023-10-11,97.9,97.9,97.9,97.9,55
2023-10-12,97.9,97.9,97.9,97.9,355
2023-10-15,97.9,97.9,97.9,97.9,50
2023-10-17,97.9,97.9,97.9,97.9,833
2023-10-18,97.9,97.9,97.9,97.9,8806
2023-10-19,97.9,97.9,97.9,97.9,293
2023-10-22,97.9,97.9,97.9,97.9,228
2023-10-23,97.9,97.9,97.9,97.9,1030
2023-10-25,97.9,97.9,97.9,97.9,365
2023-10-26,97.9,97.9,97.9,97.9,432
2023-10-29,97.9,97.9,97.9,97.9,268
2023-10-30,97.9,97.9,97.9,97.9,125
2023-10-31,97.9,97.9,97.9,97.9,811
2023-11-01,97.9,97.9,97.9,97.9,140
2023-11-02,97.9,97.9,97.9,97.9,201
2023-11-05,97.9,97.9,97.9,97.9,705
2023-11-06,97.9,97.9,97.9,97.9,525
2023-11-07,97.9,97.9,97.9,97.9,686
2023-11-08,97.9,97.9,97.9,97.9,5801
2023-11-09,97.9,97.9,97.9,97.9,1960
2023-11-12,97.9,97.9,97.9,97.9,3850
2023-11-13,97.9,97.9,97.9,97.9,242
2023-11-14,97.9,97.9,97.9,97.9,7629
2023-11-15,97.9,97.9,97.9,97.9,25440
2023-11-16,97.9,104.7,97.9,102.9,1446394
2023-11-19,105.0,110.3,103.1,106.0,924390
2023-11-20,106.2,106.8,100.7,101.5,461585
2023-11-21,101.1,102.8,99.2,100.8,400300
2023-11-22,101.9,102.0,99.5,100.1,228115
2023-11-23,101.1,104.6,100.0,103.7,415998
2023-11-26,104.0,105.5,100.6,101.2,262163
2023-11-27,101.9,102.8,100.1,100.4,300737
2023-11-28,100.2,103.4,100.2,102.7,277905
2023-11-29,103.2,109.0,103.2,108.5,1053845
2023-11-30,109.5,111.9,106.2,110.3,777874
2023-12-03,110.3,113.3,107.4,112.6,1134679
2023-12-04,113.4,113.8,111.2,111.6,916327
2023-12-05,111.1,117.4,110.0,116.2,1402476
2023-12-06,116.9,118.0,114.3,116.1,1011233
2023-12-10,116.3,118.2,109.7,110.4,1394455
2023-12-11,111.8,113.0,110.1,111.4,466458
2023-12-12,111.4,115.4,111.3,112.1,786432
2023-12-13,113.4,113.4,107.3,108.2,522609
2023-12-14,107.8,109.1,105.5,106.3,354224
2023-12-17,107.5,110.5,104.0,104.3,568704
2023-12-18,105.4,106.7,103.4,103.8,249172
2023-12-19,105.3,106.4,103.2,105.4,302270
2023-12-20,106.5,107.7,103.2,104.1,468694
2023-12-21,104.4,105.0,101.5,101.9,440508
2023-12-24,103.0,104.8,101.0,101.8,199719
2023-12-26,102.0,103.4,101.0,101.3,248756
2023-12-27,101.5,103.2,101.2,102.6,173209
2023-12-28,102.7,104.4,102.5,103.2,265415
2024-01-01,103.9,104.4,102.0,102.2,150747
2024-01-02,102.0,102.7,99.5,99.9,194788
2024-01-03,99.6,100.9,97.9,98.8,267722
2024-01-04,99.6,100.3,98.5,99.9,91242
2024-01-08,100.2,102.5,98.9,102.2,156641
2024-01-09,102.0,102.7,100.2,100.7,127522
2024-01-10,100.7,102.6,100.7,101.7,184474
2024-01-11,102.3,106.0,102.2,104.0,390103
2024-01-14,105.5,105.5,102.8,103.0,159182
2024-01-15,102.3,103.0,101.3,102.3,189510
2024-01-16,103.0,106.8,102.8,106.3,608682
2024-01-17,106.9,109.0,105.3,107.2,633422
2024-01-18,107.9,107.9,103.9,104.4,351431
2024-01-21,100.0,103.4,96.5,101.9,204532
2024-01-22,102.9,105.5,102.0,104.6,244197
2024-01-23,105.0,105.4,102.4,102.7,284251
2024-01-24,102.9,103.9,101.4,101.6,321804
2024-01-25,101.6,102.3,98.3,99.0,286964
2024-01-28,99.0,99.3,89.1,90.6,317628
2024-01-29,95.0,98.0,90.1,92.2,256954
2024-01-30,99.0,99.0,90.9,93.4,497569
2024-01-31,92.2,92.2,88.5,88.8,349567
2024-02-01,91.0,91.7,89.0,91.2,213041
2024-02-04,92.2,92.3,91.5,91.9,302386
2024-02-05,92.1,94.0,91.2,93.4,275789
2024-02-06,93.4,98.0,93.3,94.8,329488
2024-02-07,94.8,96.4,94.1,94.5,294861
2024-02-08,94.5,96.1,93.7,94.0,331739
2024-02-11,94.0,94.6,92.7,93.3,267149
2024-02-12,92.8,94.8,92.0,92.7,216713
2024-02-13,92.7,93.9,91.7,92.3,185096
2024-02-14,91.5,92.7,90.2,90.6,228955
2024-02-15,90.4,92.7,88.7,89.0,277562
2024-02-18,90.0,91.9,89.1,89.7,128239
2024-02-19,90.1,91.7,90.1,90.4,135544
2024-02-20,91.9,93.7,91.1,92.1,219358
