Date,Open,High,Low,Close,Volume
2012-10-01,24.2,25.9,24.1,25.5,296500
2012-10-02,26.6,27.7,26.5,27.2,421000
2012-10-03,26.5,27.4,26.1,26.3,487000
2012-10-04,26.7,26.7,25.7,26.2,132500
2012-10-07,26.4,27.0,25.1,25.2,204000
2012-10-08,25.6,26.4,25.0,25.1,219500
2012-10-09,26.0,26.8,25.1,25.4,179500
2012-10-10,25.9,26.0,24.9,25.0,305000
2012-10-11,25.2,25.2,24.7,24.8,114500
2012-10-14,25.0,25.3,24.6,24.7,89000
2012-10-15,25.0,25.0,24.5,24.5,136500
2012-10-16,25.3,25.4,24.0,24.1,169500
2012-10-17,24.2,24.3,23.6,23.7,598000
2012-10-18,24.1,24.1,23.8,23.9,107500
2012-10-21,24.0,24.6,24.0,24.3,210500
2012-10-22,24.5,25.2,24.5,24.9,195000
2012-10-23,25.0,25.6,25.0,25.2,147000
2012-10-30,25.5,25.5,23.9,24.8,127000
2012-10-31,24.3,25.1,23.6,23.6,326000
2012-11-01,23.6,23.6,23.1,23.3,193500
2012-11-04,24.0,24.0,22.5,22.6,109000
2012-11-05,22.7,23.2,22.6,22.7,28000
2012-11-06,22.7,23.0,22.6,22.8,49500
2012-11-07,22.7,22.8,22.4,22.5,55500
2012-11-08,22.7,22.8,21.3,21.7,124500
2012-11-11,22.0,22.0,21.3,21.3,103500
2012-11-12,21.4,21.7,21.2,21.3,36000
2012-11-13,21.5,21.9,21.3,21.7,65500
2012-11-14,22.0,22.3,21.5,21.9,86000
2012-11-15,21.7,22.0,21.5,21.6,93000
2012-11-18,21.7,21.8,21.6,21.7,70000
2012-11-19,21.5,21.7,21.2,21.3,52500
2012-11-20,21.4,21.4,21.1,21.2,39000
2012-11-21,21.0,21.4,20.6,20.7,37500
2012-11-22,20.6,21.0,20.4,20.5,61500
2012-11-26,21.0,21.0,20.0,20.1,75000
2012-11-27,20.2,20.2,20.0,20.0,31500
2012-11-28,20.1,20.1,20.0,20.0,46000
2012-11-29,20.4,21.8,20.4,21.5,155000
2012-12-02,22.0,22.0,20.7,20.8,63500
2012-12-03,21.0,21.0,20.7,20.8,104000
2012-12-04,20.8,20.9,20.6,20.7,92500
2012-12-05,20.9,21.0,20.4,20.9,103500
2012-12-06,20.9,21.0,20.4,20.9,97500
2012-12-09,21.0,21.0,19.7,20.3,16000
2012-12-10,20.5,20.9,20.5,20.6,16000
2012-12-11,20.8,21.8,20.8,21.4,110500
2012-12-12,21.7,22.4,21.5,21.7,96000
2012-12-13,21.2,22.6,21.2,22.2,106500
2012-12-17,22.5,23.5,22.5,22.8,214500
2012-12-18,22.8,22.8,22.0,22.5,54000
2012-12-19,22.6,22.9,22.2,22.6,41000
2012-12-20,22.7,22.7,21.9,22.0,55000
2012-12-23,22.1,22.1,21.5,21.8,85500
2012-12-24,22.0,22.1,21.7,21.7,53000
2012-12-26,21.8,22.0,21.7,21.8,49000
2012-12-27,22.0,22.0,21.5,21.8,102000
2012-12-30,22.3,22.3,21.9,21.9,114000
2013-01-01,22.4,22.6,21.6,21.7,92000
2013-01-02,21.7,21.9,21.6,21.7,16000
2013-01-03,21.5,21.9,21.4,21.6,22500
2013-01-06,21.3,21.9,21.3,21.6,35000
2013-01-07,22.4,22.4,21.2,21.3,24500
2013-01-08,21.0,22.0,21.0,21.1,90000
2013-01-09,21.2,21.7,21.1,21.5,38500
2013-01-10,21.5,21.8,21.3,21.4,59500
2013-01-13,21.4,21.5,21.2,21.3,33000
2013-01-14,21.3,21.5,21.3,21.4,73000
2013-01-15,21.5,21.5,21.3,21.3,132000
2013-01-16,21.2,21.4,21.2,21.2,75000
2013-01-17,21.5,21.6,21.3,21.5,72000
2013-01-20,21.5,21.5,21.3,21.3,35500
2013-01-21,21.2,21.3,21.1,21.1,70500
2013-01-22,21.2,21.3,21.0,21.1,42500
2013-01-23,21.2,21.3,21.1,21.1,17000
2013-01-24,21.2,21.4,21.2,21.3,26000
2013-01-27,21.4,21.5,20.9,21.1,66000
2013-01-28,21.1,21.5,20.9,21.3,83500
2013-01-29,21.5,21.9,21.5,21.6,149000
2013-01-30,21.6,22.0,21.3,21.3,117000
2013-01-31,21.4,21.7,21.2,21.4,54000
2013-02-03,21.6,21.7,21.4,21.5,213000
2013-02-04,21.9,22.7,21.5,21.6,130000
2013-02-05,21.7,21.9,21.5,21.8,96500
2013-02-06,21.9,21.9,21.6,21.7,116000
2013-02-07,21.8,21.8,21.6,21.6,125500
2013-02-10,21.7,22.0,21.5,21.9,186500
2013-02-11,22.0,22.5,21.9,22.1,242000
2013-02-12,22.2,22.2,21.6,21.7,127000
2013-02-13,21.7,21.7,21.5,21.6,121500
2013-02-14,21.6,22.0,21.6,21.9,156000
2013-02-17,22.0,22.0,21.6,21.6,158500
2013-02-18,21.8,21.8,21.5,21.5,131500
2013-02-19,21.4,21.8,21.2,21.5,207000
2013-02-20,21.3,21.5,21.0,21.1,131000
2013-02-24,21.0,21.4,20.8,20.9,65000
2013-02-25,20.8,21.2,20.5,20.7,100000
2013-02-26,21.1,21.2,20.9,20.9,81000
2013-02-27,21.0,21.1,20.2,20.4,78500
2013-02-28,20.3,20.5,20.2,20.3,84000
2013-03-03,20.1,20.1,18.8,19.1,46500
2013-03-04,19.9,20.2,19.0,19.8,63500
2013-03-05,20.3,20.7,19.4,19.7,210500
2013-03-06,19.6,19.8,19.4,19.6,159000
2013-03-07,19.1,19.7,19.0,19.6,64500
2013-03-10,19.5,19.8,19.5,19.6,62500
2013-03-11,19.4,20.0,19.2,19.8,49000
2013-03-12,19.5,20.5,19.5,20.0,199500
2013-03-13,20.4,20.7,20.0,20.6,129000
2013-03-14,20.3,21.0,20.3,20.8,179000
2013-03-18,20.7,21.2,20.7,21.1,111000
2013-03-19,20.5,21.4,20.5,21.3,105500
2013-03-20,21.1,21.5,21.1,21.2,174500
2013-03-24,20.5,20.7,20.3,20.3,84000
2013-03-25,20.0,20.3,19.0,19.1,73500
2013-03-27,19.0,19.4,18.7,19.2,70000
2013-03-28,19.3,20.0,19.3,19.7,137000
2013-03-31,19.2,19.7,18.8,19.2,164500
2013-04-01,18.8,19.3,18.6,19.1,246500
2013-04-02,19.0,19.7,19.0,19.6,164500
2013-04-03,20.0,20.4,19.0,20.1,200500
2013-04-04,20.0,20.6,20.0,20.2,137000
2013-04-07,20.2,20.5,20.1,20.3,296000
2013-04-08,20.2,20.5,20.0,20.3,292500
2013-04-10,18.2,18.7,18.1,18.6,243500
2013-04-11,18.4,18.8,18.4,18.7,115000
2013-04-15,19.5,19.6,18.6,19.1,79000
2013-04-16,19.1,19.3,19.1,19.1,93500
2013-04-17,19.0,19.0,18.3,18.7,70500
2013-04-18,18.7,19.0,18.4,18.6,23500
2013-04-21,18.1,18.2,18.0,18.0,18500
2013-04-22,18.0,18.2,18.0,18.0,13000
2013-04-23,18.0,18.2,17.9,18.0,18000
2013-04-24,18.0,18.1,17.9,17.9,30000
2013-04-25,18.0,18.0,17.8,17.9,10000
2013-04-28,17.8,18.0,17.5,17.6,20000
2013-04-29,17.5,17.6,16.5,17.4,25500
2013-04-30,17.5,17.5,17.3,17.3,36000
2013-05-02,17.5,17.7,17.5,17.6,19000
2013-05-05,17.8,18.0,17.4,17.9,53000
2013-05-06,17.4,17.5,17.3,17.3,28000
2013-05-07,17.6,18.8,17.6,17.9,36000
2013-05-08,17.9,17.9,17.5,17.6,19000
2013-05-09,17.6,18.5,17.2,18.2,105000
2013-05-12,18.3,18.6,17.7,18.4,148000
2013-05-13,17.9,18.6,17.9,18.4,91500
2013-05-14,17.9,18.2,17.6,17.9,255500
2013-05-15,18.0,18.5,17.8,18.3,90000
2013-05-16,18.4,18.7,18.1,18.1,57000
2013-05-19,17.9,18.5,17.7,18.2,179500
2013-05-20,18.4,19.0,18.3,18.8,132000
2013-05-21,18.0,18.5,17.8,18.3,91000
2013-05-22,18.3,18.8,18.1,18.3,116000
2013-05-26,18.0,18.0,17.4,17.6,51500
2013-05-27,17.6,18.0,17.5,17.6,44000
2013-05-28,17.6,18.8,17.6,17.9,91500
2013-05-29,17.9,18.2,17.8,17.9,56000
2013-05-30,18.5,18.7,18.3,18.4,180500
2013-06-02,18.2,18.5,18.2,18.3,44000
2013-06-03,18.5,18.6,18.1,18.5,96000
2013-06-04,18.4,18.6,18.2,18.4,101500
2013-06-05,18.1,18.7,18.1,18.5,55000
2013-06-06,18.2,18.6,18.2,18.4,255500
2013-06-09,18.2,18.2,17.9,17.9,132000
2013-06-10,17.9,18.3,17.7,17.8,116000
2013-06-11,18.0,18.4,17.9,18.1,107000
2013-06-12,17.9,18.6,17.9,18.5,294000
2013-06-13,17.7,18.4,17.7,18.2,83000
2013-06-16,18.7,18.7,18.1,18.4,108500
2013-06-17,18.6,18.6,18.4,18.4,131500
2013-06-18,18.3,18.7,18.3,18.4,156500
2013-06-19,18.3,18.8,18.0,18.6,143500
2013-06-20,19.0,19.0,18.5,18.6,194500
2013-06-23,18.5,18.5,18.1,18.2,133500
2013-06-24,18.0,18.0,17.7,17.8,138500
2013-06-26,18.5,18.5,17.5,17.5,103500
2013-06-27,17.7,17.7,17.5,17.5,44500
2013-06-30,17.6,17.6,17.0,17.1,102500
2013-07-02,17.1,17.1,16.8,16.9,120500
2013-07-03,16.8,17.7,16.8,17.0,114000
2013-07-04,16.9,17.2,16.9,17.0,87000
2013-07-07,17.0,17.5,17.0,17.0,43000
2013-07-08,17.0,17.0,16.8,16.9,129500
2013-07-09,16.9,16.9,16.3,16.3,185000
2013-07-10,16.3,17.9,16.3,17.7,331000
2013-07-11,17.3,17.3,17.1,17.1,44000
2013-07-14,17.0,18.0,16.7,17.4,80000
2013-07-15,16.7,17.1,16.7,16.9,64500
2013-07-16,16.7,17.5,16.4,16.6,38500
2013-07-17,16.4,17.2,16.3,16.4,91500
2013-07-18,16.3,16.7,16.3,16.5,62500
2013-07-21,16.6,16.6,16.2,16.3,31000
2013-07-22,16.1,16.3,16.0,16.1,33500
2013-07-23,16.1,16.1,15.0,15.4,125000
2013-07-24,15.0,16.1,15.0,15.7,40500
2013-07-25,15.3,15.4,15.3,15.3,31000
2013-07-28,15.9,15.9,15.1,15.2,12000
2013-07-29,15.0,15.2,14.8,14.9,34000
2013-07-30,15.0,15.6,14.5,14.8,95000
2013-07-31,15.0,15.0,14.5,14.5,55500
2013-08-01,15.0,15.0,14.6,14.6,24500
2013-08-04,14.8,15.1,14.4,14.8,45500
2013-08-05,14.2,14.9,14.2,14.5,36500
2013-08-12,14.4,14.4,14.1,14.2,78000
2013-08-13,14.8,14.9,14.5,14.7,14000
2013-08-14,14.6,14.6,14.5,14.5,24500
2013-08-18,14.2,14.3,14.0,14.1,54000
2013-08-19,14.5,14.5,14.2,14.2,83500
2013-08-20,14.5,15.1,14.5,14.8,93000
2013-08-21,14.6,14.9,14.6,14.8,67000
2013-08-22,14.3,14.6,14.3,14.5,127000
2013-08-25,14.6,14.7,14.5,14.6,28000
2013-08-26,14.5,14.8,14.4,14.6,80500
2013-08-27,14.3,14.7,14.3,14.6,49500
2013-08-29,14.5,14.6,14.4,14.5,42000
2013-09-01,14.2,14.4,14.2,14.2,17500
2013-09-02,14.3,14.4,14.2,14.2,26000
2013-09-03,14.2,14.4,14.2,14.3,86500
2013-09-04,14.3,14.5,14.2,14.2,60000
2013-09-05,14.3,14.5,14.2,14.2,62500
2013-09-08,14.1,14.1,14.1,14.1,1000
2013-09-09,14.1,14.3,14.1,14.2,27500
2013-09-10,14.2,14.2,14.0,14.0,37500
2013-09-11,14.2,14.2,14.0,14.0,46500
2013-09-12,14.0,14.2,13.9,14.0,44000
2013-09-15,14.0,14.1,13.9,13.9,76500
2013-09-16,14.0,14.8,14.0,14.6,31000
2013-09-17,14.7,14.9,14.0,14.6,64000
2013-09-18,14.7,14.8,14.3,14.7,96500
2013-09-19,14.6,14.8,14.6,14.7,15500
2013-09-22,14.5,14.5,14.2,14.2,42500
2013-09-23,14.4,14.5,14.3,14.4,23000
2013-09-24,14.2,14.7,14.1,14.5,82000
2013-09-25,14.4,14.5,14.3,14.4,28500
2013-09-26,14.3,14.5,14.3,14.3,40500
2013-09-29,14.1,14.4,14.1,14.3,26000
2013-09-30,14.1,14.6,14.1,14.4,40500
2013-10-01,14.3,14.4,14.1,14.2,5500
2013-10-02,14.4,14.5,14.4,14.4,29500
2013-10-03,14.4,14.6,14.4,14.5,45000
2013-10-06,14.5,14.5,14.3,14.3,30000
2013-10-07,14.3,14.4,14.0,14.2,140000
2013-10-08,14.0,14.3,14.0,14.2,69500
2013-10-09,14.0,14.2,13.9,14.0,43500
2013-10-10,13.9,14.6,13.9,14.3,36500
2013-10-20,14.1,14.4,14.1,14.1,6500
2013-10-21,14.1,14.5,14.1,14.4,41500
2013-10-22,14.5,15.0,14.5,14.8,19000
2013-10-23,14.8,15.7,14.6,15.4,72500
2013-10-24,15.4,15.5,14.8,14.9,57000
2013-10-27,15.3,16.0,15.3,15.9,59500
2013-10-28,16.2,17.0,16.1,16.3,127500
2013-10-29,16.1,17.1,16.0,16.5,86000
2013-10-30,15.9,16.0,15.6,15.8,60500
2013-10-31,15.5,16.0,15.1,15.7,165500
2013-11-03,15.7,15.7,14.8,14.9,43000
2013-11-04,14.3,15.5,14.3,15.4,82500
2013-11-05,15.3,15.9,15.2,15.7,161000
2013-11-06,15.8,16.5,15.8,16.1,100000
2013-11-07,16.4,16.8,16.3,16.5,129500
2013-11-10,16.8,17.9,16.3,17.7,396500
2013-11-11,18.2,18.3,16.9,16.9,328500
2013-11-12,17.0,17.0,16.0,16.0,266500
2013-11-13,16.9,16.9,15.8,15.8,190000
2013-11-14,16.4,16.7,15.9,16.0,270500
2013-11-17,16.7,16.7,16.1,16.4,75500
2013-11-18,16.3,16.3,16.1,16.2,62500
2013-11-19,16.2,16.9,16.0,16.6,204500
2013-11-20,16.9,16.9,16.4,16.6,221000
2013-11-21,16.5,16.9,16.3,16.4,132500
2013-11-24,15.7,16.8,15.7,16.3,148500
2013-11-25,16.0,16.7,16.0,16.5,63000
2013-11-26,16.1,16.3,15.9,16.0,165000
2013-11-27,15.7,16.1,15.7,15.9,72500
2013-11-28,15.4,15.9,15.4,15.6,30000
2013-12-01,15.2,15.6,15.2,15.4,40000
2013-12-02,15.2,15.6,15.1,15.4,24500
2013-12-03,15.5,16.6,15.5,16.2,58500
2013-12-04,16.1,16.3,16.1,16.1,48500
2013-12-05,15.8,16.0,15.7,15.8,22500
2013-12-08,15.7,16.4,15.7,16.2,105000
2013-12-09,16.0,16.4,16.0,16.1,21000
2013-12-10,15.1,16.5,15.1,16.2,214500
2013-12-11,16.2,16.9,16.1,16.2,63500
2013-12-12,15.5,16.5,15.5,16.4,139500
2013-12-15,16.2,16.2,15.8,16.0,32000
2013-12-17,15.9,15.9,15.9,15.9,15500
2013-12-18,15.6,16.2,15.5,15.9,14500
2013-12-19,15.9,16.2,15.9,15.9,20500
2013-12-22,15.9,16.7,15.9,16.4,52000
2013-12-23,16.7,16.7,16.1,16.3,26500
2013-12-24,15.8,16.2,15.8,16.0,17000
2013-12-26,16.0,16.2,15.9,15.9,34000
2013-12-29,16.0,16.9,15.7,15.8,20000
2013-12-30,16.6,16.6,16.2,16.3,27000
2014-01-01,16.6,17.7,16.6,17.2,242000
2014-01-02,16.9,17.3,16.9,17.0,155500
2014-01-06,17.0,17.2,16.9,16.9,101000
2014-01-07,16.9,17.3,16.8,16.8,78500
2014-01-08,17.0,17.1,16.8,16.9,129000
2014-01-09,17.0,17.1,16.9,16.9,102000
2014-01-12,17.2,17.2,16.9,16.9,115000
2014-01-13,16.9,17.4,16.9,17.2,156000
2014-01-15,17.3,18.0,17.2,17.5,311500
2014-01-16,17.6,17.8,17.4,17.7,75500
2014-01-19,17.4,17.9,17.4,17.5,180500
2014-01-20,17.8,17.9,17.5,17.6,65000
2014-01-21,17.2,17.5,17.2,17.3,79000
2014-01-22,17.4,17.5,17.3,17.3,395000
2014-01-23,17.3,18.0,17.3,17.8,84000
2014-01-26,18.3,18.6,17.9,18.4,425000
2014-01-27,18.6,19.5,18.0,19.0,290000
2014-01-28,19.2,19.2,18.2,18.4,139500
2014-01-29,19.0,19.0,18.2,18.3,147500
2014-01-30,18.5,19.0,18.5,18.8,204000
2014-02-02,18.8,19.0,18.5,18.7,112500
2014-02-03,19.0,19.2,18.7,19.0,206500
2014-02-04,19.3,19.4,18.2,18.7,154000
2014-02-05,18.5,19.0,18.4,18.5,106500
2014-02-06,18.8,19.0,18.4,18.6,202500
2014-02-09,18.5,18.5,18.2,18.3,166000
2014-02-10,18.0,18.5,18.0,18.3,78500
2014-02-11,18.3,18.5,18.0,18.1,153000
2014-02-12,18.1,18.1,17.6,17.9,111000
2014-02-13,18.0,18.1,17.7,17.8,99500
2014-02-16,17.8,18.1,17.8,17.8,38500
2014-02-17,18.0,18.0,17.7,17.8,41000
2014-02-18,17.7,17.9,17.4,17.5,71500
2014-02-19,17.6,17.8,17.5,17.6,98000
2014-02-20,17.7,17.9,17.5,17.7,76500
2014-02-23,17.9,17.9,17.5,17.7,43500
2014-02-24,17.5,17.7,17.5,17.5,37500
2014-02-25,17.5,17.7,17.5,17.5,42500
2014-02-26,17.5,17.6,17.5,17.5,34500
2014-02-27,17.3,17.6,17.1,17.4,276000
2014-03-02,16.7,17.2,16.7,17.0,42500
2014-03-03,16.7,17.1,16.5,16.9,117000
2014-03-04,17.0,17.0,16.9,16.9,49000
2014-03-05,16.5,17.2,16.5,16.6,78000
2014-03-06,16.8,17.0,16.5,16.6,54500
2014-03-09,16.8,16.8,16.1,16.1,162000
2014-03-10,17.6,17.6,16.7,17.0,404500
2014-03-11,17.6,17.7,16.9,17.6,240000
2014-03-12,17.5,17.6,17.4,17.5,87500
2014-03-13,17.2,17.7,17.2,17.5,124000
2014-03-16,17.3,17.5,17.1,17.2,61000
2014-03-18,17.4,17.7,17.1,17.6,116000
2014-03-19,17.6,17.7,17.2,17.4,93500
2014-03-23,15.3,16.6,15.2,16.0,119500
2014-03-24,15.8,16.1,15.7,16.0,130500
2014-03-25,16.0,16.1,15.9,16.0,70000
2014-03-27,15.9,16.1,15.8,15.9,26000
2014-03-30,16.1,16.1,16.0,16.0,78000
2014-03-31,15.9,16.1,15.9,15.9,37000
2014-04-01,15.9,16.2,15.8,15.8,636000
2014-04-02,16.0,16.2,15.9,16.1,887500
2014-04-03,15.8,16.5,15.8,16.3,85500
2014-04-06,16.9,17.0,16.5,16.9,612500
2014-04-07,16.3,16.5,16.0,16.2,34500
2014-04-08,16.3,16.4,15.9,15.9,91000
2014-04-09,15.8,17.4,15.8,17.0,528000
2014-04-10,16.9,17.5,16.7,17.3,312000
2014-04-13,17.0,17.1,16.9,17.0,31500
2014-04-15,17.0,17.0,16.7,16.9,17000
2014-04-16,16.9,16.9,16.4,16.5,88500
2014-04-17,16.4,16.8,16.3,16.4,64500
2014-04-20,16.7,16.8,16.3,16.7,254000
2014-04-21,16.5,17.0,16.5,16.9,79500
2014-04-22,17.4,17.5,16.9,17.1,160500
2014-04-23,16.9,17.5,16.8,17.3,184000
2014-04-24,17.4,17.6,17.3,17.4,167000
2014-04-27,17.0,17.4,17.0,17.1,242000
2014-04-28,17.0,17.5,17.0,17.2,133500
2014-04-29,17.2,17.3,17.0,17.0,375500
2014-04-30,16.9,17.2,16.9,16.9,106500
2014-05-04,16.9,16.9,15.9,16.3,163500
2014-05-05,16.9,17.0,16.6,16.7,108500
2014-05-06,16.7,17.1,16.7,16.9,205500
2014-05-07,17.0,17.2,16.4,16.5,152500
2014-05-08,16.7,17.0,16.5,16.9,237000
2014-05-11,16.6,16.8,16.5,16.6,103500
2014-05-12,16.6,17.0,16.6,16.9,146000
2014-05-14,16.9,17.1,16.8,17.0,133500
2014-05-15,16.8,17.2,16.8,17.1,226000
2014-05-18,17.0,17.3,17.0,17.3,497000
2014-05-19,17.1,17.3,16.6,17.1,106000
2014-05-20,17.0,17.1,16.8,17.0,151000
2014-05-21,16.8,17.2,16.8,17.1,121000
2014-05-22,17.3,17.4,17.2,17.2,72500
2014-05-25,17.1,17.3,17.1,17.2,400000
2014-05-26,17.2,17.5,17.2,17.3,208500
2014-05-27,17.4,17.7,17.4,17.5,417000
2014-05-28,17.7,17.8,17.6,17.6,223500
2014-05-29,17.5,17.7,17.5,17.6,335000
2014-06-01,17.6,17.7,17.4,17.5,438500
2014-06-02,17.5,17.7,17.3,17.5,218000
2014-06-03,17.5,17.6,17.3,17.4,394000
2014-06-04,17.9,17.9,17.3,17.4,165000
2014-06-05,17.3,17.6,17.3,17.3,133000
2014-06-08,17.3,17.4,17.1,17.3,86500
2014-06-09,17.1,17.3,17.1,17.1,218000
2014-06-10,17.1,17.2,17.1,17.1,44000
2014-06-11,17.1,17.2,17.1,17.1,36000
2014-06-12,17.1,17.2,17.1,17.1,26500
2014-06-15,17.1,17.3,17.1,17.1,26000
2014-06-16,17.1,17.5,17.1,17.3,29000
2014-06-17,17.3,17.5,17.2,17.4,113000
2014-06-18,17.6,17.8,17.5,17.7,142000
2014-06-19,17.5,17.6,17.3,17.5,27000
2014-06-22,17.4,17.7,17.4,17.6,54000
2014-06-23,17.5,17.9,17.5,17.7,44500
2014-06-24,17.8,17.9,17.7,17.7,119000
2014-06-25,17.8,17.9,17.5,17.7,57500
2014-06-26,17.7,17.8,17.5,17.7,111500
2014-06-29,17.9,17.9,17.6,17.8,95500
2014-06-30,17.8,18.0,17.8,17.9,243000
2014-07-02,17.5,18.2,17.5,18.1,58500
2014-07-03,18.0,18.2,18.0,18.0,288000
2014-07-06,17.5,18.1,17.5,17.8,45000
2014-07-07,17.8,18.1,17.6,17.9,85000
2014-07-08,17.5,18.0,17.5,17.7,30000
2014-07-09,17.0,17.9,17.0,17.5,16000
2014-07-10,17.3,17.3,17.2,17.2,7500
2014-07-13,17.5,17.5,16.5,16.6,26500
2014-07-14,16.4,16.7,16.4,16.5,35000
2014-07-15,17.5,17.5,16.5,16.8,2000
2014-07-16,17.2,17.2,16.6,16.7,20000
2014-07-17,16.8,16.8,16.7,16.7,33000
2014-07-20,16.6,17.0,16.5,16.7,20000
2014-07-21,16.8,17.8,16.8,17.1,36000
2014-07-22,17.0,17.1,17.0,17.1,32000
2014-07-23,17.0,17.0,16.9,16.9,103000
2014-07-24,17.1,17.5,17.0,17.3,25500
2014-08-03,17.2,17.3,17.1,17.2,24500
2014-08-04,17.1,17.3,17.1,17.1,205000
2014-08-05,17.3,17.5,17.3,17.4,28000
2014-08-06,17.4,17.5,17.0,17.3,30500
2014-08-07,17.2,17.5,17.0,17.2,21500
2014-08-10,17.1,17.2,16.9,17.0,269500
2014-08-11,17.0,17.0,16.6,16.6,106500
2014-08-12,16.5,16.7,16.4,16.4,175000
2014-08-13,16.2,16.4,16.1,16.2,60000
2014-08-14,16.2,16.8,16.0,16.2,111500
2014-08-18,16.2,16.7,16.2,16.4,68500
2014-08-19,16.1,16.6,16.1,16.3,49000
2014-08-20,16.3,16.3,16.1,16.2,177000
2014-08-21,16.0,16.3,16.0,16.1,46500
2014-08-24,16.2,16.4,16.1,16.3,171000
2014-08-25,16.0,16.5,16.0,16.4,244500
2014-08-26,16.3,16.8,16.2,16.5,386000
2014-08-27,16.5,16.9,16.4,16.7,86500
2014-08-28,16.5,16.8,16.5,16.7,43500
2014-08-31,16.5,16.8,16.5,16.6,130000
2014-09-01,16.4,16.9,16.4,16.7,118500
2014-09-02,16.5,16.9,16.1,16.3,129500
2014-09-03,16.4,16.5,16.2,16.3,28000
2014-09-04,16.5,16.7,16.3,16.4,94500
2014-09-07,16.4,17.0,16.4,16.8,90500
2014-09-08,16.5,16.8,16.5,16.6,34000
2014-09-09,16.5,16.5,16.4,16.4,120500
2014-09-10,16.3,16.5,16.2,16.2,96500
2014-09-11,16.2,16.5,16.1,16.2,145000
2014-09-14,16.0,16.1,16.0,16.0,100000
2014-09-15,16.1,16.1,15.9,15.9,96500
2014-09-16,15.9,15.9,15.7,15.8,89000
2014-09-17,16.1,16.4,15.9,15.9,118000
2014-09-18,16.3,17.0,16.2,16.3,668000
2014-09-21,16.8,17.0,16.6,16.8,250500
2014-09-22,16.8,17.5,16.7,17.1,237000
2014-09-23,17.8,18.7,17.4,17.7,468000
2014-09-24,17.7,17.7,17.0,17.1,157500
2014-09-25,17.0,17.3,16.7,16.9,189500
2014-09-28,18.2,18.2,16.7,16.8,296500
2014-09-29,16.7,17.2,16.7,16.8,201000
2014-09-30,17.0,17.1,16.8,16.9,168000
2014-10-01,17.4,17.9,17.3,17.8,185500
2014-10-02,18.0,18.5,17.5,18.2,616000
2014-10-12,18.2,19.0,18.2,18.8,855000
2014-10-13,19.6,19.6,18.5,18.6,610000
2014-10-14,18.7,18.7,18.3,18.5,123500
2014-10-15,18.2,18.9,18.2,18.7,220500
2014-10-16,18.5,18.7,18.3,18.5,135500
2014-10-19,18.6,19.0,18.4,18.7,778500
2014-10-20,18.8,19.1,18.7,18.9,688000
2014-10-21,19.1,19.1,18.9,18.9,224500
2014-10-22,18.8,18.9,18.3,18.6,302500
2014-10-23,18.6,18.8,18.6,18.7,209000
2014-10-26,19.3,19.3,18.8,18.9,233500
2014-10-27,18.7,19.1,18.7,19.0,644500
2014-10-28,19.2,19.3,19.0,19.1,257000
2014-10-29,18.8,19.5,18.8,19.4,419500
2014-10-30,19.4,20.6,19.4,20.4,572500
2014-11-02,21.0,21.0,20.0,20.9,399000
2014-11-03,20.7,21.0,20.6,20.9,508500
2014-11-05,21.0,21.0,19.2,19.4,239000
2014-11-06,20.0,20.0,19.0,19.5,183000
2014-11-09,19.1,19.5,19.0,19.0,95000
2014-11-10,19.1,19.4,18.7,18.9,140500
2014-11-11,19.0,20.2,18.8,19.8,118000
2014-11-12,19.2,19.7,19.2,19.3,195500
2014-11-13,19.3,19.4,19.3,19.3,76500
2014-11-16,19.5,19.9,19.1,19.3,75500
2014-11-17,18.9,19.3,18.9,19.1,89000
2014-11-18,19.1,19.2,19.0,19.0,203000
2014-11-19,19.2,19.7,19.1,19.4,114500
2014-11-20,19.5,20.0,19.1,19.2,305500
2014-11-23,19.3,19.3,19.1,19.1,103000
2014-11-24,19.3,19.3,19.0,19.0,182000
2014-11-25,19.1,19.3,19.1,19.1,190500
2014-11-26,19.1,19.4,19.1,19.1,88500
2014-11-27,19.1,19.2,19.1,19.1,55000
2014-11-30,19.1,19.3,19.1,19.1,101500
2014-12-01,19.5,19.6,19.5,19.5,98000
2014-12-02,19.5,19.9,19.3,19.7,102000
2014-12-03,20.5,20.5,19.4,20.1,93000
2014-12-04,20.1,20.1,19.8,19.9,82500
2014-12-07,19.9,20.0,19.8,19.8,74500
2014-12-08,19.6,19.9,19.6,19.7,75500
2014-12-09,19.4,19.9,19.4,19.8,204000
2014-12-10,20.0,20.0,19.6,19.7,151500
2014-12-11,19.0,19.8,19.0,19.7,99940
2014-12-14,18.7,20.0,18.7,19.6,44066
2014-12-15,19.4,19.9,19.4,19.7,66496
2014-12-17,19.3,19.7,19.2,19.4,103483
2014-12-18,19.3,19.7,19.3,19.6,62208
2014-12-21,19.3,20.5,19.3,19.8,1492450
2014-12-22,19.7,20.0,19.7,20.0,58519
2014-12-23,19.4,20.0,19.4,19.9,154986
2014-12-24,19.8,19.9,19.6,19.7,115315
2014-12-28,19.8,19.8,19.3,19.4,168800
2014-12-29,19.3,19.9,19.3,19.7,133850
2014-12-30,19.5,20.0,19.5,19.8,158801
2015-01-01,19.6,20.3,19.6,20.1,99351
2015-01-05,20.1,20.3,20.0,20.1,110267
2015-01-06,20.0,20.6,19.9,20.5,141103
2015-01-07,20.4,21.0,20.4,21.0,323854
2015-01-08,21.0,21.0,20.3,20.4,90841
2015-01-11,20.2,21.0,20.2,20.8,60760
2015-01-12,19.7,20.8,19.7,20.4,131215
2015-01-13,20.2,20.9,20.1,20.8,82291
2015-01-14,20.3,20.4,20.1,20.3,73244
2015-01-15,20.1,20.9,18.9,20.1,120768
2015-01-18,20.0,20.2,19.9,20.0,49927
2015-01-19,20.5,21.4,19.9,20.0,99240
2015-01-20,20.0,20.3,20.0,20.2,142452
2015-01-21,21.2,21.2,19.8,20.1,170029
2015-01-22,19.8,20.1,19.8,20.0,54432
2015-01-25,19.9,19.9,19.8,19.8,31308
2015-01-26,20.1,20.5,20.0,20.2,80288
2015-01-27,19.8,20.5,19.8,20.5,109215
2015-01-28,19.9,20.6,19.9,20.3,87024
2015-01-29,19.9,20.4,19.7,20.3,125210
2015-02-01,19.8,20.0,19.8,19.9,57993
2015-02-02,19.8,20.0,19.8,19.9,58169
2015-02-03,19.7,19.9,19.7,19.8,51369
2015-02-04,19.6,19.9,19.6,19.8,27606
2015-02-05,19.7,20.0,18.5,19.7,101571
2015-02-08,19.7,20.5,19.5,20.0,192476
2015-02-09,19.5,20.5,19.5,20.0,88629
2015-02-10,20.0,20.0,19.6,19.9,100653
2015-02-11,19.9,20.1,19.7,20.1,250792
2015-02-12,19.8,20.2,19.7,20.2,102286
2015-02-15,20.2,20.2,20.0,20.0,75140
2015-02-16,20.2,20.2,20.0,20.0,109317
2015-02-17,20.0,20.1,19.9,20.0,78343
2015-02-18,20.0,20.3,20.0,20.1,51244
2015-02-19,20.0,20.4,20.0,20.3,203978
2015-02-22,19.9,20.8,19.8,20.5,113294
2015-02-23,20.2,20.3,20.0,20.1,76888
2015-02-24,20.3,20.3,20.0,20.1,101037
2015-02-25,20.3,20.3,19.8,19.9,274672
2015-02-26,20.0,20.0,18.0,19.9,141066
2015-03-01,19.9,20.0,18.1,18.6,192680
2015-03-02,18.8,19.4,18.6,19.1,138061
2015-03-03,19.0,19.3,18.9,19.1,218787
2015-03-04,19.4,19.8,19.1,19.3,310332
2015-03-05,19.4,19.6,19.0,19.1,327832
2015-03-09,14.5,15.4,14.5,15.4,179474
2015-03-10,15.0,15.2,14.9,15.2,104182
2015-03-11,14.7,15.1,14.7,14.9,155912
2015-03-12,14.7,15.0,14.5,14.6,188845
2015-03-15,14.5,14.7,14.4,14.5,109787
2015-03-16,14.2,14.3,13.4,13.5,224123
2015-03-18,13.1,13.7,13.0,13.6,197489
2015-03-19,13.1,13.9,13.1,13.7,76168
2015-03-22,12.087,12.087,11.8261,11.913,142968
2015-03-23,13.5,13.6,13.5,13.5,55479
2015-03-24,13.5,13.8,13.3,13.4,146124
2015-03-25,13.5,13.7,13.4,13.5,92739
2015-03-29,13.8,13.8,13.6,13.7,57407
2015-03-30,13.5,13.9,13.5,13.7,102305
2015-03-31,13.7,13.9,13.6,13.6,71055
2015-04-01,13.8,14.0,13.8,13.9,128271
2015-04-02,13.9,14.7,13.8,14.1,113172
2015-04-05,13.9,14.5,13.9,14.0,48652
2015-04-06,14.0,14.2,14.0,14.0,70809
2015-04-07,13.9,14.0,13.7,13.9,203282
2015-04-08,13.9,14.1,13.7,13.9,83776
2015-04-09,14.0,14.2,14.0,14.0,72704
2015-04-12,14.1,14.2,13.9,14.1,241493
2015-04-13,14.0,14.6,13.9,14.1,177475
2015-04-15,14.0,14.8,14.0,14.4,43034
2015-04-16,14.5,15.0,14.3,14.6,85036
2015-04-19,14.5,14.6,14.0,14.2,651369
2015-04-20,14.3,14.3,14.2,14.3,28533
2015-04-21,14.2,14.4,14.2,14.3,99531
2015-04-22,14.3,14.6,14.2,14.2,184492
2015-04-23,14.2,14.2,14.0,14.2,231229
2015-04-26,14.1,14.1,13.8,13.8,192959
2015-04-27,14.0,14.1,14.0,14.0,57886
2015-04-29,14.6,15.0,13.8,14.2,1747710
2015-04-30,13.8,14.2,13.8,13.9,30340
2015-05-04,13.9,14.0,13.9,13.9,100863
2015-05-05,14.4,14.4,14.0,14.1,38862
2015-05-06,14.0,14.6,14.0,14.5,118621
2015-05-07,14.8,14.8,14.3,14.6,29536
2015-05-10,14.7,16.0,14.7,15.8,640113
2015-05-11,16.0,17.3,16.0,16.8,857289
2015-05-12,17.3,17.4,15.7,16.5,290535
2015-05-13,16.2,16.2,15.8,16.0,597639
2015-05-14,16.2,16.3,15.9,15.9,359245
2015-05-17,15.6,15.8,15.5,15.6,282802
2015-05-18,15.8,16.9,15.6,16.6,467377
2015-05-19,15.5,16.8,15.3,16.3,189176
2015-05-20,15.8,16.3,15.8,16.1,105219
2015-05-21,16.6,16.7,16.4,16.5,282448
2015-05-24,16.5,17.0,16.5,16.9,276729
2015-05-25,16.5,16.9,16.5,16.8,463150
2015-05-26,17.0,17.4,16.9,17.3,696671
2015-05-27,17.0,17.1,16.5,16.6,136807
2015-05-28,16.3,16.8,16.1,16.4,146602
2015-05-31,16.6,16.8,16.4,16.6,201023
2015-06-01,15.4,17.1,15.4,17.0,336731
2015-06-02,17.0,17.4,16.8,17.0,371622
2015-06-04,16.9,17.6,16.7,17.3,629296
2015-06-07,17.2,17.6,17.2,17.3,392206
2015-06-08,16.7,17.4,16.7,17.0,221739
2015-06-09,17.0,17.2,16.9,17.1,63463
2015-06-10,16.9,17.5,16.9,17.3,373690
2015-06-11,17.1,17.3,17.0,17.1,68392
2015-06-14,16.8,16.9,16.5,16.6,64188
2015-06-15,16.5,17.2,16.5,17.1,251196
2015-06-16,16.9,17.5,16.8,17.2,202789
2015-06-17,17.1,17.2,16.8,17.0,275355
2015-06-18,17.0,17.3,16.9,16.9,79148
2015-06-21,16.8,17.0,16.8,16.9,35125
2015-06-22,16.5,17.2,16.5,17.0,60092
2015-06-23,17.1,17.1,16.6,16.8,83226
2015-06-24,16.7,16.9,16.7,16.8,15150
2015-06-25,16.5,16.8,16.4,16.6,29113
2015-06-28,16.5,17.0,16.5,16.8,110538
2015-06-29,17.0,17.0,16.6,16.7,107347
2015-06-30,17.0,17.0,16.6,16.8,194311
2015-07-02,17.0,17.3,16.7,17.1,103670
2015-07-05,16.6,16.8,16.6,16.7,25131
2015-07-06,16.5,16.7,16.5,16.6,68293
2015-07-07,16.8,16.8,16.7,16.7,82523
2015-07-08,16.7,16.8,16.6,16.7,116382
2015-07-09,16.5,16.7,16.5,16.6,35387
2015-07-12,16.6,16.9,16.4,16.7,255687
2015-07-13,16.6,17.0,16.6,16.8,16421
2015-07-14,16.5,17.0,16.5,17.0,36211
2015-07-21,16.5,17.1,16.5,17.0,360012
2015-07-22,16.7,17.3,16.6,17.2,337222
2015-07-23,17.0,17.4,16.6,17.1,230191
2015-07-26,16.7,17.1,16.7,17.0,56733
2015-07-27,16.8,17.0,16.7,16.9,72540
2015-07-28,16.9,17.0,16.8,16.9,243639
2015-07-29,16.8,16.9,16.6,16.7,75238
2015-07-30,16.7,16.8,16.5,16.5,139306
2015-08-02,16.6,16.7,16.5,16.5,81641
2015-08-03,16.6,16.9,16.4,16.8,135046
2015-08-04,16.9,17.0,16.6,16.9,321386
2015-08-05,16.6,17.1,16.6,17.0,406106
2015-08-06,17.2,17.2,16.8,16.9,243754
2015-08-09,16.6,16.9,16.6,16.7,109126
2015-08-10,16.6,17.1,16.5,17.0,204575
2015-08-11,17.6,17.6,16.3,16.6,148668
2015-08-12,16.6,16.7,16.5,16.6,43876
2015-08-13,16.7,17.0,16.5,16.6,516072
2015-08-16,16.4,17.0,16.4,16.4,198286
2015-08-17,16.6,16.9,16.4,16.6,71260
2015-08-18,16.5,17.0,16.5,16.6,99529
2015-08-19,16.9,16.9,16.6,16.6,66364
2015-08-20,16.7,17.0,16.6,16.8,176948
2015-08-23,16.9,17.5,16.8,17.2,880766
2015-08-24,17.1,17.1,16.7,16.8,167074
2015-08-25,16.7,16.9,16.7,16.8,64719
2015-08-26,16.8,17.0,16.6,16.7,232161
2015-08-27,16.6,17.0,16.6,16.9,121052
2015-08-30,16.9,17.0,16.7,17.0,235244
2015-08-31,16.7,17.0,16.7,16.8,178925
2015-09-01,16.8,17.0,16.7,16.9,221221
2015-09-02,16.8,16.9,16.7,16.7,100832
2015-09-03,16.7,16.8,16.5,16.6,133099
2015-09-06,16.5,16.8,16.5,16.6,80665
2015-09-07,16.8,16.9,16.6,16.6,218692
2015-09-08,16.5,17.0,16.5,16.9,273974
2015-09-09,16.6,16.8,16.6,16.8,142778
2015-09-10,16.6,16.7,16.6,16.6,175756
2015-09-13,16.6,17.1,16.6,17.0,616890
2015-09-14,17.1,17.5,17.0,17.4,704587
2015-09-15,17.3,17.6,17.0,17.5,216634
2015-09-16,17.6,18.5,17.4,18.1,684093
2015-09-17,18.0,19.4,17.7,18.7,1386690
2015-09-20,18.0,18.9,18.0,18.6,150283
2015-09-21,18.5,19.0,18.3,18.9,465689
2015-09-22,18.5,18.5,17.8,18.0,125348
2015-09-28,18.3,18.3,17.7,17.9,30234
2015-09-29,17.8,18.3,17.8,18.2,88712
2015-09-30,18.4,19.0,17.8,18.6,108330
2015-10-01,18.8,18.8,18.1,18.4,34442
2015-10-04,18.0,18.3,18.0,18.2,51028
2015-10-05,18.2,18.4,18.1,18.3,92779
2015-10-06,18.4,19.2,18.4,19.1,491335
2015-10-07,18.5,19.0,18.4,18.6,395467
2015-10-08,18.1,19.0,18.1,18.5,363019
2015-10-11,18.6,18.6,18.2,18.3,245759
2015-10-12,18.6,19.1,18.6,18.7,509914
2015-10-13,18.7,19.3,18.6,18.8,690025
2015-10-14,18.8,18.9,18.5,18.5,246998
2015-10-15,18.7,18.7,18.3,18.4,188147
2015-10-18,18.5,18.6,18.3,18.4,396059
2015-10-19,18.7,19.2,18.5,19.0,440374
2015-10-20,18.9,19.8,18.9,19.4,335372
2015-10-21,18.7,19.8,18.7,19.7,513132
2015-10-25,19.6,19.6,19.0,19.1,172429
2015-10-26,18.8,19.3,18.6,18.8,199601
2015-10-27,18.8,19.1,18.7,19.0,200564
2015-10-28,19.0,19.0,18.8,18.9,69259
2015-10-29,18.9,19.2,18.9,19.0,466528
2015-11-01,18.8,19.0,18.6,18.8,202439
2015-11-02,18.8,19.1,18.8,19.0,117701
2015-11-03,18.9,19.2,18.9,19.1,93867
2015-11-04,18.6,18.9,18.6,18.7,99516
2015-11-05,18.6,18.8,18.5,18.6,62600
2015-11-08,18.5,18.5,18.0,18.3,108150
2015-11-09,18.1,18.4,18.1,18.1,145434
2015-11-10,17.9,18.6,17.9,18.2,115355
2015-11-11,18.6,18.6,18.2,18.2,113063
2015-11-12,18.7,18.7,18.2,18.4,71865
2015-11-15,18.4,18.4,18.1,18.1,82090
2015-11-16,19.5,19.5,18.5,18.7,113596
2015-11-17,18.6,18.9,18.4,18.6,72737
2015-11-18,18.5,18.9,18.5,18.7,65259
2015-11-19,19.0,19.3,18.9,19.1,285157
2015-11-22,19.5,19.5,19.0,19.3,502699
2015-11-23,19.6,19.6,19.1,19.3,234699
2015-11-24,19.4,19.8,19.3,19.3,306969
2015-11-25,19.7,19.7,19.4,19.5,242610
2015-11-26,19.5,19.5,19.2,19.3,191707
2015-11-29,19.2,19.6,19.2,19.3,437527
2015-11-30,19.3,19.4,19.0,19.1,542907
2015-12-01,19.7,19.7,19.1,19.3,456086
2015-12-02,19.2,19.4,19.1,19.2,99778
2015-12-03,19.3,19.4,19.0,19.1,262429
2015-12-06,19.1,19.3,18.9,19.0,126190
2015-12-07,18.9,19.0,18.5,18.6,123850
2015-12-08,18.5,18.8,18.5,18.6,75470
2015-12-09,18.5,18.8,18.5,18.7,158653
2015-12-10,18.7,18.9,18.5,18.5,93965
2015-12-13,18.6,18.8,18.6,18.6,89068
2015-12-14,18.6,18.6,18.5,18.6,54570
2015-12-15,18.5,18.8,18.2,18.5,38231
2015-12-17,18.6,18.8,18.5,18.5,148000
2015-12-20,18.5,19.0,18.5,18.6,164619
2015-12-21,19.1,20.3,18.9,19.1,174051
2015-12-22,19.1,19.2,18.9,18.9,147466
2015-12-23,18.7,19.0,18.6,18.7,131114
2015-12-24,18.8,19.0,18.7,18.9,165680
2015-12-27,19.0,19.4,19.0,19.3,358223
2015-12-28,19.4,19.6,19.2,19.2,179500
2015-12-29,19.4,19.4,19.2,19.2,240858
2015-12-30,19.7,19.7,19.2,19.2,118159
2015-12-31,19.5,19.6,19.1,19.5,155338
2016-01-03,19.6,19.9,19.1,19.1,155729
2016-01-04,19.0,19.0,18.7,19.0,44137
2016-01-05,18.9,19.2,18.8,19.1,163540
2016-01-06,18.9,19.1,18.9,19.0,75961
2016-01-07,19.0,19.1,18.9,19.0,151070
2016-01-10,19.0,19.1,18.7,18.9,180947
2016-01-11,19.6,19.6,19.0,19.1,83830
2016-01-12,18.6,19.2,18.6,19.1,70012
2016-01-13,18.9,19.2,18.9,19.0,97906
2016-01-14,19.0,19.5,18.9,19.0,173779
2016-01-17,18.9,19.2,18.8,18.8,122050
2016-01-18,18.9,18.9,18.8,18.8,32900
2016-01-19,18.7,18.9,18.4,18.5,155578
2016-01-20,18.6,18.8,18.4,18.5,336248
2016-01-21,18.5,18.7,18.5,18.5,145228
2016-01-24,18.5,18.5,18.3,18.4,68177
2016-01-25,18.1,19.0,18.1,18.4,136219
2016-01-26,18.3,18.9,18.3,18.5,33228
2016-01-27,18.4,18.8,18.4,18.5,62828
2016-01-28,18.4,18.5,18.4,18.4,27012
2016-01-31,18.3,18.8,18.1,18.3,127891
2016-02-01,17.7,18.4,17.7,18.3,48944
2016-02-02,18.5,18.6,18.4,18.5,104881
2016-02-03,18.7,18.7,18.2,18.5,176855
2016-02-04,18.5,18.9,18.3,18.8,160681
2016-02-07,18.5,18.8,18.4,18.7,223688
2016-02-08,18.5,18.9,18.4,18.6,113680
2016-02-09,18.4,18.9,18.4,18.7,71623
2016-02-10,18.7,18.9,18.5,18.6,238011
2016-02-11,18.4,18.5,18.3,18.4,204308
2016-02-14,18.3,18.3,17.6,17.8,487510
2016-02-15,17.6,18.4,17.6,17.7,260683
2016-02-16,18.0,18.0,17.4,17.5,617057
2016-02-17,18.3,18.3,17.2,17.4,445250
2016-02-18,17.4,17.7,17.0,17.1,506607
2016-02-22,17.0,17.2,16.4,16.5,709222
2016-02-23,16.7,17.5,16.3,17.2,663212
2016-02-24,17.6,18.1,17.2,17.3,438589
2016-02-25,17.6,17.6,17.0,17.1,413142
2016-02-28,17.2,17.4,17.1,17.1,208253
2016-02-29,16.3,17.3,16.3,16.8,227067
2016-03-01,16.7,17.2,16.1,16.4,260262
2016-03-02,16.5,16.9,15.0,16.4,628561
2016-03-03,16.5,16.7,16.1,16.2,352120
2016-03-06,15.3,16.6,15.3,16.2,168285
2016-03-07,16.4,16.6,16.2,16.3,175257
2016-03-08,16.1,16.6,16.1,16.3,129817
2016-03-09,16.5,16.6,16.3,16.3,176502
2016-03-10,16.5,16.6,16.4,16.6,61737
2016-03-13,16.8,17.2,16.6,17.1,230307
2016-03-14,16.9,17.2,16.8,16.8,181458
2016-03-15,16.8,17.1,16.8,17.0,112058
2016-03-16,17.3,17.5,17.0,17.4,1514910
2016-03-20,17.4,17.7,17.2,17.5,285387
2016-03-21,17.7,17.8,17.4,17.6,368689
2016-03-22,17.5,17.6,17.4,17.4,87075
2016-03-23,17.4,17.5,17.3,17.4,250970
2016-03-24,17.5,17.6,17.4,17.5,165630
2016-03-27,17.5,17.6,17.4,17.5,257173
2016-03-28,17.5,17.6,17.4,17.5,281361
2016-03-29,17.5,17.7,17.5,17.7,278960
2016-03-30,17.9,17.9,17.6,17.7,176896
2016-03-31,17.6,18.0,17.6,17.7,353883
2016-04-03,17.9,17.9,17.5,17.7,397966
2016-04-04,17.6,18.3,17.6,18.1,814493
2016-04-06,14.6,15.5,14.6,15.3,342287
2016-04-07,15.3,15.4,15.2,15.3,319811
2016-04-10,15.2,15.4,15.2,15.4,324606
2016-04-11,15.2,15.3,15.2,15.2,235090
2016-04-12,15.0,15.3,15.0,15.2,235798
2016-04-13,15.1,15.3,15.1,15.2,86144
2016-04-17,15.0,15.2,14.9,15.1,99088
2016-04-18,15.1,15.3,15.1,15.3,145134
2016-04-19,15.0,15.1,14.9,15.0,331688
2016-04-20,14.9,15.0,14.9,15.0,120320
2016-04-21,14.9,15.1,14.9,15.0,176583
2016-04-24,14.9,15.3,14.8,15.2,109386
2016-04-25,15.1,15.3,15.0,15.2,122404
2016-04-26,15.1,15.2,15.0,15.0,213884
2016-04-27,15.0,15.0,14.9,14.9,98945
2016-04-28,14.8,15.0,14.8,15.0,80887
2016-05-02,14.2,15.1,14.0,15.0,97283
2016-05-03,14.8,15.6,14.8,15.5,319652
2016-05-04,15.3,15.7,15.3,15.7,321141
2016-05-05,15.3,15.7,15.3,15.4,421944
2016-05-08,15.3,15.5,15.3,15.5,60848
2016-05-09,15.3,15.5,15.2,15.3,305213
2016-05-10,15.2,15.5,15.2,15.5,119017
2016-05-11,15.3,15.4,15.3,15.3,146192
2016-05-12,15.3,15.4,15.2,15.2,77248
2016-05-15,15.1,15.7,15.1,15.7,557302
2016-05-16,15.5,16.0,15.5,15.9,463913
2016-05-17,15.8,16.1,15.8,16.1,348347
2016-05-18,16.2,16.4,16.0,16.3,180013
2016-05-19,16.3,16.5,16.1,16.4,481844
2016-05-22,16.2,16.6,16.2,16.6,597103
2016-05-24,16.4,16.9,16.3,16.7,924580
2016-05-25,16.9,16.9,16.3,16.4,356294
2016-05-26,16.3,16.4,16.3,16.3,110135
2016-05-29,16.3,16.3,16.1,16.2,89534
2016-05-30,16.1,16.4,16.1,16.4,177688
2016-05-31,16.2,16.3,16.1,16.2,192260
2016-06-01,16.3,16.3,15.9,16.0,447051
2016-06-02,16.1,16.4,16.1,16.3,27170
2016-06-05,16.2,16.2,16.1,16.2,133098
2016-06-06,16.2,16.3,16.0,16.0,524553
2016-06-07,16.0,16.3,16.0,16.3,189065
2016-06-08,16.2,16.3,16.2,16.3,178160
2016-06-09,16.3,16.4,16.2,16.3,202241
2016-06-12,16.4,16.4,16.2,16.4,601571
2016-06-13,16.4,16.4,16.2,16.3,505002
2016-06-14,16.4,16.4,16.3,16.3,445727
2016-06-15,16.5,16.5,16.3,16.4,372031
2016-06-16,16.5,16.5,16.3,16.4,223617
2016-06-19,16.5,16.6,16.2,16.3,865581
2016-06-20,16.4,16.4,16.3,16.3,177609
2016-06-21,16.3,16.4,16.3,16.3,104407
2016-06-22,16.6,16.6,16.3,16.4,52266
2016-06-23,16.5,16.7,16.4,16.5,352758
2016-06-26,16.6,16.7,16.5,16.6,169074
2016-06-27,16.6,16.9,16.6,16.7,1125880
2016-06-28,16.8,17.0,16.7,16.8,811887
2016-06-29,17.0,17.1,16.8,16.9,637676
2016-06-30,17.0,17.3,17.0,17.2,395932
2016-07-10,17.1,17.3,17.0,17.3,1134430
2016-07-11,17.4,17.7,17.3,17.6,873358
2016-07-12,17.5,17.9,17.5,17.8,508027
2016-07-13,17.8,18.1,17.8,17.8,667410
2016-07-14,17.9,18.0,17.9,17.9,165274
2016-07-16,18.0,18.1,18.0,18.0,222567
2016-07-17,18.1,18.2,18.1,18.1,181956
2016-07-18,18.2,18.3,18.2,18.3,159311
2016-07-19,19.9,19.9,17.9,18.0,277765
2016-07-20,17.8,18.2,17.8,18.0,114968
2016-07-21,18.0,18.3,18.0,18.0,118617
2016-07-24,18.0,18.3,17.8,18.2,69916
2016-07-25,17.5,18.0,17.5,18.0,47469
2016-07-26,17.9,18.1,17.9,17.9,102142
2016-07-27,18.0,18.0,17.8,17.9,112241
2016-07-28,17.8,17.9,17.5,17.6,42934
2016-07-31,17.6,17.6,17.5,17.5,110941
2016-08-01,17.4,17.9,17.4,17.9,91437
2016-08-02,17.0,17.8,17.0,17.6,78647
2016-08-03,17.6,17.7,17.5,17.6,44233
2016-08-04,17.7,18.1,17.7,17.8,230912
2016-08-07,17.9,17.9,17.7,17.8,166460
2016-08-08,17.9,18.4,17.7,17.8,125148
2016-08-09,18.0,18.0,17.7,17.8,250025
2016-08-10,17.9,18.0,17.8,17.9,71759
2016-08-11,17.9,18.0,17.8,18.0,646729
2016-08-14,18.0,18.2,17.9,18.0,280451
2016-08-16,18.0,18.4,18.0,18.2,576090
2016-08-17,18.2,18.6,18.2,18.5,844988
2016-08-18,18.5,18.5,18.2,18.3,191234
2016-08-21,18.3,18.4,18.1,18.1,60270
2016-08-22,18.1,18.1,17.8,17.9,230159
2016-08-23,18.7,18.7,17.9,18.0,207031
2016-08-24,17.8,18.2,17.8,18.1,652709
2016-08-28,18.0,18.1,17.9,18.0,183664
2016-08-29,17.9,18.0,17.9,18.0,257933
2016-08-30,17.9,18.0,17.9,18.0,390367
2016-08-31,18.1,18.3,18.0,18.1,261988
2016-09-01,18.0,18.2,18.0,18.0,107214
2016-09-04,18.1,18.1,18.0,18.1,13826
2016-09-05,18.2,18.6,18.2,18.3,1000020
2016-09-06,18.3,18.4,18.0,18.1,864371
2016-09-07,18.2,18.5,18.1,18.4,1320180
2016-09-08,18.4,19.0,18.3,18.6,1296970
2016-09-18,18.7,19.3,18.7,19.1,1064160
2016-09-19,19.3,20.0,19.3,19.4,1941830
2016-09-20,19.4,19.7,19.2,19.5,669142
2016-09-21,19.2,20.1,19.2,20.0,2352210
2016-09-22,20.0,20.5,20.0,20.2,972200
2016-09-24,20.3,20.7,20.3,20.5,1187060
2016-09-25,20.5,20.5,20.1,20.4,654546
2016-09-26,20.2,20.6,20.2,20.4,1038550
2016-09-27,20.3,20.5,20.3,20.5,823011
2016-09-28,20.4,20.4,20.1,20.2,1159530
2016-09-29,20.1,20.3,19.8,20.0,984443
2016-10-02,20.2,20.2,19.6,19.7,709277
2016-10-03,19.7,19.7,19.2,19.4,1094000
2016-10-04,19.9,20.3,19.6,20.2,429723
2016-10-05,20.3,20.6,20.2,20.3,2362780
2016-10-06,20.3,20.4,20.0,20.1,745058
2016-10-09,20.1,20.7,20.1,20.5,1894760
2016-10-10,20.4,20.5,20.2,20.3,2651030
2016-10-13,20.3,20.7,20.3,20.6,987207
2016-10-16,20.6,21.5,20.6,21.4,2309890
2016-10-17,21.6,21.7,21.2,21.5,1663240
2016-10-18,21.6,22.4,21.6,22.1,3591990
2016-10-19,22.4,23.0,22.4,22.5,2690000
2016-10-20,22.7,22.8,22.3,22.6,1821530
2016-10-23,22.1,22.5,21.8,22.0,1288880
2016-10-24,22.4,22.7,22.0,22.1,2070860
2016-10-25,21.9,22.0,21.7,21.8,1037280
2016-10-26,21.8,21.8,21.4,21.5,1028340
2016-10-27,22.0,22.1,21.5,21.7,795896
2016-10-30,21.5,21.6,21.4,21.4,338167
2016-10-31,21.3,21.5,21.1,21.3,810313
2016-11-01,21.1,22.2,21.1,21.6,915642
2016-11-02,21.6,22.2,21.6,21.8,738005
2016-11-03,21.8,22.1,21.8,21.9,765602
2016-11-06,21.9,22.0,21.7,21.9,303715
2016-11-07,21.9,22.0,21.5,21.7,522186
2016-11-08,22.0,22.4,21.7,21.8,654430
2016-11-09,21.8,22.0,21.6,21.7,317697
2016-11-10,21.7,21.8,21.5,21.6,956666
2016-11-13,21.5,21.8,21.5,21.5,191998
2016-11-14,21.9,21.9,21.4,21.6,610539
2016-11-15,21.7,22.2,21.6,21.9,1202980
2016-11-16,21.9,22.1,21.8,21.8,639014
2016-11-17,21.8,22.3,21.8,21.9,1267600
2016-11-20,22.0,22.4,22.0,22.2,1164700
2016-11-21,22.2,22.2,21.9,22.0,580097
2016-11-22,22.3,22.7,22.1,22.3,2826590
2016-11-23,22.2,22.6,22.2,22.5,2254680
2016-11-24,22.7,22.9,22.3,22.5,2266820
2016-11-27,22.8,22.8,22.3,22.5,846924
2016-11-28,22.5,22.7,22.1,22.4,1819270
2016-11-29,22.5,23.0,22.4,22.4,510464
2016-11-30,22.4,22.5,22.2,22.5,794266
2016-12-01,22.4,22.5,22.3,22.4,220539
2016-12-04,22.4,22.4,22.1,22.1,247712
2016-12-05,22.2,22.3,21.9,22.0,1165678
2016-12-06,22.1,22.4,22.1,22.3,634560
2016-12-07,22.3,22.4,22.0,22.1,865316
2016-12-08,22.2,22.3,22.1,22.2,649009
2016-12-11,22.3,22.5,22.2,22.3,444084
2016-12-12,22.4,22.7,22.3,22.4,2004450
2016-12-14,22.6,23.4,22.4,23.1,1249296
2016-12-15,23.5,24.1,23.3,23.9,2665427
2016-12-18,24.4,24.4,23.8,24.0,2051896
2016-12-19,24.5,24.5,23.3,23.4,1733059
2016-12-20,24.0,24.0,23.3,23.5,1383240
2016-12-21,23.5,23.7,23.2,23.3,996765
2016-12-22,23.5,23.6,23.2,23.5,663846
2016-12-26,23.7,23.7,23.4,23.4,508420
2016-12-27,23.5,23.9,23.3,23.4,1006377
2016-12-28,23.7,23.7,23.0,23.2,953484
2016-12-29,23.1,23.5,22.9,23.1,1901203
2017-01-01,23.0,23.4,22.9,23.1,870540
2017-01-02,23.1,23.3,22.7,22.8,525800
2017-01-03,22.9,23.5,22.7,23.2,975923
2017-01-04,23.1,23.4,23.0,23.1,883202
2017-01-05,23.0,23.2,22.9,23.1,1272020
2017-01-08,23.3,23.5,23.1,23.3,768638
2017-01-09,23.0,23.5,23.0,23.4,633524
2017-01-10,23.0,23.8,23.0,23.6,981735
2017-01-11,23.6,24.2,23.4,23.9,1179734
2017-01-12,23.6,23.8,23.5,23.6,1284182
2017-01-15,23.5,24.7,23.4,24.4,2483483
2017-01-16,24.4,25.8,24.4,24.8,2357773
2017-01-17,25.0,25.4,24.7,25.2,2712129
2017-01-18,24.1,25.3,24.0,24.9,1776244
2017-01-19,24.8,25.4,24.8,25.2,1706695
2017-01-22,25.3,27.7,25.2,27.7,2937599
2017-01-23,28.0,30.0,27.8,29.4,4097750
2017-01-24,29.0,30.0,28.6,29.7,5059142
2017-01-25,30.0,30.0,28.6,29.2,1348225
2017-01-26,28.7,28.9,28.2,28.5,1464101
2017-01-29,28.2,28.9,26.2,26.7,1330126
2017-01-30,26.0,27.9,25.8,26.3,836170
2017-01-31,26.0,27.5,26.0,26.7,1583572
2017-02-01,27.2,27.4,26.5,26.8,562325
2017-02-02,26.1,26.2,25.2,25.4,449791
2017-02-05,25.5,26.0,25.3,25.7,223608
2017-02-06,25.4,26.3,25.4,25.9,450449
2017-02-07,26.0,26.1,25.5,26.0,342836
2017-02-08,26.5,27.6,26.5,27.5,549361
2017-02-09,27.2,27.4,26.5,26.8,389387
2017-02-12,27.1,27.9,27.0,27.4,614142
2017-02-13,27.4,27.9,26.8,26.9,274594
2017-02-14,26.9,27.0,26.7,26.9,263878
2017-02-15,26.9,27.0,26.4,26.5,229918
2017-02-16,26.6,26.7,25.9,26.0,334301
2017-02-19,26.0,26.0,25.5,25.7,208780
2017-02-20,25.3,26.5,25.3,25.8,339429
2017-02-22,26.0,26.1,25.6,25.9,97856
2017-02-23,26.0,27.3,25.7,25.9,135158
2017-02-26,25.7,26.3,25.5,25.7,454467
2017-02-27,26.0,26.0,25.0,25.3,407235
2017-02-28,25.6,25.8,25.4,25.7,465391
2017-03-01,25.5,26.4,25.5,26.1,647263
2017-03-02,26.0,26.0,25.7,25.8,731835
2017-03-05,25.7,26.0,25.6,25.9,152656
2017-03-06,25.6,25.9,25.6,25.8,300735
2017-03-07,25.5,26.2,25.5,26.1,169851
2017-03-08,25.8,27.1,25.8,26.9,680388
2017-03-09,27.0,27.7,27.0,27.5,1100819
2017-03-12,27.7,28.1,27.6,27.8,1200065
2017-03-13,28.0,28.0,27.5,27.6,401396
2017-03-14,27.7,27.8,27.2,27.4,1098089
2017-03-15,27.2,27.8,27.0,27.4,505619
2017-03-16,27.5,27.5,26.7,26.9,782651
2017-03-19,27.6,28.2,26.7,26.8,679756
2017-03-20,26.6,27.8,26.5,27.6,484551
2017-03-21,27.7,29.3,27.7,28.9,2666312
2017-03-22,28.5,29.4,28.4,29.1,1415455
2017-03-23,28.6,29.1,28.5,28.9,1100261
2017-03-27,29.0,29.0,28.3,28.5,374307
2017-03-28,28.1,29.1,28.1,28.9,1181784
2017-03-29,29.2,29.4,29.1,29.2,1030947
2017-03-30,29.0,29.0,28.7,28.8,898340
2017-04-02,28.2,28.4,28.1,28.3,318256
2017-04-03,28.1,28.5,27.9,28.2,790079
2017-04-04,27.7,28.4,27.7,28.2,162557
2017-04-05,27.6,28.1,27.6,28.0,539151
2017-04-06,26.7,28.0,26.7,27.9,182055
2017-04-09,27.7,27.9,27.6,27.7,279915
2017-04-10,27.5,27.7,27.3,27.5,73367
2017-04-11,27.8,27.8,27.1,27.3,409259
2017-04-12,26.9,27.0,26.7,26.9,678910
2017-04-13,27.0,27.0,26.8,27.0,200557
2017-04-16,27.1,27.4,27.0,27.3,168798
2017-04-17,27.1,28.0,27.0,27.9,583819
2017-04-18,28.0,28.0,27.4,27.6,149802
2017-04-19,27.4,27.5,27.0,27.2,424474
2017-04-20,27.0,27.2,26.9,27.0,386037
2017-04-23,26.7,26.8,26.1,26.2,274183
2017-04-24,26.2,26.2,25.8,26.1,846428
2017-04-25,26.0,26.8,25.0,26.2,235928
2017-04-26,26.0,26.4,25.8,26.2,163166
2017-04-27,26.4,27.3,26.3,27.0,675058
2017-04-30,27.4,27.4,26.5,26.8,244691
2017-05-02,26.8,26.8,26.4,26.5,346234
2017-05-03,26.5,26.9,26.4,26.7,361340
2017-05-04,27.0,27.0,26.6,26.9,456217
2017-05-07,27.0,27.0,26.7,26.7,120997
2017-05-08,26.5,26.7,26.1,26.1,146462
2017-05-09,25.4,26.0,25.4,25.6,185920
2017-05-11,25.7,26.0,25.4,25.7,132619
2017-05-14,26.4,26.7,25.4,26.1,22140
2017-05-15,25.6,25.9,25.4,25.8,253930
2017-05-16,25.8,26.0,25.5,25.8,81428
2017-05-17,25.8,25.8,25.4,25.5,168398
2017-05-18,25.1,26.9,25.1,25.7,164705
2017-05-21,25.7,26.0,25.3,25.7,124209
2017-05-22,25.6,26.0,25.6,25.9,568573
2017-05-23,26.1,26.4,25.8,26.2,240348
2017-05-24,26.9,27.0,26.1,26.2,208031
2017-05-25,26.1,26.4,26.0,26.1,120066
2017-05-28,26.0,26.8,26.0,26.5,641426
2017-05-29,26.4,26.4,25.6,26.2,95369
2017-05-30,26.6,26.6,25.3,25.8,529998
2017-06-01,22.5,22.8,22.0,22.6,386039
2017-06-04,22.6,22.9,22.6,22.7,117120
2017-06-05,22.8,23.3,22.8,23.1,150042
2017-06-06,23.5,23.5,23.0,23.2,203316
2017-06-07,23.2,23.4,23.1,23.1,68279
2017-06-08,23.3,23.3,23.0,23.0,151457
2017-06-11,23.0,23.2,23.0,23.0,134420
2017-06-12,23.2,23.2,22.8,23.0,26815
2017-06-13,23.0,23.3,22.9,23.1,271267
2017-06-14,23.2,23.4,23.1,23.4,103800
2017-06-15,23.5,23.5,23.0,23.0,116969
2017-06-18,23.0,23.0,22.9,22.9,211308
2017-06-19,23.3,23.4,23.0,23.3,414157
2017-06-20,23.5,23.6,23.0,23.5,517381
2017-06-21,23.5,24.0,23.5,24.0,600930
2017-06-22,23.9,24.5,23.9,24.3,592234
2017-06-28,24.2,25.0,24.2,24.8,96853
2017-06-29,24.9,24.9,24.4,24.6,207180
2017-07-02,24.6,24.8,24.3,24.5,58037
2017-07-03,24.3,25.5,23.3,25.2,323118
2017-07-04,25.9,25.9,24.9,25.4,324095
2017-07-05,25.3,25.6,25.2,25.5,149810
2017-07-06,25.3,25.6,25.2,25.2,178178
2017-07-09,25.4,25.4,25.0,25.1,109724
2017-07-10,25.2,25.6,25.2,25.5,462216
2017-07-11,25.4,26.2,25.4,25.8,744739
2017-07-12,25.6,25.6,25.3,25.4,155293
2017-07-13,25.3,25.8,25.3,25.6,93239
2017-07-16,25.9,26.0,25.3,25.5,153514
2017-07-17,25.3,25.7,25.0,25.1,187865
2017-07-18,25.0,25.0,24.3,24.6,284138
2017-07-19,24.6,24.6,24.2,24.3,181573
2017-07-20,24.3,25.3,24.3,24.8,99516
2017-07-23,24.7,24.8,24.7,24.7,49837
2017-07-24,24.6,24.8,24.3,24.4,149757
2017-07-25,24.4,24.9,24.4,24.7,38468
2017-07-26,25.0,25.3,24.9,25.0,102450
2017-07-27,25.3,25.3,24.6,24.7,78744
2017-07-30,24.5,25.0,24.5,24.9,106398
2017-07-31,24.5,26.8,23.4,25.8,699491
2017-08-01,25.8,26.0,25.0,25.9,306713
2017-08-02,26.0,26.4,25.9,26.3,543406
2017-08-03,26.3,26.4,25.5,25.9,417576
2017-08-06,25.5,26.4,25.5,26.3,511988
2017-08-07,26.3,27.4,26.3,27.0,940574
2017-08-08,27.0,27.0,26.0,26.7,403052
2017-08-09,26.5,26.9,26.5,26.6,458453
2017-08-10,26.5,27.0,26.5,26.8,287058
2017-08-13,26.7,27.4,26.6,27.4,828296
2017-08-16,27.5,27.6,27.0,27.1,846413
2017-08-17,27.0,27.2,26.6,26.7,798083
2017-08-20,26.7,26.8,26.3,26.3,428658
2017-08-21,26.1,26.7,26.1,26.6,337767
2017-08-22,26.5,27.0,26.5,26.9,278670
2017-08-23,26.9,27.0,26.6,26.7,252597
2017-08-24,26.7,27.3,26.7,27.1,431276
2017-08-27,27.3,28.0,27.1,27.6,605114
2017-08-28,27.3,28.2,27.3,28.0,621921
2017-08-29,28.1,28.7,28.1,28.2,951628
2017-08-30,28.0,28.4,27.9,28.1,381953
2017-08-31,28.3,28.6,28.1,28.4,302923
2017-09-04,28.0,28.6,28.0,28.5,126396
2017-09-05,28.7,29.1,28.7,29.0,384657
2017-09-06,29.3,30.0,29.0,29.4,796724
2017-09-07,29.2,29.6,28.6,29.5,367543
2017-09-10,29.5,29.8,29.3,29.5,449568
2017-09-11,29.4,29.4,28.8,28.8,283557
2017-09-12,27.3,28.9,27.3,28.9,1116182
2017-09-13,29.0,29.3,28.7,29.2,2982982
2017-09-14,29.5,29.5,28.7,28.9,434992
2017-09-17,28.5,29.4,28.5,29.1,1538836
2017-09-18,29.3,29.7,29.0,29.4,1492604
2017-09-19,29.5,31.0,29.4,30.7,2254772
2017-09-20,30.9,30.9,30.0,30.1,1012566
2017-09-21,29.7,30.7,29.5,30.3,396861
2017-09-24,30.3,30.4,29.6,30.1,252624
2017-09-25,30.0,30.2,29.7,29.8,251279
2017-09-26,29.7,29.7,29.0,29.3,515018
2017-09-27,29.1,29.6,28.8,29.0,726241
2017-09-28,28.7,29.8,28.7,29.5,179419
2017-10-02,29.8,30.4,29.6,30.3,317298
2017-10-03,30.5,31.5,30.5,30.7,2158048
2017-10-04,30.8,31.0,30.1,30.7,346996
2017-10-05,30.8,32.9,30.8,32.0,2586792
2017-10-08,32.5,32.5,31.7,31.9,1049779
2017-10-09,31.7,32.4,28.8,31.4,929668
2017-10-10,30.2,31.8,29.5,31.0,386622
2017-10-11,31.0,33.9,30.3,31.4,2207267
2017-10-12,30.6,31.4,30.5,30.9,981690
2017-10-15,31.1,32.3,30.9,31.8,2253415
2017-10-16,32.2,33.3,31.8,33.1,3601669
2017-10-17,33.6,34.9,33.0,34.0,4382227
2017-10-18,33.5,34.3,32.8,34.0,1840905
2017-10-19,34.1,34.1,33.3,33.4,2418256
2017-10-22,33.6,33.6,32.0,32.3,806999
2017-10-23,32.4,32.4,30.5,31.0,674269
2017-10-24,30.9,31.4,30.4,30.5,298658
2017-10-25,30.8,31.7,30.8,31.1,480982
2017-10-26,31.3,32.6,30.7,32.3,1381795
2017-10-29,32.3,33.3,32.3,32.4,1316317
2017-10-30,32.1,32.4,29.8,30.1,952143
2017-10-31,30.5,30.7,29.8,30.2,424390
2017-11-01,30.0,30.7,30.0,30.2,250269
2017-11-02,30.2,30.4,29.9,30.0,473920
2017-11-05,30.2,30.3,29.9,30.0,147751
2017-11-06,29.7,29.8,28.9,29.5,712839
2017-11-07,29.7,31.5,29.3,31.0,2952365
2017-11-08,31.0,31.8,30.2,30.5,579956
2017-11-09,30.0,31.6,30.0,31.4,744293
2017-11-12,31.4,32.2,31.4,31.9,980222
2017-11-13,31.9,32.2,31.4,31.8,4816455
2017-11-14,31.8,33.2,31.8,33.1,2398716
2017-11-15,33.3,33.7,32.7,33.0,1741971
2017-11-16,32.6,34.0,32.6,33.8,1406579
2017-11-19,33.6,34.5,33.5,34.2,895534
2017-11-20,34.5,35.0,34.0,34.8,4260675
2017-11-21,35.0,35.0,34.0,34.1,1394161
2017-11-22,33.8,34.5,33.6,33.8,819523
2017-11-23,34.3,35.0,34.2,35.0,1070486
2017-11-26,35.0,35.1,34.7,35.0,632915
2017-11-27,34.6,35.0,34.6,34.7,662431
2017-11-28,34.7,34.7,33.9,34.0,613860
2017-11-29,33.5,34.5,33.5,33.9,534231
2017-11-30,34.4,35.2,33.8,35.1,549548
2017-12-03,34.1,34.1,33.8,33.9,133352
2017-12-04,33.6,34.6,33.3,34.4,1011944
2017-12-05,34.0,34.2,33.8,34.0,502579
2017-12-06,33.4,33.7,33.4,33.5,162504
2017-12-07,33.5,33.6,33.3,33.6,57993
2017-12-10,33.5,34.0,33.5,33.8,93565
2017-12-11,33.8,34.0,33.4,34.0,122503
2017-12-12,34.0,34.7,34.0,34.6,581407
2017-12-13,34.9,35.4,34.1,34.8,717961
2017-12-14,34.1,35.5,34.1,35.3,742912
2017-12-17,34.7,34.9,34.6,34.7,83267
2017-12-18,34.3,34.7,34.3,34.5,77297
2017-12-19,34.2,35.5,34.2,35.0,694568
2017-12-20,35.0,35.0,34.5,34.7,151045
2017-12-21,34.5,35.0,34.2,34.3,51787
2017-12-24,33.9,34.5,33.8,34.2,346232
2017-12-26,34.3,34.9,34.1,34.4,814615
2017-12-27,34.3,34.7,34.2,34.5,209030
2017-12-28,34.5,35.0,34.3,35.0,829405
2018-01-01,35.4,36.2,34.8,35.1,751010
2018-01-02,35.5,35.5,35.2,35.2,47280
2018-01-03,35.1,35.7,35.1,35.5,1190165
2018-01-04,34.8,35.6,34.8,35.2,538097
2018-01-07,35.0,35.1,34.6,34.6,132706
2018-01-08,34.5,34.6,34.2,34.3,74408
2018-01-09,33.9,34.5,33.8,34.4,96846
2018-01-10,34.1,34.3,34.1,34.1,45209
2018-01-11,34.0,34.2,33.7,34.0,19153
2018-01-14,33.8,33.8,33.3,33.5,22624
2018-01-15,33.1,33.2,32.6,32.9,412734
2018-01-16,32.9,34.0,32.8,33.8,454491
2018-01-17,33.2,33.8,33.1,33.4,27675
2018-01-18,33.1,33.8,33.1,33.6,155497
2018-01-21,33.6,34.2,33.6,34.0,158731
2018-01-22,34.1,34.4,34.0,34.1,107508
2018-01-23,33.8,34.3,33.3,33.4,20267
2018-01-24,33.6,33.6,33.2,33.3,51773
2018-01-25,33.7,33.8,33.0,33.4,135797
2018-01-28,33.5,33.6,33.0,33.2,45579
2018-01-29,33.1,33.3,32.8,32.9,45334
2018-01-30,33.0,33.1,32.7,32.8,88241
2018-01-31,32.5,32.5,31.9,32.0,170891
2018-02-01,32.2,32.3,32.0,32.1,33785
2018-02-04,31.0,32.0,31.0,31.5,175520
2018-02-05,31.1,32.5,31.1,32.4,422833
2018-02-06,32.7,34.2,32.1,34.0,275868
2018-02-07,33.7,34.5,33.1,34.2,373729
2018-02-08,32.8,34.0,32.8,33.1,13362
2018-02-11,33.2,33.5,33.0,33.2,97129
2018-02-12,32.8,33.8,32.8,32.9,36484
2018-02-13,32.7,33.2,32.7,32.9,12254
2018-02-14,32.9,33.0,32.8,32.9,13433
2018-02-15,32.5,32.8,32.1,32.1,24307
2018-02-18,31.7,32.6,31.5,31.5,29388
2018-02-19,32.0,32.8,31.7,32.4,79919
2018-02-20,32.4,32.7,32.4,32.5,28679
2018-02-22,32.5,32.9,32.3,32.7,64106
2018-02-25,33.0,34.0,32.8,33.0,232460
2018-02-26,32.7,33.1,32.7,33.0,41254
2018-02-27,33.0,33.2,32.8,33.2,118453
2018-02-28,33.0,33.3,32.9,32.9,61114
2018-03-01,33.0,33.5,33.0,33.4,177211
2018-03-04,33.4,33.5,33.2,33.5,211745
2018-03-05,33.5,33.5,33.1,33.1,255850
2018-03-06,33.0,33.6,33.0,33.6,240600
2018-03-07,33.5,33.6,32.3,32.5,56662
2018-03-08,32.2,32.3,32.1,32.2,7898
2018-03-11,32.1,32.1,31.7,31.8,15468
2018-03-12,31.3,31.5,31.1,31.2,49918
2018-03-13,30.3,30.3,30.2,30.2,12579
2018-03-14,30.1,30.3,30.0,30.1,99010
2018-03-15,29.2,30.7,29.2,30.7,168479
2018-03-18,30.6,30.8,30.2,30.5,5231
2018-03-19,29.8,30.0,29.7,29.8,65558
2018-03-20,29.6,29.8,29.6,29.8,7008
2018-03-21,30.5,30.5,29.5,29.6,58987
2018-03-22,29.5,30.7,29.2,30.5,421605
2018-03-25,30.0,30.8,30.0,30.2,66497
2018-03-27,30.2,30.2,29.5,29.7,188388
2018-03-28,30.0,30.1,29.4,30.0,190997
2018-03-29,30.2,30.3,29.7,30.2,92508
2018-04-01,30.0,32.0,30.0,31.8,371125
2018-04-02,31.6,32.0,31.1,31.9,436312
2018-04-03,31.2,32.0,31.0,31.5,389388
2018-04-04,31.8,32.1,31.7,32.0,774894
2018-04-05,32.0,32.0,31.8,32.0,38961
2018-04-08,31.7,31.7,31.2,31.5,112460
2018-04-09,31.1,32.1,31.1,31.9,260420
2018-04-10,31.9,32.1,31.8,32.0,486175
2018-04-11,31.8,31.8,31.5,31.6,40726
2018-04-12,31.2,31.8,31.1,31.1,12615
2018-04-15,30.8,31.0,30.7,30.8,86414
2018-04-16,31.0,31.0,30.3,30.9,83831
2018-04-17,30.8,31.1,30.5,30.8,40572
2018-04-18,30.2,31.4,30.0,31.3,165580
2018-04-19,30.7,31.7,30.7,31.6,149497
2018-04-22,31.5,32.0,31.5,32.0,302720
2018-04-23,31.1,32.3,31.0,32.1,274129
2018-04-24,32.2,32.6,32.0,32.3,417006
2018-04-25,32.4,33.0,32.2,32.8,553935
2018-04-26,30.0,33.0,30.0,32.8,752301
2018-04-30,32.5,33.0,32.5,32.6,749271
2018-05-03,33.9,33.9,32.6,32.9,923682
2018-05-06,31.6,33.0,31.6,32.8,387660
2018-05-07,33.0,33.1,32.7,32.8,820468
2018-05-08,33.0,33.0,32.7,33.0,514907
2018-05-09,33.0,33.2,32.8,33.1,373599
2018-05-13,30.4,30.4,27.3,27.7,73060
2018-05-14,27.8,28.5,27.7,27.8,225947
2018-05-15,28.0,28.4,26.1,26.5,21306
2018-05-16,27.7,27.7,26.8,26.8,16100
2018-05-17,26.5,28.5,26.5,26.6,51850
2018-05-20,27.4,28.0,26.7,27.6,20900
2018-05-21,27.8,28.7,27.8,28.6,80766
2018-05-22,28.9,29.0,28.5,28.9,22148
2018-05-23,28.7,29.0,28.6,28.8,22100
2018-05-24,28.3,29.5,28.3,29.4,124393
2018-05-27,29.7,30.2,29.7,30.1,256865
2018-05-28,30.0,30.6,30.0,30.5,173001
2018-05-29,30.1,30.6,30.1,30.5,642388
2018-05-30,30.2,30.9,30.2,30.8,289878
2018-05-31,30.7,30.9,30.5,30.6,42215
2018-06-03,29.2,30.3,29.2,30.1,80852
2018-06-04,29.9,30.1,29.8,30.0,7624
2018-06-05,29.5,29.9,28.1,28.9,33153
2018-06-06,28.3,29.9,28.3,29.5,74172
2018-06-07,29.1,29.9,28.8,29.2,182959
2018-06-10,29.2,29.5,28.7,29.4,154441
2018-06-11,29.4,30.0,29.4,30.0,62838
2018-06-12,30.0,30.3,29.6,30.1,461539
2018-06-18,29.5,30.1,29.5,30.1,211675
2018-06-19,29.6,30.0,29.0,29.5,262201
2018-06-20,29.7,30.3,29.7,30.2,59852
2018-06-21,30.3,30.4,30.3,30.3,54286
2018-06-24,30.4,30.4,29.7,30.0,164373
2018-06-25,29.5,29.6,29.5,29.6,9514
2018-06-26,29.1,29.6,29.0,29.2,28425
2018-06-27,28.8,29.5,28.0,28.6,103308
2018-06-28,29.0,29.4,28.0,28.6,4026
2018-07-02,29.1,29.2,28.6,28.6,73898
2018-07-03,29.0,29.0,28.4,28.7,39489
2018-07-04,28.7,29.0,28.7,28.9,24117
2018-07-05,28.7,29.0,28.7,28.7,128005
2018-07-08,29.0,29.6,28.8,29.2,45563
2018-07-09,29.2,30.0,29.2,29.9,120678
2018-07-10,29.6,31.0,29.6,30.3,462663
2018-07-11,30.4,31.1,30.4,30.9,291116
2018-07-12,30.9,32.0,30.9,31.9,408764
2018-07-15,31.5,32.6,31.5,32.1,372888
2018-07-16,31.8,32.1,31.6,31.9,95483
2018-07-17,31.6,32.0,31.6,31.9,321615
2018-07-18,31.6,32.0,31.6,31.9,99181
2018-07-19,31.5,31.8,31.5,31.5,289812
2018-07-22,31.2,31.3,31.1,31.2,178192
2018-07-23,31.2,31.5,31.0,31.3,24057
2018-07-24,32.0,31.8,31.1,31.6,120122
2018-07-25,32.0,32.0,31.3,32.0,65594
2018-07-26,32.2,32.2,31.6,32.1,142967
2018-07-29,32.0,32.4,32.0,32.4,71045
2018-07-30,32.2,32.7,32.2,32.6,238803
2018-07-31,32.1,33.2,32.1,33.0,141986
2018-08-01,32.5,33.4,32.5,33.3,750476
2018-08-02,33.2,33.4,33.1,33.3,687675
2018-08-05,32.8,33.5,32.8,33.5,79179
2018-08-06,33.0,33.5,33.0,33.5,74609
2018-08-07,33.4,33.6,33.1,33.5,106175
2018-08-08,33.6,34.5,33.3,33.9,661852
2018-08-09,33.7,33.9,33.0,33.6,363085
2018-08-12,33.1,33.7,33.1,33.5,121792
2018-08-13,33.4,33.5,33.2,33.4,76686
2018-08-14,33.7,33.7,33.3,33.5,141967
2018-08-16,33.8,33.9,33.6,33.8,112375
2018-08-19,34.1,34.8,33.9,34.7,1109999
2018-08-20,34.7,35.5,34.5,35.3,838482
2018-08-26,35.3,36.4,35.3,36.3,277517
2018-08-27,36.2,38.5,36.0,38.3,706270
2018-08-28,38.7,39.6,38.4,39.2,1629256
2018-08-29,39.6,39.8,39.1,39.5,592367
2018-08-30,39.0,39.8,38.8,39.5,446719
2018-09-03,38.4,39.8,38.3,39.5,228788
2018-09-04,39.2,39.5,38.8,39.0,527213
2018-09-05,38.5,39.0,38.0,38.2,160585
2018-09-06,38.2,38.3,37.8,37.9,130183
2018-09-09,37.5,38.0,37.5,37.8,69246
2018-09-10,37.7,37.7,37.0,37.3,44787
2018-09-11,38.1,38.1,37.0,37.7,76575
2018-09-12,38.0,38.0,37.1,37.7,65758
2018-09-13,37.4,37.4,36.8,36.9,431813
2018-09-16,36.5,37.8,36.5,37.7,155269
2018-09-17,38.0,38.0,36.5,36.9,122005
2018-09-18,36.5,36.5,35.4,35.6,144947
2018-09-19,36.0,37.0,36.0,36.9,231128
2018-09-20,38.0,40.0,38.0,38.4,1140680
2018-09-23,39.4,39.4,38.1,38.4,198859
2018-09-24,38.2,38.8,37.2,38.1,98403
2018-09-25,37.6,38.3,37.6,37.9,172266
2018-09-26,37.6,38.0,37.6,38.0,255383
2018-09-27,38.0,38.0,35.8,36.2,213872
2018-09-30,36.4,36.4,35.5,36.0,217976
2018-10-01,36.2,36.9,36.2,36.6,25180
2018-10-02,36.5,37.2,35.5,37.1,158061
2018-10-03,37.0,38.0,37.0,37.8,284423
2018-10-04,37.9,38.8,37.8,38.6,513900
2018-10-07,38.2,38.9,37.9,38.6,163323
2018-10-08,38.8,38.8,38.0,38.5,278931
2018-10-09,38.7,38.7,37.9,38.0,348466
2018-10-11,37.9,38.8,37.9,38.2,191186
2018-10-14,38.0,38.5,38.0,38.5,96989
2018-10-15,38.2,38.5,38.0,38.1,398547
2018-10-16,38.0,38.2,37.9,38.0,237922
2018-10-17,37.8,37.9,37.5,37.7,118204
2018-10-18,37.6,37.7,37.2,37.3,178731
2018-10-21,37.7,37.9,37.2,37.3,244715
2018-10-22,37.4,37.4,35.8,36.1,103144
2018-10-23,36.1,36.5,35.7,35.9,83113
2018-10-24,37.0,37.0,35.8,36.0,97873
2018-10-25,35.2,35.7,35.2,35.5,32579
2018-10-28,34.9,34.9,33.2,33.2,1018
2018-10-29,33.3,36.5,33.2,35.6,92053
2018-10-30,36.0,37.4,35.9,36.5,25159
2018-10-31,37.4,37.5,36.2,36.3,214394
2018-11-01,36.3,37.0,35.8,36.8,56000
2018-11-04,37.4,37.4,36.1,36.2,63201
2018-11-05,36.1,36.3,36.0,36.2,32000
2018-11-06,36.9,36.9,35.6,36.0,53198
2018-11-07,36.5,36.9,35.3,36.2,22974
2018-11-08,36.0,36.4,35.8,36.2,38424
2018-11-11,36.2,36.5,35.7,36.5,74343
2018-11-12,36.1,36.4,35.8,36.0,145302
2018-11-13,36.5,36.5,36.0,36.1,48698
2018-11-14,36.1,36.1,35.9,36.0,16827
2018-11-15,35.7,36.2,35.7,36.0,33004
2018-11-18,36.0,36.4,35.5,36.0,12941
2018-11-19,35.5,35.8,35.4,35.6,65026
2018-11-20,35.1,36.3,35.1,35.6,62645
2018-11-22,35.7,36.0,35.7,35.9,40883
2018-11-25,35.1,36.0,35.1,35.6,46007
2018-11-26,35.3,35.9,35.3,35.7,375492
2018-11-27,35.6,36.0,35.6,35.9,34625
2018-11-28,35.9,36.0,35.5,35.8,117744
2018-11-29,35.6,36.0,35.5,35.6,12325
2018-12-02,35.3,35.9,35.3,35.9,49500
2018-12-03,35.9,35.9,35.3,35.3,12007
2018-12-04,35.3,35.7,35.3,35.3,69818
2018-12-05,35.9,36.0,35.5,35.6,75628
2018-12-06,35.9,36.0,35.0,35.1,118431
2018-12-09,35.1,35.8,35.1,35.2,38551
2018-12-10,35.7,36.9,35.2,35.3,84463
2018-12-11,35.1,35.3,35.0,35.0,31870
2018-12-12,35.0,35.0,34.6,34.7,46697
2018-12-13,34.7,34.7,34.4,34.5,8170
2018-12-17,34.5,34.5,34.5,34.5,10
2018-12-18,31.3,34.3,31.3,33.8,45216
2018-12-19,32.8,33.9,32.0,33.0,33662
2018-12-20,33.0,33.0,32.6,32.9,18399
2018-12-23,34.0,34.0,32.9,33.8,1271
2018-12-24,33.3,34.0,33.2,33.9,5462
2018-12-26,34.2,34.3,33.3,34.3,61230
2018-12-27,34.3,36.9,34.0,35.1,91683
2019-01-01,35.4,35.8,35.0,35.7,709471
2019-01-02,35.7,35.8,35.2,35.7,56963
2019-01-03,35.5,36.0,35.2,36.0,154352
2019-01-06,35.2,36.2,35.2,36.1,167923
2019-01-07,34.9,36.3,34.9,35.8,138008
2019-01-08,35.5,36.3,35.5,36.2,271621
2019-01-09,36.2,36.9,36.2,36.4,195620
2019-01-10,36.1,36.2,35.6,35.9,181873
2019-01-13,36.0,36.1,35.8,35.9,147451
2019-01-14,35.0,36.9,34.8,35.7,362028
2019-01-15,36.1,36.1,35.2,35.8,280370
2019-01-16,36.2,36.5,35.6,35.7,145494
2019-01-17,36.0,36.2,35.6,35.8,180644
2019-01-20,35.6,36.3,35.6,36.0,56354
2019-01-21,35.9,36.3,35.5,35.6,52576
2019-01-22,35.4,36.0,35.1,35.2,59138
2019-01-23,36.0,36.4,35.6,35.8,207214
2019-01-24,36.1,36.3,35.5,35.7,205856
2019-01-27,35.8,36.1,35.7,35.7,126501
2019-01-28,35.7,35.9,35.1,35.2,140208
2019-01-29,35.3,35.5,35.1,35.5,75151
2019-01-30,35.0,36.0,35.0,35.2,44016
2019-01-31,34.5,37.4,34.5,36.5,101788
2019-02-03,35.0,36.3,35.0,36.0,61178
2019-02-04,36.1,36.1,35.3,35.5,56777
2019-02-05,35.4,36.6,35.1,36.0,413764
2019-02-06,36.0,36.2,35.4,36.0,157502
2019-02-07,36.0,36.0,35.3,35.8,30142
2019-02-10,35.8,36.0,34.0,34.7,14208
2019-02-11,35.8,35.8,33.3,34.1,30731
2019-02-12,34.0,35.8,34.0,34.4,17258
2019-02-13,34.2,34.2,33.0,33.9,295077
2019-02-14,34.1,34.1,33.2,33.4,304491
2019-02-17,34.2,34.5,33.6,34.0,16629
2019-02-18,34.4,34.8,33.8,34.2,64100
2019-02-19,35.0,35.0,33.5,34.7,96367
2019-02-20,35.4,35.4,33.8,34.3,16492
2019-02-24,34.9,34.9,33.8,34.1,54460
2019-02-25,35.3,35.3,34.0,34.9,70870
2019-02-26,35.0,35.0,33.5,33.8,21858
2019-02-27,34.0,34.1,32.1,32.6,88228
2019-03-03,33.8,33.8,32.2,32.9,15366
2019-03-04,33.9,33.9,32.7,32.7,129070
2019-03-05,32.5,34.0,32.5,33.5,24507
2019-03-06,33.8,34.3,33.3,34.0,24257
2019-03-07,34.0,34.8,33.5,34.4,327518
2019-03-10,34.5,34.5,33.7,33.7,2150
2019-03-11,34.3,34.3,33.2,33.5,134800
2019-03-12,33.8,34.5,33.1,34.2,441594
2019-03-13,34.1,34.9,33.9,34.1,794698
2019-03-14,34.3,34.9,33.6,34.8,208381
2019-03-18,34.6,34.6,33.3,34.1,88897
2019-03-19,34.6,34.6,33.4,34.2,10824
2019-03-20,34.4,34.4,33.6,33.8,22648
2019-03-21,34.4,34.4,32.7,33.0,40100
2019-03-24,33.6,33.6,31.3,31.7,239133
2019-03-25,31.5,32.8,31.5,32.8,94585
2019-03-27,33.0,33.9,31.8,33.7,308846
2019-03-28,34.0,34.0,33.8,33.8,125653
2019-03-31,33.7,34.0,32.0,33.9,59863
2019-04-01,33.9,33.9,33.3,33.6,18855
2019-04-02,33.6,34.0,33.5,33.7,75713
2019-04-03,34.0,34.1,33.0,33.2,41849
2019-04-04,32.3,33.0,32.1,32.3,21800
2019-04-07,32.4,33.4,32.2,32.8,12435
2019-04-08,32.6,33.0,32.6,32.8,135934
2019-04-09,33.8,33.9,32.3,32.8,114045
2019-04-10,33.7,33.8,32.7,33.4,125306
2019-04-11,32.8,33.8,32.8,33.2,83563
2019-04-15,33.5,33.8,33.0,33.5,245788
2019-04-16,33.0,33.8,33.0,33.5,101656
2019-04-17,33.7,33.8,33.2,33.5,16367
2019-04-18,33.8,33.8,33.1,33.3,10160
2019-04-21,33.7,33.7,33.2,33.5,2253
2019-04-23,33.9,34.3,33.2,33.9,35542
2019-04-24,33.9,33.9,33.0,33.2,7185
2019-04-25,33.9,33.9,33.1,33.4,10476
2019-04-28,33.8,33.8,33.0,33.4,30735
2019-04-29,33.6,33.7,33.0,33.0,16307
2019-04-30,32.9,33.2,31.9,33.0,41920
2019-05-02,33.7,34.0,32.7,33.8,274618
2019-05-05,34.0,34.4,33.0,33.4,170014
2019-05-06,33.9,33.9,33.0,33.6,54123
2019-05-07,33.8,33.8,32.7,33.3,116012
2019-05-08,33.8,34.0,32.9,32.9,85082
2019-05-09,32.5,32.8,32.1,32.2,39961
2019-05-12,33.3,33.3,32.1,32.3,6270
2019-05-13,33.2,33.2,31.8,32.9,128806
2019-05-14,33.0,33.0,32.0,32.6,135910
2019-05-15,32.9,33.0,31.9,32.3,118679
2019-05-16,32.2,33.0,32.2,33.0,56209
2019-05-19,33.6,33.7,33.0,33.1,28753
2019-05-20,33.2,34.1,33.2,33.8,182413
2019-05-21,33.6,33.9,33.5,33.8,45524
2019-05-22,33.9,33.9,33.1,33.2,9740
2019-05-23,33.7,33.7,33.1,33.3,34822
2019-05-26,33.3,34.7,33.3,33.8,36122
2019-05-27,34.0,34.0,33.7,33.9,87270
2019-05-28,34.0,34.2,33.9,34.1,116570
2019-05-29,34.2,34.7,34.1,34.6,200136
2019-05-30,34.5,35.0,34.5,34.9,317238
2019-06-10,32.0,32.3,31.0,31.9,331686
2019-06-11,32.2,32.4,32.0,32.3,162908
2019-06-12,32.4,32.7,32.1,32.6,161389
2019-06-13,32.4,33.0,32.3,32.5,407315
2019-06-16,32.4,32.9,32.2,32.5,348694
2019-06-17,32.8,32.8,32.2,32.5,205086
2019-06-18,32.6,33.2,32.5,33.1,564475
2019-06-19,33.0,34.6,33.0,34.2,546144
2019-06-20,34.0,34.4,33.7,34.3,361907
2019-06-23,33.3,34.4,33.3,34.2,395497
2019-06-24,34.2,34.3,33.3,34.0,581948
2019-06-25,34.2,34.2,33.5,34.1,841041
2019-06-26,33.5,34.6,33.5,33.9,817718
2019-06-27,33.5,34.8,33.5,33.9,513038
2019-06-30,34.0,34.5,33.7,33.8,45314
2019-07-02,33.9,34.9,33.6,34.5,563697
2019-07-03,34.7,34.7,33.5,34.2,344207
2019-07-04,34.2,34.2,33.5,34.2,249177
2019-07-07,34.1,34.5,33.5,33.8,241911
2019-07-08,33.9,34.1,33.3,33.5,41779
2019-07-09,33.8,33.9,32.8,33.1,29574
2019-07-10,32.7,33.8,32.6,33.2,8586
2019-07-11,33.0,33.9,32.8,33.3,110506
2019-07-14,33.0,33.4,33.0,33.3,42445
2019-07-15,33.7,35.5,32.8,33.6,126165
2019-07-16,34.5,34.6,33.1,33.3,45634
2019-07-17,33.8,33.8,33.1,33.4,25897
2019-07-18,33.9,33.9,33.1,33.4,69085
2019-07-21,33.4,34.0,33.1,33.3,55304
2019-07-22,34.0,34.3,33.1,33.6,87766
2019-07-23,34.2,34.2,33.0,33.3,10745
2019-07-24,34.0,34.0,33.3,33.8,9291
2019-07-25,34.3,34.3,33.4,33.6,15376
2019-07-28,33.0,34.0,33.0,33.6,11130
2019-07-29,33.9,33.9,33.2,33.3,20952
2019-07-30,34.0,34.0,33.2,33.6,7489
2019-07-31,33.9,33.9,33.1,33.3,15263
2019-08-01,33.9,33.9,33.2,33.4,30475
2019-08-04,33.9,33.9,33.2,33.4,96159
2019-08-05,33.9,33.9,33.3,33.5,69490
2019-08-06,33.8,34.3,33.2,33.4,193809
2019-08-07,33.4,33.9,33.4,33.6,31840
2019-08-08,33.6,34.1,33.4,34.0,41704
2019-08-18,34.5,34.5,33.3,34.3,125236
2019-08-19,34.9,34.9,33.6,34.0,7514
2019-08-20,34.1,34.1,33.4,33.6,9640
2019-08-21,33.9,34.3,33.4,34.0,276476
2019-08-22,34.3,34.3,33.3,34.1,4744
2019-08-25,34.2,34.2,33.5,33.9,18232
2019-08-26,34.2,34.2,33.5,33.7,44095
2019-08-27,33.7,34.0,33.5,33.9,116155
2019-08-28,34.2,34.3,33.6,33.6,159785
2019-08-29,33.5,33.8,33.5,33.5,88138
2019-09-01,33.5,33.6,33.3,33.3,45864
2019-09-02,33.3,33.6,33.3,33.4,72894
2019-09-03,33.3,33.6,33.0,33.3,35736
2019-09-04,33.1,33.4,33.1,33.1,41758
2019-09-05,33.0,33.1,33.0,33.0,29778
2019-09-08,33.0,33.2,33.0,33.2,31877
2019-09-09,33.0,33.4,33.0,33.1,51858
2019-09-11,33.0,33.0,32.5,32.5,19414
2019-09-12,32.5,32.5,32.0,32.2,26735
2019-09-15,31.6,33.2,31.6,33.1,6979
2019-09-16,33.0,33.4,33.0,33.3,88163
2019-09-17,33.4,33.5,33.4,33.4,45686
2019-09-18,33.9,33.9,33.2,33.3,97756
2019-09-19,33.3,33.3,33.0,33.0,179200
2019-09-22,33.1,33.1,32.3,32.6,111893
2019-09-23,33.6,33.6,32.7,32.9,102109
2019-09-24,32.7,32.7,32.3,32.5,78317
2019-09-25,32.0,32.6,32.0,32.5,45083
2019-09-26,32.8,33.3,32.3,32.8,97075
2019-09-29,33.5,33.8,32.7,33.4,35010
2019-09-30,33.4,33.4,31.5,32.6,7179
2019-10-01,32.6,32.8,31.8,32.2,26530
2019-10-02,33.0,33.0,32.2,32.7,32500
2019-10-03,32.9,32.9,32.2,32.7,32598
2019-10-06,34.5,34.5,32.1,32.2,16901
2019-10-07,32.8,32.8,32.8,32.8,6123
2019-10-09,32.0,33.0,31.2,32.3,41017
2019-10-10,31.5,32.8,31.5,31.7,14901
2019-10-13,32.8,32.8,31.7,32.6,35671
2019-10-14,32.2,32.6,30.5,31.6,28881
2019-10-15,31.6,31.9,31.6,31.7,2278
2019-10-16,32.3,32.3,31.7,31.9,40219
2019-10-17,33.0,33.0,31.2,32.1,8933
2019-10-20,32.1,32.4,31.3,32.0,18852
2019-10-21,32.4,33.5,32.0,33.4,315529
2019-10-22,34.3,34.3,32.6,33.4,224034
2019-10-23,33.3,33.5,33.0,33.4,283881
2019-10-24,32.5,33.7,32.5,33.0,192728
2019-10-27,32.6,33.4,32.6,32.9,211936
2019-10-28,33.2,33.2,32.2,32.9,88740
2019-10-29,33.0,33.0,32.5,32.7,109785
2019-10-30,33.0,33.0,32.5,32.6,89224
2019-10-31,32.8,33.1,32.4,33.0,178263
2019-11-03,33.7,33.8,32.8,32.9,86028
2019-11-04,33.4,33.4,32.7,33.0,62225
2019-11-05,33.5,33.5,32.5,32.9,63681
2019-11-06,33.0,33.0,32.7,33.0,10645
2019-11-07,33.5,33.5,32.8,33.0,100822
2019-11-11,32.7,33.3,32.6,32.8,153727
2019-11-12,32.7,32.7,32.5,32.6,2026209
2019-11-13,32.5,32.5,32.3,32.4,461099
2019-11-14,32.3,32.3,31.5,31.9,72396
2019-11-17,31.9,31.9,30.1,30.6,39255
2019-11-18,30.6,30.6,28.8,29.0,85949
2019-11-19,29.9,29.9,28.3,28.4,158355
2019-11-20,28.4,28.9,28.3,28.5,287314
2019-11-21,28.6,28.6,28.0,28.2,185800
2019-11-24,28.0,28.0,27.3,27.4,33682
2019-11-25,27.6,27.6,27.3,27.4,7612
2019-11-26,27.3,28.9,27.0,28.7,1029653
2019-11-27,28.9,28.9,27.8,28.0,36694
2019-11-28,27.9,29.0,27.2,27.8,30205
2019-12-01,28.0,29.9,28.0,29.3,109729
2019-12-02,29.4,30.4,29.2,30.0,174680
2019-12-03,29.7,30.0,28.4,28.9,47887
2019-12-04,28.9,29.4,28.2,28.9,26677
2019-12-05,29.3,29.9,28.2,28.8,1532712
2019-12-08,28.2,29.9,27.8,28.1,23418
2019-12-09,28.2,28.2,27.3,27.5,1616519
2019-12-10,27.5,28.7,27.5,28.5,65921
2019-12-11,28.5,28.5,27.8,28.2,564
2019-12-12,27.7,27.8,27.6,27.7,8457
2019-12-15,27.5,27.5,27.5,27.5,1526
2019-12-17,26.7,26.8,26.1,26.1,10283
2019-12-18,27.20000076,28.89999962,27.20000076,28.89999962,4100
2019-12-19,28.0,28.0,27.89999962,28.0,1127
2019-12-22,25.8,28.0,25.6,27.6,49995
2019-12-23,27.5,27.9,26.1,27.2,99700
2019-12-24,27.8,27.8,26.1,26.3,71290
2019-12-26,27.2,27.3,25.8,25.9,65632
2019-12-29,26.3,26.4,25.7,25.9,49391
2019-12-30,26.4,27.4,26.2,26.5,62753
2020-01-01,27.0,27.9,26.6,27.0,47432
2020-01-02,26.7,27.4,26.7,27.1,2112560
2020-01-05,27.1,27.5,26.2,27.3,1669238
2020-01-06,27.3,27.7,26.6,27.0,2115781
2020-01-07,26.4,27.3,26.3,27.2,2094604
2020-01-08,26.4,27.7,26.4,27.3,428940
2020-01-09,27.3,27.4,26.5,27.1,115850
2020-01-12,27.2,27.4,26.5,27.3,221420
2020-01-13,27.0,27.9,26.7,27.3,49686
2020-01-14,27.0,27.4,26.7,26.7,46934
2020-01-15,27.6,27.6,26.8,27.0,4746
2020-01-16,27.2,27.3,26.8,27.3,75118
2020-01-19,27.6,28.4,27.6,28.0,34720
2020-01-20,28.0,28.9,27.8,28.7,54415
2020-01-21,28.7,28.8,28.3,28.8,98529
2020-01-22,28.1,28.8,28.1,28.7,21202
2020-01-23,28.8,29.0,28.5,28.9,110724
2020-01-26,28.5,31.7,28.5,29.6,171886
2020-01-27,29.7,30.8,29.0,29.4,322987
2020-01-28,29.9,30.4,29.1,30.0,90758
2020-01-29,30.3,30.3,29.0,29.3,38803
2020-01-30,29.9,30.6,27.8,30.0,155730
2020-02-02,30.2,30.2,29.6,30.1,12095
2020-02-03,29.8,29.9,29.0,29.3,103331
2020-02-04,29.3,30.3,28.6,29.5,120621
2020-02-05,29.8,29.8,29.0,29.5,11910
2020-02-06,29.9,30.9,29.1,29.3,53047
2020-02-09,29.4,29.4,29.0,29.4,674458
2020-02-10,29.1,29.1,28.3,29.0,182156
2020-02-11,29.0,29.0,28.4,28.4,32865
2020-02-12,29.4,29.9,28.4,29.3,101106
2020-02-13,29.2,29.3,28.7,29.2,28037
2020-02-16,30.0,30.6,29.0,30.1,1155657
2020-02-17,30.1,30.1,29.0,29.4,883673
2020-02-18,29.3,29.8,28.6,29.1,618411
2020-02-19,29.3,29.5,28.6,28.8,196575
2020-02-20,28.1,28.9,28.1,28.4,522450
2020-02-23,29.2,29.2,28.0,28.3,344689
2020-02-24,28.3,28.4,27.8,28.0,164086
2020-02-25,28.0,28.0,27.3,27.5,176977
2020-02-26,27.9,28.1,26.8,27.5,197390
2020-02-27,27.9,28.0,26.3,26.7,125529
2020-03-01,26.3,27.2,25.9,26.5,111311
2020-03-02,24.0,27.2,24.0,27.0,77888
2020-03-03,27.0,27.2,26.1,26.2,108085
2020-03-04,26.3,27.1,26.3,26.3,79655
2020-03-05,26.9,27.5,26.3,27.2,59917
2020-03-08,26.1,26.8,26.1,26.6,11129
2020-03-09,26.0,27.0,25.7,26.8,61370
2020-03-10,26.9,26.9,25.0,26.7,5198
2020-03-11,24.5,26.8,24.5,26.1,24821
2020-03-12,26.1,26.1,25.0,26.0,42541
2020-03-15,25.9,25.9,23.4,24.2,35145
2020-03-16,25.5,25.5,22.4,22.7,13182
2020-03-18,22.0,22.9,20.6,21.5,14935
2020-03-19,24.4,24.4,24.4,24.4,7
2020-03-22,24.1,24.1,24.1,24.1,25902
2020-03-23,24.1,24.1,24.1,24.1,25356
2020-03-24,24.1,24.1,24.1,24.1,10316
2020-03-25,24.5,25.4,24.1,24.7,43727
2020-06-01,24.7,24.7,24.7,24.7,30500
2020-06-02,24.7,24.7,24.7,24.7,25
2020-06-04,24.7,24.7,24.7,24.7,20
2020-06-07,24.7,24.7,24.7,24.7,38100
2020-06-09,24.7,24.7,24.7,24.7,100
2020-06-14,24.7,24.7,24.7,24.7,26000
2020-06-15,24.7,24.7,24.7,24.7,22668
2020-06-16,24.7,26.7,24.7,24.7,28007
2020-06-17,24.7,26.3,24.7,24.9,21158
2020-06-18,24.2,24.6,24.2,24.2,6024
2020-06-21,24.1,24.2,24.1,24.1,6880
2020-06-22,24.1,24.1,24.1,24.1,1000
2020-06-23,24.1,25.9,24.1,25.0,42418
2020-06-24,24.1,24.1,24.1,24.1,32900
2020-06-25,24.1,24.4,24.1,24.2,9352
2020-06-28,24.8,24.8,24.1,24.4,47320
2020-06-29,24.7,24.7,24.1,24.1,6154
2020-06-30,24.1,24.1,24.1,24.1,1150
2020-07-02,24.1,24.1,24.1,24.1,105
2020-07-05,24.1,24.8,24.1,24.1,84740
2020-07-06,24.1,24.1,24.1,24.1,545
2020-07-08,24.1,24.3,24.1,24.1,136083
2020-07-09,24.1,24.1,24.1,24.1,14265
2020-07-12,24.1,24.1,24.1,24.1,2645
2020-07-13,24.1,24.1,24.1,24.1,86061
2020-07-14,24.1,24.4,24.1,24.3,100945
2020-07-15,24.3,24.3,24.1,24.3,34299
2020-07-16,24.3,24.3,24.1,24.1,1097
2020-07-19,24.1,24.1,24.1,24.1,326
2020-07-20,24.1,24.3,24.1,24.3,7234
2020-07-26,24.1,24.1,24.1,24.1,19
2020-07-28,24.1,24.1,24.1,24.1,1072
2020-07-29,24.1,24.1,24.1,24.1,2210
2020-07-30,24.1,24.1,24.1,24.1,5001
2020-08-03,24.1,24.1,24.1,24.1,420
2020-08-04,24.1,24.1,24.1,24.1,405570
2020-08-05,24.1,25.8,24.1,24.2,114821
2020-08-06,25.5,25.5,24.1,24.1,97050
2020-08-09,24.5,25.3,24.1,24.9,87820
2020-08-10,25.5,25.9,24.2,24.4,63103
2020-08-12,25.1,25.1,24.5,24.7,40417
2020-08-13,25.0,26.0,24.5,25.0,432154
2020-08-16,25.1,26.8,25.1,25.5,883404
2020-08-17,25.7,27.0,25.1,25.2,682877
2020-08-18,25.3,25.3,24.5,24.7,241033
2020-08-19,25.4,25.5,24.1,24.2,0
2020-08-20,24.4,24.7,24.3,24.4,278651
2020-08-23,24.2,24.4,24.1,24.1,559801
2020-08-24,24.2,24.4,24.1,24.1,270219
2020-08-25,24.3,24.3,24.1,24.1,289499
2020-08-26,24.2,24.3,24.1,24.1,238840
2020-08-27,24.1,24.4,24.1,24.3,415702
2020-08-31,24.5,24.6,24.1,24.1,440664
2020-09-01,24.4,24.4,24.1,24.2,502410
2020-09-02,24.1,24.3,24.1,24.1,552748
2020-09-03,24.1,24.2,24.1,24.1,798966
2020-09-06,24.3,24.3,24.1,24.1,1083601
2020-09-07,24.3,24.3,24.1,24.1,909263
2020-09-08,24.1,24.3,24.1,24.2,633509
2020-09-09,24.3,24.3,24.1,24.1,1550128
2020-09-10,24.1,24.4,24.1,24.3,666901
2020-09-13,24.4,24.7,24.3,24.5,435935
2020-09-14,24.6,24.8,24.3,24.4,360423
2020-09-15,24.5,24.5,24.3,24.3,378545
2020-09-16,24.4,24.6,24.3,24.5,317500
2020-09-17,24.5,24.8,24.5,24.7,443492
2020-09-20,24.8,24.9,24.7,24.8,283149
2020-09-21,24.9,24.9,24.4,24.4,362012
2020-09-22,24.4,24.4,24.1,24.2,230732
2020-09-23,24.4,24.4,24.1,24.1,583959
2020-09-24,24.2,24.2,24.1,24.1,146901
2020-09-27,24.1,24.2,24.1,24.1,330445
2020-09-28,24.2,24.3,24.1,24.1,335885
2020-09-29,24.1,24.2,24.1,24.1,32401
2020-09-30,24.1,24.2,24.1,24.2,143192
2020-10-01,24.2,24.2,24.1,24.1,211736
2020-10-04,24.3,24.3,24.1,24.2,95359
2020-10-05,24.2,24.2,24.1,24.1,78093
2020-10-06,24.1,24.1,24.1,24.1,255790
2020-10-07,24.2,24.2,24.1,24.1,36710
2020-10-08,24.1,24.2,24.1,24.1,212660
2020-10-11,24.1,24.1,24.1,24.1,83139
2020-10-12,24.1,24.1,24.1,24.1,1600
2020-10-13,24.1,24.1,24.1,24.1,578212
2020-10-14,24.1,24.3,24.1,24.2,267972
2020-10-15,24.1,24.2,24.1,24.2,104304
2020-10-18,24.2,24.2,24.1,24.1,32399
2020-10-19,24.1,24.2,24.1,24.1,204290
2020-10-20,24.1,24.1,24.1,24.1,8377
2020-10-21,24.1,24.1,24.1,24.1,40920
2020-10-22,24.2,24.2,24.1,24.1,408233
2020-10-25,24.1,24.1,24.1,24.1,70370
2020-10-27,24.1,24.1,24.1,24.1,2450
2020-10-28,24.1,24.1,24.1,24.1,6125
2020-10-29,24.1,24.1,24.1,24.1,45745
2020-11-01,24.1,24.1,24.1,24.1,9600
2020-11-02,24.1,24.1,24.1,24.1,10085
2020-11-03,24.1,24.1,24.1,24.1,63250
2020-11-04,24.1,24.1,24.1,24.1,8601
2020-11-05,24.1,24.1,24.1,24.1,1360
2020-11-08,24.1,24.1,24.1,24.1,2350
2020-11-09,24.1,24.1,24.1,24.1,1511
2020-11-10,24.1,24.1,24.1,24.1,2360
2020-11-11,24.1,24.1,24.1,24.1,2109
2020-11-12,24.1,24.1,24.1,24.1,24171
2020-11-15,24.1,24.1,24.1,24.1,78801
2020-11-18,24.1,24.1,24.1,24.1,1183
2020-11-19,24.1,24.1,24.1,24.1,2620
2020-11-22,24.1,24.1,24.1,24.1,600
2020-11-23,24.1,24.1,24.1,24.1,10402
2020-11-24,24.1,24.1,24.1,24.1,250
2020-11-25,24.1,24.1,24.1,24.1,17100
2020-11-26,24.1,24.1,24.1,24.1,8262
2020-11-29,24.1,24.1,24.1,24.1,40070
2020-11-30,24.1,24.1,24.1,24.1,121001
2020-12-01,24.1,24.1,24.1,24.1,203870
2020-12-02,24.1,24.1,24.1,24.1,1700
2020-12-03,24.1,24.1,24.1,24.1,1925299
2020-12-06,24.1,24.1,24.1,24.1,370
2020-12-07,24.1,24.1,24.1,24.1,15966
2020-12-08,24.1,24.1,24.1,24.1,35705
2020-12-09,24.1,24.1,24.1,24.1,39038
2020-12-10,24.1,24.1,24.1,24.1,12177
2020-12-13,24.1,24.1,24.1,24.1,171431
2020-12-14,24.1,24.1,24.1,24.1,30585
2020-12-15,24.1,24.1,24.1,24.1,1722
2020-12-17,24.1,24.1,24.1,24.1,62880
2020-12-20,24.1,24.1,24.1,24.1,36018
2020-12-21,24.1,24.1,24.1,24.1,2230
2020-12-22,24.1,24.1,24.1,24.1,1026400
2020-12-23,24.1,24.1,24.1,24.1,1117
2020-12-24,24.1,24.1,24.1,24.1,330
2020-12-27,24.1,24.1,24.1,24.1,22155
2020-12-28,24.1,24.1,24.1,24.1,319641
2020-12-29,24.1,24.1,24.1,24.1,43199
2020-12-30,24.1,24.1,24.1,24.1,39707
2021-01-03,24.1,24.1,24.1,24.1,14405
2021-01-04,24.1,24.1,24.1,24.1,96040
2021-01-05,24.1,25.8,24.1,24.3,2442027
2021-01-06,24.4,24.5,24.1,24.2,611437
2021-01-07,24.1,24.4,24.1,24.1,746415
2021-01-10,24.1,24.2,24.1,24.1,659947
2021-01-11,24.2,24.2,24.1,24.1,102436
2021-01-12,24.1,24.1,24.1,24.1,113381
2021-01-13,24.1,24.1,24.1,24.1,79744
2021-01-14,24.1,24.1,24.1,24.1,215800
2021-01-17,24.1,24.3,24.1,24.1,700194
2021-01-18,24.1,24.1,24.1,24.1,84255
2021-01-19,24.1,24.1,24.1,24.1,3030
2021-01-20,24.1,24.1,24.1,24.1,101168
2021-01-21,24.1,24.1,24.1,24.1,41910
2021-01-24,24.1,24.1,24.1,24.1,91100
2021-01-25,24.1,24.1,24.1,24.1,4236
2021-01-26,24.1,24.1,24.1,24.1,799
2021-01-27,24.1,24.1,24.1,24.1,620
2021-01-28,24.1,24.1,24.1,24.1,535
2021-01-31,24.1,24.1,24.1,24.1,10
2021-02-01,24.1,24.1,24.1,24.1,5050
2021-02-02,24.1,24.1,24.1,24.1,140
2021-02-03,24.1,24.1,24.1,24.1,414
2021-02-04,24.1,24.1,24.1,24.1,18
2021-02-07,24.1,24.1,24.1,24.1,2450
2021-02-08,24.1,24.1,24.1,24.1,14500
2021-02-09,24.1,24.1,24.1,24.1,248
2021-02-10,24.1,24.2,24.1,24.1,1838093
2021-02-11,24.1,24.1,24.1,24.1,416264
2021-02-14,24.1,24.1,24.1,24.1,411848
2021-02-15,24.1,24.1,24.1,24.1,691617
2021-02-16,24.1,24.1,24.1,24.1,192494
2021-02-18,24.1,24.1,24.1,24.1,840
2021-02-22,24.1,24.1,24.1,24.1,381193
2021-02-23,24.1,24.1,24.1,24.1,555
2021-02-24,24.1,24.1,24.1,24.1,2538
2021-02-28,24.1,24.1,24.1,24.1,1172
2021-03-02,24.1,24.1,24.1,24.1,525
2021-03-03,24.1,24.1,24.1,24.1,4001
2021-03-04,24.1,24.1,24.1,24.1,12
2021-03-07,24.1,24.1,24.1,24.1,325
2021-03-08,24.1,24.1,24.1,24.1,302612
2021-03-09,24.1,24.1,24.1,24.1,315632
2021-03-10,24.1,24.1,24.1,24.1,421250
2021-03-11,24.1,24.1,24.1,24.1,16970
2021-03-14,24.1,24.1,24.1,24.1,159
2021-03-15,24.1,24.1,24.1,24.1,824
2021-03-16,24.1,24.1,24.1,24.1,695
2021-03-18,24.1,24.1,24.1,24.1,2
2021-03-21,24.1,24.1,24.1,24.1,39901
2021-03-22,24.1,24.1,24.1,24.1,259
2021-03-23,24.1,24.1,24.1,24.1,16
2021-03-24,24.1,24.1,24.1,24.1,7055
2021-03-25,24.1,24.1,24.1,24.1,530
2021-03-28,24.1,24.1,24.1,24.1,20
2021-03-29,24.1,24.1,24.1,24.1,600
2021-03-31,24.1,24.1,24.1,24.1,282
2021-04-01,24.1,24.1,24.1,24.1,150
2021-04-04,24.1,24.1,24.1,24.1,30
2021-04-05,24.1,24.1,24.1,24.1,350
2021-04-08,21.7,21.7,21.7,21.7,44167
2021-04-11,21.3,21.3,21.3,21.3,60
2021-04-12,20.9,20.9,20.9,20.9,16908
2021-04-13,20.5,20.5,20.5,20.5,3380
2021-04-15,20.1,20.1,20.1,20.1,4022
2021-04-18,19.7,19.7,19.7,19.7,76284
2021-04-19,19.4,19.4,19.4,19.4,8470
2021-04-20,19.1,19.1,19.1,19.1,16345
2021-04-21,18.8,18.8,18.8,18.8,1224289
2021-04-22,18.5,18.8,18.5,18.5,459160
2021-04-25,18.5,18.5,18.2,18.2,338184
2021-04-26,18.1,18.4,17.9,18.0,166139
2021-04-27,17.8,18.1,17.6,17.8,41221
2021-04-28,17.8,18.0,17.5,17.9,69270
2021-04-29,18.2,19.2,18.2,19.0,102845
2021-05-02,19.0,19.0,18.7,18.7,44342
2021-05-03,18.8,18.8,18.5,18.6,36854
2021-05-04,18.6,18.6,18.3,18.3,35958
2021-05-05,18.3,19.1,18.1,19.0,288032
2021-05-06,19.0,19.2,18.7,18.9,154943
2021-05-09,18.9,19.1,18.7,19.0,166407
2021-05-11,19.0,19.2,18.9,19.1,587685
2021-05-12,19.3,19.8,19.2,19.7,212614
2021-05-16,19.8,21.6,19.8,21.4,1012501
2021-05-17,21.6,22.0,21.1,21.4,1104418
2021-05-18,21.8,21.8,21.0,21.0,97095
2021-05-19,20.6,22.0,20.6,21.3,1302053
2021-05-20,21.3,22.0,21.1,21.4,399185
2021-05-23,21.6,21.7,21.0,21.2,256269
2021-05-24,21.5,21.5,20.9,21.3,750600
2021-05-25,21.5,22.4,21.2,22.0,510262
2021-05-27,22.6,24.2,22.6,23.9,1856412
2021-05-30,24.0,24.2,23.5,23.8,582648
2021-06-01,22.9,22.9,21.5,22.8,766187
2021-06-02,22.8,22.8,22.4,22.8,499044
2021-06-03,22.8,22.8,22.4,22.4,380850
2021-06-06,22.5,22.5,22.0,22.1,179000
2021-06-07,22.1,22.1,21.7,21.7,101141
2021-06-08,21.6,21.6,21.3,21.4,160321
2021-06-09,21.4,21.7,21.1,21.2,145839
2021-06-10,21.3,21.9,21.3,21.5,283417
2021-06-13,21.3,21.6,21.3,21.4,257434
2021-06-14,21.2,21.6,21.2,21.5,433975
2021-06-15,21.2,21.6,21.1,21.2,296380
2021-06-16,21.0,21.5,21.0,21.2,196658
2021-06-17,21.1,21.5,20.8,20.8,378486
2021-06-20,20.5,21.4,20.5,21.3,121572
2021-06-21,21.3,21.8,20.5,21.7,392759
2021-06-22,21.5,21.8,21.5,21.8,214509
2021-06-23,21.8,21.9,21.7,21.7,57122
2021-06-24,21.6,21.7,21.3,21.6,144131
2021-06-27,21.0,21.5,20.7,20.9,184871
2021-06-28,21.2,21.4,20.9,21.1,354340
2021-06-29,20.7,21.3,20.7,21.2,328908
2021-06-30,21.0,21.9,20.6,21.7,887710
2021-07-05,21.4,22.2,21.4,22.0,405059
2021-07-06,22.0,22.1,21.0,21.6,174070
2021-07-07,21.9,22.1,21.2,21.6,62767
2021-07-08,21.7,21.7,21.2,21.5,49707
2021-07-12,21.2,21.3,20.7,20.8,370356
2021-07-13,20.8,21.4,20.8,21.2,81329
2021-07-14,21.2,21.5,20.9,20.9,178410
2021-07-15,21.0,21.6,20.9,21.5,309724
2021-07-18,21.0,21.7,21.0,21.6,129023
2021-07-19,21.5,21.7,21.4,21.6,203936
2021-07-25,21.7,21.7,21.5,21.6,121804
2021-07-26,21.5,21.7,21.4,21.4,57676
2021-07-27,21.5,21.7,21.2,21.3,270115
2021-07-28,21.2,21.5,21.2,21.4,35097
2021-07-29,21.5,21.5,21.1,21.2,209381
2021-08-02,21.0,21.2,20.8,21.0,520915
2021-08-03,21.0,21.5,21.0,21.1,960934
2021-08-05,21.1,21.3,20.9,21.0,229165
2021-08-09,21.0,21.3,20.9,21.0,217541
2021-08-10,21.0,21.2,20.9,21.1,150381
2021-08-11,21.1,21.2,20.9,21.1,157153
2021-08-12,21.0,21.2,20.9,21.0,313156
2021-08-16,21.2,21.3,21.0,21.2,544209
2021-08-17,21.3,22.2,21.3,21.9,1710918
2021-08-18,22.0,22.0,21.5,21.7,394011
2021-08-19,21.7,21.7,21.2,21.4,344965
2021-08-22,21.4,21.7,21.2,21.3,347222
2021-08-23,21.3,21.7,21.2,21.4,660305
2021-08-24,21.4,21.4,21.1,21.1,778084
2021-08-25,21.3,21.4,20.9,21.0,738164
2021-08-26,21.0,21.1,20.7,20.8,446512
2021-08-29,21.2,21.2,20.7,20.9,250952
2021-08-31,21.2,21.2,20.8,20.9,329436
2021-09-01,20.9,21.2,20.9,21.0,294252
2021-09-02,20.9,20.9,20.8,20.8,291618
2021-09-05,20.9,21.2,20.8,21.0,408549
2021-09-06,20.8,21.0,20.7,20.8,156497
2021-09-07,20.8,21.0,20.7,20.8,333148
2021-09-08,21.1,21.1,20.7,20.8,538632
2021-09-09,20.8,20.9,20.6,20.9,513148
2021-09-12,20.8,21.0,20.6,20.8,881416
2021-09-13,20.8,20.8,20.7,20.8,635216
2021-09-14,20.9,21.0,20.7,20.7,1213574
2021-09-15,20.7,20.7,20.5,20.6,258344
2021-09-16,20.7,20.8,20.6,20.8,1009691
2021-09-19,20.6,20.9,20.6,20.8,1433967
2021-09-20,20.9,20.9,20.7,20.8,2442424
2021-09-21,20.7,21.0,20.7,21.0,794479
2021-09-22,20.9,21.1,20.7,20.8,609438
2021-09-23,20.9,20.9,20.7,20.8,835797
2021-09-26,20.7,20.9,20.7,20.8,829386
2021-09-27,20.7,20.8,20.6,20.7,1103637
2021-09-28,21.0,21.0,20.5,20.6,320592
2021-09-29,20.8,20.8,20.7,20.7,120295
2021-09-30,20.7,20.7,20.6,20.7,273260
2021-10-03,20.6,20.7,20.3,20.5,415633
2021-10-04,20.4,20.6,20.2,20.2,243370
2021-10-05,20.2,20.2,19.7,20.2,346012
2021-10-06,20.1,20.5,19.7,19.7,211985
2021-10-07,19.8,20.3,19.8,20.2,255493
2021-10-10,20.2,20.7,19.9,20.6,373395
2021-10-11,20.6,20.6,20.2,20.3,227351
2021-10-12,20.5,20.5,20.1,20.4,84815
2021-10-13,20.4,20.6,19.8,20.0,171108
2021-10-14,19.7,20.3,19.7,19.9,46296
2021-10-17,20.2,20.8,19.9,20.5,226748
2021-10-18,20.2,20.6,20.0,20.5,143773
2021-10-19,20.5,20.6,20.1,20.2,571927
2021-10-21,20.2,20.5,20.2,20.4,63451
2021-10-24,20.0,20.1,19.9,20.0,130784
2021-10-25,20.0,20.1,19.9,20.0,117731
2021-10-26,19.8,20.4,19.8,20.2,107800
2021-10-27,20.2,20.4,20.0,20.0,233319
2021-10-28,20.1,20.5,20.0,20.4,287258
2021-10-31,20.2,20.5,20.2,20.4,278111
2021-11-01,20.3,20.4,20.2,20.2,21835
2021-11-02,20.2,20.2,20.0,20.1,19166
2021-11-03,20.0,20.4,20.0,20.0,13776
2021-11-04,20.0,20.0,19.8,19.9,34019
2021-11-07,19.9,20.2,19.6,19.7,194091
2021-11-08,19.7,20.1,19.7,19.8,21884
2021-11-09,19.6,19.8,19.6,19.7,115
2021-11-10,19.7,19.7,19.5,19.5,154012
2021-11-11,19.6,19.6,19.3,19.4,132719
2021-11-14,19.3,19.4,19.2,19.2,133929
2021-11-15,19.2,19.5,19.1,19.2,148111
2021-11-16,19.3,19.7,19.2,19.6,718343
2021-11-17,19.9,20.1,19.6,19.7,263042
2021-11-18,19.8,20.1,19.5,19.8,480277
2021-11-21,20.0,21.5,20.0,21.3,1368301
2021-11-22,21.5,22.1,20.5,21.0,1337794
2021-11-23,20.4,21.4,20.4,20.6,157573
2021-11-24,20.9,20.9,20.2,20.4,184723
2021-11-25,20.2,21.0,20.1,20.2,152675
2021-11-28,20.0,20.2,19.9,19.9,143110
2021-11-29,19.8,20.3,19.8,19.9,55921
2021-11-30,19.9,20.3,19.9,20.0,150912
2021-12-01,19.9,20.4,19.9,20.2,47290
2021-12-02,20.0,20.3,19.9,20.1,128321
2021-12-05,20.3,20.3,20.1,20.1,40140
2021-12-06,20.1,20.4,20.0,20.2,110792
2021-12-07,20.3,20.5,20.1,20.1,253880
2021-12-08,20.3,20.7,20.0,20.0,50482
2021-12-09,20.1,20.3,20.0,20.1,145474
2021-12-12,20.0,20.3,19.8,19.8,114548
2021-12-13,19.8,20.0,18.1,19.5,195987
2021-12-14,19.9,19.9,19.0,19.1,89451
2021-12-15,19.9,19.9,19.2,19.5,8685
2021-12-19,19.3,19.5,18.6,19.0,61406
2021-12-20,19.0,19.4,18.9,18.9,41582
2021-12-21,19.4,19.4,18.3,18.5,42404
2021-12-22,18.5,19.0,18.4,18.6,77501
2021-12-23,18.6,18.8,18.5,18.6,44884
2021-12-26,18.6,18.7,18.4,18.4,8245
2021-12-27,18.4,18.7,18.4,18.5,23811
2021-12-28,18.8,19.5,18.6,19.1,50633
2021-12-29,18.9,19.6,18.9,19.5,21424
2021-12-30,19.5,19.8,18.8,19.6,156431
2022-01-02,19.6,20.0,19.6,19.8,31347
2022-01-03,19.8,20.2,19.6,19.7,68779
2022-01-04,19.6,19.6,19.1,19.1,104212
2022-01-05,19.2,19.8,19.1,19.7,66917
2022-01-06,19.7,20.2,19.5,19.7,76741
2022-01-09,19.5,19.8,19.4,19.7,41895
2022-01-10,19.9,20.0,19.1,19.1,162619
2022-01-11,19.3,19.7,19.2,19.3,49040
2022-01-12,19.3,19.6,18.9,19.1,192081
2022-01-13,19.9,20.2,19.1,19.2,46393
2022-01-16,19.2,19.8,19.0,19.4,49144
2022-01-17,19.4,19.5,19.0,19.2,80984
2022-01-18,19.1,19.6,19.1,19.4,22171
2022-01-19,19.3,19.4,19.2,19.3,45842
2022-01-20,19.3,19.3,19.2,19.3,55625
2022-01-23,19.1,19.5,19.1,19.4,78390
2022-01-24,19.5,19.8,19.2,19.2,27757
2022-01-25,19.0,19.5,19.0,19.4,89988
2022-01-26,19.0,19.5,19.0,19.4,22008
2022-01-27,19.5,19.5,19.0,19.3,75882
2022-01-30,19.4,19.4,19.2,19.4,29366
2022-01-31,19.4,19.4,19.0,19.0,73191
2022-02-01,19.3,19.3,18.8,19.1,88611
2022-02-02,19.1,19.2,19.0,19.2,17990
2022-02-03,19.1,19.2,18.9,19.0,70879
2022-02-06,19.0,19.1,18.9,19.0,34862
2022-02-07,19.0,19.3,19.0,19.1,48685
2022-02-08,19.0,19.2,18.9,19.0,13449
2022-02-09,19.1,19.1,18.8,18.9,84231
2022-02-10,19.1,19.1,18.8,18.9,106991
2022-02-13,19.1,19.1,18.9,19.0,48592
2022-02-14,19.0,19.3,18.8,18.9,351871
2022-02-15,19.3,19.3,18.6,18.7,387983
2022-02-16,18.8,19.0,18.4,18.5,602790
2022-02-17,18.6,19.0,18.5,18.8,82833
2022-02-20,18.8,19.0,18.8,19.0,484102
2022-02-22,19.0,19.1,18.9,19.0,193618
2022-02-23,18.5,19.1,18.5,19.0,37788
2022-02-24,19.0,19.1,18.8,18.8,153952
2022-02-27,18.3,18.9,18.2,18.5,154488
2022-02-28,18.6,18.8,18.5,18.8,72578
2022-03-01,18.8,19.0,18.7,18.9,98615
2022-03-02,19.0,19.0,18.6,18.8,28019
2022-03-03,19.0,19.0,18.6,18.7,34501
2022-03-06,19.0,19.0,18.5,18.9,109860
2022-03-07,19.0,19.0,18.0,18.2,143229
2022-03-08,18.5,18.5,18.2,18.3,225620
2022-03-09,18.3,18.9,18.3,18.8,5554
2022-03-10,19.0,19.1,18.5,18.6,282998
2022-03-13,19.0,19.2,18.8,19.0,66795
2022-03-14,19.2,19.2,18.8,19.0,50396
2022-03-15,18.8,19.3,18.8,19.2,99180
2022-03-16,19.3,19.4,19.2,19.4,309483
2022-03-20,19.4,19.5,19.3,19.4,161900
2022-03-21,19.3,19.3,19.1,19.2,16660
2022-03-22,19.2,19.5,18.9,18.9,66913
2022-03-23,18.8,19.2,18.6,18.7,69842
2022-03-24,19.0,19.0,18.6,18.6,33317
2022-03-27,18.6,19.0,18.6,19.0,2927
2022-03-28,18.7,19.0,18.7,18.9,7178
2022-03-29,18.8,19.0,18.6,18.8,13060
2022-03-30,19.0,19.1,18.9,19.0,14052
2022-03-31,18.9,19.0,18.7,18.9,24522
2022-04-03,18.8,19.0,18.7,18.8,6163
2022-04-04,18.7,19.0,18.5,18.6,11630
2022-04-05,18.9,19.0,18.4,18.9,58780
2022-04-06,18.8,18.9,18.7,18.7,20250
2022-04-07,18.7,18.7,18.4,18.4,124154
2022-04-10,18.4,18.4,18.1,18.3,737
2022-04-11,18.2,18.5,18.1,18.2,15439
2022-04-12,18.4,18.9,18.0,18.5,32201
2022-04-13,18.5,18.6,18.2,18.3,7401
2022-04-17,18.2,18.6,18.0,18.2,18742
2022-04-18,18.0,18.1,17.9,17.9,15505
2022-04-19,18.3,18.3,17.9,18.2,5282
2022-04-20,18.0,18.5,18.0,18.4,28875
2022-04-21,18.0,18.4,18.0,18.1,17889
2022-04-24,18.3,18.8,18.3,18.5,75701
2022-04-25,18.6,18.6,18.2,18.3,9323
2022-04-26,18.5,18.8,18.2,18.6,78390
2022-04-27,18.7,19.2,18.7,19.0,133378
2022-04-28,19.1,19.2,18.9,18.9,86533
2022-05-05,18.9,19.0,18.2,18.8,27442
2022-05-08,18.9,19.4,18.9,19.2,262250
2022-05-09,19.2,19.3,19.1,19.2,90912
2022-05-10,19.3,19.3,19.2,19.2,49138
2022-05-11,19.4,19.6,19.0,19.2,490621
2022-05-12,19.2,19.5,19.2,19.3,281803
2022-05-16,19.3,19.7,19.3,19.4,583728
2022-05-17,19.5,19.6,19.3,19.4,697270
2022-05-18,19.4,19.5,19.3,19.4,142256
2022-05-19,19.4,19.5,19.2,19.3,146954
2022-05-22,19.0,19.1,18.4,18.5,80487
2022-05-24,17.6,18.0,17.6,17.8,246134
2022-05-25,17.7,17.8,17.4,17.7,127769
2022-05-26,17.7,17.8,17.6,17.8,87874
2022-05-29,17.8,18.5,17.8,17.9,19230
2022-05-30,18.0,18.4,17.9,18.2,90660
2022-05-31,18.3,18.4,18.1,18.3,44554
2022-06-01,18.4,18.4,18.1,18.1,40329
2022-06-02,18.3,18.3,18.1,18.2,24988
2022-06-05,18.1,18.3,18.1,18.1,8811
2022-06-06,18.2,18.2,18.0,18.0,45235
2022-06-07,18.0,18.2,17.8,18.0,54584
2022-06-08,17.8,17.9,17.7,17.8,53883
2022-06-09,17.8,18.2,17.7,17.8,25005
2022-06-12,18.1,18.1,17.6,17.8,1476
2022-06-13,17.6,17.8,17.5,17.6,55766
2022-06-14,18.2,18.2,17.5,17.8,6406
2022-06-15,18.4,18.4,17.8,18.1,5705
2022-06-16,18.3,18.3,17.8,17.8,28065
2022-06-19,17.9,18.0,17.7,17.8,14794
2022-06-20,17.7,17.7,17.5,17.5,28515
2022-06-21,17.4,17.8,17.4,17.5,8160
2022-06-22,17.8,18.0,17.2,17.2,68892
2022-06-23,17.8,17.8,17.3,17.4,13362
2022-06-26,17.7,17.7,17.2,17.3,7294
2022-06-27,17.5,17.5,17.1,17.3,19210
2022-06-28,17.4,17.4,17.1,17.2,9769
2022-06-29,17.7,17.7,17.1,17.5,52764
2022-06-30,17.4,17.7,17.4,17.6,172038
2022-07-03,17.9,17.9,17.5,17.6,7240
2022-07-04,17.6,17.9,17.5,17.5,22340
2022-07-05,17.3,17.9,17.3,17.5,1917
2022-07-06,17.5,17.8,17.2,17.2,193902
2022-07-07,17.6,17.6,17.0,17.1,7023
2022-07-12,17.6,17.6,17.0,17.2,906
2022-07-13,17.3,17.3,17.1,17.2,31802
2022-07-14,17.1,17.2,17.0,17.1,31276
2022-07-17,17.2,17.3,17.1,17.2,12544
2022-07-18,17.1,17.2,16.9,16.9,31952
2022-07-19,17.3,17.3,16.6,16.7,56289
2022-07-20,17.0,17.0,16.7,16.8,3629
2022-07-21,17.0,17.0,16.8,16.9,10353
2022-07-24,16.7,16.9,16.6,16.6,31151
2022-07-25,16.4,16.9,16.3,16.7,21641
2022-07-26,16.5,16.9,16.5,16.8,13552
2022-07-27,16.7,16.9,16.6,16.6,39954
2022-07-28,16.6,16.6,16.3,16.5,21624
2022-07-31,16.9,16.9,16.6,16.7,9472
2022-08-01,16.6,17.0,16.6,16.9,225396
2022-08-02,16.7,17.2,16.7,17.2,136444
2022-08-03,17.3,17.4,17.1,17.2,196236
2022-08-04,17.2,17.8,17.2,17.5,241082
2022-08-07,17.9,17.9,17.3,17.8,54416
2022-08-08,17.5,17.9,16.7,16.9,461581
2022-08-10,17.3,17.4,16.9,17.0,26638
2022-08-11,17.0,17.2,16.9,17.0,2942
2022-08-14,17.0,17.0,16.9,17.0,2177
2022-08-16,16.9,17.0,16.6,16.7,51312
2022-08-17,16.8,16.9,16.7,16.8,7292
2022-08-21,16.9,16.9,16.6,16.7,46472
2022-08-22,16.6,16.8,16.6,16.7,27114
2022-08-23,16.7,16.8,16.6,16.6,57481
2022-08-24,16.8,16.8,16.6,16.8,42349
2022-08-25,16.7,16.9,16.6,16.7,16967
2022-08-28,16.8,17.3,16.6,16.7,756839
2022-08-29,16.9,17.2,16.6,16.6,465125
2022-08-30,16.7,16.7,16.6,16.7,177720
2022-08-31,16.6,17.0,16.6,16.7,34315
2022-09-01,16.9,16.9,16.6,16.8,26508
2022-09-04,16.9,16.9,16.6,16.7,29920
2022-09-05,16.7,16.9,16.6,16.6,76929
2022-09-06,16.6,16.8,16.6,16.6,31310
2022-09-07,16.6,17.0,16.6,17.0,246519
2022-09-08,16.8,17.4,16.8,17.3,262532
2022-09-11,17.3,17.6,16.8,17.5,497971
2022-09-12,17.4,17.5,17.1,17.4,61220
2022-09-13,17.3,17.3,17.1,17.1,24616
2022-09-14,17.0,17.2,17.0,17.2,30765
2022-09-15,17.0,17.1,17.0,17.0,41436
2022-09-18,16.8,16.9,16.7,16.7,77158
2022-09-19,16.6,16.8,16.6,16.6,22687
2022-09-20,16.6,16.8,16.6,16.6,70092
2022-09-21,16.6,16.8,16.6,16.6,39816
2022-09-22,16.8,16.8,16.6,16.6,50263
2022-09-25,16.8,16.8,16.6,16.6,50859
2022-09-26,16.6,16.6,16.6,16.6,5211
2022-09-27,16.6,17.2,16.6,16.7,21464
2022-09-28,16.7,16.7,16.6,16.7,2031
2022-09-29,16.6,16.8,16.6,16.6,8426
2022-10-02,16.6,16.6,16.6,16.6,6720
2022-10-03,16.6,16.6,16.6,16.6,2590
2022-10-04,16.6,16.8,16.6,16.6,1521
2022-10-06,16.6,16.7,16.6,16.6,34455
2022-10-10,16.6,16.7,16.6,16.6,56051
2022-10-11,16.7,17.0,16.7,16.9,118944
2022-10-12,17.0,17.0,16.8,17.0,82374
2022-10-13,17.0,17.2,16.9,17.1,116855
2022-10-16,16.9,17.1,16.9,17.1,31364
2022-10-17,17.0,17.2,17.0,17.1,157194
2022-10-18,17.2,17.2,16.9,17.2,66786
2022-10-19,17.2,17.2,17.0,17.1,35402
2022-10-20,17.0,17.0,16.6,16.8,190371
2022-10-23,16.8,16.9,16.8,16.8,29870
2022-10-24,16.8,16.9,16.8,16.8,50660
2022-10-25,16.6,16.9,16.6,16.6,421805
2022-10-26,16.6,16.8,16.6,16.7,164788
2022-10-27,16.6,16.8,16.6,16.6,9502
2022-10-30,16.6,16.8,16.6,16.6,18651
2022-10-31,16.6,17.0,16.6,16.9,62646
2022-11-01,16.6,17.0,16.6,16.9,39703
2022-11-02,17.0,17.1,16.6,17.0,60594
2022-11-03,16.7,17.0,16.7,17.0,47376
2022-11-06,16.7,17.0,16.7,16.9,6595
2022-11-07,17.0,17.0,16.8,16.8,21102
2022-11-08,16.9,17.1,16.8,17.0,80402
2022-11-09,17.0,17.0,16.6,16.7,11886
2022-11-10,16.7,17.1,16.6,16.6,30376
2022-11-13,16.9,16.9,16.6,16.7,87513
2022-11-14,16.6,16.7,16.6,16.6,605
2022-11-15,16.6,16.7,16.6,16.6,28785
2022-11-16,16.6,16.7,16.6,16.6,5941
2022-11-17,16.6,16.6,16.6,16.6,33571
2022-11-20,16.6,16.6,16.6,16.6,635
2022-11-21,16.6,16.6,16.6,16.6,15
2022-11-22,16.6,16.6,16.6,16.6,1799
2022-11-23,16.6,16.6,16.6,16.6,520
2022-11-24,16.6,16.6,16.6,16.6,4118
2022-11-27,16.6,16.6,16.6,16.6,2018
2022-11-28,16.6,16.6,16.6,16.6,196
2022-11-29,16.6,16.6,16.6,16.6,1720
2022-11-30,16.6,16.6,16.6,16.6,1157
2022-12-01,16.6,16.6,16.6,16.6,121
2022-12-04,16.6,16.7,16.6,16.6,35073
2022-12-05,16.6,16.7,16.6,16.6,2743
2022-12-06,16.6,16.7,16.6,16.6,43637
2022-12-07,16.6,16.8,16.6,16.7,4650
2022-12-08,16.6,16.7,16.6,16.6,7526
2022-12-11,16.7,16.7,16.6,16.7,1304521
2022-12-12,16.6,16.7,16.6,16.6,1046531
2022-12-13,16.6,16.8,16.6,16.8,143492
2022-12-14,16.7,16.8,16.7,16.7,72108
2022-12-15,16.8,16.8,16.7,16.7,10415
2022-12-18,16.6,16.8,16.6,16.7,4348
2022-12-19,16.6,16.6,16.6,16.6,16833
2022-12-20,16.6,16.6,16.6,16.6,2277
2022-12-21,16.6,16.7,16.6,16.6,128770
2022-12-26,16.6,16.6,16.6,16.6,52672
2022-12-27,16.6,16.6,16.6,16.6,144779
2022-12-28,16.6,16.6,16.6,16.6,679
2022-12-29,16.7,16.8,16.7,16.7,8598
2023-01-01,16.7,16.9,16.7,16.8,2749
2023-01-02,16.8,16.9,16.6,16.8,15266
2023-01-03,16.8,16.9,16.8,16.8,7743
2023-01-04,16.8,16.9,16.8,16.8,6746
2023-01-05,16.8,16.8,16.7,16.8,25656
2023-01-08,16.8,17.0,16.8,16.8,6829
2023-01-09,16.6,17.0,16.6,16.9,55612
2023-01-10,16.9,17.0,16.9,16.9,27709
2023-01-11,16.9,16.9,16.8,16.8,20294
2023-01-12,16.8,17.0,16.7,16.8,7349
2023-01-15,16.6,17.0,16.6,17.0,149924
2023-01-16,17.0,17.1,16.9,17.0,67747
2023-01-17,17.0,17.1,16.9,17.1,97917
2023-01-18,16.9,17.3,16.8,16.9,579091
2023-01-19,17.0,17.2,16.7,16.9,255339
2023-01-22,16.9,17.1,16.9,17.1,63189
2023-01-23,17.1,17.1,16.8,17.0,3434
2023-01-24,16.9,16.9,16.6,16.6,115603
2023-01-25,17.0,17.0,16.6,16.7,112679
2023-01-26,16.7,16.7,16.6,16.6,12882
2023-01-29,16.6,16.8,16.6,16.7,7329
2023-01-30,16.7,16.8,16.6,16.6,11034
2023-01-31,16.7,16.7,16.6,16.6,2426
2023-02-01,16.7,16.8,16.7,16.8,21152
2023-02-02,16.6,16.8,16.6,16.7,3455
2023-02-05,16.8,16.8,16.6,16.6,99915
2023-02-06,16.6,16.7,16.6,16.6,39943
2023-02-07,16.6,16.7,16.6,16.6,9916
2023-02-08,16.6,16.7,16.6,16.6,13713
2023-02-09,16.6,16.7,16.6,16.6,17956
2023-02-12,16.6,16.7,16.6,16.6,14412
2023-02-13,16.6,16.6,16.6,16.6,21814
2023-02-14,16.6,16.6,16.6,16.6,291
2023-02-15,16.6,16.6,16.6,16.6,245
2023-02-16,16.6,16.6,16.6,16.6,1090
2023-02-19,16.6,16.6,16.6,16.6,1000
2023-02-20,16.6,16.6,16.6,16.6,234
2023-02-22,16.6,16.6,16.6,16.6,52
2023-02-23,16.6,16.6,16.6,16.6,500
2023-02-26,16.6,16.6,16.6,16.6,50
2023-02-27,16.6,16.6,16.6,16.6,490
2023-02-28,16.6,16.6,16.6,16.6,100
2023-03-01,16.6,16.6,16.6,16.6,1700
2023-03-02,16.6,16.6,16.6,16.6,200
2023-03-05,16.6,16.8,16.6,16.8,82310
2023-03-06,16.6,16.7,16.6,16.6,16200
2023-03-07,16.7,16.7,16.6,16.7,1505
2023-03-09,16.6,16.6,16.6,16.6,16625
2023-03-12,16.6,16.7,16.6,16.6,15548
2023-03-13,16.6,16.6,16.6,16.6,2603
2023-03-14,16.6,16.6,16.6,16.6,33
2023-03-15,16.6,16.6,16.6,16.6,3429
2023-03-16,16.6,16.6,16.6,16.6,250
2023-03-19,16.6,16.6,16.6,16.6,100
2023-03-20,16.6,16.6,16.6,16.6,406
2023-03-21,16.6,16.6,16.6,16.6,37903
2023-03-22,16.6,16.6,16.6,16.6,8100
2023-03-23,16.6,16.6,16.6,16.6,1775
2023-03-27,16.6,16.6,16.6,16.6,6500
2023-03-30,16.6,16.6,16.6,16.6,576
2023-04-03,16.6,16.6,16.6,16.6,583
2023-04-04,16.6,16.7,16.6,16.7,19424
2023-04-05,16.6,16.6,16.6,16.6,400
2023-04-06,16.6,16.6,16.6,16.6,676
2023-04-09,16.6,16.6,16.6,16.6,300
2023-04-11,16.6,16.6,16.6,16.6,15010
2023-04-12,16.6,16.6,16.6,16.6,170
2023-04-13,16.6,16.6,16.6,16.6,550
2023-04-16,16.6,16.6,16.6,16.6,11373
2023-04-18,16.6,16.6,16.6,16.6,20
2023-04-24,16.6,16.6,16.6,16.6,600
2023-04-25,16.6,16.6,16.6,16.6,34152
2023-04-26,16.6,16.6,16.6,16.6,5353
2023-04-27,16.6,16.6,16.6,16.6,18346
2023-04-30,16.6,16.6,16.6,16.6,17400
2023-05-02,16.6,16.6,16.6,16.6,3775
2023-05-03,16.6,16.8,16.6,16.6,71529
2023-05-07,16.6,16.6,16.6,16.6,13320
2023-05-08,16.6,16.6,16.6,16.6,6885
2023-05-09,16.6,16.6,16.6,16.6,9917
2023-05-10,16.6,16.6,16.6,16.6,24537
2023-05-11,16.6,16.6,16.6,16.6,3310
2023-05-14,16.6,16.6,16.6,16.6,238
2023-05-15,16.6,16.6,16.6,16.6,3148
2023-05-16,16.6,16.8,16.6,16.6,142087
2023-05-17,16.6,16.7,16.6,16.6,142440
2023-05-18,16.6,16.7,16.6,16.7,164404
2023-05-21,16.7,16.8,16.6,16.7,46057
2023-05-22,16.7,17.0,16.6,17.0,189883
2023-05-24,15.5,15.5,15.5,15.5,43993
2023-05-25,15.5,15.5,15.5,15.5,24740
2023-05-29,15.5,15.5,15.5,15.5,2240
2023-05-30,15.5,15.5,15.5,15.5,9577
2023-05-31,15.5,15.5,15.5,15.5,75
2023-06-01,15.5,15.5,15.5,15.5,1360
2023-06-04,15.5,15.5,15.5,15.5,11
2023-06-05,15.5,15.5,15.5,15.5,2
2023-06-06,15.5,15.5,15.5,15.5,10
2023-06-07,15.5,15.5,15.5,15.5,20
2023-06-11,15.5,15.5,15.5,15.5,452
2023-06-12,15.5,15.5,15.5,15.5,12100
2023-06-13,15.5,15.5,15.5,15.5,900
2023-06-15,15.5,15.5,15.5,15.5,600
2023-06-18,15.5,15.5,15.5,15.5,54733
2023-06-19,15.5,15.5,15.5,15.5,15870
2023-06-20,15.5,15.5,15.5,15.5,121
2023-06-21,15.5,15.7,15.5,15.6,148723
2023-06-22,15.5,15.6,15.5,15.5,42636
2023-06-25,15.6,15.8,15.5,15.5,134270
2023-06-26,15.5,15.8,15.5,15.7,211998
2023-07-02,15.6,15.8,15.6,15.6,55698
2023-07-03,15.6,15.7,15.6,15.6,94098
2023-07-04,15.5,15.8,15.5,15.6,66613
2023-07-05,15.6,15.8,15.6,15.7,68252
2023-07-06,15.7,15.7,15.6,15.6,45586
2023-07-09,15.6,15.8,15.5,15.6,55741
2023-07-10,15.5,15.7,15.5,15.5,243001
2023-07-11,15.7,15.7,15.5,15.5,5882
2023-07-12,15.5,15.5,15.5,15.5,4110
2023-07-13,15.5,15.5,15.5,15.5,2915
2023-07-16,15.5,15.5,15.5,15.5,1200
2023-07-17,15.5,15.7,15.5,15.5,27343
2023-07-18,15.5,15.5,15.5,15.5,105
2023-07-19,15.5,15.5,15.5,15.5,2070
2023-07-20,15.5,15.5,15.5,15.5,4965
2023-07-24,15.5,15.5,15.5,15.5,200
2023-07-25,15.5,15.5,15.5,15.5,425
2023-07-26,15.5,15.5,15.5,15.5,66
2023-07-27,15.5,15.5,15.5,15.5,50
2023-07-31,15.5,15.5,15.5,15.5,430
2023-08-01,15.5,15.5,15.5,15.5,1606
2023-08-02,15.5,15.5,15.5,15.5,1524
2023-08-03,15.5,15.5,15.5,15.5,84
2023-08-06,15.5,15.5,15.5,15.5,19
2023-08-07,15.5,15.5,15.5,15.5,1104
2023-08-08,15.5,15.5,15.5,15.5,810
2023-08-09,15.5,15.5,15.5,15.5,37
2023-08-10,15.5,15.5,15.5,15.5,693
2023-08-13,15.5,15.5,15.5,15.5,53
2023-08-14,15.5,15.5,15.5,15.5,6
2023-08-17,15.5,15.5,15.5,15.5,3550
2023-08-21,15.5,15.5,15.5,15.5,48
2023-08-22,15.5,15.5,15.5,15.5,1
2023-08-23,15.5,15.5,15.5,15.5,10
2023-08-24,15.5,15.5,15.5,15.5,1
2023-08-27,15.5,15.5,15.5,15.5,299
2023-08-28,15.5,15.5,15.5,15.5,1554
2023-08-29,15.5,15.5,15.5,15.5,200
2023-08-30,15.5,15.5,15.5,15.5,10
2023-08-31,15.5,15.5,15.5,15.5,5000
2023-09-03,15.5,15.5,15.5,15.5,810
2023-09-04,15.5,15.5,15.5,15.5,10
2023-09-11,15.5,15.5,15.5,15.5,400
2023-09-12,15.5,15.5,15.5,15.5,122
2023-09-13,15.5,15.5,15.5,15.5,65
2023-09-14,15.5,15.5,15.5,15.5,5035
2023-09-19,15.5,15.5,15.5,15.5,65
2023-09-20,15.5,15.5,15.5,15.5,5
2023-09-21,15.5,15.5,15.5,15.5,19
2023-09-25,15.5,15.5,15.5,15.5,120
2023-09-26,15.5,15.5,15.5,15.5,100
2023-10-02,15.5,15.5,15.5,15.5,740
2023-10-03,15.5,15.5,15.5,15.5,1010
2023-10-04,15.5,15.5,15.5,15.5,4000
2023-10-05,15.5,15.5,15.5,15.5,10
2023-10-09,15.5,15.5,15.5,15.5,146
2023-10-10,15.5,15.5,15.5,15.5,3890
2023-10-12,15.5,15.5,15.5,15.5,10
2023-10-15,15.5,15.5,15.5,15.5,11
2023-10-16,15.5,15.5,15.5,15.5,60
2023-10-17,15.5,15.5,15.5,15.5,425
2023-10-18,15.5,15.5,15.5,15.5,300
2023-10-22,15.5,15.5,15.5,15.5,290200
2023-10-23,15.5,15.5,15.5,15.5,332600
2023-10-25,15.5,15.5,15.5,15.5,20316
2023-10-26,15.5,15.5,15.5,15.5,350
2023-10-29,15.5,15.5,15.5,15.5,10
2023-10-30,15.5,15.5,15.5,15.5,1000
2023-10-31,15.5,15.5,15.5,15.5,1000
2023-11-02,15.5,15.5,15.5,15.5,200
2023-11-06,15.5,15.5,15.5,15.5,1
2023-11-07,15.5,15.5,15.5,15.5,10
2023-11-12,15.5,15.5,15.5,15.5,1
2023-11-19,15.5,15.5,15.5,15.5,481
2023-11-22,15.5,15.5,15.5,15.5,1010
2023-11-23,15.5,15.5,15.5,15.5,2325
2023-11-26,15.5,15.5,15.5,15.5,2005
2023-11-28,15.5,15.5,15.5,15.5,160
2023-11-29,15.5,15.5,15.5,15.5,3
2023-11-30,15.5,15.5,15.5,15.5,2
2023-12-03,15.5,15.5,15.5,15.5,192
2023-12-05,15.5,15.5,15.5,15.5,1345
2023-12-06,15.5,15.5,15.5,15.5,230
2023-12-10,15.5,15.5,15.5,15.5,5
2023-12-11,15.5,15.5,15.5,15.5,3381
2023-12-13,15.5,15.5,15.5,15.5,970
2023-12-14,15.5,15.5,15.5,15.5,709
2023-12-17,15.5,15.5,15.5,15.5,25
2023-12-18,15.5,15.5,15.5,15.5,1000
2023-12-19,15.5,15.5,15.5,15.5,2570
2023-12-20,15.5,15.5,15.5,15.5,700
2023-12-21,15.5,15.5,15.5,15.5,10055
2023-12-26,15.5,15.5,15.5,15.5,440
2023-12-27,15.5,15.5,15.5,15.5,1490
2023-12-28,15.5,15.5,15.5,15.5,3100
2024-01-01,15.5,15.5,15.5,15.5,1069
2024-01-02,15.5,15.5,15.5,15.5,33
2024-01-03,15.5,15.5,15.5,15.5,180
2024-01-04,15.5,15.5,15.5,15.5,35151
2024-01-08,15.5,15.7,15.5,15.5,692235
2024-01-09,15.7,15.7,15.5,15.5,381812
2024-01-10,15.5,15.5,15.5,15.5,204195
2024-01-11,15.5,15.5,15.5,15.5,412659
2024-01-14,15.5,15.6,15.5,15.5,192218
2024-01-15,15.5,15.6,15.5,15.5,472287
2024-01-16,15.5,15.7,15.5,15.7,61365
2024-01-17,15.7,15.7,15.5,15.7,55155
2024-01-18,15.6,15.7,15.5,15.6,19282
2024-01-21,14.4,15.2,14.4,15.1,29665
2024-01-22,14.9,15.5,14.9,15.4,25684
2024-01-23,15.4,16.1,15.4,16.0,259954
2024-01-24,16.0,16.1,15.7,15.8,12483
2024-01-25,15.5,15.8,15.5,15.6,40479
2024-01-28,15.3,15.8,15.2,15.7,24279
2024-01-29,15.8,15.8,15.6,15.7,27011
2024-01-30,15.9,15.9,15.6,15.6,13099
2024-01-31,15.8,15.8,14.9,15.0,14257
2024-02-01,15.1,15.8,15.0,15.8,21160
2024-02-04,15.8,15.9,15.6,15.7,30128
2024-02-05,15.6,16.0,15.6,15.9,86183
2024-02-06,15.8,16.0,15.7,15.7,122440
2024-02-07,15.5,16.0,15.5,15.8,7534
2024-02-08,15.8,15.9,15.8,15.8,26208
2024-02-11,15.5,16.6,15.5,16.5,262771
2024-02-12,16.9,17.0,16.2,16.7,102454
2024-02-13,16.5,16.7,16.3,16.4,99542
2024-02-14,15.1,16.8,15.0,16.0,92088
2024-02-15,15.2,16.8,15.2,16.0,5807
2024-02-18,15.9,16.0,15.7,15.9,130865
2024-02-19,15.5,16.1,15.5,15.9,70401
2024-02-20,15.8,16.2,15.8,16.0,8195
