Date,Open,High,Low,Close,Volume
2012-10-01,58.0,62.0,58.0,60.9,5800
2012-10-02,58.0,62.7,57.7,58.4,22400
2012-10-03,57.1,60.0,57.1,57.8,10900
2012-10-04,57.6,59.5,57.3,57.6,7100
2012-10-07,58.0,58.0,56.9,57.0,6000
2012-10-08,56.7,56.7,55.0,55.2,8500
2012-10-09,55.2,58.0,55.1,56.3,8400
2012-10-10,56.3,56.3,55.0,55.6,4700
2012-10-11,55.0,58.0,54.6,55.6,4500
2012-10-14,55.1,55.2,54.1,54.3,12900
2012-10-15,55.0,57.2,53.8,55.7,12100
2012-10-16,55.7,57.0,55.3,55.9,8000
2012-10-17,55.2,56.0,53.5,54.3,5200
2012-10-18,54.1,55.3,54.1,54.9,1600
2012-10-21,55.0,56.0,54.3,54.7,1500
2012-10-22,55.7,56.5,55.0,56.2,6200
2012-10-23,56.5,57.4,56.5,57.0,9800
2012-10-30,58.7,58.7,57.1,57.9,7100
2012-10-31,58.5,58.7,58.0,58.4,39900
2012-11-01,59.0,59.5,57.0,59.0,37800
2012-11-04,55.9,58.0,55.9,56.8,47100
2012-11-05,55.0,59.0,55.0,58.3,29800
2012-11-06,58.3,58.5,57.0,58.0,30200
2012-11-07,56.5,58.0,56.5,57.1,9700
2012-11-08,57.5,62.6,57.0,59.8,68600
2012-11-11,57.3,57.4,56.2,56.7,17000
2012-11-12,56.2,56.2,54.0,54.1,10600
2012-11-13,59.0,59.0,53.1,54.8,8000
2012-11-14,55.1,55.1,50.0,51.1,47100
2012-11-15,50.0,53.0,50.0,51.8,9100
2012-11-18,52.0,52.2,50.0,50.3,7000
2012-11-19,50.0,50.0,48.5,49.0,6300
2012-11-21,46.1,48.0,46.1,47.7,9600
2012-11-22,45.1,46.5,45.1,46.1,8100
2012-11-26,47.3,47.3,45.6,45.9,2100
2012-11-27,45.6,45.6,45.6,45.6,200
2012-11-28,47.0,48.8,44.0,46.2,3100
2012-11-29,46.9,47.6,46.9,47.1,5000
2012-12-02,46.5,46.5,46.0,46.2,1000
2012-12-03,47.0,47.0,43.7,44.0,5100
2012-12-04,43.5,45.2,43.5,44.0,4200
2012-12-05,44.0,44.2,43.8,43.9,3100
2012-12-06,44.1,44.1,43.5,43.9,5300
2012-12-09,42.7,44.0,42.7,42.8,1400
2012-12-10,43.0,43.0,42.3,42.4,1600
2012-12-11,41.2,41.7,40.0,41.4,2800
2012-12-12,42.0,43.0,41.5,42.0,6400
2012-12-13,42.7,42.8,42.0,42.1,5100
2012-12-17,44.7,44.9,43.5,43.8,7100
2012-12-18,43.0,43.2,43.0,43.0,2200
2012-12-19,42.6,43.7,42.4,42.6,5200
2012-12-20,43.0,43.0,43.0,43.0,1000
2012-12-23,43.1,43.8,42.4,42.7,5900
2012-12-24,42.7,42.7,42.7,42.7,2400
2012-12-26,42.7,42.7,42.0,42.1,6400
2012-12-27,42.1,43.0,41.8,41.8,8300
2012-12-30,41.8,42.0,41.7,41.8,8000
2013-01-01,42.0,42.2,41.7,41.8,7100
2013-01-02,41.7,41.8,41.1,41.4,5800
2013-01-03,41.4,42.0,41.0,41.1,17500
2013-01-06,41.1,41.3,41.1,41.1,800
2013-01-07,41.0,41.0,41.0,41.0,1600
2013-01-08,41.1,41.2,40.5,40.9,4500
2013-01-09,41.0,41.0,40.7,40.8,6500
2013-01-10,41.0,41.0,40.3,40.5,8100
2013-01-13,40.4,40.7,40.4,40.5,1200
2013-01-14,40.0,41.0,39.8,40.0,4700
2013-01-15,40.5,40.5,40.0,40.0,8000
2013-01-16,40.1,40.5,39.9,40.0,6200
2013-01-17,40.5,40.5,39.9,40.0,3800
2013-01-20,40.2,40.2,39.8,39.9,800
2013-01-21,40.0,40.0,39.7,39.9,800
2013-01-22,40.0,40.6,40.0,40.2,3200
2013-01-23,40.5,40.5,40.5,40.5,1300
2013-01-24,41.0,41.3,40.6,41.0,2800
2013-01-27,41.9,42.0,41.2,41.6,4000
2013-01-28,41.5,41.7,41.1,41.5,5100
2013-01-29,42.2,45.0,41.5,44.6,20500
2013-01-30,43.1,43.2,42.5,42.7,2200
2013-01-31,42.5,42.8,42.1,42.5,3800
2013-02-03,42.5,42.9,42.5,42.5,3700
2013-02-04,42.1,42.6,41.8,41.9,9300
2013-02-05,42.0,42.8,42.0,42.6,2700
2013-02-06,42.5,43.7,42.5,42.8,11600
2013-02-07,42.7,43.0,42.7,42.8,7900
2013-02-10,42.9,43.0,42.8,42.9,11100
2013-02-11,42.9,43.8,42.9,43.3,17100
2013-02-12,42.9,43.7,42.9,43.2,3500
2013-02-13,43.0,43.0,42.6,42.9,2900
2013-02-14,43.1,43.9,43.0,43.2,7300
2013-02-17,43.1,43.3,43.0,43.1,6700
2013-02-18,42.0,43.5,42.0,42.7,22400
2013-02-19,42.4,42.7,42.4,42.5,18500
2013-02-20,42.0,42.6,42.0,42.4,14100
2013-02-24,41.5,41.9,41.4,41.6,9600
2013-02-25,41.5,42.4,41.2,41.5,4500
2013-02-26,41.0,41.4,41.0,41.1,15000
2013-02-27,40.7,40.8,40.1,40.1,17400
2013-02-28,40.3,43.9,40.3,43.3,10200
2013-03-03,41.1,41.4,40.7,40.8,6200
2013-03-04,40.8,42.7,40.7,42.0,4400
2013-03-05,41.0,42.0,41.0,41.0,6300
2013-03-06,41.0,41.1,40.2,40.8,1900
2013-03-07,40.0,40.8,39.9,40.2,8500
2013-03-10,40.0,41.0,40.0,40.4,500
2013-03-11,40.0,40.8,40.0,40.3,2600
2013-03-12,40.1,44.0,40.0,42.8,8700
2013-03-13,41.2,42.7,41.2,42.0,2100
2013-03-14,42.4,42.4,40.2,40.3,9600
2013-03-19,40.5,40.7,40.3,40.5,5400
2013-03-20,41.2,41.2,40.1,40.7,600
2013-03-24,39.9,40.0,39.2,39.3,15300
2013-03-25,39.2,39.4,39.1,39.1,16500
2013-03-27,38.6,39.6,36.0,38.3,12300
2013-03-28,38.5,39.7,38.4,38.5,2600
2013-04-01,37.5,38.9,36.0,36.5,13800
2013-04-02,38.8,38.8,37.2,37.6,400
2013-04-03,38.1,38.1,38.0,38.0,1300
2013-04-04,38.0,38.7,38.0,38.2,48900
2013-04-07,38.5,38.5,38.5,38.5,2100
2013-04-08,38.1,38.1,37.8,37.9,1100
2013-04-09,38.0,38.0,37.5,37.7,1400
2013-04-10,39.0,39.0,37.7,37.9,2600
2013-04-11,39.3,39.3,39.0,39.2,400
2013-04-15,39.0,40.7,38.0,38.9,7600
2013-04-16,38.5,38.7,38.5,38.5,500
2013-04-17,40.0,40.0,39.1,39.2,5700
2013-04-18,39.2,43.0,39.2,40.9,51100
2013-04-21,42.4,44.9,42.4,44.9,60300
2013-04-22,44.0,49.1,44.0,48.4,62800
2013-04-23,48.5,48.7,46.1,46.4,36000
2013-04-24,46.0,46.0,43.0,44.2,34800
2013-04-25,45.0,45.0,42.0,42.3,11700
2013-04-28,41.2,42.7,40.4,41.6,13400
2013-04-29,42.2,42.8,42.0,42.3,5800
2013-04-30,43.3,43.5,42.0,42.5,10700
2013-05-02,42.0,44.3,42.0,44.1,12800
2013-05-05,44.2,44.2,42.5,42.7,8800
2013-05-06,43.0,43.5,42.6,42.8,13200
2013-05-07,44.0,46.1,44.0,45.5,71000
2013-05-08,47.0,47.9,44.5,44.8,32500
2013-05-09,45.8,45.8,44.2,45.2,14800
2013-05-12,46.4,46.4,44.5,44.6,31700
2013-05-13,44.4,44.8,44.0,44.2,26000
2013-05-14,44.5,45.8,44.0,45.5,29000
2013-05-15,46.0,46.0,44.7,45.0,14300
2013-05-16,45.0,45.6,45.0,45.0,19300
2013-05-19,45.3,45.3,44.3,44.9,19600
2013-05-20,45.0,45.6,44.9,45.0,44200
2013-05-21,44.9,44.9,44.5,44.5,6300
2013-05-22,44.1,44.6,44.1,44.4,6500
2013-05-26,44.2,44.2,42.7,42.9,5700
2013-05-27,43.0,44.0,43.0,43.8,6300
2013-05-28,44.0,46.0,44.0,45.7,12800
2013-05-29,46.8,46.8,44.6,45.6,19300
2013-05-30,46.1,46.6,44.9,45.6,12500
2013-06-02,45.9,46.3,45.8,46.0,24600
2013-06-03,46.5,47.8,46.0,47.3,47300
2013-06-04,48.8,50.8,48.7,49.8,49800
2013-06-05,48.4,50.7,48.4,49.0,34800
2013-06-06,48.5,49.3,46.8,48.5,26600
2013-06-09,48.9,48.9,46.2,46.7,11600
2013-06-10,46.1,47.4,46.1,47.2,10200
2013-06-11,47.0,49.6,47.0,48.9,20800
2013-06-12,49.9,50.5,49.1,49.7,31200
2013-06-13,49.0,51.0,48.5,50.4,39900
2013-06-16,51.0,51.2,49.5,50.8,31100
2013-06-17,51.0,51.1,50.1,50.5,38100
2013-06-18,50.0,50.1,50.0,50.0,13400
2013-06-19,50.1,51.5,50.1,50.9,30200
2013-06-20,50.0,51.9,50.0,50.2,27700
2013-06-23,49.6,51.0,49.6,49.8,27000
2013-06-24,49.0,49.0,47.1,48.5,13900
2013-06-26,49.0,52.5,48.9,52.0,53600
2013-06-27,54.9,54.9,52.0,52.0,26700
2013-06-30,50.0,50.3,49.2,49.8,11400
2013-07-02,52.2,54.7,50.4,52.9,29300
2013-07-03,52.0,52.0,51.0,51.3,6000
2013-07-04,51.1,55.0,51.0,51.5,29000
2013-07-07,53.9,54.6,52.2,52.9,16000
2013-07-08,54.0,58.1,54.0,58.1,113500
2013-07-09,62.0,63.9,62.0,63.9,82000
2013-07-10,70.1,70.2,70.1,70.2,148500
2013-07-11,77.0,77.2,73.8,76.3,306300
2013-07-14,82.0,82.0,68.7,73.7,99700
2013-07-15,68.5,79.9,68.5,74.9,99900
2013-07-16,79.0,82.3,78.0,82.2,214500
2013-07-17,81.0,85.5,78.0,79.6,86900
2013-07-18,78.4,78.4,72.1,72.8,114100
2013-07-21,75.0,75.0,65.6,67.1,51100
2013-07-22,70.0,70.0,62.2,65.2,34600
2013-07-23,65.9,67.2,59.5,60.1,30400
2013-07-24,59.0,66.1,59.0,66.0,72600
2013-07-25,68.0,69.8,60.0,61.8,23400
2013-07-28,61.1,61.1,55.7,56.6,13700
2013-07-29,59.1,62.2,58.2,62.2,42800
2013-07-30,65.0,66.2,62.0,63.6,41600
2013-07-31,64.7,64.9,62.0,62.9,15800
2013-08-01,62.4,62.4,58.5,59.5,25900
2013-08-04,55.7,59.9,55.6,58.9,20700
2013-08-05,59.8,61.5,58.3,60.3,9700
2013-08-12,59.6,64.3,59.5,63.9,35100
2013-08-13,65.5,68.0,65.0,67.5,44300
2013-08-14,65.2,67.6,65.2,66.0,31500
2013-08-18,67.0,67.5,66.0,66.0,20400
2013-08-19,66.2,70.0,65.1,67.4,46300
2013-08-20,68.8,70.1,67.7,68.0,70400
2013-08-21,69.8,70.2,66.6,68.1,50000
2013-08-22,68.1,74.9,68.1,74.8,166000
2013-08-25,81.8,82.0,77.1,77.8,166500
2013-08-26,76.0,77.9,75.0,75.3,67700
2013-08-27,76.0,76.2,68.1,70.8,106400
2013-08-29,71.9,76.2,70.1,75.1,85800
2013-09-01,78.7,79.9,73.7,74.5,32900
2013-09-02,75.8,76.0,71.6,72.0,39200
2013-09-03,73.8,74.8,71.5,73.2,34800
2013-09-04,75.0,76.5,72.0,72.8,34200
2013-09-05,74.8,74.8,70.8,71.4,20500
2013-09-08,70.0,71.4,68.2,68.8,24400
2013-09-09,71.9,74.8,70.0,74.2,74000
2013-09-10,76.0,81.6,76.0,81.6,500700
2013-09-11,88.0,89.7,84.3,89.6,431900
2013-09-12,90.1,98.4,86.0,97.4,314100
2013-09-15,98.0,101.9,92.1,93.8,253500
2013-09-16,95.0,95.0,88.0,91.5,208700
2013-09-17,92.0,92.9,88.2,89.6,168900
2013-09-18,91.0,92.9,83.4,85.4,110100
2013-09-19,85.9,86.7,80.0,81.1,137000
2013-09-22,82.0,84.2,80.0,81.1,53400
2013-09-23,83.4,83.8,81.0,81.5,106400
2013-09-24,83.5,86.5,82.2,82.4,109500
2013-09-25,80.0,81.5,76.0,76.3,94900
2013-09-26,78.0,79.9,76.4,77.7,49800
2013-09-29,80.0,80.7,72.3,72.9,61500
2013-09-30,73.0,73.0,70.1,70.6,55400
2013-10-01,70.1,73.6,70.1,70.9,38900
2013-10-02,72.9,73.4,71.5,72.0,24500
2013-10-03,73.4,76.8,73.4,74.8,48700
2013-10-06,72.5,75.5,72.0,72.4,30200
2013-10-07,72.9,72.9,70.6,71.5,17500
2013-10-08,72.1,72.1,68.7,69.0,51500
2013-10-09,70.0,71.1,67.1,69.1,29800
2013-10-10,71.0,71.0,69.5,69.9,16200
2013-10-20,64.5,68.5,64.0,68.2,13000
2013-10-21,65.2,65.6,61.5,65.0,26400
2013-10-22,67.3,69.0,66.6,67.8,33800
2013-10-23,69.6,70.5,67.2,67.5,19700
2013-10-24,67.8,67.9,64.0,64.9,15200
2013-10-27,64.4,66.0,64.1,65.3,17100
2013-10-28,65.5,66.8,64.2,64.6,46500
2013-10-29,64.0,64.8,63.8,63.9,62400
2013-10-30,64.2,64.3,62.6,63.7,34300
2013-10-31,66.7,66.7,63.9,64.0,19500
2013-11-03,65.3,67.0,64.5,66.4,44000
2013-11-04,70.0,72.0,67.2,71.7,124000
2013-11-05,74.0,75.9,71.0,72.1,59600
2013-11-06,71.2,72.7,69.0,69.5,48800
2013-11-07,69.8,71.0,69.7,69.8,67800
2013-11-10,74.7,75.0,69.8,70.0,154800
2013-11-11,70.0,70.0,68.0,68.0,101500
2013-11-12,68.5,70.3,68.5,69.8,55000
2013-11-13,70.0,73.8,69.4,72.3,122100
2013-11-14,74.0,74.2,71.0,71.5,95100
2013-11-17,72.2,74.0,71.7,73.4,74400
2013-11-18,73.3,75.4,73.2,74.3,159800
2013-11-19,75.0,76.5,74.5,75.8,177400
2013-11-21,76.0,79.5,74.0,75.5,172800
2013-11-24,73.1,74.2,71.7,71.9,52700
2013-11-25,72.0,74.8,72.0,72.9,57100
2013-11-26,73.1,74.2,71.1,71.8,91900
2013-11-27,69.2,73.0,69.2,71.8,36900
2013-11-28,72.1,73.0,70.3,71.7,30400
2013-12-01,70.7,73.5,70.5,71.1,35800
2013-12-02,72.7,73.0,71.6,71.8,75000
2013-12-03,72.9,74.0,71.8,73.0,32400
2013-12-04,73.0,76.9,73.0,75.7,99000
2013-12-05,76.0,77.9,74.8,76.3,76300
2013-12-08,77.7,78.1,76.0,77.0,84700
2013-12-09,74.0,78.6,74.0,75.6,79800
2013-12-10,75.4,76.4,74.0,75.0,49300
2013-12-11,75.0,76.0,74.3,74.7,43500
2013-12-12,75.0,75.4,73.5,74.1,38700
2013-12-15,74.6,75.5,74.0,74.0,36200
2013-12-17,75.9,77.5,73.1,74.1,44600
2013-12-18,74.2,75.0,72.9,73.3,62300
2013-12-19,72.5,73.5,72.0,73.0,22300
2013-12-22,73.5,74.6,72.7,72.8,45000
2013-12-23,72.0,73.5,72.0,72.3,20500
2013-12-24,72.1,72.1,71.1,71.5,13600
2013-12-26,71.1,71.8,71.0,71.5,14400
2013-12-29,71.3,72.0,71.0,71.4,13400
2013-12-30,72.0,72.0,71.5,71.6,8100
2014-01-01,72.0,72.4,71.7,72.1,31200
2014-01-02,72.2,75.0,72.2,73.5,44100
2014-01-06,73.5,78.5,73.0,77.8,141200
2014-01-07,80.0,85.5,79.0,85.4,406400
2014-01-08,89.0,89.0,84.5,86.5,124700
2014-01-09,86.0,89.8,86.0,88.5,149600
2014-01-12,89.0,97.3,89.0,96.7,544100
2014-01-13,98.0,101.0,95.1,98.2,173900
2014-01-15,99.8,99.8,93.0,96.4,160600
2014-01-16,94.5,97.8,93.2,96.3,135700
2014-01-19,97.2,98.0,95.2,96.3,139600
2014-01-20,98.0,105.0,95.3,103.4,358700
2014-01-21,103.0,109.4,102.5,105.5,557300
2014-01-22,108.5,115.7,108.4,113.3,322400
2014-01-23,117.5,119.0,106.2,107.2,530700
2014-01-26,107.4,109.7,101.0,101.6,216100
2014-01-27,101.0,110.9,99.7,108.1,298400
2014-01-28,111.8,111.8,104.0,105.0,90400
2014-01-29,107.5,108.8,103.0,103.3,131400
2014-01-30,106.9,106.9,100.0,101.0,188200
2014-02-02,102.5,105.6,102.0,102.3,125600
2014-02-03,102.1,105.4,102.1,103.5,125400
2014-02-04,104.0,104.9,100.3,101.0,119900
2014-02-05,102.1,103.0,99.6,100.3,80400
2014-02-06,101.0,104.0,99.5,100.3,118400
2014-02-09,102.3,102.9,99.5,99.7,117500
2014-02-10,100.2,103.5,100.0,101.8,118500
2014-02-11,102.8,107.8,102.8,106.7,336300
2014-02-12,106.8,110.1,106.5,107.5,306400
2014-02-13,108.0,109.5,103.5,104.6,126600
2014-02-16,104.5,106.5,104.0,104.6,125700
2014-02-17,104.5,104.5,101.8,102.0,80400
2014-02-18,101.3,103.7,101.3,102.1,107200
2014-02-19,102.8,105.2,102.8,104.2,91600
2014-02-20,105.5,111.4,105.0,110.5,384000
2014-02-23,110.3,118.0,107.5,115.0,406800
2014-02-24,115.0,120.9,115.0,117.4,224600
2014-02-25,117.4,118.8,112.4,113.1,238600
2014-02-26,114.3,122.0,111.7,119.1,256600
2014-02-27,120.0,126.9,119.7,123.9,400100
2014-03-02,125.4,125.4,119.3,122.0,264500
2014-03-03,122.7,123.0,118.3,119.4,256600
2014-03-04,118.8,129.8,118.8,125.8,376600
2014-03-05,124.0,127.9,123.3,126.9,301300
2014-03-06,128.5,138.6,128.5,137.8,527500
2014-03-09,140.0,141.0,135.0,137.8,428400
2014-03-10,140.0,140.3,132.0,132.6,261900
2014-03-11,133.0,143.0,132.6,140.8,527100
2014-03-12,143.0,146.0,140.2,141.6,281900
2014-03-13,142.0,147.0,139.5,146.2,303500
2014-03-16,148.8,157.8,147.1,155.6,604400
2014-03-18,156.8,157.0,147.1,148.1,412200
2014-03-19,147.0,149.0,143.8,147.5,322800
2014-03-20,150.0,159.9,148.1,158.6,521000
2014-03-23,157.0,165.3,155.0,164.2,384100
2014-03-24,167.0,175.0,165.0,174.7,454900
2014-03-25,175.0,177.5,169.3,172.2,397800
2014-03-27,173.1,183.9,171.1,181.9,410900
2014-03-30,182.6,190.0,182.0,188.8,389000
2014-03-31,190.8,193.5,171.3,172.6,552000
2014-04-01,174.0,182.0,170.0,177.3,416300
2014-04-02,178.2,183.8,167.0,176.1,330800
2014-04-03,175.0,175.0,161.6,162.7,352800
2014-04-06,165.0,174.0,157.3,171.6,284000
2014-04-07,175.7,178.8,169.1,171.3,278200
2014-04-08,173.0,173.9,163.0,164.0,289100
2014-04-09,167.3,170.7,164.4,165.2,215200
2014-04-10,169.8,169.8,162.6,163.5,131500
2014-04-13,164.1,165.1,157.0,157.6,103100
2014-04-15,157.7,165.0,157.7,162.6,255100
2014-04-16,165.0,169.9,164.5,168.8,275700
2014-04-17,169.3,174.5,165.1,166.4,240800
2014-04-20,166.5,166.8,162.9,163.6,158800
2014-04-21,172.2,174.0,164.0,165.8,415100
2014-04-22,167.0,173.8,166.0,171.0,340400
2014-04-23,170.6,173.9,166.0,166.9,209800
2014-04-24,167.1,168.8,158.3,159.5,326300
2014-04-27,159.0,163.6,157.8,159.5,174700
2014-04-28,160.0,161.3,152.1,153.1,182500
2014-04-29,153.0,153.8,148.3,149.6,223700
2014-04-30,152.7,159.9,148.7,157.3,172000
2014-05-04,157.5,158.0,151.2,152.0,105300
2014-05-05,151.3,152.9,146.1,147.1,172700
2014-05-06,148.0,150.4,143.5,144.1,189000
2014-05-07,147.5,149.7,145.0,145.8,114500
2014-05-08,147.9,154.6,147.9,152.9,225000
2014-05-11,154.0,157.0,152.1,154.0,184100
2014-05-12,154.1,156.6,150.5,151.4,130500
2014-05-14,150.3,152.0,146.8,147.1,180100
2014-05-15,146.3,149.7,144.9,146.1,93300
2014-05-18,146.8,149.5,145.7,146.1,83900
2014-05-19,148.7,153.0,147.0,149.4,198700
2014-05-20,149.6,152.4,148.1,148.9,80400
2014-05-21,149.9,151.0,148.0,148.2,107900
2014-05-22,149.2,150.0,146.7,146.8,71400
2014-05-25,147.0,151.0,146.8,148.2,81500
2014-05-26,149.8,151.5,147.5,148.3,102300
2014-05-27,149.0,151.0,147.8,148.3,108600
2014-05-28,150.6,154.0,150.3,153.4,229600
2014-05-29,155.0,158.0,154.2,156.0,293900
2014-06-01,154.0,164.8,154.0,164.1,389200
2014-06-02,164.8,168.0,162.4,162.7,271400
2014-06-03,162.8,168.4,162.2,163.8,353700
2014-06-04,166.0,170.8,166.0,169.6,376000
2014-06-05,172.0,174.4,165.0,166.3,331500
2014-06-08,165.0,165.0,160.5,162.3,271000
2014-06-09,163.8,165.9,161.8,161.9,210000
2014-06-10,163.0,164.9,157.6,158.0,203000
2014-06-11,159.9,162.6,158.6,160.0,201400
2014-06-12,160.0,167.1,160.0,166.4,328700
2014-06-15,166.9,167.8,160.7,162.5,201000
2014-06-16,162.6,164.2,157.2,158.5,207900
2014-06-17,157.2,163.1,157.2,159.4,94700
2014-06-18,160.5,161.0,158.3,160.5,66800
2014-06-19,161.0,162.9,159.3,159.9,90200
2014-06-22,160.0,160.3,156.8,157.4,91500
2014-06-23,159.0,162.0,158.2,161.7,139500
2014-06-24,161.7,162.2,158.9,159.2,116100
2014-06-25,158.0,164.0,158.0,160.3,171200
2014-06-26,161.0,163.1,159.5,159.8,84700
2014-06-29,163.0,163.2,158.9,159.2,141500
2014-06-30,159.6,161.2,157.7,158.4,64400
2014-07-02,158.9,159.0,157.5,157.6,55500
2014-07-03,157.2,159.7,156.6,156.8,46900
2014-07-06,157.0,158.5,153.4,155.3,56500
2014-07-07,157.4,159.8,156.3,156.8,44200
2014-07-08,157.3,157.7,156.0,157.0,53500
2014-07-09,157.0,158.9,155.7,155.9,31300
2014-07-10,155.2,156.0,153.8,154.3,27400
2014-07-13,154.1,154.1,151.6,152.2,33600
2014-07-14,153.8,156.9,153.8,156.1,59300
2014-07-15,156.0,156.0,154.4,155.2,60100
2014-07-16,156.0,156.2,155.2,156.0,42500
2014-07-17,156.4,156.4,152.0,153.6,42300
2014-07-20,153.0,154.3,152.0,152.2,62400
2014-07-21,155.5,155.5,152.1,152.4,58000
2014-07-22,152.6,157.9,152.6,156.9,71900
2014-07-23,156.0,156.0,153.0,153.4,16300
2014-07-24,153.9,154.0,152.2,152.8,36800
2014-08-03,153.0,155.7,153.0,154.3,123400
2014-08-04,155.6,167.0,155.6,165.2,267100
2014-08-05,165.9,166.9,160.7,161.6,121800
2014-08-06,163.1,165.0,161.2,161.7,142800
2014-08-07,163.4,167.0,163.0,165.5,206900
2014-08-10,168.6,172.9,167.6,168.4,372100
2014-08-11,169.6,171.0,164.2,164.9,149000
2014-08-12,164.4,167.8,159.2,160.6,145100
2014-08-13,162.9,163.0,159.3,159.7,80500
2014-08-14,160.6,162.6,159.0,160.3,106400
2014-08-18,163.5,163.5,158.4,158.9,146400
2014-08-19,160.0,160.2,157.3,157.9,77900
2014-08-20,158.0,160.0,156.0,157.0,70900
2014-08-21,157.0,158.0,155.0,155.2,118600
2014-08-24,155.7,155.9,153.0,153.6,93200
2014-08-25,153.2,155.4,152.8,153.1,87900
2014-08-26,153.0,155.4,152.6,152.8,60400
2014-08-27,153.1,158.0,152.7,156.2,47800
2014-08-28,155.6,165.5,155.6,163.0,263700
2014-08-31,164.9,165.6,159.0,159.6,96600
2014-09-01,160.0,161.0,157.1,157.6,58400
2014-09-02,159.0,164.4,157.2,162.8,100800
2014-09-03,165.0,165.0,160.5,161.2,83500
2014-09-04,163.0,163.0,158.7,158.9,68000
2014-09-07,160.0,160.0,156.1,156.1,53000
2014-09-08,155.8,158.4,155.7,157.1,45300
2014-09-09,156.2,165.0,156.2,159.0,121300
2014-09-10,160.0,162.7,158.3,158.4,70400
2014-09-11,161.4,163.6,159.5,162.7,132100
2014-09-14,164.2,165.0,160.7,160.9,141700
2014-09-15,162.0,162.0,157.5,158.4,118300
2014-09-16,158.1,159.1,155.0,156.5,115800
2014-09-17,156.5,156.9,155.0,155.2,81600
2014-09-18,157.0,158.0,154.0,155.0,121300
2014-09-21,155.5,157.0,154.0,154.5,110500
2014-09-22,157.0,158.0,152.8,153.1,74700
2014-09-23,153.5,156.0,152.9,153.6,75100
2014-09-24,153.3,154.0,152.4,153.0,84700
2014-09-25,156.0,159.8,155.0,156.9,155300
2014-09-28,158.0,158.8,156.0,156.9,76900
2014-09-29,157.0,159.0,153.5,154.3,93300
2014-09-30,155.1,156.5,152.9,153.2,62200
2014-10-01,153.0,156.0,153.0,154.0,30200
2014-10-02,154.3,158.7,154.0,156.0,65800
2014-10-12,160.0,165.0,160.0,164.2,286100
2014-10-13,166.8,168.0,163.7,164.0,169800
2014-10-14,165.7,167.4,162.0,166.6,253300
2014-10-15,167.9,176.5,167.9,173.3,373500
2014-10-16,174.8,177.0,171.1,176.0,308500
2014-10-19,179.9,184.8,173.4,176.8,527800
2014-10-20,179.8,181.8,172.5,173.2,262300
2014-10-21,174.0,176.0,169.7,170.3,221300
2014-10-22,170.0,172.0,168.2,168.6,185600
2014-10-23,169.9,172.8,166.7,167.2,222300
2014-10-26,168.6,169.0,161.6,163.7,113700
2014-10-27,162.2,163.0,158.3,160.1,109500
2014-10-28,163.0,165.0,158.0,159.1,139000
2014-10-29,158.0,160.0,155.8,157.3,88400
2014-10-30,162.7,164.9,159.2,161.8,117600
2014-11-02,178.0,178.0,165.0,166.9,538800
2014-11-03,168.9,169.4,157.5,159.0,229000
2014-11-05,159.5,164.0,153.0,155.3,300700
2014-11-06,158.2,170.7,158.0,165.7,632400
2014-11-09,164.3,164.3,156.1,158.6,398200
2014-11-10,150.0,150.0,142.8,144.3,373100
2014-11-11,144.1,145.9,140.0,141.2,190400
2014-11-12,142.0,144.9,138.1,143.7,265500
2014-11-13,145.5,149.0,144.1,145.6,115700
2014-11-16,147.8,148.4,144.1,144.9,142300
2014-11-17,145.9,148.0,142.8,143.7,102700
2014-11-18,145.6,145.7,142.2,142.6,91000
2014-11-19,146.0,146.0,142.7,143.4,130400
2014-11-23,133.0,133.5,121.5,122.5,113000
2014-11-24,121.4,122.6,118.5,120.0,28700
2014-11-25,120.5,123.7,117.0,119.1,29000
2014-11-26,118.1,119.0,112.0,113.1,56600
2014-11-27,114.0,115.8,113.4,113.7,32600
2014-11-30,113.3,115.7,113.3,114.2,32000
2014-12-01,116.0,122.0,115.1,119.2,30900
2014-12-02,119.9,126.6,118.5,124.8,73800
2014-12-03,124.9,129.1,124.8,126.9,54600
2014-12-04,127.9,127.9,122.9,123.0,48000
2014-12-07,121.4,121.5,119.0,119.3,38000
2014-12-08,120.6,120.8,118.5,119.5,32700
2014-12-09,119.6,119.6,117.3,117.8,25500
2014-12-10,119.0,119.0,116.0,116.7,27900
2014-12-11,112.0,122.0,112.0,115.9,10001
2014-12-14,114.3,116.5,113.3,113.8,10789
2014-12-15,112.5,116.8,112.5,113.4,7975
2014-12-17,112.5,116.0,112.5,114.4,5118
2014-12-18,114.8,117.9,114.8,116.5,16172
2014-12-21,116.0,118.7,114.2,117.1,12194
2014-12-22,118.0,119.8,116.1,117.4,22618
2014-12-23,116.0,116.5,114.7,115.2,8388
2014-12-24,113.9,116.8,113.7,115.8,15824
2014-12-28,115.1,115.8,112.0,112.9,13181
2014-12-29,114.2,116.0,113.1,114.8,9276
2014-12-30,116.0,116.9,114.7,115.8,9097
2015-01-01,116.0,117.0,115.5,116.1,18706
2015-01-05,117.1,117.2,115.5,115.9,11536
2015-01-06,114.1,118.0,114.1,117.2,6133
2015-01-07,116.7,118.2,115.2,115.6,28224
2015-01-08,115.2,117.2,114.9,116.1,17258
2015-01-11,116.0,117.0,115.1,115.4,7112
2015-01-12,116.9,116.9,113.8,114.2,27704
2015-01-13,114.5,116.1,114.5,115.6,48646
2015-01-14,114.0,114.9,113.0,113.5,28875
2015-01-15,112.0,113.8,112.0,112.5,23157
2015-01-18,115.9,115.9,110.0,112.3,43471
2015-01-19,110.6,113.5,110.6,111.8,32221
2015-01-20,113.0,113.5,110.5,110.9,26280
2015-01-21,109.6,110.0,104.0,104.4,20056
2015-01-22,105.0,107.9,104.5,107.1,17736
2015-01-25,104.4,106.0,101.1,103.4,21117
2015-01-26,103.1,103.1,99.5,100.2,29274
2015-01-27,101.0,102.0,97.3,100.9,15819
2015-01-28,99.1,105.0,99.1,103.5,16832
2015-01-29,99.7,99.7,93.2,95.2,88780
2015-02-01,94.0,94.0,90.5,91.0,28842
2015-02-02,90.1,91.7,89.0,90.4,18587
2015-02-03,92.0,93.4,90.8,91.1,23087
2015-02-04,92.7,93.0,90.1,92.3,11742
2015-02-05,90.2,93.2,90.2,92.4,5261
2015-02-08,92.0,95.5,92.0,94.4,13079
2015-02-09,95.0,99.8,95.0,97.2,20133
2015-02-10,100.9,102.9,97.5,101.3,27963
2015-02-11,103.0,107.3,102.9,105.5,46291
2015-02-12,107.5,107.8,103.4,104.3,21414
2015-02-15,105.0,106.9,103.5,104.1,15154
2015-02-16,103.5,103.5,101.0,101.7,14405
2015-02-17,101.5,102.0,99.0,101.1,18471
2015-02-18,103.8,104.0,100.4,101.6,8150
2015-02-19,100.1,102.0,99.0,100.5,21118
2015-02-22,104.0,104.0,100.5,101.1,6986
2015-02-23,103.0,106.9,102.2,105.6,41604
2015-02-24,104.5,108.7,104.5,107.0,33880
2015-02-25,106.6,113.6,105.0,112.4,113634
2015-02-26,113.9,123.6,113.9,123.6,192272
2015-03-01,125.0,128.9,122.0,126.7,168358
2015-03-02,125.9,125.9,115.6,117.2,89104
2015-03-03,124.0,124.0,112.1,122.8,114163
2015-03-04,124.0,128.0,121.2,124.5,169133
2015-03-05,124.3,127.2,122.5,123.9,90848
2015-03-08,123.1,125.0,116.0,118.3,106860
2015-03-09,121.8,122.0,116.4,117.3,55832
2015-03-10,120.5,120.5,115.4,117.0,53905
2015-03-11,117.6,118.0,114.0,114.6,43022
2015-03-12,112.2,117.9,112.2,115.6,63407
2015-03-15,116.0,120.0,115.3,119.0,55100
2015-03-16,119.5,121.6,115.1,116.7,126686
2015-03-18,116.0,116.0,113.1,113.8,44729
2015-03-19,115.2,116.4,113.8,114.1,30862
2015-03-22,116.5,117.8,113.5,114.5,55450
2015-03-23,116.9,118.0,115.0,116.7,56833
2015-03-24,118.4,118.4,112.6,113.5,45237
2015-03-25,114.4,116.9,113.0,114.5,56132
2015-03-29,115.1,117.0,113.2,113.4,55805
2015-03-30,114.0,114.7,111.5,112.2,42551
2015-03-31,112.4,114.0,108.6,109.1,72040
2015-04-01,110.1,111.5,107.5,108.1,35936
2015-04-02,107.2,107.5,105.7,106.0,25101
2015-04-05,106.0,106.6,100.1,101.4,41362
2015-04-06,104.7,104.7,100.0,100.7,42360
2015-04-07,101.5,101.5,98.3,99.0,38978
2015-04-08,99.0,104.8,97.6,103.2,72008
2015-04-09,103.7,105.2,99.7,100.8,44356
2015-04-12,101.0,101.0,96.0,96.8,42767
2015-04-13,99.4,101.0,98.0,98.9,39669
2015-04-15,100.9,101.5,99.4,100.3,21644
2015-04-16,99.1,101.8,97.8,99.0,51601
2015-04-19,98.2,100.0,97.0,98.2,39538
2015-04-20,94.0,99.5,94.0,94.9,30311
2015-04-21,99.0,99.0,94.3,95.0,34506
2015-04-22,96.5,98.9,96.5,97.0,45002
2015-04-23,98.7,98.7,93.1,94.0,20490
2015-04-26,93.0,93.0,86.0,86.8,51566
2015-04-27,83.5,85.0,82.2,83.7,28737
2015-04-29,84.5,84.5,78.0,80.4,18093
2015-04-30,83.2,83.2,74.3,76.2,42943
2015-05-04,81.9,82.0,76.0,77.6,19998
2015-05-05,77.7,80.5,77.7,79.7,25215
2015-05-06,81.2,87.6,81.2,87.6,39346
2015-05-07,94.8,94.8,88.7,92.1,54278
2015-05-10,94.0,96.9,87.9,96.1,34059
2015-05-11,100.0,101.7,94.1,96.8,48250
2015-05-12,98.0,98.5,95.6,96.2,26614
2015-05-13,102.0,102.0,94.5,95.6,30302
2015-05-14,99.0,99.0,92.6,95.1,26132
2015-05-17,98.7,98.7,93.7,94.3,16694
2015-05-18,94.8,96.5,94.0,95.5,26841
2015-05-19,95.0,98.2,95.0,96.9,61437
2015-05-20,96.0,98.1,95.6,97.5,40534
2015-05-21,98.0,103.0,98.0,100.5,71722
2015-05-24,99.7,100.0,98.5,98.9,6033
2015-05-25,99.5,99.5,96.6,97.7,39359
2015-05-26,98.0,101.0,96.1,97.1,31605
2015-05-27,99.5,99.6,97.0,98.1,24875
2015-05-28,97.0,98.5,96.5,97.3,42223
2015-05-31,95.5,99.0,95.5,95.8,30757
2015-06-01,96.1,96.9,94.4,94.8,41743
2015-06-02,95.1,96.7,92.0,94.1,18438
2015-06-04,93.2,96.0,93.2,94.5,19457
2015-06-07,93.7,96.5,93.1,93.8,19516
2015-06-08,96.4,96.4,93.0,93.2,14939
2015-06-09,92.1,93.9,92.1,93.0,12355
2015-06-10,93.7,94.9,93.5,93.8,8949
2015-06-11,93.1,94.5,93.1,93.7,8419
2015-06-14,92.2,93.4,92.2,93.0,8738
2015-06-15,92.7,94.0,92.4,92.9,7561
2015-06-16,94.5,95.0,93.0,93.7,14081
2015-06-17,95.6,100.0,94.1,99.4,59932
2015-06-18,101.9,108.7,101.8,108.2,148491
2015-06-21,109.3,111.0,106.5,108.1,87599
2015-06-22,107.3,107.9,101.5,102.7,49170
2015-06-23,102.0,103.5,99.2,99.9,35782
2015-06-24,101.0,106.9,100.0,104.6,32511
2015-06-25,106.5,106.5,100.1,100.7,21119
2015-06-28,107.6,107.6,100.1,100.6,30263
2015-06-29,100.6,101.9,100.1,100.8,22442
2015-06-30,105.4,107.4,102.0,106.2,83120
2015-07-02,108.0,116.8,108.0,116.8,236466
2015-07-05,119.0,120.9,114.1,117.1,157210
2015-07-06,116.0,123.9,113.9,116.5,155199
2015-07-07,114.6,120.8,114.6,115.8,86013
2015-07-08,115.8,117.0,110.0,112.1,59843
2015-07-09,110.5,114.9,110.0,111.2,42418
2015-07-12,111.2,111.6,108.0,109.3,39117
2015-07-13,109.0,110.9,107.1,108.3,33850
2015-07-14,108.2,109.0,106.0,107.3,33741
2015-07-21,109.6,109.6,107.2,108.1,21963
2015-07-22,109.9,116.0,108.5,111.0,56347
2015-07-23,112.0,115.0,109.1,110.7,29440
2015-07-26,111.9,115.0,110.5,111.1,35835
2015-07-27,110.7,112.0,110.0,111.5,30147
2015-07-28,110.4,112.1,110.4,110.7,28055
2015-07-29,114.6,115.0,110.1,110.4,57729
2015-07-30,113.9,117.8,112.0,116.8,108695
2015-08-02,116.6,118.6,114.4,115.2,55402
2015-08-03,114.0,117.0,113.1,113.9,44922
2015-08-04,113.2,115.6,112.5,113.4,50781
2015-08-05,112.7,119.7,112.7,116.1,94426
2015-08-06,118.5,123.0,118.4,120.5,158209
2015-08-09,121.6,123.9,117.3,119.1,109036
2015-08-10,120.5,121.0,115.5,116.2,87785
2015-08-11,117.5,125.8,116.4,123.9,216352
2015-08-12,123.3,129.9,123.0,124.4,192528
2015-08-13,124.2,126.6,120.2,121.0,83650
2015-08-16,121.0,126.4,121.0,124.1,150349
2015-08-17,127.3,127.3,122.8,123.3,90192
2015-08-18,122.1,124.4,119.4,122.8,85102
2015-08-19,124.9,128.5,124.6,126.9,199745
2015-08-20,127.5,129.7,125.0,125.2,133790
2015-08-23,125.2,126.3,120.7,121.2,105470
2015-08-24,125.8,125.8,120.0,122.0,59761
2015-08-25,121.2,123.6,120.5,122.2,55201
2015-08-26,123.6,125.8,122.0,124.0,84237
2015-08-27,126.4,126.4,121.1,121.4,57370
2015-08-30,121.4,123.4,121.3,122.1,45667
2015-08-31,122.0,122.7,119.7,120.3,36847
2015-09-01,122.7,122.8,117.0,117.8,56508
2015-09-02,120.0,120.9,116.3,118.3,43109
2015-09-03,118.1,120.0,116.4,118.6,36349
2015-09-06,121.8,121.8,117.1,119.2,44437
2015-09-07,120.0,124.0,119.2,122.8,79058
2015-09-08,123.0,123.1,119.0,119.5,32075
2015-09-09,121.9,126.8,119.0,125.5,199098
2015-09-10,126.9,135.0,126.4,132.4,384342
2015-09-13,133.5,139.0,132.1,136.7,494457
2015-09-14,136.0,141.5,136.0,136.8,433667
2015-09-15,136.0,136.9,130.0,130.7,166335
2015-09-16,130.1,137.6,130.0,136.1,297413
2015-09-17,136.3,137.0,130.1,130.8,94572
2015-09-20,131.4,134.0,127.6,127.9,178234
2015-09-21,130.7,131.5,127.6,128.4,74932
2015-09-22,130.0,131.3,129.0,130.1,47435
2015-09-28,130.6,131.0,128.1,129.3,49357
2015-09-29,130.0,131.1,126.0,127.6,73502
2015-09-30,127.1,127.5,124.5,125.3,48159
2015-10-01,126.9,126.9,123.0,123.6,38673
2015-10-04,121.5,123.2,120.5,121.8,33288
2015-10-05,120.8,122.7,120.0,120.6,38811
2015-10-06,123.0,123.8,118.5,119.6,56974
2015-10-07,120.0,122.5,119.1,119.5,34123
2015-10-08,118.6,122.5,118.5,121.3,30430
2015-10-11,121.0,121.0,118.5,119.5,22731
2015-10-12,120.7,123.1,118.0,118.2,37315
2015-10-13,118.2,121.2,117.5,118.2,24215
2015-10-14,117.7,117.7,114.5,115.0,18238
2015-10-15,117.0,117.0,113.0,113.5,17915
2015-10-18,117.9,117.9,111.1,113.2,18575
2015-10-19,114.0,120.0,113.0,117.9,52168
2015-10-20,121.0,127.0,120.0,122.7,89016
2015-10-21,121.3,124.0,120.2,122.7,26314
2015-10-25,121.6,123.1,118.6,120.2,44428
2015-10-26,121.0,122.5,116.2,116.9,33335
2015-10-27,116.4,117.2,114.0,114.4,51345
2015-10-28,117.6,117.6,103.0,103.1,225171
2015-10-29,106.4,106.4,98.0,101.1,73344
2015-11-01,98.0,99.9,93.1,95.0,55818
2015-11-02,95.0,99.0,94.2,98.6,39677
2015-11-03,98.1,99.6,94.4,95.4,61509
2015-11-04,95.0,95.3,91.9,92.1,49457
2015-11-05,95.0,107.0,92.8,102.9,310361
2015-11-08,102.9,105.9,101.1,101.9,54940
2015-11-09,102.9,103.0,96.0,96.3,96727
2015-11-10,97.9,99.5,93.0,94.3,58460
2015-11-11,94.3,95.8,93.0,94.4,42562
2015-11-12,95.9,97.0,94.6,95.8,31002
2015-11-15,95.2,100.0,95.2,96.4,42614
2015-11-16,96.1,99.5,96.1,99.1,33536
2015-11-17,99.9,105.0,99.9,103.4,94378
2015-11-18,104.0,110.0,102.0,107.9,102241
2015-11-19,105.0,110.0,105.0,109.4,122778
2015-11-22,108.8,113.5,108.8,113.1,74682
2015-11-23,113.6,114.9,111.0,111.2,203556
2015-11-25,92.7,95.5,90.0,92.3,76812
2015-11-26,90.0,93.8,87.8,88.9,72849
2015-11-29,87.1,91.0,87.1,88.8,44132
2015-11-30,89.0,90.0,88.9,89.0,25260
2015-12-01,90.0,91.0,89.1,90.5,22091
2015-12-02,90.1,91.6,89.7,90.9,58978
2015-12-03,91.7,94.0,91.0,92.6,64102
2015-12-06,88.6,92.0,88.6,90.2,29765
2015-12-07,90.2,91.6,88.5,89.5,33658
2015-12-08,90.0,90.0,88.5,88.7,15658
2015-12-09,89.1,90.4,88.2,88.8,20250
2015-12-10,89.2,93.5,89.2,92.1,79421
2015-12-13,93.3,93.5,90.2,90.6,29455
2015-12-14,89.9,89.9,88.0,88.5,16449
2015-12-15,89.9,90.0,87.1,87.7,23160
2015-12-17,89.9,89.9,87.7,88.6,17719
2015-12-20,90.9,93.0,89.1,89.7,103329
2015-12-21,92.9,92.9,90.2,91.9,47211
2015-12-22,89.5,94.6,89.5,92.7,79345
2015-12-23,92.9,93.0,91.1,92.2,48927
2015-12-24,93.4,97.9,93.3,97.1,244871
2015-12-27,98.8,99.4,94.1,95.1,69078
2015-12-28,95.6,96.5,93.0,93.5,97979
2015-12-29,94.4,95.4,93.0,93.7,53561
2015-12-30,94.0,98.0,94.0,97.0,163349
2015-12-31,97.0,103.8,97.0,99.7,208067
2016-01-03,101.6,101.6,98.0,98.6,135056
2016-01-04,99.9,99.9,95.9,96.2,118122
2016-01-05,95.0,97.5,95.0,95.2,143486
2016-01-06,95.1,97.2,95.1,95.8,116853
2016-01-07,96.5,97.8,95.5,95.8,116429
2016-01-10,95.7,96.0,93.5,93.9,87898
2016-01-11,94.0,95.5,92.6,92.8,90496
2016-01-12,93.5,94.3,92.5,92.8,47397
2016-01-13,93.2,94.1,92.6,92.9,66998
2016-01-14,93.1,93.6,91.0,91.3,77835
2016-01-17,90.1,92.6,90.0,90.7,49483
2016-01-18,91.2,92.2,90.4,90.8,56526
2016-01-19,90.7,91.6,90.0,90.2,112021
2016-01-20,91.2,91.2,88.0,88.4,86173
2016-01-21,89.9,94.3,89.9,91.9,78919
2016-01-24,92.9,93.9,90.8,91.2,51726
2016-01-25,90.1,91.7,89.7,90.0,68867
2016-01-26,90.1,91.0,89.1,89.8,46391
2016-01-27,91.1,91.1,89.5,89.7,21548
2016-01-28,91.0,91.0,88.6,88.8,24317
2016-01-31,88.7,90.0,87.1,88.1,27718
2016-02-01,89.4,89.8,88.6,89.3,21318
2016-02-02,91.2,93.0,90.2,92.6,189110
2016-02-03,92.3,93.1,89.9,90.3,47125
2016-02-04,89.8,90.9,89.6,90.0,29315
2016-02-07,90.0,91.9,89.6,91.3,64436
2016-02-08,92.0,94.5,92.0,92.9,213877
2016-02-09,92.5,92.8,91.3,91.5,34559
2016-02-10,92.3,93.3,90.2,90.5,100380
2016-02-11,90.6,91.4,89.5,90.1,72867
2016-02-14,90.9,90.9,88.5,89.1,60509
2016-02-15,90.7,90.7,87.9,88.5,54614
2016-02-16,88.5,89.3,88.5,88.8,37394
2016-02-17,89.1,89.4,88.0,88.3,59332
2016-02-18,88.6,88.9,88.0,88.1,45075
2016-02-22,89.0,89.0,87.3,87.5,27383
2016-02-23,88.9,88.9,87.3,87.5,35637
2016-02-24,87.8,88.3,86.9,87.0,21836
2016-02-25,87.1,88.4,87.0,87.6,18281
2016-02-28,87.8,87.8,85.6,86.1,33706
2016-02-29,85.7,87.3,85.7,86.0,19913
2016-03-01,87.7,87.7,85.8,86.0,32680
2016-03-02,86.0,86.0,83.4,83.9,22435
2016-03-03,84.6,85.0,82.6,82.9,16804
2016-03-06,83.0,84.0,80.0,81.3,28518
2016-03-07,83.0,83.0,81.2,82.0,9877
2016-03-08,82.8,83.1,82.0,82.2,16947
2016-03-09,82.4,84.0,82.1,83.0,19388
2016-03-10,83.9,84.0,82.5,82.8,25434
2016-03-13,83.0,85.0,82.8,84.5,30549
2016-03-14,84.5,84.8,83.1,83.5,21169
2016-03-15,83.1,84.6,83.0,83.4,21404
2016-03-16,84.0,84.0,82.9,83.0,15330
2016-03-20,82.9,83.4,82.4,82.8,13413
2016-03-21,82.5,83.4,82.2,82.5,25075
2016-03-22,82.9,84.9,81.0,81.1,49210
2016-03-23,82.0,82.0,80.9,81.1,12093
2016-03-24,81.0,81.4,80.5,80.7,13869
2016-03-27,80.4,81.7,80.4,80.9,10176
2016-03-28,81.8,81.8,80.2,80.5,18167
2016-03-29,80.7,83.9,80.7,82.6,40400
2016-03-30,83.0,83.2,81.0,81.4,18296
2016-03-31,83.1,83.1,81.0,81.3,16910
2016-04-03,82.9,82.9,80.8,81.7,28090
2016-04-04,81.0,82.7,81.0,81.7,21784
2016-04-05,82.0,82.0,80.9,81.0,18754
2016-04-06,81.9,81.9,79.9,80.0,33936
2016-04-07,80.9,81.1,80.5,80.7,24094
2016-04-10,81.0,82.9,80.6,81.1,41469
2016-04-11,81.9,86.8,81.3,84.3,154583
2016-04-12,84.5,89.0,83.0,87.2,216051
2016-04-13,87.0,91.8,86.9,90.5,208535
2016-04-17,91.1,92.9,89.0,91.2,189611
2016-04-18,91.5,92.9,86.4,88.5,144720
2016-04-19,90.5,90.5,85.0,85.9,110782
2016-04-20,86.1,88.0,86.0,87.3,80279
2016-04-21,87.0,87.5,83.2,83.5,69290
2016-04-24,83.9,84.4,82.0,82.6,75636
2016-04-25,82.1,86.0,82.1,84.9,53684
2016-04-26,85.7,88.9,85.1,87.1,121313
2016-04-27,80.0,83.0,78.4,78.4,141394
2016-04-28,78.6,78.6,72.5,73.0,85824
2016-05-02,74.0,76.0,72.2,75.5,37083
2016-05-03,77.0,77.0,75.3,75.8,37083
2016-05-04,76.1,76.1,73.2,74.4,41794
2016-05-05,74.1,75.4,73.9,74.4,57215
2016-05-08,73.4,74.5,73.1,74.2,38790
2016-05-09,74.0,75.0,73.9,74.9,26460
2016-05-10,75.5,79.0,75.5,77.6,50980
2016-05-11,77.9,79.9,77.7,78.8,78933
2016-05-12,78.1,78.9,77.0,78.3,62344
2016-05-15,78.1,78.4,76.0,76.8,60514
2016-05-16,77.8,79.9,77.5,79.6,55748
2016-05-17,79.5,81.6,79.2,80.6,57662
2016-05-18,80.0,81.0,79.0,79.5,25018
2016-05-19,79.8,81.5,79.6,80.9,27189
2016-05-22,80.1,81.2,80.0,80.9,23111
2016-05-24,81.5,81.7,79.1,79.6,47721
2016-05-25,79.2,79.9,78.4,79.4,19678
2016-05-26,80.0,80.0,78.1,79.0,16784
2016-05-29,79.3,79.7,78.7,78.9,31035
2016-05-30,80.1,80.2,79.1,79.4,22874
2016-05-31,79.5,80.5,79.0,80.2,15332
2016-06-01,80.8,80.9,79.0,79.0,21736
2016-06-02,79.9,81.5,79.3,80.3,55144
2016-06-05,81.4,81.9,80.8,81.5,62167
2016-06-06,81.2,81.2,79.6,79.9,15034
2016-06-07,79.0,80.0,79.0,79.7,16670
2016-06-08,79.6,81.0,79.3,79.9,23369
2016-06-09,79.0,81.0,79.0,80.3,17101
2016-06-12,79.4,80.1,79.0,79.7,12408
2016-06-13,79.3,80.8,79.3,80.3,9614
2016-06-14,80.1,80.6,79.7,80.1,11943
2016-06-15,80.0,80.6,79.8,80.2,14895
2016-06-16,80.0,80.2,79.6,79.8,9772
2016-06-19,79.8,80.7,79.5,80.2,21254
2016-06-20,79.6,79.9,78.5,78.9,16706
2016-06-21,77.6,81.0,77.5,78.9,10778
2016-06-22,79.6,79.6,79.3,79.4,9668
2016-06-23,79.1,79.6,79.0,79.1,15307
2016-06-26,80.0,80.0,78.6,79.0,10097
2016-06-27,79.0,79.8,79.0,79.2,17698
2016-06-28,79.1,79.4,79.0,79.1,5744
2016-06-29,79.8,80.2,79.3,80.0,7808
2016-06-30,80.0,80.5,79.5,80.0,17592
2016-07-10,78.2,79.5,78.1,78.9,3130
2016-07-11,78.7,81.0,78.7,80.0,12482
2016-07-12,80.9,82.0,80.0,81.9,52736
2016-07-13,82.0,83.9,80.5,81.5,28918
2016-07-14,81.5,82.0,81.1,81.6,12390
2016-07-16,80.7,82.0,80.7,81.2,22358
2016-07-17,82.0,83.5,81.7,83.2,54958
2016-07-18,83.5,84.1,80.6,80.9,125742
2016-07-19,82.0,83.0,81.1,81.8,31050
2016-07-20,82.0,82.7,81.2,81.6,26352
2016-07-21,82.3,89.7,82.2,89.7,378148
2016-07-24,91.0,94.9,90.7,94.1,449625
2016-07-25,93.6,99.9,92.9,97.2,471031
2016-07-26,98.0,101.5,95.9,96.5,320616
2016-07-27,96.0,104.0,96.0,101.6,575250
2016-07-28,103.0,105.4,100.7,101.9,378324
2016-07-31,105.1,112.0,104.7,112.0,823980
2016-08-01,114.0,117.0,107.5,113.2,699727
2016-08-02,114.0,116.0,106.0,107.7,669180
2016-08-03,108.0,118.2,104.6,117.1,1119120
2016-08-04,117.1,119.4,111.1,112.3,478717
2016-08-07,112.5,119.5,108.2,117.2,872296
2016-08-08,118.0,120.5,111.1,111.7,610606
2016-08-09,111.7,114.7,109.5,112.0,433815
2016-08-10,113.5,116.0,111.2,112.4,498501
2016-08-11,112.8,114.6,109.5,109.9,364095
2016-08-14,110.2,112.0,106.5,107.6,382351
2016-08-16,108.4,111.7,107.3,109.0,335400
2016-08-17,110.1,119.9,109.3,119.9,1515830
2016-08-18,125.0,131.8,125.0,131.4,1505770
2016-08-21,133.1,142.4,130.1,140.1,1438740
2016-08-22,139.0,149.0,135.3,146.5,1019440
2016-08-23,148.0,153.5,145.6,148.5,1085810
2016-08-24,149.9,156.9,145.5,152.2,1141480
2016-08-28,152.0,152.0,137.6,138.8,1682600
2016-08-29,139.0,145.0,138.2,142.5,1010770
2016-08-30,143.0,144.7,128.3,129.4,1321640
2016-08-31,129.0,134.0,123.5,131.7,906787
2016-09-01,131.5,134.8,125.8,127.9,667774
2016-09-04,127.3,129.8,119.0,120.4,724905
2016-09-05,122.5,128.6,119.5,125.9,736972
2016-09-06,127.0,134.8,125.1,133.5,754365
2016-09-07,134.0,135.9,126.8,127.9,780007
2016-09-08,128.1,131.7,124.3,125.6,773814
2016-09-18,127.9,134.0,125.8,133.4,570667
2016-09-19,134.0,135.9,131.0,131.7,623300
2016-09-20,131.9,136.0,131.2,135.4,710778
2016-09-21,136.0,143.9,136.0,141.4,1034290
2016-09-22,141.0,143.9,136.0,136.9,798618
2016-09-24,138.0,139.0,131.5,132.0,639034
2016-09-25,132.6,135.9,131.2,132.6,414515
2016-09-26,133.5,135.8,128.5,129.5,696055
2016-09-27,130.2,134.7,130.0,130.9,444293
2016-09-28,132.0,137.9,131.5,136.3,879047
2016-09-29,135.0,138.4,132.7,133.1,505731
2016-10-02,133.7,135.0,130.2,130.8,354117
2016-10-03,131.6,132.2,127.7,128.1,488588
2016-10-04,129.4,130.0,125.5,126.3,381090
2016-10-05,127.0,130.5,127.0,128.3,240255
2016-10-06,129.7,130.8,126.5,126.8,232662
2016-10-09,127.0,127.1,121.9,122.2,430038
2016-10-10,123.0,123.4,120.4,120.7,269615
2016-10-13,121.1,124.0,121.1,122.4,195394
2016-10-16,123.7,125.3,119.8,120.1,248576
2016-10-17,121.0,121.2,112.8,113.4,488615
2016-10-18,113.5,119.3,113.0,117.5,357147
2016-10-19,118.5,119.8,112.9,113.3,331785
2016-10-20,111.4,111.4,103.7,106.0,631185
2016-10-23,107.0,109.8,102.0,107.9,398284
2016-10-24,108.3,112.6,104.6,109.8,482315
2016-10-25,109.8,111.6,104.0,104.4,496452
2016-10-26,105.0,109.4,104.5,106.2,510711
2016-10-27,107.7,116.8,106.6,116.8,762091
2016-10-30,120.0,124.5,110.7,112.1,698232
2016-10-31,113.0,113.0,102.0,103.6,529397
2016-11-01,104.1,107.0,97.5,100.9,532099
2016-11-02,101.2,104.9,99.0,99.5,233856
2016-11-03,95.0,101.7,91.0,100.0,638493
2016-11-06,101.9,103.8,99.0,100.5,282409
2016-11-07,100.5,102.5,97.2,98.5,497869
2016-11-08,99.9,101.5,97.5,98.1,290106
2016-11-09,99.6,99.6,95.5,95.8,204051
2016-11-10,97.9,105.3,97.9,105.3,492940
2016-11-13,115.8,115.8,110.0,115.8,387380
2016-11-14,120.0,127.3,117.0,126.9,2066900
2016-11-15,129.3,137.0,127.3,131.5,1262420
2016-11-16,130.2,134.0,125.7,129.6,680244
2016-11-17,132.3,135.0,126.0,126.5,982893
2016-11-20,127.5,133.7,124.1,132.8,641617
2016-11-21,133.2,137.0,128.9,130.0,936895
2016-11-23,119.0,122.9,115.6,117.5,1441090
2016-11-24,119.0,119.8,113.0,115.2,398336
2016-11-27,113.8,126.7,112.1,124.0,981915
2016-11-28,127.0,131.5,124.0,126.1,1218660
2016-11-29,126.5,138.6,124.0,134.7,1512110
2016-11-30,136.0,143.5,135.9,143.0,947882
2016-12-01,154.0,154.0,139.1,145.8,1165297
2016-12-04,145.9,146.9,131.3,132.4,1548026
2016-12-05,131.0,137.4,130.1,132.1,830070
2016-12-06,133.1,138.8,133.0,133.8,693802
2016-12-07,134.0,136.7,128.1,129.5,720855
2016-12-08,130.0,131.5,124.7,125.3,622243
2016-12-11,126.2,133.0,126.2,132.0,515375
2016-12-12,132.8,137.9,132.5,134.5,758133
2016-12-14,136.4,137.2,130.5,131.0,553194
2016-12-15,130.2,134.0,128.6,130.1,481744
2016-12-18,131.5,136.9,131.3,132.1,631592
2016-12-19,134.0,135.1,128.2,128.8,571155
2016-12-20,129.5,131.4,125.0,125.3,502204
2016-12-21,126.3,128.4,125.0,125.4,256743
2016-12-22,125.6,127.4,124.0,124.3,273445
2016-12-26,125.0,128.8,124.6,124.9,253308
2016-12-27,125.4,133.4,125.4,130.3,625373
2016-12-28,131.0,134.4,128.5,129.4,329983
2016-12-29,130.0,130.6,125.6,126.2,336869
2017-01-01,127.0,129.9,126.5,126.8,243183
2017-01-02,129.0,133.5,129.0,130.9,604621
2017-01-03,132.9,136.5,132.0,135.4,791261
2017-01-04,136.3,144.8,136.3,141.0,911646
2017-01-05,142.0,143.9,133.9,134.8,731450
2017-01-08,136.2,139.8,133.3,134.5,804040
2017-01-09,135.0,144.3,134.2,143.5,1232378
2017-01-10,145.5,148.0,140.0,140.6,904725
2017-01-11,141.0,146.7,139.0,142.9,901640
2017-01-12,144.0,148.0,144.0,146.2,1050266
2017-01-15,149.0,158.0,149.0,152.5,1257543
2017-01-16,158.6,159.0,140.0,142.3,1317944
2017-01-17,145.2,145.2,134.8,135.6,1226129
2017-01-18,136.8,141.5,134.0,135.8,482125
2017-01-19,136.3,139.8,132.0,133.4,484708
2017-01-22,134.4,135.3,130.9,132.7,645959
2017-01-23,132.9,132.9,126.2,126.8,774678
2017-01-24,127.0,127.0,117.0,118.3,584361
2017-01-25,118.3,122.7,115.0,116.3,345829
2017-01-26,118.9,119.5,115.2,115.9,269959
2017-01-29,113.0,114.7,107.4,112.1,540878
2017-01-30,113.0,117.8,113.0,115.8,229507
2017-01-31,115.4,117.1,113.5,114.0,211068
2017-02-01,115.5,118.9,114.5,116.1,190337
2017-02-02,116.4,124.9,116.3,120.5,611777
2017-02-05,121.5,122.4,117.3,118.9,245646
2017-02-06,118.7,121.0,118.0,120.1,191286
2017-02-07,121.9,123.5,119.4,121.6,240817
2017-02-08,124.0,124.9,121.5,122.7,268017
2017-02-09,123.0,127.3,122.6,126.4,406053
2017-02-12,127.2,131.0,127.2,128.7,366885
2017-02-13,129.8,129.8,125.0,125.8,319548
2017-02-14,125.9,130.9,125.0,129.3,499539
2017-02-15,129.6,130.9,127.6,128.3,318270
2017-02-16,129.8,129.9,127.2,127.8,217851
2017-02-19,128.9,130.0,127.4,128.0,215183
2017-02-20,129.4,137.5,128.9,137.0,1365503
2017-02-22,138.0,139.7,133.0,133.7,356591
2017-02-23,134.1,135.8,132.0,133.1,312676
2017-02-26,134.8,135.3,133.0,134.2,307805
2017-02-27,134.4,135.0,132.2,132.6,285927
2017-02-28,133.8,133.8,129.9,130.4,363746
2017-03-01,131.3,134.9,130.5,134.5,478681
2017-03-02,135.0,139.0,135.0,136.4,1116743
2017-03-05,137.0,137.0,132.9,133.4,569589
2017-03-06,133.7,137.0,133.6,134.5,370119
2017-03-07,135.1,136.6,131.6,132.1,349267
2017-03-08,131.8,133.3,130.8,131.5,262620
2017-03-09,131.4,132.8,130.1,130.4,227333
2017-03-12,132.5,135.9,131.6,134.5,422005
2017-03-13,135.0,136.8,132.2,132.9,280405
2017-03-14,134.3,134.4,131.3,131.6,187282
2017-03-15,132.1,132.1,130.6,130.8,171784
2017-03-16,132.0,132.8,126.8,128.8,591894
2017-03-19,129.5,132.8,128.6,130.1,201062
2017-03-20,132.0,135.8,132.0,132.8,1015003
2017-03-21,133.5,134.3,130.1,130.8,232819
2017-03-22,131.7,131.8,126.9,127.4,432240
2017-03-23,127.6,128.5,125.5,126.2,249495
2017-03-27,127.1,128.1,123.9,125.1,104653
2017-03-28,125.5,126.0,122.5,122.9,232196
2017-03-29,123.1,124.4,121.6,122.2,149237
2017-03-30,122.7,123.0,121.5,121.9,138473
2017-04-02,123.3,123.3,121.2,121.5,117186
2017-04-03,122.6,125.9,122.0,123.3,275846
2017-04-04,123.4,123.6,121.2,121.5,225530
2017-04-05,121.3,121.3,113.1,113.9,669710
2017-04-06,114.0,116.8,112.0,113.2,356983
2017-04-09,114.8,114.8,112.1,112.5,111381
2017-04-10,111.0,116.0,108.1,115.4,375743
2017-04-11,116.0,119.5,115.5,116.2,184826
2017-04-12,116.5,116.5,113.6,114.0,96789
2017-04-13,114.4,115.2,113.2,114.6,89278
2017-04-16,115.0,115.0,112.0,112.3,139234
2017-04-17,112.4,114.5,112.4,113.0,74819
2017-04-18,113.1,113.6,111.0,111.5,107884
2017-04-19,112.7,114.8,111.7,112.6,93578
2017-04-20,112.9,113.5,111.6,111.9,64222
2017-04-23,112.1,112.6,110.9,111.3,93864
2017-04-24,112.2,112.2,109.2,109.7,81742
2017-04-25,111.2,111.5,108.0,108.7,115126
2017-04-26,108.8,112.0,108.1,110.1,72649
2017-04-27,111.9,112.5,110.5,111.2,95171
2017-04-30,111.3,111.3,108.0,108.3,87277
2017-05-02,110.3,110.3,108.0,108.6,117299
2017-05-03,109.9,111.4,109.0,110.2,86563
2017-05-04,109.7,110.7,108.3,108.9,65542
2017-05-07,110.7,110.7,108.0,108.2,140867
2017-05-08,109.0,110.2,108.5,109.1,58897
2017-05-09,109.1,110.2,108.5,108.7,111479
2017-05-11,108.8,114.3,108.8,113.9,272887
2017-05-14,114.7,116.3,112.9,113.9,232818
2017-05-15,114.1,114.1,111.3,111.6,125405
2017-05-16,111.9,112.2,110.8,111.0,151174
2017-05-17,111.0,113.5,111.0,112.5,175092
2017-05-18,113.1,114.2,111.2,111.4,154046
2017-05-21,112.0,112.1,110.5,110.6,104487
2017-05-22,110.9,111.3,110.1,110.4,98564
2017-05-23,110.4,111.5,109.1,109.9,128169
2017-05-24,110.5,110.8,109.0,109.7,70340
2017-05-25,109.3,110.0,108.4,108.6,64591
2017-05-28,109.8,109.8,108.2,108.5,49592
2017-05-29,108.3,108.6,105.2,105.7,115406
2017-05-30,106.3,107.7,105.0,105.9,78939
2017-05-31,105.5,107.3,105.5,106.1,60245
2017-06-01,106.0,106.6,105.0,105.2,56872
2017-06-04,105.4,106.0,103.8,104.2,42321
2017-06-05,104.1,106.8,104.0,106.2,61566
2017-06-06,106.5,109.1,106.2,107.8,88252
2017-06-07,108.9,108.9,106.6,107.0,55395
2017-06-08,108.0,108.0,104.2,104.9,273569
2017-06-11,105.3,106.6,104.4,104.8,49358
2017-06-12,105.9,107.8,105.0,107.4,115366
2017-06-13,107.4,107.9,105.4,107.0,51259
2017-06-14,107.4,107.4,105.1,105.4,55533
2017-06-15,106.2,107.4,105.6,106.3,90167
2017-06-18,107.0,111.9,106.5,110.0,428487
2017-06-19,112.9,114.9,111.6,113.7,493643
2017-06-20,114.6,118.5,113.0,117.9,825401
2017-06-21,118.0,119.5,115.8,116.2,467179
2017-06-22,116.9,122.0,115.0,121.6,817968
2017-06-28,121.6,126.3,121.6,124.8,498286
2017-06-29,123.0,125.3,121.5,124.0,574880
2017-07-02,125.9,125.9,120.7,121.8,464846
2017-07-03,121.9,122.4,118.6,119.9,491314
2017-07-04,121.0,122.4,120.3,120.7,379382
2017-07-05,121.2,121.9,118.5,119.0,379487
2017-07-06,119.0,119.4,117.7,118.1,304993
2017-07-09,118.2,118.6,116.0,117.2,321097
2017-07-10,118.5,119.4,117.2,117.4,163741
2017-07-11,118.0,118.5,116.1,116.4,205095
2017-07-12,117.0,117.5,114.6,114.9,153567
2017-07-13,115.1,118.0,114.1,117.0,143091
2017-07-16,119.0,121.0,117.9,120.7,362984
2017-07-17,121.0,123.0,120.6,120.8,476930
2017-07-18,121.5,123.0,120.0,120.5,368732
2017-07-19,122.0,122.0,117.2,118.0,259282
2017-07-20,118.5,118.8,116.6,117.0,155045
2017-07-23,117.9,118.0,116.7,116.9,75522
2017-07-24,117.5,120.4,117.5,119.4,246806
2017-07-25,120.5,121.3,119.4,120.0,212368
2017-07-26,120.4,120.5,118.7,119.0,105791
2017-07-27,119.6,119.9,117.6,118.5,109622
2017-07-30,118.2,119.0,116.0,116.9,90526
2017-07-31,116.7,118.5,116.7,117.0,165349
2017-08-01,117.1,120.2,117.1,120.0,320652
2017-08-02,120.7,123.7,120.0,122.3,766053
2017-08-03,122.5,122.9,120.1,120.9,367281
2017-08-06,121.5,124.0,121.0,121.5,447537
2017-08-07,121.5,122.4,119.5,120.0,218529
2017-08-08,120.0,122.7,119.7,121.3,258352
2017-08-09,122.1,128.5,122.0,128.0,1149085
2017-08-10,129.7,132.7,125.4,126.4,810140
2017-08-13,126.0,129.0,125.1,126.4,549965
2017-08-16,128.3,131.7,127.0,127.9,689781
2017-08-17,129.9,131.0,125.5,126.5,511232
2017-08-20,126.6,126.6,121.1,121.6,500173
2017-08-21,121.1,125.0,120.6,123.9,267837
2017-08-22,125.8,126.5,122.1,122.7,423686
2017-08-23,122.3,122.6,119.8,120.1,326467
2017-08-24,120.2,123.6,119.0,120.4,256645
2017-08-27,121.0,122.4,120.2,120.3,181811
2017-08-28,120.7,121.0,117.0,118.8,316919
2017-08-29,119.0,119.9,117.8,118.0,205921
2017-08-30,118.1,119.3,117.4,118.2,142742
2017-08-31,118.3,119.5,117.7,118.0,103532
2017-09-04,118.0,121.0,118.0,120.6,149533
2017-09-05,121.0,122.5,119.8,121.4,204115
2017-09-06,122.0,128.4,121.5,123.1,761074
2017-09-07,124.0,125.6,121.7,122.0,243625
2017-09-10,123.5,123.6,118.2,118.7,423923
2017-09-11,119.5,120.8,118.5,118.9,128255
2017-09-12,118.8,121.8,118.8,119.1,103028
2017-09-13,119.2,120.1,118.0,118.2,148401
2017-09-14,118.8,119.9,118.1,118.3,87491
2017-09-17,118.1,119.1,116.8,117.1,154194
2017-09-18,117.3,118.0,115.0,115.8,144800
2017-09-19,116.1,116.9,112.7,113.3,170254
2017-09-20,112.1,115.0,112.0,113.8,74059
2017-09-21,114.0,116.9,112.6,113.6,99750
2017-09-24,113.7,114.8,112.0,112.8,93259
2017-09-25,113.1,114.1,112.6,113.1,53944
2017-09-26,114.6,116.5,113.2,113.5,82537
2017-09-27,115.0,115.0,111.0,111.6,74087
2017-09-28,111.1,112.0,108.8,109.6,107230
2017-10-02,109.2,110.0,105.3,105.6,111249
2017-10-03,107.0,109.9,105.7,108.3,80481
2017-10-04,108.9,110.4,107.2,108.0,74406
2017-10-05,109.1,110.0,107.5,107.7,93816
2017-10-08,107.6,109.0,105.3,106.8,82663
2017-10-09,107.0,107.5,105.8,106.3,60896
2017-10-10,107.8,107.8,104.6,105.3,92108
2017-10-11,106.1,106.2,104.1,104.4,76431
2017-10-12,104.1,105.1,103.3,104.1,57357
2017-10-15,104.4,104.4,101.5,102.1,58786
2017-10-16,103.0,103.5,101.0,101.6,53229
2017-10-17,102.0,105.8,101.5,104.8,83050
2017-10-18,105.6,109.4,105.5,107.8,120520
2017-10-19,108.3,110.0,106.5,107.2,103375
2017-10-22,106.6,107.3,105.2,105.9,113039
2017-10-23,105.1,105.8,103.3,104.1,59603
2017-10-24,104.2,105.4,102.1,102.4,56046
2017-10-25,102.3,104.8,102.3,102.9,42807
2017-10-26,104.8,107.6,102.5,105.1,102474
2017-10-29,105.0,105.0,103.0,103.3,66772
2017-10-30,102.9,104.0,102.1,102.6,27774
2017-10-31,102.9,103.9,100.1,100.9,109250
2017-11-01,101.2,103.6,101.2,103.4,59170
2017-11-02,102.3,104.8,102.3,104.1,83551
2017-11-05,104.9,106.0,104.1,104.4,68796
2017-11-06,105.4,105.4,103.0,103.7,71444
2017-11-07,104.7,107.0,103.9,106.4,145498
2017-11-08,108.0,114.0,105.2,112.7,579249
2017-11-09,112.8,114.1,108.8,109.3,246599
2017-11-12,109.4,116.5,109.0,113.9,506843
2017-11-13,114.1,116.0,111.7,112.1,212892
2017-11-14,113.9,113.9,110.5,110.9,214141
2017-11-15,112.8,112.8,110.5,110.8,88554
2017-11-16,112.4,113.8,111.6,112.2,341532
2017-11-19,112.2,121.4,112.2,120.9,1348331
2017-11-20,121.9,125.4,121.9,124.0,1148690
2017-11-21,124.0,129.0,124.0,125.6,1004536
2017-11-22,126.9,128.9,124.3,125.2,672011
2017-11-23,125.0,126.0,121.6,123.2,494627
2017-11-26,124.3,135.0,124.3,130.7,1513235
2017-11-28,130.6,130.6,125.8,130.6,708052
2017-11-29,133.5,140.0,126.9,129.1,2014576
2017-11-30,129.0,131.5,125.0,125.8,568865
2017-12-03,126.0,133.4,125.8,132.4,943959
2017-12-04,133.0,136.2,132.1,133.0,1000320
2017-12-05,133.0,133.7,126.0,128.4,804768
2017-12-06,129.0,131.4,127.2,128.3,605219
2017-12-07,128.6,130.5,126.0,127.0,447911
2017-12-10,127.3,129.5,124.1,125.0,445287
2017-12-11,126.0,126.3,121.5,122.4,402661
2017-12-12,121.0,126.9,121.0,124.1,389093
2017-12-13,124.9,125.8,122.3,122.7,205155
2017-12-14,122.8,123.7,120.6,121.2,229990
2017-12-17,123.0,124.4,122.1,123.3,306948
2017-12-18,123.8,131.5,123.4,130.3,983587
2017-12-19,131.5,134.5,128.6,130.0,993461
2017-12-20,132.0,135.9,128.9,134.1,1375554
2017-12-21,138.8,138.8,132.9,133.8,946844
2017-12-24,134.7,137.9,133.2,134.0,1047304
2017-12-26,134.4,135.8,125.9,128.2,489211
2017-12-27,128.8,130.8,124.5,125.3,459460
2017-12-28,124.5,133.0,124.5,132.3,455842
2018-01-01,129.0,134.5,129.0,133.0,380771
2018-01-02,134.2,134.2,132.5,132.5,87207
2018-01-03,137.0,138.0,134.7,135.8,687473
2018-01-04,136.0,136.8,133.0,135.9,576144
2018-01-07,136.5,142.0,134.7,140.7,1339934
2018-01-08,141.5,142.9,138.0,139.5,968714
2018-01-09,139.4,143.1,136.6,142.4,750367
2018-01-10,143.4,146.5,142.8,144.5,864142
2018-01-11,144.6,145.8,142.6,145.2,698228
2018-01-14,145.8,147.0,141.0,141.6,826105
2018-01-15,141.6,142.8,135.0,136.6,779795
2018-01-16,137.7,139.0,136.0,137.7,445131
2018-01-17,137.7,139.0,131.8,132.8,623522
2018-01-18,132.4,134.6,131.5,132.8,357940
2018-01-21,133.0,138.8,133.0,137.2,498562
2018-01-22,138.6,141.5,138.0,139.4,651305
2018-01-23,139.6,139.6,136.6,137.7,601875
2018-01-24,138.7,142.3,137.7,141.5,614034
2018-01-25,142.0,142.9,137.2,138.1,553728
2018-01-28,138.1,138.1,135.5,135.8,332478
2018-01-29,136.0,138.8,136.0,137.8,301143
2018-01-30,139.8,140.5,133.8,134.3,490321
2018-01-31,135.0,135.6,132.6,133.6,303830
2018-02-01,134.0,138.9,134.0,136.8,434046
2018-02-04,137.5,138.3,134.4,135.1,418524
2018-02-05,135.8,136.0,130.8,132.4,387504
2018-02-06,132.5,134.5,131.3,131.7,277155
2018-02-07,132.0,134.9,130.2,131.6,361800
2018-02-08,132.9,133.4,131.3,132.5,285217
2018-02-11,133.0,135.9,133.0,135.1,445019
2018-02-12,136.0,139.4,135.4,138.6,845846
2018-02-13,138.6,139.8,136.3,136.9,644238
2018-02-14,137.7,138.0,134.9,135.4,680051
2018-02-15,135.5,137.4,134.7,135.1,559184
2018-02-18,136.0,137.1,134.2,134.6,457086
2018-02-19,134.6,136.2,132.1,132.8,431915
2018-02-20,133.7,134.7,131.6,132.0,340165
2018-02-22,133.4,134.0,132.0,132.7,203948
2018-02-25,133.0,134.3,131.8,132.6,218884
2018-02-26,133.0,137.4,132.6,134.9,792273
2018-02-27,136.1,136.7,132.7,133.0,171332
2018-02-28,134.0,134.0,131.6,132.1,323561
2018-03-01,132.7,136.5,132.7,135.6,424081
2018-03-04,136.4,139.6,136.2,139.1,940741
2018-03-05,139.0,142.2,137.4,139.0,875119
2018-03-06,139.1,140.6,135.9,136.4,649445
2018-03-07,137.1,137.8,134.8,135.1,398667
2018-03-08,136.8,137.1,135.0,136.5,212837
2018-03-11,137.0,137.7,134.5,134.8,203364
2018-03-12,135.0,135.4,132.1,132.7,281116
2018-03-13,133.2,133.3,126.7,127.5,245876
2018-03-14,128.0,129.9,126.0,128.2,203708
2018-03-15,129.1,130.0,127.3,129.1,143448
2018-03-18,130.3,130.3,127.0,127.6,166087
2018-03-19,127.6,128.9,123.2,124.5,157363
2018-03-20,124.5,126.0,122.1,123.2,116028
2018-03-21,124.2,124.2,118.6,119.4,231703
2018-03-22,119.8,123.0,117.6,121.6,193138
2018-03-25,123.8,124.8,119.4,119.9,127365
2018-03-27,119.7,120.0,112.1,114.2,142162
2018-03-28,114.0,116.0,112.4,113.7,132127
2018-03-29,114.0,117.2,114.0,115.9,144451
2018-04-01,118.0,123.0,118.0,121.8,210740
2018-04-02,123.9,125.0,121.5,124.3,284947
2018-04-03,125.5,125.5,120.0,121.6,238530
2018-04-04,122.6,124.0,121.4,121.9,209504
2018-04-05,123.9,127.0,123.9,124.5,451003
2018-04-08,126.0,127.6,123.9,124.2,264146
2018-04-09,124.5,125.0,121.0,121.4,235420
2018-04-10,121.8,123.2,119.5,120.2,191934
2018-04-11,121.0,122.2,119.1,119.7,229091
2018-04-12,121.0,122.5,117.1,117.7,251997
2018-04-15,118.1,121.1,118.0,118.2,156339
2018-04-16,118.7,125.1,118.7,124.7,549203
2018-04-17,125.9,127.7,122.6,124.5,401459
2018-04-18,125.4,126.8,124.0,125.5,383313
2018-04-19,125.9,128.4,125.0,125.7,452313
2018-04-22,126.9,126.9,121.0,121.8,220475
2018-04-23,122.3,123.8,121.6,121.9,196438
2018-04-24,122.4,123.7,120.4,120.9,123067
2018-04-25,121.6,121.8,118.5,119.0,179365
2018-04-26,119.2,120.0,117.9,118.4,187410
2018-04-30,118.4,118.4,115.0,115.2,107359
2018-05-03,117.6,119.4,117.0,118.3,132511
2018-05-06,118.4,121.4,117.0,117.4,221960
2018-05-07,118.5,118.8,115.5,116.1,111624
2018-05-08,117.2,117.5,115.5,115.7,127971
2018-05-09,116.2,116.5,113.0,113.5,137205
2018-05-10,113.6,117.0,112.8,114.5,98643
2018-05-13,115.4,115.5,112.5,113.0,64484
2018-05-14,113.8,116.6,113.7,114.6,170036
2018-05-15,115.5,116.8,113.7,114.1,125291
2018-05-16,114.2,115.9,112.2,112.5,101869
2018-05-17,113.0,113.2,109.8,110.1,143218
2018-05-20,111.4,111.4,107.6,108.2,60532
2018-05-21,108.4,112.4,108.0,109.8,116223
2018-05-22,110.0,111.9,106.9,107.6,109359
2018-05-23,108.8,109.0,103.6,104.7,120449
2018-05-24,104.1,111.9,104.0,110.4,219155
2018-05-27,111.0,111.9,108.0,109.1,111847
2018-05-28,109.2,109.3,104.5,104.8,177133
2018-05-29,105.8,109.9,104.0,106.9,167669
2018-05-30,107.7,109.5,105.5,105.9,116652
2018-05-31,105.7,106.7,104.7,105.0,90061
2018-06-03,106.7,112.2,105.2,110.4,305985
2018-06-04,111.7,116.0,110.3,111.4,329710
2018-06-05,111.6,114.4,110.7,112.5,394439
2018-06-06,114.5,119.0,114.0,116.6,617404
2018-06-07,116.3,118.0,112.0,112.9,267268
2018-06-10,112.5,117.5,112.3,115.1,323559
2018-06-11,115.7,117.0,112.0,112.9,237530
2018-06-12,114.0,114.4,110.5,110.9,217559
2018-06-18,111.5,119.4,111.5,118.2,523970
2018-06-19,119.8,123.3,114.5,115.4,586365
2018-06-20,116.0,122.0,113.8,120.3,513249
2018-06-21,121.0,130.0,121.0,123.9,1069386
2018-06-24,124.0,124.0,117.4,118.5,474992
2018-06-25,118.7,121.3,113.9,114.2,392815
2018-06-26,115.4,116.9,114.3,115.3,294606
2018-06-27,116.0,118.8,114.8,115.4,268457
2018-06-28,116.0,121.3,115.9,118.7,538772
2018-07-02,118.7,122.0,117.1,117.6,400923
2018-07-03,117.5,119.0,113.8,114.2,343929
2018-07-04,114.5,116.3,113.6,114.5,334382
2018-07-05,116.8,116.9,114.4,115.0,337690
2018-07-08,116.5,116.5,113.1,113.4,279802
2018-07-09,114.1,114.5,112.6,112.9,211292
2018-07-10,113.4,115.2,112.5,112.8,252162
2018-07-11,114.0,114.9,111.1,112.1,203034
2018-07-12,114.0,114.0,111.2,111.9,158374
2018-07-15,113.7,113.8,111.5,112.0,159078
2018-07-16,113.0,117.5,112.7,113.9,350248
2018-07-17,116.6,116.7,113.5,115.6,278835
2018-07-18,116.9,117.4,113.5,114.0,330032
2018-07-19,113.9,116.8,113.0,113.9,268243
2018-07-22,115.0,116.3,113.9,115.0,297594
2018-07-23,116.0,124.9,116.0,121.3,984829
2018-07-24,120.1,124.0,117.5,117.9,271340
2018-07-25,120.1,123.6,117.1,118.0,525910
2018-07-26,118.0,120.0,114.6,115.1,233923
2018-07-29,115.4,115.4,113.0,113.2,194388
2018-07-30,113.6,114.9,112.2,112.9,134771
2018-07-31,113.0,115.2,113.0,113.3,122098
2018-08-01,113.3,114.9,113.2,113.8,144285
2018-08-02,114.0,116.9,113.1,115.0,186419
2018-08-05,115.2,120.3,115.2,116.6,397386
2018-08-06,117.0,117.6,114.2,114.8,122464
2018-08-07,117.0,117.0,114.2,114.7,107209
2018-08-08,115.0,116.0,114.0,114.2,101391
2018-08-09,114.5,115.3,113.2,113.6,98503
2018-08-12,113.6,116.0,112.0,112.4,141428
2018-08-13,114.0,116.0,109.8,110.2,132880
2018-08-14,111.9,112.4,109.8,110.2,61760
2018-08-16,110.6,111.8,110.3,111.0,52215
2018-08-19,112.7,112.7,107.6,108.7,82273
2018-08-20,109.0,109.9,106.0,108.6,68258
2018-08-26,109.8,111.7,107.0,110.7,106551
2018-08-27,110.7,111.9,109.8,110.0,43657
2018-08-28,110.9,110.9,107.9,108.1,103705
2018-08-29,109.4,109.4,107.5,107.8,117369
2018-08-30,108.0,108.9,107.6,108.0,70043
2018-09-03,108.0,111.4,107.8,109.9,73413
2018-09-04,110.1,113.5,110.0,111.1,190126
2018-09-05,111.1,113.3,111.1,112.5,121910
2018-09-06,112.8,113.0,109.5,109.8,73788
2018-09-09,110.9,110.9,108.0,108.4,79843
2018-09-10,109.0,109.8,108.0,108.4,86685
2018-09-11,109.5,109.9,108.3,108.8,35902
2018-09-12,108.5,109.7,108.0,108.4,101060
2018-09-13,108.7,109.0,107.5,107.8,121413
2018-09-16,109.0,109.0,106.5,106.9,111064
2018-09-17,106.8,107.8,105.0,105.2,92088
2018-09-18,106.0,106.0,102.4,103.0,224769
2018-09-19,103.5,105.7,103.1,103.5,65052
2018-09-20,103.9,111.6,103.8,110.0,316782
2018-09-23,112.5,121.0,111.6,119.8,1666074
2018-09-24,123.5,123.5,111.2,114.3,423948
2018-09-25,115.0,119.0,111.0,113.0,295497
2018-09-26,115.9,117.0,111.1,111.8,172840
2018-09-27,112.1,112.3,107.0,107.8,147732
2018-09-30,108.0,113.5,108.0,109.1,208448
2018-10-01,111.9,112.8,107.9,108.4,226674
2018-10-02,109.2,109.9,106.8,107.0,245337
2018-10-03,108.8,109.2,106.7,107.0,165692
2018-10-04,108.7,113.0,107.0,111.5,425233
2018-10-07,112.0,114.0,109.0,109.4,209482
2018-10-08,110.2,111.0,108.0,108.3,184938
2018-10-09,109.5,109.8,107.3,107.7,124510
2018-10-10,107.3,108.0,106.0,106.2,187638
2018-10-11,107.3,107.7,105.8,106.0,150537
2018-10-14,106.0,107.9,106.0,106.2,87027
2018-10-15,106.3,107.7,104.1,105.3,101046
2018-10-16,105.5,108.4,105.2,107.5,107184
2018-10-17,107.6,108.9,106.3,106.6,82418
2018-10-18,107.9,108.9,105.0,106.5,96532
2018-10-21,107.0,107.5,103.0,104.0,94140
2018-10-22,104.0,104.7,102.0,102.9,72789
2018-10-23,103.1,104.0,101.0,101.9,96819
2018-10-24,103.0,104.0,102.0,102.1,57103
2018-10-25,102.1,103.5,102.0,102.2,63945
2018-10-28,102.2,102.9,101.0,101.4,47130
2018-10-29,101.1,102.7,100.0,101.4,85663
2018-10-30,103.2,103.6,101.4,101.6,101339
2018-10-31,101.6,102.4,101.2,101.7,66842
2018-11-01,101.9,102.6,100.2,100.8,77443
2018-11-04,102.0,102.5,100.1,100.6,128283
2018-11-05,101.0,102.1,100.5,100.8,77784
2018-11-06,101.0,103.0,100.7,101.2,98561
2018-11-07,102.2,106.0,102.0,103.8,167138
2018-11-08,104.0,104.5,102.0,102.9,110209
2018-11-11,105.0,106.7,103.2,104.2,315078
2018-11-12,105.9,105.9,102.0,102.3,100496
2018-11-13,102.0,105.5,101.7,104.7,164283
2018-11-14,105.2,108.4,104.9,105.4,204986
2018-11-15,105.1,106.0,104.0,105.0,114296
2018-11-18,105.0,109.9,104.4,109.7,399646
2018-11-19,110.1,111.9,107.1,107.9,228118
2018-11-20,109.2,114.0,108.1,109.9,376489
2018-11-22,111.8,113.7,110.2,112.9,366047
2018-11-25,113.5,119.7,113.1,118.9,885523
2018-11-26,119.8,119.9,113.6,114.1,378852
2018-11-27,115.0,115.5,112.5,114.4,287377
2018-11-28,114.5,114.5,110.5,110.9,352331
2018-12-02,103.0,103.9,100.8,101.2,316263
2018-12-03,102.1,103.1,100.1,100.8,169168
2018-12-04,101.6,102.0,98.3,98.6,360896
2018-12-05,99.0,103.4,99.0,102.8,241621
2018-12-06,102.8,103.0,100.6,102.3,224661
2018-12-09,102.9,108.0,102.6,106.9,740290
2018-12-10,107.1,109.7,106.1,108.0,567729
2018-12-11,109.0,112.3,108.3,110.2,793404
2018-12-12,111.4,111.6,106.0,106.7,387952
2018-12-13,107.8,108.6,104.1,104.5,310648
2018-12-17,104.0,104.0,101.1,101.4,160206
2018-12-18,101.7,103.0,100.0,101.8,152156
2018-12-19,102.9,105.7,101.9,104.8,239783
2018-12-20,105.9,105.9,103.5,103.8,165283
2018-12-23,105.0,105.0,103.7,104.2,134040
2018-12-24,104.8,104.8,103.6,103.8,153310
2018-12-26,104.7,105.0,103.6,104.1,103223
2018-12-27,105.0,105.0,103.3,103.7,82169
2019-01-01,104.1,107.1,103.8,106.8,152228
2019-01-02,106.0,109.0,105.2,106.8,243135
2019-01-03,107.5,110.0,107.0,108.4,360664
2019-01-06,109.0,110.5,107.4,107.9,482576
2019-01-07,107.8,109.4,106.3,107.0,451516
2019-01-08,108.0,114.9,107.9,111.6,1034636
2019-01-09,112.3,114.0,110.8,112.3,604805
2019-01-10,112.9,113.7,108.3,108.8,438145
2019-01-13,109.0,111.5,108.3,110.3,265455
2019-01-14,110.9,119.0,110.7,115.4,1244903
2019-01-15,116.0,116.2,112.6,113.0,340189
2019-01-16,113.0,114.5,111.0,111.6,432492
2019-01-17,112.0,112.0,110.2,110.5,297967
2019-01-20,110.9,113.1,110.2,112.5,315809
2019-01-21,113.0,114.6,111.6,112.3,271675
2019-01-22,112.0,112.7,110.5,110.9,206097
2019-01-23,111.5,113.2,111.4,112.3,271098
2019-01-24,113.0,113.2,111.2,111.5,295201
2019-01-27,111.1,111.9,108.2,108.9,305248
2019-01-28,109.9,112.0,109.0,110.9,228955
2019-01-29,111.2,113.0,110.4,110.7,184501
2019-01-30,112.6,112.7,109.0,109.5,163755
2019-01-31,109.6,112.0,109.0,109.7,143086
2019-02-03,108.2,111.0,108.2,110.0,135255
2019-02-04,110.9,113.0,110.1,111.8,318004
2019-02-05,112.0,113.8,112.0,112.8,257857
2019-02-06,113.0,115.5,112.5,113.4,1034822
2019-02-07,114.8,115.9,113.6,114.1,373400
2019-02-10,115.5,118.0,114.1,114.7,931156
2019-02-11,115.0,115.4,113.1,113.7,239383
2019-02-12,113.9,114.4,112.5,112.7,262447
2019-02-13,112.7,113.5,111.8,112.0,215725
2019-02-14,113.7,113.7,111.4,111.6,195897
2019-02-17,111.5,112.7,111.1,111.3,125659
2019-02-18,111.2,113.9,110.9,112.9,183503
2019-02-19,113.8,115.8,112.5,113.3,325981
2019-02-20,113.2,116.0,112.7,114.2,335924
2019-02-24,114.9,117.3,114.3,116.8,485237
2019-02-25,117.5,120.4,116.4,116.9,1309058
2019-02-26,118.0,118.0,115.1,116.0,265633
2019-02-27,116.0,117.9,115.0,117.1,623663
2019-03-03,118.8,124.0,117.9,123.2,1150086
2019-03-04,123.5,125.7,122.1,124.1,1040010
2019-03-05,124.1,126.7,120.6,121.7,1082279
2019-03-06,121.7,122.8,118.2,118.9,493808
2019-03-07,120.0,121.0,118.0,118.8,368441
2019-03-10,119.5,121.5,118.7,119.2,373657
2019-03-11,119.5,120.0,116.9,117.3,327248
2019-03-12,116.0,117.2,114.4,114.9,351973
2019-03-13,114.4,116.7,112.4,113.7,321879
2019-03-14,114.7,118.0,113.5,115.2,308076
2019-03-18,116.9,117.5,114.0,114.5,188347
2019-03-19,114.3,116.3,114.1,115.2,195107
2019-03-20,115.9,116.2,114.2,114.7,225929
2019-03-21,115.0,116.5,114.0,115.9,196236
2019-03-24,116.5,118.0,115.7,117.6,230823
2019-03-25,118.5,119.3,117.6,118.1,272628
2019-03-27,118.9,118.9,115.8,116.3,272137
2019-03-28,116.5,116.9,114.5,115.3,134338
2019-03-31,116.0,116.5,115.0,115.6,120738
2019-04-01,116.0,117.5,115.8,116.6,159108
2019-04-02,117.0,117.4,115.6,115.9,133791
2019-04-03,115.5,116.7,115.5,115.8,109161
2019-04-04,116.4,116.7,115.3,115.7,133711
2019-04-07,116.9,119.9,116.5,119.4,539357
2019-04-08,120.0,121.0,117.7,118.3,464560
2019-04-09,119.0,119.0,116.0,116.3,278238
2019-04-10,116.4,118.0,115.5,115.8,210758
2019-04-11,116.9,117.4,115.1,116.7,144771
2019-04-15,117.7,117.7,115.3,115.6,133833
2019-04-16,115.7,117.3,115.2,116.7,335958
2019-04-17,116.8,117.7,115.5,117.0,187171
2019-04-18,117.9,120.6,116.8,119.7,507405
2019-04-21,120.8,123.9,120.4,121.9,923835
2019-04-23,122.9,123.0,118.8,121.0,642667
2019-04-24,122.0,125.7,121.3,123.6,1736178
2019-04-25,125.0,126.0,123.6,124.8,1105020
2019-04-28,125.5,125.8,117.6,118.1,902510
2019-04-29,118.2,121.0,118.2,120.1,520176
2019-04-30,121.1,122.8,119.6,120.9,642397
2019-05-02,121.0,122.9,121.0,121.9,577521
2019-05-05,123.5,128.7,123.3,126.7,1404167
2019-05-06,127.0,128.0,123.6,124.5,784922
2019-05-07,125.1,126.4,122.9,123.0,651056
2019-05-08,123.4,123.9,120.8,121.4,396204
2019-05-09,121.7,122.8,120.9,121.7,289470
2019-05-12,122.3,122.9,120.9,121.1,327151
2019-05-13,121.7,121.9,119.3,119.7,185704
2019-05-14,120.0,120.4,118.1,118.6,181613
2019-05-15,118.9,119.0,116.6,116.7,220553
2019-05-16,117.4,118.3,116.3,117.7,107900
2019-05-19,118.4,118.9,116.7,117.0,209613
2019-05-20,117.0,119.8,117.0,119.4,200152
2019-05-21,119.4,122.5,118.4,121.6,547780
2019-05-22,121.7,122.7,119.1,119.9,235952
2019-05-23,119.9,120.7,117.6,120.1,217305
2019-05-26,120.5,122.0,119.3,120.0,196420
2019-05-27,119.8,120.9,119.1,120.1,289960
2019-05-28,121.0,121.3,120.0,121.0,152682
2019-05-29,121.2,122.8,120.5,121.4,445948
2019-05-30,122.0,122.7,121.0,121.3,205735
2019-06-09,121.3,123.8,121.2,123.1,244882
2019-06-10,123.7,124.4,122.5,122.8,234127
2019-06-11,123.0,125.3,122.5,124.4,552365
2019-06-12,125.0,125.1,123.2,123.9,329617
2019-06-13,123.6,124.5,121.8,122.6,349704
2019-06-16,123.8,124.0,120.8,121.3,546286
2019-06-17,121.3,123.1,121.2,122.0,380820
2019-06-18,122.6,122.6,119.5,120.1,308300
2019-06-19,119.2,121.2,118.5,119.2,309362
2019-06-20,119.3,120.5,118.0,119.6,308034
2019-06-23,119.6,121.5,119.6,120.7,179424
2019-06-24,121.0,122.0,119.0,119.2,138984
2019-06-25,112.0,121.3,112.0,119.8,158327
2019-06-26,120.0,120.5,119.0,119.7,120520
2019-06-27,119.2,120.4,119.1,119.6,162816
2019-06-30,120.0,120.3,119.2,119.4,166509
2019-07-02,120.0,122.0,120.0,120.8,317008
2019-07-03,122.0,123.6,121.0,122.1,753068
2019-07-04,122.1,122.7,120.2,120.7,227074
2019-07-07,121.1,121.6,119.3,120.0,319474
2019-07-08,120.0,121.8,119.6,119.7,130492
2019-07-09,121.0,121.7,118.9,119.0,220885
2019-07-10,119.3,122.0,118.8,119.8,337471
2019-07-11,121.5,123.0,119.8,120.0,396375
2019-07-14,120.0,120.3,118.7,118.9,127152
2019-07-15,118.9,119.0,116.0,116.3,178456
2019-07-16,116.3,117.8,116.3,117.0,101557
2019-07-17,118.0,118.0,116.0,117.1,165639
2019-07-18,116.8,117.6,115.5,116.1,124871
2019-07-21,115.4,115.4,112.0,113.1,170896
2019-07-22,113.0,113.4,105.3,110.9,100744
2019-07-23,113.4,115.2,112.5,114.0,45798
2019-07-24,113.1,116.5,112.7,115.1,81746
2019-07-25,116.4,117.8,114.0,115.7,52430
2019-07-28,116.3,116.4,113.5,113.9,78153
2019-07-29,115.9,117.6,114.3,116.0,103988
2019-07-30,116.0,116.9,114.2,114.3,55931
2019-07-31,114.0,115.4,113.2,114.6,100170
2019-08-01,114.5,118.9,114.5,118.0,240834
2019-08-04,118.0,118.5,116.5,117.4,83985
2019-08-05,118.0,118.0,115.0,115.7,127473
2019-08-06,115.6,116.5,115.0,115.1,109021
2019-08-07,116.4,116.4,114.1,114.4,54125
2019-08-08,114.4,116.0,114.2,115.1,45298
2019-08-18,115.6,116.2,115.1,115.4,56028
2019-08-19,116.4,117.0,115.4,115.6,106881
2019-08-20,115.4,116.8,115.1,115.4,57891
2019-08-21,115.6,118.0,115.1,117.4,260440
2019-08-22,118.0,123.5,118.0,121.6,1347755
2019-08-25,125.5,125.5,120.5,121.5,204917
2019-08-26,121.1,121.1,117.8,118.1,248823
2019-08-27,117.3,121.6,117.3,120.2,284740
2019-08-28,121.5,129.5,121.5,126.7,1559310
2019-08-29,129.5,129.5,125.3,126.2,744397
2019-09-01,126.2,128.2,121.2,122.2,499872
2019-09-02,122.3,124.5,121.0,123.5,400003
2019-09-03,123.9,126.4,121.1,122.4,349313
2019-09-04,122.7,122.9,120.5,121.1,257758
2019-09-05,122.4,128.8,122.4,128.3,826102
2019-09-08,131.0,141.1,131.0,141.1,2328826
2019-09-09,148.0,148.8,137.0,138.9,1531464
2019-09-11,140.0,152.7,138.9,152.7,1832154
2019-09-12,156.0,167.9,155.0,167.9,1242435
2019-09-15,170.0,172.0,159.7,170.2,1936152
2019-09-16,168.2,171.0,153.5,161.0,1286998
2019-09-17,161.0,176.9,161.0,174.4,1651902
2019-09-18,175.9,178.0,166.1,169.9,1158974
2019-09-19,170.9,170.9,153.0,155.2,1191604
2019-09-22,157.0,163.8,146.1,160.1,701125
2019-09-23,162.7,170.0,155.3,159.7,944385
2019-09-24,160.0,161.8,152.5,154.0,714873
2019-09-25,156.4,164.8,153.0,164.2,550197
2019-09-26,167.0,171.0,160.2,163.9,913853
2019-09-29,163.9,164.0,156.1,156.8,703734
2019-09-30,156.4,161.6,154.2,157.0,659934
2019-10-01,158.5,164.9,158.5,163.5,590061
2019-10-02,164.0,169.3,164.0,166.6,698216
2019-10-03,168.0,174.7,168.0,172.8,844268
2019-10-06,174.1,190.0,174.1,190.0,1392578
2019-10-07,193.1,197.8,185.2,186.5,1097255
2019-10-09,187.1,198.8,185.5,196.2,1243008
2019-10-10,200.0,205.9,194.0,195.7,1207563
2019-10-13,196.9,199.9,187.1,188.2,1300920
2019-10-14,188.2,191.8,181.6,183.7,918203
2019-10-15,189.0,192.2,186.0,189.7,659082
2019-10-16,190.5,193.5,181.0,182.7,728810
2019-10-17,177.0,188.0,177.0,187.1,989991
2019-10-20,190.0,194.8,188.4,189.8,751895
2019-10-21,188.5,190.0,173.0,177.9,655442
2019-10-22,175.0,179.5,160.2,160.5,860432
2019-10-23,160.0,164.7,148.3,151.6,676891
2019-10-24,152.0,165.0,151.6,162.2,601370
2019-10-27,164.8,165.0,154.0,155.0,591468
2019-10-28,152.0,152.0,139.5,140.0,1078743
2019-10-29,137.0,138.4,126.0,126.0,1457359
2019-10-30,122.5,138.6,118.6,138.6,907699
2019-10-31,148.8,152.4,141.5,152.4,1279504
2019-11-03,157.0,164.9,150.0,158.1,1206108
2019-11-04,145.1,158.0,142.4,153.9,860113
2019-11-05,155.0,169.2,155.0,169.2,875580
2019-11-06,174.0,180.0,155.3,158.4,905908
2019-11-07,175.0,175.0,149.0,166.2,1171588
2019-11-11,167.0,171.1,155.5,157.5,743492
2019-11-12,143.0,157.6,143.0,151.8,822706
2019-11-13,152.8,155.9,142.5,145.0,803390
2019-11-14,142.0,155.9,141.0,154.2,835833
2019-11-17,158.1,164.9,157.0,162.4,938877
2019-11-18,162.0,164.8,153.0,155.4,1094610
2019-11-19,153.1,155.6,147.7,152.4,959153
2019-11-20,155.0,164.6,155.0,163.5,1041778
2019-11-21,165.2,165.9,157.0,159.1,896497
2019-11-24,159.0,163.8,157.1,161.4,651683
2019-11-25,161.5,164.0,157.7,158.3,492814
2019-11-26,160.0,160.7,153.6,154.2,862311
2019-11-28,145.0,146.9,136.9,138.3,1021593
2019-12-01,139.0,140.0,131.1,133.5,461546
2019-12-02,135.5,143.3,135.5,138.6,594157
2019-12-03,139.3,141.8,134.0,135.1,497305
2019-12-04,137.0,137.4,130.1,130.9,469145
2019-12-05,132.7,135.7,131.0,133.9,400445
2019-12-08,133.9,139.8,133.9,136.1,564368
2019-12-09,136.1,138.7,134.8,136.9,377465
2019-12-10,138.4,138.7,132.0,132.7,325453
2019-12-11,133.8,133.8,126.7,127.4,376547
2019-12-12,127.4,128.9,124.1,126.0,325801
2019-12-15,126.9,127.9,123.5,123.9,200880
2019-12-17,124.0,125.5,116.2,116.3,364001
2019-12-18,118.0,123.9000015,116.5,121.5999985,319734
2019-12-19,122.5,125.4000015,121.5999985,122.5999985,235150
2019-12-22,122.9,124.3,117.2,118.2,265009
2019-12-23,118.5,119.5,116.5,116.9,227377
2019-12-24,117.1,118.5,116.3,117.2,186698
2019-12-26,118.0,124.8,117.4,123.0,327168
2019-12-29,123.5,126.0,122.5,123.4,295928
2019-12-30,123.4,124.5,120.1,120.4,214960
2020-01-01,120.4,122.6,120.0,121.0,209731
2020-01-02,122.6,124.5,122.3,124.2,239566
2020-01-05,125.0,129.6,124.6,128.5,716073
2020-01-06,128.5,132.0,126.6,128.0,394427
2020-01-07,128.5,129.4,123.0,123.3,295459
2020-01-08,123.3,125.0,118.6,119.0,273382
2020-01-09,120.0,122.0,116.6,119.6,250355
2020-01-12,121.1,124.9,121.1,122.8,224238
2020-01-13,123.9,123.9,118.5,119.2,261904
2020-01-14,119.1,119.9,114.0,115.9,179713
2020-01-15,117.0,119.0,113.0,113.9,177947
2020-01-16,114.0,115.9,108.1,111.1,244047
2020-01-19,111.5,122.0,111.5,121.3,435559
2020-01-20,124.8,126.0,122.3,124.6,616942
2020-01-21,124.6,125.0,121.0,121.5,342165
2020-01-22,121.8,124.4,121.2,123.7,294040
2020-01-23,125.0,133.8,125.0,132.9,802498
2020-01-26,135.0,137.9,129.3,130.4,823385
2020-01-27,131.7,131.9,128.2,129.6,404529
2020-01-28,130.0,130.8,125.0,126.2,632835
2020-01-29,128.5,130.5,125.8,127.4,529867
2020-01-30,128.4,128.9,122.5,123.5,330884
2020-02-02,123.5,124.4,120.4,122.8,525688
2020-02-03,123.5,128.0,123.5,125.7,348070
2020-02-04,126.3,126.3,122.1,122.9,335484
2020-02-05,123.4,125.0,122.2,123.7,274129
2020-02-06,123.8,124.6,121.9,122.2,286969
2020-02-09,122.9,123.8,118.6,119.1,267937
2020-02-10,120.5,124.0,120.0,122.2,316789
2020-02-11,123.5,127.0,123.4,123.8,332416
2020-02-12,124.0,124.5,119.9,120.3,461071
2020-02-13,121.7,122.5,118.6,120.2,516257
2020-02-16,122.2,123.8,120.8,121.7,578035
2020-02-17,122.0,123.6,121.1,123.1,652805
2020-02-18,124.5,131.8,124.1,128.4,1429666
2020-02-19,128.5,134.0,127.4,130.8,1090169
2020-02-20,131.5,132.0,125.2,125.6,647512
2020-02-23,127.8,127.8,123.1,123.6,383762
2020-02-24,124.8,124.8,122.0,122.4,413218
2020-02-25,122.9,128.9,122.9,126.1,561328
2020-02-26,126.5,127.9,123.0,123.6,380097
2020-02-27,124.3,126.4,123.0,123.2,461816
2020-03-01,123.1,123.1,118.7,119.2,344286
2020-03-02,120.1,122.0,118.0,119.6,223044
2020-03-03,121.3,122.6,119.7,120.0,347677
2020-03-04,121.9,126.0,120.7,123.1,529590
2020-03-05,123.1,124.9,121.8,122.8,212793
2020-03-08,124.0,126.0,120.5,121.0,507027
2020-03-09,119.2,120.0,108.9,108.9,514099
2020-03-10,108.9,113.7,106.1,112.4,355138
2020-03-11,118.0,119.4,114.5,116.7,429848
2020-03-12,117.4,118.0,110.4,111.0,476809
2020-03-15,111.3,111.3,99.9,102.7,547166
2020-03-16,107.9,108.9,94.5,95.3,498735
2020-03-18,98.0,102.5,86.6,88.7,387162
2020-03-19,105.0,105.0,105.0,105.0,14803
2020-03-22,105.0,105.0,103.1,103.1,41220
2020-03-23,103.5,105.0,103.1,103.2,513472
2020-03-24,103.2,103.2,103.1,103.1,59471
2020-03-25,103.1,103.1,103.1,103.1,46140
2020-05-31,103.1,103.1,103.1,103.1,9820
2020-06-01,103.1,103.1,103.1,103.1,5403
2020-06-02,103.1,103.1,103.1,103.1,3370
2020-06-03,103.1,103.1,103.1,103.1,154
2020-06-04,103.1,103.1,103.1,103.1,620
2020-06-07,103.1,103.1,103.1,103.1,104
2020-06-08,103.1,103.1,103.1,103.1,54
2020-06-09,103.1,103.1,103.1,103.1,3304
2020-06-10,103.1,103.1,103.1,103.1,506
2020-06-11,103.1,103.1,103.1,103.1,342
2020-06-14,103.1,103.1,103.1,103.1,35
2020-06-15,103.1,103.1,103.1,103.1,111
2020-06-16,103.1,103.1,103.1,103.1,170
2020-06-17,103.1,103.1,103.1,103.1,150
2020-06-18,103.1,103.1,103.1,103.1,4890
2020-06-21,103.1,103.1,103.1,103.1,109
2020-06-23,103.1,103.1,103.1,103.1,545
2020-06-24,103.1,103.1,103.1,103.1,2215
2020-06-25,103.1,103.1,103.1,103.1,2000
2020-06-28,103.1,103.1,103.1,103.1,1438
2020-06-29,103.1,103.1,103.1,103.1,726
2020-06-30,103.1,103.1,103.1,103.1,899
2020-07-02,103.1,103.1,103.1,103.1,1810
2020-07-05,103.1,103.1,103.1,103.1,956
2020-07-06,103.1,103.1,103.1,103.1,2127
2020-07-07,103.1,103.1,103.1,103.1,2106
2020-07-08,103.1,103.1,103.1,103.1,8392
2020-07-09,103.1,103.1,103.1,103.1,19337
2020-07-12,103.1,107.4,103.1,106.9,584933
2020-07-13,107.6,107.9,103.5,104.0,170616
2020-07-14,104.0,104.9,103.1,103.1,192867
2020-07-15,103.1,103.8,103.1,103.1,56924
2020-07-16,103.1,103.1,103.1,103.1,7556
2020-07-19,103.1,103.1,103.1,103.1,1168
2020-07-20,103.1,103.1,103.1,103.1,1180
2020-07-21,103.1,103.1,103.1,103.1,8304
2020-07-22,103.1,103.1,103.1,103.1,4175
2020-07-23,103.1,103.1,103.1,103.1,8614
2020-07-26,103.1,103.1,103.1,103.1,7744
2020-07-27,103.1,105.4,103.1,103.6,440065
2020-07-28,104.2,106.5,103.7,104.9,282928
2020-07-29,105.9,109.9,105.4,109.7,520359
2020-07-30,110.1,110.4,106.8,107.3,246226
2020-08-03,107.1,108.8,104.7,105.4,350863
2020-08-04,106.7,108.7,105.1,107.7,266655
2020-08-05,107.7,109.0,105.3,105.8,288016
2020-08-06,105.9,111.9,105.1,110.3,501379
2020-08-09,110.7,115.0,110.7,112.9,449367
2020-08-10,113.3,113.3,109.1,111.2,408073
2020-08-12,111.7,114.9,111.4,112.7,583996
2020-08-13,113.8,121.0,113.0,117.8,745928
2020-08-16,117.8,120.5,115.1,116.5,649088
2020-08-17,117.5,119.0,111.7,112.5,725702
2020-08-18,112.5,115.0,111.2,112.2,262585
2020-08-19,112.4,114.7,110.6,111.4,316628
2020-08-20,112.0,113.2,109.9,110.9,287139
2020-08-23,110.0,114.0,106.0,111.7,359268
2020-08-24,112.4,113.7,110.6,111.3,237312
2020-08-25,112.4,113.5,110.5,110.9,259059
2020-08-26,111.2,117.9,111.2,116.4,637948
2020-08-27,117.0,119.8,116.8,117.1,590582
2020-08-31,117.3,117.9,112.5,113.4,414838
2020-09-01,113.4,116.9,112.8,114.6,337569
2020-09-02,116.5,116.9,113.3,114.0,299873
2020-09-03,114.0,118.5,114.0,117.3,638243
2020-09-06,118.3,123.0,118.3,120.7,793806
2020-09-07,120.7,123.3,119.0,120.5,593548
2020-09-08,121.0,127.5,121.0,124.4,1216804
2020-09-09,125.0,126.9,121.5,122.0,721027
2020-09-10,121.7,126.9,121.7,125.2,654460
2020-09-13,126.0,127.1,122.5,123.1,658085
2020-09-14,123.5,123.9,119.6,119.9,626130
2020-09-15,120.1,123.8,118.5,122.9,408260
2020-09-16,122.9,124.4,121.1,121.6,381113
2020-09-17,122.4,122.4,119.7,120.0,317013
2020-09-20,120.3,120.9,117.9,118.6,319208
2020-09-21,119.0,119.8,116.0,116.6,226900
2020-09-22,116.7,118.2,114.5,114.9,201725
2020-09-23,115.0,116.8,114.3,114.5,294676
2020-09-24,114.5,116.4,113.0,113.6,211277
2020-09-27,113.6,114.5,111.3,111.7,241429
2020-09-28,112.7,114.9,111.6,113.6,161122
2020-09-29,114.7,116.0,111.4,111.8,244170
2020-09-30,112.0,112.9,110.0,110.5,220396
2020-10-01,112.4,113.3,110.6,111.7,173397
2020-10-04,111.7,113.5,110.8,111.0,176490
2020-10-05,111.4,112.3,110.3,110.9,178207
2020-10-06,111.0,111.1,106.4,108.3,231110
2020-10-07,108.2,113.0,106.5,108.7,351149
2020-10-08,109.5,111.1,106.3,108.0,257328
2020-10-11,107.5,108.1,105.9,106.0,116489
2020-10-12,107.0,107.0,104.3,104.6,117336
2020-10-13,105.0,108.0,103.5,105.4,173245
2020-10-14,106.8,115.9,105.8,115.9,583218
2020-10-15,118.0,121.2,113.0,115.7,739232
2020-10-18,115.7,118.7,113.2,115.1,430960
2020-10-19,116.8,116.8,112.5,114.3,262370
2020-10-20,115.0,117.0,113.5,113.9,354419
2020-10-21,114.0,115.0,112.2,112.7,189002
2020-10-22,112.7,112.7,107.2,109.3,234133
2020-10-25,110.7,110.7,107.2,107.8,115912
2020-10-27,107.8,108.9,105.2,105.7,181343
2020-10-28,107.0,107.0,103.1,104.2,304071
2020-10-29,103.4,108.0,103.4,105.1,156318
2020-11-01,105.3,105.6,103.7,104.1,240170
2020-11-02,105.2,111.6,104.8,107.5,286655
2020-11-03,107.9,108.0,104.5,105.3,204066
2020-11-04,105.6,107.0,104.0,104.5,194838
2020-11-05,105.4,107.0,104.0,104.3,170931
2020-11-08,105.6,105.9,104.3,104.7,151497
2020-11-09,103.5,103.5,103.1,103.1,112638
2020-11-10,103.1,103.1,103.1,103.1,32556
2020-11-11,103.1,103.1,103.1,103.1,13825
2020-11-12,103.1,103.1,103.1,103.1,9568
2020-11-15,103.1,103.1,103.1,103.1,24228
2020-11-16,103.1,103.1,103.1,103.1,903
2020-11-17,103.1,103.1,103.1,103.1,14770
2020-11-18,103.1,103.1,103.1,103.1,19348
2020-11-19,103.1,107.5,103.1,104.4,578328
2020-11-22,105.0,106.8,103.1,103.2,222438
2020-11-23,103.1,103.1,103.1,103.1,47759
2020-11-24,103.1,103.1,103.1,103.1,32087
2020-11-25,103.1,103.1,103.1,103.1,46475
2020-11-29,103.1,103.1,103.1,103.1,5632
2020-11-30,103.1,103.1,103.1,103.1,3277
2020-12-01,103.1,103.1,103.1,103.1,8423
2020-12-02,103.1,103.1,103.1,103.1,5333
2020-12-03,103.1,105.8,103.1,103.8,405030
2020-12-06,104.0,105.9,103.3,103.5,255247
2020-12-07,103.9,104.5,103.1,103.1,194009
2020-12-08,103.2,103.2,103.1,103.1,63148
2020-12-09,103.1,103.8,103.1,103.1,87289
2020-12-10,103.1,104.5,103.1,103.6,202576
2020-12-13,104.3,107.0,103.3,105.2,285069
2020-12-14,105.5,105.6,103.2,103.5,245150
2020-12-15,104.0,109.7,104.0,106.8,473808
2020-12-17,105.5,107.0,104.3,105.0,158656
2020-12-20,105.1,107.8,103.5,104.0,355698
2020-12-21,105.6,105.7,103.1,105.0,420971
2020-12-22,105.0,105.8,103.1,103.4,313887
2020-12-23,103.4,104.0,103.1,103.3,309621
2020-12-24,103.4,105.1,103.1,104.7,256371
2020-12-27,105.3,106.4,103.5,104.6,303403
2020-12-28,105.1,106.9,104.9,106.1,416034
2020-12-29,106.5,108.8,104.8,105.3,288225
2020-12-30,105.3,105.9,103.1,103.3,439522
2021-01-03,103.9,105.0,103.1,103.4,347384
2021-01-04,104.8,104.9,103.2,103.4,388667
2021-01-05,104.0,107.8,103.4,104.6,632975
2021-01-06,105.0,105.0,103.1,103.3,422067
2021-01-07,103.4,104.5,103.1,103.4,557825
2021-01-10,104.1,105.2,103.8,104.8,381978
2021-01-11,105.2,108.2,104.5,107.7,889449
2021-01-12,108.8,112.0,108.0,108.5,599376
2021-01-13,108.0,108.8,104.1,104.6,367196
2021-01-14,106.6,106.8,104.1,104.5,443176
2021-01-17,105.0,105.3,103.1,103.1,745455
2021-01-18,103.1,104.0,103.1,103.1,140333
2021-01-19,103.1,104.6,103.1,103.1,181740
2021-01-20,103.1,103.2,103.1,103.1,97376
2021-01-21,103.1,103.1,103.1,103.1,20104
2021-01-24,103.1,103.1,103.1,103.1,11667
2021-01-25,103.1,103.1,103.1,103.1,20447
2021-01-26,103.1,103.1,103.1,103.1,3444
2021-01-27,103.1,103.1,103.1,103.1,4359
2021-01-28,103.1,103.1,103.1,103.1,25339
2021-01-31,103.1,103.1,103.1,103.1,2867
2021-02-01,103.1,103.1,103.1,103.1,3326
2021-02-02,103.1,103.1,103.1,103.1,567
2021-02-03,103.1,103.1,103.1,103.1,1280
2021-02-04,103.1,103.1,103.1,103.1,3815
2021-02-07,103.1,103.1,103.1,103.1,1620
2021-02-08,103.1,103.1,103.1,103.1,5207
2021-02-09,103.1,103.1,103.1,103.1,1000
2021-02-10,103.1,103.1,103.1,103.1,140
2021-02-11,103.1,103.1,103.1,103.1,2506
2021-02-14,103.1,103.1,103.1,103.1,1245
2021-02-15,103.1,103.1,103.1,103.1,7
2021-02-16,103.1,103.1,103.1,103.1,2
2021-02-17,103.1,103.1,103.1,103.1,1001
2021-02-18,103.1,103.1,103.1,103.1,1100
2021-02-22,103.1,103.1,103.1,103.1,434
2021-02-23,103.1,103.1,103.1,103.1,1
2021-02-24,103.1,103.1,103.1,103.1,913
2021-02-25,103.1,103.1,103.1,103.1,6
2021-02-28,103.1,103.1,103.1,103.1,3500
2021-03-01,103.1,103.1,103.1,103.1,3
2021-03-02,103.1,103.1,103.1,103.1,701
2021-03-03,103.1,103.1,103.1,103.1,5932
2021-03-04,103.1,103.1,103.1,103.1,4255
2021-03-07,103.1,103.1,103.1,103.1,534
2021-03-08,103.1,103.1,103.1,103.1,1007
2021-03-09,103.1,103.1,103.1,103.1,1005
2021-03-10,103.1,103.1,103.1,103.1,503
2021-03-11,103.1,103.1,103.1,103.1,1442
2021-03-14,103.1,103.1,103.1,103.1,1840
2021-03-15,103.1,103.1,103.1,103.1,503
2021-03-16,103.1,103.1,103.1,103.1,13626
2021-03-18,103.1,103.1,103.1,103.1,18354
2021-03-21,103.1,103.1,103.1,103.1,1192
2021-03-22,103.1,103.1,103.1,103.1,638
2021-03-23,103.1,103.1,103.1,103.1,450
2021-03-28,103.1,103.1,103.1,103.1,2414
2021-03-29,103.1,103.1,103.1,103.1,4229
2021-03-31,103.1,103.1,103.1,103.1,192
2021-04-01,103.1,103.1,103.1,103.1,207
2021-04-04,103.1,103.1,103.1,103.1,401
2021-04-05,103.1,103.1,103.1,103.1,120
2021-04-06,103.1,103.1,103.1,103.1,15
2021-04-07,103.1,103.1,103.1,103.1,1
2021-04-11,103.1,103.1,103.1,103.1,50
2021-04-15,103.1,103.1,103.1,103.1,50
2021-04-18,103.1,103.1,103.1,103.1,50
2021-04-20,103.1,103.1,103.1,103.1,1
2021-04-21,103.1,103.1,103.1,103.1,50
2021-04-25,103.1,103.1,103.1,103.1,10
2021-04-26,103.1,103.1,103.1,103.1,700
2021-04-27,103.1,103.1,103.1,103.1,100
2021-04-29,103.1,103.1,103.1,103.1,321
2021-05-02,103.1,103.1,103.1,103.1,10
2021-05-03,103.1,103.1,103.1,103.1,219
2021-05-04,103.1,103.1,103.1,103.1,570
2021-05-05,103.1,103.1,103.1,103.1,53
2021-05-06,103.1,103.1,103.1,103.1,52
2021-05-09,103.1,103.1,103.1,103.1,101
2021-05-11,103.1,103.1,103.1,103.1,710
2021-05-12,103.1,103.1,103.1,103.1,1040
2021-05-16,103.1,103.1,103.1,103.1,2086
2021-05-17,103.1,103.1,103.1,103.1,2857
2021-05-18,103.1,103.1,103.1,103.1,313
2021-05-19,103.1,103.1,103.1,103.1,15482
2021-05-20,103.1,103.1,103.1,103.1,2704
2021-05-23,103.1,103.1,103.1,103.1,338
2021-05-24,103.1,103.1,103.1,103.1,121
2021-05-25,103.1,103.1,103.1,103.1,480
2021-05-27,103.1,103.1,103.1,103.1,300
2021-05-30,103.1,103.1,103.1,103.1,973
2021-05-31,103.1,103.1,103.1,103.1,1100
2021-06-01,103.1,103.1,103.1,103.1,288
2021-06-02,103.1,103.1,103.1,103.1,1112
2021-06-03,103.1,103.1,103.1,103.1,141
2021-06-06,101.1,101.1,101.1,101.1,708
2021-06-07,99.1,99.1,99.1,99.1,2497
2021-06-08,97.2,97.2,97.2,97.2,2099
2021-06-09,95.3,99.0,95.3,96.1,954418
2021-06-10,96.4,102.5,96.4,100.0,487990
2021-06-13,99.0,99.8,98.0,98.0,197230
2021-06-14,96.3,96.5,96.1,96.1,117644
2021-06-15,94.2,96.5,94.2,94.3,224471
2021-06-16,95.0,96.3,93.0,94.2,157525
2021-06-17,93.1,98.7,92.5,97.5,301805
2021-06-20,98.5,98.5,95.0,97.1,136627
2021-06-21,97.0,99.7,96.0,96.8,207638
2021-06-22,96.3,96.8,94.6,95.0,125578
2021-06-23,96.0,97.3,94.2,94.5,216538
2021-06-24,95.0,95.6,94.3,94.6,121526
2021-06-27,94.3,94.8,91.1,91.7,140701
2021-06-28,91.5,93.8,91.3,93.4,117939
2021-06-29,91.3,95.8,91.3,93.9,131246
2021-06-30,95.2,96.5,95.0,95.9,144250
2021-07-05,96.9,97.5,96.3,97.1,156189
2021-07-06,97.7,97.9,95.5,95.9,127529
2021-07-07,96.1,96.2,94.5,94.7,121440
2021-07-08,95.1,102.8,95.0,100.2,409265
2021-07-12,101.9,103.7,98.5,100.4,254862
2021-07-13,100.0,101.6,98.5,100.3,187282
2021-07-14,100.3,101.2,99.1,100.0,158843
2021-07-15,100.0,103.0,99.5,102.4,320109
2021-07-18,102.3,105.2,102.3,104.3,419993
2021-07-19,104.4,105.7,102.7,103.1,221448
2021-07-25,102.1,103.8,100.9,101.8,140945
2021-07-26,101.3,101.5,99.0,99.4,165326
2021-07-27,99.4,100.3,98.0,98.3,157626
2021-07-28,100.0,100.0,96.9,97.5,152500
2021-07-29,96.7,98.8,96.5,96.8,98736
2021-08-02,97.1,99.6,96.6,98.1,182408
2021-08-03,98.2,103.8,98.1,102.2,389845
2021-08-05,102.2,105.9,101.4,105.1,837958
2021-08-09,106.9,112.9,106.9,111.9,1425740
2021-08-10,111.9,113.5,107.1,107.8,534938
2021-08-11,108.8,108.9,103.9,106.3,455681
2021-08-12,107.1,109.5,107.0,107.8,406874
2021-08-16,108.0,108.9,105.3,105.9,391570
2021-08-17,106.0,107.2,104.9,105.4,327878
2021-08-18,105.2,107.7,105.2,107.3,285348
2021-08-19,107.2,109.8,106.0,107.9,332512
2021-08-22,108.7,109.8,107.0,107.8,308266
2021-08-23,109.0,112.0,107.8,109.0,662135
2021-08-24,109.2,110.9,108.0,108.2,429778
2021-08-25,109.3,110.0,106.7,107.9,441039
2021-08-26,108.5,108.5,106.6,107.0,290800
2021-08-29,107.3,113.8,107.3,111.2,1152761
2021-08-31,113.0,113.8,110.3,111.0,460107
2021-09-01,111.0,112.5,110.2,111.4,440419
2021-09-02,111.9,116.9,111.9,115.0,859346
2021-09-05,115.6,122.4,115.6,121.3,1012167
2021-09-06,122.0,122.2,116.0,116.5,730714
2021-09-07,116.2,118.3,113.7,114.1,625029
2021-09-08,114.9,119.8,114.9,119.1,763496
2021-09-09,121.0,128.0,121.0,127.8,3210116
2021-09-12,128.7,129.9,120.1,120.8,1429992
2021-09-13,120.1,123.8,119.7,121.5,997197
2021-09-14,123.6,125.8,120.2,121.0,957450
2021-09-15,122.0,126.2,121.1,125.2,885787
2021-09-16,127.0,128.8,122.6,123.4,960097
2021-09-19,124.5,124.8,120.4,121.5,690221
2021-09-20,121.0,123.0,118.5,118.7,517512
2021-09-21,118.7,121.5,117.5,117.9,469480
2021-09-22,119.5,120.0,116.0,116.4,393756
2021-09-23,117.0,118.7,114.9,115.7,336477
2021-09-26,117.3,117.3,113.0,113.5,379246
2021-09-27,114.2,117.7,113.3,115.6,404199
2021-09-28,116.1,116.7,113.5,114.1,297055
2021-09-29,114.1,117.0,114.1,115.5,256269
2021-09-30,116.5,118.5,114.7,115.2,389779
2021-10-03,116.8,117.5,114.1,114.4,262367
2021-10-04,114.6,115.0,110.4,110.8,435094
2021-10-05,112.5,112.5,106.7,107.1,402227
2021-10-06,108.6,109.4,105.0,105.9,291804
2021-10-07,105.9,109.0,103.9,107.6,254442
2021-10-10,107.8,111.0,107.1,108.8,153595
2021-10-11,109.5,110.7,107.2,108.1,198799
2021-10-12,108.1,109.5,104.0,105.0,186620
2021-10-13,106.4,106.7,103.0,103.3,173571
2021-10-14,104.9,105.0,100.2,101.7,130198
2021-10-17,101.6,103.7,99.3,99.8,131316
2021-10-18,100.0,101.0,97.5,98.1,109006
2021-10-19,97.9,101.8,96.3,96.9,115581
2021-10-21,99.0,99.8,94.6,96.0,121511
2021-10-24,95.4,97.0,89.0,91.3,181082
2021-10-25,91.3,92.5,87.0,91.9,247845
2021-10-26,92.5,97.1,91.7,96.4,136556
2021-10-27,96.0,96.7,93.5,93.9,97589
2021-10-28,95.0,95.0,90.0,93.8,123997
2021-10-31,93.8,95.3,92.0,92.3,93966
2021-11-01,93.8,93.8,92.0,92.5,39141
2021-11-02,93.0,93.6,91.2,92.6,87967
2021-11-03,94.0,96.3,93.0,94.8,203901
2021-11-04,94.9,94.9,93.4,93.8,72780
2021-11-07,94.0,94.5,91.2,91.7,54849
2021-11-08,92.9,93.0,89.2,90.1,80889
2021-11-09,90.1,91.7,90.0,90.5,68794
2021-11-10,91.5,92.0,90.2,91.6,99152
2021-11-11,91.7,93.5,90.0,90.8,85588
2021-11-14,89.2,91.0,89.1,89.3,51521
2021-11-15,89.8,89.8,87.7,88.1,50770
2021-11-16,92.4,92.4,87.1,87.6,96569
2021-11-17,88.0,89.5,86.0,86.4,134106
2021-11-18,88.7,90.0,87.1,87.5,185019
2021-11-21,86.1,89.0,82.6,84.5,119447
2021-11-22,84.5,86.3,83.0,83.7,124323
2021-11-23,82.7,84.8,81.6,81.8,47740
2021-11-24,84.2,84.2,81.0,81.3,68851
2021-11-25,81.5,82.1,80.5,80.9,71448
2021-11-28,81.0,81.0,79.5,80.0,52297
2021-11-29,82.6,82.6,80.0,80.7,35881
2021-11-30,82.0,82.6,80.0,81.6,89566
2021-12-01,82.8,85.0,82.2,83.0,115826
2021-12-02,83.0,83.5,82.3,83.0,62506
2021-12-05,82.2,86.8,82.0,86.0,111630
2021-12-06,86.4,87.5,84.7,87.2,107255
2021-12-07,87.1,90.6,86.6,89.8,113134
2021-12-08,89.6,92.5,87.5,89.4,190809
2021-12-12,91.9,95.8,90.8,91.4,227399
2021-12-13,92.9,92.9,89.0,89.3,88551
2021-12-14,90.8,90.9,85.3,86.3,109002
2021-12-15,86.0,87.0,85.0,85.7,53890
2021-12-19,86.5,86.5,81.7,82.4,112653
2021-12-20,83.0,83.7,82.0,82.6,88553
2021-12-21,84.0,85.6,82.9,84.5,42218
2021-12-22,84.4,86.9,84.4,84.7,55685
2021-12-23,86.0,86.0,82.7,83.2,41542
2021-12-26,82.5,83.4,81.7,81.9,70896
2021-12-27,82.0,83.7,80.2,81.4,151186
2021-12-28,81.5,83.4,81.3,82.9,60388
2021-12-29,83.7,84.9,81.9,84.2,104540
2021-12-30,84.3,90.4,84.0,89.4,296907
2022-01-02,88.3,89.7,87.0,87.6,106257
2022-01-03,87.5,87.7,85.0,85.2,135968
2022-01-04,84.9,86.5,84.3,86.0,84142
2022-01-05,86.0,89.0,85.1,87.1,131764
2022-01-06,88.0,89.0,86.1,88.2,230680
2022-01-09,90.0,90.6,85.5,86.1,104144
2022-01-10,86.2,92.4,86.0,91.3,373925
2022-01-11,92.2,100.4,92.2,100.4,913903
2022-01-12,100.4,102.0,93.0,93.8,469373
2022-01-13,94.0,99.0,92.5,96.9,308310
2022-01-16,98.8,100.9,95.1,95.5,238806
2022-01-17,96.2,97.5,93.0,93.2,241838
2022-01-18,94.9,95.0,91.0,91.4,245840
2022-01-19,91.6,93.9,91.6,92.0,129821
2022-01-20,93.0,93.0,91.0,91.2,138366
2022-01-23,90.6,91.7,90.1,90.6,91905
2022-01-24,92.0,92.0,88.5,89.5,128672
2022-01-25,90.0,90.5,89.0,89.0,75542
2022-01-26,90.0,90.0,87.5,87.7,71375
2022-01-27,87.7,88.9,87.0,87.8,73944
2022-01-30,88.8,91.0,87.7,90.5,238409
2022-01-31,91.2,93.1,89.7,90.4,165476
2022-02-01,92.3,92.3,90.0,90.3,135080
2022-02-02,90.4,91.1,89.0,89.2,147548
2022-02-03,89.3,89.6,88.2,88.5,101082
2022-02-06,89.9,90.0,88.3,88.5,97281
2022-02-07,90.7,95.1,90.6,93.5,507954
2022-02-08,94.2,94.3,91.6,91.8,123995
2022-02-09,91.3,93.1,91.3,92.6,120990
2022-02-10,92.0,95.7,92.0,94.5,310928
2022-02-13,95.7,96.0,92.8,93.1,128719
2022-02-14,93.2,94.3,91.0,93.0,125717
2022-02-15,92.5,93.5,91.8,92.9,123854
2022-02-16,94.3,94.8,93.0,93.4,145295
2022-02-17,93.8,96.9,93.3,93.7,367479
2022-02-20,94.8,98.6,92.8,96.2,464951
2022-02-22,96.4,97.0,93.0,93.4,271891
2022-02-23,92.5,93.8,91.5,91.6,239087
2022-02-24,91.6,91.7,88.0,89.0,205483
2022-02-27,90.0,90.0,85.0,85.2,165464
2022-02-28,87.0,88.0,86.0,86.9,66311
2022-03-01,87.4,88.1,86.0,86.2,73064
2022-03-02,86.3,86.3,84.5,85.1,61546
2022-03-03,85.1,85.8,83.2,84.3,79927
2022-03-06,84.3,86.9,84.3,86.2,64118
2022-03-07,86.2,86.2,82.3,82.6,106009
2022-03-08,82.8,84.6,80.0,84.3,125247
2022-03-09,84.5,86.8,84.5,86.1,54375
2022-03-10,86.1,86.9,84.4,84.9,121233
2022-03-13,86.3,88.0,85.3,87.3,69488
2022-03-14,87.5,87.9,86.0,86.8,75256
2022-03-15,86.8,87.6,86.0,87.0,103554
2022-03-16,87.4,88.0,86.8,87.1,80136
2022-03-20,86.5,86.5,85.4,85.4,73436
2022-03-21,85.0,85.7,84.0,84.6,55780
2022-03-22,86.3,87.4,85.0,86.3,104037
2022-03-23,86.4,87.8,86.0,86.3,81257
2022-03-24,85.4,87.4,85.2,86.8,100264
2022-03-27,86.5,87.3,86.3,86.5,45249
2022-03-28,87.0,87.5,86.3,87.2,72097
2022-03-29,87.3,87.5,86.5,87.1,114626
2022-03-30,87.0,87.0,86.1,86.2,40552
2022-03-31,86.2,86.7,85.7,86.0,39510
2022-04-03,86.0,86.3,85.3,85.4,22637
2022-04-04,85.2,85.8,84.1,84.5,50230
2022-04-05,84.4,84.4,83.0,83.3,46855
2022-04-06,83.1,83.6,81.9,82.2,80366
2022-04-07,82.2,83.6,81.5,83.0,35495
2022-04-10,84.1,84.1,82.6,83.3,21288
2022-04-11,83.3,83.3,82.8,83.1,28779
2022-04-12,82.8,82.8,82.0,82.1,24344
2022-04-13,81.3,82.7,81.1,82.4,39654
2022-04-17,83.5,83.5,81.4,81.6,7615
2022-04-18,82.9,82.9,80.1,80.3,50020
2022-04-19,80.2,81.7,80.0,81.6,52103
2022-04-20,82.4,82.4,80.8,81.1,55990
2022-04-21,82.5,83.3,81.5,82.9,47235
2022-04-24,82.1,83.7,82.1,83.1,58344
2022-04-25,83.0,84.4,82.1,84.0,55543
2022-04-26,83.0,84.7,80.8,82.0,56531
2022-04-27,81.2,82.6,81.2,81.6,67758
2022-04-28,81.0,82.0,81.0,81.3,42866
2022-05-05,81.2,81.7,80.5,81.4,27469
2022-05-08,80.7,82.0,80.7,81.7,71541
2022-05-09,81.8,84.0,81.7,83.2,72056
2022-05-10,83.9,84.2,82.5,82.6,37903
2022-05-11,82.5,82.5,80.5,80.8,62266
2022-05-12,81.0,82.4,80.5,80.9,41122
2022-05-16,80.6,82.0,78.1,79.1,75968
2022-05-17,82.4,82.4,76.9,77.8,91010
2022-05-18,78.0,80.0,76.3,77.2,62045
2022-05-19,76.3,79.0,75.2,76.0,44911
2022-05-22,78.4,78.4,72.2,72.3,68811
2022-05-23,77.0,77.0,74.0,75.4,36757
2022-05-24,74.9,75.9,73.2,73.7,35487
2022-05-25,73.7,73.9,72.2,73.4,16832
2022-05-26,75.7,75.7,72.2,73.4,24448
2022-05-29,76.6,76.7,74.6,76.3,27933
2022-05-30,76.8,80.0,75.5,78.0,76159
2022-05-31,80.5,80.5,76.5,76.8,28245
2022-06-01,80.0,81.0,78.0,80.4,85126
2022-06-02,81.9,81.9,79.4,79.7,44523
2022-06-05,80.0,80.8,78.2,78.2,172378
2022-06-06,79.8,80.4,78.1,79.8,109449
2022-06-07,79.0,81.0,78.3,79.3,121064
2022-06-08,79.0,79.5,78.0,79.0,43631
2022-06-09,80.8,83.8,80.5,81.5,239682
2022-06-12,82.2,82.2,79.9,80.0,61302
2022-06-13,78.8,81.8,78.8,79.4,47115
2022-06-14,79.1,80.2,79.1,79.3,54992
2022-06-15,79.0,81.5,78.2,78.5,79671
2022-06-16,79.3,80.5,78.7,79.2,85770
2022-06-19,79.2,80.7,78.7,78.9,77341
2022-06-20,78.0,79.0,77.4,77.6,44415
2022-06-21,77.9,78.0,76.4,77.9,20978
2022-06-22,79.9,79.9,77.3,79.2,39633
2022-06-23,79.9,83.0,79.5,81.1,181339
2022-06-26,82.5,83.0,81.1,81.3,111312
2022-06-27,81.0,83.0,80.8,82.6,137410
2022-06-28,83.9,83.9,81.7,82.6,120370
2022-06-29,83.0,83.1,81.0,81.5,134990
2022-06-30,80.8,82.0,80.8,81.7,97443
2022-07-03,81.7,82.0,80.6,81.1,46469
2022-07-04,81.1,85.8,80.8,85.4,336174
2022-07-05,85.6,86.9,83.8,84.1,160550
2022-07-06,84.1,85.0,83.3,83.6,117447
2022-07-07,85.2,85.2,82.3,83.1,86025
2022-07-12,83.1,84.1,82.0,82.2,68551
2022-07-13,82.0,86.4,82.0,85.7,235417
2022-07-14,84.2,93.0,84.2,89.8,823632
2022-07-17,90.0,90.0,88.1,88.1,252041
2022-07-18,87.1,87.1,86.4,86.4,70540
2022-07-19,84.7,84.7,84.7,84.7,16464
2022-07-20,83.1,85.4,83.1,83.1,293664
2022-07-21,86.9,86.9,81.5,81.8,116003
2022-07-24,81.5,81.6,80.2,80.2,101062
2022-07-25,78.7,82.0,78.6,81.7,91553
2022-07-26,85.8,85.8,80.1,80.1,175164
2022-07-27,79.2,80.0,78.5,78.6,92635
2022-07-28,77.6,77.6,77.1,77.1,77709
2022-07-31,79.5,80.4,79.5,80.0,40303
2022-08-01,80.0,81.0,79.5,80.3,80035
2022-08-02,80.9,81.9,80.2,80.8,94458
2022-08-03,82.7,82.7,80.0,80.5,76235
2022-08-04,80.0,80.8,79.7,80.1,75783
2022-08-07,80.2,80.2,79.5,79.7,100035
2022-08-08,80.0,80.4,79.5,79.6,91108
2022-08-10,79.8,79.9,79.5,79.5,48066
2022-08-11,79.5,79.5,79.5,79.5,33042
2022-08-14,79.5,79.5,79.5,79.5,5655
2022-08-16,79.5,80.9,79.5,79.6,143819
2022-08-17,81.8,81.8,79.5,79.8,55503
2022-08-21,80.2,80.7,79.5,80.0,151217
2022-08-22,80.0,82.4,80.0,82.1,190111
2022-08-23,83.3,84.7,82.2,83.5,287489
2022-08-24,85.9,85.9,82.0,82.3,97983
2022-08-25,82.4,82.9,81.1,81.7,180517
2022-08-28,83.1,83.9,82.0,82.9,155618
2022-08-29,82.5,82.9,81.5,81.6,120347
2022-08-30,82.7,83.0,81.7,81.9,140023
2022-08-31,82.5,83.8,81.6,83.5,170783
2022-09-01,84.5,84.8,82.7,84.3,155936
2022-09-04,84.3,86.0,83.0,83.3,176454
2022-09-05,83.0,83.0,81.5,81.6,92356
2022-09-06,81.6,82.6,80.4,80.7,162416
2022-09-07,81.0,83.8,80.5,80.6,145042
2022-09-08,81.5,81.5,80.1,80.3,121612
2022-09-11,80.4,80.5,79.5,79.5,173058
2022-09-12,81.0,81.0,79.5,79.6,54667
2022-09-13,79.5,80.6,79.5,79.6,59439
2022-09-14,79.6,81.3,79.5,79.8,94339
2022-09-15,79.9,82.4,79.9,82.0,156619
2022-09-18,82.2,83.8,81.1,81.4,228721
2022-09-19,81.4,89.5,81.4,89.5,928085
2022-09-20,90.0,92.5,83.6,84.1,463604
2022-09-21,82.6,84.0,80.6,81.1,286894
2022-09-22,83.4,83.4,80.8,81.8,155023
2022-09-25,82.6,85.0,81.8,82.0,182736
2022-09-26,82.0,82.9,81.0,81.3,99980
2022-09-27,80.9,81.5,80.1,80.3,112604
2022-09-28,80.3,82.8,80.1,81.0,63239
2022-09-29,81.4,81.8,80.1,80.3,105757
2022-10-02,80.4,81.7,79.6,79.9,121583
2022-10-03,80.1,81.0,79.9,80.0,73157
2022-10-04,81.0,81.0,79.5,79.6,122396
2022-10-06,80.1,80.8,79.6,79.8,65351
2022-10-10,79.8,80.5,79.5,79.5,96486
2022-10-11,79.5,79.5,79.5,79.5,25684
2022-10-12,79.5,81.8,79.5,80.8,89320
2022-10-13,81.1,83.7,81.1,81.7,173551
2022-10-16,82.6,82.6,79.5,79.7,103889
2022-10-17,80.0,83.8,79.8,80.5,221172
2022-10-18,80.6,81.2,79.5,79.6,100805
2022-10-19,79.7,81.5,79.5,79.5,113558
2022-10-20,79.5,79.5,79.5,79.5,17895
2022-10-23,79.5,79.5,79.5,79.5,15977
2022-10-24,79.5,79.5,79.5,79.5,535
2022-10-25,79.5,79.5,79.5,79.5,6288
2022-10-26,79.5,79.5,79.5,79.5,2307
2022-10-27,79.5,79.5,79.5,79.5,1614
2022-10-30,79.5,79.5,79.5,79.5,4926
2022-10-31,79.5,79.5,79.5,79.5,3785
2022-11-01,79.5,79.5,79.5,79.5,2784
2022-11-02,79.5,79.5,79.5,79.5,2036
2022-11-03,79.5,79.5,79.5,79.5,1628
2022-11-06,79.5,80.9,79.5,79.5,114030
2022-11-07,79.5,79.5,79.5,79.5,26986
2022-11-08,79.5,79.5,79.5,79.5,1908
2022-11-09,79.5,79.5,79.5,79.5,1206
2022-11-10,79.5,79.5,79.5,79.5,55
2022-11-13,79.5,79.5,79.5,79.5,2
2022-11-14,79.5,79.5,79.5,79.5,102
2022-11-15,79.5,79.5,79.5,79.5,2
2022-11-17,79.5,79.5,79.5,79.5,950
2022-11-20,79.5,79.5,79.5,79.5,200
2022-11-21,79.5,79.5,79.5,79.5,1
2022-11-24,79.5,79.5,79.5,79.5,130
2022-11-28,79.5,79.5,79.5,79.5,1
2022-11-29,79.5,79.5,79.5,79.5,100
2022-12-01,79.5,79.5,79.5,79.5,80
2022-12-04,79.5,79.5,79.5,79.5,523
2022-12-06,79.5,79.5,79.5,79.5,28
2022-12-08,79.5,79.5,79.5,79.5,75
2022-12-12,79.5,79.5,79.5,79.5,310
2022-12-13,79.5,79.5,79.5,79.5,697
2022-12-14,79.5,79.5,79.5,79.5,506
2022-12-15,79.5,79.5,79.5,79.5,265
2022-12-18,79.5,79.5,79.5,79.5,430
2022-12-19,79.5,79.5,79.5,79.5,450
2022-12-20,79.5,79.5,79.5,79.5,3770
2022-12-21,79.5,79.5,79.5,79.5,400
2022-12-22,79.5,79.5,79.5,79.5,31
2022-12-26,79.5,79.5,79.5,79.5,15
2022-12-27,79.5,79.5,79.5,79.5,2
2022-12-28,79.5,79.5,79.5,79.5,1000
2022-12-29,79.5,79.5,79.5,79.5,173
2023-01-01,79.5,79.5,79.5,79.5,11
2023-01-03,79.5,79.5,79.5,79.5,81
2023-01-05,79.5,79.5,79.5,79.5,200
2023-01-08,79.5,79.5,79.5,79.5,1
2023-01-10,79.5,79.5,79.5,79.5,51
2023-01-11,79.5,79.5,79.5,79.5,16
2023-01-15,79.5,79.5,79.5,79.5,1730
2023-01-16,79.5,79.5,79.5,79.5,53
2023-01-17,79.5,79.5,79.5,79.5,394
2023-01-18,79.5,79.5,79.5,79.5,331
2023-01-19,79.5,79.5,79.5,79.5,524
2023-01-22,79.5,79.5,79.5,79.5,175
2023-01-23,79.5,79.5,79.5,79.5,620
2023-01-24,79.5,79.5,79.5,79.5,4636
2023-01-25,79.5,79.5,79.5,79.5,50
2023-01-26,79.5,79.5,79.5,79.5,4002
2023-01-29,79.5,79.5,79.5,79.5,6
2023-01-30,79.5,79.5,79.5,79.5,198
2023-01-31,79.5,79.5,79.5,79.5,706
2023-02-02,79.5,79.5,79.5,79.5,982
2023-02-05,79.5,79.5,79.5,79.5,302
2023-02-07,79.5,79.5,79.5,79.5,41
2023-02-08,79.5,79.5,79.5,79.5,71
2023-02-13,79.5,79.5,79.5,79.5,25
2023-02-15,79.5,79.5,79.5,79.5,101
2023-02-23,79.5,79.5,79.5,79.5,54
2023-02-26,79.5,79.5,79.5,79.5,50
2023-02-27,79.5,79.5,79.5,79.5,8
2023-02-28,79.5,79.5,79.5,79.5,1051
2023-03-01,79.5,79.5,79.5,79.5,377
2023-03-05,79.5,79.5,79.5,79.5,26
2023-03-06,79.5,79.5,79.5,79.5,1830
2023-03-07,79.5,79.5,79.5,79.5,112
2023-03-09,79.5,79.5,79.5,79.5,1050
2023-03-14,79.5,79.5,79.5,79.5,3083
2023-03-15,79.5,79.5,79.5,79.5,2305
2023-03-16,79.5,79.5,79.5,79.5,1
2023-03-19,79.5,79.5,79.5,79.5,15
2023-03-20,79.5,79.5,79.5,79.5,101
2023-03-27,79.5,79.5,79.5,79.5,10
2023-03-29,79.5,79.5,79.5,79.5,1
2023-04-04,79.5,79.5,79.5,79.5,6207
2023-04-05,79.5,79.5,79.5,79.5,152
2023-04-06,79.5,79.5,79.5,79.5,5900
2023-04-09,79.5,79.5,79.5,79.5,2849
2023-04-10,79.5,79.5,79.5,79.5,1174
2023-04-11,79.5,79.5,79.5,79.5,1025
2023-04-13,79.5,79.5,79.5,79.5,135
2023-04-16,79.5,79.5,79.5,79.5,543
2023-04-17,79.5,79.5,79.5,79.5,216
2023-04-18,79.5,79.5,79.5,79.5,1180
2023-04-24,79.5,79.5,79.5,79.5,840
2023-04-25,79.5,79.5,79.5,79.5,745
2023-04-26,79.5,79.5,79.5,79.5,2
2023-04-27,79.5,79.5,79.5,79.5,1650
2023-04-30,79.5,84.5,79.5,82.5,707121
2023-05-02,82.5,83.8,79.9,82.6,210373
2023-05-03,82.3,87.4,81.5,85.1,504315
2023-05-07,85.0,87.6,82.2,82.5,192031
2023-05-08,83.6,83.6,80.8,81.8,267259
2023-05-09,84.0,86.9,81.2,84.0,364110
2023-05-10,84.0,86.0,83.7,85.6,301566
2023-05-11,85.6,88.9,84.2,85.4,637635
2023-05-14,85.5,85.5,83.5,84.7,196945
2023-05-15,85.0,85.4,83.0,83.1,233254
2023-05-16,83.6,83.6,81.6,82.0,196486
2023-05-17,83.5,83.5,81.1,81.6,194267
2023-05-18,81.8,85.0,81.8,84.2,253105
2023-05-21,84.1,85.1,83.2,83.4,107467
2023-05-22,84.0,84.0,82.0,82.3,178858
2023-05-23,83.5,84.7,83.2,83.8,195427
2023-05-24,83.8,86.0,83.1,84.0,332229
2023-05-25,84.0,86.0,83.5,85.1,270693
2023-05-28,85.6,86.6,83.7,84.0,258807
2023-05-29,84.2,84.5,83.0,83.3,170464
2023-05-30,85.0,85.0,82.9,83.1,184688
2023-05-31,83.2,84.3,82.5,82.8,160888
2023-06-01,83.7,83.7,82.6,82.7,130411
2023-06-04,83.7,83.9,82.1,83.1,142183
2023-06-05,83.2,84.5,83.2,84.0,260904
2023-06-06,85.0,89.9,84.5,85.4,970754
2023-06-07,86.0,87.7,84.5,86.3,302855
2023-06-08,86.4,86.9,83.9,84.3,318619
2023-06-11,84.1,86.3,83.0,84.5,256030
2023-06-12,84.8,87.0,83.7,84.2,324199
2023-06-13,84.4,85.9,83.5,84.9,196682
2023-06-14,85.0,89.0,85.0,87.3,818829
2023-06-15,87.2,88.4,85.0,85.8,234610
2023-06-18,85.0,86.4,83.3,84.1,309505
2023-06-19,84.1,85.0,83.9,84.2,173513
2023-06-20,85.1,86.4,84.4,85.0,154728
2023-06-21,85.8,85.9,84.5,85.1,141399
2023-06-22,85.4,86.2,84.1,84.3,171349
2023-06-25,84.3,84.3,83.7,84.1,117480
2023-06-26,84.1,84.8,83.9,84.1,104939
2023-07-02,85.5,85.5,83.6,83.8,70156
2023-07-03,85.5,85.5,83.8,83.9,69332
2023-07-04,84.5,84.5,83.5,83.6,127874
2023-07-05,84.9,84.9,82.9,83.0,159879
2023-07-06,84.3,84.3,82.1,82.4,113135
2023-07-09,81.6,84.0,81.5,82.8,144321
2023-07-10,83.8,83.8,81.6,81.8,99199
2023-07-11,81.6,82.3,81.0,81.2,69067
2023-07-12,81.1,81.8,81.0,81.3,100886
2023-07-13,81.3,82.0,79.6,80.2,201325
2023-07-16,79.7,81.5,79.6,80.8,65891
2023-07-17,80.7,81.6,80.6,80.9,74761
2023-07-18,80.9,83.3,80.8,83.1,242594
2023-07-19,83.3,83.9,81.1,81.5,117743
2023-07-20,81.5,81.8,80.4,81.0,115404
2023-07-23,81.7,82.0,80.6,81.1,59390
2023-07-24,81.4,81.4,80.5,80.7,68156
2023-07-25,80.7,81.3,79.9,80.2,98966
2023-07-26,80.3,80.4,79.5,79.5,173170
2023-07-27,79.5,79.5,79.5,79.5,13400
2023-07-30,79.5,80.3,79.5,79.5,83135
2023-07-31,79.5,80.0,79.5,79.5,51144
2023-08-01,79.5,79.7,79.5,79.5,33374
2023-08-02,79.5,82.8,79.5,81.5,117229
2023-08-03,81.5,84.1,81.5,81.9,278979
2023-08-06,83.4,83.4,80.2,80.3,58352
2023-08-07,79.6,81.7,79.6,80.0,50070
2023-08-08,80.3,80.8,79.9,80.2,48237
2023-08-09,80.4,80.6,79.5,79.8,71727
2023-08-10,79.5,79.7,79.5,79.5,74012
2023-08-13,79.6,79.8,79.5,79.6,51238
2023-08-14,79.6,81.8,79.5,80.2,109840
2023-08-16,80.5,80.8,79.5,79.5,51900
2023-08-17,79.6,80.5,79.5,79.8,39357
2023-08-20,80.0,80.5,79.5,79.7,76422
2023-08-21,80.5,80.5,79.5,79.9,85623
2023-08-22,79.6,80.2,79.5,79.5,57216
2023-08-23,79.5,79.9,79.5,79.5,42631
2023-08-24,79.5,80.0,79.5,79.5,64981
2023-08-27,79.7,79.9,79.5,79.6,40652
2023-08-28,79.9,80.3,79.5,79.6,77656
2023-08-29,79.5,79.9,79.5,79.6,41465
2023-08-30,79.5,80.1,79.5,79.5,43298
2023-08-31,79.5,79.9,79.5,79.5,43119
2023-09-03,79.5,79.9,79.5,79.6,36597
2023-09-04,79.5,79.5,79.5,79.5,37934
2023-09-05,79.5,79.5,79.5,79.5,16836
2023-09-07,79.5,79.5,79.5,79.5,4660
2023-09-10,79.5,79.5,79.5,79.5,25827
2023-09-11,79.5,79.5,79.5,79.5,1070
2023-09-12,79.5,79.5,79.5,79.5,1203
2023-09-13,79.5,79.5,79.5,79.5,223
2023-09-14,79.5,79.5,79.5,79.5,222
2023-09-17,79.5,79.5,79.5,79.5,63
2023-09-18,79.5,79.5,79.5,79.5,694
2023-09-19,79.5,79.5,79.5,79.5,188
2023-09-20,79.5,79.5,79.5,79.5,166
2023-09-21,79.5,79.5,79.5,79.5,821
2023-09-24,79.5,79.5,79.5,79.5,63
2023-09-25,79.5,79.5,79.5,79.5,263
2023-09-26,79.5,79.5,79.5,79.5,813
2023-09-27,79.5,79.5,79.5,79.5,163
2023-10-01,79.5,79.5,79.5,79.5,126
2023-10-02,79.5,79.5,79.5,79.5,33
2023-10-03,79.5,79.5,79.5,79.5,900
2023-10-05,79.5,79.5,79.5,79.5,1223
2023-10-08,79.5,79.5,79.5,79.5,160
2023-10-09,79.5,79.5,79.5,79.5,1
2023-10-10,79.5,79.5,79.5,79.5,4400
2023-10-11,79.5,79.5,79.5,79.5,160
2023-10-12,79.5,79.5,79.5,79.5,6400
2023-10-15,79.5,79.5,79.5,79.5,100
2023-10-16,79.5,79.5,79.5,79.5,558
2023-10-17,79.5,79.5,79.5,79.5,240
2023-10-18,79.5,79.5,79.5,79.5,80
2023-10-22,79.5,79.5,79.5,79.5,300
2023-10-23,79.5,79.5,79.5,79.5,34108
2023-10-25,79.5,79.5,79.5,79.5,1
2023-10-31,79.5,79.5,79.5,79.5,5
2023-11-01,79.5,79.5,79.5,79.5,185
2023-11-02,79.5,79.5,79.5,79.5,225
2023-11-06,79.5,79.5,79.5,79.5,160
2023-11-07,79.5,79.5,79.5,79.5,1872
2023-11-08,79.5,79.5,79.5,79.5,15060
2023-11-09,79.5,79.5,79.5,79.5,6
2023-11-12,79.5,79.5,79.5,79.5,400
2023-11-13,79.5,79.5,79.5,79.5,85
2023-11-14,79.5,79.5,79.5,79.5,160
2023-11-15,79.5,79.5,79.5,79.5,630
2023-11-16,79.5,79.5,79.5,79.5,274
2023-11-19,79.5,79.5,79.5,79.5,1
2023-11-20,79.5,79.5,79.5,79.5,7125
2023-11-21,79.5,79.5,79.5,79.5,200
2023-11-22,79.5,79.5,79.5,79.5,3
2023-11-23,79.5,79.5,79.5,79.5,136
2023-11-26,79.5,79.5,79.5,79.5,200
2023-11-30,79.5,79.5,79.5,79.5,200
2023-12-03,79.5,79.5,79.5,79.5,405
2023-12-04,79.5,79.5,79.5,79.5,12323
2023-12-05,79.5,79.5,79.5,79.5,835
2023-12-06,79.5,79.5,79.5,79.5,3486
2023-12-07,79.5,80.8,79.5,80.1,582903
2023-12-10,80.1,85.5,80.1,83.5,486239
2023-12-11,83.5,83.5,80.6,81.9,209184
2023-12-12,81.8,82.0,79.5,80.7,296196
2023-12-13,81.0,81.0,79.5,79.5,190481
2023-12-14,79.5,79.5,79.5,79.5,12855
2023-12-17,79.5,79.5,79.5,79.5,26711
2023-12-18,79.5,79.5,79.5,79.5,9400
2023-12-19,79.5,79.5,79.5,79.5,4564
2023-12-20,79.5,79.5,79.5,79.5,21322
2023-12-21,79.5,79.5,79.5,79.5,6411
2023-12-24,79.5,79.5,79.5,79.5,15550
2023-12-26,79.5,79.5,79.5,79.5,6764
2023-12-27,79.5,79.5,79.5,79.5,170
2023-12-28,79.5,79.5,79.5,79.5,318
2024-01-01,79.5,79.5,79.5,79.5,998
2024-01-02,79.5,79.5,79.5,79.5,2063
2024-01-03,79.5,79.5,79.5,79.5,10
2024-01-04,79.5,79.5,79.5,79.5,5230
2024-01-08,79.5,79.5,79.5,79.5,217
2024-01-09,79.5,79.5,79.5,79.5,1
2024-01-10,79.5,79.5,79.5,79.5,882
2024-01-11,79.5,79.5,79.5,79.5,8234
2024-01-14,79.5,79.5,79.5,79.5,2712
2024-01-15,79.5,79.5,79.5,79.5,1490
2024-01-16,79.5,79.5,79.5,79.5,734
2024-01-17,79.5,80.6,79.5,79.5,374117
2024-01-18,79.5,81.3,79.5,79.5,212695
2024-01-21,73.2,78.0,71.6,76.6,51008
2024-01-22,75.1,78.6,75.1,77.5,63471
2024-01-23,77.5,78.5,76.6,77.0,63589
2024-01-24,76.8,77.0,74.1,75.0,50591
2024-01-25,74.2,76.7,73.2,74.1,39397
2024-01-28,74.1,74.5,70.5,71.1,73151
2024-01-29,70.7,72.0,70.7,71.0,30455
2024-01-30,75.1,76.3,74.8,75.2,94707
2024-01-31,75.2,75.2,73.6,74.0,45844
2024-02-01,73.7,77.8,73.4,76.3,86172
2024-02-04,77.0,78.4,76.5,77.2,78203
2024-02-05,76.8,78.5,76.8,77.7,86311
2024-02-06,78.0,79.0,77.0,77.3,151001
2024-02-07,77.3,81.3,76.5,78.3,132913
2024-02-08,80.0,80.0,77.5,78.0,68351
2024-02-11,78.0,78.1,77.0,77.2,79441
2024-02-12,77.2,78.2,75.5,76.1,115030
2024-02-13,76.1,76.9,75.0,75.3,102482
2024-02-14,75.8,76.3,74.8,75.0,52359
2024-02-15,75.1,75.3,74.0,74.4,38620
2024-02-18,73.5,75.5,73.4,73.7,40790
2024-02-19,73.6,74.4,73.1,73.2,48512
2024-02-20,74.6,74.7,73.5,73.7,16466
