Date,Open,High,Low,Close,Volume
2012-10-01,66.7,71.7,66.6,67.7,180800
2012-10-02,70.9,71.5,68.8,70.4,203200
2012-10-03,70.5,73.3,70.5,70.6,160000
2012-10-04,72.0,74.4,70.9,71.4,183200
2012-10-07,71.5,72.0,68.4,69.5,89200
2012-10-08,71.0,71.8,68.6,70.0,93800
2012-10-09,71.9,72.7,70.8,71.2,133200
2012-10-10,72.0,72.8,69.0,69.9,164800
2012-10-11,69.1,69.8,67.9,68.3,68400
2012-10-14,69.1,69.1,65.8,66.3,57000
2012-10-15,66.8,68.0,65.7,66.1,80400
2012-10-16,67.4,69.8,67.4,68.9,48800
2012-10-17,69.4,71.0,68.2,68.5,66200
2012-10-18,70.0,70.0,68.4,68.5,21000
2012-10-21,68.0,69.0,67.6,68.1,49200
2012-10-22,68.0,68.8,67.7,68.6,18400
2012-10-23,68.2,69.5,67.8,68.7,27000
2012-10-30,67.4,68.8,67.1,67.7,8400
2012-10-31,68.8,70.9,67.4,69.9,171800
2012-11-01,70.0,70.0,68.6,69.1,18800
2012-11-04,68.5,70.0,66.2,67.4,12400
2012-11-05,66.4,67.7,66.1,66.8,20400
2012-11-06,67.8,67.8,65.6,65.7,21200
2012-11-07,65.1,65.2,65.0,65.0,23600
2012-11-08,66.3,66.3,64.4,64.7,21000
2012-11-11,63.3,64.9,62.5,63.5,20800
2012-11-12,62.5,62.5,60.3,60.4,19600
2012-11-13,63.3,64.4,62.0,62.9,11400
2012-11-14,63.0,64.8,60.1,63.8,200400
2012-11-15,63.8,64.0,62.0,63.5,25200
2012-11-18,63.5,64.6,62.0,63.1,43800
2012-11-19,63.4,63.4,60.4,60.5,28000
2012-11-20,59.5,60.6,58.9,59.3,9600
2012-11-21,60.0,60.0,54.0,57.6,17600
2012-11-22,59.6,60.7,59.0,59.6,18400
2012-11-26,58.5,59.1,57.2,58.1,7000
2012-11-27,55.7,57.6,55.7,55.9,35400
2012-11-28,56.5,56.6,54.0,54.7,10000
2012-11-29,58.5,60.1,56.5,59.9,96200
2012-12-02,61.0,62.0,56.8,57.7,35200
2012-12-03,57.0,57.2,56.0,56.4,24800
2012-12-04,56.5,58.9,56.2,56.7,18000
2012-12-05,57.9,57.9,57.0,57.3,4200
2012-12-06,56.0,57.1,55.0,55.5,60600
2012-12-09,56.4,56.4,54.0,54.2,20600
2012-12-10,53.0,55.3,53.0,53.4,10200
2012-12-11,53.5,56.0,53.5,54.7,5000
2012-12-12,55.6,55.6,53.8,54.2,13400
2012-12-13,54.2,55.0,53.9,54.6,15600
2012-12-17,56.0,57.5,55.8,56.5,48800
2012-12-18,56.9,57.0,54.8,55.7,19800
2012-12-19,55.1,57.6,55.1,56.8,21000
2012-12-20,57.1,57.5,56.8,57.0,19400
2012-12-23,55.4,57.1,55.4,56.5,10000
2012-12-24,56.2,57.2,56.2,56.9,22800
2012-12-26,58.0,58.0,56.7,56.9,24200
2012-12-27,57.0,58.8,56.5,58.2,44000
2012-12-30,57.3,58.4,57.3,58.0,39000
2013-01-01,58.0,58.0,57.1,57.2,14400
2013-01-02,56.1,56.5,55.9,55.9,14800
2013-01-03,56.0,56.6,56.0,56.0,8600
2013-01-06,56.7,56.7,55.7,55.9,13600
2013-01-07,55.6,55.9,55.3,55.6,11400
2013-01-08,55.6,56.0,55.4,55.7,26000
2013-01-09,55.5,56.6,55.5,55.6,11800
2013-01-10,55.0,56.1,55.0,55.4,8400
2013-01-13,55.7,55.7,55.4,55.4,6400
2013-01-14,55.6,56.1,55.3,55.4,24400
2013-01-15,55.0,56.0,55.0,55.4,7600
2013-01-16,55.8,55.9,55.4,55.6,5200
2013-01-17,56.7,56.7,55.5,56.0,6200
2013-01-20,55.6,56.9,55.6,56.0,20000
2013-01-21,55.3,56.0,55.3,55.5,4800
2013-01-22,55.4,56.9,55.4,56.4,14000
2013-01-23,57.7,58.6,57.3,58.2,37400
2013-01-24,57.0,58.4,57.0,57.6,20400
2013-01-27,57.4,58.9,57.4,58.3,41600
2013-01-28,58.0,59.7,58.0,59.4,31000
2013-01-29,61.0,62.2,60.3,61.3,73000
2013-01-30,60.1,61.7,60.1,61.5,52400
2013-01-31,61.5,64.8,61.5,64.5,73200
2013-02-03,64.5,67.0,64.5,66.0,84800
2013-02-04,65.2,65.4,63.5,64.2,23600
2013-02-05,63.3,64.9,63.3,64.5,19200
2013-02-06,64.5,64.5,63.5,64.0,36000
2013-02-07,64.5,64.5,63.1,63.5,48000
2013-02-10,64.5,65.5,63.8,64.9,21200
2013-02-11,66.0,66.0,65.2,65.5,37400
2013-02-12,66.5,66.8,65.1,65.3,53400
2013-02-13,65.9,68.0,65.2,65.4,33200
2013-02-14,67.5,67.6,66.0,66.4,70600
2013-02-17,67.1,68.1,65.6,65.8,19800
2013-02-18,65.9,65.9,64.0,64.3,19200
2013-02-19,65.0,65.0,62.4,63.8,11800
2013-02-20,64.0,64.0,62.7,63.4,22200
2013-02-24,63.0,63.0,61.0,62.2,14000
2013-02-25,61.2,61.2,58.8,59.6,47000
2013-02-26,60.7,62.0,60.4,60.7,29400
2013-02-27,61.5,61.5,58.2,58.8,15200
2013-02-28,58.0,59.0,57.4,58.2,4200
2013-03-03,61.0,61.0,53.9,54.1,25800
2013-03-04,55.9,57.7,55.9,56.2,10200
2013-03-05,56.2,57.6,56.2,56.8,16600
2013-03-06,56.9,57.0,55.6,56.1,36600
2013-03-07,54.0,57.0,54.0,56.5,5400
2013-03-10,55.9,55.9,53.9,55.0,15800
2013-03-11,54.1,55.9,53.1,54.0,9800
2013-03-12,55.0,55.8,54.9,55.1,4000
2013-03-13,55.6,56.5,55.5,55.9,8800
2013-03-14,55.2,55.2,55.0,55.1,3400
2013-03-18,54.9,56.0,54.9,55.4,2800
2013-03-19,55.9,56.4,55.4,55.8,17800
2013-03-20,56.0,56.3,54.3,55.2,8600
2013-03-24,54.5,54.5,52.0,52.0,13400
2013-03-25,52.4,52.6,51.4,51.9,35400
2013-03-27,51.0,51.0,49.8,50.0,4200
2013-03-28,49.3,50.7,49.0,49.5,8400
2013-03-31,49.5,50.8,49.1,50.1,6200
2013-04-01,48.1,48.1,46.8,47.0,14000
2013-04-02,46.6,47.9,46.0,46.5,20400
2013-04-03,46.3,48.5,46.3,46.9,10800
2013-04-04,48.0,48.4,47.8,48.0,3600
2013-04-07,48.0,48.9,46.5,47.9,17800
2013-04-08,47.5,49.4,47.5,48.9,10200
2013-04-09,49.8,51.7,49.0,50.1,12000
2013-04-10,51.5,52.0,49.5,50.8,15400
2013-04-11,51.8,51.8,49.7,50.0,1600
2013-04-15,50.0,50.9,49.9,50.1,14200
2013-04-16,50.8,50.8,48.2,49.1,7400
2013-04-17,49.5,49.6,48.7,49.1,6000
2013-04-18,49.1,49.9,48.5,49.0,7600
2013-04-21,47.2,51.3,47.2,49.2,60800
2013-04-22,51.0,51.0,48.0,48.9,14000
2013-04-23,49.0,49.8,48.9,49.2,30800
2013-04-24,50.6,50.6,47.7,47.9,19200
2013-04-25,50.4,50.4,48.5,49.3,18400
2013-04-28,49.8,49.8,47.5,48.7,19400
2013-04-29,48.0,49.2,47.7,47.8,12000
2013-04-30,48.5,49.0,48.5,48.8,48600
2013-05-02,48.6,50.0,48.2,49.1,91400
2013-05-05,49.7,50.0,49.4,49.5,124200
2013-05-06,50.0,50.0,48.6,49.3,114600
2013-05-08,40.1,40.4,39.0,39.4,65400
2013-05-09,39.2,39.8,39.2,39.5,6600
2013-05-12,40.1,42.8,40.0,41.9,26600
2013-05-13,44.0,44.0,41.1,43.0,44200
2013-05-14,43.3,46.9,43.3,46.4,86200
2013-05-15,45.1,47.5,43.3,43.9,64400
2013-05-16,44.5,46.0,44.4,45.5,37400
2013-05-19,45.0,46.3,44.7,45.9,61600
2013-05-20,46.1,46.5,44.1,44.5,66400
2013-05-21,45.0,45.0,42.0,42.4,41800
2013-05-22,42.4,44.0,42.1,42.7,39600
2013-05-26,42.6,43.3,42.0,42.3,45800
2013-05-27,43.0,43.7,42.6,43.2,17200
2013-05-28,43.8,44.9,42.6,43.8,87000
2013-05-29,45.5,45.5,44.0,44.7,67000
2013-05-30,44.7,45.5,44.0,44.8,37000
2013-06-02,45.0,45.0,44.0,44.5,47200
2013-06-03,45.0,45.2,44.0,44.1,55400
2013-06-04,44.0,44.5,44.0,44.0,37200
2013-06-05,44.3,44.9,44.1,44.4,35600
2013-06-06,44.2,44.2,43.5,43.5,37000
2013-06-09,42.8,46.3,42.0,42.5,39200
2013-06-10,42.5,43.9,42.4,43.6,18000
2013-06-11,44.0,44.0,42.5,42.8,83400
2013-06-12,43.6,43.6,42.7,42.8,78800
2013-06-13,43.1,46.5,43.1,43.6,122000
2013-06-16,45.6,45.6,44.8,45.3,80400
2013-06-17,45.5,46.2,45.0,45.5,75000
2013-06-18,45.1,47.0,45.1,46.5,85200
2013-06-19,45.9,47.0,45.1,45.6,99800
2013-06-20,46.0,46.0,44.3,45.1,110600
2013-06-23,45.8,46.0,43.0,43.9,47600
2013-06-24,44.0,44.2,43.4,43.5,130000
2013-06-26,45.5,45.5,43.1,43.3,60400
2013-06-27,43.2,43.7,42.6,42.8,58000
2013-06-30,43.0,43.0,42.0,42.1,51400
2013-07-02,43.1,44.0,43.1,43.4,15800
2013-07-03,43.4,44.2,43.4,43.7,26600
2013-07-04,43.9,45.9,43.9,45.3,55600
2013-07-07,45.3,46.5,43.5,43.6,48600
2013-07-08,43.2,43.2,41.6,42.2,83000
2013-07-09,42.6,46.4,42.4,43.6,157600
2013-07-10,43.7,44.9,43.4,43.7,101400
2013-07-11,43.7,44.1,42.6,42.7,103600
2013-07-14,42.0,43.0,42.0,42.5,35400
2013-07-15,42.6,44.5,42.3,42.5,116400
2013-07-16,44.2,45.0,42.8,43.1,151200
2013-07-17,44.5,47.0,43.5,45.8,161800
2013-07-18,47.0,47.3,44.1,44.4,128400
2013-07-21,43.6,44.0,42.2,43.0,60200
2013-07-22,43.0,44.0,42.5,43.2,52200
2013-07-23,42.3,43.0,41.6,41.6,85200
2013-07-24,43.9,43.9,41.5,42.2,35800
2013-07-25,43.6,43.6,41.5,41.5,43400
2013-07-28,43.1,43.1,41.3,41.5,59600
2013-07-29,41.0,41.9,41.0,41.4,43400
2013-07-30,41.7,41.7,40.4,40.5,46400
2013-07-31,41.0,41.0,39.8,40.1,32000
2013-08-01,39.0,40.4,37.9,38.4,27400
2013-08-04,38.4,39.3,38.3,38.4,9200
2013-08-05,38.5,40.2,38.5,39.9,9000
2013-08-13,39.5,40.8,39.1,39.6,21400
2013-08-14,40.0,40.1,40.0,40.0,37400
2013-08-18,40.9,41.0,39.0,39.7,30800
2013-08-19,39.5,41.0,39.5,40.2,23000
2013-08-20,41.6,41.6,39.5,39.8,26400
2013-08-21,39.5,40.3,39.1,40.0,29600
2013-08-22,40.0,41.0,39.1,39.9,44000
2013-08-25,42.5,43.5,40.7,42.8,62600
2013-08-26,43.8,43.8,41.8,42.0,45400
2013-08-27,41.9,42.0,40.9,41.2,24600
2013-08-29,40.6,41.0,40.0,40.1,34200
2013-09-01,40.2,40.3,40.0,40.0,40800
2013-09-02,40.0,40.0,39.8,39.9,57800
2013-09-03,39.4,39.9,39.2,39.5,40400
2013-09-04,39.7,39.7,39.1,39.1,34600
2013-09-05,39.7,39.7,39.1,39.3,31600
2013-09-08,39.3,39.4,38.7,39.0,48400
2013-09-09,39.1,39.9,38.0,38.9,107200
2013-09-10,39.9,40.4,38.3,38.6,58400
2013-09-11,39.9,40.4,39.3,40.1,43400
2013-09-12,40.1,41.4,39.7,40.7,76200
2013-09-15,42.0,43.0,40.4,42.8,176400
2013-09-16,44.5,44.9,42.3,42.6,56000
2013-09-17,41.1,42.8,41.0,41.8,73200
2013-09-18,41.0,42.2,39.9,40.3,115400
2013-09-19,40.1,41.1,39.9,40.5,49400
2013-09-22,40.4,42.7,39.8,39.9,23600
2013-09-23,42.0,42.0,39.1,40.9,43200
2013-09-24,42.9,44.0,41.1,43.3,175600
2013-09-25,43.3,45.0,42.0,42.3,90600
2013-09-26,41.5,42.6,41.5,41.7,18600
2013-09-29,42.3,42.3,40.1,40.4,27000
2013-09-30,40.1,41.4,40.0,40.0,24400
2013-10-01,40.0,42.8,40.0,42.3,67800
2013-10-02,42.2,43.0,41.9,42.4,28800
2013-10-03,41.1,42.7,41.1,42.2,33400
2013-10-06,40.7,40.7,40.6,40.6,9200
2013-10-07,40.5,40.7,40.4,40.5,26600
2013-10-08,40.3,41.2,40.0,40.0,42000
2013-10-09,40.2,40.6,40.1,40.1,4800
2013-10-10,40.2,40.6,40.1,40.1,28000
2013-10-20,40.1,40.2,40.1,40.1,6000
2013-10-21,40.1,40.1,39.0,39.3,15400
2013-10-22,39.3,40.0,39.3,39.3,12400
2013-10-23,40.9,40.9,39.8,40.1,9400
2013-10-24,40.5,40.5,40.0,40.3,64000
2013-10-27,40.0,41.0,39.9,40.4,21600
2013-10-28,41.1,41.1,40.6,40.6,27000
2013-10-29,40.9,41.9,40.1,40.1,16200
2013-10-30,40.1,40.7,40.0,40.1,15000
2013-10-31,40.1,42.0,39.6,40.5,40800
2013-11-03,40.8,41.6,40.8,41.1,54200
2013-11-04,41.0,42.0,41.0,41.3,62400
2013-11-05,42.0,43.5,42.0,42.7,51400
2013-11-06,42.0,42.4,41.5,41.6,42800
2013-11-07,42.2,43.6,42.2,43.1,62400
2013-11-10,43.5,45.5,43.3,44.6,120200
2013-11-11,45.0,46.3,44.0,44.4,147800
2013-11-12,43.7,44.8,43.6,43.7,25800
2013-11-13,44.4,45.5,44.1,44.7,50600
2013-11-14,45.7,45.7,43.4,43.8,44000
2013-11-17,44.0,44.9,43.8,44.5,43800
2013-11-18,45.0,46.1,44.3,45.2,63600
2013-11-19,45.6,46.0,44.9,45.7,58200
2013-11-20,45.2,46.9,45.0,46.1,109600
2013-11-21,45.4,45.5,44.6,45.0,63200
2013-11-24,45.5,45.5,43.7,44.0,93200
2013-11-25,44.0,45.0,43.5,44.6,86400
2013-11-26,44.0,44.9,43.0,43.3,68800
2013-11-27,43.4,43.4,41.9,42.0,205200
2013-11-28,42.5,42.5,41.8,42.0,16200
2013-12-01,42.0,42.0,40.1,40.8,21800
2013-12-02,42.6,42.6,40.9,41.8,29600
2013-12-03,42.0,43.0,42.0,42.6,33600
2013-12-04,43.1,43.6,42.2,42.4,30800
2013-12-05,42.0,42.7,41.8,42.3,64200
2013-12-08,43.3,43.3,42.3,42.6,31200
2013-12-09,43.2,43.2,41.8,41.9,80800
2013-12-10,42.9,43.0,41.7,42.2,42800
2013-12-11,42.7,43.3,42.6,43.1,48600
2013-12-12,43.8,44.6,43.0,43.1,48400
2013-12-15,43.5,43.5,42.3,42.5,44000
2013-12-17,42.9,43.3,42.2,42.3,19000
2013-12-18,42.3,42.6,41.8,41.8,30200
2013-12-19,42.0,42.0,40.7,41.5,22200
2013-12-22,42.2,42.6,41.8,42.0,47600
2013-12-23,42.7,42.7,41.8,41.8,23800
2013-12-24,42.0,42.2,41.7,41.8,35600
2013-12-26,41.8,41.9,41.0,41.0,20000
2013-12-29,40.7,42.0,40.7,41.7,12600
2013-12-30,42.0,42.5,41.5,42.0,11600
2014-01-01,42.3,43.0,42.3,42.8,27000
2014-01-02,41.5,42.9,41.5,42.6,30800
2014-01-06,42.6,42.9,42.1,42.4,24000
2014-01-07,42.2,43.1,42.2,42.6,21800
2014-01-08,43.0,43.0,42.5,42.8,91400
2014-01-09,43.0,43.2,42.9,43.1,62600
2014-01-12,43.1,44.0,43.1,43.7,43400
2014-01-13,43.3,44.2,43.3,44.0,76600
2014-01-15,44.4,44.4,43.7,44.1,72400
2014-01-16,43.8,45.6,43.8,45.1,87000
2014-01-19,45.7,46.9,45.7,46.5,135800
2014-01-20,46.7,46.7,45.8,46.3,121400
2014-01-21,46.5,47.9,46.0,47.6,192200
2014-01-22,48.1,48.1,45.9,46.2,285000
2014-01-23,46.5,47.2,46.3,46.9,111200
2014-01-26,47.3,51.5,47.3,50.8,479200
2014-01-27,51.1,52.2,50.1,51.5,455600
2014-01-28,52.0,52.4,50.4,51.8,387600
2014-01-29,52.0,53.8,52.0,53.6,316200
2014-01-30,54.1,54.2,53.0,53.8,238200
2014-02-02,54.0,58.9,53.1,57.1,565400
2014-02-03,57.5,58.9,55.8,56.4,330600
2014-02-04,59.6,60.0,54.6,55.2,442200
2014-02-05,56.6,56.6,54.0,55.1,186000
2014-02-06,56.5,57.9,54.1,54.6,157800
2014-02-09,53.7,55.3,51.3,52.3,101200
2014-02-10,53.6,53.6,50.9,52.0,131400
2014-02-11,53.0,53.0,52.0,52.3,38000
2014-02-12,53.6,54.2,51.3,51.7,91400
2014-02-13,51.5,52.1,51.1,51.5,31200
2014-02-16,50.8,50.8,48.3,48.7,106200
2014-02-17,50.0,51.8,48.6,48.9,43200
2014-02-18,50.1,50.1,48.6,49.0,35600
2014-02-19,50.0,51.0,48.9,50.1,16000
2014-02-20,54.4,54.4,49.3,49.7,49200
2014-02-23,49.8,50.1,49.2,49.3,35000
2014-02-24,48.9,49.9,47.7,48.2,37200
2014-02-25,49.8,49.8,47.9,48.1,42000
2014-02-26,47.5,48.4,47.0,47.2,54600
2014-02-27,47.2,48.4,46.5,46.8,53800
2014-03-02,47.0,47.4,46.1,46.6,26800
2014-03-03,46.0,47.9,46.0,47.1,16400
2014-03-04,47.5,47.6,46.8,47.1,54000
2014-03-05,49.2,49.2,46.7,47.0,23600
2014-03-06,46.6,47.5,46.1,46.3,13200
2014-03-09,46.5,46.9,45.6,45.8,34600
2014-03-10,46.8,46.9,45.5,45.5,28600
2014-03-11,45.4,46.4,45.4,45.8,10400
2014-03-12,46.2,47.2,45.9,46.3,44600
2014-03-13,46.5,47.0,46.3,46.8,19200
2014-03-16,46.2,46.2,45.6,45.7,14800
2014-03-18,45.6,45.8,45.3,45.3,20800
2014-03-19,44.7,45.5,44.5,44.8,13000
2014-03-20,44.3,45.0,44.3,44.8,12200
2014-03-23,45.1,45.1,44.5,44.8,4200
2014-03-24,44.8,46.0,44.6,44.9,9200
2014-03-25,44.7,45.4,44.4,44.9,16200
2014-03-27,44.6,44.6,44.5,44.5,7800
2014-03-30,44.4,44.4,43.4,43.9,7800
2014-03-31,44.0,44.7,43.5,43.9,14400
2014-04-01,45.3,45.3,44.1,44.4,30800
2014-04-02,45.4,45.4,44.3,44.3,33800
2014-04-03,44.3,44.6,44.0,44.1,31200
2014-04-06,44.3,44.3,42.2,43.2,22600
2014-04-07,43.1,43.1,41.0,41.4,67800
2014-04-08,41.3,41.3,40.2,40.2,42800
2014-04-09,41.8,41.8,40.4,40.8,12000
2014-04-10,42.0,42.4,40.7,41.3,11200
2014-04-13,44.5,44.5,40.5,40.6,17800
2014-04-15,40.5,40.7,40.1,40.4,35000
2014-04-16,40.2,40.7,40.0,40.1,42000
2014-04-17,40.2,40.3,39.0,39.5,33000
2014-04-20,39.8,41.6,39.8,40.4,2200
2014-04-21,40.6,41.5,40.2,40.4,43800
2014-04-22,40.5,41.9,40.5,41.6,19000
2014-04-23,41.1,41.6,41.0,41.0,20400
2014-04-24,42.9,42.9,40.0,40.3,26000
2014-04-27,40.2,40.8,40.1,40.5,12200
2014-04-28,39.6,39.9,39.6,39.6,10000
2014-04-29,37.2,37.8,35.2,36.2,43400
2014-04-30,37.0,37.0,35.7,36.1,18600
2014-05-04,36.3,37.5,36.3,37.0,16800
2014-05-05,36.2,37.5,36.0,37.4,26200
2014-05-06,38.5,40.8,37.5,39.4,96800
2014-05-07,39.5,39.5,38.0,38.2,36600
2014-05-08,38.4,40.7,38.4,39.4,100600
2014-05-12,36.1,37.7,36.0,36.9,39600
2014-05-14,36.3,37.0,36.3,36.6,15400
2014-05-15,36.5,36.5,33.1,35.2,61600
2014-05-18,35.4,35.8,35.3,35.4,12800
2014-05-19,35.3,35.4,35.0,35.1,109400
2014-05-20,35.9,35.9,35.1,35.3,1000
2014-05-21,35.4,35.4,35.3,35.3,8000
2014-05-22,36.0,36.0,35.3,35.5,6200
2014-05-25,36.6,36.6,35.6,35.8,4200
2014-05-26,36.0,36.3,35.9,36.1,11400
2014-05-27,37.2,37.2,35.9,36.5,15600
2014-05-28,36.5,36.9,36.0,36.1,31800
2014-05-29,35.9,37.0,35.7,35.8,52400
2014-06-01,35.6,35.8,35.5,35.6,7600
2014-06-02,35.4,35.4,33.8,34.9,28800
2014-06-03,35.5,35.6,35.0,35.1,7400
2014-06-04,34.3,35.0,33.5,33.7,20200
2014-06-05,33.8,35.3,33.5,33.9,19400
2014-06-08,33.6,33.7,33.3,33.4,10000
2014-06-09,33.2,34.0,33.2,33.8,13000
2014-06-10,33.6,33.6,32.8,32.9,75800
2014-06-11,33.0,33.0,32.1,32.3,89400
2014-06-12,32.4,32.9,32.1,32.2,32000
2014-06-15,32.1,32.4,31.5,31.6,87800
2014-06-16,31.2,31.6,31.2,31.3,12400
2014-06-17,31.2,31.5,30.8,31.4,29400
2014-06-18,31.3,31.3,31.1,31.1,63800
2014-06-19,30.8,31.5,30.5,30.7,38000
2014-06-22,31.0,31.0,30.5,30.6,44200
2014-06-23,31.0,31.0,30.7,30.8,8400
2014-06-24,33.6,33.6,31.0,31.5,9200
2014-06-25,32.0,32.8,31.3,31.4,105000
2014-06-26,31.4,31.5,31.0,31.1,48200
2014-06-29,31.9,32.0,31.6,31.9,38200
2014-06-30,32.0,32.0,31.5,31.9,2400
2014-07-02,31.9,31.9,31.1,31.3,8600
2014-07-03,31.6,31.6,31.0,31.1,28600
2014-07-06,31.0,31.6,31.0,31.3,18400
2014-07-07,31.5,31.5,31.2,31.2,3800
2014-07-08,31.2,31.2,31.0,31.0,25400
2014-07-09,31.5,31.7,31.0,31.0,39600
2014-07-10,32.0,32.8,31.1,31.5,100400
2014-07-13,31.1,32.0,31.1,31.9,10800
2014-07-14,32.0,32.2,31.2,31.2,155000
2014-07-15,32.0,32.0,31.4,31.4,62200
2014-07-16,31.7,31.8,31.2,31.3,25000
2014-07-17,31.5,32.7,31.5,32.5,94600
2014-07-20,33.5,33.5,32.0,33.0,12200
2014-07-21,32.0,32.0,31.7,31.7,11400
2014-07-22,31.7,31.9,31.7,31.8,11200
2014-07-23,32.6,32.6,31.6,31.8,11800
2014-07-24,31.6,31.9,31.6,31.7,2000
2014-08-03,31.9,32.8,31.9,32.1,5000
2014-08-04,32.6,32.8,32.3,32.6,23000
2014-08-05,33.6,33.6,32.8,33.1,29400
2014-08-06,33.5,35.6,33.5,34.8,31800
2014-08-07,34.1,34.2,32.6,33.5,23800
2014-08-10,33.6,35.8,33.6,35.3,24600
2014-08-11,33.7,34.4,33.6,33.8,28800
2014-08-12,34.0,34.9,33.9,34.0,36800
2014-08-13,34.3,34.3,33.3,33.6,17000
2014-08-14,33.3,34.0,33.3,33.6,12600
2014-08-18,33.5,33.9,33.5,33.5,24400
2014-08-19,33.6,34.1,33.5,33.9,42400
2014-08-20,34.0,34.1,33.3,33.4,18400
2014-08-21,33.6,33.6,33.4,33.4,22800
2014-08-24,33.2,33.5,32.8,33.1,61400
2014-08-25,33.2,36.0,33.2,35.6,99600
2014-08-26,36.8,37.4,35.5,37.1,155200
2014-08-27,35.6,36.4,35.6,35.8,38200
2014-08-28,35.6,36.4,35.1,35.8,66400
2014-08-31,35.0,36.0,34.5,34.8,15600
2014-09-01,34.2,34.8,34.2,34.4,5000
2014-09-02,34.0,34.5,34.0,34.0,5800
2014-09-03,35.5,36.0,35.1,35.1,87400
2014-09-04,35.0,36.5,34.9,36.0,74800
2014-09-07,36.1,36.5,36.0,36.1,76600
2014-09-08,36.2,36.3,36.0,36.1,70800
2014-09-09,35.8,36.4,35.8,36.1,47000
2014-09-10,36.2,36.5,36.1,36.1,90800
2014-09-11,35.8,35.8,34.5,35.0,12800
2014-09-14,34.5,36.3,34.5,34.6,55600
2014-09-15,34.3,35.3,34.0,34.1,31200
2014-09-16,34.0,34.9,33.9,34.0,22600
2014-09-17,34.9,35.5,34.6,35.1,94800
2014-09-18,35.1,36.0,34.8,35.4,34400
2014-09-21,35.2,36.5,35.2,36.0,85800
2014-09-22,35.5,36.9,35.5,35.7,42400
2014-09-23,36.4,38.6,36.4,37.5,98400
2014-09-24,37.0,37.1,36.2,36.5,38400
2014-09-25,36.2,36.7,36.2,36.4,33200
2014-09-28,38.0,38.0,36.4,37.2,38200
2014-09-29,37.2,38.0,36.8,37.7,59600
2014-09-30,36.6,38.0,36.6,37.7,30400
2014-10-01,37.5,38.5,37.0,37.3,67600
2014-10-02,38.2,40.5,38.2,40.1,165000
2014-10-12,40.8,41.3,39.5,41.1,106200
2014-10-13,41.1,42.4,40.0,40.3,66400
2014-10-14,41.6,41.6,39.5,40.0,109200
2014-10-15,39.9,40.4,39.6,39.7,95800
2014-10-16,39.3,39.3,39.0,39.0,49200
2014-10-19,39.0,39.0,38.2,38.4,37200
2014-10-20,38.3,38.3,37.6,38.1,8600
2014-10-21,38.3,41.6,37.6,38.6,101800
2014-10-22,39.3,39.3,38.3,38.3,30200
2014-10-23,37.6,39.5,37.6,39.1,19400
2014-10-26,39.0,39.0,38.1,38.5,11800
2014-10-27,38.6,38.6,37.5,37.7,53800
2014-10-28,37.4,38.0,37.4,37.6,5400
2014-10-29,38.0,38.9,38.0,38.1,37600
2014-10-30,38.1,38.5,37.7,38.0,54800
2014-11-02,38.0,39.3,37.1,37.1,109200
2014-11-03,38.0,38.0,37.6,37.9,35800
2014-11-05,37.3,38.0,37.3,37.5,9800
2014-11-06,37.2,38.0,37.2,37.5,13000
2014-11-09,37.5,37.5,37.0,37.2,27600
2014-11-10,37.0,37.0,36.9,36.9,5600
2014-11-11,37.5,37.6,37.5,37.5,47000
2014-11-12,37.1,37.8,37.0,37.1,10600
2014-11-13,37.2,37.9,37.1,37.4,27400
2014-11-16,37.5,38.5,37.5,37.6,7200
2014-11-17,37.2,37.2,36.9,37.0,14800
2014-11-18,37.1,37.5,37.1,37.1,6800
2014-11-19,37.0,37.0,36.6,36.6,13000
2014-11-20,36.7,37.1,36.4,36.5,11000
2014-11-23,36.4,36.5,36.4,36.4,4600
2014-11-24,36.3,36.3,35.0,35.8,11400
2014-11-25,35.9,35.9,35.0,35.2,5600
2014-11-26,35.6,35.7,35.6,35.6,1400
2014-11-27,35.2,35.5,34.4,35.1,3400
2014-11-30,35.0,35.3,35.0,35.1,7000
2014-12-01,35.2,36.0,35.2,35.5,5800
2014-12-02,35.3,36.0,35.1,35.3,17600
2014-12-03,35.5,35.9,35.5,35.5,7800
2014-12-04,35.5,36.0,35.4,35.4,22200
2014-12-07,35.5,35.5,35.3,35.3,43600
2014-12-08,35.3,35.5,35.2,35.2,35800
2014-12-09,35.5,35.5,35.1,35.2,9400
2014-12-10,36.3,36.3,35.2,35.3,23400
2014-12-11,35.3,36.1,35.2,35.5,5517
2014-12-14,35.5,36.3,35.1,35.9,9094
2014-12-15,35.3,35.6,35.2,35.3,11291
2014-12-17,35.5,35.5,33.5,35.0,10216
2014-12-18,34.9,35.5,34.9,35.2,2914
2014-12-21,34.9,35.4,34.8,34.9,30836
2014-12-22,34.8,35.1,34.7,35.0,15876
2014-12-23,34.8,35.0,34.4,34.5,9711
2014-12-24,32.5,34.6,32.5,34.4,16912
2014-12-28,34.2,34.4,34.1,34.2,6785
2014-12-29,34.2,34.2,34.0,34.1,8836
2014-12-30,34.1,35.5,34.1,35.1,4399
2015-01-01,35.1,35.8,35.1,35.6,6750
2015-01-05,35.3,35.3,34.1,35.0,4154
2015-01-06,34.4,34.6,34.3,34.4,17416
2015-01-07,34.4,35.0,34.0,34.2,22171
2015-01-08,34.3,34.9,34.3,34.4,8536
2015-01-11,34.4,35.4,34.4,35.1,34501
2015-01-12,34.5,35.0,34.5,34.7,4942
2015-01-13,34.5,35.9,34.5,34.8,7012
2015-01-14,35.8,35.9,34.8,35.0,7832
2015-01-15,34.4,35.2,34.3,34.4,11762
2015-01-18,34.3,34.6,34.0,34.1,26998
2015-01-19,35.0,35.0,33.9,34.0,10695
2015-01-20,33.8,34.2,33.7,33.9,5102
2015-01-21,33.7,34.0,33.3,33.7,16014
2015-01-22,33.7,34.3,33.2,33.7,4833
2015-01-25,33.1,34.7,33.0,33.4,11102
2015-01-26,33.0,33.1,32.1,32.6,11276
2015-01-27,32.0,32.7,32.0,32.1,6578
2015-01-28,32.4,32.5,32.1,32.3,39733
2015-01-29,31.2,32.5,31.2,31.8,8595
2015-02-01,33.0,33.0,31.1,31.2,7085
2015-02-02,30.9,31.4,30.9,31.3,18382
2015-02-03,31.1,32.0,30.5,30.7,70343
2015-02-04,30.6,30.8,30.5,30.5,32800
2015-02-05,30.6,31.0,30.1,30.4,78108
2015-02-08,30.2,30.9,29.9,30.2,63490
2015-02-09,30.7,30.7,29.8,30.1,76121
2015-02-10,30.3,30.7,30.0,30.3,175785
2015-02-11,30.3,30.6,29.9,30.1,70799
2015-02-12,30.2,31.5,29.9,31.3,274623
2015-02-15,31.6,32.2,30.9,31.2,135443
2015-02-16,31.8,31.9,30.8,31.0,127776
2015-02-17,30.5,31.2,30.5,31.0,96631
2015-02-18,31.0,31.1,30.8,31.0,104233
2015-02-19,30.9,31.3,30.9,31.2,33508
2015-02-22,30.8,31.4,30.8,31.2,84706
2015-02-23,30.9,32.3,30.9,31.2,46352
2015-02-24,31.1,31.5,30.8,30.9,80047
2015-02-25,31.0,31.0,30.1,30.8,42140
2015-02-26,30.3,30.9,30.3,30.6,12896
2015-03-01,30.2,30.7,30.0,30.4,32037
2015-03-02,30.5,30.9,29.9,30.1,12597
2015-03-03,30.0,30.0,29.2,29.5,18608
2015-03-04,29.3,30.3,29.0,29.3,18487
2015-03-05,29.2,29.9,29.0,29.1,66086
2015-03-08,29.3,29.3,29.0,29.1,36650
2015-03-09,29.3,29.5,28.3,28.4,49279
2015-03-10,28.4,29.0,28.1,28.3,10782
2015-03-11,27.7,27.7,27.1,27.4,29002
2015-03-12,26.9,27.4,26.8,26.9,36155
2015-03-15,26.6,27.0,26.4,26.6,8311
2015-03-16,26.8,26.8,25.1,25.2,88188
2015-03-18,26.0,26.0,24.8,25.0,60948
2015-03-19,26.0,26.0,25.0,25.1,128805
2015-03-22,25.3,25.4,24.9,25.1,69374
2015-03-23,25.0,25.2,24.8,24.9,63680
2015-03-24,23.5,25.0,23.5,24.1,78577
2015-03-25,24.0,24.4,23.0,23.1,207202
2015-03-29,23.1,24.1,22.9,23.8,345124
2015-03-30,22.8,24.3,22.8,24.0,157251
2015-03-31,23.6,24.2,23.6,24.0,63324
2015-04-01,23.9,24.7,23.9,24.0,158930
2015-04-02,24.8,25.0,23.9,23.9,110700
2015-04-05,23.2,24.3,23.2,24.2,69518
2015-04-06,23.7,23.8,23.2,23.6,19210
2015-04-07,24.5,24.5,22.7,22.9,48683
2015-04-08,22.8,23.4,22.4,22.8,56981
2015-04-09,22.8,23.3,22.5,22.9,67156
2015-04-12,22.3,22.6,22.2,22.4,63487
2015-04-13,22.6,22.7,21.9,22.0,10508
2015-04-15,22.0,22.9,22.0,22.7,66561
2015-04-16,23.0,24.0,23.0,24.0,231563
2015-04-19,23.5,24.4,23.5,23.7,24934
2015-04-20,23.4,23.8,23.0,23.3,62228
2015-04-21,23.7,23.9,23.3,23.6,28941
2015-04-22,22.9,23.8,22.6,23.5,9528
2015-04-23,22.7,23.2,22.3,22.7,2585
2015-04-26,22.5,22.5,20.5,21.2,64451
2015-04-27,20.8,21.0,20.5,20.7,81333
2015-04-29,21.5,23.7,21.0,21.2,32402
2015-04-30,21.5,21.5,20.3,20.3,91066
2015-05-04,19.5,21.4,19.0,19.8,79220
2015-05-05,21.4,21.5,20.1,21.3,189670
2015-05-06,21.6,23.1,21.5,22.4,104520
2015-05-07,22.0,22.2,20.7,22.1,111194
2015-05-10,23.5,24.2,22.9,24.2,326983
2015-05-12,24.0,24.2,21.8,22.5,307453
2015-05-13,22.3,23.4,21.9,23.0,146272
2015-05-14,23.5,23.7,22.4,22.6,136917
2015-05-17,22.3,22.5,21.3,21.6,105145
2015-05-18,21.9,22.9,21.7,22.4,72807
2015-05-19,23.2,23.4,22.6,22.7,91036
2015-05-20,23.2,23.4,22.6,23.0,108556
2015-05-21,23.5,24.9,23.3,24.1,227759
2015-05-24,23.2,24.5,23.2,24.1,37181
2015-05-25,24.2,25.3,24.2,24.5,104617
2015-05-26,24.5,25.7,23.5,24.3,173817
2015-05-27,23.6,24.4,23.1,23.4,77268
2015-05-28,23.2,23.8,22.5,22.6,89517
2015-05-31,22.8,23.4,22.3,22.8,95185
2015-06-01,22.6,24.4,22.6,24.1,155547
2015-06-02,23.3,24.0,22.5,23.4,63516
2015-06-04,23.3,23.3,22.5,22.6,41729
2015-06-07,23.0,23.5,22.5,22.6,46633
2015-06-08,22.6,22.9,22.5,22.7,76745
2015-06-09,22.3,23.2,22.3,22.8,12842
2015-06-10,22.3,22.9,21.9,22.7,17337
2015-06-11,22.8,22.8,22.3,22.4,34683
2015-06-14,22.2,22.8,22.0,22.1,8405
2015-06-15,21.9,23.4,21.9,22.3,26882
2015-06-16,21.9,22.6,21.5,21.9,86890
2015-06-17,22.0,22.3,21.5,21.7,103646
2015-06-18,22.0,22.3,21.4,21.7,50462
2015-06-21,21.7,21.9,21.7,21.7,15646
2015-06-22,21.8,22.2,21.6,21.7,33055
2015-06-23,21.9,22.3,21.8,22.1,35368
2015-06-24,21.6,22.1,21.5,21.8,41298
2015-06-25,22.2,22.3,21.8,22.0,97597
2015-06-28,22.0,22.8,22.0,22.5,366864
2015-06-29,22.8,23.5,22.7,23.2,46456
2015-06-30,22.5,23.2,22.1,23.1,172287
2015-07-02,22.7,24.3,22.5,23.5,69136
2015-07-05,23.1,24.0,23.1,23.6,35939
2015-07-06,23.4,23.5,22.5,22.6,29212
2015-07-07,22.7,23.8,22.7,23.1,16159
2015-07-08,23.9,24.2,23.1,23.2,76145
2015-07-09,23.1,24.4,23.1,24.1,69765
2015-07-12,24.1,24.1,23.5,23.6,15432
2015-07-13,23.5,23.5,23.2,23.3,3842
2015-07-14,23.8,23.9,23.4,23.6,7132
2015-07-21,23.8,25.0,23.4,24.2,16805
2015-07-22,24.4,24.8,24.0,24.1,51981
2015-07-23,24.1,25.0,23.5,23.6,105005
2015-07-26,24.0,24.0,23.3,23.6,33966
2015-07-27,23.3,23.8,23.1,23.6,25730
2015-07-28,23.3,24.3,23.3,24.0,55373
2015-07-29,23.7,23.8,22.9,23.2,40700
2015-07-30,23.5,23.9,23.3,23.4,37643
2015-08-02,23.5,23.5,23.0,23.1,58590
2015-08-03,23.3,23.8,23.3,23.6,87266
2015-08-04,23.5,23.8,23.5,23.7,76299
2015-08-05,24.0,24.9,23.5,23.6,112718
2015-08-06,24.0,24.7,24.0,24.4,79936
2015-08-09,24.2,24.4,24.1,24.2,16221
2015-08-10,24.5,24.5,23.7,23.9,29037
2015-08-11,24.2,24.5,23.7,23.8,21073
2015-08-12,23.9,24.3,23.6,24.0,50953
2015-08-13,24.0,24.2,23.6,23.6,52754
2015-08-16,23.3,23.9,23.3,23.7,23192
2015-08-17,23.9,23.9,23.0,23.3,88619
2015-08-18,23.2,23.3,22.9,23.0,37351
2015-08-19,23.0,23.7,22.9,23.0,29831
2015-08-20,23.2,23.2,22.8,23.0,37925
2015-08-23,23.0,23.7,23.0,23.2,15670
2015-08-24,23.1,23.9,23.1,23.6,36202
2015-08-25,23.7,23.9,23.2,23.6,65596
2015-08-26,23.1,23.7,23.1,23.5,17131
2015-08-27,23.1,23.4,23.1,23.2,29207
2015-08-30,23.2,23.4,23.1,23.3,10927
2015-08-31,23.3,23.3,23.0,23.1,9992
2015-09-01,23.0,23.0,22.7,22.8,20177
2015-09-02,22.8,23.0,22.8,22.9,4819
2015-09-03,22.9,23.2,22.9,23.1,17699
2015-09-06,23.1,23.5,23.0,23.1,1113
2015-09-07,22.8,25.0,22.8,23.7,65058
2015-09-08,24.5,24.5,23.0,23.1,20942
2015-09-09,23.0,23.3,23.0,23.1,12097
2015-09-10,23.1,23.4,23.0,23.2,4046
2015-09-13,23.2,24.5,23.2,24.2,101554
2015-09-14,24.3,24.3,23.6,24.1,18063
2015-09-15,24.3,24.3,23.5,23.7,7393
2015-09-16,23.3,23.9,23.3,23.6,2985
2015-09-17,23.5,23.6,23.3,23.5,8953
2015-09-20,23.5,23.5,23.4,23.4,14665
2015-09-21,23.3,24.2,23.3,24.2,51598
2015-09-22,23.7,24.0,23.7,24.0,3507
2015-09-28,23.5,24.0,23.4,23.5,18000
2015-09-29,23.6,24.1,23.2,23.5,118309
2015-09-30,23.7,23.8,23.4,23.6,83900
2015-10-01,23.6,24.5,23.6,24.4,269674
2015-10-04,24.3,24.3,23.6,23.6,116200
2015-10-05,23.8,23.8,23.4,23.5,42870
2015-10-06,23.3,23.9,23.3,23.4,7503
2015-10-07,23.3,23.7,23.2,23.4,44007
2015-10-08,23.5,23.6,23.2,23.4,41788
2015-10-11,23.1,23.4,23.0,23.0,39954
2015-10-12,23.6,23.8,23.0,23.7,150029
2015-10-13,23.8,23.8,23.2,23.3,19669
2015-10-14,23.2,23.4,22.9,22.9,81667
2015-10-15,23.3,23.3,22.8,22.9,12294
2015-10-18,23.0,23.3,22.0,23.1,71014
2015-10-19,22.8,23.0,22.7,22.9,27500
2015-10-20,22.8,22.8,22.5,22.7,77296
2015-10-21,22.3,22.9,22.3,22.8,33763
2015-10-25,22.8,23.5,22.4,23.3,94806
2015-10-26,23.9,24.0,23.4,23.7,60719
2015-10-27,23.1,23.7,23.1,23.6,23030
2015-10-28,23.7,23.8,23.2,23.7,76291
2015-10-29,23.2,23.6,23.2,23.5,13371
2015-11-01,23.1,23.5,22.9,23.2,12465
2015-11-02,23.0,23.3,22.7,22.9,27174
2015-11-03,23.4,23.4,23.1,23.2,36262
2015-11-04,23.0,23.0,22.9,22.9,12590
2015-11-05,23.2,23.2,22.8,23.1,320
2015-11-08,22.7,23.2,22.6,22.7,2086
2015-11-09,22.6,22.7,22.5,22.6,10900
2015-11-10,22.5,22.7,22.1,22.3,3652
2015-11-11,21.6,22.7,21.1,21.4,9081
2015-11-12,23.0,23.0,21.8,22.8,46844
2015-11-15,22.2,23.0,22.2,22.3,6279
2015-11-16,23.4,23.4,22.9,23.1,32996
2015-11-17,22.7,23.3,22.7,22.8,6500
2015-11-18,22.5,23.7,22.3,23.3,42591
2015-11-19,22.7,23.6,22.7,23.5,59405
2015-11-22,22.3,24.6,22.3,24.6,170680
2015-11-23,24.8,25.0,24.0,24.4,49446
2015-11-24,23.9,24.2,23.5,23.6,9595
2015-11-25,24.1,24.4,23.3,23.6,64989
2015-11-26,25.0,25.0,23.3,23.7,36725
2015-11-29,23.0,23.7,22.6,23.2,53265
2015-11-30,23.5,24.0,23.0,23.5,60433
2015-12-01,23.3,23.5,23.3,23.5,4434
2015-12-02,23.5,23.5,23.5,23.5,15700
2015-12-03,24.0,24.0,23.5,23.8,53200
2015-12-06,24.0,24.6,23.7,24.5,153093
2015-12-07,24.0,24.5,24.0,24.5,80650
2015-12-08,23.8,24.5,23.7,24.5,56943
2015-12-09,23.8,24.1,23.6,23.7,62582
2015-12-10,23.8,24.0,23.4,23.9,48013
2015-12-13,22.6,23.8,22.6,23.3,61503
2015-12-14,23.1,23.1,22.6,22.9,12111
2015-12-15,22.8,23.9,22.8,23.8,23163
2015-12-17,22.6,23.6,22.6,22.7,25850
2015-12-20,23.4,23.5,22.2,22.4,53550
2015-12-21,22.6,23.2,22.6,22.9,21353
2015-12-22,22.9,23.0,22.5,22.7,123262
2015-12-23,22.7,23.6,22.5,22.6,151585
2015-12-24,22.8,23.2,22.4,22.8,36291
2015-12-27,23.2,23.3,22.7,22.8,43870
2015-12-28,22.8,23.3,22.8,23.3,40906
2015-12-29,23.1,23.5,23.0,23.3,49192
2015-12-30,23.4,23.6,23.0,23.1,48600
2015-12-31,23.4,23.4,22.9,23.1,12662
2016-01-03,23.0,23.1,23.0,23.0,15100
2016-01-04,23.2,23.5,23.0,23.2,27737
2016-01-05,23.5,23.6,23.0,23.2,59864
2016-01-06,23.8,23.8,22.9,23.0,79769
2016-01-07,23.2,23.2,23.0,23.0,48505
2016-01-10,23.0,23.5,23.0,23.3,22457
2016-01-11,23.2,23.7,23.1,23.3,69448
2016-01-12,23.8,23.8,23.0,23.1,32881
2016-01-13,23.6,24.5,23.6,24.2,286994
2016-01-14,24.7,25.5,24.3,24.6,139922
2016-01-17,24.7,25.3,24.4,24.6,158402
2016-01-18,24.6,24.8,24.1,24.3,101874
2016-01-19,24.9,25.1,24.4,24.9,180150
2016-01-20,24.7,25.2,24.6,24.9,157290
2016-01-21,24.8,25.2,24.5,24.7,68342
2016-01-24,24.5,24.8,24.3,24.6,64833
2016-01-25,24.9,25.1,24.6,25.0,130479
2016-01-26,25.2,26.1,25.0,25.5,323555
2016-01-27,25.5,25.6,24.6,24.8,31653
2016-01-28,25.5,25.5,24.0,24.3,75045
2016-01-31,24.3,24.3,23.7,24.0,98208
2016-02-01,24.1,24.1,23.7,23.9,27560
2016-02-02,24.5,24.5,23.6,23.7,71422
2016-02-03,23.7,24.1,23.7,23.9,10582
2016-02-04,24.0,24.0,23.5,23.5,32766
2016-02-07,23.7,23.8,23.3,23.4,30025
2016-02-08,23.4,23.8,23.4,23.5,60419
2016-02-09,23.4,23.6,23.3,23.4,86609
2016-02-10,23.4,23.5,23.2,23.4,75788
2016-02-11,23.4,23.5,23.3,23.3,29448
2016-02-14,23.2,23.4,23.2,23.3,27420
2016-02-15,23.3,23.7,23.3,23.6,107660
2016-02-16,23.5,23.8,23.4,23.5,63561
2016-02-17,23.7,23.7,23.3,23.4,59793
2016-02-18,23.4,23.5,23.4,23.4,62977
2016-02-22,23.3,23.3,23.1,23.2,25715
2016-02-23,23.0,23.4,23.0,23.3,55942
2016-02-24,23.0,23.3,23.0,23.2,25288
2016-02-25,23.1,23.7,23.1,23.6,25518
2016-02-28,23.4,23.8,23.4,23.5,17782
2016-02-29,23.4,23.8,23.4,23.7,19915
2016-03-01,23.5,23.7,23.3,23.3,55184
2016-03-02,23.4,23.4,23.1,23.3,30350
2016-03-03,23.1,23.4,23.0,23.1,43969
2016-03-06,23.1,23.1,23.0,23.1,27500
2016-03-07,23.0,23.4,23.0,23.0,37402
2016-03-08,23.0,23.4,23.0,23.0,53555
2016-03-09,23.0,23.4,22.8,23.1,25859
2016-03-10,23.0,23.3,22.9,23.0,41105
2016-03-13,23.1,23.5,23.1,23.3,49096
2016-03-14,23.2,23.7,23.2,23.3,8496
2016-03-15,23.4,23.5,23.0,23.1,38150
2016-03-16,23.4,23.5,23.1,23.3,24600
2016-03-20,23.4,23.4,23.0,23.3,9605
2016-03-21,23.1,23.1,23.1,23.1,7694
2016-03-22,23.2,23.3,23.1,23.1,30840
2016-03-23,23.0,23.1,22.1,22.9,43471
2016-03-24,22.9,23.0,22.1,22.5,38567
2016-03-27,22.0,23.3,22.0,22.3,50059
2016-03-28,22.0,22.3,22.0,22.0,45797
2016-03-29,21.2,22.2,21.0,21.9,33770
2016-03-30,20.7,22.5,20.7,22.4,12910
2016-03-31,22.0,22.3,22.0,22.2,13927
2016-04-03,22.1,22.1,21.9,22.0,14310
2016-04-04,22.2,22.4,22.0,22.1,19910
2016-04-05,22.0,22.5,20.7,21.4,31386
2016-04-06,20.9,21.9,20.8,21.1,7784
2016-04-07,22.0,22.0,20.9,21.2,5761
2016-04-10,21.2,22.0,21.2,21.8,2247
2016-04-11,21.1,21.4,21.1,21.3,3135
2016-04-12,21.6,21.6,21.1,21.3,18972
2016-04-13,21.8,21.8,21.3,21.6,38934
2016-04-17,21.3,21.7,21.2,21.2,58382
2016-04-18,21.0,21.9,20.8,21.4,36695
2016-04-20,20.0,20.0,19.3,19.5,49858
2016-04-21,19.1,19.2,18.8,19.1,9903
2016-04-24,18.9,19.0,18.6,18.8,9002
2016-04-25,18.5,19.6,18.5,19.0,9662
2016-04-26,18.8,19.7,18.2,18.7,14834
2016-04-27,19.5,19.5,18.5,18.6,538
2016-04-28,18.5,19.0,18.5,18.7,8716
2016-05-02,18.6,18.6,18.4,18.6,8532
2016-05-03,18.9,18.9,18.8,18.9,2300
2016-05-04,18.5,18.7,18.5,18.6,222
2016-05-05,18.8,19.0,18.8,18.9,9000
2016-05-08,19.2,19.2,18.8,19.0,251
2016-05-09,18.8,18.8,18.0,18.5,19120
2016-05-10,18.0,19.0,18.0,18.4,15230
2016-05-11,18.3,19.1,18.3,18.8,7162
2016-05-12,19.0,19.6,19.0,19.3,11002
2016-05-15,19.3,19.4,19.3,19.4,9694
2016-05-16,19.1,19.1,19.1,19.1,131
2016-05-17,19.0,19.4,18.8,19.3,27162
2016-05-18,18.5,18.5,18.5,18.5,45
2016-05-19,19.1,19.4,19.1,19.4,1918
2016-05-22,19.7,20.0,18.8,19.9,9376
2016-05-24,19.2,20.6,19.2,19.2,397
2016-05-25,20.5,20.6,19.2,20.4,23882
2016-05-26,20.0,20.0,19.5,20.0,2518
2016-05-29,19.5,20.1,19.5,19.8,17150
2016-05-30,19.7,20.2,19.6,20.0,4539
2016-05-31,19.8,19.9,19.8,19.8,17300
2016-06-01,19.9,20.0,19.9,19.9,32561
2016-06-02,19.4,19.7,19.0,19.4,6487
2016-06-05,19.5,19.8,19.5,19.6,15397
2016-06-06,19.3,20.1,19.2,20.1,48263
2016-06-07,19.3,19.5,19.2,19.3,1181
2016-06-08,19.6,19.6,19.5,19.5,22992
2016-06-09,20.0,20.0,19.6,19.7,5007
2016-06-12,20.1,20.1,19.5,20.0,65001
2016-06-13,20.0,20.0,19.2,19.8,14732
2016-06-14,19.1,19.5,19.0,19.5,15168
2016-06-15,19.0,20.0,19.0,19.9,35000
2016-06-16,19.2,19.7,19.2,19.7,24400
2016-06-19,17.9,19.7,17.9,19.6,34425
2016-06-20,19.6,19.6,19.1,19.5,29851
2016-06-21,19.5,19.5,18.5,19.2,5296
2016-06-22,19.4,19.5,19.2,19.4,59291
2016-06-23,18.9,19.2,18.9,18.9,5800
2016-06-26,17.7,19.0,17.7,18.4,8450
2016-06-27,18.5,19.4,18.5,18.7,7437
2016-06-28,18.8,19.4,18.8,19.2,5821
2016-06-29,19.4,19.5,19.4,19.5,5133
2016-06-30,19.1,19.8,19.1,19.7,8868
2016-07-10,20.0,20.0,19.1,19.6,2350
2016-07-11,20.0,20.2,19.9,20.0,40690
2016-07-12,20.1,20.5,20.1,20.4,15800
2016-07-13,20.0,20.4,19.5,19.9,14534
2016-07-14,20.6,20.6,19.7,20.2,911
2016-07-16,20.7,20.7,19.5,19.6,4572
2016-07-17,19.6,19.8,19.5,19.6,7223
2016-07-18,20.0,20.4,19.5,19.5,24357
2016-07-19,19.4,19.8,18.6,19.0,42961
2016-07-20,19.0,19.7,19.0,19.0,51000
2016-07-21,19.1,20.1,19.1,20.0,15147
2016-07-24,20.0,20.4,19.9,20.3,17233
2016-07-25,20.4,20.4,19.6,20.1,26371
2016-07-26,20.1,20.4,20.0,20.3,20085
2016-07-27,19.4,20.4,19.4,20.3,43456
2016-07-28,19.6,20.4,19.6,20.3,32475
2016-07-31,19.6,19.6,19.3,19.5,27187
2016-08-01,19.5,20.0,19.3,19.4,31352
2016-08-02,19.6,20.0,19.2,19.5,17012
2016-08-03,19.5,19.7,19.5,19.6,2613
2016-08-04,19.4,19.7,19.4,19.6,3341
2016-08-07,19.6,19.6,19.6,19.6,2100
2016-08-08,19.7,20.0,19.1,19.5,71229
2016-08-09,19.7,19.9,19.4,19.7,6678
2016-08-10,20.2,20.2,19.6,19.8,19847
2016-08-11,19.9,20.1,19.3,19.5,34648
2016-08-14,19.2,20.1,19.2,19.4,4924
2016-08-16,19.6,19.8,19.6,19.7,1670
2016-08-17,19.3,19.9,19.3,19.6,20
2016-08-18,19.6,19.9,19.6,19.8,36897
2016-08-21,19.5,20.0,19.4,19.8,30275
2016-08-22,19.8,19.9,19.8,19.8,27541
2016-08-23,18.8,19.9,18.8,19.2,83405
2016-08-24,19.1,19.2,19.1,19.2,6949
2016-08-28,19.4,20.0,19.4,19.9,13812
2016-08-29,19.1,20.4,19.0,20.1,65602
2016-08-30,19.6,19.7,19.2,19.4,34790
2016-08-31,19.2,20.3,19.0,20.3,294794
2016-09-01,20.3,20.4,19.7,20.0,100107
2016-09-04,20.3,20.4,19.9,20.2,100512
2016-09-05,20.0,20.0,19.8,19.9,55375
2016-09-06,20.0,20.4,19.8,20.0,76413
2016-09-07,19.9,19.9,19.7,19.8,21410
2016-09-08,20.1,20.1,19.7,20.0,12080
2016-09-18,20.0,20.1,19.9,20.0,36778
2016-09-19,19.6,20.2,19.6,20.1,79933
2016-09-20,20.0,20.2,19.9,20.0,91840
2016-09-21,20.0,20.6,19.2,20.2,20110
2016-09-22,20.3,20.5,20.1,20.5,60521
2016-09-24,20.0,21.2,19.8,20.8,30777
2016-09-25,21.8,21.8,20.7,21.3,103638
2016-09-26,20.8,21.3,20.2,20.7,127790
2016-09-27,20.6,21.3,20.5,21.0,106266
2016-09-28,20.9,21.2,20.9,21.2,54280
2016-09-29,21.2,22.3,21.0,22.0,252294
2016-10-02,22.0,23.1,21.5,22.9,446708
2016-10-03,22.9,23.0,22.7,22.8,131131
2016-10-04,22.9,22.9,22.5,22.5,48867
2016-10-05,22.7,22.8,22.3,22.6,60149
2016-10-06,22.8,22.9,22.3,22.5,54987
2016-10-09,22.6,23.2,22.2,23.1,551889
2016-10-10,23.2,23.2,21.8,22.2,50202
2016-10-13,21.6,22.1,21.6,22.0,19926
2016-10-16,22.5,22.5,21.5,22.1,11423
2016-10-17,22.0,22.1,21.5,21.9,48099
2016-10-18,22.1,22.7,22.1,22.6,276702
2016-10-19,22.6,22.9,22.4,22.6,123642
2016-10-20,22.5,22.5,22.2,22.4,105106
2016-10-23,22.4,22.4,22.1,22.1,82732
2016-10-24,23.0,23.0,21.5,21.5,42761
2016-10-25,21.6,21.6,21.2,21.3,62654
2016-10-26,21.7,21.7,21.0,21.3,36112
2016-10-27,21.3,21.5,21.0,21.0,58230
2016-10-30,21.0,21.0,20.7,20.7,4109
2016-10-31,21.0,21.0,20.8,21.0,11395
2016-11-01,21.1,21.2,20.9,21.0,12590
2016-11-02,21.0,21.1,20.8,21.0,8150
2016-11-03,20.9,21.7,20.7,21.5,20004
2016-11-06,21.3,21.3,21.3,21.3,1300
2016-11-07,21.5,21.5,21.2,21.5,23310
2016-11-08,21.5,21.5,21.2,21.3,36658
2016-11-09,21.4,21.4,21.0,21.1,39086
2016-11-10,21.4,21.4,21.0,21.3,18486
2016-11-13,21.1,21.3,21.1,21.2,13222
2016-11-14,21.1,21.3,21.0,21.1,36818
2016-11-15,21.5,21.5,21.3,21.4,26691
2016-11-16,21.5,22.0,21.4,21.7,74406
2016-11-17,21.8,22.4,21.8,22.2,37735
2016-11-20,22.2,22.7,22.2,22.3,37143
2016-11-21,22.7,22.7,22.3,22.5,63502
2016-11-22,22.7,22.8,22.5,22.6,42853
2016-11-23,22.6,24.0,22.6,23.7,187531
2016-11-24,24.0,24.1,23.3,23.5,104127
2016-11-27,23.1,23.8,22.5,23.6,38159
2016-11-28,23.4,25.1,23.2,24.7,182825
2016-11-29,24.4,25.4,24.1,24.9,217356
2016-11-30,23.7,24.9,23.6,24.1,122128
2016-12-01,23.8,24.0,23.6,23.8,89012
2016-12-04,23.3,23.9,23.3,23.6,21660
2016-12-05,23.4,24.0,23.4,23.7,4650
2016-12-06,23.8,24.3,23.6,23.8,24084
2016-12-07,23.5,23.8,23.5,23.8,8812
2016-12-08,23.9,24.2,23.8,24.1,27586
2016-12-11,24.2,24.2,23.0,23.1,139684
2016-12-12,22.9,23.2,22.7,22.9,33080
2016-12-14,22.8,23.3,22.8,23.0,52420
2016-12-15,23.3,23.5,22.7,23.1,77775
2016-12-18,23.1,23.3,23.1,23.1,90026
2016-12-19,23.1,24.3,23.1,24.1,92180
2016-12-20,23.6,24.2,23.6,24.2,120002
2016-12-21,23.7,24.8,23.7,24.6,135347
2016-12-22,24.6,25.5,24.3,25.3,231158
2016-12-26,25.6,25.9,25.2,25.8,67451
2016-12-27,24.3,27.6,24.0,26.9,770739
2016-12-28,26.2,27.7,26.2,27.2,156473
2016-12-29,25.2,27.9,25.2,27.8,459227
2017-01-01,27.0,27.9,27.0,27.7,226070
2017-01-02,27.3,27.8,26.7,27.3,96712
2017-01-03,27.3,27.3,26.5,26.7,19802
2017-01-04,27.6,28.0,26.6,26.7,39375
2017-01-05,26.5,27.0,26.4,26.4,71428
2017-01-08,26.5,27.0,25.8,25.9,23950
2017-01-09,25.9,26.2,25.5,25.9,26720
2017-01-10,26.4,27.9,26.4,27.4,65023
2017-01-11,28.2,28.5,27.1,28.2,154353
2017-01-12,27.7,28.7,27.7,28.4,94741
2017-01-15,28.5,29.7,28.3,29.5,671214
2017-01-16,29.9,31.9,29.7,31.7,321251
2017-01-17,32.0,32.7,30.1,32.0,1286328
2017-01-18,32.5,33.1,31.9,32.2,355321
2017-01-19,32.0,33.0,31.4,31.9,760926
2017-01-22,32.0,32.1,31.6,32.0,207872
2017-01-23,32.0,32.5,31.6,31.9,119179
2017-01-24,32.0,32.9,31.9,32.3,386734
2017-01-25,32.4,34.1,32.4,32.8,304799
2017-01-26,31.7,32.8,31.7,32.3,30829
2017-01-29,32.0,32.6,31.1,31.5,75897
2017-01-30,31.0,32.0,31.0,32.0,38795
2017-01-31,31.5,32.0,31.5,31.8,41856
2017-02-01,31.8,32.6,31.8,32.3,59941
2017-02-02,31.9,32.1,30.8,31.7,475610
2017-02-05,31.1,31.8,31.1,31.6,193705
2017-02-06,31.0,31.7,31.0,31.5,142637
2017-02-07,31.2,31.7,31.1,31.4,306333
2017-02-08,32.0,32.8,32.0,32.7,163825
2017-02-09,32.7,33.0,32.1,32.9,92110
2017-02-12,33.0,33.4,32.5,33.4,155436
2017-02-13,32.2,34.8,32.2,34.0,331494
2017-02-14,34.1,35.7,34.0,34.6,584908
2017-02-15,35.0,36.0,33.9,35.5,312523
2017-02-16,35.5,36.0,35.1,35.2,179939
2017-02-19,35.1,35.1,34.9,35.0,15130
2017-02-20,34.2,34.6,34.0,34.2,19173
2017-02-22,33.7,35.2,33.7,34.2,43239
2017-02-23,34.3,36.0,34.2,35.5,81193
2017-02-26,34.5,35.1,34.5,34.8,16202
2017-02-27,34.3,35.0,34.1,34.3,21664
2017-02-28,34.0,34.5,34.0,34.3,26719
2017-03-01,34.8,34.8,34.7,34.8,885
2017-03-02,34.7,36.0,33.7,35.9,20944
2017-03-05,34.6,34.7,34.6,34.7,6000
2017-03-06,33.8,34.6,33.5,33.9,11511
2017-03-07,34.2,34.4,34.2,34.4,7779
2017-03-08,34.6,35.1,34.4,34.5,4185
2017-03-09,34.2,35.9,34.2,35.5,15528
2017-03-12,34.5,35.1,34.4,34.8,4441
2017-03-13,34.9,35.4,34.9,35.0,23990
2017-03-14,34.4,35.0,34.4,35.0,7200
2017-03-15,35.0,35.1,34.6,34.8,24871
2017-03-16,35.0,35.0,34.2,34.9,29902
2017-03-19,35.9,35.9,33.4,34.7,1025
2017-03-20,35.0,35.7,34.1,34.2,43286
2017-03-21,33.9,33.9,33.3,33.4,15412
2017-03-22,33.7,33.9,33.6,33.8,2422
2017-03-23,33.0,34.3,33.0,33.7,10414
2017-03-27,33.6,33.7,33.6,33.7,12158
2017-03-28,33.1,34.9,33.0,34.7,56565
2017-03-29,33.4,34.7,33.4,34.4,10972
2017-03-30,33.8,33.8,33.7,33.7,97642
2017-04-02,33.7,33.7,33.6,33.6,4282
2017-04-03,33.1,33.9,32.4,33.4,17527
2017-04-04,32.2,33.0,32.2,32.3,2945
2017-04-05,32.3,32.3,31.4,31.7,16129
2017-04-06,31.4,33.5,31.1,31.3,5566
2017-04-09,31.4,31.4,30.8,31.0,9200
2017-04-10,33.0,33.0,31.0,31.2,8190
2017-04-11,32.0,32.9,31.0,31.3,18290
2017-04-12,29.0,31.9,29.0,31.5,9967
2017-04-13,30.9,30.9,29.0,29.3,5621
2017-04-16,32.0,32.0,28.8,30.5,7406
2017-04-17,28.0,30.7,28.0,28.4,8809
2017-04-18,28.7,28.7,27.8,27.9,3436
2017-04-19,27.9,29.8,27.9,29.5,1000
2017-04-20,29.1,29.1,28.0,28.1,3400
2017-04-23,27.1,28.4,27.0,27.2,4234
2017-04-24,28.3,28.3,27.0,27.4,3460
2017-04-25,26.1,27.1,26.1,26.8,13194
2017-04-26,26.3,27.3,26.3,26.8,10141
2017-04-27,26.9,27.1,26.8,27.0,7034
2017-04-30,28.5,28.5,25.0,25.6,21338
2017-05-02,27.3,27.3,25.6,26.1,6987
2017-05-03,25.5,26.8,25.5,26.6,2110
2017-05-04,26.8,27.0,26.3,27.0,15775
2017-05-07,26.4,26.5,26.3,26.5,21594
2017-05-08,26.7,26.7,26.3,26.5,7862
2017-05-09,27.6,27.6,26.5,26.7,5013
2017-05-11,26.9,27.0,26.7,26.9,5220
2017-05-14,24.6,26.8,24.6,26.7,550
2017-05-15,26.1,26.7,26.1,26.1,73
2017-05-16,26.5,26.5,26.0,26.3,6993
2017-05-17,25.8,25.8,25.5,25.7,760
2017-05-18,26.0,26.0,25.5,25.5,10313
2017-05-21,25.5,25.5,25.0,25.4,6347
2017-05-22,25.4,27.5,25.3,26.1,7324
2017-05-24,24.1,25.7,24.1,24.8,474
2017-05-25,24.8,24.8,23.4,23.9,10407
2017-05-28,23.1,23.3,23.1,23.3,34
2017-05-29,23.9,23.9,23.8,23.8,975
2017-05-30,23.5,25.0,23.5,24.0,1193
2017-05-31,24.1,24.1,24.1,24.1,500
2017-06-04,24.1,24.5,24.0,24.5,2273
2017-06-05,24.7,24.7,23.8,24.1,135
2017-06-06,24.4,24.8,24.1,24.3,10878
2017-06-07,25.9,25.9,25.9,25.9,32
2017-06-08,24.9,24.9,24.9,24.9,183
2017-06-11,25.4,25.4,25.4,25.4,130
2017-06-13,24.0,25.0,24.0,24.8,6537
2017-06-14,24.6,25.0,24.6,24.9,2837
2017-06-15,25.5,25.5,24.2,25.5,1937
2017-06-20,25.5,25.5,24.6,25.4,1197
2017-06-21,23.6,25.5,23.6,24.5,395
2017-06-22,26.6,26.7,24.7,25.5,5706
2017-06-28,25.3,25.3,25.3,25.3,97
2017-06-29,25.3,25.7,25.1,25.5,2544
2017-07-02,25.4,25.5,25.3,25.5,3908
2017-07-03,26.0,26.4,25.9,26.1,5992
2017-07-04,25.9,26.4,25.9,26.2,41328
2017-07-05,26.3,26.5,26.1,26.4,57693
2017-07-06,26.5,27.0,26.5,26.8,112456
2017-07-09,26.4,26.8,26.4,26.7,27931
2017-07-10,26.6,26.9,26.2,26.8,65529
2017-07-11,27.0,27.9,27.0,27.8,76467
2017-07-12,27.6,27.6,26.8,27.2,22332
2017-07-13,27.2,27.5,27.0,27.2,13980
2017-07-16,27.5,28.5,27.5,27.7,17837
2017-07-17,27.2,27.2,27.0,27.2,2722
2017-07-18,26.6,26.6,26.6,26.6,1109
2017-07-19,26.9,27.1,26.9,26.9,7713
2017-07-20,26.1,27.0,26.1,26.9,1598
2017-07-23,26.5,26.5,26.1,26.3,3949
2017-07-24,26.0,27.0,26.0,26.7,7554
2017-07-25,25.9,27.3,25.9,26.5,3456
2017-07-26,26.6,27.3,26.2,26.3,22074
2017-07-27,26.2,27.2,26.2,26.4,28914
2017-07-30,26.3,27.2,26.2,26.4,5166
2017-07-31,27.0,27.2,26.2,26.6,21043
2017-08-01,26.4,26.8,26.4,26.4,7421
2017-08-02,27.1,27.2,26.5,26.9,40715
2017-08-03,26.9,26.9,26.7,26.8,15833
2017-08-06,27.1,27.9,27.1,27.7,42690
2017-08-07,27.5,28.0,27.3,28.0,31508
2017-08-08,27.9,28.7,27.9,28.4,62793
2017-08-09,27.2,28.7,27.1,27.6,20838
2017-08-10,27.6,27.6,27.3,27.3,1535
2017-08-13,27.2,28.2,27.2,28.0,23525
2017-08-16,28.0,28.7,27.8,28.3,2882
2017-08-17,28.3,28.3,27.3,27.6,13443
2017-08-20,27.9,27.9,27.1,27.2,11103
2017-08-21,27.4,27.4,27.2,27.2,3400
2017-08-22,27.1,27.8,27.0,27.5,10865
2017-08-23,27.8,28.1,27.7,28.0,21777
2017-08-24,28.1,28.1,27.2,27.9,6988
2017-08-27,27.9,28.1,27.3,27.8,16447
2017-08-28,27.4,28.0,27.4,27.7,3746
2017-08-29,27.5,28.1,27.5,28.1,15338
2017-08-30,28.1,28.7,28.1,28.5,57370
2017-08-31,28.8,29.2,28.0,29.1,30136
2017-09-04,28.6,28.6,28.6,28.6,100
2017-09-05,28.4,29.2,28.1,28.3,6370
2017-09-06,27.1,30.3,27.1,29.9,64856
2017-09-07,30.2,31.1,30.0,30.2,21809
2017-09-10,30.8,31.9,30.1,30.7,43623
2017-09-11,31.2,31.2,30.3,30.9,7318
2017-09-12,30.1,30.4,30.1,30.1,11611
2017-09-13,29.9,30.6,29.8,30.3,39861
2017-09-14,31.0,31.0,30.4,30.5,11689
2017-09-17,30.0,30.6,30.0,30.1,86787
2017-09-18,31.1,31.3,30.0,30.8,10552
2017-09-19,31.0,32.0,30.1,30.2,63802
2017-09-20,30.1,30.3,29.4,29.5,11232
2017-09-21,28.1,29.8,28.1,28.7,29900
2017-09-24,28.3,30.1,28.3,28.6,18394
2017-09-25,28.9,29.0,28.3,28.8,1853
2017-09-26,30.1,30.7,28.7,29.3,24108
2017-09-27,28.4,28.9,28.4,28.7,8277
2017-09-28,28.3,29.0,27.6,28.8,34523
2017-10-02,29.0,30.0,28.9,29.6,5910
2017-10-03,30.0,30.2,28.8,29.9,7357
2017-10-04,30.2,30.3,29.3,30.1,52710
2017-10-05,30.2,31.6,30.2,31.4,251265
2017-10-08,30.1,31.5,30.1,30.4,34876
2017-10-09,30.2,30.7,29.5,30.1,61503
2017-10-10,30.4,30.4,30.0,30.0,14048
2017-10-11,30.4,31.6,29.5,29.6,40300
2017-10-12,29.5,29.5,28.5,28.6,31450
2017-10-15,27.7,28.7,27.6,28.3,14577
2017-10-16,28.1,28.7,27.8,28.3,31690
2017-10-17,28.6,28.8,28.2,28.7,8606
2017-10-18,28.6,29.0,28.6,28.7,5020
2017-10-19,28.8,29.1,28.8,28.9,12000
2017-10-22,29.3,29.3,28.6,28.8,3871
2017-10-23,28.8,28.8,28.7,28.7,10010
2017-10-24,28.5,28.5,28.1,28.1,10926
2017-10-25,28.1,28.2,28.1,28.1,5222
2017-10-26,28.1,28.3,28.0,28.1,27625
2017-10-29,28.0,28.3,27.5,27.8,26778
2017-10-30,28.0,29.1,28.0,28.9,3080
2017-10-31,28.0,28.3,28.0,28.2,1145
2017-11-01,28.5,29.4,28.2,28.8,4822
2017-11-02,28.4,28.7,28.4,28.6,6915
2017-11-05,28.6,29.4,28.2,28.5,37085
2017-11-06,28.7,28.7,28.1,28.2,20000
2017-11-07,28.5,28.5,28.5,28.5,2500
2017-11-08,28.6,29.3,28.3,28.6,18182
2017-11-09,28.7,29.3,28.3,29.2,35308
2017-11-12,28.9,29.2,28.8,28.9,15431
2017-11-13,28.7,28.7,28.7,28.7,8454
2017-11-14,28.4,28.7,28.4,28.7,5245
2017-11-15,29.1,29.1,28.3,28.3,22556
2017-11-16,28.5,28.6,28.3,28.4,9927
2017-11-19,28.4,28.5,28.4,28.4,16036
2017-11-20,28.4,28.7,28.4,28.6,16820
2017-11-21,28.5,28.5,28.4,28.5,8078
2017-11-22,28.4,28.9,28.3,28.5,37374
2017-11-23,29.0,29.0,28.7,28.8,13797
2017-11-26,28.6,29.1,28.6,28.9,9692
2017-11-27,28.7,28.9,28.4,28.5,16514
2017-11-28,28.6,29.0,28.5,28.7,5891
2017-11-29,29.0,29.1,29.0,29.1,17737
2017-11-30,28.9,29.2,28.8,29.2,22025
2017-12-03,29.2,29.3,29.0,29.2,14832
2017-12-04,29.3,30.7,29.3,30.2,40510
2017-12-05,30.4,30.4,29.4,30.2,36600
2017-12-06,30.9,30.9,29.0,30.0,25795
2017-12-07,29.3,29.7,29.3,29.6,12537
2017-12-10,30.6,30.6,29.3,29.5,15930
2017-12-11,29.1,29.6,29.1,29.5,22723
2017-12-12,29.4,29.7,29.3,29.6,23949
2017-12-13,29.4,29.4,29.2,29.2,106231
2017-12-14,29.4,30.0,29.4,29.5,3890
2017-12-17,29.9,30.0,29.4,29.8,24294
2017-12-18,29.4,30.5,29.4,30.4,89037
2017-12-19,29.7,30.0,29.7,29.9,4620
2017-12-20,30.4,30.4,30.1,30.2,13065
2017-12-21,30.0,30.1,29.7,29.8,31150
2017-12-24,29.5,29.8,29.5,29.7,2008
2017-12-26,29.5,30.0,29.4,29.5,3897
2017-12-27,30.2,30.2,29.4,29.4,26746
2017-12-28,29.5,29.6,29.4,29.5,17600
2018-01-01,30.7,30.7,30.0,30.4,30225
2018-01-03,29.6,30.3,29.5,29.7,6815
2018-01-04,29.4,30.3,29.4,29.5,96
2018-01-07,30.1,30.1,29.6,29.9,181
2018-01-08,29.5,29.5,29.5,29.5,807
2018-01-09,30.0,30.1,29.6,30.1,641
2018-01-10,28.6,30.0,28.6,29.9,3156
2018-01-14,29.0,29.0,28.5,28.6,4127
2018-01-15,28.4,28.4,28.4,28.4,1007
2018-01-16,28.2,29.8,28.2,28.8,2691
2018-01-17,29.0,29.9,29.0,29.6,7051
2018-01-18,29.7,29.7,28.9,29.4,4296
2018-01-21,29.7,29.7,29.7,29.7,1000
2018-01-23,28.4,29.7,28.4,29.2,17604
2018-01-24,28.6,28.6,28.6,28.6,200
2018-01-25,28.5,28.5,28.5,28.5,10507
2018-01-28,28.6,28.6,28.5,28.6,3712
2018-01-29,29.1,29.1,28.9,29.0,2300
2018-01-30,28.9,29.6,28.9,29.3,21757
2018-01-31,28.2,28.2,28.2,28.2,2600
2018-02-01,28.2,28.3,28.2,28.2,2342
2018-02-04,28.2,28.2,28.1,28.1,11500
2018-02-05,28.1,28.1,28.0,28.0,1500
2018-02-06,27.9,28.2,27.9,28.1,10279
2018-02-07,28.0,28.5,28.0,28.1,1217
2018-02-08,28.7,28.7,28.7,28.7,500
2018-02-11,28.8,28.8,28.5,28.8,1320
2018-02-12,28.5,28.5,28.5,28.5,1100
2018-02-13,28.2,28.2,27.8,28.0,17120
2018-02-14,28.3,28.3,28.2,28.2,2120
2018-02-15,28.0,28.4,28.0,28.0,2062
2018-02-18,28.0,28.0,27.8,27.9,8179
2018-02-19,27.9,27.9,26.9,27.0,13300
2018-02-20,27.0,27.2,26.8,27.0,1750
2018-02-25,26.7,27.0,26.7,26.9,900
2018-02-26,26.5,27.8,25.6,25.9,10571
2018-02-27,25.5,25.5,25.5,25.5,807
2018-02-28,25.6,26.0,25.4,25.6,6958
2018-03-01,26.5,26.9,26.5,26.5,50
2018-03-04,26.2,26.2,26.2,26.2,65
2018-03-05,26.7,26.7,26.4,26.5,2610
2018-03-06,26.5,26.6,26.4,26.5,1120
2018-03-07,26.5,26.5,26.4,26.5,454
2018-03-08,26.5,26.5,26.3,26.3,1956
2018-03-11,26.4,26.5,26.4,26.5,109
2018-03-12,26.5,26.5,25.3,26.1,2712
2018-03-13,25.1,25.1,24.0,25.0,6663
2018-03-14,26.0,26.0,26.0,26.0,500
2018-03-15,25.1,25.1,25.1,25.1,100
2018-03-18,26.0,26.1,26.0,26.1,4301
2018-03-19,25.3,25.3,24.8,25.1,5712
2018-03-20,25.4,25.4,25.3,25.4,1807
2018-03-21,24.7,24.7,24.6,24.6,700
2018-03-22,26.0,26.5,24.4,25.8,7996
2018-03-25,25.8,25.8,25.8,25.8,100
2018-03-27,25.6,25.6,25.2,25.4,590
2018-03-29,25.2,25.2,25.1,25.2,910
2018-04-01,25.3,27.0,25.2,26.7,9600
2018-04-02,26.3,26.8,25.6,26.3,10940
2018-04-03,26.0,26.0,25.7,25.8,1240
2018-04-04,26.0,26.0,25.8,25.9,262
2018-04-05,26.1,26.1,26.1,26.1,20
2018-04-08,25.7,25.9,25.7,25.8,8679
2018-04-10,26.1,26.1,26.0,26.0,900
2018-04-11,26.0,26.0,25.9,26.0,2120
2018-04-12,26.0,26.6,25.7,26.1,2346
2018-04-15,26.1,26.1,25.8,26.0,2351
2018-04-16,26.1,26.1,25.3,25.5,15200
2018-04-17,25.5,25.5,25.0,25.1,9932
2018-04-18,25.7,25.7,24.9,25.0,11800
2018-04-19,25.6,26.5,25.6,26.3,800
2018-04-22,26.0,26.0,25.0,25.3,8405
2018-04-23,26.1,26.1,26.1,26.1,10
2018-04-24,25.1,25.1,24.2,24.3,45283
2018-04-25,25.0,25.0,24.3,24.4,2401
2018-04-26,24.4,25.0,24.4,24.6,10000
2018-04-30,25.5,25.5,24.5,24.9,17001
2018-05-03,24.6,25.5,24.1,24.5,1213
2018-05-06,24.6,25.4,24.4,24.4,8973
2018-05-07,24.6,25.4,24.5,24.7,18247
2018-05-08,24.7,25.4,24.7,24.7,10010
2018-05-09,25.0,25.0,24.6,24.7,2240
2018-05-10,24.3,24.5,24.3,24.4,532
2018-05-13,24.5,24.9,24.2,24.4,1821
2018-05-14,24.6,25.0,24.3,24.5,17805
2018-05-15,24.6,24.8,24.6,24.7,1162
2018-05-16,24.3,26.0,24.3,25.7,17020
2018-05-17,25.7,26.2,25.5,25.6,19090
2018-05-20,25.6,25.6,24.4,24.7,12311
2018-05-21,25.0,25.3,24.6,24.9,11200
2018-05-22,24.7,25.5,24.7,25.3,6007
2018-05-23,25.0,26.0,24.6,24.7,13525
2018-05-24,25.7,26.2,25.6,25.8,13503
2018-05-27,25.6,26.0,24.9,25.2,2646
2018-05-28,26.1,26.1,25.0,25.6,5700
2018-05-30,23.5,24.0,23.5,23.8,1510
2018-05-31,23.5,23.5,23.5,23.5,81
2018-06-03,23.6,23.6,23.6,23.6,1701
2018-06-04,22.5,22.5,22.5,22.5,5000
2018-06-06,22.6,23.9,22.6,23.0,4225
2018-06-10,23.0,23.0,22.6,23.0,11150
2018-06-11,22.6,22.6,22.6,22.6,500
2018-06-12,22.8,23.0,22.6,22.9,14024
2018-06-18,23.0,23.0,23.0,23.0,132
2018-06-19,23.0,23.0,22.7,23.0,1580
2018-06-21,23.3,23.9,23.3,23.9,2375
2018-06-24,23.9,24.1,23.3,24.0,7327
2018-06-25,23.3,24.0,22.4,22.4,41055
2018-06-26,22.9,22.9,22.4,22.5,9624
2018-06-27,22.5,22.6,21.6,22.0,99990
2018-06-28,21.8,21.8,21.3,21.4,34247
2018-07-02,21.7,21.9,21.1,21.2,31326
2018-07-03,21.2,22.2,21.1,22.0,8788
2018-07-04,22.0,22.0,22.0,22.0,5100
2018-07-05,22.3,22.4,21.9,22.1,26013
2018-07-08,22.3,22.6,22.0,22.6,35213
2018-07-09,22.0,23.1,22.0,23.1,23050
2018-07-10,23.9,24.1,23.5,24.0,6464
2018-07-11,24.2,24.2,24.2,24.2,4000
2018-07-12,23.0,24.1,22.8,23.8,5054
2018-07-15,24.2,24.2,23.0,23.6,39564
2018-07-16,22.4,22.4,22.4,22.4,656
2018-07-17,22.4,24.5,22.4,24.0,9436
2018-07-18,23.0,23.0,22.7,23.0,2152
2018-07-19,23.4,23.4,23.3,23.3,13000
2018-07-22,22.2,23.5,22.2,23.4,565
2018-07-23,23.5,23.5,23.0,23.4,10900
2018-07-24,23.0,23.1,23.0,23.0,922
2018-07-25,23.0,23.0,22.4,22.7,3078
2018-07-29,22.2,22.5,22.2,22.5,438
2018-07-30,21.5,22.0,21.5,21.6,1873
2018-07-31,21.7,22.5,21.6,22.3,1818
2018-08-01,22.3,22.8,22.3,22.5,10500
2018-08-02,21.7,24.5,21.7,23.1,24062
2018-08-05,22.6,24.2,22.6,24.1,45570
2018-08-06,24.1,24.1,23.6,23.8,5848
2018-08-07,23.5,23.5,22.5,23.4,30199
2018-08-08,22.9,24.1,22.9,23.7,11514
2018-08-09,23.0,23.0,23.0,23.0,327
2018-08-12,23.2,24.5,23.2,24.2,10027
2018-08-13,24.5,24.5,23.1,23.2,1582
2018-08-14,23.3,23.3,23.3,23.3,2015
2018-08-16,23.1,24.3,23.1,24.2,22355
2018-08-19,24.2,24.8,24.0,24.2,14878
2018-08-20,24.0,24.4,23.6,23.8,8950
2018-08-26,24.2,24.2,23.8,24.0,2144
2018-08-27,23.6,24.1,23.6,24.0,5490
2018-08-28,23.6,24.5,23.6,24.4,9913
2018-08-29,25.0,25.0,24.0,24.4,7009
2018-08-30,24.9,24.9,24.2,24.3,8849
2018-09-03,23.7,24.2,23.7,23.8,490
2018-09-04,24.5,24.5,23.7,23.8,7303
2018-09-05,23.8,23.9,23.8,23.8,1877
2018-09-06,23.7,24.5,23.7,24.3,13020
2018-09-09,23.8,24.0,23.8,23.8,1215
2018-09-10,24.0,24.5,24.0,24.5,17895
2018-09-11,24.3,24.9,24.1,24.6,6039
2018-09-12,25.0,25.0,24.5,25.0,15552
2018-09-13,24.5,24.7,23.5,24.5,32525
2018-09-16,24.3,25.0,24.3,24.8,5000
2018-09-17,24.8,24.8,24.1,24.2,4942
2018-09-18,24.9,24.9,24.9,24.9,1
2018-09-19,24.9,24.9,23.7,24.1,6526
2018-09-20,24.1,24.1,24.0,24.1,3500
2018-09-24,23.1,23.2,22.9,23.2,4122
2018-09-25,23.1,24.7,23.1,23.2,7028
2018-09-26,24.4,25.5,24.4,25.5,67027
2018-09-27,28.0,28.0,26.5,28.0,458022
2018-09-30,29.5,30.8,27.0,30.2,321377
2018-10-01,30.5,31.7,28.0,28.6,133614
2018-10-02,27.0,28.1,26.2,27.0,117627
2018-10-03,26.5,28.6,25.2,27.3,98538
2018-10-04,27.3,28.4,26.5,26.8,45262
2018-10-07,26.4,27.3,25.6,26.0,59477
2018-10-08,25.0,27.2,24.8,26.6,74117
2018-10-09,26.3,27.9,25.4,26.0,32397
2018-10-10,27.8,27.8,24.5,24.8,62804
2018-10-11,24.2,26.0,24.2,25.1,7717
2018-10-14,25.1,25.8,25.0,25.2,17983
2018-10-15,25.0,25.0,24.6,24.8,14230
2018-10-16,24.9,25.0,24.7,24.8,5123
2018-10-17,25.0,25.0,24.9,25.0,3700
2018-10-18,25.7,26.4,24.7,25.3,36805
2018-10-21,25.2,26.4,25.0,25.1,9190
2018-10-22,25.1,25.1,25.1,25.1,49547
2018-10-23,24.7,26.0,24.6,25.3,61599
2018-10-24,25.1,25.2,25.1,25.1,6319
2018-10-25,25.2,25.2,25.0,25.0,14139
2018-10-28,25.0,25.0,24.5,24.5,6043
2018-10-29,25.3,25.3,24.6,24.9,2553
2018-10-30,25.0,25.8,25.0,25.3,28893
2018-10-31,24.2,25.0,24.1,24.6,18629
2018-11-01,25.0,25.0,24.4,24.6,4170
2018-11-04,24.4,24.4,24.2,24.2,3000
2018-11-05,24.2,24.2,24.1,24.2,408
2018-11-06,24.3,24.3,24.2,24.2,11536
2018-11-07,24.5,24.5,23.6,23.8,27723
2018-11-08,24.7,24.7,23.4,23.9,46072
2018-11-11,23.9,23.9,23.5,23.6,8237
2018-11-12,23.6,23.9,23.4,23.5,17529
2018-11-13,24.7,25.8,24.3,24.4,53055
2018-11-14,25.0,25.0,24.1,24.7,9150
2018-11-15,23.6,24.8,23.6,24.7,111
2018-11-18,24.8,25.0,24.1,24.5,22677
2018-11-19,24.2,25.1,24.2,24.5,1632
2018-11-20,25.3,25.3,24.3,24.5,3150
2018-11-22,23.4,25.5,23.4,24.1,12071
2018-11-25,24.7,24.7,24.0,24.2,20150
2018-11-26,24.2,24.5,24.1,24.2,5350
2018-11-27,23.8,24.9,23.0,24.6,26842
2018-11-28,24.0,24.6,23.1,23.2,26834
2018-11-29,23.6,24.4,23.5,23.5,6807
2018-12-02,23.2,23.9,23.2,23.6,7520
2018-12-03,24.0,24.9,23.8,24.0,10195
2018-12-04,24.1,24.1,24.0,24.0,12200
2018-12-05,24.1,24.7,24.1,24.2,19125
2018-12-06,24.1,24.5,24.1,24.5,9828
2018-12-09,24.7,25.8,24.0,25.2,53208
2018-12-10,24.4,24.8,24.0,24.3,17106
2018-12-11,24.9,24.9,24.5,24.6,1925
2018-12-12,24.7,25.4,24.7,24.9,8520
2018-12-13,25.2,25.9,25.0,25.5,8961
2018-12-17,25.5,25.8,24.9,25.1,20372
2018-12-18,25.0,25.7,25.0,25.1,1317
2018-12-19,26.0,26.6,25.8,26.2,46837
2018-12-20,26.9,27.5,26.4,26.9,98831
2018-12-23,26.0,26.5,25.5,25.8,10984
2018-12-24,25.0,26.6,24.8,25.9,27550
2018-12-26,26.9,28.4,26.7,28.2,403784
2018-12-27,29.2,29.9,27.0,28.9,159763
2019-01-01,29.0,29.3,27.9,28.9,69348
2019-01-02,29.3,29.3,27.3,28.3,32332
2019-01-03,29.5,31.1,29.5,30.8,805839
2019-01-06,32.0,33.8,31.8,32.3,117720
2019-01-07,32.3,35.5,31.1,35.5,2280433
2019-01-08,36.8,37.8,35.7,37.8,665320
2019-01-09,37.8,40.6,37.8,39.0,1149154
2019-01-10,39.9,41.2,38.8,40.9,1066564
2019-01-13,40.7,42.5,40.5,40.8,1521314
2019-01-14,41.1,41.8,38.9,39.2,922715
2019-01-15,39.4,43.1,38.0,42.3,1817866
2019-01-16,42.9,43.3,39.9,40.4,730329
2019-01-17,40.3,41.4,36.8,37.4,803677
2019-01-20,38.0,38.9,34.8,35.2,500559
2019-01-21,36.5,38.7,36.1,37.6,741125
2019-01-22,38.9,38.9,36.0,36.4,482210
2019-01-23,36.2,37.5,35.0,35.9,428041
2019-01-24,36.9,38.8,36.9,38.1,433499
2019-01-27,38.9,41.4,36.6,37.7,875271
2019-01-28,38.0,38.7,35.6,36.1,447952
2019-01-29,36.2,38.6,36.2,37.7,361502
2019-01-30,37.0,39.3,37.0,37.7,326554
2019-01-31,37.5,38.4,36.5,36.9,242730
2019-02-03,37.0,38.2,35.2,35.7,324505
2019-02-04,34.9,36.0,32.7,33.0,263910
2019-02-05,32.4,34.9,30.0,32.0,266963
2019-02-06,32.8,34.0,32.0,33.0,315446
2019-02-07,33.5,35.4,33.3,33.5,393286
2019-02-10,33.8,35.9,31.1,31.3,198907
2019-02-11,30.5,33.7,30.5,33.2,90550
2019-02-12,33.3,33.6,30.6,31.0,150083
2019-02-13,34.1,34.1,31.1,33.7,247698
2019-02-14,33.7,36.0,33.7,34.5,301170
2019-02-17,35.0,35.3,32.7,33.2,127242
2019-02-18,34.0,34.0,31.4,31.7,79336
2019-02-19,32.0,34.1,31.2,31.7,258044
2019-02-20,31.8,32.2,30.5,30.8,293006
2019-02-24,31.3,32.6,31.1,32.2,149971
2019-02-25,33.0,33.5,31.4,31.6,118714
2019-02-26,31.7,33.5,31.6,32.6,228717
2019-02-27,32.9,32.9,30.7,31.4,242066
2019-03-03,31.7,31.7,30.5,30.7,96670
2019-03-04,31.0,31.0,29.9,30.1,105820
2019-03-05,30.7,31.4,29.0,29.5,194752
2019-03-06,29.5,30.1,28.9,29.3,82192
2019-03-07,30.0,30.8,29.7,30.3,88507
2019-03-10,30.6,31.5,30.3,31.2,176360
2019-03-11,30.7,31.0,30.0,30.3,54368
2019-03-12,30.0,30.3,30.0,30.0,166707
2019-03-13,30.0,30.1,28.1,29.1,72888
2019-03-14,28.4,29.0,27.6,27.9,41712
2019-03-18,27.2,27.9,26.8,27.2,20033
2019-03-19,27.5,29.0,27.0,27.2,40745
2019-03-20,28.0,28.2,27.6,28.0,188282
2019-03-21,28.0,28.5,28.0,28.2,66568
2019-03-24,27.4,28.0,26.7,26.9,28035
2019-03-25,28.3,28.9,27.5,28.1,62658
2019-03-27,29.0,29.1,28.0,28.3,26014
2019-03-28,29.0,29.3,28.1,29.0,12363
2019-03-31,30.0,30.0,28.4,28.8,4129
2019-04-01,31.0,31.4,28.9,31.0,42911
2019-04-02,31.9,32.1,30.3,30.6,34531
2019-04-03,29.5,29.5,28.0,28.6,28620
2019-04-04,30.0,30.0,28.6,29.1,2990
2019-04-07,28.7,30.0,28.5,29.9,7250
2019-04-08,28.6,29.9,28.1,28.5,5101
2019-04-09,30.0,30.0,27.1,27.8,11128
2019-04-10,27.1,29.0,26.5,27.2,3015
2019-04-11,28.0,28.0,27.1,27.6,7252
2019-04-15,27.6,27.8,27.0,27.7,21890
2019-04-16,26.5,27.6,26.5,26.8,2613
2019-04-17,28.0,29.0,26.2,28.5,16766
2019-04-18,29.0,29.4,28.0,28.1,100960
2019-04-21,28.6,29.4,27.6,28.8,13669
2019-04-23,29.5,29.5,27.3,28.6,57496
2019-04-24,28.0,29.0,27.0,28.8,60412
2019-04-25,27.4,28.2,26.5,26.7,38711
2019-04-28,25.7,28.0,25.5,26.3,42933
2019-04-29,27.4,28.0,25.6,25.8,62099
2019-04-30,25.3,26.9,25.2,25.4,41146
2019-05-02,27.0,27.0,25.5,26.6,22008
2019-05-05,27.5,27.7,26.9,27.0,52907
2019-05-06,27.8,28.0,27.0,27.2,44329
2019-05-07,28.5,28.8,26.8,27.1,109295
2019-05-08,27.9,27.9,26.4,26.5,1183
2019-05-09,27.8,27.8,26.4,26.8,46789
2019-05-12,28.4,28.4,26.7,26.9,7743
2019-05-13,27.7,27.7,27.0,27.1,97725
2019-05-14,27.1,27.2,27.0,27.0,2692
2019-05-15,27.2,27.6,27.2,27.6,36005
2019-05-16,27.2,27.7,27.0,27.6,15005
2019-05-19,28.1,28.4,27.6,28.2,18499
2019-05-21,26.9,27.5,26.1,26.1,28740
2019-05-22,26.5,27.8,26.5,27.6,11369
2019-05-23,27.8,27.9,27.0,27.5,37117
2019-05-26,27.6,28.9,27.2,27.8,34793
2019-05-27,27.0,29.9,27.0,28.9,160403
2019-05-28,29.3,29.6,28.5,29.3,34631
2019-05-29,29.5,29.5,28.0,28.6,75792
2019-05-30,29.4,29.4,28.4,29.1,72165
2019-06-09,29.2,29.2,28.1,28.6,13387
2019-06-10,28.0,29.0,27.5,28.3,40819
2019-06-11,28.1,29.5,28.1,29.0,67453
2019-06-12,29.3,30.5,28.6,30.2,216004
2019-06-13,30.8,31.4,29.9,30.9,84955
2019-06-16,32.4,32.4,30.2,30.5,56495
2019-06-17,31.7,31.8,30.5,31.4,164577
2019-06-18,32.5,32.7,31.0,31.5,176791
2019-06-19,31.5,33.0,31.5,32.0,177098
2019-06-20,32.0,32.4,30.0,30.3,64751
2019-06-23,33.0,33.0,29.5,31.0,60396
2019-06-24,31.4,31.7,29.8,30.2,30837
2019-06-25,30.5,30.9,28.7,28.8,77508
2019-06-26,28.2,29.8,28.2,29.4,21751
2019-06-27,29.3,30.3,28.9,29.1,55207
2019-06-30,29.7,29.7,27.6,27.9,19769
2019-07-02,29.5,29.5,27.8,28.0,34686
2019-07-03,28.9,29.8,28.0,29.4,14511
2019-07-04,28.5,29.8,28.5,29.4,17408
2019-07-07,28.5,29.9,28.5,29.4,7614
2019-07-08,29.5,30.0,29.2,29.9,47362
2019-07-09,30.0,30.8,29.5,30.0,76122
2019-07-10,28.2,31.6,28.2,30.9,154660
2019-07-11,31.0,31.4,30.5,30.8,103354
2019-07-14,31.1,31.5,29.0,29.2,86819
2019-07-15,29.0,29.4,29.0,29.1,30150
2019-07-16,29.5,29.5,28.8,29.1,72615
2019-07-17,29.1,30.1,29.0,29.1,84925
2019-07-18,29.8,29.8,29.2,29.2,30554
2019-07-21,30.6,30.6,28.1,28.5,14019
2019-07-22,28.5,30.7,28.5,29.0,39915
2019-07-23,29.0,30.4,29.0,29.9,35633
2019-07-24,30.8,30.8,29.0,30.0,12233
2019-07-25,30.0,30.5,29.2,29.6,44613
2019-07-28,30.5,30.5,28.7,28.7,154274
2019-07-29,28.5,29.6,28.5,29.2,33563
2019-07-30,30.0,30.2,28.5,28.6,85908
2019-07-31,28.5,28.5,27.7,27.8,39347
2019-08-01,27.2,27.8,27.1,27.3,82095
2019-08-04,29.3,29.3,27.1,27.7,37400
2019-08-05,29.0,29.3,27.5,27.7,103550
2019-08-06,27.7,28.8,26.3,26.8,104670
2019-08-07,26.2,27.6,26.2,26.8,65601
2019-08-08,26.9,27.5,26.7,27.2,25528
2019-08-18,28.1,28.6,27.9,28.3,28500
2019-08-19,28.1,28.6,27.2,27.9,311868
2019-08-20,28.8,28.8,27.8,28.1,299838
2019-08-21,28.9,28.9,28.0,28.1,326611
2019-08-22,27.1,28.2,27.1,28.1,20706
2019-08-25,28.5,28.5,27.8,28.0,117790
2019-08-26,27.8,28.0,27.4,27.9,374089
2019-08-27,27.3,27.8,27.0,27.4,61895
2019-08-28,27.4,27.5,25.5,25.6,123122
2019-08-29,26.6,26.8,25.4,25.9,151134
2019-09-01,26.7,27.0,25.0,25.1,74269
2019-09-02,25.1,26.3,24.8,25.1,51827
2019-09-03,26.2,26.2,24.6,24.6,97055
2019-09-04,25.7,27.0,24.7,25.1,55161
2019-09-05,26.2,26.2,25.2,25.5,94965
2019-09-08,26.0,26.7,25.5,26.4,55241
2019-09-09,26.2,26.2,25.0,25.2,8794
2019-09-11,25.0,25.1,24.9,24.9,18990
2019-09-12,25.1,26.0,24.7,24.7,143522
2019-09-15,25.7,26.4,25.5,25.9,113727
2019-09-16,26.5,27.1,26.2,26.5,168519
2019-09-17,26.5,27.0,26.0,26.4,56961
2019-09-18,27.0,27.3,25.8,26.6,285564
2019-09-19,27.3,27.4,26.1,26.3,55825
2019-09-22,26.3,26.7,25.5,25.7,71657
2019-09-23,26.8,27.0,25.9,26.6,36040
2019-09-24,27.2,27.4,26.4,26.8,345872
2019-09-25,27.1,27.8,27.0,27.7,476655
2019-09-26,27.7,28.6,27.3,28.3,333817
2019-09-29,28.3,28.7,27.8,28.1,415662
2019-09-30,28.1,29.9,27.8,28.1,410006
2019-10-01,28.6,28.7,27.8,28.0,87083
2019-10-02,28.3,28.6,27.7,27.8,168093
2019-10-03,27.8,27.8,27.3,27.5,141529
2019-10-06,27.1,27.5,26.6,26.8,120394
2019-10-07,26.8,27.2,26.7,26.8,32719
2019-10-09,27.1,27.4,26.7,27.1,316280
2019-10-10,26.9,27.0,26.6,26.8,31489
2019-10-13,26.3,26.3,25.7,26.0,39710
2019-10-14,26.2,26.8,25.8,26.0,102548
2019-10-15,26.5,27.0,26.4,26.8,114280
2019-10-16,27.0,27.5,26.5,26.6,31711
2019-10-17,27.3,28.0,27.0,27.3,193855
2019-10-20,27.3,28.0,27.3,27.4,82832
2019-10-21,27.7,28.1,26.8,27.4,86780
2019-10-22,26.1,27.2,25.9,26.2,154192
2019-10-23,26.1,26.8,26.0,26.3,60145
2019-10-24,26.8,27.4,26.1,26.4,176407
2019-10-27,26.1,26.5,26.0,26.3,23585
2019-10-28,27.0,27.3,26.0,26.1,69928
2019-10-29,26.0,26.8,25.9,25.9,40142
2019-10-30,25.8,26.4,25.8,26.2,17344
2019-10-31,26.1,26.2,25.7,26.1,21517
2019-11-03,25.6,26.7,25.5,26.4,56198
2019-11-04,26.2,26.6,26.0,26.2,19329
2019-11-05,26.2,26.2,25.7,25.8,38960
2019-11-06,25.9,26.0,25.6,25.7,64948
2019-11-07,26.5,26.6,26.0,26.3,49490
2019-11-11,26.1,26.4,26.0,26.2,10826
2019-11-12,26.7,27.1,26.0,27.0,105110
2019-11-13,27.1,27.3,26.6,26.9,61105
2019-11-14,27.0,27.0,26.2,26.7,37851
2019-11-17,27.4,27.8,27.0,27.2,99405
2019-11-18,27.2,28.7,27.0,27.8,189720
2019-11-19,28.2,28.4,27.5,27.7,102611
2019-11-20,27.6,28.8,27.3,28.5,212897
2019-11-21,28.9,29.7,28.5,28.8,316534
2019-11-24,28.8,28.8,27.8,28.2,99835
2019-11-25,28.2,28.3,27.1,27.8,142981
2019-11-26,28.1,28.1,27.1,27.2,45666
2019-11-27,27.1,28.0,26.8,26.9,101428
2019-11-28,27.0,28.2,27.0,27.8,140748
2019-12-01,27.5,28.0,27.3,27.4,64200
2019-12-02,27.6,27.6,27.2,27.4,41806
2019-12-03,27.9,28.4,27.5,27.6,89139
2019-12-04,27.9,28.4,27.6,28.1,494314
2019-12-05,28.7,29.4,28.2,28.2,200489
2019-12-08,28.3,28.3,26.9,27.0,113047
2019-12-09,26.9,27.6,26.9,27.1,69313
2019-12-10,27.5,27.5,26.6,26.7,61993
2019-12-11,27.0,27.3,26.5,26.9,37783
2019-12-12,27.9,28.0,27.4,27.6,62425
2019-12-15,27.3,28.4,27.1,27.4,75746
2019-12-17,27.3,28.0,26.8,27.2,48938
2019-12-18,27.0,28.0,27.0,27.60000038,103160
2019-12-19,28.0,28.20000076,27.5,27.70000076,194078
2019-12-22,27.7,28.0,27.2,27.4,60228
2019-12-23,27.7,27.8,26.8,26.9,53105
2019-12-24,27.0,27.3,26.7,26.9,34659
2019-12-26,26.8,27.2,26.5,26.7,24728
2019-12-29,27.0,27.0,26.3,26.4,23414
2019-12-30,26.6,27.0,26.6,26.9,36537
2020-01-01,27.4,27.9,26.9,27.7,73471
2020-01-02,27.8,28.0,27.2,27.4,35823
2020-01-05,27.1,27.4,27.0,27.0,13740
2020-01-06,26.6,28.0,26.6,27.6,195137
2020-01-07,28.0,28.4,27.6,28.1,259250
2020-01-08,28.1,28.3,27.0,27.1,74378
2020-01-09,27.1,27.3,26.6,26.6,22612
2020-01-12,26.8,27.1,26.6,26.7,92759
2020-01-13,26.9,26.9,25.7,25.9,82709
2020-01-14,25.5,25.7,24.7,25.2,45629
2020-01-15,26.2,26.2,25.0,25.1,73862
2020-01-16,25.2,26.0,25.0,25.8,11482
2020-01-19,26.6,27.4,26.1,26.9,137310
2020-01-20,27.1,27.4,26.5,26.6,26435
2020-01-21,26.5,27.0,26.1,27.0,41495
2020-01-22,27.0,27.0,26.3,26.5,38774
2020-01-23,26.7,27.7,26.7,27.5,106133
2020-01-26,27.1,27.5,26.6,26.8,56153
2020-01-27,26.3,26.3,26.1,26.2,15100
2020-01-28,26.2,27.6,26.2,26.8,96150
2020-01-29,27.3,27.6,26.6,27.3,40627
2020-01-30,26.6,26.8,26.1,26.3,72487
2020-02-02,26.9,27.5,25.9,26.9,56054
2020-02-03,27.0,27.5,27.0,27.4,108260
2020-02-04,27.7,28.0,26.9,27.1,90670
2020-02-05,27.6,27.6,26.9,27.1,26783
2020-02-06,26.9,26.9,26.6,26.8,31400
2020-02-09,27.0,27.0,26.0,26.2,61971
2020-02-10,24.4,26.8,24.4,26.1,18031
2020-02-11,27.2,27.5,26.3,26.3,73931
2020-02-12,27.2,27.2,25.7,25.8,185225
2020-02-13,26.1,26.6,25.5,26.2,144568
2020-02-16,26.6,27.5,26.5,27.2,176564
2020-02-17,27.2,28.0,26.8,27.8,112038
2020-02-18,28.8,28.8,26.6,26.7,75625
2020-02-19,26.8,27.4,26.7,26.8,57475
2020-02-20,27.0,27.0,26.4,26.6,76951
2020-02-23,27.5,27.5,26.0,26.6,105699
2020-02-24,26.9,26.9,26.1,26.1,71720
2020-02-25,26.5,26.5,25.8,26.3,7510
2020-02-26,26.7,26.7,25.6,26.1,80130
2020-02-27,25.8,26.3,25.6,25.7,51825
2020-03-01,25.8,26.2,25.6,25.8,103495
2020-03-02,25.9,26.9,25.7,26.1,72555
2020-03-03,26.0,26.6,26.0,26.3,55422
2020-03-04,25.9,26.2,25.3,25.4,75339
2020-03-05,25.1,25.2,24.3,24.4,91050
2020-03-08,24.1,24.7,23.6,24.0,11697
2020-03-09,23.0,23.0,21.7,21.7,54458
2020-03-10,23.6,23.8,21.0,23.5,40141
2020-03-11,23.5,24.3,23.4,23.7,58816
2020-03-12,22.9,23.8,22.5,22.7,74449
2020-03-15,20.9,22.4,20.5,21.9,27165
2020-03-16,22.6,22.6,20.0,20.3,53215
2020-03-18,20.4,20.4,18.3,18.3,52434
2020-03-19,22.8,22.8,22.8,22.8,42
2020-03-22,21.4,21.4,21.4,21.4,21
2020-03-23,21.4,22.7,21.4,22.1,57976
2020-03-24,21.4,21.4,21.4,21.4,3812
2020-03-25,23.3,23.3,21.4,21.6,36557
2020-05-31,22.0,23.2,21.4,21.6,42101
2020-06-01,22.4,22.4,21.4,21.5,35550
2020-06-02,21.9,21.9,21.4,21.5,70347
2020-06-03,21.4,21.4,21.4,21.4,2390
2020-06-04,21.6,21.6,21.4,21.5,200
2020-06-07,21.5,22.3,21.5,22.3,57836
2020-06-08,22.1,22.1,21.4,22.0,44220
2020-06-09,21.4,21.9,21.4,21.4,24965
2020-06-10,21.4,21.4,21.4,21.4,12500
2020-06-11,21.4,21.9,21.4,21.5,25999
2020-06-14,22.0,22.4,21.4,21.5,116864
2020-06-15,21.4,21.8,21.4,21.8,20231
2020-06-16,21.9,22.0,21.4,21.4,39913
2020-06-17,21.4,21.4,21.4,21.4,2300
2020-06-18,21.7,21.8,21.4,21.6,15200
2020-06-21,21.6,21.6,21.6,21.6,1000
2020-06-22,21.6,21.6,21.5,21.6,18500
2020-06-23,21.5,21.5,21.5,21.5,24000
2020-06-24,21.5,21.5,21.5,21.5,2400
2020-06-28,21.4,21.4,21.4,21.4,38100
2020-06-29,21.4,21.4,21.4,21.4,66769
2020-06-30,21.4,21.6,21.4,21.5,53301
2020-07-02,21.5,21.5,21.4,21.5,14000
2020-07-05,21.4,22.9,21.4,22.5,122503
2020-07-06,22.5,22.7,21.5,22.2,60458
2020-07-07,22.3,22.3,21.4,21.5,101966
2020-07-08,22.0,22.8,21.9,22.5,89804
2020-07-09,22.7,23.5,22.0,22.2,209993
2020-07-12,22.4,22.4,21.4,21.4,66918
2020-07-13,22.1,22.2,21.5,21.7,92987
2020-07-14,21.8,22.2,21.6,21.7,56318
2020-07-15,22.0,23.3,22.0,22.9,244213
2020-07-16,23.0,23.4,22.4,23.2,134456
2020-07-19,23.0,23.9,22.8,23.4,219397
2020-07-20,23.9,25.0,23.9,25.0,201846
2020-07-21,26.0,27.4,25.0,25.7,499113
2020-07-22,25.7,26.3,25.3,26.0,152278
2020-07-23,26.1,27.9,26.1,26.7,276045
2020-07-26,26.4,27.0,26.1,27.0,90937
2020-07-27,26.9,29.2,26.9,29.0,636130
2020-07-28,28.6,29.2,28.3,28.6,141442
2020-07-29,28.5,29.5,28.0,29.3,404562
2020-08-03,28.6,29.5,27.6,27.9,385966
2020-08-04,28.1,30.3,27.4,30.1,569961
2020-08-05,30.1,31.9,29.2,30.3,642858
2020-08-06,31.4,31.8,30.0,30.3,610839
2020-08-09,30.3,31.3,29.2,30.5,317877
2020-08-10,30.3,30.4,28.5,29.3,334897
2020-08-12,29.3,30.5,28.1,29.1,272685
2020-08-13,29.9,32.0,29.4,31.2,551082
2020-08-16,31.4,34.0,31.4,32.1,329254
2020-08-17,32.5,33.9,31.1,31.4,265469
2020-08-18,31.3,32.5,30.2,30.9,158743
2020-08-19,32.0,32.2,29.4,31.0,142228
2020-08-20,31.6,31.6,29.4,30.0,100776
2020-08-23,31.4,31.4,29.0,29.6,108971
2020-08-24,29.7,30.5,29.0,29.0,92533
2020-08-25,28.8,30.1,27.3,29.1,63012
2020-08-26,29.8,30.4,28.7,29.2,123969
2020-08-27,28.9,29.0,28.3,28.4,52050
2020-08-31,29.7,30.4,27.7,28.1,106670
2020-09-01,28.0,28.4,27.2,28.4,17310
2020-09-02,28.8,30.0,28.7,28.9,201430
2020-09-03,29.1,29.3,28.2,28.6,54588
2020-09-06,28.5,28.5,27.6,27.7,77017
2020-09-07,27.7,27.7,26.7,27.4,84552
2020-09-08,27.8,27.9,27.2,27.6,26742
2020-09-09,27.9,29.1,27.4,28.8,101446
2020-09-10,28.2,29.8,27.4,28.7,77792
2020-09-13,29.3,29.3,28.2,28.6,78449
2020-09-14,29.3,30.3,28.4,28.7,347742
2020-09-15,29.0,31.5,29.0,31.3,212892
2020-09-16,32.4,34.0,31.0,31.2,422870
2020-09-17,31.2,32.7,30.9,32.0,146610
2020-09-20,32.7,35.2,32.7,35.2,948725
2020-09-21,36.7,36.8,32.3,33.3,481401
2020-09-22,32.0,34.7,32.0,33.8,332619
2020-09-23,34.4,36.3,34.4,36.1,729388
2020-09-24,36.6,37.6,33.5,37.5,926493
2020-09-27,38.2,40.2,37.9,38.7,1049736
2020-09-28,38.7,38.7,36.0,36.7,484256
2020-09-29,36.8,37.6,36.2,37.1,557808
2020-09-30,38.4,38.5,35.5,36.4,612484
2020-10-01,36.7,37.5,35.1,35.3,334355
2020-10-04,35.4,37.3,34.2,36.9,642564
2020-10-05,37.7,40.5,37.7,40.5,2364125
2020-10-06,43.0,44.0,38.9,39.5,1091387
2020-10-07,39.0,41.4,38.5,38.8,1555857
2020-10-08,38.8,41.7,38.5,41.1,1553335
2020-10-11,42.5,45.1,41.5,44.2,1375166
2020-10-12,44.0,44.0,39.8,39.8,886911
2020-10-13,40.3,41.9,38.0,38.2,793559
2020-10-14,39.8,39.8,34.4,34.4,536670
2020-10-15,36.0,37.8,34.0,37.7,458748
2020-10-18,38.4,40.5,37.5,38.8,583703
2020-10-19,39.5,40.2,38.0,39.6,616697
2020-10-20,39.9,41.9,38.8,39.1,833153
2020-10-21,39.8,41.4,38.9,41.0,1047612
2020-10-22,42.0,43.8,40.3,42.0,1319688
2020-10-25,43.0,45.1,42.7,43.8,2105015
2020-10-27,44.5,46.9,43.0,46.4,2576342
2020-10-28,48.0,49.5,44.6,45.6,1502915
2020-10-29,46.5,46.5,41.1,41.8,914274
2020-11-01,40.5,44.5,37.7,41.3,942496
2020-11-02,43.4,43.7,41.1,41.5,789445
2020-11-03,42.4,42.4,40.5,41.4,512894
2020-11-04,43.6,43.8,42.0,43.5,949384
2020-11-05,44.2,45.4,42.1,42.4,678752
2020-11-08,42.5,43.0,41.3,41.8,777005
2020-11-09,42.4,43.6,41.0,41.4,606320
2020-11-10,43.1,43.5,40.4,40.7,475533
2020-11-11,41.4,42.0,36.8,37.1,289772
2020-11-12,38.9,40.7,37.1,40.0,174425
2020-11-15,40.1,40.1,37.0,37.2,314007
2020-11-16,37.1,38.6,36.3,36.5,238507
2020-11-17,37.9,37.9,34.4,35.7,200020
2020-11-18,36.0,37.0,35.1,35.7,163751
2020-11-19,36.0,36.4,34.8,35.2,112327
2020-11-22,35.6,36.3,35.2,35.6,111582
2020-11-23,36.8,39.1,35.8,39.1,339841
2020-11-24,39.3,40.7,39.0,40.1,298063
2020-11-25,36.8,41.7,36.8,41.2,643567
2020-11-26,41.3,42.7,40.6,41.3,565062
2020-11-29,41.9,43.4,41.8,43.2,1087664
2020-11-30,44.3,44.6,43.1,43.7,1006856
2020-12-01,44.0,44.9,42.5,42.8,573734
2020-12-02,42.5,44.1,42.5,42.6,575590
2020-12-03,43.6,43.8,42.2,42.6,351761
2020-12-06,43.4,43.4,40.6,41.2,207463
2020-12-07,42.2,43.9,39.3,40.1,510964
2020-12-08,39.6,42.2,39.6,41.5,247145
2020-12-09,41.5,41.8,40.2,40.8,286871
2020-12-10,42.4,42.4,40.8,42.3,624593
2020-12-13,40.9,42.7,39.5,39.9,443053
2020-12-14,40.8,41.5,39.9,40.7,348576
2020-12-15,41.7,42.2,40.6,41.0,355102
2020-12-17,41.1,41.8,40.3,40.9,313299
2020-12-20,41.7,41.8,40.8,41.7,276269
2020-12-21,42.1,43.3,40.8,41.3,663586
2020-12-22,41.2,42.9,41.0,42.5,397661
2020-12-23,43.5,46.7,43.3,46.7,4072933
2020-12-24,49.0,50.5,46.3,47.7,1716834
2020-12-27,48.0,48.1,44.3,44.8,1550448
2020-12-28,45.0,45.8,42.7,43.5,854463
2020-12-29,44.0,46.3,44.0,45.5,763428
2020-12-30,46.9,47.1,43.8,44.7,1357766
2021-01-03,45.7,46.4,43.8,45.0,891299
2021-01-04,46.4,49.4,45.7,46.1,1721500
2021-01-05,46.1,46.5,42.6,43.3,1012691
2021-01-06,42.6,44.3,41.0,41.8,332453
2021-01-07,41.8,43.4,41.1,42.7,599917
2021-01-10,43.9,43.9,41.1,41.4,633332
2021-01-11,41.7,41.8,39.3,40.5,618272
2021-01-12,42.4,42.4,38.2,38.8,681500
2021-01-13,39.0,41.0,38.2,38.4,313873
2021-01-14,38.4,40.0,37.2,38.7,553805
2021-01-17,39.8,40.8,34.9,37.0,512926
2021-01-18,39.4,39.4,37.0,37.2,211025
2021-01-19,40.1,40.9,40.1,40.9,222800
2021-01-20,43.8,43.8,38.5,38.8,724230
2021-01-21,38.9,40.0,38.0,38.3,189115
2021-01-24,38.9,40.5,37.8,40.1,335878
2021-01-25,40.3,42.4,39.6,40.5,918795
2021-01-26,41.9,41.9,38.2,38.8,348092
2021-01-27,38.8,40.3,37.7,38.1,324882
2021-01-28,38.5,39.6,37.5,37.6,185643
2021-01-31,37.9,37.9,36.5,36.6,135387
2021-02-01,38.3,38.9,36.3,38.0,245903
2021-02-02,39.0,39.6,36.7,37.1,186787
2021-02-03,36.5,38.0,36.2,36.4,129495
2021-02-04,37.4,37.4,35.7,35.9,150373
2021-02-07,36.9,37.7,35.8,36.2,153391
2021-02-08,36.3,36.7,34.0,34.7,115034
2021-02-09,34.7,36.1,34.3,35.6,121749
2021-02-10,35.1,36.2,35.1,35.8,81447
2021-02-11,35.8,36.0,33.7,34.3,117535
2021-02-14,33.8,34.0,31.7,33.2,273789
2021-02-15,34.0,34.8,33.5,33.9,58015
2021-02-16,34.0,34.7,33.4,33.5,70215
2021-02-17,34.0,36.8,34.0,36.8,455639
2021-02-18,35.7,38.0,34.6,35.5,228327
2021-02-22,35.9,35.9,34.3,34.5,59886
2021-02-23,35.8,35.8,33.9,34.1,45626
2021-02-24,34.5,35.1,33.9,34.3,132672
2021-02-25,34.9,36.7,34.9,35.8,139687
2021-02-28,37.5,37.5,35.2,35.3,82995
2021-03-01,35.0,35.4,34.3,34.4,88860
2021-03-02,35.8,35.8,34.4,34.6,72303
2021-03-03,35.0,35.8,34.7,35.3,63594
2021-03-04,35.6,36.4,34.9,35.6,135705
2021-03-07,35.5,36.7,35.5,36.2,118078
2021-03-08,36.3,36.3,34.5,34.9,162741
2021-03-09,34.9,35.3,34.0,34.3,141695
2021-03-10,34.4,34.8,33.7,34.1,47452
2021-03-11,35.5,35.5,33.6,33.6,45786
2021-03-14,34.6,34.6,33.3,33.3,39745
2021-03-15,33.5,34.2,33.3,33.8,67783
2021-03-16,35.5,35.5,32.8,34.2,75267
2021-03-18,33.1,33.1,31.9,32.4,72796
2021-03-21,32.4,32.4,30.0,30.5,144717
2021-03-22,32.7,32.7,30.3,31.9,81521
2021-03-23,31.9,34.4,31.5,34.0,219936
2021-03-24,34.9,34.9,31.8,32.3,94531
2021-03-25,29.8,33.1,29.8,32.2,72992
2021-03-28,32.2,33.7,32.1,33.4,88195
2021-03-29,35.3,35.3,33.3,34.0,210287
2021-03-31,33.5,33.6,32.4,32.6,65312
2021-04-01,30.8,33.7,30.8,32.9,107069
2021-04-04,31.0,33.2,30.2,30.9,72207
2021-04-05,33.0,33.1,31.5,32.8,79218
2021-04-06,33.8,35.9,33.8,35.7,222308
2021-04-07,33.3,37.6,33.3,36.7,301686
2021-04-08,37.3,38.3,35.3,36.8,357597
2021-04-11,37.7,38.0,35.7,36.3,409062
2021-04-12,36.2,37.9,35.8,37.7,342995
2021-04-13,36.0,40.1,35.6,39.7,538325
2021-04-15,41.3,41.5,37.7,38.2,391557
2021-04-18,39.8,39.8,37.3,37.7,213062
2021-04-19,38.1,40.5,38.1,40.2,469883
2021-04-20,41.7,41.7,38.5,38.9,523383
2021-04-21,38.1,40.1,38.0,39.8,386099
2021-04-22,40.1,43.0,40.1,41.8,963266
2021-04-25,42.5,45.9,42.0,45.9,1155379
2021-04-26,48.8,50.0,45.6,46.1,2465061
2021-04-27,46.5,50.6,45.3,50.3,3945850
2021-04-28,52.7,54.5,52.1,52.9,2756025
2021-04-29,52.7,53.9,51.6,52.9,2575227
2021-05-02,53.5,57.5,51.1,52.6,2817368
2021-05-03,52.0,56.5,52.0,55.5,2659264
2021-05-04,57.7,59.5,57.2,58.0,2269374
2021-05-05,58.3,58.3,53.5,54.4,1725774
2021-05-06,55.4,56.0,52.0,52.5,1462600
2021-05-09,51.7,52.7,47.3,49.4,1254150
2021-05-11,51.9,53.8,49.1,52.1,1196213
2021-05-12,53.2,53.5,51.1,52.4,1056752
2021-05-16,52.5,54.9,52.2,52.7,834727
2021-05-17,53.8,55.6,52.7,54.2,1307876
2021-05-18,55.2,59.4,54.4,58.1,2134016
2021-05-19,58.6,59.4,56.0,56.4,1397258
2021-05-20,56.5,56.5,54.2,54.5,874677
2021-05-23,55.3,58.8,55.0,56.5,1000158
2021-05-24,57.0,60.6,57.0,59.4,1890136
2021-05-25,60.9,62.9,60.5,60.8,2088083
2021-05-27,62.0,62.7,59.1,60.6,1738697
2021-05-30,62.5,63.8,57.0,57.5,1709211
2021-05-31,59.0,60.1,56.5,59.5,798800
2021-06-01,60.1,64.3,59.8,63.9,1747099
2021-06-02,65.4,70.2,65.3,67.9,3373612
2021-06-03,70.1,74.6,68.0,74.6,2162959
2021-06-06,79.0,80.5,66.3,67.3,3145942
2021-06-07,68.0,70.8,63.6,65.1,1513413
2021-06-08,68.5,71.6,66.5,71.6,1657452
2021-06-09,72.6,73.4,68.1,68.8,1595183
2021-06-10,68.5,70.0,64.0,64.7,1287192
2021-06-13,66.5,68.8,63.0,64.8,736245
2021-06-14,64.8,67.4,63.6,66.5,752460
2021-06-15,69.7,73.0,68.8,71.9,1976141
2021-06-16,72.7,76.5,70.5,74.0,1726080
2021-06-17,75.0,75.7,69.0,70.7,827515
2021-06-20,69.9,71.8,69.0,69.2,610317
2021-06-21,71.2,71.9,67.5,68.0,493285
2021-06-22,68.5,68.5,65.1,65.9,466034
2021-06-23,66.9,68.0,61.1,62.2,582118
2021-06-24,62.7,66.5,62.7,65.3,388965
2021-06-27,65.0,66.0,60.5,60.7,386073
2021-06-28,63.8,63.8,60.4,60.6,195414
2021-06-29,61.0,62.4,58.8,59.2,258799
2021-07-05,63.3,65.1,62.8,63.7,576165
2021-07-06,63.8,64.0,61.0,61.5,218925
2021-07-07,61.7,62.9,60.0,60.6,147636
2021-07-08,60.8,61.8,59.5,60.6,217074
2021-07-12,60.9,62.8,56.2,56.9,298055
2021-07-13,58.2,59.6,57.0,57.9,287666
2021-07-14,58.5,60.2,58.0,58.2,242038
2021-07-15,58.8,59.5,57.2,57.8,264861
2021-07-18,57.8,57.8,56.5,56.7,185235
2021-07-19,57.0,60.8,56.4,60.1,215734
2021-07-25,60.4,63.0,60.4,61.1,264681
2021-07-26,61.1,61.2,58.5,60.8,191574
2021-07-27,61.8,63.5,61.2,61.9,518494
2021-07-28,62.7,64.4,62.5,62.7,525478
2021-07-29,63.0,64.9,62.8,63.6,405565
2021-08-02,63.8,63.8,61.0,61.2,325801
2021-08-03,61.3,62.9,60.0,60.6,195916
2021-08-05,61.8,64.9,60.1,63.7,641486
2021-08-09,63.7,64.0,61.0,61.5,420503
2021-08-10,62.5,62.5,60.5,60.8,260950
2021-08-11,63.4,63.4,60.5,60.8,147671
2021-08-12,62.2,62.2,58.0,58.6,404017
2021-08-16,58.8,59.4,55.6,56.1,446952
2021-08-17,56.2,60.4,56.2,60.1,207617
2021-08-18,61.0,61.0,58.5,60.3,264535
2021-08-19,61.5,63.5,61.4,62.9,653231
2021-08-22,62.9,63.2,61.7,62.0,305335
2021-08-23,62.2,64.9,61.9,62.5,590088
2021-08-24,62.8,63.8,62.3,63.4,285295
2021-08-25,64.2,66.0,63.3,63.9,760991
2021-08-26,65.0,65.0,63.6,64.0,527568
2021-08-29,65.0,68.0,64.4,66.3,834537
2021-08-31,67.1,69.0,66.7,67.9,985076
2021-09-01,68.7,69.7,68.0,68.2,571180
2021-09-02,69.0,69.0,66.6,67.0,654482
2021-09-05,68.0,68.3,65.5,65.6,489784
2021-09-06,67.0,67.9,65.6,66.0,517872
2021-09-07,66.0,67.3,65.7,66.2,291687
2021-09-08,67.2,67.5,65.5,66.1,286586
2021-09-09,66.5,67.8,65.7,66.2,439826
2021-09-12,66.4,68.2,65.7,66.5,552602
2021-09-13,67.0,68.2,66.5,67.0,352182
2021-09-14,67.0,67.6,64.9,65.6,358848
2021-09-15,66.5,68.0,65.0,66.8,391523
2021-09-16,65.9,68.5,65.9,66.4,445165
2021-09-19,67.2,67.5,65.4,66.4,276293
2021-09-20,68.0,68.2,66.1,66.8,494348
2021-09-21,67.5,69.0,66.7,67.0,632453
2021-09-22,66.3,68.0,65.7,66.0,229087
2021-09-23,66.0,66.7,64.8,65.0,311490
2021-09-26,66.0,66.0,64.0,64.2,201461
2021-09-27,64.4,65.1,63.8,64.3,115034
2021-09-28,64.4,65.7,64.0,64.5,247372
2021-09-29,65.7,65.7,63.6,63.8,223473
2021-09-30,63.8,64.4,62.1,63.0,145793
2021-10-03,62.4,62.5,59.6,60.2,262315
2021-10-04,59.9,61.1,58.1,58.4,165015
2021-10-05,60.9,60.9,57.2,58.0,221100
2021-10-06,59.8,59.8,56.0,56.6,81790
2021-10-07,56.6,58.8,56.1,58.1,94110
2021-10-10,59.9,59.9,56.8,57.6,123732
2021-10-11,57.0,58.4,56.9,57.3,93830
2021-10-12,58.7,58.7,56.9,58.4,25928
2021-10-13,57.5,62.2,57.5,60.2,252940
2021-10-14,61.9,61.9,58.6,59.0,69273
2021-10-17,58.0,59.0,55.8,56.4,58292
2021-10-18,57.4,58.0,56.0,56.2,57687
2021-10-19,55.8,58.5,55.8,56.3,101517
2021-10-21,58.5,58.5,56.1,57.2,82049
2021-10-24,57.6,57.6,55.9,56.1,32411
2021-10-25,55.2,56.0,54.7,55.0,52841
2021-10-26,55.2,57.0,55.0,56.7,26767
2021-10-27,56.3,62.0,56.3,59.1,179193
2021-10-28,59.1,62.5,59.1,60.7,156908
2021-10-31,61.0,62.5,59.3,59.7,125653
2021-11-01,61.4,61.5,59.0,60.0,141089
2021-11-02,61.0,61.0,58.6,59.1,43170
2021-11-03,59.3,60.9,58.7,59.2,47663
2021-11-04,60.3,60.3,58.0,58.5,37072
2021-11-07,58.8,59.8,57.5,57.6,88007
2021-11-08,56.2,59.1,55.3,55.9,66007
2021-11-09,56.4,57.3,55.1,56.1,38252
2021-11-10,58.0,58.0,56.6,57.6,27346
2021-11-11,58.5,58.8,56.8,57.0,38465
2021-11-14,57.6,57.6,55.0,55.2,43050
2021-11-15,55.6,56.4,53.6,54.4,78650
2021-11-16,55.6,55.8,53.0,53.9,97955
2021-11-17,55.3,59.1,55.3,58.5,105870
2021-11-18,58.5,58.5,56.9,57.1,57818
2021-11-21,56.4,56.8,56.1,56.5,47760
2021-11-22,56.9,58.6,56.6,56.8,84606
2021-11-23,57.5,57.5,56.4,56.9,87966
2021-11-24,57.6,57.6,56.1,56.3,32815
2021-11-25,56.3,56.4,54.8,55.0,89055
2021-11-28,55.5,55.8,53.6,53.7,76925
2021-11-29,56.8,56.8,54.1,54.4,5269
2021-11-30,54.0,55.2,53.2,53.6,29280
2021-12-01,54.9,56.9,54.5,56.5,66506
2021-12-02,55.4,58.5,54.4,57.1,25096
2021-12-05,57.5,59.1,56.8,59.0,105684
2021-12-06,58.2,59.0,58.0,58.1,9619
2021-12-07,58.9,58.9,56.6,58.0,25219
2021-12-08,58.0,58.0,56.1,56.4,106502
2021-12-09,56.0,58.2,56.0,57.9,42290
2021-12-12,59.7,59.7,55.0,55.1,53286
2021-12-13,55.1,56.6,54.7,55.5,37321
2021-12-14,55.2,57.0,55.2,55.7,79113
2021-12-15,55.9,56.5,55.5,56.0,6558
2021-12-19,56.0,58.0,55.7,57.7,78660
2021-12-20,58.7,59.8,57.7,59.1,226028
2021-12-21,57.9,58.3,57.7,57.8,34616
2021-12-22,58.5,59.2,58.1,58.9,96358
2021-12-23,59.2,61.5,59.2,60.1,276332
2021-12-26,62.3,62.3,59.8,60.3,101153
2021-12-27,60.3,61.0,58.1,58.9,222081
2021-12-28,58.7,61.9,58.7,59.2,209799
2021-12-29,59.2,61.9,59.0,59.8,165742
2021-12-30,59.6,61.3,59.6,59.9,108102
2022-01-02,60.9,60.9,58.7,60.2,37072
2022-01-03,60.9,60.9,59.5,59.5,142554
2022-01-04,60.1,60.7,59.7,60.3,234697
2022-01-05,60.5,61.7,59.3,59.8,133958
2022-01-06,60.4,60.4,57.6,58.0,144460
2022-01-09,58.2,58.8,56.8,56.9,63856
2022-01-10,56.9,58.4,56.9,57.9,141709
2022-01-11,58.5,60.3,57.6,57.7,78985
2022-01-12,57.3,58.0,56.4,56.7,94027
2022-01-13,56.9,58.7,56.5,57.0,33736
2022-01-16,57.5,57.5,55.2,55.4,154508
2022-01-17,57.0,57.9,55.5,56.3,126024
2022-01-18,56.9,56.9,55.8,55.9,88987
2022-01-19,56.3,56.3,54.0,55.0,163963
2022-01-20,55.2,56.5,54.2,54.9,121283
2022-01-23,56.8,57.9,56.8,57.2,130608
2022-01-24,57.2,57.2,55.0,55.7,105837
2022-01-25,55.7,56.5,55.1,55.9,64099
2022-01-26,56.4,57.4,55.6,56.8,170149
2022-01-27,56.3,57.1,55.8,56.1,118040
2022-01-30,56.2,58.0,56.2,57.8,110887
2022-01-31,57.8,58.7,56.6,57.1,61387
2022-02-01,57.7,57.7,56.6,56.6,47915
2022-02-02,56.9,58.2,56.8,57.5,107322
2022-02-03,58.7,58.7,55.3,56.7,167649
2022-02-06,57.0,59.5,57.0,58.6,213405
2022-02-07,59.8,60.7,57.5,59.7,275284
2022-02-08,60.0,61.2,59.5,59.7,131874
2022-02-09,60.0,60.0,58.0,59.5,217689
2022-02-10,58.2,59.9,58.2,58.6,77955
2022-02-13,58.6,59.6,57.0,57.4,72138
2022-02-14,57.0,58.7,57.0,57.2,163363
2022-02-15,57.3,57.3,55.7,55.9,129279
2022-02-16,56.0,57.7,54.1,54.7,107811
2022-02-17,55.9,55.9,53.7,54.7,102988
2022-02-20,54.0,55.4,53.8,54.3,85816
2022-02-22,55.2,55.2,53.1,53.7,63949
2022-02-23,54.0,54.5,53.2,53.5,72138
2022-02-24,54.4,54.4,51.9,52.4,99232
2022-02-27,52.0,53.9,49.1,50.1,75905
2022-02-28,50.1,51.5,50.1,50.5,33996
2022-03-01,52.0,53.4,50.9,51.1,37149
2022-03-02,52.7,52.7,50.3,50.7,32916
2022-03-03,50.9,51.2,50.3,50.6,31661
2022-03-06,52.6,52.6,49.2,49.7,22929
2022-03-07,47.0,49.9,47.0,47.0,13469
2022-03-08,47.0,48.9,46.0,46.9,89227
2022-03-09,49.4,50.9,47.8,49.9,106474
2022-03-10,51.7,52.9,50.1,50.4,112620
2022-03-13,53.2,53.2,50.2,50.5,49689
2022-03-14,51.9,51.9,49.6,49.9,42413
2022-03-15,50.0,50.0,49.0,49.1,41352
2022-03-16,48.7,49.3,48.2,48.6,35127
2022-03-20,48.1,49.0,47.7,47.7,40777
2022-03-21,46.8,48.7,46.8,47.7,80998
2022-03-22,48.7,50.5,47.8,49.5,86529
2022-03-23,50.5,50.5,48.6,49.4,102383
2022-03-24,48.7,49.5,48.5,49.3,78352
2022-03-27,48.6,49.4,48.6,48.8,57395
2022-03-28,49.7,50.5,48.3,48.5,89796
2022-03-29,48.6,49.1,48.0,48.6,38721
2022-03-30,49.6,51.0,49.6,50.7,126859
2022-03-31,51.6,51.6,50.2,51.1,89306
2022-04-03,50.9,50.9,50.1,50.1,54314
2022-04-04,49.5,49.9,49.1,49.4,31480
2022-04-05,48.7,48.8,48.6,48.6,18881
2022-04-06,47.8,49.4,47.7,47.8,9253
2022-04-07,47.1,47.4,46.9,47.0,22758
2022-04-10,48.9,48.9,47.0,47.7,29357
2022-04-11,48.7,48.7,46.9,47.0,7000
2022-04-12,47.0,47.0,46.1,46.3,26735
2022-04-13,45.6,46.2,45.4,45.8,13220
2022-04-17,45.8,45.8,44.9,45.6,34412
2022-04-18,45.0,45.9,44.7,44.7,33093
2022-04-19,43.9,45.0,43.9,44.8,25755
2022-04-20,47.5,47.5,44.0,44.8,63333
2022-04-21,45.1,47.5,45.1,46.6,93252
2022-04-24,48.5,48.9,47.4,48.3,25945
2022-04-25,49.6,50.0,47.2,49.4,76488
2022-04-26,50.7,51.0,49.4,49.5,199085
2022-04-27,49.8,50.0,47.5,48.3,35219
2022-04-28,48.1,48.6,47.8,48.2,21165
2022-05-05,49.0,50.3,47.2,47.4,5060
2022-05-08,49.0,49.0,47.2,47.3,42095
2022-05-09,47.3,49.2,47.3,48.4,42391
2022-05-10,49.5,49.5,47.9,48.9,119868
2022-05-11,49.1,49.1,47.3,48.7,80289
2022-05-12,48.0,48.5,47.5,48.0,136194
2022-05-16,48.0,48.0,45.6,45.6,141837
2022-05-17,44.0,45.2,44.0,44.5,77913
2022-05-18,46.0,46.0,42.8,43.2,31225
2022-05-19,41.7,44.9,41.7,42.1,29211
2022-05-22,42.0,42.2,40.0,40.0,193266
2022-05-23,40.7,41.9,40.0,41.2,114865
2022-05-24,41.7,43.7,41.0,41.5,111131
2022-05-26,41.0,41.2,40.7,40.7,39723
2022-05-29,41.0,42.0,40.4,41.4,246556
2022-05-30,41.7,42.6,40.6,40.8,400902
2022-05-31,40.3,44.0,40.3,43.0,215125
2022-06-01,42.5,43.1,42.5,42.8,84404
2022-06-02,42.8,43.9,42.5,42.9,158107
2022-06-05,43.8,45.0,43.2,44.8,169684
2022-06-06,45.5,48.8,45.1,48.4,393276
2022-06-07,48.3,49.8,47.5,48.9,279942
2022-06-08,48.1,49.2,48.0,48.0,170813
2022-06-09,47.1,47.1,47.1,47.1,27161
2022-06-12,46.2,46.2,46.2,46.2,16971
2022-06-13,45.3,45.3,45.3,45.3,12550
2022-06-14,45.0,46.7,44.4,44.6,171775
2022-06-15,44.6,45.5,43.8,43.8,51237
2022-06-16,43.3,44.2,43.0,43.0,177027
2022-06-19,42.5,43.5,42.2,42.2,75679
2022-06-20,46.0,46.0,41.4,42.0,41246
2022-06-21,42.5,42.6,41.2,41.3,110277
2022-06-22,41.3,42.0,40.5,41.1,115169
2022-06-23,42.8,42.8,40.5,40.8,49918
2022-06-26,40.8,41.0,40.3,40.3,28945
2022-06-27,39.6,42.3,39.5,41.7,72160
2022-06-28,42.6,42.6,41.5,41.9,87352
2022-06-29,41.9,42.2,41.2,41.3,52493
2022-06-30,41.9,41.9,40.5,41.0,90281
2022-07-03,42.7,42.7,40.9,41.4,31506
2022-07-04,41.6,42.4,40.9,41.0,27260
2022-07-05,40.7,41.8,40.7,40.7,32219
2022-07-06,41.7,41.7,40.4,40.6,36494
2022-07-07,40.6,41.1,40.0,40.3,75651
2022-07-12,41.3,41.3,39.7,39.7,37651
2022-07-13,41.5,41.5,39.6,39.6,35830
2022-07-14,41.3,41.3,39.2,39.8,28554
2022-07-17,39.8,40.4,39.1,39.2,40015
2022-07-18,40.0,40.0,38.5,38.6,17062
2022-07-19,38.0,40.0,37.9,37.9,13323
2022-07-20,37.2,39.0,37.2,37.7,45933
2022-07-21,38.0,39.0,37.0,38.7,126855
2022-07-24,39.0,39.0,38.0,38.0,33451
2022-07-25,38.0,39.5,37.3,38.8,59172
2022-07-26,39.0,41.0,38.8,40.2,90298
2022-07-27,39.6,40.9,39.5,39.6,23783
2022-07-28,38.9,38.9,38.9,38.9,4494
2022-07-31,39.1,42.7,39.1,42.6,171354
2022-08-01,42.0,42.9,40.8,40.9,86593
2022-08-02,40.0,42.0,39.3,41.0,105152
2022-08-03,41.8,41.9,40.4,40.5,46589
2022-08-04,39.8,40.2,39.4,39.6,40875
2022-08-07,39.3,40.4,39.2,39.4,27561
2022-08-08,39.2,39.5,39.1,39.3,92660
2022-08-10,40.0,40.0,39.1,39.1,21803
2022-08-11,39.2,39.4,39.1,39.1,19932
2022-08-14,39.2,39.8,39.1,39.1,9757
2022-08-16,39.2,39.8,39.1,39.1,42355
2022-08-17,39.1,40.0,39.1,39.6,49915
2022-08-21,40.3,40.3,39.1,39.1,70625
2022-08-22,41.0,42.0,39.1,39.1,126715
2022-08-23,39.9,39.9,39.1,39.1,143249
2022-08-24,39.9,39.9,39.1,39.1,46396
2022-08-25,39.2,39.6,39.1,39.3,73432
2022-08-28,40.7,40.7,39.6,40.2,116007
2022-08-29,40.3,41.4,39.4,39.5,94511
2022-08-30,39.4,40.0,39.3,39.3,48636
2022-08-31,39.6,40.2,39.2,39.9,206494
2022-09-01,40.1,40.9,39.5,39.6,201000
2022-09-04,39.6,40.5,39.3,39.4,149738
2022-09-05,39.4,39.8,39.1,39.2,78525
2022-09-06,40.0,40.0,39.1,39.1,91674
2022-09-07,39.6,39.6,39.1,39.1,74724
2022-09-08,39.1,39.3,39.1,39.1,75786
2022-09-11,39.1,39.6,39.1,39.1,17336
2022-09-12,40.0,40.0,39.1,39.1,4282
2022-09-13,39.1,39.1,39.1,39.1,5555
2022-09-14,39.1,39.1,39.1,39.1,3610
2022-09-15,39.1,39.1,39.1,39.1,11301
2022-09-18,39.8,39.9,39.1,39.2,122907
2022-09-19,39.2,39.8,39.1,39.1,56802
2022-09-20,39.5,39.5,39.1,39.1,1667
2022-09-21,39.1,39.1,39.1,39.1,1130
2022-09-22,39.1,39.1,39.1,39.1,1700
2022-09-25,39.1,39.1,39.1,39.1,381
2022-09-26,39.1,39.1,39.1,39.1,4703
2022-09-27,39.1,39.1,39.1,39.1,2
2022-09-28,39.1,39.1,39.1,39.1,100
2022-10-02,39.1,39.1,39.1,39.1,5
2022-10-03,39.1,39.1,39.1,39.1,535
2022-10-04,39.1,39.1,39.1,39.1,45
2022-10-06,39.1,39.1,39.1,39.1,101
2022-10-10,39.1,39.1,39.1,39.1,335
2022-10-11,39.1,39.1,39.1,39.1,1000
2022-10-12,39.1,39.1,39.1,39.1,2
2022-10-13,39.1,39.5,39.1,39.2,185554
2022-10-16,39.1,39.7,39.1,39.1,41671
2022-10-17,39.1,39.1,39.1,39.1,345
2022-10-18,39.1,39.1,39.1,39.1,2000
2022-10-19,39.1,39.1,39.1,39.1,700
2022-10-20,39.1,39.1,39.1,39.1,3000
2022-10-25,39.1,39.1,39.1,39.1,230
2022-10-26,39.1,39.1,39.1,39.1,52
2022-10-27,39.1,39.1,39.1,39.1,508
2022-10-30,39.1,39.1,39.1,39.1,128160
2022-10-31,39.1,39.1,39.1,39.1,1500
2022-11-01,39.1,39.1,39.1,39.1,6022
2022-11-02,39.1,40.5,39.1,39.2,619080
2022-11-03,39.1,40.0,39.1,39.1,105998
2022-11-06,39.1,39.1,39.1,39.1,78350
2022-11-07,39.1,39.1,39.1,39.1,8401
2022-11-08,39.1,39.1,39.1,39.1,8645
2022-11-09,39.1,39.1,39.1,39.1,2001
2022-11-10,39.1,39.1,39.1,39.1,2005
2022-11-13,39.1,39.1,39.1,39.1,2100
2022-11-14,39.1,39.1,39.1,39.1,2710
2022-11-15,39.1,39.1,39.1,39.1,600
2022-11-16,39.1,39.1,39.1,39.1,700
2022-11-17,39.1,39.1,39.1,39.1,2014
2022-11-20,39.1,39.1,39.1,39.1,2203
2022-11-21,39.1,39.1,39.1,39.1,100
2022-11-23,39.1,39.1,39.1,39.1,310
2022-11-24,39.1,39.1,39.1,39.1,150
2022-11-27,39.1,39.1,39.1,39.1,50
2022-11-28,39.1,39.1,39.1,39.1,23
2022-11-30,39.1,39.1,39.1,39.1,500
2022-12-01,39.1,39.1,39.1,39.1,1
2022-12-05,39.1,39.1,39.1,39.1,401
2022-12-06,39.1,39.1,39.1,39.1,1000
2022-12-07,39.1,39.1,39.1,39.1,5
2022-12-08,39.1,39.1,39.1,39.1,2
2022-12-12,39.1,39.1,39.1,39.1,1
2022-12-13,39.1,39.1,39.1,39.1,1
2022-12-14,39.1,39.1,39.1,39.1,2
2022-12-15,39.1,39.1,39.1,39.1,1
2022-12-19,39.1,39.1,39.1,39.1,2208
2022-12-20,39.1,39.1,39.1,39.1,1
2022-12-21,39.1,39.1,39.1,39.1,5
2022-12-26,38.8,38.8,38.8,38.8,1
2022-12-27,38.5,38.5,38.5,38.5,271
2022-12-28,38.2,38.2,38.2,38.2,1
2022-12-29,37.9,37.9,37.9,37.9,1505
2023-01-01,37.6,37.6,37.6,37.6,2561
2023-01-02,37.3,37.3,37.3,37.3,1
2023-01-03,37.0,37.0,37.0,37.0,101
2023-01-04,36.7,36.7,36.7,36.7,402
2023-01-05,36.4,36.4,36.4,36.4,33350
2023-01-08,36.1,36.1,36.1,36.1,35441
2023-01-09,35.8,35.8,35.8,35.8,894
2023-01-10,35.5,35.5,35.5,35.5,352
2023-01-11,35.2,35.2,35.2,35.2,15678
2023-01-12,34.9,35.2,34.9,35.0,68591
2023-01-15,34.7,36.8,34.7,36.4,130812
2023-01-16,36.4,37.0,36.1,36.3,58837
2023-01-17,36.3,36.8,36.0,36.5,66002
2023-01-18,36.8,37.7,36.4,36.8,71898
2023-01-19,37.8,38.0,36.6,37.7,105531
2023-01-22,38.5,40.0,38.2,38.4,251990
2023-01-23,38.3,39.0,38.1,38.2,76594
2023-01-24,37.9,39.0,37.9,38.4,89321
2023-01-25,38.9,39.7,38.4,38.8,140423
2023-01-26,38.6,38.9,38.5,38.5,23525
2023-01-29,38.9,38.9,38.2,38.2,15543
2023-01-30,37.9,37.9,37.9,37.9,10015
2023-01-31,37.6,37.6,37.6,37.6,8264
2023-02-01,37.3,38.3,37.3,37.3,31820
2023-02-02,37.0,37.4,37.0,37.1,41210
2023-02-05,39.4,39.4,36.8,36.8,19580
2023-02-06,37.0,37.0,36.5,36.5,16021
2023-02-07,36.3,38.0,36.2,36.3,778
2023-02-08,36.1,36.1,36.0,36.0,24800
2023-02-09,35.7,35.8,35.7,35.7,50084
2023-02-12,38.0,38.0,35.4,35.4,18418
2023-02-13,35.1,35.8,35.1,35.2,2470
2023-02-14,38.3,38.3,34.9,34.9,6435
2023-02-15,34.6,35.2,34.6,34.6,6967
2023-02-16,34.3,35.3,34.3,34.8,2475
2023-02-19,34.5,34.5,34.5,34.5,6700
2023-02-20,34.5,34.5,34.2,34.4,3324
2023-02-22,34.1,34.1,34.1,34.1,901
2023-02-23,33.8,33.8,33.8,33.8,600
2023-02-26,33.5,33.5,33.5,33.5,9502
2023-02-27,33.2,33.2,33.2,33.2,1601
2023-02-28,33.2,34.2,32.9,33.5,78941
2023-03-01,33.2,35.1,33.2,34.5,120936
2023-03-02,34.5,34.5,33.6,33.7,38887
2023-03-05,33.8,34.7,33.6,34.5,29222
2023-03-06,35.0,35.9,34.9,35.3,31387
2023-03-07,35.6,36.1,34.6,34.9,13841
2023-03-09,34.6,35.3,34.1,34.9,17591
2023-03-12,34.4,34.6,33.6,33.6,57600
2023-03-13,33.8,35.1,33.6,34.9,75141
2023-03-14,35.0,36.2,34.6,34.7,60951
2023-03-15,33.6,33.8,33.6,33.6,86495
2023-03-16,33.6,34.2,33.6,33.6,147500
2023-03-19,34.5,34.5,33.6,33.6,9979
2023-03-20,33.6,33.6,33.6,33.6,15913
2023-03-21,34.4,34.5,33.8,34.0,70829
2023-03-22,34.0,34.5,33.6,33.6,168289
2023-03-23,33.6,34.0,33.6,33.9,29548
2023-03-27,33.9,33.9,33.6,33.6,28964
2023-03-28,33.6,34.0,33.6,33.9,81810
2023-03-29,34.1,34.1,33.6,34.0,172379
2023-03-30,34.0,34.5,34.0,34.4,27438
2023-04-02,34.3,35.5,34.3,35.2,126824
2023-04-03,35.1,35.3,34.3,34.4,68124
2023-04-04,34.3,34.8,34.3,34.5,27698
2023-04-05,35.0,35.7,34.8,35.4,280929
2023-04-06,35.2,35.8,35.0,35.2,33466
2023-04-09,34.0,35.6,33.6,33.8,30383
2023-04-10,33.7,34.7,33.6,34.2,23781
2023-04-11,34.0,34.3,33.6,33.9,43535
2023-04-12,33.7,34.2,33.6,33.9,13438
2023-04-13,33.9,34.8,33.8,34.0,33185
2023-04-16,34.0,34.1,33.6,34.0,18599
2023-04-18,33.6,33.6,33.6,33.6,9121
2023-04-24,33.6,33.6,33.6,33.6,4792
2023-04-25,33.6,33.6,33.6,33.6,505
2023-04-26,33.6,35.5,33.6,33.8,39048
2023-04-27,34.5,34.5,33.6,33.6,12584
2023-04-30,33.6,33.6,33.6,33.6,5575
2023-05-02,33.6,33.6,33.6,33.6,32537
2023-05-03,33.6,33.6,33.6,33.6,7985
2023-05-07,33.6,34.2,33.6,33.6,19078
2023-05-08,33.6,33.6,33.6,33.6,923
2023-05-09,33.6,34.0,33.6,33.6,36981
2023-05-10,33.6,33.6,33.6,33.6,3601
2023-05-11,33.6,34.6,33.6,33.9,115871
2023-05-14,34.4,34.4,33.6,33.6,34702
2023-05-15,34.0,34.7,34.0,34.5,200945
2023-05-16,34.9,35.2,34.1,34.4,137653
2023-05-17,34.2,35.7,34.1,35.5,182918
2023-05-18,36.0,37.8,35.5,36.4,391333
2023-05-21,36.5,37.3,35.8,36.0,144155
2023-05-22,35.6,36.0,34.1,34.7,61900
2023-05-23,34.8,36.5,34.8,36.0,79201
2023-05-24,37.4,37.9,36.1,36.4,133642
2023-05-25,36.4,37.7,36.1,37.1,272807
2023-05-28,38.4,40.0,38.0,39.2,330765
2023-05-29,39.7,39.9,38.2,39.0,253939
2023-05-30,38.5,39.4,37.7,38.0,103170
2023-05-31,39.3,39.3,35.5,36.7,94326
2023-06-01,36.3,38.0,36.1,37.4,74642
2023-06-04,35.6,38.0,35.6,36.1,55155
2023-06-05,37.0,37.2,35.2,35.6,122012
2023-06-06,35.3,35.6,34.0,34.2,86569
2023-06-07,33.8,36.4,33.8,36.3,81780
2023-06-08,35.3,37.0,35.3,35.6,77056
2023-06-11,35.9,36.0,35.2,35.7,66062
2023-06-12,35.2,35.9,34.0,34.2,19996
2023-06-13,34.2,34.2,33.6,33.6,92847
2023-06-14,36.1,36.1,33.6,33.6,21818
2023-06-15,35.0,35.0,33.6,33.6,39579
2023-06-18,33.6,34.2,33.6,33.6,6361
2023-06-19,33.6,35.5,33.6,34.8,78755
2023-06-20,33.9,34.4,33.6,33.6,83554
2023-06-21,34.5,35.6,33.8,34.4,24721
2023-06-22,34.1,34.8,33.7,33.9,39912
2023-06-25,33.9,34.7,33.6,33.7,39251
2023-06-26,33.6,34.2,33.6,34.0,21398
2023-07-02,34.3,34.9,34.0,34.7,90600
2023-07-03,35.0,35.1,33.9,34.1,109031
2023-07-04,33.9,34.5,33.6,33.9,40153
2023-07-05,33.9,34.5,33.7,33.9,34017
2023-07-06,33.8,34.1,33.6,33.6,74790
2023-07-09,33.7,34.0,33.6,33.9,50621
2023-07-10,33.7,34.0,33.6,33.6,60405
2023-07-11,33.6,34.3,33.6,34.0,79916
2023-07-12,34.9,34.9,33.7,34.0,35030
2023-07-13,33.8,33.9,33.6,33.6,110423
2023-07-16,34.7,36.9,33.6,36.7,382512
2023-07-17,35.5,36.9,34.5,36.0,203734
2023-07-18,36.5,36.6,34.7,34.8,104116
2023-07-19,35.7,37.5,35.7,37.2,294438
2023-07-20,37.8,38.8,37.1,38.1,473773
2023-07-23,38.0,38.0,36.1,36.3,130890
2023-07-24,38.0,39.0,36.6,38.5,429464
2023-07-25,39.0,39.7,37.7,37.9,283264
2023-07-26,37.2,38.6,36.8,37.9,203583
2023-07-27,37.8,39.9,37.8,39.3,234507
2023-07-30,37.3,40.6,37.3,39.3,286890
2023-07-31,38.0,40.3,35.6,37.1,293838
2023-08-01,38.1,38.3,37.2,37.9,72957
2023-08-02,38.9,38.9,36.8,37.0,85307
2023-08-03,37.8,37.8,36.7,36.9,44923
2023-08-06,37.0,37.7,37.0,37.0,25041
2023-08-07,37.7,37.7,35.7,36.0,58168
2023-08-08,37.8,37.8,34.5,35.9,12269
2023-08-09,37.4,37.4,35.7,35.8,12216
2023-08-10,36.5,37.7,35.0,35.2,42202
2023-08-13,35.3,36.5,35.2,35.6,47108
2023-08-14,36.6,36.6,34.3,34.6,32075
2023-08-16,35.5,35.5,33.9,34.1,54683
2023-08-17,34.0,35.6,34.0,35.0,32712
2023-08-20,35.8,35.8,34.0,34.4,3418
2023-08-21,35.8,35.8,34.5,35.3,37928
2023-08-22,37.0,37.0,34.9,35.6,24336
2023-08-23,34.9,36.0,34.2,34.5,32116
2023-08-24,35.0,35.0,34.3,34.4,14461
2023-08-27,34.5,35.4,34.4,35.0,13740
2023-08-28,35.0,35.4,34.9,35.3,29682
2023-08-29,36.4,36.4,34.6,34.7,10700
2023-08-30,34.6,34.9,34.6,34.6,1502
2023-08-31,34.6,35.1,34.5,34.5,18212
2023-09-03,36.0,36.3,35.0,35.3,75654
2023-09-04,34.9,36.1,34.9,35.8,63700
2023-09-05,36.2,37.4,36.1,37.1,156633
2023-09-07,37.6,39.0,37.5,37.7,370577
2023-09-10,37.8,38.5,37.0,37.4,184369
2023-09-11,37.2,38.0,36.9,37.4,140165
2023-09-12,37.5,38.7,37.5,38.6,248286
2023-09-13,39.5,40.5,39.0,40.3,415949
2023-09-14,38.8,41.0,38.7,40.4,268666
2023-09-17,41.5,43.8,40.5,41.6,492191
2023-09-18,41.1,42.7,41.1,42.3,248789
2023-09-19,43.0,45.9,43.0,43.9,802400
2023-09-20,44.0,45.5,42.7,43.5,336571
2023-09-21,43.1,44.4,41.3,42.0,354721
2023-09-24,39.7,42.8,39.7,40.6,199010
2023-09-25,40.9,41.1,38.9,40.1,188484
2023-09-26,40.7,40.8,39.7,39.9,204630
2023-09-27,39.1,40.0,38.6,39.6,79059
2023-10-01,40.9,40.9,38.8,39.1,121047
2023-10-02,38.4,40.7,38.3,40.3,93493
2023-10-03,40.6,41.4,38.5,38.9,146246
2023-10-04,39.9,39.9,37.4,38.4,148261
2023-10-05,38.9,38.9,37.0,37.7,42191
2023-10-08,37.7,37.8,35.4,35.8,65552
2023-10-09,35.2,37.4,33.9,36.1,24129
2023-10-10,35.5,37.9,35.5,37.4,36954
2023-10-11,36.5,37.5,36.5,36.5,5668
2023-10-12,37.0,37.9,36.2,37.7,40909
2023-10-15,38.2,38.2,37.2,37.3,16254
2023-10-16,38.5,38.5,35.8,36.8,34089
2023-10-17,36.7,36.7,36.0,36.0,30317
2023-10-18,36.8,37.4,36.0,37.1,24589
2023-10-19,36.6,39.2,36.1,38.8,147376
2023-10-22,38.8,39.8,38.6,39.3,131892
2023-10-23,39.8,41.9,39.8,41.7,680807
2023-10-25,42.5,42.9,40.1,40.2,514962
2023-10-26,41.3,41.3,39.8,40.3,187044
2023-10-29,40.4,40.8,38.0,40.5,108838
2023-10-30,40.5,40.5,39.2,39.5,50884
2023-10-31,39.0,41.1,39.0,40.3,160251
2023-11-01,40.1,40.9,39.6,39.8,133655
2023-11-02,40.4,40.4,38.8,39.4,121114
2023-11-05,39.1,40.8,39.1,40.6,211841
2023-11-06,41.0,41.4,39.6,39.8,157053
2023-11-07,39.4,40.6,39.3,39.5,130389
2023-11-08,40.3,40.3,39.1,39.3,57637
2023-11-09,39.3,39.8,38.5,38.8,53897
2023-11-12,38.8,38.8,37.5,37.8,71843
2023-11-13,38.2,38.9,37.7,37.9,43003
2023-11-14,38.0,39.7,38.0,39.4,133558
2023-11-15,39.1,39.6,38.5,38.6,31170
2023-11-16,38.9,39.2,38.3,38.9,106543
2023-11-19,39.3,39.6,38.2,38.6,74890
2023-11-20,39.6,39.6,37.4,37.7,77652
2023-11-21,38.3,38.3,36.1,36.3,125043
2023-11-22,37.4,37.6,36.6,36.9,27113
2023-11-23,37.4,37.4,36.5,36.7,46478
2023-11-26,37.0,37.0,36.0,36.1,50266
2023-11-27,36.8,36.8,35.2,35.4,25578
2023-11-28,35.8,35.8,35.2,35.5,25879
2023-11-29,35.5,35.9,35.5,35.8,99779
2023-11-30,35.9,36.0,35.7,35.9,45564
2023-12-03,36.5,36.5,35.3,36.0,49655
2023-12-04,36.8,37.3,36.0,36.6,41543
2023-12-05,36.6,36.8,36.4,36.6,26666
2023-12-06,36.9,36.9,36.4,36.6,21956
2023-12-07,38.7,38.7,36.4,36.5,39321
2023-12-10,39.4,39.4,35.9,36.3,75132
2023-12-11,38.0,38.0,36.0,37.0,33256
2023-12-12,37.9,37.9,36.4,36.5,103523
2023-12-13,37.5,38.4,37.4,37.8,148612
2023-12-14,38.0,38.8,36.6,37.1,82125
2023-12-17,38.0,38.0,36.0,36.3,86923
2023-12-18,38.3,38.3,36.1,36.2,20441
2023-12-19,38.0,38.0,36.3,36.4,39071
2023-12-20,37.8,37.8,36.2,36.3,22185
2023-12-21,36.9,37.0,36.1,36.2,120055
2023-12-24,38.0,38.0,35.8,36.1,30271
2023-12-26,37.9,37.9,35.9,35.9,32883
2023-12-27,37.5,37.5,35.9,36.1,84508
2023-12-28,37.5,37.5,36.0,36.7,69524
2024-01-01,37.6,37.8,36.4,37.5,53572
2024-01-02,37.5,38.0,36.9,37.0,95972
2024-01-03,36.9,37.0,36.5,36.6,35088
2024-01-04,38.0,38.0,36.5,36.9,32105
2024-01-08,37.8,38.3,37.5,37.6,28748
2024-01-09,36.8,37.6,36.6,37.0,64976
2024-01-10,36.6,37.3,36.6,37.1,16221
2024-01-11,37.9,38.0,37.2,37.8,53680
2024-01-14,38.2,39.7,37.9,39.1,340552
2024-01-15,39.7,39.7,37.3,39.4,73896
2024-01-16,39.7,40.1,38.9,39.2,185137
2024-01-17,39.2,39.4,38.2,38.6,62505
2024-01-18,38.9,39.4,38.0,38.7,75969
2024-01-21,35.5,40.5,35.4,40.0,224812
2024-01-22,40.0,41.9,40.0,41.7,336607
2024-01-23,41.8,42.3,40.7,41.6,374323
2024-01-24,41.9,41.9,39.9,41.0,173258
2024-01-25,41.1,42.0,40.0,40.6,174244
2024-01-28,40.7,42.0,40.2,40.7,145400
2024-01-29,40.7,41.3,39.2,39.6,44535
2024-01-30,41.0,41.8,39.5,39.8,111673
2024-01-31,40.5,41.7,40.3,40.5,63846
2024-02-01,41.1,41.3,40.0,40.5,133626
2024-02-04,41.2,42.3,40.6,41.7,207943
2024-02-05,41.9,43.5,41.9,42.5,277810
2024-02-06,42.5,42.5,41.5,41.7,131607
2024-02-07,40.7,42.2,40.3,40.6,77936
2024-02-08,41.7,41.9,41.2,41.4,148235
2024-02-11,41.6,41.9,41.0,41.0,139784
2024-02-12,41.1,41.1,39.9,40.0,264376
2024-02-13,40.0,40.3,39.3,39.5,76659
2024-02-14,39.5,40.0,39.0,39.1,55222
2024-02-15,39.5,39.9,39.1,39.2,65164
2024-02-18,39.7,41.2,39.6,39.8,106410
2024-02-19,40.6,40.6,39.0,39.1,61120
2024-02-20,39.5,40.0,38.7,39.5,65276
