Date,Open,High,Low,Close,Volume
2012-10-01,75.0,75.0,71.0,72.0,7500
2012-10-02,73.0,73.9,71.1,71.9,19500
2012-10-03,73.9,74.0,71.6,72.0,24100
2012-10-04,72.0,72.0,71.5,71.5,18400
2012-10-07,70.4,70.5,70.1,70.3,4100
2012-10-08,70.1,70.8,69.9,70.3,16500
2012-10-09,75.1,75.1,66.1,69.7,23500
2012-10-10,76.0,76.0,69.5,70.0,9900
2012-10-11,74.0,74.0,67.7,68.7,15000
2012-10-14,68.5,68.5,68.5,68.5,5000
2012-10-15,70.5,70.5,67.5,67.7,2700
2012-10-16,68.0,70.0,67.6,68.1,8000
2012-10-17,68.3,68.3,68.0,68.0,14600
2012-10-18,72.0,72.0,68.0,68.1,8400
2012-10-21,66.1,69.0,66.1,66.5,1000
2012-10-22,70.0,70.0,68.0,69.4,8100
2012-10-23,73.5,73.5,69.4,69.9,3000
2012-10-30,69.0,70.5,68.6,68.8,10100
2012-10-31,69.0,69.0,67.4,68.0,2500
2012-11-01,68.2,68.2,66.5,68.0,10300
2012-11-04,67.5,67.5,67.0,67.0,9400
2012-11-05,69.8,69.8,66.3,67.6,1900
2012-11-06,69.4,69.4,67.0,67.0,3900
2012-11-07,67.0,67.0,67.0,67.0,100
2012-11-08,65.0,65.0,63.0,63.3,1900
2012-11-11,63.9,63.9,62.6,62.7,3200
2012-11-12,62.5,62.8,62.5,62.6,200
2012-11-13,61.0,63.0,60.5,61.3,1500
2012-11-14,61.1,61.5,61.0,61.1,7100
2012-11-19,62.0,62.0,60.5,60.9,1300
2012-11-20,60.1,60.1,60.0,60.0,500
2012-11-21,60.0,60.0,59.0,59.5,1400
2012-11-22,60.0,60.0,57.0,57.6,21500
2012-11-26,55.5,57.0,55.3,56.0,1200
2012-11-27,57.0,57.0,55.4,56.2,1000
2012-11-28,54.5,56.1,54.0,54.4,1800
2012-11-29,56.5,58.0,56.5,57.8,3400
2012-12-02,56.6,56.6,55.0,55.7,2400
2012-12-03,55.1,55.1,53.3,54.2,900
2012-12-04,54.0,55.9,54.0,55.1,1600
2012-12-05,55.0,55.1,54.0,54.4,1300
2012-12-06,54.9,54.9,54.9,54.9,800
2012-12-09,53.0,53.0,52.3,52.6,900
2012-12-10,50.6,51.9,50.5,50.9,4200
2012-12-11,50.2,50.2,50.2,50.2,200
2012-12-13,52.0,52.0,52.0,52.0,500
2012-12-17,55.6,55.8,55.0,55.4,2700
2012-12-18,53.5,53.5,53.5,53.5,100
2012-12-19,54.0,54.5,53.0,53.3,15300
2012-12-23,52.7,52.7,52.7,52.7,300
2012-12-24,52.8,52.8,52.8,52.8,400
2012-12-26,53.1,55.0,53.1,54.2,1600
2012-12-27,53.2,58.5,53.2,57.1,5300
2012-12-30,59.5,62.8,58.5,62.4,25100
2013-01-01,58.1,59.2,58.1,58.8,500
2013-01-02,57.0,60.0,57.0,58.8,2200
2013-01-03,61.0,61.0,58.3,60.2,3300
2013-01-06,59.3,59.3,58.3,58.8,200
2013-01-07,58.8,58.8,57.3,58.4,2000
2013-01-08,57.2,57.3,57.2,57.2,8000
2013-01-09,56.5,57.2,56.5,57.1,3000
2013-01-10,57.2,57.2,56.4,57.1,6900
2013-01-13,57.3,61.7,57.3,57.6,6100
2013-01-15,56.1,56.3,56.0,56.1,800
2013-01-16,57.0,57.0,57.0,57.0,300
2013-01-17,57.4,57.5,57.4,57.4,600
2013-01-20,57.6,57.6,57.5,57.5,300
2013-01-21,56.0,56.0,55.5,55.7,1000
2013-01-23,59.8,59.9,57.8,58.4,1500
2013-01-24,58.0,58.9,58.0,58.3,11400
2013-01-27,60.0,60.0,58.0,58.5,10300
2013-01-28,60.0,60.0,58.0,58.0,4200
2013-01-29,58.3,59.5,58.3,58.9,9800
2013-01-30,59.2,59.3,58.9,59.1,6400
2013-01-31,58.9,61.9,58.9,61.6,6600
2013-02-03,62.0,66.0,62.0,63.4,8600
2013-02-04,63.5,63.6,62.5,63.0,8200
2013-02-05,63.9,63.9,62.6,62.9,7300
2013-02-06,62.5,62.5,62.1,62.3,8000
2013-02-07,61.5,62.4,61.5,61.5,3200
2013-02-10,62.0,63.0,62.0,62.1,6400
2013-02-11,62.9,63.2,62.2,62.9,6900
2013-02-12,63.0,65.0,63.0,63.9,16100
2013-02-13,63.9,64.0,63.1,63.3,4300
2013-02-14,64.5,65.4,63.5,64.9,20600
2013-02-17,64.5,65.5,64.5,64.8,8000
2013-02-18,65.9,65.9,64.0,64.9,3600
2013-02-19,64.5,66.0,63.2,65.9,21600
2013-02-20,66.0,67.2,63.5,64.8,14600
2013-02-24,66.7,66.7,63.1,63.9,800
2013-02-25,63.0,63.0,59.0,60.2,1400
2013-02-26,60.1,62.9,60.1,62.1,2700
2013-02-27,63.0,64.0,61.6,63.2,11000
2013-02-28,62.0,62.5,61.2,61.9,4700
2013-03-03,56.0,56.2,56.0,56.0,500
2013-03-04,60.0,60.0,57.0,58.6,1400
2013-03-05,59.0,59.0,59.0,59.0,5100
2013-03-06,59.0,59.0,55.4,56.2,2800
2013-03-07,54.1,61.0,54.1,59.0,10500
2013-03-10,60.0,60.0,57.4,58.0,400
2013-03-11,58.0,58.0,57.0,57.8,600
2013-03-12,55.0,57.0,55.0,55.9,3000
2013-03-13,58.8,59.3,57.1,58.0,9900
2013-03-14,58.1,60.0,58.1,58.5,9700
2013-03-19,56.8,56.8,56.8,56.8,400
2013-03-20,60.0,60.0,56.6,57.9,600
2013-03-24,54.3,59.0,54.3,55.6,700
2013-03-25,55.0,56.0,53.7,55.7,4300
2013-03-28,53.6,53.6,53.5,53.5,500
2013-03-31,54.9,54.9,54.9,54.9,100
2013-04-01,53.5,53.5,52.0,52.2,600
2013-04-02,51.0,51.3,51.0,51.0,3800
2013-04-03,50.7,51.0,50.5,50.7,1400
2013-04-04,51.0,51.0,49.2,49.6,700
2013-04-07,49.0,50.1,49.0,49.9,2800
2013-04-08,50.8,50.8,49.5,49.7,1100
2013-04-09,52.5,52.5,51.6,51.6,4200
2013-04-10,52.3,53.3,51.5,52.1,7600
2013-04-11,52.9,52.9,51.6,52.5,4200
2013-04-15,52.0,52.0,50.5,50.6,20100
2013-04-16,52.0,52.0,49.0,50.5,5500
2013-04-17,52.0,52.2,51.3,51.9,16700
2013-04-18,52.0,53.0,52.0,52.8,6700
2013-04-21,52.0,52.0,50.1,51.0,700
2013-04-22,51.4,52.0,51.0,51.0,14900
2013-04-23,51.0,51.3,49.7,49.9,25200
2013-04-25,42.8,43.1,42.1,42.6,3100
2013-04-28,41.0,42.4,41.0,42.0,58700
2013-04-29,42.3,42.3,41.7,41.9,22500
2013-04-30,45.0,45.0,42.5,42.9,27400
2013-05-02,42.0,43.5,40.6,41.9,22200
2013-05-05,42.2,42.2,41.5,41.8,5900
2013-05-06,41.5,41.8,41.5,41.6,500
2013-05-07,42.0,42.0,41.7,41.8,14400
2013-05-08,43.9,43.9,42.0,42.0,6800
2013-05-09,43.1,43.1,42.5,42.5,12400
2013-05-12,44.4,44.4,43.0,43.3,11200
2013-05-13,44.5,44.6,43.2,43.2,12000
2013-05-14,44.4,47.5,44.4,47.5,47300
2013-05-15,52.0,52.2,49.0,52.2,73400
2013-05-16,53.7,57.4,53.7,57.3,53200
2013-05-19,58.0,58.0,54.2,57.3,47200
2013-05-20,56.5,57.2,55.5,56.3,31400
2013-05-21,56.0,57.1,55.0,55.4,34000
2013-05-22,55.1,55.1,53.5,54.2,5000
2013-05-26,53.5,53.6,53.5,53.5,4400
2013-05-27,56.9,57.0,54.3,56.7,2100
2013-05-28,56.1,56.1,55.5,55.8,14000
2013-05-29,61.1,61.1,55.8,56.3,6900
2013-05-30,57.6,57.6,56.5,56.6,8600
2013-06-02,56.7,59.0,56.7,58.0,3500
2013-06-03,58.0,59.1,58.0,58.0,6400
2013-06-04,59.0,59.5,58.5,58.7,13500
2013-06-05,58.2,59.9,58.2,59.5,16200
2013-06-06,60.0,61.0,57.3,58.9,48700
2013-06-09,56.1,56.1,56.0,56.0,3600
2013-06-10,58.0,58.8,56.8,57.9,13400
2013-06-11,58.1,59.0,58.0,58.8,13600
2013-06-12,58.5,60.0,58.5,59.0,27200
2013-06-13,59.3,61.3,59.3,60.1,18400
2013-06-16,61.0,62.0,61.0,61.0,5000
2013-06-17,61.9,61.9,60.2,61.4,19300
2013-06-18,61.0,61.0,58.6,59.0,22500
2013-06-19,60.0,61.9,60.0,61.3,39500
2013-06-20,60.0,62.0,60.0,60.4,34500
2013-06-23,63.0,63.0,60.5,60.5,23400
2013-06-24,60.6,62.3,59.2,60.0,16200
2013-06-26,60.2,61.1,60.2,60.5,8900
2013-06-27,60.9,61.0,58.0,58.3,64600
2013-06-30,59.9,59.9,58.0,58.6,300
2013-07-02,58.8,59.9,57.0,58.8,45700
2013-07-03,59.0,59.5,57.8,58.0,61700
2013-07-04,60.0,61.6,60.0,61.4,82800
2013-07-07,61.0,62.0,59.8,59.8,10300
2013-07-08,61.0,61.0,56.0,56.5,84500
2013-07-09,58.2,60.8,58.1,59.5,71900
2013-07-10,61.8,61.8,58.0,59.3,31400
2013-07-11,59.0,59.8,58.5,58.8,23700
2013-07-14,59.0,59.5,59.0,59.2,26000
2013-07-15,59.9,62.0,59.7,60.6,38000
2013-07-16,62.0,65.8,60.3,62.2,71400
2013-07-17,64.4,68.4,62.2,68.1,209900
2013-07-18,70.0,72.0,66.1,67.0,104400
2013-07-21,66.1,69.0,63.2,63.7,52800
2013-07-22,60.7,65.0,60.7,62.0,26200
2013-07-23,61.1,62.9,60.0,60.3,48800
2013-07-24,63.0,63.0,59.0,61.1,30500
2013-07-25,59.0,59.5,58.0,58.0,76600
2013-07-28,58.0,58.0,55.1,56.6,3900
2013-07-29,57.9,59.0,57.2,58.0,6500
2013-07-30,55.7,58.0,55.6,56.3,16000
2013-07-31,56.4,57.7,56.0,56.2,20900
2013-08-01,56.0,56.3,55.6,55.7,3700
2013-08-04,55.5,56.0,54.5,55.0,19400
2013-08-05,57.0,57.0,56.0,56.1,5500
2013-08-12,56.0,56.0,55.0,55.2,800
2013-08-13,56.2,58.7,56.2,57.8,7700
2013-08-14,56.5,56.5,56.5,56.5,17100
2013-08-18,58.4,58.4,58.1,58.3,15800
2013-08-19,58.2,59.0,57.0,57.2,17400
2013-08-20,58.2,58.2,56.6,57.2,33800
2013-08-21,56.0,57.5,56.0,56.9,28000
2013-08-22,56.9,58.0,56.6,57.3,18500
2013-08-25,59.0,61.0,57.7,60.7,88800
2013-08-26,61.5,61.8,60.2,60.6,23900
2013-08-27,62.0,62.0,59.6,60.1,21000
2013-08-29,61.8,61.8,58.3,59.2,39100
2013-09-01,58.2,61.5,58.2,58.5,19400
2013-09-02,58.4,59.0,58.2,58.3,10400
2013-09-03,58.3,58.7,58.0,58.0,6100
2013-09-04,58.3,58.9,57.5,58.3,18000
2013-09-05,57.5,58.9,56.6,57.2,33300
2013-09-08,56.1,60.0,56.1,58.1,3400
2013-09-09,60.0,60.4,58.0,58.4,3400
2013-09-10,60.0,60.5,58.5,58.6,4600
2013-09-11,60.2,60.5,58.9,59.7,15200
2013-09-12,60.0,62.9,59.8,60.5,52000
2013-09-15,63.7,63.8,60.0,62.3,48200
2013-09-16,62.0,65.8,61.1,63.3,102400
2013-09-17,63.0,67.0,60.7,60.9,59400
2013-09-18,61.5,61.5,59.1,60.0,25700
2013-09-19,59.0,60.0,59.0,59.5,19400
2013-09-22,59.2,60.1,58.2,58.7,16600
2013-09-23,58.0,60.5,58.0,60.0,55200
2013-09-24,60.4,63.8,58.6,59.7,65300
2013-09-25,61.9,62.0,58.7,59.2,4400
2013-09-26,58.6,59.5,58.0,58.3,19800
2013-09-29,58.9,58.9,56.8,57.9,7100
2013-09-30,55.8,56.4,55.7,55.9,21300
2013-10-01,56.0,60.6,55.8,57.3,27400
2013-10-02,57.0,59.5,56.7,57.6,14700
2013-10-03,57.6,57.9,56.6,56.8,22700
2013-10-06,55.0,56.5,55.0,56.0,34600
2013-10-07,55.1,55.3,55.0,55.0,12100
2013-10-08,55.2,55.2,54.0,54.4,26400
2013-10-09,54.9,55.1,54.7,55.0,11300
2013-10-10,55.1,55.1,54.5,54.6,14900
2013-10-20,53.0,53.6,53.0,53.0,4900
2013-10-21,52.0,54.8,51.8,52.7,5900
2013-10-22,54.4,54.4,52.7,52.9,9400
2013-10-23,53.9,53.9,53.0,53.1,11400
2013-10-24,52.6,53.9,52.6,53.0,6000
2013-10-27,54.0,54.8,53.6,54.2,6100
2013-10-28,54.9,55.9,54.9,55.1,41900
2013-10-29,55.0,56.4,54.6,55.5,33300
2013-10-30,55.1,55.1,54.5,54.5,4200
2013-10-31,55.1,59.0,53.2,58.5,66700
2013-11-03,63.3,63.3,58.3,61.9,61400
2013-11-04,59.6,60.9,59.0,60.2,13300
2013-11-05,59.3,61.7,57.1,58.2,208100
2013-11-06,60.7,60.7,57.0,57.5,35400
2013-11-07,59.6,59.7,59.0,59.3,10700
2013-11-10,59.7,61.7,59.2,59.5,24600
2013-11-11,60.0,60.0,58.9,58.9,39700
2013-11-12,59.7,59.7,57.8,57.8,16500
2013-11-13,58.3,58.3,57.5,57.6,11400
2013-11-14,57.7,57.9,57.6,57.8,15800
2013-11-17,58.0,60.2,58.0,59.8,29300
2013-11-18,60.0,60.5,60.0,60.3,49500
2013-11-19,60.2,61.0,59.8,60.6,23600
2013-11-20,61.3,62.8,60.6,61.5,68500
2013-11-21,62.0,62.0,60.0,60.6,26900
2013-11-24,60.6,61.1,59.9,60.0,27100
2013-11-25,59.9,60.5,59.0,59.1,28500
2013-11-26,59.1,60.0,58.5,59.0,6300
2013-11-27,58.2,58.3,57.0,57.7,3700
2013-12-01,56.5,56.5,56.4,56.4,1100
2013-12-02,57.6,59.0,57.2,57.6,5500
2013-12-03,57.0,59.5,56.0,58.8,15600
2013-12-04,58.6,58.7,58.5,58.5,1400
2013-12-05,58.0,58.0,57.0,57.0,8000
2013-12-08,56.2,58.7,56.2,57.6,14300
2013-12-09,57.5,58.6,57.5,57.7,6000
2013-12-10,57.7,58.7,57.1,58.0,16500
2013-12-11,58.0,59.6,56.9,57.0,87000
2013-12-12,58.0,61.0,57.0,58.4,277100
2013-12-15,59.0,59.0,57.0,57.2,18400
2013-12-17,57.2,57.4,55.1,56.0,37100
2013-12-18,57.5,57.5,54.1,54.5,77400
2013-12-19,54.6,56.3,54.6,56.1,15900
2013-12-22,55.6,56.8,54.5,54.7,69700
2013-12-23,56.0,56.0,54.0,54.2,193700
2013-12-24,55.9,56.0,53.3,53.3,275600
2013-12-26,55.2,55.2,53.3,53.4,35300
2013-12-29,53.4,54.2,52.5,52.6,98900
2013-12-30,54.2,54.2,53.2,53.8,43900
2014-01-01,54.0,54.8,53.6,53.7,27700
2014-01-02,53.7,54.0,53.0,53.0,75900
2014-01-06,54.9,54.9,52.9,53.2,42900
2014-01-07,54.2,54.2,53.0,53.4,24100
2014-01-08,54.0,54.3,53.6,53.8,37400
2014-01-09,54.1,55.3,53.7,54.7,59500
2014-01-12,55.1,57.3,55.1,55.6,125700
2014-01-13,55.3,57.5,55.3,56.4,106000
2014-01-15,56.6,57.3,56.5,56.9,57300
2014-01-16,57.0,60.9,56.5,60.0,453100
2014-01-19,61.5,63.8,61.0,61.3,214500
2014-01-20,61.6,61.8,60.5,61.1,51300
2014-01-21,61.5,67.2,60.8,67.1,608600
2014-01-22,69.5,69.7,65.0,65.2,131100
2014-01-23,65.6,67.8,64.6,65.0,184500
2014-01-26,66.7,66.9,62.2,63.4,151600
2014-01-27,63.9,64.5,62.7,63.0,58800
2014-01-28,63.3,64.4,62.4,62.6,33000
2014-01-29,63.1,66.4,62.8,65.1,65200
2014-01-30,65.4,67.6,64.0,64.2,126900
2014-02-02,66.2,67.5,63.2,66.5,121000
2014-02-03,67.0,70.8,67.0,68.8,185500
2014-02-04,69.7,74.7,68.1,69.0,290100
2014-02-05,71.0,71.0,67.1,67.5,46400
2014-02-06,69.0,70.0,66.1,66.8,72700
2014-02-09,67.1,67.2,66.0,66.2,31500
2014-02-10,66.5,66.5,63.7,63.9,108500
2014-02-11,65.5,66.2,64.1,64.7,27800
2014-02-12,66.5,66.8,63.6,63.9,34100
2014-02-13,67.9,67.9,63.5,64.0,35400
2014-02-16,65.0,65.8,63.8,64.0,22800
2014-02-17,63.6,64.5,63.5,63.8,10000
2014-02-18,61.5,63.0,61.5,62.5,25000
2014-02-19,63.0,64.6,62.0,63.3,8800
2014-02-20,63.0,64.4,62.9,62.9,10700
2014-02-23,63.3,63.3,62.2,62.9,21800
2014-02-24,63.2,65.0,63.2,63.9,32300
2014-02-25,65.6,65.6,63.5,63.5,25400
2014-02-26,63.2,63.2,62.0,62.2,37300
2014-02-27,64.0,64.0,61.5,61.9,36400
2014-03-02,61.8,62.9,59.1,59.6,28600
2014-03-03,60.5,62.5,60.5,60.8,13200
2014-03-04,61.1,62.9,61.1,61.4,11400
2014-03-05,62.0,62.0,60.0,60.8,46700
2014-03-06,60.5,60.5,57.2,57.8,73800
2014-03-09,57.5,58.6,57.0,57.7,12900
2014-03-10,61.5,61.5,58.8,59.7,2400
2014-03-11,61.0,61.0,58.6,59.3,8400
2014-03-12,60.3,60.3,58.0,58.0,35700
2014-03-13,57.2,58.0,55.5,55.9,56400
2014-03-16,58.9,61.4,57.0,61.2,82800
2014-03-18,60.9,62.6,58.0,59.5,17700
2014-03-19,57.2,58.6,56.7,57.4,5700
2014-03-20,58.0,61.5,56.3,60.4,38800
2014-03-23,59.0,61.0,58.1,60.3,27000
2014-03-24,60.7,61.4,58.3,60.2,23900
2014-03-25,58.4,58.8,58.1,58.2,17200
2014-03-27,57.6,57.6,57.0,57.4,14700
2014-03-30,57.1,57.1,55.6,55.8,11900
2014-03-31,54.6,59.0,54.6,55.9,20200
2014-04-01,56.0,56.0,54.9,55.1,51400
2014-04-02,60.0,60.0,55.4,56.0,10800
2014-04-03,56.4,57.0,56.1,56.5,8700
2014-04-06,56.1,57.0,55.5,56.3,38000
2014-04-07,56.0,56.7,55.8,56.2,27000
2014-04-08,56.8,59.0,53.7,55.3,27900
2014-04-09,54.8,56.5,54.4,55.3,13000
2014-04-10,57.8,59.0,56.2,56.2,110900
2014-04-13,56.5,61.0,55.3,58.5,27800
2014-04-15,55.9,55.9,50.6,51.2,50000
2014-04-16,49.2,52.9,49.2,51.8,15100
2014-04-17,51.9,51.9,50.0,50.8,33800
2014-04-20,47.0,51.3,47.0,50.7,13800
2014-04-21,51.7,51.7,50.7,50.9,23100
2014-04-22,50.9,51.5,50.6,51.2,28300
2014-04-23,53.8,53.8,50.5,50.6,18500
2014-04-27,49.6,49.6,47.5,47.5,21300
2014-04-28,45.6,46.1,45.2,45.3,20500
2014-04-29,44.0,45.6,43.9,44.8,5300
2014-04-30,44.7,46.7,44.6,45.1,6900
2014-05-04,44.6,45.0,44.5,44.5,3700
2014-05-05,44.2,45.0,44.2,44.3,13600
2014-05-06,45.5,47.0,45.4,46.3,8300
2014-05-07,47.0,48.2,46.9,47.8,14900
2014-05-08,47.0,47.0,46.9,46.9,3000
2014-05-11,46.7,46.7,44.1,44.4,9600
2014-05-12,46.6,46.6,44.0,46.1,22700
2014-05-14,45.0,46.8,45.0,46.2,15600
2014-05-15,44.7,44.7,44.5,44.6,6400
2014-05-18,44.4,44.4,44.4,44.4,11200
2014-05-19,45.9,45.9,44.5,44.6,15800
2014-05-20,44.5,45.5,44.1,45.2,13400
2014-05-21,45.7,45.8,44.7,44.7,31100
2014-05-22,45.0,45.2,44.0,44.6,12500
2014-05-25,44.9,45.0,44.1,44.6,9500
2014-05-26,45.0,45.8,45.0,45.3,7800
2014-05-27,44.8,44.9,44.6,44.7,5200
2014-05-28,44.0,44.7,44.0,44.3,900
2014-05-29,44.5,44.8,44.1,44.2,9100
2014-06-01,44.9,46.9,44.1,45.0,6400
2014-06-02,44.4,44.4,44.0,44.1,11200
2014-06-03,43.7,47.9,43.7,45.0,3100
2014-06-04,45.9,45.9,44.2,44.7,2600
2014-06-05,44.8,44.8,44.6,44.7,1200
2014-06-08,43.4,43.4,43.2,43.3,1700
2014-06-09,44.9,45.0,43.3,44.2,6600
2014-06-10,44.0,44.0,43.0,43.1,21400
2014-06-11,43.4,43.4,42.7,42.8,9400
2014-06-12,43.0,43.0,40.5,40.8,71300
2014-06-15,41.2,41.2,40.2,40.4,11800
2014-06-16,40.0,40.0,38.7,39.5,12300
2014-06-17,38.9,39.5,38.9,39.2,3800
2014-06-18,39.4,39.9,38.1,38.6,9600
2014-06-19,38.8,39.7,38.5,38.5,20100
2014-06-22,38.2,39.7,38.2,38.3,1400
2014-06-23,38.5,40.2,38.5,39.9,18400
2014-06-24,40.4,40.5,40.1,40.4,7400
2014-06-25,40.4,41.5,40.2,40.3,4900
2014-06-26,40.0,41.5,40.0,41.0,6200
2014-06-29,41.1,42.0,41.0,41.3,12900
2014-06-30,41.9,41.9,40.6,41.3,7600
2014-07-02,41.3,41.3,40.2,40.4,1600
2014-07-03,40.3,41.8,40.3,41.5,37300
2014-07-06,40.6,40.7,40.0,40.6,12900
2014-07-07,39.8,39.8,39.1,39.1,14000
2014-07-08,39.1,39.5,39.1,39.1,1800
2014-07-09,40.4,40.4,39.3,39.6,400
2014-07-10,39.1,40.1,39.1,39.4,1900
2014-07-13,41.8,41.9,39.0,39.1,7700
2014-07-14,40.5,41.5,39.0,39.1,5900
2014-07-15,39.5,39.5,39.0,39.3,2800
2014-07-16,39.4,39.4,39.0,39.1,24200
2014-07-17,39.3,39.6,39.3,39.4,28100
2014-07-20,39.4,39.4,39.1,39.3,12400
2014-07-21,39.4,39.4,39.2,39.3,2600
2014-07-22,40.9,42.4,40.1,40.1,58400
2014-07-23,39.7,39.7,39.7,39.7,900
2014-07-24,39.5,41.8,39.5,41.5,35300
2014-08-03,40.5,40.5,40.5,40.5,1100
2014-08-04,42.8,42.8,39.1,41.3,22900
2014-08-05,41.3,41.3,40.2,40.8,2800
2014-08-06,41.6,42.1,41.0,41.9,18400
2014-08-07,40.2,40.3,39.5,40.0,58200
2014-08-10,40.1,42.1,40.0,42.0,36300
2014-08-11,44.9,44.9,41.6,42.4,28100
2014-08-12,41.5,41.8,41.5,41.5,14900
2014-08-13,41.1,42.1,41.1,41.8,51200
2014-08-14,42.5,42.5,41.8,41.9,4300
2014-08-18,40.7,42.3,40.7,42.0,19100
2014-08-19,41.1,42.5,41.1,42.2,24800
2014-08-20,41.1,42.0,41.1,41.3,7300
2014-08-21,41.0,41.0,40.2,40.7,16400
2014-08-24,42.5,44.6,42.0,44.2,240000
2014-08-25,42.0,45.6,42.0,45.1,48600
2014-08-26,49.0,49.2,45.1,46.6,335000
2014-08-27,50.6,50.6,45.3,47.0,48200
2014-08-28,43.9,47.9,43.9,44.5,4300
2014-08-31,44.2,44.2,42.2,43.4,8800
2014-09-01,42.1,42.1,41.5,41.6,14700
2014-09-02,41.5,42.2,41.0,41.3,10700
2014-09-03,40.4,43.1,40.4,42.9,39200
2014-09-04,43.5,43.9,43.0,43.3,19800
2014-09-07,44.3,44.3,42.0,42.1,19600
2014-09-08,42.1,42.1,41.0,41.0,26000
2014-09-09,41.1,42.0,41.1,41.5,9500
2014-09-10,41.5,41.8,41.1,41.2,8000
2014-09-11,41.9,41.9,41.1,41.2,15900
2014-09-14,41.4,42.5,41.4,42.4,4800
2014-09-15,41.3,42.1,41.3,41.5,13700
2014-09-16,41.6,41.8,41.0,41.2,41100
2014-09-17,41.7,42.5,41.5,42.1,32300
2014-09-18,42.0,42.0,41.0,41.5,38400
2014-09-21,42.4,42.9,42.3,42.5,23000
2014-09-22,41.5,43.2,41.5,42.3,24900
2014-09-23,43.0,45.0,43.0,43.5,24800
2014-09-24,43.5,43.5,42.0,42.1,7800
2014-09-25,42.5,44.3,42.0,43.4,17500
2014-09-28,43.0,43.1,41.8,42.7,15000
2014-09-29,43.0,43.0,42.6,42.8,4100
2014-09-30,42.4,43.2,42.3,42.9,12700
2014-10-01,43.0,43.4,43.0,43.0,22900
2014-10-02,43.5,45.0,42.4,44.9,35700
2014-10-12,45.2,47.5,45.2,46.7,21200
2014-10-13,46.8,47.9,45.9,46.7,70600
2014-10-14,46.5,46.5,45.8,46.0,12200
2014-10-15,47.4,47.4,45.3,45.3,26600
2014-10-16,46.0,46.0,45.0,45.2,21400
2014-10-19,44.5,45.7,43.7,43.8,21300
2014-10-20,44.0,45.5,42.5,43.4,24500
2014-10-21,43.6,43.6,43.6,43.6,3100
2014-10-22,45.0,45.0,43.0,43.0,57200
2014-10-23,44.8,44.9,43.1,43.5,28300
2014-10-26,43.5,44.8,43.3,44.3,4900
2014-10-27,43.2,43.2,43.0,43.0,4000
2014-10-28,44.5,44.5,42.1,43.1,3900
2014-10-30,43.0,43.9,43.0,43.1,9900
2014-11-02,43.1,43.1,42.8,42.8,4600
2014-11-03,42.6,43.5,42.6,43.0,10400
2014-11-05,43.0,43.2,43.0,43.1,1200
2014-11-06,44.5,45.0,42.6,43.0,10500
2014-11-09,42.5,43.5,42.0,42.2,17800
2014-11-10,42.0,42.9,42.0,42.2,5700
2014-11-11,42.1,42.5,42.1,42.1,1400
2014-11-12,42.1,43.0,42.1,42.9,29400
2014-11-13,43.0,43.0,42.4,42.6,17600
2014-11-16,43.0,43.0,42.3,42.5,9400
2014-11-17,42.5,42.9,42.5,42.5,3200
2014-11-18,42.0,42.4,42.0,42.3,26200
2014-11-19,41.5,42.3,41.5,42.1,11300
2014-11-20,42.0,42.0,41.9,41.9,14000
2014-11-23,41.9,42.2,41.6,41.9,14300
2014-11-24,41.2,41.2,40.8,41.0,4500
2014-11-25,43.0,44.0,40.5,41.1,4100
2014-11-26,41.2,41.2,41.2,41.2,100
2014-11-27,42.8,42.9,40.4,41.1,12200
2014-11-30,40.7,40.7,40.0,40.0,16300
2014-12-01,40.2,40.3,40.1,40.1,7700
2014-12-02,41.5,43.9,41.4,42.8,700
2014-12-03,42.5,42.8,41.2,42.3,11700
2014-12-04,42.3,43.0,42.3,42.8,2400
2014-12-07,41.3,43.9,41.3,42.9,3300
2014-12-08,41.3,41.3,41.0,41.1,4000
2014-12-09,42.0,42.0,41.1,41.4,400
2014-12-10,40.8,40.9,40.7,40.7,1800
2014-12-11,42.0,42.0,39.1,39.7,9258
2014-12-14,38.0,40.9,38.0,40.3,2261
2014-12-15,37.5,41.0,37.5,39.7,4024
2014-12-17,38.2,42.0,38.1,40.6,2811
2014-12-18,40.0,41.6,40.0,41.5,3779
2014-12-21,40.5,41.6,40.5,41.0,24751
2014-12-22,41.1,41.6,40.3,41.0,25382
2014-12-23,40.1,41.2,40.1,40.6,3075
2014-12-24,40.1,40.5,40.1,40.4,1839
2014-12-28,40.0,41.5,40.0,40.7,1378
2014-12-29,40.1,41.5,40.1,41.3,5111
2014-12-30,40.0,42.0,40.0,41.3,6363
2015-01-01,40.5,41.3,40.5,41.2,298
2015-01-05,40.7,41.0,40.3,40.9,518
2015-01-06,40.0,41.5,40.0,41.2,3631
2015-01-07,41.0,42.0,40.2,41.0,4218
2015-01-08,40.0,41.8,40.0,40.5,8012
2015-01-11,40.1,41.4,40.1,40.7,2104
2015-01-12,40.0,41.9,40.0,40.6,5630
2015-01-13,40.2,40.8,40.2,40.5,8424
2015-01-14,40.0,40.6,39.6,40.2,12719
2015-01-15,40.0,40.2,39.5,39.6,20465
2015-01-18,38.1,40.0,38.1,38.7,631
2015-01-19,39.5,39.6,39.5,39.6,1162
2015-01-20,39.6,40.0,39.2,39.6,5646
2015-01-21,39.1,39.1,38.6,38.9,4898
2015-01-22,39.0,39.2,39.0,39.1,51
2015-01-25,39.0,39.3,39.0,39.1,2327
2015-01-26,39.2,39.3,39.1,39.1,5299
2015-01-27,39.3,39.7,39.1,39.4,14223
2015-01-28,38.5,39.5,38.5,39.4,1471
2015-01-29,39.3,39.7,39.1,39.2,13540
2015-02-01,39.0,39.0,39.0,39.0,4341
2015-02-02,36.2,39.9,36.2,39.3,14662
2015-02-03,39.2,39.3,39.2,39.2,1550
2015-02-04,37.0,39.3,37.0,39.1,1306
2015-02-05,39.2,39.8,39.2,39.6,7483
2015-02-08,39.2,40.6,38.0,40.2,38104
2015-02-09,39.2,39.6,39.2,39.2,415
2015-02-10,39.9,40.0,39.3,39.7,1117
2015-02-11,39.2,40.0,39.2,39.7,11288
2015-02-12,39.5,40.5,39.4,40.1,3617
2015-02-15,40.8,41.1,40.8,40.9,662
2015-02-16,40.7,41.5,40.7,41.5,6376
2015-02-17,40.1,41.6,40.0,41.1,15081
2015-02-18,40.8,41.0,40.7,40.7,9614
2015-02-19,37.5,41.6,37.5,41.2,3263
2015-02-22,40.7,40.9,40.6,40.8,21757
2015-02-23,40.5,41.8,40.5,40.8,2738
2015-02-24,40.7,41.0,40.7,40.9,1874
2015-02-25,40.6,40.8,40.6,40.7,4205
2015-02-26,40.5,41.0,40.5,40.6,397
2015-03-01,40.7,40.9,40.7,40.7,4624
2015-03-02,40.5,40.9,40.5,40.5,2337
2015-03-03,40.7,40.7,40.7,40.7,976
2015-03-04,39.0,41.0,39.0,40.9,10673
2015-03-05,40.5,41.9,40.5,40.7,3506
2015-03-08,40.6,40.6,40.5,40.5,16700
2015-03-09,40.6,40.6,40.2,40.5,21402
2015-03-10,40.5,40.5,40.3,40.5,31049
2015-03-11,40.0,40.2,39.6,40.0,27409
2015-03-12,39.5,39.8,39.3,39.7,1610
2015-03-15,38.7,39.0,38.7,39.0,1663
2015-03-16,38.9,38.9,38.6,38.8,412
2015-03-18,38.0,39.0,38.0,38.7,3657
2015-03-19,39.2,39.2,39.1,39.1,1196
2015-03-22,38.6,39.1,38.6,39.0,3594
2015-03-23,37.9,38.1,37.0,37.3,16194
2015-03-24,36.5,38.0,36.2,36.5,3880
2015-03-25,36.6,37.7,36.6,37.2,3559
2015-03-29,38.0,38.0,36.0,36.4,4481
2015-03-30,36.1,36.1,35.5,35.9,9462
2015-03-31,35.2,35.8,35.0,35.5,1417
2015-04-01,35.1,36.0,35.0,35.0,5834
2015-04-02,34.4,35.1,34.0,34.1,9726
2015-04-05,33.2,33.9,33.0,33.1,1871
2015-04-06,32.5,32.8,32.5,32.7,2409
2015-04-07,32.8,32.8,32.8,32.8,10050
2015-04-08,31.2,32.0,31.1,31.6,984
2015-04-12,29.5,29.6,29.5,29.5,1463
2015-04-13,29.0,30.5,29.0,29.5,942
2015-04-15,29.4,31.6,29.0,29.8,1228
2015-04-16,30.0,32.7,30.0,31.6,558
2015-04-19,30.0,32.0,30.0,30.9,1465
2015-04-20,31.0,32.4,30.0,31.4,3432
2015-04-21,30.2,30.7,30.2,30.3,3644
2015-04-22,30.5,30.5,29.1,29.5,2285
2015-04-23,29.0,29.0,28.1,28.9,1204
2015-04-26,28.5,28.5,28.2,28.2,2619
2015-04-27,27.5,28.5,27.5,27.8,633
2015-04-29,28.0,28.2,28.0,28.1,7292
2015-04-30,28.1,28.3,28.0,28.2,9867
2015-05-04,22.1,24.0,21.0,23.2,20050
2015-05-05,24.0,25.1,22.0,22.2,26383
2015-05-06,22.2,23.9,22.2,22.8,23921
2015-05-07,23.9,24.0,23.0,23.7,19215
2015-05-10,24.6,26.0,24.5,25.9,24018
2015-05-11,26.0,28.3,26.0,27.7,43962
2015-05-12,25.9,27.0,25.8,26.4,25797
2015-05-13,26.0,26.5,24.5,24.8,24210
2015-05-14,24.6,25.2,24.5,24.8,11821
2015-05-17,25.0,25.0,24.7,25.0,8493
2015-05-18,23.6,26.0,23.6,25.0,54036
2015-05-19,25.1,26.0,25.0,25.2,48286
2015-05-21,24.5,26.9,24.5,26.5,85936
2015-05-24,26.0,27.0,26.0,26.6,21144
2015-05-25,26.0,28.0,26.0,27.9,52150
2015-05-26,26.6,30.0,26.6,29.3,28890
2015-05-27,28.9,29.5,28.0,28.6,30288
2015-05-28,29.5,29.5,26.8,28.0,5886
2015-05-31,27.0,28.8,27.0,28.5,41803
2015-06-01,28.3,28.5,27.4,28.2,22358
2015-06-02,28.1,28.4,27.6,27.9,52416
2015-06-04,27.0,28.5,27.0,28.3,31269
2015-06-07,27.7,28.1,27.7,28.0,66863
2015-06-08,28.0,28.0,26.7,27.3,4784
2015-06-09,27.7,27.8,26.5,27.1,6967
2015-06-10,27.1,27.5,27.1,27.4,8385
2015-06-11,27.1,28.0,27.0,27.0,13204
2015-06-14,25.6,26.2,25.5,25.8,1161
2015-06-15,27.1,27.1,27.1,27.1,1983
2015-06-16,25.7,26.2,25.7,25.9,26349
2015-06-17,24.0,25.8,23.4,25.3,16376
2015-06-18,24.5,25.4,24.3,24.6,26212
2015-06-21,24.1,24.1,24.1,24.1,7
2015-06-22,25.4,25.5,24.4,25.0,6651
2015-06-23,25.0,25.6,25.0,25.2,13014
2015-06-24,25.5,25.5,24.4,24.7,1916
2015-06-25,23.6,25.7,23.6,24.9,4226
2015-06-28,22.7,25.1,22.7,24.3,1153
2015-06-29,23.0,24.3,23.0,24.0,604
2015-06-30,23.9,25.9,23.9,24.1,25397
2015-07-02,24.1,24.4,24.1,24.2,1145
2015-07-05,25.0,25.0,24.5,24.8,10900
2015-07-06,26.0,26.0,23.3,23.9,50523
2015-07-07,23.5,25.0,23.5,24.3,7611
2015-07-08,24.1,24.7,24.0,24.3,2835
2015-07-09,24.5,25.4,24.2,24.6,29007
2015-07-12,26.9,26.9,25.0,25.1,4166
2015-07-13,24.2,25.8,24.2,25.1,11800
2015-07-14,25.0,25.1,24.7,25.1,5206
2015-07-21,24.5,25.8,24.4,25.7,13725
2015-07-22,25.3,25.9,25.3,25.6,13177
2015-07-23,24.7,26.4,24.7,26.1,21604
2015-07-26,25.0,25.3,25.0,25.3,1508
2015-07-27,25.8,27.4,24.7,27.1,87765
2015-07-28,26.5,28.3,26.5,27.9,48664
2015-07-29,25.9,27.7,25.9,27.5,1865
2015-07-30,27.0,27.5,26.5,26.6,23237
2015-08-02,25.2,28.0,25.2,25.4,47216
2015-08-03,26.0,27.6,25.5,26.4,7427
2015-08-04,26.1,27.5,26.1,27.0,47397
2015-08-05,27.2,27.2,26.0,26.6,31470
2015-08-06,27.1,27.1,26.6,26.8,2223
2015-08-09,24.3,27.0,24.3,26.0,3296
2015-08-10,26.0,26.5,25.2,25.7,3797
2015-08-11,25.0,25.7,25.0,25.4,10427
2015-08-12,24.0,25.7,24.0,25.0,204
2015-08-13,26.8,26.8,24.7,26.2,2944
2015-08-16,26.2,26.2,26.0,26.1,5700
2015-08-17,27.4,27.4,25.8,26.5,3898
2015-08-18,26.0,26.6,26.0,26.5,4225
2015-08-19,27.2,27.2,26.6,26.7,10609
2015-08-20,26.8,28.5,26.8,27.0,30521
2015-08-23,26.0,27.8,26.0,27.0,16416
2015-08-24,27.0,27.1,26.1,26.9,12500
2015-08-25,26.0,26.6,26.0,26.5,20297
2015-08-26,26.5,26.5,26.3,26.3,27316
2015-08-27,25.8,26.5,25.8,26.3,33017
2015-08-30,26.4,26.5,26.3,26.5,6562
2015-08-31,26.4,26.5,26.3,26.5,14370
2015-09-01,26.5,26.5,26.3,26.5,11888
2015-09-02,24.0,27.2,24.0,27.1,44079
2015-09-03,26.2,26.6,26.2,26.5,7036
2015-09-06,26.5,26.5,26.3,26.3,23316
2015-09-07,26.3,26.5,25.1,26.4,63049
2015-09-08,26.2,26.4,24.1,25.9,68060
2015-09-09,26.0,26.1,25.8,26.0,61690
2015-09-10,27.0,27.0,26.3,26.4,91392
2015-09-13,26.0,26.6,26.0,26.6,20682
2015-09-14,26.5,27.2,26.0,27.0,93417
2015-09-15,27.0,27.0,26.5,26.8,29258
2015-09-16,25.5,26.5,25.5,26.5,16100
2015-09-17,27.0,27.5,26.6,27.1,17796
2015-09-20,26.6,26.6,26.4,26.6,25260
2015-09-21,26.7,27.1,26.7,26.8,20004
2015-09-22,27.0,27.1,26.8,27.0,25634
2015-09-28,27.0,27.0,26.5,26.5,53587
2015-09-29,27.0,28.0,26.6,27.7,40626
2015-09-30,26.5,27.6,26.5,27.4,9486
2015-10-01,27.0,27.7,27.0,27.2,14493
2015-10-04,26.9,27.5,26.9,27.5,33304
2015-10-05,27.0,27.0,27.0,27.0,1653
2015-10-06,27.1,27.1,27.0,27.0,3365
2015-10-07,27.0,27.1,27.0,27.0,4313
2015-10-08,27.4,27.5,26.3,27.1,43340
2015-10-11,27.3,27.5,26.5,27.4,15300
2015-10-12,27.0,28.0,27.0,27.9,5613
2015-10-13,27.5,28.0,27.2,27.5,21603
2015-10-14,27.3,27.9,27.3,27.5,11305
2015-10-15,27.3,27.9,27.3,27.4,7091
2015-10-18,26.5,26.8,26.5,26.6,6061
2015-10-19,26.0,27.5,26.0,27.4,10721
2015-10-20,26.5,26.5,26.5,26.5,4960
2015-10-21,26.6,26.7,26.5,26.6,3310
2015-10-25,26.7,26.7,26.5,26.5,1436
2015-10-26,26.7,27.5,26.7,27.3,6500
2015-10-27,26.4,26.4,26.3,26.3,4243
2015-10-28,26.3,27.4,26.3,26.4,3542
2015-10-29,26.5,27.0,26.5,26.7,14330
2015-11-01,26.5,26.5,25.5,26.2,26760
2015-11-02,25.5,25.6,25.5,25.5,207
2015-11-03,25.6,27.3,25.6,25.8,114
2015-11-04,25.6,25.6,25.6,25.6,28
2015-11-05,25.0,25.1,25.0,25.1,605
2015-11-08,25.0,25.0,25.0,25.0,930
2015-11-09,25.0,25.0,25.0,25.0,5293
2015-11-10,25.0,25.0,25.0,25.0,115
2015-11-12,25.0,25.0,25.0,25.0,889
2015-11-15,24.1,24.1,24.0,24.1,1432
2015-11-16,24.3,24.3,24.0,24.2,4521
2015-11-17,24.0,25.2,24.0,24.8,2405
2015-11-18,24.1,24.9,24.1,24.3,1446
2015-11-19,25.0,26.0,25.0,25.9,4546
2015-11-22,24.0,25.9,24.0,24.6,7045
2015-11-23,24.7,25.0,24.6,24.9,1361
2015-11-24,25.0,25.1,25.0,25.0,11143
2015-11-25,25.3,25.7,24.8,25.2,6583
2015-11-26,25.0,25.0,24.0,24.2,6955
2015-11-29,23.6,24.2,23.6,24.1,12309
2015-11-30,23.5,24.8,23.1,24.6,6325
2015-12-01,24.0,25.0,24.0,24.8,3140
2015-12-02,24.1,24.3,24.1,24.2,1246
2015-12-03,24.0,24.9,24.0,24.8,4022
2015-12-06,24.5,26.0,24.5,25.7,911
2015-12-07,25.2,25.2,25.2,25.2,298
2015-12-08,25.5,25.5,25.0,25.2,10527
2015-12-09,25.0,26.5,25.0,26.4,10632
2015-12-10,25.0,25.2,25.0,25.0,7428
2015-12-13,24.9,25.0,24.9,25.0,2822
2015-12-14,25.3,26.9,24.4,24.5,8078
2015-12-15,24.5,24.6,24.0,24.5,3178
2015-12-17,24.0,24.0,23.5,23.8,427
2015-12-20,24.0,24.0,23.5,23.7,1898
2015-12-21,24.0,25.6,23.8,24.0,78737
2015-12-22,25.3,26.4,25.3,26.4,45645
2015-12-23,29.0,29.0,27.2,28.5,31688
2015-12-24,28.0,28.0,26.3,27.2,23305
2015-12-27,25.6,27.6,25.6,26.2,4979
2015-12-28,27.3,27.3,26.1,26.9,4657
2015-12-29,26.5,27.5,26.5,26.6,8770
2015-12-30,28.0,28.0,26.8,27.5,8462
2015-12-31,27.7,27.8,27.0,27.1,17785
2016-01-04,27.9,28.5,27.2,27.8,12242
2016-01-05,27.0,27.5,27.0,27.4,3487
2016-01-06,27.0,27.5,27.0,27.1,20963
2016-01-07,26.7,26.7,25.8,25.9,18829
2016-01-10,26.6,26.6,26.6,26.6,25
2016-01-11,26.6,27.4,26.3,26.7,24510
2016-01-12,26.8,26.8,26.8,26.8,2829
2016-01-13,26.4,28.0,26.4,27.6,16746
2016-01-14,27.8,30.3,27.8,28.7,11123
2016-01-17,26.0,27.6,26.0,27.4,789
2016-01-18,27.5,30.0,27.5,28.3,8738
2016-01-19,29.0,29.9,28.8,29.6,8485
2016-01-20,30.5,31.0,28.4,29.6,11763
2016-01-21,30.3,32.2,29.0,31.1,39896
2016-01-24,28.6,31.0,28.6,30.9,1039
2016-01-25,33.4,33.4,28.5,30.1,23575
2016-01-26,33.0,33.0,30.0,31.4,52617
2016-01-27,32.0,33.9,30.4,31.9,14291
2016-01-28,32.3,34.6,30.8,30.9,42554
2016-01-31,31.0,31.0,28.2,29.0,5623
2016-02-01,26.5,28.4,26.5,28.1,4944
2016-02-03,28.9,29.0,27.3,27.6,16200
2016-02-04,29.0,29.9,27.4,28.1,3320
2016-02-07,29.9,29.9,27.1,29.3,14131
2016-02-08,29.7,31.9,27.4,28.3,19673
2016-02-09,27.8,28.1,27.8,28.0,2444
2016-02-10,27.8,28.0,27.7,27.8,10964
2016-02-11,27.8,27.8,27.4,27.7,1500
2016-02-14,27.4,27.5,27.1,27.3,2557
2016-02-15,27.0,28.1,27.0,27.1,1207
2016-02-16,27.2,28.0,27.2,27.7,25240
2016-02-17,27.2,27.2,27.2,27.2,311
2016-02-18,27.2,27.8,27.2,27.4,22609
2016-02-22,27.6,27.6,27.1,27.1,16862
2016-02-23,27.0,27.4,27.0,27.1,2445
2016-02-24,27.1,27.9,27.1,27.8,334
2016-02-25,26.7,27.8,26.7,27.5,70
2016-02-28,26.2,26.5,26.2,26.2,38
2016-02-29,25.8,28.2,25.8,26.5,711
2016-03-01,26.5,26.7,26.5,26.6,1133
2016-03-02,26.7,26.8,26.7,26.8,343
2016-03-03,28.5,28.5,26.5,27.8,1057
2016-03-07,25.6,26.6,25.6,25.9,48
2016-03-08,25.8,27.8,25.8,26.7,241
2016-03-09,25.5,26.3,25.5,26.1,6145
2016-03-10,26.0,27.0,26.0,26.1,6730
2016-03-13,27.0,27.0,26.1,26.6,5130
2016-03-14,26.4,26.4,26.2,26.3,4200
2016-03-16,26.2,27.4,26.2,26.2,1121
2016-03-20,25.0,25.0,25.0,25.0,1296
2016-03-21,27.5,27.5,25.9,26.0,1371
2016-03-22,25.6,26.0,25.6,25.8,122
2016-03-23,26.0,26.0,26.0,26.0,250
2016-03-24,25.6,25.7,25.6,25.6,885
2016-03-27,25.7,25.9,25.7,25.8,5772
2016-03-28,25.7,25.7,25.7,25.7,1191
2016-03-29,25.6,26.6,25.6,26.2,107
2016-03-30,25.7,28.0,25.7,25.8,11836
2016-03-31,25.8,25.8,25.6,25.6,5644
2016-04-03,25.6,25.6,25.4,25.5,6442
2016-04-04,25.3,25.4,25.2,25.3,4900
2016-04-06,25.5,25.5,25.2,25.4,636
2016-04-07,24.5,26.9,24.5,25.5,400
2016-04-10,25.5,25.5,24.6,24.8,3432
2016-04-12,24.6,24.6,24.1,24.5,6563
2016-04-13,25.2,25.5,25.2,25.5,11517
2016-04-17,24.5,24.7,24.5,24.5,96
2016-04-18,24.7,24.7,24.6,24.6,354
2016-04-19,24.6,24.6,24.5,24.5,601
2016-04-20,24.7,24.7,24.7,24.7,500
2016-04-21,24.7,24.7,23.5,24.5,3121
2016-04-24,24.0,24.1,24.0,24.0,1146
2016-04-25,24.4,24.7,24.0,24.4,5081
2016-04-26,24.0,24.9,23.7,23.8,15648
2016-04-27,24.0,24.1,24.0,24.1,2525
2016-04-28,22.4,24.2,22.4,23.2,7099
2016-05-02,22.7,22.7,21.8,22.0,7517
2016-05-03,23.8,23.8,22.7,22.7,5269
2016-05-04,22.0,23.2,22.0,23.0,18183
2016-05-05,22.3,23.0,22.3,23.0,5147
2016-05-08,23.1,24.1,23.0,23.2,14010
2016-05-09,23.8,23.8,23.8,23.8,162
2016-05-10,23.1,24.5,21.5,23.4,23496
2016-05-11,23.8,23.8,23.8,23.8,10
2016-05-12,22.7,23.7,22.7,23.4,14065
2016-05-15,23.1,23.5,23.1,23.5,572
2016-05-16,23.4,23.4,23.4,23.4,59
2016-05-17,23.5,24.5,22.5,23.8,10814
2016-05-18,23.0,24.5,23.0,23.1,4961
2016-05-22,20.8,24.4,20.8,24.3,5062
2016-05-24,23.9,24.4,22.5,23.3,5918
2016-05-25,22.3,22.3,22.3,22.3,123
2016-05-26,22.0,22.0,22.0,22.0,73
2016-05-29,22.2,23.5,22.2,23.5,10806
2016-05-30,23.5,23.5,22.5,22.7,1657
2016-05-31,22.5,23.0,22.5,22.9,8347
2016-06-01,23.1,23.1,22.9,23.0,2554
2016-06-02,23.7,23.8,22.8,23.3,15183
2016-06-05,22.4,23.5,22.4,23.0,2065
2016-06-06,23.0,23.1,22.9,23.0,3054
2016-06-07,22.9,22.9,22.9,22.9,539
2016-06-08,23.0,23.0,23.0,23.0,50
2016-06-09,23.1,23.2,23.1,23.2,210
2016-06-12,23.0,23.0,23.0,23.0,850
2016-06-13,22.3,23.0,22.3,23.0,5112
2016-06-14,22.6,22.6,22.6,22.6,615
2016-06-15,23.0,23.0,23.0,23.0,1105
2016-06-16,23.0,23.0,22.5,23.0,55149
2016-06-19,23.0,23.0,23.0,23.0,65057
2016-06-20,21.0,24.0,21.0,23.9,5029
2016-06-21,23.2,23.5,23.2,23.5,6455
2016-06-22,23.5,24.4,23.5,23.5,19643
2016-06-23,24.3,24.3,23.0,23.1,15469
2016-06-26,23.3,23.5,23.3,23.3,2791
2016-06-27,21.2,23.2,21.2,22.3,259
2016-06-28,21.6,23.8,21.6,23.5,38226
2016-06-29,21.3,24.4,21.3,23.2,317
2016-06-30,23.5,24.0,23.5,23.5,23255
2016-07-10,22.5,24.5,22.5,23.3,420
2016-07-11,21.1,23.5,21.1,23.3,92422
2016-07-12,23.4,23.4,23.2,23.3,24423
2016-07-13,23.1,23.3,22.5,23.0,6989
2016-07-14,22.9,23.0,22.9,23.0,1110
2016-07-16,22.6,23.0,22.6,22.8,2306
2016-07-17,23.0,23.2,22.8,23.0,15071
2016-07-18,21.6,23.1,21.6,23.1,24211
2016-07-19,23.7,23.7,23.7,23.7,100
2016-07-20,23.9,24.3,22.7,23.8,1721
2016-07-21,22.3,23.5,22.3,22.7,758
2016-07-24,22.5,23.5,22.5,23.1,11309
2016-07-25,22.1,23.0,22.1,22.5,1547
2016-07-26,23.0,23.6,23.0,23.0,10122
2016-07-27,23.2,23.5,22.7,23.2,27310
2016-07-28,23.0,23.1,23.0,23.1,3885
2016-07-31,25.0,25.0,22.6,23.4,875
2016-08-01,23.2,23.2,21.4,23.1,2525
2016-08-02,21.2,23.5,21.2,23.4,17521
2016-08-03,22.5,23.6,22.5,23.5,8336
2016-08-04,23.0,23.6,22.8,22.9,5597
2016-08-07,23.5,23.5,22.5,22.8,3798
2016-08-08,22.3,22.3,22.3,22.3,20
2016-08-09,22.5,22.5,22.5,22.5,97
2016-08-10,23.0,23.0,23.0,23.0,30164
2016-08-11,24.0,24.9,23.5,24.3,17208
2016-08-14,23.0,23.0,23.0,23.0,149
2016-08-16,23.0,23.0,23.0,23.0,2646
2016-08-17,21.8,23.5,21.8,23.4,3711
2016-08-18,21.8,23.7,21.8,23.1,2250
2016-08-21,23.0,23.7,23.0,23.1,71
2016-08-22,23.2,23.7,23.2,23.7,4866
2016-08-23,23.8,24.4,23.4,23.4,16273
2016-08-24,23.5,23.6,23.5,23.5,549
2016-08-28,24.0,24.2,23.5,24.0,10600
2016-08-29,24.6,25.8,24.6,25.4,11165
2016-08-30,24.0,24.0,23.7,23.9,4626
2016-08-31,24.9,25.4,24.3,25.1,1496
2016-09-01,25.5,25.5,24.2,24.8,1665
2016-09-04,24.2,24.2,23.5,23.8,1707
2016-09-05,22.5,26.1,22.5,25.7,21761
2016-09-06,24.1,25.0,24.0,24.3,4211
2016-09-07,24.5,24.5,24.1,24.2,25
2016-09-08,24.0,25.0,23.9,24.1,2212
2016-09-18,23.6,25.1,23.6,24.7,765
2016-09-19,24.5,25.0,24.3,24.8,8675
2016-09-20,24.8,24.8,24.5,24.5,656
2016-09-21,24.3,25.0,24.2,24.8,3655
2016-09-22,24.4,25.0,24.3,24.8,1785
2016-09-24,24.1,24.8,24.1,24.4,718
2016-09-25,24.2,24.2,24.2,24.2,123
2016-09-26,24.5,24.8,24.5,24.6,3644
2016-09-27,23.7,24.7,23.7,24.0,2014
2016-09-28,24.6,24.8,24.5,24.6,3700
2016-09-29,25.1,25.3,25.1,25.2,521
2016-10-02,24.7,26.0,24.7,25.9,32165
2016-10-03,26.0,26.2,25.8,26.1,3759
2016-10-04,25.4,26.7,25.4,26.6,11820
2016-10-05,25.6,25.6,25.4,25.5,12584
2016-10-06,25.5,25.5,25.4,25.5,538
2016-10-09,25.6,25.6,24.6,25.5,1647
2016-10-10,25.0,25.2,24.9,25.0,13019
2016-10-13,24.8,24.9,24.8,24.8,1961
2016-10-16,24.8,24.8,24.8,24.8,2500
2016-10-17,24.8,25.4,24.8,25.2,31310
2016-10-18,25.9,26.0,25.0,25.4,44499
2016-10-19,26.0,26.8,25.9,26.6,54491
2016-10-20,25.5,28.0,25.5,26.2,51670
2016-10-23,26.0,26.0,25.5,25.8,16184
2016-10-24,25.3,26.5,25.1,26.0,26204
2016-10-25,26.7,27.5,26.3,27.0,154993
2016-10-26,27.2,27.8,26.8,27.5,61051
2016-10-27,27.5,29.3,27.5,28.5,190714
2016-10-30,28.5,28.9,27.4,28.1,54868
2016-10-31,27.2,28.5,27.2,27.5,12295
2016-11-01,27.9,28.9,27.8,28.0,51195
2016-11-02,28.5,29.0,28.0,28.1,166119
2016-11-03,28.4,28.8,27.0,27.2,40523
2016-11-06,25.0,27.7,25.0,25.8,60074
2016-11-07,25.7,26.2,24.5,25.4,148477
2016-11-08,26.1,26.1,25.0,25.1,24997
2016-11-09,25.6,25.6,25.0,25.1,11271
2016-11-10,25.9,26.0,25.3,25.4,111547
2016-11-13,25.2,26.0,25.2,25.5,23864
2016-11-14,25.5,25.5,25.2,25.4,40668
2016-11-15,25.3,25.9,25.2,25.8,27641
2016-11-16,26.0,26.0,25.4,25.5,22844
2016-11-17,25.5,26.1,25.5,25.7,34277
2016-11-20,26.0,26.0,25.3,25.4,14240
2016-11-21,25.1,25.9,25.1,25.4,21204
2016-11-22,25.7,26.0,25.3,25.9,11260
2016-11-23,25.7,27.2,25.7,27.2,95112
2016-11-24,26.1,27.1,26.1,26.3,15174
2016-11-27,26.5,26.9,26.0,26.2,11270
2016-11-28,25.8,26.8,25.5,26.2,34951
2016-11-29,26.5,27.5,26.5,27.1,99965
2016-11-30,27.5,29.3,27.5,29.0,309098
2016-12-01,29.5,29.7,29.0,29.5,132960
2016-12-04,29.4,29.6,28.4,28.8,78135
2016-12-05,28.6,29.1,27.5,27.7,57359
2016-12-06,28.7,28.8,27.4,27.7,56148
2016-12-07,28.4,28.4,27.1,27.7,30135
2016-12-08,27.7,28.2,27.4,27.5,68770
2016-12-11,27.5,27.8,26.8,27.0,36125
2016-12-12,26.8,27.5,26.7,27.0,11080
2016-12-14,27.0,28.0,27.0,27.8,26761
2016-12-15,27.7,27.7,27.2,27.4,19676
2016-12-18,27.8,27.8,27.4,27.8,18116
2016-12-19,27.5,27.7,27.2,27.3,22100
2016-12-20,27.4,27.5,26.9,27.0,16098
2016-12-21,27.1,27.2,26.5,26.8,12758
2016-12-22,27.1,27.6,27.1,27.3,26070
2016-12-26,27.9,28.0,27.0,27.4,36921
2016-12-27,27.3,27.9,27.1,27.2,24167
2016-12-28,27.8,28.0,27.0,27.2,76737
2016-12-29,27.9,27.9,27.0,27.1,41138
2017-01-01,27.5,27.7,27.0,27.4,13400
2017-01-02,27.4,28.2,27.4,28.0,45915
2017-01-03,28.0,28.8,28.0,28.3,73339
2017-01-04,27.8,28.4,27.7,27.9,12177
2017-01-05,27.9,28.8,27.8,28.6,53773
2017-01-08,28.0,28.5,28.0,28.1,6269
2017-01-09,27.6,28.2,27.5,27.9,20647
2017-01-10,28.5,28.6,28.0,28.5,53787
2017-01-11,28.3,29.2,28.2,28.7,66281
2017-01-12,28.8,31.2,28.4,31.2,191975
2017-01-15,31.3,33.9,29.7,32.7,120511
2017-01-16,32.7,34.8,32.2,33.0,210906
2017-01-17,34.5,36.0,33.1,35.2,94447
2017-01-18,36.6,37.0,35.0,36.1,360523
2017-01-19,35.7,37.2,35.1,36.4,90795
2017-01-22,36.0,36.8,36.0,36.0,48747
2017-01-23,36.7,36.8,35.6,36.0,29687
2017-01-24,36.1,36.5,35.9,35.9,152867
2017-01-25,36.5,36.5,35.1,35.7,124412
2017-01-26,35.2,35.3,35.1,35.3,15831
2017-01-29,35.9,36.0,32.5,35.2,33548
2017-01-30,32.1,35.2,32.1,33.5,13588
2017-01-31,32.2,33.0,31.8,32.2,19748
2017-02-01,31.0,34.0,31.0,32.6,17262
2017-02-02,30.3,31.7,30.3,30.4,16229
2017-02-05,30.5,30.5,29.9,30.0,16330
2017-02-06,30.0,32.4,30.0,31.9,28958
2017-02-07,32.0,32.0,31.3,31.7,12810
2017-02-08,32.7,32.9,32.6,32.7,15235
2017-02-09,32.0,34.5,31.9,33.4,60304
2017-02-12,33.0,33.5,33.0,33.4,14342
2017-02-13,33.2,33.5,32.0,32.4,14176
2017-02-14,32.4,32.9,32.4,32.8,68097
2017-02-15,31.7,32.7,31.7,32.4,28341
2017-02-16,33.0,33.0,30.0,32.2,10417
2017-02-19,31.4,33.0,31.4,32.3,11435
2017-02-20,31.4,32.0,31.3,31.4,6526
2017-02-22,32.0,32.9,30.7,32.3,424
2017-02-23,32.3,32.5,32.0,32.3,5515
2017-02-26,31.6,32.5,31.6,31.9,15
2017-02-27,32.0,32.7,31.9,31.9,19961
2017-02-28,31.7,31.9,31.6,31.7,7196
2017-03-01,32.1,32.7,31.5,31.9,35613
2017-03-02,31.5,32.5,31.5,31.5,558
2017-03-05,31.6,32.0,31.6,31.8,137
2017-03-06,32.5,32.5,31.4,31.5,438
2017-03-07,31.5,32.6,31.4,31.4,846
2017-03-08,31.8,31.8,31.5,31.6,551
2017-03-09,32.6,34.7,32.6,34.7,204434
2017-03-12,32.1,35.3,32.1,34.7,17797
2017-03-13,34.0,35.1,33.3,34.9,22804
2017-03-14,35.3,36.3,34.7,34.8,75748
2017-03-15,35.1,35.7,35.0,35.3,22176
2017-03-16,35.0,35.4,33.0,33.4,62358
2017-03-19,33.0,35.7,33.0,35.3,104010
2017-03-20,34.5,36.5,34.5,36.3,50815
2017-03-21,37.0,37.0,35.5,36.5,77908
2017-03-22,36.0,37.1,36.0,37.1,152759
2017-03-23,36.8,37.0,35.6,36.6,122315
2017-03-27,36.6,38.2,36.6,37.7,208836
2017-03-28,37.6,38.3,36.5,37.3,46199
2017-03-29,37.0,37.0,35.7,36.9,35814
2017-03-30,36.1,36.1,35.7,35.9,34797
2017-04-03,34.1,34.2,34.0,34.2,3698
2017-04-04,34.0,34.0,33.0,33.3,6823
2017-04-05,32.6,32.6,32.1,32.3,2334
2017-04-06,32.5,32.5,32.1,32.5,3588
2017-04-09,33.9,34.0,32.4,33.6,6011
2017-04-10,33.5,34.5,33.5,33.7,6432
2017-04-11,33.7,33.7,33.7,33.7,1688
2017-04-12,35.4,35.4,33.0,34.3,8800
2017-04-13,32.9,34.1,32.9,33.0,23412
2017-04-16,33.8,33.8,31.6,32.2,11050
2017-04-17,34.0,34.0,33.0,33.6,6350
2017-04-18,32.5,32.5,32.0,32.5,10550
2017-04-19,33.8,34.4,32.5,33.2,3791
2017-04-20,33.6,33.6,33.5,33.5,1200
2017-04-23,33.1,33.4,32.3,32.8,8156
2017-04-24,31.3,32.1,31.1,31.9,10553
2017-04-25,32.0,32.5,32.0,32.1,1310
2017-04-26,33.1,33.8,33.0,33.2,123900
2017-04-27,33.4,34.5,33.4,34.4,16571
2017-04-30,32.4,32.8,32.4,32.8,23750
2017-05-02,33.1,33.9,33.0,33.1,2024
2017-05-03,33.0,35.0,33.0,34.7,80044
2017-05-04,34.6,35.2,33.9,34.8,46496
2017-05-07,35.0,36.0,34.0,34.9,83652
2017-05-08,35.0,37.4,33.7,36.7,42070
2017-05-09,35.5,36.6,35.5,35.9,8710
2017-05-11,34.1,36.4,34.0,34.5,41962
2017-05-14,34.8,34.9,33.5,34.2,3331
2017-05-15,31.8,34.4,31.8,32.9,17446
2017-05-16,35.3,35.9,33.0,35.3,33488
2017-05-17,35.3,35.3,33.5,33.8,13326
2017-05-21,30.9,31.0,30.5,30.7,7959
2017-05-22,30.9,30.9,30.7,30.8,690
2017-05-23,31.5,31.5,30.4,31.1,5550
2017-05-24,31.5,33.0,30.9,31.0,9687
2017-05-25,30.8,31.0,30.1,30.7,4673
2017-05-28,29.6,32.2,29.6,30.0,1475
2017-05-29,30.0,31.0,29.0,29.6,9610
2017-05-30,28.1,30.5,28.1,29.1,11457
2017-05-31,31.5,31.5,28.5,28.8,857
2017-06-01,29.0,30.3,29.0,29.1,452
2017-06-04,29.1,29.1,28.7,28.8,1380
2017-06-05,29.1,29.1,28.8,28.9,2750
2017-06-06,29.9,29.9,28.8,29.4,4164
2017-06-07,29.2,29.2,28.8,28.9,10025
2017-06-08,29.0,29.1,27.9,28.0,23821
2017-06-11,28.0,28.0,26.6,26.7,51528
2017-06-12,26.9,26.9,26.5,26.7,10521
2017-06-13,26.9,27.4,26.9,27.0,3042
2017-06-14,27.7,27.7,27.2,27.4,3835
2017-06-15,27.5,27.6,27.0,27.4,4232
2017-06-18,27.5,27.5,27.1,27.2,4492
2017-06-19,27.1,27.6,27.1,27.4,3464
2017-06-20,27.5,28.4,27.5,27.8,5940
2017-06-21,28.0,28.7,28.0,28.5,6947
2017-06-22,28.5,28.6,28.2,28.3,2381
2017-06-28,28.9,29.0,28.9,28.9,500
2017-06-29,29.9,29.9,28.1,28.5,2179
2017-07-02,28.5,28.8,28.0,28.3,1154
2017-07-03,28.5,29.2,28.5,29.0,3597
2017-07-04,29.1,29.5,29.1,29.4,8072
2017-07-05,29.0,29.5,29.0,29.5,3135
2017-07-06,29.5,29.9,28.9,29.1,10062
2017-07-09,29.4,29.9,29.2,29.7,9182
2017-07-10,30.1,30.3,29.9,30.2,11241
2017-07-11,30.1,30.3,30.0,30.1,8320
2017-07-12,30.0,30.0,29.4,29.9,8440
2017-07-13,30.0,30.7,30.0,30.4,7532
2017-07-16,30.5,30.6,29.8,30.5,4576
2017-07-17,29.3,30.4,29.3,30.0,3250
2017-07-18,29.6,30.5,29.6,30.1,4937
2017-07-19,30.0,30.5,30.0,30.4,1115
2017-07-20,29.7,30.0,29.7,30.0,2048
2017-07-23,29.1,29.2,29.1,29.2,2129
2017-07-24,30.0,30.8,29.9,30.6,4806
2017-07-25,31.4,31.8,30.8,31.4,32475
2017-07-26,31.8,34.0,31.6,32.6,20064
2017-07-27,33.0,34.0,32.1,32.4,46226
2017-07-30,32.2,32.5,31.9,32.0,24934
2017-07-31,32.2,32.2,31.9,31.9,14246
2017-08-01,31.8,32.1,31.8,31.9,22557
2017-08-02,32.5,33.5,32.3,32.3,54655
2017-08-03,32.9,33.3,32.5,32.7,28637
2017-08-06,32.7,33.0,32.2,32.5,27966
2017-08-07,32.5,33.5,32.5,33.1,31053
2017-08-08,32.9,33.3,32.8,32.9,14674
2017-08-09,32.5,32.5,32.0,32.3,9516
2017-08-10,32.0,32.2,32.0,32.2,602
2017-08-13,32.1,32.8,31.4,31.8,18930
2017-08-16,31.8,32.5,31.5,31.7,12208
2017-08-17,31.0,32.7,31.0,31.8,2398
2017-08-20,31.8,31.8,31.5,31.6,7029
2017-08-21,31.3,32.5,31.3,31.6,57457
2017-08-22,32.8,32.8,31.1,31.9,13544
2017-08-23,32.8,32.9,31.5,32.3,25402
2017-08-24,30.4,32.0,30.4,32.0,9521
2017-08-27,32.0,33.3,32.0,32.3,15083
2017-08-28,32.3,32.3,31.6,31.9,2784
2017-08-29,31.6,32.0,31.6,31.9,20356
2017-08-30,31.4,32.5,30.5,31.7,5691
2017-08-31,31.7,31.7,31.2,31.5,3541
2017-09-04,31.3,31.8,31.2,31.6,13364
2017-09-05,31.7,32.3,31.4,31.9,13568
2017-09-06,32.8,33.2,32.3,33.0,16142
2017-09-07,32.9,33.3,32.1,33.2,30287
2017-09-10,33.5,33.9,32.9,33.3,450419
2017-09-11,34.2,35.9,34.0,34.7,64175
2017-09-12,35.1,35.1,34.2,34.6,27100
2017-09-13,34.0,35.3,34.0,34.6,39651
2017-09-14,34.3,34.9,32.0,33.5,31729
2017-09-17,34.0,34.0,33.1,33.7,7645
2017-09-18,33.2,34.9,33.2,33.6,21333
2017-09-19,33.6,33.6,32.8,33.3,18240
2017-09-20,33.3,33.3,33.0,33.1,20641
2017-09-21,33.2,33.4,32.7,32.9,13545
2017-09-24,33.0,33.0,32.3,32.6,1315
2017-09-25,31.5,32.5,31.5,32.1,472
2017-09-26,32.2,32.2,32.1,32.2,1301
2017-09-27,32.0,32.1,31.4,31.7,17862
2017-09-28,32.5,32.5,31.6,32.3,2893
2017-10-02,32.1,32.1,31.6,31.8,44207
2017-10-03,32.0,33.8,31.9,32.0,45741
2017-10-04,33.3,33.3,32.2,32.4,10028
2017-10-05,33.2,34.7,33.2,34.4,31195
2017-10-08,33.0,34.7,33.0,34.1,32011
2017-10-09,33.5,34.4,33.0,33.5,24143
2017-10-10,34.5,34.5,32.6,33.2,3637
2017-10-11,33.8,33.9,32.0,32.5,14160
2017-10-12,30.1,33.0,30.1,30.7,7086
2017-10-15,30.2,30.6,30.0,30.2,18232
2017-10-16,30.0,31.8,29.9,30.3,25214
2017-10-17,32.8,32.8,31.0,31.1,11725
2017-10-18,31.6,32.9,31.6,32.7,14350
2017-10-19,30.9,31.9,30.9,31.0,975
2017-10-22,32.1,32.1,32.1,32.1,100
2017-10-23,30.8,32.1,30.6,31.0,16516
2017-10-24,31.7,31.7,31.7,31.7,100
2017-10-25,31.8,31.8,31.2,31.6,278
2017-10-26,31.5,32.0,31.1,31.6,1921
2017-10-29,30.8,31.6,30.8,31.1,5148
2017-10-30,31.5,31.5,31.5,31.5,1315
2017-10-31,31.8,32.2,30.9,31.9,39540
2017-11-01,31.1,32.0,31.1,31.6,5630
2017-11-02,31.9,32.5,31.5,31.7,25011
2017-11-05,31.7,32.8,31.4,32.3,14630
2017-11-06,31.6,31.6,31.2,31.5,3279
2017-11-07,30.5,32.2,30.5,31.0,41851
2017-11-08,30.8,31.9,30.8,31.6,4480
2017-11-09,31.0,31.2,30.8,31.0,13050
2017-11-12,31.0,31.0,28.7,30.4,128044
2017-11-13,31.4,31.5,30.4,30.5,3170
2017-11-14,30.6,30.7,30.4,30.6,13775
2017-11-15,30.2,31.6,30.1,31.1,63835
2017-11-16,31.1,31.5,30.2,30.3,17260
2017-11-19,30.3,30.3,29.9,30.0,11040
2017-11-20,30.9,30.9,30.0,30.7,10425
2017-11-21,30.7,30.9,30.0,30.4,3505
2017-11-22,30.0,30.7,30.0,30.2,9275
2017-11-23,30.6,30.6,30.1,30.3,6230
2017-11-26,30.3,30.7,30.2,30.4,5511
2017-11-27,30.2,30.3,30.0,30.1,11465
2017-11-28,30.1,30.5,30.0,30.3,8778
2017-11-29,30.0,30.5,30.0,30.5,527
2017-11-30,30.5,30.8,30.5,30.7,1751
2017-12-03,29.3,31.0,29.3,30.9,1031
2017-12-04,30.0,30.5,29.9,30.0,18135
2017-12-05,30.3,30.4,29.4,30.0,6490
2017-12-06,29.6,30.5,29.5,30.4,7528
2017-12-07,30.9,30.9,30.1,30.6,4729
2017-12-10,30.7,30.7,30.7,30.7,800
2017-12-11,30.0,30.7,30.0,30.5,2512
2017-12-12,30.9,30.9,29.6,30.3,6963
2017-12-13,30.0,31.0,30.0,30.9,21959
2017-12-14,30.6,31.1,30.6,30.9,4906
2017-12-17,31.2,31.6,30.8,30.9,24392
2017-12-18,30.8,30.8,30.7,30.7,10636
2017-12-19,31.2,31.7,31.2,31.5,4104
2017-12-20,31.9,32.6,31.2,31.5,142233
2017-12-21,31.3,31.9,31.0,31.3,25951
2017-12-24,31.3,32.0,31.3,31.9,10461
2017-12-26,31.8,31.8,29.9,30.2,146272
2017-12-27,31.0,31.3,29.5,29.9,55898
2017-12-28,29.9,30.0,29.7,29.8,49311
2018-01-01,30.2,30.2,29.2,29.4,49548
2018-01-02,29.4,29.4,29.3,29.3,9100
2018-01-03,29.1,29.5,29.1,29.5,28756
2018-01-04,30.7,30.7,28.7,29.1,38968
2018-01-07,29.7,29.7,29.0,29.4,20390
2018-01-08,29.0,30.0,29.0,29.2,48012
2018-01-09,29.8,29.8,29.1,29.2,9404
2018-01-10,29.5,29.5,28.8,28.8,30110
2018-01-11,28.2,29.2,27.5,28.0,90684
2018-01-14,28.1,28.3,27.8,27.9,35399
2018-01-15,27.9,28.0,27.2,27.4,40867
2018-01-16,29.5,29.5,27.3,28.5,8490
2018-01-17,28.6,28.6,27.9,28.2,12375
2018-01-18,28.2,28.2,27.9,28.0,2525
2018-01-21,28.0,28.0,27.3,27.5,22596
2018-01-22,27.9,29.0,27.9,28.2,4590
2018-01-23,27.9,28.4,27.9,28.1,14060
2018-01-24,28.2,28.2,27.8,28.1,25603
2018-01-25,27.9,28.4,27.9,28.3,1407
2018-01-28,27.2,28.1,27.2,28.0,1297
2018-01-29,27.4,28.3,27.4,28.0,7683
2018-01-30,29.1,29.1,28.0,28.4,16697
2018-01-31,27.9,28.6,26.5,27.7,3945
2018-02-01,27.7,28.3,27.7,27.8,12235
2018-02-04,27.5,27.5,27.0,27.2,1245
2018-02-05,26.7,28.1,26.6,26.7,5473
2018-02-06,27.0,28.4,26.0,28.3,10684
2018-02-07,28.0,28.2,27.8,28.0,1400
2018-02-08,28.4,28.5,28.4,28.5,11780
2018-02-11,28.2,29.0,28.2,28.8,19700
2018-02-12,28.5,28.6,28.5,28.5,5099
2018-02-13,28.7,28.7,28.3,28.4,1550
2018-02-14,28.2,28.6,28.2,28.3,8057
2018-02-15,27.2,28.5,27.0,27.6,25426
2018-02-18,27.9,27.9,27.7,27.9,6958
2018-02-19,28.3,28.4,27.5,27.9,7450
2018-02-20,27.6,28.4,27.6,28.1,8564
2018-02-22,27.6,28.3,27.6,27.9,102
2018-02-25,27.3,28.2,26.7,27.2,6010
2018-02-26,27.3,28.2,26.2,27.0,7857
2018-02-27,28.2,28.2,28.2,28.2,100
2018-02-28,27.3,28.2,27.3,27.8,6554
2018-03-01,28.0,28.4,27.7,28.0,20430
2018-03-04,28.0,28.4,28.0,28.2,250
2018-03-05,28.7,28.7,27.1,27.6,3585
2018-03-06,28.4,28.5,27.8,28.4,3111
2018-03-07,28.0,28.0,27.6,27.8,3878
2018-03-08,27.6,27.9,27.2,27.4,10454
2018-03-11,28.1,28.2,28.1,28.1,120
2018-03-12,27.8,28.0,27.3,27.7,4251
2018-03-13,27.5,27.9,26.8,27.2,11015
2018-03-14,27.9,27.9,26.5,26.5,21907
2018-03-15,26.4,27.5,26.2,26.5,149596
2018-03-18,26.1,27.2,26.0,26.1,60193
2018-03-19,26.0,26.5,25.4,26.0,20705
2018-03-20,25.7,26.2,25.7,26.2,46476
2018-03-21,26.2,26.3,25.9,26.2,18200
2018-03-22,26.2,26.5,25.4,26.1,31387
2018-03-25,26.2,26.5,25.0,25.4,16980
2018-03-27,26.0,26.0,25.3,25.4,8660
2018-03-28,26.4,26.4,25.2,25.4,4192
2018-03-29,25.3,25.8,25.2,25.5,14432
2018-04-01,26.9,26.9,26.2,26.3,12130
2018-04-02,26.2,26.8,26.0,26.5,6738
2018-04-03,26.5,26.6,26.0,26.6,28598
2018-04-04,26.9,26.9,26.0,26.7,3327
2018-04-05,26.0,27.0,25.7,26.9,17883
2018-04-08,26.5,26.9,25.5,26.4,40857
2018-04-09,25.7,26.7,25.7,26.3,5169
2018-04-10,26.6,26.6,25.9,26.2,53525
2018-04-11,26.5,26.7,25.8,25.9,114468
2018-04-12,25.8,26.1,23.9,25.1,343799
2018-04-15,26.1,26.1,24.8,24.9,13169
2018-04-16,24.7,25.2,24.3,24.5,54381
2018-04-17,24.8,24.9,24.6,24.7,36167
2018-04-18,24.8,24.8,24.4,24.5,33556
2018-04-19,24.6,24.8,24.5,24.6,29110
2018-04-22,24.9,24.9,24.2,24.3,20397
2018-04-23,24.6,24.6,24.2,24.5,27823
2018-04-24,24.2,24.6,24.1,24.2,9438
2018-04-25,24.6,24.6,24.3,24.4,9510
2018-04-26,24.5,24.9,24.5,24.6,17576
2018-04-30,24.9,25.7,24.6,25.2,71313
2018-05-03,25.5,25.9,24.9,25.0,110089
2018-05-06,25.8,25.8,25.0,25.1,12291
2018-05-07,25.6,25.6,24.9,24.9,35869
2018-05-08,25.1,25.1,24.8,24.9,8890
2018-05-09,25.7,25.8,24.9,25.1,43204
2018-05-10,25.1,25.2,24.5,24.7,73640
2018-05-13,25.5,25.5,24.6,24.8,9350
2018-05-14,25.4,25.4,24.8,24.9,69299
2018-05-15,25.9,25.9,24.9,25.0,26867
2018-05-16,25.6,25.6,25.0,25.3,35160
2018-05-17,25.0,25.5,24.8,24.9,25948
2018-05-20,25.4,25.4,24.5,24.7,18029
2018-05-21,24.7,25.2,24.7,25.0,30665
2018-05-22,25.9,25.9,24.5,24.9,38530
2018-05-23,25.0,25.5,24.3,24.5,31163
2018-05-24,24.8,25.1,24.6,24.7,67218
2018-05-27,25.5,25.5,24.9,25.5,13974
2018-05-28,25.3,25.3,24.9,25.0,69210
2018-05-29,25.5,25.5,24.6,24.7,36750
2018-05-30,25.4,25.5,24.8,25.2,18724
2018-05-31,25.2,25.2,24.8,24.9,31875
2018-06-03,24.9,25.4,24.8,25.1,63994
2018-06-04,25.0,25.1,24.7,24.8,62455
2018-06-05,25.0,25.2,24.7,24.8,60482
2018-06-07,22.5,23.5,22.3,22.6,24900
2018-06-10,22.9,22.9,22.1,22.5,68357
2018-06-11,22.7,22.7,22.3,22.4,31955
2018-06-12,23.4,23.4,22.1,22.8,26098
2018-06-18,22.7,22.7,22.4,22.5,9475
2018-06-19,22.9,22.9,22.4,22.5,2978
2018-06-20,23.0,23.0,22.1,22.7,12918
2018-06-21,23.0,23.0,22.7,23.0,17858
2018-06-24,23.0,23.1,22.5,23.0,12406
2018-06-25,23.0,23.3,22.6,22.9,19370
2018-06-26,23.2,23.3,22.7,23.1,42171
2018-06-27,23.2,23.5,23.0,23.5,42673
2018-06-28,22.9,23.0,22.2,22.4,12620
2018-07-02,23.0,23.0,21.8,22.1,25639
2018-07-03,23.5,23.5,22.5,22.6,2756
2018-07-04,23.0,23.0,21.4,21.6,38852
2018-07-05,22.4,22.9,21.9,22.5,13579
2018-07-08,22.2,22.7,22.0,22.3,24755
2018-07-09,22.4,22.6,22.0,22.2,18831
2018-07-10,22.6,22.7,22.0,22.2,17507
2018-07-11,22.2,23.0,22.1,22.5,30779
2018-07-12,22.5,22.8,22.0,22.1,15074
2018-07-15,22.1,22.1,21.9,22.0,32533
2018-07-16,21.7,22.6,21.7,22.2,82287
2018-07-17,21.2,22.5,21.2,22.2,7437
2018-07-18,22.1,22.2,21.1,21.9,27542
2018-07-19,22.9,22.9,21.8,22.0,25345
2018-07-22,22.2,22.3,21.7,21.8,12421
2018-07-23,22.0,22.2,21.7,21.8,40910
2018-07-24,22.7,22.3,21.8,22.0,17656
2018-07-25,22.7,22.7,21.9,22.1,36501
2018-07-26,22.1,22.5,21.6,21.8,16535
2018-07-29,22.3,23.0,22.3,22.6,60417
2018-07-30,22.1,23.0,22.1,22.4,37692
2018-07-31,22.8,22.8,22.5,22.6,35645
2018-08-01,22.9,23.7,22.6,23.5,111772
2018-08-02,23.9,24.5,23.6,24.0,58039
2018-08-05,24.8,25.4,24.3,24.7,146231
2018-08-06,25.3,25.3,24.3,24.6,21496
2018-08-07,24.6,24.7,23.6,23.8,52148
2018-08-08,25.0,25.0,23.8,24.1,24413
2018-08-09,25.0,25.0,23.7,23.9,19468
2018-08-12,24.1,24.1,23.3,23.5,18955
2018-08-13,23.7,24.5,23.5,23.9,49220
2018-08-14,24.0,24.5,23.8,24.0,59581
2018-08-16,24.5,25.4,24.5,25.0,90234
2018-08-19,25.2,25.5,25.0,25.2,156126
2018-08-20,25.2,25.4,24.5,24.9,56447
2018-08-26,24.6,24.9,24.5,24.7,7938
2018-08-27,24.4,24.4,24.0,24.2,61068
2018-08-28,24.4,24.4,24.0,24.0,45340
2018-08-29,24.2,24.6,23.9,24.1,39573
2018-08-30,24.2,24.2,23.7,23.9,37607
2018-09-03,24.4,24.4,23.6,23.8,53885
2018-09-04,23.8,24.0,23.4,23.5,38818
2018-09-05,23.3,24.3,23.2,23.6,25324
2018-09-06,23.4,24.0,23.4,23.4,24806
2018-09-09,24.0,24.0,23.4,23.7,8588
2018-09-10,23.8,24.0,23.4,23.6,44893
2018-09-11,24.0,24.0,23.6,23.6,6003
2018-09-12,23.9,23.9,23.5,23.6,10423
2018-09-13,24.0,24.0,23.0,23.4,14882
2018-09-16,23.9,23.9,23.2,23.3,13816
2018-09-17,24.0,25.3,22.9,23.0,92469
2018-09-18,23.2,23.5,22.7,23.0,187252
2018-09-19,23.1,24.4,23.1,23.9,323173
2018-09-20,23.7,23.7,23.0,23.5,70842
2018-09-23,23.0,24.2,22.8,23.0,174705
2018-09-24,23.0,23.6,22.2,22.2,71619
2018-09-25,23.0,23.7,22.5,23.3,87985
2018-09-26,24.0,25.3,24.0,24.6,238927
2018-09-27,24.8,25.0,23.7,24.1,77347
2018-09-30,24.5,25.5,23.9,25.0,189908
2018-10-01,25.5,26.3,24.8,24.8,248514
2018-10-02,24.8,25.0,23.7,23.9,98843
2018-10-03,23.8,24.9,23.8,24.1,94854
2018-10-04,24.7,24.7,24.1,24.2,88238
2018-10-07,24.2,24.6,23.9,24.2,57106
2018-10-08,24.3,24.7,23.8,23.9,55482
2018-10-09,24.0,24.3,23.6,23.8,61874
2018-10-10,23.0,24.1,23.0,23.6,29767
2018-10-11,23.9,23.9,23.5,23.7,18541
2018-10-14,24.0,24.0,23.6,23.6,22663
2018-10-15,24.2,24.6,23.8,24.0,62809
2018-10-16,23.2,24.4,23.2,23.9,18719
2018-10-17,23.9,24.3,23.9,24.1,21810
2018-10-18,24.3,24.7,24.0,24.5,42390
2018-10-21,24.2,24.4,24.2,24.4,46350
2018-10-22,24.8,26.4,24.8,25.2,171961
2018-10-23,25.3,25.3,24.6,24.8,25247
2018-10-24,24.5,24.5,24.2,24.3,74700
2018-10-25,24.2,24.8,24.2,24.6,52589
2018-10-28,24.6,24.7,24.1,24.6,66378
2018-10-29,24.3,24.7,24.0,24.3,71342
2018-10-30,24.0,25.0,24.0,24.9,48885
2018-10-31,24.4,25.0,24.4,24.7,13010
2018-11-01,24.9,25.7,24.9,25.0,42290
2018-11-04,24.6,25.2,24.6,24.8,24326
2018-11-05,25.0,25.0,24.2,24.4,19866
2018-11-06,24.7,25.0,24.3,24.8,38210
2018-11-07,24.5,24.9,24.5,24.8,9390
2018-11-08,24.6,24.8,24.3,24.4,24100
2018-11-11,24.5,24.7,24.5,24.6,24640
2018-11-12,24.5,24.8,24.4,24.6,35450
2018-11-13,24.6,24.7,24.0,24.4,9932
2018-11-14,24.8,25.7,24.5,25.1,78318
2018-11-15,25.0,25.5,24.9,25.4,90470
2018-11-18,25.6,25.6,25.3,25.5,74119
2018-11-19,25.9,25.9,25.2,25.7,35621
2018-11-20,25.7,25.9,25.6,25.6,24764
2018-11-22,25.7,25.7,25.5,25.7,36500
2018-11-25,25.7,25.7,25.1,25.6,25740
2018-11-26,25.9,25.9,25.3,25.5,37258
2018-11-27,25.5,25.5,25.1,25.3,5356
2018-11-28,25.3,25.5,24.8,25.2,22455
2018-11-29,25.2,25.2,24.5,24.7,54334
2018-12-02,25.0,25.5,24.6,24.9,19922
2018-12-03,25.3,25.3,24.9,25.0,9700
2018-12-04,24.7,25.8,24.6,25.6,71915
2018-12-05,25.9,25.9,25.5,25.8,11710
2018-12-06,25.8,25.8,25.1,25.2,5970
2018-12-09,25.2,25.5,25.2,25.4,22003
2018-12-10,25.1,25.1,25.0,25.0,5858
2018-12-11,25.0,25.2,24.7,25.0,20806
2018-12-12,23.7,25.4,23.7,25.2,81596
2018-12-13,25.5,26.1,25.2,25.9,89216
2018-12-17,26.2,26.3,25.4,25.7,19300
2018-12-18,25.9,26.0,25.6,25.8,57535
2018-12-19,26.2,28.0,26.2,27.6,182278
2018-12-20,27.9,28.1,27.3,28.0,82290
2018-12-23,28.0,28.2,26.2,27.7,229630
2018-12-24,27.0,27.6,26.0,26.2,42918
2018-12-26,26.1,27.6,26.1,27.4,95997
2018-12-27,26.5,28.0,25.1,27.9,215027
2019-01-01,27.9,28.1,27.4,27.5,58386
2019-01-02,27.2,28.4,27.2,27.9,117539
2019-01-03,28.5,29.1,28.4,28.8,88800
2019-01-06,29.7,29.7,28.0,28.3,47808
2019-01-07,28.1,28.5,27.3,28.0,70903
2019-01-08,28.5,29.6,28.4,28.9,138282
2019-01-09,29.0,29.5,28.8,29.0,73217
2019-01-10,29.0,29.5,28.9,29.3,107011
2019-01-13,29.8,31.1,29.7,30.3,196990
2019-01-14,30.5,31.0,29.8,30.4,305568
2019-01-15,30.4,32.4,30.4,32.1,188230
2019-01-16,32.9,33.9,31.0,33.0,327881
2019-01-17,32.0,36.1,32.0,34.3,421846
2019-01-20,34.6,35.1,32.1,33.4,266565
2019-01-21,32.1,34.6,32.1,33.1,257017
2019-01-22,32.2,33.5,32.1,32.2,140681
2019-01-23,32.6,34.5,32.6,34.2,241452
2019-01-24,34.6,36.7,34.4,36.4,526753
2019-01-27,37.5,39.8,36.5,38.0,501676
2019-01-28,38.9,38.9,35.7,36.0,219279
2019-01-29,37.0,37.0,35.3,35.6,199781
2019-01-30,37.0,37.0,34.4,34.7,95949
2019-01-31,34.6,35.5,32.2,33.9,109935
2019-02-03,34.0,36.0,34.0,34.7,162963
2019-02-04,34.2,34.9,32.1,33.2,57467
2019-02-05,32.0,33.9,30.2,31.0,218078
2019-02-06,31.2,32.9,30.0,30.9,137157
2019-02-07,32.0,33.8,31.8,32.5,209840
2019-02-10,32.8,32.8,30.7,30.9,59601
2019-02-11,29.6,33.4,29.6,31.7,75133
2019-02-12,31.7,31.7,30.5,30.9,106037
2019-02-13,30.9,32.5,30.0,32.0,69947
2019-02-14,33.6,35.0,33.0,34.8,495475
2019-02-17,37.0,37.0,33.4,34.0,115838
2019-02-18,33.5,34.0,32.3,32.8,59167
2019-02-19,32.6,34.4,31.1,32.2,41440
2019-02-20,34.2,34.2,31.4,32.1,36549
2019-02-24,32.1,32.1,31.4,31.5,29073
2019-02-25,32.9,32.9,31.8,32.4,101602
2019-02-26,32.0,33.0,32.0,32.7,77882
2019-02-27,33.2,33.2,32.0,32.3,34897
2019-03-03,32.0,32.0,30.3,31.0,35899
2019-03-04,32.4,32.4,30.2,30.7,22693
2019-03-05,30.1,30.3,29.2,29.3,65850
2019-03-06,29.3,30.9,29.3,29.4,15773
2019-03-07,30.0,32.3,29.7,31.9,66791
2019-03-10,32.0,32.2,31.0,32.0,12294
2019-03-11,30.7,32.0,30.7,31.2,5842
2019-03-12,31.0,31.0,30.3,30.5,10179
2019-03-13,30.3,30.4,30.2,30.2,92191
2019-03-14,30.2,30.3,29.2,29.8,34212
2019-03-18,28.6,30.0,27.6,29.1,25107
2019-03-19,29.9,30.3,29.2,29.9,13420
2019-03-20,29.5,30.5,29.5,29.9,33420
2019-03-21,28.8,30.3,28.8,29.9,27786
2019-03-24,29.6,29.6,29.3,29.5,18327
2019-03-25,28.0,30.5,28.0,29.4,72632
2019-03-27,30.0,30.0,30.0,30.0,100
2019-03-28,31.0,31.0,29.4,29.8,1545
2019-03-31,31.5,31.5,29.1,29.2,7258
2019-04-01,29.4,31.2,29.1,31.0,53475
2019-04-02,32.0,32.0,30.5,30.6,47011
2019-04-03,31.2,31.6,30.2,31.2,8495
2019-04-04,30.9,31.1,29.5,30.4,58987
2019-04-07,29.5,29.6,27.9,28.1,111563
2019-04-08,28.2,29.0,28.2,28.5,49763
2019-04-09,28.2,29.5,28.2,28.5,30221
2019-04-10,28.6,28.9,28.1,28.2,11200
2019-04-11,28.9,28.9,28.5,28.8,5033
2019-04-15,30.7,30.7,29.0,29.2,32862
2019-04-16,29.3,29.9,29.2,29.7,26447
2019-04-17,29.8,32.0,29.8,30.9,118714
2019-04-18,30.9,31.9,30.0,30.2,42061
2019-04-21,31.7,31.7,29.8,29.9,24604
2019-04-23,30.6,31.9,29.4,29.6,32616
2019-04-24,29.7,29.9,29.2,29.7,29229
2019-04-25,29.2,30.0,27.2,28.9,20730
2019-04-28,28.5,29.0,27.8,27.9,23268
2019-04-29,28.1,28.8,27.9,28.3,10482
2019-04-30,28.3,29.7,28.2,28.7,10987
2019-05-02,29.0,29.2,28.7,28.9,49032
2019-05-05,29.8,31.0,29.3,30.1,66907
2019-05-06,30.5,31.4,30.1,30.7,67597
2019-05-07,30.3,30.9,30.0,30.1,31540
2019-05-08,33.0,33.0,29.9,30.1,50254
2019-05-09,30.7,30.9,30.2,30.4,33623
2019-05-12,30.5,31.2,30.5,31.0,41265
2019-05-13,31.2,31.2,30.7,31.0,82511
2019-05-14,30.2,31.2,30.2,31.1,162019
2019-05-15,31.1,33.4,30.8,32.6,201408
2019-05-19,30.9,32.6,29.7,31.3,117854
2019-05-20,30.0,31.3,30.0,30.1,28746
2019-05-21,29.5,30.5,29.5,30.2,51315
2019-05-22,30.2,31.4,30.1,31.2,45562
2019-05-23,31.2,31.6,30.2,30.7,92587
2019-05-26,30.7,32.3,30.7,31.6,52870
2019-05-27,31.8,32.3,31.3,31.6,30361
2019-05-28,31.6,32.5,31.6,32.1,60949
2019-05-29,32.0,33.3,31.8,32.4,138321
2019-05-30,32.4,33.9,32.4,33.3,245364
2019-06-09,33.5,34.4,32.1,32.6,2581
2019-06-10,31.2,34.2,31.1,34.1,80561
2019-06-11,34.1,35.4,34.0,34.8,129931
2019-06-12,34.8,35.4,33.8,35.3,101614
2019-06-13,36.0,36.3,34.3,35.6,78504
2019-06-16,35.8,39.1,35.8,38.2,684401
2019-06-17,38.2,41.0,38.2,39.5,284503
2019-06-18,40.0,40.5,36.1,37.2,945769
2019-06-19,36.8,38.9,36.1,38.4,349720
2019-06-20,38.2,39.0,36.7,38.0,224593
2019-06-23,38.0,39.0,35.5,36.8,257997
2019-06-24,36.1,37.4,35.4,36.9,319226
2019-06-25,36.1,37.5,36.1,36.1,122998
2019-06-26,36.1,37.0,35.6,35.8,30217
2019-06-27,36.0,39.3,36.0,39.3,234664
2019-06-30,39.3,40.5,38.5,39.9,233145
2019-07-02,39.8,40.0,38.0,39.1,281883
2019-07-03,38.1,39.8,38.1,39.6,25812
2019-07-04,40.0,40.0,38.1,38.5,18776
2019-07-07,37.4,38.5,37.3,37.7,16077
2019-07-08,36.7,39.0,36.7,37.8,9997
2019-07-09,38.0,38.2,37.0,37.5,20735
2019-07-10,37.1,38.0,37.0,37.5,33265
2019-07-11,37.7,39.8,37.7,39.3,64691
2019-07-14,39.6,39.7,36.4,37.0,42036
2019-07-15,36.8,37.1,36.0,36.8,40553
2019-07-16,35.0,38.0,35.0,37.4,8396
2019-07-17,38.0,38.8,36.7,36.9,12582
2019-07-18,36.2,37.9,36.0,37.7,40961
2019-07-21,36.4,37.4,36.1,36.6,21464
2019-07-22,36.0,37.4,35.9,37.1,107002
2019-07-23,36.3,37.7,36.3,37.2,23110
2019-07-24,37.0,37.2,36.7,36.8,7524
2019-07-25,37.2,37.3,36.3,37.2,69151
2019-07-28,36.8,36.8,35.8,36.3,17651
2019-07-29,35.7,36.9,35.7,36.2,10091
2019-07-30,36.8,36.9,35.6,35.8,13771
2019-07-31,35.8,35.8,33.6,34.2,20885
2019-08-01,34.0,34.5,34.0,34.2,10699
2019-08-04,34.3,34.5,34.0,34.3,7867
2019-08-05,34.0,35.0,33.6,33.8,13824
2019-08-06,33.2,34.5,33.2,34.5,5410
2019-08-07,34.5,36.8,34.5,36.1,66331
2019-08-08,36.0,36.8,35.6,36.2,22265
2019-08-18,36.2,39.0,36.2,38.4,69771
2019-08-19,38.9,39.0,37.0,38.3,23001
2019-08-20,38.9,39.0,37.0,37.6,27914
2019-08-21,37.1,38.2,37.1,37.6,5554
2019-08-22,37.5,37.9,37.4,37.7,14633
2019-08-25,37.0,38.0,37.0,37.7,16499
2019-08-26,37.7,38.0,37.4,37.9,13200
2019-08-27,38.0,38.0,37.1,37.3,29817
2019-08-28,37.0,37.5,37.0,37.3,19000
2019-08-29,37.0,37.3,36.8,37.1,16686
2019-09-01,37.9,37.9,36.5,37.1,16139
2019-09-02,36.0,37.4,36.0,37.1,26209
2019-09-03,37.0,37.0,36.9,37.0,100749
2019-09-04,36.0,37.5,36.0,37.3,20767
2019-09-05,38.0,39.3,38.0,39.1,49195
2019-09-08,39.4,40.1,39.0,39.5,40593
2019-09-09,38.5,39.5,38.5,39.1,6034
2019-09-11,38.4,39.2,38.4,38.7,45857
2019-09-12,38.7,39.0,38.2,38.7,70835
2019-09-15,37.9,40.0,37.8,39.0,82934
2019-09-16,39.4,39.4,38.7,39.0,10932
2019-09-17,38.6,38.6,38.6,38.6,43932
2019-09-18,38.2,39.8,38.2,39.5,24931
2019-09-19,39.5,39.9,38.9,39.0,35774
2019-09-22,39.2,39.3,39.0,39.1,11826
2019-09-23,38.6,39.6,38.6,39.4,15543
2019-09-24,39.7,39.9,39.5,39.8,39374
2019-09-25,40.0,42.2,39.7,42.0,184038
2019-09-26,43.9,44.8,41.8,42.4,236115
2019-09-29,42.4,42.8,41.0,41.2,84781
2019-09-30,41.4,41.5,39.0,39.8,121496
2019-10-01,39.9,40.5,38.7,39.8,16371
2019-10-02,40.0,40.5,39.5,40.1,187890
2019-10-03,39.5,41.4,39.0,40.6,9260
2019-10-06,39.3,41.0,39.3,40.4,119070
2019-10-07,40.4,41.0,40.0,40.4,7315
2019-10-09,40.2,40.2,39.5,40.0,6997
2019-10-10,40.0,40.2,39.0,39.2,13282
2019-10-13,39.2,39.5,38.0,38.0,33825
2019-10-14,36.5,39.9,36.5,38.5,7775
2019-10-15,38.5,40.0,38.3,39.2,10300
2019-10-16,39.6,40.0,37.6,39.5,16853
2019-10-17,39.6,41.0,39.6,40.5,19999
2019-10-20,40.6,41.0,40.0,40.4,20165
2019-10-21,40.6,40.6,39.0,39.6,16666
2019-10-22,39.8,40.0,38.8,40.0,5093
2019-10-23,37.5,40.8,37.5,40.4,5397
2019-10-24,40.6,40.7,39.2,39.9,5833
2019-10-27,40.0,40.0,38.9,39.1,25948
2019-10-28,38.8,40.0,38.8,39.6,15171
2019-10-29,39.8,41.0,39.1,39.3,8183
2019-10-30,38.2,38.3,37.0,37.1,38609
2019-10-31,37.5,37.5,37.2,37.4,4385
2019-11-03,37.5,37.7,37.5,37.6,3860
2019-11-04,37.1,39.0,37.1,37.6,3901
2019-11-05,37.4,37.8,37.4,37.5,3411
2019-11-06,37.8,37.9,37.8,37.8,760
2019-11-07,37.2,39.1,37.2,38.9,1846
2019-11-11,38.5,38.5,38.5,38.5,765
2019-11-12,38.5,40.5,38.5,39.6,19190
2019-11-13,38.9,40.3,38.9,40.2,20803
2019-11-14,40.2,40.2,39.0,40.0,16494
2019-11-17,39.6,40.0,39.6,39.9,9570
2019-11-18,39.0,40.5,39.0,40.4,20508
2019-11-19,40.4,40.4,39.6,40.0,6844
2019-11-20,41.5,41.5,40.0,40.5,58861
2019-11-21,39.9,40.0,39.5,40.0,49949
2019-11-24,40.0,40.0,39.0,39.0,20020
2019-11-25,39.0,40.0,38.0,39.9,52430
2019-11-26,39.8,39.8,38.5,39.2,3212
2019-11-27,39.2,39.2,38.7,39.0,2264
2019-11-28,39.0,39.4,38.6,39.4,5177
2019-12-01,39.4,39.4,38.3,38.6,6207
2019-12-02,38.6,39.9,38.1,39.1,10117
2019-12-03,38.6,38.6,38.3,38.3,4076
2019-12-04,38.0,38.0,38.0,38.0,28
2019-12-05,38.1,38.2,37.5,37.7,1879
2019-12-08,37.2,38.1,37.1,37.1,2346
2019-12-09,37.1,37.7,37.1,37.1,4057
2019-12-10,37.2,37.2,36.5,37.0,8823
2019-12-11,37.2,37.2,37.0,37.0,1833
2019-12-12,37.2,37.6,36.7,37.0,9704
2019-12-15,37.4,37.8,37.0,37.2,1111
2019-12-17,37.2,37.2,37.0,37.0,4503
2019-12-18,36.40000153,37.0,36.40000153,36.5,51937
2019-12-19,36.70000076,36.70000076,36.70000076,36.70000076,58
2019-12-22,36.6,37.0,36.6,36.9,2779
2019-12-23,38.4,38.4,36.6,36.8,39
2019-12-24,36.7,36.7,34.5,34.5,28951
2019-12-26,34.0,37.9,34.0,37.6,1679
2019-12-29,34.7,35.6,34.7,35.5,48806
2019-12-30,34.6,39.0,34.6,38.5,6140
2020-01-01,37.0,38.9,37.0,38.3,473
2020-01-02,38.3,38.3,37.0,37.1,360
2020-01-05,38.9,39.0,38.0,38.9,1180
2020-01-06,37.6,38.5,37.6,37.7,2751
2020-01-07,36.2,37.2,36.2,37.1,1151
2020-01-08,38.4,38.4,36.4,38.0,234
2020-01-09,36.3,39.4,36.2,37.8,3658
2020-01-12,37.1,39.4,36.9,38.0,837
2020-01-13,37.0,37.0,36.5,37.0,5430
2020-01-14,35.5,36.1,35.5,36.0,4681
2020-01-19,37.5,39.0,36.3,38.0,301
2020-01-20,37.1,37.1,37.0,37.1,2611
2020-01-21,38.7,38.7,36.5,36.5,1256
2020-01-22,38.1,38.1,36.2,37.5,1145
2020-01-23,38.9,39.0,38.8,38.9,4623
2020-01-26,40.0,40.5,38.5,39.7,282
2020-01-27,37.5,37.7,37.5,37.5,2440
2020-01-28,37.5,37.6,37.5,37.6,144
2020-01-29,39.0,39.0,37.5,38.0,3192
2020-01-30,37.3,39.5,37.3,38.0,2062
2020-02-02,37.0,39.9,37.0,39.0,13753
2020-02-04,38.6,39.0,36.9,37.2,5628
2020-02-05,37.1,37.1,37.0,37.0,12722
2020-02-06,36.8,36.8,36.1,36.3,2000
2020-02-09,36.3,36.3,35.2,35.4,610
2020-02-10,35.1,35.8,35.1,35.5,704
2020-02-11,37.9,37.9,37.5,37.6,1093
2020-02-12,38.7,38.9,35.6,36.2,11908
2020-02-13,36.2,38.4,36.2,36.2,4977
2020-02-16,37.2,37.3,37.1,37.2,9243
2020-02-17,37.2,37.9,37.0,37.3,16450
2020-02-18,37.6,37.7,37.0,37.2,20717
2020-02-19,36.6,37.0,36.6,37.0,5497
2020-02-20,38.5,38.5,37.1,37.1,6009
2020-02-23,37.2,38.3,36.5,36.7,14298
2020-02-24,36.7,36.7,35.5,35.9,15233
2020-02-25,36.0,36.0,35.2,35.3,1600
2020-02-26,37.5,38.0,35.3,35.9,14872
2020-02-27,35.7,35.8,35.5,35.8,2614
2020-03-01,35.2,36.0,35.2,35.6,2515
2020-03-02,36.5,37.0,35.1,36.0,1532
2020-03-03,36.5,36.5,35.5,35.8,3268
2020-03-04,35.3,36.0,35.1,36.0,9463
2020-03-05,36.0,36.0,36.0,36.0,5300
2020-03-08,36.1,36.1,35.5,35.6,4437
2020-03-09,35.5,35.5,33.1,34.7,8718
2020-03-10,37.0,37.0,34.1,34.1,141
2020-03-11,34.1,34.1,34.1,34.1,104
2020-03-12,34.1,35.2,34.1,34.7,6609
2020-03-15,31.4,33.0,31.4,32.7,5950
2020-03-16,32.0,32.0,30.0,31.2,8392
2020-03-18,28.2,29.9,28.1,28.2,8134
2020-03-22,32.9,32.9,32.9,32.9,60
2020-03-23,32.8,32.8,32.2,32.5,1487
2020-03-24,32.2,32.2,32.2,32.2,1500
2020-03-25,32.2,32.2,32.2,32.2,101
2020-06-01,32.2,32.2,32.2,32.2,18000
2020-06-02,32.2,32.2,32.2,32.2,778
2020-06-03,32.2,32.2,32.2,32.2,5228
2020-06-04,32.2,32.3,32.2,32.2,561
2020-06-07,32.2,32.2,32.2,32.2,2566
2020-06-08,32.2,32.2,32.2,32.2,12542
2020-06-09,32.2,32.2,32.2,32.2,7059
2020-06-10,32.2,32.2,32.2,32.2,4130
2020-06-16,32.2,32.2,32.2,32.2,11000
2020-06-17,32.2,32.2,32.2,32.2,4984
2020-06-21,32.2,32.2,32.2,32.2,171
2020-06-22,32.2,32.2,32.2,32.2,1801
2020-06-24,32.2,33.5,32.2,32.4,1686
2020-06-25,32.2,32.2,32.2,32.2,1321
2020-06-28,32.2,32.2,32.2,32.2,42810
2020-07-06,32.2,32.2,32.2,32.2,1383
2020-07-07,32.2,32.2,32.2,32.2,1283
2020-07-08,32.2,34.5,32.2,32.2,61152
2020-07-09,32.2,33.9,32.2,32.7,14574
2020-07-12,32.3,32.3,32.2,32.2,9003
2020-07-13,33.8,33.8,32.2,32.2,15554
2020-07-14,32.2,32.6,32.2,32.2,15515
2020-07-15,32.2,32.7,32.2,32.2,22234
2020-07-16,32.2,32.8,32.2,32.6,4552
2020-07-19,32.6,35.8,32.6,35.7,71956
2020-07-20,35.8,37.0,34.3,36.6,121848
2020-07-21,37.5,38.7,36.7,37.7,52028
2020-07-22,38.4,38.4,35.0,36.0,30234
2020-07-23,35.9,37.3,35.5,35.5,65468
2020-07-26,37.9,43.0,37.9,41.0,765619
2020-07-27,41.2,45.0,41.2,45.0,673578
2020-07-28,45.2,46.7,45.0,45.5,492371
2020-07-29,45.5,48.9,45.0,48.4,870034
2020-07-30,48.8,49.5,47.1,49.3,550860
2020-08-03,49.5,52.5,48.1,49.4,744762
2020-08-04,49.8,50.8,47.6,50.3,459788
2020-08-05,50.3,54.8,50.3,54.6,1202080
2020-08-06,54.8,59.9,52.0,52.9,765754
2020-08-09,52.9,55.5,51.1,52.4,533295
2020-08-10,51.6,53.1,50.5,50.6,475626
2020-08-12,51.0,51.7,48.0,48.8,495881
2020-08-13,50.5,53.6,49.5,53.6,872637
2020-08-16,54.0,58.0,53.0,53.1,1077627
2020-08-17,54.4,54.8,49.1,50.4,874101
2020-08-18,51.0,53.2,50.7,51.7,695782
2020-08-19,51.9,53.8,48.2,49.1,458320
2020-08-20,49.8,49.8,46.0,47.3,237813
2020-08-23,47.3,49.6,47.0,48.9,170254
2020-08-25,47.4,47.5,44.1,44.1,213052
2020-08-26,44.1,46.3,43.0,44.6,225352
2020-08-27,45.2,45.2,43.0,43.6,217363
2020-08-31,44.8,44.9,42.0,42.6,162048
2020-09-01,43.7,43.7,42.0,42.1,156798
2020-09-02,43.8,44.2,42.4,42.9,222039
2020-09-03,43.8,43.8,42.3,42.6,190296
2020-09-06,42.6,43.0,41.5,41.8,141618
2020-09-07,42.3,42.7,41.4,41.8,71453
2020-09-08,42.6,42.6,41.3,41.4,121998
2020-09-09,41.4,43.7,41.4,43.6,227506
2020-09-10,43.7,44.5,42.6,42.7,217732
2020-09-13,43.8,45.1,42.9,43.2,295947
2020-09-14,44.3,47.5,44.0,47.4,541881
2020-09-15,47.3,49.7,44.0,49.2,552267
2020-09-16,49.9,52.0,48.0,48.4,632935
2020-09-17,48.4,48.8,46.5,48.0,186778
2020-09-20,49.9,51.0,48.8,49.5,543263
2020-09-21,49.5,49.5,46.0,46.9,289692
2020-09-22,45.6,48.8,45.5,46.8,145302
2020-09-23,47.5,49.8,47.0,48.4,534358
2020-09-24,49.0,52.4,47.9,52.0,1044730
2020-09-27,52.4,57.2,52.1,55.4,2074478
2020-09-28,55.0,55.4,52.2,53.3,806232
2020-09-29,53.7,54.6,52.8,53.4,471822
2020-09-30,55.5,58.0,54.6,55.9,1100422
2020-10-01,56.5,58.0,55.1,55.4,978934
2020-10-04,55.0,57.4,53.2,56.5,641691
2020-10-05,56.3,58.2,56.2,56.7,947778
2020-10-06,56.7,58.5,53.2,54.5,1054722
2020-10-07,55.0,56.0,53.4,54.6,387204
2020-10-08,54.7,55.1,52.7,53.6,376938
2020-10-11,53.6,55.0,51.6,51.6,501677
2020-10-12,52.7,53.6,47.4,48.8,294490
2020-10-13,50.4,52.0,47.1,49.1,290264
2020-10-14,48.6,49.8,45.0,45.5,171737
2020-10-15,48.4,50.0,45.9,49.9,186855
2020-10-18,51.3,54.0,50.1,51.6,335647
2020-10-19,51.9,53.9,49.7,53.0,380435
2020-10-20,54.9,55.3,52.3,53.1,540229
2020-10-21,54.0,57.3,51.1,56.2,900041
2020-10-22,57.9,59.9,55.1,56.8,1352268
2020-10-25,57.5,58.4,53.1,54.0,487988
2020-10-27,55.0,57.4,52.6,54.6,755529
2020-10-28,56.6,60.0,56.1,60.0,1969316
2020-10-29,61.5,63.4,55.1,56.0,602844
2020-11-01,56.1,60.7,55.0,58.9,1198636
2020-11-02,60.0,60.5,55.8,56.0,435147
2020-11-03,58.6,58.7,54.0,56.6,350224
2020-11-04,57.0,59.2,56.7,58.0,955574
2020-11-05,59.2,61.5,58.0,58.5,869951
2020-11-08,58.6,59.8,55.3,55.3,702918
2020-11-09,55.8,56.7,52.5,54.0,309707
2020-11-10,55.9,56.5,52.6,53.6,207011
2020-11-11,55.0,56.0,50.1,51.1,314272
2020-11-12,53.8,55.5,50.2,54.9,225547
2020-11-15,55.0,56.6,49.5,50.5,182584
2020-11-16,53.8,53.9,51.0,51.2,151409
2020-11-17,51.2,52.7,49.7,50.3,84308
2020-11-18,51.5,52.0,49.1,50.2,55594
2020-11-19,49.2,50.3,48.3,49.1,16600
2020-11-22,50.8,50.8,48.3,48.9,77475
2020-11-23,51.4,52.4,48.2,52.2,92438
2020-11-24,52.3,53.8,51.1,51.6,114196
2020-11-25,52.5,56.7,52.3,56.1,272788
2020-11-26,57.3,61.7,56.3,61.7,2343682
2020-11-29,65.5,67.8,65.5,67.8,1409733
2020-11-30,72.0,74.0,66.0,67.8,2554118
2020-12-01,69.0,71.8,68.0,71.4,3108159
2020-12-02,74.8,76.9,72.0,73.5,2054195
2020-12-03,74.2,75.4,72.0,72.7,2333808
2020-12-06,73.0,73.4,68.1,69.2,1252172
2020-12-07,69.9,71.3,67.6,68.4,1207133
2020-12-08,69.9,72.2,68.2,69.4,920328
2020-12-09,70.1,70.7,66.7,67.1,889125
2020-12-10,67.2,68.9,66.7,67.4,1199093
2020-12-13,66.2,66.9,63.2,64.2,562777
2020-12-14,64.0,65.5,64.0,64.3,746147
2020-12-15,64.6,65.9,62.8,63.1,425551
2020-12-17,64.5,64.5,62.2,62.8,219603
2020-12-20,64.0,66.5,62.5,65.4,486624
2020-12-21,65.9,68.5,62.1,63.6,789562
2020-12-22,63.0,65.1,63.0,63.7,785747
2020-12-23,65.7,66.3,63.7,64.2,763400
2020-12-24,65.0,69.5,65.0,69.0,1534199
2020-12-27,69.6,69.9,66.0,66.7,693420
2020-12-28,67.4,67.4,62.6,63.2,564874
2020-12-29,65.5,65.5,62.7,63.9,455291
2020-12-30,64.9,65.8,62.6,63.3,659491
2021-01-03,64.9,64.9,61.8,62.9,417688
2021-01-04,64.0,65.5,61.1,61.6,575646
2021-01-05,62.6,62.8,58.5,60.4,770803
2021-01-06,60.0,60.9,58.3,58.6,564166
2021-01-07,58.5,60.3,57.5,59.4,340030
2021-01-10,60.3,60.3,56.3,57.7,271071
2021-01-11,58.0,58.8,54.2,56.6,386168
2021-01-12,58.7,59.9,55.2,56.0,322162
2021-01-13,55.2,57.2,52.5,53.6,292268
2021-01-14,54.0,55.6,52.0,54.0,318710
2021-01-17,52.7,56.5,52.7,53.2,288881
2021-01-18,53.5,54.5,52.3,53.0,159322
2021-01-19,55.2,58.3,55.2,58.3,254849
2021-01-20,61.0,61.0,53.2,55.0,488255
2021-01-21,55.0,55.0,52.3,53.7,492739
2021-01-24,53.1,55.8,52.6,55.0,186538
2021-01-25,55.1,57.9,53.0,53.4,621682
2021-01-26,55.0,55.0,52.8,53.1,322704
2021-01-27,54.0,54.3,52.7,52.8,179910
2021-01-28,54.5,54.5,52.1,52.4,94344
2021-01-31,53.4,54.0,51.2,51.5,155493
2021-02-01,52.7,54.5,51.4,53.2,120968
2021-02-02,54.3,54.3,51.4,51.7,100440
2021-02-03,52.5,52.6,50.1,51.0,161605
2021-02-04,50.7,52.0,50.7,51.1,51897
2021-02-07,52.9,53.1,51.0,51.9,108029
2021-02-08,51.3,52.4,48.8,49.1,184441
2021-02-09,51.0,51.5,49.2,50.9,78058
2021-02-10,50.6,51.2,48.5,49.7,43191
2021-02-11,50.5,50.5,48.3,48.4,56902
2021-02-14,47.5,49.4,47.1,47.3,181109
2021-02-15,48.5,49.6,47.6,48.9,104401
2021-02-16,50.5,50.5,46.5,47.1,123187
2021-02-17,49.5,51.6,48.0,50.9,184323
2021-02-18,51.5,52.0,48.5,50.2,167009
2021-02-22,50.7,51.8,49.1,49.8,110056
2021-02-23,50.2,51.7,48.2,49.1,71181
2021-02-24,50.8,50.8,49.0,50.1,19649
2021-02-25,51.0,52.2,50.9,51.9,128724
2021-02-28,52.1,52.3,49.1,51.1,70927
2021-03-01,51.8,51.8,49.2,49.5,30789
2021-03-02,49.5,50.8,49.1,49.6,80219
2021-03-03,49.6,51.5,49.6,51.2,57079
2021-03-04,50.0,51.8,49.1,51.0,65331
2021-03-07,51.5,52.9,51.1,52.4,75819
2021-03-08,52.4,52.9,51.2,52.4,57046
2021-03-09,52.4,52.4,50.2,50.6,82063
2021-03-10,51.9,51.9,49.9,50.1,47734
2021-03-11,51.4,51.7,48.8,49.2,112683
2021-03-14,49.2,51.0,48.0,48.2,141499
2021-03-15,48.3,49.5,46.0,47.4,56696
2021-03-16,48.8,48.8,46.1,46.6,47822
2021-03-18,48.0,48.9,44.9,45.4,135484
2021-03-21,45.4,45.4,42.2,43.7,117994
2021-03-22,45.0,46.7,43.5,45.3,41022
2021-03-23,46.5,48.2,44.2,47.7,169261
2021-03-24,48.4,48.4,45.4,45.5,98710
2021-03-25,46.0,47.0,45.1,45.3,66719
2021-03-28,47.0,47.7,45.8,47.7,53142
2021-03-29,47.8,48.9,47.3,47.8,124864
2021-03-31,48.7,48.7,45.7,46.6,136998
2021-04-01,45.2,47.4,45.2,47.3,24034
2021-04-04,45.0,47.8,44.4,45.6,166551
2021-04-05,46.0,46.8,45.1,45.4,30791
2021-04-06,47.7,49.5,46.2,49.0,176738
2021-04-07,50.0,51.8,49.3,50.5,179778
2021-04-08,49.0,53.9,49.0,52.1,227227
2021-04-11,53.0,53.3,50.1,51.3,159752
2021-04-12,52.0,54.5,50.9,53.6,214637
2021-04-13,53.2,56.2,52.0,55.8,361197
2021-04-15,57.9,57.9,53.0,54.4,227209
2021-04-18,52.4,55.2,52.4,54.0,88789
2021-04-19,53.9,58.5,53.6,56.5,319715
2021-04-20,58.4,59.0,55.3,56.0,353659
2021-04-21,56.4,61.6,55.0,60.8,910522
2021-04-22,62.0,63.2,61.0,61.5,612521
2021-04-25,61.9,62.8,60.0,60.6,715083
2021-04-26,60.1,60.4,58.5,60.0,217402
2021-04-27,58.0,60.9,58.0,59.1,240152
2021-04-28,60.8,62.4,59.8,61.5,497977
2021-04-29,62.9,64.0,60.2,63.6,1035654
2021-05-02,64.5,67.0,64.0,64.9,856606
2021-05-03,65.3,66.3,63.0,63.9,672287
2021-05-04,64.1,67.9,64.0,66.1,1298990
2021-05-05,67.6,67.6,63.4,64.8,642070
2021-05-06,66.4,66.4,62.5,63.1,474907
2021-05-09,62.0,63.0,58.7,60.2,333654
2021-05-11,61.5,63.0,60.8,62.7,275129
2021-05-12,63.0,64.0,60.8,62.8,460247
2021-05-16,63.0,68.0,63.0,65.7,1319986
2021-05-17,65.4,66.5,64.0,65.2,767457
2021-05-18,66.0,68.0,64.8,66.5,1403214
2021-05-19,65.5,73.1,65.5,69.4,1719265
2021-05-20,69.5,70.8,66.7,69.6,862491
2021-05-23,70.7,76.3,70.3,75.4,1615742
2021-05-24,78.4,82.3,75.6,80.2,2140639
2021-05-25,80.5,84.9,79.2,80.8,1716244
2021-05-27,81.9,87.0,80.0,85.8,1535046
2021-05-30,89.0,89.0,80.3,86.1,1560664
2021-05-31,85.5,86.2,81.0,81.8,832126
2021-06-01,86.0,99.5,86.0,98.9,3596890
2021-06-02,102.9,108.2,97.0,101.4,2191804
2021-06-03,101.0,108.5,97.2,105.8,2343933
2021-06-06,108.9,109.0,96.2,98.6,1743134
2021-06-07,99.9,102.9,95.0,97.7,951742
2021-06-08,100.0,105.8,100.0,104.6,1250046
2021-06-09,105.0,109.6,100.0,107.3,1886579
2021-06-10,109.0,114.9,105.0,108.4,1856321
2021-06-13,110.2,114.0,101.6,111.9,2187139
2021-06-14,112.4,117.9,111.6,116.9,2995349
2021-06-15,121.4,128.5,120.1,127.9,3259197
2021-06-16,129.9,132.0,122.0,123.2,1571195
2021-06-17,124.5,126.7,117.7,118.4,1177237
2021-06-20,118.9,119.9,113.0,115.1,980235
2021-06-21,117.4,120.0,116.1,118.5,995057
2021-06-22,120.0,120.0,108.0,112.0,1047313
2021-06-23,110.1,112.0,100.8,102.1,851768
2021-06-24,102.5,111.9,100.2,110.5,791048
2021-06-27,109.0,110.0,100.1,101.1,457324
2021-06-28,104.9,105.0,100.2,100.8,261175
2021-06-29,102.0,102.5,95.8,98.9,313147
2021-07-05,103.3,107.7,101.5,102.9,394648
2021-07-06,103.2,104.0,95.5,96.7,256360
2021-07-07,98.5,99.6,93.6,94.4,175922
2021-07-08,95.2,96.5,92.4,95.2,358083
2021-07-12,97.8,97.8,91.1,92.4,237300
2021-07-13,93.1,94.4,92.5,92.8,241642
2021-07-14,94.4,96.5,93.3,96.3,424566
2021-07-15,97.8,97.8,94.5,95.3,273871
2021-07-18,98.8,99.4,94.0,95.2,239181
2021-07-19,94.4,98.2,93.0,97.0,625638
2021-07-25,97.3,100.5,95.2,96.1,241930
2021-07-26,96.1,96.8,93.5,93.9,207235
2021-07-27,95.7,98.5,94.1,94.6,988938
2021-07-28,97.3,97.6,94.7,95.2,315663
2021-07-29,96.8,96.8,92.0,92.7,394098
2021-08-02,93.0,95.0,91.8,92.9,440078
2021-08-03,94.5,94.5,92.0,92.1,241461
2021-08-05,93.5,94.9,92.2,93.5,418628
2021-08-09,94.0,94.0,85.5,90.3,320312
2021-08-10,90.5,91.6,89.0,89.7,393002
2021-08-11,89.6,91.0,88.1,88.5,302687
2021-08-12,88.7,89.2,86.0,86.4,410055
2021-08-16,87.0,87.0,82.0,82.4,371809
2021-08-17,83.1,89.0,83.1,88.4,528245
2021-08-18,90.0,91.4,86.0,87.8,372180
2021-08-19,89.9,91.3,89.2,90.0,504203
2021-08-22,90.2,90.5,86.2,90.0,403111
2021-08-23,91.0,92.8,90.0,91.0,592237
2021-08-24,91.4,92.0,89.7,90.6,233317
2021-08-25,91.5,94.7,86.0,92.8,796505
2021-08-26,94.6,94.6,90.5,90.9,168565
2021-08-29,91.0,93.4,90.5,91.1,390060
2021-08-31,92.0,93.0,90.6,92.2,363303
2021-09-01,92.7,99.0,92.1,97.5,1162419
2021-09-02,98.8,99.8,96.6,97.0,516451
2021-09-05,97.0,99.0,95.0,95.5,430120
2021-09-06,97.5,97.9,94.5,95.1,275240
2021-09-07,95.3,97.0,94.6,95.2,360646
2021-09-08,96.9,96.9,94.1,94.5,145188
2021-09-09,96.8,96.8,94.5,94.9,302883
2021-09-12,97.9,97.9,93.4,94.3,421945
2021-09-13,94.3,96.9,93.0,93.9,198714
2021-09-14,92.5,95.6,92.5,94.8,276211
2021-09-15,95.5,95.8,92.6,93.0,256964
2021-09-16,94.7,96.5,93.0,94.0,242345
2021-09-19,93.8,96.5,93.0,95.0,464166
2021-09-20,95.3,97.3,95.3,96.4,276146
2021-09-21,97.3,99.4,95.2,96.1,431201
2021-09-22,95.1,97.0,94.1,94.4,161655
2021-09-23,95.9,95.9,93.1,93.8,146621
2021-09-26,93.4,95.8,92.8,93.4,239622
2021-09-27,93.4,94.9,92.0,94.1,281228
2021-09-28,94.9,95.0,93.4,94.4,300627
2021-09-29,95.3,95.9,93.0,94.6,216240
2021-09-30,93.5,95.9,92.6,94.9,238223
2021-10-03,94.5,94.7,89.9,91.2,163940
2021-10-04,92.5,93.8,88.1,88.9,224927
2021-10-05,91.0,91.6,85.0,86.0,117997
2021-10-06,86.1,91.0,83.7,83.8,219982
2021-10-07,87.0,88.0,84.0,86.7,124417
2021-10-10,89.0,89.0,87.1,88.3,108868
2021-10-11,88.1,88.8,88.0,88.5,129324
2021-10-12,90.9,90.9,88.0,89.4,107313
2021-10-13,91.0,92.8,89.6,91.3,165639
2021-10-14,91.6,91.8,88.2,91.0,116766
2021-10-17,89.4,90.4,85.0,85.6,180107
2021-10-18,85.7,89.9,85.3,85.5,68961
2021-10-19,85.5,89.0,85.0,85.8,71893
2021-10-21,86.5,86.9,83.8,84.3,60267
2021-10-24,85.8,85.8,83.0,83.2,302314
2021-10-25,82.2,84.8,79.0,81.3,75436
2021-10-26,83.9,85.8,81.7,82.6,210085
2021-10-27,84.0,87.0,83.8,86.1,131827
2021-10-28,88.5,91.1,86.9,89.9,213507
2021-10-31,91.2,92.0,89.2,89.5,245776
2021-11-01,89.7,92.0,89.7,90.6,79798
2021-11-02,91.5,91.7,88.8,89.5,170690
2021-11-03,89.6,90.7,87.0,87.5,72031
2021-11-04,88.1,89.7,86.9,87.5,92366
2021-11-07,89.8,89.8,85.0,85.4,59540
2021-11-08,86.0,86.0,82.6,83.0,69955
2021-11-09,84.6,84.6,83.1,83.6,23519
2021-11-10,84.4,85.0,83.9,84.6,27657
2021-11-11,86.0,86.5,83.0,83.5,70854
2021-11-14,85.9,85.9,83.0,83.2,22630
2021-11-15,83.1,84.0,82.8,83.1,56057
2021-11-16,85.5,85.8,83.5,85.5,56632
2021-11-17,85.5,90.0,85.5,88.5,161234
2021-11-18,88.4,89.4,84.8,85.0,125280
2021-11-21,85.0,88.3,85.0,85.6,68199
2021-11-22,87.5,87.5,84.6,85.1,46488
2021-11-23,87.0,87.0,84.4,85.3,83790
2021-11-24,85.2,86.0,85.2,85.7,62238
2021-11-25,85.8,86.7,84.2,85.6,61795
2021-11-28,86.9,88.4,82.0,83.0,109109
2021-11-29,85.3,85.3,82.0,82.5,26270
2021-11-30,82.7,83.0,79.1,80.8,62581
2021-12-01,84.7,84.7,81.3,82.5,27391
2021-12-02,79.5,82.9,79.2,82.1,46890
2021-12-05,84.5,87.2,83.0,85.6,95204
2021-12-06,87.0,87.1,85.4,85.9,28838
2021-12-07,87.0,87.0,85.0,85.3,54840
2021-12-08,86.3,86.3,84.0,84.1,103129
2021-12-09,85.0,87.0,82.8,83.8,58481
2021-12-12,86.5,86.5,83.0,83.1,27510
2021-12-13,83.3,84.5,82.2,83.0,32865
2021-12-14,84.7,85.3,83.1,83.1,46791
2021-12-15,84.9,84.9,83.1,83.8,133986
2021-12-19,82.3,87.0,82.3,86.0,97504
2021-12-20,86.5,88.0,85.9,86.2,108723
2021-12-21,86.0,87.7,85.0,86.7,145791
2021-12-22,86.8,88.7,86.6,87.8,224953
2021-12-23,88.7,92.0,88.5,89.9,281302
2021-12-26,90.1,92.0,88.1,89.9,193108
2021-12-27,90.4,91.2,89.0,89.3,151258
2021-12-28,91.1,91.6,90.0,90.1,218423
2021-12-29,89.6,91.7,89.2,90.2,185575
2021-12-30,90.2,92.0,90.2,91.5,210830
2022-01-02,92.5,93.0,91.7,92.6,80580
2022-01-03,92.6,94.0,91.8,92.0,172229
2022-01-04,91.6,93.7,91.2,91.4,93102
2022-01-05,91.0,92.7,90.0,90.7,142308
2022-01-06,92.6,92.6,88.6,88.9,105291
2022-01-09,88.9,89.7,86.9,87.0,99576
2022-01-10,88.0,88.8,83.3,85.7,104681
2022-01-11,88.0,88.0,85.8,86.5,83558
2022-01-12,88.0,88.0,85.7,86.0,42428
2022-01-13,86.0,88.0,86.0,86.6,14319
2022-01-16,87.0,87.0,83.2,85.1,194137
2022-01-17,87.3,88.7,85.0,88.2,89951
2022-01-18,88.8,90.9,87.0,89.1,177884
2022-01-19,88.9,90.0,86.5,87.5,46737
2022-01-20,89.0,89.0,85.9,87.9,29665
2022-01-23,89.4,90.8,87.7,89.9,110175
2022-01-24,90.3,91.8,88.6,89.2,116381
2022-01-25,89.2,90.8,88.2,88.9,36998
2022-01-26,90.7,90.7,87.7,88.7,25271
2022-01-27,87.3,89.9,87.3,88.5,28379
2022-01-30,90.9,90.9,88.5,89.5,28824
2022-01-31,89.6,89.6,87.1,88.0,96331
2022-02-01,88.0,88.0,86.7,86.8,41331
2022-02-02,85.3,90.5,85.1,88.2,50476
2022-02-03,90.0,90.0,87.3,87.8,66156
2022-02-06,90.0,95.5,89.5,93.4,287314
2022-02-07,95.0,96.0,90.4,92.3,228286
2022-02-08,95.0,95.0,92.3,92.8,142239
2022-02-09,94.5,94.5,91.2,91.7,128876
2022-02-10,93.0,93.0,90.9,91.3,138774
2022-02-13,93.0,93.9,90.1,90.4,123116
2022-02-14,90.1,91.9,88.3,89.9,48913
2022-02-15,91.1,91.1,86.4,86.9,35383
2022-02-16,88.9,91.9,86.5,86.7,54779
2022-02-17,88.7,88.7,85.4,85.6,68431
2022-02-20,85.1,85.9,84.0,84.3,24470
2022-02-22,84.6,86.0,84.5,85.2,37335
2022-02-23,87.8,87.8,84.6,85.1,26889
2022-02-24,84.1,85.3,82.9,83.1,49953
2022-02-27,83.1,83.1,76.0,77.7,56098
2022-02-28,78.8,82.0,78.0,80.0,21413
2022-03-01,83.1,83.1,81.4,81.4,42633
2022-03-02,78.7,80.5,78.6,80.2,13958
2022-03-03,80.2,81.0,79.6,80.7,14952
2022-03-06,80.0,80.0,78.0,78.1,16290
2022-03-07,78.1,80.0,73.1,73.9,36677
2022-03-08,71.3,73.5,67.5,70.4,92220
2022-03-09,71.9,76.7,71.9,75.2,52916
2022-03-10,76.9,78.9,76.0,76.7,59624
2022-03-13,78.0,79.0,76.1,77.2,50038
2022-03-14,77.2,78.0,76.5,77.7,32037
2022-03-15,77.0,77.5,76.2,76.5,29063
2022-03-16,77.0,77.9,75.0,75.2,39656
2022-03-20,77.9,78.8,75.3,75.3,32697
2022-03-21,76.0,77.0,75.7,76.4,15697
2022-03-22,77.9,78.2,77.0,77.5,46760
2022-03-23,77.5,77.9,77.0,77.6,7284
2022-03-24,76.1,78.9,76.1,77.9,54369
2022-03-27,77.2,77.7,76.5,76.6,43368
2022-03-28,77.0,79.0,75.3,76.1,100251
2022-03-29,78.0,78.0,76.0,76.4,54942
2022-03-30,76.1,84.0,75.3,82.4,168717
2022-03-31,84.5,86.0,82.5,85.4,198658
2022-04-03,86.1,86.8,83.7,83.9,98595
2022-04-04,83.0,85.7,82.5,82.7,56378
2022-04-05,84.8,84.9,80.0,80.5,87885
2022-04-06,79.1,80.8,78.9,78.9,73475
2022-04-07,82.0,82.0,77.4,78.5,19315
2022-04-10,81.0,81.0,78.4,79.3,7327
2022-04-11,81.7,85.4,79.8,80.2,161586
2022-04-12,82.4,82.4,78.6,78.9,11429
2022-04-13,80.0,80.0,77.4,77.9,18560
2022-04-17,79.8,79.8,76.4,77.0,7272
2022-04-18,75.8,75.8,75.5,75.5,16460
2022-04-19,78.0,78.1,74.0,76.6,19157
2022-04-20,75.7,77.4,75.2,75.5,51663
2022-04-21,76.0,78.7,76.0,77.9,68843
2022-04-24,81.7,81.7,78.7,80.5,34708
2022-04-25,81.7,82.7,80.0,82.0,53133
2022-04-26,83.1,84.4,82.4,83.5,46221
2022-04-27,82.1,83.2,80.6,80.8,36570
2022-04-28,80.4,82.5,80.4,80.7,28672
2022-05-05,81.0,81.0,80.1,80.3,38886
2022-05-08,81.0,81.0,76.8,77.1,139811
2022-05-09,77.2,79.5,75.4,78.9,222832
2022-05-11,77.6,77.6,75.0,75.0,105848
2022-05-12,75.4,75.4,72.1,73.0,20047
2022-05-16,72.1,73.1,69.4,69.4,38163
2022-05-17,73.4,73.4,66.0,66.4,64135
2022-05-18,70.0,70.0,64.0,64.2,76541
2022-05-19,61.4,64.0,61.3,63.5,34263
2022-05-22,62.2,62.2,60.4,60.5,70361
2022-05-23,63.5,63.5,61.6,62.1,55631
2022-05-24,61.9,62.9,60.0,60.5,17554
2022-05-25,58.1,60.9,57.5,58.4,17730
2022-05-26,61.2,61.2,57.3,58.1,24365
2022-05-29,58.1,63.7,58.1,60.0,55214
2022-05-30,63.5,63.5,59.5,60.5,83921
2022-05-31,61.4,63.0,60.1,61.5,84684
2022-06-01,61.8,62.8,60.9,61.5,72600
2022-06-02,62.0,62.9,61.0,61.6,95824
2022-06-05,65.5,65.5,62.7,63.5,157756
2022-06-06,64.3,69.8,64.3,69.5,360806
2022-06-07,69.7,74.2,68.4,73.5,330685
2022-06-08,73.5,73.5,72.1,72.1,237814
2022-06-09,73.1,73.1,70.7,70.7,32135
2022-06-12,69.3,69.3,69.3,69.3,55501
2022-06-13,68.9,68.9,68.0,68.0,117097
2022-06-14,71.1,71.1,66.7,66.7,135865
2022-06-15,71.4,71.4,66.2,66.5,43084
2022-06-16,67.0,67.4,65.4,66.5,76875
2022-06-19,67.9,67.9,65.2,65.2,37759
2022-06-20,66.3,66.3,63.9,64.0,34685
2022-06-21,66.9,66.9,62.8,62.9,79113
2022-06-22,64.8,64.8,61.8,63.6,34636
2022-06-23,64.5,64.5,62.4,62.4,119087
2022-06-26,65.2,65.2,61.2,61.3,61529
2022-06-27,62.0,62.0,60.1,61.6,111293
2022-06-28,64.2,64.2,61.0,61.7,17416
2022-06-29,61.2,62.3,60.5,60.6,79129
2022-06-30,61.9,65.0,60.0,61.0,19978
2022-07-03,61.2,62.4,59.8,60.5,89392
2022-07-04,60.4,61.6,60.0,60.5,25795
2022-07-05,63.2,64.7,60.4,60.7,27539
2022-07-06,62.3,63.0,60.9,62.1,214941
2022-07-07,63.0,63.0,61.0,61.4,25208
2022-07-12,62.4,62.4,60.4,60.6,11997
2022-07-13,61.3,61.3,59.8,59.8,30541
2022-07-14,62.8,62.8,58.7,58.8,53341
2022-07-17,60.9,60.9,58.2,59.3,21311
2022-07-18,59.0,59.0,58.2,58.2,24377
2022-07-19,57.1,57.1,57.1,57.1,13092
2022-07-20,56.0,58.5,56.0,56.5,57520
2022-07-21,56.5,60.0,56.5,57.7,32740
2022-07-24,57.5,60.0,56.6,57.6,37466
2022-07-25,56.5,58.5,56.5,56.8,33067
2022-07-26,56.8,62.1,56.8,60.3,57741
2022-07-27,60.8,60.8,59.1,59.1,30854
2022-07-28,58.0,59.5,58.0,58.0,33253
2022-07-31,58.5,64.1,58.5,63.7,111304
2022-08-01,66.1,66.1,62.6,62.9,80417
2022-08-02,62.7,64.7,62.0,63.5,56492
2022-08-03,64.0,65.5,62.6,63.1,23460
2022-08-04,63.1,63.1,60.0,61.8,28660
2022-08-07,59.0,61.9,58.6,59.8,49894
2022-08-08,59.8,61.5,59.2,59.5,46216
2022-08-10,59.4,60.4,59.4,59.6,20199
2022-08-11,60.9,60.9,58.3,58.5,36677
2022-08-14,58.6,59.5,58.4,59.1,15115
2022-08-16,59.6,59.6,58.6,59.1,15167
2022-08-17,59.0,61.4,58.8,60.3,26151
2022-08-21,61.5,61.5,59.5,59.8,38711
2022-08-22,59.3,60.4,59.0,59.4,44131
2022-08-23,59.1,60.0,59.0,59.7,36987
2022-08-24,59.1,60.9,59.0,59.0,73085
2022-08-25,60.0,60.2,59.0,59.9,85125
2022-08-28,60.5,63.0,60.5,62.5,60984
2022-08-29,64.5,64.5,62.0,62.2,50513
2022-08-30,61.5,61.5,60.3,60.8,81430
2022-08-31,60.5,62.6,59.0,62.2,129085
2022-09-01,63.8,63.8,61.4,63.3,110241
2022-09-04,63.3,66.9,63.0,65.5,244452
2022-09-05,66.2,67.3,65.5,66.1,241616
2022-09-06,65.5,66.0,64.0,64.6,94469
2022-09-07,65.9,67.3,65.0,66.6,124876
2022-09-08,68.5,68.5,64.0,67.2,105537
2022-09-11,66.8,71.9,63.9,69.7,225372
2022-09-12,70.0,72.5,67.5,68.1,407592
2022-09-13,70.0,70.0,67.0,67.6,31275
2022-09-14,67.5,67.5,65.8,66.0,30222
2022-09-15,64.3,67.0,64.3,65.2,48834
2022-09-18,66.0,68.5,65.8,67.1,33025
2022-09-19,65.7,67.2,64.8,65.0,69633
2022-09-20,63.3,64.6,61.5,62.7,159375
2022-09-21,67.5,67.5,61.7,62.6,36826
2022-09-22,63.9,63.9,61.3,61.7,30203
2022-09-25,63.4,63.4,60.7,61.1,36769
2022-09-26,61.2,62.1,60.3,60.9,29425
2022-09-27,60.7,61.5,60.3,60.7,47523
2022-09-28,60.6,61.0,59.6,59.8,33010
2022-09-29,61.0,61.2,60.0,60.1,20897
2022-10-02,58.5,64.9,58.5,59.8,40092
2022-10-03,59.1,61.4,58.9,58.9,53621
2022-10-04,58.9,59.0,58.5,58.7,39929
2022-10-06,58.7,59.7,58.6,58.7,25820
2022-10-10,60.4,60.4,58.3,58.3,49196
2022-10-11,59.8,59.8,58.5,59.2,7290
2022-10-12,58.3,58.9,58.3,58.3,30757
2022-10-13,58.3,63.0,58.3,61.0,79341
2022-10-16,61.0,63.4,60.4,61.2,88115
2022-10-17,61.0,61.2,59.0,59.1,79415
2022-10-18,58.8,59.9,58.7,59.3,18533
2022-10-19,59.3,59.3,58.3,58.4,41331
2022-10-20,58.4,59.0,58.3,58.5,49872
2022-10-23,58.9,60.3,58.5,58.9,56147
2022-10-24,58.5,60.0,58.3,58.9,27456
2022-10-25,58.9,60.0,58.4,58.5,40529
2022-10-26,58.7,59.5,58.5,59.0,36612
2022-10-27,58.8,63.0,58.3,62.0,132774
2022-10-30,62.6,65.4,61.2,64.7,192663
2022-10-31,63.0,63.0,60.8,61.4,33069
2022-11-01,62.8,63.4,60.1,63.1,49682
2022-11-02,65.0,66.9,62.3,66.1,216425
2022-11-03,66.2,66.2,64.0,65.0,76027
2022-11-06,61.0,66.2,61.0,63.6,59448
2022-11-07,64.4,64.4,61.5,61.8,102694
2022-11-08,61.7,64.0,61.6,62.1,49100
2022-11-09,63.1,63.7,61.7,61.9,59460
2022-11-10,62.8,63.0,61.4,61.6,47192
2022-11-13,62.6,62.6,60.0,60.2,21911
2022-11-14,61.0,61.6,59.0,59.3,36744
2022-11-15,60.0,60.0,59.0,59.5,46430
2022-11-16,60.9,61.9,58.6,60.8,32607
2022-11-17,61.8,63.1,61.0,61.8,71943
2022-11-20,62.5,63.9,61.0,62.5,77187
2022-11-21,62.0,63.8,60.4,60.8,15490
2022-11-22,62.5,62.8,62.0,62.3,32196
2022-11-23,63.9,63.9,61.0,61.1,23631
2022-11-24,63.0,63.0,60.2,61.1,10329
2022-11-27,60.5,61.8,60.3,60.5,19630
2022-11-28,62.4,62.4,58.9,59.3,37618
2022-11-29,61.7,61.7,58.8,59.8,23700
2022-11-30,60.9,60.9,59.2,60.0,14617
2022-12-01,60.0,60.8,59.9,60.1,30647
2022-12-04,61.9,61.9,60.0,60.1,14548
2022-12-05,61.0,61.0,59.8,59.9,12609
2022-12-06,58.3,60.7,58.3,60.2,21733
2022-12-07,61.7,61.7,59.4,60.0,5438
2022-12-08,61.4,61.4,59.5,59.7,15731
2022-12-11,60.0,60.9,59.0,60.2,45778
2022-12-12,59.9,60.9,59.9,60.0,18185
2022-12-13,60.0,61.6,60.0,60.1,82095
2022-12-14,61.2,61.2,59.7,59.7,16804
2022-12-15,59.8,60.3,59.0,59.1,25900
2022-12-18,59.2,59.3,59.0,59.0,12104
2022-12-19,59.0,59.9,58.5,58.6,39234
2022-12-20,58.6,59.0,58.4,58.5,9239
2022-12-21,58.4,58.5,58.3,58.4,63073
2022-12-22,58.4,58.8,58.3,58.4,23406
2022-12-26,58.4,59.0,58.3,58.3,19188
2022-12-27,58.3,58.3,58.3,58.3,4680
2022-12-28,58.3,59.9,58.3,59.6,36000
2022-12-29,59.5,60.0,59.0,59.2,21871
2023-01-01,58.6,59.6,58.5,58.6,15225
2023-01-02,58.4,58.5,58.3,58.3,38242
2023-01-03,58.3,59.1,58.3,58.3,9093
2023-01-04,59.0,59.3,58.5,59.2,21803
2023-01-05,58.5,60.3,58.5,60.0,42092
2023-01-08,60.2,62.3,60.2,61.3,82873
2023-01-09,60.6,61.4,60.2,60.9,34751
2023-01-10,60.3,60.9,60.3,60.6,56184
2023-01-11,61.5,61.5,60.0,60.0,63214
2023-01-12,60.6,61.9,60.0,61.4,55896
2023-01-15,62.3,67.5,62.0,67.4,275457
2023-01-16,67.9,73.6,65.2,71.0,455998
2023-01-17,71.0,73.8,69.0,72.6,345287
2023-01-18,74.4,76.9,72.9,74.4,619652
2023-01-19,75.0,77.3,72.9,76.3,385988
2023-01-22,77.0,80.3,73.6,74.3,456495
2023-01-23,74.2,76.6,72.5,73.2,370663
2023-01-24,72.5,76.4,72.4,75.1,286627
2023-01-25,75.1,76.7,73.9,74.2,280058
2023-01-26,75.0,75.0,72.7,73.5,158370
2023-01-29,73.5,74.3,72.1,72.9,132208
2023-01-30,72.4,72.4,70.1,70.6,171194
2023-01-31,70.4,72.5,70.0,71.9,138459
2023-02-01,72.3,73.2,70.6,71.0,114441
2023-02-02,70.3,74.7,70.3,74.1,182385
2023-02-05,75.8,75.8,71.5,71.9,204939
2023-02-06,71.9,71.9,69.4,70.0,132253
2023-02-07,70.0,71.3,68.7,69.1,119634
2023-02-08,69.0,70.1,68.8,69.1,44228
2023-02-09,69.1,69.5,67.1,67.3,51908
2023-02-12,69.7,69.7,65.6,66.0,95849
2023-02-13,69.5,69.5,66.0,66.6,42082
2023-02-14,66.1,66.2,64.5,64.6,62812
2023-02-15,63.2,64.3,61.6,61.7,81203
2023-02-16,62.0,63.3,59.1,61.8,84719
2023-02-19,61.6,61.8,59.3,59.7,70445
2023-02-20,59.3,60.5,58.7,59.3,65024
2023-02-22,58.3,60.9,58.3,59.8,34229
2023-02-23,59.4,59.6,58.4,58.6,54799
2023-02-26,58.7,58.8,58.3,58.4,78182
2023-02-27,58.6,59.4,58.5,58.9,38604
2023-02-28,59.5,63.7,59.5,63.0,112291
2023-03-01,62.4,65.0,62.4,64.0,129035
2023-03-02,64.0,64.0,60.7,63.3,125316
2023-03-05,64.9,67.9,63.7,65.7,190736
2023-03-06,64.4,67.8,64.4,67.1,135895
2023-03-07,66.9,67.9,65.9,66.0,67575
2023-03-09,66.9,66.9,64.8,66.2,89309
2023-03-12,66.2,66.6,64.1,64.5,72380
2023-03-13,62.4,65.4,62.4,65.2,73689
2023-03-14,66.6,66.6,63.7,63.9,72892
2023-03-15,62.0,63.4,62.0,62.4,38078
2023-03-16,63.0,63.0,62.4,62.6,10753
2023-03-19,62.5,62.7,60.1,60.9,36895
2023-03-20,59.5,61.9,59.5,60.4,4949
2023-03-21,60.4,61.1,60.4,60.9,75865
2023-03-22,66.0,66.0,60.2,60.4,23333
2023-03-23,60.1,60.7,59.2,60.0,37362
2023-03-27,62.5,62.5,59.3,59.6,28278
2023-03-28,59.6,60.0,59.2,59.6,23852
2023-03-29,62.7,62.7,59.5,60.7,23661
2023-03-30,60.6,62.0,60.2,61.6,42980
2023-04-02,62.7,62.7,61.1,61.4,26500
2023-04-03,61.3,62.1,61.1,61.6,57526
2023-04-04,60.8,62.8,59.5,60.5,55032
2023-04-05,60.6,61.5,60.5,61.1,29793
2023-04-06,60.9,61.5,60.4,60.7,55740
2023-04-09,61.0,64.8,60.3,60.8,80509
2023-04-10,62.8,62.8,59.7,59.9,48077
2023-04-11,62.9,63.0,59.5,60.3,50151
2023-04-12,61.6,61.6,59.6,59.8,45680
2023-04-13,61.9,62.3,59.6,59.9,36622
2023-04-16,59.8,60.8,59.1,59.6,71647
2023-04-17,60.0,60.9,59.8,60.4,21128
2023-04-18,61.9,63.6,60.1,61.3,53251
2023-04-24,62.5,62.5,59.1,61.9,95793
2023-04-25,61.1,61.7,60.5,61.2,58797
2023-04-26,61.2,61.5,60.6,60.9,35670
2023-04-27,60.0,61.8,60.0,61.5,75578
2023-04-30,60.1,61.6,60.1,61.0,47993
2023-05-02,61.0,61.6,60.5,61.2,42543
2023-05-03,61.0,61.7,60.9,61.2,69247
2023-05-07,61.4,61.9,61.0,61.6,58351
2023-05-08,61.5,62.0,61.0,61.7,82237
2023-05-09,61.6,61.7,60.8,61.5,87274
2023-05-11,58.3,59.5,58.3,59.1,109896
2023-05-14,58.5,58.7,58.3,58.4,61256
2023-05-15,58.6,60.3,58.6,59.3,261462
2023-05-16,60.9,61.0,58.3,58.8,123428
2023-05-17,58.5,61.0,58.3,59.9,195676
2023-05-18,60.9,65.7,60.3,62.7,380042
2023-05-21,62.7,64.5,61.5,63.7,230925
2023-05-22,62.0,63.0,61.3,61.6,138679
2023-05-23,60.0,63.5,60.0,62.6,73823
2023-05-24,62.8,63.7,61.1,61.7,123404
2023-05-25,61.8,65.6,61.0,65.0,302495
2023-05-28,65.7,70.7,65.3,69.0,388971
2023-05-29,70.0,70.0,66.0,68.2,163331
2023-05-30,68.2,68.2,65.6,66.4,238339
2023-05-31,66.9,68.0,64.6,64.8,123751
2023-06-01,66.2,66.4,63.1,63.5,98244
2023-06-04,65.4,65.8,63.6,64.1,76230
2023-06-05,63.8,64.3,63.6,63.8,104773
2023-06-06,64.0,64.0,62.5,62.6,92262
2023-06-07,63.9,65.4,62.0,64.9,102401
2023-06-08,64.9,66.0,62.9,63.1,116207
2023-06-11,63.3,64.0,62.1,62.3,49555
2023-06-12,62.5,63.6,60.4,61.6,68309
2023-06-13,62.7,62.7,60.0,60.2,38791
2023-06-14,63.2,63.2,60.5,61.0,88727
2023-06-15,61.9,61.9,60.6,60.8,15050
2023-06-18,60.0,60.8,59.7,60.1,68463
2023-06-19,59.4,63.0,59.3,62.1,41491
2023-06-20,61.5,63.0,61.0,61.1,45298
2023-06-21,60.1,61.0,60.1,60.6,45116
2023-06-22,61.5,62.4,60.2,61.1,36427
2023-06-25,61.2,61.8,60.1,60.9,5573
2023-06-26,62.0,62.0,61.1,61.7,40798
2023-07-02,61.0,61.1,60.0,60.1,44337
2023-07-03,60.1,61.5,60.0,61.0,31753
2023-07-04,61.5,61.5,60.1,60.2,15880
2023-07-05,60.1,61.0,60.0,60.1,25801
2023-07-06,60.0,61.0,59.5,60.4,42885
2023-07-09,60.1,60.1,59.6,59.9,23967
2023-07-10,59.1,60.5,59.0,60.0,30123
2023-07-11,59.5,60.0,59.1,59.6,21437
2023-07-12,59.3,61.1,59.3,59.8,22111
2023-07-13,59.4,61.0,59.0,59.2,53686
2023-07-16,58.5,60.8,58.3,60.3,47827
2023-07-17,59.5,61.2,59.1,59.5,43282
2023-07-18,59.5,60.8,59.4,59.7,26298
2023-07-19,60.9,62.1,60.3,61.3,64843
2023-07-20,61.9,65.4,61.3,64.2,359146
2023-07-23,63.0,64.4,60.0,62.0,112116
2023-07-24,62.4,66.5,61.0,64.5,153577
2023-07-25,62.0,67.4,62.0,63.5,184851
2023-07-26,61.6,64.5,61.5,63.7,36812
2023-07-27,62.5,67.3,62.5,65.6,171037
2023-07-30,65.5,70.6,64.5,68.6,340396
2023-07-31,68.5,70.0,67.4,67.5,186070
2023-08-01,67.5,70.5,66.1,67.1,396380
2023-08-02,67.4,68.6,65.2,65.8,79977
2023-08-03,67.8,67.9,65.6,66.8,46074
2023-08-06,67.8,69.0,66.5,68.1,83991
2023-08-07,66.3,68.2,64.8,65.5,46197
2023-08-08,67.4,68.5,64.1,64.9,42483
2023-08-09,66.8,66.8,63.6,63.9,11083
2023-08-10,63.3,64.4,63.2,63.7,21942
2023-08-13,63.2,66.6,63.2,65.1,39059
2023-08-14,66.4,66.4,62.0,63.3,64949
2023-08-16,62.8,63.4,61.0,61.1,21127
2023-08-17,61.5,63.4,61.1,62.5,35434
2023-08-20,61.6,63.3,61.6,63.0,12209
2023-08-21,63.6,66.4,63.3,66.3,83554
2023-08-22,65.9,66.0,64.0,64.3,13137
2023-08-23,66.9,67.0,63.0,63.0,22015
2023-08-24,63.3,63.3,62.0,62.7,14862
2023-08-27,62.9,64.8,62.4,62.7,1602
2023-08-28,63.8,64.7,63.8,64.2,14910
2023-08-29,62.0,63.9,62.0,62.6,92425
2023-08-30,64.9,65.7,62.5,62.8,9237
2023-08-31,63.4,63.5,63.0,63.1,11819
2023-09-03,64.7,66.4,63.2,65.0,36891
2023-09-04,66.7,66.7,64.3,64.5,26235
2023-09-05,64.5,67.2,64.5,66.8,169663
2023-09-07,66.2,69.2,64.4,65.7,182166
2023-09-10,65.8,67.4,65.0,66.0,67995
2023-09-11,65.9,67.0,64.4,64.6,53647
2023-09-12,65.1,67.8,65.1,67.1,223120
2023-09-13,69.0,69.9,67.3,68.9,159933
2023-09-14,68.6,71.5,68.0,71.0,474413
2023-09-17,72.0,73.0,69.5,69.9,325987
2023-09-18,68.2,72.3,67.2,71.4,338160
2023-09-19,71.4,76.7,71.4,72.6,723357
2023-09-20,72.5,74.9,70.8,71.2,308899
2023-09-21,70.1,72.9,68.0,68.9,200569
2023-09-24,68.9,68.9,66.4,66.6,74806
2023-09-25,65.1,68.7,65.1,66.3,61960
2023-09-26,68.0,68.0,64.6,65.1,64374
2023-09-27,65.1,66.7,63.9,65.1,53445
2023-10-01,65.3,66.9,63.5,63.6,30726
2023-10-02,63.6,65.9,62.3,65.5,84998
2023-10-03,65.7,67.0,62.1,62.5,47988
2023-10-04,62.7,64.8,62.3,63.8,72756
2023-10-05,63.7,65.0,62.0,62.9,33850
2023-10-08,62.9,64.7,61.0,61.4,153429
2023-10-09,61.7,62.7,61.0,61.4,44979
2023-10-10,61.7,63.7,61.7,63.3,41108
2023-10-11,64.8,65.3,62.6,63.0,18999
2023-10-12,64.4,64.4,62.0,63.5,37052
2023-10-15,62.8,64.4,62.3,62.7,35926
2023-10-16,62.8,64.9,62.2,62.3,9348
2023-10-17,62.0,63.6,61.7,61.9,43421
2023-10-18,63.4,63.4,62.0,62.5,15538
2023-10-19,63.4,64.3,62.5,64.0,58956
2023-10-22,64.3,65.9,62.5,62.9,50928
2023-10-23,62.9,63.5,61.6,62.8,45185
2023-10-25,63.0,63.4,61.5,61.6,42748
2023-10-26,62.9,62.9,61.6,62.1,31276
2023-10-29,62.0,62.1,61.4,61.9,5628
2023-10-30,61.2,62.7,61.1,61.8,14568
2023-10-31,61.6,63.8,61.4,61.8,63330
2023-11-01,58.5,61.3,58.5,60.1,106718
2023-11-02,59.2,60.0,59.0,59.8,28294
2023-11-05,61.9,61.9,59.0,60.4,39084
2023-11-06,61.3,61.3,59.5,59.6,43297
2023-11-07,60.9,63.3,60.2,60.2,61183
2023-11-08,60.2,60.4,59.6,60.2,18974
2023-11-09,60.0,60.3,59.4,59.9,23506
2023-11-12,60.0,60.0,59.0,59.0,24586
2023-11-13,60.0,60.0,59.0,59.0,8601
2023-11-14,59.8,60.1,59.7,59.8,11401
2023-11-15,61.0,61.7,59.0,59.2,12225
2023-11-16,59.0,60.8,58.9,60.0,18184
2023-11-19,61.3,61.3,59.1,59.3,12831
2023-11-20,59.1,59.9,59.0,59.7,14129
2023-11-21,59.7,60.7,59.1,59.4,40937
2023-11-22,59.8,60.4,58.3,58.4,90600
2023-11-23,58.5,59.9,58.4,58.7,15774
2023-11-26,59.9,59.9,58.7,58.8,7449
2023-11-27,59.0,59.4,58.3,58.3,26973
2023-11-28,60.7,60.7,58.3,58.4,6512
2023-11-29,58.5,59.0,58.3,58.5,6550
2023-11-30,58.4,59.0,58.4,58.4,4960
2023-12-03,58.3,58.9,58.3,58.5,4871
2023-12-04,58.4,59.8,58.3,58.5,27399
2023-12-05,59.4,59.4,58.3,58.3,29181
2023-12-06,58.3,59.5,58.3,59.3,14549
2023-12-07,58.4,59.2,58.3,58.5,8099
2023-12-10,59.0,59.0,58.3,58.3,73207
2023-12-11,63.0,63.0,58.3,58.9,17922
2023-12-12,58.9,59.4,58.8,58.8,7925
2023-12-13,60.0,60.7,59.2,60.0,83417
2023-12-14,59.7,59.9,59.3,59.5,8524
2023-12-17,59.5,59.5,58.5,58.8,17008
2023-12-18,59.0,59.0,58.5,58.5,9369
2023-12-19,58.4,59.3,58.4,58.7,545
2023-12-20,58.5,58.7,58.3,58.4,28525
2023-12-21,58.4,59.5,58.4,58.9,14927
2023-12-24,58.4,59.4,58.3,58.3,27038
2023-12-26,59.5,59.8,58.4,58.5,5006
2023-12-27,59.9,59.9,58.6,58.7,10087
2023-12-28,58.5,59.0,58.3,58.9,51895
2024-01-01,58.8,60.3,58.6,60.0,53940
2024-01-02,60.3,60.9,58.5,58.6,40902
2024-01-03,60.5,60.8,58.7,58.8,24824
2024-01-04,59.8,59.8,58.4,58.6,8056
2024-01-08,60.9,61.7,59.7,60.1,70923
2024-01-09,60.7,61.0,58.7,59.4,8775
2024-01-10,59.0,60.0,58.5,59.9,96099
2024-01-11,60.0,61.5,60.0,61.1,124063
2024-01-14,61.8,63.0,60.3,61.6,97435
2024-01-15,60.4,61.6,60.4,61.2,20308
2024-01-16,63.7,63.7,61.0,61.9,26023
2024-01-17,62.4,63.0,61.1,61.4,37723
2024-01-18,61.6,62.0,60.0,61.6,75625
2024-01-21,59.1,61.4,58.0,61.0,39735
2024-01-22,61.0,62.0,59.5,61.3,42618
2024-01-23,61.8,61.8,60.3,61.6,83445
2024-01-24,60.9,61.9,60.6,60.9,19938
2024-01-25,60.5,61.0,60.0,60.6,10921
2024-01-28,60.3,61.5,56.2,58.7,28701
2024-01-29,60.0,60.4,58.4,58.7,20028
2024-01-30,58.7,62.0,58.1,60.6,25362
2024-01-31,60.5,64.8,59.1,61.7,63150
2024-02-01,63.5,63.5,58.2,60.9,27546
2024-02-04,62.1,62.1,60.2,61.7,43596
2024-02-05,61.9,63.0,61.3,62.3,95434
2024-02-06,63.8,63.8,59.6,60.7,34702
2024-02-07,62.0,62.7,60.5,60.7,16587
2024-02-08,62.0,62.0,60.7,61.1,72179
2024-02-11,61.1,62.6,60.5,60.8,35530
2024-02-12,61.0,62.0,60.8,60.9,50605
2024-02-13,62.2,62.2,60.3,60.7,27631
2024-02-14,60.1,61.3,60.1,60.7,23509
2024-02-15,59.1,60.9,59.1,60.3,1698
2024-02-18,61.9,61.9,60.3,60.9,36786
2024-02-19,60.9,61.0,59.5,60.0,16268
2024-02-20,60.0,61.0,59.6,60.8,25342
