Date,Open,High,Low,Close,Volume
2012-10-01,66.2,69.0,66.1,67.6,144600
2012-10-02,69.0,70.8,67.6,67.8,168800
2012-10-03,69.7,69.7,66.6,66.9,111400
2012-10-04,68.3,68.3,66.0,66.1,154600
2012-10-07,66.2,66.5,64.2,64.7,96200
2012-10-08,66.8,66.8,63.0,63.8,111200
2012-10-09,65.0,65.9,64.1,64.3,76400
2012-10-10,64.3,65.8,63.2,63.4,53600
2012-10-11,63.1,63.4,62.0,62.4,88000
2012-10-14,62.3,62.5,60.5,61.1,110000
2012-10-15,61.0,61.6,60.5,60.6,153400
2012-10-16,61.3,61.3,60.2,60.3,319600
2012-10-17,61.0,61.0,59.6,59.9,124600
2012-10-18,61.3,61.7,58.9,59.0,102000
2012-10-21,59.4,60.5,58.2,58.4,73800
2012-10-22,59.6,60.5,58.9,60.0,59600
2012-10-23,59.8,61.4,59.2,60.2,112400
2012-10-30,59.5,60.3,59.5,59.9,46800
2012-10-31,59.5,60.5,58.5,59.4,62600
2012-11-01,59.6,59.7,58.5,58.8,83400
2012-11-04,60.9,60.9,58.0,58.3,69400
2012-11-05,59.7,59.7,57.3,57.8,71800
2012-11-06,57.5,58.4,56.5,57.1,48600
2012-11-07,58.0,58.0,55.6,56.3,89200
2012-11-08,56.9,57.6,56.2,56.4,72200
2012-11-11,56.1,57.0,55.1,55.4,65400
2012-11-12,56.5,56.8,54.4,54.7,100000
2012-11-13,54.3,57.1,54.3,56.7,32400
2012-11-14,56.2,57.3,56.2,57.1,115200
2012-11-15,57.8,61.7,57.8,61.0,280400
2012-11-18,62.0,62.0,58.7,59.1,115400
2012-11-19,58.6,59.6,56.9,57.0,50400
2012-11-20,58.0,58.0,55.7,55.9,98000
2012-11-21,58.0,58.0,55.7,56.2,48400
2012-11-22,56.9,57.0,56.0,56.5,60200
2012-11-26,56.0,57.6,55.3,55.7,73200
2012-11-27,55.3,57.0,55.2,55.7,87800
2012-11-28,56.2,56.2,55.4,55.5,30600
2012-11-29,57.0,59.9,56.9,59.0,89200
2012-12-02,60.0,60.0,56.5,56.9,113000
2012-12-03,56.0,57.0,56.0,56.2,40400
2012-12-04,56.1,57.5,55.8,57.0,44400
2012-12-05,57.0,57.1,56.1,56.4,31800
2012-12-06,56.1,56.8,56.1,56.3,87800
2012-12-09,56.2,56.2,55.0,55.1,51600
2012-12-10,55.0,55.9,54.9,54.9,39200
2012-12-11,54.1,55.3,54.1,55.0,22200
2012-12-12,56.2,56.2,54.8,54.9,24000
2012-12-13,54.5,55.9,54.5,55.3,34200
2012-12-17,55.3,56.1,55.3,55.5,37600
2012-12-18,56.2,56.3,55.1,55.1,48200
2012-12-19,55.5,57.0,55.1,55.4,59200
2012-12-20,56.6,56.7,55.5,55.6,36800
2012-12-23,56.2,56.2,55.2,55.3,23200
2012-12-24,55.0,55.6,55.0,55.1,35600
2012-12-26,55.1,55.8,55.1,55.4,24000
2012-12-27,55.2,57.0,55.2,56.7,56800
2012-12-30,57.0,57.3,56.5,56.8,87600
2013-01-01,56.7,56.7,56.0,56.1,31000
2013-01-02,55.8,55.8,55.0,55.2,31800
2013-01-03,56.1,56.2,54.8,55.7,42200
2013-01-06,55.3,56.0,55.1,55.7,22200
2013-01-07,55.7,55.7,55.0,55.0,29200
2013-01-08,55.1,55.6,55.1,55.4,14000
2013-01-09,55.2,55.5,55.2,55.2,22800
2013-01-10,55.1,55.8,55.1,55.6,24200
2013-01-13,55.6,55.9,54.9,55.0,36200
2013-01-14,55.0,55.3,54.8,55.1,45000
2013-01-15,54.9,55.4,54.9,55.0,20000
2013-01-16,54.9,55.6,54.7,55.2,41200
2013-01-17,55.7,55.7,55.3,55.4,40400
2013-01-20,55.5,56.1,55.4,55.5,38400
2013-01-21,55.1,56.0,55.0,55.6,46800
2013-01-22,55.3,60.1,55.3,59.5,434800
2013-01-23,60.2,60.6,58.7,58.9,208800
2013-01-24,59.1,61.0,59.0,60.2,222600
2013-01-27,60.1,60.2,58.1,58.3,207400
2013-01-28,58.0,59.0,57.8,58.5,173000
2013-01-29,59.6,60.5,58.9,59.6,205000
2013-01-30,59.4,60.0,58.3,58.7,89200
2013-01-31,58.1,59.0,57.7,58.4,138200
2013-02-03,58.0,59.0,58.0,58.3,88200
2013-02-04,59.4,60.7,59.0,59.6,294000
2013-02-05,59.6,60.1,58.8,59.1,136400
2013-02-06,59.8,60.5,59.3,59.7,277400
2013-02-07,59.9,59.9,57.6,57.8,334600
2013-02-10,58.4,58.8,57.4,57.9,191200
2013-02-11,60.0,62.9,60.0,61.0,601200
2013-02-12,61.4,61.4,60.3,60.6,228400
2013-02-13,60.5,62.2,60.5,61.7,396600
2013-02-14,62.0,63.5,61.8,63.1,530000
2013-02-17,63.2,64.2,62.9,63.1,351200
2013-02-18,63.4,63.8,63.1,63.2,288000
2013-02-19,63.0,63.2,61.7,62.2,372800
2013-02-20,61.9,62.0,60.8,61.1,368400
2013-02-25,54.5,55.0,50.5,51.4,330600
2013-02-26,52.5,52.6,51.4,52.1,229000
2013-02-27,52.4,52.5,49.5,50.3,190200
2013-02-28,51.0,51.1,49.0,50.1,55000
2013-03-03,48.4,48.4,46.1,47.3,98200
2013-03-04,47.3,49.4,47.3,48.7,64000
2013-03-05,49.0,49.1,47.6,48.4,84600
2013-03-06,49.0,49.1,48.1,48.4,156000
2013-03-07,48.8,48.8,47.5,47.8,45200
2013-03-10,48.0,48.2,47.7,48.0,63800
2013-03-11,48.0,48.9,46.6,48.2,119600
2013-03-12,48.0,48.8,47.2,48.1,160000
2013-03-13,48.7,49.4,47.7,48.0,157000
2013-03-14,48.0,48.6,48.0,48.2,95200
2013-03-18,47.2,48.6,47.2,48.1,17400
2013-03-19,48.0,48.6,47.9,48.2,78600
2013-03-20,50.0,50.0,47.1,48.0,27000
2013-03-24,47.5,48.1,47.0,47.0,37400
2013-03-25,46.3,47.3,46.3,46.8,47600
2013-03-27,46.1,46.1,44.8,44.9,58000
2013-03-28,45.9,46.4,45.0,46.0,61800
2013-03-31,45.0,46.8,45.0,46.0,67600
2013-04-01,44.6,45.9,44.6,45.1,83400
2013-04-02,45.1,46.1,45.1,45.8,39000
2013-04-03,46.0,47.2,46.0,46.9,96200
2013-04-04,46.1,47.3,46.1,47.1,114200
2013-04-07,46.2,47.3,46.2,47.2,47800
2013-04-08,46.4,48.2,46.4,47.8,54000
2013-04-09,48.0,50.1,48.0,49.7,47400
2013-04-10,50.0,50.0,48.2,49.0,37200
2013-04-11,46.2,48.9,46.2,47.6,15600
2013-04-15,48.5,48.5,47.2,47.8,20200
2013-04-16,47.2,47.8,46.8,47.2,39600
2013-04-17,47.0,47.5,47.0,47.3,47200
2013-04-18,47.0,47.7,46.7,47.1,77200
2013-04-21,46.9,46.9,46.0,46.2,57400
2013-04-22,46.0,46.4,46.0,46.0,19400
2013-04-23,46.1,46.3,45.6,45.7,82000
2013-04-24,46.0,48.4,46.0,46.8,33000
2013-04-25,45.8,47.0,45.8,46.8,19800
2013-04-28,45.2,46.9,45.2,45.9,43400
2013-04-29,45.9,46.0,45.6,45.8,42000
2013-04-30,45.7,45.9,44.8,45.5,60400
2013-05-02,45.6,47.0,45.6,46.3,37800
2013-05-05,45.7,46.5,45.5,46.1,34800
2013-05-06,45.3,46.7,45.2,46.0,26000
2013-05-07,46.0,46.6,46.0,46.2,44400
2013-05-08,46.2,47.5,46.2,46.9,44800
2013-05-09,46.4,47.4,46.3,47.1,21200
2013-05-12,48.0,50.1,47.8,49.9,158000
2013-05-13,52.0,52.0,49.0,50.9,95000
2013-05-14,51.5,52.5,50.5,52.0,197400
2013-05-15,50.0,51.8,49.6,49.9,141400
2013-05-16,50.7,51.3,50.0,50.9,110800
2013-05-19,52.0,52.2,50.9,52.0,122800
2013-05-20,50.1,52.7,50.1,51.2,155600
2013-05-21,51.1,51.9,50.5,50.6,118800
2013-05-22,50.2,52.9,50.2,51.2,297000
2013-05-26,51.2,51.8,50.2,50.3,123600
2013-05-27,50.5,52.6,50.5,51.8,48600
2013-05-28,52.0,53.0,51.0,51.4,168400
2013-05-29,51.6,52.3,51.4,51.5,120800
2013-05-30,51.9,53.2,51.4,51.5,133000
2013-06-02,52.7,53.0,51.7,52.6,142800
2013-06-03,52.8,53.0,51.9,52.4,142600
2013-06-04,52.5,53.5,52.2,52.5,135200
2013-06-05,52.1,55.1,52.1,54.1,287000
2013-06-06,54.3,54.3,53.2,53.6,170800
2013-06-09,53.9,53.9,51.1,51.6,113200
2013-06-10,51.8,53.3,51.8,52.9,204000
2013-06-11,53.6,56.7,53.4,55.1,503400
2013-06-12,56.0,56.5,54.1,54.3,153200
2013-06-13,54.1,55.0,53.8,54.3,136600
2013-06-16,54.1,56.4,54.1,56.0,237400
2013-06-17,55.6,58.2,55.0,55.7,390800
2013-06-18,55.9,56.9,54.5,56.1,249600
2013-06-19,56.1,58.9,55.1,56.2,340800
2013-06-20,57.0,57.0,54.7,55.1,187400
2013-06-23,53.3,55.8,53.3,54.1,132000
2013-06-24,53.0,53.8,52.2,52.4,208200
2013-06-26,53.1,54.5,53.0,53.8,163600
2013-06-27,53.0,53.9,52.7,52.9,122800
2013-06-30,50.6,53.1,50.5,52.2,205800
2013-07-02,53.1,54.2,52.6,53.3,77400
2013-07-03,53.5,55.5,53.3,53.5,146200
2013-07-04,53.5,55.7,53.5,54.8,156400
2013-07-07,55.0,57.1,55.0,55.3,248200
2013-07-08,55.3,56.1,54.4,54.5,121000
2013-07-09,54.5,57.5,54.5,56.6,506800
2013-07-10,55.6,62.2,55.6,61.9,1027000
2013-07-11,62.0,63.8,58.3,58.5,409400
2013-07-14,58.9,60.5,56.2,56.8,196800
2013-07-15,57.0,58.9,56.9,57.3,286200
2013-07-16,59.9,59.9,55.2,56.5,444200
2013-07-17,56.9,57.6,55.5,55.9,271800
2013-07-18,54.8,56.9,54.5,55.0,140800
2013-07-21,54.7,55.5,53.1,54.0,116400
2013-07-22,53.3,54.5,53.1,53.8,110400
2013-07-23,52.1,54.0,51.6,51.7,86000
2013-07-24,52.0,55.0,51.1,52.9,69600
2013-07-25,54.3,54.6,52.7,52.9,119000
2013-07-28,51.5,52.4,51.5,51.8,53800
2013-07-29,54.9,54.9,51.8,52.1,40600
2013-07-30,51.9,52.2,51.3,51.4,182800
2013-07-31,51.5,53.9,51.0,51.1,39200
2013-08-01,51.0,51.7,50.5,50.9,59000
2013-08-04,50.8,50.8,49.0,49.1,45200
2013-08-05,49.2,50.3,49.2,49.8,29000
2013-08-12,50.5,50.5,49.9,50.1,35200
2013-08-13,51.2,52.0,51.2,51.8,47200
2013-08-14,50.6,51.7,50.6,51.2,22400
2013-08-18,51.2,52.6,51.2,52.4,68000
2013-08-19,52.0,52.5,51.3,51.7,67200
2013-08-20,52.1,53.0,51.0,51.2,126200
2013-08-21,51.4,53.4,51.4,52.8,134400
2013-08-22,53.0,55.1,53.0,54.9,332000
2013-08-25,55.0,60.0,53.5,53.9,371000
2013-08-26,52.7,55.5,52.7,53.5,548800
2013-08-27,53.4,58.8,53.4,58.7,2163600
2013-08-29,59.8,61.5,58.3,59.7,1125600
2013-09-01,60.5,61.7,59.7,60.1,754400
2013-09-02,60.0,60.0,57.4,57.8,700400
2013-09-03,57.0,58.2,56.0,56.7,286800
2013-09-04,56.8,58.5,56.2,56.4,575400
2013-09-05,56.8,57.4,55.7,55.9,232600
2013-09-08,56.0,56.2,55.0,55.1,159800
2013-09-09,55.1,56.2,54.3,54.9,249600
2013-09-10,54.9,56.3,54.3,54.5,283200
2013-09-11,55.5,56.2,53.5,53.9,299400
2013-09-12,55.0,55.8,53.5,53.7,282000
2013-09-15,54.2,57.2,53.6,55.9,391400
2013-09-16,56.8,56.9,55.5,55.6,284600
2013-09-17,55.5,56.9,54.6,55.7,371800
2013-09-18,57.0,58.7,56.1,56.4,508400
2013-09-19,56.2,56.9,55.2,55.3,238800
2013-09-22,55.0,55.7,54.0,54.6,152200
2013-09-23,54.7,54.8,52.9,53.0,278200
2013-09-24,53.5,54.7,53.1,53.3,191000
2013-09-25,53.2,54.0,53.0,53.3,105600
2013-09-26,53.0,54.2,53.0,53.0,128200
2013-09-29,53.4,53.6,52.4,52.5,133400
2013-09-30,52.0,53.0,52.0,52.2,131600
2013-10-01,52.3,52.8,51.9,52.0,85800
2013-10-02,52.0,52.9,51.6,51.7,108800
2013-10-03,53.1,53.1,51.8,51.9,190800
2013-10-06,51.6,51.6,49.4,49.9,397400
2013-10-07,50.9,50.9,49.2,49.4,117400
2013-10-08,49.7,50.0,48.8,49.0,120200
2013-10-09,49.5,49.5,48.5,49.0,636400
2013-10-10,49.9,49.9,49.1,49.5,41000
2013-10-20,48.9,49.3,48.7,48.9,54400
2013-10-21,48.4,48.5,47.5,47.8,210200
2013-10-22,48.4,48.5,47.9,48.0,354400
2013-10-23,49.0,50.5,48.9,49.4,298400
2013-10-24,49.0,49.6,47.9,48.0,220400
2013-10-27,48.1,49.8,47.9,49.6,310000
2013-10-28,49.6,50.6,49.2,49.5,167200
2013-10-29,49.0,51.7,48.9,51.0,133000
2013-10-30,51.0,52.0,50.2,50.6,128200
2013-10-31,50.5,50.5,49.7,49.7,114600
2013-11-03,49.0,50.8,49.0,50.3,46600
2013-11-04,50.3,51.3,50.2,50.9,134000
2013-11-05,51.0,52.0,50.0,50.4,152800
2013-11-06,49.9,51.0,49.9,50.5,122000
2013-11-07,50.5,52.2,50.0,51.5,149600
2013-11-10,54.0,54.0,51.7,52.0,183000
2013-11-11,51.7,52.8,51.2,51.2,134800
2013-11-12,51.3,51.8,50.9,51.1,78000
2013-11-13,51.8,52.4,51.4,52.2,138800
2013-11-14,52.2,53.0,51.6,51.8,103800
2013-11-17,52.6,52.6,51.4,52.0,94400
2013-11-18,52.1,53.5,52.1,53.2,319200
2013-11-19,53.2,53.8,53.2,53.5,155600
2013-11-20,53.0,55.0,53.0,53.8,442000
2013-11-21,53.5,53.8,52.7,53.2,204000
2013-11-24,52.7,54.1,52.6,52.9,254200
2013-11-25,53.5,55.6,53.0,53.9,718200
2013-11-26,53.9,55.4,53.4,53.7,533000
2013-11-27,54.0,54.0,53.0,53.1,125800
2013-11-28,54.0,54.0,52.1,52.2,129200
2013-12-01,51.5,52.1,51.1,51.1,128400
2013-12-02,51.6,52.2,51.0,51.3,144000
2013-12-03,51.6,53.0,51.6,52.9,98000
2013-12-04,53.7,53.8,52.3,52.8,175000
2013-12-05,52.8,53.2,52.3,52.7,107600
2013-12-08,53.1,53.4,52.5,52.5,94600
2013-12-09,52.4,53.7,52.2,52.5,111000
2013-12-10,53.2,53.9,52.9,53.1,179200
2013-12-11,53.6,54.3,53.3,53.4,245000
2013-12-12,52.6,53.6,52.1,52.6,139000
2013-12-15,52.1,53.2,52.1,52.4,72200
2013-12-17,53.7,53.7,51.6,51.8,150400
2013-12-18,52.0,52.0,51.3,51.4,147800
2013-12-19,51.5,52.8,51.1,52.0,69600
2013-12-22,53.9,53.9,52.7,53.5,203800
2013-12-23,52.5,53.5,52.5,52.9,134800
2013-12-24,52.3,52.8,51.9,52.4,71200
2013-12-26,52.2,53.0,51.7,52.0,147000
2013-12-29,51.7,53.8,51.7,53.6,332000
2013-12-30,53.4,54.6,53.0,53.3,398600
2014-01-01,53.9,54.7,53.1,53.5,101600
2014-01-02,54.1,54.1,53.1,53.8,94600
2014-01-06,54.6,56.0,53.5,55.8,481200
2014-01-07,53.8,58.5,53.8,58.2,893400
2014-01-08,58.0,59.3,56.8,57.5,354200
2014-01-09,57.4,58.3,56.6,56.8,354200
2014-01-12,56.5,57.3,56.1,56.3,445600
2014-01-13,57.4,57.4,56.3,56.4,253400
2014-01-15,56.3,56.9,55.0,55.2,360200
2014-01-16,55.2,56.1,54.9,55.5,183000
2014-01-19,55.0,56.3,55.0,55.7,149600
2014-01-20,56.7,56.7,55.5,55.8,251200
2014-01-21,56.3,57.3,55.6,56.7,314400
2014-01-22,56.3,58.3,56.3,57.7,519800
2014-01-23,56.0,58.3,56.0,58.0,332000
2014-01-26,58.5,58.7,57.3,57.7,248600
2014-01-27,57.5,57.6,56.7,56.9,217200
2014-01-28,56.0,57.1,55.8,56.0,138600
2014-01-29,55.7,57.7,55.7,56.6,163400
2014-01-30,57.0,58.0,56.5,57.3,282800
2014-02-02,56.2,58.8,56.2,57.6,521000
2014-02-03,58.3,58.4,53.3,55.9,251400
2014-02-04,57.0,61.3,57.0,60.0,1717000
2014-02-05,60.6,63.5,58.7,62.6,1492400
2014-02-06,64.0,64.5,61.7,62.0,1058000
2014-02-09,62.0,63.2,61.8,62.1,1023000
2014-02-10,62.1,62.8,61.4,61.5,753800
2014-02-11,61.9,62.0,60.6,61.3,584800
2014-02-12,62.0,62.3,60.5,61.3,1210200
2014-02-16,56.9,58.0,54.1,55.1,770000
2014-02-17,54.7,55.5,51.9,52.1,317800
2014-02-18,51.7,52.5,50.5,50.8,459000
2014-02-19,51.3,52.5,50.9,51.4,567200
2014-02-20,52.3,53.3,51.8,52.0,279400
2014-02-23,52.1,52.8,51.1,51.3,158200
2014-02-24,51.8,51.8,50.4,50.7,191400
2014-02-25,51.3,52.4,50.5,50.9,259800
2014-02-26,50.8,51.4,50.7,51.0,87600
2014-02-27,51.0,51.2,50.0,50.1,324600
2014-03-02,50.2,50.9,49.6,49.7,259800
2014-03-03,49.1,50.0,49.0,49.3,145200
2014-03-04,49.3,50.0,49.2,49.3,176600
2014-03-05,49.2,50.4,48.8,48.9,115200
2014-03-06,49.2,49.7,48.9,49.0,85200
2014-03-09,48.9,49.5,48.6,49.1,113600
2014-03-10,49.0,49.9,48.8,49.4,119000
2014-03-11,49.0,50.1,49.0,49.2,96200
2014-03-12,49.8,50.9,49.0,50.0,141200
2014-03-13,50.5,51.5,50.1,51.2,254000
2014-03-16,51.0,52.2,51.0,51.2,163600
2014-03-18,51.8,51.8,49.5,49.7,94000
2014-03-19,49.0,49.9,49.0,49.1,68800
2014-03-20,49.4,50.6,49.3,49.5,70200
2014-03-23,49.4,50.0,48.9,49.0,57400
2014-03-24,49.2,49.5,48.1,48.1,86200
2014-03-25,48.2,49.1,48.1,48.5,53600
2014-03-27,48.7,48.9,48.4,48.5,61600
2014-03-30,48.0,48.8,48.0,48.1,71800
2014-03-31,48.4,48.8,48.1,48.2,44400
2014-04-01,48.2,48.6,47.9,47.9,104800
2014-04-02,48.5,48.9,47.9,48.1,104800
2014-04-03,48.4,50.4,48.4,49.5,133400
2014-04-06,49.6,50.0,48.5,48.5,109600
2014-04-07,48.6,52.2,48.6,51.8,621200
2014-04-08,52.2,54.5,51.3,51.6,1276200
2014-04-09,51.3,52.0,50.6,51.1,232000
2014-04-10,51.2,51.8,49.6,51.3,199200
2014-04-13,51.5,51.5,49.0,49.1,181400
2014-04-15,50.4,50.4,47.8,48.4,353600
2014-04-16,48.4,49.4,47.0,47.4,330200
2014-04-17,47.7,48.8,47.2,48.0,189400
2014-04-20,47.9,48.5,47.6,47.9,84800
2014-04-21,48.4,49.4,48.3,48.8,145000
2014-04-22,48.5,48.8,47.8,47.9,136200
2014-04-23,48.9,48.9,47.7,48.0,140400
2014-04-24,48.0,48.9,47.6,47.8,207200
2014-04-27,48.0,48.1,47.1,47.3,136000
2014-04-28,47.0,47.5,46.0,46.4,129400
2014-04-29,46.5,46.7,45.9,46.1,181200
2014-04-30,46.0,46.2,45.6,45.8,138400
2014-05-04,45.9,46.5,45.0,45.4,214000
2014-05-05,45.7,45.8,44.9,45.4,217000
2014-05-06,45.5,46.5,44.9,46.1,204600
2014-05-07,46.4,47.7,46.1,46.8,196200
2014-05-08,46.8,48.5,46.8,47.4,373000
2014-05-11,47.2,48.6,47.2,48.0,237200
2014-05-12,48.4,48.5,46.8,47.2,254400
2014-05-14,46.9,47.0,45.9,46.0,240000
2014-05-15,46.0,46.2,45.5,46.0,128800
2014-05-18,46.0,46.2,45.5,45.9,110400
2014-05-19,45.9,46.2,45.5,45.5,73200
2014-05-20,45.5,45.8,45.0,45.4,81800
2014-05-21,45.2,45.6,45.2,45.4,159400
2014-05-22,45.6,45.9,45.0,45.1,144000
2014-05-25,44.7,45.2,44.7,45.0,62000
2014-05-26,44.7,45.2,44.7,44.8,71800
2014-05-27,44.6,45.1,44.6,44.7,60000
2014-05-28,44.8,45.4,44.8,45.1,115400
2014-05-29,45.1,45.6,44.9,44.9,66000
2014-06-01,44.9,46.0,44.8,45.2,132600
2014-06-02,45.1,46.0,44.7,44.9,99800
2014-06-03,45.0,45.1,44.2,44.2,97400
2014-06-04,44.2,44.9,44.0,44.2,86400
2014-06-05,44.1,44.3,43.8,43.8,102800
2014-06-08,43.7,43.7,42.5,43.1,135600
2014-06-09,43.4,43.8,42.9,43.0,169800
2014-06-10,43.1,44.0,42.9,43.5,152800
2014-06-11,43.5,44.0,43.2,43.7,105400
2014-06-12,43.8,43.8,43.4,43.4,87800
2014-06-15,43.5,43.5,42.8,42.9,119200
2014-06-16,42.6,43.2,42.5,42.7,47600
2014-06-17,42.7,42.8,42.5,42.5,60400
2014-06-18,42.7,43.0,42.5,42.5,85400
2014-06-19,42.5,43.0,42.5,42.6,53600
2014-06-22,42.1,42.7,42.1,42.5,36200
2014-06-23,42.5,42.8,42.5,42.5,111400
2014-06-24,42.2,45.9,42.2,44.6,209400
2014-06-25,45.7,45.8,43.8,44.1,73400
2014-06-26,43.3,44.2,43.1,43.4,73400
2014-06-29,43.7,44.4,43.6,44.2,45600
2014-06-30,44.1,44.7,43.8,43.9,69600
2014-07-02,43.6,43.7,43.4,43.4,28000
2014-07-03,43.3,43.5,43.0,43.1,59200
2014-07-06,43.0,43.5,42.9,43.0,30600
2014-07-07,42.9,43.0,42.5,42.5,60200
2014-07-08,42.3,42.6,42.3,42.4,52400
2014-07-09,42.2,42.9,42.2,42.4,33800
2014-07-10,42.5,42.6,42.4,42.4,43600
2014-07-13,42.2,42.8,42.1,42.2,54800
2014-07-14,42.2,42.5,42.0,42.0,77800
2014-07-15,42.0,42.2,41.9,41.9,47000
2014-07-16,42.3,42.4,41.9,41.9,56400
2014-07-17,42.0,42.4,41.8,41.9,33400
2014-07-20,42.3,42.6,41.7,42.0,100000
2014-07-21,42.0,42.2,41.5,41.5,124200
2014-07-22,42.0,42.0,41.0,41.1,493600
2014-07-23,41.6,41.9,40.8,40.9,192400
2014-07-24,40.6,41.4,40.4,40.8,155200
2014-08-03,42.0,42.0,40.5,40.8,42800
2014-08-04,40.6,41.1,40.6,41.0,80800
2014-08-05,41.0,41.8,41.0,41.5,272800
2014-08-06,41.7,42.5,41.6,41.8,149800
2014-08-07,41.6,41.8,41.3,41.5,170000
2014-08-10,42.0,45.6,42.0,45.4,1118800
2014-08-11,45.4,45.7,44.6,45.0,418600
2014-08-12,45.2,45.2,42.8,43.1,511400
2014-08-13,43.5,44.2,43.1,43.2,228400
2014-08-14,43.5,44.0,43.0,43.2,280000
2014-08-18,43.4,43.5,42.2,42.5,144400
2014-08-19,42.6,42.8,42.1,42.3,140000
2014-08-20,42.5,43.0,41.9,42.1,135800
2014-08-21,42.8,42.8,41.9,41.9,125200
2014-08-24,42.5,42.6,41.5,41.6,225600
2014-08-25,42.2,42.5,41.6,41.7,180200
2014-08-26,41.9,44.0,41.9,43.7,424200
2014-08-27,44.0,44.2,42.6,43.5,197800
2014-08-28,42.6,43.6,42.5,42.7,166000
2014-08-31,43.1,43.5,42.5,43.1,228000
2014-09-01,42.7,43.3,42.5,42.6,89400
2014-09-02,43.0,44.7,43.0,44.1,426800
2014-09-03,44.5,46.0,44.0,45.2,475800
2014-09-04,45.5,47.0,45.4,45.9,1054000
2014-09-07,46.0,47.4,46.0,46.4,572200
2014-09-08,47.3,47.3,44.2,44.8,369000
2014-09-09,44.6,45.5,43.6,43.9,237000
2014-09-10,44.7,44.8,43.7,43.9,358000
2014-09-11,44.0,44.6,43.6,43.9,160000
2014-09-14,44.0,44.7,43.4,43.9,406400
2014-09-15,43.8,44.5,43.7,43.7,223400
2014-09-16,43.4,44.7,43.4,44.0,238000
2014-09-17,44.1,46.2,44.1,45.0,707000
2014-09-18,45.5,49.5,45.5,49.5,2093600
2014-09-21,53.0,54.4,51.9,54.4,1421600
2014-09-22,58.8,58.8,55.2,56.1,2960600
2014-09-23,56.2,61.7,56.2,61.7,3323800
2014-09-24,64.0,67.8,62.6,67.4,3735800
2014-09-25,68.0,69.7,65.2,68.3,2803000
2014-09-28,68.9,71.1,62.0,64.0,2253600
2014-09-29,62.1,66.5,61.6,62.8,1855400
2014-09-30,63.3,67.4,62.6,66.4,2483400
2014-10-01,67.0,70.3,67.0,68.2,2477000
2014-10-02,68.4,68.5,64.6,65.0,1556400
2014-10-12,65.6,69.7,63.9,67.9,1546800
2014-10-13,70.0,70.5,65.9,66.5,2077200
2014-10-14,66.1,68.3,65.0,65.4,1697600
2014-10-15,65.9,69.0,65.9,66.3,2071400
2014-10-16,67.3,67.3,64.3,64.7,1401400
2014-10-19,65.0,65.0,60.5,61.5,983400
2014-10-20,61.5,66.0,59.6,64.9,2621000
2014-10-21,66.0,67.0,64.0,64.3,1312400
2014-10-22,63.7,66.9,62.9,64.9,1776200
2014-10-23,65.8,66.4,63.7,64.0,744000
2014-10-26,64.5,64.7,62.5,62.8,720200
2014-10-27,62.9,63.4,61.5,62.2,622800
2014-10-28,62.5,63.2,61.0,61.3,503000
2014-10-29,61.2,61.9,60.3,60.5,628600
2014-10-30,60.3,63.2,60.3,62.0,785600
2014-11-02,63.7,64.4,61.6,61.9,1038000
2014-11-03,62.1,66.2,62.1,65.7,2067200
2014-11-05,66.0,67.5,62.7,63.4,1259800
2014-11-06,64.0,64.7,62.2,62.6,1125600
2014-11-09,62.0,63.4,61.0,61.4,1328800
2014-11-10,62.0,63.5,61.1,61.4,791000
2014-11-11,61.2,62.0,60.8,61.1,690800
2014-11-12,61.4,63.7,61.2,63.2,1015600
2014-11-13,63.9,66.0,63.0,63.7,1512200
2014-11-16,64.1,65.5,62.1,62.6,733000
2014-11-17,63.7,63.7,61.2,61.4,557800
2014-11-18,61.1,62.8,60.8,61.0,553200
2014-11-19,61.7,62.8,60.9,61.0,501000
2014-11-20,61.2,62.0,59.7,60.3,566800
2014-11-23,58.3,60.5,58.0,58.3,265800
2014-11-24,58.1,58.1,56.0,56.2,353400
2014-11-25,57.4,58.7,56.0,56.3,327000
2014-11-26,57.0,57.0,54.0,54.3,255000
2014-11-27,54.2,55.4,53.6,54.1,260200
2014-11-30,55.0,55.1,53.0,53.6,226000
2014-12-01,53.9,56.8,53.6,55.9,363600
2014-12-02,56.0,57.4,56.0,56.1,403400
2014-12-03,56.1,57.8,56.1,57.5,338000
2014-12-04,57.5,57.9,56.0,56.2,398400
2014-12-07,56.7,56.7,54.5,54.9,373000
2014-12-08,54.2,55.6,54.2,54.7,294000
2014-12-09,54.8,57.5,54.5,56.7,511000
2014-12-10,57.4,57.6,55.8,56.1,230200
2014-12-11,54.2,56.1,54.2,55.7,98188
2014-12-14,55.7,55.7,54.6,55.2,93630
2014-12-15,54.3,55.4,54.3,55.0,122907
2014-12-17,54.0,60.0,54.0,59.8,992783
2014-12-18,60.2,62.8,60.2,62.1,1128780
2014-12-21,61.3,64.3,60.6,63.7,959137
2014-12-22,64.5,64.9,60.1,60.9,1098310
2014-12-23,61.5,61.6,57.3,57.8,439096
2014-12-24,57.0,57.9,56.5,57.1,213046
2014-12-28,56.5,57.8,55.0,56.5,138971
2014-12-29,56.5,57.4,56.0,56.5,226619
2014-12-30,56.6,58.0,56.5,57.7,228312
2015-01-01,58.4,60.5,58.0,59.8,393342
2015-01-05,59.0,59.9,58.4,59.2,204586
2015-01-06,59.2,60.7,59.0,60.2,376614
2015-01-07,60.2,61.8,59.7,60.1,390883
2015-01-08,59.6,60.0,58.8,59.0,248236
2015-01-11,59.5,59.6,57.4,57.8,386893
2015-01-12,57.0,58.3,57.0,57.6,288053
2015-01-13,57.8,59.5,57.8,59.3,356500
2015-01-14,59.9,59.9,57.5,58.1,310062
2015-01-15,57.6,59.0,57.4,57.5,201878
2015-01-18,58.0,58.0,56.6,56.8,159669
2015-01-19,56.6,57.0,55.8,56.0,205567
2015-01-20,56.5,56.5,55.5,55.8,193152
2015-01-21,55.3,55.3,54.0,54.3,192530
2015-01-22,53.8,55.3,53.0,54.5,144801
2015-01-25,54.1,54.2,52.0,52.1,174392
2015-01-26,53.1,53.1,51.6,51.9,195320
2015-01-27,52.3,55.3,51.6,55.0,429885
2015-01-28,55.6,57.6,54.7,56.7,650895
2015-01-29,56.6,56.6,53.6,54.1,596532
2015-02-01,54.0,54.0,51.6,52.1,391373
2015-02-02,51.6,52.8,50.8,52.0,394965
2015-02-03,51.3,53.3,51.3,52.6,473575
2015-02-04,52.5,52.7,50.3,52.3,669646
2015-02-05,51.6,53.6,51.6,53.4,465277
2015-02-08,53.0,56.0,52.7,55.4,797802
2015-02-09,55.1,56.6,55.0,56.2,865353
2015-02-10,56.1,58.5,56.1,57.9,961730
2015-02-11,58.3,58.6,56.7,57.5,623732
2015-02-12,57.0,58.6,56.9,58.4,744024
2015-02-15,58.5,60.6,58.5,60.1,809527
2015-02-16,60.0,60.4,58.5,58.8,976585
2015-02-18,56.5,57.8,55.6,56.0,589169
2015-02-19,55.2,56.0,54.5,54.9,382893
2015-02-22,53.2,55.2,53.2,54.3,312041
2015-02-23,54.6,56.9,54.2,56.2,432318
2015-02-24,56.5,57.2,55.5,55.9,371266
2015-02-25,56.3,56.5,54.0,54.3,307970
2015-02-26,55.2,55.4,53.7,54.2,511069
2015-03-01,54.8,54.9,53.0,53.4,516332
2015-03-02,53.9,54.7,53.2,54.4,288971
2015-03-03,53.8,54.4,53.1,53.5,230341
2015-03-04,54.0,54.4,53.0,53.3,307289
2015-03-05,53.3,54.3,52.8,53.0,215356
2015-03-08,53.2,53.9,52.1,52.5,190259
2015-03-09,53.4,54.0,53.1,53.3,152059
2015-03-10,53.8,54.0,53.2,53.4,127063
2015-03-11,53.3,53.8,52.3,52.4,184309
2015-03-12,52.2,53.0,52.2,52.6,141927
2015-03-15,52.3,53.2,51.9,52.1,263927
2015-03-16,51.8,52.3,50.0,50.7,196305
2015-03-18,50.8,51.3,49.9,51.0,238833
2015-03-19,51.8,52.0,51.2,51.6,120603
2015-03-22,51.1,52.2,51.0,51.2,194515
2015-03-23,51.8,52.8,51.2,51.5,195789
2015-03-24,51.4,51.6,50.3,50.8,127316
2015-03-25,51.0,51.8,50.0,50.7,228627
2015-03-29,51.5,52.9,51.4,52.1,217350
2015-03-30,52.5,52.9,51.5,51.7,148896
2015-03-31,51.9,52.7,51.4,52.4,186189
2015-04-01,52.8,53.4,51.6,51.8,343378
2015-04-02,52.9,52.9,50.9,51.1,117219
2015-04-05,51.2,51.2,50.0,50.4,141135
2015-04-06,50.3,51.2,50.0,50.0,145948
2015-04-07,50.0,50.0,48.2,48.7,149144
2015-04-08,49.1,49.8,48.4,49.1,194664
2015-04-09,48.7,49.7,47.8,48.1,229304
2015-04-12,48.5,48.5,46.7,47.3,76769
2015-04-13,47.5,48.4,47.0,47.3,104755
2015-04-15,47.3,51.4,47.3,51.0,377615
2015-04-16,51.5,56.1,51.5,56.0,1309680
2015-04-19,57.5,58.5,55.5,56.3,882703
2015-04-20,56.6,56.6,53.4,53.9,707911
2015-04-21,53.8,56.6,52.8,55.3,545477
2015-04-22,56.0,57.9,55.0,57.2,1182350
2015-04-23,57.6,57.8,54.9,55.4,521508
2015-04-26,55.1,56.0,52.8,53.1,178270
2015-04-27,54.0,55.7,53.1,55.0,232027
2015-04-29,54.0,55.6,53.9,54.7,293870
2015-04-30,54.6,57.0,54.2,56.3,815304
2015-05-04,57.0,57.2,54.0,54.9,422453
2015-05-05,55.9,58.5,55.5,57.4,1006100
2015-05-06,58.4,61.0,58.0,60.0,1570290
2015-05-07,60.9,62.7,59.8,60.9,1548180
2015-05-10,62.0,64.9,60.8,63.4,2152670
2015-05-11,63.9,64.6,61.9,63.3,2043120
2015-05-12,63.5,67.5,62.2,67.2,2819460
2015-05-13,68.9,69.7,65.8,66.4,2263910
2015-05-14,66.8,67.5,64.6,65.1,1804210
2015-05-17,65.9,71.6,65.9,71.6,4578180
2015-05-18,73.0,75.8,71.5,73.4,2866450
2015-05-19,74.4,77.8,72.8,76.0,3721360
2015-05-20,77.0,77.2,73.0,73.4,3053030
2015-05-21,74.0,75.8,70.8,71.3,3402840
2015-05-24,72.2,72.3,70.2,70.6,821787
2015-05-25,72.0,76.4,72.0,75.3,3102640
2015-05-26,75.8,75.8,72.7,73.3,2401890
2015-05-27,73.0,75.3,72.2,72.8,2399650
2015-05-28,73.7,79.2,73.7,78.2,4260380
2015-05-31,79.5,80.9,76.7,80.3,3867590
2015-06-01,80.9,81.2,76.2,77.1,2290400
2015-06-02,77.9,77.9,72.0,73.4,1743000
2015-06-04,74.5,74.9,72.2,73.7,1133880
2015-06-07,74.9,77.0,71.2,72.0,1037630
2015-06-08,73.0,73.0,67.0,67.8,1374860
2015-06-09,69.1,69.9,66.8,68.4,784311
2015-06-10,69.0,70.8,66.5,66.9,1032390
2015-06-11,67.1,68.6,66.5,67.1,625489
2015-06-14,67.1,67.5,64.9,65.5,557052
2015-06-15,65.6,69.9,65.6,69.1,905044
2015-06-16,69.8,73.5,69.0,72.6,1804880
2015-06-17,72.7,73.9,71.7,72.3,1109680
2015-06-18,72.4,73.7,71.7,72.4,1003580
2015-06-21,72.4,75.9,72.4,75.1,1780000
2015-06-22,75.8,75.9,72.7,73.0,719619
2015-06-23,72.5,73.2,71.9,72.5,558836
2015-06-24,72.0,73.5,72.0,72.4,520512
2015-06-25,72.6,73.0,71.6,72.6,694917
2015-06-28,73.0,74.4,72.7,73.6,610125
2015-06-29,73.5,75.4,73.5,74.2,855019
2015-06-30,74.4,75.5,73.6,74.0,759609
2015-07-02,74.0,74.9,73.1,73.8,716024
2015-07-05,74.9,75.1,71.7,72.4,592732
2015-07-06,72.7,73.4,71.0,71.5,585992
2015-07-07,72.0,73.1,70.7,71.5,992303
2015-07-08,72.0,74.3,71.0,73.7,917003
2015-07-09,74.1,75.5,73.1,73.7,620728
2015-07-12,73.9,75.4,73.7,74.9,835349
2015-07-13,75.0,78.6,74.7,77.0,2074610
2015-07-14,77.6,77.9,76.0,76.4,1136930
2015-07-21,77.8,80.9,76.4,79.5,2139580
2015-07-22,79.8,81.1,77.8,78.4,1838130
2015-07-23,78.5,82.8,78.5,81.2,3935110
2015-07-26,82.7,82.8,79.2,79.6,1827850
2015-07-27,80.0,80.0,76.2,78.1,3603150
2015-07-28,79.4,79.7,77.2,77.5,2208390
2015-07-29,77.5,78.1,75.9,76.3,1457660
2015-07-30,76.5,78.0,76.4,77.8,1045270
2015-08-02,78.0,79.0,76.6,76.7,1004220
2015-08-03,77.0,77.2,75.6,75.9,1071700
2015-08-04,76.0,76.8,74.5,74.9,1205240
2015-08-05,75.0,75.6,74.0,74.2,789768
2015-08-06,74.4,74.9,73.5,73.8,467208
2015-08-09,74.0,75.3,73.2,73.7,701224
2015-08-10,74.5,74.9,73.2,73.5,464551
2015-08-11,73.8,74.3,72.2,72.6,380476
2015-08-12,73.6,75.2,72.6,75.0,1056660
2015-08-13,75.5,75.5,73.2,73.5,324514
2015-08-16,73.6,74.4,73.0,73.5,355436
2015-08-18,73.0,74.4,72.3,72.6,446173
2015-08-19,72.7,73.9,72.6,72.8,349324
2015-08-20,72.6,74.8,72.6,74.3,906592
2015-08-23,74.0,74.7,73.3,73.5,326560
2015-08-24,73.0,73.9,72.1,72.5,432101
2015-08-25,72.3,73.1,72.0,72.3,666644
2015-08-26,72.4,73.0,72.2,72.5,346860
2015-08-27,72.5,72.9,71.3,71.6,552905
2015-08-30,72.7,72.7,71.2,71.4,183566
2015-08-31,71.4,71.5,70.3,70.7,188348
2015-09-01,70.3,70.6,69.1,69.5,330264
2015-09-02,70.2,72.1,69.9,71.5,449934
2015-09-03,71.0,71.4,70.5,70.9,294142
2015-09-06,71.0,71.0,69.6,70.0,284641
2015-09-07,70.0,70.8,69.8,70.3,389482
2015-09-08,70.4,72.0,70.3,71.3,538764
2015-09-09,71.3,71.7,69.6,69.9,460573
2015-09-10,69.2,70.8,69.1,70.2,365225
2015-09-13,69.7,70.2,68.8,69.2,226647
2015-09-14,68.6,70.1,68.6,69.9,232759
2015-09-15,69.1,70.5,69.1,69.9,215083
2015-09-16,69.9,71.3,69.9,70.8,403263
2015-09-17,71.4,74.8,71.4,74.3,1381720
2015-09-20,74.9,74.9,73.4,73.8,383260
2015-09-21,74.0,74.8,73.8,74.5,736000
2015-09-22,74.7,75.8,74.2,74.3,744194
2015-09-28,73.0,74.5,73.0,73.6,274762
2015-09-29,72.1,73.1,70.5,71.2,734203
2015-09-30,71.0,71.0,69.3,69.8,956114
2015-10-01,70.0,70.0,68.6,69.0,874657
2015-10-04,69.0,69.4,68.6,68.7,679126
2015-10-05,68.7,69.1,68.3,69.0,382647
2015-10-06,69.0,71.6,69.0,70.6,1266510
2015-10-07,70.8,70.9,69.2,69.6,559129
2015-10-08,69.0,69.6,68.8,69.1,596511
2015-10-11,68.8,69.0,67.3,68.7,384334
2015-10-12,69.0,69.4,68.1,68.6,392796
2015-10-13,69.0,69.6,68.0,68.1,724966
2015-10-14,68.0,68.6,67.3,67.5,357991
2015-10-15,67.5,70.1,67.0,68.8,643655
2015-10-18,68.0,69.3,66.9,67.2,366725
2015-10-19,68.4,68.4,65.7,66.6,426883
2015-10-20,66.6,67.5,66.6,66.9,508041
2015-10-21,68.4,69.0,67.0,68.5,814973
2015-10-25,68.0,68.6,67.3,67.7,536456
2015-10-26,67.6,68.8,67.6,68.3,583969
2015-10-27,68.9,68.9,66.8,67.4,390136
2015-10-28,67.2,67.8,66.6,67.0,200631
2015-10-29,67.8,68.0,66.7,66.9,402201
2015-11-01,66.3,67.0,65.2,65.7,230693
2015-11-02,65.3,67.0,65.3,66.8,334182
2015-11-03,66.8,67.4,66.4,66.6,194783
2015-11-04,66.3,66.6,65.1,65.3,702396
2015-11-05,65.2,65.9,64.3,64.7,224577
2015-11-08,65.4,66.5,65.0,65.4,417691
2015-11-09,65.9,66.2,64.5,64.7,305106
2015-11-10,65.9,66.0,64.4,64.8,309364
2015-11-11,65.0,65.6,63.9,64.0,182783
2015-11-12,64.2,64.8,63.9,64.1,227007
2015-11-15,64.2,65.4,63.2,63.5,178748
2015-11-16,64.0,64.9,64.0,64.6,360370
2015-11-17,64.3,67.2,64.3,67.0,765221
2015-11-18,66.3,67.0,65.8,66.0,386273
2015-11-19,66.4,68.3,66.2,68.0,888485
2015-11-22,69.0,69.0,67.8,68.8,510116
2015-11-23,69.0,70.0,67.3,67.5,810635
2015-11-24,68.0,68.0,66.8,67.1,438523
2015-11-25,67.1,67.6,66.0,66.2,260766
2015-11-26,66.4,66.8,65.3,66.0,220932
2015-11-29,65.6,66.3,65.6,65.9,231265
2015-11-30,66.0,66.9,65.5,65.9,347710
2015-12-01,66.7,67.2,66.1,66.7,332128
2015-12-02,67.4,69.0,66.8,68.7,883768
2015-12-03,69.0,69.4,68.0,68.3,913141
2015-12-06,68.8,69.7,68.3,68.5,672042
2015-12-07,68.7,68.7,66.7,67.0,392761
2015-12-08,67.5,68.3,66.0,66.3,403161
2015-12-09,67.4,67.4,65.7,65.9,257097
2015-12-10,66.0,66.2,65.4,65.8,225398
2015-12-13,65.9,66.4,65.5,65.5,168372
2015-12-14,65.5,66.0,65.0,65.2,207461
2015-12-15,65.2,66.2,65.0,65.7,203247
2015-12-17,66.2,66.3,65.1,65.3,135964
2015-12-20,65.1,66.0,64.8,65.1,243809
2015-12-21,65.8,66.5,65.5,66.3,227046
2015-12-22,66.5,67.3,66.1,66.8,259995
2015-12-23,66.7,67.1,66.3,66.5,292205
2015-12-24,66.9,68.3,66.7,67.6,369060
2015-12-27,68.4,69.0,67.4,67.7,220314
2015-12-28,67.6,67.8,67.0,67.4,245547
2015-12-29,66.9,67.7,66.4,66.6,178682
2015-12-30,67.0,67.0,66.4,66.6,166862
2015-12-31,66.5,67.5,66.2,66.9,266722
2016-01-03,67.5,68.0,66.9,67.1,222436
2016-01-04,67.1,67.2,66.5,66.7,366873
2016-01-05,67.0,68.2,67.0,67.8,447788
2016-01-06,68.5,69.4,68.2,69.0,715544
2016-01-07,69.4,69.7,68.6,69.3,569526
2016-01-10,69.7,72.0,69.0,70.9,1636970
2016-01-11,71.1,71.5,69.6,69.9,1360620
2016-01-12,69.9,70.7,69.4,69.9,881337
2016-01-13,69.9,71.8,69.7,70.0,793485
2016-01-14,70.4,70.4,68.6,68.9,572239
2016-01-17,69.0,70.1,68.8,69.4,361404
2016-01-18,69.9,70.7,69.0,70.1,471049
2016-01-19,70.5,71.5,70.2,70.6,715122
2016-01-20,70.7,72.4,70.7,71.4,1284490
2016-01-21,72.2,72.5,70.8,71.1,661583
2016-01-24,71.8,72.0,70.5,71.0,509677
2016-01-25,71.2,74.5,71.2,74.1,1807960
2016-01-26,74.0,74.9,72.5,72.8,970177
2016-01-27,73.0,73.5,70.5,71.1,829088
2016-01-28,71.5,73.5,70.7,73.0,898909
2016-01-31,73.3,74.0,72.5,73.3,1268950
2016-02-01,73.7,73.7,71.8,72.1,828593
2016-02-02,72.2,73.6,70.8,71.4,1198190
2016-02-03,71.0,72.5,70.5,72.2,719491
2016-02-04,73.0,73.5,69.8,70.0,1251870
2016-02-07,70.5,72.6,69.5,71.0,769090
2016-02-08,72.3,72.3,70.4,70.8,430436
2016-02-09,70.3,70.7,69.8,70.0,647512
2016-02-10,70.0,70.3,69.3,69.5,622420
2016-02-11,69.5,69.9,68.8,69.0,587038
2016-02-14,67.8,69.8,66.5,68.8,425356
2016-02-15,68.7,69.0,68.2,68.4,194475
2016-02-16,68.1,69.1,68.0,68.1,288117
2016-02-17,68.6,72.3,68.5,71.8,991200
2016-02-18,71.8,72.6,70.7,71.1,739717
2016-02-22,70.7,71.3,70.0,71.0,509548
2016-02-23,71.1,72.3,70.5,71.3,1402210
2016-02-24,71.3,72.1,71.3,71.5,685256
2016-02-25,71.2,71.7,70.5,71.1,740233
2016-02-29,69.2,69.9,66.0,66.7,846593
2016-03-01,67.0,67.4,65.0,65.6,218344
2016-03-02,65.3,66.0,63.8,64.1,580420
2016-03-03,64.2,65.7,64.2,65.0,293658
2016-03-06,64.7,65.5,63.5,65.0,234688
2016-03-07,65.0,65.4,63.7,64.0,116250
2016-03-08,64.0,66.7,63.7,66.2,592331
2016-03-09,65.7,66.7,64.5,64.7,146064
2016-03-10,65.2,66.4,64.6,66.1,234421
2016-03-13,66.4,66.9,65.3,65.6,251217
2016-03-14,65.0,66.4,65.0,65.2,264340
2016-03-15,65.2,66.0,65.0,65.1,264580
2016-03-16,65.2,65.4,64.0,64.6,133123
2016-03-20,64.1,64.3,63.0,63.3,182898
2016-03-21,63.3,64.0,63.0,63.4,217774
2016-03-22,63.0,63.4,63.0,63.0,253697
2016-03-23,64.0,64.0,62.5,62.7,223848
2016-03-24,63.0,65.0,62.5,62.7,241161
2016-03-27,63.0,63.0,61.7,62.0,340886
2016-03-28,62.0,62.1,60.4,60.9,193784
2016-03-29,61.1,64.0,60.6,63.0,284468
2016-03-30,63.9,64.9,62.6,63.0,157726
2016-03-31,62.9,64.5,62.9,63.2,275977
2016-04-03,63.1,65.0,63.1,64.2,166956
2016-04-04,64.5,66.5,64.3,65.4,278060
2016-04-05,65.1,65.7,64.3,64.7,95683
2016-04-06,64.9,66.1,64.3,64.7,175349
2016-04-07,65.8,66.2,64.8,65.8,207181
2016-04-10,65.0,65.8,64.2,64.9,173622
2016-04-11,64.8,65.4,64.0,64.3,98818
2016-04-12,64.1,65.6,63.4,63.9,104593
2016-04-13,63.2,64.5,62.9,63.1,106688
2016-04-17,62.8,63.9,62.0,62.7,86589
2016-04-18,63.0,63.5,62.0,62.2,57935
2016-04-19,62.0,62.5,60.5,61.0,103773
2016-04-20,61.2,62.4,61.2,62.1,180012
2016-04-21,62.1,63.3,61.6,61.9,133666
2016-04-24,61.4,63.0,60.2,60.8,123038
2016-04-25,62.2,62.4,59.5,59.7,221781
2016-04-26,59.7,61.0,59.7,60.0,62394
2016-04-27,61.5,61.5,59.0,59.4,83086
2016-04-28,59.4,61.0,59.1,59.4,180570
2016-05-02,59.2,59.8,59.0,59.6,55261
2016-05-03,60.1,62.7,60.0,62.3,169293
2016-05-04,61.8,63.0,58.3,59.0,491049
2016-05-05,58.5,59.8,58.4,58.8,212304
2016-05-08,58.3,59.4,58.3,59.2,86153
2016-05-09,59.0,59.4,58.5,58.9,287918
2016-05-10,58.6,59.3,58.5,59.0,234242
2016-05-11,59.1,59.7,58.4,58.9,173282
2016-05-12,58.9,59.0,58.3,58.9,161740
2016-05-15,58.5,59.2,57.2,57.8,84764
2016-05-16,58.3,58.4,56.9,57.1,112988
2016-05-17,57.5,58.0,57.0,57.5,238862
2016-05-18,59.0,63.2,59.0,63.2,1885180
2016-05-19,63.7,64.9,63.0,63.2,808453
2016-05-22,62.8,62.9,60.8,61.6,569831
2016-05-24,62.7,63.2,61.2,61.6,419057
2016-05-25,62.0,62.3,60.5,60.6,300073
2016-05-26,60.5,61.0,60.0,60.5,330855
2016-05-29,60.5,63.5,60.4,63.1,737367
2016-05-30,63.6,63.8,61.8,62.2,475651
2016-05-31,61.8,62.6,61.0,61.8,304891
2016-06-01,61.1,61.8,61.1,61.6,137860
2016-06-02,61.9,62.5,61.6,62.2,193579
2016-06-05,61.5,62.0,61.0,61.4,154428
2016-06-06,61.3,61.5,60.5,60.7,229480
2016-06-07,60.1,61.3,59.5,60.0,195935
2016-06-08,60.5,60.6,59.2,59.8,383282
2016-06-09,59.5,59.8,58.8,59.0,266724
2016-06-12,59.9,59.9,58.0,59.2,220651
2016-06-13,59.2,59.8,59.1,59.4,108447
2016-06-14,59.3,59.9,59.0,59.1,166418
2016-06-15,58.9,59.8,58.9,59.4,96868
2016-06-16,59.2,60.1,59.2,59.4,138867
2016-06-19,59.1,59.7,58.9,59.0,90197
2016-06-20,59.0,59.1,58.6,58.9,93962
2016-06-21,58.7,59.1,58.0,58.2,186242
2016-06-22,58.2,58.6,58.1,58.3,147584
2016-06-23,58.3,59.3,58.2,58.7,151307
2016-06-26,58.0,59.4,58.0,58.6,102172
2016-06-27,58.3,59.0,58.0,58.5,200667
2016-06-28,58.5,59.8,58.5,59.4,131194
2016-06-29,59.0,60.6,59.0,60.1,154686
2016-06-30,60.6,61.3,60.3,60.9,317486
2016-07-10,59.1,60.0,59.1,59.6,95357
2016-07-11,59.6,60.0,59.4,59.8,104680
2016-07-12,59.4,61.9,59.4,61.6,289768
2016-07-13,61.1,62.0,60.2,61.7,316810
2016-07-14,61.5,62.0,60.8,61.0,321256
2016-07-16,61.0,61.7,60.6,60.9,248143
2016-07-17,60.8,60.8,60.0,60.2,151013
2016-07-18,60.1,60.6,59.3,59.7,186121
2016-07-19,59.7,60.0,58.9,59.1,206703
2016-07-20,59.0,59.4,58.6,59.0,163046
2016-07-21,59.0,59.9,58.2,58.7,343852
2016-07-24,59.4,59.4,58.6,58.9,189263
2016-07-25,59.5,59.7,58.5,58.9,188303
2016-07-26,59.1,60.6,59.1,60.0,468067
2016-07-27,59.7,60.1,59.2,59.5,202190
2016-07-28,59.3,59.3,57.9,58.3,530199
2016-07-31,58.0,59.7,56.8,57.1,282247
2016-08-01,57.2,58.4,57.2,57.5,140320
2016-08-02,57.5,58.0,57.0,57.2,236335
2016-08-03,57.8,58.2,57.3,57.4,153150
2016-08-04,58.2,58.5,57.4,57.7,160914
2016-08-07,58.4,58.4,56.7,57.0,259312
2016-08-08,57.8,57.8,57.0,57.2,160284
2016-08-09,57.2,57.7,56.9,57.1,212463
2016-08-10,56.7,57.4,56.7,57.0,195673
2016-08-11,57.1,57.1,56.8,56.9,178808
2016-08-14,57.0,57.7,56.8,57.4,136258
2016-08-16,57.7,57.8,57.6,57.8,196672
2016-08-17,57.8,57.8,57.0,57.1,410575
2016-08-18,57.3,57.3,56.7,56.9,280935
2016-08-21,57.1,58.1,56.8,57.8,562374
2016-08-22,57.9,58.2,57.5,57.6,301845
2016-08-23,57.5,57.7,57.0,57.1,317901
2016-08-24,57.2,57.8,57.1,57.4,115465
2016-08-28,57.2,57.3,56.9,57.0,215700
2016-08-29,57.0,57.6,56.9,57.0,168628
2016-08-30,57.0,57.5,56.7,56.9,381447
2016-08-31,56.7,57.0,56.7,56.9,100795
2016-09-01,57.0,57.3,56.8,56.9,152814
2016-09-04,56.9,57.0,55.9,56.2,310423
2016-09-05,56.2,56.5,56.0,56.3,403423
2016-09-06,56.1,57.9,56.1,57.4,238337
2016-09-07,57.7,58.0,57.0,57.7,200196
2016-09-08,57.5,57.9,57.5,57.7,201129
2016-09-18,57.8,57.9,57.1,57.2,156044
2016-09-19,57.1,57.4,57.1,57.3,89102
2016-09-20,57.5,57.9,57.4,57.7,176144
2016-09-21,57.7,58.4,57.7,57.8,264077
2016-09-22,57.8,61.3,57.8,60.3,1756270
2016-09-24,60.9,61.7,59.8,60.0,476033
2016-09-25,60.4,60.7,58.5,58.8,318261
2016-09-26,58.9,60.1,58.8,59.6,293449
2016-09-27,59.9,60.2,58.7,59.0,236478
2016-09-28,59.3,59.4,58.4,58.6,247627
2016-09-29,58.7,59.0,58.3,58.7,244622
2016-10-02,59.4,60.0,57.7,57.9,416983
2016-10-03,58.0,58.5,57.8,58.3,190876
2016-10-04,58.1,58.8,58.0,58.4,175484
2016-10-05,59.4,59.4,58.3,58.6,96851
2016-10-06,59.3,60.0,58.7,58.9,388531
2016-10-09,59.0,59.3,58.0,58.3,157629
2016-10-10,58.3,58.3,57.8,58.0,119842
2016-10-13,58.7,58.7,57.5,57.9,250661
2016-10-16,57.7,58.4,57.7,57.9,178461
2016-10-17,57.8,58.0,57.5,57.7,226537
2016-10-18,58.0,58.2,57.5,57.6,173833
2016-10-19,57.6,57.9,57.5,57.6,186627
2016-10-20,57.6,58.5,57.4,58.2,274948
2016-10-23,58.4,58.4,57.4,57.6,309717
2016-10-24,57.8,58.3,57.0,57.3,299585
2016-10-25,57.4,57.8,57.0,57.2,207123
2016-10-26,57.1,58.2,56.6,57.4,345596
2016-10-27,57.8,57.8,56.9,57.2,153856
2016-10-30,57.0,57.5,55.2,55.7,260996
2016-10-31,56.2,56.7,55.5,55.7,264417
2016-11-01,55.9,56.5,55.7,55.9,130852
2016-11-02,56.0,56.9,56.0,56.5,136985
2016-11-03,57.0,57.3,56.5,57.1,175484
2016-11-06,56.9,57.5,56.9,57.2,209050
2016-11-07,57.2,59.7,57.0,59.0,542184
2016-11-08,59.9,59.9,57.8,57.9,233142
2016-11-09,58.0,58.0,57.0,57.3,120672
2016-11-10,57.4,57.6,57.0,57.1,170216
2016-11-13,57.0,58.2,57.0,57.9,162627
2016-11-14,58.0,58.7,57.7,58.4,271725
2016-11-15,58.0,58.5,57.7,58.0,249300
2016-11-16,58.1,59.4,57.9,59.0,444176
2016-11-17,59.7,62.2,59.6,61.8,2662680
2016-11-20,62.0,62.2,60.6,61.3,804774
2016-11-21,61.5,61.8,60.1,60.5,931840
2016-11-22,60.5,61.1,59.4,59.6,634483
2016-11-23,59.6,60.6,59.1,59.4,655224
2016-11-24,59.6,60.2,59.4,59.6,329651
2016-11-27,59.6,60.1,59.0,59.3,300616
2016-11-28,59.4,59.9,59.0,59.3,377559
2016-11-29,59.7,61.2,59.0,60.7,998481
2016-11-30,60.9,62.8,60.9,62.6,2002229
2016-12-01,62.7,63.7,61.9,62.0,880418
2016-12-04,62.5,62.5,60.6,60.9,741863
2016-12-05,60.7,62.2,60.7,61.0,493788
2016-12-06,61.0,61.7,60.6,60.7,452871
2016-12-07,60.9,61.0,60.0,60.6,602449
2016-12-08,61.0,62.0,60.7,61.2,673585
2016-12-11,61.9,62.6,61.1,61.3,575056
2016-12-12,61.3,61.8,61.1,61.5,480481
2016-12-14,62.0,62.6,61.6,62.1,922929
2016-12-15,62.5,64.4,62.4,64.2,2260049
2016-12-18,64.7,65.6,64.0,64.3,2090592
2016-12-19,64.6,65.2,62.8,63.1,994188
2016-12-20,63.0,63.9,62.1,62.2,802357
2016-12-21,63.0,63.0,61.3,61.6,559019
2016-12-22,61.7,62.5,61.7,62.1,652315
2016-12-26,62.2,63.1,61.7,62.1,573610
2016-12-27,62.8,63.3,61.3,61.6,736055
2016-12-28,62.1,62.1,61.1,61.6,474387
2016-12-29,61.5,62.2,61.4,61.9,425539
2017-01-01,62.0,63.5,62.0,63.2,508564
2017-01-02,63.0,65.2,63.0,64.6,2014030
2017-01-03,65.0,66.0,63.2,64.0,1082325
2017-01-04,64.0,64.2,62.6,62.8,699907
2017-01-05,63.0,63.5,62.2,62.6,884958
2017-01-08,62.8,63.2,62.0,62.2,442627
2017-01-09,62.1,63.0,61.9,62.5,921128
2017-01-10,62.9,63.5,62.6,63.1,1330673
2017-01-11,63.5,64.8,63.1,64.5,2335471
2017-01-12,64.9,65.0,63.6,64.0,1662336
2017-01-15,64.5,65.5,63.7,65.0,1722651
2017-01-16,65.0,65.8,63.8,64.4,2034998
2017-01-17,65.0,66.2,63.7,65.6,3098263
2017-01-18,66.0,72.1,66.0,71.6,7974132
2017-01-19,72.1,73.5,70.7,73.0,4931702
2017-01-22,73.1,74.1,68.0,68.5,5569639
2017-01-23,68.6,69.0,65.5,66.3,3703218
2017-01-24,68.0,71.0,66.9,67.4,4551477
2017-01-25,68.0,68.5,66.4,66.8,2001942
2017-01-26,67.0,68.6,66.5,67.8,1933718
2017-01-29,68.5,71.2,67.7,69.2,3218544
2017-01-30,69.8,70.0,68.0,68.4,2159201
2017-01-31,68.1,69.7,67.5,67.8,1478297
2017-02-01,68.5,68.5,67.0,67.1,1245276
2017-02-02,68.4,68.4,66.2,66.4,1132353
2017-02-05,67.0,67.4,65.5,66.2,705781
2017-02-06,66.9,68.3,66.3,67.9,1004629
2017-02-07,68.4,69.6,67.8,69.2,1721234
2017-02-08,69.8,70.9,69.7,70.4,2552115
2017-02-09,70.0,71.7,69.6,71.3,3058226
2017-02-12,71.7,73.4,71.7,72.9,3658961
2017-02-13,73.0,73.1,71.4,72.2,3729201
2017-02-15,68.7,69.7,66.9,67.2,3374755
2017-02-16,67.1,67.4,65.9,66.2,1503002
2017-02-19,66.2,67.3,65.9,66.1,1433734
2017-02-20,66.9,67.0,66.0,66.1,1334820
2017-02-22,66.2,67.3,66.0,66.2,1644310
2017-02-23,66.3,66.8,65.3,65.5,1794932
2017-02-26,65.5,65.9,64.2,64.5,1201215
2017-02-27,64.5,65.5,64.5,65.0,596300
2017-02-28,65.1,65.2,64.1,64.2,787796
2017-03-01,64.4,64.8,63.8,63.9,531877
2017-03-02,64.1,64.3,63.5,63.8,510338
2017-03-05,63.8,63.9,63.2,63.4,286813
2017-03-06,63.5,64.4,63.2,63.9,521475
2017-03-07,64.2,65.4,64.0,65.0,537312
2017-03-08,65.2,65.4,64.0,64.1,463273
2017-03-09,64.6,64.6,63.5,63.7,566046
2017-03-12,64.0,64.0,63.0,63.1,677879
2017-03-13,63.0,63.5,62.7,63.2,462972
2017-03-14,63.1,63.7,63.0,63.2,214730
2017-03-15,63.0,63.1,61.2,61.7,1601088
2017-03-16,62.6,63.0,62.0,62.8,442895
2017-03-19,63.1,63.1,61.5,61.8,468441
2017-03-20,61.9,62.4,61.5,62.1,319822
2017-03-21,62.3,62.3,61.5,61.7,265953
2017-03-22,61.7,62.3,61.3,61.4,477998
2017-03-23,61.9,62.2,61.1,61.4,342561
2017-03-27,61.9,62.3,61.3,61.8,421589
2017-03-28,62.0,62.8,61.2,61.4,501075
2017-03-29,61.9,62.4,60.7,61.0,591704
2017-03-30,61.1,62.0,61.1,61.3,446020
2017-04-02,61.3,61.8,60.1,60.5,434002
2017-04-03,61.4,62.6,60.6,62.4,636004
2017-04-04,62.7,62.7,61.8,62.3,360272
2017-04-05,62.5,62.9,61.9,62.1,620246
2017-04-06,62.0,62.0,61.2,61.3,400815
2017-04-09,61.1,61.5,60.7,60.8,287911
2017-04-10,60.9,61.5,60.7,61.2,323623
2017-04-11,61.3,61.7,60.5,60.7,291644
2017-04-12,60.7,61.3,60.3,60.8,247571
2017-04-13,61.3,61.3,60.4,60.7,172651
2017-04-16,60.9,60.9,59.4,59.8,327230
2017-04-17,59.6,60.3,59.2,59.3,231003
2017-04-18,59.2,59.9,59.0,59.1,257798
2017-04-19,59.5,59.7,58.9,59.3,115050
2017-04-20,59.4,61.7,59.4,60.2,454535
2017-04-23,59.4,60.5,59.3,59.8,207748
2017-04-24,59.9,60.0,58.7,59.1,224168
2017-04-25,59.0,59.0,56.5,56.8,673406
2017-04-26,57.0,57.5,56.1,57.1,339046
2017-04-27,57.5,58.6,57.2,58.1,274924
2017-04-30,58.0,58.4,57.3,57.5,294791
2017-05-02,57.8,57.8,56.8,57.1,266564
2017-05-03,57.4,57.4,56.8,56.9,329229
2017-05-04,57.0,57.2,56.0,56.4,613256
2017-05-07,56.8,57.7,56.3,57.4,272311
2017-05-08,57.4,58.2,57.2,57.8,234161
2017-05-09,58.3,58.3,57.0,57.5,175118
2017-05-11,57.5,57.6,56.2,56.5,371130
2017-05-14,57.2,57.3,55.7,55.9,461243
2017-05-15,55.8,56.3,55.2,55.6,221773
2017-05-16,55.6,56.1,55.1,55.4,198294
2017-05-17,55.6,56.0,55.5,55.8,148244
2017-05-18,55.7,56.0,55.1,55.7,108791
2017-05-21,55.8,55.8,55.0,55.2,139255
2017-05-22,55.1,55.9,55.1,55.8,105812
2017-05-23,56.0,56.0,55.3,55.5,244605
2017-05-24,55.7,57.2,55.4,56.9,377416
2017-05-25,56.5,57.2,56.0,56.2,239136
2017-05-28,56.2,56.8,55.4,55.7,152451
2017-05-29,55.7,55.9,55.5,55.6,89120
2017-05-30,55.6,56.1,55.5,55.9,142962
2017-05-31,55.9,56.3,55.7,55.8,80243
2017-06-01,55.9,56.3,55.9,56.0,78714
2017-06-04,55.8,56.2,55.8,55.9,91662
2017-06-05,56.0,56.4,55.9,56.2,112653
2017-06-06,56.3,56.9,56.3,56.6,114840
2017-06-07,56.3,57.6,56.3,57.0,230902
2017-06-08,56.9,57.5,56.5,56.8,95135
2017-06-11,56.5,56.9,56.4,56.4,59445
2017-06-12,56.4,56.9,56.1,56.2,53836
2017-06-13,56.2,56.6,56.1,56.2,61207
2017-06-14,56.0,56.3,56.0,56.1,96301
2017-06-15,56.1,57.5,56.0,56.3,171028
2017-06-18,56.4,56.8,56.0,56.1,80474
2017-06-19,56.0,56.7,56.0,56.1,123772
2017-06-20,56.2,56.9,56.1,56.8,121771
2017-06-21,56.1,57.4,56.1,57.2,158392
2017-06-22,57.1,58.1,57.1,57.5,251967
2017-06-28,57.0,58.2,57.0,57.8,123576
2017-06-29,57.9,58.2,57.4,57.6,198450
2017-07-02,57.6,59.3,57.1,58.6,495671
2017-07-03,58.9,59.4,58.6,58.7,314017
2017-07-04,58.7,59.3,58.5,58.8,369882
2017-07-05,58.7,59.2,58.7,58.9,213326
2017-07-06,58.6,59.0,58.2,58.6,236392
2017-07-09,58.2,59.0,58.2,58.8,233126
2017-07-10,58.5,59.5,58.5,59.2,382409
2017-07-11,59.0,60.5,59.0,59.4,586474
2017-07-12,59.0,59.5,58.7,58.9,284042
2017-07-13,58.9,59.0,58.1,58.8,299222
2017-07-16,58.8,59.1,58.0,58.2,513679
2017-07-17,58.3,58.3,57.0,57.4,622270
2017-07-18,56.0,58.9,56.0,58.6,328380
2017-07-19,58.2,62.4,58.2,60.9,6330261
2017-07-20,60.6,61.0,58.9,59.1,982153
2017-07-23,58.9,59.2,57.7,58.6,1251287
2017-07-24,58.1,58.9,57.7,57.9,743766
2017-07-25,58.0,58.4,57.8,57.9,470678
2017-07-26,58.3,60.9,58.3,59.8,3073589
2017-07-27,59.8,60.4,59.2,59.5,720171
2017-07-30,59.3,59.6,57.9,58.1,936405
2017-07-31,58.2,59.4,57.6,59.1,697256
2017-08-01,59.1,59.5,58.6,59.3,1178625
2017-08-02,59.3,59.6,58.5,58.6,765784
2017-08-03,59.0,59.4,58.7,58.8,692376
2017-08-06,59.0,59.0,58.3,58.4,910729
2017-08-07,58.2,58.9,58.1,58.2,657318
2017-08-08,58.2,58.7,58.0,58.1,367293
2017-08-09,58.0,58.3,57.4,57.7,615260
2017-08-10,57.9,58.0,57.5,57.8,400488
2017-08-13,57.7,57.9,57.1,57.3,415402
2017-08-16,57.4,57.6,56.9,57.0,481500
2017-08-17,57.0,57.5,57.0,57.1,235026
2017-08-20,57.1,57.4,56.5,56.6,508990
2017-08-21,56.6,56.9,56.5,56.6,419480
2017-08-22,56.6,58.1,56.6,57.4,686431
2017-08-23,56.9,57.3,56.6,56.9,224660
2017-08-24,57.1,57.4,56.4,56.7,592227
2017-08-27,56.7,57.4,56.7,57.1,306057
2017-08-28,57.3,59.8,57.3,59.2,1599610
2017-08-29,59.4,62.1,59.4,60.0,5040905
2017-08-30,60.0,60.5,58.4,58.5,2514859
2017-08-31,58.5,59.4,58.0,58.6,1242408
2017-09-04,58.7,60.2,58.7,59.5,1372217
2017-09-05,59.5,60.5,58.5,58.7,1535681
2017-09-06,58.6,59.1,58.2,58.4,1148005
2017-09-07,58.5,58.8,57.8,57.9,894625
2017-09-10,58.5,58.8,58.0,58.2,1123750
2017-09-11,58.5,58.8,58.1,58.3,771022
2017-09-12,58.7,59.4,58.2,58.8,776845
2017-09-13,58.8,60.1,58.8,59.3,1033179
2017-09-14,59.0,60.0,59.0,59.5,1117983
2017-09-17,59.2,60.0,58.8,59.0,1158807
2017-09-18,59.0,59.5,58.7,58.8,893598
2017-09-19,59.0,59.1,57.8,58.0,921673
2017-09-20,58.6,59.5,58.1,58.4,547972
2017-09-21,58.4,58.9,57.3,57.7,604581
2017-09-24,58.0,58.3,57.7,57.9,271276
2017-09-25,57.9,57.9,57.4,57.5,279971
2017-09-26,57.5,58.1,57.4,57.9,184260
2017-09-27,57.9,58.2,57.0,57.3,460192
2017-09-28,57.7,58.0,56.5,56.6,579752
2017-10-02,57.0,57.4,56.0,56.1,601033
2017-10-03,56.3,57.5,55.9,57.1,413253
2017-10-04,56.5,57.6,56.4,56.5,367550
2017-10-05,57.1,57.2,56.3,56.9,240681
2017-10-08,56.5,57.1,56.4,56.5,487383
2017-10-09,56.5,57.0,56.3,56.8,152038
2017-10-10,56.6,57.4,56.6,57.0,155315
2017-10-11,57.0,57.4,56.7,56.9,329677
2017-10-12,57.0,57.4,56.7,56.9,143395
2017-10-15,56.6,57.0,56.3,56.7,217412
2017-10-16,56.3,56.9,56.3,56.6,221391
2017-10-17,56.4,57.1,56.2,56.7,276119
2017-10-18,57.0,57.3,56.5,56.6,314109
2017-10-19,56.6,56.9,56.2,56.4,184578
2017-10-22,56.5,56.7,56.1,56.6,191536
2017-10-23,56.9,56.9,56.4,56.5,93029
2017-10-24,56.8,57.4,56.4,56.5,326676
2017-10-25,56.5,57.0,56.3,56.4,137791
2017-10-26,56.6,57.9,56.5,57.2,309502
2017-10-29,57.0,57.5,56.3,56.4,262051
2017-10-30,56.5,56.9,56.0,56.3,128920
2017-10-31,56.1,56.7,56.1,56.5,172533
2017-11-01,56.2,57.3,56.2,57.2,268668
2017-11-02,57.1,57.5,57.0,57.1,193125
2017-11-05,57.0,57.6,56.9,57.2,415084
2017-11-06,57.0,58.9,57.0,58.6,819982
2017-11-07,58.7,58.7,57.9,58.1,322482
2017-11-08,57.9,58.3,57.4,57.5,386284
2017-11-09,57.5,57.9,57.4,57.5,386438
2017-11-12,57.5,58.0,57.5,57.9,216349
2017-11-13,57.7,58.6,57.7,58.4,398040
2017-11-14,58.0,58.7,58.0,58.1,282079
2017-11-15,58.0,59.5,58.0,59.2,912076
2017-11-16,59.0,59.6,58.5,58.6,360039
2017-11-19,58.7,59.0,58.1,58.2,343298
2017-11-20,58.0,58.5,58.0,58.3,315530
2017-11-21,58.0,58.5,57.6,57.8,318527
2017-11-22,57.8,58.3,57.8,58.0,160846
2017-11-23,58.0,58.2,57.8,57.9,166118
2017-11-26,57.8,58.7,57.8,58.0,189427
2017-11-27,57.9,58.7,57.9,58.5,402707
2017-11-28,58.5,59.6,58.3,59.4,859452
2017-11-29,59.0,59.5,58.7,58.8,366733
2017-11-30,58.5,59.0,58.5,58.9,436414
2017-12-03,58.9,59.3,58.8,59.1,293354
2017-12-04,59.2,60.4,59.0,60.2,1282579
2017-12-05,60.2,61.6,60.2,61.4,1510758
2017-12-06,61.4,61.4,59.9,60.1,880782
2017-12-07,60.1,60.6,59.5,60.5,791093
2017-12-10,60.1,60.7,59.4,59.6,423557
2017-12-11,59.8,60.0,59.2,59.7,353959
2017-12-12,59.5,60.3,59.4,60.0,373739
2017-12-13,60.0,61.3,60.0,60.9,800445
2017-12-14,61.0,61.7,60.3,61.5,964032
2017-12-17,61.0,62.2,60.8,61.2,946981
2017-12-18,61.0,61.4,60.1,60.3,425996
2017-12-19,60.8,60.8,59.9,60.2,350913
2017-12-20,60.8,60.8,60.0,60.3,506982
2017-12-21,60.4,60.8,60.1,60.6,323895
2017-12-24,60.6,60.7,59.9,60.1,481328
2017-12-26,60.5,61.3,60.2,60.6,444667
2017-12-27,60.7,61.1,60.0,60.2,364890
2017-12-28,60.2,60.5,59.7,59.9,373222
2018-01-01,60.4,60.5,59.9,60.4,298281
2018-01-02,60.9,60.9,60.1,60.1,54975
2018-01-03,60.1,60.5,60.0,60.3,520793
2018-01-04,60.3,60.8,59.9,60.1,577433
2018-01-07,60.2,60.3,59.9,60.1,289975
2018-01-08,60.1,60.3,59.8,60.1,365262
2018-01-09,60.0,60.4,59.9,60.2,324356
2018-01-10,60.5,60.5,60.0,60.2,246772
2018-01-11,60.2,60.3,60.0,60.1,313722
2018-01-14,60.1,60.3,59.2,59.4,274055
2018-01-15,60.0,60.0,57.6,58.0,347598
2018-01-16,58.2,58.9,57.5,58.5,241009
2018-01-17,58.8,58.9,58.2,58.3,336812
2018-01-18,58.5,58.5,57.7,58.2,149348
2018-01-21,58.3,59.3,58.0,59.0,238866
2018-01-22,59.3,59.8,58.7,58.9,664660
2018-01-23,59.2,59.2,57.4,57.9,877482
2018-01-24,58.5,58.6,58.0,58.5,254896
2018-01-25,58.5,58.6,58.0,58.4,132236
2018-01-28,59.2,59.2,56.9,57.2,244623
2018-01-29,57.9,58.0,56.7,57.3,503604
2018-01-30,57.4,58.0,56.9,57.2,286001
2018-01-31,57.5,57.5,56.1,56.2,258105
2018-02-01,56.2,56.6,55.9,56.1,136483
2018-02-04,56.0,56.0,54.5,54.8,192766
2018-02-05,54.9,55.3,53.0,54.5,372070
2018-02-06,54.6,55.7,54.5,55.4,223415
2018-02-07,55.0,55.3,54.3,54.5,239523
2018-02-08,55.0,55.1,54.7,55.0,120300
2018-02-11,55.1,56.7,55.1,56.3,225476
2018-02-12,56.9,56.9,55.9,56.7,219378
2018-02-13,56.7,56.9,56.2,56.6,127300
2018-02-14,56.6,56.8,55.9,56.4,414636
2018-02-15,56.4,56.4,55.9,56.0,273867
2018-02-18,56.2,56.3,55.3,55.6,391427
2018-02-20,50.5,51.8,49.3,49.4,339707
2018-02-22,49.8,49.8,48.1,48.4,159280
2018-02-25,48.5,48.5,47.1,47.4,157964
2018-02-26,47.2,47.3,46.7,46.7,213226
2018-02-27,47.0,47.3,46.9,47.2,153013
2018-02-28,47.2,48.0,46.7,47.6,139229
2018-03-01,47.8,47.8,47.2,47.5,113213
2018-03-04,47.8,47.8,47.3,47.4,136115
2018-03-05,47.5,47.5,46.8,46.9,93217
2018-03-06,47.1,47.5,46.9,47.2,214821
2018-03-07,47.4,47.5,46.8,47.0,219943
2018-03-08,47.0,47.8,47.0,47.3,186701
2018-03-11,47.8,47.8,46.7,46.9,112242
2018-03-12,47.0,47.2,46.1,46.5,114323
2018-03-13,46.6,46.7,45.7,45.9,241731
2018-03-14,46.7,46.7,45.1,45.6,131647
2018-03-15,45.6,46.3,45.6,46.1,118391
2018-03-18,46.3,46.4,45.8,46.0,60443
2018-03-19,45.9,46.0,45.2,45.4,111092
2018-03-20,45.5,45.5,44.8,44.9,108097
2018-03-21,44.8,45.0,44.1,44.3,67880
2018-03-22,44.4,44.8,43.6,44.0,138055
2018-03-25,44.6,45.0,44.3,44.4,76278
2018-03-27,44.4,44.4,43.6,43.8,57471
2018-03-28,44.0,44.5,44.0,44.3,127989
2018-03-29,44.5,48.0,44.2,46.1,116891
2018-04-01,46.2,47.2,46.2,46.6,95244
2018-04-02,47.2,47.9,46.2,47.3,146727
2018-04-03,47.2,47.9,46.3,46.7,203840
2018-04-04,47.3,47.3,46.4,46.5,51949
2018-04-05,46.5,47.4,46.3,47.1,106429
2018-04-08,47.1,48.1,47.0,47.7,203967
2018-04-09,47.6,48.5,47.4,48.3,154162
2018-04-10,48.3,48.8,46.9,47.3,439348
2018-04-11,47.4,48.0,47.2,47.3,174902
2018-04-12,47.2,47.3,46.8,47.0,223740
2018-04-15,47.1,47.1,46.5,46.6,172025
2018-04-16,46.5,46.8,46.0,46.5,110413
2018-04-17,46.5,46.8,46.0,46.3,110009
2018-04-18,46.2,46.7,46.0,46.4,38609
2018-04-19,46.7,47.1,46.1,46.8,204683
2018-04-22,46.4,47.3,46.0,46.2,208418
2018-04-23,46.1,46.5,45.9,46.0,176017
2018-04-24,46.0,46.2,45.3,45.6,156469
2018-04-25,45.5,46.1,45.4,45.7,123525
2018-04-26,45.7,46.1,45.3,45.5,65227
2018-04-30,45.5,45.5,44.5,44.8,138912
2018-05-03,44.8,45.0,44.4,44.6,119010
2018-05-06,44.6,45.3,44.5,44.7,171264
2018-05-07,44.8,45.8,44.8,45.2,250613
2018-05-08,45.4,45.4,44.6,44.7,123807
2018-05-09,45.0,45.0,44.3,44.5,178785
2018-05-10,44.6,44.6,44.1,44.2,256218
2018-05-13,44.5,44.8,44.0,44.2,86761
2018-05-14,43.0,44.5,43.0,44.0,115665
2018-05-15,44.2,44.3,43.8,44.0,116281
2018-05-16,43.5,44.1,43.5,43.7,88693
2018-05-17,43.6,44.0,42.8,43.0,207447
2018-05-20,44.0,44.0,42.4,42.5,134445
2018-05-21,42.5,43.2,42.5,42.7,83414
2018-05-22,42.8,43.0,42.5,42.8,132827
2018-05-23,42.5,42.9,42.5,42.7,83846
2018-05-24,42.7,43.2,42.6,42.9,135245
2018-05-27,42.9,43.6,42.9,43.4,117226
2018-05-28,43.3,43.6,42.5,43.1,160826
2018-05-29,43.1,43.2,42.2,42.8,91690
2018-05-30,42.8,43.1,42.8,43.0,47183
2018-05-31,42.9,43.6,42.6,42.9,87193
2018-06-03,43.2,43.2,42.3,42.7,159997
2018-06-04,42.8,42.9,42.3,42.6,68965
2018-06-05,42.4,43.1,42.3,42.8,88973
2018-06-06,42.7,43.3,42.7,42.8,133920
2018-06-07,43.0,43.2,42.7,42.8,86664
2018-06-10,42.8,43.1,42.6,42.8,42848
2018-06-11,43.1,43.9,42.7,42.9,50884
2018-06-12,43.4,43.4,42.8,43.2,83727
2018-06-18,42.8,43.2,42.6,42.8,115128
2018-06-19,42.8,43.4,42.5,42.6,210840
2018-06-20,43.0,44.3,42.9,43.8,239105
2018-06-21,44.0,44.6,43.4,44.0,286806
2018-06-24,44.5,44.9,43.7,44.6,268909
2018-06-25,44.4,45.1,43.5,43.7,177457
2018-06-26,43.7,44.4,43.1,43.2,176787
2018-06-27,43.8,43.8,42.8,43.1,192233
2018-06-28,43.0,43.5,42.8,43.0,118689
2018-07-02,42.7,44.8,42.6,44.5,418015
2018-07-03,44.9,48.9,44.9,48.9,1822341
2018-07-04,50.0,51.7,48.8,50.6,1643674
2018-07-05,51.0,51.6,48.0,48.2,1337659
2018-07-08,48.2,49.5,47.1,47.3,350841
2018-07-09,47.1,48.5,46.8,47.0,428942
2018-07-10,47.6,49.5,46.9,47.4,730117
2018-07-11,48.0,49.7,47.6,48.0,1042760
2018-07-12,48.4,48.4,46.6,47.0,341795
2018-07-15,47.0,47.7,45.3,45.8,441374
2018-07-16,45.9,47.2,45.8,46.6,210940
2018-07-17,47.2,47.3,45.4,45.6,307773
2018-07-18,45.0,45.5,43.8,44.0,431571
2018-07-19,44.0,44.0,42.2,42.9,471116
2018-07-22,43.8,46.7,42.5,45.4,483493
2018-07-23,45.5,45.8,44.0,44.2,322435
2018-07-24,44.3,44.8,43.7,43.9,172328
2018-07-25,43.8,45.5,43.8,43.9,173347
2018-07-26,44.2,44.5,43.8,44.0,169547
2018-07-29,44.1,44.1,43.0,43.2,194070
2018-07-30,43.5,43.5,42.7,42.8,112665
2018-07-31,42.8,43.3,42.7,42.9,111196
2018-08-01,43.0,43.7,42.5,42.8,347332
2018-08-02,42.8,43.2,42.5,42.8,406471
2018-08-05,42.8,42.8,41.5,41.6,279507
2018-08-06,41.8,42.3,41.4,41.6,160509
2018-08-07,41.7,41.7,41.2,41.3,332967
2018-08-08,41.2,41.8,40.9,41.0,425356
2018-08-09,41.1,41.1,40.0,40.4,349152
2018-08-12,40.4,40.6,39.9,40.1,143372
2018-08-13,40.0,40.4,39.8,40.0,236393
2018-08-14,40.1,40.4,39.8,39.9,145284
2018-08-16,40.0,41.5,40.0,40.3,169083
2018-08-19,40.3,42.0,40.3,41.4,187355
2018-08-20,41.4,41.6,41.0,41.3,206289
2018-08-26,41.5,41.9,41.2,41.5,136822
2018-08-27,41.3,42.1,41.0,41.7,209636
2018-08-28,41.9,42.8,41.8,42.3,166607
2018-08-29,42.5,42.5,41.8,42.0,191709
2018-08-30,42.0,42.9,41.7,42.1,179826
2018-09-03,42.3,42.7,42.1,42.2,231596
2018-09-04,42.3,42.7,42.1,42.3,143917
2018-09-05,42.3,44.7,42.3,43.9,683155
2018-09-06,44.3,44.7,43.5,43.9,282179
2018-09-09,43.8,44.1,42.7,42.8,272162
2018-09-10,42.8,43.5,42.1,42.4,236768
2018-09-11,42.4,42.8,42.1,42.1,146995
2018-09-12,42.2,42.5,42.0,42.0,250063
2018-09-13,42.0,42.3,41.6,41.7,212846
2018-09-16,41.7,42.2,41.6,41.7,114387
2018-09-17,41.8,42.0,40.7,41.0,187337
2018-09-18,41.1,41.4,40.6,40.8,148404
2018-09-19,40.8,41.7,40.5,40.8,215697
2018-09-20,40.9,41.4,40.6,41.1,298908
2018-09-23,41.1,41.9,40.9,41.4,216775
2018-09-24,41.3,41.6,40.8,40.9,331089
2018-09-25,41.0,41.6,40.8,40.9,101678
2018-09-26,40.8,41.2,40.8,41.0,104353
2018-09-27,40.9,41.0,40.7,40.8,173330
2018-09-30,40.7,41.1,40.5,40.9,68450
2018-10-01,40.8,41.2,40.6,40.8,73148
2018-10-02,40.8,41.8,40.8,41.4,147427
2018-10-03,41.2,41.8,40.8,41.5,213806
2018-10-04,41.1,41.8,40.9,41.1,95398
2018-10-07,41.1,41.3,40.7,41.0,137115
2018-10-08,40.2,41.9,40.2,41.5,132439
2018-10-09,41.1,41.9,41.1,41.7,154242
2018-10-10,41.4,42.6,41.2,41.5,269308
2018-10-11,41.8,42.0,41.2,41.4,96390
2018-10-14,42.5,42.5,41.0,41.0,84546
2018-10-15,41.1,41.2,41.0,41.1,85213
2018-10-16,41.0,41.2,40.9,41.2,116232
2018-10-17,41.2,41.3,40.8,40.9,114737
2018-10-18,40.8,41.1,40.5,40.8,111578
2018-10-21,40.9,41.1,40.2,40.5,72620
2018-10-22,40.5,40.5,40.0,40.2,110913
2018-10-23,40.0,40.0,38.4,38.8,141793
2018-10-24,39.0,39.0,38.0,38.2,135907
2018-10-25,38.2,38.7,38.1,38.3,69178
2018-10-28,38.2,39.0,37.5,37.7,75831
2018-10-29,37.8,38.4,37.7,38.3,41739
2018-10-30,38.3,39.0,38.0,38.1,108493
2018-10-31,38.2,38.2,37.5,37.6,80878
2018-11-01,37.9,38.4,37.8,38.0,77166
2018-11-04,38.1,38.7,38.0,38.4,54891
2018-11-05,38.8,38.9,38.3,38.5,59317
2018-11-06,38.4,38.6,38.2,38.4,56291
2018-11-07,38.2,38.7,38.1,38.3,29909
2018-11-08,38.5,39.0,38.2,38.4,68110
2018-11-11,38.5,39.0,38.5,38.6,53070
2018-11-12,38.8,38.8,38.2,38.2,40316
2018-11-13,38.7,38.7,38.1,38.4,76188
2018-11-14,38.7,38.7,38.0,38.1,42312
2018-11-15,38.2,38.8,35.1,37.4,153270
2018-11-18,38.0,38.4,37.2,37.7,68139
2018-11-19,37.7,38.0,37.3,37.6,66906
2018-11-20,37.4,40.0,37.1,37.9,96591
2018-11-22,38.0,38.4,37.5,37.7,79335
2018-11-25,38.0,38.4,37.5,38.1,132689
2018-11-26,38.2,38.9,38.0,38.3,78713
2018-11-27,38.3,38.9,38.2,38.4,87721
2018-11-28,38.2,39.0,38.1,38.6,74580
2018-11-29,38.9,39.0,38.6,38.7,103907
2018-12-02,38.5,39.0,38.0,38.6,104546
2018-12-03,39.0,39.2,38.5,39.1,64496
2018-12-04,39.4,39.8,39.0,39.7,92970
2018-12-05,39.5,40.0,39.5,39.9,158973
2018-12-06,40.1,40.4,39.5,39.8,79390
2018-12-09,39.8,39.8,39.2,39.4,72639
2018-12-10,39.3,39.5,39.0,39.1,43579
2018-12-11,38.7,39.1,38.2,38.3,92510
2018-12-12,38.0,39.0,38.0,38.2,109368
2018-12-13,39.0,39.0,38.2,38.6,46594
2018-12-17,38.5,39.5,38.2,38.7,63204
2018-12-18,39.5,39.5,38.5,38.9,153140
2018-12-19,39.8,40.2,38.7,39.9,228338
2018-12-20,39.7,40.3,39.3,39.6,170153
2018-12-23,39.8,39.8,38.6,39.0,102889
2018-12-24,39.4,39.5,38.1,38.5,169196
2018-12-26,39.0,39.6,38.5,39.4,71581
2018-12-27,39.4,39.5,38.8,39.0,184374
2019-01-01,39.2,39.6,39.0,39.4,87110
2019-01-02,39.6,39.8,38.9,39.5,278180
2019-01-03,39.8,41.9,39.6,41.7,416053
2019-01-06,41.9,42.8,41.5,42.5,338228
2019-01-07,42.9,43.3,41.9,42.1,372218
2019-01-08,42.2,43.5,42.0,43.3,400137
2019-01-09,43.5,43.7,42.6,43.3,323654
2019-01-10,43.3,43.3,42.7,42.8,147771
2019-01-13,42.9,43.4,42.5,43.2,261074
2019-01-14,43.2,43.7,42.5,42.8,201243
2019-01-15,42.8,43.2,42.7,43.0,152707
2019-01-16,43.0,43.4,42.7,42.8,182900
2019-01-17,43.0,43.3,42.6,42.9,282989
2019-01-20,42.9,43.2,42.7,43.1,235522
2019-01-21,43.2,43.6,43.0,43.1,187968
2019-01-22,43.1,43.4,42.6,42.8,110479
2019-01-23,42.9,43.0,42.5,42.6,150643
2019-01-24,42.6,42.8,42.3,42.6,152277
2019-01-27,42.6,43.3,42.5,42.9,250110
2019-01-28,42.9,43.0,42.4,42.4,216690
2019-01-29,42.4,42.4,41.6,41.8,211238
2019-01-30,42.5,43.3,41.7,42.4,381908
2019-01-31,42.5,42.7,42.2,42.4,119679
2019-02-03,42.4,43.0,41.1,41.8,212902
2019-02-04,41.8,42.0,41.0,41.2,214218
2019-02-05,41.1,41.6,40.7,41.0,184077
2019-02-06,41.3,41.4,39.7,39.9,302480
2019-02-07,40.5,43.5,40.0,41.4,597265
2019-02-10,41.8,42.5,41.3,41.4,206789
2019-02-11,41.8,41.8,41.2,41.3,90542
2019-02-12,41.2,41.7,41.2,41.5,127821
2019-02-13,41.5,41.7,41.3,41.6,159975
2019-02-14,41.7,41.7,41.2,41.4,117189
2019-02-17,41.1,41.7,41.1,41.5,137877
2019-02-18,42.0,42.4,41.3,42.0,132449
2019-02-19,42.0,42.4,41.8,42.3,133599
2019-02-20,42.7,43.1,42.5,42.6,214608
2019-02-24,42.6,42.6,41.8,41.9,126586
2019-02-25,42.0,42.4,41.8,42.1,264523
2019-02-26,42.0,42.3,41.4,41.6,292245
2019-02-27,41.7,42.0,41.5,41.7,360007
2019-03-04,36.7,37.6,36.0,37.0,243108
2019-03-05,36.9,37.4,36.5,36.7,95294
2019-03-06,36.7,36.8,36.0,36.1,163279
2019-03-07,36.7,36.8,36.2,36.6,100161
2019-03-10,36.6,37.3,36.6,36.9,89487
2019-03-11,36.8,37.7,36.6,36.9,106552
2019-03-12,36.9,36.9,36.5,36.6,102207
2019-03-13,36.6,36.7,35.8,36.1,293658
2019-03-14,36.9,37.9,36.1,36.5,85480
2019-03-18,36.2,36.9,35.5,35.7,82427
2019-03-19,36.5,37.9,35.6,35.8,60385
2019-03-20,35.8,36.4,35.5,35.6,55971
2019-03-21,36.2,36.2,35.5,35.8,24616
2019-03-24,35.4,35.9,35.1,35.1,105440
2019-03-25,35.1,35.7,35.1,35.5,34370
2019-03-27,35.6,35.7,34.9,35.0,122632
2019-03-28,35.0,35.5,34.9,35.2,133427
2019-03-31,35.2,35.5,35.0,35.1,13695
2019-04-01,35.0,35.2,34.6,34.7,59035
2019-04-02,34.7,35.0,34.5,34.6,55827
2019-04-03,34.6,34.6,34.2,34.3,81643
2019-04-04,34.5,34.8,34.0,34.1,37881
2019-04-07,34.1,34.2,33.9,34.0,30752
2019-04-08,33.9,34.4,33.0,33.3,29425
2019-04-09,33.3,33.6,32.9,33.0,34448
2019-04-10,32.9,32.9,32.0,32.4,83410
2019-04-11,32.8,33.3,32.5,32.9,35333
2019-04-15,32.8,33.6,32.6,33.0,34512
2019-04-16,32.7,33.0,32.2,32.5,39237
2019-04-17,32.5,33.1,32.5,32.8,11842
2019-04-18,32.9,33.5,32.9,33.3,50888
2019-04-21,33.2,33.5,32.7,32.8,57639
2019-04-23,32.8,33.0,32.4,32.7,34687
2019-04-24,32.3,32.8,32.1,32.3,58373
2019-04-25,32.3,32.5,32.1,32.4,64894
2019-04-28,32.3,32.6,32.0,32.2,32235
2019-04-29,32.1,32.6,32.0,32.3,45755
2019-04-30,32.3,33.0,32.3,32.8,40875
2019-05-02,33.0,33.5,32.5,33.4,87000
2019-05-05,34.0,34.0,33.4,33.8,67671
2019-05-06,33.4,33.8,32.4,32.8,147612
2019-05-07,32.9,33.2,32.5,32.7,128481
2019-05-08,33.2,33.2,32.5,32.6,63689
2019-05-09,32.6,32.9,32.3,32.5,57038
2019-05-12,32.4,32.8,32.4,32.7,107974
2019-05-13,33.0,33.0,32.5,32.9,26511
2019-05-14,32.2,32.9,32.2,32.5,17124
2019-05-15,32.5,32.8,32.2,32.2,36631
2019-05-16,32.4,32.7,32.4,32.6,26866
2019-05-19,33.0,33.0,32.4,32.7,286345
2019-05-20,32.9,33.0,32.2,32.4,77700
2019-05-21,32.2,32.5,31.9,32.0,101209
2019-05-22,32.2,32.3,31.8,32.0,89620
2019-05-23,31.8,32.3,31.8,32.0,57887
2019-05-26,32.1,32.3,31.0,32.1,69016
2019-05-27,32.4,32.4,32.0,32.1,72279
2019-05-28,32.5,32.5,32.0,32.1,121423
2019-05-29,32.5,32.6,32.2,32.3,29113
2019-05-30,32.3,33.1,32.3,32.9,64438
2019-06-09,32.9,33.3,32.9,33.2,55830
2019-06-10,33.2,34.0,32.9,33.3,157287
2019-06-11,33.6,34.0,33.6,33.9,78320
2019-06-12,33.6,33.9,33.2,33.6,43764
2019-06-13,33.3,33.8,33.0,33.2,60350
2019-06-16,33.7,33.7,32.8,32.9,83837
2019-06-17,33.0,33.4,32.6,32.9,119011
2019-06-18,33.1,33.6,32.9,33.5,92426
2019-06-19,33.1,33.6,33.1,33.5,115805
2019-06-20,33.4,33.5,32.9,33.2,58747
2019-06-23,33.2,33.5,33.0,33.2,52223
2019-06-24,33.0,33.2,32.6,33.0,91205
2019-06-25,32.8,33.4,32.6,33.0,39723
2019-06-26,33.0,33.4,32.6,33.1,15824
2019-06-27,32.8,33.8,32.8,33.4,133105
2019-06-30,33.4,34.0,33.4,33.8,201549
2019-07-02,33.9,34.4,33.6,34.0,130213
2019-07-03,33.8,34.1,33.6,33.9,60283
2019-07-04,33.7,33.7,33.2,33.3,48499
2019-07-07,33.1,33.9,32.9,33.1,52479
2019-07-08,33.1,33.2,32.8,32.8,47406
2019-07-09,32.7,33.0,32.0,32.2,96182
2019-07-10,32.0,32.1,31.8,31.9,38659
2019-07-11,31.8,31.9,31.6,31.8,30139
2019-07-14,31.5,31.8,31.3,31.4,46589
2019-07-15,31.3,31.5,31.0,31.2,31951
2019-07-16,31.2,31.5,30.8,30.8,60625
2019-07-17,31.2,31.8,31.1,31.2,23439
2019-07-18,31.5,31.5,31.0,31.3,38400
2019-07-21,31.0,31.1,30.0,30.1,65979
2019-07-22,30.0,31.2,29.6,29.7,87199
2019-07-23,29.8,31.5,29.7,31.2,86125
2019-07-24,31.1,31.4,30.5,31.1,48508
2019-07-25,30.9,31.6,30.9,31.5,37689
2019-07-28,31.3,31.6,31.2,31.4,49108
2019-07-29,31.2,31.5,31.1,31.4,24461
2019-07-30,31.2,31.6,31.2,31.3,24245
2019-07-31,31.6,32.0,30.8,31.1,54832
2019-08-01,30.8,31.4,30.5,30.6,232112
2019-08-04,30.7,30.9,30.4,30.6,80656
2019-08-05,30.6,30.8,30.6,30.7,51437
2019-08-06,30.5,31.6,30.5,31.2,158505
2019-08-07,31.0,32.0,31.0,31.5,187207
2019-08-08,31.5,32.5,31.3,31.7,174621
2019-08-18,31.8,32.1,31.3,31.9,78506
2019-08-19,31.9,31.9,31.6,31.6,45800
2019-08-20,31.9,32.2,31.3,32.0,149649
2019-08-21,32.4,35.2,32.4,35.2,1149659
2019-08-22,36.0,36.0,34.1,35.1,338886
2019-08-25,35.0,35.0,33.4,33.7,338924
2019-08-26,33.8,33.8,32.5,32.8,163918
2019-08-27,33.0,33.2,32.6,32.9,109825
2019-08-28,32.7,33.1,32.4,32.6,72259
2019-08-29,32.3,33.3,31.8,32.0,121569
2019-09-01,32.0,32.4,31.6,31.8,56356
2019-09-02,31.5,31.9,31.4,31.5,74855
2019-09-03,31.4,31.8,31.2,31.4,73493
2019-09-04,31.5,31.9,31.0,31.5,81862
2019-09-05,31.3,31.8,31.0,31.2,180208
2019-09-08,31.3,31.8,31.3,31.5,58353
2019-09-09,31.8,32.0,31.2,31.4,100259
2019-09-11,31.0,31.3,30.0,30.1,99949
2019-09-12,30.1,30.9,29.0,29.6,138919
2019-09-15,29.8,30.5,29.6,30.2,50642
2019-09-16,30.2,30.8,30.1,30.5,159155
2019-09-17,30.7,31.4,30.4,30.7,210583
2019-09-18,30.7,31.1,30.5,30.9,68150
2019-09-19,30.5,31.0,30.1,30.6,112527
2019-09-22,30.2,30.9,29.9,30.7,62683
2019-09-23,30.7,31.4,30.7,31.0,38403
2019-09-24,31.2,31.4,30.8,31.0,87725
2019-09-25,31.5,31.5,30.3,30.5,100280
2019-09-26,30.5,31.0,30.3,30.7,45201
2019-09-29,30.6,31.0,30.3,30.7,75566
2019-09-30,31.1,31.1,30.1,30.2,49520
2019-10-01,30.8,30.8,30.0,30.2,29985
2019-10-02,30.2,31.5,30.0,30.7,74138
2019-10-03,31.0,31.0,30.3,30.8,68879
2019-10-06,31.2,31.2,30.2,30.3,19042
2019-10-07,30.3,30.8,29.9,30.0,78953
2019-10-09,30.0,30.6,29.5,29.6,58517
2019-10-10,29.5,30.0,29.5,29.6,35920
2019-10-13,29.7,30.0,28.9,29.0,116491
2019-10-14,29.0,29.0,27.7,28.0,233802
2019-10-15,28.7,30.0,28.0,29.8,112219
2019-10-16,29.3,30.9,28.9,30.0,91230
2019-10-17,30.2,30.5,28.9,29.5,43447
2019-10-20,29.5,29.8,28.8,29.0,91789
2019-10-21,29.0,29.7,28.8,29.2,49891
2019-10-22,29.5,29.5,28.0,28.1,72430
2019-10-23,28.2,28.8,27.9,28.6,44513
2019-10-24,28.2,29.1,27.8,28.9,129671
2019-10-27,28.7,29.2,28.7,29.0,33291
2019-10-28,29.2,31.0,28.8,29.5,164868
2019-10-29,29.5,31.5,29.4,31.1,480159
2019-10-30,31.0,31.7,30.8,30.9,221929
2019-10-31,31.0,31.7,30.6,31.1,247279
2019-11-03,31.3,31.7,30.5,31.0,87274
2019-11-04,31.5,31.7,30.3,30.8,106324
2019-11-05,31.2,31.2,30.5,30.8,61831
2019-11-06,31.0,31.1,30.4,30.9,96706
2019-11-07,31.0,31.4,30.2,30.7,144267
2019-11-11,31.0,31.6,30.8,31.5,141800
2019-11-12,31.5,31.8,31.0,31.6,76980
2019-11-13,31.4,31.6,30.6,31.0,61798
2019-11-14,31.4,31.7,30.7,31.5,210182
2019-11-17,31.6,32.1,31.0,31.9,232475
2019-11-18,31.9,32.9,31.7,32.0,174730
2019-11-19,31.6,32.1,31.6,31.8,65321
2019-11-20,32.2,32.2,31.5,31.6,68287
2019-11-21,32.0,32.0,31.5,31.8,21661
2019-11-24,31.5,31.6,31.2,31.4,115986
2019-11-25,31.2,31.6,31.2,31.4,162989
2019-11-26,31.7,32.0,31.2,31.5,117242
2019-11-27,31.9,32.5,31.6,31.7,146964
2019-11-28,31.5,32.4,31.2,32.1,112561
2019-12-01,32.2,32.5,32.0,32.4,95345
2019-12-02,32.1,32.6,31.3,31.5,178828
2019-12-03,31.9,31.9,31.3,31.4,75657
2019-12-04,31.9,32.0,31.0,31.4,71120
2019-12-05,31.8,31.8,31.0,31.1,82372
2019-12-08,30.9,31.4,30.4,30.6,95731
2019-12-09,30.8,30.8,29.8,30.6,76380
2019-12-10,30.5,32.0,30.5,31.0,160258
2019-12-11,31.3,31.5,30.3,31.3,336862
2019-12-12,31.2,31.9,30.7,30.8,355648
2019-12-15,30.6,31.5,30.3,30.5,234099
2019-12-17,30.9,31.4,29.2,29.5,255695
2019-12-18,30.29999924,30.29999924,29.39999962,29.79999924,9867
2019-12-19,29.79999924,30.5,29.60000038,29.70000076,49034
2019-12-22,29.7,30.2,29.7,30.1,32154
2019-12-23,29.8,30.4,29.2,29.5,46262
2019-12-24,29.4,30.1,29.1,29.2,32541
2019-12-26,29.3,29.8,29.0,29.4,78775
2019-12-29,29.5,29.9,28.6,28.8,230164
2019-12-30,28.6,28.9,28.2,28.7,101834
2020-01-01,29.0,29.5,28.9,29.1,54555
2020-01-02,29.4,29.6,29.1,29.5,107129
2020-01-05,29.3,29.5,28.5,28.8,96888
2020-01-06,28.9,30.0,28.7,28.9,64101
2020-01-07,28.7,28.9,28.2,28.3,122301
2020-01-08,28.3,28.4,28.1,28.1,41133
2020-01-09,28.2,28.2,27.7,27.8,40316
2020-01-12,28.2,28.6,28.0,28.0,88961
2020-01-13,28.0,28.4,27.6,27.8,38528
2020-01-14,27.4,27.4,25.7,26.5,104397
2020-01-15,26.8,27.0,26.0,26.5,68062
2020-01-16,26.7,26.8,26.1,26.3,53243
2020-01-19,26.9,28.5,26.9,28.3,84636
2020-01-20,29.0,29.9,28.3,28.8,165108
2020-01-21,29.0,29.6,28.0,29.1,172207
2020-01-22,29.3,29.8,28.7,29.7,274992
2020-01-23,29.4,30.4,29.4,30.2,131008
2020-01-26,30.5,30.8,29.6,30.3,76195
2020-01-27,30.4,30.4,29.6,29.7,84394
2020-01-28,29.7,30.5,29.6,29.9,127832
2020-01-29,30.2,30.2,29.7,29.8,34618
2020-01-30,29.9,30.1,29.7,30.0,76611
2020-02-02,30.0,30.6,30.0,30.5,68461
2020-02-03,30.4,31.3,30.2,31.0,243420
2020-02-04,31.0,31.5,30.7,30.8,90622
2020-02-05,31.5,31.8,30.0,30.1,268364
2020-02-06,30.7,30.7,29.9,30.3,131374
2020-02-09,30.4,30.4,29.6,29.7,97904
2020-02-10,30.0,30.0,29.5,29.8,81109
2020-02-11,30.3,30.7,30.0,30.2,153654
2020-02-12,30.4,31.7,30.4,31.0,360467
2020-02-13,31.2,32.6,31.0,32.5,736063
2020-02-16,32.7,34.6,32.7,33.9,871864
2020-02-17,33.4,34.1,33.0,33.9,500788
2020-02-18,33.9,34.6,33.4,33.6,357790
2020-02-19,33.5,33.9,33.1,33.2,391440
2020-02-20,33.2,35.6,33.1,34.0,1500180
2020-02-23,33.7,33.8,32.7,32.9,172597
2020-02-24,32.7,33.4,32.5,32.9,502632
2020-02-26,31.4,32.5,30.2,30.5,506402
2020-02-27,30.5,31.0,29.2,29.4,248514
2020-03-01,29.5,29.5,27.9,28.4,261867
2020-03-02,28.4,29.3,28.4,29.0,126966
2020-03-03,29.2,30.1,29.2,29.5,125912
2020-03-04,29.5,30.0,28.8,28.9,92112
2020-03-05,28.9,29.3,28.1,28.5,87853
2020-03-08,28.3,28.5,27.5,27.6,102199
2020-03-09,27.5,27.5,24.9,25.0,203083
2020-03-10,25.0,26.8,24.1,26.4,84403
2020-03-11,26.5,28.4,26.5,28.1,253889
2020-03-12,27.5,28.4,27.0,27.8,200852
2020-03-15,27.2,27.2,25.3,26.0,152615
2020-03-16,26.5,27.0,24.4,24.9,149072
2020-03-18,25.5,25.7,22.5,22.9,215078
2020-03-19,26.5,26.5,26.5,26.5,400
2020-03-22,26.5,26.5,26.0,26.0,1888
2020-03-23,26.0,26.0,26.0,26.0,40825
2020-03-24,26.0,26.0,26.0,26.0,3845
2020-03-25,26.0,26.0,26.0,26.0,15884
2020-05-31,26.0,26.0,26.0,26.0,1050
2020-06-01,26.0,26.0,26.0,26.0,839
2020-06-02,26.0,26.0,26.0,26.0,23300
2020-06-03,26.0,26.0,26.0,26.0,165
2020-06-04,26.0,26.0,26.0,26.0,8967
2020-06-07,26.0,26.0,26.0,26.0,580
2020-06-08,26.0,26.0,26.0,26.0,1129
2020-06-09,26.0,26.0,26.0,26.0,4700
2020-06-10,26.0,26.0,26.0,26.0,950
2020-06-11,26.0,26.0,26.0,26.0,4284
2020-06-14,26.0,26.0,26.0,26.0,1000
2020-06-15,26.0,26.0,26.0,26.0,2055
2020-06-16,26.0,26.0,26.0,26.0,275
2020-06-17,26.0,26.0,26.0,26.0,870
2020-06-18,26.0,26.0,26.0,26.0,1000
2020-06-21,26.0,26.0,26.0,26.0,1000
2020-06-22,26.0,26.0,26.0,26.0,100
2020-06-23,26.0,26.0,26.0,26.0,1135
2020-06-24,26.0,26.0,26.0,26.0,2550
2020-06-25,26.0,26.0,26.0,26.0,5850
2020-06-28,26.0,26.0,26.0,26.0,500
2020-06-29,26.0,26.0,26.0,26.0,4450
2020-06-30,26.0,26.0,26.0,26.0,1050
2020-07-02,26.0,26.0,26.0,26.0,1700
2020-07-05,26.0,26.0,26.0,26.0,1000
2020-07-06,26.0,26.0,26.0,26.0,440
2020-07-07,26.0,26.0,26.0,26.0,40
2020-07-08,26.0,26.0,26.0,26.0,2661
2020-07-09,26.0,26.0,26.0,26.0,4538
2020-07-12,26.0,26.0,26.0,26.0,5488
2020-07-13,26.0,26.0,26.0,26.0,3513
2020-07-14,26.0,26.0,26.0,26.0,3090
2020-07-15,26.0,26.0,26.0,26.0,1577
2020-07-16,26.0,26.0,26.0,26.0,5535
2020-07-19,26.0,26.0,26.0,26.0,220
2020-07-20,26.0,26.0,26.0,26.0,2866
2020-07-21,26.0,26.0,26.0,26.0,600
2020-07-22,26.0,26.0,26.0,26.0,6310
2020-07-23,26.0,26.0,26.0,26.0,1160
2020-07-26,26.0,26.0,26.0,26.0,3000
2020-07-27,26.0,26.0,26.0,26.0,12250
2020-07-28,26.0,26.0,26.0,26.0,10595
2020-07-29,26.0,26.0,26.0,26.0,3785
2020-07-30,26.0,26.0,26.0,26.0,19771
2020-08-03,26.0,26.0,26.0,26.0,102902
2020-08-04,26.0,26.0,26.0,26.0,248450
2020-08-05,26.0,26.7,26.0,26.2,497066
2020-08-06,26.2,26.6,26.0,26.0,619423
2020-08-09,26.2,27.4,26.2,26.9,338376
2020-08-10,27.4,27.4,26.4,26.7,181664
2020-08-12,26.8,27.2,26.4,27.0,347830
2020-08-13,27.2,28.0,27.0,27.8,333090
2020-08-16,27.6,29.7,27.6,29.6,357200
2020-08-17,29.3,29.7,28.2,28.5,202319
2020-08-18,28.6,28.6,27.5,27.8,216717
2020-08-19,27.8,28.6,27.8,28.4,217944
2020-08-20,28.5,28.5,27.9,28.4,207417
2020-08-23,28.1,28.8,28.1,28.2,110565
2020-08-24,28.2,28.4,27.5,28.3,122852
2020-08-25,28.1,28.2,27.7,27.9,66347
2020-08-26,28.0,28.2,27.6,27.6,163647
2020-08-27,27.6,28.2,27.6,28.1,105366
2020-08-31,28.4,28.6,27.9,28.0,112937
2020-09-01,27.9,28.1,27.4,27.5,206933
2020-09-02,27.8,28.0,27.3,27.3,99510
2020-09-03,27.4,28.0,27.4,27.8,61792
2020-09-06,27.8,28.4,27.8,28.2,149231
2020-09-07,28.0,28.5,27.8,28.0,58097
2020-09-08,28.3,28.4,27.7,28.2,172088
2020-09-09,28.2,28.4,27.6,27.7,282825
2020-09-10,27.8,27.9,27.5,27.7,261977
2020-09-13,28.0,28.4,27.8,28.2,213842
2020-09-14,28.2,29.5,28.2,29.4,428085
2020-09-15,28.9,29.5,28.7,29.2,226607
2020-09-16,29.3,30.3,28.7,29.7,386898
2020-09-17,29.5,30.4,29.1,29.2,331144
2020-09-20,29.2,29.7,29.1,29.3,147394
2020-09-21,29.3,29.3,28.3,28.6,131287
2020-09-22,28.1,28.5,27.6,28.3,116806
2020-09-23,28.3,28.4,27.9,28.0,71407
2020-09-24,28.3,28.4,27.9,28.1,135242
2020-09-27,28.1,28.2,27.5,27.7,121876
2020-09-28,27.7,28.3,27.4,27.6,288113
2020-09-29,27.7,27.9,27.6,27.7,127256
2020-09-30,27.6,27.9,27.5,27.6,56072
2020-10-01,27.6,27.7,27.2,27.5,179638
2020-10-04,28.1,28.1,27.3,27.5,94333
2020-10-05,27.3,27.8,27.2,27.3,68709
2020-10-06,27.3,27.5,27.0,27.3,68569
2020-10-07,27.4,27.6,27.2,27.5,43217
2020-10-08,27.5,27.5,27.1,27.1,56098
2020-10-11,27.1,27.1,26.7,26.8,71538
2020-10-12,26.6,26.6,26.0,26.3,136781
2020-10-13,26.1,26.5,26.0,26.3,68048
2020-10-14,26.5,27.1,26.5,26.6,75626
2020-10-15,26.6,27.0,26.4,26.5,51295
2020-10-18,26.5,26.8,26.5,26.6,20605
2020-10-19,26.6,26.6,26.3,26.4,36987
2020-10-20,26.4,27.2,26.4,26.8,103014
2020-10-21,27.4,27.4,26.5,26.6,66577
2020-10-22,26.6,26.9,26.2,26.4,71556
2020-10-25,26.4,26.4,26.2,26.2,54163
2020-10-27,26.2,26.8,26.0,26.1,155551
2020-10-28,26.1,26.3,26.0,26.0,93749
2020-10-29,26.0,26.0,26.0,26.0,61541
2020-11-01,26.0,26.3,26.0,26.1,105292
2020-11-02,26.4,26.4,26.0,26.2,206842
2020-11-03,26.2,26.4,26.0,26.0,94447
2020-11-04,26.2,26.3,26.0,26.0,116393
2020-11-05,26.0,26.1,26.0,26.0,54252
2020-11-08,26.0,26.1,26.0,26.0,40280
2020-11-09,26.0,26.1,26.0,26.0,81946
2020-11-10,26.0,26.1,26.0,26.0,117914
2020-11-11,26.0,26.0,26.0,26.0,23125
2020-11-12,26.0,26.0,26.0,26.0,13593
2020-11-15,26.0,26.1,26.0,26.0,86730
2020-11-16,26.0,26.0,26.0,26.0,27811
2020-11-17,26.0,26.0,26.0,26.0,8338
2020-11-18,26.0,26.0,26.0,26.0,5835
2020-11-19,26.0,26.0,26.0,26.0,4994
2020-11-22,26.0,26.0,26.0,26.0,2599
2020-11-23,26.0,26.0,26.0,26.0,13324
2020-11-24,26.0,26.0,26.0,26.0,4841
2020-11-25,26.0,26.0,26.0,26.0,4752
2020-11-26,26.0,26.0,26.0,26.0,2352
2020-11-29,26.0,26.0,26.0,26.0,17167
2020-11-30,26.0,26.0,26.0,26.0,21614
2020-12-01,26.0,26.0,26.0,26.0,6503
2020-12-02,26.0,26.0,26.0,26.0,61387
2020-12-03,26.0,26.6,26.0,26.2,247843
2020-12-06,26.3,26.6,26.2,26.3,94900
2020-12-07,26.3,26.5,26.2,26.3,104046
2020-12-08,26.2,26.5,26.2,26.4,85089
2020-12-09,26.4,27.3,26.2,27.0,202506
2020-12-10,27.3,27.4,27.0,27.2,138369
2020-12-13,27.2,27.4,27.0,27.2,127678
2020-12-14,27.2,27.2,26.7,27.0,125875
2020-12-15,27.0,27.2,26.8,26.9,51689
2020-12-17,27.0,27.0,26.4,26.4,103323
2020-12-20,26.5,26.9,26.5,26.6,46427
2020-12-21,26.5,26.7,26.3,26.4,114838
2020-12-22,26.5,26.5,26.0,26.1,183573
2020-12-23,26.1,26.3,26.0,26.1,119150
2020-12-24,26.1,26.4,26.0,26.2,161230
2020-12-27,26.2,27.2,26.2,27.1,244751
2020-12-28,27.2,27.3,26.5,26.6,67100
2020-12-29,26.6,26.8,26.0,26.4,264386
2020-12-30,26.4,26.8,26.0,26.1,283554
2021-01-03,26.5,27.1,26.3,26.6,204867
2021-01-04,26.7,27.3,26.7,27.2,272009
2021-01-05,27.4,29.9,27.0,28.2,626445
2021-01-06,28.5,29.1,28.0,28.8,412709
2021-01-07,29.0,29.6,28.9,29.1,302342
2021-01-10,29.4,29.6,28.5,28.7,297416
2021-01-11,28.5,28.8,28.0,28.7,285495
2021-01-12,29.0,30.4,28.9,29.9,623135
2021-01-13,29.5,30.4,28.8,28.8,382762
2021-01-14,29.4,29.9,28.8,29.0,266231
2021-01-17,29.1,29.1,28.6,28.7,235346
2021-01-18,28.7,28.8,27.9,28.1,219874
2021-01-19,27.9,29.0,27.5,27.6,478625
2021-01-20,27.5,27.9,26.8,26.9,536407
2021-01-21,27.1,27.7,27.0,27.6,94748
2021-01-24,28.0,28.1,27.2,27.3,110434
2021-01-25,28.1,30.0,28.0,30.0,1853012
2021-01-26,31.4,31.5,29.1,29.2,489822
2021-01-27,29.1,30.0,28.6,28.7,776413
2021-01-28,28.4,29.1,28.3,28.4,229470
2021-01-31,28.5,28.5,27.5,27.7,205433
2021-02-01,27.6,28.2,27.5,27.6,78241
2021-02-02,27.7,28.4,27.5,27.7,95579
2021-02-03,27.4,27.7,27.3,27.4,110773
2021-02-04,27.5,28.6,27.5,28.0,187994
2021-02-07,28.5,28.8,27.4,27.5,173847
2021-02-08,28.2,28.2,26.6,26.8,154144
2021-02-09,27.4,27.5,26.9,27.1,112835
2021-02-10,27.4,27.7,26.8,27.0,211330
2021-02-11,27.6,27.6,26.7,26.9,140055
2021-02-14,26.8,26.9,26.4,26.5,200239
2021-02-15,26.5,27.1,26.3,26.8,180355
2021-02-16,26.9,27.2,26.6,26.6,108477
2021-02-17,27.0,27.0,26.6,26.7,57816
2021-02-18,26.7,27.5,26.6,27.0,198984
2021-02-22,26.8,26.9,26.6,26.8,59613
2021-02-23,26.8,27.0,26.6,26.8,157036
2021-02-24,26.8,27.1,26.8,27.0,242110
2021-02-28,26.0,26.3,26.0,26.1,192445
2021-03-01,26.2,26.4,26.1,26.3,201477
2021-03-02,26.4,27.0,26.4,26.8,264825
2021-03-03,27.2,27.2,26.4,26.7,55595
2021-03-04,26.9,26.9,26.4,26.5,43472
2021-03-07,26.8,26.8,26.2,26.3,77776
2021-03-08,26.2,26.5,26.1,26.2,166444
2021-03-09,26.2,26.3,26.1,26.2,137328
2021-03-10,26.3,26.3,26.1,26.1,91072
2021-03-11,26.1,26.9,26.1,26.7,83901
2021-03-14,26.6,26.7,26.1,26.2,69309
2021-03-15,26.2,26.3,26.2,26.2,29941
2021-03-16,26.7,26.8,26.1,26.2,43196
2021-03-18,26.2,26.2,26.0,26.1,100121
2021-03-21,26.1,26.2,26.0,26.0,171183
2021-03-22,26.0,26.1,26.0,26.0,113025
2021-03-23,26.0,26.2,26.0,26.1,75165
2021-03-24,26.0,26.0,26.0,26.0,48335
2021-03-25,26.0,26.3,26.0,26.1,420540
2021-03-28,26.0,26.4,26.0,26.3,91974
2021-03-29,26.4,26.6,26.3,26.4,101493
2021-03-31,26.4,26.4,26.0,26.0,238626
2021-04-01,26.1,26.5,26.0,26.4,221462
2021-04-04,26.0,26.7,26.0,26.6,699602
2021-04-05,26.7,28.1,26.7,27.9,577230
2021-04-06,28.0,30.6,27.8,30.4,1640082
2021-04-07,30.8,33.4,30.3,32.8,2811813
2021-04-08,32.0,32.6,31.1,31.4,873967
2021-04-11,30.0,30.5,28.6,28.8,332839
2021-04-12,29.0,31.6,29.0,31.4,938418
2021-04-13,30.8,32.3,30.4,31.5,428568
2021-04-15,31.5,31.5,29.5,29.8,346328
2021-04-18,30.5,30.8,29.1,30.4,205040
2021-04-19,29.7,30.8,29.7,30.2,185277
2021-04-20,30.1,31.4,30.0,31.2,344810
2021-04-21,31.3,33.0,30.8,32.6,1041859
2021-04-22,32.7,33.6,32.5,32.8,581794
2021-04-25,32.7,33.0,32.1,32.4,379547
2021-04-26,32.5,34.9,32.4,33.8,1624221
2021-04-27,33.9,33.9,32.0,32.7,431249
2021-04-28,33.0,33.6,32.4,32.7,673530
2021-04-29,32.6,32.9,32.2,32.3,389047
2021-05-02,32.1,34.0,32.0,33.8,935316
2021-05-03,33.9,34.0,33.1,33.5,723364
2021-05-04,34.2,34.4,33.5,33.7,3821597
2021-05-05,33.5,33.9,33.0,33.1,457657
2021-05-06,33.2,33.4,32.2,32.4,1732663
2021-05-09,32.5,33.2,32.0,33.0,1014443
2021-05-11,33.0,33.4,32.6,33.0,419780
2021-05-12,32.6,33.4,32.4,32.6,628858
2021-05-16,32.6,33.6,32.6,33.2,688416
2021-05-17,33.0,33.2,32.5,32.6,493348
2021-05-18,32.2,32.6,32.2,32.3,168737
2021-05-19,32.1,33.0,32.0,32.4,305119
2021-05-20,32.4,32.5,31.5,31.8,282738
2021-05-23,31.8,31.8,30.6,31.4,221403
2021-05-24,31.4,32.2,30.9,31.8,332613
2021-05-25,31.8,32.5,30.4,30.9,500126
2021-05-27,31.4,31.9,30.6,31.6,457632
2021-05-30,31.4,32.9,31.2,32.7,699077
2021-05-31,32.8,33.0,32.0,32.6,265899
2021-06-01,32.8,32.9,31.7,32.0,238088
2021-06-02,32.0,32.2,31.5,31.6,496846
2021-06-03,31.6,31.9,30.8,31.6,530232
2021-06-06,31.9,32.7,31.5,32.4,552697
2021-06-07,31.7,32.7,31.5,31.8,302874
2021-06-08,31.5,32.5,31.4,32.1,273535
2021-06-09,32.5,32.8,32.0,32.7,926306
2021-06-10,33.2,35.9,33.1,35.9,3948829
2021-06-13,38.3,38.3,35.2,36.6,2924585
2021-06-14,36.8,36.9,34.5,35.2,1125096
2021-06-15,35.2,36.0,34.6,35.0,790303
2021-06-16,35.7,36.8,35.1,35.9,1846199
2021-06-17,35.9,37.4,35.6,35.9,2319433
2021-06-20,36.0,37.8,35.8,37.4,1994837
2021-06-21,37.8,38.0,36.7,36.9,1052967
2021-06-22,37.3,37.3,36.0,36.2,924574
2021-06-23,36.4,36.8,35.0,35.2,534283
2021-06-24,35.0,35.6,34.4,35.0,490021
2021-06-27,35.1,35.3,34.1,34.3,264858
2021-06-28,34.1,35.1,34.1,34.6,366227
2021-06-29,34.3,35.0,34.3,34.4,198897
2021-06-30,34.5,35.4,34.2,35.2,423290
2021-07-05,35.9,36.5,35.1,35.5,379789
2021-07-06,35.4,35.5,34.4,35.0,381676
2021-07-07,35.0,35.7,34.8,35.0,306738
2021-07-08,35.0,35.4,34.4,35.1,426745
2021-07-12,35.1,35.7,34.6,35.1,329729
2021-07-13,34.8,36.4,34.8,36.3,793854
2021-07-14,36.6,36.7,35.8,36.0,537712
2021-07-15,36.1,37.5,36.0,37.1,1294311
2021-07-18,37.4,37.6,36.4,37.2,1052576
2021-07-19,37.5,38.8,37.4,38.6,1956791
2021-07-25,38.7,40.5,37.2,39.4,2219026
2021-07-26,40.5,41.1,39.5,40.0,1585821
2021-07-27,40.0,40.2,38.6,39.0,1042440
2021-07-28,39.0,40.0,38.2,39.2,833642
2021-07-29,40.0,42.2,40.0,40.8,2939453
2021-08-02,41.0,42.5,40.9,42.1,2431324
2021-08-03,42.5,43.9,41.7,43.6,3379370
2021-08-05,43.5,46.9,43.1,45.2,4389740
2021-08-09,45.5,46.1,44.4,45.7,3054079
2021-08-10,45.7,45.7,44.0,44.1,1522943
2021-08-11,44.1,44.8,43.0,44.1,1495229
2021-08-12,44.1,45.5,43.9,44.1,2492915
2021-08-16,44.5,45.1,43.4,43.8,1188639
2021-08-17,44.0,45.2,43.6,44.9,1686959
2021-08-18,45.2,46.0,44.0,44.9,1316793
2021-08-19,44.3,45.5,44.0,45.1,602737
2021-08-22,45.3,45.5,44.7,45.0,780466
2021-08-23,45.4,45.6,44.7,44.9,1211296
2021-08-24,45.2,47.0,44.7,46.8,2720262
2021-08-25,46.8,47.8,45.8,45.9,1657486
2021-08-26,45.2,46.0,45.1,45.3,890521
2021-08-29,45.4,46.3,44.9,46.0,1277887
2021-08-31,45.6,46.2,45.1,45.9,465757
2021-09-01,45.9,46.5,45.6,45.8,603425
2021-09-02,45.6,46.9,45.3,46.5,1141605
2021-09-05,46.8,49.2,46.4,48.2,3061424
2021-09-06,48.8,48.9,47.5,48.5,1830714
2021-09-07,48.5,50.8,48.0,49.3,4694820
2021-09-08,49.7,50.1,49.0,49.2,1570202
2021-09-09,49.3,50.1,48.5,49.4,3056501
2021-09-12,49.8,50.0,46.2,47.9,1455241
2021-09-13,47.6,48.9,46.9,47.4,679837
2021-09-14,48.0,48.0,45.5,45.8,1017715
2021-09-15,46.1,46.8,45.3,46.3,616613
2021-09-16,46.7,47.0,45.6,45.7,577011
2021-09-19,46.0,46.5,44.9,45.0,433587
2021-09-20,44.9,46.1,44.9,45.7,466408
2021-09-21,46.7,46.9,45.7,46.2,423914
2021-09-22,46.2,47.4,45.7,47.0,726753
2021-09-23,47.1,47.2,46.1,46.4,1007883
2021-09-26,46.0,46.9,45.8,46.3,239943
2021-09-27,46.3,47.8,46.0,47.3,929662
2021-09-28,47.7,48.0,47.1,47.8,451630
2021-09-29,48.2,48.2,47.1,47.3,275078
2021-09-30,47.3,48.5,47.2,47.8,586571
2021-10-03,48.7,48.8,47.9,48.5,1422539
2021-10-04,48.7,50.9,48.7,49.5,3772878
2021-10-05,49.6,50.0,48.6,49.3,1484862
2021-10-06,49.8,53.0,49.6,52.7,4089047
2021-10-07,53.0,53.9,51.5,51.9,2473493
2021-10-10,52.0,52.9,51.2,51.7,2126741
2021-10-11,52.0,52.2,50.2,50.8,858602
2021-10-12,50.6,50.6,49.0,49.5,711511
2021-10-13,51.0,51.0,48.5,49.1,814913
2021-10-14,49.2,49.2,48.0,48.4,569953
2021-10-17,48.7,48.8,45.9,46.3,436392
2021-10-18,46.1,46.8,45.3,46.0,1107670
2021-10-19,46.3,47.3,45.0,45.3,1007574
2021-10-21,46.4,46.4,44.7,45.2,345418
2021-10-24,45.3,47.3,45.2,47.0,650772
2021-10-25,46.1,47.5,46.0,46.3,326886
2021-10-26,46.7,47.2,45.3,47.1,374336
2021-10-27,47.7,47.9,46.0,47.0,447067
2021-10-28,47.1,47.6,46.5,47.1,234296
2021-10-31,47.5,48.5,46.9,47.2,617127
2021-11-01,47.5,47.5,45.3,45.7,477726
2021-11-02,45.6,46.5,44.5,44.7,313378
2021-11-03,44.8,45.2,43.1,43.4,255291
2021-11-04,43.6,44.5,42.5,43.8,233823
2021-11-07,45.0,45.0,43.3,43.4,64031
2021-11-08,43.0,43.8,42.5,42.8,66594
2021-11-09,42.7,44.4,42.5,44.0,199438
2021-11-10,44.5,45.5,44.0,45.2,316816
2021-11-11,46.0,46.0,44.7,44.9,202927
2021-11-14,45.6,45.9,44.5,44.7,152268
2021-11-15,44.6,44.7,43.0,43.7,130630
2021-11-16,45.0,45.0,42.9,43.9,139617
2021-11-17,43.8,44.5,43.0,43.4,212220
2021-11-18,43.0,44.0,43.0,43.4,172274
2021-11-21,43.3,44.5,43.3,44.0,315013
2021-11-22,44.1,46.0,44.1,44.7,397403
2021-11-23,44.7,45.7,44.3,45.3,330196
2021-11-24,45.1,45.9,44.1,44.5,243653
2021-11-25,44.6,45.0,43.7,44.1,124480
2021-11-28,44.1,44.8,43.6,43.8,331909
2021-11-29,44.5,44.5,43.8,44.2,140503
2021-11-30,44.2,44.3,43.7,43.8,97156
2021-12-01,43.9,44.8,43.8,44.1,108754
2021-12-02,44.0,45.2,43.9,45.0,304964
2021-12-05,45.3,45.6,45.0,45.3,162663
2021-12-06,45.6,45.7,44.8,45.2,61093
2021-12-07,45.4,46.0,45.2,45.7,225183
2021-12-08,45.5,46.0,45.1,45.3,159590
2021-12-09,45.5,46.5,45.3,45.5,76307
2021-12-12,45.9,47.3,45.5,45.7,417932
2021-12-13,45.8,46.4,44.7,44.9,227396
2021-12-14,44.7,45.4,44.1,44.3,138216
2021-12-15,44.1,45.3,44.1,44.7,80493
2021-12-19,44.7,45.5,44.2,44.3,166086
2021-12-20,44.1,44.5,43.7,44.0,125398
2021-12-21,44.0,44.7,43.8,43.9,130594
2021-12-22,43.9,44.2,43.5,43.6,82257
2021-12-23,43.6,44.1,43.1,43.4,218459
2021-12-26,43.8,43.8,41.8,42.4,168737
2021-12-27,42.5,44.6,42.0,43.1,171987
2021-12-28,43.7,44.3,42.6,43.8,112461
2021-12-29,43.8,44.5,43.0,43.1,77336
2021-12-30,43.2,44.7,43.2,44.4,165643
2022-01-02,44.7,44.8,43.8,44.5,194762
2022-01-03,44.1,45.1,44.1,44.3,152834
2022-01-04,44.2,44.6,44.0,44.3,99820
2022-01-05,45.0,45.0,44.4,44.6,159831
2022-01-06,44.9,45.5,44.6,45.1,348077
2022-01-09,45.5,47.9,45.4,46.2,1162199
2022-01-10,46.2,46.5,45.2,46.3,319118
2022-01-11,46.3,50.9,45.9,50.9,4956489
2022-01-12,52.4,55.9,52.0,55.9,12303019
2022-01-13,56.9,58.1,54.9,55.7,6757770
2022-01-16,55.8,61.2,55.3,60.9,12045789
2022-01-17,60.8,60.8,56.1,57.0,7753716
2022-01-18,57.5,59.5,55.1,55.6,7059397
2022-01-19,55.8,56.4,54.0,54.5,3683913
2022-01-20,54.7,55.3,53.0,53.4,3741189
2022-01-23,53.9,57.5,53.3,57.1,4810383
2022-01-24,57.0,57.0,54.5,54.9,3176577
2022-01-25,54.4,56.9,54.4,55.8,3212929
2022-01-26,56.7,58.5,56.5,57.0,5014180
2022-01-27,57.6,58.8,56.9,58.5,5812951
2022-01-30,59.0,60.4,58.7,59.0,5261879
2022-01-31,59.0,59.4,56.9,57.3,3122435
2022-02-01,57.9,62.3,57.2,61.2,5808660
2022-02-02,62.3,63.3,58.6,58.9,4673273
2022-02-03,57.7,57.7,54.8,55.1,5593550
2022-02-06,55.6,56.4,53.1,53.6,3443239
2022-02-07,54.0,55.0,52.3,52.9,2493274
2022-02-08,53.6,53.8,52.3,52.5,1870998
2022-02-09,52.7,54.4,51.9,53.4,2646738
2022-02-10,53.7,54.8,52.8,53.0,1846180
2022-02-13,52.9,53.6,52.0,52.2,1359881
2022-02-14,52.1,53.0,51.1,51.2,1279408
2022-02-15,51.4,52.7,51.0,52.0,1097516
2022-02-16,52.4,52.8,51.2,51.4,1298282
2022-02-17,51.8,51.8,50.9,51.4,1198531
2022-02-20,51.2,51.4,50.3,50.6,1167760
2022-02-22,51.4,51.4,50.0,50.5,877330
2022-02-23,50.9,51.8,50.3,51.2,1365790
2022-02-27,48.0,49.1,47.2,47.7,1367010
2022-02-28,48.4,48.6,47.0,47.1,920453
2022-03-01,47.5,48.5,45.5,45.8,1677370
2022-03-02,45.8,46.2,44.4,44.8,668381
2022-03-03,44.8,46.8,44.6,45.6,782047
2022-03-06,46.0,46.2,44.8,45.0,432582
2022-03-07,44.9,45.3,42.5,42.8,1153494
2022-03-08,44.3,44.4,41.4,44.0,738668
2022-03-09,44.2,46.0,44.0,45.5,1843232
2022-03-10,46.2,46.6,44.9,45.2,1269515
2022-03-13,45.0,48.2,45.0,47.2,2430971
2022-03-14,47.4,47.7,46.7,46.9,996688
2022-03-15,46.5,46.8,46.0,46.1,1924374
2022-03-16,46.6,46.9,45.7,45.9,538519
2022-03-20,46.4,46.4,45.0,45.0,319656
2022-03-21,45.7,45.7,44.1,44.2,643627
2022-03-22,45.4,45.4,44.1,44.8,564206
2022-03-23,45.1,45.5,44.0,44.1,595209
2022-03-24,44.3,44.5,43.3,43.5,772461
2022-03-27,43.5,43.9,42.7,42.7,993643
2022-03-28,42.8,44.5,42.8,44.0,809516
2022-03-29,44.2,45.8,44.0,45.4,1437987
2022-03-30,45.8,46.0,44.8,44.9,637788
2022-03-31,45.4,45.8,44.2,45.3,760296
2022-04-03,45.8,45.8,44.4,44.5,436796
2022-04-04,44.5,44.9,43.7,44.4,491937
2022-04-05,44.0,44.6,43.6,44.1,223928
2022-04-06,43.6,44.8,43.6,43.9,481966
2022-04-07,43.7,44.3,43.6,43.7,327127
2022-04-10,43.8,44.7,43.3,44.4,408914
2022-04-11,44.8,45.3,43.8,43.9,456768
2022-04-12,43.6,43.7,43.1,43.1,372968
2022-04-13,43.2,43.4,42.5,42.9,229533
2022-04-17,42.3,43.0,42.2,42.3,306679
2022-04-18,42.0,42.3,41.5,41.5,526089
2022-04-19,41.5,42.7,40.7,42.3,300601
2022-04-20,42.8,43.3,42.5,43.0,261691
2022-04-21,43.0,44.3,42.8,43.6,584022
2022-04-24,43.7,44.7,43.4,43.9,990545
2022-04-25,43.5,44.0,43.3,43.7,414274
2022-04-26,43.4,44.3,43.4,43.9,468234
2022-04-27,44.4,44.4,43.5,43.8,419552
2022-04-28,43.6,44.0,42.6,43.2,346194
2022-05-05,43.5,43.6,42.5,42.8,182750
2022-05-08,43.6,45.8,43.0,45.1,858146
2022-05-09,45.7,47.8,45.6,47.6,2302217
2022-05-10,47.7,48.8,46.5,46.7,1377036
2022-05-11,46.7,46.9,44.6,44.9,1270167
2022-05-12,45.3,47.4,44.0,45.8,1071346
2022-05-16,46.0,46.0,43.6,43.7,947139
2022-05-17,44.7,44.7,41.9,43.5,666307
2022-05-18,44.3,44.8,41.4,41.8,665993
2022-05-19,41.8,42.3,40.1,41.0,348262
2022-05-22,44.0,44.0,40.2,41.0,332728
2022-05-23,41.0,44.0,41.0,42.6,489522
2022-05-24,43.7,43.9,40.7,41.1,520373
2022-05-25,42.4,42.5,40.8,41.3,417530
2022-05-26,40.5,42.8,40.5,41.8,213307
2022-05-29,44.0,44.0,42.8,43.7,442510
2022-05-30,48.0,48.0,43.2,43.4,550011
2022-05-31,45.6,45.7,43.4,43.8,357495
2022-06-01,43.8,44.5,43.4,43.8,438083
2022-06-02,43.8,45.9,43.7,45.6,1280155
2022-06-05,45.6,48.0,45.6,47.4,2686978
2022-06-06,47.4,48.5,46.6,46.7,1198320
2022-06-07,46.6,46.9,45.8,46.0,1181416
2022-06-08,46.1,48.4,45.8,48.0,2895512
2022-06-09,49.5,49.5,47.6,47.8,1589077
2022-06-12,47.7,48.1,46.9,47.0,1271569
2022-06-13,46.5,47.9,46.2,46.3,645896
2022-06-14,48.4,48.5,46.7,47.0,1653996
2022-06-15,47.6,51.7,47.5,51.7,10146270
2022-06-16,52.7,54.8,51.9,52.3,6750984
2022-06-19,51.6,53.5,51.4,51.6,4836845
2022-06-20,51.6,52.2,50.6,50.6,1735214
2022-06-21,50.0,50.2,49.6,49.7,2762597
2022-06-22,49.6,50.8,49.5,49.8,1608988
2022-06-23,50.0,51.1,49.4,49.6,2027934
2022-06-26,51.4,51.4,48.7,48.7,1338576
2022-06-27,49.1,49.8,47.9,49.4,1667316
2022-06-28,49.7,51.0,49.5,50.2,2498993
2022-06-29,50.2,51.4,49.2,49.3,3060687
2022-06-30,50.0,51.2,48.7,49.3,1011505
2022-07-03,50.0,50.9,48.6,48.9,1113776
2022-07-05,49.2,51.0,49.0,49.3,2767239
2022-07-06,50.5,50.5,48.6,48.7,891854
2022-07-07,49.0,49.3,48.5,48.8,698448
2022-07-12,49.6,49.6,47.9,47.9,918502
2022-07-13,47.6,48.5,47.0,47.0,1261647
2022-07-14,46.8,47.6,46.2,47.2,612161
2022-07-17,47.8,47.8,46.3,46.3,585511
2022-07-18,46.2,46.2,45.4,45.4,422744
2022-07-19,44.5,45.0,44.5,44.5,574223
2022-07-20,43.8,45.2,43.7,44.0,764391
2022-07-21,44.5,44.9,43.2,43.2,1299506
2022-07-24,42.4,43.8,42.4,42.4,446708
2022-07-25,41.7,44.4,41.6,44.2,1160601
2022-07-26,44.8,45.0,43.4,43.4,879695
2022-07-27,43.7,43.7,42.6,42.6,657072
2022-07-28,44.0,44.0,41.8,42.2,622856
2022-07-31,43.0,44.2,42.9,43.6,885895
2022-08-01,43.5,45.4,43.4,44.4,1239024
2022-08-02,44.6,46.3,44.0,45.8,1594739
2022-08-03,47.7,47.7,44.8,45.2,1095575
2022-08-04,46.0,46.0,44.6,44.9,944225
2022-08-07,43.8,45.3,43.4,43.8,1456636
2022-08-08,44.7,44.7,43.6,44.0,976806
2022-08-10,44.1,44.3,43.1,43.2,598819
2022-08-11,43.6,43.7,42.9,43.0,781486
2022-08-14,44.0,44.0,43.0,43.2,339434
2022-08-16,43.9,44.2,43.2,43.9,779957
2022-08-17,44.1,46.4,44.0,45.8,2407978
2022-08-21,46.0,46.8,45.2,45.7,1560741
2022-08-22,45.8,47.4,45.5,46.7,3018759
2022-08-23,47.1,47.1,45.0,45.3,1920541
2022-08-24,45.6,45.7,44.5,44.7,1333206
2022-08-25,44.3,46.4,44.3,45.7,2062464
2022-08-28,46.2,48.7,46.2,46.9,3089124
2022-08-29,47.1,48.1,46.1,46.4,1510860
2022-08-30,46.4,46.9,45.6,45.8,2261169
2022-08-31,46.2,47.7,46.0,46.3,2192500
2022-09-01,46.9,48.5,46.5,48.3,2984263
2022-09-04,49.8,51.6,48.6,49.1,5446444
2022-09-05,49.3,49.5,47.7,47.9,2025388
2022-09-06,48.7,50.7,47.3,50.1,3153619
2022-09-07,51.4,52.0,48.7,49.0,4626528
2022-09-08,49.1,49.8,47.3,47.5,2201408
2022-09-11,46.5,48.5,44.9,46.5,1831513
2022-09-12,46.5,47.4,46.3,46.5,1138478
2022-09-13,47.0,48.3,46.8,47.4,1459301
2022-09-14,47.8,48.0,45.5,46.0,1281879
2022-09-15,46.9,48.0,46.1,46.6,893865
2022-09-18,46.2,46.9,45.4,45.6,1336785
2022-09-19,45.2,46.5,45.2,46.3,1195524
2022-09-20,46.8,47.5,45.6,46.2,2156642
2022-09-21,45.6,46.3,44.5,44.6,1463362
2022-09-22,45.5,45.7,44.3,44.5,1093566
2022-09-25,45.3,46.1,44.5,45.5,1256273
2022-09-26,45.5,45.6,44.7,44.9,781874
2022-09-27,44.8,45.1,44.1,44.3,985630
2022-09-28,44.5,45.5,44.0,45.2,1141717
2022-09-29,45.0,45.7,44.2,44.5,1116648
2022-10-02,44.5,45.2,44.4,44.6,749980
2022-10-03,44.6,45.6,44.6,44.8,1030860
2022-10-04,44.9,45.3,44.7,45.0,565524
2022-10-06,44.8,45.6,44.3,44.5,726377
2022-10-10,44.6,44.7,42.9,43.1,972494
2022-10-11,43.3,43.6,42.9,42.9,852968
2022-10-12,42.9,43.2,42.9,42.9,573805
2022-10-13,43.0,43.2,42.9,42.9,522325
2022-10-16,42.9,43.0,42.9,42.9,487238
2022-10-17,42.9,42.9,42.9,42.9,32635
2022-10-18,42.9,42.9,42.9,42.9,74748
2022-10-19,42.9,42.9,42.9,42.9,164536
2022-10-20,42.9,42.9,42.9,42.9,105469
2022-10-23,42.9,42.9,42.9,42.9,28842
2022-10-24,42.9,42.9,42.9,42.9,3558
2022-10-25,42.9,42.9,42.9,42.9,107064
2022-10-26,42.9,42.9,42.9,42.9,48687
2022-10-27,42.9,42.9,42.9,42.9,5347
2022-10-30,42.9,42.9,42.9,42.9,3621
2022-10-31,42.9,42.9,42.9,42.9,14047
2022-11-01,42.9,42.9,42.9,42.9,100327
2022-11-02,42.9,42.9,42.9,42.9,49763
2022-11-03,42.9,42.9,42.9,42.9,75317
2022-11-06,42.9,42.9,42.9,42.9,136301
2022-11-07,42.9,42.9,42.9,42.9,113631
2022-11-08,42.9,42.9,42.9,42.9,126442
2022-11-09,42.9,42.9,42.9,42.9,100380
2022-11-10,42.9,42.9,42.9,42.9,19535
2022-11-13,42.9,42.9,42.9,42.9,24773
2022-11-14,42.9,42.9,42.9,42.9,1525
2022-11-15,42.9,42.9,42.9,42.9,109
2022-11-16,42.9,42.9,42.9,42.9,9
2022-11-17,42.9,42.9,42.9,42.9,2210
2022-11-20,42.9,42.9,42.9,42.9,2531
2022-11-21,42.9,42.9,42.9,42.9,1001
2022-11-22,42.9,42.9,42.9,42.9,3073
2022-11-23,42.9,42.9,42.9,42.9,3324
2022-11-24,42.9,42.9,42.9,42.9,2876
2022-11-27,42.9,42.9,42.9,42.9,2001
2022-11-28,42.9,42.9,42.9,42.9,235
2022-11-29,42.9,42.9,42.9,42.9,5515
2022-11-30,42.9,42.9,42.9,42.9,130
2022-12-01,42.9,42.9,42.9,42.9,5004
2022-12-04,42.9,42.9,42.9,42.9,3506
2022-12-05,42.9,42.9,42.9,42.9,2241
2022-12-06,42.9,42.9,42.9,42.9,7505
2022-12-07,42.9,42.9,42.9,42.9,21703
2022-12-08,42.9,42.9,42.9,42.9,16245
2022-12-11,42.9,42.9,42.9,42.9,5350
2022-12-12,42.9,42.9,42.9,42.9,2914
2022-12-13,42.9,42.9,42.9,42.9,13696
2022-12-14,42.9,42.9,42.9,42.9,5726
2022-12-15,42.9,42.9,42.9,42.9,203
2022-12-18,42.9,42.9,42.9,42.9,6908
2022-12-19,42.9,42.9,42.9,42.9,2066
2022-12-20,42.9,42.9,42.9,42.9,1161
2022-12-21,42.9,42.9,42.9,42.9,9173
2022-12-26,42.9,42.9,42.9,42.9,3200
2022-12-27,42.9,42.9,42.9,42.9,41
2022-12-28,42.9,42.9,42.9,42.9,1021
2022-12-29,42.9,42.9,42.9,42.9,12358
2023-01-01,42.9,42.9,42.9,42.9,390
2023-01-02,42.9,42.9,42.9,42.9,120
2023-01-03,42.9,42.9,42.9,42.9,569
2023-01-04,42.9,42.9,42.9,42.9,5499
2023-01-05,42.9,42.9,42.9,42.9,315
2023-01-08,42.9,42.9,42.9,42.9,11287
2023-01-09,42.9,42.9,42.9,42.9,275
2023-01-10,42.9,42.9,42.9,42.9,613
2023-01-11,42.9,42.9,42.9,42.9,521
2023-01-12,42.9,42.9,42.9,42.9,624
2023-01-15,42.9,42.9,42.9,42.9,4080
2023-01-16,42.9,42.9,42.9,42.9,12966
2023-01-17,42.9,42.9,42.9,42.9,23115
2023-01-18,42.9,42.9,42.9,42.9,38149
2023-01-19,42.9,42.9,42.9,42.9,2536
2023-01-22,42.9,42.9,42.9,42.9,10463
2023-01-23,42.9,42.9,42.9,42.9,6678
2023-01-24,42.9,42.9,42.9,42.9,24944
2023-01-25,42.9,42.9,42.9,42.9,3504
2023-01-26,42.9,42.9,42.9,42.9,22216
2023-01-29,42.9,42.9,42.9,42.9,2213
2023-01-30,42.9,42.9,42.9,42.9,118
2023-01-31,42.9,42.9,42.9,42.9,1100
2023-02-01,42.9,42.9,42.9,42.9,12254
2023-02-02,42.9,42.9,42.9,42.9,1340
2023-02-05,42.9,42.9,42.9,42.9,950
2023-02-06,42.9,42.9,42.9,42.9,5095
2023-02-07,42.9,42.9,42.9,42.9,7726
2023-02-08,42.9,42.9,42.9,42.9,601
2023-02-09,42.9,42.9,42.9,42.9,2494
2023-02-12,42.9,42.9,42.9,42.9,1526
2023-02-13,42.9,42.9,42.9,42.9,3058
2023-02-14,42.9,42.9,42.9,42.9,1031
2023-02-15,42.9,42.9,42.9,42.9,11133
2023-02-19,42.9,42.9,42.9,42.9,150
2023-02-20,42.9,42.9,42.9,42.9,516
2023-02-22,42.9,42.9,42.9,42.9,2307
2023-02-23,42.9,42.9,42.9,42.9,140
2023-02-27,42.9,42.9,42.9,42.9,201
2023-03-01,42.9,42.9,42.9,42.9,12
2023-03-02,42.9,42.9,42.9,42.9,1
2023-03-05,42.9,42.9,42.9,42.9,51
2023-03-06,42.9,42.9,42.9,42.9,165
2023-03-07,42.9,42.9,42.9,42.9,401
2023-03-12,42.9,42.9,42.9,42.9,2
2023-03-14,42.9,42.9,42.9,42.9,100
2023-03-15,42.9,42.9,42.9,42.9,530
2023-03-16,42.9,42.9,42.9,42.9,49
2023-03-19,42.9,42.9,42.9,42.9,2
2023-03-20,42.9,42.9,42.9,42.9,220
2023-03-21,42.9,42.9,42.9,42.9,50
2023-03-22,42.9,42.9,42.9,42.9,314
2023-03-23,42.9,42.9,42.9,42.9,9
2023-03-27,42.9,42.9,42.9,42.9,422
2023-03-28,42.9,42.9,42.9,42.9,26
2023-03-30,42.9,42.9,42.9,42.9,55
2023-04-02,42.9,42.9,42.9,42.9,3300
2023-04-03,42.9,42.9,42.9,42.9,200
2023-04-04,42.9,42.9,42.9,42.9,1010
2023-04-05,42.9,42.9,42.9,42.9,1
2023-04-06,42.9,42.9,42.9,42.9,611
2023-04-09,42.9,42.9,42.9,42.9,100
2023-04-10,42.9,42.9,42.9,42.9,51
2023-04-12,42.9,42.9,42.9,42.9,51
2023-04-13,42.9,42.9,42.9,42.9,350
2023-04-16,42.9,42.9,42.9,42.9,90
2023-04-17,42.9,42.9,42.9,42.9,105
2023-04-18,42.9,42.9,42.9,42.9,100
2023-04-25,42.9,42.9,42.9,42.9,330
2023-04-26,42.9,42.9,42.9,42.9,17312
2023-04-27,42.9,42.9,42.9,42.9,4018
2023-04-30,42.9,42.9,42.9,42.9,259
2023-05-03,42.9,42.9,42.9,42.9,1341
2023-05-07,42.9,42.9,42.9,42.9,20637
2023-05-08,42.9,42.9,42.9,42.9,2591
2023-05-09,42.9,42.9,42.9,42.9,36
2023-05-10,42.9,42.9,42.9,42.9,550
2023-05-11,42.9,42.9,42.9,42.9,1050
2023-05-14,42.9,42.9,42.9,42.9,494
2023-05-15,42.9,42.9,42.9,42.9,5130
2023-05-16,42.9,42.9,42.9,42.9,10
2023-05-17,42.9,42.9,42.9,42.9,510
2023-05-18,42.9,42.9,42.9,42.9,2266
2023-05-21,42.9,42.9,42.9,42.9,205
2023-05-22,42.9,42.9,42.9,42.9,319
2023-05-23,42.9,42.9,42.9,42.9,1313
2023-05-24,42.9,42.9,42.9,42.9,2162
2023-05-25,42.9,42.9,42.9,42.9,2045
2023-05-28,42.9,42.9,42.9,42.9,1470
2023-05-29,42.9,42.9,42.9,42.9,10753
2023-05-30,42.9,42.9,42.9,42.9,549
2023-05-31,42.9,42.9,42.9,42.9,2389
2023-06-01,42.9,42.9,42.9,42.9,520
2023-06-04,42.9,42.9,42.9,42.9,1541
2023-06-05,42.9,42.9,42.9,42.9,12891
2023-06-06,42.9,42.9,42.9,42.9,2820
2023-06-07,42.9,42.9,42.9,42.9,569
2023-06-08,42.9,42.9,42.9,42.9,1740
2023-06-11,42.9,42.9,42.9,42.9,1561
2023-06-12,42.9,42.9,42.9,42.9,183
2023-06-13,42.9,42.9,42.9,42.9,111
2023-06-14,42.9,42.9,42.9,42.9,2010
2023-06-18,42.9,42.9,42.9,42.9,2470
2023-06-20,42.9,42.9,42.9,42.9,10
2023-06-21,42.9,42.9,42.9,42.9,1621
2023-06-22,42.9,42.9,42.9,42.9,17
2023-06-25,42.9,42.9,42.9,42.9,10
2023-06-26,42.9,42.9,42.9,42.9,1161
2023-07-02,42.9,42.9,42.9,42.9,500
2023-07-03,42.9,42.9,42.9,42.9,1031
2023-07-04,42.9,42.9,42.9,42.9,6598
2023-07-05,42.9,42.9,42.9,42.9,2976
2023-07-06,42.9,42.9,42.9,42.9,5039
2023-07-09,42.9,42.9,42.9,42.9,1997
2023-07-10,42.9,42.9,42.9,42.9,5816
2023-07-11,42.9,42.9,42.9,42.9,4722
2023-07-12,42.9,42.9,42.9,42.9,1220
2023-07-13,42.9,42.9,42.9,42.9,476
2023-07-16,42.9,42.9,42.9,42.9,3061
2023-07-17,42.9,42.9,42.9,42.9,3610
2023-07-18,42.9,42.9,42.9,42.9,1450
2023-07-19,42.9,42.9,42.9,42.9,30392
2023-07-20,42.9,42.9,42.9,42.9,503
2023-07-23,42.9,42.9,42.9,42.9,85
2023-07-24,42.9,42.9,42.9,42.9,341
2023-07-25,42.9,42.9,42.9,42.9,885
2023-07-26,42.9,42.9,42.9,42.9,1115
2023-07-27,42.9,42.9,42.9,42.9,4205
2023-07-30,42.9,42.9,42.9,42.9,183
2023-07-31,42.9,42.9,42.9,42.9,530
2023-08-01,42.9,42.9,42.9,42.9,430
2023-08-02,42.9,42.9,42.9,42.9,10
2023-08-03,42.9,42.9,42.9,42.9,600
2023-08-06,42.9,42.9,42.9,42.9,307
2023-08-07,42.9,42.9,42.9,42.9,94
2023-08-08,42.9,42.9,42.9,42.9,500
2023-08-09,42.9,42.9,42.9,42.9,10
2023-08-10,42.9,42.9,42.9,42.9,12
2023-08-13,42.9,42.9,42.9,42.9,560
2023-08-14,42.9,42.9,42.9,42.9,2
2023-08-20,42.9,42.9,42.9,42.9,1400
2023-08-21,42.9,42.9,42.9,42.9,57
2023-08-22,42.9,42.9,42.9,42.9,70
2023-08-23,42.9,42.9,42.9,42.9,5
2023-08-27,42.9,42.9,42.9,42.9,60
2023-08-29,42.9,42.9,42.9,42.9,310
2023-08-31,42.9,42.9,42.9,42.9,231
2023-09-03,42.9,42.9,42.9,42.9,55
2023-09-04,42.9,42.9,42.9,42.9,130
2023-09-10,42.9,42.9,42.9,42.9,1026
2023-09-13,42.9,42.9,42.9,42.9,120
2023-09-14,42.9,42.9,42.9,42.9,10
2023-09-17,42.9,42.9,42.9,42.9,10001
2023-09-19,42.9,42.9,42.9,42.9,2
2023-09-25,42.9,42.9,42.9,42.9,10
2023-10-02,42.9,42.9,42.9,42.9,1
2023-10-03,42.9,42.9,42.9,42.9,50
2023-10-04,42.9,42.9,42.9,42.9,730
2023-10-05,42.9,42.9,42.9,42.9,20
2023-10-08,42.9,42.9,42.9,42.9,50
2023-10-09,42.9,42.9,42.9,42.9,6100
2023-10-11,42.9,42.9,42.9,42.9,1200
2023-10-15,42.9,42.9,42.9,42.9,100
2023-10-18,42.9,42.9,42.9,42.9,10
2023-10-22,42.9,42.9,42.9,42.9,4
2023-10-23,42.9,42.9,42.9,42.9,5
2023-10-25,42.9,42.9,42.9,42.9,50
2023-10-30,42.9,42.9,42.9,42.9,20
2023-10-31,42.9,42.9,42.9,42.9,265
2023-11-02,42.9,42.9,42.9,42.9,1
2023-11-06,42.9,42.9,42.9,42.9,170
2023-11-08,42.9,42.9,42.9,42.9,120
2023-11-09,42.9,42.9,42.9,42.9,580
2023-11-12,42.9,42.9,42.9,42.9,11
2023-11-13,42.9,42.9,42.9,42.9,60
2023-11-14,42.9,42.9,42.9,42.9,200
2023-11-21,42.9,42.9,42.9,42.9,80
2023-11-26,42.9,42.9,42.9,42.9,50
2023-11-27,42.9,42.9,42.9,42.9,57
2023-11-28,42.9,42.9,42.9,42.9,200
2023-11-29,42.9,42.9,42.9,42.9,100
2023-11-30,42.9,42.9,42.9,42.9,1579
2023-12-03,42.9,42.9,42.9,42.9,112
2023-12-04,42.9,42.9,42.9,42.9,1600
2023-12-05,42.9,42.9,42.9,42.9,111
2023-12-07,42.9,42.9,42.9,42.9,600
2023-12-10,42.9,42.9,42.9,42.9,10
2023-12-11,42.9,42.9,42.9,42.9,124
2023-12-12,42.9,42.9,42.9,42.9,7
2023-12-13,42.9,42.9,42.9,42.9,21
2023-12-14,42.9,42.9,42.9,42.9,245
2023-12-17,42.9,42.9,42.9,42.9,20
2023-12-18,42.9,42.9,42.9,42.9,300
2023-12-19,42.9,42.9,42.9,42.9,202
2023-12-20,42.9,42.9,42.9,42.9,300
2023-12-21,42.9,42.9,42.9,42.9,80
2023-12-24,42.9,42.9,42.9,42.9,1
2023-12-26,42.9,42.9,42.9,42.9,1131
2023-12-28,42.9,42.9,42.9,42.9,25
2024-01-02,42.9,42.9,42.9,42.9,60
2024-01-03,42.9,42.9,42.9,42.9,60
2024-01-04,42.9,42.9,42.9,42.9,1000
2024-01-08,42.9,42.9,42.9,42.9,10
2024-01-09,42.9,42.9,42.9,42.9,190
2024-01-10,42.9,42.9,42.9,42.9,5967
2024-01-11,42.9,42.9,42.9,42.9,827
2024-01-14,42.9,42.9,42.9,42.9,2465
2024-01-16,42.9,42.9,42.9,42.9,305
2024-01-17,42.9,42.9,42.9,42.9,1000
2024-01-18,42.9,42.9,42.9,42.9,5
2024-01-21,38.7,38.7,38.7,38.7,7868
2024-01-22,34.9,38.3,34.9,36.6,1267067
2024-01-23,36.5,37.5,36.2,36.6,313784
2024-01-24,36.6,36.6,35.0,35.1,540149
2024-01-25,35.0,35.7,34.8,35.1,215376
2024-01-28,34.9,35.5,32.0,32.6,271125
2024-01-29,31.8,33.5,31.8,33.0,92688
2024-01-30,29.7,35.1,29.7,34.1,317490
2024-01-31,34.1,34.4,33.1,33.5,268906
2024-02-01,35.0,35.5,33.5,34.9,680707
2024-02-04,35.9,37.5,34.5,36.8,861204
2024-02-05,37.3,37.5,35.9,36.7,583189
2024-02-06,36.0,39.0,36.0,37.3,726459
2024-02-07,37.5,41.0,37.5,41.0,1676841
2024-02-08,42.2,42.6,39.6,39.9,788304
2024-02-11,40.7,40.7,38.3,38.5,826519
2024-02-12,40.1,40.6,39.0,39.9,704895
2024-02-13,39.9,40.8,38.6,38.9,750371
2024-02-14,39.8,39.8,37.9,38.1,349467
2024-02-15,38.0,38.9,37.0,37.5,296198
2024-02-18,37.5,38.6,37.0,38.1,315710
2024-02-20,37.5,37.7,36.5,37.3,311902
