Date,Open,High,Low,Close,Volume
2012-10-01,32.4,33.4,31.2,32.9,1004800
2012-10-02,34.0,34.8,33.1,33.4,769000
2012-10-03,32.8,34.5,32.6,32.8,512600
2012-10-04,33.0,33.1,31.8,32.0,388200
2012-10-07,32.1,32.7,29.2,29.8,262400
2012-10-08,30.4,30.9,28.0,29.4,439200
2012-10-09,29.5,31.9,29.5,31.4,412200
2012-10-10,32.7,33.0,30.0,30.2,458200
2012-10-11,30.0,30.8,29.4,29.6,343400
2012-10-14,30.4,30.4,28.7,29.0,248000
2012-10-15,30.0,30.0,28.7,28.8,332600
2012-10-16,29.2,29.7,28.4,28.5,367000
2012-10-17,29.0,29.0,28.1,28.2,196800
2012-10-18,28.5,28.7,28.2,28.4,137400
2012-10-21,28.2,28.7,28.1,28.1,158800
2012-10-22,28.0,29.0,28.0,28.6,210200
2012-10-23,28.9,29.4,28.5,28.8,136600
2012-10-30,28.4,28.4,27.7,27.8,283200
2012-10-31,27.9,28.2,25.8,26.1,405600
2012-11-01,26.5,27.1,25.9,26.3,484600
2012-11-04,26.8,26.8,26.0,26.3,619800
2012-11-05,26.5,28.5,26.3,27.9,509000
2012-11-06,28.0,28.8,27.9,28.2,403000
2012-11-07,28.4,28.6,27.5,27.8,369800
2012-11-08,27.6,28.0,26.7,27.1,267200
2012-11-11,27.1,27.1,25.7,26.0,281400
2012-11-12,26.0,26.7,25.6,25.8,198200
2012-11-13,25.8,27.4,25.4,27.0,173600
2012-11-14,27.1,27.1,26.3,26.7,213200
2012-11-15,26.5,27.4,26.5,27.1,156800
2012-11-18,27.0,27.7,26.6,26.8,266000
2012-11-19,26.0,26.8,25.8,25.9,183400
2012-11-20,25.9,26.4,25.5,25.6,109000
2012-11-21,26.7,26.9,25.5,25.8,106800
2012-11-22,26.0,26.6,25.7,25.9,324400
2012-11-26,26.0,26.0,25.1,25.3,132600
2012-11-27,25.2,25.2,24.5,24.8,129400
2012-11-28,24.8,25.4,24.6,24.7,119400
2012-11-29,25.9,26.8,25.5,26.3,237800
2012-12-02,26.8,26.8,25.6,25.8,134600
2012-12-03,25.6,25.9,25.0,25.1,111000
2012-12-04,25.0,25.3,24.6,24.9,108600
2012-12-05,24.8,25.3,24.7,24.8,211000
2012-12-06,24.4,25.0,24.4,24.5,220600
2012-12-09,23.5,24.2,23.5,23.7,60800
2012-12-10,24.1,24.1,23.4,23.5,89800
2012-12-11,23.4,24.6,23.0,24.0,144000
2012-12-12,25.2,25.2,23.9,24.0,177400
2012-12-13,24.2,24.7,23.9,24.3,190600
2012-12-17,24.8,25.1,24.4,24.7,255000
2012-12-18,24.9,25.0,24.1,24.2,203800
2012-12-19,24.5,26.4,24.4,25.8,891000
2012-12-20,26.1,26.4,25.6,25.8,257600
2012-12-23,25.6,25.9,24.8,24.9,136600
2012-12-24,24.8,25.2,24.7,24.9,182800
2012-12-26,25.8,25.8,25.0,25.2,155200
2012-12-27,25.1,25.7,25.1,25.4,285400
2012-12-30,25.4,25.7,25.1,25.3,248200
2013-01-01,25.3,25.7,25.2,25.3,185800
2013-01-02,25.5,25.5,24.9,24.9,125800
2013-01-03,25.0,25.5,24.8,25.3,115800
2013-01-06,25.2,25.5,25.0,25.0,188200
2013-01-07,25.1,25.1,24.6,24.7,105000
2013-01-08,24.8,25.1,24.6,24.7,69200
2013-01-09,25.0,25.0,24.5,24.6,99600
2013-01-10,24.6,24.9,24.5,24.7,103000
2013-01-13,24.8,25.2,24.6,24.6,147200
2013-01-14,24.7,24.9,24.5,24.7,120800
2013-01-15,24.9,25.4,24.7,25.3,525600
2013-01-16,25.3,26.0,25.1,25.8,480200
2013-01-17,26.1,26.2,25.7,26.0,329600
2013-01-20,25.8,26.0,25.4,25.4,226600
2013-01-21,25.6,25.6,25.1,25.4,194400
2013-01-22,25.2,26.0,25.2,25.8,350200
2013-01-23,26.1,27.3,26.0,26.8,881400
2013-01-24,27.0,27.3,26.7,27.0,638200
2013-01-27,27.4,27.5,26.3,26.6,472800
2013-01-28,26.8,27.0,26.3,26.8,272600
2013-01-29,27.1,28.5,26.8,28.0,922600
2013-01-30,28.0,28.0,27.2,27.4,401800
2013-01-31,27.4,27.8,27.1,27.4,346400
2013-02-03,27.0,28.2,27.0,28.0,619600
2013-02-04,28.3,28.4,27.5,27.6,582600
2013-02-05,27.8,28.0,27.4,27.8,358400
2013-02-06,28.0,28.5,27.7,27.7,511200
2013-02-07,27.9,27.9,27.6,27.6,275600
2013-02-10,27.9,28.0,27.6,27.7,583200
2013-02-11,27.9,28.6,27.9,28.3,914000
2013-02-12,28.4,28.9,28.1,28.2,645000
2013-02-13,28.2,28.6,28.0,28.4,576400
2013-02-14,28.5,30.0,28.5,29.7,1329600
2013-02-17,30.3,30.3,29.3,29.3,913000
2013-02-18,29.4,30.6,29.3,30.3,1052000
2013-02-19,30.2,31.6,30.2,31.3,1685000
2013-02-20,31.2,31.6,29.9,30.0,1267400
2013-02-24,29.6,30.2,28.1,28.3,515000
2013-02-25,28.9,29.3,27.6,27.7,501400
2013-02-26,28.4,29.1,27.7,28.9,480600
2013-02-27,29.4,29.5,27.7,27.9,651200
2013-02-28,28.2,28.6,27.5,28.2,347600
2013-03-03,27.4,27.7,25.5,25.6,347800
2013-03-04,26.1,27.9,26.1,27.2,273400
2013-03-05,27.5,27.5,26.2,26.3,246600
2013-03-06,26.4,26.7,25.6,25.7,223200
2013-03-07,25.7,25.8,25.1,25.5,227400
2013-03-10,25.8,26.0,24.3,24.8,316000
2013-03-11,24.9,25.2,24.2,24.7,223000
2013-03-12,24.5,25.2,24.2,24.8,193400
2013-03-13,25.0,26.1,25.0,25.2,417600
2013-03-14,25.8,26.0,25.0,25.2,165400
2013-03-18,25.2,25.6,25.0,25.4,113600
2013-03-19,25.1,25.7,25.1,25.2,139200
2013-03-20,25.2,25.3,24.7,24.8,145800
2013-03-24,24.8,24.8,23.7,23.9,142200
2013-03-25,24.0,24.3,23.1,23.2,114000
2013-03-27,23.1,23.1,21.8,22.0,142800
2013-03-28,22.5,23.0,22.4,22.9,95600
2013-03-31,23.4,23.4,22.0,22.2,111800
2013-04-01,22.0,22.0,20.3,20.7,194600
2013-04-02,21.3,21.3,20.9,21.2,120000
2013-04-03,21.5,21.9,21.0,21.1,181400
2013-04-04,20.4,20.4,19.5,19.7,457600
2013-04-07,19.4,19.5,19.1,19.3,181800
2013-04-08,19.3,19.6,18.9,19.4,220600
2013-04-09,19.5,21.1,19.5,20.9,375400
2013-04-10,21.4,21.8,20.4,20.6,311600
2013-04-11,20.2,20.9,20.0,20.6,238000
2013-04-15,20.6,22.4,20.6,22.0,524200
2013-04-16,22.2,22.2,20.7,20.8,401200
2013-04-18,18.8,20.2,18.8,19.6,503800
2013-04-21,20.6,21.0,19.4,19.5,201600
2013-04-22,19.5,19.5,19.1,19.2,83400
2013-04-23,19.1,19.5,19.0,19.0,267200
2013-04-24,19.1,19.3,18.9,18.9,333000
2013-04-25,19.2,19.2,18.6,18.6,226000
2013-04-28,18.4,18.6,17.7,18.0,183200
2013-04-29,18.5,18.5,17.7,17.9,312800
2013-04-30,18.2,18.9,18.1,18.5,186600
2013-05-02,18.1,19.0,18.0,18.7,163000
2013-05-05,18.2,18.9,18.2,18.4,145400
2013-05-06,18.7,18.8,17.9,18.1,130800
2013-05-07,18.3,18.6,18.2,18.3,187800
2013-05-08,18.7,18.9,18.2,18.3,174800
2013-05-09,18.3,18.9,18.2,18.7,215400
2013-05-12,19.0,20.4,19.0,20.0,497200
2013-05-13,20.6,20.7,19.7,20.2,403000
2013-05-14,20.3,21.2,20.3,21.1,745200
2013-05-15,21.3,21.3,20.4,20.4,400400
2013-05-16,20.7,22.0,20.7,21.7,782000
2013-05-19,22.0,23.2,21.8,22.8,939800
2013-05-20,22.8,23.0,21.9,22.0,697400
2013-05-21,22.0,22.4,21.4,21.6,648200
2013-05-22,21.5,22.0,20.7,20.8,440200
2013-05-26,20.2,21.5,19.9,19.9,158000
2013-05-27,20.4,21.0,20.3,20.7,212800
2013-05-28,20.8,21.5,20.5,20.6,263600
2013-05-29,20.9,21.4,20.8,21.1,352200
2013-05-30,21.9,21.9,20.8,20.9,380000
2013-06-02,21.3,22.3,21.2,22.0,762400
2013-06-03,22.3,22.5,21.7,22.3,753000
2013-06-04,22.3,22.4,21.6,21.7,851400
2013-06-05,21.8,23.6,21.6,22.6,1413200
2013-06-06,23.0,23.0,21.9,22.0,580800
2013-06-09,21.1,22.0,21.0,21.1,345200
2013-06-10,21.5,22.4,21.4,22.2,636200
2013-06-11,22.6,22.7,21.5,21.6,682400
2013-06-12,21.7,22.4,21.6,21.7,767200
2013-06-13,21.7,22.3,21.4,21.8,771600
2013-06-16,21.8,23.8,21.8,23.5,1693600
2013-06-17,23.9,24.2,22.6,22.7,856200
2013-06-18,22.5,22.8,22.0,22.4,553400
2013-06-19,22.8,22.9,21.7,21.8,1318400
2013-06-20,22.4,22.4,21.5,21.5,504400
2013-06-23,22.4,22.4,21.0,21.0,264600
2013-06-24,21.0,21.1,20.6,20.8,292800
2013-06-26,20.6,21.6,20.6,20.8,281200
2013-06-27,21.0,21.0,20.4,20.4,290800
2013-06-30,20.2,20.7,20.2,20.3,212600
2013-07-02,21.0,21.4,20.8,21.2,228000
2013-07-03,21.3,21.4,20.8,20.9,370600
2013-07-04,21.2,22.9,21.0,22.7,1806000
2013-07-07,23.2,23.4,22.5,23.2,1136400
2013-07-08,23.5,25.5,23.5,25.5,3106800
2013-07-09,26.4,26.4,24.0,24.4,2067600
2013-07-10,24.8,25.0,23.8,24.0,1172600
2013-07-11,23.8,24.4,22.9,23.0,617200
2013-07-14,23.2,23.7,22.5,22.6,353200
2013-07-15,23.3,23.5,22.5,22.6,524400
2013-07-16,23.0,23.7,22.4,22.5,1135400
2013-07-17,23.1,23.9,22.3,22.3,438800
2013-07-18,22.3,23.1,22.2,22.4,439000
2013-07-21,22.3,22.6,21.5,21.6,221600
2013-07-22,22.0,22.0,20.8,21.1,222000
2013-07-23,21.8,21.8,20.6,21.2,521000
2013-07-24,22.7,22.7,21.0,21.7,255200
2013-07-25,22.8,23.8,20.7,20.9,295200
2013-07-28,21.5,21.5,20.2,20.3,258000
2013-07-29,20.5,21.3,20.5,20.7,179400
2013-07-30,20.8,20.9,20.3,20.3,178400
2013-07-31,20.3,20.7,19.8,19.9,240800
2013-08-01,20.0,20.2,19.9,19.9,130800
2013-08-04,19.9,20.1,19.3,19.8,141200
2013-08-05,19.9,20.1,19.6,19.9,150600
2013-08-12,19.7,20.0,19.6,19.9,68400
2013-08-13,20.2,20.4,19.3,19.8,572200
2013-08-14,20.2,20.2,19.6,19.9,250800
2013-08-18,20.1,21.3,20.0,21.0,319600
2013-08-19,20.7,21.3,20.4,21.0,348000
2013-08-20,21.0,21.5,20.9,21.0,596600
2013-08-21,21.2,21.4,20.9,21.0,368800
2013-08-22,21.3,21.9,21.1,21.8,642200
2013-08-25,22.5,22.5,21.8,21.9,744000
2013-08-26,21.7,23.5,21.7,22.8,1522400
2013-08-27,23.0,23.6,22.5,22.9,1069600
2013-08-29,22.6,23.0,22.2,22.2,436000
2013-09-01,22.0,22.5,21.5,21.7,578000
2013-09-02,21.9,21.9,21.0,21.3,523600
2013-09-03,21.1,22.0,21.0,21.8,374400
2013-09-04,21.3,22.7,21.3,21.9,808000
2013-09-05,22.0,23.0,21.9,22.1,602600
2013-09-08,22.2,22.3,21.4,21.5,424800
2013-09-09,21.8,22.9,21.5,22.6,938400
2013-09-10,22.8,23.1,22.2,22.4,711600
2013-09-11,22.5,22.8,21.5,21.6,657800
2013-09-12,22.1,22.6,21.3,22.2,736400
2013-09-15,22.9,24.3,22.5,23.9,3591600
2013-09-16,24.0,24.3,23.5,23.9,1934000
2013-09-17,24.1,26.2,23.6,26.1,3381600
2013-09-18,26.8,26.8,24.2,24.5,2115200
2013-09-19,24.9,24.9,23.2,24.1,784800
2013-09-22,24.9,24.9,23.7,23.8,790000
2013-09-23,24.2,24.4,23.7,24.2,1072600
2013-09-24,25.0,25.0,23.7,23.9,1188800
2013-09-25,23.7,24.1,22.4,22.7,674600
2013-09-26,22.5,23.2,22.3,22.8,478800
2013-09-29,23.2,23.4,21.5,21.7,657000
2013-09-30,21.9,22.1,21.2,21.4,701200
2013-10-01,21.8,23.5,21.7,23.5,2018600
2013-10-02,24.4,25.3,23.7,23.9,1457600
2013-10-03,23.8,24.5,23.1,23.9,678000
2013-10-06,24.2,24.3,22.2,22.4,648200
2013-10-07,22.6,22.9,21.9,22.1,974800
2013-10-08,22.2,22.6,21.4,21.5,417200
2013-10-09,22.0,22.2,21.0,21.5,547800
2013-10-10,21.5,21.9,21.3,21.4,435800
2013-10-20,21.4,21.4,20.8,21.0,451200
2013-10-21,21.1,21.1,20.3,21.0,371600
2013-10-22,21.0,21.8,21.0,21.5,272600
2013-10-23,21.7,22.2,21.1,21.2,427200
2013-10-24,21.1,21.2,20.6,20.7,321600
2013-10-27,20.8,21.2,20.8,21.0,392200
2013-10-28,21.2,21.7,20.8,20.9,623400
2013-10-29,20.7,21.3,20.7,20.7,595000
2013-10-30,21.4,21.5,20.8,20.9,451000
2013-10-31,21.0,21.8,20.9,21.4,819200
2013-11-03,21.3,21.5,21.1,21.2,626400
2013-11-04,21.4,22.2,21.4,21.9,666800
2013-11-05,21.8,22.7,21.8,21.8,747000
2013-11-06,22.2,22.2,21.5,21.6,325800
2013-11-07,21.6,22.0,21.5,21.7,541800
2013-11-10,21.6,21.6,21.1,21.1,643200
2013-11-11,21.3,21.8,21.3,21.4,434600
2013-11-12,22.0,22.0,21.3,21.4,268400
2013-11-13,21.6,22.2,21.5,21.9,751400
2013-11-14,22.1,22.7,21.7,21.9,794000
2013-11-17,21.9,22.6,21.9,22.5,719600
2013-11-18,22.6,23.7,22.6,23.4,1559800
2013-11-19,23.6,24.2,23.0,23.2,1154200
2013-11-20,23.6,24.0,23.2,23.8,1398000
2013-11-21,24.0,24.9,23.3,24.8,2328200
2013-11-24,25.0,25.0,23.7,23.9,1263400
2013-11-25,24.0,26.2,24.0,25.4,2561400
2013-11-26,24.7,25.6,24.1,24.3,1988200
2013-11-27,24.6,24.8,23.8,24.1,808400
2013-11-28,24.6,24.6,23.7,23.9,657800
2013-12-01,23.9,24.0,22.6,23.0,595000
2013-12-02,23.4,24.0,23.1,23.3,474800
2013-12-03,23.7,24.1,23.5,23.8,383000
2013-12-04,24.0,24.7,23.7,24.3,686600
2013-12-05,24.3,24.6,24.0,24.3,637400
2013-12-08,24.5,25.4,24.3,25.1,1247800
2013-12-09,25.2,26.2,24.8,25.5,2413000
2013-12-10,25.8,26.8,25.5,26.5,2929600
2013-12-11,26.1,27.9,26.0,27.7,2305600
2013-12-12,27.8,27.8,26.1,26.7,1878600
2013-12-15,26.7,28.2,26.5,27.3,2172400
2013-12-17,28.4,29.8,28.0,29.4,3687800
2013-12-18,29.0,29.4,27.5,27.6,2339600
2013-12-19,27.5,29.1,27.5,28.8,1993000
2013-12-22,29.5,31.2,29.0,29.4,2140800
2013-12-23,29.5,29.8,28.5,28.6,1059600
2013-12-24,28.6,28.6,27.4,27.6,909800
2013-12-26,27.8,28.1,26.9,27.1,707600
2013-12-29,27.1,27.2,26.5,26.6,427600
2013-12-30,27.3,27.8,26.9,26.9,537000
2014-01-01,27.6,27.8,26.8,26.8,722600
2014-01-02,26.9,27.3,26.6,26.8,604600
2014-01-06,27.1,27.2,26.5,26.7,688400
2014-01-07,26.9,28.5,26.8,27.7,1690400
2014-01-08,28.2,28.8,27.9,28.2,1437200
2014-01-09,28.6,28.7,27.7,27.8,1313600
2014-01-12,28.4,28.6,27.5,27.6,1175600
2014-01-13,28.1,28.1,27.3,27.3,1040600
2014-01-15,27.3,27.8,27.3,27.4,976000
2014-01-16,27.6,28.3,27.5,27.9,1356600
2014-01-19,28.5,28.5,27.0,27.2,1098200
2014-01-20,27.5,27.8,27.3,27.5,664400
2014-01-21,27.6,27.8,27.3,27.6,780600
2014-01-22,27.5,28.1,27.4,27.5,1084800
2014-01-23,27.7,27.9,27.3,27.4,1193000
2014-01-26,27.8,28.4,27.5,28.0,1483600
2014-01-27,28.3,28.5,27.5,27.7,786200
2014-01-28,28.0,28.2,27.5,27.6,614400
2014-01-29,27.9,27.9,27.4,27.5,846200
2014-01-30,27.5,27.8,27.4,27.5,794200
2014-02-02,27.3,27.6,27.0,27.0,867200
2014-02-03,27.2,27.7,26.9,27.5,696600
2014-02-04,27.6,28.3,27.6,27.6,956200
2014-02-05,27.8,27.9,27.2,27.2,447400
2014-02-06,27.2,27.6,27.0,27.0,495800
2014-02-09,27.3,27.3,26.6,26.8,701400
2014-02-10,27.1,27.1,26.5,26.5,574200
2014-02-11,26.7,26.8,26.0,26.1,342600
2014-02-12,26.3,26.6,25.8,25.8,340600
2014-02-13,25.7,26.2,25.7,25.9,259000
2014-02-16,26.9,27.0,25.5,25.6,327200
2014-02-17,25.6,26.0,25.5,25.5,213000
2014-02-18,25.6,25.9,25.4,25.6,251200
2014-02-19,25.5,25.9,25.5,25.8,143200
2014-02-20,25.5,26.7,25.5,26.0,455400
2014-02-23,26.1,26.2,25.6,25.6,278800
2014-02-24,25.5,26.0,25.5,25.5,346800
2014-02-25,25.6,26.0,25.5,25.6,323600
2014-02-26,25.8,25.8,25.5,25.5,184200
2014-02-27,25.5,25.9,25.2,25.3,377600
2014-03-02,25.4,25.4,24.0,24.3,371400
2014-03-03,24.4,24.7,23.7,23.7,334600
2014-03-04,24.0,24.9,23.9,24.6,350600
2014-03-05,24.7,24.9,24.1,24.2,182800
2014-03-06,24.1,24.3,23.8,24.0,186600
2014-03-09,24.1,24.2,23.3,23.4,235000
2014-03-10,23.8,24.1,23.4,23.5,233000
2014-03-11,23.5,23.7,23.4,23.4,267400
2014-03-12,23.9,24.3,23.5,23.7,266000
2014-03-13,24.4,24.4,23.5,23.6,153800
2014-03-16,23.6,24.3,23.4,23.8,343000
2014-03-18,24.0,24.5,23.6,23.8,375800
2014-03-19,23.5,23.9,23.1,23.2,231200
2014-03-20,23.3,23.6,23.2,23.2,205800
2014-03-23,23.2,23.7,22.7,22.9,455200
2014-03-24,22.7,22.9,22.3,22.4,404400
2014-03-25,22.6,22.9,22.2,22.3,137200
2014-03-27,22.1,22.4,21.9,22.0,325400
2014-03-30,22.1,22.2,21.3,21.4,405200
2014-03-31,21.5,22.4,21.5,21.6,399600
2014-04-01,21.8,22.0,21.3,21.4,276000
2014-04-02,21.6,21.9,21.4,21.5,515000
2014-04-03,21.5,22.1,21.5,21.6,461200
2014-04-06,22.2,22.2,21.0,21.1,440200
2014-04-07,21.3,21.3,20.8,20.9,210600
2014-04-08,20.8,20.8,20.4,20.4,312000
2014-04-09,21.3,21.3,20.4,20.7,192000
2014-04-10,20.5,21.4,20.4,21.1,234600
2014-04-13,21.0,21.2,20.8,21.0,149000
2014-04-15,21.1,21.1,20.5,20.6,339600
2014-04-16,20.4,20.7,20.0,20.1,416000
2014-04-17,19.9,21.1,19.9,20.8,346600
2014-04-20,21.0,21.7,20.9,21.5,383600
2014-04-21,21.6,21.7,21.1,21.3,259600
2014-04-22,21.2,21.6,21.1,21.1,233000
2014-04-23,22.4,22.4,21.1,21.1,292000
2014-04-24,21.2,21.5,21.2,21.3,417400
2014-04-27,21.2,21.2,20.6,20.6,443000
2014-04-28,20.5,20.7,19.9,20.0,308800
2014-04-29,20.1,20.3,19.3,19.3,281600
2014-04-30,19.3,20.0,19.3,19.7,295200
2014-05-04,20.5,20.5,19.5,19.5,216600
2014-05-05,19.5,20.0,19.4,19.8,292400
2014-05-06,19.8,20.5,19.6,20.2,258000
2014-05-07,20.3,20.7,20.2,20.4,359400
2014-05-11,19.0,19.1,18.4,18.8,358600
2014-05-12,19.1,19.5,18.6,19.0,326000
2014-05-14,18.8,18.9,18.4,18.4,259800
2014-05-15,18.3,18.6,18.3,18.5,209200
2014-05-18,18.5,18.6,18.1,18.2,199200
2014-05-19,18.1,18.3,17.9,18.0,146000
2014-05-20,18.5,18.5,18.0,18.0,164200
2014-05-21,18.2,18.5,18.2,18.4,170200
2014-05-22,19.0,20.0,18.4,18.6,295800
2014-05-25,18.5,18.6,18.3,18.4,60400
2014-05-26,18.3,18.5,18.2,18.2,125200
2014-05-27,18.2,18.4,18.0,18.1,108600
2014-05-28,18.2,18.2,18.0,18.0,121800
2014-05-29,18.1,18.2,17.8,17.8,148400
2014-06-01,17.8,17.9,17.5,17.5,178400
2014-06-02,17.5,17.6,17.3,17.3,164400
2014-06-03,17.3,17.5,16.9,17.1,270800
2014-06-04,17.2,17.2,16.5,16.6,173000
2014-06-05,16.4,17.0,16.4,16.6,60600
2014-06-08,16.6,16.9,16.4,16.7,178400
2014-06-09,16.8,18.0,16.8,17.8,376000
2014-06-10,17.6,17.7,17.2,17.4,167200
2014-06-11,17.5,17.7,17.4,17.4,233800
2014-06-12,17.6,17.6,17.2,17.3,168200
2014-06-15,17.0,17.2,16.9,16.9,115400
2014-06-16,17.0,17.0,16.6,16.6,116800
2014-06-17,17.1,17.2,16.5,16.6,150400
2014-06-18,16.5,16.8,16.5,16.7,152800
2014-06-19,16.8,16.9,16.6,16.7,83600
2014-06-22,16.6,17.0,16.6,16.7,89800
2014-06-23,16.7,17.0,16.7,16.8,97400
2014-06-24,16.8,17.5,16.8,17.3,257200
2014-06-25,17.6,17.6,17.2,17.2,119800
2014-06-26,17.2,17.4,17.0,17.1,199200
2014-06-29,17.3,18.7,17.2,18.5,1000800
2014-06-30,18.7,19.1,17.6,17.9,715600
2014-07-02,18.0,18.0,17.6,17.7,188600
2014-07-03,18.0,18.4,17.8,18.0,372200
2014-07-06,18.1,18.3,17.7,17.8,186400
2014-07-07,18.0,18.0,17.5,17.5,160000
2014-07-08,17.4,17.7,17.3,17.3,96600
2014-07-09,17.4,17.5,17.2,17.3,91200
2014-07-10,17.4,17.5,17.2,17.2,123800
2014-07-13,17.6,17.6,17.0,17.0,98600
2014-07-14,17.0,17.4,17.0,17.2,96400
2014-07-15,17.1,17.3,17.0,17.1,91600
2014-07-16,17.2,17.3,17.0,17.0,140400
2014-07-17,17.1,17.2,17.0,17.0,191600
2014-07-20,17.1,17.1,16.7,16.8,185000
2014-07-21,16.8,17.2,16.7,17.0,211400
2014-07-22,17.0,17.3,17.0,17.2,207400
2014-07-23,17.2,17.3,16.9,16.9,209600
2014-07-24,17.0,17.1,16.9,17.0,72800
2014-08-03,17.6,17.6,16.9,17.1,163800
2014-08-04,17.2,17.7,17.0,17.6,308200
2014-08-05,17.8,17.8,17.4,17.6,245600
2014-08-06,17.8,18.4,17.7,17.9,497200
2014-08-07,17.6,18.0,17.5,17.6,175800
2014-08-10,17.5,18.0,17.5,17.5,542400
2014-08-11,17.5,17.9,17.5,17.6,494600
2014-08-12,17.5,18.1,17.5,17.7,564600
2014-08-13,17.7,17.9,17.5,17.5,376600
2014-08-14,17.6,18.0,17.6,17.8,417800
2014-08-18,17.7,17.8,17.5,17.5,300000
2014-08-19,17.5,17.6,17.1,17.1,543600
2014-08-20,17.2,17.4,17.0,17.0,438800
2014-08-21,16.9,17.2,16.8,16.8,257600
2014-08-24,16.8,17.1,16.7,16.7,521800
2014-08-25,16.6,17.7,16.6,17.1,377600
2014-08-26,17.3,18.5,17.3,18.3,2106200
2014-08-27,18.5,18.7,18.0,18.0,1204800
2014-08-28,18.0,19.5,17.9,18.9,2317800
2014-08-31,19.4,19.4,18.5,18.6,1367200
2014-09-01,18.8,19.9,18.2,19.7,2526600
2014-09-02,19.9,21.6,19.9,21.5,5390600
2014-09-03,21.5,23.4,21.5,22.2,4515600
2014-09-04,22.0,23.7,21.9,23.1,3524800
2014-09-07,23.6,23.6,21.9,22.1,1764600
2014-09-08,22.6,22.7,20.9,21.0,1129600
2014-09-09,21.0,21.4,20.4,20.6,1028400
2014-09-10,20.9,22.3,20.7,21.7,2011200
2014-09-11,21.8,22.3,20.8,21.0,1711800
2014-09-14,21.5,21.5,20.1,20.3,1717800
2014-09-15,20.8,20.9,20.1,20.2,1582600
2014-09-16,20.5,22.2,20.5,22.1,3746800
2014-09-17,22.4,22.8,21.0,21.5,2308000
2014-09-18,21.6,21.8,21.0,21.2,2039000
2014-09-21,21.8,22.4,21.2,21.7,2598600
2014-09-22,22.5,22.9,21.6,21.9,2234200
2014-09-23,22.4,22.5,21.1,21.2,1452000
2014-09-24,21.2,21.8,20.8,20.9,1420000
2014-09-25,21.2,21.4,20.6,21.2,1615600
2014-09-28,21.9,23.2,21.9,22.8,3556000
2014-09-29,22.8,23.2,21.6,21.8,1491600
2014-09-30,21.8,22.0,21.1,21.2,1068400
2014-10-01,21.8,21.8,21.0,21.2,1068800
2014-10-02,21.5,22.0,21.3,21.4,913400
2014-10-12,21.5,21.9,21.3,21.5,1203800
2014-10-13,22.0,22.2,21.6,21.7,1613800
2014-10-14,22.0,22.8,21.8,22.5,2839000
2014-10-15,22.8,24.2,22.5,23.7,5382200
2014-10-16,23.8,23.8,22.7,22.9,1958800
2014-10-19,23.0,23.0,21.7,21.8,1127200
2014-10-20,22.2,22.5,21.2,22.0,1243200
2014-10-21,22.5,23.1,22.2,22.9,1320800
2014-10-22,23.0,23.0,22.1,22.3,1088200
2014-10-23,22.2,22.5,22.0,22.0,576200
2014-10-26,22.3,22.3,21.5,21.5,504800
2014-10-27,21.6,21.9,21.3,21.7,412800
2014-10-28,21.9,22.0,21.4,21.5,489800
2014-10-29,21.5,22.0,21.5,21.9,534400
2014-10-30,22.1,22.5,21.4,21.6,1032000
2014-11-02,21.9,21.9,21.0,21.1,564600
2014-11-03,21.4,22.0,21.0,21.6,800600
2014-11-05,22.2,22.3,21.4,21.5,822800
2014-11-06,21.8,21.9,21.3,21.5,607200
2014-11-09,21.6,23.2,21.6,22.3,2492200
2014-11-10,22.7,23.9,22.5,22.8,3211400
2014-11-11,22.8,24.7,22.7,24.2,3397600
2014-11-12,24.8,25.0,23.2,23.7,2835200
2014-11-13,24.2,24.3,23.3,23.4,1716600
2014-11-16,23.4,23.4,22.7,22.8,955000
2014-11-17,23.2,23.4,22.1,22.3,713400
2014-11-18,22.5,23.1,22.3,22.8,802000
2014-11-19,23.1,23.5,22.7,22.8,693400
2014-11-20,22.8,23.1,22.4,22.5,537800
2014-11-23,22.2,22.4,21.8,21.8,515400
2014-11-24,21.9,22.0,21.3,21.6,455400
2014-11-25,22.6,22.6,21.7,21.9,388800
2014-11-26,21.9,22.1,21.5,21.6,366200
2014-11-27,21.5,21.8,21.4,21.5,312800
2014-11-30,21.8,21.8,21.4,21.5,286800
2014-12-01,21.5,22.0,21.5,21.8,314200
2014-12-02,22.0,22.2,21.8,22.0,278400
2014-12-03,22.1,22.4,21.8,22.1,504600
2014-12-04,22.3,22.9,22.0,22.4,875400
2014-12-07,22.4,22.7,22.2,22.2,449800
2014-12-08,22.1,22.2,21.7,21.8,394000
2014-12-09,22.0,22.3,21.9,21.9,471600
2014-12-10,22.0,22.3,21.7,21.8,344600
2014-12-11,21.5,22.0,21.4,21.5,167189
2014-12-14,21.5,22.0,21.4,21.9,224326
2014-12-15,22.0,22.3,21.7,22.0,308016
2014-12-17,21.8,22.2,21.5,21.7,424901
2014-12-18,22.2,22.2,21.5,21.7,398298
2014-12-21,22.4,23.4,21.9,22.9,1695790
2014-12-22,22.6,23.0,21.9,22.0,515432
2014-12-23,22.1,22.4,21.8,22.0,350626
2014-12-24,22.0,22.0,21.4,21.6,537790
2014-12-28,21.7,21.7,21.4,21.5,248762
2014-12-29,21.6,21.8,21.4,21.5,229497
2014-12-30,21.4,21.9,21.4,21.7,212678
2015-01-01,21.9,22.1,21.6,22.0,232334
2015-01-05,21.8,21.8,21.5,21.6,216916
2015-01-06,21.8,21.9,21.6,21.6,346330
2015-01-07,21.7,22.2,21.6,21.8,538607
2015-01-08,21.7,21.9,21.5,21.6,362350
2015-01-11,21.6,21.9,21.5,21.6,470481
2015-01-12,21.5,22.2,21.5,22.0,654099
2015-01-13,22.0,22.5,22.0,22.3,626497
2015-01-14,22.4,22.4,21.7,21.8,356652
2015-01-15,22.0,22.1,21.6,21.7,608264
2015-01-18,22.0,22.1,21.5,21.6,266817
2015-01-19,21.8,21.8,21.2,21.3,315055
2015-01-20,21.4,21.5,20.8,21.0,666845
2015-01-21,21.4,21.4,20.2,20.6,314788
2015-01-22,20.5,21.0,20.4,20.8,353899
2015-01-25,20.7,20.7,19.8,20.1,412977
2015-01-26,20.3,20.7,20.0,20.4,277815
2015-01-27,20.3,20.6,20.0,20.4,194760
2015-01-28,20.3,20.6,20.1,20.1,139710
2015-01-29,20.1,20.1,19.8,19.9,295167
2015-02-01,19.5,19.9,19.2,19.4,205175
2015-02-02,19.4,19.5,18.7,19.0,341901
2015-02-03,19.9,19.9,18.9,19.1,196322
2015-02-04,19.0,19.1,18.7,18.8,191411
2015-02-05,18.7,19.0,18.7,18.8,130984
2015-02-08,19.0,19.0,18.5,18.8,315118
2015-02-09,18.8,18.9,18.4,18.5,280382
2015-02-10,18.7,19.1,18.7,19.0,259614
2015-02-11,19.1,20.2,18.9,20.0,409712
2015-02-12,20.5,20.8,19.9,20.6,623374
2015-02-15,20.3,20.7,20.1,20.4,380050
2015-02-16,20.2,20.6,20.0,20.5,753987
2015-02-17,19.8,20.9,19.8,20.7,286807
2015-02-18,20.7,20.8,20.1,20.3,279705
2015-02-19,20.2,20.3,19.9,20.1,218990
2015-02-22,20.1,20.2,19.8,19.9,149349
2015-02-23,20.0,20.1,19.7,19.9,342399
2015-02-24,20.0,20.0,19.6,19.7,232693
2015-02-25,19.8,19.8,18.9,19.1,230807
2015-02-26,19.0,19.4,18.8,19.0,270870
2015-03-01,18.9,19.0,18.7,18.8,126354
2015-03-02,18.8,19.1,18.3,18.9,220553
2015-03-03,18.7,19.0,18.4,18.9,197770
2015-03-04,19.0,19.4,18.6,19.0,196664
2015-03-05,18.8,19.0,18.7,18.8,86381
2015-03-08,18.7,18.9,18.4,18.6,106918
2015-03-09,18.8,19.4,18.7,19.3,291453
2015-03-10,18.9,19.6,18.9,19.1,322156
2015-03-11,18.9,19.1,18.4,18.6,360493
2015-03-12,18.5,18.6,18.3,18.4,174099
2015-03-15,18.5,18.7,18.0,18.1,130012
2015-03-16,17.9,18.0,17.5,17.5,160747
2015-03-18,17.4,17.5,16.5,17.3,103342
2015-03-19,17.2,17.7,17.2,17.6,71549
2015-03-22,17.7,18.2,17.7,18.1,217832
2015-03-23,18.0,18.1,17.6,17.7,105473
2015-03-24,17.8,17.8,17.3,17.4,181612
2015-03-25,17.2,17.5,17.0,17.2,220704
2015-03-29,17.6,17.6,17.3,17.4,226369
2015-03-30,17.0,17.3,16.9,17.0,146338
2015-03-31,17.0,17.2,16.8,16.9,163621
2015-04-01,17.3,17.3,16.8,16.8,182075
2015-04-02,16.7,16.8,16.4,16.5,120711
2015-04-05,16.5,16.7,16.0,16.2,182989
2015-04-06,16.3,16.5,15.6,15.7,114629
2015-04-07,15.5,15.5,14.4,14.6,185789
2015-04-08,14.6,15.4,14.0,15.2,227178
2015-04-09,15.0,15.4,14.9,15.2,250853
2015-04-12,15.1,15.4,14.9,15.0,353461
2015-04-13,15.1,16.1,15.0,15.9,386632
2015-04-15,16.0,16.7,15.9,16.6,506303
2015-04-16,16.4,16.8,16.0,16.1,277652
2015-04-19,16.0,16.8,16.0,16.4,373423
2015-04-20,16.5,16.6,15.2,15.5,303368
2015-04-21,15.5,15.7,15.0,15.1,227068
2015-04-22,15.1,15.5,14.7,15.0,419214
2015-04-23,15.0,15.2,14.5,14.6,266233
2015-04-26,14.6,14.6,13.6,14.0,403706
2015-04-27,14.2,14.4,13.5,13.8,221871
2015-04-29,13.8,13.9,12.5,12.7,448338
2015-04-30,9.0,9.4,7.1,8.4,921001
2015-05-04,8.1,8.5,8.0,8.1,333929
2015-05-05,8.8,8.9,8.3,8.5,247607
2015-05-06,8.9,8.9,8.5,8.6,122735
2015-05-07,8.5,8.8,8.5,8.8,124104
2015-05-10,8.9,9.6,8.8,9.5,490761
2015-05-11,9.8,10.2,9.6,10.0,418845
2015-05-12,10.2,10.5,10.0,10.1,505217
2015-05-13,9.8,10.2,9.7,9.8,351505
2015-05-14,9.5,9.9,9.5,9.6,262713
2015-05-17,9.2,9.6,9.2,9.5,341327
2015-05-18,9.4,9.7,9.3,9.6,325026
2015-05-19,9.8,10.5,9.6,10.5,693378
2015-05-20,10.3,11.3,10.1,11.2,502000
2015-05-24,10.8,10.8,10.1,10.3,98637
2015-05-25,10.4,10.5,9.6,10.3,195344
2015-05-26,10.3,10.4,10.0,10.1,249268
2015-05-27,10.4,10.4,9.7,9.8,240650
2015-05-28,10.2,10.5,9.9,10.4,186323
2015-05-31,10.5,10.8,10.3,10.6,131807
2015-06-01,10.7,11.5,10.2,10.4,176968
2015-06-02,10.1,10.6,10.1,10.2,122238
2015-06-04,10.4,11.0,10.4,10.7,183241
2015-06-07,10.6,10.7,10.3,10.4,173516
2015-06-08,10.5,10.8,10.4,10.6,243840
2015-06-09,10.0,10.8,10.0,10.5,111707
2015-06-10,10.5,10.7,10.4,10.5,176758
2015-06-11,10.7,10.9,10.4,10.7,246219
2015-06-14,10.5,11.2,10.4,10.5,228315
2015-06-15,10.9,11.5,10.6,11.4,1260320
2015-06-16,11.5,12.5,10.9,11.9,969873
2015-06-17,12.3,13.0,11.6,12.8,915704
2015-06-18,12.5,13.5,12.3,13.4,427870
2015-06-21,14.4,14.4,13.2,13.9,431895
2015-06-22,13.5,14.0,12.6,13.2,624416
2015-06-23,12.7,13.2,12.0,12.4,582555
2015-06-24,12.3,13.6,12.3,13.3,350882
2015-06-25,13.0,14.3,12.8,13.9,315676
2015-06-28,13.2,14.7,12.9,14.0,199967
2015-06-29,13.3,15.1,13.3,14.7,311723
2015-06-30,14.0,15.0,14.0,14.5,123493
2015-07-02,13.7,14.6,13.7,14.0,44398
2015-07-05,13.5,14.5,13.5,13.7,28453
2015-07-06,13.3,13.7,13.0,13.2,96315
2015-07-07,12.3,13.4,12.3,13.0,62280
2015-07-08,12.8,13.4,12.8,13.0,25773
2015-07-09,12.8,13.6,12.8,13.4,79559
2015-07-12,13.0,13.5,13.0,13.2,28024
2015-07-13,13.0,13.6,13.0,13.4,137769
2015-07-14,13.0,13.6,13.0,13.2,85347
2015-07-21,13.1,14.1,13.1,14.0,138223
2015-07-22,13.7,14.0,13.3,13.3,131875
2015-07-23,13.1,13.7,13.1,13.1,56573
2015-07-26,12.9,13.6,12.9,13.5,83369
2015-07-27,13.0,13.6,13.0,13.5,107538
2015-07-28,13.2,13.8,13.2,13.4,48970
2015-07-29,13.2,13.4,13.1,13.1,121131
2015-07-30,13.0,13.3,12.9,13.0,233455
2015-08-02,13.0,13.5,12.8,13.0,371811
2015-08-03,13.4,14.0,13.0,13.6,245284
2015-08-04,13.3,13.9,13.2,13.3,368055
2015-08-05,13.1,13.5,13.0,13.3,50984
2015-08-06,13.1,13.8,13.1,13.5,165942
2015-08-09,13.1,13.6,13.1,13.5,482816
2015-08-10,13.5,13.6,13.4,13.5,346746
2015-08-11,13.4,13.7,13.4,13.5,177755
2015-08-12,13.6,13.9,13.6,13.8,126515
2015-08-13,13.8,13.9,13.7,13.8,179344
2015-08-16,13.7,13.7,13.4,13.6,216850
2015-08-17,13.2,13.7,13.2,13.5,135928
2015-08-18,13.2,13.6,13.2,13.6,69370
2015-08-19,13.3,13.7,13.3,13.6,162718
2015-08-20,13.6,14.3,13.6,14.0,563654
2015-08-23,13.3,14.5,13.3,14.3,218004
2015-08-24,14.5,14.8,14.2,14.3,115899
2015-08-25,14.1,14.4,14.0,14.3,81337
2015-08-26,14.0,14.3,13.9,14.0,110584
2015-08-27,14.0,14.4,13.7,14.4,240490
2015-08-30,14.1,14.1,13.8,13.9,30054
2015-08-31,14.3,14.3,13.5,13.6,53246
2015-09-01,13.9,13.9,13.5,13.6,96411
2015-09-02,13.7,13.7,13.5,13.5,37316
2015-09-03,13.5,14.5,13.5,14.3,126200
2015-09-06,13.6,14.3,13.6,13.9,33828
2015-09-07,13.9,14.0,13.9,14.0,56292
2015-09-08,14.2,14.4,13.9,14.0,78970
2015-09-09,14.0,14.2,14.0,14.1,53002
2015-09-10,14.3,15.1,14.0,14.7,322634
2015-09-13,14.5,15.0,14.1,14.5,94659
2015-09-14,14.7,14.9,14.1,14.2,172534
2015-09-15,14.2,14.4,13.7,13.7,165496
2015-09-16,13.8,14.3,13.8,14.0,29426
2015-09-17,13.9,14.7,13.8,14.1,63310
2015-09-20,13.9,14.2,13.8,13.9,158698
2015-09-21,14.3,14.3,13.8,13.9,63200
2015-09-22,14.0,14.1,13.6,13.8,167517
2015-09-28,13.8,13.9,13.7,13.8,16140
2015-09-29,13.7,13.8,13.5,13.5,90669
2015-09-30,13.3,13.7,13.3,13.5,71222
2015-10-01,13.6,13.8,13.3,13.6,86674
2015-10-04,13.4,13.5,13.3,13.4,23613
2015-10-05,13.4,13.8,13.2,13.4,80079
2015-10-06,13.5,13.8,13.4,13.8,6540
2015-10-07,13.5,13.9,13.5,13.7,67469
2015-10-08,13.4,13.8,13.4,13.7,31054
2015-10-11,13.6,13.8,13.5,13.6,169841
2015-10-12,13.5,13.7,13.3,13.4,173095
2015-10-13,13.4,13.6,13.4,13.4,65822
2015-10-14,13.3,13.5,13.3,13.4,14442
2015-10-15,13.4,13.8,13.3,13.7,33602
2015-10-18,13.4,13.7,13.4,13.5,17248
2015-10-19,13.3,13.6,13.3,13.4,77548
2015-10-20,13.5,13.6,13.4,13.5,33610
2015-10-21,13.5,13.7,13.5,13.6,39833
2015-10-25,13.5,13.7,13.5,13.5,73210
2015-10-26,13.7,13.7,13.2,13.4,61056
2015-10-27,13.4,13.5,13.3,13.5,92185
2015-10-28,13.4,13.6,13.4,13.5,56350
2015-10-29,13.4,13.6,13.2,13.5,150450
2015-11-01,13.4,13.5,13.4,13.5,30036
2015-11-02,13.6,13.7,13.4,13.4,33751
2015-11-03,13.1,13.5,13.1,13.5,29682
2015-11-04,13.5,13.5,13.4,13.4,35264
2015-11-05,13.4,13.5,13.4,13.4,84807
2015-11-08,13.5,13.6,13.4,13.4,119880
2015-11-09,13.5,13.6,13.4,13.4,44643
2015-11-10,13.5,13.5,13.3,13.4,38483
2015-11-11,13.4,13.5,13.4,13.4,25430
2015-11-12,13.4,13.5,13.4,13.4,27828
2015-11-15,13.4,13.5,13.3,13.3,168785
2015-11-16,13.5,13.6,13.4,13.5,41025
2015-11-17,13.5,13.7,13.5,13.7,40633
2015-11-18,13.6,13.8,13.5,13.7,57990
2015-11-19,13.9,14.4,13.8,14.1,313767
2015-11-22,14.1,14.3,14.0,14.2,117755
2015-11-23,14.2,14.4,14.1,14.2,124040
2015-11-24,14.2,14.7,14.1,14.5,86045
2015-11-25,14.7,15.3,14.5,15.0,283900
2015-11-26,14.8,15.0,14.8,15.0,223882
2015-11-29,15.2,15.4,15.0,15.2,246912
2015-11-30,15.4,16.0,15.0,15.2,706072
2015-12-01,15.5,15.5,15.2,15.4,98050
2015-12-02,15.2,15.5,15.0,15.1,241838
2015-12-03,15.2,15.3,15.1,15.2,133321
2015-12-06,15.2,15.3,15.1,15.2,137540
2015-12-07,15.4,15.4,15.1,15.2,150591
2015-12-08,15.1,15.1,14.9,14.9,160701
2015-12-09,14.9,15.1,14.9,14.9,168021
2015-12-10,14.9,15.4,14.8,15.2,236603
2015-12-13,15.1,15.2,14.8,14.9,299261
2015-12-14,14.9,14.9,14.8,14.8,100890
2015-12-15,14.7,14.9,14.6,14.7,125035
2015-12-17,14.7,15.4,14.5,14.8,234914
2015-12-20,14.8,14.9,14.6,14.7,160822
2015-12-21,14.7,14.8,14.4,14.5,180471
2015-12-22,14.5,15.0,14.5,15.0,115810
2015-12-23,14.8,15.2,14.7,15.0,78737
2015-12-24,15.1,15.6,15.1,15.4,239557
2015-12-27,15.3,15.5,14.9,14.9,275800
2015-12-28,14.8,15.0,14.8,14.8,108398
2015-12-29,14.8,14.9,14.5,14.6,170807
2015-12-30,14.7,14.7,14.5,14.6,121838
2015-12-31,14.6,14.6,14.3,14.3,204116
2016-01-03,14.6,14.6,14.3,14.5,248246
2016-01-04,14.5,14.8,14.5,14.7,90340
2016-01-05,14.6,14.7,14.5,14.6,82374
2016-01-06,14.6,14.7,14.5,14.6,109168
2016-01-07,14.8,15.0,14.6,14.7,89775
2016-01-10,14.6,14.8,14.5,14.6,127690
2016-01-11,14.7,14.7,14.5,14.5,136060
2016-01-12,14.9,15.1,14.6,14.7,225908
2016-01-13,14.7,14.9,14.5,14.6,221374
2016-01-14,14.9,15.0,14.5,14.6,116724
2016-01-17,14.7,14.9,14.6,14.7,62201
2016-01-18,14.7,15.2,14.7,15.0,143526
2016-01-19,15.1,15.1,14.8,14.9,163943
2016-01-20,14.9,15.5,14.9,15.4,124240
2016-01-21,15.6,16.0,15.4,15.9,498526
2016-01-24,16.2,17.3,16.2,16.5,1154880
2016-01-25,16.6,17.5,16.6,17.3,1035230
2016-01-26,17.4,17.5,16.4,16.7,1201680
2016-01-27,16.8,17.0,16.7,16.9,191233
2016-01-28,17.5,17.5,16.8,16.9,239475
2016-01-31,16.8,16.9,16.4,16.5,286036
2016-02-01,16.3,17.1,16.3,16.9,292739
2016-02-02,16.7,17.0,16.6,16.7,187579
2016-02-03,16.7,16.7,16.3,16.4,196755
2016-02-04,16.3,16.6,16.3,16.6,169436
2016-02-07,16.7,16.7,16.1,16.3,486874
2016-02-08,16.4,16.5,15.8,15.9,196768
2016-02-09,16.0,16.2,15.0,15.6,296166
2016-02-10,15.6,16.1,15.4,15.5,196684
2016-02-11,15.5,16.1,15.4,16.0,104906
2016-02-14,16.3,16.8,15.8,16.1,122305
2016-02-15,16.0,16.1,15.7,15.8,57319
2016-02-16,15.9,16.0,15.6,15.8,36677
2016-02-17,15.7,16.0,15.7,15.7,217185
2016-02-18,16.1,16.1,15.6,15.8,67456
2016-02-22,15.8,15.9,15.4,15.6,96935
2016-02-23,15.5,15.9,15.5,15.6,67306
2016-02-24,15.5,15.8,15.4,15.5,133514
2016-02-25,15.5,15.6,15.3,15.4,215810
2016-02-28,15.4,15.7,15.4,15.5,265218
2016-02-29,15.5,15.6,15.2,15.3,132944
2016-03-01,15.4,15.4,15.2,15.3,153350
2016-03-02,15.1,15.3,14.9,15.0,220996
2016-03-03,14.9,15.5,14.9,15.2,84010
2016-03-06,15.4,15.5,15.2,15.3,108895
2016-03-07,15.2,15.5,15.2,15.3,199650
2016-03-08,15.3,15.4,15.3,15.3,121943
2016-03-09,15.3,15.3,15.0,15.1,77252
2016-03-10,15.2,15.2,14.8,14.9,245223
2016-03-13,14.8,15.3,14.8,15.1,64435
2016-03-14,15.1,15.3,15.0,15.1,70507
2016-03-15,15.3,15.4,15.1,15.2,96368
2016-03-16,15.1,15.1,14.9,15.0,55375
2016-03-20,15.1,15.4,15.1,15.3,149941
2016-03-21,15.3,15.4,15.2,15.3,124394
2016-03-22,15.3,15.4,15.1,15.3,248865
2016-03-23,15.3,15.4,14.9,15.0,320942
2016-03-24,15.1,15.1,14.5,14.8,236398
2016-03-27,14.8,14.8,14.3,14.5,111987
2016-03-28,14.5,14.5,14.1,14.1,107268
2016-03-29,14.3,14.9,14.3,14.3,70803
2016-03-30,14.4,14.7,14.2,14.4,77104
2016-03-31,14.4,14.7,14.4,14.4,35898
2016-04-03,14.5,15.3,14.5,15.2,116343
2016-04-04,15.5,15.5,15.0,15.1,173908
2016-04-05,15.0,15.0,14.7,14.8,184298
2016-04-06,14.6,15.0,14.6,14.9,136457
2016-04-07,14.7,15.1,14.5,14.7,291957
2016-04-10,14.8,14.8,13.3,13.7,360521
2016-04-11,13.5,14.2,12.5,12.7,242128
2016-04-12,13.0,13.4,12.4,13.1,528210
2016-04-13,13.4,14.4,13.3,14.4,328473
2016-04-17,14.5,15.0,13.0,13.3,519171
2016-04-18,14.9,15.0,13.0,13.1,347457
2016-04-19,13.2,13.5,12.8,13.0,118265
2016-04-20,12.8,13.2,12.8,13.1,128941
2016-04-21,13.0,13.1,12.8,12.8,115571
2016-04-24,12.8,13.5,12.6,13.3,70128
2016-04-25,13.2,13.4,13.0,13.0,138189
2016-04-26,12.9,13.0,12.5,12.5,175431
2016-04-27,12.2,12.8,11.9,12.0,199245
2016-04-28,11.5,12.2,11.5,11.6,138235
2016-05-02,11.5,12.0,11.1,11.2,190248
2016-05-03,11.4,12.3,11.4,12.3,276693
2016-05-04,12.5,12.7,12.0,12.4,164737
2016-05-05,12.5,12.7,12.3,12.4,207125
2016-05-08,12.4,12.5,12.1,12.4,251652
2016-05-10,11.7,12.2,11.7,12.0,132862
2016-05-11,12.1,12.3,11.9,12.2,84785
2016-05-12,12.2,13.0,12.2,12.6,74600
2016-05-15,12.5,12.7,12.4,12.5,54258
2016-05-16,12.3,12.4,12.2,12.2,87844
2016-05-17,12.3,12.8,12.2,12.7,56266
2016-05-18,13.0,13.8,12.8,13.0,96337
2016-05-19,12.8,13.5,12.8,12.8,106370
2016-05-22,13.0,13.0,12.5,12.5,25088
2016-05-24,12.5,13.0,12.2,12.7,239083
2016-05-25,12.7,13.0,12.4,12.5,94871
2016-05-26,12.5,12.9,12.4,12.4,60479
2016-05-29,12.5,13.3,12.4,13.1,237511
2016-05-30,13.3,13.3,12.7,12.8,15650
2016-05-31,13.2,13.2,12.7,12.7,44764
2016-06-01,12.8,13.0,12.7,12.9,41924
2016-06-02,12.9,13.0,12.7,13.0,112796
2016-06-05,12.8,12.8,12.4,12.6,25152
2016-06-06,12.5,12.7,12.5,12.6,19804
2016-06-07,12.5,12.6,12.3,12.4,55439
2016-06-08,12.4,12.7,12.4,12.6,27763
2016-06-09,12.5,12.8,12.5,12.7,21239
2016-06-12,13.0,13.0,12.5,12.6,14666
2016-06-13,12.5,12.8,12.5,12.7,20909
2016-06-14,12.5,12.7,12.5,12.6,5866
2016-06-15,12.6,12.6,12.3,12.4,36000
2016-06-16,12.4,12.7,12.2,12.2,28090
2016-06-19,12.2,12.3,11.9,12.0,70610
2016-06-20,12.0,12.1,11.9,12.0,89736
2016-06-21,12.0,12.1,11.9,12.0,69264
2016-06-22,12.0,12.5,12.0,12.2,15952
2016-06-23,12.1,12.4,12.1,12.3,47678
2016-06-26,12.1,12.3,12.0,12.1,116631
2016-06-27,12.1,12.6,12.0,12.6,112107
2016-06-28,12.4,12.9,12.4,12.8,130831
2016-06-29,12.6,13.5,12.3,13.2,221447
2016-06-30,12.9,13.7,12.8,13.5,71267
2016-07-10,12.7,13.4,12.7,13.3,21190
2016-07-11,12.9,13.1,12.2,12.4,264388
2016-07-12,12.4,12.8,12.4,12.8,42291
2016-07-13,12.9,13.1,12.5,12.9,56444
2016-07-14,13.0,13.0,12.7,12.8,56481
2016-07-16,12.8,12.9,12.5,12.6,50648
2016-07-17,12.5,12.7,12.5,12.5,39300
2016-07-18,12.6,12.6,12.4,12.5,12319
2016-07-19,12.4,12.5,12.3,12.4,41155
2016-07-20,12.5,12.5,12.2,12.3,41425
2016-07-21,12.3,12.4,12.1,12.2,154458
2016-07-24,12.2,12.3,12.1,12.2,40710
2016-07-25,12.1,12.3,12.1,12.2,37679
2016-07-26,12.1,12.3,12.1,12.2,19033
2016-07-27,12.2,12.8,12.2,12.4,11283
2016-07-28,12.4,12.5,12.4,12.4,18985
2016-07-31,12.2,12.5,12.2,12.4,23915
2016-08-01,12.2,12.4,12.1,12.1,76066
2016-08-02,12.1,12.3,12.1,12.2,85127
2016-08-03,12.1,12.3,12.1,12.2,39021
2016-08-04,12.2,12.3,12.2,12.2,44081
2016-08-07,12.2,12.3,12.1,12.1,53134
2016-08-08,12.1,12.2,12.0,12.1,57846
2016-08-09,12.1,12.1,12.0,12.0,37245
2016-08-10,12.0,12.1,11.9,11.9,54413
2016-08-11,12.0,13.0,12.0,12.8,217756
2016-08-14,12.5,12.6,12.5,12.6,5984
2016-08-16,12.1,12.8,12.1,12.7,33110
2016-08-17,12.5,12.5,12.2,12.4,25716
2016-08-18,12.3,12.3,12.1,12.1,90751
2016-08-21,12.0,12.3,12.0,12.2,43004
2016-08-22,12.2,12.4,12.0,12.2,63572
2016-08-23,12.1,12.3,12.0,12.1,83209
2016-08-24,12.3,12.3,12.0,12.0,147058
2016-08-28,12.1,12.2,12.0,12.1,182962
2016-08-29,12.1,12.1,12.0,12.1,131665
2016-08-30,12.1,12.2,12.0,12.2,137236
2016-08-31,12.3,12.3,12.2,12.2,98539
2016-09-01,12.3,12.3,12.2,12.3,37003
2016-09-04,12.1,12.4,12.1,12.3,27694
2016-09-05,12.3,12.3,12.2,12.3,46315
2016-09-06,12.2,12.6,12.2,12.5,50348
2016-09-07,12.3,12.6,12.3,12.5,83919
2016-09-08,12.4,12.5,12.4,12.5,35866
2016-09-18,12.5,12.5,12.2,12.4,117510
2016-09-19,12.4,12.6,12.4,12.6,44328
2016-09-20,12.7,13.4,12.7,13.0,262502
2016-09-21,13.1,13.6,12.8,13.5,307146
2016-09-22,13.4,13.4,13.0,13.2,46910
2016-09-24,13.3,13.4,13.1,13.2,75469
2016-09-25,13.4,14.5,13.3,13.9,515630
2016-09-26,14.7,14.9,13.2,13.3,411311
2016-09-27,13.4,13.8,13.4,13.5,133213
2016-09-28,13.6,13.7,13.4,13.5,170708
2016-09-29,13.5,13.5,13.3,13.4,103790
2016-10-02,13.5,13.8,13.5,13.7,173923
2016-10-03,13.8,14.5,13.8,14.4,775088
2016-10-04,14.5,14.7,14.3,14.4,291667
2016-10-05,14.5,15.0,14.5,14.8,556031
2016-10-06,14.9,15.3,14.6,15.0,822332
2016-10-09,15.1,15.2,14.7,14.7,504826
2016-10-10,14.8,14.9,14.4,14.5,677902
2016-10-13,14.6,15.0,14.6,14.9,551639
2016-10-16,15.0,15.0,14.6,14.8,616424
2016-10-17,14.9,14.9,14.6,14.8,824360
2016-10-19,14.0,14.3,13.9,14.0,180647
2016-10-20,14.0,14.0,13.7,13.9,252928
2016-10-23,13.9,14.9,13.9,14.5,403239
2016-10-24,14.8,14.8,14.3,14.5,142199
2016-10-25,14.5,14.6,14.4,14.5,134418
2016-10-26,14.5,15.0,14.5,14.8,353250
2016-10-27,15.0,16.1,15.0,15.6,597672
2016-10-30,15.8,16.0,15.6,15.8,371083
2016-10-31,15.9,16.7,15.9,16.6,518580
2016-11-01,16.6,16.9,15.8,16.2,661119
2016-11-02,16.4,16.7,15.8,16.0,297165
2016-11-03,16.0,16.2,15.8,16.0,214830
2016-11-06,16.1,16.3,15.6,15.7,132558
2016-11-07,15.7,15.7,14.2,14.5,395801
2016-11-08,14.7,15.3,14.7,14.9,184957
2016-11-09,14.7,15.0,14.7,14.8,110554
2016-11-10,14.5,15.0,14.5,14.9,102256
2016-11-13,14.9,15.1,14.7,14.8,125328
2016-11-14,14.9,15.7,14.0,15.1,236496
2016-11-15,16.1,16.6,15.8,16.6,3150000
2016-11-16,16.9,17.2,16.0,16.1,1727490
2016-11-17,16.0,16.1,15.3,15.5,1224520
2016-11-20,15.5,15.9,15.2,15.4,993803
2016-11-21,15.3,15.7,15.0,15.2,967557
2016-11-22,15.0,15.6,15.0,15.5,841451
2016-11-23,15.9,15.9,15.2,15.3,1174370
2016-11-24,15.4,15.7,15.4,15.5,886944
2016-11-27,15.5,15.7,15.3,15.6,739439
2016-11-28,15.7,16.6,15.7,16.5,2188240
2016-11-29,16.5,16.7,15.6,15.8,1375990
2016-11-30,15.5,16.2,15.5,15.9,947772
2016-12-01,16.0,16.5,15.9,16.2,1286642
2016-12-04,16.2,16.5,15.9,16.0,1164318
2016-12-05,16.2,16.9,16.0,16.6,2618498
2016-12-06,16.7,17.8,16.7,17.5,3906035
2016-12-07,17.3,17.6,17.1,17.1,1662526
2016-12-08,17.3,17.9,17.2,17.7,2751080
2016-12-11,18.0,18.1,17.0,17.1,1903248
2016-12-12,17.1,17.4,16.7,17.3,1688940
2016-12-14,17.5,17.7,17.2,17.4,1537005
2016-12-15,17.5,17.6,17.0,17.1,1769387
2016-12-18,17.3,17.8,17.2,17.7,2081218
2016-12-19,17.8,18.2,17.6,17.9,1881172
2016-12-20,18.0,18.6,17.6,17.8,2379678
2016-12-21,17.8,18.4,17.5,18.2,1301191
2016-12-22,18.4,19.4,18.4,19.0,2552266
2016-12-26,19.0,19.6,18.7,19.2,1740061
2016-12-27,19.3,19.7,18.2,18.6,1910695
2016-12-28,18.7,19.4,18.2,19.3,1884693
2016-12-29,19.4,19.7,18.8,18.9,1735420
2017-01-01,19.0,19.3,18.7,18.9,1799117
2017-01-02,19.2,19.6,18.4,18.6,1706563
2017-01-03,18.6,18.8,18.1,18.3,1681930
2017-01-04,18.4,18.8,18.2,18.4,1171435
2017-01-05,18.5,18.7,18.2,18.3,957105
2017-01-08,18.4,18.5,17.4,17.6,1063030
2017-01-09,17.8,18.4,17.6,18.3,658894
2017-01-10,18.5,19.0,18.3,18.6,1705536
2017-01-11,18.9,19.1,18.2,18.5,1027543
2017-01-12,18.6,18.6,18.1,18.3,915129
2017-01-15,18.5,18.5,18.1,18.3,1037662
2017-01-16,18.6,18.6,18.1,18.2,2251324
2017-01-17,18.5,18.8,18.2,18.4,1658527
2017-01-18,18.4,18.7,17.8,18.0,1594697
2017-01-19,18.0,18.2,17.5,17.8,679757
2017-01-22,18.1,18.4,17.5,18.0,1268457
2017-01-23,18.1,18.3,17.9,18.2,1274821
2017-01-24,18.4,18.5,17.7,17.9,1309176
2017-01-25,18.3,18.4,17.5,17.6,1305558
2017-01-26,17.8,18.4,17.6,17.6,631471
2017-01-29,17.6,17.8,15.9,16.6,521203
2017-01-30,16.6,17.1,16.1,16.3,498948
2017-01-31,15.8,16.0,15.1,15.4,962799
2017-02-01,15.7,16.5,15.5,15.9,591127
2017-02-02,15.9,16.1,15.5,15.6,419733
2017-02-05,15.7,15.9,15.1,15.3,282154
2017-02-06,15.6,16.0,15.4,15.7,300140
2017-02-07,15.7,15.8,15.4,15.5,196956
2017-02-08,15.8,16.5,15.7,16.4,430820
2017-02-09,16.5,16.8,15.9,16.3,461110
2017-02-12,16.3,16.7,16.0,16.3,911597
2017-02-13,16.2,16.4,16.1,16.3,664772
2017-02-14,16.3,16.7,16.3,16.7,677306
2017-02-15,16.8,17.2,16.8,16.9,688358
2017-02-16,16.9,17.0,16.6,16.8,522990
2017-02-19,16.8,17.1,16.7,16.8,667786
2017-02-20,16.9,17.0,16.7,16.8,418923
2017-02-22,16.9,16.9,16.5,16.6,579468
2017-02-23,16.5,16.8,16.5,16.6,636618
2017-02-26,16.7,16.9,16.5,16.6,591473
2017-02-27,16.5,16.7,16.3,16.4,471577
2017-02-28,16.4,16.6,16.3,16.4,380657
2017-03-01,16.5,16.7,16.3,16.4,380099
2017-03-02,16.5,16.5,16.2,16.3,445783
2017-03-05,16.5,16.5,16.0,16.1,439371
2017-03-06,16.1,16.4,16.1,16.2,289960
2017-03-07,16.2,16.4,16.1,16.2,600185
2017-03-08,16.2,16.4,16.1,16.2,552906
2017-03-09,16.2,16.3,16.1,16.2,410348
2017-03-12,16.2,17.3,16.2,17.1,1779715
2017-03-13,17.3,17.3,16.6,16.7,903952
2017-03-14,16.7,16.9,16.5,16.8,683971
2017-03-15,16.7,17.0,16.7,16.7,326611
2017-03-16,16.6,16.9,16.6,16.8,461428
2017-03-19,16.9,17.5,16.9,17.2,1446287
2017-03-20,17.2,17.3,17.0,17.2,927264
2017-03-21,17.2,17.2,16.6,16.7,702187
2017-03-22,16.5,17.1,16.4,16.7,684079
2017-03-23,16.7,17.0,16.7,16.8,385744
2017-03-27,16.8,16.8,16.5,16.5,455938
2017-03-28,16.6,16.7,16.3,16.5,542515
2017-03-29,16.5,16.6,16.4,16.5,267757
2017-03-30,16.4,17.1,16.3,16.9,855304
2017-04-02,17.0,17.1,16.7,16.7,378544
2017-04-03,16.7,16.8,16.5,16.6,280225
2017-04-04,16.8,16.8,16.4,16.5,370950
2017-04-05,16.6,16.6,16.4,16.4,157853
2017-04-06,16.4,16.5,16.2,16.3,398170
2017-04-09,16.4,16.4,16.0,16.1,283989
2017-04-10,16.1,16.3,16.1,16.2,146558
2017-04-11,16.3,16.6,16.3,16.4,471210
2017-04-12,16.3,16.7,16.3,16.4,376099
2017-04-13,16.5,16.7,16.3,16.5,233431
2017-04-16,16.4,16.6,16.2,16.3,319417
2017-04-17,16.3,16.5,16.0,16.1,387227
2017-04-18,16.2,16.3,16.0,16.1,242247
2017-04-19,16.0,16.3,16.0,16.0,216436
2017-04-20,16.2,16.4,16.1,16.2,279956
2017-04-23,16.1,16.2,15.9,16.0,200515
2017-04-24,16.1,16.2,15.8,15.8,131490
2017-04-25,15.8,16.1,15.8,15.9,123875
2017-04-26,15.9,16.0,15.8,15.9,206894
2017-04-27,15.9,16.1,15.8,15.9,197619
2017-04-30,15.9,16.5,15.9,16.4,452226
2017-05-02,16.7,17.0,16.6,16.8,1027032
2017-05-03,16.8,17.7,16.8,17.6,2666407
2017-05-04,17.7,18.3,17.5,18.0,2849747
2017-05-07,18.0,18.1,17.6,17.6,1501075
2017-05-08,18.0,18.5,17.6,18.4,3331376
2017-05-09,18.4,18.8,18.4,18.6,2617563
2017-05-11,18.8,18.8,17.9,18.0,1993519
2017-05-14,18.2,18.2,17.4,17.5,1021253
2017-05-15,17.5,17.7,17.2,17.3,764738
2017-05-16,17.3,17.6,17.1,17.2,932186
2017-05-17,17.5,17.6,17.0,17.1,859966
2017-05-18,17.1,17.4,16.7,16.8,663273
2017-05-21,16.6,16.8,16.4,16.6,334972
2017-05-22,16.7,17.3,16.7,17.0,863268
2017-05-23,17.1,17.3,16.7,16.9,510067
2017-05-24,16.9,17.2,16.6,16.7,717588
2017-05-25,16.8,17.0,16.6,16.7,340439
2017-05-28,16.6,16.8,16.5,16.5,342448
2017-05-29,16.5,16.6,16.3,16.4,483988
2017-05-30,16.8,16.8,16.4,16.6,242906
2017-05-31,16.6,16.8,16.4,16.7,400880
2017-06-01,16.7,16.7,16.5,16.5,290774
2017-06-04,16.9,16.9,16.4,16.4,363610
2017-06-05,16.5,17.0,16.4,16.9,501335
2017-06-06,17.0,17.2,16.8,16.9,611325
2017-06-07,16.9,16.9,16.6,16.8,317428
2017-06-08,16.7,16.8,16.6,16.7,217171
2017-06-11,16.6,16.7,16.5,16.6,203427
2017-06-12,16.6,17.0,16.5,16.7,311869
2017-06-13,16.6,16.9,16.6,16.6,195983
2017-06-14,16.8,17.4,16.6,17.2,919836
2017-06-15,17.2,17.5,17.0,17.1,629365
2017-06-18,17.3,17.3,16.8,16.9,569101
2017-06-19,16.8,17.3,16.7,17.1,506164
2017-06-20,17.2,17.5,17.0,17.4,470362
2017-06-21,17.5,17.5,17.1,17.3,420872
2017-06-22,17.4,17.9,17.2,17.6,1132773
2017-06-28,17.6,18.3,17.6,18.1,1324891
2017-06-29,18.3,18.3,17.8,17.9,1843545
2017-07-02,18.0,19.2,18.0,19.0,4684321
2017-07-03,19.1,20.1,18.7,19.9,6304789
2017-07-04,20.0,20.2,19.5,19.9,5839495
2017-07-05,19.9,21.2,19.7,20.6,7979819
2017-07-06,20.6,21.4,20.1,21.1,6185001
2017-07-09,21.2,21.7,20.5,20.7,6733345
2017-07-10,20.9,21.2,20.3,20.5,5493696
2017-07-11,20.8,21.3,20.1,20.4,4428919
2017-07-12,20.6,20.8,19.5,20.0,2908503
2017-07-13,20.0,21.0,19.7,20.8,4245495
2017-07-16,20.8,21.5,20.8,20.9,5158648
2017-07-17,20.9,21.0,20.0,20.2,2476609
2017-07-18,20.2,20.8,20.2,20.3,2086072
2017-07-19,20.5,20.5,19.7,19.8,1798178
2017-07-20,19.8,20.2,19.6,19.7,837055
2017-07-23,19.8,20.0,19.3,19.4,561323
2017-07-24,19.2,20.1,19.2,19.9,723151
2017-07-25,20.0,20.4,19.7,19.8,1228523
2017-07-26,20.0,20.2,19.9,20.1,712104
2017-07-27,20.3,20.4,19.8,19.9,694607
2017-07-30,19.9,20.0,19.5,19.6,643463
2017-07-31,19.7,20.5,19.6,20.3,1529843
2017-08-01,20.5,20.9,20.5,20.6,2867273
2017-08-02,20.7,22.3,20.5,21.9,7306712
2017-08-03,22.0,22.1,21.2,21.3,3501501
2017-08-06,21.5,21.7,20.8,21.0,2887624
2017-08-07,21.1,21.5,20.8,20.9,2431091
2017-08-08,21.0,21.4,20.5,20.7,1571886
2017-08-09,20.6,20.9,20.4,20.5,1535067
2017-08-10,20.5,20.8,20.2,20.4,2206343
2017-08-13,20.4,20.6,19.8,19.9,2033789
2017-08-16,19.9,20.3,19.6,19.7,1031531
2017-08-17,19.9,20.1,19.4,19.5,860988
2017-08-20,19.5,20.0,19.2,19.3,853024
2017-08-21,19.4,20.3,19.4,20.0,1429617
2017-08-22,20.1,20.3,19.7,19.9,1457124
2017-08-23,20.0,20.0,19.3,19.5,1091152
2017-08-24,19.8,20.5,19.7,20.3,2205920
2017-08-27,20.5,20.7,20.2,20.3,1043366
2017-08-28,20.3,21.4,20.1,20.5,2414188
2017-08-29,20.8,20.8,20.1,20.2,1262894
2017-08-30,20.3,20.5,20.1,20.2,939677
2017-08-31,20.3,20.6,19.7,20.1,1354637
2017-09-04,20.3,20.4,19.9,20.0,763741
2017-09-05,20.2,20.3,19.8,19.8,1072611
2017-09-06,19.8,20.0,19.6,19.7,1153663
2017-09-07,19.6,19.9,19.5,19.6,648519
2017-09-10,19.7,19.9,19.4,19.5,970894
2017-09-11,19.5,19.9,19.5,19.6,797588
2017-09-12,19.6,20.2,19.6,19.9,1074910
2017-09-13,20.0,20.1,19.4,19.5,801044
2017-09-14,19.5,19.8,19.3,19.4,1136565
2017-09-17,19.6,19.7,19.4,19.5,638651
2017-09-18,19.5,19.7,19.2,19.3,867547
2017-09-19,19.4,19.5,18.6,18.9,903423
2017-09-20,18.6,19.1,18.5,18.6,526500
2017-09-21,18.7,18.9,18.4,18.5,318315
2017-09-24,18.6,18.7,18.0,18.1,522950
2017-09-25,18.1,18.5,18.0,18.3,345759
2017-09-26,18.5,18.5,18.1,18.2,337668
2017-09-27,18.1,18.3,17.7,17.9,303693
2017-09-28,18.1,18.1,17.6,17.8,414444
2017-10-02,17.6,18.0,16.8,17.0,576300
2017-10-03,17.2,18.4,17.1,18.0,974583
2017-10-04,18.0,18.5,17.8,18.0,500110
2017-10-05,18.1,18.1,17.6,17.8,369621
2017-10-08,17.9,18.4,17.6,17.9,549444
2017-10-09,18.1,18.2,17.7,17.8,409182
2017-10-10,17.7,17.9,17.5,17.6,234653
2017-10-11,17.7,17.7,17.0,17.1,293063
2017-10-12,17.3,17.4,16.8,16.9,272842
2017-10-15,17.1,17.1,16.2,16.3,158696
2017-10-16,16.2,16.7,16.1,16.5,186625
2017-10-17,16.5,17.5,16.4,17.3,284482
2017-10-18,17.5,17.7,16.7,17.1,237130
2017-10-19,17.2,17.2,16.6,16.6,246168
2017-10-22,16.5,16.9,16.3,16.8,255017
2017-10-23,16.9,16.9,16.6,16.6,104808
2017-10-24,16.8,16.9,16.6,16.7,196639
2017-10-25,16.7,18.0,16.7,17.8,767836
2017-10-26,18.0,18.4,17.7,18.3,1170546
2017-10-29,18.1,18.2,17.3,17.5,547271
2017-10-30,17.3,17.5,16.7,17.0,744348
2017-10-31,17.7,18.4,17.7,18.3,1258221
2017-11-01,18.3,18.5,18.0,18.2,732988
2017-11-02,18.3,18.9,18.2,18.9,1245691
2017-11-05,18.9,19.2,18.5,18.7,856758
2017-11-06,19.6,19.6,18.5,18.8,1021612
2017-11-07,18.8,19.0,18.5,18.6,674287
2017-11-08,18.7,18.8,18.4,18.5,536033
2017-11-09,18.8,18.8,18.0,18.2,692272
2017-11-12,18.5,18.5,18.0,18.1,446159
2017-11-13,18.1,18.2,17.8,17.9,395046
2017-11-14,17.9,18.1,17.6,17.7,377286
2017-11-15,18.1,18.3,17.9,18.0,791767
2017-11-16,17.9,18.3,17.9,18.0,479634
2017-11-19,18.0,18.3,18.0,18.2,638935
2017-11-20,18.3,19.0,18.2,18.8,2089902
2017-11-21,18.8,19.7,18.8,19.4,2649678
2017-11-22,19.5,19.5,18.9,19.1,1244030
2017-11-23,19.3,19.9,19.3,19.8,2003457
2017-11-26,19.9,20.0,19.6,19.8,2669405
2017-11-28,18.5,18.6,18.2,18.3,2650457
2017-11-29,18.5,18.7,18.2,18.3,1125304
2017-11-30,18.2,18.3,17.9,18.0,799465
2017-12-03,18.0,18.1,17.7,17.8,772512
2017-12-04,17.8,18.0,17.6,17.7,729802
2017-12-05,17.8,18.1,17.7,17.8,730131
2017-12-06,17.7,18.0,17.5,17.6,331881
2017-12-07,17.5,17.9,17.5,17.6,449851
2017-12-10,17.6,18.1,17.6,17.9,1162182
2017-12-11,18.0,18.1,17.7,17.7,475535
2017-12-12,17.9,17.9,17.5,17.6,454519
2017-12-13,17.7,18.5,17.7,18.4,2965440
2017-12-14,18.5,18.7,18.3,18.6,2253763
2017-12-17,18.6,19.2,18.6,18.9,3604285
2017-12-18,19.1,19.3,18.3,18.5,1909709
2017-12-19,18.6,18.6,18.0,18.2,1270587
2017-12-20,18.3,18.4,17.9,18.1,1038587
2017-12-21,18.1,18.2,17.6,17.8,858150
2017-12-24,17.7,17.9,17.3,17.5,622744
2017-12-26,17.6,17.9,17.6,17.7,571999
2017-12-27,17.8,17.8,17.3,17.4,862487
2017-12-28,17.4,17.6,17.3,17.4,547597
2018-01-01,17.5,17.8,17.3,17.6,536030
2018-01-02,17.7,18.0,17.7,17.9,164987
2018-01-03,18.2,18.5,17.9,18.0,1216157
2018-01-04,18.2,18.2,17.8,18.1,506107
2018-01-07,18.3,18.4,18.0,18.0,705277
2018-01-08,18.1,18.3,17.9,18.0,949535
2018-01-09,18.2,18.2,17.8,17.9,395355
2018-01-10,18.0,18.0,17.5,17.6,582593
2018-01-11,17.6,17.7,17.4,17.5,371254
2018-01-14,17.5,17.5,17.2,17.3,297610
2018-01-15,17.3,17.5,17.1,17.2,296726
2018-01-16,17.3,17.5,17.2,17.4,330302
2018-01-17,17.4,17.6,17.1,17.2,510564
2018-01-18,17.1,17.3,17.0,17.1,234090
2018-01-21,17.2,17.3,17.0,17.0,357786
2018-01-22,17.0,17.3,17.0,17.2,476776
2018-01-23,17.1,17.2,17.0,17.0,334894
2018-01-24,17.0,17.1,16.8,16.8,280427
2018-01-25,16.8,17.0,16.7,16.8,212555
2018-01-28,16.8,16.8,16.4,16.5,228286
2018-01-29,16.5,16.8,16.4,16.8,148544
2018-01-30,16.9,16.9,16.4,16.5,396656
2018-01-31,16.5,16.5,15.6,15.8,647560
2018-02-01,16.0,16.0,15.3,15.5,441172
2018-02-04,15.5,15.5,14.6,14.7,468093
2018-02-05,14.7,15.1,14.0,14.7,276899
2018-02-06,14.8,15.0,14.7,14.9,159680
2018-02-07,15.0,15.0,14.5,14.6,274767
2018-02-08,14.7,14.8,14.5,14.5,205116
2018-02-11,14.8,15.5,14.7,15.4,629414
2018-02-12,15.7,16.0,15.2,15.6,527430
2018-02-13,15.4,16.0,15.3,15.9,486729
2018-02-14,16.3,17.3,16.2,17.2,1796993
2018-02-15,17.4,17.5,16.7,16.8,706215
2018-02-18,16.7,17.3,16.6,16.8,1189454
2018-02-19,17.0,17.1,16.6,16.7,431643
2018-02-20,16.9,17.0,16.2,16.2,468111
2018-02-22,16.5,16.6,16.1,16.2,251216
2018-02-25,16.2,16.2,15.5,15.6,310386
2018-02-26,15.5,15.8,15.3,15.4,316434
2018-02-27,15.8,16.0,15.5,15.6,285608
2018-02-28,15.6,15.9,15.3,15.5,245614
2018-03-01,15.6,15.8,15.5,15.7,363660
2018-03-04,15.9,16.0,15.6,15.7,261526
2018-03-05,15.6,15.8,15.4,15.5,321825
2018-03-06,15.5,15.8,15.3,15.6,446094
2018-03-07,15.5,16.0,15.5,15.8,377939
2018-03-08,15.8,15.8,15.5,15.7,167311
2018-03-11,15.6,15.6,15.3,15.3,386234
2018-03-12,15.4,15.5,15.1,15.1,491234
2018-03-13,15.4,15.4,14.8,15.0,308345
2018-03-14,15.1,15.4,14.9,15.0,235611
2018-03-15,15.1,15.4,14.9,15.3,203673
2018-03-18,15.5,15.8,15.4,15.5,597381
2018-03-19,15.5,15.6,15.1,15.2,213520
2018-03-20,15.1,15.3,15.0,15.1,217606
2018-03-21,15.1,15.1,14.8,14.9,280079
2018-03-22,15.0,15.1,14.7,14.9,342071
2018-03-25,15.2,15.2,14.8,14.8,164391
2018-03-27,14.8,14.8,14.4,14.4,183587
2018-03-28,14.4,14.5,14.3,14.4,190265
2018-03-29,14.5,14.8,14.5,14.8,327786
2018-04-01,15.1,15.5,15.0,15.4,457998
2018-04-02,15.5,15.9,15.2,15.8,741438
2018-04-03,15.7,16.0,15.5,15.6,863538
2018-04-04,15.6,15.8,15.4,15.5,522056
2018-04-05,15.5,15.7,15.2,15.6,488959
2018-04-08,15.6,16.1,15.6,16.0,687113
2018-04-09,15.9,16.5,15.9,16.4,988685
2018-04-10,16.4,16.7,16.1,16.2,616218
2018-04-11,16.2,16.6,15.9,16.5,1085612
2018-04-12,16.6,16.7,16.1,16.3,1122655
2018-04-15,16.3,16.3,15.9,15.9,377244
2018-04-16,16.0,16.3,15.7,16.2,560779
2018-04-17,16.3,16.4,16.0,16.2,318343
2018-04-18,16.1,16.2,15.9,16.0,513697
2018-04-19,15.9,16.2,15.7,15.8,673878
2018-04-22,15.9,16.0,15.7,15.9,844423
2018-04-23,15.8,15.8,15.4,15.6,555746
2018-04-24,15.6,16.7,15.5,16.5,2080049
2018-04-25,16.6,17.6,16.5,17.3,2981371
2018-04-26,17.2,17.3,16.9,17.1,1049227
2018-04-30,17.1,17.1,16.1,16.4,664481
2018-05-03,16.5,17.5,16.4,17.2,1081140
2018-05-06,17.4,18.3,17.3,18.0,3402208
2018-05-07,18.1,18.4,17.5,17.8,1681228
2018-05-08,17.8,17.8,17.3,17.4,975253
2018-05-09,17.5,18.1,17.3,17.8,1391643
2018-05-10,18.0,19.0,18.0,18.7,4428909
2018-05-13,18.8,19.4,18.8,19.2,4637667
2018-05-14,19.2,19.5,18.6,18.9,2424382
2018-05-15,19.0,19.6,18.9,19.0,3831727
2018-05-16,19.0,19.0,18.0,18.1,1619266
2018-05-17,18.2,18.5,17.9,18.1,1385110
2018-05-20,18.2,18.3,17.6,17.8,813059
2018-05-21,17.8,18.6,17.7,18.2,1677268
2018-05-22,18.3,18.4,17.8,17.9,887540
2018-05-23,18.0,18.0,17.5,17.7,771698
2018-05-24,17.6,18.0,17.5,17.8,1003941
2018-05-27,17.9,18.3,17.9,17.9,695296
2018-05-28,18.0,18.0,17.0,17.2,640799
2018-05-29,17.6,17.7,17.2,17.3,787842
2018-05-30,17.4,17.6,17.0,17.1,519265
2018-05-31,17.5,17.5,16.8,16.8,207893
2018-06-03,17.0,17.0,16.5,16.6,702841
2018-06-04,16.7,16.8,16.3,16.5,255807
2018-06-05,16.8,16.9,16.4,16.8,299004
2018-06-06,17.1,17.1,16.7,16.8,359060
2018-06-07,16.9,17.0,16.5,16.6,234450
2018-06-10,16.5,16.5,16.0,16.1,531850
2018-06-11,16.3,16.3,15.8,15.9,484015
2018-06-12,16.0,16.5,15.9,16.3,310781
2018-06-18,16.4,16.5,15.8,16.3,406666
2018-06-19,16.3,16.5,15.9,16.3,546882
2018-06-20,16.6,17.5,16.5,17.0,1210863
2018-06-21,17.0,17.2,16.5,16.5,1006574
2018-06-24,17.3,17.3,16.1,16.4,1755327
2018-06-25,16.8,16.9,16.1,16.2,1172228
2018-06-26,16.1,16.7,16.0,16.3,650629
2018-06-27,16.3,16.9,16.0,16.5,2096424
2018-06-28,16.7,16.7,15.9,16.0,789661
2018-07-02,16.2,16.5,15.7,16.1,761749
2018-07-03,16.3,16.4,15.5,15.6,691836
2018-07-04,15.8,16.7,15.7,16.4,1485184
2018-07-05,16.7,17.1,16.5,16.6,1201947
2018-07-08,16.8,17.2,16.5,16.7,1686240
2018-07-09,17.0,17.5,16.7,16.9,1769749
2018-07-10,17.3,17.9,17.0,17.4,3488619
2018-07-11,17.5,18.3,16.9,17.1,1739870
2018-07-12,17.3,17.4,16.6,16.7,1202663
2018-07-15,16.7,17.2,16.1,16.4,752959
2018-07-16,16.4,16.9,16.3,16.5,839732
2018-07-17,16.5,16.7,16.3,16.4,328742
2018-07-18,16.4,17.0,16.0,16.8,1383788
2018-07-19,16.6,17.2,16.4,16.9,580122
2018-07-22,16.9,17.3,16.6,17.2,862427
2018-07-23,17.4,17.8,16.8,17.0,2295757
2018-07-24,17.0,17.3,16.7,17.1,885225
2018-07-25,17.4,18.1,17.3,17.5,3022290
2018-07-26,17.5,18.6,17.5,18.1,3610571
2018-07-29,18.2,18.4,17.2,17.3,1222286
2018-07-30,17.0,17.8,17.0,17.3,714530
2018-07-31,17.4,18.1,17.3,17.6,1474656
2018-08-01,17.4,18.1,17.4,17.6,861396
2018-08-02,17.5,18.0,17.5,17.8,1295922
2018-08-05,17.8,19.2,17.8,18.7,3427009
2018-08-06,18.7,19.0,18.3,18.5,1319816
2018-08-07,18.0,19.3,18.0,19.0,2573085
2018-08-08,19.2,19.6,18.6,18.9,2343336
2018-08-09,19.0,19.2,18.4,18.7,1640946
2018-08-12,18.8,19.3,18.7,18.9,2300850
2018-08-13,18.7,20.3,18.6,20.0,5683521
2018-08-14,20.1,20.4,19.5,19.8,2716190
2018-08-16,19.8,19.8,19.1,19.5,2340106
2018-08-19,19.4,19.5,18.2,18.4,1288391
2018-08-20,18.3,19.3,18.2,18.8,804732
2018-08-26,19.3,19.3,18.8,19.1,756852
2018-08-27,19.2,20.1,19.1,20.0,4124563
2018-08-28,20.1,22.0,20.0,21.7,6046596
2018-08-29,22.0,22.6,21.5,21.8,4955067
2018-08-30,21.8,23.4,21.7,23.3,6174073
2018-09-03,23.4,23.4,22.0,22.3,3563476
2018-09-04,22.4,22.4,20.6,21.0,4401514
2018-09-05,21.0,21.9,20.6,20.9,2230075
2018-09-06,21.0,21.1,19.7,19.9,2426536
2018-09-09,20.0,20.5,19.7,20.0,1857583
2018-09-10,20.3,20.5,19.8,19.9,1322153
2018-09-11,20.0,20.1,19.2,19.4,1184393
2018-09-12,19.4,20.4,19.3,19.7,1247839
2018-09-13,19.7,20.5,19.6,20.0,2332499
2018-09-16,20.2,20.9,20.0,20.7,3023110
2018-09-17,20.7,21.2,20.2,20.7,2981792
2018-09-18,20.8,21.4,20.3,20.6,3352530
2018-09-19,20.7,21.1,20.0,20.7,4153565
2018-09-20,21.0,21.5,20.9,21.0,4154467
2018-09-23,21.0,21.4,19.9,20.2,2242739
2018-09-24,20.2,20.4,18.9,19.5,1904237
2018-09-25,19.1,19.7,18.6,19.1,1369850
2018-09-26,19.1,19.3,17.8,18.2,1549541
2018-09-27,18.1,18.7,17.3,17.5,871776
2018-09-30,17.5,18.2,17.3,18.1,673711
2018-10-01,17.8,18.9,17.4,17.7,1012359
2018-10-02,17.7,18.4,17.7,18.0,1145385
2018-10-03,18.1,18.6,18.1,18.5,755675
2018-10-04,18.8,18.8,18.3,18.5,1747668
2018-10-07,18.1,20.3,18.1,20.2,3652423
2018-10-08,20.5,20.7,19.1,19.6,2843841
2018-10-09,19.6,19.8,18.5,18.6,1536716
2018-10-10,18.7,19.0,17.8,18.0,1563436
2018-10-11,18.0,18.6,17.8,18.2,1172229
2018-10-14,18.4,18.6,18.2,18.3,852105
2018-10-15,18.3,18.3,17.8,18.0,909656
2018-10-16,18.0,18.2,17.5,17.6,1238372
2018-10-17,17.8,18.0,17.5,17.6,305046
2018-10-18,17.4,17.9,17.3,17.5,923272
2018-10-21,17.5,17.7,16.7,16.8,492846
2018-10-22,16.8,17.0,16.3,16.5,535631
2018-10-23,16.6,16.9,16.3,16.4,427091
2018-10-24,16.3,16.6,16.3,16.3,330529
2018-10-25,16.2,16.5,15.3,15.5,574292
2018-10-28,15.8,16.0,14.1,14.3,869492
2018-10-29,14.2,15.0,13.4,14.2,1048644
2018-10-30,14.8,15.3,14.7,14.8,656187
2018-10-31,14.7,14.8,14.3,14.6,720356
2018-11-01,14.8,14.9,14.2,14.3,750828
2018-11-04,14.5,14.9,14.1,14.6,861985
2018-11-05,14.8,15.0,14.3,14.4,594931
2018-11-06,14.4,14.4,14.0,14.0,522590
2018-11-07,14.2,14.3,13.9,14.0,391690
2018-11-08,14.2,14.4,13.7,13.9,617804
2018-11-11,13.8,14.1,13.7,13.9,530681
2018-11-12,13.9,13.9,13.6,13.7,269309
2018-11-13,13.7,14.0,13.6,13.7,346052
2018-11-14,13.7,13.9,13.0,13.3,1030387
2018-11-15,13.9,14.6,13.3,14.2,1028208
2018-11-18,14.4,15.6,14.4,15.6,3530343
2018-11-20,15.6,16.0,14.4,14.7,1924502
2018-11-22,15.0,15.0,14.0,14.1,580781
2018-11-25,14.1,14.5,13.7,13.9,613035
2018-11-26,14.2,15.2,13.9,15.2,2017240
2018-11-27,15.4,16.7,15.4,16.7,3596461
2018-11-28,17.0,18.0,16.9,17.3,4192328
2018-11-29,17.4,18.4,17.2,17.5,3157220
2018-12-02,17.8,19.0,17.8,18.6,2718208
2018-12-03,18.8,19.1,18.0,18.8,2756397
2018-12-04,18.9,19.0,18.2,18.4,2199082
2018-12-05,18.2,18.7,16.9,17.4,3247630
2018-12-06,17.5,17.7,16.7,16.8,1511361
2018-12-09,16.8,17.1,15.7,15.9,1128878
2018-12-10,15.9,16.0,15.0,15.2,1338778
2018-12-11,15.4,15.8,15.1,15.7,607129
2018-12-12,15.8,17.0,15.8,16.8,1253659
2018-12-13,16.9,17.0,15.7,15.8,935375
2018-12-17,15.8,15.8,15.0,15.3,378129
2018-12-18,15.3,15.6,15.1,15.4,334506
2018-12-19,15.5,15.6,15.0,15.3,746544
2018-12-20,15.3,15.6,15.1,15.4,594901
2018-12-23,15.4,15.5,15.0,15.1,620182
2018-12-24,15.2,15.4,14.9,15.1,440539
2018-12-26,15.2,15.5,15.1,15.4,529847
2018-12-27,15.5,15.8,15.3,15.6,643631
2019-01-01,15.7,16.1,15.4,16.0,561605
2019-01-02,16.0,16.5,15.9,16.2,1177432
2019-01-03,16.4,16.8,16.1,16.6,1466865
2019-01-06,16.6,17.4,16.6,17.0,1746158
2019-01-07,17.2,17.2,16.2,16.4,1562804
2019-01-08,16.3,16.7,16.3,16.4,864377
2019-01-09,16.5,16.8,16.3,16.4,839106
2019-01-10,16.4,17.1,16.4,16.7,1285087
2019-01-13,16.5,16.9,16.3,16.4,1739788
2019-01-14,16.4,16.7,16.3,16.4,870874
2019-01-15,16.5,16.5,16.1,16.2,806946
2019-01-16,16.4,16.4,15.8,15.9,1110923
2019-01-17,15.8,16.2,15.6,15.8,490056
2019-01-20,15.7,16.2,15.6,16.0,955237
2019-01-21,16.4,16.4,15.8,15.9,712360
2019-01-22,16.0,16.4,16.0,16.2,1142419
2019-01-23,16.4,16.4,15.7,15.8,1148134
2019-01-24,16.0,16.2,15.7,16.1,1389996
2019-01-27,16.3,16.3,15.9,16.1,1349983
2019-01-28,16.3,17.4,16.1,16.7,3025566
2019-01-29,16.9,16.9,16.2,16.4,971305
2019-01-30,16.3,16.5,15.8,16.0,1664888
2019-01-31,16.4,16.4,15.7,15.9,1629690
2019-02-03,16.2,16.2,15.6,15.7,721514
2019-02-04,15.9,16.0,15.5,15.6,728440
2019-02-05,15.8,15.8,15.4,15.5,616788
2019-02-06,15.5,15.8,15.4,15.5,706686
2019-02-07,15.5,15.7,15.3,15.4,857660
2019-02-10,15.4,15.5,14.8,15.0,1068173
2019-02-11,15.2,15.3,15.0,15.1,730263
2019-02-12,15.2,15.5,15.2,15.3,1133606
2019-02-13,15.5,15.9,15.5,15.6,800376
2019-02-14,15.6,15.9,15.5,15.8,912243
2019-02-17,15.9,16.0,15.6,15.8,727370
2019-02-18,15.8,16.3,15.7,16.0,1727298
2019-02-19,16.2,16.2,15.9,16.0,1042632
2019-02-20,16.1,16.2,15.8,16.0,941147
2019-02-24,16.0,16.0,15.7,15.7,595105
2019-02-25,15.6,15.9,15.5,15.6,322261
2019-02-26,15.8,15.8,15.5,15.5,447446
2019-02-27,15.5,15.6,15.0,15.2,469045
2019-03-03,15.4,15.5,15.2,15.3,503788
2019-03-04,15.2,15.5,15.1,15.3,324046
2019-03-05,15.5,15.6,15.2,15.3,330689
2019-03-06,15.5,15.7,15.4,15.6,460985
2019-03-07,15.8,16.1,15.5,16.0,893832
2019-03-10,16.3,16.3,15.9,16.0,1076698
2019-03-11,15.7,16.2,15.6,15.7,565995
2019-03-12,15.7,15.7,15.2,15.3,547693
2019-03-13,15.2,15.4,15.1,15.2,287376
2019-03-14,15.3,15.4,15.0,15.0,409681
2019-03-18,15.0,15.1,14.9,15.0,299411
2019-03-19,15.3,15.3,14.9,15.0,189615
2019-03-20,15.1,15.1,14.9,15.0,276959
2019-03-21,15.0,15.0,14.6,14.7,378525
2019-03-24,14.8,14.8,14.4,14.5,234077
2019-03-25,14.5,15.1,14.5,14.8,135890
2019-03-27,15.1,15.1,14.7,14.8,132741
2019-03-28,14.8,15.0,14.6,14.8,115267
2019-03-31,14.8,14.8,14.6,14.6,170676
2019-04-01,14.7,14.8,14.6,14.6,214167
2019-04-02,14.7,14.9,14.7,14.8,147840
2019-04-03,14.9,14.9,14.6,14.6,246336
2019-04-04,14.6,14.8,14.5,14.7,132558
2019-04-07,14.7,14.7,14.6,14.6,149406
2019-04-08,14.6,15.2,14.6,14.8,638017
2019-04-09,15.0,15.0,14.2,14.5,320160
2019-04-10,14.4,14.5,14.1,14.2,370819
2019-04-11,14.4,14.8,14.2,14.4,235418
2019-04-15,14.7,14.8,14.4,14.4,129057
2019-04-16,14.4,14.4,14.2,14.3,140486
2019-04-17,14.2,14.7,14.2,14.6,294892
2019-04-18,14.6,15.1,14.6,14.8,298861
2019-04-21,14.8,15.0,14.7,14.8,283484
2019-04-23,14.6,14.7,14.4,14.4,127787
2019-04-24,14.3,14.7,14.2,14.5,107764
2019-04-25,14.5,14.7,14.3,14.4,194089
2019-04-28,14.4,14.8,14.3,14.4,200037
2019-04-29,14.4,14.5,14.2,14.3,141809
2019-04-30,14.6,14.7,14.2,14.5,255154
2019-05-02,14.5,15.2,14.3,15.2,1089127
2019-05-05,15.4,15.5,15.1,15.3,656042
2019-05-06,15.2,15.2,14.8,14.8,327397
2019-05-07,14.8,14.8,14.5,14.5,161966
2019-05-08,14.5,14.6,14.3,14.4,289206
2019-05-09,14.5,15.2,14.3,15.1,384058
2019-05-12,15.1,15.3,14.7,14.9,352602
2019-05-13,15.1,15.1,14.5,14.6,210204
2019-05-14,14.8,14.8,14.5,14.6,65142
2019-05-15,14.8,14.8,14.5,14.6,116996
2019-05-16,14.7,14.7,14.4,14.6,349874
2019-05-19,14.8,15.5,14.8,15.2,799518
2019-05-20,15.0,15.3,14.7,14.8,172706
2019-05-21,14.6,14.8,14.6,14.6,156611
2019-05-22,14.6,14.9,14.6,14.8,139287
2019-05-23,14.8,14.8,14.6,14.7,100486
2019-05-26,14.7,14.7,14.2,14.3,457329
2019-05-27,14.3,14.5,14.2,14.4,164101
2019-05-28,14.5,14.7,14.4,14.6,104747
2019-05-29,14.7,14.8,14.5,14.6,92869
2019-05-30,14.6,14.8,14.5,14.7,338695
2019-06-09,14.8,14.8,14.6,14.6,46444
2019-06-10,14.8,15.0,14.7,14.9,242475
2019-06-11,14.8,15.2,14.8,15.1,354458
2019-06-12,15.0,15.1,14.7,14.8,204464
2019-06-13,14.8,14.9,14.6,14.7,315088
2019-06-16,14.9,15.0,14.6,14.7,220503
2019-06-17,14.7,14.7,14.4,14.5,214560
2019-06-18,14.4,14.8,14.4,14.7,120586
2019-06-19,14.7,14.9,14.6,14.9,284183
2019-06-20,14.8,15.2,14.8,14.8,518685
2019-06-23,14.9,14.9,14.6,14.7,135799
2019-06-24,14.8,14.8,14.6,14.6,168361
2019-06-25,14.6,14.8,14.6,14.6,247860
2019-06-26,14.7,14.7,14.6,14.7,97993
2019-06-27,14.6,14.8,14.6,14.7,279003
2019-06-30,14.9,14.9,14.6,14.6,141322
2019-07-02,14.7,14.8,14.6,14.7,324435
2019-07-03,14.8,14.8,14.6,14.7,248350
2019-07-04,14.8,15.1,14.7,15.0,573877
2019-07-07,15.0,15.0,14.7,14.8,220972
2019-07-08,15.0,15.0,14.2,14.5,487238
2019-07-09,14.5,14.6,14.2,14.3,324033
2019-07-10,14.3,14.3,14.0,14.0,245605
2019-07-11,14.0,14.2,13.6,13.7,183248
2019-07-14,13.7,13.8,13.5,13.5,185752
2019-07-15,13.3,13.6,13.0,13.1,245904
2019-07-16,13.0,13.5,13.0,13.4,158156
2019-07-17,13.6,13.6,12.9,13.0,586277
2019-07-18,13.0,13.1,12.9,13.0,487775
2019-07-21,13.0,13.0,11.8,11.9,480167
2019-07-22,11.6,12.5,11.1,12.0,289257
2019-07-23,11.8,12.8,11.8,12.7,139462
2019-07-24,12.6,12.6,12.2,12.4,164038
2019-07-25,12.2,12.7,12.2,12.6,147144
2019-07-28,12.6,12.8,12.4,12.4,401264
2019-07-29,12.6,13.3,12.4,13.1,383933
2019-07-30,13.0,13.3,12.7,12.8,215187
2019-07-31,12.8,12.9,12.4,12.5,224164
2019-08-01,12.8,12.8,12.4,12.5,444209
2019-08-04,12.6,12.8,12.5,12.7,144640
2019-08-05,12.8,13.1,12.7,13.0,167340
2019-08-06,13.0,13.2,13.0,13.1,197916
2019-08-07,13.1,13.3,12.9,13.0,236214
2019-08-08,13.0,13.1,12.9,13.0,15977
2019-08-18,13.0,13.1,12.9,13.0,123493
2019-08-19,13.0,13.0,12.8,12.9,134873
2019-08-20,13.0,13.5,12.9,13.3,413702
2019-08-21,13.4,14.1,13.3,14.0,1131375
2019-08-22,14.3,14.3,13.7,13.9,1080132
2019-08-25,13.9,14.0,13.7,13.8,298908
2019-08-26,13.6,13.8,13.1,13.5,305770
2019-08-27,13.6,13.6,13.3,13.4,604761
2019-08-28,13.8,14.1,13.4,13.5,503385
2019-08-29,13.6,13.6,13.2,13.2,444380
2019-09-01,13.5,13.5,13.0,13.1,170413
2019-09-02,13.1,13.1,12.8,12.8,188882
2019-09-03,12.9,13.4,12.8,13.3,209746
2019-09-04,13.3,13.4,13.1,13.1,82394
2019-09-05,13.4,13.4,13.0,13.1,128440
2019-09-08,13.5,13.5,12.9,13.0,196588
2019-09-09,13.3,13.3,12.5,12.7,237674
2019-09-11,12.6,12.6,12.4,12.4,293556
2019-09-12,12.4,12.5,12.2,12.3,172277
2019-09-15,12.5,12.7,12.4,12.4,52230
2019-09-16,12.5,12.8,12.2,12.3,284082
2019-09-17,12.3,12.6,12.2,12.2,216033
2019-09-18,12.2,12.5,12.1,12.2,86933
2019-09-19,12.4,12.4,11.7,12.0,185758
2019-09-22,12.3,12.3,11.6,11.9,183052
2019-09-23,12.1,12.4,11.9,12.0,241927
2019-09-24,12.0,12.2,11.9,11.9,86152
2019-09-25,11.9,12.1,11.8,11.9,100145
2019-09-26,12.0,12.0,11.6,11.7,210780
2019-09-29,12.0,12.0,11.6,11.7,139483
2019-09-30,11.6,11.7,11.3,11.4,101739
2019-10-01,12.0,12.0,11.5,11.7,98234
2019-10-02,11.6,11.8,11.5,11.6,63402
2019-10-03,11.8,11.9,11.6,11.7,118199
2019-10-06,11.8,11.8,11.5,11.6,139352
2019-10-07,11.5,11.7,11.4,11.5,68218
2019-10-09,11.3,11.7,11.1,11.2,102619
2019-10-10,11.5,11.5,11.1,11.1,117412
2019-10-13,11.1,11.1,10.9,10.9,184983
2019-10-14,11.0,11.0,10.7,10.8,144810
2019-10-15,11.0,11.8,10.8,11.7,291328
2019-10-16,11.8,11.8,11.1,11.3,148604
2019-10-17,11.3,11.3,10.9,11.0,263529
2019-10-20,10.9,11.2,10.8,11.1,182065
2019-10-21,11.2,11.3,11.1,11.2,193249
2019-10-22,11.4,11.4,10.8,11.0,200333
2019-10-23,10.8,11.3,10.8,11.2,148726
2019-10-24,11.3,11.4,11.1,11.2,60160
2019-10-27,11.1,11.4,11.1,11.3,74903
2019-10-28,11.1,11.1,10.3,10.6,168917
2019-10-29,10.6,10.8,10.3,10.6,207817
2019-10-30,10.8,11.2,10.8,11.1,204816
2019-10-31,11.1,11.2,10.8,11.0,159599
2019-11-03,11.1,11.3,11.0,11.0,168820
2019-11-04,11.0,11.2,10.9,10.9,27197
2019-11-05,11.2,11.2,10.8,11.0,93186
2019-11-06,11.0,11.4,10.9,11.3,257590
2019-11-07,11.4,11.9,11.3,11.3,310400
2019-11-11,11.4,11.4,11.1,11.2,177090
2019-11-12,11.3,11.3,10.9,10.9,143427
2019-11-13,10.9,10.9,10.7,10.9,133112
2019-11-14,10.8,10.9,10.5,10.7,74215
2019-11-17,11.2,11.7,11.2,11.7,277779
2019-11-18,12.3,12.4,11.9,12.0,608099
2019-11-19,11.9,11.9,11.4,11.5,114752
2019-11-20,11.5,11.8,11.5,11.7,318586
2019-11-24,11.4,11.9,11.4,11.7,381374
2019-11-25,11.9,12.0,11.2,11.3,540141
2019-11-26,11.4,12.0,11.4,11.9,551559
2019-11-27,12.0,12.2,11.6,11.6,704552
2019-11-28,11.8,12.5,11.6,12.4,1420749
2019-12-01,12.4,12.6,12.0,12.2,420430
2019-12-02,12.6,12.6,11.7,11.8,701348
2019-12-03,11.8,11.9,11.7,11.8,279371
2019-12-04,12.0,12.2,11.8,11.8,555870
2019-12-05,12.0,12.9,12.0,12.9,2279748
2019-12-08,13.3,13.7,12.7,12.8,1176499
2019-12-09,12.7,12.8,12.3,12.5,1143122
2019-12-10,12.6,13.2,12.5,12.7,1420680
2019-12-11,12.7,12.9,12.6,12.8,468159
2019-12-12,12.7,12.9,12.5,12.8,606741
2019-12-15,12.9,12.9,12.3,12.5,539106
2019-12-17,12.5,12.5,12.1,12.1,177291
2019-12-18,12.0,12.39999962,11.89999962,12.30000019,184407
2019-12-19,12.80000019,13.19999981,12.39999962,13.10000038,1199276
2019-12-22,13.1,13.5,12.8,13.3,934269
2019-12-23,13.3,13.7,13.0,13.2,1191407
2019-12-24,13.2,13.2,12.8,12.8,486516
2019-12-26,13.0,13.2,12.6,12.9,286894
2019-12-29,13.0,13.2,12.8,13.2,438999
2019-12-30,13.3,13.3,13.0,13.2,365855
2020-01-01,13.3,13.7,13.0,13.4,667875
2020-01-02,13.5,13.8,13.3,13.6,793274
2020-01-05,13.4,13.4,12.9,13.0,527087
2020-01-06,12.8,13.4,12.8,13.0,702419
2020-01-07,12.9,13.2,12.7,12.8,517854
2020-01-08,12.8,13.1,12.7,12.9,578240
2020-01-09,12.8,13.0,12.8,12.9,315737
2020-01-12,13.0,13.2,12.9,13.0,300013
2020-01-13,13.0,13.0,11.9,12.5,868755
2020-01-14,12.3,12.7,12.0,12.6,413088
2020-01-15,12.5,12.9,12.3,12.4,244883
2020-01-16,12.3,12.6,12.0,12.4,340258
2020-01-19,12.6,13.4,12.6,13.3,1031709
2020-01-20,13.3,14.4,12.9,14.1,1800486
2020-01-21,14.0,14.3,13.5,14.2,773516
2020-01-22,13.8,14.9,13.7,14.5,1711834
2020-01-23,14.1,15.1,14.1,14.9,2601755
2020-01-26,14.6,14.8,14.1,14.3,854950
2020-01-27,14.2,14.2,13.5,13.6,581217
2020-01-28,13.5,14.3,13.4,14.1,1138373
2020-01-29,14.0,14.3,13.6,14.0,1203766
2020-01-30,14.0,14.2,13.6,14.0,603420
2020-02-02,13.8,14.5,13.8,14.4,1366966
2020-02-03,14.5,15.2,14.5,14.7,5008247
2020-02-04,14.7,14.8,14.4,14.6,1039768
2020-02-05,14.5,14.7,14.2,14.3,817588
2020-02-06,14.3,14.7,14.2,14.6,610271
2020-02-09,14.6,14.7,14.0,14.1,375242
2020-02-10,14.2,14.3,13.6,13.8,553534
2020-02-11,14.1,14.3,13.9,14.1,744957
2020-02-12,14.1,14.2,13.6,13.8,623312
2020-02-13,13.8,14.2,13.5,13.7,913901
2020-02-16,14.0,14.5,13.9,14.2,2493031
2020-02-17,14.4,15.1,14.4,14.8,3382277
2020-02-18,15.0,15.4,14.9,15.0,4119286
2020-02-19,15.0,15.4,14.7,15.1,1917368
2020-02-20,15.3,15.7,15.1,15.3,4226560
2020-02-23,15.5,16.0,15.4,15.6,3686979
2020-02-24,15.7,15.7,15.3,15.4,1860276
2020-02-25,15.5,15.9,15.5,15.8,3138997
2020-02-26,16.0,16.6,16.0,16.2,7558298
2020-02-27,16.3,16.7,16.0,16.2,4974942
2020-03-01,16.3,16.3,15.3,15.6,3219633
2020-03-02,15.5,16.2,15.3,16.0,2853445
2020-03-03,16.2,16.3,15.5,15.7,3202323
2020-03-04,15.7,15.8,14.5,14.9,3623638
2020-03-05,15.0,15.0,14.2,14.3,1878142
2020-03-08,14.6,14.6,13.3,13.4,1200484
2020-03-09,13.4,13.4,12.1,12.1,1723815
2020-03-10,12.2,13.2,12.0,12.9,1607622
2020-03-11,12.9,13.6,12.8,13.4,1791264
2020-03-12,13.5,13.5,12.3,12.5,1362067
2020-03-15,12.3,12.3,11.3,11.6,1165462
2020-03-16,12.0,12.3,10.7,11.2,956903
2020-03-18,11.8,12.0,10.1,10.4,1175049
2020-03-19,12.1,12.1,12.1,12.1,3801
2020-03-22,11.8,11.8,11.8,11.8,119237
2020-03-23,11.8,12.1,11.8,11.8,817582
2020-03-24,11.8,11.8,11.8,11.8,108994
2020-03-25,11.8,11.9,11.8,11.8,169312
2020-05-31,11.8,11.8,11.8,11.8,119531
2020-06-01,11.8,11.8,11.8,11.8,66400
2020-06-02,11.8,11.8,11.8,11.8,99559
2020-06-03,11.8,11.8,11.8,11.8,17729
2020-06-04,11.8,11.8,11.8,11.8,340
2020-06-07,11.8,11.8,11.8,11.8,200
2020-06-08,11.8,11.8,11.8,11.8,900
2020-06-10,11.8,11.8,11.8,11.8,12151
2020-06-11,11.8,11.8,11.8,11.8,1000
2020-06-14,11.8,11.8,11.8,11.8,2
2020-06-15,11.8,11.8,11.8,11.8,2000
2020-06-16,11.8,11.8,11.8,11.8,2500
2020-06-17,11.8,11.8,11.8,11.8,10
2020-06-18,11.8,11.8,11.8,11.8,4
2020-06-23,11.8,11.8,11.8,11.8,10
2020-06-25,11.8,11.8,11.8,11.8,100
2020-06-28,11.8,11.8,11.8,11.8,50
2020-06-29,11.8,11.8,11.8,11.8,4281
2020-06-30,11.8,11.8,11.8,11.8,125
2020-07-02,11.8,11.8,11.8,11.8,40
2020-07-05,11.8,11.8,11.8,11.8,1010
2020-07-06,11.8,11.8,11.8,11.8,2500
2020-07-07,11.8,11.8,11.8,11.8,13350
2020-07-08,11.8,11.8,11.8,11.8,23090
2020-07-09,11.8,12.1,11.8,12.0,1174279
2020-07-12,12.0,12.0,11.8,11.8,645222
2020-07-13,11.8,12.0,11.8,11.8,151540
2020-07-14,11.8,11.8,11.8,11.8,13297
2020-07-15,11.8,11.8,11.8,11.8,12350
2020-07-16,11.8,11.8,11.8,11.8,845
2020-07-19,11.8,11.8,11.8,11.8,2233
2020-07-20,11.8,11.8,11.8,11.8,323
2020-07-21,11.8,11.8,11.8,11.8,37441
2020-07-22,11.8,11.8,11.8,11.8,48906
2020-07-23,11.8,11.8,11.8,11.8,46725
2020-07-26,11.8,11.8,11.8,11.8,31125
2020-07-27,11.8,11.8,11.8,11.8,5386
2020-07-28,11.8,11.8,11.8,11.8,102131
2020-07-29,11.8,11.8,11.8,11.8,29422
2020-07-30,11.8,12.3,11.8,12.2,1709472
2020-08-03,12.2,12.7,12.1,12.4,1345380
2020-08-04,12.5,12.7,11.8,12.0,1003860
2020-08-05,12.0,12.2,11.8,12.0,1385320
2020-08-06,12.2,12.5,11.9,12.4,1100580
2020-08-09,12.6,13.1,12.5,12.9,1691210
2020-08-10,12.8,13.3,12.5,12.7,1192340
2020-08-12,12.7,13.9,12.7,13.7,3239590
2020-08-13,13.9,14.1,13.3,13.4,781470
2020-08-16,13.4,13.6,13.0,13.2,1985884
2020-08-17,13.4,13.6,12.8,13.0,1803158
2020-08-18,13.1,13.1,12.4,12.5,1141320
2020-08-19,12.7,12.8,12.3,12.4,840775
2020-08-20,12.4,13.0,12.3,12.8,684630
2020-08-23,13.0,13.2,12.5,12.6,919711
2020-08-24,12.3,12.8,12.3,12.6,421454
2020-08-25,12.6,12.7,12.3,12.4,580323
2020-08-26,12.5,12.6,12.4,12.5,330288
2020-08-27,12.6,12.7,12.4,12.5,825731
2020-08-31,12.7,12.7,12.4,12.5,472194
2020-09-01,12.5,12.7,12.4,12.5,493774
2020-09-02,12.5,12.6,12.4,12.5,797815
2020-09-03,12.5,13.6,12.5,13.4,2718336
2020-09-06,13.6,13.9,13.0,13.1,1502785
2020-09-07,13.1,13.2,12.8,13.0,1123391
2020-09-08,13.0,13.9,12.9,13.7,2429264
2020-09-09,13.8,14.0,13.4,13.5,1262651
2020-09-10,13.6,13.9,13.4,13.7,2030381
2020-09-13,13.7,14.6,13.7,14.1,3176751
2020-09-14,14.2,14.4,13.7,13.9,1663808
2020-09-15,13.9,14.0,13.5,13.6,1291569
2020-09-16,13.6,13.9,13.4,13.7,1183838
2020-09-17,13.8,14.0,13.7,13.8,1250933
2020-09-20,13.8,14.0,13.4,13.5,1258359
2020-09-21,13.5,13.6,13.2,13.2,894370
2020-09-22,13.2,13.2,13.0,13.1,564270
2020-09-23,13.2,13.4,12.7,12.9,604896
2020-09-24,12.8,13.2,12.7,12.8,722447
2020-09-27,12.9,13.1,12.7,12.7,374042
2020-09-28,12.8,12.9,12.6,12.7,503456
2020-09-29,12.8,13.2,12.8,13.0,1505812
2020-09-30,13.0,13.3,12.9,13.2,736609
2020-10-01,13.3,14.3,13.3,13.9,2257985
2020-10-04,14.0,14.8,13.9,14.1,1853056
2020-10-05,14.2,14.2,13.4,13.5,906884
2020-10-06,13.6,13.9,13.3,13.4,1029251
2020-10-07,13.3,13.9,13.3,13.7,463464
2020-10-08,13.8,14.0,13.4,13.5,1264893
2020-10-11,13.5,13.7,13.1,13.1,815505
2020-10-12,13.2,13.3,12.6,12.8,548815
2020-10-13,12.8,13.2,12.8,13.1,382163
2020-10-14,13.3,13.4,12.9,13.0,570242
2020-10-15,13.0,13.1,12.7,12.8,536465
2020-10-18,13.0,13.0,12.8,12.8,529618
2020-10-19,12.8,13.3,12.6,12.8,899119
2020-10-20,13.1,13.4,12.8,13.3,780661
2020-10-21,13.3,13.5,13.0,13.1,684199
2020-10-22,13.1,13.3,12.8,12.8,460454
2020-10-25,13.0,13.1,12.5,13.0,504766
2020-10-27,13.0,13.0,12.6,12.8,348871
2020-10-28,12.6,12.7,12.1,12.2,432758
2020-10-29,12.0,12.9,11.9,12.6,480587
2020-11-01,12.7,13.1,12.6,13.0,526597
2020-11-02,13.0,13.2,12.7,12.9,524431
2020-11-03,12.9,13.1,12.7,12.8,590075
2020-11-04,12.9,12.9,12.6,12.7,359731
2020-11-05,12.6,12.8,12.5,12.6,391894
2020-11-08,12.3,12.6,12.2,12.4,325599
2020-11-09,12.3,13.5,12.3,13.4,1430132
2020-11-10,13.3,13.5,12.6,12.7,560167
2020-11-11,12.7,12.9,12.3,12.4,467129
2020-11-12,12.6,12.7,12.3,12.6,346312
2020-11-15,12.6,12.6,12.3,12.4,290550
2020-11-16,12.4,12.9,12.3,12.8,466541
2020-11-17,12.8,12.8,12.4,12.5,238859
2020-11-18,12.5,12.6,12.4,12.5,111667
2020-11-19,12.5,12.9,12.5,12.6,513801
2020-11-22,12.4,12.7,12.4,12.4,133923
2020-11-23,12.4,12.4,12.0,12.1,318592
2020-11-24,12.2,12.5,12.2,12.3,95554
2020-11-25,12.4,12.4,12.2,12.3,166958
2020-11-26,12.6,12.6,12.2,12.3,181106
2020-11-29,12.3,12.4,12.2,12.3,178409
2020-11-30,12.3,12.3,12.0,12.2,228325
2020-12-01,12.2,12.5,12.2,12.4,310560
2020-12-02,12.4,13.5,12.3,13.1,1782523
2020-12-03,13.2,14.4,13.1,14.4,4505981
2020-12-06,14.3,15.0,14.1,15.0,2854956
2020-12-07,14.8,15.1,14.5,14.8,1922940
2020-12-08,14.7,15.1,14.6,15.0,1968212
2020-12-10,15.0,15.8,15.0,15.3,3718214
2020-12-13,15.3,15.5,15.1,15.3,1817281
2020-12-14,15.0,15.6,15.0,15.4,1823468
2020-12-15,15.3,16.0,15.3,15.8,1405482
2020-12-17,15.8,16.4,15.8,16.2,1512940
2020-12-20,15.9,16.5,15.9,16.2,1352029
2020-12-21,16.0,16.5,16.0,16.4,1451155
2020-12-22,16.2,16.6,16.2,16.5,1598716
2020-12-23,16.3,16.8,16.3,16.7,1345765
2020-12-24,16.5,17.1,16.5,16.9,1571537
2020-12-27,16.8,17.3,16.8,17.0,1853207
2020-12-28,16.8,17.4,16.8,17.0,2283334
2020-12-29,17.0,17.8,17.0,17.5,1840774
2020-12-30,17.4,17.9,17.3,17.5,1135011
2021-01-03,17.6,17.8,17.3,17.4,973701
2021-01-04,17.5,17.5,17.1,17.2,1526504
2021-01-05,17.1,17.3,16.9,17.1,1364341
2021-01-06,17.4,17.5,17.0,17.4,1146215
2021-01-07,17.4,18.2,17.4,17.8,1290717
2021-01-10,17.7,18.0,17.4,17.5,1284680
2021-01-11,17.4,17.9,17.4,17.8,1807632
2021-01-12,17.7,19.5,17.7,19.1,1975232
2021-01-13,19.0,19.4,18.1,18.5,1173753
2021-01-14,18.8,19.4,18.6,18.7,885668
2021-01-17,18.5,19.0,18.4,18.6,1355205
2021-01-18,18.5,18.7,18.5,18.5,866246
2021-01-19,18.6,19.7,18.5,19.5,1307067
2021-01-20,19.2,19.6,19.1,19.3,1030773
2021-01-21,19.4,20.3,19.4,20.1,1185260
2021-01-24,20.0,20.5,19.9,20.3,1135317
2021-01-25,20.3,20.8,20.3,20.4,1737477
2021-01-26,20.2,20.6,20.2,20.3,1021218
2021-01-27,20.4,21.6,20.3,21.2,1827357
2021-01-28,21.4,21.6,20.7,20.7,1404858
2021-01-31,21.0,21.5,20.9,21.3,1437934
2021-02-01,21.2,21.6,21.2,21.4,986799
2021-02-02,21.6,21.6,21.1,21.3,1552467
2021-02-03,21.3,21.4,21.1,21.2,613249
2021-02-04,21.0,21.4,20.9,21.3,1350295
2021-02-07,21.2,21.5,20.9,21.0,644381
2021-02-08,21.0,21.2,18.9,20.3,1281899
2021-02-09,19.3,20.8,19.0,20.6,303415
2021-02-10,20.6,20.6,19.9,20.3,723324
2021-02-11,20.7,20.9,19.9,20.7,719158
2021-02-14,20.1,20.8,20.1,20.4,189513
2021-02-15,20.1,21.4,20.1,21.2,573325
2021-02-16,21.0,21.5,20.7,21.2,631568
2021-02-17,21.0,21.3,20.9,21.2,843577
2021-02-18,21.3,21.5,20.9,21.4,857854
2021-02-22,21.3,23.1,21.2,22.1,1507631
2021-02-23,22.3,22.6,21.8,22.3,1343599
2021-02-24,22.3,22.7,21.9,22.4,1318700
2021-02-25,22.2,22.7,22.0,22.4,1162393
2021-02-28,22.4,22.8,22.2,22.4,1602575
2021-03-01,22.1,22.5,22.0,22.2,737754
2021-03-02,22.2,22.3,21.7,21.9,1219526
2021-03-03,21.8,22.2,21.8,22.0,463258
2021-03-04,22.0,22.1,21.7,21.7,640330
2021-03-07,21.7,21.8,20.8,21.3,782929
2021-03-08,21.1,21.7,21.1,21.6,756229
2021-03-09,21.6,21.6,20.9,21.0,255284
2021-03-10,21.1,22.0,21.1,21.6,715330
2021-03-11,21.4,22.1,21.4,21.9,513962
2021-03-14,21.9,22.3,21.5,22.0,356875
2021-03-15,21.9,22.4,21.9,22.1,418115
2021-03-16,22.4,22.4,22.1,22.3,431253
2021-03-18,22.5,22.5,21.9,22.1,318298
2021-03-21,22.0,22.1,21.7,22.0,400685
2021-03-22,21.9,22.2,21.4,22.0,544311
2021-03-23,22.3,22.9,22.0,22.2,554554
2021-03-24,22.0,22.4,21.6,21.7,286759
2021-03-25,21.6,22.0,21.5,21.8,440922
2021-03-28,21.6,22.3,21.6,22.1,233145
2021-03-29,21.9,22.3,21.8,22.1,486365
2021-03-31,21.9,22.0,21.3,21.4,326750
2021-04-01,20.9,21.6,20.8,21.5,423341
2021-04-04,20.3,21.0,19.4,20.4,254770
2021-04-05,19.6,21.0,19.6,20.9,156046
2021-04-06,20.7,22.1,20.7,21.9,419730
2021-04-07,21.6,22.8,21.6,22.2,804642
2021-04-08,21.9,22.3,21.6,22.1,279219
2021-04-11,22.0,22.0,20.8,21.5,202557
2021-04-12,21.8,23.0,21.8,22.2,722143
2021-04-13,21.8,22.7,21.8,22.4,1116373
2021-04-15,22.1,22.6,22.1,22.4,838029
2021-04-18,22.1,24.6,22.1,24.6,4077225
2021-04-19,24.8,26.5,24.6,26.1,2589424
2021-04-20,26.0,26.0,25.0,25.5,1779391
2021-04-21,25.5,25.9,25.1,25.4,2476450
2021-04-22,25.6,27.3,25.5,26.5,3679536
2021-04-25,26.5,26.8,25.2,25.6,1429706
2021-04-26,25.6,26.2,25.0,25.0,3263411
2021-04-27,25.2,25.2,24.3,24.7,1501241
2021-04-28,24.9,25.9,24.6,25.5,1389946
2021-04-29,25.2,26.1,25.2,25.5,1321727
2021-05-02,25.5,26.2,25.3,26.0,1659730
2021-05-03,26.1,26.5,25.2,25.4,912598
2021-05-04,25.5,25.7,24.8,25.3,1217732
2021-05-05,25.3,25.8,25.3,25.6,1059096
2021-05-06,25.6,27.8,25.3,26.9,2453403
2021-05-09,27.2,27.4,25.6,26.3,1278434
2021-05-11,26.6,26.6,25.9,26.3,1513815
2021-05-12,26.3,27.5,26.3,26.9,2276120
2021-05-16,27.0,27.6,26.5,26.7,1547174
2021-05-17,26.6,26.9,25.6,25.8,1463701
2021-05-18,26.0,26.8,26.0,26.4,1396706
2021-05-19,26.7,28.8,26.7,27.8,3199930
2021-05-20,28.2,28.3,27.2,27.5,1753796
2021-05-23,27.6,29.6,27.4,29.0,2347895
2021-05-24,29.6,31.2,29.6,30.8,4220526
2021-05-25,30.8,31.2,29.4,29.9,2470820
2021-05-27,30.0,30.4,28.9,29.7,1346570
2021-05-30,30.0,32.5,29.8,30.8,2178360
2021-05-31,30.7,31.5,30.2,30.4,1168421
2021-06-01,30.4,31.3,30.1,30.8,1045197
2021-06-02,31.0,31.6,30.3,30.6,1789193
2021-06-03,30.7,33.0,30.7,32.6,2045229
2021-06-06,32.9,33.4,31.6,32.0,2051121
2021-06-07,32.0,32.9,31.7,32.1,1040691
2021-06-08,32.0,32.8,31.9,32.3,1294814
2021-06-09,32.3,33.4,32.1,33.1,1839589
2021-06-10,33.5,33.5,32.1,32.3,1875883
2021-06-13,32.1,32.7,31.9,32.0,862402
2021-06-14,32.2,33.2,31.9,32.3,956840
2021-06-15,32.5,33.9,32.4,33.3,2132066
2021-06-16,33.5,36.3,33.4,34.9,2249666
2021-06-17,34.9,35.8,33.8,34.3,2436443
2021-06-20,34.0,35.4,33.2,34.8,1243288
2021-06-21,35.4,35.4,34.4,34.6,1251373
2021-06-22,34.6,35.0,34.1,34.3,1049019
2021-06-23,34.6,35.0,34.0,34.2,931996
2021-06-24,34.1,34.7,33.9,34.4,764779
2021-06-27,33.2,34.5,33.1,34.1,809948
2021-06-28,33.4,34.7,33.4,34.3,1157113
2021-06-29,34.2,37.6,34.2,35.8,1338634
2021-06-30,35.3,37.5,35.3,36.6,1064760
2021-07-05,37.4,38.0,36.5,36.9,758214
2021-07-06,36.6,38.0,36.6,37.6,565996
2021-07-07,38.0,38.7,37.6,38.0,1061458
2021-07-08,38.0,38.7,37.1,38.2,818793
2021-07-12,37.8,39.8,37.5,39.6,1373017
2021-07-13,39.3,41.0,39.3,40.7,1462552
2021-07-14,40.6,42.4,40.5,41.7,1488572
2021-07-15,41.5,42.2,41.2,41.4,1450036
2021-07-18,41.2,41.7,40.5,40.8,1401432
2021-07-19,41.0,41.1,40.3,40.9,605031
2021-07-25,40.2,41.6,40.2,40.9,448389
2021-07-26,40.8,41.6,40.8,41.3,412299
2021-07-27,41.0,41.8,41.0,41.5,244345
2021-07-28,41.2,42.7,41.2,42.6,847359
2021-07-29,42.7,45.3,42.7,44.8,1695515
2021-08-02,44.8,44.8,43.6,44.3,914857
2021-08-03,44.0,44.1,43.0,43.8,1584586
2021-08-05,44.3,44.8,43.4,43.6,1497720
2021-08-09,43.3,44.7,43.3,43.8,873699
2021-08-10,43.6,44.0,43.3,43.5,1029423
2021-08-11,43.3,43.9,43.0,43.4,1186562
2021-08-12,44.0,44.6,43.6,44.1,865953
2021-08-16,43.8,44.7,43.3,43.6,1091864
2021-08-17,43.6,44.0,43.3,43.7,638685
2021-08-18,44.0,44.9,43.4,44.6,546439
2021-08-19,44.6,46.4,44.6,46.0,985543
2021-08-22,46.3,48.0,46.2,46.5,707507
2021-08-23,46.0,47.8,45.9,46.1,471146
2021-08-24,45.9,46.9,45.9,46.4,495004
2021-08-25,46.1,47.8,46.0,47.2,935009
2021-08-26,47.2,48.6,47.2,47.9,1090389
2021-08-29,48.5,48.7,47.6,47.9,473375
2021-08-31,47.5,48.5,47.2,48.1,870298
2021-09-01,49.0,49.0,47.6,47.8,590546
2021-09-02,47.4,48.4,47.4,48.0,1165256
2021-09-05,49.0,49.0,47.8,48.3,1118699
2021-09-06,49.0,49.0,47.6,48.1,924891
2021-09-07,47.8,49.5,47.8,48.6,668850
2021-09-08,49.3,49.4,48.0,48.2,812126
2021-09-09,48.5,48.6,47.5,47.7,672648
2021-09-12,47.4,48.8,47.4,47.7,407264
2021-09-13,47.1,48.4,47.1,47.4,677883
2021-09-14,47.7,48.7,47.7,48.0,376227
2021-09-15,47.5,50.4,47.5,49.8,949216
2021-09-16,50.8,51.0,49.9,50.1,596502
2021-09-19,51.7,53.4,50.3,53.1,768916
2021-09-20,53.1,53.8,52.3,52.8,806946
2021-09-21,52.9,53.5,52.4,53.0,432917
2021-09-22,52.8,54.0,52.3,53.6,895148
2021-09-23,54.3,54.8,53.2,54.7,1101883
2021-09-26,55.1,56.6,54.8,55.1,892227
2021-09-27,55.1,55.8,54.3,54.7,1502043
2021-09-28,53.6,55.5,53.6,54.1,1182137
2021-09-29,54.0,54.7,53.3,53.6,477978
2021-09-30,53.5,54.1,53.3,53.6,405661
2021-10-03,53.3,54.6,53.1,53.6,492351
2021-10-04,53.1,53.7,51.0,51.9,382834
2021-10-05,51.9,53.5,51.7,52.9,632194
2021-10-06,52.9,53.4,50.2,51.6,487019
2021-10-07,52.8,52.8,48.1,50.2,300388
2021-10-10,50.2,52.2,50.2,50.9,263907
2021-10-11,50.9,51.4,50.3,50.8,325763
2021-10-12,50.6,51.3,48.3,49.8,310589
2021-10-13,49.8,52.0,49.3,49.9,770148
2021-10-14,49.9,50.9,49.3,50.2,708640
2021-10-17,50.2,51.0,47.8,48.2,325428
2021-10-18,48.2,49.2,47.0,47.7,230539
2021-10-19,47.6,49.5,43.0,44.0,422812
2021-10-21,46.0,46.0,43.6,44.8,384520
2021-10-24,48.8,48.8,45.2,45.4,190015
2021-10-25,44.9,46.8,44.2,45.6,222133
2021-10-26,45.7,50.0,45.1,49.9,782618
2021-10-27,48.7,51.8,48.7,51.2,748564
2021-10-28,50.3,51.4,49.7,50.6,688025
2021-10-31,52.0,53.1,50.5,51.8,522441
2021-11-01,50.3,53.2,50.3,52.7,863852
2021-11-02,53.9,53.9,51.7,52.1,277584
2021-11-03,51.2,52.9,51.2,52.1,566559
2021-11-04,52.7,52.9,51.4,52.4,557353
2021-11-07,51.8,53.2,51.8,52.6,516973
2021-11-08,52.1,52.9,51.8,52.2,662447
2021-11-09,52.7,52.7,51.7,52.4,395504
2021-11-10,52.8,52.8,51.9,52.0,448474
2021-11-11,52.5,55.1,51.8,52.1,762688
2021-11-14,52.2,53.0,52.2,52.5,753207
2021-11-15,52.3,54.4,52.3,54.1,1786723
2021-11-16,55.4,56.2,54.5,55.5,1400979
2021-11-17,54.7,56.5,54.6,55.2,785466
2021-11-18,54.2,55.9,54.2,54.7,688927
2021-11-21,54.3,56.3,53.3,53.9,921731
2021-11-22,53.8,53.9,52.2,53.1,536036
2021-11-23,53.3,53.3,52.1,52.5,362019
2021-11-24,52.1,54.4,51.4,51.5,201873
2021-11-25,51.0,52.7,51.0,52.0,384003
2021-11-28,51.6,52.5,51.0,51.4,342058
2021-11-30,50.8,52.4,48.2,50.3,656099
2021-12-01,50.4,52.8,50.4,51.2,503525
2021-12-02,50.5,51.2,49.5,50.2,297853
2021-12-05,49.4,52.2,49.4,51.7,228834
2021-12-06,51.7,52.6,51.4,51.6,219506
2021-12-07,51.6,53.2,51.5,51.8,304981
2021-12-08,50.7,53.0,50.7,52.1,403828
2021-12-09,51.0,52.8,51.0,52.1,400150
2021-12-12,52.9,53.0,51.4,52.2,226480
2021-12-13,51.4,52.5,50.9,51.6,277069
2021-12-14,51.4,53.2,51.4,52.7,922165
2021-12-15,52.4,54.0,52.3,52.8,688140
2021-12-19,52.8,53.0,51.2,51.5,415980
2021-12-20,51.1,52.5,50.3,51.0,224241
2021-12-21,50.6,51.7,50.5,51.1,229170
2021-12-22,50.6,52.1,50.5,51.8,482772
2021-12-23,51.3,52.5,50.8,51.7,200414
2021-12-26,51.2,52.3,50.4,50.7,114540
2021-12-27,50.3,51.4,50.1,50.5,255987
2021-12-28,50.0,51.4,50.0,50.8,287435
2021-12-29,50.4,51.3,50.1,50.9,222322
2021-12-30,50.4,53.0,50.4,52.9,800588
2022-01-02,53.5,54.1,52.5,53.9,739755
2022-01-03,53.6,54.9,53.5,54.1,999715
2022-01-04,54.0,55.5,53.5,55.0,1480847
2022-01-05,55.0,60.3,55.0,58.5,2434140
2022-01-06,58.9,60.0,57.2,58.8,1633340
2022-01-09,58.8,59.3,56.6,57.1,773104
2022-01-10,57.0,57.7,55.4,55.7,856087
2022-01-11,55.0,56.9,55.0,56.1,631944
2022-01-12,56.0,57.5,56.0,56.8,690427
2022-01-13,56.6,59.0,56.6,56.9,535541
2022-01-16,55.9,58.4,55.8,56.3,765030
2022-01-17,55.5,57.9,55.5,56.1,841887
2022-01-18,55.5,57.6,55.5,56.1,672367
2022-01-19,56.3,58.9,56.3,57.9,1819683
2022-01-20,58.6,60.7,58.5,60.2,1571723
2022-01-23,60.0,60.8,59.3,60.1,1539597
2022-01-24,60.3,61.3,59.4,60.8,2052850
2022-01-25,61.9,61.9,60.8,61.4,946302
2022-01-26,61.2,62.1,60.8,61.6,1415108
2022-01-27,61.6,62.3,60.6,60.9,978237
2022-01-30,60.4,61.4,60.4,61.0,494831
2022-01-31,61.0,61.8,60.6,60.8,626286
2022-02-01,61.4,61.5,59.8,60.1,828526
2022-02-02,59.5,60.3,58.5,59.5,982325
2022-02-03,58.4,59.8,58.1,59.0,487404
2022-02-06,58.5,60.0,58.5,59.6,363108
2022-02-07,58.5,60.3,58.5,59.0,533852
2022-02-08,58.7,59.9,58.2,58.6,654849
2022-02-09,58.3,61.6,58.3,61.3,833961
2022-02-10,60.6,62.0,60.6,61.6,933585
2022-02-13,61.6,61.7,59.5,60.2,634116
2022-02-14,60.5,63.0,60.5,62.2,1382993
2022-02-15,61.7,63.0,61.1,61.8,826423
2022-02-16,60.4,62.4,60.4,61.6,443166
2022-02-17,61.5,61.6,60.8,61.1,481081
2022-02-20,60.5,61.7,60.4,60.9,382306
2022-02-22,60.1,61.5,59.7,60.3,318850
2022-02-23,60.1,60.8,59.9,60.1,213400
2022-02-24,59.6,60.5,58.3,59.1,282801
2022-02-27,58.5,60.2,57.7,58.1,309346
2022-02-28,57.2,59.5,57.2,58.5,280844
2022-03-01,58.0,59.5,58.0,58.2,447734
2022-03-02,57.6,59.2,57.6,58.3,200268
2022-03-03,57.7,59.2,57.7,58.9,200284
2022-03-06,58.0,58.9,57.9,58.1,237611
2022-03-07,57.5,58.5,53.7,54.2,449941
2022-03-08,52.4,56.5,52.4,55.1,203990
2022-03-09,56.8,56.8,55.0,56.3,128012
2022-03-10,55.6,57.2,55.6,56.6,288595
2022-03-13,57.0,57.5,56.2,57.0,269836
2022-03-15,56.0,57.1,56.0,56.6,937337
2022-03-16,56.1,58.0,56.1,56.7,319627
2022-03-20,56.5,57.6,55.8,56.9,303727
2022-03-21,56.1,57.9,56.1,57.6,557908
2022-03-22,57.3,59.5,57.1,58.9,1381110
2022-03-23,59.6,60.0,58.8,59.7,881066
2022-03-24,60.5,60.5,59.6,60.1,644158
2022-03-27,59.1,60.3,59.1,59.9,434490
2022-03-28,59.0,59.8,58.8,59.2,470977
2022-03-29,58.7,59.7,58.7,58.9,233710
2022-03-30,58.3,59.9,57.8,58.2,535921
2022-03-31,59.3,59.4,57.6,59.2,893690
2022-04-03,59.2,60.3,59.0,59.6,495506
2022-04-04,59.3,60.5,58.5,59.0,592757
2022-04-05,58.3,59.4,57.9,58.6,163152
2022-04-06,58.0,59.5,57.5,57.9,226240
2022-04-07,57.4,58.7,56.9,58.0,226298
2022-04-10,57.6,59.3,57.5,57.8,73177
2022-04-11,57.4,58.5,57.0,57.8,248626
2022-04-12,57.1,58.0,56.7,57.2,133596
2022-04-13,57.7,57.7,56.1,56.9,131810
2022-04-17,56.5,58.3,55.8,56.4,233072
2022-04-18,55.8,57.2,55.3,55.4,125343
2022-04-19,54.5,56.7,54.3,56.1,197525
2022-04-20,56.6,58.3,56.1,57.1,257254
2022-04-21,56.5,57.9,56.5,57.3,268888
2022-04-24,57.3,57.9,56.1,56.7,301277
2022-04-25,56.1,57.0,55.9,56.7,281745
2022-04-26,56.0,57.3,56.0,56.8,177427
2022-04-27,56.6,57.8,56.2,56.5,276857
2022-04-28,56.1,57.4,55.7,57.1,374315
2022-05-05,56.5,57.6,56.5,57.4,112691
2022-05-08,57.0,58.5,57.0,57.4,207642
2022-05-09,57.4,58.0,56.5,57.7,559259
2022-05-10,57.4,58.1,56.4,56.8,265503
2022-05-11,57.5,62.0,56.6,59.5,16974027
2022-05-12,60.0,62.9,58.8,61.2,4192036
2022-05-16,60.9,60.9,58.2,58.2,6641122
2022-05-17,56.5,57.1,55.3,55.3,1076192
2022-05-18,53.1,53.8,52.6,52.6,3052149
2022-05-19,51.1,51.8,50.0,50.0,2199374
2022-05-22,48.4,50.0,47.5,47.5,1112764
2022-05-23,49.6,49.6,45.2,45.5,2265822
2022-05-24,45.5,47.9,43.5,43.7,1356511
2022-05-25,43.2,43.5,41.6,41.9,1229926
2022-05-26,41.1,43.2,41.1,42.5,1061354
2022-05-29,42.5,46.7,42.5,46.6,6469726
2022-05-30,46.8,48.8,45.7,46.3,1520011
2022-05-31,45.5,46.5,45.4,45.4,735278
2022-06-01,45.8,46.2,44.5,45.4,2102888
2022-06-02,46.1,46.8,45.1,45.5,1090461
2022-06-05,45.7,47.5,45.6,47.2,1352723
2022-06-06,47.5,49.4,46.6,47.4,2344999
2022-06-07,47.8,47.8,46.5,46.6,1326963
2022-06-08,46.8,47.4,46.0,46.9,838773
2022-06-09,47.1,47.6,46.1,46.3,693227
2022-06-12,45.5,46.5,45.4,45.4,695334
2022-06-13,46.2,46.2,44.5,44.5,748725
2022-06-14,45.9,48.9,44.3,44.6,639669
2022-06-15,44.6,46.5,44.6,45.8,858790
2022-06-16,47.8,48.0,45.8,47.6,1865196
2022-06-19,49.0,49.0,46.9,47.2,1433273
2022-06-20,46.6,47.1,46.3,46.3,583507
2022-06-21,46.0,46.6,45.4,45.4,392526
2022-06-22,44.6,45.5,44.5,44.5,819393
2022-06-23,45.5,45.5,43.7,44.0,465932
2022-06-26,44.1,44.7,43.2,43.2,668288
2022-06-27,43.8,43.8,42.4,42.4,1189648
2022-06-28,42.1,43.4,41.6,42.2,1094221
2022-06-29,42.0,42.7,41.8,42.1,416492
2022-06-30,41.8,43.1,41.3,42.0,1205620
2022-07-03,42.2,44.0,42.2,43.9,878614
2022-07-04,43.6,44.3,43.1,43.1,865858
2022-07-05,43.1,43.4,42.3,42.4,790348
2022-07-06,43.3,43.3,41.6,41.8,681145
2022-07-07,41.8,42.9,41.8,42.8,498716
2022-07-12,43.4,43.4,42.0,42.1,250937
2022-07-13,42.1,42.1,41.3,41.4,466070
2022-07-14,41.2,41.7,40.9,41.2,327207
2022-07-17,42.4,42.4,40.4,40.4,777846
2022-07-18,40.0,40.1,39.6,39.6,160304
2022-07-19,38.9,38.9,38.9,38.9,230769
2022-07-20,38.2,38.9,38.2,38.2,616649
2022-07-21,40.4,40.4,37.5,37.5,359144
2022-07-24,39.9,39.9,36.8,36.8,324915
2022-07-25,36.1,37.8,36.1,36.5,802306
2022-07-26,37.6,38.0,36.4,36.6,790512
2022-07-27,36.2,37.4,35.9,35.9,246241
2022-07-28,35.9,35.9,35.2,35.2,437407
2022-07-31,36.2,37.0,36.2,36.6,618408
2022-08-01,36.8,38.8,36.6,38.3,797830
2022-08-02,38.5,38.7,37.8,38.0,482408
2022-08-03,39.3,39.3,37.5,37.8,699601
2022-08-04,38.0,40.9,37.3,39.2,1559197
2022-08-07,40.0,42.9,39.0,42.7,2103665
2022-08-08,42.3,43.3,41.5,41.9,1890256
2022-08-10,41.9,42.0,40.0,40.3,777787
2022-08-11,40.3,43.0,40.3,42.5,1759513
2022-08-14,43.0,44.3,42.4,43.0,1600039
2022-08-16,43.8,43.8,42.7,43.3,1214167
2022-08-17,43.6,45.6,43.5,44.2,3567184
2022-08-21,44.5,46.0,44.3,45.5,1899496
2022-08-22,45.7,46.1,43.8,44.2,2669216
2022-08-23,44.0,44.7,41.8,42.1,1419483
2022-08-24,42.1,43.6,42.0,43.0,679411
2022-08-25,43.3,43.7,42.5,43.1,1219099
2022-08-28,43.5,44.7,42.0,42.3,2615244
2022-08-29,42.1,43.8,41.8,43.2,1392757
2022-08-30,43.5,43.9,42.0,42.5,1603827
2022-08-31,42.7,43.1,41.0,41.8,1074000
2022-09-01,42.2,42.8,41.5,41.6,794996
2022-09-04,42.4,42.5,39.8,40.1,886436
2022-09-05,40.5,40.7,38.7,38.9,864336
2022-09-06,39.6,39.9,38.3,39.5,576852
2022-09-07,39.5,40.0,38.8,39.0,781683
2022-09-08,39.2,40.4,38.8,39.7,856081
2022-09-11,39.7,39.7,38.8,39.2,560141
2022-09-12,38.9,39.4,38.7,38.9,488128
2022-09-13,39.5,42.2,39.0,41.7,1307485
2022-09-14,41.8,42.8,40.5,40.9,800377
2022-09-15,41.0,41.8,40.0,41.2,591795
2022-09-18,41.7,42.5,39.7,40.8,1173100
2022-09-19,41.5,44.8,40.8,44.8,7048543
2022-09-20,46.9,47.0,42.2,42.9,3402471
2022-09-21,42.8,43.2,40.5,40.9,2742613
2022-09-22,41.0,43.0,41.0,42.3,1044167
2022-09-25,42.9,44.0,40.2,40.9,1656450
2022-09-26,41.2,41.9,40.8,40.9,1098938
2022-09-27,41.0,41.8,40.7,40.8,1209215
2022-09-28,41.6,41.6,38.6,39.0,1864095
2022-09-29,39.4,39.8,38.8,39.0,1028532
2022-10-02,39.2,40.9,39.2,40.4,1197345
2022-10-03,40.9,41.2,40.0,40.1,1050780
2022-10-04,40.4,40.8,39.6,39.7,808822
2022-10-06,39.8,40.0,39.1,39.2,548428
2022-10-10,40.0,40.0,36.2,36.4,757580
2022-10-11,37.0,37.4,36.4,36.6,435665
2022-10-12,36.9,38.3,36.5,37.5,404339
2022-10-13,38.2,38.2,36.8,36.9,640620
2022-10-16,37.1,37.3,36.2,36.3,544257
2022-10-17,36.4,36.4,36.2,36.2,263435
2022-10-18,36.2,36.2,36.2,36.2,36817
2022-10-19,36.2,36.2,36.2,36.2,28663
2022-10-20,36.2,36.2,36.2,36.2,156013
2022-10-23,36.2,36.2,36.2,36.2,17925
2022-10-24,36.2,36.2,36.2,36.2,5701
2022-10-25,36.2,36.2,36.2,36.2,18850
2022-10-26,36.2,36.2,36.2,36.2,3445
2022-10-27,36.2,36.2,36.2,36.2,44763
2022-10-30,36.2,36.2,36.2,36.2,88206
2022-10-31,36.2,36.2,36.2,36.2,1198
2022-11-01,36.2,36.2,36.2,36.2,8206
2022-11-02,36.2,36.2,36.2,36.2,25492
2022-11-03,36.2,37.0,36.2,36.3,560168
2022-11-06,36.3,36.3,36.2,36.2,163711
2022-11-07,36.2,36.2,36.2,36.2,3473
2022-11-08,36.2,36.2,36.2,36.2,10622
2022-11-09,36.2,36.2,36.2,36.2,6666
2022-11-10,36.2,36.2,36.2,36.2,142
2022-11-13,36.2,36.2,36.2,36.2,185
2022-11-14,36.2,36.2,36.2,36.2,505
2022-11-15,36.2,36.2,36.2,36.2,3000
2022-11-16,36.2,36.2,36.2,36.2,2022
2022-11-17,36.2,36.2,36.2,36.2,62840
2022-11-20,36.2,36.2,36.2,36.2,290
2022-11-21,36.2,36.2,36.2,36.2,30
2022-11-22,36.2,36.2,36.2,36.2,307
2022-11-23,36.2,36.2,36.2,36.2,161
2022-11-24,36.2,36.2,36.2,36.2,663
2022-11-27,36.2,36.2,36.2,36.2,65
2022-11-29,36.2,36.2,36.2,36.2,100
2022-11-30,36.2,36.2,36.2,36.2,1205
2022-12-01,36.2,36.2,36.2,36.2,5301
2022-12-04,36.2,36.2,36.2,36.2,3680
2022-12-06,36.2,36.2,36.2,36.2,301
2022-12-07,36.2,36.2,36.2,36.2,1301
2022-12-08,36.2,36.2,36.2,36.2,1
2022-12-11,36.2,36.2,36.2,36.2,493
2022-12-12,36.2,36.2,36.2,36.2,3002
2022-12-13,36.2,36.2,36.2,36.2,11706
2022-12-14,36.2,36.2,36.2,36.2,6164
2022-12-15,36.2,36.2,36.2,36.2,170
2022-12-18,36.2,36.2,36.2,36.2,1054
2022-12-19,36.2,36.2,36.2,36.2,1
2022-12-28,36.2,36.2,36.2,36.2,27
2022-12-29,36.2,36.2,36.2,36.2,580
2023-01-01,36.2,36.2,36.2,36.2,68850
2023-01-02,36.2,36.2,36.2,36.2,7770
2023-01-03,36.2,36.2,36.2,36.2,1000
2023-01-04,36.2,36.2,36.2,36.2,1040
2023-01-05,36.2,36.2,36.2,36.2,1201
2023-01-09,36.2,36.2,36.2,36.2,14
2023-01-10,36.2,36.2,36.2,36.2,1100
2023-01-11,36.2,36.2,36.2,36.2,16
2023-01-12,36.2,36.2,36.2,36.2,5
2023-01-15,36.2,36.2,36.2,36.2,1390
2023-01-16,36.2,36.2,36.2,36.2,1
2023-01-17,36.2,36.2,36.2,36.2,11240
2023-01-18,36.2,36.2,36.2,36.2,5652
2023-01-19,36.2,36.2,36.2,36.2,5987
2023-01-22,36.2,36.2,36.2,36.2,610
2023-01-23,36.2,36.2,36.2,36.2,2370
2023-01-24,36.2,36.2,36.2,36.2,1241
2023-01-25,36.2,36.2,36.2,36.2,251
2023-01-26,36.2,36.2,36.2,36.2,10
2023-01-29,36.2,36.2,36.2,36.2,17000
2023-01-30,36.2,36.2,36.2,36.2,2
2023-02-01,36.2,36.2,36.2,36.2,121
2023-02-02,36.2,36.2,36.2,36.2,27020
2023-02-05,36.2,36.2,36.2,36.2,2030
2023-02-06,36.2,36.2,36.2,36.2,701
2023-02-07,36.2,36.2,36.2,36.2,150
2023-02-09,36.2,36.2,36.2,36.2,1000
2023-02-13,36.2,36.2,36.2,36.2,2760
2023-02-14,36.2,36.2,36.2,36.2,1300
2023-02-15,36.2,36.2,36.2,36.2,4000
2023-02-16,36.2,36.2,36.2,36.2,3
2023-02-19,36.2,36.2,36.2,36.2,20
2023-02-20,36.2,36.2,36.2,36.2,372
2023-02-22,36.2,36.2,36.2,36.2,20201
2023-02-23,36.2,36.2,36.2,36.2,224
2023-02-26,36.2,36.2,36.2,36.2,450
2023-02-27,36.2,36.2,36.2,36.2,127
2023-02-28,36.2,36.2,36.2,36.2,1500
2023-03-01,36.2,36.2,36.2,36.2,492
2023-03-02,36.2,36.2,36.2,36.2,228
2023-03-05,36.2,36.2,36.2,36.2,9903
2023-03-06,36.2,38.2,36.2,37.5,1909534
2023-03-07,37.5,38.3,36.6,37.2,1457184
2023-03-09,37.0,40.1,36.9,39.4,2515929
2023-03-12,39.5,40.3,38.4,38.6,1683222
2023-03-13,37.8,39.1,37.7,38.9,1065764
2023-03-14,38.9,41.3,38.9,40.7,3004725
2023-03-15,40.1,42.3,40.1,41.1,2288285
2023-03-16,41.1,41.9,40.5,40.9,1654477
2023-03-19,40.5,43.1,40.5,42.6,3491668
2023-03-20,42.5,43.9,42.5,43.3,2291691
2023-03-21,43.5,43.6,42.3,42.9,2463792
2023-03-22,42.6,44.6,42.6,44.0,3664461
2023-03-23,44.1,45.4,43.7,44.6,3259564
2023-03-27,44.6,45.0,43.6,43.9,1774789
2023-03-28,43.5,44.4,42.9,44.0,2784871
2023-03-29,44.0,45.2,44.0,44.7,3486454
2023-03-30,44.7,45.0,44.4,44.6,2331995
2023-04-02,44.9,46.7,44.7,46.0,4230915
2023-04-03,46.0,46.5,45.3,45.5,2027667
2023-04-04,45.1,45.8,44.3,44.5,2246154
2023-04-05,44.5,45.8,44.5,45.1,2442180
2023-04-06,45.4,45.4,43.9,44.2,2250083
2023-04-09,44.5,44.6,43.7,43.8,1639918
2023-04-10,43.8,45.3,43.6,45.0,1800720
2023-04-11,44.7,45.9,44.7,45.2,1707080
2023-04-12,45.2,46.7,45.1,46.1,2827659
2023-04-13,46.2,48.6,46.2,48.1,3387619
2023-04-16,48.7,49.8,48.1,48.6,3699483
2023-04-17,48.6,51.5,48.4,51.0,5623211
2023-04-18,51.3,52.2,49.9,50.4,3317486
2023-04-24,50.2,50.7,49.2,49.5,2370788
2023-04-25,49.8,51.4,48.2,51.0,3937193
2023-04-26,51.8,52.3,50.6,51.0,3064575
2023-04-27,51.0,51.1,48.5,49.0,2666973
2023-04-30,49.0,50.4,48.1,49.3,1703698
2023-05-02,50.2,50.4,49.2,49.5,2702828
2023-05-03,49.5,49.5,47.9,48.3,2187234
2023-05-07,48.3,48.9,47.5,47.9,1990953
2023-05-08,48.3,49.9,47.8,49.1,1672281
2023-05-09,49.1,50.0,48.8,49.1,1802472
2023-05-10,48.7,49.8,48.3,49.1,1578745
2023-05-11,49.1,49.5,48.4,48.6,1008106
2023-05-14,48.7,48.9,47.3,47.8,987739
2023-05-15,47.5,48.4,47.4,47.8,973301
2023-05-16,47.7,48.9,47.6,48.6,974666
2023-05-17,48.6,49.7,48.1,48.2,1216574
2023-05-18,48.5,48.5,47.6,48.1,1016621
2023-05-21,48.8,48.8,47.1,47.4,694578
2023-05-22,47.6,47.7,46.3,47.2,756845
2023-05-23,48.0,48.3,46.7,48.0,1328651
2023-05-24,48.1,50.7,48.1,50.1,3080014
2023-05-25,50.2,50.9,48.9,49.2,2258555
2023-05-28,49.4,49.5,47.5,47.6,1761445
2023-05-29,47.4,48.1,46.8,46.9,1108337
2023-05-30,47.0,47.9,46.7,47.6,1096116
2023-05-31,48.3,49.4,46.9,47.5,2094382
2023-06-01,48.3,48.3,47.5,47.9,821005
2023-06-04,47.9,49.8,47.6,49.5,2321655
2023-06-05,49.9,51.7,49.9,51.0,5475664
2023-06-06,51.5,53.7,50.8,51.8,7670251
2023-06-07,52.0,53.2,51.2,51.5,5097443
2023-06-08,51.5,54.2,51.5,54.0,6356756
2023-06-11,55.0,56.1,53.9,54.3,4662258
2023-06-12,54.4,54.4,50.0,50.8,5681943
2023-06-13,50.8,51.9,50.3,51.3,2021255
2023-06-14,51.6,52.1,48.5,49.8,2877080
2023-06-15,49.0,50.7,48.6,50.0,1484319
2023-06-18,50.0,50.7,48.9,49.3,797797
2023-06-19,49.7,50.7,49.4,50.1,1396868
2023-06-20,50.8,51.0,49.8,50.3,1038853
2023-06-21,49.9,51.5,49.7,51.4,1715946
2023-06-22,51.6,52.1,50.8,51.2,1131135
2023-06-25,51.7,51.7,50.3,50.7,1470912
2023-06-26,50.7,51.8,50.7,51.5,1321063
2023-07-02,51.5,51.7,51.1,51.4,957667
2023-07-03,51.1,52.3,51.1,51.8,1575166
2023-07-04,51.8,52.5,51.2,51.3,1189967
2023-07-05,51.1,51.8,50.5,51.0,1639994
2023-07-06,51.2,51.6,50.7,51.2,1389453
2023-07-09,51.1,51.9,50.8,51.1,1210340
2023-07-10,50.6,51.5,49.2,49.7,1378570
2023-07-11,49.7,50.2,48.6,49.0,1028332
2023-07-12,50.0,50.0,48.7,49.2,919450
2023-07-13,48.5,49.7,48.4,48.8,951255
2023-07-16,48.8,53.5,48.8,52.7,4247469
2023-07-17,52.9,54.8,52.3,54.5,5429513
2023-07-18,55.0,59.9,54.5,59.9,9810202
2023-07-19,60.8,62.5,55.7,56.2,6244818
2023-07-20,56.4,58.3,54.2,57.0,5608656
2023-07-23,58.0,59.3,54.9,55.4,4278177
2023-07-24,55.9,55.9,52.7,53.2,3190735
2023-07-25,53.2,54.1,50.5,51.1,4178557
2023-07-26,51.2,52.6,50.9,52.1,1607653
2023-07-27,52.5,52.9,51.7,51.9,1616514
2023-07-30,52.1,52.4,50.1,50.4,1808918
2023-07-31,50.5,52.7,50.4,51.9,2390403
2023-08-01,52.3,52.9,51.5,52.7,1131448
2023-08-02,53.1,53.3,52.2,52.6,1554512
2023-08-03,52.3,52.9,51.5,51.7,1288232
2023-08-06,51.7,51.7,49.8,49.9,1567227
2023-08-07,49.9,50.4,48.6,49.2,1311173
2023-08-08,49.9,51.8,49.2,51.6,1867125
2023-08-09,51.9,52.8,51.6,51.8,1592762
2023-08-10,51.6,53.0,51.4,52.6,1668752
2023-08-13,52.8,53.6,52.0,52.4,2475153
2023-08-14,52.0,52.0,50.7,51.2,1166285
2023-08-16,51.6,51.6,46.1,46.3,1903862
2023-08-17,46.9,48.7,46.7,48.0,816374
2023-08-20,48.0,48.0,46.4,47.2,1456620
2023-08-21,47.4,49.4,47.0,49.2,1212913
2023-08-22,48.9,49.4,48.1,48.6,1234739
2023-08-23,48.6,48.8,46.8,47.2,1752894
2023-08-24,47.2,47.7,46.9,47.2,722716
2023-08-27,47.0,48.4,47.0,48.2,1532762
2023-08-28,48.7,48.9,47.4,47.6,1384168
2023-08-29,47.6,48.1,47.4,47.7,1100762
2023-08-30,48.0,49.1,47.7,48.8,1891526
2023-08-31,49.2,50.4,49.1,49.8,2337398
2023-09-03,50.1,50.2,48.5,48.8,2062128
2023-09-04,49.0,49.4,48.2,48.4,1640681
2023-09-05,48.8,48.8,48.0,48.5,1445399
2023-09-07,48.7,48.8,47.6,47.8,816155
2023-09-10,48.2,48.2,46.2,46.4,942075
2023-09-11,46.4,46.9,44.9,45.2,1233850
2023-09-12,45.8,45.8,45.0,45.4,873773
2023-09-13,45.7,47.1,45.6,46.3,971247
2023-09-14,46.4,46.6,45.2,45.4,928501
2023-09-17,45.5,45.6,43.8,44.6,1420228
2023-09-18,44.6,45.8,42.6,43.0,1591590
2023-09-19,43.0,43.0,41.0,41.4,1271700
2023-09-20,41.1,42.5,40.7,40.9,1027047
2023-09-21,42.0,43.4,41.5,43.2,1456501
2023-09-24,42.2,43.1,40.7,41.0,936378
2023-09-25,40.7,41.7,40.7,41.2,489910
2023-09-26,41.4,41.8,40.6,40.7,698218
2023-09-27,41.0,41.2,40.4,40.5,621746
2023-10-01,40.5,41.0,37.3,37.5,1416106
2023-10-02,37.0,39.1,36.2,38.8,2000706
2023-10-03,39.0,39.5,37.2,37.9,1130507
2023-10-04,37.4,37.7,36.7,36.9,932742
2023-10-05,37.0,37.6,36.7,36.9,559129
2023-10-08,37.3,37.4,36.2,36.3,1305009
2023-10-09,36.5,36.8,36.2,36.3,705849
2023-10-10,36.4,37.6,36.4,37.4,532774
2023-10-11,37.6,39.0,37.4,38.8,1419155
2023-10-12,39.4,39.4,38.3,38.7,1030982
2023-10-15,38.5,38.6,37.5,37.9,459111
2023-10-16,37.9,38.5,37.3,37.5,1000857
2023-10-17,37.8,38.0,37.1,37.3,773591
2023-10-18,37.6,37.6,36.7,36.9,972760
2023-10-19,36.8,37.6,36.5,37.4,963976
2023-10-22,37.3,37.5,36.2,36.4,1454110
2023-10-23,36.4,36.6,36.3,36.4,421959
2023-10-25,36.7,36.7,36.2,36.4,682883
2023-10-26,36.4,36.5,36.2,36.2,753385
2023-10-29,36.2,36.7,36.2,36.4,861258
2023-10-30,36.7,36.7,36.2,36.5,650347
2023-10-31,36.2,36.9,36.2,36.2,635231
2023-11-01,36.7,36.7,36.2,36.2,497133
2023-11-02,36.2,36.7,36.2,36.2,511204
2023-11-05,36.2,36.5,36.2,36.2,332808
2023-11-06,36.2,36.6,36.2,36.5,464547
2023-11-07,36.8,39.2,36.5,38.4,3022328
2023-11-08,38.5,40.5,38.5,39.7,3153601
2023-11-09,39.3,39.7,38.4,38.6,1365195
2023-11-12,38.5,39.3,38.1,38.7,956914
2023-11-13,38.8,38.9,36.7,36.9,1384164
2023-11-14,36.9,38.2,36.9,37.8,421062
2023-11-15,38.5,38.6,37.6,37.9,638519
2023-11-16,38.3,38.7,36.9,37.2,631542
2023-11-19,37.3,37.5,36.5,36.6,518015
2023-11-20,36.6,36.9,36.3,36.4,591855
2023-11-21,36.9,37.1,36.3,36.7,283308
2023-11-22,36.7,37.4,36.4,36.7,546630
2023-11-23,36.9,37.2,36.4,36.5,537665
2023-11-26,36.8,38.1,36.5,37.1,839609
2023-11-27,37.1,37.7,36.5,36.7,641243
2023-11-28,36.7,37.0,36.3,36.5,377454
2023-11-29,36.9,37.3,36.6,36.8,297484
2023-11-30,37.0,37.0,36.5,36.7,402181
2023-12-03,36.5,37.5,36.3,37.4,369058
2023-12-04,37.5,37.8,37.1,37.6,810666
2023-12-06,37.4,38.5,37.3,38.3,1490544
2023-12-07,38.2,38.3,37.7,38.0,380502
2023-12-10,37.8,38.3,37.1,37.2,691657
2023-12-11,37.8,38.1,37.3,37.8,605908
2023-12-12,37.8,38.2,37.2,37.3,876925
2023-12-13,37.8,37.8,36.8,37.0,622413
2023-12-14,37.0,37.3,36.6,36.7,577153
2023-12-17,36.5,37.4,36.3,36.5,538763
2023-12-18,36.5,36.7,36.3,36.4,398728
2023-12-19,36.9,36.9,36.3,36.3,624304
2023-12-20,36.3,36.8,36.3,36.3,361755
2023-12-21,36.3,36.5,36.2,36.3,557792
2023-12-24,36.2,36.3,36.2,36.2,415482
2023-12-26,36.2,36.3,36.2,36.2,333084
2023-12-27,36.2,36.2,36.2,36.2,104214
2023-12-28,36.2,36.2,36.2,36.2,45208
2024-01-01,36.2,36.2,36.2,36.2,50741
2024-01-02,36.2,36.2,36.2,36.2,9215
2024-01-03,36.2,36.2,36.2,36.2,14469
2024-01-04,36.2,36.2,36.2,36.2,6012
2024-01-08,36.2,36.6,36.2,36.3,291786
2024-01-09,36.5,37.0,36.2,36.2,805791
2024-01-10,36.2,36.6,36.2,36.4,467239
2024-01-11,36.4,37.8,36.4,37.5,1507097
2024-01-14,37.6,38.6,37.0,37.2,1044893
2024-01-15,37.4,37.4,36.6,37.1,501511
2024-01-16,37.0,37.7,36.9,37.1,662941
2024-01-17,37.1,37.8,37.0,37.6,917034
2024-01-18,37.9,37.9,36.9,37.0,586058
2024-01-21,33.5,36.2,33.3,35.9,437553
2024-01-22,35.9,37.4,35.9,37.0,586801
2024-01-23,36.9,37.6,36.7,37.2,783318
2024-01-24,37.3,38.1,37.1,37.2,1081921
2024-01-25,37.4,37.6,35.4,36.1,499140
2024-01-28,36.0,36.3,33.8,33.9,459752
2024-01-29,36.5,36.5,31.0,33.9,228870
2024-01-30,34.0,35.6,34.0,35.3,302329
2024-01-31,35.8,36.2,34.0,34.4,424365
2024-02-01,35.3,36.3,33.9,36.0,897220
2024-02-04,36.8,37.7,36.3,36.5,724448
2024-02-05,36.7,37.5,36.3,37.1,937739
2024-02-06,37.4,38.4,37.0,37.7,1441402
2024-02-07,38.0,38.5,37.5,38.3,1405121
2024-02-08,38.8,40.5,38.8,39.4,2969572
2024-02-11,39.8,41.3,39.6,39.9,2285312
2024-02-12,39.9,40.8,39.1,39.7,2127017
2024-02-13,40.3,43.6,39.9,43.1,7493773
2024-02-14,43.1,43.4,40.5,40.6,2345170
2024-02-15,40.7,41.4,38.1,38.5,2366968
2024-02-18,39.4,41.8,38.9,41.0,1866398
2024-02-19,41.5,41.7,39.1,39.5,1132097
2024-02-20,40.2,40.4,38.6,38.9,687906
