Date,Open,High,Low,Close,Volume
2012-10-01,130.0,133.0,127.0,128.8,31000
2012-10-02,127.1,134.8,126.7,131.4,46500
2012-10-03,135.5,135.5,129.0,130.1,28000
2012-10-04,130.2,131.5,128.0,129.8,35000
2012-10-07,129.0,130.0,128.1,128.9,32000
2012-10-08,128.8,130.0,119.0,124.6,22500
2012-10-09,123.0,128.9,121.0,124.2,43000
2012-10-10,124.7,125.0,121.6,123.1,25000
2012-10-11,127.1,127.1,120.6,121.3,23000
2012-10-14,121.6,122.0,118.1,120.6,10000
2012-10-15,120.0,122.0,118.0,118.8,29000
2012-10-16,115.1,120.4,115.1,117.3,21000
2012-10-17,118.5,118.5,117.7,118.1,4000
2012-10-18,116.0,123.0,115.0,118.8,13000
2012-10-21,118.1,121.7,118.1,119.8,11000
2012-10-22,117.5,120.1,116.0,119.5,13000
2012-10-23,115.3,125.0,115.3,123.6,11500
2012-10-30,118.3,123.1,118.2,119.9,4000
2012-10-31,121.1,123.9,121.1,122.6,4500
2012-11-01,121.1,128.7,121.0,126.3,36500
2012-11-04,126.2,126.2,122.0,124.0,10000
2012-11-05,122.2,122.2,122.2,122.2,500
2012-11-06,122.1,125.0,121.5,122.2,18500
2012-11-07,121.5,121.5,121.4,121.4,1500
2012-11-08,122.0,123.7,117.7,121.3,2000
2012-11-11,115.5,115.5,115.5,115.5,2000
2012-11-12,115.6,115.7,114.0,115.3,2500
2012-11-13,118.0,119.9,116.8,118.4,7000
2012-11-14,118.1,118.1,115.7,116.9,7500
2012-11-15,117.2,119.9,115.6,117.4,33000
2012-11-18,117.1,122.0,117.0,119.9,8000
2012-11-19,117.0,117.9,116.1,116.7,7500
2012-11-20,115.5,116.7,115.0,115.9,14000
2012-11-21,115.0,116.5,114.9,115.9,14000
2012-11-22,116.0,116.9,113.0,116.0,8000
2012-11-26,115.0,116.5,113.2,115.2,4500
2012-11-27,116.0,116.5,113.3,114.7,3500
2012-11-28,115.7,116.0,113.0,114.8,10000
2012-11-29,119.7,119.7,116.5,117.1,4500
2012-12-02,116.1,116.1,113.5,115.3,4500
2012-12-03,118.7,118.7,114.1,117.3,8500
2012-12-04,113.9,117.0,113.9,115.4,1000
2012-12-06,112.1,115.5,112.1,114.6,5000
2012-12-09,114.0,115.8,110.6,113.8,4000
2012-12-10,114.0,114.0,110.6,112.3,10000
2012-12-11,115.0,115.0,114.1,114.6,7500
2012-12-12,115.0,115.0,112.6,114.3,12500
2012-12-13,115.0,115.0,112.1,113.1,4500
2012-12-17,115.4,115.4,114.5,114.7,7000
2012-12-18,114.8,115.3,114.8,115.0,11000
2012-12-19,120.0,120.0,115.8,119.1,3500
2012-12-20,118.0,118.0,116.0,117.2,4500
2012-12-23,118.0,118.0,115.8,117.1,14500
2012-12-24,118.0,120.0,118.0,119.5,6500
2012-12-26,120.0,123.0,119.8,120.7,5500
2012-12-27,120.2,120.5,120.0,120.0,16500
2012-12-30,121.0,122.8,121.0,122.3,8000
2013-01-01,118.3,119.4,118.3,119.0,4000
2013-01-02,120.0,120.0,118.1,119.0,13500
2013-01-03,119.8,119.8,118.5,119.1,2000
2013-01-06,118.5,118.5,118.0,118.2,2000
2013-01-07,118.8,120.0,118.6,119.0,2000
2013-01-08,116.2,121.5,116.2,119.2,7500
2013-01-09,119.2,119.2,118.0,118.7,2000
2013-01-13,118.9,118.9,118.0,118.5,3000
2013-01-14,117.0,122.7,116.2,117.8,9000
2013-01-15,120.0,120.0,118.1,119.2,4000
2013-01-16,118.8,119.0,116.6,117.7,3000
2013-01-17,117.6,118.0,117.6,117.6,3500
2013-01-21,117.1,117.1,117.1,117.1,500
2013-01-22,120.5,121.5,119.2,120.6,7000
2013-01-23,126.0,126.0,122.7,124.0,6000
2013-01-24,124.0,129.0,124.0,127.0,18000
2013-01-27,129.3,135.0,129.3,133.7,69000
2013-01-28,133.0,137.5,132.0,135.8,54500
2013-01-29,135.0,135.4,132.0,133.2,14000
2013-01-30,131.0,131.9,128.8,130.2,4000
2013-01-31,130.0,130.0,128.0,128.5,13000
2013-02-03,128.0,133.5,128.0,132.7,9500
2013-02-04,132.0,132.0,128.5,130.5,6500
2013-02-05,131.8,131.8,129.6,130.0,3000
2013-02-06,134.8,134.9,130.3,133.1,15500
2013-02-07,133.1,133.4,131.5,132.3,9000
2013-02-10,132.4,142.0,132.4,140.5,26000
2013-02-11,140.9,141.9,140.9,141.1,7500
2013-02-12,142.8,142.9,135.2,139.0,11500
2013-02-13,135.0,135.0,134.5,134.7,1000
2013-02-14,138.8,138.9,135.0,135.4,19000
2013-02-17,135.1,137.0,133.1,135.1,20500
2013-02-18,139.5,139.5,134.0,136.5,16000
2013-02-19,132.3,134.0,131.1,132.3,9500
2013-02-20,130.4,130.4,128.5,129.9,5000
2013-02-25,125.0,125.0,125.0,125.0,500
2013-02-26,128.5,129.1,128.4,128.7,3500
2013-02-27,126.0,126.0,125.0,125.3,7000
2013-03-03,116.1,120.0,116.1,118.0,3000
2013-03-04,120.0,120.0,119.9,119.9,1500
2013-03-05,120.0,121.0,120.0,120.0,5500
2013-03-06,117.3,117.3,117.0,117.1,3000
2013-03-07,120.0,120.0,120.0,120.0,500
2013-03-10,120.0,120.0,114.5,117.0,9000
2013-03-11,112.0,115.9,112.0,114.7,3000
2013-03-12,115.2,115.2,114.7,115.0,5000
2013-03-13,116.0,118.0,115.0,116.0,8000
2013-03-14,115.1,117.5,115.0,115.4,4000
2013-03-18,118.0,118.0,117.9,117.9,7500
2013-03-19,119.0,121.4,119.0,120.5,6500
2013-03-20,116.0,117.8,116.0,117.5,4500
2013-03-24,115.2,115.5,115.2,115.4,2500
2013-03-25,115.7,115.7,115.7,115.7,500
2013-03-28,115.0,115.0,114.2,114.5,1500
2013-03-31,111.9,111.9,110.0,110.5,18000
2013-04-01,108.2,108.2,108.1,108.1,9000
2013-04-02,108.1,110.0,105.1,109.1,9500
2013-04-03,109.1,112.0,109.0,110.1,15500
2013-04-04,108.2,109.6,107.2,107.6,14500
2013-04-07,107.0,107.0,107.0,107.0,1500
2013-04-08,109.8,109.9,106.6,109.1,8000
2013-04-09,117.8,117.8,109.1,109.9,9000
2013-04-10,110.9,110.9,110.9,110.9,3000
2013-04-11,111.0,116.0,108.2,110.6,11500
2013-04-15,118.2,118.2,110.5,110.8,17500
2013-04-16,109.0,109.0,107.8,108.4,2000
2013-04-17,108.0,108.0,108.0,108.0,1000
2013-04-18,106.8,106.8,105.5,106.1,7500
2013-04-21,107.6,107.6,106.9,107.4,10500
2013-04-22,107.5,108.5,107.0,108.0,10500
2013-04-23,107.9,110.0,107.1,108.5,18500
2013-04-24,107.2,107.2,107.2,107.2,6000
2013-04-25,108.4,109.9,106.0,108.5,12500
2013-04-28,109.5,111.9,108.0,110.4,10000
2013-04-29,110.5,115.5,110.5,114.6,14500
2013-04-30,115.0,115.7,111.1,113.7,23000
2013-05-02,114.6,115.0,112.1,114.2,7000
2013-05-05,113.0,120.0,113.0,116.2,56500
2013-05-06,114.6,116.2,114.6,115.3,9500
2013-05-07,120.0,120.4,116.3,119.3,27500
2013-05-08,119.0,119.0,115.8,116.3,12000
2013-05-09,115.0,118.9,115.0,117.4,10000
2013-05-12,117.4,121.9,117.4,120.8,25000
2013-05-13,127.0,127.0,119.0,120.5,55500
2013-05-14,125.0,131.8,123.6,125.4,13500
2013-05-15,134.9,134.9,120.4,124.0,17000
2013-05-16,124.6,129.1,124.6,126.0,19500
2013-05-19,129.8,131.4,128.8,130.1,28500
2013-05-20,132.0,133.7,127.0,129.4,24000
2013-05-21,128.5,130.0,124.0,126.4,23000
2013-05-22,125.0,125.4,121.8,123.2,59000
2013-05-26,123.2,123.2,116.0,119.0,7000
2013-05-27,124.4,124.8,120.0,122.8,21500
2013-05-28,121.0,122.9,119.0,120.7,7500
2013-05-29,121.2,125.0,121.0,123.2,10500
2013-05-30,124.0,124.0,121.1,122.0,9500
2013-06-02,121.8,121.8,118.6,119.1,45500
2013-06-03,117.0,119.6,117.0,118.4,31500
2013-06-04,118.0,119.0,115.1,115.8,22500
2013-06-05,120.0,120.0,116.2,116.8,6500
2013-06-06,115.0,116.9,114.1,115.1,3500
2013-06-09,111.6,113.4,111.6,112.2,11000
2013-06-10,115.1,117.7,114.1,115.9,10000
2013-06-11,114.5,115.0,114.3,114.4,12000
2013-06-12,114.0,123.3,113.1,120.2,77500
2013-06-13,116.5,128.3,116.2,126.9,45000
2013-06-16,127.3,132.0,122.7,125.4,34000
2013-06-17,126.3,126.3,122.4,122.5,41000
2013-06-18,128.7,128.7,120.0,122.8,49500
2013-06-19,122.0,126.1,122.0,124.4,17500
2013-06-20,126.5,126.5,120.3,122.5,8000
2013-06-23,122.5,125.5,117.0,121.8,34500
2013-06-24,120.9,120.9,120.9,120.9,500
2013-06-26,124.9,124.9,117.2,119.3,19500
2013-06-27,116.0,116.4,111.0,115.1,17000
2013-06-30,113.2,114.9,111.3,113.0,23000
2013-07-02,113.7,124.0,113.7,119.5,18500
2013-07-03,116.1,116.5,116.0,116.1,3500
2013-07-04,115.0,118.0,113.0,113.9,60000
2013-07-07,115.0,115.0,111.0,112.0,20000
2013-07-08,112.0,112.5,108.0,108.5,28500
2013-07-09,114.0,118.4,110.7,111.7,28000
2013-07-10,116.5,116.5,107.3,109.9,28500
2013-07-11,107.0,110.0,106.3,107.3,23500
2013-07-14,103.0,108.5,103.0,105.7,5500
2013-07-15,105.0,109.6,105.0,106.7,32500
2013-07-17,99.0,101.6,94.3,99.1,35000
2013-07-18,97.0,98.0,93.0,94.2,40500
2013-07-21,94.1,94.1,90.1,91.1,11500
2013-07-22,90.0,94.0,88.9,90.7,9000
2013-07-23,87.2,87.2,85.3,86.1,3500
2013-07-24,87.7,87.7,87.0,87.2,4000
2013-07-25,87.6,87.6,84.0,86.0,6000
2013-07-28,89.9,90.0,89.9,89.9,1000
2013-07-29,88.0,90.6,88.0,89.4,3000
2013-07-30,88.0,88.0,85.1,86.4,4000
2013-07-31,87.0,87.0,87.0,87.0,3000
2013-08-01,85.1,92.3,85.1,90.5,27000
2013-08-04,90.3,90.8,90.0,90.3,6000
2013-08-05,92.5,92.5,87.1,89.8,1000
2013-08-12,88.1,88.1,87.2,87.6,1500
2013-08-13,86.9,86.9,86.7,86.8,1500
2013-08-14,86.8,88.0,84.7,85.0,19000
2013-08-18,81.2,85.3,81.1,82.3,23000
2013-08-19,80.5,85.0,80.5,82.9,31500
2013-08-20,82.9,84.6,82.9,84.0,9500
2013-08-21,85.0,85.4,83.3,84.7,12500
2013-08-22,83.0,84.0,82.6,82.7,31500
2013-08-25,85.0,90.8,85.0,90.8,74000
2013-08-26,95.0,99.8,94.9,99.8,53000
2013-08-27,103.0,105.0,99.0,100.8,44000
2013-08-29,100.8,100.8,93.0,94.4,23000
2013-09-01,94.5,103.8,94.5,103.4,111000
2013-09-02,103.0,104.5,97.6,99.3,64500
2013-09-03,97.1,98.7,96.0,97.3,35500
2013-09-04,97.2,97.2,95.0,95.8,17000
2013-09-05,93.3,93.3,91.4,91.8,18500
2013-09-08,93.1,93.1,90.0,90.8,13000
2013-09-09,91.0,93.8,87.0,89.6,19000
2013-09-10,94.0,96.0,91.5,93.6,24000
2013-09-11,94.0,95.6,88.8,89.9,34500
2013-09-12,92.9,96.8,90.2,94.8,42500
2013-09-15,99.9,104.0,99.9,102.7,109500
2013-09-16,106.5,107.0,99.2,105.4,97500
2013-09-17,103.0,104.0,98.2,100.2,40000
2013-09-18,97.6,100.9,97.0,97.5,25500
2013-09-19,96.2,100.0,96.0,98.5,26500
2013-09-22,98.9,98.9,97.2,97.8,15000
2013-09-23,96.0,98.5,94.0,95.4,14000
2013-09-24,97.2,104.9,97.2,102.5,68500
2013-09-25,104.9,105.0,101.2,102.8,40500
2013-09-26,102.0,105.0,97.0,99.3,44500
2013-09-29,102.0,103.1,96.5,96.9,33000
2013-09-30,95.1,96.1,94.0,95.6,15500
2013-10-01,100.0,100.0,95.2,96.5,20000
2013-10-02,97.0,100.0,94.0,96.0,67000
2013-10-03,100.0,103.5,96.0,99.7,50000
2013-10-06,100.3,104.0,98.2,98.2,64500
2013-10-07,102.0,107.0,100.0,103.2,150500
2013-10-08,103.1,103.1,98.1,99.1,45500
2013-10-09,99.9,101.5,99.2,100.1,29000
2013-10-10,98.5,98.6,97.1,98.1,28000
2013-10-20,95.5,95.5,91.0,93.1,93000
2013-10-21,90.1,92.5,89.0,91.5,38000
2013-10-22,92.5,93.0,91.7,92.6,24500
2013-10-23,93.0,94.7,92.9,93.7,56500
2013-10-24,92.0,93.0,90.1,90.4,30500
2013-10-27,90.5,92.0,90.3,90.5,43000
2013-10-28,87.5,92.0,87.5,91.1,29500
2013-10-29,94.0,97.0,92.3,93.8,81000
2013-10-30,95.7,95.7,92.0,93.5,45500
2013-10-31,95.7,99.7,93.0,97.7,45000
2013-11-03,94.8,95.8,94.0,94.5,32500
2013-11-04,97.5,97.8,95.2,95.7,52000
2013-11-05,98.7,103.0,95.6,95.9,48000
2013-11-06,96.3,100.0,95.0,97.8,45500
2013-11-07,102.0,103.5,99.0,100.0,158000
2013-11-10,102.9,103.9,99.3,101.3,132000
2013-11-11,103.0,103.9,97.0,98.4,153500
2013-11-12,97.3,100.0,97.1,97.6,53000
2013-11-13,98.0,99.0,96.1,96.6,94500
2013-11-14,98.5,102.5,96.2,96.9,102500
2013-11-17,98.8,98.8,96.0,96.4,43500
2013-11-18,97.9,97.9,95.5,96.0,67500
2013-11-19,96.7,99.1,96.5,98.2,64500
2013-11-20,99.9,108.0,99.1,108.0,335500
2013-11-21,112.7,117.9,110.0,113.8,257500
2013-11-24,114.0,118.8,111.0,111.8,121000
2013-11-25,112.0,112.6,106.5,110.3,141500
2013-11-26,109.0,109.0,103.0,105.3,113500
2013-11-27,107.0,107.0,101.1,101.8,60000
2013-11-28,103.1,103.5,101.8,102.5,47500
2013-12-01,112.0,112.0,103.6,105.2,55000
2013-12-02,105.0,115.5,105.0,113.3,204500
2013-12-03,115.0,123.0,113.1,114.8,237500
2013-12-04,115.7,115.7,111.7,113.9,75000
2013-12-05,110.0,116.0,110.0,113.8,74500
2013-12-08,117.6,125.1,117.0,124.9,314500
2013-12-09,129.0,130.9,119.1,120.3,274000
2013-12-10,120.3,125.0,118.0,121.2,142500
2013-12-11,122.0,129.0,119.3,127.1,259000
2013-12-12,129.0,138.0,127.0,132.6,559000
2013-12-15,134.0,138.0,126.0,128.5,320500
2013-12-17,132.0,132.0,124.9,125.4,72000
2013-12-18,123.7,124.0,117.8,118.2,313000
2013-12-19,125.0,125.9,118.3,120.2,357500
2013-12-22,124.0,124.5,115.6,116.2,108500
2013-12-23,116.3,118.0,114.1,114.5,114500
2013-12-24,114.5,115.4,109.0,111.8,83000
2013-12-26,112.9,113.0,109.0,109.2,56500
2013-12-29,110.0,111.7,107.2,110.2,28500
2013-12-30,112.0,114.5,110.0,111.3,106500
2014-01-01,116.5,116.5,112.6,113.5,53500
2014-01-02,114.0,115.9,113.5,115.4,45000
2014-01-06,117.5,118.8,115.6,117.2,74000
2014-01-07,119.5,122.0,118.7,121.6,146000
2014-01-08,123.9,124.0,116.6,118.5,184500
2014-01-09,120.0,120.0,115.4,116.5,183500
2014-01-12,117.0,122.7,117.0,121.7,307000
2014-01-13,124.3,131.7,122.9,129.8,498500
2014-01-15,134.9,135.0,131.0,134.4,515500
2014-01-19,90.4,90.4,90.4,90.4,15500
2014-01-20,99.4,99.4,91.7,94.1,718500
2014-01-21,95.2,96.5,94.1,95.7,148000
2014-01-22,96.0,105.0,96.0,99.7,592500
2014-01-23,101.0,101.0,97.0,98.3,237000
2014-01-26,98.4,101.0,98.4,99.8,217000
2014-01-27,100.0,100.7,96.5,97.1,129500
2014-01-28,104.0,105.7,98.7,102.5,260000
2014-01-29,103.7,105.5,101.0,104.8,118000
2014-01-30,106.0,106.4,102.1,102.4,86500
2014-02-02,102.0,106.4,100.5,104.9,105000
2014-02-03,105.9,108.2,103.7,105.7,113500
2014-02-04,108.8,108.8,103.3,103.9,85000
2014-02-05,103.0,104.0,102.0,103.2,79000
2014-02-06,104.0,105.5,100.0,100.7,128500
2014-02-09,100.2,102.9,100.0,100.1,105500
2014-02-10,100.1,103.0,98.0,99.0,97000
2014-02-11,99.2,101.9,98.6,100.1,68000
2014-02-12,102.9,104.9,100.1,103.5,105000
2014-02-13,104.1,110.0,102.0,107.8,230000
2014-02-16,110.0,110.2,106.0,106.4,122500
2014-02-17,107.5,108.0,103.5,104.2,35000
2014-02-18,104.0,106.6,102.0,102.4,27500
2014-02-19,102.5,103.5,102.5,102.9,18000
2014-02-20,107.9,107.9,103.3,105.3,29500
2014-02-23,105.6,105.6,101.6,101.8,29000
2014-02-24,102.0,103.0,101.0,102.5,29500
2014-02-25,103.9,104.0,101.0,101.8,19500
2014-02-26,105.9,106.0,100.2,100.4,39500
2014-02-27,103.3,103.3,100.0,100.8,43500
2014-03-02,100.7,109.0,100.7,102.9,110000
2014-03-03,105.0,112.9,104.9,111.6,450000
2014-03-04,113.8,114.8,107.5,109.5,192000
2014-03-05,111.4,113.9,110.0,113.3,424500
2014-03-06,114.6,124.6,114.6,124.0,431000
2014-03-09,124.2,130.8,122.0,122.8,343000
2014-03-10,123.0,123.0,118.2,119.7,162500
2014-03-11,120.1,124.6,119.7,123.1,192500
2014-03-12,127.8,127.8,119.6,120.8,267000
2014-03-13,121.0,123.0,120.0,121.7,79000
2014-03-16,119.1,120.0,118.0,119.3,59500
2014-03-18,123.9,123.9,114.0,118.0,74500
2014-03-19,120.0,122.0,115.0,117.1,44000
2014-03-20,118.7,118.7,113.0,117.0,130000
2014-03-23,117.0,118.5,115.6,118.0,59500
2014-03-24,117.2,123.3,117.2,120.8,152500
2014-03-25,123.3,125.0,118.6,123.1,170000
2014-03-27,125.0,126.8,121.4,124.6,93500
2014-03-30,125.5,126.1,118.0,122.5,200500
2014-03-31,120.0,120.0,116.1,117.2,38000
2014-04-01,119.8,126.0,116.7,118.6,36500
2014-04-02,119.8,119.8,116.0,116.9,15500
2014-04-03,113.5,119.9,113.5,118.1,160000
2014-04-06,119.9,122.0,117.0,120.5,223000
2014-04-07,123.7,123.7,113.5,114.3,168500
2014-04-08,120.0,120.0,111.0,113.9,165500
2014-04-09,113.0,113.9,110.6,111.9,19000
2014-04-10,112.0,115.9,108.5,109.9,23000
2014-04-13,113.5,113.9,104.0,108.4,32500
2014-04-15,113.8,113.8,101.0,101.6,43000
2014-04-16,101.8,111.7,101.1,110.6,104000
2014-04-17,115.0,115.0,101.3,102.2,106500
2014-04-20,109.3,109.3,101.5,103.8,49500
2014-04-21,106.4,106.5,100.2,101.7,94500
2014-04-22,102.7,103.9,99.0,100.0,51000
2014-04-23,101.0,103.8,100.2,101.7,40000
2014-04-24,101.7,102.8,96.0,97.7,37000
2014-04-27,99.9,99.9,92.0,93.0,83000
2014-04-28,91.9,93.5,88.2,90.4,74500
2014-04-29,90.5,92.5,86.0,89.4,31000
2014-04-30,90.0,95.0,89.5,92.6,27500
2014-05-04,93.5,95.8,93.0,93.7,15000
2014-05-05,93.8,93.9,91.0,92.2,28000
2014-05-06,90.0,99.0,90.0,97.6,44000
2014-05-07,97.9,104.9,95.0,95.8,136500
2014-05-08,95.1,100.5,95.0,98.0,38500
2014-05-11,99.0,99.0,94.5,94.9,33000
2014-05-12,94.4,94.5,91.0,92.6,47000
2014-05-14,91.6,92.5,91.6,91.8,21000
2014-05-15,91.0,91.4,89.4,90.4,57500
2014-05-18,92.9,92.9,88.0,89.0,24000
2014-05-19,90.0,91.0,87.0,87.9,19500
2014-05-20,89.8,91.4,89.6,91.0,17500
2014-05-21,89.0,90.5,88.6,89.7,15000
2014-05-22,96.3,96.3,89.1,90.1,11000
2014-05-25,90.8,90.8,89.1,89.9,5500
2014-05-26,84.1,84.9,81.0,81.2,518500
2014-05-27,82.1,82.1,76.6,77.0,247000
2014-05-28,79.7,81.8,75.9,76.2,244500
2014-05-29,77.0,77.3,74.3,75.8,159500
2014-06-01,74.3,79.4,74.3,78.4,146000
2014-06-02,76.0,80.7,76.0,76.8,189500
2014-06-03,77.0,77.0,74.7,74.9,94000
2014-06-04,76.7,76.7,74.1,74.5,133500
2014-06-05,74.5,74.8,70.4,71.5,139000
2014-06-08,72.0,72.0,68.5,68.8,171000
2014-06-09,68.5,71.2,68.5,69.4,111000
2014-06-10,69.9,69.9,66.9,67.6,164000
2014-06-11,68.0,69.5,67.0,67.3,88500
2014-06-12,67.7,68.8,67.0,67.1,133000
2014-06-15,67.2,68.3,64.5,65.4,136500
2014-06-16,65.6,65.7,63.6,64.2,88000
2014-06-17,64.1,64.3,63.7,63.8,32000
2014-06-18,64.2,64.8,63.7,64.4,54000
2014-06-19,64.4,68.3,64.4,67.8,155500
2014-06-22,66.8,67.8,65.4,66.3,61500
2014-06-23,66.3,66.3,64.3,64.8,105000
2014-06-24,65.0,68.4,64.6,67.8,241000
2014-06-25,68.9,68.9,66.4,66.9,112500
2014-06-26,67.2,67.3,65.5,65.8,159000
2014-06-29,66.1,66.5,65.5,65.7,84500
2014-06-30,65.7,66.9,65.2,66.0,64500
2014-07-02,66.1,66.9,64.9,65.1,60500
2014-07-03,65.3,66.6,65.3,65.5,79000
2014-07-06,66.0,66.0,64.3,64.8,55000
2014-07-07,64.0,64.9,64.0,64.4,22500
2014-07-08,64.2,65.6,64.2,64.9,40500
2014-07-09,66.3,66.3,64.5,65.1,17000
2014-07-10,64.0,65.0,63.8,64.1,29500
2014-07-13,63.5,63.5,62.6,62.8,27500
2014-07-14,63.8,64.3,62.8,63.6,47500
2014-07-15,62.8,63.1,61.7,62.0,39500
2014-07-16,60.0,61.1,59.3,60.0,160500
2014-07-17,58.0,58.0,52.0,53.2,231000
2014-07-20,51.8,52.4,50.5,50.8,64500
2014-07-21,50.8,52.5,50.8,51.8,80000
2014-07-22,51.5,52.8,51.5,52.2,55000
2014-07-23,52.0,52.6,51.2,51.7,49500
2014-07-24,50.8,51.4,50.6,50.7,60000
2014-08-03,50.0,50.1,48.8,49.1,58000
2014-08-05,47.0,51.3,47.0,50.8,132000
2014-08-06,52.1,55.8,51.8,55.8,90500
2014-08-07,58.9,60.0,55.1,56.1,293500
2014-08-10,58.0,58.0,54.5,56.4,149500
2014-08-11,56.3,57.2,55.4,55.7,196000
2014-08-12,56.4,56.4,53.5,53.9,121500
2014-08-13,53.9,54.1,53.5,53.9,29500
2014-08-14,54.1,54.1,53.1,53.3,49500
2014-08-18,53.9,54.9,52.0,52.3,53000
2014-08-19,52.2,53.0,51.4,52.0,37500
2014-08-20,53.4,53.4,51.6,51.7,32500
2014-08-21,51.6,52.5,50.2,50.8,56000
2014-08-24,50.2,50.3,48.5,48.8,117000
2014-08-25,48.1,48.7,47.3,47.5,77500
2014-08-26,47.5,52.0,47.5,51.6,87000
2014-08-27,52.0,52.0,49.3,49.7,84500
2014-08-28,51.6,51.6,48.2,48.5,67500
2014-08-31,47.7,48.5,47.7,48.0,19500
2014-09-01,47.9,48.5,47.5,47.7,38000
2014-09-02,48.3,48.3,47.6,47.9,22500
2014-09-03,47.9,50.5,47.8,49.8,77000
2014-09-04,51.2,52.6,50.4,52.1,140000
2014-09-07,51.0,55.8,51.0,53.3,161500
2014-09-08,53.2,53.8,50.5,50.9,128000
2014-09-09,51.0,51.7,49.5,49.9,68000
2014-09-10,50.5,51.0,49.4,50.2,62000
2014-09-11,52.3,52.8,50.2,51.4,433000
2014-09-14,52.1,56.5,52.0,56.2,475500
2014-09-15,51.4,56.0,51.4,52.3,198000
2014-09-16,52.3,54.5,52.0,52.7,233500
2014-09-17,53.0,54.0,50.0,51.1,181500
2014-09-18,52.5,52.5,51.0,51.4,197500
2014-09-21,51.3,51.7,50.3,50.8,209000
2014-09-22,50.9,52.0,50.2,50.5,112000
2014-09-23,50.5,51.6,50.3,50.4,155500
2014-09-24,51.4,52.5,50.6,51.2,140500
2014-09-25,51.6,52.0,50.7,51.6,177000
2014-09-28,51.1,54.3,51.1,51.4,283000
2014-09-29,51.5,51.8,50.6,50.8,110000
2014-09-30,51.9,54.9,51.3,51.9,245000
2014-10-01,51.8,56.0,51.7,55.4,429000
2014-10-02,54.8,57.0,54.3,56.4,291500
2014-10-12,56.1,56.9,54.5,55.6,192000
2014-10-13,55.2,55.9,53.1,53.8,163000
2014-10-14,53.1,55.0,53.1,53.5,141000
2014-10-15,54.0,54.6,53.8,54.2,167500
2014-10-16,54.9,55.0,53.2,53.7,120500
2014-10-19,53.1,53.6,51.7,51.9,113000
2014-10-20,52.9,52.9,51.3,51.5,78500
2014-10-21,51.2,52.7,51.2,52.0,45000
2014-10-22,51.7,52.4,51.2,51.5,80000
2014-10-23,52.0,52.2,51.5,51.5,60500
2014-10-26,51.1,52.3,51.1,51.3,44500
2014-10-27,51.1,52.0,50.5,51.5,41500
2014-10-28,52.6,52.6,50.9,51.1,50000
2014-10-29,52.4,53.4,52.4,52.9,151000
2014-10-30,53.9,55.0,52.3,54.3,197500
2014-11-02,54.0,54.1,52.7,53.2,71500
2014-11-03,52.6,57.0,52.5,56.1,286000
2014-11-05,57.2,57.2,53.5,54.0,118500
2014-11-06,53.7,55.3,53.1,53.4,97000
2014-11-09,53.8,53.8,52.2,52.5,152500
2014-11-10,52.5,52.8,51.6,51.7,104000
2014-11-11,51.3,53.5,51.2,51.9,73000
2014-11-12,53.4,53.4,51.8,51.8,55000
2014-11-13,52.0,53.4,51.6,51.8,78500
2014-11-16,52.8,53.1,51.8,52.4,135500
2014-11-17,52.1,52.1,51.0,51.2,82500
2014-11-18,51.4,52.0,51.2,51.4,34000
2014-11-19,51.5,52.4,51.1,51.6,52000
2014-11-20,51.6,52.0,51.0,51.0,78000
2014-11-23,53.5,53.5,48.7,49.6,95500
2014-11-24,49.2,50.0,49.2,49.3,41500
2014-11-25,50.0,50.6,48.8,49.1,51500
2014-11-26,49.0,49.2,48.0,48.3,52000
2014-11-27,48.3,49.0,48.2,48.5,55000
2014-11-30,49.0,49.6,48.8,49.0,32500
2014-12-01,50.0,50.2,49.1,49.4,43500
2014-12-02,50.0,51.7,50.0,50.7,65000
2014-12-03,50.7,52.7,50.7,51.5,56000
2014-12-04,51.5,51.5,50.7,50.9,57500
2014-12-07,51.0,51.9,50.8,51.1,48500
2014-12-08,51.0,51.3,50.7,50.8,23000
2014-12-09,50.8,51.1,50.2,50.5,45500
2014-12-10,50.3,50.8,50.0,50.0,30000
2014-12-11,51.8,51.9,49.3,51.3,28878
2014-12-14,50.4,51.9,50.1,51.4,33343
2014-12-15,51.4,51.8,51.0,51.7,69070
2014-12-17,52.8,52.8,51.3,52.1,99547
2014-12-18,51.9,54.1,51.9,53.8,272349
2014-12-21,54.2,55.0,53.8,54.9,150172
2014-12-22,54.6,55.0,52.5,52.9,67846
2014-12-23,52.0,53.5,52.0,52.7,27817
2014-12-24,53.2,54.0,52.8,53.8,97506
2014-12-28,53.2,53.6,52.8,53.0,21212
2014-12-29,52.8,53.9,52.8,53.5,31185
2014-12-30,54.6,55.1,53.6,54.4,101428
2015-01-01,54.5,55.5,54.4,54.9,98643
2015-01-05,54.2,54.8,54.1,54.3,50704
2015-01-06,54.9,54.9,53.6,53.9,75710
2015-01-07,54.0,54.2,52.5,52.8,95485
2015-01-08,53.5,53.5,52.0,52.4,27815
2015-01-11,52.0,53.4,52.0,52.7,28467
2015-01-12,52.2,53.0,52.0,52.3,46534
2015-01-13,52.9,52.9,51.7,51.8,67456
2015-01-14,51.7,53.0,51.2,51.7,213927
2015-01-15,52.0,52.4,51.0,51.5,48943
2015-01-18,51.0,51.4,50.3,50.7,133426
2015-01-19,50.6,52.8,50.5,51.5,50530
2015-01-20,51.5,52.5,50.5,50.7,39765
2015-01-21,50.5,50.7,49.5,49.7,32014
2015-01-22,50.0,50.9,49.5,50.0,18224
2015-01-25,49.5,49.5,47.5,47.9,55364
2015-01-26,48.6,48.9,46.9,47.2,88501
2015-01-27,46.6,47.7,46.4,47.1,72661
2015-01-28,47.5,47.7,46.5,46.8,57365
2015-01-29,47.8,47.8,46.2,46.8,18127
2015-02-01,47.0,47.0,45.9,46.0,25288
2015-02-02,45.8,46.9,44.3,45.0,14654
2015-02-03,45.5,46.4,45.0,45.4,28129
2015-02-04,45.3,46.3,45.0,45.2,39351
2015-02-05,44.3,45.8,44.2,44.6,34196
2015-02-08,45.5,45.5,44.2,45.0,39776
2015-02-09,45.2,46.1,45.2,46.1,17048
2015-02-10,46.0,46.7,45.8,46.2,138238
2015-02-11,47.2,47.4,45.8,46.7,126212
2015-02-12,46.4,48.3,46.3,48.1,84010
2015-02-15,47.0,48.3,47.0,48.0,147165
2015-02-16,48.0,49.2,47.0,47.0,41903
2015-02-17,46.2,47.5,46.2,47.0,8982
2015-02-18,47.3,47.8,46.1,46.3,27500
2015-02-19,46.6,47.0,46.1,46.4,17165
2015-02-22,45.2,47.0,45.1,46.6,24815
2015-02-23,46.0,47.0,46.0,46.3,50779
2015-02-24,46.9,48.0,46.4,46.5,37688
2015-02-25,48.4,48.4,45.2,45.3,67180
2015-02-26,46.6,46.6,45.3,45.4,18516
2015-03-01,45.2,45.8,45.0,45.2,18300
2015-03-02,45.0,46.5,45.0,45.5,19000
2015-03-03,44.5,45.0,44.0,44.2,28009
2015-03-04,44.0,44.8,43.2,43.6,48262
2015-03-05,43.7,45.7,43.7,43.9,29109
2015-03-08,44.1,44.4,43.1,43.7,26765
2015-03-09,43.8,44.5,43.1,44.3,51868
2015-03-10,44.0,44.2,43.9,43.9,16880
2015-03-11,43.4,44.2,43.3,43.4,30023
2015-03-12,43.2,44.0,42.9,43.4,30319
2015-03-15,42.7,43.5,42.5,42.8,75837
2015-03-16,42.5,42.5,42.0,42.2,27973
2015-03-18,42.2,44.0,41.8,42.6,52351
2015-03-19,44.2,44.2,41.6,41.7,39089
2015-03-22,38.4545,40.7273,38.4545,40.3636,45811
2015-03-23,45.7,45.8,43.5,43.7,99773
2015-03-24,43.7,43.8,43.2,43.7,4262
2015-03-25,42.4,44.0,42.4,43.5,10656
2015-03-29,44.9,44.9,43.8,43.9,15527
2015-03-30,43.1,43.7,42.8,43.0,13484
2015-03-31,43.2,43.6,42.5,42.9,11382
2015-04-01,44.2,44.2,42.3,42.5,23824
2015-04-02,42.0,42.3,41.6,41.7,11840
2015-04-05,41.1,42.9,40.6,41.2,53565
2015-04-06,41.1,41.4,40.8,40.9,52561
2015-04-07,41.0,42.8,40.5,42.0,56240
2015-04-08,42.0,42.0,39.5,40.2,55857
2015-04-09,40.1,41.0,39.0,39.4,45928
2015-04-12,40.1,40.1,38.1,38.5,7595
2015-04-13,34.7,38.5,34.7,37.4,39877
2015-04-15,36.0,39.3,36.0,39.0,14259
2015-04-16,39.0,40.0,38.1,39.4,40952
2015-04-19,38.5,40.5,38.0,38.3,53016
2015-04-20,39.6,40.3,37.2,37.5,53991
2015-04-21,36.5,37.5,36.2,36.9,85580
2015-04-22,36.0,38.0,36.0,37.2,34706
2015-04-23,37.2,37.4,36.1,36.6,48207
2015-04-26,36.1,37.0,33.0,34.6,37521
2015-04-27,34.5,34.5,33.8,34.0,10422
2015-04-29,32.7,34.0,32.7,33.1,11265
2015-04-30,32.1,33.0,31.5,32.3,35903
2015-05-04,31.3,31.8,30.0,30.4,16128
2015-05-05,29.2,31.0,29.2,30.2,50672
2015-05-06,30.0,31.6,29.7,31.5,91191
2015-05-07,32.0,33.5,31.9,32.8,62879
2015-05-10,33.5,36.0,33.5,36.0,119476
2015-05-11,38.8,39.0,36.5,37.0,145010
2015-05-12,39.0,39.8,35.9,36.2,55514
2015-05-13,36.6,37.0,36.0,36.4,41775
2015-05-14,36.2,37.0,33.9,34.8,82725
2015-05-17,35.2,37.2,34.7,35.9,29029
2015-05-18,36.0,36.8,35.7,36.5,65917
2015-05-19,36.5,38.5,36.5,38.2,66865
2015-05-20,37.5,41.0,37.0,39.6,149619
2015-05-21,41.9,41.9,39.6,40.2,142265
2015-05-24,40.2,41.2,39.4,39.8,11535
2015-05-25,40.5,41.4,39.0,39.7,63740
2015-05-26,40.5,42.5,39.7,40.3,113702
2015-05-27,41.7,41.7,38.7,38.9,95560
2015-05-28,40.5,40.5,37.0,38.4,89841
2015-05-31,37.5,39.8,37.5,39.3,50163
2015-06-01,39.2,40.0,38.4,39.2,124837
2015-06-02,38.8,39.4,37.1,37.6,105808
2015-06-04,37.6,37.6,36.0,36.3,40482
2015-06-07,37.2,38.0,37.0,37.4,38101
2015-06-08,37.4,37.4,36.0,36.4,62239
2015-06-09,36.9,36.9,35.7,36.0,47753
2015-06-10,36.9,38.9,35.7,36.5,65296
2015-06-11,35.7,36.7,35.6,36.4,92670
2015-06-14,35.9,36.9,35.8,36.2,44935
2015-06-15,36.8,38.0,36.5,36.9,55225
2015-06-16,37.8,37.8,35.5,35.8,26355
2015-06-17,36.0,36.8,35.8,36.2,18657
2015-06-18,36.2,38.0,36.2,37.9,95294
2015-06-21,38.1,38.2,36.6,36.8,37703
2015-06-22,37.3,37.6,36.8,37.4,94539
2015-06-23,37.0,37.2,36.0,36.8,11063
2015-06-24,37.0,37.6,36.6,36.8,21865
2015-06-25,37.0,37.2,36.6,36.8,26816
2015-06-28,39.2,39.2,36.9,37.4,76053
2015-06-29,37.6,37.6,36.3,36.6,35688
2015-06-30,37.7,37.7,36.0,36.3,44656
2015-07-02,37.3,37.3,35.8,36.0,54329
2015-07-05,36.8,36.8,35.9,36.2,19587
2015-07-06,36.0,36.1,35.2,35.4,42329
2015-07-07,36.3,36.6,35.6,36.4,34386
2015-07-08,36.6,36.7,35.6,35.9,60529
2015-07-12,32.0,33.0,32.0,32.6,41539
2015-07-13,32.2,32.7,31.0,31.7,131663
2015-07-14,32.0,32.6,32.0,32.1,37100
2015-07-21,32.7,33.0,31.8,32.4,54431
2015-07-22,32.9,33.8,32.5,33.7,139973
2015-07-23,33.6,33.6,32.5,33.0,54364
2015-07-26,33.0,33.8,32.7,33.1,103412
2015-07-27,32.7,33.3,32.7,33.0,45719
2015-07-28,33.0,33.1,32.3,32.5,84579
2015-07-29,32.7,33.1,32.6,32.8,29071
2015-07-30,32.8,33.0,32.2,32.3,67886
2015-08-02,32.3,32.5,32.1,32.2,44925
2015-08-03,32.0,32.5,31.9,32.1,52875
2015-08-04,32.1,32.6,31.9,32.2,69004
2015-08-05,32.3,33.2,32.2,32.3,46407
2015-08-06,32.9,34.5,32.4,34.2,254935
2015-08-09,34.4,34.9,34.0,34.1,122918
2015-08-10,33.8,33.8,32.7,32.8,40614
2015-08-11,32.4,33.0,31.7,31.9,74556
2015-08-12,32.5,33.0,32.3,32.7,30807
2015-08-13,32.9,32.9,32.0,32.2,72442
2015-08-16,32.0,32.3,31.8,32.0,54457
2015-08-17,32.0,32.7,30.0,31.6,48309
2015-08-18,31.0,31.9,31.0,31.4,40003
2015-08-19,31.7,31.9,31.4,31.6,22885
2015-08-20,32.3,32.3,31.3,31.5,36108
2015-08-23,31.5,31.5,31.0,31.2,34183
2015-08-24,31.3,32.0,31.1,31.3,37201
2015-08-25,31.2,31.3,31.0,31.2,29719
2015-08-26,31.3,31.4,30.5,30.9,51780
2015-08-27,31.6,31.6,31.0,31.1,48140
2015-08-30,31.1,31.6,30.8,31.0,39705
2015-08-31,31.3,31.3,30.2,30.5,22713
2015-09-01,30.2,30.6,29.9,30.1,21480
2015-09-02,30.3,30.9,30.2,30.6,12855
2015-09-03,30.4,30.7,30.0,30.2,28135
2015-09-06,30.5,30.8,30.1,30.6,78706
2015-09-07,30.8,31.5,30.7,31.1,69150
2015-09-08,31.4,33.2,31.2,33.0,246244
2015-09-09,33.0,33.3,31.1,31.4,44070
2015-09-10,31.3,32.5,31.0,32.3,162470
2015-09-13,32.6,35.5,32.6,34.8,462193
2015-09-14,34.6,36.3,34.6,35.6,356384
2015-09-15,35.1,35.1,33.9,34.0,170781
2015-09-16,34.6,34.8,33.5,34.3,145200
2015-09-17,34.2,34.6,33.3,33.8,81810
2015-09-20,34.0,34.0,33.1,33.3,84165
2015-09-21,33.7,33.7,32.7,33.0,106885
2015-09-22,33.2,33.9,33.1,33.5,42410
2015-09-28,33.3,33.4,32.9,33.2,31422
2015-09-29,33.2,33.2,32.5,32.6,32863
2015-09-30,33.0,33.0,32.6,32.7,63858
2015-10-01,32.6,32.9,32.6,32.8,19357
2015-10-04,32.3,32.6,31.9,32.2,61525
2015-10-05,32.0,32.3,31.5,31.6,21593
2015-10-06,31.6,31.9,31.4,31.6,26100
2015-10-07,31.7,31.7,31.2,31.2,39947
2015-10-08,31.3,33.5,31.3,32.6,169971
2015-10-11,32.6,32.9,31.6,31.7,128653
2015-10-12,32.1,32.1,31.3,31.4,59670
2015-10-13,31.4,31.6,31.1,31.2,63286
2015-10-14,31.2,31.5,30.8,30.9,67517
2015-10-15,30.6,31.0,30.3,30.5,39840
2015-10-18,30.8,30.8,30.0,30.3,33190
2015-10-19,30.6,30.6,30.0,30.3,12350
2015-10-20,30.6,30.9,30.0,30.2,11570
2015-10-21,30.7,31.5,30.7,31.1,48412
2015-10-25,30.3,31.7,30.3,31.5,54240
2015-10-26,31.6,31.6,30.4,30.8,82031
2015-10-27,31.2,31.2,30.3,30.4,38813
2015-10-28,30.5,30.5,30.0,30.1,61349
2015-10-29,30.2,30.6,30.1,30.2,30377
2015-11-01,30.0,30.0,29.0,29.2,32557
2015-11-02,29.9,29.9,29.0,29.6,18290
2015-11-03,30.2,30.2,29.3,29.4,44279
2015-11-04,29.5,29.7,29.1,29.2,32883
2015-11-05,29.1,29.6,28.1,28.6,18144
2015-11-08,28.7,28.7,28.0,28.2,19523
2015-11-09,27.9,28.5,27.9,28.1,21696
2015-11-10,28.3,28.3,28.2,28.2,12998
2015-11-11,28.1,28.4,28.1,28.4,12207
2015-11-12,28.5,28.6,28.0,28.5,19302
2015-11-15,28.4,28.7,28.2,28.3,16180
2015-11-16,28.5,29.9,28.5,29.6,22888
2015-11-17,29.6,30.1,29.4,29.8,30707
2015-11-18,29.9,29.9,29.0,29.1,22320
2015-11-19,28.6,29.9,28.6,29.3,38067
2015-11-22,29.2,31.1,29.2,31.0,60128
2015-11-23,31.2,31.5,30.0,30.2,47278
2015-11-24,30.0,30.5,29.1,30.2,32351
2015-11-25,30.7,30.7,29.5,29.9,24986
2015-11-26,30.2,30.2,29.1,29.4,40892
2015-11-29,29.5,30.5,29.5,29.7,36269
2015-11-30,29.5,29.5,29.2,29.3,21259
2015-12-01,29.2,30.0,28.8,29.8,99702
2015-12-02,30.1,30.8,29.6,30.1,73224
2015-12-03,29.9,30.9,29.7,30.4,132361
2015-12-06,30.7,32.6,30.5,31.8,165487
2015-12-07,31.8,31.8,30.0,30.2,67580
2015-12-08,30.5,31.9,30.3,31.6,153674
2015-12-09,32.5,33.6,31.8,32.9,378108
2015-12-10,33.3,35.8,32.7,34.9,489109
2015-12-13,34.0,36.2,34.0,34.9,542591
2015-12-14,35.0,35.8,34.3,35.6,262029
2015-12-15,36.0,36.5,34.6,34.8,259476
2015-12-17,35.5,35.5,33.3,33.7,153949
2015-12-20,34.4,34.4,32.0,32.3,138123
2015-12-21,33.7,34.8,33.2,34.0,146080
2015-12-22,34.2,34.5,31.5,32.9,124364
2015-12-23,32.5,33.8,32.4,33.1,94634
2015-12-24,32.9,33.9,32.9,33.7,70891
2015-12-27,34.0,34.4,33.4,33.6,50053
2015-12-28,33.8,33.8,32.5,32.8,78012
2015-12-29,32.5,33.1,32.0,32.3,94901
2015-12-30,32.2,32.7,32.2,32.4,38723
2015-12-31,32.1,32.7,32.1,32.4,36332
2016-01-03,32.3,32.6,31.7,32.1,52325
2016-01-04,31.6,33.2,31.6,31.9,53680
2016-01-05,32.2,32.5,31.9,32.0,42373
2016-01-06,32.1,32.5,31.6,31.9,110450
2016-01-07,32.5,32.6,31.7,32.0,140393
2016-01-10,32.2,33.0,32.1,32.7,88285
2016-01-11,32.8,33.3,32.3,32.5,91387
2016-01-12,32.3,32.7,32.0,32.2,56412
2016-01-13,32.7,33.5,32.3,33.1,179430
2016-01-14,33.6,34.9,33.4,33.9,264506
2016-01-17,33.6,33.6,32.9,33.1,55683
2016-01-18,33.8,33.8,32.9,32.9,55238
2016-01-19,33.8,35.1,33.0,34.4,344047
2016-01-20,33.9,34.9,33.5,33.6,71993
2016-01-21,34.1,34.2,33.3,33.9,100772
2016-01-24,33.8,36.0,33.4,35.2,240805
2016-01-25,34.7,36.0,34.4,35.9,279894
2016-01-26,36.0,37.1,35.2,35.7,636919
2016-01-27,35.9,36.3,35.1,35.5,252905
2016-01-28,35.5,35.5,33.9,34.3,234563
2016-01-31,34.9,34.9,33.7,33.8,74081
2016-02-01,33.7,34.3,33.4,33.6,61564
2016-02-02,34.0,34.0,33.0,33.2,71613
2016-02-03,33.2,33.9,33.2,33.5,38954
2016-02-04,33.6,34.4,33.5,33.9,170146
2016-02-07,33.8,34.0,33.2,33.5,37059
2016-02-08,33.3,33.3,32.5,32.7,80184
2016-02-09,32.5,33.4,31.9,33.1,59124
2016-02-10,33.6,34.5,33.2,34.0,89317
2016-02-11,34.2,34.3,33.5,34.0,154689
2016-02-14,34.1,35.8,34.1,35.0,330485
2016-02-15,35.1,36.5,35.0,35.7,462372
2016-02-16,36.1,38.2,36.0,37.8,565226
2016-02-17,38.3,39.7,37.2,38.7,620148
2016-02-18,38.8,38.8,37.0,37.4,234101
2016-02-22,37.7,37.9,35.1,35.8,178732
2016-02-23,35.8,36.5,34.3,34.7,285301
2016-02-24,35.0,36.3,34.7,35.3,112017
2016-02-25,35.5,36.6,35.5,36.1,134588
2016-02-28,36.5,36.5,35.0,35.2,150486
2016-02-29,35.5,37.5,34.7,36.2,252104
2016-03-01,37.4,39.8,37.1,39.8,605279
2016-03-02,41.0,43.6,39.8,41.8,691546
2016-03-03,42.6,42.6,39.8,40.4,338059
2016-03-06,40.4,42.6,40.4,41.9,531352
2016-03-07,41.9,45.2,41.8,44.5,631949
2016-03-08,45.3,45.5,42.9,43.5,450342
2016-03-09,44.2,45.1,43.4,43.9,386298
2016-03-10,44.0,45.0,42.7,43.1,415936
2016-03-13,40.8,43.4,40.8,42.1,384537
2016-03-14,43.0,43.0,40.0,40.2,541632
2016-03-15,40.1,42.4,40.1,40.9,309882
2016-03-16,40.8,41.5,40.0,40.3,179215
2016-03-20,40.3,40.6,38.5,39.5,151116
2016-03-21,40.2,40.2,38.5,38.7,154504
2016-03-22,39.6,40.8,38.7,39.2,236499
2016-03-23,40.1,40.1,38.1,38.2,100723
2016-03-24,39.2,39.2,37.0,37.4,113139
2016-03-27,38.7,38.8,37.0,37.6,97398
2016-03-28,38.4,38.4,36.0,36.6,77764
2016-03-29,37.1,38.5,36.5,37.9,167869
2016-03-30,38.5,38.5,36.2,36.7,101039
2016-03-31,36.8,37.9,36.3,36.5,121314
2016-04-03,37.5,37.5,36.5,37.2,132348
2016-04-04,37.7,39.1,37.6,38.8,342557
2016-04-05,39.2,39.2,37.5,37.7,99209
2016-04-06,38.0,38.0,36.7,37.0,85725
2016-04-07,37.7,38.2,37.3,37.7,144321
2016-04-10,37.8,39.1,37.6,38.5,253984
2016-04-11,38.8,40.0,38.4,39.1,400544
2016-04-12,39.5,41.9,39.3,41.3,500199
2016-04-13,41.7,41.7,39.5,40.0,254158
2016-04-17,39.5,40.2,38.4,39.4,248290
2016-04-18,39.9,39.9,38.9,39.2,172422
2016-04-19,38.5,39.0,37.5,37.9,217271
2016-04-20,37.6,38.5,37.5,37.8,89019
2016-04-21,38.5,38.5,36.5,36.8,117271
2016-04-24,36.4,37.3,36.0,36.4,45741
2016-04-25,37.2,37.3,35.9,36.0,48830
2016-04-26,36.0,36.8,35.9,36.5,47641
2016-04-27,36.2,36.2,33.7,35.4,47963
2016-04-28,36.0,36.2,33.8,34.0,85060
2016-05-02,35.1,35.2,31.1,33.2,42400
2016-05-03,34.3,35.0,34.2,34.7,61773
2016-05-04,35.1,35.5,34.4,35.0,52203
2016-05-05,35.7,35.8,34.2,34.4,44866
2016-05-08,35.2,35.5,34.1,34.9,67562
2016-05-09,34.4,36.6,34.4,35.8,134448
2016-05-10,36.4,37.7,35.5,35.7,161327
2016-05-11,35.2,36.0,34.7,35.5,43485
2016-05-12,34.9,35.5,34.5,34.6,42560
2016-05-15,35.0,35.2,33.6,33.8,31194
2016-05-16,34.0,34.4,33.6,33.9,38810
2016-05-17,34.2,34.2,33.5,33.7,51600
2016-05-18,34.6,34.7,34.0,34.4,83958
2016-05-19,34.1,34.8,33.9,34.2,63417
2016-05-22,34.5,34.5,33.1,34.0,81201
2016-05-24,34.1,34.7,34.0,34.1,66803
2016-05-25,34.7,34.7,33.7,33.9,107962
2016-05-26,34.4,34.5,33.6,33.8,16987
2016-05-29,33.9,34.4,33.6,34.1,53973
2016-05-30,34.3,34.7,33.9,34.2,72853
2016-05-31,34.3,34.6,33.6,33.8,52820
2016-06-01,34.5,34.5,33.5,33.6,32254
2016-06-02,34.0,36.8,33.9,36.0,370530
2016-06-05,35.1,37.9,35.0,37.4,332654
2016-06-06,37.2,38.4,36.2,38.0,313816
2016-06-07,38.5,40.3,37.2,37.5,532319
2016-06-08,39.3,39.3,36.5,36.9,250790
2016-06-09,37.0,37.0,35.5,35.9,89629
2016-06-12,36.2,36.5,35.8,35.8,85400
2016-06-13,35.6,36.4,35.6,35.7,40174
2016-06-14,35.4,36.0,35.0,35.2,37395
2016-06-15,35.4,35.6,34.6,34.7,195886
2016-06-16,34.3,35.4,34.2,34.9,121461
2016-06-19,34.4,35.3,34.3,35.2,49510
2016-06-20,35.0,35.0,34.3,34.4,42618
2016-06-21,34.5,34.8,34.1,34.2,34852
2016-06-22,34.5,34.7,33.8,33.8,48680
2016-06-23,33.7,34.3,33.5,33.7,107659
2016-06-26,33.4,35.2,33.4,34.9,65651
2016-06-27,35.3,35.3,34.0,34.4,30365
2016-06-28,34.9,34.9,34.0,34.2,70910
2016-06-29,34.0,34.5,33.9,34.1,40181
2016-06-30,34.3,35.1,34.1,34.7,30553
2016-07-10,34.6,34.7,34.1,34.5,5200
2016-07-11,35.0,35.0,34.0,34.2,19100
2016-07-12,34.0,34.8,34.0,34.2,45769
2016-07-13,34.7,34.7,33.9,34.0,39840
2016-07-14,34.5,34.7,34.0,34.2,17191
2016-07-16,34.2,34.4,34.0,34.1,39582
2016-07-17,34.2,34.4,33.9,33.9,76170
2016-07-18,34.0,34.4,33.5,33.7,93602
2016-07-19,34.0,34.2,33.1,33.3,88653
2016-07-20,33.8,33.8,32.4,32.7,85359
2016-07-21,33.1,33.5,32.8,33.1,57624
2016-07-24,33.3,34.3,33.3,33.8,163466
2016-07-25,33.4,33.4,32.8,33.0,64104
2016-07-26,33.4,33.4,32.3,32.6,64258
2016-07-27,32.5,32.9,32.0,32.2,52475
2016-07-28,32.4,32.4,31.2,31.4,68997
2016-07-31,30.0,31.5,30.0,30.8,98690
2016-08-01,30.7,31.4,30.5,30.6,117382
2016-08-02,31.0,31.6,30.9,31.0,19929
2016-08-03,31.5,31.6,31.0,31.2,68188
2016-08-04,31.4,31.4,30.5,30.6,47570
2016-08-07,30.5,31.1,30.1,30.4,48421
2016-08-08,30.5,30.8,30.2,30.5,28233
2016-08-09,30.8,30.9,30.2,30.4,10279
2016-08-10,30.9,31.4,30.2,30.3,25171
2016-08-11,30.8,30.8,29.1,29.6,59069
2016-08-14,30.5,30.5,29.1,29.3,67771
2016-08-16,29.8,30.0,29.3,29.8,40050
2016-08-17,30.4,30.4,29.3,29.6,41394
2016-08-18,29.6,30.0,29.0,29.7,188470
2016-08-21,30.0,30.3,29.1,29.7,12573
2016-08-22,30.1,30.1,29.2,29.7,168681
2016-08-24,29.0,29.2,28.3,28.9,70360
2016-08-28,29.2,29.2,28.1,28.5,65407
2016-08-29,28.9,29.8,28.3,29.3,84345
2016-08-30,29.2,29.3,28.5,28.8,44550
2016-08-31,29.0,29.5,28.5,29.2,108274
2016-09-01,29.6,30.7,29.0,30.3,155158
2016-09-04,30.6,32.4,30.5,31.8,302867
2016-09-05,31.3,31.6,30.5,30.8,51493
2016-09-06,31.4,31.4,30.3,30.4,60291
2016-09-07,31.4,31.4,30.4,30.5,35274
2016-09-08,31.0,31.1,30.4,30.7,51595
2016-09-18,31.5,31.5,30.5,30.8,23861
2016-09-19,31.0,32.3,31.0,32.0,253034
2016-09-20,32.4,33.8,32.4,33.4,345851
2016-09-21,33.1,33.1,32.3,32.4,76696
2016-09-22,33.2,33.3,32.1,32.2,112333
2016-09-24,32.6,32.6,31.8,31.9,43225
2016-09-25,31.8,31.8,30.7,30.9,132508
2016-09-26,30.9,31.6,30.9,31.3,36199
2016-09-27,31.5,32.5,31.5,32.1,100045
2016-09-28,31.5,32.0,31.2,31.5,29584
2016-09-29,31.9,31.9,31.5,31.6,49700
2016-10-02,32.1,33.2,32.0,33.0,269481
2016-10-03,33.0,34.1,32.6,33.0,208242
2016-10-04,33.0,33.8,32.9,33.6,175302
2016-10-05,33.8,33.9,32.5,32.7,107607
2016-10-06,33.2,34.7,33.2,33.9,400718
2016-10-09,34.2,34.7,33.9,34.1,172824
2016-10-10,34.3,34.5,32.8,33.3,170053
2016-10-13,33.0,33.5,32.5,33.0,71982
2016-10-16,33.7,33.7,32.1,32.3,206860
2016-10-17,32.4,32.9,31.6,32.1,150999
2016-10-18,33.0,33.7,32.0,33.5,303002
2016-10-19,33.6,35.0,33.3,33.8,605478
2016-10-20,33.9,34.0,32.8,33.0,234509
2016-10-23,33.5,33.5,32.3,32.4,214383
2016-10-24,32.2,32.9,31.9,32.1,234383
2016-10-25,32.2,33.2,32.2,33.0,205249
2016-10-26,33.0,33.4,31.8,32.2,227528
2016-10-27,32.1,32.5,31.5,31.6,204198
2016-10-30,32.0,32.3,31.5,31.8,120883
2016-10-31,32.0,32.9,32.0,32.3,117592
2016-11-01,32.7,32.7,31.9,32.1,113165
2016-11-02,32.6,32.6,32.1,32.3,92369
2016-11-03,32.5,32.5,32.1,32.2,156391
2016-11-06,32.3,32.5,32.0,32.2,148718
2016-11-07,32.6,32.9,32.4,32.6,180018
2016-11-08,32.9,33.9,32.9,33.3,405786
2016-11-09,33.2,33.8,32.8,33.0,128276
2016-11-10,33.1,34.4,33.0,34.2,406604
2016-11-13,34.7,35.0,34.0,34.3,618817
2016-11-14,34.1,35.5,34.1,35.3,447658
2016-11-15,35.4,36.6,35.3,35.9,732562
2016-11-16,36.1,36.5,35.4,35.8,605077
2016-11-17,36.4,37.4,36.4,36.6,539437
2016-11-20,37.0,37.1,35.4,35.5,458822
2016-11-21,35.3,35.7,34.9,35.0,395186
2016-11-22,35.5,36.5,35.0,36.3,383856
2016-11-23,36.3,36.8,35.9,36.0,588518
2016-11-24,36.3,36.9,36.1,36.4,523076
2016-11-27,36.8,36.8,36.0,36.2,338559
2016-11-28,36.2,36.7,36.1,36.4,392262
2016-11-29,36.7,38.3,36.4,37.8,654220
2016-11-30,37.9,38.8,37.3,38.5,693581
2016-12-01,38.5,38.7,37.2,37.7,382819
2016-12-04,38.0,38.6,37.2,37.4,806482
2016-12-05,37.6,38.4,37.3,37.5,338277
2016-12-06,37.5,38.1,36.4,36.8,260386
2016-12-07,36.5,36.8,35.9,36.5,560182
2016-12-08,36.7,37.3,36.1,36.5,239582
2016-12-11,36.5,37.0,36.0,36.1,223618
2016-12-12,36.0,36.1,35.2,35.5,277981
2016-12-14,35.6,36.0,34.9,35.1,308056
2016-12-15,35.7,36.5,35.2,36.3,305143
2016-12-18,36.4,37.8,36.3,37.5,634239
2016-12-19,37.5,37.9,36.5,36.5,340722
2016-12-20,36.0,37.0,36.0,36.2,198719
2016-12-21,36.2,36.3,35.6,35.7,118720
2016-12-22,35.9,36.7,35.9,36.6,128045
2016-12-26,37.0,37.5,36.2,37.2,302235
2016-12-27,37.4,37.4,36.4,36.8,231934
2016-12-28,37.0,37.5,36.7,37.1,389493
2016-12-29,37.3,37.5,36.6,36.8,263767
2017-01-01,37.2,37.7,36.6,37.3,436935
2017-01-02,37.6,41.0,37.6,40.9,1460016
2017-01-03,41.3,42.0,40.2,41.6,697717
2017-01-04,41.2,41.4,40.3,40.6,598516
2017-01-05,40.7,42.2,40.2,41.7,524962
2017-01-08,41.9,42.0,40.6,40.9,285635
2017-01-09,41.6,41.6,40.2,41.1,285584
2017-01-10,41.8,42.5,41.2,41.8,389261
2017-01-11,41.6,44.4,41.6,43.3,731547
2017-01-12,43.8,44.2,42.7,43.1,344896
2017-01-15,43.0,44.9,43.0,44.0,556981
2017-01-16,44.0,44.1,42.3,42.7,317837
2017-01-17,42.3,43.7,42.3,42.9,481669
2017-01-18,43.0,46.4,43.0,44.8,796959
2017-01-19,44.1,45.5,43.8,44.3,447030
2017-01-22,44.9,46.4,44.4,46.0,725519
2017-01-23,46.1,46.1,45.0,45.4,451650
2017-01-24,46.0,46.0,44.4,44.9,583559
2017-01-25,45.5,48.7,45.2,46.5,592471
2017-01-26,46.9,47.0,45.1,45.5,272005
2017-01-29,45.5,45.9,44.2,44.6,190165
2017-01-30,44.6,44.8,43.4,43.6,186770
2017-01-31,43.4,44.3,43.4,43.7,152080
2017-02-01,44.9,44.9,43.1,43.3,227325
2017-02-02,43.4,44.2,41.5,41.7,112189
2017-02-05,41.8,42.5,40.6,41.1,65099
2017-02-06,41.5,42.0,41.0,41.2,84887
2017-02-07,41.0,41.9,40.6,41.1,54538
2017-02-08,41.2,43.7,41.2,42.7,117667
2017-02-09,43.0,43.4,41.9,42.8,201394
2017-02-12,43.1,43.5,42.6,43.0,101181
2017-02-13,42.8,42.8,42.0,42.2,142530
2017-02-14,42.1,42.7,41.9,42.4,114195
2017-02-15,42.7,42.7,41.9,42.1,118260
2017-02-16,42.1,42.4,41.9,42.4,45350
2017-02-19,42.1,43.0,41.7,42.2,111698
2017-02-20,42.4,42.6,42.0,42.1,53762
2017-02-22,42.2,42.3,41.9,42.0,83390
2017-02-23,41.9,43.0,41.7,42.8,163703
2017-02-26,42.5,44.7,42.5,44.1,220326
2017-02-27,44.0,44.0,43.4,43.8,102343
2017-02-28,43.6,43.9,43.0,43.0,147945
2017-03-01,43.8,43.8,43.0,43.1,60114
2017-03-02,42.5,43.4,42.4,42.9,36397
2017-03-05,42.2,43.0,42.2,42.7,59598
2017-03-06,42.7,43.0,42.6,42.8,46324
2017-03-07,42.5,43.4,42.5,42.9,157125
2017-03-08,42.7,43.7,42.7,43.5,96300
2017-03-09,43.6,45.3,43.4,44.7,396643
2017-03-12,44.7,45.3,44.5,44.8,181402
2017-03-13,44.5,45.4,43.5,44.0,341858
2017-03-14,43.4,44.8,43.4,44.6,219209
2017-03-15,44.2,44.3,43.5,43.8,105293
2017-03-16,43.6,44.5,43.5,43.6,108829
2017-03-19,43.7,44.1,43.6,43.7,97632
2017-03-20,43.5,44.5,43.3,43.9,109497
2017-03-21,44.0,44.9,44.0,44.2,166475
2017-03-22,44.7,45.8,44.5,45.6,465675
2017-03-23,46.5,48.4,45.7,47.4,681777
2017-03-27,47.0,48.8,46.8,47.5,380793
2017-03-28,47.2,47.5,46.1,46.5,153353
2017-03-29,46.5,47.9,46.0,46.3,174051
2017-03-30,47.3,47.3,45.2,45.8,112461
2017-04-02,46.3,46.4,45.2,46.0,133040
2017-04-03,46.3,46.5,45.2,45.6,70821
2017-04-04,45.1,46.7,45.1,45.3,49418
2017-04-05,45.2,45.4,44.3,44.6,108583
2017-04-06,45.9,45.9,44.0,44.1,65974
2017-04-09,45.7,45.7,43.1,43.3,67084
2017-04-10,43.2,44.0,41.9,42.4,94400
2017-04-11,42.3,43.6,42.3,42.6,50315
2017-04-12,42.6,42.9,41.9,42.1,43865
2017-04-13,42.2,42.7,41.5,42.1,53048
2017-04-16,42.3,42.5,42.0,42.1,38630
2017-04-17,42.0,42.4,42.0,42.2,23816
2017-04-18,42.0,42.1,41.3,41.5,40624
2017-04-19,41.5,42.2,41.5,41.7,38685
2017-04-20,43.2,43.5,41.5,41.6,17783
2017-04-23,40.9,41.6,40.5,40.6,32796
2017-04-24,40.7,41.4,39.7,40.0,64055
2017-04-25,40.3,41.8,40.3,41.3,10929
2017-04-26,41.8,42.5,40.7,42.2,70694
2017-04-27,42.7,42.7,41.1,41.3,106686
2017-04-30,40.9,41.9,40.9,41.1,33472
2017-05-02,40.3,41.9,40.3,41.2,39830
2017-05-03,41.5,41.5,40.3,40.6,36350
2017-05-04,41.0,41.5,40.5,41.0,28896
2017-05-07,40.6,41.0,40.6,40.7,13352
2017-05-08,41.4,41.4,40.6,40.9,15210
2017-05-09,40.5,41.6,40.4,40.4,25667
2017-05-11,41.5,43.0,40.1,40.3,66099
2017-05-14,40.2,40.9,39.6,40.7,48881
2017-05-15,41.0,44.0,39.6,40.2,62397
2017-05-16,40.8,41.0,40.2,40.6,34010
2017-05-17,40.3,41.1,40.0,40.7,139490
2017-05-18,40.4,41.4,40.4,41.3,113988
2017-05-21,41.3,41.8,40.7,41.4,55631
2017-05-22,41.4,42.0,41.2,41.8,97249
2017-05-23,41.6,43.3,41.6,42.9,187080
2017-05-24,42.8,43.8,42.0,42.4,116421
2017-05-25,43.1,43.1,41.7,41.9,122846
2017-05-28,42.6,43.2,41.6,41.7,117346
2017-05-29,42.8,42.8,41.6,42.2,257004
2017-05-30,41.0,41.8,41.0,41.7,18211
2017-05-31,41.1,41.6,41.0,41.2,7104
2017-06-01,41.3,42.0,41.2,41.5,59882
2017-06-04,41.5,41.5,40.5,40.8,8931
2017-06-05,41.0,41.5,41.0,41.4,7229
2017-06-06,41.1,41.2,41.0,41.1,3644
2017-06-07,41.2,41.3,41.1,41.2,163896
2017-06-08,40.9,41.0,40.9,41.0,2022
2017-06-11,41.0,41.0,40.7,40.8,2985
2017-06-12,40.5,41.4,40.5,41.1,17824
2017-06-13,41.3,42.0,41.0,42.0,54805
2017-06-14,41.2,41.9,40.9,41.4,7995
2017-06-15,40.9,42.1,40.9,41.4,7704
2017-06-18,41.2,41.2,41.2,41.2,4300
2017-06-19,41.0,41.9,41.0,41.8,12050
2017-06-20,41.9,41.9,41.1,41.1,22645
2017-06-21,39.4,41.2,39.4,40.9,12778
2017-06-22,40.9,41.4,40.9,41.1,26869
2017-06-28,41.5,41.6,41.3,41.5,6964
2017-06-29,40.6,41.7,40.6,41.0,13687
2017-07-02,41.3,41.7,40.2,40.9,50003
2017-07-03,40.8,41.8,40.8,41.5,19919
2017-07-04,41.6,41.6,40.9,41.1,61734
2017-07-05,41.6,41.6,41.0,41.1,20108
2017-07-06,41.0,41.5,40.9,41.1,39190
2017-07-09,41.2,41.6,41.0,41.4,27765
2017-07-10,41.6,41.8,41.1,41.4,19346
2017-07-11,41.8,42.4,41.4,41.6,84988
2017-07-12,41.4,42.5,41.4,42.0,64874
2017-07-13,41.7,42.0,41.3,41.7,25928
2017-07-16,41.2,42.1,40.9,41.2,68151
2017-07-17,41.1,41.6,40.6,40.7,70070
2017-07-18,40.6,41.5,39.4,40.0,52997
2017-07-19,40.0,40.0,39.3,39.5,76183
2017-07-20,39.0,41.0,38.2,39.0,283537
2017-07-23,38.7,40.4,38.7,39.8,16877
2017-07-24,40.7,40.7,39.4,39.9,10665
2017-07-25,40.3,40.3,39.8,40.0,120681
2017-07-26,39.8,40.2,39.6,40.0,18921
2017-07-27,40.0,40.0,39.8,39.9,24230
2017-07-30,39.7,41.0,39.7,40.7,48622
2017-07-31,40.5,41.0,39.9,40.1,54250
2017-08-01,40.1,40.4,39.9,40.1,96079
2017-08-02,39.9,40.3,39.8,40.1,58451
2017-08-03,40.7,40.7,39.7,39.9,37524
2017-08-06,39.4,40.0,39.4,39.6,33109
2017-08-07,39.7,41.3,39.7,40.9,86298
2017-08-08,40.2,41.2,40.2,40.3,121170
2017-08-09,40.9,41.5,39.8,40.1,112415
2017-08-10,40.9,41.3,40.0,40.8,196773
2017-08-13,41.0,41.0,39.6,39.9,154389
2017-08-16,40.7,41.0,40.0,40.1,209867
2017-08-17,40.8,40.9,39.4,39.7,107501
2017-08-20,40.3,40.7,39.6,39.7,109992
2017-08-21,40.0,40.0,39.2,39.8,12660
2017-08-22,40.4,40.9,39.9,40.2,326933
2017-08-23,40.2,40.4,39.8,39.9,90560
2017-08-27,39.5,39.5,38.4,38.9,32804
2017-08-28,38.4,38.8,38.3,38.4,14230
2017-08-29,38.5,39.4,38.5,39.3,35555
2017-08-30,39.4,39.4,38.5,38.7,21930
2017-08-31,38.6,39.0,38.6,38.7,7650
2017-09-04,39.0,39.0,38.6,38.9,32360
2017-09-05,38.6,39.6,38.5,39.4,39046
2017-09-06,39.5,40.4,39.3,40.1,58469
2017-09-07,40.3,42.5,40.3,42.3,246240
2017-09-10,42.3,43.4,42.3,42.9,167898
2017-09-11,43.0,43.0,40.5,40.9,158360
2017-09-12,40.9,42.3,40.3,40.5,55916
2017-09-13,40.5,42.0,40.5,41.3,81297
2017-09-14,41.3,43.0,41.1,42.3,199748
2017-09-17,42.5,43.0,41.7,42.4,106707
2017-09-18,42.5,42.7,41.8,42.0,34817
2017-09-19,42.3,43.5,42.1,42.9,171125
2017-09-20,43.1,43.4,42.5,42.8,113050
2017-09-21,42.9,43.8,42.7,42.9,256824
2017-09-24,43.1,44.7,42.5,43.2,307613
2017-09-25,43.8,43.8,42.2,42.7,87214
2017-09-26,42.8,42.8,41.2,41.7,95467
2017-09-27,42.3,42.4,40.5,40.7,69309
2017-09-28,42.0,42.0,40.4,40.5,39383
2017-10-02,40.5,40.8,39.6,40.1,93958
2017-10-03,40.1,41.3,40.0,40.3,48226
2017-10-04,40.5,41.8,40.3,41.5,78600
2017-10-05,42.2,42.6,41.5,41.9,60447
2017-10-08,41.9,41.9,40.1,40.4,209342
2017-10-09,40.5,40.7,40.0,40.3,60908
2017-10-10,40.3,41.0,40.0,40.6,91134
2017-10-11,41.0,41.0,40.1,40.3,76455
2017-10-12,41.0,41.8,40.0,40.1,52234
2017-10-15,38.5,41.0,38.5,39.0,14376
2017-10-16,40.0,40.2,38.6,39.2,40322
2017-10-17,40.5,40.7,39.5,39.7,12600
2017-10-18,39.2,40.1,39.2,39.3,37250
2017-10-19,38.7,39.9,38.7,39.7,13850
2017-10-22,39.9,40.1,39.2,39.5,62364
2017-10-23,39.5,39.5,38.3,38.5,72418
2017-10-24,37.6,39.0,37.5,38.3,17300
2017-10-25,38.4,38.9,38.3,38.5,11272
2017-10-26,38.5,39.8,38.2,38.5,28405
2017-10-29,38.1,38.2,36.3,36.7,69373
2017-10-30,37.4,37.9,36.6,36.8,64370
2017-10-31,37.8,37.8,36.6,37.2,15420
2017-11-01,37.6,37.9,37.6,37.6,13788
2017-11-02,38.7,39.0,37.6,38.6,25884
2017-11-05,38.5,38.5,37.2,37.4,6670
2017-11-06,37.7,37.7,37.1,37.3,17138
2017-11-07,37.3,37.3,37.1,37.2,35726
2017-11-08,37.1,37.4,36.1,36.4,24262
2017-11-09,36.3,37.5,36.2,36.6,29525
2017-11-12,36.6,37.0,36.1,36.9,52794
2017-11-13,36.8,36.9,35.7,36.1,56992
2017-11-14,36.4,36.4,35.5,35.8,44368
2017-11-15,36.0,36.2,35.5,35.6,18315
2017-11-16,35.6,36.2,35.5,35.8,54456
2017-11-19,35.8,36.1,35.2,35.4,33141
2017-11-20,35.6,35.9,35.6,35.7,12767
2017-11-21,35.3,36.5,35.2,36.2,41576
2017-11-22,36.3,37.4,36.3,37.1,48761
2017-11-23,37.2,37.6,37.0,37.4,37821
2017-11-26,37.9,38.2,37.1,38.1,28592
2017-11-27,37.7,39.1,37.7,38.5,55397
2017-11-28,38.6,38.6,37.8,38.4,22650
2017-11-29,38.5,39.6,38.4,39.1,128471
2017-11-30,38.8,39.9,38.8,39.5,66977
2017-12-03,39.1,40.6,39.1,40.4,105895
2017-12-04,40.2,40.3,39.1,39.5,34555
2017-12-05,39.1,39.4,38.7,38.9,23627
2017-12-06,39.9,40.4,39.8,40.0,129014
2017-12-07,40.0,40.1,39.5,39.9,20735
2017-12-10,39.6,41.0,39.6,39.9,45550
2017-12-11,40.0,40.1,38.9,39.7,5788
2017-12-12,39.9,39.9,39.0,39.2,14917
2017-12-13,39.2,40.8,39.0,39.9,63627
2017-12-14,40.0,43.0,40.0,41.8,225009
2017-12-17,42.2,42.6,41.1,41.2,37648
2017-12-18,41.1,41.1,40.0,40.2,66288
2017-12-19,40.3,44.2,40.3,44.2,796291
2017-12-20,44.4,48.6,44.4,48.6,2017783
2017-12-21,48.0,50.9,47.7,49.0,1477206
2017-12-24,48.0,50.6,48.0,49.5,1776166
2017-12-26,50.0,50.4,48.6,48.9,748696
2017-12-27,48.7,49.0,46.9,47.1,768552
2017-12-28,47.3,47.9,46.9,47.3,474075
2018-01-01,48.0,49.5,47.8,49.2,950720
2018-01-02,49.3,49.6,48.5,48.5,56610
2018-01-03,48.0,49.4,47.9,48.5,502283
2018-01-04,49.0,49.2,47.8,48.3,385525
2018-01-07,48.9,49.2,47.6,48.0,236848
2018-01-08,47.9,48.7,47.8,48.0,218666
2018-01-09,48.2,48.9,48.0,48.7,281721
2018-01-10,48.9,50.0,48.7,49.1,535997
2018-01-11,49.7,49.8,48.6,49.0,241984
2018-01-14,49.0,49.4,47.8,48.1,172603
2018-01-15,48.5,48.7,47.5,47.7,50117
2018-01-16,48.0,48.5,47.4,47.5,114435
2018-01-17,47.8,48.5,47.5,48.1,138216
2018-01-18,48.3,49.3,48.1,48.4,381618
2018-01-21,48.4,49.0,47.8,48.1,194777
2018-01-22,48.5,48.5,47.8,47.9,159318
2018-01-23,48.5,48.9,47.8,48.3,328064
2018-01-24,48.7,48.8,48.0,48.6,253601
2018-01-25,48.7,49.0,48.2,48.4,153968
2018-01-28,48.7,48.7,47.9,48.3,115786
2018-01-29,48.6,48.6,47.8,48.3,67851
2018-01-30,48.4,48.4,47.9,48.0,124721
2018-01-31,48.0,48.1,47.1,47.6,210007
2018-02-01,48.5,48.6,47.4,47.9,374151
2018-02-04,47.8,48.2,47.3,47.6,245079
2018-02-05,47.4,47.8,46.7,47.0,41497
2018-02-06,47.7,48.3,47.6,48.0,121444
2018-02-07,47.9,48.2,47.9,48.0,199855
2018-02-08,48.8,48.8,47.8,48.0,634356
2018-02-11,47.9,49.7,47.9,49.1,968766
2018-02-12,49.2,49.5,48.7,49.1,440425
2018-02-13,48.5,49.0,48.3,48.4,129548
2018-02-14,48.3,48.7,48.0,48.1,270451
2018-02-15,48.5,48.5,47.2,47.6,184061
2018-02-18,47.4,47.7,47.2,47.3,39138
2018-02-19,47.4,47.9,47.0,47.6,66162
2018-02-20,47.4,47.7,47.4,47.5,33789
2018-02-22,47.9,48.5,47.2,47.5,121636
2018-02-25,47.8,47.8,46.8,47.0,54938
2018-02-26,47.5,47.5,46.5,46.9,41770
2018-02-27,47.5,47.5,47.0,47.0,44554
2018-02-28,47.5,47.5,46.4,46.7,75519
2018-03-01,46.7,47.0,46.3,47.0,218510
2018-03-04,46.6,47.8,46.6,47.2,43911
2018-03-05,47.1,47.6,46.9,47.2,53662
2018-03-06,47.3,49.0,47.3,48.4,455020
2018-03-07,48.4,48.6,47.5,48.1,21667
2018-03-08,48.0,48.0,47.3,47.6,29930
2018-03-11,47.3,47.7,47.0,47.2,59786
2018-03-12,47.5,47.7,46.7,47.0,31150
2018-03-13,46.6,47.3,46.0,46.7,33650
2018-03-14,46.6,47.1,46.6,46.8,33824
2018-03-15,46.3,47.8,46.3,47.5,40852
2018-03-18,48.0,48.0,47.4,47.6,68644
2018-03-19,47.1,47.1,46.4,46.5,14579
2018-03-20,47.0,47.5,46.3,46.4,239151
2018-03-21,47.5,47.5,46.2,46.6,13380
2018-03-22,47.0,47.5,46.1,47.1,54162
2018-03-25,47.9,47.9,46.0,46.4,25259
2018-03-27,46.0,46.8,46.0,46.0,62220
2018-03-28,46.0,47.3,46.0,47.1,102972
2018-03-29,46.1,47.3,45.9,46.2,74795
2018-04-01,46.3,47.4,46.3,47.2,39505
2018-04-02,47.5,49.7,47.3,49.6,393136
2018-04-03,49.9,50.0,48.0,48.1,253899
2018-04-04,48.8,52.9,48.8,52.9,1972832
2018-04-05,53.0,57.6,53.0,54.3,896037
2018-04-08,53.0,57.3,52.8,56.4,1317374
2018-04-09,56.9,57.1,53.0,53.6,805049
2018-04-10,54.0,56.3,53.6,54.2,706913
2018-04-11,54.2,56.5,53.5,55.1,1088455
2018-04-12,55.3,58.7,55.2,58.0,1334953
2018-04-15,58.9,59.8,54.1,55.2,833387
2018-04-16,55.4,57.0,54.0,54.7,743937
2018-04-17,55.7,56.4,54.8,55.2,458301
2018-04-18,55.8,57.4,55.4,56.2,589439
2018-04-19,56.5,57.4,55.8,56.2,492985
2018-04-22,56.5,57.2,55.6,55.9,484129
2018-04-23,56.8,60.4,55.9,60.0,1248933
2018-04-24,60.6,60.7,58.4,59.3,852499
2018-04-25,59.5,62.0,59.3,60.9,1241662
2018-04-26,61.4,61.5,59.1,59.5,487509
2018-04-30,60.2,61.4,59.6,60.1,581723
2018-05-03,60.8,65.3,60.2,64.1,1727488
2018-05-06,64.9,68.4,64.9,67.0,1230526
2018-05-07,67.0,67.0,65.1,65.7,1316330
2018-05-08,66.0,66.2,64.0,64.3,987932
2018-05-09,64.3,65.0,62.7,63.3,630064
2018-05-10,64.0,65.5,63.3,64.8,761239
2018-05-13,65.0,65.0,61.1,62.3,633323
2018-05-14,62.7,62.7,60.0,60.4,477176
2018-05-15,61.5,64.5,60.9,63.4,550173
2018-05-16,63.9,64.4,62.0,62.3,427677
2018-05-17,62.8,63.6,61.9,62.2,441412
2018-05-20,63.0,63.0,61.1,61.9,296147
2018-05-21,62.0,63.5,61.7,62.9,347208
2018-05-22,63.2,64.7,60.0,60.7,1186597
2018-05-23,60.7,62.7,59.0,61.2,1032083
2018-05-24,61.7,62.8,60.7,61.2,635815
2018-05-27,62.0,62.0,59.7,60.1,355614
2018-05-28,60.1,61.0,58.1,58.9,318683
2018-05-29,59.9,59.9,58.0,58.2,307106
2018-05-30,59.4,59.4,57.5,57.9,233561
2018-05-31,59.5,62.8,58.6,62.0,805585
2018-06-03,62.5,63.4,59.7,61.6,1013697
2018-06-04,62.3,62.5,59.7,60.4,642862
2018-06-05,61.0,61.3,59.0,60.0,314268
2018-06-06,60.9,62.0,59.1,59.7,781788
2018-06-07,59.7,60.2,55.1,56.2,780474
2018-06-10,57.8,57.8,53.9,55.4,637619
2018-06-11,55.5,56.9,54.1,54.6,633545
2018-06-12,55.2,58.1,55.2,56.3,954002
2018-06-18,57.2,57.2,54.0,54.3,362251
2018-06-19,55.3,56.2,53.0,55.0,589266
2018-06-20,55.0,57.4,54.7,56.1,760714
2018-06-21,56.9,59.3,54.2,56.7,1132050
2018-06-24,56.0,56.1,53.4,54.1,781253
2018-06-25,54.1,54.4,51.2,51.6,513301
2018-06-26,52.5,53.6,51.8,52.1,372690
2018-06-27,52.2,53.3,51.1,52.7,618358
2018-06-28,53.7,54.4,50.9,51.5,597949
2018-07-02,51.7,51.8,50.2,50.8,388911
2018-07-03,51.3,53.0,48.8,49.3,1013708
2018-07-04,49.5,50.0,46.0,46.3,702220
2018-07-05,47.8,47.8,46.0,46.5,508602
2018-07-08,47.1,47.1,43.2,43.8,491781
2018-07-09,43.8,46.1,43.7,45.3,276642
2018-07-10,45.3,45.8,43.0,43.4,406891
2018-07-11,44.7,44.9,42.5,43.1,324713
2018-07-12,42.8,43.1,40.0,40.8,393288
2018-07-15,41.2,41.6,39.3,40.4,375484
2018-07-16,42.2,44.4,41.1,44.4,871355
2018-07-17,45.0,45.9,41.1,42.8,593233
2018-07-18,43.7,43.7,40.5,40.7,570881
2018-07-19,40.7,44.7,40.2,44.7,970584
2018-07-22,46.2,47.5,43.1,44.4,768457
2018-07-23,44.4,48.0,43.9,46.0,746266
2018-07-24,46.1,49.8,45.7,49.6,1330900
2018-07-25,50.0,53.6,49.6,50.4,1959540
2018-07-26,50.4,52.5,47.6,48.2,1098517
2018-07-29,49.8,50.9,47.8,48.5,778334
2018-07-30,49.7,49.7,47.3,47.5,387866
2018-07-31,47.8,52.2,47.8,52.2,1441504
2018-08-01,53.5,56.7,52.5,53.1,1397748
2018-08-02,54.1,55.1,53.0,54.3,1199338
2018-08-05,55.0,55.0,51.5,52.0,323189
2018-08-06,53.8,53.8,50.8,51.3,586811
2018-08-07,52.4,52.4,49.7,50.2,510935
2018-08-08,51.0,53.0,49.6,50.2,316949
2018-08-09,51.8,52.0,50.0,51.4,146910
2018-08-12,51.0,51.0,48.8,49.3,320539
2018-08-13,48.9,50.2,46.5,48.5,277552
2018-08-14,48.4,49.0,47.7,48.3,111205
2018-08-16,49.0,49.0,47.1,47.8,192277
2018-08-19,48.4,48.8,45.6,46.4,147324
2018-08-20,47.3,48.6,47.3,48.2,190531
2018-08-26,48.8,50.9,47.9,50.4,329696
2018-08-27,50.1,52.5,50.1,51.2,390889
2018-08-28,51.9,52.8,50.0,50.7,569375
2018-08-29,51.0,51.1,48.2,48.6,200951
2018-08-30,51.0,51.0,48.0,48.7,185240
2018-09-03,50.0,50.1,46.5,47.3,141766
2018-09-04,48.0,48.7,46.0,47.3,191365
2018-09-05,47.3,49.7,46.5,46.7,204955
2018-09-06,46.7,47.8,46.0,46.2,237976
2018-09-09,46.1,46.9,45.5,46.0,116870
2018-09-10,46.0,50.6,46.0,48.7,534982
2018-09-11,49.9,50.9,47.5,48.0,357829
2018-09-12,49.4,52.4,48.0,51.7,1832205
2018-09-13,51.9,53.4,49.1,51.3,2002961
2018-09-16,51.4,51.5,48.6,49.6,693115
2018-09-17,50.1,50.5,46.0,46.8,714267
2018-09-18,48.7,49.7,46.0,48.7,615551
2018-09-19,49.0,51.8,48.8,49.9,1731296
2018-09-20,50.9,50.9,47.7,48.4,775548
2018-09-23,48.8,48.8,46.0,46.5,864470
2018-09-24,46.1,46.3,43.5,44.1,494732
2018-09-25,44.4,45.9,43.6,44.8,292611
2018-09-27,43.1,45.9,43.1,44.1,597458
2018-09-30,45.4,45.5,43.0,43.8,147277
2018-10-01,45.0,45.0,43.1,43.3,126439
2018-10-02,43.4,45.0,43.1,43.8,449958
2018-10-03,43.5,44.0,43.1,43.3,171042
2018-10-04,44.1,44.7,42.3,43.1,348246
2018-10-07,43.7,43.7,41.5,42.0,229473
2018-10-08,41.7,44.5,41.6,43.8,567073
2018-10-09,43.9,44.3,42.3,42.5,185876
2018-10-10,42.4,43.0,41.8,41.9,176893
2018-10-11,42.9,43.3,41.8,41.9,95565
2018-10-14,41.6,42.4,41.0,41.4,146508
2018-10-15,41.0,41.2,40.1,40.3,123194
2018-10-16,41.3,41.3,40.2,40.6,113117
2018-10-17,41.0,41.1,39.7,40.0,52399
2018-10-18,40.0,40.1,38.6,38.9,87993
2018-10-21,37.9,40.0,37.7,38.6,77846
2018-10-22,38.3,40.0,38.1,38.5,73550
2018-10-23,39.8,41.5,39.4,41.0,224144
2018-10-24,40.3,40.9,40.0,40.3,43921
2018-10-25,40.0,41.2,39.7,40.6,145815
2018-10-28,40.1,40.4,39.0,39.2,18055
2018-10-29,40.0,40.4,39.0,40.2,34521
2018-10-30,40.7,41.5,39.8,40.2,91228
2018-10-31,40.6,40.6,39.6,40.1,87113
2018-11-01,40.1,41.0,40.1,40.8,109522
2018-11-04,41.0,44.8,40.9,44.8,908016
2018-11-05,44.8,47.9,44.2,47.4,884323
2018-11-06,45.9,46.5,43.7,45.9,192692
2018-11-07,44.3,49.9,44.3,47.4,559980
2018-11-08,46.4,49.5,46.1,48.9,1548525
2018-11-11,49.0,51.2,48.5,48.9,955070
2018-11-12,48.9,50.7,47.5,48.7,873571
2018-11-13,48.7,49.8,47.5,47.8,583945
2018-11-14,48.0,49.9,47.9,49.5,742839
2018-11-15,49.6,51.5,49.6,50.6,912797
2018-11-18,51.0,53.7,50.8,51.7,1378629
2018-11-19,51.7,53.0,50.6,52.6,580908
2018-11-20,52.4,53.9,51.1,51.5,635145
2018-11-22,51.8,52.0,50.1,50.6,506604
2018-11-25,50.6,53.5,50.6,51.6,1274545
2018-11-26,52.4,56.7,51.9,56.2,1262315
2018-11-27,56.3,59.6,56.3,59.1,1306302
2018-11-28,59.5,61.3,58.2,60.3,1786442
2018-11-29,61.0,63.5,59.9,62.4,943417
2018-12-02,63.0,67.9,63.0,65.8,1229363
2018-12-03,66.2,70.4,64.9,69.3,1104767
2018-12-04,67.5,72.0,67.5,71.0,890140
2018-12-05,71.0,71.8,69.0,69.4,452205
2018-12-06,68.9,74.0,67.8,72.7,744793
2018-12-09,73.0,79.8,73.0,78.0,969581
2018-12-10,79.0,82.0,77.0,80.5,838246
2018-12-11,81.0,84.9,79.2,83.9,1451794
2018-12-12,85.3,89.8,84.5,88.1,731718
2018-12-13,88.2,89.9,84.3,85.3,1045793
2018-12-17,84.0,92.8,84.0,89.5,715031
2018-12-18,92.0,93.5,90.6,92.5,638865
2018-12-19,93.5,93.5,90.1,91.6,650762
2018-12-20,92.5,92.8,86.0,88.9,583342
2018-12-23,89.3,90.7,85.0,87.5,685731
2018-12-24,87.0,87.2,83.5,84.2,588943
2018-12-26,84.5,89.8,84.4,88.1,598611
2018-12-27,88.8,91.0,86.5,89.6,530035
2019-01-01,91.5,92.7,90.0,91.4,489010
2019-01-02,91.0,92.0,89.2,90.0,418898
2019-01-03,90.4,91.6,88.0,88.6,338025
2019-01-06,89.9,91.4,87.5,89.4,347673
2019-01-07,89.9,92.4,89.0,91.1,523080
2019-01-08,92.0,95.0,91.0,92.6,898124
2019-01-09,93.2,96.5,93.1,95.2,1018452
2019-01-10,95.9,101.3,95.9,99.9,1012630
2019-01-13,101.0,104.8,100.0,101.9,870389
2019-01-14,101.8,101.9,94.0,96.3,865438
2019-01-15,97.1,99.7,95.6,98.1,681843
2019-01-16,99.7,105.0,98.0,102.8,1014040
2019-01-17,103.0,103.9,98.4,99.9,767644
2019-01-20,100.0,102.4,99.6,101.3,717874
2019-01-21,102.2,108.8,99.6,101.2,917018
2019-01-22,102.0,106.0,101.1,104.1,654675
2019-01-23,105.3,109.0,102.7,106.4,1090733
2019-01-24,108.9,110.0,104.2,107.7,633231
2019-01-27,109.5,111.5,103.0,104.1,832699
2019-01-28,106.0,106.0,98.0,99.2,529719
2019-01-29,99.4,101.8,96.5,97.3,464481
2019-01-30,99.0,103.9,96.5,100.9,493250
2019-01-31,97.4,101.1,96.5,97.7,198822
2019-02-03,100.2,104.8,99.6,104.5,729909
2019-02-04,106.0,108.9,105.0,106.6,431369
2019-02-05,107.0,107.0,103.1,103.7,150432
2019-02-06,104.0,106.9,102.3,103.4,233488
2019-02-07,104.0,106.8,101.5,104.4,233697
2019-02-10,106.8,107.5,102.9,103.6,441032
2019-02-11,103.5,103.5,100.0,101.7,205097
2019-02-12,102.1,103.6,101.8,102.7,159406
2019-02-13,101.9,102.0,99.0,100.7,196785
2019-02-14,101.0,104.8,101.0,104.1,512103
2019-02-17,104.6,104.9,100.3,101.8,443120
2019-02-18,102.0,103.0,98.7,100.8,222732
2019-02-19,102.5,109.0,101.0,108.3,1003120
2019-02-20,108.3,112.3,106.9,110.0,878020
2019-02-24,110.1,112.0,104.0,106.1,412067
2019-02-25,106.6,107.8,104.8,106.2,791697
2019-02-26,106.3,108.0,105.0,107.4,243057
2019-02-27,105.6,107.9,102.6,105.0,305650
2019-03-03,106.4,106.4,102.6,104.1,214471
2019-03-04,103.0,103.9,97.0,99.5,417011
2019-03-05,97.0,97.5,93.9,94.1,265564
2019-03-06,94.1,100.0,94.0,95.1,146098
2019-03-07,96.8,100.6,95.0,98.6,562262
2019-03-10,100.8,100.9,96.0,98.4,593484
2019-03-11,98.0,100.7,98.0,99.6,162247
2019-03-12,98.1,99.7,96.2,97.5,185817
2019-03-13,96.0,97.9,94.1,94.3,97903
2019-03-14,94.3,95.3,92.0,92.6,185051
2019-03-18,94.0,94.9,91.0,94.5,113657
2019-03-19,95.8,99.0,92.6,97.9,133127
2019-03-20,99.9,102.4,96.1,101.0,315882
2019-03-21,101.6,105.3,99.0,101.5,674681
2019-03-24,100.0,101.0,91.8,93.0,253028
2019-03-25,92.2,93.9,89.7,90.2,160858
2019-03-27,90.7,92.0,88.4,88.9,93324
2019-03-28,91.8,92.0,89.5,90.3,70918
2019-03-31,90.9,91.5,89.3,89.7,79294
2019-04-01,91.4,93.3,90.0,90.9,136769
2019-04-02,92.8,94.0,92.8,93.2,50121
2019-04-03,93.0,93.0,90.8,91.0,38885
2019-04-04,89.2,91.5,89.2,91.3,8756
2019-04-07,91.0,91.1,88.9,89.6,28410
2019-04-08,89.1,90.0,80.7,84.4,77312
2019-04-09,85.9,85.9,79.0,80.3,64163
2019-04-10,83.5,88.3,80.5,86.4,123586
2019-04-11,89.9,95.0,89.9,94.8,584633
2019-04-15,95.8,96.0,92.9,95.1,61796
2019-04-16,96.0,96.0,92.3,95.2,141900
2019-04-17,92.6,95.1,91.0,92.4,48677
2019-04-18,94.0,94.0,90.0,92.2,39241
2019-04-21,94.7,94.7,91.0,91.1,23955
2019-04-23,92.4,92.4,88.0,88.7,31437
2019-04-24,88.7,90.5,85.0,88.9,27557
2019-04-25,90.8,93.6,87.5,90.1,114708
2019-04-28,91.8,93.3,88.0,89.9,58861
2019-04-29,88.6,91.6,88.0,88.4,17845
2019-04-30,88.9,91.8,85.1,85.8,35190
2019-05-02,85.5,90.6,85.5,89.0,42299
2019-05-05,89.1,91.1,88.4,90.2,26130
2019-05-06,89.1,89.1,86.2,87.2,38345
2019-05-07,88.7,88.7,85.0,85.5,20114
2019-05-08,87.9,87.9,82.5,85.3,40454
2019-05-09,87.4,87.4,81.9,82.7,113906
2019-05-12,82.6,86.0,82.6,85.0,23488
2019-05-13,85.6,87.5,84.5,85.9,58437
2019-05-14,86.8,86.8,84.5,85.1,36262
2019-05-15,83.4,87.0,83.4,86.3,53685
2019-05-16,87.4,89.5,86.0,89.0,380270
2019-05-19,89.1,89.4,85.0,85.6,82703
2019-05-20,87.0,87.0,77.2,79.4,592390
2019-05-21,77.0,81.0,75.1,76.9,88337
2019-05-22,77.0,77.6,69.3,71.4,419770
2019-05-23,71.7,73.0,70.0,71.8,107522
2019-05-26,72.1,73.5,69.7,71.7,951747
2019-05-27,72.1,74.5,70.0,70.5,649703
2019-05-28,71.2,71.2,66.1,67.7,504119
2019-05-29,67.8,68.5,62.9,63.5,768246
2019-05-30,64.2,67.8,62.9,66.9,622459
2019-06-09,67.1,67.9,65.0,66.5,522177
2019-06-10,66.5,66.5,63.7,64.0,634492
2019-06-11,64.7,66.9,64.0,64.5,775127
2019-06-12,64.9,66.6,63.9,65.6,566797
2019-06-13,66.0,68.0,65.2,65.8,832945
2019-06-16,66.8,67.1,63.1,63.5,613456
2019-06-17,63.8,64.0,60.9,61.7,810338
2019-06-18,61.9,62.6,60.0,60.3,504692
2019-06-19,60.4,66.3,60.3,66.3,1548973
2019-06-20,72.9,72.9,66.0,67.1,1706206
2019-06-23,67.1,67.3,64.2,64.6,616703
2019-06-24,64.3,66.2,64.3,64.6,317566
2019-06-25,65.3,65.3,61.3,61.8,744684
2019-06-26,62.3,63.5,60.9,61.4,576531
2019-06-27,62.1,62.8,61.0,61.5,485967
2019-06-30,61.8,62.0,60.0,60.9,472225
2019-07-02,60.9,61.5,58.7,59.3,707442
2019-07-03,59.5,61.6,59.5,60.6,719713
2019-07-04,60.7,62.8,60.7,61.5,910701
2019-07-07,62.3,63.5,61.4,61.8,768698
2019-07-08,61.9,66.6,61.7,65.9,1674916
2019-07-09,66.5,67.4,62.9,63.6,1141374
2019-07-10,63.6,63.7,61.1,61.3,567313
2019-07-11,62.0,62.8,61.2,62.2,496591
2019-07-14,62.5,63.2,60.0,60.4,393242
2019-07-15,60.5,60.5,56.5,57.1,342185
2019-07-16,57.1,58.6,55.0,55.5,476487
2019-07-17,55.6,57.4,54.2,54.5,512796
2019-07-18,54.8,55.8,53.0,53.2,511776
2019-07-21,53.4,53.4,47.9,48.9,548031
2019-07-22,49.9,49.9,46.0,48.4,379069
2019-07-23,48.8,51.4,48.8,49.8,321604
2019-07-24,50.2,51.0,48.1,48.8,310534
2019-07-25,48.4,50.0,48.4,48.8,360052
2019-07-28,49.2,49.2,45.8,46.2,454655
2019-07-29,46.4,48.5,46.0,48.1,505196
2019-07-30,48.0,48.3,45.7,46.1,297692
2019-07-31,46.8,50.6,45.9,49.2,996136
2019-08-01,48.6,50.0,47.5,48.1,431076
2019-08-04,48.2,48.2,46.4,46.7,504540
2019-08-05,46.7,48.8,46.5,47.7,428044
2019-08-06,47.9,49.2,47.5,48.0,523486
2019-08-07,48.7,48.7,46.3,46.7,331574
2019-08-08,46.6,48.0,46.6,47.7,199355
2019-08-18,48.0,48.8,47.8,48.6,353759
2019-08-19,48.9,53.4,48.9,53.4,1451372
2019-08-20,54.5,55.1,52.0,52.5,1113460
2019-08-21,52.6,52.9,51.0,51.5,651211
2019-08-22,51.5,52.2,51.3,51.6,456207
2019-08-25,52.0,54.1,51.5,53.6,744119
2019-08-26,53.5,53.6,51.5,51.8,444897
2019-08-27,51.5,52.3,50.4,50.6,241579
2019-08-28,51.3,52.0,50.4,51.7,376880
2019-09-01,51.0,51.5,48.1,48.5,287046
2019-09-02,48.0,50.5,48.0,49.7,235438
2019-09-03,48.6,50.4,47.6,47.9,297660
2019-09-04,47.6,48.6,46.6,47.0,268791
2019-09-05,47.2,48.5,46.7,46.9,289184
2019-09-08,47.2,47.9,46.0,46.3,271394
2019-09-09,46.6,46.6,44.6,45.1,226742
2019-09-11,45.2,45.2,41.0,42.4,312824
2019-09-12,42.0,43.5,41.3,42.2,377008
2019-09-15,42.3,44.8,41.6,43.8,223374
2019-09-16,44.0,44.9,43.2,43.5,328221
2019-09-17,44.0,44.8,41.7,42.1,342196
2019-09-18,42.5,46.2,42.4,44.9,643757
2019-09-19,45.8,47.5,44.4,45.5,741760
2019-09-22,45.4,46.4,44.2,44.8,349706
2019-09-23,45.6,46.3,45.1,45.7,415498
2019-09-24,46.0,48.3,45.4,47.3,611844
2019-09-25,47.5,49.7,47.0,48.4,769963
2019-09-26,48.9,49.1,47.5,47.8,506422
2019-09-29,48.0,48.5,46.9,47.2,457182
2019-09-30,47.4,47.6,44.6,45.2,587708
2019-10-01,45.9,46.5,45.2,45.8,281224
2019-10-02,46.0,46.7,44.9,45.2,343604
2019-10-03,45.4,45.8,44.9,45.0,197079
2019-10-06,45.3,45.3,43.5,43.8,185238
2019-10-07,43.5,44.4,43.5,43.7,131291
2019-10-09,44.2,44.5,43.5,43.6,173377
2019-10-10,43.6,43.9,42.7,43.0,178686
2019-10-13,43.1,44.0,41.0,41.4,167996
2019-10-14,41.5,42.2,40.6,41.4,165597
2019-10-15,42.3,43.5,42.1,43.1,177853
2019-10-16,43.5,43.9,41.8,42.1,109295
2019-10-17,41.8,43.6,41.6,43.2,222639
2019-10-20,43.1,43.9,42.8,42.9,210615
2019-10-21,42.8,43.5,42.0,42.2,197345
2019-10-22,42.2,42.2,40.5,40.8,185395
2019-10-23,40.5,41.9,40.5,41.1,86622
2019-10-24,41.5,41.8,41.1,41.7,131357
2019-10-27,41.8,43.0,41.5,42.6,156162
2019-10-28,42.7,43.2,41.8,41.9,205444
2019-10-29,42.1,42.9,41.3,42.2,186598
2019-10-30,42.0,42.9,41.9,42.2,189346
2019-10-31,42.5,42.5,41.4,41.8,235032
2019-11-03,41.8,43.0,41.8,42.7,259163
2019-11-04,42.9,43.1,41.8,42.0,187111
2019-11-05,42.4,42.4,41.8,42.0,149266
2019-11-06,42.0,42.7,41.9,42.3,173806
2019-11-07,42.8,45.9,42.5,45.6,768090
2019-11-11,45.0,47.3,45.0,46.6,997201
2019-11-12,46.4,49.3,46.3,48.7,950861
2019-11-13,48.7,51.6,47.6,49.6,1284227
2019-11-14,49.7,51.9,48.4,51.2,865909
2019-11-17,52.0,53.8,51.3,52.9,1220643
2019-11-18,53.2,53.7,51.2,51.7,955436
2019-11-19,51.7,53.7,51.0,53.2,891942
2019-11-20,53.8,56.2,53.8,55.7,1067026
2019-11-21,55.7,56.9,54.8,55.7,1310387
2019-11-24,55.7,56.4,52.7,53.4,805309
2019-11-25,53.3,54.8,52.3,52.9,627860
2019-11-26,53.1,53.7,50.4,50.9,644671
2019-11-27,51.0,52.9,49.3,50.2,465177
2019-11-28,50.6,51.3,49.5,50.0,473472
2019-12-01,50.1,51.0,49.4,49.9,291064
2019-12-02,50.0,53.4,49.5,52.9,692621
2019-12-03,53.0,54.1,51.5,52.0,584621
2019-12-04,52.7,53.3,50.7,51.0,597162
2019-12-05,51.5,51.6,49.1,49.6,482791
2019-12-08,50.0,50.1,47.2,47.5,306735
2019-12-09,48.0,48.1,47.1,47.4,178837
2019-12-10,48.0,49.2,45.9,46.2,194683
2019-12-11,47.2,47.7,46.2,47.1,187050
2019-12-12,47.2,49.6,47.2,49.4,404448
2019-12-15,49.8,51.0,49.1,49.4,371224
2019-12-17,49.7,49.9,47.2,47.3,194113
2019-12-18,48.09999847,49.59999847,46.20000076,49.09999847,227752
2019-12-19,49.59999847,52.09999847,49.5,51.0,750687
2019-12-22,51.0,53.0,51.0,51.8,666110
2019-12-23,52.2,52.5,49.4,49.7,334739
2019-12-24,50.0,50.5,49.0,49.8,266299
2019-12-26,50.7,51.0,49.5,49.6,279064
2019-12-29,49.9,50.3,49.1,49.4,153094
2019-12-30,49.9,49.9,48.9,49.3,259772
2020-01-01,50.0,50.5,49.4,49.9,142704
2020-01-02,50.2,50.5,49.7,49.9,305498
2020-01-05,50.3,50.4,48.3,48.6,129113
2020-01-06,48.9,48.9,46.7,47.0,177956
2020-01-07,47.0,48.0,44.4,45.1,216057
2020-01-08,46.4,46.4,43.5,43.7,161672
2020-01-09,44.0,45.3,43.6,44.2,205809
2020-01-12,44.8,45.5,44.6,45.0,130431
2020-01-13,45.2,45.2,42.5,43.0,166998
2020-01-14,44.8,44.8,40.0,41.2,217650
2020-01-15,42.9,43.0,41.2,41.5,194798
2020-01-16,41.6,42.0,40.3,41.4,316148
2020-01-19,42.0,45.2,42.0,44.9,332766
2020-01-20,44.9,46.0,43.9,44.3,308249
2020-01-21,44.4,47.8,43.3,47.0,758961
2020-01-22,47.0,48.4,45.9,47.0,549744
2020-01-23,47.1,48.2,46.0,47.4,572858
2020-01-26,47.4,49.2,47.0,47.6,673999
2020-01-27,47.8,48.6,46.6,47.1,519422
2020-01-28,47.2,47.9,46.4,47.7,282656
2020-01-29,47.6,48.9,46.3,47.0,594763
2020-01-30,47.0,47.4,46.2,46.6,334290
2020-02-02,46.8,46.9,45.7,46.0,734666
2020-02-03,46.2,46.7,45.6,45.8,298026
2020-02-04,46.3,46.6,45.2,45.4,232693
2020-02-05,45.8,45.8,44.1,44.4,273302
2020-02-06,44.9,45.7,44.5,45.2,305007
2020-02-09,45.4,45.4,43.4,43.7,247542
2020-02-10,43.9,44.6,43.5,43.7,221790
2020-02-11,44.4,45.5,44.4,45.2,289633
2020-02-12,45.3,47.2,45.1,45.5,694293
2020-02-13,45.9,46.5,45.0,45.7,627474
2020-02-16,46.4,47.8,46.1,47.2,780102
2020-02-17,47.5,51.9,47.5,51.9,1694190
2020-02-18,53.1,56.8,52.1,52.4,1789530
2020-02-19,52.8,56.5,51.6,54.5,1989638
2020-02-20,54.9,55.6,51.8,52.2,1066569
2020-02-23,52.9,53.1,50.5,51.2,685446
2020-02-24,51.3,52.4,49.4,50.1,487306
2020-02-25,50.9,52.3,50.2,51.8,506671
2020-02-26,52.0,52.7,50.3,50.6,375550
2020-02-27,50.9,51.0,48.5,48.6,442045
2020-03-01,48.7,48.8,46.3,46.7,375286
2020-03-02,47.8,49.3,46.8,48.3,275647
2020-03-03,49.2,49.6,48.7,49.1,270913
2020-03-04,49.8,49.8,47.2,47.4,259097
2020-03-05,48.0,48.5,46.3,46.5,199341
2020-03-08,46.5,47.0,43.0,43.4,300640
2020-03-09,43.4,43.4,39.1,39.9,468271
2020-03-10,40.1,43.5,39.8,43.0,226053
2020-03-11,43.5,45.5,42.4,43.9,416715
2020-03-12,43.3,43.8,41.0,41.7,327449
2020-03-15,41.0,41.0,38.0,39.1,421333
2020-03-16,40.3,40.8,35.5,37.0,339871
2020-03-18,38.8,39.0,33.3,33.7,325343
2020-03-19,39.9,39.9,39.9,39.9,6244
2020-03-22,39.3,39.3,39.1,39.1,32887
2020-03-23,39.1,39.9,39.1,39.1,171762
2020-03-24,39.1,39.1,39.1,39.1,4384
2020-05-31,39.1,39.1,39.1,39.1,1060
2020-06-01,39.1,39.1,39.1,39.1,800
2020-06-02,39.1,39.1,39.1,39.1,360
2020-06-03,39.1,39.1,39.1,39.1,50
2020-06-04,39.1,39.1,39.1,39.1,199
2020-06-07,39.1,39.1,39.1,39.1,400
2020-06-08,39.1,39.1,39.1,39.1,50
2020-06-09,39.1,39.1,39.1,39.1,545
2020-06-10,39.1,39.1,39.1,39.1,500
2020-06-11,39.1,39.1,39.1,39.1,400
2020-06-14,39.1,39.1,39.1,39.1,60
2020-06-15,39.1,39.1,39.1,39.1,353
2020-06-17,39.1,39.1,39.1,39.1,10
2020-06-23,39.1,39.1,39.1,39.1,600
2020-06-24,39.1,39.1,39.1,39.1,401
2020-06-25,39.1,39.1,39.1,39.1,191
2020-06-29,39.1,39.1,39.1,39.1,200
2020-06-30,39.1,39.1,39.1,39.1,400
2020-07-02,39.1,39.1,39.1,39.1,16
2020-07-05,39.1,39.1,39.1,39.1,600
2020-07-06,39.1,39.1,39.1,39.1,28430
2020-07-07,39.1,41.6,39.1,40.8,831037
2020-07-08,40.7,42.3,40.7,41.7,355906
2020-07-09,41.7,41.8,40.4,40.7,366611
2020-07-12,40.7,41.9,40.7,41.1,342145
2020-07-13,41.6,41.8,40.5,40.7,262559
2020-07-14,40.5,41.0,39.2,39.5,253187
2020-07-15,39.5,40.7,39.4,39.7,293914
2020-07-16,39.6,41.9,39.3,41.4,348889
2020-07-19,41.5,42.5,41.0,41.6,401550
2020-07-20,41.9,43.9,41.4,43.3,643815
2020-07-21,43.5,44.5,43.1,43.4,601495
2020-07-22,43.6,43.8,41.7,42.2,281355
2020-07-23,42.0,42.8,41.7,42.0,226014
2020-07-26,41.9,43.2,41.6,43.1,138073
2020-07-27,43.0,45.3,43.0,44.8,754323
2020-07-28,45.0,49.2,44.5,49.1,1649020
2020-07-29,49.5,50.7,48.5,49.1,1324577
2020-07-30,49.1,49.9,47.5,49.2,810785
2020-08-03,50.3,51.9,48.0,48.8,867941
2020-08-04,48.8,49.5,47.6,48.2,728503
2020-08-05,48.8,53.0,48.3,53.0,1938600
2020-08-06,53.5,58.0,53.1,54.8,2150130
2020-08-09,55.2,57.4,53.3,55.9,1823480
2020-08-10,56.3,58.9,56.0,57.0,1481740
2020-08-12,57.5,58.2,53.7,54.8,1103470
2020-08-13,54.8,57.3,54.8,56.9,1504210
2020-08-16,57.8,58.0,55.1,55.6,1618470
2020-08-17,55.9,56.4,52.1,52.4,1091277
2020-08-18,53.0,53.7,51.5,51.8,466704
2020-08-19,52.7,53.8,48.0,49.3,521978
2020-08-20,49.5,51.4,48.7,50.4,474476
2020-08-23,50.9,52.9,50.7,50.9,366059
2020-08-24,51.0,51.9,48.0,48.2,222382
2020-08-25,49.7,49.7,47.5,48.5,339065
2020-08-26,49.2,49.4,47.4,47.8,412695
2020-08-27,48.8,49.5,47.9,48.7,388799
2020-08-31,50.1,52.1,48.5,49.0,533505
2020-09-01,50.0,50.0,47.7,48.4,424227
2020-09-02,48.7,49.1,48.0,48.2,191835
2020-09-03,48.3,49.3,48.0,48.3,437939
2020-09-06,49.3,49.5,48.2,48.3,315062
2020-09-07,48.9,48.9,48.0,48.3,307325
2020-09-08,48.5,49.2,47.5,48.4,389455
2020-09-09,48.4,50.4,48.3,50.0,490804
2020-09-10,50.5,50.8,49.1,49.4,351774
2020-09-13,49.9,54.0,48.5,53.0,1060558
2020-09-14,53.8,55.7,53.8,54.8,1539555
2020-09-15,55.0,56.5,53.6,56.1,1191319
2020-09-16,56.2,57.0,53.1,53.5,768107
2020-09-17,54.1,55.5,53.6,54.6,566047
2020-09-20,55.0,60.0,55.0,59.9,2990424
2020-09-21,61.0,63.9,58.0,58.8,1556493
2020-09-22,59.0,61.5,57.5,59.6,1371260
2020-09-23,60.0,65.5,60.0,65.5,2110752
2020-09-24,72.0,72.0,66.9,69.8,3243785
2020-09-27,70.0,72.0,66.1,67.0,2087972
2020-09-28,67.0,68.5,63.8,66.8,1184931
2020-09-29,67.1,68.2,64.8,67.5,745980
2020-09-30,68.5,70.4,67.1,68.7,1527848
2020-10-04,67.0,70.9,66.6,70.0,3062292
2020-10-05,71.0,71.7,67.1,67.6,1363424
2020-10-06,68.1,68.5,61.0,64.6,1781772
2020-10-07,65.4,66.5,63.1,63.9,798580
2020-10-08,64.8,65.7,62.9,63.6,695535
2020-10-11,65.0,69.9,65.0,69.9,1426724
2020-10-12,71.0,72.9,63.6,65.0,1032469
2020-10-13,65.8,68.3,64.3,65.2,542133
2020-10-14,65.2,67.6,60.2,61.3,527862
2020-10-15,62.0,65.0,61.0,64.6,417433
2020-10-18,65.4,68.0,65.4,66.1,577874
2020-10-19,66.5,68.0,62.8,63.5,666294
2020-10-20,63.6,65.4,62.7,63.1,944110
2020-10-21,63.3,63.8,61.5,62.1,480585
2020-10-22,62.4,68.3,61.4,67.7,1729146
2020-10-25,68.3,70.9,64.6,65.7,889294
2020-10-27,67.0,67.8,63.1,63.7,604750
2020-10-28,65.2,66.6,63.0,63.4,854987
2020-10-29,64.9,66.0,58.9,59.4,827620
2020-11-01,60.1,62.0,58.2,58.7,659518
2020-11-02,59.9,60.4,56.0,56.6,456793
2020-11-03,58.0,58.0,54.5,55.4,676692
2020-11-04,56.8,58.0,55.2,55.7,405690
2020-11-05,57.3,57.3,53.5,54.2,422248
2020-11-08,54.8,56.7,53.6,54.0,674684
2020-11-09,54.4,55.5,52.1,52.6,381317
2020-11-10,54.2,55.0,52.9,53.2,451627
2020-11-11,53.7,57.2,53.7,56.6,835312
2020-11-12,56.9,60.0,56.3,59.2,801406
2020-11-15,59.9,61.5,59.0,60.5,1059913
2020-11-16,62.0,64.1,60.5,63.3,1125351
2020-11-17,63.5,65.5,60.7,62.7,1381191
2020-11-18,63.0,64.7,61.7,62.1,472503
2020-11-19,63.4,63.5,57.0,58.1,518528
2020-11-22,60.4,60.4,55.0,55.3,217816
2020-11-23,57.4,58.0,54.1,57.6,346236
2020-11-24,57.7,60.4,57.6,58.5,298965
2020-11-25,59.2,59.2,57.9,58.8,480723
2020-11-26,59.9,61.0,58.6,59.4,420911
2020-11-29,59.5,60.7,58.5,59.5,524575
2020-11-30,60.7,62.8,60.0,61.9,755110
2020-12-01,62.9,62.9,60.2,60.7,342708
2020-12-02,61.3,62.8,59.0,59.4,820801
2020-12-03,60.9,61.5,58.6,60.8,420891
2020-12-06,61.6,63.1,60.3,61.9,945648
2020-12-07,62.9,63.4,61.4,62.5,714978
2020-12-08,63.0,63.5,61.8,62.0,633197
2020-12-09,62.9,63.1,61.4,61.8,568333
2020-12-10,62.9,62.9,60.7,61.5,569751
2020-12-13,61.5,62.2,59.0,59.7,299171
2020-12-14,61.4,61.4,58.5,59.4,573018
2020-12-15,60.6,60.8,58.8,60.1,361878
2020-12-17,61.2,61.2,59.1,60.4,271533
2020-12-20,61.4,61.4,59.0,59.7,221442
2020-12-21,59.7,60.2,58.3,59.3,328235
2020-12-22,59.9,59.9,58.2,58.4,272626
2020-12-23,59.8,60.0,57.7,58.3,534680
2020-12-24,59.8,59.8,58.1,58.4,285971
2020-12-27,59.8,60.2,58.3,59.0,579028
2020-12-28,60.2,60.2,58.4,58.7,238871
2020-12-29,59.5,59.7,58.1,58.3,364557
2020-12-30,59.3,59.6,57.0,57.7,421260
2021-01-03,59.6,61.4,57.8,60.1,489692
2021-01-04,60.9,62.6,59.6,60.3,463743
2021-01-05,61.5,61.5,58.3,58.5,322506
2021-01-06,59.9,60.0,57.0,57.5,313926
2021-01-07,58.5,58.5,57.0,57.5,162091
2021-01-10,59.3,59.3,57.9,58.2,165994
2021-01-11,59.8,59.8,57.1,58.0,221129
2021-01-12,58.9,62.4,57.5,60.8,490113
2021-01-13,60.0,60.0,57.5,57.6,190265
2021-01-14,58.0,59.8,56.2,56.8,291321
2021-01-17,58.1,58.1,54.0,55.7,213091
2021-01-18,57.5,57.5,54.0,54.7,55356
2021-01-19,57.2,60.1,57.1,60.1,894369
2021-01-20,63.3,63.3,59.1,60.1,588888
2021-01-21,60.0,60.0,56.6,56.9,266129
2021-01-24,58.9,58.9,54.9,55.4,246944
2021-01-25,57.7,58.6,55.9,56.8,169632
2021-01-26,57.5,57.5,54.9,55.1,160276
2021-01-27,56.8,57.0,54.1,54.7,95195
2021-01-28,56.0,56.0,53.3,53.8,149320
2021-01-31,54.9,54.9,52.1,52.3,136919
2021-02-01,54.0,54.0,52.0,53.4,97003
2021-02-02,54.2,54.2,52.0,52.4,86898
2021-02-03,53.5,53.5,51.5,51.7,67327
2021-02-04,52.8,52.8,51.3,51.9,30196
2021-02-07,52.9,53.2,50.7,51.6,112867
2021-02-08,52.9,52.9,48.7,49.1,75683
2021-02-09,51.0,51.0,49.6,50.2,83385
2021-02-10,52.1,52.1,50.2,50.3,49163
2021-02-11,51.5,51.5,49.3,49.5,27994
2021-02-14,50.7,50.7,47.2,47.5,62004
2021-02-15,49.4,49.4,47.2,48.1,83811
2021-02-16,48.6,50.2,48.6,48.8,142970
2021-02-17,49.0,51.7,49.0,50.6,203931
2021-02-18,52.0,52.0,47.9,48.1,95792
2021-02-22,49.5,49.5,46.9,47.1,85840
2021-02-23,47.6,48.3,46.4,46.5,77990
2021-02-24,47.5,47.5,46.5,47.3,92016
2021-02-25,48.4,50.1,48.0,49.5,198858
2021-02-28,50.9,51.8,48.5,49.0,179810
2021-03-01,50.4,50.4,48.5,49.0,26650
2021-03-02,49.7,50.2,48.5,48.6,149577
2021-03-03,49.0,49.9,48.9,49.5,60424
2021-03-04,49.5,50.4,48.0,48.3,136341
2021-03-07,48.7,49.5,48.0,48.1,129333
2021-03-08,49.2,49.2,47.8,48.1,149100
2021-03-09,48.8,48.8,47.5,47.8,177441
2021-03-10,48.7,48.7,47.1,47.5,86351
2021-03-11,47.9,48.4,47.2,47.5,83646
2021-03-14,48.4,48.4,46.6,46.8,122797
2021-03-15,47.6,47.7,45.8,46.2,100817
2021-03-16,46.2,47.3,45.5,45.9,58154
2021-03-18,46.5,46.5,44.1,44.7,74567
2021-03-21,47.6,47.6,44.0,45.0,34221
2021-03-22,45.9,45.9,43.8,44.2,133199
2021-03-23,46.8,47.8,44.3,47.0,224477
2021-03-24,47.3,47.3,44.8,44.9,76501
2021-03-25,44.5,45.5,44.5,45.0,100906
2021-03-28,46.6,46.6,45.0,45.8,85673
2021-03-29,46.5,46.5,45.2,45.9,133896
2021-03-31,46.0,46.0,44.4,45.1,53159
2021-04-01,45.7,45.7,44.2,45.2,55644
2021-04-04,44.5,44.5,42.3,43.3,70378
2021-04-05,44.5,44.5,43.3,43.7,18353
2021-04-06,44.7,46.2,44.2,45.7,111071
2021-04-07,46.2,47.8,45.0,47.0,130882
2021-04-08,48.0,48.0,44.2,46.4,62630
2021-04-11,47.3,47.3,45.0,45.7,52639
2021-04-12,46.7,46.8,45.3,46.2,165768
2021-04-13,46.8,48.3,45.4,47.8,265191
2021-04-15,49.9,49.9,47.2,47.7,155649
2021-04-18,48.1,48.1,45.6,45.8,149385
2021-04-19,49.4,49.4,45.8,47.7,135220
2021-04-20,49.0,52.0,47.6,50.6,534922
2021-04-21,52.0,52.6,50.2,52.1,392973
2021-04-22,52.1,53.9,52.1,52.8,362660
2021-04-25,53.4,57.0,51.0,55.2,597100
2021-04-26,56.9,56.9,52.8,53.3,242073
2021-04-27,52.3,53.7,51.2,52.5,238437
2021-04-28,54.6,55.0,52.0,54.2,245502
2021-04-29,54.9,54.9,53.2,53.4,177805
2021-05-02,54.3,56.2,54.0,54.9,661062
2021-05-03,54.9,60.2,54.0,58.0,1158379
2021-05-04,63.8,63.8,63.8,63.8,292360
2021-05-05,70.1,70.1,65.5,69.6,3902387
2021-05-06,70.0,70.0,65.5,66.9,2029151
2021-05-09,65.7,66.0,60.7,63.3,1114941
2021-05-11,63.5,65.6,63.2,63.7,817154
2021-05-12,64.6,64.6,62.0,62.3,892336
2021-05-16,63.0,63.5,61.0,61.3,569980
2021-05-17,63.0,67.4,62.5,65.4,1606725
2021-05-18,66.5,66.6,63.3,63.7,880496
2021-05-19,65.7,69.5,63.7,67.4,2337359
2021-05-20,68.1,72.8,67.8,69.7,2444659
2021-05-23,71.4,74.0,68.5,70.8,1167516
2021-05-24,72.9,74.5,72.0,72.9,1214279
2021-05-25,74.3,78.1,73.0,77.2,1769348
2021-05-27,78.5,83.5,76.2,81.8,2262774
2021-05-30,83.6,85.8,80.7,82.0,1834261
2021-05-31,82.0,82.5,74.3,76.0,1272650
2021-06-01,78.9,82.5,76.2,80.9,1140131
2021-06-02,82.1,84.9,78.6,79.5,1463112
2021-06-03,79.5,82.9,79.3,80.6,1033794
2021-06-06,80.1,87.9,80.0,81.9,2210359
2021-06-07,83.0,83.4,78.0,80.0,805593
2021-06-08,81.9,83.9,79.7,83.1,1245811
2021-06-09,84.9,89.0,83.0,86.2,1964144
2021-06-10,87.8,93.5,85.1,86.3,2358353
2021-06-13,87.0,88.9,84.1,84.7,845920
2021-06-14,86.8,86.8,81.8,82.3,541377
2021-06-15,84.9,85.0,80.2,81.0,834325
2021-06-16,81.6,87.0,81.1,85.3,907003
2021-06-17,87.3,89.5,82.5,83.7,1180982
2021-06-20,83.8,86.5,82.6,83.3,578861
2021-06-21,85.3,85.3,81.9,82.3,391719
2021-06-22,81.5,82.2,78.0,78.6,534873
2021-06-23,79.4,80.7,74.4,75.3,403921
2021-06-24,76.4,78.5,74.4,76.1,316790
2021-06-27,76.2,78.6,72.0,73.4,352499
2021-06-28,75.8,80.7,74.0,80.7,799692
2021-06-29,83.0,84.7,77.2,78.3,403620
2021-06-30,80.0,82.5,78.4,81.0,445408
2021-07-05,81.5,85.0,79.0,79.8,628021
2021-07-06,79.9,80.4,75.2,75.9,416956
2021-07-07,75.9,77.9,74.5,75.0,240548
2021-07-08,76.4,76.9,74.3,76.0,192426
2021-07-12,78.0,78.1,73.5,75.8,245446
2021-07-13,74.6,76.5,74.1,74.6,183167
2021-07-14,74.6,76.5,74.3,74.6,170948
2021-07-15,75.6,75.6,72.8,73.3,269864
2021-07-18,73.2,74.8,72.2,73.0,226858
2021-07-19,74.3,77.0,73.7,76.8,285731
2021-07-25,76.8,77.3,75.0,75.5,108317
2021-07-26,75.0,75.2,73.8,74.5,135705
2021-07-27,74.0,76.1,74.0,75.6,168751
2021-07-28,76.0,76.8,75.1,76.0,276962
2021-07-29,76.1,76.2,74.2,75.0,154904
2021-08-02,74.8,75.7,73.6,73.9,187974
2021-08-03,74.1,75.4,73.5,73.9,197066
2021-08-05,73.1,75.0,72.7,73.4,273802
2021-08-09,73.0,74.4,70.5,71.5,296286
2021-08-10,72.5,74.4,71.0,71.7,192458
2021-08-11,71.2,72.3,70.0,70.4,205970
2021-08-12,71.5,71.6,69.7,70.4,217687
2021-08-16,71.8,72.8,68.4,70.0,258873
2021-08-17,71.5,73.7,69.4,72.8,350359
2021-08-18,73.0,74.9,71.4,74.1,259430
2021-08-19,74.2,76.0,73.9,75.0,397188
2021-08-22,76.2,76.4,74.0,76.1,782264
2021-08-23,76.3,79.2,74.8,77.7,1064787
2021-08-24,77.5,79.5,77.5,77.9,613348
2021-08-25,78.6,81.0,78.0,80.3,590709
2021-08-26,81.0,81.5,77.3,78.0,509747
2021-08-29,79.6,79.6,77.5,78.4,361125
2021-08-31,79.0,84.9,79.0,81.1,515462
2021-09-01,82.9,82.9,80.8,81.1,424733
2021-09-02,81.9,83.1,80.3,81.1,463662
2021-09-05,82.4,82.4,78.7,78.9,413396
2021-09-06,79.9,82.0,78.9,79.7,661602
2021-09-07,81.2,81.8,79.5,80.5,342079
2021-09-08,81.6,81.6,78.8,79.2,248410
2021-09-09,80.0,84.0,79.7,82.9,1236586
2021-09-12,84.5,89.5,83.5,84.5,1940141
2021-09-13,84.8,85.8,82.6,83.5,708839
2021-09-14,84.0,85.8,83.0,85.1,1193800
2021-09-15,85.8,87.8,83.6,84.6,791305
2021-09-16,86.7,91.0,85.9,87.2,2741777
2021-09-19,88.0,91.0,86.4,87.8,1176213
2021-09-20,88.1,88.9,84.1,84.6,773520
2021-09-21,85.0,85.8,83.0,84.1,639930
2021-09-22,84.8,87.0,84.7,86.3,1235057
2021-09-26,85.5,86.2,78.3,81.3,1003013
2021-09-27,81.4,82.5,78.8,79.2,395889
2021-09-28,78.4,80.8,77.5,77.7,540694
2021-09-29,79.8,80.7,78.0,78.2,313363
2021-09-30,79.4,80.3,78.1,78.4,265455
2021-10-03,79.8,80.4,76.0,77.1,402877
2021-10-04,77.1,77.1,74.2,74.4,243025
2021-10-05,77.0,77.0,73.1,74.0,126169
2021-10-06,75.7,75.8,67.2,69.4,484991
2021-10-07,70.9,72.4,70.0,71.5,209079
2021-10-10,71.8,72.5,71.0,71.6,186543
2021-10-11,73.3,73.3,70.2,70.7,161581
2021-10-12,72.3,72.8,70.1,70.8,144332
2021-10-13,71.4,72.9,71.0,71.7,363682
2021-10-14,71.9,73.0,69.8,70.4,63131
2021-10-17,71.7,71.7,68.1,68.5,110332
2021-10-18,69.0,69.9,67.1,67.5,117343
2021-10-19,69.1,72.0,67.9,68.9,198996
2021-10-21,72.3,72.3,67.5,68.2,75820
2021-10-24,68.3,70.0,66.5,66.7,88846
2021-10-25,67.5,67.5,64.7,65.0,87073
2021-10-26,67.0,69.3,65.2,68.8,59364
2021-10-27,65.5,70.7,65.5,68.1,90998
2021-10-28,68.2,70.0,67.8,68.2,104405
2021-10-31,67.3,69.7,67.0,67.9,135993
2021-11-01,65.5,69.6,65.5,66.8,64162
2021-11-02,67.2,68.9,65.1,66.1,100650
2021-11-03,68.0,69.4,66.1,66.5,64682
2021-11-04,66.6,67.3,66.0,66.3,47286
2021-11-07,68.7,68.7,65.0,65.2,59543
2021-11-08,65.2,66.7,64.2,65.3,35603
2021-11-09,67.4,67.4,64.2,64.6,35555
2021-11-10,66.0,66.1,64.9,65.3,61431
2021-11-11,65.3,66.4,64.1,64.4,45688
2021-11-14,66.0,66.0,63.2,63.6,36156
2021-11-15,65.4,65.5,63.0,63.1,18336
2021-11-16,65.0,65.0,62.9,63.7,51297
2021-11-17,64.8,67.5,63.9,66.1,187304
2021-11-18,67.4,67.6,65.1,65.7,103510
2021-11-21,65.7,65.7,64.4,64.8,107811
2021-11-22,64.1,66.0,63.9,64.2,96808
2021-11-23,65.5,65.5,63.8,64.1,38983
2021-11-24,64.1,64.2,63.2,63.3,33907
2021-11-25,65.0,65.0,61.6,61.8,71641
2021-11-28,61.0,61.8,60.3,60.5,40143
2021-11-29,63.0,63.0,60.4,61.1,13716
2021-11-30,61.5,61.8,59.0,59.4,39387
2021-12-01,63.8,63.8,60.3,61.7,29692
2021-12-02,60.1,61.9,58.7,60.5,53785
2021-12-05,60.7,63.5,60.6,63.1,64492
2021-12-06,64.5,64.5,62.0,62.9,36274
2021-12-07,62.2,64.6,62.2,63.2,93428
2021-12-08,63.0,64.4,61.3,62.1,106998
2021-12-09,62.9,62.9,61.4,61.7,63802
2021-12-12,63.0,63.0,61.2,61.7,34864
2021-12-13,63.0,63.5,61.3,61.9,55034
2021-12-14,63.6,63.6,60.6,60.8,90802
2021-12-15,62.4,62.4,60.3,60.9,29547
2021-12-19,60.2,63.0,60.0,61.5,52266
2021-12-20,63.0,63.3,61.4,62.1,134867
2021-12-21,61.9,62.8,61.6,61.8,48814
2021-12-22,62.0,62.5,61.3,61.7,50683
2021-12-23,61.5,63.9,61.5,62.4,144372
2021-12-26,63.0,63.0,60.5,60.6,107063
2021-12-27,60.2,61.5,59.9,60.2,115363
2021-12-28,60.5,61.7,60.1,60.3,123420
2021-12-29,61.5,61.9,59.3,60.0,29703
2021-12-30,60.4,61.4,60.0,60.5,90067
2022-01-02,61.2,61.9,60.0,60.6,120207
2022-01-03,61.0,64.0,61.0,63.4,157793
2022-01-04,63.6,69.7,63.6,69.7,672928
2022-01-05,71.0,71.2,67.6,68.5,238660
2022-01-06,68.8,71.6,68.0,68.7,391744
2022-01-09,67.9,73.2,67.9,69.9,298840
2022-01-10,71.3,75.5,70.5,73.1,801146
2022-01-11,73.3,74.0,68.2,69.3,467060
2022-01-12,71.0,71.0,65.6,66.2,245948
2022-01-13,70.0,70.5,66.5,68.1,125881
2022-01-16,68.7,71.8,68.6,69.7,311677
2022-01-17,71.7,76.6,71.3,74.3,1247811
2022-01-18,76.0,77.8,74.2,75.6,575391
2022-01-19,75.7,78.7,74.0,74.5,778261
2022-01-20,75.0,76.0,71.6,72.3,228391
2022-01-23,71.7,73.3,70.0,70.5,325575
2022-01-24,72.0,73.7,69.3,69.8,347478
2022-01-25,70.4,71.0,69.6,69.9,108810
2022-01-26,71.4,71.5,68.6,68.9,125036
2022-01-27,70.0,71.9,69.7,69.8,138186
2022-01-30,71.8,71.8,69.0,70.0,152184
2022-01-31,69.2,70.8,69.2,69.9,114564
2022-02-01,70.0,72.8,70.0,72.0,228317
2022-02-02,72.0,79.2,72.0,79.2,2654101
2022-02-03,83.0,84.6,77.0,78.8,1244980
2022-02-06,78.6,83.7,77.7,81.5,1650617
2022-02-07,82.0,84.4,80.9,82.1,1230561
2022-02-08,82.0,82.9,77.6,78.6,694011
2022-02-09,80.0,80.0,77.3,78.0,366163
2022-02-10,78.5,79.7,77.1,77.5,328402
2022-02-13,77.6,78.7,76.3,77.0,266068
2022-02-14,76.3,77.5,73.2,73.7,372410
2022-02-15,74.0,74.6,72.8,73.3,221893
2022-02-16,74.4,74.8,73.3,73.6,144236
2022-02-17,72.3,74.7,72.3,73.6,149676
2022-02-20,74.0,74.0,72.2,72.7,81507
2022-02-22,74.6,74.6,72.8,73.3,64881
2022-02-23,74.5,75.6,73.3,74.6,186955
2022-02-24,75.9,75.9,72.2,72.8,200119
2022-02-27,74.0,74.0,68.6,69.0,134636
2022-02-28,69.1,71.8,69.1,70.5,161548
2022-03-01,72.0,75.4,70.6,72.4,247793
2022-03-02,73.8,75.6,71.7,74.8,527125
2022-03-03,74.8,75.6,72.9,73.2,275760
2022-03-06,73.0,75.2,72.2,73.5,232053
2022-03-07,73.5,75.0,69.6,69.8,153184
2022-03-08,70.0,71.0,67.5,69.9,221298
2022-03-09,71.0,72.9,70.3,71.8,185834
2022-03-10,72.3,73.6,70.7,71.0,234301
2022-03-13,73.0,73.0,70.0,71.3,214200
2022-03-14,72.0,76.8,71.5,76.0,1043421
2022-03-15,76.7,78.3,74.5,75.2,725887
2022-03-16,75.1,77.0,73.7,75.7,452654
2022-03-20,75.6,76.3,74.2,74.3,366665
2022-03-21,74.9,75.0,73.0,74.6,320428
2022-03-22,75.5,76.5,74.9,76.2,279626
2022-03-23,76.5,82.3,76.5,77.9,1122625
2022-03-24,80.9,82.0,77.8,80.1,869277
2022-03-27,81.2,81.2,78.5,78.8,834407
2022-03-28,78.2,78.2,77.3,77.3,372740
2022-03-29,77.8,77.8,75.8,75.8,325090
2022-03-30,76.9,77.6,74.3,75.1,560228
2022-03-31,75.4,77.0,74.1,74.7,460423
2022-04-03,75.3,77.7,74.7,77.2,1505188
2022-04-04,77.4,78.7,75.7,75.7,468763
2022-04-05,77.0,77.4,74.7,75.8,201258
2022-04-06,76.8,76.8,74.3,74.4,307628
2022-04-07,75.7,75.7,73.5,73.6,112343
2022-04-10,73.3,73.8,72.2,72.5,295439
2022-04-11,74.8,74.9,71.6,72.0,128293
2022-04-12,71.1,72.5,70.6,70.7,185137
2022-04-13,70.0,71.2,69.3,70.9,76571
2022-04-17,71.7,71.7,69.5,69.5,96951
2022-04-18,68.5,68.5,68.2,68.2,89672
2022-04-19,66.9,69.3,66.9,67.7,82193
2022-04-20,68.3,70.2,66.9,68.0,90434
2022-04-21,68.1,71.9,68.0,70.9,104212
2022-04-24,71.2,72.2,70.0,70.2,95229
2022-04-25,70.2,71.2,69.2,70.1,78343
2022-04-26,70.5,70.6,69.6,69.8,78992
2022-04-27,69.8,70.3,69.0,69.1,96444
2022-04-28,69.0,70.4,68.3,68.8,68110
2022-05-05,71.9,71.9,68.6,68.7,34392
2022-05-08,69.0,69.7,68.0,69.2,201343
2022-05-09,70.4,72.4,69.6,71.9,145291
2022-05-10,72.5,72.5,69.8,70.3,163124
2022-05-11,70.2,70.7,68.1,68.7,145956
2022-05-12,70.9,71.0,67.8,68.7,101624
2022-05-16,67.0,68.6,65.7,66.1,78457
2022-05-17,66.1,66.2,63.0,63.9,57742
2022-05-18,68.5,69.4,63.3,64.0,60560
2022-05-19,63.2,63.9,62.0,62.9,23125
2022-05-22,67.9,67.9,61.8,62.5,45151
2022-05-23,63.7,65.0,63.3,64.8,61513
2022-05-24,65.4,65.9,63.1,64.0,135221
2022-05-25,65.5,65.5,62.0,63.4,55194
2022-05-26,63.0,63.7,62.6,62.8,62013
2022-05-29,64.0,65.5,63.5,65.1,87091
2022-05-30,64.6,67.7,64.6,65.2,36879
2022-05-31,64.4,67.0,64.1,65.3,86395
2022-06-01,64.0,67.9,64.0,66.5,93399
2022-06-02,66.0,68.7,66.0,68.2,110302
2022-06-05,70.0,70.0,67.6,69.3,101065
2022-06-06,68.1,72.4,68.1,69.3,185982
2022-06-07,69.6,71.0,68.6,69.4,139899
2022-06-08,70.5,70.5,68.2,68.5,116347
2022-06-09,68.2,68.5,67.3,67.6,59256
2022-06-12,67.6,67.6,66.3,66.4,54468
2022-06-13,66.5,67.6,65.1,65.1,71442
2022-06-14,67.8,67.8,63.9,64.4,64747
2022-06-15,67.0,67.0,64.6,65.5,54333
2022-06-16,68.0,68.0,65.2,65.7,77177
2022-06-19,70.0,70.3,65.9,66.0,78697
2022-06-20,65.5,66.0,64.8,64.9,57004
2022-06-21,64.1,64.3,63.7,63.9,30816
2022-06-22,66.8,66.8,64.1,64.3,13248
2022-06-23,67.5,67.5,64.1,64.8,14464
2022-06-26,64.5,65.1,64.3,64.5,53345
2022-06-27,64.0,65.0,63.4,64.2,55654
2022-06-28,64.6,67.4,64.3,66.7,63113
2022-06-29,67.9,67.9,66.6,67.0,71231
2022-06-30,67.8,68.0,65.9,66.2,60144
2022-07-03,69.0,69.0,65.0,65.2,41495
2022-07-04,67.5,67.6,65.1,65.4,66471
2022-07-05,70.0,70.0,66.3,67.3,100904
2022-07-06,68.9,68.9,66.1,66.8,46208
2022-07-07,67.3,68.8,66.4,68.1,117937
2022-07-12,68.7,68.7,66.8,66.8,57052
2022-07-13,66.9,67.5,65.5,66.0,41408
2022-07-14,65.7,66.5,64.9,65.2,53306
2022-07-17,65.1,66.7,64.7,65.4,31475
2022-07-18,65.0,66.2,64.1,64.1,44649
2022-07-19,62.9,64.5,62.9,62.9,40800
2022-07-20,68.0,68.0,61.7,63.3,29715
2022-07-21,62.1,64.0,62.1,63.0,50108
2022-07-24,67.8,67.8,61.8,63.5,12912
2022-07-25,62.5,64.2,62.3,64.0,28224
2022-07-26,66.3,66.3,62.8,63.7,122469
2022-07-27,62.8,63.7,62.5,62.5,31452
2022-07-28,65.4,65.4,61.3,61.5,43403
2022-07-31,64.9,65.0,63.0,64.7,99680
2022-08-01,63.6,66.9,63.6,65.4,127805
2022-08-02,66.7,67.4,64.7,67.1,157908
2022-08-03,68.4,68.6,65.7,66.1,144421
2022-08-04,67.9,67.9,64.0,65.3,62134
2022-08-07,66.9,66.9,63.9,64.3,54518
2022-08-08,70.0,70.0,63.6,64.1,58071
2022-08-10,67.0,67.0,63.1,63.2,67847
2022-08-11,63.1,64.7,63.0,63.1,114518
2022-08-14,63.3,64.3,63.1,63.3,18835
2022-08-16,63.2,65.0,63.2,63.7,72140
2022-08-21,63.0,63.4,63.0,63.0,14849
2022-08-22,63.0,65.0,63.0,63.3,214765
2022-08-23,65.5,65.5,63.0,63.0,175560
2022-08-24,63.0,63.0,63.0,63.0,6452
2022-08-25,63.0,66.3,63.0,65.7,614947
2022-08-28,65.9,68.9,64.2,64.9,241294
2022-08-29,64.9,65.0,63.3,63.5,155792
2022-08-30,64.5,64.7,63.5,64.2,140176
2022-08-31,65.2,66.5,63.9,64.3,407753
2022-09-01,67.7,67.7,64.7,65.2,115194
2022-09-04,64.3,66.7,63.6,64.0,292121
2022-09-05,66.0,66.0,63.3,63.9,140886
2022-09-06,64.2,67.0,63.0,66.6,448441
2022-09-07,67.0,68.9,65.7,67.0,525442
2022-09-08,67.0,71.0,67.0,68.6,679471
2022-09-11,68.5,70.3,67.9,68.6,403390
2022-09-12,68.6,71.3,68.5,69.2,295788
2022-09-13,70.4,70.4,68.3,69.4,160172
2022-09-14,70.2,70.7,69.5,69.9,488319
2022-09-15,69.7,71.8,69.7,70.3,282880
2022-09-18,69.6,71.6,69.6,70.6,319306
2022-09-19,69.7,72.9,69.2,69.8,220438
2022-09-20,69.4,71.0,68.0,69.8,490590
2022-09-21,72.0,72.0,65.4,69.9,298736
2022-09-22,69.4,73.0,68.2,72.7,297237
2022-09-25,70.3,76.3,70.3,71.2,229429
2022-09-26,73.7,73.7,70.0,71.0,120927
2022-09-27,70.0,77.5,70.0,75.3,498604
2022-09-28,77.0,77.0,74.4,74.5,463173
2022-09-29,75.0,77.2,74.6,74.8,321177
2022-10-02,75.2,76.9,74.2,74.6,321155
2022-10-03,76.9,76.9,74.1,74.6,152025
2022-10-04,73.0,75.7,72.0,75.1,137963
2022-10-06,75.0,75.2,74.3,75.0,350145
2022-10-10,75.0,75.3,73.9,74.7,327628
2022-10-11,74.6,74.6,72.9,72.9,114285
2022-10-12,73.9,74.8,70.7,71.9,103630
2022-10-13,73.0,74.3,71.5,72.0,33564
2022-10-16,72.5,74.3,71.6,73.9,237883
2022-10-17,74.0,74.3,72.5,72.5,34035
2022-10-18,72.5,76.0,72.5,73.7,173163
2022-10-19,75.7,75.8,69.6,72.3,261753
2022-10-20,72.9,73.4,70.3,72.5,38892
2022-10-23,70.4,72.1,70.0,71.0,47545
2022-10-24,69.0,69.0,66.6,68.3,2908
2022-10-25,69.0,73.9,69.0,70.3,27994
2022-10-26,70.1,71.3,70.0,70.5,45756
2022-10-27,70.1,71.8,70.1,71.0,59138
2022-10-30,71.6,71.7,70.4,70.8,33007
2022-10-31,71.9,75.7,71.0,74.5,335321
2022-11-01,73.6,75.0,73.1,74.0,43937
2022-11-02,74.0,80.6,74.0,79.7,388957
2022-11-03,80.6,83.9,80.1,82.5,425739
2022-11-06,84.8,90.7,81.0,86.6,860533
2022-11-07,85.9,86.0,83.2,84.2,192304
2022-11-08,84.9,87.5,79.5,80.9,377432
2022-11-09,81.3,83.9,78.9,80.6,340753
2022-11-10,80.4,84.4,77.0,77.4,185749
2022-11-13,77.8,77.8,74.5,74.6,90725
2022-11-14,74.9,74.9,71.1,71.9,99959
2022-11-15,71.1,77.8,71.1,73.7,170613
2022-11-16,75.8,77.4,72.4,76.2,61892
2022-11-17,76.2,80.9,76.2,79.7,161089
2022-11-20,81.9,83.2,78.4,80.7,228500
2022-11-21,78.4,82.3,77.2,78.0,77379
2022-11-22,80.5,82.9,78.0,81.6,248648
2022-11-23,81.7,82.5,77.0,78.3,161430
2022-11-24,79.7,79.9,77.4,78.3,59448
2022-11-27,80.0,80.1,77.9,78.5,56781
2022-11-28,79.1,80.0,74.5,75.1,58023
2022-11-29,78.9,80.1,73.7,79.5,143909
2022-11-30,80.0,82.9,79.5,80.3,303909
2022-12-01,81.3,86.3,81.3,84.1,533771
2022-12-04,84.1,84.9,80.0,80.1,135482
2022-12-05,80.0,81.7,78.5,80.2,93094
2022-12-06,80.9,82.0,78.7,79.8,114287
2022-12-07,78.5,84.0,78.5,79.5,88183
2022-12-08,79.2,80.5,78.9,80.1,45673
2022-12-11,79.0,83.0,78.1,81.5,201499
2022-12-12,83.1,83.1,79.0,79.7,103042
2022-12-13,79.0,80.0,79.0,79.4,141042
2022-12-14,79.9,80.4,78.6,79.6,94540
2022-12-15,79.3,80.5,78.4,79.6,72489
2022-12-18,80.0,80.0,77.9,78.8,62230
2022-12-19,78.1,79.0,78.0,78.2,20881
2022-12-20,79.2,80.0,78.1,79.2,69716
2022-12-21,78.3,78.4,74.2,75.3,49811
2022-12-22,78.0,78.0,75.0,77.2,44237
2022-12-26,77.5,79.5,76.0,79.3,55967
2022-12-27,80.0,80.0,77.7,79.0,26595
2022-12-28,79.5,79.7,78.1,79.1,65983
2022-12-29,81.4,82.0,79.0,79.9,349689
2023-01-01,79.5,80.0,78.8,79.0,59335
2023-01-02,79.1,79.1,76.5,76.9,20315
2023-01-03,77.0,77.5,75.5,76.7,68204
2023-01-04,76.7,79.9,76.7,79.4,55567
2023-01-05,79.3,82.5,79.3,81.8,262667
2023-01-08,83.0,84.0,80.5,81.8,248640
2023-01-09,81.0,82.6,80.4,81.5,156497
2023-01-10,82.0,82.8,80.1,80.5,175458
2023-01-11,80.3,82.5,80.3,81.0,216196
2023-01-12,81.1,85.2,81.1,84.1,921562
2023-01-15,84.9,86.8,84.0,86.2,464667
2023-01-16,85.1,88.9,83.9,85.1,865270
2023-01-17,85.4,88.8,84.1,87.5,534443
2023-01-18,89.2,92.2,86.9,88.4,1292444
2023-01-19,87.9,89.9,86.8,89.0,340678
2023-01-22,90.3,91.6,84.6,85.2,540570
2023-01-23,86.8,89.5,84.6,87.3,479717
2023-01-24,88.0,91.0,86.3,89.8,799580
2023-01-25,90.7,97.0,90.7,96.1,1399833
2023-01-26,95.0,96.6,92.5,93.0,825689
2023-01-29,92.2,94.8,91.0,91.6,458627
2023-01-30,92.5,94.9,89.0,92.8,880412
2023-01-31,93.7,96.5,93.5,94.1,673064
2023-02-01,94.5,95.9,92.1,92.9,690358
2023-02-02,92.9,95.0,91.4,93.6,830665
2023-02-05,95.0,97.8,87.2,90.4,1249106
2023-02-06,90.6,90.8,87.9,88.9,471796
2023-02-07,88.9,89.0,85.9,86.4,553973
2023-02-08,86.4,88.7,86.2,87.0,405005
2023-02-09,86.5,88.7,86.5,87.8,342887
2023-02-12,88.9,90.0,87.0,87.1,484674
2023-02-13,88.0,88.2,86.7,87.8,235628
2023-02-14,87.7,88.3,86.5,86.9,237939
2023-02-15,87.0,87.0,85.2,85.4,145129
2023-02-16,85.4,87.3,84.7,86.7,118081
2023-02-19,87.1,88.6,86.0,88.0,508219
2023-02-20,88.0,88.2,86.4,87.4,354836
2023-02-22,88.0,93.4,87.9,92.5,835487
2023-02-23,93.4,94.5,88.6,89.2,728193
2023-02-26,89.6,89.6,85.9,86.3,372136
2023-02-27,85.7,88.6,85.1,87.6,389562
2023-02-28,87.6,94.1,87.6,93.3,758865
2023-03-01,93.3,95.1,91.0,91.7,1410020
2023-03-02,91.7,97.0,91.7,95.5,916395
2023-03-05,96.9,101.9,96.8,98.2,1834008
2023-03-06,98.5,101.6,97.2,99.2,1665731
2023-03-07,99.2,108.7,99.2,106.4,2044883
2023-03-09,106.0,108.4,103.0,104.9,1879049
2023-03-12,105.8,105.8,100.0,101.2,1918519
2023-03-13,104.0,111.3,103.0,111.1,2539580
2023-03-14,111.0,122.2,107.0,118.6,3199585
2023-03-15,118.6,124.0,106.8,110.4,2615845
2023-03-16,110.4,110.4,102.3,106.1,2923050
2023-03-19,105.0,106.0,95.5,96.2,2983521
2023-03-20,95.5,98.8,92.3,94.2,1561169
2023-03-21,94.5,96.1,91.9,94.3,1386873
2023-03-22,95.0,96.0,88.6,89.0,1309698
2023-03-23,89.0,91.8,87.5,89.7,1095921
2023-03-27,89.7,93.8,89.0,93.1,1350243
2023-03-28,93.1,95.3,91.3,93.4,1031266
2023-03-29,93.5,94.7,90.1,90.7,1256900
2023-03-30,91.0,93.7,90.3,92.7,1438754
2023-04-02,93.9,97.8,93.4,96.3,1161271
2023-04-03,97.1,99.8,96.5,97.9,1313759
2023-04-04,97.9,101.0,94.6,95.2,1683439
2023-04-05,95.3,97.0,94.4,95.7,737593
2023-04-06,96.0,96.6,92.2,92.9,821711
2023-04-09,92.9,94.0,89.8,90.3,544344
2023-04-10,90.7,92.1,90.3,91.2,423663
2023-04-11,92.0,95.4,91.7,94.8,721978
2023-04-12,95.7,96.7,93.4,95.0,727917
2023-04-13,95.3,95.3,90.6,92.2,458762
2023-04-16,93.4,94.0,90.9,92.2,462649
2023-04-17,92.3,96.5,91.6,96.1,654595
2023-04-18,96.7,99.5,95.5,97.4,922918
2023-04-24,97.5,97.6,94.0,95.0,536853
2023-04-25,94.6,98.4,94.5,97.8,795363
2023-04-26,98.0,98.6,96.5,97.0,955205
2023-04-27,97.2,104.8,96.9,98.7,2533758
2023-04-30,99.4,104.0,97.9,101.9,1157291
2023-05-02,102.7,104.0,100.4,101.1,1726993
2023-05-03,101.5,102.8,97.5,98.1,2488372
2023-05-07,97.7,98.0,90.0,91.2,1354812
2023-05-08,91.5,93.5,91.1,92.8,940623
2023-05-09,93.0,94.5,91.9,93.1,772840
2023-05-10,93.1,93.9,92.0,92.1,846033
2023-05-11,92.2,95.7,91.7,95.0,798435
2023-05-14,95.0,101.0,95.0,100.0,2090928
2023-05-15,100.0,103.9,99.9,101.4,1599849
2023-05-16,102.0,108.0,101.0,107.3,1725962
2023-05-17,107.5,113.4,106.4,112.7,2057150
2023-05-18,114.7,123.7,114.4,118.9,3152902
2023-05-21,120.9,127.8,116.8,126.6,3178913
2023-05-22,124.5,136.9,124.5,135.4,1600952
2023-05-23,135.4,144.1,134.8,142.8,2002619
2023-05-24,142.8,152.0,142.8,151.5,1371526
2023-05-25,152.0,166.6,152.0,165.3,1184043
2023-05-28,167.0,173.4,160.3,172.7,1116506
2023-05-29,173.5,174.0,166.0,170.5,1268835
2023-05-30,170.5,187.5,168.1,187.3,1668337
2023-05-31,191.1,201.9,191.1,197.0,1442476
2023-06-01,199.0,209.9,194.3,208.6,1437585
2023-06-04,209.3,226.0,205.9,222.2,1425513
2023-06-05,222.0,222.2,203.0,209.6,1668005
2023-06-06,213.0,224.9,207.0,217.4,1470831
2023-06-07,217.4,226.9,214.7,225.3,1266861
2023-06-08,226.0,241.3,222.0,239.5,1424501
2023-06-11,238.9,239.9,218.6,218.6,570058
2023-06-12,213.0,224.1,199.5,199.5,1868560
2023-06-13,196.0,206.8,184.0,200.9,818812
2023-06-14,202.7,207.9,183.4,187.4,1185922
2023-06-15,189.5,192.8,177.0,189.3,625254
2023-06-18,190.0,203.9,190.0,198.2,380724
2023-06-19,202.2,217.9,202.2,215.9,665875
2023-06-20,217.1,218.0,203.0,212.7,861710
2023-06-21,208.0,210.9,204.2,208.1,403477
2023-06-22,205.0,211.5,205.0,210.0,440409
2023-06-25,210.0,218.2,210.0,216.0,537159
2023-06-26,218.2,230.9,218.2,229.8,690462
2023-07-02,233.0,240.0,230.0,238.1,628579
2023-07-03,240.0,244.8,234.8,243.4,987373
2023-07-04,243.4,249.8,243.4,247.0,642158
2023-07-05,248.9,253.5,233.1,240.5,620907
2023-07-06,237.0,246.0,231.6,244.0,1084194
2023-07-09,247.0,248.6,224.5,231.5,867095
2023-07-10,228.0,236.0,211.3,216.1,760091
2023-07-11,214.0,225.0,197.2,223.7,1008452
2023-07-12,228.0,238.9,226.0,235.8,708803
2023-07-13,230.0,235.0,215.2,215.2,718020
2023-07-16,205.0,211.0,200.6,205.1,983202
2023-07-17,211.9,211.9,187.2,190.0,524124
2023-07-18,190.0,190.0,171.0,171.0,293474
2023-07-19,158.0,169.1,153.9,154.3,975009
2023-07-20,155.0,163.9,152.0,156.2,1085939
2023-07-23,156.2,156.2,140.6,140.6,1308577
2023-07-24,130.0,144.0,115.1,139.2,2311415
2023-07-25,138.9,138.9,125.3,125.4,880960
2023-07-26,120.1,130.5,117.0,128.6,1085443
2023-07-27,131.0,133.7,125.4,125.8,820294
2023-07-30,127.0,129.0,123.0,125.3,1077477
2023-07-31,125.2,127.2,119.1,120.5,685075
2023-08-01,121.5,126.2,121.5,124.0,586068
2023-08-02,124.1,127.7,119.2,120.4,924122
2023-08-03,119.1,124.8,118.7,121.3,562807
2023-08-06,121.4,123.0,116.4,117.2,612279
2023-08-07,117.2,118.4,110.1,113.4,997412
2023-08-08,114.3,116.3,113.5,115.3,652570
2023-08-09,116.7,116.8,108.2,110.1,736665
2023-08-10,110.1,116.6,106.5,115.1,928775
2023-08-13,116.0,118.6,112.1,113.7,1443858
2023-08-14,112.8,112.8,105.0,108.4,810973
2023-08-16,109.0,109.5,100.5,103.5,748625
2023-08-20,106.6,112.2,104.7,110.6,1165206
2023-08-21,113.2,116.0,111.4,114.0,1091898
2023-08-22,114.0,122.8,110.5,118.7,2201358
2023-08-23,118.5,124.8,118.0,118.7,1497584
2023-08-24,118.7,118.8,113.2,114.7,1969132
2023-08-27,114.6,117.8,112.1,116.5,1857334
2023-08-28,117.8,119.0,113.3,114.0,2219731
2023-08-29,114.0,114.8,110.5,111.4,1309198
2023-08-30,111.5,114.5,111.5,113.9,1257038
2023-08-31,114.2,116.4,113.4,114.1,1826695
2023-09-03,115.2,117.9,114.2,115.9,1509017
2023-09-04,116.3,116.8,113.1,114.0,1472207
2023-09-05,114.1,114.8,111.8,112.2,1226692
2023-09-07,112.0,114.1,111.5,112.1,1016175
2023-09-10,112.1,117.2,112.1,115.9,1730789
2023-09-11,116.3,116.5,113.1,113.8,950038
2023-09-12,113.4,115.9,113.0,114.3,1152196
2023-09-13,114.3,116.0,113.5,113.9,1172871
2023-09-14,114.0,114.5,112.0,113.0,1116235
2023-09-17,113.0,119.5,113.0,118.7,1828386
2023-09-18,119.0,125.6,116.8,118.9,2014458
2023-09-19,118.2,122.9,116.7,121.5,1572391
2023-09-20,122.3,125.0,118.7,119.6,1194819
2023-09-21,117.0,121.0,115.6,116.4,900148
2023-09-24,115.2,116.2,110.2,111.2,772793
2023-09-25,111.2,113.5,110.8,112.5,622431
2023-09-26,112.5,115.9,112.5,114.1,746389
2023-09-27,114.1,116.0,113.3,115.3,582635
2023-10-01,115.9,116.3,112.4,112.9,632644
2023-10-02,113.4,113.5,108.5,112.9,486272
2023-10-03,114.5,114.5,108.0,108.5,495818
2023-10-04,107.9,111.0,107.9,110.6,489560
2023-10-05,109.5,111.3,109.5,110.6,361935
2023-10-08,111.1,111.1,107.3,107.7,408015
2023-10-09,108.2,109.3,103.0,103.8,265424
2023-10-10,104.0,107.7,104.0,106.2,197578
2023-10-11,106.5,107.8,104.8,107.1,273720
2023-10-12,109.6,109.6,107.1,108.5,255172
2023-10-15,108.0,108.6,106.3,106.9,118946
2023-10-16,107.0,107.9,106.5,107.0,144339
2023-10-17,106.5,107.4,104.2,105.1,314956
2023-10-18,106.0,107.8,105.3,107.3,196068
2023-10-19,107.5,110.9,106.2,110.1,350835
2023-10-22,110.0,113.8,108.6,109.4,812273
2023-10-23,110.3,110.3,106.1,107.3,280495
2023-10-25,108.0,108.3,106.0,106.6,294615
2023-10-26,106.2,107.6,105.8,106.3,226263
2023-10-29,107.5,107.6,104.5,105.4,215197
2023-10-30,106.0,109.9,105.3,107.4,275766
2023-10-31,107.8,108.8,106.4,107.0,323736
2023-11-01,106.1,108.0,106.1,106.8,155153
2023-11-02,107.3,107.3,105.8,106.1,240245
2023-11-05,106.3,108.4,105.9,107.6,272641
2023-11-06,107.5,109.6,107.5,108.3,420840
2023-11-07,108.0,109.9,107.9,108.4,308573
2023-11-08,107.0,108.8,106.7,107.1,226551
2023-11-09,106.8,108.1,106.8,107.9,136930
2023-11-12,108.0,108.0,105.8,105.9,181178
2023-11-13,106.0,106.8,105.3,106.1,159462
2023-11-14,105.0,106.9,105.0,105.8,156227
2023-11-15,105.8,112.8,105.8,108.6,936520
2023-11-16,108.6,109.4,107.3,107.9,116447
2023-11-19,107.0,108.4,105.1,105.7,196743
2023-11-20,105.0,106.7,103.0,104.3,165948
2023-11-21,104.5,105.1,102.0,103.2,116682
2023-11-22,103.1,104.3,102.0,103.0,147458
2023-11-23,104.8,104.8,102.7,103.1,82171
2023-11-26,103.2,103.3,96.2,97.1,274547
2023-11-27,91.0,99.9,91.0,94.3,87032
2023-11-28,96.5,96.5,94.2,94.9,55476
2023-11-29,95.0,98.0,95.0,97.3,79988
2023-11-30,98.7,100.9,97.0,97.9,138568
2023-12-03,99.7,101.5,98.0,100.8,127225
2023-12-04,100.8,108.9,100.8,107.2,480472
2023-12-05,107.2,107.7,104.5,104.9,190693
2023-12-06,104.0,107.0,103.6,106.7,232765
2023-12-07,107.0,107.0,103.4,104.0,140327
2023-12-10,103.7,105.7,100.1,101.8,157412
2023-12-11,102.9,103.9,101.8,102.8,96628
2023-12-12,103.8,105.5,102.6,103.8,170477
2023-12-13,104.4,107.5,104.4,106.3,301988
2023-12-14,106.9,107.8,104.6,105.6,173018
2023-12-17,104.1,106.3,102.1,102.5,119196
2023-12-18,102.3,103.0,99.0,99.8,92132
2023-12-19,103.0,103.0,99.7,100.8,133769
2023-12-20,101.2,105.1,101.2,104.0,186617
2023-12-21,104.0,109.0,104.0,105.0,387009
2023-12-24,104.4,107.5,104.4,106.8,241314
2023-12-26,108.0,111.1,106.8,108.8,514162
2023-12-27,109.0,115.5,108.1,114.6,1242180
2023-12-28,115.0,120.0,114.0,119.0,2199448
2024-01-01,119.0,119.8,113.3,116.8,483624
2024-01-02,116.9,119.9,114.1,114.5,435217
2024-01-03,113.0,114.7,111.5,112.6,199229
2024-01-04,112.6,115.9,110.6,115.1,215366
2024-01-08,115.3,119.2,115.3,118.3,280613
2024-01-09,119.0,123.4,118.8,121.7,768520
2024-01-10,122.3,124.5,120.3,123.1,583417
2024-01-11,123.1,131.7,121.3,129.7,921110
2024-01-14,130.0,136.0,130.0,131.9,2396954
2024-01-15,130.0,133.0,127.9,130.7,519949
2024-01-16,130.5,135.7,126.0,127.7,609154
2024-01-17,128.8,129.6,123.4,124.6,423968
2024-01-18,124.0,127.6,122.8,124.3,420068
2024-01-21,111.9,133.8,111.9,131.1,602155
2024-01-22,131.5,136.3,128.3,135.0,906140
2024-01-23,135.4,139.4,133.5,137.7,857113
2024-01-24,126.0,138.9,126.0,134.9,959435
2024-01-25,132.7,135.7,130.0,131.7,414579
2024-01-28,131.7,142.0,128.3,133.0,1835944
2024-01-29,135.0,135.0,126.1,127.7,189963
2024-01-30,129.7,132.0,128.1,130.1,855011
2024-01-31,129.6,131.7,124.0,128.4,475517
2024-02-01,126.9,129.0,122.6,124.2,314683
2024-02-04,122.2,131.0,121.5,129.4,344866
2024-02-05,129.5,132.7,126.4,127.7,784600
2024-02-06,129.1,129.4,125.0,126.0,168647
2024-02-07,125.7,127.0,122.7,123.6,304711
2024-02-08,123.6,124.9,119.0,120.4,250956
2024-02-11,121.5,123.3,116.0,120.4,393795
2024-02-12,125.8,125.8,120.5,120.9,151648
2024-02-13,122.8,122.8,114.1,115.7,153332
2024-02-14,117.1,119.7,115.6,116.6,83750
2024-02-15,118.7,121.0,117.0,117.8,54565
2024-02-18,119.0,124.9,118.1,123.7,268360
2024-02-19,123.3,125.4,116.8,117.6,110613
2024-02-20,118.2,120.0,115.0,118.4,158307
