Date,Open,High,Low,Close,Volume
2012-10-01,30.6,32.6,29.1,32.2,465500
2012-10-02,33.0,33.5,30.7,31.2,310500
2012-10-03,30.3,31.5,29.6,29.7,326000
2012-10-04,30.9,31.0,28.6,28.8,186500
2012-10-07,29.1,29.9,26.9,27.3,181500
2012-10-08,28.3,28.7,26.4,27.3,138000
2012-10-09,28.5,30.0,28.1,30.0,219000
2012-10-10,30.5,30.8,27.8,28.1,215500
2012-10-11,28.8,29.4,27.5,28.5,262500
2012-10-14,29.0,30.7,28.2,28.5,335500
2012-10-15,29.2,29.2,27.6,27.9,165500
2012-10-16,28.4,28.9,27.5,27.7,193500
2012-10-17,28.0,28.0,27.0,27.2,91000
2012-10-18,28.0,28.2,26.9,27.0,91500
2012-10-21,27.0,27.4,26.1,26.3,87500
2012-10-22,26.4,27.6,26.4,26.7,117500
2012-10-23,27.1,27.9,26.7,27.0,56500
2012-10-30,26.6,27.3,26.6,26.8,50000
2012-10-31,26.9,27.0,26.1,26.4,59000
2012-11-01,27.9,28.0,26.8,27.2,124000
2012-11-04,27.1,27.3,26.0,26.6,165500
2012-11-05,26.4,26.8,26.0,26.1,100000
2012-11-06,26.7,26.9,25.8,25.9,98000
2012-11-07,26.1,26.6,25.0,25.4,96000
2012-11-08,25.5,25.5,24.3,24.8,80000
2012-11-11,24.7,24.7,22.4,23.1,94000
2012-11-12,23.4,24.0,21.8,21.9,81500
2012-11-13,21.4,24.0,21.4,23.9,127500
2012-11-14,23.9,24.4,23.0,23.4,80500
2012-11-15,23.9,25.0,23.5,24.5,125500
2012-11-18,24.7,26.8,24.7,26.0,197500
2012-11-19,25.4,25.4,24.1,24.2,159500
2012-11-20,23.8,24.9,23.6,23.8,87500
2012-11-21,24.5,25.5,24.4,25.3,138500
2012-11-22,25.4,26.5,25.3,26.0,177500
2012-11-26,26.7,26.7,25.0,25.1,114500
2012-11-27,24.4,25.3,24.4,25.0,83000
2012-11-28,25.6,25.9,24.5,25.0,81500
2012-11-29,26.0,27.1,25.6,26.7,228000
2012-12-02,26.6,27.1,24.5,25.2,147500
2012-12-03,25.2,25.3,24.7,24.8,41000
2012-12-04,24.7,25.3,24.4,24.9,31000
2012-12-05,25.0,25.1,24.0,24.3,278000
2012-12-06,24.0,25.4,24.0,24.6,157500
2012-12-09,24.4,24.9,23.9,23.9,94500
2012-12-10,23.8,24.3,23.0,23.2,108500
2012-12-11,23.2,23.6,22.9,23.1,81000
2012-12-12,23.8,23.8,22.8,22.9,117500
2012-12-13,23.2,23.5,22.6,23.1,56000
2012-12-17,23.7,23.7,23.3,23.6,80000
2012-12-18,23.6,23.9,23.0,23.1,76000
2012-12-19,23.4,23.7,23.2,23.4,94500
2012-12-20,24.0,24.7,23.5,23.6,175500
2012-12-23,23.6,24.1,23.3,23.4,46000
2012-12-24,23.3,23.5,23.2,23.2,57500
2012-12-26,23.6,23.6,23.2,23.3,64500
2012-12-27,23.2,23.9,23.2,23.7,121000
2012-12-30,24.0,24.4,23.7,24.0,120000
2013-01-01,24.6,24.6,23.9,24.0,117000
2013-01-02,24.0,24.0,23.5,23.5,73500
2013-01-03,23.5,24.3,23.5,23.9,83000
2013-01-06,23.8,23.9,23.4,23.5,56500
2013-01-07,23.4,23.5,23.1,23.2,40500
2013-01-08,23.4,23.6,23.3,23.3,59500
2013-01-09,23.2,23.7,23.0,23.2,115500
2013-01-10,23.2,23.3,23.0,23.1,52000
2013-01-13,23.1,23.5,23.0,23.1,37500
2013-01-14,23.1,23.1,22.9,22.9,76500
2013-01-15,22.8,23.0,22.7,22.9,38000
2013-01-16,23.0,23.3,22.9,23.0,50500
2013-01-17,22.9,23.2,22.9,23.0,51500
2013-01-20,23.0,23.0,22.3,22.5,74000
2013-01-21,22.3,22.6,22.3,22.3,19500
2013-01-22,22.8,23.0,22.4,22.6,50000
2013-01-23,23.0,23.3,22.9,23.0,118000
2013-01-24,23.3,24.2,23.3,23.7,157000
2013-01-27,23.9,24.0,23.0,23.0,118500
2013-01-28,23.6,23.7,23.0,23.3,63000
2013-01-29,23.6,24.5,23.4,24.2,242500
2013-01-30,24.4,24.7,23.6,23.8,154500
2013-01-31,24.2,25.1,24.1,24.9,254500
2013-02-03,24.9,25.8,24.4,25.4,185000
2013-02-04,25.5,25.9,24.6,24.8,143000
2013-02-05,24.7,25.1,24.3,24.4,124000
2013-02-06,24.5,25.0,24.3,24.4,117500
2013-02-07,24.4,24.5,24.0,24.0,134000
2013-02-10,24.7,24.8,24.1,24.6,162500
2013-02-11,24.7,25.2,24.7,24.7,136000
2013-02-12,24.8,25.3,24.3,24.3,178500
2013-02-13,24.7,25.0,24.4,24.7,215500
2013-02-14,25.4,27.1,25.4,27.1,871000
2013-02-17,27.6,27.7,26.7,26.8,204500
2013-02-18,27.1,29.3,26.8,28.6,339500
2013-02-19,28.6,28.7,27.1,27.2,240000
2013-02-20,27.5,27.5,26.5,26.6,206500
2013-02-24,26.1,26.5,25.3,25.4,277500
2013-02-25,26.5,26.5,24.8,25.3,141000
2013-02-26,26.5,26.8,25.6,26.6,127500
2013-02-27,26.5,27.7,25.5,26.0,487500
2013-02-28,26.8,27.0,25.8,26.7,197500
2013-03-03,25.8,26.0,24.2,24.4,121500
2013-03-04,25.0,25.6,24.9,25.2,160500
2013-03-05,25.3,25.3,24.0,24.5,105500
2013-03-06,24.7,24.7,23.6,23.6,140000
2013-03-07,23.4,23.4,22.4,22.6,205000
2013-03-10,22.9,23.2,22.1,22.1,68000
2013-03-11,21.4,22.4,21.4,22.2,60500
2013-03-12,21.6,22.3,21.6,21.9,55000
2013-03-13,22.5,23.0,22.4,22.8,53500
2013-03-14,22.9,23.4,22.7,22.8,106000
2013-03-18,22.3,22.8,22.2,22.6,29500
2013-03-19,23.0,23.0,22.7,22.7,51000
2013-03-20,22.7,22.7,22.1,22.1,73000
2013-03-24,22.0,22.0,21.5,21.5,31500
2013-03-25,21.8,21.8,21.0,21.1,39500
2013-03-27,21.2,21.3,20.2,20.3,127500
2013-03-28,21.0,21.0,20.6,20.8,26000
2013-03-31,20.1,20.7,20.0,20.1,47500
2013-04-01,19.3,19.3,18.3,18.6,62500
2013-04-02,18.8,19.2,18.6,18.8,26000
2013-04-03,19.4,20.4,19.4,20.0,62500
2013-04-04,19.4,19.5,19.0,19.1,57500
2013-04-07,18.8,19.3,18.8,19.0,7000
2013-04-08,18.9,20.6,18.9,20.2,65000
2013-04-09,21.0,21.7,21.0,21.6,72500
2013-04-10,22.1,22.7,21.0,21.2,152000
2013-04-11,21.0,21.5,20.7,21.1,71500
2013-04-15,21.9,23.0,21.9,22.7,75000
2013-04-16,22.5,22.8,21.1,21.3,80500
2013-04-17,21.4,21.8,21.0,21.5,36500
2013-04-18,22.2,22.8,22.0,22.3,111500
2013-04-21,22.5,22.6,21.7,21.9,75000
2013-04-22,21.8,21.9,21.5,21.7,40000
2013-04-23,21.9,22.0,21.5,21.5,62000
2013-04-24,21.9,23.2,21.9,22.3,194500
2013-04-25,22.8,22.9,21.9,22.0,68500
2013-04-28,21.1,21.2,20.1,20.3,76000
2013-04-29,20.0,20.4,19.1,19.7,102000
2013-04-30,20.6,21.3,19.9,20.0,102000
2013-05-02,19.7,21.3,19.7,20.6,62500
2013-05-05,20.3,21.0,20.1,20.3,54000
2013-05-06,20.0,20.3,19.9,20.0,35000
2013-05-07,20.6,21.0,20.3,20.4,112000
2013-05-08,20.7,21.0,20.2,20.3,37500
2013-05-09,20.3,21.3,19.9,20.7,140500
2013-05-12,20.6,22.7,20.6,22.5,301500
2013-05-13,22.3,22.6,21.7,22.1,175500
2013-05-14,21.8,22.8,21.8,22.5,462500
2013-05-16,20.7,22.4,20.7,22.3,489500
2013-05-19,24.2,24.2,22.5,23.0,327000
2013-05-20,22.6,23.0,21.8,21.8,165500
2013-05-21,21.7,22.1,21.0,21.0,153000
2013-05-22,20.5,21.0,19.8,20.0,117000
2013-05-26,20.9,20.9,19.2,19.3,88500
2013-05-27,20.3,21.0,19.4,20.4,68000
2013-05-28,21.0,21.0,20.1,20.4,58000
2013-05-29,21.0,21.0,20.6,20.8,161000
2013-05-30,21.3,22.8,21.0,22.3,409500
2013-06-02,22.8,23.9,22.5,23.6,233000
2013-06-03,23.7,23.7,22.3,22.8,304500
2013-06-04,22.9,23.1,22.3,22.4,351000
2013-06-05,22.5,22.8,22.4,22.4,190000
2013-06-06,22.7,22.7,21.5,21.7,246000
2013-06-09,21.1,21.8,20.2,20.7,203000
2013-06-10,21.1,21.9,21.1,21.6,196000
2013-06-11,21.8,22.0,21.2,21.4,157000
2013-06-12,21.8,22.4,21.2,21.3,310000
2013-06-13,21.2,21.9,21.0,21.1,162000
2013-06-16,21.7,21.8,21.2,21.6,223500
2013-06-17,22.0,22.5,21.5,21.5,294500
2013-06-18,22.3,22.3,20.8,21.0,226500
2013-06-19,21.3,21.3,20.6,20.6,312500
2013-06-20,20.5,21.0,19.9,20.0,187500
2013-06-23,20.2,20.5,19.4,19.4,137000
2013-06-24,19.2,19.5,18.9,18.9,125500
2013-06-26,19.8,20.0,19.0,19.3,140500
2013-06-27,19.1,19.2,18.7,18.9,84500
2013-06-30,17.2,18.7,17.2,17.9,137500
2013-07-02,18.8,19.6,18.8,19.6,99000
2013-07-03,20.9,21.0,19.4,19.5,152500
2013-07-04,19.5,20.9,19.3,20.3,203500
2013-07-07,20.7,21.0,20.3,20.5,314500
2013-07-08,20.9,20.9,19.8,20.0,269500
2013-07-09,20.0,20.2,19.1,19.3,255000
2013-07-10,19.1,20.0,18.8,18.9,142000
2013-07-11,19.0,19.0,18.2,18.3,131000
2013-07-14,18.8,18.8,18.1,18.1,66500
2013-07-15,18.3,18.4,17.6,17.8,130000
2013-07-16,18.2,18.7,17.9,18.0,164000
2013-07-17,18.0,18.5,17.6,17.6,208500
2013-07-18,17.8,19.0,17.8,18.3,321000
2013-07-21,19.3,19.3,17.9,18.0,169000
2013-07-22,17.8,18.2,17.7,17.7,89500
2013-07-23,17.5,18.0,17.2,17.4,119500
2013-07-24,17.4,18.1,17.3,17.7,102000
2013-07-25,17.5,17.5,17.3,17.3,105000
2013-07-28,17.0,17.5,17.0,17.2,46500
2013-07-29,17.2,18.0,17.2,17.7,110500
2013-07-30,17.6,17.8,17.3,17.4,45000
2013-07-31,17.3,17.4,17.0,17.0,79500
2013-08-01,17.1,17.2,17.0,17.0,58500
2013-08-04,17.7,17.7,16.2,16.5,61000
2013-08-05,16.7,17.0,16.4,16.8,28000
2013-08-12,16.6,17.0,16.6,16.9,24500
2013-08-13,17.1,17.9,17.1,17.6,48000
2013-08-14,17.5,17.9,17.4,17.7,87000
2013-08-18,17.9,19.0,17.8,18.9,257000
2013-08-19,18.8,19.1,18.6,18.7,140500
2013-08-20,19.2,19.2,18.3,18.5,177000
2013-08-21,18.5,19.4,18.5,19.2,253500
2013-08-22,19.5,21.1,19.5,20.9,970500
2013-08-25,22.2,22.7,21.0,21.2,702000
2013-08-26,21.5,22.9,21.2,22.0,789000
2013-08-27,22.5,24.2,22.5,24.2,824500
2013-08-29,25.0,26.4,23.1,25.5,1038500
2013-09-01,25.1,26.9,24.5,24.9,804000
2013-09-02,25.1,25.1,23.5,23.7,612500
2013-09-03,23.9,24.9,23.9,24.7,350000
2013-09-04,25.1,25.8,24.2,24.4,314000
2013-09-05,24.2,24.7,23.7,23.8,298000
2013-09-08,24.0,24.2,23.0,23.1,195000
2013-09-09,23.2,24.5,23.1,23.9,232500
2013-09-10,24.8,25.1,23.8,24.2,338000
2013-09-11,24.3,24.4,22.6,23.0,397500
2013-09-12,24.6,24.6,22.5,22.7,276000
2013-09-15,24.2,24.9,23.3,24.9,453000
2013-09-16,26.0,27.3,25.3,27.2,1750500
2013-09-17,27.5,29.9,27.2,29.9,1018000
2013-09-18,29.9,32.7,27.4,28.9,1322500
2013-09-19,27.6,29.0,26.5,26.8,853000
2013-09-22,27.5,29.4,27.5,29.4,1194500
2013-09-23,29.5,32.2,29.5,30.6,692500
2013-09-24,30.6,31.6,28.8,29.2,623000
2013-09-25,28.4,28.4,26.5,27.2,315500
2013-09-26,27.7,29.9,27.4,29.8,433000
2013-09-29,29.6,30.5,27.0,27.4,363500
2013-09-30,26.5,28.5,26.5,27.6,265500
2013-10-01,27.9,28.0,26.7,26.8,124500
2013-10-02,27.0,28.2,26.3,26.9,344500
2013-10-03,27.0,27.8,26.2,26.4,259500
2013-10-06,26.6,26.6,24.1,24.7,249500
2013-10-07,24.9,25.2,23.9,24.7,269000
2013-10-08,25.5,25.6,23.5,23.7,176500
2013-10-09,24.7,24.7,23.2,23.4,124500
2013-10-10,23.5,23.7,22.8,22.9,131500
2013-10-20,22.5,22.6,20.9,21.1,84000
2013-10-21,20.7,22.0,19.9,21.8,120000
2013-10-22,22.5,23.3,22.4,23.0,235500
2013-10-23,23.5,24.5,22.9,23.4,461500
2013-10-24,22.5,23.5,22.5,22.7,110500
2013-10-27,23.0,23.9,22.7,23.6,103000
2013-10-28,23.9,24.7,23.0,23.1,200500
2013-10-29,22.9,23.3,22.3,22.5,150500
2013-10-30,23.0,24.2,22.7,22.9,154500
2013-10-31,22.8,23.1,22.6,22.9,82000
2013-11-03,23.2,24.5,23.2,24.1,262500
2013-11-04,24.4,24.8,24.2,24.4,331500
2013-11-05,24.7,24.9,23.7,23.7,211000
2013-11-06,23.8,23.8,22.8,22.9,342000
2013-11-07,23.2,23.5,22.7,22.8,332000
2013-11-10,23.2,23.4,22.3,22.4,255000
2013-11-11,22.9,24.0,22.6,23.3,278000
2013-11-12,23.7,24.2,23.4,23.7,321500
2013-11-13,24.0,24.9,24.0,24.7,491000
2013-11-14,25.1,25.3,23.9,23.9,383000
2013-11-17,24.0,25.0,23.8,24.9,282000
2013-11-18,25.3,26.2,25.0,25.2,544000
2013-11-19,25.6,25.8,25.0,25.3,394500
2013-11-20,25.4,26.5,25.2,25.7,501500
2013-11-21,25.7,26.5,25.2,25.9,698500
2013-11-24,26.0,26.1,24.9,25.2,324000
2013-11-25,25.3,26.1,25.1,25.9,311500
2013-11-26,25.9,28.1,25.6,26.6,789000
2013-11-27,26.9,27.7,26.2,26.4,377000
2013-11-28,26.6,26.6,25.6,25.6,200000
2013-12-01,25.7,25.7,24.6,24.8,145000
2013-12-02,25.4,25.5,24.5,25.1,223000
2013-12-03,25.5,25.8,25.0,25.6,131500
2013-12-04,27.2,27.2,25.4,25.5,176500
2013-12-05,25.7,26.5,25.6,26.1,320000
2013-12-08,26.5,28.2,26.5,27.9,1071000
2013-12-09,28.7,28.7,27.2,27.4,698000
2013-12-10,27.3,30.1,27.3,28.8,954000
2013-12-11,29.0,31.2,28.5,30.5,1640000
2013-12-12,30.3,30.5,28.8,29.3,868500
2013-12-15,29.3,31.5,29.3,30.0,920500
2013-12-17,31.0,32.4,30.3,31.2,1169500
2013-12-18,31.5,31.6,29.2,29.8,798000
2013-12-19,30.0,32.5,29.7,32.1,1084500
2013-12-22,33.0,34.7,32.2,32.6,1315000
2013-12-23,32.7,32.9,30.7,31.3,718000
2013-12-24,31.2,32.5,31.0,31.3,422500
2013-12-26,31.6,31.7,30.3,30.5,314000
2013-12-29,30.0,30.8,29.3,29.6,319500
2013-12-30,30.5,30.9,29.9,30.4,249000
2014-01-01,30.8,31.5,29.4,29.7,256500
2014-01-02,29.8,30.3,29.3,29.4,452500
2014-01-06,30.0,30.3,29.0,29.1,206500
2014-01-07,29.6,30.2,29.0,29.8,359000
2014-01-08,30.4,30.8,29.8,30.0,364000
2014-01-09,30.9,31.0,30.1,30.5,352000
2014-01-12,30.8,31.2,29.9,30.0,422000
2014-01-13,30.4,30.4,29.5,29.7,394000
2014-01-15,30.1,30.6,29.8,30.2,491000
2014-01-16,30.2,30.2,29.5,29.5,375500
2014-01-19,29.7,30.4,29.4,29.4,291500
2014-01-20,29.8,30.0,29.4,29.6,188000
2014-01-21,30.0,30.0,29.1,29.3,400000
2014-01-22,29.7,30.2,29.2,29.9,272000
2014-01-23,30.2,30.2,29.4,29.5,270000
2014-01-26,29.9,30.2,29.3,29.4,186000
2014-01-27,29.9,29.9,29.3,29.3,166000
2014-01-28,29.6,29.7,28.9,28.9,297500
2014-01-29,29.4,29.9,29.1,29.5,152000
2014-01-30,30.0,30.0,29.5,29.7,357500
2014-02-02,29.9,30.0,29.4,29.4,202500
2014-02-03,29.5,29.9,29.2,29.3,439500
2014-02-04,29.5,31.0,29.4,30.7,1010500
2014-02-05,31.3,31.3,30.2,30.5,443000
2014-02-06,30.1,30.4,29.3,29.5,285000
2014-02-09,29.8,29.8,28.7,28.8,203000
2014-02-10,28.8,29.1,28.3,28.4,180000
2014-02-11,28.3,28.7,27.9,28.0,199500
2014-02-12,28.1,28.9,28.1,28.6,197000
2014-02-13,28.7,28.7,27.9,28.0,173000
2014-02-16,28.1,28.1,27.1,27.2,188000
2014-02-17,27.1,27.4,26.7,26.9,61000
2014-02-18,27.2,27.2,26.7,26.8,67500
2014-02-19,27.2,27.8,26.9,27.4,107000
2014-02-20,27.8,28.6,27.8,28.1,139500
2014-02-23,28.0,28.6,27.6,27.8,81500
2014-02-24,28.0,29.0,28.0,28.5,114500
2014-02-25,28.6,28.6,27.6,27.7,96000
2014-02-26,27.7,28.3,27.5,27.8,97000
2014-02-27,27.8,28.6,27.0,27.2,167500
2014-03-02,27.9,27.9,26.6,26.7,63000
2014-03-03,28.8,28.8,26.2,26.3,120500
2014-03-04,26.5,27.5,26.5,27.1,77000
2014-03-05,27.4,27.6,26.7,27.0,75000
2014-03-06,27.5,27.5,26.8,27.0,88500
2014-03-09,27.1,27.4,26.0,27.0,237000
2014-03-10,29.0,30.8,28.4,30.5,1885000
2014-03-11,31.0,31.0,29.3,29.9,510500
2014-03-12,29.9,30.0,28.7,29.1,414500
2014-03-13,29.4,30.6,28.6,29.9,822000
2014-03-16,30.0,30.0,28.5,28.7,175500
2014-03-18,28.5,29.0,27.8,28.0,258500
2014-03-19,28.3,28.5,27.3,27.8,296000
2014-03-23,25.0,26.4,24.9,25.0,223500
2014-03-24,25.0,25.0,24.4,24.4,70500
2014-03-25,24.5,25.0,24.4,24.4,89500
2014-03-27,24.5,24.5,23.7,24.0,79000
2014-03-30,24.0,25.9,24.0,25.5,129000
2014-03-31,25.9,26.9,25.3,26.0,208000
2014-04-01,26.4,26.7,25.5,26.0,162000
2014-04-02,26.6,26.6,25.2,25.4,196500
2014-04-03,25.6,25.6,24.9,25.1,118500
2014-04-06,25.0,26.5,24.6,24.8,1221000
2014-04-07,25.6,26.0,24.3,24.4,533000
2014-04-08,25.0,25.0,23.5,23.6,165500
2014-04-09,24.8,24.8,23.6,24.1,201500
2014-04-10,24.3,24.3,23.7,23.7,88500
2014-04-13,24.0,24.2,23.6,24.0,77000
2014-04-15,24.6,24.6,23.4,23.4,71500
2014-04-16,23.5,23.5,22.3,22.4,110500
2014-04-17,22.4,23.3,22.4,22.9,102000
2014-04-20,23.5,23.8,23.2,23.3,61000
2014-04-21,23.6,23.6,22.6,22.8,69000
2014-04-22,23.2,23.4,23.0,23.1,75000
2014-04-23,23.1,23.4,22.7,22.7,59500
2014-04-24,23.0,23.2,22.5,22.5,87000
2014-04-27,22.8,22.9,22.2,22.2,65000
2014-04-28,22.1,22.1,21.3,21.4,98500
2014-04-29,20.7,21.2,20.5,20.6,67500
2014-04-30,20.5,20.5,20.1,20.3,35000
2014-05-04,21.6,21.6,19.8,20.3,58500
2014-05-05,21.1,22.2,19.8,21.7,93500
2014-05-06,21.7,23.7,21.6,23.3,225500
2014-05-07,23.2,24.4,23.0,23.5,220000
2014-05-08,22.9,23.0,22.4,22.6,60500
2014-05-11,22.3,22.5,21.9,22.2,73000
2014-05-12,23.8,23.8,22.1,22.4,139000
2014-05-14,23.2,23.2,22.1,22.2,37000
2014-05-15,22.2,22.2,21.5,21.8,130500
2014-05-18,22.0,22.2,21.5,21.6,38000
2014-05-19,21.6,21.8,21.3,21.3,83000
2014-05-20,21.4,21.6,21.3,21.4,25000
2014-05-21,22.5,22.5,21.6,21.8,60000
2014-05-22,22.3,22.3,21.3,21.4,21000
2014-05-25,21.3,21.5,21.1,21.2,73500
2014-05-26,21.7,21.8,21.3,21.4,56500
2014-05-27,21.8,21.8,21.3,21.3,50000
2014-05-28,21.8,21.8,21.2,21.2,57000
2014-05-29,21.3,21.6,20.9,21.3,98500
2014-06-01,21.2,21.7,21.0,21.2,103500
2014-06-02,21.2,21.3,20.5,20.6,87500
2014-06-03,20.4,21.5,20.1,20.9,218500
2014-06-04,21.3,21.3,20.1,20.2,35000
2014-06-05,21.3,21.8,20.6,20.7,130500
2014-06-08,20.9,21.7,20.9,21.4,175000
2014-06-09,21.5,21.8,21.3,21.4,145500
2014-06-10,21.4,21.4,20.7,20.8,129000
2014-06-11,21.1,21.5,20.9,21.0,57000
2014-06-12,21.3,21.5,20.8,20.9,69500
2014-06-15,20.6,20.7,20.2,20.3,46000
2014-06-16,20.2,20.2,19.5,19.7,54500
2014-06-17,19.5,19.5,19.2,19.3,25000
2014-06-18,20.0,20.0,19.1,19.2,19500
2014-06-19,19.4,19.4,18.9,18.9,119000
2014-06-22,18.8,19.5,18.8,19.3,46500
2014-06-23,19.5,19.5,19.1,19.1,31500
2014-06-24,19.0,19.5,19.0,19.1,63000
2014-06-25,19.2,20.8,19.2,20.4,111500
2014-06-26,20.0,21.2,19.8,20.6,134000
2014-06-29,20.7,21.2,20.6,20.7,60500
2014-06-30,20.7,20.7,19.8,20.0,32000
2014-07-02,19.7,20.0,19.5,19.9,40000
2014-07-03,20.7,20.7,20.0,20.0,19500
2014-07-06,20.3,20.3,19.2,19.4,105500
2014-07-07,19.6,19.7,19.2,19.4,27500
2014-07-08,19.3,19.5,19.3,19.3,43500
2014-07-09,19.4,19.7,19.4,19.5,18500
2014-07-10,19.7,19.7,19.4,19.5,26000
2014-07-13,19.3,19.4,19.0,19.1,14000
2014-07-14,19.4,19.7,19.1,19.4,25500
2014-07-15,19.1,19.4,18.9,19.0,32000
2014-07-16,19.0,19.2,19.0,19.0,29500
2014-07-17,19.3,19.7,19.1,19.5,51000
2014-07-20,19.4,19.9,19.4,19.6,65000
2014-07-21,19.7,20.4,19.7,20.0,65000
2014-07-22,19.9,20.4,19.8,19.9,48500
2014-07-23,20.3,20.3,19.7,19.9,117000
2014-07-24,19.7,20.4,19.5,19.9,56000
2014-08-03,19.6,21.4,19.6,21.3,163000
2014-08-04,21.3,21.8,20.9,21.6,206500
2014-08-05,21.1,21.8,21.1,21.5,154500
2014-08-06,21.9,22.0,21.3,21.5,180500
2014-08-07,21.6,21.6,20.8,20.9,196000
2014-08-10,21.0,21.4,20.7,21.0,153500
2014-08-11,22.0,22.0,20.6,20.6,147000
2014-08-12,21.0,21.0,20.2,20.3,177500
2014-08-13,20.3,21.8,20.2,20.9,231500
2014-08-14,21.5,22.0,21.4,21.6,248000
2014-08-18,21.7,23.2,21.3,22.4,542000
2014-08-19,21.4,22.7,21.3,22.0,308000
2014-08-20,21.7,22.0,21.0,21.2,75000
2014-08-21,20.9,21.4,20.8,21.0,186000
2014-08-24,22.2,22.2,20.8,20.9,258000
2014-08-25,20.9,21.6,20.7,21.0,255000
2014-08-26,21.6,21.7,21.1,21.4,382500
2014-08-27,21.9,23.3,21.9,22.6,929500
2014-08-28,23.9,23.9,22.3,23.0,520000
2014-08-31,23.2,24.1,22.7,23.0,699000
2014-09-01,23.0,23.4,22.9,23.0,612500
2014-09-02,23.8,24.6,23.6,23.9,1008000
2014-09-03,24.3,24.5,23.7,24.0,721000
2014-09-04,24.4,25.7,24.0,25.1,1748000
2014-09-07,25.5,26.7,25.4,26.0,1499000
2014-09-08,26.0,26.4,25.3,25.8,904500
2014-09-09,25.9,27.3,25.9,27.0,1304500
2014-09-10,27.5,28.2,26.7,27.9,1057000
2014-09-11,27.6,28.5,27.4,27.9,717000
2014-09-14,28.0,30.2,27.7,30.0,1028500
2014-09-15,30.1,32.9,30.0,32.4,1252000
2014-09-16,31.8,34.2,30.6,31.0,1079500
2014-09-17,31.0,31.9,30.2,31.1,588500
2014-09-18,29.1,32.8,28.2,30.9,1498500
2014-09-21,30.5,31.2,29.6,30.5,781500
2014-09-22,31.0,31.0,27.8,28.1,717000
2014-09-23,29.3,29.3,26.0,26.6,224500
2014-09-24,27.0,29.2,27.0,29.1,463000
2014-09-25,29.6,31.6,29.6,30.3,447500
2014-09-28,30.1,30.8,28.8,29.0,195500
2014-09-29,29.0,29.5,27.5,27.7,184500
2014-09-30,28.6,29.4,27.8,28.1,134000
2014-10-01,29.0,29.5,27.7,28.1,122000
2014-10-02,28.5,29.3,27.5,28.0,229000
2014-10-12,28.1,28.2,26.8,26.8,208000
2014-10-13,27.3,27.9,26.3,26.6,284000
2014-10-14,26.8,27.1,26.5,26.9,110000
2014-10-15,27.5,28.8,27.5,27.9,365000
2014-10-16,28.2,28.2,27.1,27.4,125500
2014-10-19,27.7,27.7,27.0,27.2,162500
2014-10-20,27.5,27.7,26.5,26.7,109000
2014-10-21,27.0,27.9,26.5,27.0,234000
2014-10-22,27.4,28.5,27.4,27.7,162500
2014-10-23,27.9,27.9,26.4,26.6,76000
2014-10-26,26.4,26.4,25.5,25.6,79000
2014-10-27,25.0,26.7,25.0,26.1,61500
2014-10-28,26.1,27.2,24.9,26.4,132500
2014-10-29,25.0,27.4,25.0,26.9,78500
2014-10-30,26.3,28.1,26.3,27.8,175000
2014-11-02,28.2,29.0,26.6,27.0,62500
2014-11-03,27.2,28.1,26.3,26.6,298500
2014-11-05,26.7,27.8,26.4,26.8,147500
2014-11-06,27.4,27.4,26.7,26.8,83000
2014-11-09,26.9,27.2,25.9,26.1,159000
2014-11-10,26.5,27.0,26.2,26.6,86500
2014-11-11,26.2,27.0,25.9,26.6,120000
2014-11-12,27.0,29.2,27.0,28.7,726000
2014-11-13,29.1,31.5,29.0,31.1,1055000
2014-11-16,31.5,31.8,29.5,30.0,507500
2014-11-17,30.5,31.0,27.5,29.1,592000
2014-11-18,29.0,31.6,29.0,31.3,610500
2014-11-19,30.1,31.9,29.3,29.8,422500
2014-11-20,29.5,30.6,29.3,30.2,274500
2014-11-23,29.4,31.0,29.4,29.8,236000
2014-11-24,29.8,30.4,28.8,29.4,137500
2014-11-25,30.5,30.5,29.0,29.6,337000
2014-11-26,30.0,30.0,28.5,29.1,205500
2014-11-27,29.0,30.9,28.5,30.2,299000
2014-11-30,30.1,31.2,29.8,30.8,262000
2014-12-01,30.1,32.3,30.1,31.9,670000
2014-12-02,31.6,33.1,31.6,32.6,373500
2014-12-03,32.8,34.0,32.7,33.2,1182500
2014-12-04,33.7,36.0,33.6,34.6,1377500
2014-12-07,35.4,36.3,33.8,34.9,674000
2014-12-08,34.6,36.7,34.6,35.8,678500
2014-12-09,35.5,36.5,34.8,35.2,707000
2014-12-10,35.2,35.2,33.8,34.3,437000
2014-12-11,33.4,34.6,32.0,32.8,116286
2014-12-14,33.8,34.0,31.7,32.0,155579
2014-12-15,32.3,33.7,32.2,33.4,254187
2014-12-17,34.0,34.5,33.5,34.2,475061
2014-12-18,34.3,34.7,33.3,34.5,407746
2014-12-21,35.0,35.0,32.8,33.1,533384
2014-12-22,32.8,33.8,32.3,32.6,241350
2014-12-23,32.5,33.0,31.0,31.6,164796
2014-12-24,32.0,32.0,29.8,30.2,155753
2014-12-28,31.7,31.7,28.8,30.2,139529
2014-12-29,30.3,31.5,30.2,30.5,120325
2014-12-30,30.0,30.5,27.4,27.8,918546
2015-01-01,26.7,29.3,26.7,29.1,140270
2015-01-05,29.0,29.2,27.9,28.1,122247
2015-01-06,28.7,28.7,27.3,27.6,345428
2015-01-07,28.3,28.9,27.4,28.4,287116
2015-01-08,28.8,28.8,27.6,27.9,232541
2015-01-11,27.9,28.8,27.9,28.3,235734
2015-01-12,28.6,28.7,27.7,27.9,248277
2015-01-13,27.9,28.4,27.7,27.9,294872
2015-01-14,27.5,28.2,27.5,27.8,272323
2015-01-15,27.8,28.7,27.8,28.0,689493
2015-01-18,27.9,28.2,27.2,27.4,154465
2015-01-19,27.2,27.4,25.4,25.7,302214
2015-01-20,25.6,26.9,25.3,25.4,246822
2015-01-21,25.5,25.5,24.0,24.2,202196
2015-01-22,24.2,24.9,23.9,24.1,291585
2015-01-25,23.9,24.0,22.8,23.1,150116
2015-01-26,23.6,23.8,22.0,22.4,176065
2015-01-27,22.7,23.6,22.3,23.3,207821
2015-01-28,24.0,24.0,22.8,23.3,181037
2015-01-29,23.2,23.3,22.8,23.0,227820
2015-02-01,22.5,22.8,21.4,21.8,209547
2015-02-02,21.5,22.0,21.3,21.7,147245
2015-02-03,21.7,22.5,21.5,22.3,120596
2015-02-04,22.2,22.5,21.8,22.3,126533
2015-02-05,21.8,21.9,21.5,21.7,276023
2015-02-08,21.8,22.2,21.8,22.1,99571
2015-02-09,22.3,22.4,21.1,21.3,212209
2015-02-10,21.5,22.1,21.3,21.7,223858
2015-02-11,21.9,22.6,21.8,22.4,251238
2015-02-12,22.5,24.6,22.5,24.6,758976
2015-02-15,25.0,25.0,24.0,24.6,337821
2015-02-16,24.5,25.4,23.6,23.8,445760
2015-02-17,24.0,24.6,23.7,24.4,328521
2015-02-18,24.8,24.8,24.0,24.1,160100
2015-02-19,24.1,24.4,23.0,23.3,459459
2015-02-22,23.1,23.6,22.5,22.9,182584
2015-02-23,23.0,23.9,22.5,23.5,370325
2015-02-24,23.7,23.9,22.5,22.8,314167
2015-02-25,22.9,22.9,21.9,22.2,279987
2015-02-26,22.2,23.0,22.0,22.6,136828
2015-03-01,22.1,22.8,22.0,22.2,170042
2015-03-02,22.1,22.4,21.6,21.8,164190
2015-03-03,21.6,22.0,21.5,21.5,131755
2015-03-04,21.4,21.8,21.3,21.4,156419
2015-03-05,21.4,21.8,21.3,21.4,89718
2015-03-08,22.2,22.2,21.3,21.5,185390
2015-03-09,21.5,22.6,21.5,22.5,245456
2015-03-10,22.0,22.7,21.8,21.9,231284
2015-03-11,22.3,22.3,21.3,21.4,176146
2015-03-12,21.5,21.8,21.3,21.4,128015
2015-03-15,21.2,21.4,20.6,20.8,199125
2015-03-16,21.0,21.4,19.8,20.2,134667
2015-03-18,20.6,20.6,19.6,19.9,67080
2015-03-19,20.3,20.5,20.0,20.3,107874
2015-03-22,20.5,21.0,20.3,20.7,145107
2015-03-23,21.0,21.1,20.4,20.5,149903
2015-03-24,20.8,20.8,19.3,20.0,105915
2015-03-25,19.5,19.9,19.2,19.4,158977
2015-03-29,19.5,20.1,19.5,20.0,166144
2015-03-30,19.9,19.9,19.4,19.5,167132
2015-03-31,19.8,20.0,19.3,19.6,133944
2015-04-01,19.9,20.2,19.4,19.5,131128
2015-04-02,19.6,20.0,19.3,19.7,102781
2015-04-05,19.5,19.6,18.5,18.7,121016
2015-04-06,18.9,19.1,18.2,18.4,116849
2015-04-07,18.5,18.5,17.0,17.1,146522
2015-04-08,16.4,17.9,16.3,17.1,129386
2015-04-09,17.5,17.9,17.2,17.7,146457
2015-04-12,17.8,18.3,17.6,17.7,280342
2015-04-13,18.0,18.3,17.6,17.8,139655
2015-04-15,18.1,19.2,17.8,18.8,348082
2015-04-16,19.4,19.4,18.2,18.8,200864
2015-04-19,19.0,20.6,19.0,20.6,695171
2015-04-20,20.9,20.9,19.1,19.3,288530
2015-04-21,19.1,19.6,18.0,18.6,413354
2015-04-22,19.0,19.0,17.4,17.7,261487
2015-04-23,17.7,18.3,17.4,17.6,153609
2015-04-26,17.5,17.6,16.5,16.7,171640
2015-04-27,17.2,17.4,16.7,17.2,190154
2015-04-29,16.5,17.7,16.5,17.2,78426
2015-04-30,17.0,17.0,16.1,16.6,157964
2015-05-04,16.8,16.8,15.5,15.8,132750
2015-05-05,16.7,16.7,15.8,16.1,102376
2015-05-06,16.2,17.6,16.2,17.5,198465
2015-05-07,17.5,17.9,16.7,16.9,145851
2015-05-10,17.5,17.7,17.1,17.5,462161
2015-05-11,17.9,18.5,17.4,17.9,651226
2015-05-12,18.6,19.4,17.9,19.1,895278
2015-05-13,19.4,19.4,18.8,18.9,727706
2015-05-14,19.1,19.1,18.1,18.2,326727
2015-05-17,18.3,18.3,16.8,17.0,457131
2015-05-19,15.9,16.8,15.3,16.3,881380
2015-05-20,16.4,17.7,16.4,17.6,1168890
2015-05-21,17.5,17.8,17.0,17.0,763401
2015-05-24,17.0,17.5,16.5,16.7,193705
2015-05-25,17.0,17.4,16.5,17.2,944507
2015-05-26,17.4,17.7,17.0,17.1,693426
2015-05-27,17.2,17.3,16.4,16.5,527546
2015-05-28,17.0,17.0,16.1,16.2,340895
2015-05-31,16.6,16.7,16.1,16.3,220319
2015-06-01,16.7,16.7,16.0,16.1,477798
2015-06-02,16.1,16.5,15.9,16.0,229345
2015-06-04,16.3,16.3,15.4,15.9,154656
2015-06-07,16.1,16.3,15.8,15.8,278258
2015-06-08,15.8,15.9,15.0,15.2,195356
2015-06-09,15.4,15.5,15.1,15.3,227289
2015-06-10,15.4,16.2,15.3,16.0,244629
2015-06-11,16.1,16.2,15.4,15.5,178975
2015-06-14,15.2,15.7,15.2,15.2,133445
2015-06-15,15.3,15.5,15.0,15.4,233971
2015-06-16,15.2,16.3,15.2,16.2,368895
2015-06-17,16.8,16.8,16.0,16.6,479398
2015-06-18,16.5,17.3,16.4,16.9,658576
2015-06-21,17.0,17.5,16.8,17.3,470535
2015-06-22,17.5,17.8,17.0,17.1,707551
2015-06-23,17.3,18.3,17.1,17.6,722254
2015-06-24,17.7,19.1,17.7,18.4,1468610
2015-06-25,18.5,18.6,18.1,18.3,645399
2015-06-28,18.5,18.5,17.0,17.2,530157
2015-06-29,17.6,17.6,16.8,17.1,537886
2015-06-30,18.0,18.2,17.4,17.7,777846
2015-07-02,18.0,18.1,17.3,17.9,679745
2015-07-05,18.0,18.7,17.7,18.0,973395
2015-07-06,17.9,18.0,17.4,17.5,363681
2015-07-07,17.5,17.9,17.2,17.3,566994
2015-07-08,17.5,17.7,17.2,17.3,365718
2015-07-09,17.4,17.5,17.2,17.3,283771
2015-07-12,17.5,17.5,16.9,17.0,352636
2015-07-13,17.1,17.4,16.9,17.2,279038
2015-07-14,17.0,17.3,16.9,17.0,189741
2015-07-21,17.1,17.2,17.0,17.2,135129
2015-07-22,17.2,17.3,16.9,17.0,234270
2015-07-23,17.3,17.4,17.0,17.0,353119
2015-07-26,17.5,18.3,17.3,18.2,1225590
2015-07-27,18.0,18.2,17.6,17.7,640901
2015-07-28,17.6,17.8,17.3,17.5,469976
2015-07-29,17.5,18.1,17.5,17.6,556398
2015-07-30,17.6,17.8,17.6,17.7,258860
2015-08-02,17.7,18.0,17.2,17.3,504394
2015-08-03,17.1,17.8,17.0,17.7,442848
2015-08-04,17.9,18.3,17.7,17.8,686127
2015-08-05,17.8,18.0,17.5,17.7,524119
2015-08-06,17.7,18.9,17.7,18.7,1685730
2015-08-09,19.0,20.5,18.9,19.9,1741440
2015-08-10,20.3,20.3,19.0,19.1,961801
2015-08-11,19.3,19.5,18.8,19.3,938737
2015-08-12,19.6,19.8,19.1,19.4,914850
2015-08-13,19.5,20.6,19.5,20.1,1162470
2015-08-16,20.2,21.3,20.1,20.9,1265110
2015-08-17,20.9,22.6,20.9,21.6,1805890
2015-08-18,21.6,22.2,21.0,21.4,1109550
2015-08-19,21.6,22.3,21.5,22.1,874691
2015-08-20,22.2,23.0,21.0,21.4,1012730
2015-08-23,21.5,21.6,20.4,20.7,791452
2015-08-24,20.9,21.2,20.1,20.7,681368
2015-08-25,20.4,21.7,20.4,21.5,792827
2015-08-26,21.1,21.8,20.6,21.1,659134
2015-08-27,21.3,21.3,20.4,20.6,544274
2015-08-30,20.8,20.8,20.0,20.2,408344
2015-08-31,20.2,21.2,20.2,20.7,491369
2015-09-01,21.1,21.1,20.3,20.8,319612
2015-09-02,21.3,21.6,20.8,21.1,637458
2015-09-03,21.5,22.4,20.9,22.3,1275340
2015-09-06,22.8,22.9,21.7,22.2,963122
2015-09-07,22.2,22.5,21.5,21.7,796097
2015-09-08,22.0,22.0,21.2,21.4,416892
2015-09-09,21.5,21.6,20.6,20.8,595310
2015-09-10,21.0,21.6,20.9,21.5,505437
2015-09-13,21.8,22.3,21.5,21.7,761495
2015-09-14,21.9,21.9,20.8,20.9,476835
2015-09-15,21.2,21.2,20.7,20.8,409827
2015-09-16,20.8,21.2,20.6,20.7,337003
2015-09-17,20.8,20.8,20.6,20.7,446279
2015-09-20,20.6,20.8,20.5,20.6,282117
2015-09-21,20.7,20.7,20.2,20.3,307440
2015-09-22,20.5,20.7,20.3,20.5,233762
2015-09-28,20.7,20.7,20.1,20.2,249690
2015-09-29,20.3,20.4,20.1,20.3,230500
2015-09-30,20.2,20.2,20.0,20.1,245105
2015-10-01,20.3,20.3,19.3,19.6,249609
2015-10-04,19.8,19.8,18.7,18.8,172780
2015-10-05,18.8,19.6,18.4,19.3,201844
2015-10-06,19.7,19.7,18.1,18.6,229039
2015-10-07,18.5,18.9,18.4,18.5,178382
2015-10-08,18.7,18.7,18.3,18.6,131515
2015-10-11,18.4,18.4,17.9,18.1,139284
2015-10-12,18.4,18.4,17.6,17.8,162240
2015-10-13,17.6,18.5,17.5,18.2,332315
2015-10-14,18.2,18.4,17.6,17.8,146680
2015-10-15,17.6,18.2,17.6,17.8,141324
2015-10-18,17.6,17.8,17.0,17.1,192226
2015-10-19,17.3,17.3,16.9,17.0,194224
2015-10-20,17.0,17.5,17.0,17.3,110886
2015-10-21,17.1,17.9,17.0,17.7,101881
2015-10-25,17.5,18.2,17.4,18.0,244728
2015-10-26,18.2,18.9,18.1,18.4,272267
2015-10-27,18.6,18.6,17.6,17.7,176007
2015-10-28,17.5,18.5,17.4,18.1,192012
2015-10-29,18.2,18.5,17.5,17.6,140970
2015-11-01,17.2,17.3,16.1,16.3,357531
2015-11-02,16.6,16.7,16.1,16.6,194695
2015-11-03,16.8,16.8,16.4,16.5,110536
2015-11-04,16.7,16.7,16.2,16.3,139292
2015-11-05,16.1,17.1,16.1,16.3,404780
2015-11-08,16.3,16.5,16.2,16.2,161773
2015-11-09,16.6,16.7,16.2,16.3,113547
2015-11-10,16.5,17.0,16.3,16.4,212018
2015-11-11,16.8,16.8,16.3,16.4,149309
2015-11-12,16.7,16.7,16.4,16.6,111993
2015-11-15,16.6,16.6,16.3,16.4,154587
2015-11-16,16.7,16.8,16.4,16.6,249839
2015-11-17,16.7,17.0,16.5,16.9,397273
2015-11-18,17.5,17.5,16.6,17.2,222366
2015-11-19,16.9,17.6,16.9,17.5,251261
2015-11-22,17.7,18.1,17.4,17.8,275631
2015-11-23,18.1,18.1,17.1,17.2,274199
2015-11-24,17.6,17.6,16.6,16.7,255722
2015-11-25,16.8,17.0,16.7,16.9,129840
2015-11-26,17.0,17.0,16.5,16.6,150076
2015-11-29,16.6,16.9,16.4,16.5,162800
2015-11-30,16.4,16.7,16.4,16.5,122648
2015-12-01,16.7,16.9,16.6,16.7,138601
2015-12-02,16.9,16.9,16.4,16.5,202639
2015-12-03,16.7,16.7,16.1,16.3,483400
2015-12-06,16.4,16.8,16.3,16.4,222400
2015-12-07,16.6,16.7,16.5,16.5,351716
2015-12-08,16.5,16.7,16.4,16.4,124190
2015-12-09,16.5,16.5,16.3,16.4,151241
2015-12-10,16.5,16.5,16.3,16.4,109710
2015-12-13,16.5,16.5,16.2,16.3,60146
2015-12-14,16.1,16.3,15.9,16.0,139091
2015-12-15,16.1,16.1,15.9,16.0,99470
2015-12-17,15.8,16.2,15.8,16.0,41393
2015-12-20,16.0,16.1,15.8,15.8,90559
2015-12-21,16.0,16.2,15.9,16.0,113913
2015-12-22,16.2,16.3,15.9,16.2,131394
2015-12-23,16.2,16.4,16.0,16.2,130529
2015-12-24,16.4,17.2,16.3,16.8,457014
2015-12-27,17.0,17.4,16.8,17.1,761701
2015-12-28,17.3,17.9,17.2,17.6,846594
2015-12-29,17.7,18.4,17.7,17.9,763887
2015-12-30,17.9,18.0,17.6,17.7,443990
2015-12-31,17.8,17.8,17.2,17.3,359498
2016-01-03,17.4,17.6,17.2,17.3,340857
2016-01-04,17.4,17.5,16.9,17.0,288053
2016-01-05,17.3,17.5,16.9,17.3,370989
2016-01-06,17.4,18.3,17.4,18.0,742467
2016-01-07,18.2,18.2,17.7,17.9,453810
2016-01-10,18.2,19.0,17.9,18.6,882470
2016-01-11,18.9,19.1,18.1,18.2,533273
2016-01-12,18.2,19.0,18.0,18.8,598298
2016-01-13,19.0,19.4,18.8,19.3,865831
2016-01-14,19.5,19.6,18.4,18.8,788521
2016-01-17,18.8,18.8,18.3,18.4,296486
2016-01-18,18.7,19.8,18.7,19.5,871493
2016-01-19,19.6,19.9,18.9,19.1,651683
2016-01-20,19.0,20.6,19.0,19.7,1230260
2016-01-21,19.7,19.8,19.2,19.3,341041
2016-01-24,19.2,19.8,19.0,19.4,392866
2016-01-25,19.6,19.8,18.6,18.9,422078
2016-01-26,19.0,19.0,18.1,18.2,345671
2016-01-27,17.9,18.5,17.9,18.1,201709
2016-01-28,18.6,18.6,18.0,18.1,186800
2016-01-31,18.5,18.5,17.1,17.2,316425
2016-02-01,17.2,17.9,17.1,17.4,133018
2016-02-02,17.6,17.8,17.0,17.2,241959
2016-02-03,17.3,17.3,16.5,16.7,251028
2016-02-04,16.8,17.2,16.6,16.8,145919
2016-02-07,16.9,16.9,16.5,16.5,160772
2016-02-08,16.9,16.9,16.5,16.6,88107
2016-02-09,16.5,17.4,16.4,17.2,159406
2016-02-10,17.2,17.4,16.9,17.0,136343
2016-02-11,17.0,17.2,16.8,17.0,166195
2016-02-14,17.3,17.4,16.7,16.8,215886
2016-02-15,17.0,17.0,16.5,16.6,213193
2016-02-16,17.0,17.0,16.8,16.9,133078
2016-02-17,17.1,17.5,17.0,17.1,162157
2016-02-18,17.3,17.3,16.8,16.9,106237
2016-02-22,16.8,17.3,16.8,17.2,154426
2016-02-23,17.3,18.0,17.3,17.8,363472
2016-02-24,17.9,18.7,17.7,18.0,511954
2016-02-25,17.8,18.0,17.2,17.4,186469
2016-02-28,17.5,17.9,17.3,17.5,171557
2016-02-29,17.7,17.9,17.1,17.2,219379
2016-03-01,17.5,17.6,17.0,17.2,171876
2016-03-02,17.3,17.5,16.7,16.9,231233
2016-03-03,17.0,17.0,16.6,16.7,99783
2016-03-06,16.8,16.8,16.5,16.7,53211
2016-03-07,16.7,17.6,16.7,17.2,243197
2016-03-08,17.4,17.5,17.0,17.1,145630
2016-03-09,17.4,17.4,16.8,16.9,226309
2016-03-10,17.0,17.2,16.9,17.2,204736
2016-03-13,17.0,17.2,16.9,16.9,106186
2016-03-14,17.0,17.1,16.8,16.9,130828
2016-03-15,17.1,17.3,17.0,17.1,170424
2016-03-16,17.1,17.2,16.9,17.1,262971
2016-03-20,17.1,17.1,16.8,17.0,139680
2016-03-21,17.2,17.3,17.0,17.3,152657
2016-03-22,17.3,17.3,16.9,17.0,75077
2016-03-23,17.0,17.0,16.7,16.8,201581
2016-03-24,17.1,17.1,16.7,16.8,121876
2016-03-27,16.7,16.7,16.5,16.6,133786
2016-03-28,16.6,16.6,16.5,16.5,119334
2016-03-29,16.7,16.7,16.3,16.5,202820
2016-03-30,16.4,16.8,16.4,16.7,97505
2016-03-31,16.7,16.8,16.5,16.7,66467
2016-04-03,16.7,16.8,16.6,16.6,125048
2016-04-04,16.7,16.7,16.6,16.7,90598
2016-04-05,16.7,16.7,16.6,16.6,43135
2016-04-06,16.6,16.6,16.4,16.5,130400
2016-04-07,16.8,16.8,16.2,16.5,154690
2016-04-10,16.5,16.5,16.0,16.0,158528
2016-04-11,16.2,16.3,15.6,15.8,114089
2016-04-12,15.9,16.0,15.4,15.5,110695
2016-04-13,15.6,17.0,15.6,16.6,563746
2016-04-17,16.8,17.3,16.4,16.5,423092
2016-04-18,16.5,17.0,15.9,16.2,314562
2016-04-19,16.5,16.5,15.7,15.9,73507
2016-04-20,16.0,16.3,15.5,15.6,113957
2016-04-21,15.6,15.7,15.0,15.1,130334
2016-04-24,15.1,15.8,15.1,15.6,110310
2016-04-25,15.9,16.3,15.6,15.7,234052
2016-04-26,15.6,15.8,15.0,15.2,136805
2016-04-27,14.0,14.8,11.1,11.2,705108
2016-04-28,10.7,11.2,10.4,10.9,250905
2016-05-02,10.7,11.9,10.6,11.6,219220
2016-05-03,11.6,12.0,11.4,11.7,205196
2016-05-04,11.6,11.6,11.0,11.1,161553
2016-05-05,11.2,11.3,10.9,11.0,157568
2016-05-08,11.2,12.0,11.0,11.6,203755
2016-05-09,11.5,11.5,10.9,11.1,129915
2016-05-10,11.2,11.2,11.0,11.1,63156
2016-05-11,11.0,11.3,11.0,11.2,64245
2016-05-12,11.4,11.4,11.1,11.2,82997
2016-05-15,10.9,11.1,10.8,10.9,96909
2016-05-16,10.9,11.1,10.9,10.9,59045
2016-05-17,11.0,11.1,10.9,11.0,128380
2016-05-19,11.0,11.7,11.0,11.4,232287
2016-05-22,11.4,11.7,11.3,11.7,335985
2016-05-24,11.9,11.9,11.5,11.5,184094
2016-05-25,11.6,11.8,11.4,11.6,118917
2016-05-26,11.5,12.4,11.5,12.3,357376
2016-05-29,12.3,12.9,12.3,12.7,302955
2016-05-30,12.9,13.2,12.4,12.5,401723
2016-05-31,12.5,12.7,12.1,12.2,184315
2016-06-01,12.3,12.8,12.3,12.7,308372
2016-06-02,12.7,13.7,12.7,13.4,685759
2016-06-05,13.4,13.4,12.3,12.6,148188
2016-06-06,12.3,12.9,12.3,12.8,195350
2016-06-07,12.5,13.3,12.3,12.7,194423
2016-06-08,12.6,13.5,12.6,13.3,285302
2016-06-09,13.5,13.7,13.0,13.1,154772
2016-06-12,13.0,13.0,12.5,12.6,293550
2016-06-13,12.9,12.9,12.6,12.7,68846
2016-06-14,12.7,13.1,12.7,12.9,88497
2016-06-15,12.7,13.0,12.5,12.6,127275
2016-06-16,12.7,12.8,12.5,12.6,117327
2016-06-19,12.7,12.8,12.3,12.4,71350
2016-06-20,12.8,12.8,12.3,12.4,73818
2016-06-21,12.3,12.7,12.3,12.5,94382
2016-06-22,12.7,13.3,12.7,13.0,421690
2016-06-23,13.1,13.1,12.7,12.8,95975
2016-06-26,12.5,12.8,12.4,12.5,171940
2016-06-27,12.8,12.8,12.4,12.5,111036
2016-06-28,12.7,12.7,12.5,12.6,114751
2016-06-29,12.7,12.7,12.4,12.5,66218
2016-06-30,12.6,12.7,12.5,12.5,108680
2016-07-10,12.3,12.4,12.2,12.3,43438
2016-07-11,12.5,12.5,12.2,12.2,142499
2016-07-12,12.3,12.5,12.2,12.3,117000
2016-07-13,12.5,12.5,12.3,12.3,92608
2016-07-14,12.4,12.5,12.3,12.3,92480
2016-07-16,12.3,12.4,12.2,12.3,41691
2016-07-17,12.3,12.4,12.2,12.3,64362
2016-07-18,12.3,12.3,12.1,12.1,79950
2016-07-19,12.2,12.3,11.9,12.0,90233
2016-07-20,12.0,12.1,11.9,12.0,32705
2016-07-21,11.9,12.1,11.8,11.8,62327
2016-07-24,11.7,11.8,11.6,11.7,40946
2016-07-25,11.6,11.6,11.4,11.5,32032
2016-07-26,11.5,11.5,11.4,11.4,24194
2016-07-27,11.4,11.8,11.4,11.7,105385
2016-07-28,11.8,12.0,11.7,11.9,144288
2016-07-31,12.0,12.0,11.6,11.6,39507
2016-08-01,11.6,11.7,11.5,11.5,105191
2016-08-02,11.5,11.9,11.5,11.7,88164
2016-08-03,11.7,12.2,11.7,12.0,157476
2016-08-04,12.0,12.0,11.7,11.7,87244
2016-08-07,11.6,11.7,11.5,11.5,87967
2016-08-08,11.5,11.6,11.4,11.5,85100
2016-08-09,11.5,11.8,11.4,11.6,88063
2016-08-10,11.6,11.6,11.4,11.5,65587
2016-08-11,11.4,12.1,11.4,11.9,260600
2016-08-14,12.0,12.1,11.7,11.8,91234
2016-08-16,11.9,12.2,11.9,12.0,176076
2016-08-17,11.9,12.0,11.5,11.7,110722
2016-08-18,11.7,11.9,11.6,11.7,182971
2016-08-21,11.9,11.9,11.6,11.7,122053
2016-08-22,11.7,11.8,11.5,11.6,51775
2016-08-23,11.6,11.7,11.5,11.5,79462
2016-08-24,11.6,11.6,11.4,11.5,86618
2016-08-28,11.3,11.5,11.1,11.2,133734
2016-08-29,11.2,11.4,11.0,11.2,108998
2016-08-30,11.4,11.5,11.2,11.3,58414
2016-08-31,11.3,11.3,11.1,11.2,81811
2016-09-01,11.2,11.4,11.1,11.3,38547
2016-09-04,11.2,11.4,11.2,11.3,45915
2016-09-05,11.4,11.9,11.4,11.8,314753
2016-09-06,11.6,11.7,11.5,11.5,88000
2016-09-07,11.6,11.8,11.5,11.7,71925
2016-09-08,11.8,12.1,11.6,11.7,182727
2016-09-18,11.7,11.8,11.6,11.6,106733
2016-09-19,11.7,11.7,11.4,11.5,104958
2016-09-20,11.5,11.7,11.5,11.5,43790
2016-09-21,11.5,11.6,11.4,11.5,70689
2016-09-22,11.5,11.8,11.4,11.7,196050
2016-09-24,11.8,11.8,11.6,11.7,153878
2016-09-25,11.8,12.3,11.8,12.3,643243
2016-09-26,12.3,12.4,12.0,12.1,356966
2016-09-27,12.1,12.3,11.8,12.0,235790
2016-09-28,11.9,12.2,11.6,12.0,220570
2016-09-29,12.4,12.5,12.0,12.3,460381
2016-10-02,12.5,13.1,12.4,12.9,587339
2016-10-03,13.0,13.0,12.7,12.7,338484
2016-10-04,12.7,13.3,12.7,12.9,645046
2016-10-05,13.0,13.0,12.6,12.7,200404
2016-10-06,12.7,12.8,12.5,12.7,312543
2016-10-09,12.8,13.0,12.6,12.7,450936
2016-10-10,12.7,12.8,12.4,12.5,192736
2016-10-13,12.6,12.6,12.3,12.4,202550
2016-10-16,12.5,12.5,12.2,12.3,152415
2016-10-17,12.2,12.2,11.8,12.0,222854
2016-10-18,11.9,12.2,11.8,12.1,241897
2016-10-19,12.1,12.2,11.9,12.0,125360
2016-10-20,12.0,12.2,12.0,12.2,138813
2016-10-23,12.4,12.7,12.2,12.6,351519
2016-10-24,12.7,12.7,12.1,12.2,149675
2016-10-25,12.2,12.2,11.9,12.0,169015
2016-10-26,11.9,12.0,11.3,11.4,408121
2016-10-27,11.3,11.4,11.2,11.2,172528
2016-10-30,10.1,11.0,10.1,10.9,57522
2016-10-31,11.2,11.3,10.9,11.0,56984
2016-11-01,10.9,11.5,10.9,11.3,197300
2016-11-02,11.3,11.5,11.2,11.3,167019
2016-11-03,11.4,11.5,11.3,11.4,135331
2016-11-06,11.5,11.5,11.2,11.4,61205
2016-11-07,11.3,11.7,11.3,11.5,209174
2016-11-08,11.4,11.5,11.3,11.4,71570
2016-11-09,11.4,11.4,11.0,11.0,153148
2016-11-10,11.2,11.2,10.7,10.8,174335
2016-11-13,11.0,11.0,10.6,10.7,175636
2016-11-14,10.5,10.7,10.4,10.5,83465
2016-11-15,10.7,11.5,10.7,11.4,187880
2016-11-16,11.5,11.5,11.0,11.5,266431
2016-11-17,11.6,11.6,11.2,11.3,89759
2016-11-20,11.2,11.5,11.2,11.4,120511
2016-11-21,11.3,11.5,11.2,11.3,252378
2016-11-22,11.4,12.1,11.4,11.9,696111
2016-11-23,12.0,12.0,11.7,11.8,360187
2016-11-24,12.0,12.5,12.0,12.2,570006
2016-11-27,12.0,12.2,11.8,11.9,121292
2016-11-28,11.9,12.2,11.7,12.0,484700
2016-11-29,12.0,13.2,12.0,13.1,1330240
2016-11-30,13.0,13.0,12.5,12.7,371705
2016-12-01,12.7,12.8,12.5,12.6,450865
2016-12-04,12.7,13.7,12.7,13.2,946725
2016-12-05,13.2,13.5,12.8,13.2,439432
2016-12-06,13.4,13.5,13.1,13.3,459412
2016-12-07,13.5,14.3,13.5,14.0,829959
2016-12-08,14.0,14.1,13.5,13.8,553212
2016-12-11,14.0,14.3,13.3,13.4,914329
2016-12-12,13.6,13.7,13.2,13.4,344770
2016-12-14,13.5,13.9,13.4,13.7,352508
2016-12-15,13.8,13.9,13.4,13.5,280700
2016-12-18,13.4,13.6,12.9,13.1,516103
2016-12-19,13.0,13.9,13.0,13.8,636672
2016-12-20,13.9,14.8,13.7,13.9,1110487
2016-12-21,13.8,14.2,13.5,13.9,389927
2016-12-22,14.0,14.3,13.8,14.2,429916
2016-12-26,14.5,15.0,14.3,14.8,875548
2016-12-27,15.1,15.2,14.3,14.4,590757
2016-12-28,14.1,14.5,14.0,14.2,495700
2016-12-29,14.3,14.8,14.3,14.5,505255
2017-01-01,14.6,15.0,14.5,14.9,646296
2017-01-02,15.3,15.3,14.6,14.7,364084
2017-01-03,14.8,14.9,14.2,14.3,452859
2017-01-04,14.6,14.7,14.2,14.4,373059
2017-01-05,14.5,14.7,14.3,14.4,303578
2017-01-08,14.7,14.9,14.0,14.1,438646
2017-01-09,14.1,14.4,14.1,14.3,214692
2017-01-10,14.4,14.8,14.3,14.7,615769
2017-01-11,14.9,15.6,14.6,15.4,1270843
2017-01-12,15.5,15.5,15.0,15.3,559046
2017-01-15,15.3,15.4,15.1,15.2,461754
2017-01-16,15.4,15.9,15.2,15.3,727470
2017-01-17,15.4,15.6,15.2,15.3,517615
2017-01-18,15.3,15.4,14.8,14.9,552147
2017-01-19,14.2,15.2,14.2,14.9,294099
2017-01-22,15.3,15.6,15.0,15.4,431170
2017-01-23,15.7,15.7,15.2,15.3,404928
2017-01-24,15.4,15.5,14.6,14.8,328601
2017-01-25,15.1,15.5,14.6,14.7,293888
2017-01-26,14.6,14.9,14.3,14.5,156315
2017-01-29,14.4,14.5,13.8,14.0,194300
2017-01-30,13.7,14.0,13.2,13.7,120690
2017-01-31,13.5,13.7,13.0,13.5,185633
2017-02-01,13.7,14.4,13.7,14.0,195058
2017-02-02,13.7,13.9,13.4,13.5,154891
2017-02-05,13.6,13.7,13.2,13.4,60560
2017-02-06,13.3,13.6,13.2,13.3,126829
2017-02-07,13.6,13.8,13.3,13.5,122421
2017-02-08,13.7,14.5,13.7,14.4,141366
2017-02-09,14.5,14.5,14.1,14.2,184297
2017-02-12,14.5,14.5,14.3,14.4,101438
2017-02-13,14.3,14.4,14.0,14.2,187233
2017-02-14,14.4,14.6,14.3,14.4,161810
2017-02-15,14.5,15.0,14.3,14.5,399909
2017-02-16,14.3,14.7,14.3,14.6,107332
2017-02-19,14.7,14.9,14.6,14.8,243477
2017-02-20,14.8,15.0,14.5,14.7,339872
2017-02-22,14.7,14.8,14.4,14.5,195966
2017-02-23,14.6,14.6,14.4,14.4,118642
2017-02-26,14.4,14.6,14.4,14.4,141802
2017-02-27,14.4,14.5,14.3,14.3,69115
2017-02-28,14.4,14.6,14.3,14.5,136879
2017-03-01,14.6,14.7,14.3,14.4,121893
2017-03-02,14.3,14.4,14.3,14.3,69277
2017-03-05,14.4,14.5,14.2,14.4,65292
2017-03-06,14.5,14.6,14.3,14.5,45572
2017-03-07,14.6,14.7,14.5,14.6,197598
2017-03-08,14.5,14.6,14.2,14.2,127077
2017-03-09,14.4,14.5,14.3,14.3,120682
2017-03-12,14.4,14.6,14.3,14.5,150381
2017-03-13,14.7,14.7,14.5,14.6,280617
2017-03-14,14.7,14.8,14.5,14.6,135891
2017-03-15,14.5,14.5,14.4,14.4,171776
2017-03-16,14.4,15.4,14.4,15.3,1264100
2017-03-19,15.5,15.9,15.3,15.8,1382775
2017-03-20,15.8,15.9,15.3,15.4,599436
2017-03-21,15.3,15.4,15.0,15.1,312727
2017-03-22,15.1,16.1,15.1,15.8,942072
2017-03-23,15.9,16.5,15.9,16.3,1342000
2017-03-27,16.4,16.6,15.9,16.4,706688
2017-03-28,16.4,16.6,16.0,16.2,660360
2017-03-29,16.2,16.3,15.3,15.5,535408
2017-03-30,15.5,15.9,15.4,15.5,239153
2017-04-02,15.5,15.6,15.2,15.4,243106
2017-04-03,15.5,15.7,15.3,15.4,170284
2017-04-04,15.6,15.6,15.2,15.4,217308
2017-04-05,15.7,15.7,15.1,15.3,251119
2017-04-06,15.3,15.3,14.7,14.8,310863
2017-04-09,15.1,15.6,14.4,14.6,169980
2017-04-10,14.7,15.5,14.7,15.4,156100
2017-04-11,15.6,15.7,15.3,15.5,243022
2017-04-12,15.6,16.0,15.5,15.6,684440
2017-04-13,15.3,15.7,15.3,15.4,301322
2017-04-16,15.5,16.2,15.2,15.5,779266
2017-04-17,15.7,15.7,15.2,15.3,241636
2017-04-18,15.3,15.5,15.0,15.1,259196
2017-04-19,15.2,15.2,14.8,14.9,237379
2017-04-20,14.8,15.1,14.7,14.8,134486
2017-04-23,14.6,14.9,14.4,14.5,137226
2017-04-24,14.7,14.7,14.3,14.5,96108
2017-04-25,14.4,14.8,14.4,14.6,59463
2017-04-26,14.5,14.7,14.5,14.6,82661
2017-04-27,15.0,15.0,14.6,14.7,88502
2017-04-30,14.6,14.6,13.7,14.0,220240
2017-05-02,13.7,14.4,13.4,14.2,204978
2017-05-03,14.2,14.3,14.0,14.1,121190
2017-05-04,14.4,14.6,14.0,14.2,149837
2017-05-07,14.3,14.5,14.2,14.4,255852
2017-05-08,14.6,14.6,14.3,14.4,143503
2017-05-09,14.3,14.4,14.1,14.2,193517
2017-05-11,14.4,14.4,14.1,14.2,107715
2017-05-14,14.0,14.2,14.0,14.0,175752
2017-05-15,14.0,14.0,13.8,13.9,87085
2017-05-16,13.9,14.1,13.7,13.8,85886
2017-05-17,14.0,14.0,13.6,13.7,141679
2017-05-18,13.9,13.9,13.6,13.8,55098
2017-05-21,13.8,13.9,13.6,13.7,45252
2017-05-22,13.7,14.0,13.7,13.8,77010
2017-05-23,13.9,14.1,13.8,13.8,158999
2017-05-24,13.8,13.9,13.6,13.8,92873
2017-05-25,13.8,13.8,13.6,13.7,110094
2017-05-28,13.7,13.8,13.5,13.6,78045
2017-05-29,13.6,13.7,13.2,13.3,109993
2017-05-30,13.5,13.7,13.4,13.6,84082
2017-05-31,13.5,13.7,13.4,13.7,74528
2017-06-01,13.7,13.7,13.5,13.6,19966
2017-06-04,13.6,13.7,13.5,13.6,82669
2017-06-05,13.9,13.9,13.6,13.7,22532
2017-06-06,14.0,14.0,13.6,13.8,103796
2017-06-07,13.8,13.9,13.7,13.7,67040
2017-06-08,13.8,13.9,13.7,13.7,89668
2017-06-11,13.7,13.7,13.6,13.6,47484
2017-06-12,13.7,13.7,13.6,13.6,47436
2017-06-13,13.8,13.8,13.6,13.6,9938
2017-06-14,13.8,13.8,13.5,13.7,70452
2017-06-15,13.6,13.8,13.6,13.6,47857
2017-06-18,13.7,13.7,13.6,13.6,86213
2017-06-19,13.6,14.3,13.6,14.2,329139
2017-06-20,14.3,14.3,14.1,14.2,97585
2017-06-21,14.2,14.3,14.0,14.1,148175
2017-06-22,14.2,14.3,14.1,14.1,225991
2017-06-28,14.3,14.5,14.2,14.4,125550
2017-06-29,14.5,15.1,14.5,15.0,491032
2017-07-02,15.1,15.4,14.8,15.3,366933
2017-07-03,15.4,15.5,15.0,15.1,409215
2017-07-04,15.2,15.4,15.0,15.3,519575
2017-07-05,15.4,15.6,15.1,15.2,327822
2017-07-06,15.2,15.2,14.8,14.9,293257
2017-07-09,14.9,15.9,14.9,15.8,627015
2017-07-10,16.0,16.3,15.5,16.0,1532759
2017-07-11,16.3,16.3,15.5,15.6,724260
2017-07-12,15.6,16.1,15.4,15.5,374198
2017-07-13,15.6,16.0,15.3,15.9,454706
2017-07-16,16.0,16.2,15.8,15.9,470656
2017-07-17,15.8,16.0,15.5,15.5,274688
2017-07-18,15.5,15.6,15.3,15.4,210504
2017-07-19,15.3,15.4,15.0,15.0,232650
2017-07-20,14.9,15.3,14.9,15.1,166778
2017-07-23,15.5,16.1,15.2,16.0,783739
2017-07-24,16.1,16.6,16.0,16.5,1542527
2017-07-25,16.6,16.7,16.1,16.2,635591
2017-07-26,16.2,17.6,16.2,17.4,1795464
2017-07-27,17.4,17.9,17.2,17.6,1466107
2017-07-30,17.3,17.5,17.1,17.2,545614
2017-07-31,17.2,17.6,16.8,17.1,1043609
2017-08-01,17.1,17.5,17.1,17.4,783419
2017-08-02,17.4,17.8,17.1,17.2,1086771
2017-08-03,17.2,17.5,16.8,16.9,1013846
2017-08-06,17.3,17.3,16.6,16.7,534715
2017-08-07,16.9,17.0,16.6,16.7,441121
2017-08-08,16.7,16.9,16.5,16.6,314796
2017-08-09,16.8,16.9,16.3,16.5,261037
2017-08-10,16.5,16.5,15.1,15.9,580840
2017-08-13,16.0,16.0,15.2,15.4,392418
2017-08-16,15.4,15.9,15.4,15.6,211239
2017-08-17,15.9,15.9,15.2,15.3,338873
2017-08-20,15.5,15.5,14.9,15.0,468668
2017-08-21,15.3,15.5,15.1,15.2,320836
2017-08-22,15.4,16.0,15.3,15.8,359651
2017-08-23,16.0,16.2,15.5,15.6,313432
2017-08-24,15.8,15.8,15.3,15.5,183087
2017-08-27,15.4,15.7,15.2,15.3,360947
2017-08-28,15.5,16.8,15.5,16.8,1044395
2017-08-29,17.2,18.0,17.0,17.2,2041109
2017-08-30,17.4,17.4,16.4,16.6,918116
2017-08-31,16.6,16.9,16.6,16.8,392574
2017-09-04,16.8,17.9,16.8,17.3,1185395
2017-09-05,17.3,17.9,17.3,17.5,786869
2017-09-06,17.3,17.5,16.8,17.0,833811
2017-09-07,17.0,17.6,16.9,17.0,497792
2017-09-10,17.4,17.8,17.0,17.2,1634104
2017-09-11,17.2,17.8,17.1,17.2,750872
2017-09-12,17.4,17.5,17.0,17.1,491266
2017-09-13,17.2,17.4,17.0,17.0,784233
2017-09-14,17.0,17.9,17.0,17.7,1028165
2017-09-17,17.9,18.4,17.7,17.9,1584762
2017-09-18,18.2,19.6,18.0,19.6,4138646
2017-09-19,20.0,20.5,18.9,19.1,2309967
2017-09-20,18.8,21.0,18.8,20.4,3500091
2017-09-21,20.5,20.6,19.3,19.7,1128973
2017-09-24,19.5,20.4,18.6,18.8,1324410
2017-09-25,18.9,19.5,18.5,18.8,984787
2017-09-26,18.8,19.1,17.7,17.8,1291997
2017-09-27,18.0,19.1,17.8,18.5,841067
2017-09-28,18.3,18.6,17.6,17.7,644302
2017-10-02,17.9,17.9,16.6,16.9,877378
2017-10-03,17.2,18.1,17.0,17.5,710000
2017-10-04,17.6,17.7,17.0,17.1,530361
2017-10-05,17.2,17.2,16.7,16.8,665204
2017-10-08,16.9,17.3,16.8,17.1,381162
2017-10-09,17.1,17.7,16.6,16.9,640607
2017-10-10,17.0,17.1,16.6,16.7,432703
2017-10-11,16.8,17.0,16.1,16.2,622850
2017-10-12,16.3,16.4,15.6,15.8,345767
2017-10-15,16.0,16.1,15.1,15.2,417572
2017-10-16,15.5,15.5,14.8,14.9,259958
2017-10-17,15.1,16.2,15.0,16.1,542798
2017-10-18,16.4,16.6,15.5,15.8,453336
2017-10-19,15.6,16.0,15.1,15.3,473032
2017-10-22,15.3,15.4,15.0,15.2,495474
2017-10-23,15.3,16.2,15.1,16.1,1794013
2017-10-24,16.2,17.5,15.8,17.3,1584367
2017-10-25,17.9,19.0,17.6,19.0,1377950
2017-10-26,20.7,20.9,20.1,20.9,6826267
2017-10-29,18.8,19.0,16.7,17.6,1156003
2017-10-30,17.5,18.3,16.6,17.1,1603513
2017-10-31,17.5,18.3,17.5,17.6,880563
2017-11-01,17.6,18.0,17.1,17.5,952319
2017-11-02,17.7,17.9,17.3,17.6,744353
2017-11-05,17.7,17.7,17.1,17.3,813316
2017-11-06,17.5,17.5,17.0,17.2,736617
2017-11-07,17.4,17.4,17.0,17.1,697186
2017-11-08,17.2,17.5,17.0,17.4,785627
2017-11-09,17.4,17.8,16.8,17.0,980118
2017-11-12,17.1,17.3,16.6,16.7,478640
2017-11-13,16.7,17.0,16.1,16.4,445039
2017-11-14,16.2,16.5,16.2,16.3,486260
2017-11-15,16.6,16.7,16.4,16.6,277657
2017-11-19,16.5,16.5,16.1,16.1,259895
2017-11-20,16.2,16.2,15.8,15.9,656865
2017-11-21,15.9,17.2,15.9,16.7,1247825
2017-11-22,16.7,17.0,16.6,16.7,694099
2017-11-23,16.7,17.2,16.7,16.9,1060951
2017-11-26,17.2,18.0,17.2,17.6,1572976
2017-11-27,17.8,17.8,17.2,17.3,709328
2017-11-28,17.4,17.7,17.0,17.2,962131
2017-11-29,17.4,17.6,17.1,17.1,503063
2017-11-30,17.3,17.3,16.8,17.0,463475
2017-12-03,17.0,17.3,16.8,16.9,474864
2017-12-04,17.1,17.1,16.8,16.8,304481
2017-12-05,17.1,17.6,17.1,17.2,758539
2017-12-06,17.3,17.5,17.0,17.1,407586
2017-12-07,17.0,17.3,17.0,17.2,429924
2017-12-10,17.1,17.8,17.1,17.6,1329825
2017-12-11,17.9,18.2,17.7,17.8,914654
2017-12-12,17.8,17.9,17.3,17.4,548180
2017-12-13,17.7,17.7,17.2,17.3,545509
2017-12-14,17.4,17.8,17.3,17.8,679814
2017-12-17,17.9,17.9,17.4,17.4,348640
2017-12-18,17.5,17.6,17.1,17.2,432355
2017-12-19,17.2,17.2,16.9,17.0,482843
2017-12-20,17.0,17.2,16.9,17.0,441665
2017-12-21,16.8,17.2,16.8,17.1,172546
2017-12-24,17.0,17.0,16.7,16.8,508418
2017-12-26,17.0,17.0,16.7,16.8,217619
2017-12-27,16.8,16.9,16.6,16.7,330175
2017-12-28,16.7,17.1,16.6,17.0,261918
2018-01-01,17.0,17.6,16.9,17.2,311933
2018-01-02,17.2,17.3,17.2,17.2,20345
2018-01-03,17.7,17.7,17.2,17.2,318769
2018-01-04,17.4,17.7,17.2,17.6,882956
2018-01-07,17.5,17.9,17.4,17.5,722564
2018-01-08,17.5,17.8,17.4,17.7,527901
2018-01-09,17.8,19.1,17.7,18.7,3866288
2018-01-10,18.9,18.9,18.1,18.2,654944
2018-01-11,18.3,18.7,18.0,18.1,1446636
2018-01-14,18.1,18.2,17.3,17.5,709958
2018-01-15,17.7,17.9,17.4,17.5,548121
2018-01-16,17.5,17.9,17.3,17.7,402623
2018-01-17,17.9,18.2,17.5,17.7,843106
2018-01-18,17.6,18.0,17.5,17.6,338866
2018-01-21,17.6,18.0,17.5,17.6,454333
2018-01-22,17.6,18.0,17.5,17.8,510867
2018-01-23,18.0,18.4,17.8,18.2,1257020
2018-01-24,18.2,18.4,17.7,17.8,428582
2018-01-25,17.7,17.9,17.6,17.7,452042
2018-01-28,17.7,17.7,17.3,17.4,380889
2018-01-29,17.4,17.6,17.1,17.4,340081
2018-01-30,17.7,17.7,17.3,17.3,301660
2018-01-31,17.5,17.6,17.2,17.2,605629
2018-02-01,17.3,17.5,17.2,17.3,290012
2018-02-04,17.3,17.4,16.6,16.8,407789
2018-02-05,16.8,16.8,16.2,16.6,309654
2018-02-06,16.7,17.0,16.6,16.7,291602
2018-02-07,16.5,16.8,16.4,16.6,140084
2018-02-08,16.5,17.0,16.5,16.7,210667
2018-02-11,16.8,17.5,16.8,17.2,946420
2018-02-12,17.4,17.4,17.0,17.2,455403
2018-02-13,17.2,18.0,17.2,17.6,1145121
2018-02-14,17.9,18.2,17.7,17.8,1177011
2018-02-15,17.9,18.7,17.8,18.1,1777595
2018-02-18,18.0,18.1,17.6,17.8,511778
2018-02-19,18.0,18.1,17.5,17.6,871500
2018-02-20,18.0,18.0,17.4,17.4,723890
2018-02-22,18.0,18.0,17.4,17.5,253303
2018-02-25,17.6,17.6,17.1,17.2,185266
2018-02-26,17.1,17.4,16.9,17.0,404021
2018-02-27,17.2,17.3,17.0,17.1,251894
2018-02-28,17.1,17.2,16.9,17.0,393409
2018-03-01,17.2,17.5,16.9,17.3,242673
2018-03-04,17.5,17.8,17.3,17.3,276784
2018-03-05,17.5,17.5,17.0,17.1,654249
2018-03-06,17.3,17.5,17.0,17.3,325602
2018-03-07,17.4,17.7,17.3,17.6,517503
2018-03-08,17.6,17.6,17.2,17.3,266081
2018-03-11,17.3,17.7,17.2,17.4,521821
2018-03-12,17.2,17.4,17.0,17.2,188642
2018-03-13,17.3,17.4,16.8,16.9,490035
2018-03-14,17.0,17.1,16.7,16.9,197520
2018-03-15,16.8,17.1,16.6,17.0,193528
2018-03-18,17.3,17.3,16.7,16.9,309109
2018-03-19,16.8,16.9,16.6,16.6,255760
2018-03-20,16.5,16.7,16.4,16.5,198746
2018-03-21,16.4,16.4,16.2,16.3,283459
2018-03-22,16.3,16.6,15.9,16.3,247109
2018-03-25,16.5,16.5,16.1,16.2,230413
2018-03-27,16.1,16.2,15.8,15.9,190705
2018-03-28,16.0,16.0,15.8,15.9,177112
2018-03-29,15.9,16.2,15.9,16.0,259946
2018-04-01,16.4,16.7,16.2,16.6,184248
2018-04-02,16.5,16.9,16.2,16.8,233221
2018-04-03,16.7,17.1,16.5,16.6,179092
2018-04-04,16.7,16.9,16.4,16.5,159903
2018-04-05,16.4,16.7,16.4,16.5,112286
2018-04-08,16.6,17.0,16.6,16.9,308785
2018-04-09,17.0,17.5,17.0,17.3,1150998
2018-04-10,17.5,17.9,17.1,17.2,1292181
2018-04-11,17.4,17.4,16.9,17.0,413433
2018-04-12,16.9,17.0,16.5,16.7,365116
2018-04-15,16.9,17.0,16.4,16.5,190837
2018-04-16,16.4,16.7,16.3,16.6,263459
2018-04-17,16.8,16.8,16.2,16.3,193697
2018-04-18,16.4,16.6,16.3,16.4,92699
2018-04-19,16.2,16.5,16.2,16.3,288117
2018-04-22,16.2,16.3,16.1,16.1,312601
2018-04-23,16.1,16.3,16.1,16.1,207158
2018-04-24,16.2,16.6,16.1,16.2,232214
2018-04-25,16.2,16.6,16.2,16.5,207327
2018-04-26,16.6,16.6,16.2,16.3,93376
2018-04-30,16.3,16.3,16.0,16.1,139922
2018-05-03,16.7,17.6,16.7,17.1,1129131
2018-05-06,17.4,17.5,17.1,17.3,724225
2018-05-07,17.4,17.8,17.0,17.1,768188
2018-05-08,17.1,17.2,16.7,16.8,237781
2018-05-09,16.7,17.6,16.7,17.4,898033
2018-05-10,17.6,17.9,17.3,17.4,904961
2018-05-13,17.3,17.5,17.0,17.1,494867
2018-05-14,17.4,17.4,16.7,16.8,332265
2018-05-15,17.3,17.3,16.7,16.8,368897
2018-05-16,17.1,17.1,16.5,16.6,272701
2018-05-17,16.6,16.6,16.4,16.4,263929
2018-05-20,16.4,16.6,16.2,16.2,324864
2018-05-21,16.2,16.9,16.2,16.4,245598
2018-05-22,16.4,16.7,16.2,16.3,287322
2018-05-23,16.3,16.5,16.2,16.3,251037
2018-05-24,16.4,17.1,16.4,16.8,595175
2018-05-27,16.9,17.3,16.7,17.0,1077603
2018-05-28,17.1,17.4,17.0,17.2,1272355
2018-05-29,17.3,18.6,17.3,18.2,3743216
2018-05-30,18.4,19.4,18.3,18.9,3665462
2018-05-31,18.7,19.6,18.5,19.3,2951132
2018-06-03,19.5,20.3,19.3,19.9,2507662
2018-06-04,19.9,19.9,19.0,19.1,1822616
2018-06-05,19.1,19.2,18.0,18.1,1599313
2018-06-06,18.5,19.2,18.2,18.7,1209685
2018-06-07,18.5,18.7,17.6,17.9,1116038
2018-06-10,17.9,18.9,17.9,18.6,1577238
2018-06-11,18.9,18.9,18.0,18.2,621115
2018-06-12,18.1,18.2,17.8,18.0,413134
2018-06-18,18.1,18.2,17.3,17.4,700093
2018-06-19,17.5,17.9,17.0,17.3,635922
2018-06-20,17.5,18.0,17.1,17.4,790448
2018-06-21,17.6,18.4,17.5,18.1,1222613
2018-06-24,18.1,19.0,18.0,18.6,1339753
2018-06-25,18.8,18.9,17.7,17.8,791993
2018-06-26,17.7,18.2,17.6,17.7,540911
2018-06-27,17.8,18.9,17.8,18.0,890097
2018-06-28,18.1,18.2,17.7,17.9,546599
2018-07-02,18.5,19.6,18.5,19.6,2963451
2018-07-03,19.7,20.1,18.5,18.8,1104755
2018-07-04,19.2,20.4,18.8,20.0,2737473
2018-07-05,20.3,20.6,19.4,19.5,1996758
2018-07-08,19.8,21.3,19.5,20.0,2186712
2018-07-09,20.4,20.8,19.5,19.6,1327378
2018-07-10,20.0,20.1,19.2,19.7,1770496
2018-07-11,20.1,21.6,19.7,20.4,3287989
2018-07-12,20.6,21.5,20.0,20.4,2108453
2018-07-15,20.9,22.4,20.7,22.4,3280928
2018-07-16,22.6,22.7,20.7,20.9,1822767
2018-07-17,20.8,21.2,20.0,20.1,1520312
2018-07-18,20.1,20.8,20.0,20.2,1122025
2018-07-19,20.2,21.1,20.0,20.5,1159104
2018-07-22,20.8,21.3,20.2,20.3,1002541
2018-07-23,20.8,20.8,19.5,19.6,1021227
2018-07-24,19.7,20.2,19.3,19.7,713571
2018-07-25,19.9,21.5,19.9,20.7,1647690
2018-07-26,21.0,21.4,20.1,20.3,855597
2018-07-29,20.6,20.9,20.1,20.2,600232
2018-07-30,20.2,20.6,19.7,19.9,736411
2018-07-31,20.0,20.8,20.0,20.2,976774
2018-08-01,20.7,21.2,20.2,20.3,972324
2018-08-02,20.4,21.8,20.3,21.1,1931960
2018-08-05,21.5,22.0,20.8,21.0,1183801
2018-08-06,21.1,21.7,20.6,20.8,622037
2018-08-07,20.8,21.2,20.1,20.3,749264
2018-08-08,20.4,20.6,19.2,19.4,772520
2018-08-09,19.5,20.8,19.1,20.4,728867
2018-08-12,20.5,21.2,19.8,20.0,956711
2018-08-13,19.8,20.5,19.3,19.4,418767
2018-08-14,19.5,19.8,19.2,19.4,273988
2018-08-16,19.8,19.8,19.1,19.2,208888
2018-08-19,19.1,19.2,18.0,18.3,396354
2018-08-20,18.3,18.9,18.1,18.7,206102
2018-08-26,19.0,19.0,18.4,18.8,269924
2018-08-27,19.0,19.2,18.8,19.0,361109
2018-08-28,19.3,19.3,18.9,19.1,412848
2018-08-29,19.3,19.8,19.0,19.4,791534
2018-08-30,19.6,20.2,19.5,19.6,896449
2018-09-03,19.7,19.8,19.1,19.3,694971
2018-09-04,19.3,19.5,18.8,18.9,537754
2018-09-05,19.1,19.5,18.8,18.9,639465
2018-09-06,18.7,19.2,18.7,19.1,340909
2018-09-09,19.0,20.0,18.9,19.5,606456
2018-09-10,19.6,19.8,18.9,19.0,553597
2018-09-11,19.2,19.5,18.7,18.7,368893
2018-09-12,19.0,19.1,18.3,18.4,388017
2018-09-13,18.4,18.8,18.0,18.1,469289
2018-09-16,18.3,18.3,17.6,17.7,244353
2018-09-17,17.7,18.1,17.5,18.0,410737
2018-09-18,18.0,19.8,18.0,19.7,1575217
2018-09-19,20.7,21.6,20.6,21.6,931369
2018-09-20,22.9,23.4,20.9,21.1,3997770
2018-09-23,21.5,21.6,19.5,19.7,779039
2018-09-24,19.8,19.8,18.6,18.7,908117
2018-09-25,19.0,19.1,18.4,18.5,458318
2018-09-26,18.5,19.0,17.7,17.9,511469
2018-09-27,18.0,18.3,17.6,17.8,516630
2018-09-30,18.0,18.7,17.7,18.6,490828
2018-10-01,18.8,19.0,18.1,18.3,469475
2018-10-02,18.5,19.5,18.2,19.3,732845
2018-10-03,19.4,19.4,18.6,18.8,441221
2018-10-04,19.0,19.2,18.6,18.7,429715
2018-10-07,18.8,19.1,18.4,19.0,440883
2018-10-08,19.2,19.8,18.6,19.0,1535817
2018-10-09,19.4,19.4,18.5,18.6,292511
2018-10-10,19.0,19.0,18.2,18.3,397090
2018-10-11,18.7,18.8,18.2,18.3,410728
2018-10-14,18.3,18.9,18.2,18.2,317956
2018-10-15,18.3,18.4,18.0,18.0,405192
2018-10-16,18.2,18.3,17.9,18.0,453798
2018-10-17,18.3,18.5,17.8,17.9,224434
2018-10-18,18.0,18.7,18.0,18.3,591854
2018-10-21,18.4,18.5,17.7,17.9,180380
2018-10-22,18.0,18.1,17.0,17.2,297821
2018-10-23,17.7,17.8,17.0,17.4,329855
2018-10-24,17.6,17.8,17.2,17.5,281237
2018-10-25,17.9,17.9,17.5,17.6,171832
2018-10-28,17.4,17.6,17.0,17.1,117134
2018-10-29,17.0,17.3,16.3,16.5,471897
2018-10-30,16.7,17.4,16.7,16.8,245340
2018-10-31,16.6,17.2,16.5,16.6,357095
2018-11-01,16.6,17.0,16.5,16.9,268750
2018-11-04,17.2,17.7,16.9,17.1,443376
2018-11-05,17.1,17.8,17.1,17.4,360013
2018-11-06,17.4,17.5,16.7,16.8,236368
2018-11-07,16.8,17.6,16.7,17.2,677694
2018-11-08,17.3,18.9,17.2,18.8,1144851
2018-11-11,18.9,19.2,17.7,18.0,594125
2018-11-12,18.0,18.1,17.0,17.2,411862
2018-11-13,17.9,17.9,17.0,17.1,236989
2018-11-14,17.6,17.7,17.1,17.2,171216
2018-11-15,17.6,17.6,16.8,17.0,216734
2018-11-19,17.0,17.4,16.7,16.8,283563
2018-11-20,17.0,17.0,16.1,16.3,237807
2018-11-22,16.3,16.7,16.1,16.1,248652
2018-11-25,16.1,17.3,15.8,17.1,512701
2018-11-26,17.1,17.6,16.9,17.1,741543
2018-11-27,17.1,17.2,16.5,16.6,490489
2018-11-28,17.0,17.0,16.4,16.5,227737
2018-11-29,16.2,17.4,16.2,16.9,358489
2018-12-02,17.0,17.7,16.9,17.2,623911
2018-12-03,17.5,17.5,16.9,17.0,433863
2018-12-04,17.4,17.9,16.9,17.1,631286
2018-12-05,17.3,17.6,16.9,17.0,828043
2018-12-06,17.3,17.3,16.7,16.8,407116
2018-12-09,16.7,17.1,16.5,16.7,539338
2018-12-10,16.8,16.8,16.5,16.6,392845
2018-12-11,16.6,17.3,16.5,17.0,467800
2018-12-12,17.0,17.7,17.0,17.2,1453941
2018-12-13,17.5,17.6,17.0,17.0,458670
2018-12-17,16.9,17.3,16.7,17.1,557976
2018-12-18,17.3,17.7,17.0,17.5,1028049
2018-12-19,17.6,19.0,17.6,18.3,1774294
2018-12-20,18.3,18.5,17.7,18.0,1134693
2018-12-23,18.0,18.2,17.1,17.3,597518
2018-12-24,17.2,17.6,17.2,17.4,333126
2018-12-26,17.3,17.7,17.3,17.5,272456
2018-12-27,17.6,17.8,17.4,17.6,422490
2019-01-01,17.6,17.9,17.4,17.7,419714
2019-01-02,17.7,18.2,17.6,18.0,653158
2019-01-03,18.2,18.6,18.0,18.1,937726
2019-01-06,18.3,19.0,18.2,18.7,1424160
2019-01-07,18.8,19.0,17.9,18.1,950080
2019-01-08,18.5,18.5,17.8,17.9,799745
2019-01-09,18.1,18.2,17.8,18.0,775244
2019-01-10,18.0,18.3,17.9,18.2,512250
2019-01-13,18.2,18.7,18.2,18.3,807644
2019-01-14,18.4,18.5,18.1,18.2,512459
2019-01-15,18.3,18.4,18.0,18.2,730110
2019-01-16,18.2,18.4,18.1,18.2,724121
2019-01-17,18.2,18.4,18.2,18.3,404652
2019-01-20,18.5,19.0,18.1,18.8,1172180
2019-01-21,19.0,19.5,18.6,18.7,870808
2019-01-22,18.5,18.8,18.2,18.3,270763
2019-01-23,18.4,18.5,18.1,18.3,337036
2019-01-24,18.4,18.9,18.4,18.8,631565
2019-01-27,19.0,19.0,18.5,18.6,729116
2019-01-28,18.8,18.8,18.3,18.4,254966
2019-01-29,18.7,18.8,18.3,18.6,299970
2019-01-30,18.7,18.7,18.3,18.4,297202
2019-01-31,18.0,18.2,17.6,18.1,502080
2019-02-03,18.1,18.1,17.6,17.7,485777
2019-02-04,17.7,17.8,17.5,17.7,172847
2019-02-05,17.7,17.9,17.6,17.7,140489
2019-02-06,17.7,18.1,17.7,17.8,137532
2019-02-07,18.1,18.2,17.7,17.9,101597
2019-02-10,18.0,18.3,17.8,17.9,243912
2019-02-11,18.1,18.1,17.8,18.0,116662
2019-02-12,18.3,18.6,18.1,18.5,1846916
2019-02-13,18.7,18.9,18.4,18.5,357478
2019-02-14,18.5,18.9,18.4,18.8,822662
2019-02-17,19.0,19.5,18.7,19.4,1035328
2019-02-18,19.5,20.5,19.3,19.5,1861741
2019-02-19,19.6,19.6,19.0,19.2,506207
2019-02-20,19.1,19.3,18.6,18.7,520577
2019-02-24,19.0,20.0,18.5,19.9,1102738
2019-02-25,20.1,20.6,19.7,20.2,1551469
2019-02-26,20.6,21.0,19.9,20.8,1089082
2019-02-27,21.2,21.4,20.1,20.3,875606
2019-03-03,20.4,21.0,19.9,20.7,887834
2019-03-04,20.8,22.7,20.8,21.4,2033910
2019-03-05,21.8,23.5,21.3,23.1,1847886
2019-03-06,23.4,23.4,22.2,22.8,1245287
2019-03-07,22.9,24.5,22.9,24.1,1833794
2019-03-10,24.2,24.3,23.1,23.3,1511823
2019-03-11,22.6,25.2,22.6,24.8,1351662
2019-03-12,25.0,25.1,23.6,23.9,1137281
2019-03-13,23.5,23.8,21.6,22.0,1827807
2019-03-14,22.2,22.5,20.1,20.3,1641112
2019-03-18,20.2,20.7,19.5,19.9,628753
2019-03-19,20.3,21.4,20.1,20.8,767017
2019-03-20,21.0,21.1,19.4,19.5,815527
2019-03-21,19.7,19.7,18.5,19.2,713212
2019-03-24,19.2,19.6,18.7,18.9,384404
2019-03-25,19.0,19.6,18.9,19.0,333781
2019-03-27,19.0,19.4,18.6,18.8,445601
2019-03-28,18.9,19.3,18.7,18.8,432012
2019-03-31,19.0,19.1,18.8,18.9,293500
2019-04-01,18.9,19.3,18.8,18.9,306086
2019-04-02,19.0,19.8,19.0,19.3,511909
2019-04-03,19.5,19.5,18.7,18.8,347493
2019-04-04,18.9,18.9,18.5,18.6,340328
2019-04-07,18.6,18.8,17.5,17.7,435966
2019-04-08,17.9,17.9,17.3,17.3,243508
2019-04-09,17.3,17.7,16.7,16.9,313244
2019-04-10,17.0,17.3,16.5,16.6,205930
2019-04-11,16.8,17.6,16.8,17.3,322666
2019-04-15,17.2,17.9,17.2,17.4,357594
2019-04-16,17.3,17.4,17.0,17.2,171835
2019-04-17,17.3,17.4,17.0,17.2,235337
2019-04-18,17.2,17.9,17.2,17.8,281753
2019-04-21,17.8,18.2,17.5,17.6,219798
2019-04-23,17.4,17.4,16.8,16.9,255627
2019-04-24,16.9,17.2,16.7,16.9,110608
2019-04-25,17.5,17.5,16.8,16.9,203323
2019-04-28,17.1,17.1,16.5,16.7,311978
2019-04-29,16.7,16.7,15.9,16.0,126480
2019-04-30,16.2,16.6,16.1,16.2,297166
2019-05-02,15.7,16.6,15.4,16.6,390699
2019-05-05,16.8,17.3,16.7,17.1,404976
2019-05-06,16.8,17.1,16.6,16.7,329488
2019-05-07,16.9,16.9,16.1,16.3,272985
2019-05-08,16.4,16.5,16.0,16.2,206629
2019-05-09,16.5,16.5,16.0,16.2,153289
2019-05-12,16.2,16.7,16.1,16.3,195713
2019-05-13,16.3,16.4,16.2,16.2,165881
2019-05-14,16.2,16.2,16.0,16.2,90194
2019-05-15,16.1,16.1,16.1,16.1,67751
2019-05-16,16.3,16.3,16.0,16.2,127570
2019-05-19,16.3,16.5,16.1,16.3,104098
2019-05-20,16.3,16.4,16.2,16.2,60466
2019-05-21,16.2,16.2,16.0,16.0,135246
2019-05-22,16.1,16.2,16.0,16.1,67880
2019-05-23,16.2,16.2,16.0,16.1,73408
2019-05-26,16.3,16.3,16.0,16.0,55059
2019-05-27,15.9,16.2,15.8,16.0,102970
2019-05-28,16.0,16.3,16.0,16.2,66605
2019-05-29,16.4,16.5,16.1,16.3,60019
2019-05-30,16.2,16.3,16.0,16.2,144568
2019-06-09,16.2,16.8,16.2,16.5,100125
2019-06-10,16.9,18.1,16.9,18.1,1872871
2019-06-11,18.3,18.7,17.9,18.3,496469
2019-06-12,18.3,18.3,17.6,18.1,920185
2019-06-13,18.3,19.9,18.2,19.5,1436538
2019-06-16,19.5,20.2,18.5,18.8,1297604
2019-06-17,19.0,19.8,18.3,19.4,852693
2019-06-18,19.6,20.3,19.4,19.7,1131961
2019-06-19,19.7,19.9,18.7,18.9,809003
2019-06-20,18.8,19.3,18.5,18.6,477290
2019-06-23,18.8,18.8,18.2,18.3,180796
2019-06-24,18.5,18.7,18.2,18.6,297483
2019-06-25,18.7,18.9,18.2,18.3,414866
2019-06-26,18.4,18.7,18.3,18.4,346759
2019-06-27,18.4,19.0,18.4,18.8,298874
2019-06-30,18.8,19.7,18.7,18.9,965812
2019-07-02,19.0,19.5,18.8,19.0,575835
2019-07-03,19.2,19.3,18.4,18.6,475039
2019-07-04,18.8,18.8,18.3,18.3,432287
2019-07-07,18.3,18.4,17.5,17.7,536529
2019-07-08,17.5,17.9,17.3,17.8,251555
2019-07-09,17.8,17.8,17.1,17.3,304405
2019-07-10,17.2,17.3,16.7,16.8,188691
2019-07-11,16.7,17.0,16.6,16.9,166714
2019-07-14,17.2,17.2,16.6,16.6,124643
2019-07-15,16.6,16.6,16.3,16.4,223852
2019-07-16,16.5,17.1,16.5,17.0,109313
2019-07-17,17.0,17.0,16.7,16.8,108182
2019-07-18,16.9,17.0,16.4,16.5,181646
2019-07-21,16.3,16.4,15.7,16.0,254683
2019-07-22,16.4,16.4,14.7,15.5,109545
2019-07-23,15.9,16.4,15.8,16.2,127558
2019-07-24,16.2,16.3,15.8,16.2,172097
2019-07-25,16.1,16.4,16.1,16.3,122187
2019-07-28,16.6,16.6,16.2,16.3,92997
2019-07-29,16.4,17.1,16.3,17.0,162809
2019-07-30,17.0,17.2,16.6,16.7,157398
2019-07-31,16.8,16.8,16.4,16.4,141008
2019-08-01,16.4,16.8,16.4,16.5,347053
2019-08-04,16.7,17.5,16.6,17.2,341126
2019-08-05,17.3,17.3,16.8,16.9,252529
2019-08-06,17.1,17.1,16.8,16.9,242968
2019-08-07,17.0,17.0,16.7,16.8,108137
2019-08-08,16.8,17.0,16.6,17.0,94952
2019-08-18,17.0,17.0,16.7,16.9,105365
2019-08-19,16.8,17.4,16.8,16.9,295159
2019-08-20,17.1,17.4,17.0,17.2,174826
2019-08-21,17.2,17.4,17.1,17.3,317648
2019-08-22,17.4,17.7,17.4,17.6,330966
2019-08-25,17.7,18.0,17.3,17.4,217204
2019-08-26,17.2,17.3,17.1,17.2,244744
2019-08-27,17.0,17.3,16.9,17.1,179536
2019-08-28,17.4,17.4,16.7,16.8,412282
2019-08-29,17.0,17.1,16.8,16.9,110932
2019-09-01,16.7,16.8,16.4,16.6,100560
2019-09-02,16.6,16.6,16.0,16.1,99085
2019-09-03,16.3,16.4,15.9,16.3,290206
2019-09-04,16.3,16.4,16.0,16.3,110359
2019-09-05,16.5,16.6,16.4,16.5,107708
2019-09-08,16.4,16.6,16.3,16.4,123291
2019-09-09,16.5,16.5,16.1,16.2,287943
2019-09-11,16.1,16.2,15.5,15.9,250936
2019-09-12,15.7,16.4,15.7,16.3,76058
2019-09-15,17.5,17.5,16.3,16.5,43447
2019-09-16,17.0,17.0,16.3,16.5,136065
2019-09-17,16.3,16.8,16.3,16.5,141812
2019-09-18,17.0,17.0,16.4,16.6,109723
2019-09-19,16.8,16.8,16.3,16.4,233542
2019-09-22,16.2,16.6,16.0,16.1,271663
2019-09-23,16.5,16.5,16.0,16.1,372178
2019-09-24,16.2,16.2,15.9,15.9,205989
2019-09-25,15.9,16.1,15.8,15.9,267678
2019-09-26,15.9,16.0,15.9,16.0,329046
2019-09-29,16.3,16.3,15.9,16.0,93580
2019-09-30,15.7,16.0,15.7,15.9,140137
2019-10-01,15.7,16.3,15.7,16.1,233956
2019-10-02,16.0,16.3,15.7,15.9,159576
2019-10-03,15.9,16.0,15.8,16.0,151478
2019-10-06,16.2,16.4,16.1,16.2,151404
2019-10-07,16.2,16.2,15.9,16.0,186667
2019-10-09,16.1,16.1,15.8,16.0,112235
2019-10-10,15.7,16.2,15.7,16.1,236542
2019-10-13,16.2,16.2,15.9,16.0,215415
2019-10-14,15.9,16.1,15.7,16.0,1021601
2019-10-15,16.2,17.6,16.2,17.5,754700
2019-10-16,17.8,18.7,16.7,16.9,697369
2019-10-17,17.2,18.0,16.8,17.1,756280
2019-10-20,17.3,17.3,16.3,16.6,389873
2019-10-21,16.6,16.7,15.8,15.9,508907
2019-10-22,15.8,15.8,14.4,14.4,512944
2019-10-23,15.5,15.5,13.8,14.3,263878
2019-10-24,14.2,14.7,13.1,13.3,520474
2019-10-27,13.2,13.2,12.0,12.0,671621
2019-10-28,12.1,12.1,10.8,11.0,487195
2019-10-29,11.0,11.5,10.3,10.9,176430
2019-10-30,10.6,11.5,10.4,11.3,305082
2019-10-31,11.3,11.6,10.7,11.0,286180
2019-11-03,11.0,12.1,11.0,11.8,510711
2019-11-04,11.7,11.7,11.1,11.2,115371
2019-11-05,11.1,11.8,11.1,11.7,154837
2019-11-06,11.9,12.6,11.7,11.9,321927
2019-11-07,11.5,12.3,11.5,11.9,251237
2019-11-11,11.7,12.0,11.4,11.5,144740
2019-11-12,11.6,11.8,10.9,10.9,243460
2019-11-13,11.2,11.2,10.7,10.8,226309
2019-11-14,11.0,11.5,11.0,11.4,127998
2019-11-17,11.4,11.4,11.0,11.1,120544
2019-11-18,11.4,12.2,11.4,12.0,489569
2019-11-19,12.3,12.6,11.6,11.7,209759
2019-11-20,11.7,12.0,11.2,11.3,332075
2019-11-21,11.5,11.8,11.2,11.7,165115
2019-11-24,9.8,9.8,8.5,9.0,828064
2019-11-25,8.8,9.5,8.8,9.2,58318
2019-11-26,9.1,9.4,9.1,9.3,105910
2019-11-27,9.3,9.3,8.7,9.0,94587
2019-11-28,9.5,9.6,9.2,9.3,208962
2019-12-01,9.3,9.3,9.1,9.2,57410
2019-12-02,9.1,9.2,8.8,9.1,86996
2019-12-03,9.1,9.1,8.9,9.0,41869
2019-12-04,8.9,9.1,8.9,8.9,66974
2019-12-05,9.1,9.1,8.8,8.9,78787
2019-12-08,8.9,8.9,8.8,8.9,97778
2019-12-09,8.9,8.9,8.7,8.9,82868
2019-12-10,9.0,9.0,8.8,8.9,123354
2019-12-12,9.0,9.2,8.9,9.0,10465
2019-12-15,8.8,9.0,8.7,8.8,16917
2019-12-17,8.9,8.9,8.7,8.9,47176
2019-12-18,8.800000191,8.899999619,8.699999809,8.899999619,24517
2019-12-19,9.0,9.0,8.699999809,8.800000191,45630
2019-12-22,9.0,9.0,8.5,8.5,63877
2019-12-23,8.7,8.7,8.1,8.3,29930
2019-12-24,8.1,8.2,7.9,7.9,62970
2019-12-26,8.2,8.5,8.0,8.2,17718
2019-12-29,8.0,8.3,8.0,8.2,12235
2019-12-30,8.1,8.2,8.0,8.0,24419
2020-01-01,8.3,8.4,8.3,8.3,9100
2020-01-02,8.9,8.9,8.7,8.7,30740
2020-01-05,8.7,8.7,8.2,8.4,8730
2020-01-06,8.5,8.5,8.1,8.2,13050
2020-01-07,8.2,8.6,8.2,8.3,12816
2020-01-08,8.3,8.4,8.2,8.3,17248
2020-01-09,8.3,8.4,8.0,8.1,15100
2020-01-12,8.1,8.2,7.8,7.9,48510
2020-01-13,7.9,8.3,7.9,8.2,62431
2020-01-14,8.4,8.4,7.9,8.0,83894
2020-01-15,8.0,8.2,7.9,8.0,12231
2020-01-16,8.1,8.2,8.0,8.1,61701
2020-01-19,8.7,8.7,8.3,8.4,27515
2020-01-20,8.6,8.9,8.4,8.4,146092
2020-01-21,8.3,8.9,8.2,8.3,19693
2020-01-22,8.4,8.5,8.4,8.4,7762
2020-01-23,8.4,8.5,8.2,8.5,43320
2020-01-26,8.5,9.2,8.4,9.0,68650
2020-01-27,9.1,9.3,8.7,8.8,61217
2020-01-28,8.8,9.5,8.8,9.1,210289
2020-01-29,9.3,10.0,9.2,9.9,496545
2020-01-30,10.3,10.7,9.7,10.0,549953
2020-02-02,10.2,10.2,9.0,9.4,89642
2020-02-03,9.3,9.9,9.2,9.7,112165
2020-02-04,10.1,10.1,9.6,9.6,57864
2020-02-05,10.0,10.0,9.3,9.5,20686
2020-02-06,9.4,10.0,9.4,9.6,32880
2020-02-09,10.0,10.0,9.1,9.1,56199
2020-02-10,9.1,9.8,9.1,9.3,56690
2020-02-11,9.7,9.7,9.1,9.5,92462
2020-02-12,9.7,10.3,9.2,10.2,166883
2020-02-13,10.0,10.5,9.4,9.7,94410
2020-02-16,9.6,10.3,9.5,10.0,183624
2020-02-17,9.9,10.4,9.8,10.1,112463
2020-02-18,10.2,11.1,10.0,10.9,586934
2020-02-19,11.1,11.9,10.6,11.5,296251
2020-02-20,11.9,12.4,11.5,11.7,398515
2020-02-23,12.0,12.6,11.6,11.6,138553
2020-02-24,11.6,12.0,11.4,11.5,28375
2020-02-25,11.2,11.8,11.2,11.7,39113
2020-02-26,11.7,12.8,11.7,11.9,238104
2020-02-27,12.0,12.0,11.4,11.5,37228
2020-03-01,11.5,11.5,10.5,11.4,72807
2020-03-02,11.2,11.9,11.0,11.4,20897
2020-03-03,11.8,12.5,11.3,11.9,176939
2020-03-04,12.3,12.9,11.2,11.7,94958
2020-03-05,11.5,11.6,11.1,11.4,59276
2020-03-08,11.3,11.6,10.5,11.1,188180
2020-03-09,10.7,11.0,10.2,10.3,144487
2020-03-10,10.9,11.1,10.5,10.9,35595
2020-03-11,11.5,11.8,10.8,11.5,25806
2020-03-12,11.4,11.8,10.9,11.5,29047
2020-03-15,11.7,11.7,10.5,11.3,72947
2020-03-16,11.9,11.9,10.8,11.2,95214
2020-03-18,11.9,11.9,10.1,10.6,96418
2020-03-19,11.3,11.6,11.3,11.3,2150
2020-03-22,12.0,12.0,11.2,11.2,5888
2020-03-23,11.2,11.2,11.2,11.2,100
2020-03-24,11.2,11.2,11.2,11.2,100
2020-06-07,11.2,11.2,11.2,11.2,150
2020-06-09,11.2,11.2,11.2,11.2,5
2020-06-14,11.2,11.2,11.2,11.2,45
2020-06-15,11.2,11.2,11.2,11.2,100
2020-06-23,11.2,11.2,11.2,11.2,25
2020-06-24,11.2,11.2,11.2,11.2,25
2020-06-25,11.2,11.2,11.2,11.2,200
2020-06-28,11.2,11.2,11.2,11.2,6000
2020-06-29,11.2,11.2,11.2,11.2,500
2020-07-05,11.2,11.2,11.2,11.2,2471
2020-07-08,11.2,11.2,11.2,11.2,900
2020-07-12,11.2,11.2,11.2,11.2,530
2020-07-13,11.2,11.2,11.2,11.2,570
2020-07-14,11.2,11.2,11.2,11.2,500
2020-07-16,11.2,11.2,11.2,11.2,270
2020-07-19,11.2,11.2,11.2,11.2,300
2020-07-21,11.2,11.2,11.2,11.2,100
2020-07-23,11.2,11.2,11.2,11.2,910
2020-07-26,11.2,11.2,11.2,11.2,26
2020-07-27,11.2,11.2,11.2,11.2,100
2020-07-28,11.2,11.2,11.2,11.2,250
2020-07-29,11.2,11.2,11.2,11.2,773
2020-07-30,11.2,11.2,11.2,11.2,4161
2020-08-03,11.2,12.0,11.2,11.2,177131
2020-08-04,11.2,11.8,11.2,11.2,99323
2020-08-05,11.2,12.0,11.2,11.3,287936
2020-08-06,11.9,12.4,11.2,12.0,282426
2020-08-09,13.0,13.2,13.0,13.2,507102
2020-08-10,14.5,14.5,14.5,14.5,563496
2020-08-12,15.9,15.9,15.0,15.6,812237
2020-08-13,16.7,16.7,14.1,15.3,261534
2020-08-16,16.8,16.8,16.8,16.8,91555
2020-08-17,18.4,18.4,15.9,17.4,1129403
2020-08-18,18.3,18.6,15.7,17.1,280049
2020-08-19,17.0,17.2,15.4,15.6,287855
2020-08-20,15.9,16.0,14.3,15.6,166132
2020-08-23,16.5,16.9,14.5,16.0,248751
2020-08-24,16.0,16.2,14.4,15.3,417823
2020-08-25,15.5,15.9,14.2,14.8,184694
2020-08-26,14.1,15.0,13.7,13.8,172951
2020-08-27,13.6,15.1,13.5,14.7,194645
2020-08-31,15.9,16.0,15.0,15.5,243345
2020-09-01,15.5,16.5,14.6,16.3,233722
2020-09-02,16.8,17.2,15.4,15.8,1103723
2020-09-03,16.0,16.8,15.8,16.1,634209
2020-09-06,16.2,16.4,15.3,15.4,724904
2020-09-07,15.5,15.5,14.7,14.9,435917
2020-09-08,15.0,15.7,14.9,15.2,430169
2020-09-09,15.2,15.8,14.8,14.9,836885
2020-09-10,15.0,15.3,14.8,14.9,295617
2020-09-13,15.1,16.0,14.9,15.5,988014
2020-09-14,15.5,16.0,15.2,15.3,397712
2020-09-15,15.6,15.6,15.0,15.1,236295
2020-09-16,15.2,15.6,15.0,15.2,246221
2020-09-17,15.4,15.5,15.0,15.1,281921
2020-09-20,15.3,15.6,14.9,15.0,276075
2020-09-21,15.1,15.1,14.8,14.8,291519
2020-09-22,14.8,14.8,14.4,14.5,299601
2020-09-23,14.7,14.8,14.2,14.4,183431
2020-09-24,14.4,14.8,14.2,14.4,300548
2020-09-27,14.5,14.8,14.3,14.4,166505
2020-09-28,14.7,14.7,14.2,14.3,172327
2020-09-29,14.4,14.5,14.2,14.3,219212
2020-09-30,14.3,14.4,14.1,14.1,115140
2020-10-01,14.2,14.2,13.9,13.9,218103
2020-10-04,14.0,14.5,13.9,14.4,354002
2020-10-05,14.6,14.6,13.9,14.0,148282
2020-10-06,13.8,14.1,13.3,14.0,172158
2020-10-07,14.1,14.5,14.0,14.3,301895
2020-10-08,14.6,14.7,14.0,14.1,209095
2020-10-11,14.0,14.0,13.5,13.6,241296
2020-10-12,13.7,13.7,13.2,13.3,103528
2020-10-13,13.5,14.3,13.1,13.5,174796
2020-10-14,13.6,14.0,13.4,13.5,140275
2020-10-15,13.5,13.8,13.3,13.4,88210
2020-10-18,13.4,13.5,12.8,12.9,440824
2020-10-19,13.4,13.4,12.7,12.8,113661
2020-10-20,12.8,13.1,12.8,12.8,71913
2020-10-21,12.7,12.9,12.6,12.6,152690
2020-10-22,12.7,12.7,12.4,12.5,108333
2020-10-25,12.5,12.5,11.8,12.0,110075
2020-10-27,11.9,12.0,11.2,11.4,337831
2020-10-28,11.5,11.5,11.2,11.4,232252
2020-10-29,11.2,12.9,11.2,11.7,546231
2020-11-01,12.3,12.8,11.4,12.4,185056
2020-11-02,12.0,13.4,11.9,12.7,526549
2020-11-03,13.2,13.3,12.4,13.2,418525
2020-11-04,13.4,13.7,12.7,13.2,209762
2020-11-05,13.3,13.5,12.3,12.7,379948
2020-11-08,12.7,12.7,12.2,12.6,66238
2020-11-09,12.4,12.4,11.7,12.3,159552
2020-11-10,12.1,12.1,11.5,11.6,123026
2020-11-11,11.9,11.9,11.3,11.4,91837
2020-11-12,11.4,11.9,11.4,11.8,87676
2020-11-15,11.8,11.8,11.5,11.6,85561
2020-11-16,11.5,11.8,11.3,11.4,331222
2020-11-18,11.7,12.2,11.7,12.1,321264
2020-11-19,12.4,13.0,11.9,12.7,879297
2020-11-22,13.0,13.0,12.2,12.3,291210
2020-11-23,11.7,12.0,11.4,11.7,210818
2020-11-24,11.7,11.8,11.4,11.4,273411
2020-11-25,11.9,12.3,11.2,11.2,964877
2020-11-26,11.2,11.5,11.2,11.2,155321
2020-11-29,11.2,11.4,11.2,11.2,257677
2020-11-30,11.2,11.2,11.2,11.2,14604
2020-12-01,11.2,11.2,11.2,11.2,45046
2020-12-02,11.2,11.4,11.2,11.4,296580
2020-12-03,11.6,11.6,11.3,11.3,96293
2020-12-06,11.3,11.4,11.2,11.2,248146
2020-12-07,11.3,11.4,11.2,11.2,225065
2020-12-08,11.2,11.4,11.2,11.2,218393
2020-12-09,11.3,11.4,11.2,11.3,229023
2020-12-10,11.4,12.1,11.3,11.8,318045
2020-12-13,12.0,12.7,11.9,11.9,527423
2020-12-14,12.4,12.4,11.6,11.8,196310
2020-12-15,11.8,11.9,11.4,11.4,198069
2020-12-17,11.6,11.6,11.4,11.4,241022
2020-12-20,11.6,11.6,11.3,11.3,436007
2020-12-21,11.3,11.4,11.3,11.3,114619
2020-12-22,11.5,11.5,11.3,11.3,277236
2020-12-23,11.5,11.5,11.3,11.3,153660
2020-12-24,11.4,11.4,11.2,11.2,260715
2020-12-27,11.4,12.0,11.2,11.3,373869
2020-12-28,11.6,11.7,11.3,11.4,183161
2020-12-29,11.6,11.9,11.5,11.6,406615
2020-12-30,11.7,11.8,11.3,11.4,522307
2021-01-03,11.8,12.5,11.5,11.9,1060292
2021-01-04,12.3,13.0,12.1,12.8,2681431
2021-01-05,13.2,14.0,13.0,13.3,2305866
2021-01-06,13.4,13.5,12.6,12.8,725318
2021-01-07,12.9,13.4,12.8,12.9,648387
2021-01-10,13.1,13.2,12.5,12.7,665595
2021-01-11,12.8,13.8,12.6,13.3,859344
2021-01-12,13.4,13.8,13.1,13.4,632486
2021-01-13,13.4,13.4,12.6,12.7,558119
2021-01-14,12.9,13.1,12.1,12.3,594606
2021-01-17,12.3,12.3,11.7,11.9,566804
2021-01-18,11.7,12.0,11.4,11.5,268228
2021-01-19,11.7,12.1,11.6,11.9,176170
2021-01-20,11.6,12.1,11.6,11.7,215270
2021-01-21,11.8,11.9,11.6,11.6,138599
2021-01-24,11.5,11.8,11.5,11.6,112095
2021-01-25,11.7,11.8,11.4,11.5,124497
2021-01-26,11.7,11.7,11.4,11.4,128903
2021-01-27,11.4,11.6,11.3,11.5,65773
2021-01-28,11.6,11.6,11.3,11.3,87610
2021-01-31,11.3,11.3,11.2,11.2,495721
2021-02-01,11.2,11.3,11.2,11.2,48454
2021-02-02,11.2,11.3,11.2,11.2,77315
2021-02-03,11.2,11.2,11.2,11.2,31794
2021-02-04,11.2,11.2,11.2,11.2,35575
2021-02-07,11.2,11.2,11.2,11.2,14203
2021-02-08,11.2,11.2,11.2,11.2,3800
2021-02-09,11.2,11.2,11.2,11.2,43755
2021-02-10,11.2,11.2,11.2,11.2,3785
2021-02-11,11.2,11.2,11.2,11.2,1776
2021-02-14,11.2,11.2,11.2,11.2,100
2021-02-15,11.2,11.2,11.2,11.2,17953
2021-02-16,11.2,11.2,11.2,11.2,5034
2021-02-17,11.2,11.2,11.2,11.2,20200
2021-02-18,11.2,11.2,11.2,11.2,1400
2021-02-22,11.2,11.2,11.2,11.2,4950
2021-02-23,11.2,11.2,11.2,11.2,200
2021-02-24,11.2,11.2,11.2,11.2,5
2021-02-25,11.2,11.2,11.2,11.2,12500
2021-02-28,11.2,11.2,11.2,11.2,1555
2021-03-01,11.2,11.2,11.2,11.2,807
2021-03-02,11.2,11.8,11.2,11.2,156905
2021-03-03,11.2,12.3,11.2,11.9,455091
2021-03-04,12.3,12.3,11.4,11.7,104543
2021-03-07,11.5,11.9,11.2,11.2,161386
2021-03-08,11.3,11.4,11.2,11.4,58806
2021-03-09,11.6,11.6,11.2,11.3,86676
2021-03-10,11.2,11.3,11.2,11.2,71736
2021-03-11,11.2,11.5,11.2,11.4,187943
2021-03-14,11.6,11.6,11.2,11.2,88943
2021-03-15,11.2,11.4,11.2,11.3,45086
2021-03-16,11.4,11.5,11.3,11.3,97450
2021-03-18,11.3,11.4,11.2,11.3,118867
2021-03-21,11.3,11.3,11.2,11.2,176830
2021-03-22,11.2,11.3,11.2,11.2,42910
2021-03-23,11.3,11.3,11.2,11.2,12432
2021-03-24,11.2,11.2,11.2,11.2,3441
2021-03-25,11.2,11.2,11.2,11.2,5600
2021-03-28,11.2,11.5,11.2,11.2,65650
2021-03-29,11.2,11.4,11.2,11.2,46424
2021-03-31,11.4,11.4,11.2,11.2,24609
2021-04-01,11.2,11.2,11.2,11.2,1245
2021-04-04,11.2,11.2,11.2,11.2,15936
2021-04-05,11.2,11.2,11.2,11.2,101
2021-04-06,11.2,11.2,11.2,11.2,6845
2021-04-07,11.2,11.2,11.2,11.2,500
2021-04-08,10.1,10.1,10.1,10.1,24565
2021-04-11,11.0,11.0,9.9,9.9,10701
2021-04-12,9.7,9.7,9.7,9.7,13468
2021-04-13,9.6,10.4,9.6,9.6,24857
2021-04-15,10.2,10.3,9.8,10.0,19961
2021-04-18,10.3,10.3,9.9,10.0,26996
2021-04-19,10.0,10.2,9.8,9.9,36978
2021-04-20,10.0,10.0,9.7,9.8,40871
2021-04-21,9.8,9.9,9.8,9.8,17715
2021-04-22,9.8,10.0,9.8,9.9,35285
2021-04-25,10.1,10.1,9.9,9.9,24261
2021-04-26,10.0,10.0,9.9,10.0,25130
2021-04-27,9.9,9.9,9.8,9.9,20575
2021-04-28,10.0,10.0,9.8,9.9,30690
2021-04-29,10.0,10.0,9.7,9.7,63318
2021-05-02,10.0,10.6,10.0,10.6,159767
2021-05-03,10.8,11.4,10.4,10.5,122202
2021-05-04,11.3,11.3,10.4,10.5,96684
2021-05-05,10.5,11.2,10.3,11.1,358048
2021-05-06,11.0,11.4,10.9,11.3,344553
2021-05-09,11.3,11.7,11.1,11.5,382504
2021-05-11,11.6,11.6,11.3,11.3,193646
2021-05-12,11.3,11.7,11.2,11.5,178237
2021-05-16,11.9,12.6,11.8,12.5,802111
2021-05-17,12.8,12.8,12.3,12.3,171540
2021-05-18,12.1,12.5,12.1,12.1,233676
2021-05-19,12.0,12.4,11.9,11.9,235420
2021-05-20,12.0,12.0,11.7,11.7,95303
2021-05-23,11.5,11.5,11.5,11.5,21383
2021-05-24,11.3,12.0,11.3,11.7,185104
2021-05-25,12.4,12.6,12.0,12.5,763427
2021-05-27,12.7,13.3,12.3,13.0,779148
2021-05-30,13.2,13.6,13.1,13.3,701906
2021-05-31,13.1,13.3,13.1,13.1,799192
2021-06-01,13.0,13.0,12.9,12.9,64417
2021-06-02,12.7,12.7,12.7,12.7,96608
2021-06-03,12.5,13.0,12.5,12.8,682573
2021-06-06,13.0,14.0,12.9,14.0,1089312
2021-06-07,14.3,14.3,13.8,13.9,1486595
2021-06-08,14.1,15.2,13.9,15.2,1474414
2021-06-09,15.6,16.7,15.6,16.6,1466281
2021-06-10,16.9,17.3,16.3,16.4,926965
2021-06-13,16.2,18.0,16.1,18.0,1588427
2021-06-14,18.4,19.8,17.7,18.9,1489848
2021-06-15,19.3,20.7,19.3,20.7,402889
2021-06-16,22.7,22.7,22.7,22.7,415219
2021-06-17,24.9,24.9,24.8,24.9,4710195
2021-06-20,25.0,27.3,23.1,27.3,1479252
2021-06-21,27.4,30.0,27.4,28.3,2914415
2021-06-22,26.8,31.1,26.8,31.0,2829914
2021-06-23,31.5,31.5,28.2,28.8,1205380
2021-06-24,28.9,30.9,27.1,29.3,2262067
2021-06-27,29.5,30.0,26.4,27.0,2011174
2021-06-28,28.0,28.0,24.3,24.6,890031
2021-06-29,24.6,25.5,23.0,23.6,647144
2021-06-30,24.1,25.2,23.5,24.0,929749
2021-07-05,24.6,26.4,24.6,26.3,506231
2021-07-06,26.6,26.7,24.7,25.1,877102
2021-07-07,25.0,26.0,23.5,24.2,335710
2021-07-08,24.3,24.8,23.9,24.1,273613
2021-07-12,25.3,25.3,23.1,23.6,223445
2021-07-13,24.0,24.9,23.7,24.5,540325
2021-07-14,24.7,24.8,23.6,23.8,415021
2021-07-15,24.5,25.4,24.1,25.1,745112
2021-07-18,25.0,25.0,23.2,23.6,563547
2021-07-19,23.9,24.3,23.5,23.7,110385
2021-07-25,23.7,23.9,23.0,23.2,201196
2021-07-26,24.0,24.0,22.5,22.8,236247
2021-07-27,23.8,25.0,23.8,25.0,699249
2021-07-28,26.8,27.5,25.7,27.5,1442575
2021-07-29,27.6,28.8,26.7,27.0,1028680
2021-08-02,27.4,28.5,27.1,27.4,768248
2021-08-03,27.6,27.6,26.1,26.3,527064
2021-08-05,26.9,28.8,26.9,27.5,835340
2021-08-09,27.5,29.0,27.1,28.5,826416
2021-08-10,29.0,31.3,28.6,29.0,1548222
2021-08-11,29.1,29.9,28.3,28.6,453816
2021-08-12,29.1,30.5,29.0,29.4,1683265
2021-08-16,30.9,32.3,30.8,32.3,946362
2021-08-17,34.7,34.8,31.5,33.3,1018237
2021-08-18,33.5,34.8,32.8,32.8,1033705
2021-08-19,33.0,33.0,31.3,32.1,719189
2021-08-22,33.3,33.9,31.0,31.2,930194
2021-08-23,31.7,31.9,30.6,30.8,552502
2021-08-24,31.0,32.9,31.0,31.7,887319
2021-08-25,31.9,32.0,30.4,30.6,652294
2021-08-26,31.0,31.6,30.6,31.1,511117
2021-08-29,31.3,32.7,31.2,31.5,870907
2021-08-31,31.7,32.6,31.2,31.4,482309
2021-09-01,31.8,32.5,31.0,31.1,426160
2021-09-02,31.5,32.2,31.1,31.2,547933
2021-09-05,32.0,32.2,30.6,31.4,463166
2021-09-06,31.8,32.2,31.5,31.9,484733
2021-09-07,32.2,33.2,32.2,32.6,605260
2021-09-08,33.5,35.8,32.4,33.2,1453182
2021-09-09,33.4,34.9,30.0,31.3,1524674
2021-09-12,31.5,31.5,28.2,28.3,2371275
2021-09-13,28.4,30.5,26.8,28.8,2013477
2021-09-14,29.3,29.3,27.9,28.1,736244
2021-09-15,28.3,28.7,26.5,26.9,902063
2021-09-16,27.0,27.8,26.0,26.3,940421
2021-09-19,26.4,26.7,24.7,25.1,546565
2021-09-20,25.6,27.0,25.5,26.4,675147
2021-09-21,26.4,27.2,25.7,27.0,531566
2021-09-22,27.6,27.6,26.7,26.8,440081
2021-09-23,27.2,27.2,26.0,26.1,426047
2021-09-26,26.5,27.1,26.0,26.2,516459
2021-09-27,26.9,26.9,26.2,26.3,225639
2021-09-28,26.6,27.2,26.2,26.4,566051
2021-09-29,26.9,26.9,26.0,26.1,294216
2021-09-30,26.2,26.6,25.3,25.5,443617
2021-10-03,25.9,26.2,24.8,25.1,536181
2021-10-04,25.5,25.5,23.8,23.9,387599
2021-10-05,24.2,24.5,23.3,23.5,589160
2021-10-06,23.6,24.2,22.1,22.5,287336
2021-10-07,22.5,24.7,22.5,24.0,486281
2021-10-10,24.5,25.1,24.0,24.7,378966
2021-10-11,24.7,25.2,23.8,24.1,236230
2021-10-12,24.6,24.6,23.8,23.8,117602
2021-10-13,24.2,24.2,23.4,23.5,113822
2021-10-14,23.9,24.0,23.5,23.7,154060
2021-10-17,23.9,24.0,22.9,23.0,136155
2021-10-18,22.9,23.1,22.0,22.2,179005
2021-10-19,22.4,23.7,21.0,22.2,219130
2021-10-21,22.5,23.0,21.5,22.0,72658
2021-10-24,22.5,22.5,21.1,21.3,79429
2021-10-25,21.0,21.8,20.2,20.9,140756
2021-10-26,21.1,22.8,21.0,22.6,189584
2021-10-27,22.9,22.9,21.6,21.7,161638
2021-10-28,21.5,22.8,20.7,22.6,455457
2021-10-31,28.7,29.7,27.0,27.3,5683745
2021-11-01,27.6,29.7,27.3,29.3,2211565
2021-11-02,29.5,30.1,26.9,27.4,2131740
2021-11-03,27.8,28.2,26.6,26.9,1146890
2021-11-04,27.3,27.7,26.6,26.8,723294
2021-11-07,27.3,27.5,25.4,25.8,871268
2021-11-08,26.3,28.3,26.1,28.0,1948340
2021-11-09,28.2,29.2,27.9,28.5,1978454
2021-11-10,29.0,30.7,28.8,30.4,2589720
2021-11-11,30.5,31.5,29.9,30.6,2152066
2021-11-14,29.8,29.8,27.9,28.1,2633377
2021-11-15,27.5,28.4,26.3,26.4,1272099
2021-11-16,27.2,27.2,25.0,25.4,1226133
2021-11-17,25.8,27.0,25.6,26.9,845276
2021-11-18,26.9,27.0,25.9,26.1,717610
2021-11-21,25.6,26.1,23.8,24.1,654743
2021-11-23,24.4,25.4,24.3,24.8,549616
2021-11-24,25.3,25.3,23.5,23.8,504062
2021-11-25,24.6,24.8,23.8,24.4,412978
2021-11-28,24.6,25.0,23.9,24.2,653602
2021-11-29,24.8,24.9,24.1,24.3,370308
2021-11-30,24.7,24.7,22.9,23.4,492709
2021-12-01,24.3,24.4,23.5,23.7,453534
2021-12-02,23.9,23.9,22.8,23.0,584768
2021-12-05,23.7,23.8,23.1,23.6,271027
2021-12-06,23.6,25.3,23.6,24.6,925063
2021-12-07,24.8,25.2,24.4,24.7,567355
2021-12-08,24.8,25.4,24.1,24.6,753803
2021-12-09,24.9,26.6,24.8,25.8,1189806
2021-12-12,26.0,26.3,25.3,25.5,1285266
2021-12-13,25.7,25.8,24.3,24.4,649412
2021-12-14,24.6,24.6,23.6,23.8,571286
2021-12-15,23.5,24.4,23.3,24.1,463055
2021-12-19,24.4,24.4,23.5,23.6,316564
2021-12-20,23.6,23.7,22.9,23.1,338335
2021-12-21,23.4,23.6,23.1,23.2,426416
2021-12-22,23.7,24.4,23.6,23.7,665355
2021-12-23,23.8,24.0,23.5,23.6,572110
2021-12-26,23.7,23.9,22.9,23.5,679059
2021-12-27,23.8,24.6,23.8,24.4,541897
2021-12-28,24.4,25.6,24.4,25.3,822218
2021-12-29,25.7,26.1,24.5,24.7,1218074
2021-12-30,24.7,25.1,24.0,24.2,546413
2022-01-02,24.2,24.9,24.2,24.7,635496
2022-01-03,24.9,25.5,24.8,25.0,792439
2022-01-04,24.8,25.0,24.3,24.4,578788
2022-01-05,24.6,26.2,24.5,25.8,1505668
2022-01-06,25.9,26.0,24.9,25.0,950985
2022-01-09,25.1,25.6,24.6,24.8,870673
2022-01-10,24.9,25.3,24.4,24.6,605109
2022-01-11,24.8,25.2,24.5,24.6,727037
2022-01-12,24.8,25.3,24.7,24.8,748599
2022-01-13,25.0,25.3,24.7,24.8,497377
2022-01-16,25.2,26.4,25.0,26.2,1935607
2022-01-17,26.6,26.7,25.3,25.4,847821
2022-01-18,25.7,27.0,25.3,26.2,1473059
2022-01-19,26.9,27.8,26.2,26.9,1814480
2022-01-20,27.1,27.3,26.0,26.2,1017328
2022-01-23,26.3,26.5,25.1,25.3,816960
2022-01-24,25.2,25.6,24.8,24.9,406885
2022-01-25,25.1,26.7,25.1,25.8,872664
2022-01-26,26.1,26.6,26.0,26.1,638555
2022-01-27,26.3,26.8,25.8,26.3,1049649
2022-01-30,26.8,27.7,25.9,26.3,1945708
2022-01-31,26.4,26.4,24.4,24.6,1359473
2022-02-01,25.1,25.1,24.2,24.7,772296
2022-02-02,24.8,25.4,24.5,24.6,555779
2022-02-03,24.7,24.9,23.9,24.2,850513
2022-02-06,24.5,25.2,24.3,25.0,558550
2022-02-07,25.2,25.3,24.3,24.4,620877
2022-02-08,24.5,24.9,24.3,24.4,508991
2022-02-09,24.6,25.1,24.4,24.6,446197
2022-02-10,24.7,25.8,24.6,25.4,1110393
2022-02-13,25.5,25.9,25.1,25.3,783995
2022-02-14,25.5,25.6,24.8,24.9,432360
2022-02-15,24.8,25.3,24.7,24.9,417920
2022-02-16,25.0,25.9,25.0,25.2,653405
2022-02-17,25.2,25.2,24.7,24.8,292892
2022-02-20,24.8,24.8,24.1,24.3,519859
2022-02-22,24.3,25.0,24.3,24.8,375121
2022-02-23,24.8,25.4,24.6,24.7,331795
2022-02-24,24.7,25.5,24.2,24.3,609727
2022-02-27,24.3,24.4,23.1,23.2,515517
2022-02-28,23.9,24.4,23.8,23.9,494462
2022-03-01,24.2,24.6,23.6,23.8,307689
2022-03-02,24.1,24.1,22.8,23.1,388255
2022-03-03,23.1,23.4,22.6,22.9,232594
2022-03-06,23.2,23.2,22.3,22.6,297131
2022-03-07,22.7,22.7,21.0,21.2,282192
2022-03-08,21.4,21.8,20.4,21.4,363173
2022-03-09,22.2,23.0,21.7,22.8,438936
2022-03-10,23.0,23.6,22.4,23.2,746211
2022-03-13,23.2,24.2,23.2,24.0,364820
2022-03-14,23.8,24.0,23.6,23.6,390618
2022-03-15,23.5,23.9,23.2,23.3,446250
2022-03-16,23.8,23.8,23.1,23.2,356987
2022-03-20,23.0,23.5,22.8,22.8,119765
2022-03-21,23.1,23.1,22.4,22.5,267292
2022-03-22,22.8,23.0,22.7,22.8,200886
2022-03-23,23.1,23.2,22.4,22.5,166888
2022-03-24,22.5,22.9,22.4,22.7,170255
2022-03-27,22.8,23.1,22.6,22.9,207135
2022-03-28,22.9,23.2,22.6,22.7,157252
2022-03-29,22.9,23.2,22.8,22.9,208990
2022-03-30,23.0,23.4,22.9,23.0,168232
2022-03-31,23.0,23.5,22.8,23.0,234318
2022-04-03,23.1,23.4,22.9,23.0,68861
2022-04-04,23.0,23.1,22.6,22.7,254259
2022-04-05,22.8,22.8,22.3,22.4,88445
2022-04-06,22.4,22.4,22.2,22.2,64449
2022-04-07,22.6,23.2,22.6,23.0,692589
2022-04-10,23.1,23.2,22.8,22.9,177089
2022-04-11,23.0,23.0,22.5,22.5,289533
2022-04-12,22.3,22.6,22.1,22.1,148945
2022-04-13,21.8,22.3,21.7,22.2,111520
2022-04-17,22.2,22.2,21.8,21.8,79234
2022-04-18,21.8,21.8,21.4,21.4,92046
2022-04-19,21.7,21.7,21.0,21.6,218920
2022-04-20,21.8,22.0,21.4,21.6,110295
2022-04-21,21.4,22.4,21.4,22.1,218220
2022-04-24,22.3,23.1,22.0,22.6,427754
2022-04-25,22.6,22.8,22.4,22.5,268587
2022-04-26,22.4,22.8,22.4,22.6,146647
2022-04-27,22.7,23.1,22.7,22.8,457179
2022-04-28,23.0,23.3,22.5,22.9,274147
2022-05-05,22.7,22.8,22.4,22.6,101856
2022-05-08,22.6,23.1,22.5,23.0,327686
2022-05-09,23.3,23.7,22.8,23.0,281894
2022-05-10,23.1,23.7,22.7,22.9,616335
2022-05-11,22.9,23.0,21.9,22.0,344680
2022-05-12,22.4,22.4,21.5,21.6,417355
2022-05-16,22.1,23.7,21.9,23.0,1574723
2022-05-17,23.2,23.4,22.2,22.6,438378
2022-05-18,22.6,23.2,21.5,21.6,554712
2022-05-19,21.2,21.6,20.7,20.8,588785
2022-05-22,20.6,20.6,19.8,19.8,322564
2022-05-23,20.9,20.9,19.8,19.9,293664
2022-05-24,20.8,20.8,19.8,19.9,306312
2022-05-25,19.9,19.9,19.0,19.2,362739
2022-05-26,19.0,19.4,18.9,19.2,204454
2022-05-29,19.8,20.3,19.4,20.1,308135
2022-05-30,20.4,21.3,20.0,20.5,427723
2022-05-31,20.1,20.8,20.1,20.4,188209
2022-06-01,20.9,21.3,20.6,20.9,365973
2022-06-02,21.1,21.6,21.0,21.3,304614
2022-06-05,21.3,22.3,21.3,21.5,525929
2022-06-06,21.5,21.7,21.3,21.4,221436
2022-06-07,21.3,21.3,21.0,21.0,263835
2022-06-08,21.0,21.7,20.7,21.5,272055
2022-06-09,21.5,22.0,21.1,21.2,289657
2022-06-12,21.1,22.3,20.8,22.0,993460
2022-06-13,22.1,23.3,22.1,22.9,1053080
2022-06-14,22.9,22.9,22.5,22.5,548422
2022-06-15,22.4,23.5,22.1,22.4,764667
2022-06-16,22.3,22.8,22.2,22.3,394774
2022-06-19,22.5,22.5,21.9,21.9,498542
2022-06-20,21.9,22.0,21.5,21.5,291914
2022-06-21,21.2,21.5,21.1,21.3,161864
2022-06-22,22.1,22.3,21.3,22.1,384294
2022-06-23,22.3,22.5,21.8,21.8,308836
2022-06-26,22.4,23.0,21.8,22.9,931229
2022-06-27,23.0,24.0,22.8,23.8,1359064
2022-06-28,24.3,24.4,23.4,23.5,1311444
2022-06-29,23.6,23.7,23.1,23.3,762557
2022-06-30,23.4,24.5,23.4,23.9,1097185
2022-07-03,23.9,23.9,23.5,23.5,421936
2022-07-04,23.2,24.9,23.1,24.5,1076107
2022-07-05,24.8,25.3,24.1,24.2,857351
2022-07-06,24.2,24.4,23.8,24.0,629068
2022-07-07,24.9,25.9,24.3,25.5,1898008
2022-07-12,25.5,27.3,25.5,27.2,2103030
2022-07-13,27.3,27.5,26.7,26.7,1589590
2022-07-14,26.4,26.8,26.2,26.5,1067192
2022-07-17,26.5,27.0,26.0,26.0,522158
2022-07-18,26.0,26.0,25.5,25.5,262783
2022-07-19,25.0,25.0,25.0,25.0,44460
2022-07-20,24.5,25.3,24.5,24.6,765110
2022-07-21,24.6,26.2,24.2,25.6,935770
2022-07-24,26.2,28.1,26.2,27.5,3012659
2022-07-25,27.5,29.5,27.0,29.2,2467916
2022-07-26,29.1,29.8,28.7,28.7,1879375
2022-07-27,28.2,28.6,28.2,28.2,846416
2022-07-28,27.7,27.7,27.7,27.7,105112
2022-07-31,28.2,28.2,28.2,28.2,284932
2022-08-01,28.2,29.4,28.2,28.3,2559531
2022-08-02,28.3,29.1,28.2,28.3,1564139
2022-08-03,28.8,28.8,28.2,28.5,1842603
2022-08-04,28.7,30.7,28.7,30.3,2970438
2022-08-07,30.4,30.4,29.4,29.8,1666403
2022-08-08,30.0,30.5,28.5,29.1,1787306
2022-08-10,29.1,29.2,28.2,28.3,1017146
2022-08-11,28.3,28.6,28.2,28.3,779866
2022-08-14,28.4,28.8,28.3,28.5,623592
2022-08-16,28.5,30.5,28.5,30.2,2000775
2022-08-17,30.6,32.9,30.6,31.6,3061781
2022-08-21,31.5,33.2,31.2,32.1,2235370
2022-08-22,32.2,32.7,30.3,31.2,1880834
2022-08-23,31.1,31.4,28.8,29.2,2004065
2022-08-24,29.1,31.7,29.1,30.8,1844174
2022-08-25,31.9,31.9,30.0,30.1,1425902
2022-08-28,30.2,31.4,29.5,29.7,2134578
2022-08-29,29.9,30.7,29.6,30.0,959605
2022-08-30,30.5,31.1,29.8,30.0,1284298
2022-08-31,30.3,30.6,29.2,29.4,1660591
2022-09-01,29.6,30.4,29.1,29.3,1086693
2022-09-04,29.4,30.0,28.5,28.7,1126108
2022-09-05,28.7,29.3,28.3,28.4,577042
2022-09-06,28.6,28.9,28.3,28.4,627709
2022-09-07,28.5,28.7,28.2,28.2,1134906
2022-09-08,28.2,29.0,28.2,28.2,850530
2022-09-11,28.6,28.6,28.2,28.2,179395
2022-09-12,28.2,28.2,28.2,28.2,111675
2022-09-13,28.2,28.5,28.2,28.2,678245
2022-09-14,28.2,28.6,28.2,28.2,491820
2022-09-15,28.2,28.2,28.2,28.2,46109
2022-09-18,28.2,28.2,28.2,28.2,22131
2022-09-19,28.2,28.2,28.2,28.2,11878
2022-09-20,28.2,28.2,28.2,28.2,50879
2022-09-21,28.2,28.2,28.2,28.2,1403
2022-09-22,28.2,28.2,28.2,28.2,1675
2022-09-25,28.2,28.2,28.2,28.2,28783
2022-09-26,28.2,28.2,28.2,28.2,2540
2022-09-27,28.2,28.2,28.2,28.2,3790
2022-09-28,28.2,28.2,28.2,28.2,1841
2022-09-29,28.2,28.2,28.2,28.2,27
2022-10-02,28.2,28.2,28.2,28.2,161662
2022-10-03,28.2,28.2,28.2,28.2,36835
2022-10-04,28.2,28.2,28.2,28.2,1515
2022-10-06,28.2,28.2,28.2,28.2,1106
2022-10-10,28.2,28.2,28.2,28.2,203
2022-10-11,28.2,28.2,28.2,28.2,333
2022-10-12,28.2,28.2,28.2,28.2,11
2022-10-13,28.2,28.2,28.2,28.2,5270
2022-10-16,28.2,28.2,28.2,28.2,1001
2022-10-17,28.2,28.2,28.2,28.2,51
2022-10-18,28.2,28.2,28.2,28.2,400
2022-10-19,28.2,28.2,28.2,28.2,1
2022-10-23,28.2,28.2,28.2,28.2,300
2022-10-24,28.2,28.2,28.2,28.2,1
2022-10-25,28.2,28.2,28.2,28.2,1
2022-10-26,28.2,28.2,28.2,28.2,1575
2022-10-27,28.2,28.2,28.2,28.2,75
2022-10-30,28.2,28.2,28.2,28.2,501
2022-11-01,28.2,28.2,28.2,28.2,251
2022-11-02,28.2,28.2,28.2,28.2,6036
2022-11-03,28.2,28.2,28.2,28.2,5502
2022-11-06,28.2,28.2,28.2,28.2,10
2022-11-07,28.2,28.2,28.2,28.2,520
2022-11-08,28.2,28.2,28.2,28.2,11559
2022-11-10,28.2,28.2,28.2,28.2,100
2022-11-13,28.2,28.2,28.2,28.2,1
2022-11-15,28.2,28.2,28.2,28.2,10
2022-11-16,28.2,28.2,28.2,28.2,650
2022-11-17,28.2,28.2,28.2,28.2,1
2022-11-23,28.2,28.2,28.2,28.2,500
2022-12-05,28.2,28.2,28.2,28.2,1
2022-12-11,28.2,28.2,28.2,28.2,10
2022-12-12,28.2,28.2,28.2,28.2,1
2022-12-13,28.2,28.2,28.2,28.2,19
2022-12-14,28.2,28.2,28.2,28.2,3
2022-12-22,28.0,28.0,28.0,28.0,10
2022-12-26,27.8,27.8,27.8,27.8,2
2022-12-27,27.6,27.6,27.6,27.6,1
2022-12-28,27.4,27.4,27.4,27.4,1
2022-12-29,27.2,27.2,27.2,27.2,1
2023-01-01,27.0,27.0,27.0,27.0,1
2023-01-02,26.8,26.8,26.8,26.8,1
2023-01-03,26.6,26.6,26.6,26.6,1
2023-01-04,26.4,26.4,26.4,26.4,3
2023-01-05,26.2,26.2,26.2,26.2,5
2023-01-08,26.0,26.0,26.0,26.0,1
2023-01-09,25.8,25.8,25.8,25.8,1
2023-01-10,25.6,25.6,25.6,25.6,1191
2023-01-11,25.4,25.4,25.4,25.4,1
2023-01-12,25.2,25.2,25.2,25.2,3000
2023-01-15,25.0,25.0,25.0,25.0,3513
2023-01-16,24.8,24.8,24.8,24.8,8335
2023-01-17,24.6,24.6,24.6,24.6,5562
2023-01-18,24.4,24.4,24.4,24.4,3206
2023-01-19,24.2,24.2,24.2,24.2,1741
2023-01-22,24.0,24.0,24.0,24.0,60
2023-01-23,23.8,23.8,23.8,23.8,6152
2023-01-24,23.6,23.6,23.6,23.6,2
2023-01-25,23.4,23.4,23.4,23.4,655
2023-01-26,23.2,23.2,23.2,23.2,1500
2023-01-30,23.0,23.0,23.0,23.0,790
2023-01-31,22.8,22.8,22.8,22.8,116
2023-02-01,22.6,22.6,22.6,22.6,150
2023-02-02,22.4,22.4,22.4,22.4,105
2023-02-05,22.2,22.2,22.2,22.2,526
2023-02-06,22.0,22.0,22.0,22.0,502
2023-02-07,21.8,21.8,21.8,21.8,1
2023-02-08,21.6,21.6,21.6,21.6,16
2023-02-09,21.4,21.4,21.4,21.4,10
2023-02-12,21.2,21.2,21.2,21.2,60
2023-02-13,21.0,21.0,21.0,21.0,6
2023-02-14,20.8,20.8,20.8,20.8,58
2023-02-15,20.6,20.6,20.6,20.6,5
2023-02-16,20.4,20.4,20.4,20.4,10
2023-02-19,20.2,20.2,20.2,20.2,5
2023-02-20,20.0,20.0,20.0,20.0,5
2023-02-22,19.8,19.8,19.8,19.8,1
2023-02-23,19.7,19.7,19.7,19.7,500
2023-02-26,19.6,19.6,19.6,19.6,2010
2023-02-27,19.5,19.5,19.5,19.5,1005
2023-02-28,19.4,19.4,19.4,19.4,1654
2023-03-01,19.3,19.3,19.3,19.3,2416
2023-03-02,19.4,19.4,19.4,19.4,970
2023-03-05,19.4,19.4,19.4,19.4,11252
2023-03-06,19.4,19.4,19.4,19.4,45829
2023-03-07,19.4,19.4,19.4,19.4,2623
2023-03-09,19.4,19.4,19.4,19.4,157
2023-03-13,19.4,19.4,19.4,19.4,627
2023-03-14,19.4,19.4,19.4,19.4,1
2023-03-15,19.4,19.4,19.4,19.4,1950
2023-03-16,19.4,19.4,19.4,19.4,1000
2023-03-19,19.4,19.4,19.4,19.4,100
2023-03-21,19.4,19.4,19.4,19.4,115
2023-03-22,19.4,19.4,19.4,19.4,100
2023-03-23,19.4,19.4,19.4,19.4,100
2023-03-28,19.4,19.4,19.4,19.4,100
2023-03-29,19.4,19.4,19.4,19.4,151
2023-04-02,19.4,19.4,19.4,19.4,1
2023-04-04,19.4,19.4,19.4,19.4,210
2023-04-05,19.4,19.4,19.4,19.4,8
2023-04-10,19.4,19.4,19.4,19.4,1
2023-04-12,19.4,19.4,19.4,19.4,100
2023-04-13,19.4,19.4,19.4,19.4,41
2023-04-17,19.4,19.4,19.4,19.4,500
2023-04-18,19.4,19.4,19.4,19.4,65
2023-04-24,19.4,19.4,19.4,19.4,15
2023-04-25,19.4,19.4,19.4,19.4,311
2023-04-26,19.4,19.4,19.4,19.4,7982
2023-04-27,19.4,19.4,19.4,19.4,2855
2023-04-30,19.4,19.4,19.4,19.4,721
2023-05-02,19.4,19.4,19.4,19.4,1
2023-05-03,19.4,19.4,19.4,19.4,516
2023-05-07,19.4,19.4,19.4,19.4,553
2023-05-08,19.4,19.4,19.4,19.4,801
2023-05-09,19.4,19.4,19.4,19.4,65
2023-05-10,19.4,19.4,19.4,19.4,1155
2023-05-11,19.4,19.4,19.4,19.4,7372
2023-05-14,19.4,19.4,19.4,19.4,15
2023-05-15,19.4,19.4,19.4,19.4,100
2023-05-16,19.4,19.4,19.4,19.4,3170
2023-05-17,19.4,19.4,19.4,19.4,787
2023-05-18,19.4,19.4,19.4,19.4,201
2023-05-21,19.4,19.4,19.4,19.4,154
2023-05-22,19.4,19.4,19.4,19.4,2218
2023-05-23,19.4,19.4,19.4,19.4,52868
2023-05-24,19.4,19.4,19.4,19.4,23887
2023-05-25,19.4,19.4,19.4,19.4,21688
2023-05-28,19.4,19.4,19.4,19.4,53970
2023-05-29,19.4,19.4,19.4,19.4,23858
2023-05-30,19.4,19.4,19.4,19.4,13909
2023-05-31,19.4,19.4,19.4,19.4,2071
2023-06-01,19.4,19.4,19.4,19.4,3760
2023-06-04,19.4,19.4,19.4,19.4,9558
2023-06-05,19.4,19.4,19.4,19.4,1200
2023-06-06,19.4,19.4,19.4,19.4,2280
2023-06-07,19.4,19.4,19.4,19.4,1000
2023-06-11,19.4,19.4,19.4,19.4,200
2023-06-12,19.4,19.4,19.4,19.4,50
2023-06-13,19.4,19.4,19.4,19.4,1000
2023-06-14,19.4,19.4,19.4,19.4,100
2023-06-18,19.4,19.4,19.4,19.4,2167
2023-06-19,19.4,19.4,19.4,19.4,1
2023-06-21,19.4,19.4,19.4,19.4,1
2023-06-22,19.4,19.4,19.4,19.4,1812
2023-06-25,19.4,19.4,19.4,19.4,1000
2023-06-26,19.4,19.4,19.4,19.4,7996
2023-07-02,19.4,21.3,19.4,21.1,1365642
2023-07-03,21.7,23.2,21.4,22.4,1122519
2023-07-04,21.5,22.1,20.6,21.3,1056571
2023-07-05,21.8,22.6,21.5,21.8,960501
2023-07-06,21.8,22.8,19.7,21.0,955797
2023-07-09,21.1,21.9,19.4,21.3,687829
2023-07-10,21.8,22.6,20.1,20.4,676536
2023-07-11,20.9,20.9,19.5,19.6,415724
2023-07-12,20.6,20.6,19.4,19.4,622732
2023-07-13,20.1,20.1,19.4,19.9,285369
2023-07-16,20.3,20.4,19.6,19.9,470534
2023-07-17,19.8,19.9,19.4,19.4,333269
2023-07-18,19.4,19.7,19.4,19.4,364352
2023-07-19,19.4,19.7,19.4,19.4,303597
2023-07-20,19.4,19.7,19.4,19.4,236803
2023-07-23,19.4,19.4,19.4,19.4,11430
2023-07-24,19.4,19.7,19.4,19.4,219771
2023-07-25,19.4,19.4,19.4,19.4,1888
2023-07-26,19.4,19.4,19.4,19.4,18880
2023-07-27,19.4,19.4,19.4,19.4,4732
2023-07-30,19.4,19.4,19.4,19.4,37356
2023-07-31,19.4,19.4,19.4,19.4,1000
2023-08-01,19.4,19.4,19.4,19.4,5448
2023-08-02,19.4,19.4,19.4,19.4,2200
2023-08-03,19.4,19.4,19.4,19.4,30
2023-08-06,19.4,19.4,19.4,19.4,150
2023-08-07,19.4,19.4,19.4,19.4,75
2023-08-08,19.4,19.4,19.4,19.4,4
2023-08-09,19.4,19.4,19.4,19.4,4750
2023-08-10,19.4,19.4,19.4,19.4,230
2023-08-13,19.4,19.4,19.4,19.4,3575
2023-08-14,19.4,19.4,19.4,19.4,452
2023-08-16,19.4,19.4,19.4,19.4,2
2023-08-20,19.4,19.4,19.4,19.4,500
2023-08-21,19.4,19.4,19.4,19.4,221
2023-08-22,19.4,19.4,19.4,19.4,62
2023-08-23,19.4,19.4,19.4,19.4,2000
2023-08-24,19.4,19.4,19.4,19.4,101
2023-08-27,19.4,19.4,19.4,19.4,100
2023-08-29,19.4,19.4,19.4,19.4,8
2023-08-31,19.4,19.4,19.4,19.4,20
2023-09-03,19.4,19.4,19.4,19.4,1
2023-09-04,19.4,19.4,19.4,19.4,259
2023-09-05,19.4,19.4,19.4,19.4,11
2023-09-07,19.4,19.4,19.4,19.4,504
2023-09-10,19.4,19.4,19.4,19.4,17001
2023-09-11,19.4,19.4,19.4,19.4,8
2023-09-12,19.4,19.4,19.4,19.4,11
2023-09-14,19.4,19.4,19.4,19.4,2
2023-09-20,19.4,19.4,19.4,19.4,110
2023-10-04,19.4,19.4,19.4,19.4,500
2023-10-05,19.4,19.4,19.4,19.4,10000
2023-10-10,19.4,19.4,19.4,19.4,35
2023-10-12,19.4,19.4,19.4,19.4,5
2023-10-22,19.4,19.4,19.4,19.4,5
2023-11-01,19.4,19.4,19.4,19.4,50
2023-11-06,19.4,19.4,19.4,19.4,2
2023-11-09,19.4,19.4,19.4,19.4,9
2023-11-13,19.4,19.4,19.4,19.4,1141
2023-11-14,19.4,19.4,19.4,19.4,6909
2023-11-15,19.4,19.4,19.4,19.4,5390
2023-11-16,19.4,19.4,19.4,19.4,417
2023-11-19,19.4,19.4,19.4,19.4,530
2023-11-21,19.4,19.4,19.4,19.4,100
2023-11-22,19.4,19.4,19.4,19.4,1
2023-11-26,19.4,19.4,19.4,19.4,700
2023-11-27,19.4,19.4,19.4,19.4,258
2023-11-29,19.4,19.4,19.4,19.4,200
2023-11-30,19.4,19.4,19.4,19.4,7500
2023-12-03,19.4,19.4,19.4,19.4,100
2023-12-05,19.4,19.4,19.4,19.4,856
2023-12-06,19.4,19.4,19.4,19.4,100
2023-12-07,19.4,19.4,19.4,19.4,307
2023-12-10,19.4,19.4,19.4,19.4,170
2023-12-11,19.4,19.4,19.4,19.4,94
2023-12-12,19.4,19.4,19.4,19.4,31
2023-12-13,19.4,20.3,19.4,19.4,1375668
2023-12-14,19.8,19.8,19.4,19.4,184659
2023-12-17,19.4,20.4,19.4,19.8,1015897
2023-12-18,19.9,20.0,19.4,19.4,391436
2023-12-19,19.4,19.4,19.4,19.4,27010
2023-12-20,19.4,19.4,19.4,19.4,14678
2023-12-21,19.4,19.4,19.4,19.4,7
2023-12-24,19.4,19.4,19.4,19.4,509
2023-12-26,19.4,19.4,19.4,19.4,370
2023-12-27,19.4,19.4,19.4,19.4,100
2024-01-01,19.4,19.4,19.4,19.4,2004
2024-01-02,19.4,19.4,19.4,19.4,2
2024-01-03,19.4,19.4,19.4,19.4,200
2024-01-09,19.4,19.4,19.4,19.4,9
2024-01-10,19.4,19.4,19.4,19.4,1130
2024-01-11,19.4,19.4,19.4,19.4,2841
2024-01-14,19.4,19.4,19.4,19.4,10850
2024-01-15,19.4,19.4,19.4,19.4,311
2024-01-17,19.4,19.4,19.4,19.4,785
2024-01-21,17.5,17.5,17.5,17.5,5037
2024-01-22,15.8,18.0,15.8,17.0,488404
2024-01-23,17.5,17.9,16.7,17.0,187099
2024-01-24,17.5,17.7,17.0,17.2,314876
2024-01-25,17.5,17.5,16.5,16.7,136093
2024-01-28,16.2,16.7,15.1,15.3,150106
2024-01-29,15.8,15.8,14.6,15.4,156284
2024-01-30,15.6,16.5,15.6,16.0,171400
2024-01-31,16.0,16.4,15.3,15.5,307873
2024-02-01,15.5,16.6,15.5,16.4,321692
2024-02-04,16.4,17.6,16.4,17.3,426168
2024-02-05,17.6,17.9,16.8,17.0,383338
2024-02-06,16.9,16.9,16.2,16.4,466263
2024-02-07,16.0,17.0,15.5,16.8,611944
2024-02-08,16.8,17.4,16.4,16.6,342666
2024-02-11,16.2,16.7,16.1,16.3,368716
2024-02-12,16.5,16.6,16.0,16.1,405107
2024-02-13,16.9,17.7,16.0,17.7,1204560
2024-02-14,18.6,19.4,18.4,19.4,1434780
2024-02-15,20.0,20.2,18.5,19.2,1020554
2024-02-18,17.3,17.3,17.3,17.3,104700
2024-02-19,15.6,15.8,15.6,15.6,249920
2024-02-20,15.0,17.0,14.3,16.3,340122
