Date,Open,High,Low,Close,Volume
2012-10-01,44.0,47.0,41.4,45.4,1713000
2012-10-02,46.7,47.4,44.1,44.4,1420900
2012-10-03,45.0,46.0,41.8,42.0,1303600
2012-10-04,42.5,44.2,41.4,42.1,686800
2012-10-07,43.5,43.5,39.5,39.8,606400
2012-10-08,40.0,42.0,37.6,39.8,713600
2012-10-09,42.0,43.7,41.6,43.6,1195400
2012-10-10,45.0,45.5,41.5,42.1,1370100
2012-10-11,42.4,43.0,41.2,42.8,1311000
2012-10-14,43.8,46.0,43.8,44.5,1979400
2012-10-15,44.4,45.0,40.1,40.1,2032900
2012-10-16,40.5,41.6,38.8,40.0,1464600
2012-10-17,39.0,43.4,39.0,42.4,2656400
2012-10-18,42.6,43.1,40.1,40.4,1977700
2012-10-21,39.5,39.5,36.4,37.2,5308600
2012-10-22,37.2,39.0,36.8,38.0,2222400
2012-10-23,39.0,40.7,38.5,39.4,1541100
2012-10-30,39.3,39.3,37.8,38.0,1159000
2012-10-31,38.0,38.4,37.6,38.1,989100
2012-11-01,38.3,40.4,38.1,39.3,1846100
2012-11-04,39.2,40.4,38.4,39.0,2118500
2012-11-05,39.4,39.5,37.3,38.9,1168800
2012-11-06,39.3,39.3,38.1,38.3,1062400
2012-11-07,38.8,39.3,37.6,38.0,1706300
2012-11-11,36.7,36.7,34.2,34.2,1515400
2012-11-12,32.3,33.7,30.8,30.8,1801600
2012-11-13,30.7,33.4,29.7,33.2,1508700
2012-11-14,33.1,34.1,31.5,32.1,1128500
2012-11-15,32.4,34.1,31.7,33.5,1913400
2012-11-18,34.0,36.4,34.0,35.5,2861400
2012-11-19,35.2,35.5,33.7,33.9,1547200
2012-11-20,34.0,35.3,33.5,33.9,1974800
2012-11-21,34.1,35.5,34.1,34.4,1357300
2012-11-22,34.5,36.5,34.5,35.9,1885700
2012-11-26,36.4,36.4,34.0,34.1,1171200
2012-11-27,34.4,34.6,33.5,33.7,996400
2012-11-28,33.5,34.7,32.9,33.2,989400
2012-11-29,34.9,36.1,34.3,35.8,1533500
2012-12-02,36.1,36.4,33.1,33.9,1549300
2012-12-03,34.0,34.3,32.5,32.6,812700
2012-12-04,33.2,33.8,32.2,33.2,494500
2012-12-05,33.5,33.9,32.7,33.1,965300
2012-12-06,33.0,34.9,32.5,33.5,1678100
2012-12-09,33.5,33.5,31.7,31.9,1109900
2012-12-10,32.1,32.2,30.0,30.5,702300
2012-12-11,30.4,31.0,30.0,30.5,508300
2012-12-12,31.0,31.7,30.1,30.3,573700
2012-12-13,30.9,31.0,29.6,30.1,437600
2012-12-17,30.8,31.0,30.0,30.5,616800
2012-12-18,30.3,31.4,30.0,30.1,787900
2012-12-19,30.4,30.9,30.2,30.3,563400
2012-12-20,30.6,31.2,30.1,30.2,854400
2012-12-23,30.3,30.5,29.1,29.2,358800
2012-12-24,29.1,29.6,28.9,29.0,294400
2012-12-26,29.4,29.4,28.5,28.7,405700
2012-12-27,28.6,29.1,28.0,28.3,489600
2012-12-30,28.7,28.8,28.0,28.4,333700
2013-01-01,28.6,29.4,28.5,28.6,448900
2013-01-02,28.5,28.7,28.0,28.1,301900
2013-01-03,28.3,28.3,27.7,28.1,538700
2013-01-06,28.4,28.4,27.6,27.7,413600
2013-01-07,27.7,27.7,26.8,26.8,660400
2013-01-08,26.9,27.4,26.9,26.9,248700
2013-01-09,27.6,27.8,26.8,27.5,596900
2013-01-10,27.7,28.3,27.5,28.1,396500
2013-01-13,28.0,28.4,27.7,27.8,259800
2013-01-14,27.9,27.9,27.5,27.6,249000
2013-01-15,27.7,27.7,27.4,27.6,254800
2013-01-16,25.1,28.1,25.1,27.5,166200
2013-01-17,27.6,28.1,27.6,27.7,203500
2013-01-20,27.6,27.7,27.1,27.2,188100
2013-01-21,27.1,27.4,26.8,26.9,178200
2013-01-22,26.9,27.2,26.9,27.0,219300
2013-01-23,27.2,27.6,27.2,27.4,211000
2013-01-24,27.5,28.4,27.5,27.7,456700
2013-01-27,28.0,28.0,27.3,27.3,426700
2013-01-28,27.3,27.9,27.1,27.7,381200
2013-01-29,27.9,29.4,27.9,29.0,1234200
2013-01-30,29.2,29.4,28.4,28.8,805600
2013-01-31,28.9,31.1,28.5,30.6,2514600
2013-02-03,30.6,32.0,30.2,31.2,1582300
2013-02-04,31.5,31.5,30.3,30.6,946900
2013-02-05,30.2,31.4,29.9,30.6,1143200
2013-02-06,30.8,31.1,30.4,30.7,703200
2013-02-07,31.1,31.5,30.8,31.1,1048100
2013-02-10,31.3,32.2,31.2,31.6,953700
2013-02-11,32.0,32.3,31.2,31.4,1551500
2013-02-12,31.5,32.0,31.2,31.3,1460200
2013-02-13,31.5,32.4,31.2,32.0,1360400
2013-02-14,32.6,33.0,32.4,32.6,1415800
2013-02-17,32.5,32.7,31.5,31.5,897900
2013-02-18,31.7,32.2,31.1,31.3,1478300
2013-02-19,31.3,31.7,30.8,30.9,1154000
2013-02-20,31.5,31.5,29.7,29.9,702700
2013-02-24,29.8,30.0,28.2,28.6,653300
2013-02-25,29.0,29.5,28.0,28.2,555600
2013-02-26,28.8,29.4,28.5,29.2,321900
2013-02-27,29.4,29.4,27.8,28.0,636700
2013-02-28,28.5,28.5,27.6,27.8,284200
2013-03-03,27.3,27.3,25.1,25.2,353700
2013-03-04,26.9,27.1,25.8,26.8,435300
2013-03-05,27.4,27.4,26.2,26.7,388300
2013-03-06,26.8,27.0,26.2,26.2,282900
2013-03-07,26.2,26.4,25.6,26.2,297000
2013-03-10,26.5,26.5,25.7,25.7,273000
2013-03-11,26.2,26.2,25.2,25.9,282600
2013-03-12,25.6,26.2,25.3,26.0,221400
2013-03-13,26.1,27.2,26.1,26.5,422800
2013-03-14,26.5,26.7,26.2,26.5,353700
2013-03-18,26.3,26.9,26.3,26.6,67400
2013-03-19,26.6,27.0,26.6,26.7,119300
2013-03-20,26.9,26.9,26.3,26.4,192000
2013-03-24,26.2,26.2,25.4,25.5,165900
2013-03-25,25.5,25.8,25.1,25.2,211400
2013-03-27,24.5,24.7,23.7,23.9,244600
2013-03-28,24.6,24.6,24.0,24.3,322900
2013-03-31,24.2,24.5,23.7,24.1,385600
2013-04-01,23.5,23.9,22.7,22.9,295900
2013-04-02,23.0,23.6,22.9,23.4,194000
2013-04-03,23.5,23.8,23.4,23.5,200000
2013-04-04,23.1,23.7,22.7,23.6,445200
2013-04-07,23.2,23.8,23.2,23.7,262000
2013-04-08,23.3,24.5,23.3,24.1,190200
2013-04-09,24.4,26.0,24.2,25.8,299200
2013-04-10,26.2,27.0,25.1,25.4,322900
2013-04-11,25.0,25.6,24.9,25.0,265800
2013-04-15,25.4,27.0,25.3,26.7,316500
2013-04-16,26.8,26.8,25.0,25.3,279700
2013-04-17,25.2,25.7,24.8,25.4,254300
2013-04-18,25.5,26.2,25.0,25.1,294000
2013-04-21,25.0,25.6,24.4,24.5,141000
2013-04-22,24.7,25.0,24.1,24.2,108700
2013-04-23,25.2,25.2,24.0,24.1,108900
2013-04-24,24.5,25.0,24.1,24.2,226400
2013-04-25,24.5,24.8,24.2,24.2,86400
2013-04-28,24.3,24.3,23.7,23.9,288000
2013-04-29,23.8,24.3,23.6,24.1,113600
2013-04-30,24.4,24.5,23.9,24.1,145200
2013-05-02,24.0,24.7,23.5,24.4,419500
2013-05-05,24.1,24.9,24.1,24.5,181000
2013-05-06,24.3,24.5,24.1,24.2,164600
2013-05-07,24.5,25.0,24.5,24.9,259300
2013-05-08,25.3,25.9,25.1,25.5,601300
2013-05-09,25.5,27.0,25.3,26.7,733200
2013-05-12,27.2,28.2,27.1,27.9,497100
2013-05-13,28.0,28.5,27.5,28.1,509200
2013-05-14,28.7,29.1,28.0,28.9,847000
2013-05-15,29.3,29.5,28.3,28.5,863000
2013-05-16,28.4,29.9,28.3,29.7,556100
2013-05-19,30.8,30.9,29.6,30.3,1046900
2013-05-20,30.8,30.8,29.0,29.2,863200
2013-05-21,29.2,29.6,28.1,28.4,690200
2013-05-22,28.2,28.7,27.3,27.5,323400
2013-05-26,28.3,28.3,26.4,26.5,171600
2013-05-27,27.3,28.4,27.2,27.9,229400
2013-05-28,28.4,29.0,27.9,28.1,226700
2013-05-29,28.7,28.9,28.3,28.5,256600
2013-05-30,29.0,29.7,28.5,28.9,732000
2013-06-02,29.9,31.2,29.6,30.9,1234100
2013-06-03,31.3,32.0,30.6,31.6,1342500
2013-06-04,31.8,32.0,30.7,31.0,1057900
2013-06-05,31.0,32.0,30.7,31.2,1143000
2013-06-06,31.5,32.0,30.2,30.4,745100
2013-06-09,29.9,30.1,28.4,28.8,766100
2013-06-10,29.4,30.8,29.4,30.3,346300
2013-06-11,30.0,31.5,30.0,30.6,656500
2013-06-12,31.4,32.2,31.1,31.5,1098600
2013-06-13,32.0,32.1,31.2,31.3,1009600
2013-06-16,31.7,32.0,30.5,31.8,1123600
2013-06-17,32.2,32.8,31.1,31.2,990600
2013-06-18,31.7,31.7,30.2,30.5,1129500
2013-06-19,31.0,32.5,30.5,30.6,1392300
2013-06-20,32.9,32.9,31.2,31.3,1383900
2013-06-23,32.0,32.0,29.9,30.1,561800
2013-06-24,30.6,31.0,29.4,30.1,382400
2013-06-26,31.6,31.7,29.8,30.1,998200
2013-06-27,31.0,31.0,29.1,29.2,443300
2013-06-30,27.2,30.0,27.2,28.6,1205500
2013-07-02,29.0,31.3,29.0,31.0,644500
2013-07-03,31.5,31.9,30.0,30.3,642800
2013-07-04,30.5,33.0,30.3,32.4,1906800
2013-07-07,32.6,35.1,32.6,34.7,2415000
2013-07-08,34.1,35.6,33.3,35.1,2283800
2013-07-09,35.5,36.1,33.1,33.7,1936100
2013-07-10,34.5,34.5,32.0,32.2,1405200
2013-07-11,32.5,33.0,31.0,31.7,676900
2013-07-14,32.5,32.5,31.1,31.3,323800
2013-07-15,32.0,32.2,30.9,31.3,718200
2013-07-16,32.4,34.0,32.3,32.9,1241000
2013-07-17,33.6,33.7,31.9,32.1,809000
2013-07-18,32.9,34.1,32.3,33.0,1376400
2013-07-21,33.5,34.4,32.1,32.5,979200
2013-07-22,31.9,33.0,31.6,31.8,505500
2013-07-23,32.0,32.0,30.0,30.3,422100
2013-07-24,30.7,32.3,30.6,32.0,331300
2013-07-25,31.5,31.9,29.6,30.3,394900
2013-07-28,30.1,30.5,29.0,29.7,318800
2013-07-29,30.3,30.9,29.5,29.9,262500
2013-07-30,30.0,30.4,29.2,29.7,316600
2013-07-31,30.0,30.3,28.8,29.2,336400
2013-08-01,30.0,30.1,29.0,29.3,156200
2013-08-04,29.2,29.2,28.0,28.7,267400
2013-08-05,29.0,30.5,28.8,30.0,214000
2013-08-12,29.8,30.1,29.7,30.0,135200
2013-08-13,30.1,31.0,30.1,30.6,185500
2013-08-14,30.7,31.7,30.2,31.1,499900
2013-08-18,31.8,32.5,31.2,31.8,823000
2013-08-19,32.1,32.1,31.2,31.5,245900
2013-08-20,31.8,32.2,31.1,31.4,601200
2013-08-21,31.4,32.3,31.2,31.6,476900
2013-08-22,31.7,32.4,30.8,31.2,927600
2013-08-25,31.9,32.3,30.0,30.2,803600
2013-08-26,31.0,31.0,30.2,30.6,498700
2013-08-27,31.4,32.0,30.5,30.6,723300
2013-08-29,31.0,31.4,29.8,30.7,552100
2013-09-01,31.0,32.1,31.0,31.5,814300
2013-09-02,31.0,32.0,31.0,31.7,534300
2013-09-03,31.5,31.6,30.9,31.0,462100
2013-09-04,31.1,31.3,30.6,30.7,601800
2013-09-05,30.7,31.5,30.4,30.5,298600
2013-09-08,30.7,30.9,30.1,30.7,488100
2013-09-09,31.0,31.0,29.9,30.0,497900
2013-09-10,30.9,31.5,30.3,30.5,889600
2013-09-11,30.9,31.5,30.1,30.2,491100
2013-09-12,29.1,30.6,29.1,29.9,433500
2013-09-15,30.2,30.3,29.6,29.8,928500
2013-09-16,30.5,30.6,29.7,29.8,528200
2013-09-17,29.7,31.5,29.7,31.1,889700
2013-09-18,31.6,33.6,31.5,32.3,2057000
2013-09-19,32.0,32.9,31.5,32.3,836600
2013-09-22,32.2,33.6,32.2,33.0,1446900
2013-09-23,33.5,36.1,33.3,35.8,3375200
2013-09-24,36.0,36.9,34.0,34.2,1572100
2013-09-25,34.0,34.3,32.3,33.3,959200
2013-09-26,33.2,34.7,32.8,34.4,1027300
2013-09-29,34.2,35.1,31.5,32.2,651400
2013-09-30,32.3,32.5,31.2,31.9,455500
2013-10-01,32.5,32.6,31.3,31.5,679200
2013-10-02,32.1,33.0,31.5,32.2,433000
2013-10-03,32.6,32.8,31.8,31.9,492700
2013-10-06,31.9,31.9,31.0,31.0,537500
2013-10-07,31.2,31.5,30.8,30.9,340700
2013-10-08,31.0,31.5,30.7,30.8,695500
2013-10-09,30.8,31.3,30.4,30.5,429500
2013-10-10,30.9,30.9,29.7,29.9,608000
2013-10-20,29.7,29.8,28.8,29.2,202700
2013-10-21,28.9,29.2,28.3,28.9,96900
2013-10-22,29.0,29.7,28.6,29.4,179100
2013-10-23,29.0,30.5,29.0,29.5,423200
2013-10-24,29.5,29.6,28.8,28.9,256500
2013-10-27,29.3,30.6,29.1,30.4,339100
2013-10-28,30.7,30.9,29.1,29.3,961100
2013-10-29,29.3,30.3,27.7,28.0,874000
2013-10-30,27.7,29.5,27.6,28.6,643800
2013-10-31,28.7,28.9,28.5,28.5,385200
2013-11-03,28.4,29.7,28.3,29.2,686500
2013-11-04,29.5,30.0,29.0,29.8,479900
2013-11-05,30.2,30.2,29.1,29.4,358000
2013-11-06,29.3,29.3,28.8,28.9,463800
2013-11-07,29.0,29.2,28.8,28.9,339400
2013-11-10,28.6,29.0,28.4,28.4,390200
2013-11-11,28.5,29.1,28.5,28.7,602200
2013-11-12,28.7,28.7,28.4,28.4,602400
2013-11-14,28.8,28.8,27.0,27.2,1276900
2013-11-17,27.0,29.6,27.0,29.4,1506200
2013-11-18,30.0,30.1,28.6,29.4,774400
2013-11-19,29.5,29.7,28.8,28.8,1148400
2013-11-20,29.0,29.6,28.8,29.1,1450600
2013-11-21,29.3,30.1,28.8,29.9,1288800
2013-11-24,30.0,30.1,28.8,28.8,635300
2013-11-25,29.4,29.4,28.8,28.8,988200
2013-11-26,28.7,30.3,28.7,29.2,1184900
2013-11-27,29.7,30.2,29.0,29.6,527900
2013-11-28,29.4,29.9,29.0,29.2,548000
2013-12-01,28.9,28.9,27.8,27.9,339200
2013-12-02,27.0,28.3,27.0,27.4,225900
2013-12-03,27.8,28.6,27.7,28.2,186700
2013-12-04,28.9,28.9,28.0,28.2,272500
2013-12-05,28.0,28.4,27.8,27.9,284000
2013-12-08,28.4,29.0,28.3,28.8,460900
2013-12-09,29.5,29.5,28.1,28.3,341800
2013-12-10,28.8,29.2,28.4,28.7,519500
2013-12-11,29.1,31.5,28.5,31.5,2876800
2013-12-12,31.5,32.0,29.8,30.7,1138000
2013-12-15,30.2,31.7,29.9,30.8,751400
2013-12-17,31.0,31.3,29.8,30.0,779900
2013-12-18,30.0,30.7,29.7,29.8,512300
2013-12-19,30.0,30.2,28.9,29.3,962600
2013-12-22,30.0,31.2,29.7,30.1,834400
2013-12-23,30.3,30.5,29.6,29.8,564500
2013-12-24,29.1,30.3,29.1,29.3,247300
2013-12-26,29.5,29.6,28.2,28.5,294600
2013-12-29,28.8,29.0,28.1,28.2,78000
2013-12-30,28.6,29.5,28.4,28.5,329200
2014-01-01,29.1,29.3,28.1,28.3,351300
2014-01-02,28.9,28.9,27.7,28.2,319300
2014-01-06,28.8,28.8,27.9,28.1,100000
2014-01-07,28.5,28.7,28.0,28.5,214300
2014-01-08,28.8,28.8,28.4,28.4,267900
2014-01-09,28.9,29.1,28.4,28.4,330800
2014-01-12,28.7,29.2,28.6,28.8,460400
2014-01-13,29.0,29.1,28.6,28.8,483200
2014-01-15,29.1,29.7,28.7,29.0,443500
2014-01-16,29.0,29.1,28.5,28.6,455900
2014-01-19,28.6,28.8,28.3,28.3,634800
2014-01-20,28.5,28.8,28.2,28.5,550400
2014-01-21,29.0,29.2,28.7,28.8,533000
2014-01-22,29.0,31.2,29.0,30.8,2120400
2014-01-23,30.6,31.7,30.6,31.2,1568000
2014-01-26,32.0,34.1,31.7,33.9,3674800
2014-01-27,34.2,34.9,33.6,34.7,2800500
2014-01-28,34.7,34.9,32.9,33.1,1776700
2014-01-29,33.5,34.1,32.8,33.8,1463700
2014-01-30,34.0,34.4,33.6,33.9,1028400
2014-02-02,33.9,34.0,32.3,32.7,1201000
2014-02-03,33.3,33.6,32.2,33.0,1118000
2014-02-04,33.4,34.7,32.7,34.1,1532300
2014-02-05,34.1,34.5,33.5,34.0,787000
2014-02-06,34.1,35.0,34.0,34.4,1330800
2014-02-09,34.4,34.4,33.3,33.5,422200
2014-02-10,33.0,33.3,32.0,32.2,591500
2014-02-11,33.4,33.4,31.7,31.9,296700
2014-02-12,32.7,33.1,32.1,32.5,422500
2014-02-13,33.0,33.0,31.7,31.8,239800
2014-02-16,32.3,32.5,31.7,31.8,322300
2014-02-17,32.0,32.5,31.7,32.0,261900
2014-02-18,32.4,32.4,31.7,31.7,199100
2014-02-19,32.0,32.3,31.8,31.9,334500
2014-02-20,32.4,32.8,32.3,32.6,331500
2014-02-23,32.6,32.8,32.2,32.2,169300
2014-02-24,32.4,32.5,31.3,31.5,230900
2014-02-25,32.0,32.0,31.3,31.4,272800
2014-02-26,31.3,31.4,30.8,30.9,232000
2014-02-27,31.3,31.3,30.7,30.7,402800
2014-03-02,30.7,31.5,30.3,30.4,443100
2014-03-03,30.3,31.0,30.1,30.2,98000
2014-03-04,30.1,31.6,30.1,31.3,231700
2014-03-05,31.6,31.8,30.8,30.8,91500
2014-03-06,30.5,31.5,30.5,31.0,198400
2014-03-09,31.0,31.5,30.8,31.1,188200
2014-03-10,31.1,32.0,31.1,31.4,274600
2014-03-11,31.2,32.0,31.1,31.7,172300
2014-03-12,31.6,32.0,31.3,31.3,211500
2014-03-13,31.9,31.9,31.0,31.0,98600
2014-03-16,31.5,31.5,30.8,31.2,144100
2014-03-18,31.2,31.2,30.7,30.7,112400
2014-03-19,30.8,30.9,30.5,30.7,117400
2014-03-20,30.6,31.1,30.6,30.7,78900
2014-03-23,31.7,31.7,30.9,31.0,118900
2014-03-24,31.8,32.0,30.5,31.4,84400
2014-03-25,31.4,31.7,30.9,31.2,411700
2014-03-27,31.2,31.3,30.8,30.9,49000
2014-03-30,30.8,30.8,30.3,30.3,43300
2014-03-31,30.1,31.0,30.0,30.3,153400
2014-04-01,31.1,31.1,30.2,30.2,161100
2014-04-02,30.7,31.0,30.7,30.8,191400
2014-04-03,31.0,31.2,30.6,30.7,200500
2014-04-06,30.7,30.8,30.4,30.4,206000
2014-04-07,30.2,30.5,30.1,30.1,272400
2014-04-08,30.0,30.0,29.4,29.4,216800
2014-04-09,28.1,29.5,28.1,28.7,156300
2014-04-10,29.2,29.9,28.6,29.0,52800
2014-04-13,28.4,29.5,28.3,29.1,46400
2014-04-15,28.2,29.3,28.2,28.6,138200
2014-04-16,28.6,28.8,28.5,28.5,261900
2014-04-17,28.2,29.2,28.1,28.6,39100
2014-04-20,29.7,29.7,28.8,29.1,49400
2014-04-21,30.7,30.7,28.9,29.0,68900
2014-04-22,28.4,29.5,28.4,28.9,117800
2014-04-23,29.1,29.6,29.1,29.2,65400
2014-04-24,30.5,31.3,29.3,30.6,301300
2014-04-27,30.8,31.0,29.5,30.3,361900
2014-04-28,31.0,31.0,28.7,28.8,161600
2014-04-29,29.0,29.4,28.7,28.8,274900
2014-04-30,28.8,28.9,28.3,28.4,247800
2014-05-04,29.5,30.0,28.5,29.0,144500
2014-05-05,28.6,31.2,28.6,30.3,237300
2014-05-06,30.1,31.1,30.0,30.3,383700
2014-05-07,30.5,30.9,29.9,29.9,96900
2014-05-08,29.5,29.8,29.2,29.5,46300
2014-05-11,29.6,30.4,29.4,30.2,87900
2014-05-12,29.9,31.4,29.9,31.2,863400
2014-05-14,31.0,31.0,30.2,30.3,82000
2014-05-15,29.6,30.3,29.5,29.9,140800
2014-05-18,29.9,30.2,29.9,30.0,66100
2014-05-19,29.9,30.1,29.4,29.6,55100
2014-05-20,29.7,30.3,29.7,29.9,160900
2014-05-21,30.6,30.7,30.0,30.1,106300
2014-05-22,30.2,31.2,30.1,30.2,243700
2014-05-25,30.3,30.8,30.3,30.5,90600
2014-05-26,30.7,30.8,30.3,30.5,75500
2014-05-27,30.6,30.6,30.2,30.5,87800
2014-05-28,30.6,30.6,30.0,30.2,125500
2014-05-29,30.4,30.8,29.7,30.0,183100
2014-06-01,30.1,30.2,29.5,29.6,228500
2014-06-02,30.0,30.0,28.6,28.8,130500
2014-06-03,29.0,30.8,28.3,29.4,151600
2014-06-04,29.6,30.0,29.0,29.5,171900
2014-06-05,29.5,30.4,29.5,29.6,194800
2014-06-08,29.9,30.2,28.7,29.9,151400
2014-06-09,30.8,30.8,29.0,29.2,171800
2014-06-10,30.0,30.0,29.0,29.0,124800
2014-06-11,29.6,30.0,29.0,29.2,178100
2014-06-12,29.2,29.5,28.9,28.9,109300
2014-06-15,28.9,28.9,28.3,28.4,156700
2014-06-16,28.9,28.9,28.0,28.3,45200
2014-06-17,28.1,29.0,28.0,28.5,62000
2014-06-18,28.5,28.8,28.1,28.6,105100
2014-06-19,28.3,28.7,28.1,28.5,51700
2014-06-22,28.3,28.8,27.9,28.2,44700
2014-06-23,28.3,28.3,27.7,27.9,253700
2014-06-24,28.0,28.2,27.8,28.0,139600
2014-06-25,28.4,28.9,28.1,28.4,251500
2014-06-26,28.4,29.3,28.0,28.8,127500
2014-06-29,29.1,29.5,28.9,28.9,83300
2014-06-30,29.2,29.2,28.2,28.3,129200
2014-07-02,28.5,28.5,27.9,28.0,144100
2014-07-03,28.8,28.8,28.1,28.2,21300
2014-07-06,28.2,28.5,28.1,28.1,20600
2014-07-07,28.2,28.2,28.0,28.0,33500
2014-07-08,28.0,28.9,27.9,28.4,56600
2014-07-09,28.8,28.8,28.3,28.4,59300
2014-07-10,28.5,28.5,28.1,28.3,27000
2014-07-13,28.2,28.5,27.8,27.9,85000
2014-07-14,28.0,28.0,27.9,27.9,40900
2014-07-15,27.9,28.1,27.8,28.0,27500
2014-07-16,28.4,28.4,28.0,28.0,117500
2014-07-17,28.5,29.9,28.5,29.4,245600
2014-07-20,29.4,29.4,28.5,28.6,129200
2014-07-21,28.7,30.6,28.1,29.0,268300
2014-07-22,29.3,29.9,29.3,29.7,89400
2014-07-23,29.5,29.7,28.4,28.5,69600
2014-07-24,28.5,28.9,28.4,28.5,68400
2014-08-03,29.0,29.0,28.3,28.7,119400
2014-08-04,28.7,29.0,28.6,28.8,187600
2014-08-05,28.9,29.3,28.6,28.9,274500
2014-08-06,29.4,30.4,29.4,30.1,401300
2014-08-07,30.6,30.8,29.5,29.6,240700
2014-08-10,29.3,29.8,28.6,28.8,878100
2014-08-11,28.8,29.3,28.6,28.6,579000
2014-08-12,28.7,29.0,28.1,28.2,461900
2014-08-13,28.5,29.2,28.2,28.5,226400
2014-08-14,29.0,30.2,28.8,29.5,575800
2014-08-18,29.6,31.0,29.2,30.7,1135200
2014-08-19,31.6,31.6,29.6,29.9,796900
2014-08-20,30.0,30.4,28.6,28.7,323900
2014-08-21,28.8,30.0,28.8,29.5,163700
2014-08-24,30.5,30.5,28.7,29.0,400600
2014-08-25,29.0,29.1,28.5,28.6,342200
2014-08-26,28.8,29.0,28.2,28.3,517600
2014-08-27,28.8,29.2,28.6,28.8,128400
2014-08-28,28.8,29.2,28.3,28.3,431900
2014-08-31,29.0,29.1,28.5,28.5,140000
2014-09-01,28.9,28.9,28.5,28.7,132300
2014-09-02,29.0,29.5,28.7,28.8,373300
2014-09-03,28.8,29.6,28.7,29.4,246000
2014-09-04,29.7,31.5,29.6,31.2,2443200
2014-09-07,31.4,34.2,31.4,33.7,4292900
2014-09-08,33.8,33.9,32.4,32.8,1398400
2014-09-09,34.5,34.8,32.9,33.9,2265600
2014-09-10,34.2,34.2,33.2,33.6,2023800
2014-09-11,34.2,34.2,32.4,32.9,1282000
2014-09-14,32.6,32.8,31.5,32.3,1290000
2014-09-15,32.5,32.9,31.8,32.1,573800
2014-09-16,32.5,34.7,32.3,34.2,1888400
2014-09-17,34.8,34.9,33.5,34.1,1905500
2014-09-18,34.1,37.1,34.1,36.2,3131200
2014-09-21,36.5,37.4,35.5,37.0,1847400
2014-09-22,37.5,37.5,34.0,34.7,1955600
2014-09-23,35.4,35.4,32.5,33.1,1309900
2014-09-24,34.8,35.2,33.3,33.7,722700
2014-09-25,33.9,34.0,32.3,33.0,1071000
2014-09-28,33.4,33.9,32.9,33.1,734700
2014-09-29,32.5,33.2,31.7,32.3,475200
2014-09-30,32.3,32.8,31.8,31.9,392700
2014-10-01,32.5,32.7,31.6,31.9,511800
2014-10-02,32.4,34.4,32.3,33.9,886100
2014-10-12,34.1,34.7,33.2,33.5,445600
2014-10-13,33.3,34.0,32.4,32.5,473000
2014-10-14,32.8,33.2,31.9,31.9,493400
2014-10-15,32.5,32.7,31.6,31.7,338800
2014-10-16,32.0,32.1,31.0,31.2,523400
2014-10-19,32.0,32.0,31.0,31.0,191400
2014-10-20,31.2,31.3,29.9,30.2,288900
2014-10-21,30.9,33.1,30.3,32.2,709200
2014-10-22,33.5,34.3,32.7,33.0,1500100
2014-10-23,33.0,33.3,32.2,32.5,385100
2014-10-26,32.8,33.0,31.1,31.3,434800
2014-10-27,32.0,32.1,31.3,31.5,229800
2014-10-28,31.7,33.1,31.4,32.5,422300
2014-10-29,32.1,32.8,31.0,31.4,317400
2014-10-30,32.2,32.4,31.5,32.0,552700
2014-11-02,32.7,32.7,31.2,31.3,198300
2014-11-03,31.2,31.6,30.0,30.2,1085400
2014-11-05,30.2,31.8,30.2,31.0,271900
2014-11-06,30.8,31.9,30.7,31.2,319800
2014-11-09,30.5,33.0,30.5,31.5,1257400
2014-11-10,32.1,32.5,31.4,31.7,377800
2014-11-11,32.0,33.7,31.9,32.9,1370100
2014-11-12,34.5,34.5,32.8,33.3,779200
2014-11-13,33.3,33.7,32.0,33.2,1051600
2014-11-17,32.0,32.0,30.0,30.2,1059000
2014-11-18,30.2,30.7,28.9,29.1,404500
2014-11-19,29.8,30.0,28.8,28.8,306100
2014-11-20,29.6,29.6,28.0,28.2,446900
2014-11-23,28.6,28.6,27.5,27.5,81000
2014-11-24,27.6,28.0,27.1,27.1,217900
2014-11-25,27.2,28.4,27.2,27.6,122100
2014-11-26,27.4,28.5,27.0,27.1,347200
2014-11-27,27.7,27.8,26.6,26.8,98200
2014-11-30,26.8,27.0,26.4,26.5,122000
2014-12-01,26.9,27.5,26.8,27.3,104600
2014-12-02,28.3,28.3,27.0,27.1,231000
2014-12-03,27.7,27.7,27.2,27.4,221100
2014-12-04,27.2,28.1,27.1,27.6,295700
2014-12-07,27.9,30.0,27.8,29.8,823300
2014-12-08,30.2,30.9,29.8,30.3,1008000
2014-12-09,30.3,30.5,29.4,29.8,453500
2014-12-10,29.8,29.8,28.2,28.9,258300
2014-12-11,28.3,29.3,28.2,29.1,132465
2014-12-14,28.3,29.2,28.3,28.7,64601
2014-12-15,28.4,29.8,28.4,29.4,75049
2014-12-17,28.7,30.1,28.7,29.2,110740
2014-12-18,29.0,29.3,28.2,28.5,80502
2014-12-21,28.2,28.7,27.8,28.1,106460
2014-12-22,28.5,28.5,27.6,27.8,134731
2014-12-23,27.5,28.1,27.0,27.5,84660
2014-12-24,27.5,27.6,27.0,27.1,43732
2014-12-28,27.5,27.5,26.6,26.8,66929
2014-12-29,27.4,27.4,26.6,27.0,72288
2014-12-30,27.0,28.2,26.6,27.8,597053
2015-01-01,27.9,28.1,27.2,27.8,111120
2015-01-05,27.7,27.7,26.5,26.6,170400
2015-01-06,27.0,27.5,26.7,26.9,92241
2015-01-07,27.7,27.7,27.0,27.1,75725
2015-01-08,27.3,27.5,26.8,27.4,104486
2015-01-11,27.0,28.1,27.0,28.0,170642
2015-01-12,28.0,28.3,27.8,28.2,106447
2015-01-13,28.8,28.9,27.4,27.5,146528
2015-01-14,28.1,28.1,26.7,26.9,252286
2015-01-15,27.0,27.3,27.0,27.0,150750
2015-01-18,28.6,28.6,26.5,26.8,237550
2015-01-19,26.6,26.9,25.7,26.2,225500
2015-01-20,26.0,26.7,25.2,25.7,151125
2015-01-21,25.5,25.8,24.9,25.1,208074
2015-01-22,26.4,26.4,25.1,25.6,113731
2015-01-25,25.2,25.7,24.9,25.0,146365
2015-01-26,25.5,26.0,25.2,25.3,100943
2015-01-27,25.1,25.5,24.1,25.1,189136
2015-01-28,25.5,25.5,24.8,25.0,171645
2015-01-29,25.4,25.5,23.9,24.0,160200
2015-02-01,24.9,24.9,23.7,23.7,247613
2015-02-02,23.6,23.8,22.6,23.1,195250
2015-02-03,23.2,24.2,23.0,23.2,164220
2015-02-04,23.4,23.8,23.3,23.7,23900
2015-02-05,23.4,24.2,23.4,24.1,73833
2015-02-08,24.0,24.4,23.8,23.9,37000
2015-02-09,23.8,24.1,23.2,23.4,86780
2015-02-10,23.3,24.2,23.3,24.0,70220
2015-02-11,24.2,24.2,23.3,23.5,317739
2015-02-12,23.5,24.7,23.3,24.4,178544
2015-02-15,25.0,25.2,24.2,24.9,124290
2015-02-16,24.8,24.8,24.1,24.2,130630
2015-02-17,23.7,24.4,23.7,24.3,45681
2015-02-18,23.8,24.5,23.8,24.3,49200
2015-02-19,24.1,24.1,23.9,24.0,59630
2015-02-22,24.3,24.3,23.9,24.0,61140
2015-02-23,24.0,24.1,23.9,23.9,62525
2015-02-24,24.0,24.2,23.9,24.0,75632
2015-02-25,23.9,24.1,23.8,23.9,134972
2015-02-26,23.8,24.4,23.8,24.0,48290
2015-03-01,24.0,24.0,23.8,23.9,56080
2015-03-02,23.7,24.0,23.6,23.7,51500
2015-03-03,23.2,23.9,23.2,23.7,45590
2015-03-04,23.7,24.0,23.5,23.9,31800
2015-03-05,23.9,23.9,23.6,23.7,16557
2015-03-08,23.4,23.8,23.4,23.6,12900
2015-03-09,23.3,23.8,23.1,23.5,33925
2015-03-10,23.4,23.7,23.3,23.6,37935
2015-03-11,23.0,23.6,23.0,23.2,36399
2015-03-12,22.4,23.6,22.4,23.4,21100
2015-03-15,22.6,23.6,22.6,23.4,12275
2015-03-16,23.1,23.5,23.0,23.1,49435
2015-03-18,22.6,23.7,22.6,23.5,132700
2015-03-19,23.5,23.5,22.9,23.0,14750
2015-03-22,23.2,23.4,22.8,22.9,18100
2015-03-23,23.4,23.4,22.8,22.9,58900
2015-03-24,23.0,23.1,22.9,23.1,13900
2015-03-25,23.1,23.2,22.6,22.8,59450
2015-03-29,22.9,23.1,22.4,22.8,32890
2015-03-30,23.5,23.5,22.6,22.9,51756
2015-03-31,22.6,23.0,22.5,22.6,41240
2015-04-01,22.6,22.8,22.4,22.5,68003
2015-04-02,22.5,22.7,22.0,22.6,88250
2015-04-05,22.3,22.8,22.3,22.7,35470
2015-04-06,22.7,22.8,22.1,22.4,93100
2015-04-07,21.6,22.6,21.6,22.2,45659
2015-04-08,21.0,22.1,21.0,21.9,33529
2015-04-09,22.3,22.3,22.0,22.0,33400
2015-04-12,22.3,22.5,21.4,22.2,31350
2015-04-13,22.6,22.6,21.7,22.1,49300
2015-04-15,22.4,22.8,21.9,22.0,77943
2015-04-16,22.5,22.7,22.0,22.0,82960
2015-04-19,21.2,24.0,21.2,23.9,93302
2015-04-20,23.0,23.0,22.8,22.8,22400
2015-04-21,22.6,23.0,21.8,22.8,32030
2015-04-22,22.0,22.9,21.8,22.0,63511
2015-04-23,21.6,22.0,21.5,21.7,24266
2015-04-26,21.9,22.0,21.2,21.5,108745
2015-04-27,20.8,22.0,20.8,21.1,102465
2015-04-29,21.3,21.7,20.7,21.4,66100
2015-04-30,20.5,21.5,20.1,20.7,31450
2015-05-04,19.3,20.9,19.3,20.0,59927
2015-05-05,19.3,20.1,19.3,19.6,28720
2015-05-06,20.2,20.2,19.6,19.7,152510
2015-05-07,19.8,20.3,19.5,19.8,68649
2015-05-10,20.5,20.9,20.2,20.5,87010
2015-05-11,21.0,21.0,20.4,20.6,369490
2015-05-12,20.8,20.8,19.6,19.9,223900
2015-05-13,20.4,20.6,20.0,20.5,313365
2015-05-14,21.5,21.7,20.0,20.1,205939
2015-05-17,20.2,20.2,19.4,19.5,176995
2015-05-18,20.0,20.0,19.4,19.5,150185
2015-05-19,19.6,20.8,19.4,20.0,356704
2015-05-20,20.1,21.7,20.1,21.3,551591
2015-05-21,21.5,22.2,20.5,20.6,299771
2015-05-24,21.1,21.1,20.0,20.1,86858
2015-05-25,21.0,21.0,20.3,20.5,284099
2015-05-26,20.6,21.4,20.0,20.2,362526
2015-05-27,20.9,20.9,19.8,19.9,305295
2015-05-28,20.3,20.4,19.6,19.7,227030
2015-05-31,20.4,20.4,19.1,19.3,402550
2015-06-01,20.0,20.0,19.1,19.7,525976
2015-06-02,19.8,20.1,19.4,19.5,144820
2015-06-04,19.5,19.7,19.4,19.5,113550
2015-06-07,20.9,20.9,19.2,19.3,92370
2015-06-08,19.8,19.8,18.7,19.0,109691
2015-06-09,19.0,19.4,18.8,18.9,97375
2015-06-10,19.0,19.8,19.0,19.7,158215
2015-06-11,19.9,19.9,19.0,19.1,236855
2015-06-14,19.4,19.4,19.0,19.1,137965
2015-06-15,19.1,19.4,19.0,19.1,37263
2015-06-16,19.0,19.3,19.0,19.3,43848
2015-06-17,19.1,19.2,18.8,19.0,183820
2015-06-18,18.9,19.4,18.9,19.2,87517
2015-06-21,19.3,19.5,19.0,19.3,226503
2015-06-22,19.4,19.8,19.3,19.4,97765
2015-06-23,19.5,20.3,19.4,19.6,444850
2015-06-24,19.8,20.1,19.6,19.7,208805
2015-06-25,19.6,19.8,19.4,19.6,286980
2015-06-28,19.6,20.0,19.5,19.9,130779
2015-06-29,20.0,20.9,19.6,20.4,467813
2015-06-30,21.0,21.7,20.8,21.4,759843
2015-07-02,21.5,21.5,20.7,21.0,220506
2015-07-05,20.8,21.2,20.6,20.8,236428
2015-07-06,20.9,20.9,20.6,20.8,217096
2015-07-07,20.6,21.1,20.6,20.9,275640
2015-07-08,21.1,21.7,21.0,21.4,455961
2015-07-09,21.2,21.6,21.1,21.5,439926
2015-07-12,21.1,22.3,21.1,22.1,288285
2015-07-13,22.3,23.7,22.2,22.4,404642
2015-07-14,22.3,22.5,21.9,22.2,108958
2015-07-21,22.2,22.4,21.6,21.7,139525
2015-07-22,21.8,22.3,21.6,22.2,293605
2015-07-23,21.7,22.2,21.7,22.0,209143
2015-07-26,21.4,22.4,21.0,21.9,234389
2015-07-27,21.6,21.9,21.6,21.8,62600
2015-07-28,22.0,22.0,21.7,21.8,147927
2015-07-29,21.8,22.3,21.7,21.8,174370
2015-07-30,21.8,22.0,21.6,21.9,103670
2015-08-02,21.8,21.8,21.6,21.7,204045
2015-08-03,21.7,22.0,21.6,21.9,198905
2015-08-04,22.2,22.7,22.0,22.4,290662
2015-08-05,22.2,22.4,22.1,22.1,130573
2015-08-06,22.1,22.1,21.2,22.0,105415
2015-08-09,22.0,23.4,22.0,22.8,658287
2015-08-10,23.0,23.9,23.0,23.6,429249
2015-08-11,23.5,23.9,22.8,22.9,440175
2015-08-12,22.8,23.9,22.6,23.7,597085
2015-08-13,23.4,24.1,23.0,23.2,451529
2015-08-16,23.1,23.3,22.8,23.0,189959
2015-08-17,23.0,23.1,22.4,22.5,275971
2015-08-18,22.5,22.9,22.3,22.6,302115
2015-08-19,22.7,23.2,22.2,22.6,183811
2015-08-20,22.3,22.7,22.3,22.6,193240
2015-08-23,23.0,23.0,22.3,22.5,278473
2015-08-24,22.5,22.7,22.0,22.1,294419
2015-08-25,21.8,22.2,21.8,22.0,237845
2015-08-26,22.1,22.4,22.0,22.1,106693
2015-08-27,22.5,22.5,22.0,22.1,101065
2015-08-30,22.0,22.0,21.5,21.6,92760
2015-08-31,21.8,21.8,21.4,21.5,85150
2015-09-01,21.3,21.3,20.6,21.0,131098
2015-09-02,21.1,21.7,20.9,21.5,61650
2015-09-03,21.5,21.7,21.2,21.3,73730
2015-09-06,21.4,21.9,21.3,21.9,106022
2015-09-07,22.5,22.6,21.2,21.4,180960
2015-09-08,21.9,21.9,21.0,21.2,122950
2015-09-09,21.3,21.5,21.0,21.1,108167
2015-09-10,21.1,21.3,21.0,21.1,72760
2015-09-13,21.3,21.4,20.5,21.0,170250
2015-09-14,21.2,21.2,20.9,21.0,60290
2015-09-15,21.1,21.1,20.8,20.9,137470
2015-09-16,20.9,21.0,20.8,20.8,144197
2015-09-17,20.9,21.1,20.8,20.9,125850
2015-09-20,21.0,21.1,20.7,20.8,68770
2015-09-21,21.1,21.2,20.5,20.6,148502
2015-09-22,20.5,21.0,20.5,20.9,53786
2015-09-28,20.7,21.0,20.7,20.9,64100
2015-09-29,21.5,21.5,20.7,20.9,114687
2015-09-30,21.0,21.1,20.8,21.0,59615
2015-10-01,20.8,21.0,20.6,20.8,170002
2015-10-04,20.5,20.8,20.1,20.4,40540
2015-10-05,20.7,21.0,20.5,20.8,124370
2015-10-06,20.8,20.8,20.2,20.4,218982
2015-10-07,20.5,20.5,19.4,19.8,26927
2015-10-08,19.8,19.8,19.2,19.4,118250
2015-10-11,19.5,20.0,19.4,19.7,28540
2015-10-12,19.4,19.9,19.3,19.7,43372
2015-10-13,19.6,19.7,19.5,19.5,203685
2015-10-14,19.8,19.8,19.4,19.5,13850
2015-10-15,19.4,19.8,19.2,19.4,91550
2015-10-18,19.6,19.6,18.5,19.0,67562
2015-10-19,18.8,18.8,18.4,18.5,41450
2015-10-20,18.9,19.4,18.4,18.9,27060
2015-10-21,18.5,18.8,18.5,18.6,71655
2015-10-25,18.5,19.3,18.5,18.9,28400
2015-10-26,20.0,20.0,19.2,19.6,73970
2015-10-27,19.4,19.4,19.2,19.3,8760
2015-10-28,18.5,19.1,18.4,18.6,117490
2015-10-29,18.5,19.2,18.4,18.6,94350
2015-11-01,18.7,18.7,17.8,17.8,56676
2015-11-02,17.9,18.0,16.9,17.3,120340
2015-11-03,17.5,17.6,16.9,17.0,158447
2015-11-04,17.3,17.3,16.8,16.8,77030
2015-11-05,16.5,16.9,16.4,16.6,44555
2015-11-08,16.1,17.1,16.1,16.5,43353
2015-11-09,17.0,17.0,15.9,16.1,72610
2015-11-10,16.8,16.8,15.6,15.7,99951
2015-11-11,15.7,16.1,15.5,16.1,138600
2015-11-12,15.9,16.4,15.9,16.3,22948
2015-11-15,16.0,16.2,15.8,16.0,122545
2015-11-16,16.1,16.8,16.1,16.7,49763
2015-11-17,16.8,16.8,16.6,16.6,99783
2015-11-18,16.6,17.0,16.5,16.7,65545
2015-11-22,13.4,15.5,13.4,15.4,72090
2015-11-23,16.9,16.9,15.4,15.5,125542
2015-11-24,15.5,15.5,14.8,15.0,39900
2015-11-25,15.0,15.2,14.8,14.9,59345
2015-11-26,14.9,14.9,14.5,14.7,39567
2015-11-29,15.3,15.3,14.5,14.7,60991
2015-11-30,14.8,14.8,14.6,14.6,71480
2015-12-01,14.7,14.8,14.6,14.8,74675
2015-12-02,14.8,14.9,14.8,14.8,102787
2015-12-03,14.8,14.9,14.6,14.7,142930
2015-12-06,14.7,14.9,14.4,14.5,142170
2015-12-07,14.5,14.6,14.5,14.5,91428
2015-12-08,14.6,14.7,14.0,14.0,124550
2015-12-09,13.8,14.5,13.8,14.2,72533
2015-12-10,14.2,14.3,14.0,14.0,61150
2015-12-13,14.1,14.1,13.4,13.5,44140
2015-12-14,13.7,13.7,13.4,13.5,129185
2015-12-15,14.2,14.2,13.4,13.4,41545
2015-12-17,13.3,13.7,13.3,13.6,15847
2015-12-20,13.9,14.0,13.5,13.7,77800
2015-12-21,14.1,14.1,13.6,13.8,28195
2015-12-22,14.2,14.4,13.8,13.9,120650
2015-12-23,14.0,14.1,13.7,13.8,73600
2015-12-24,14.0,14.0,13.8,13.8,52725
2015-12-27,13.8,14.0,13.8,13.8,40783
2015-12-28,13.9,13.9,13.6,13.7,21950
2015-12-29,13.6,13.8,13.6,13.7,47755
2015-12-30,13.9,14.0,13.8,13.9,93708
2015-12-31,13.9,14.2,13.9,14.1,251990
2016-01-03,14.1,14.1,13.9,13.9,54323
2016-01-04,13.9,14.0,13.8,14.0,148838
2016-01-05,14.0,14.0,13.8,13.9,195375
2016-01-06,14.0,14.7,13.9,14.5,529200
2016-01-07,14.7,15.0,14.3,14.4,266452
2016-01-10,14.4,15.1,14.3,14.9,285499
2016-01-11,15.1,15.7,15.1,15.4,357476
2016-01-12,15.5,15.8,15.3,15.5,557622
2016-01-13,15.8,16.5,15.8,16.0,517140
2016-01-14,16.1,16.2,15.6,15.7,325836
2016-01-17,15.5,15.7,15.1,15.2,172014
2016-01-18,15.3,16.7,15.1,16.6,713193
2016-01-19,16.7,16.7,16.2,16.2,312428
2016-01-20,16.4,17.2,16.2,16.5,650774
2016-01-21,16.6,17.0,16.0,16.1,332154
2016-01-24,16.4,17.0,16.0,16.7,573128
2016-01-25,17.0,17.7,16.3,17.4,1080280
2016-01-26,17.4,17.6,16.8,17.4,1509930
2016-01-27,17.5,17.7,16.5,16.6,335267
2016-01-28,16.6,16.6,15.6,16.2,190283
2016-01-31,15.8,16.2,15.0,15.0,452183
2016-02-01,15.0,15.4,15.0,15.3,127245
2016-02-02,15.2,15.6,15.0,15.1,100879
2016-02-03,15.1,15.2,14.8,14.9,69141
2016-02-04,15.0,15.0,14.4,14.7,179752
2016-02-07,14.5,14.7,14.5,14.6,78380
2016-02-08,14.5,14.8,14.3,14.5,83000
2016-02-09,14.5,15.0,14.4,14.9,91511
2016-02-10,15.1,15.2,14.7,15.0,74719
2016-02-11,14.9,15.0,14.7,15.0,47354
2016-02-14,14.8,14.8,14.4,14.5,44010
2016-02-15,14.4,15.4,14.4,15.0,55082
2016-02-16,14.9,15.0,14.5,14.7,64090
2016-02-17,15.0,15.4,14.6,14.6,103075
2016-02-18,14.5,14.8,14.5,14.5,24530
2016-02-22,14.5,14.6,14.4,14.5,15382
2016-02-23,14.4,14.7,14.4,14.5,37630
2016-02-24,14.5,14.8,14.5,14.6,137905
2016-02-25,14.6,14.9,14.4,14.5,92992
2016-02-28,14.6,14.7,14.0,14.2,59395
2016-02-29,14.3,14.6,14.2,14.4,177556
2016-03-01,14.4,14.6,14.0,14.2,76635
2016-03-02,14.6,14.7,14.3,14.5,50679
2016-03-03,14.4,14.4,14.0,14.2,95405
2016-03-06,14.2,14.2,14.0,14.2,23300
2016-03-07,14.4,14.4,14.1,14.2,24423
2016-03-08,14.0,14.3,13.8,14.1,42775
2016-03-09,14.1,14.3,14.1,14.2,24722
2016-03-10,14.2,14.3,13.8,14.2,38492
2016-03-13,14.1,14.3,14.1,14.3,26415
2016-03-14,14.0,14.5,14.0,14.4,37001
2016-03-15,14.5,14.7,14.5,14.6,41941
2016-03-16,14.7,14.7,14.3,14.6,62169
2016-03-20,14.4,15.2,14.4,15.1,138496
2016-03-21,15.2,15.3,14.9,15.0,36115
2016-03-22,14.7,14.9,14.7,14.7,43129
2016-03-23,14.3,14.5,14.1,14.2,113125
2016-03-24,14.1,14.4,14.1,14.4,44200
2016-03-27,14.2,14.3,14.2,14.3,27690
2016-03-28,14.2,14.3,14.2,14.2,17635
2016-03-29,14.1,14.4,14.0,14.2,36918
2016-03-30,14.1,14.4,14.1,14.3,14230
2016-03-31,14.2,14.7,14.0,14.1,125455
2016-04-03,14.1,14.5,14.1,14.2,25639
2016-04-04,14.2,14.5,14.2,14.2,71452
2016-04-05,14.2,14.5,14.2,14.3,110234
2016-04-06,14.2,14.4,13.9,14.0,237660
2016-04-07,14.3,14.3,13.8,14.0,109630
2016-04-10,14.1,14.2,13.8,14.0,38267
2016-04-11,14.0,14.0,13.8,13.8,49998
2016-04-12,13.9,14.1,13.8,14.0,41663
2016-04-13,13.9,14.3,13.9,14.1,22622
2016-04-17,13.9,13.9,13.6,13.7,58435
2016-04-18,14.0,14.2,13.8,14.0,21675
2016-04-19,14.0,14.1,13.8,13.9,36405
2016-04-20,13.9,14.0,13.9,14.0,38569
2016-04-21,13.7,14.0,13.7,13.8,66391
2016-04-24,13.7,14.0,13.7,13.8,49775
2016-04-25,13.9,13.9,13.7,13.9,69174
2016-04-26,13.7,13.8,13.6,13.7,30001
2016-04-27,13.8,13.8,13.7,13.7,57300
2016-04-28,13.5,13.5,13.5,13.5,68590
2016-05-02,13.2,13.5,13.2,13.5,43135
2016-05-03,13.7,14.3,13.5,14.1,34337
2016-05-04,13.5,14.8,13.5,14.0,23142
2016-05-05,13.7,14.0,13.6,13.7,117455
2016-05-08,14.0,14.1,13.8,13.9,35665
2016-05-09,13.7,13.8,13.6,13.7,23365
2016-05-10,14.0,14.0,13.6,13.7,12110
2016-05-11,13.5,13.7,13.5,13.6,16289
2016-05-12,13.8,13.8,13.6,13.7,17880
2016-05-15,13.6,13.7,13.5,13.6,36342
2016-05-16,13.4,13.7,13.4,13.6,39127
2016-05-17,14.0,14.1,13.8,14.0,90851
2016-05-18,14.0,14.0,13.6,13.8,48342
2016-05-19,14.0,14.3,14.0,14.1,96750
2016-05-22,14.3,14.4,13.9,14.2,61022
2016-05-24,14.1,14.3,13.9,14.0,62276
2016-05-25,14.2,14.3,14.0,14.1,102310
2016-05-26,13.8,14.7,13.8,14.4,173013
2016-05-29,14.5,14.7,14.4,14.6,183301
2016-05-30,14.8,14.8,14.4,14.5,112568
2016-05-31,14.1,14.4,14.1,14.2,45377
2016-06-01,14.3,14.8,14.2,14.6,97754
2016-06-02,14.8,14.9,14.5,14.6,95490
2016-06-05,14.3,14.4,14.0,14.2,76485
2016-06-06,14.1,14.4,14.1,14.3,41700
2016-06-07,14.2,14.2,13.9,14.0,37050
2016-06-08,14.0,14.5,14.0,14.3,58484
2016-06-09,14.4,14.7,14.2,14.3,63547
2016-06-12,14.2,14.5,14.2,14.3,20720
2016-06-13,14.1,14.1,13.9,14.0,40750
2016-06-14,14.0,14.2,13.9,14.0,15373
2016-06-15,14.3,14.3,14.0,14.0,28050
2016-06-16,14.0,14.1,14.0,14.0,31176
2016-06-19,13.9,14.1,13.8,13.9,54871
2016-06-20,13.8,13.8,13.7,13.8,42445
2016-06-21,14.0,14.4,14.0,14.2,63267
2016-06-22,14.3,14.3,14.1,14.2,55350
2016-06-23,14.2,14.3,14.1,14.1,22187
2016-06-26,14.0,14.2,14.0,14.1,33156
2016-06-27,14.1,14.2,14.0,14.1,10135
2016-06-28,14.1,14.2,14.1,14.2,51150
2016-06-29,14.2,14.3,14.0,14.2,34455
2016-06-30,14.1,14.3,14.0,14.1,18950
2016-07-10,14.0,14.0,13.9,13.9,49380
2016-07-11,13.9,14.0,13.8,13.8,65000
2016-07-12,13.8,13.9,13.8,13.8,105242
2016-07-13,13.9,13.9,13.5,13.7,115053
2016-07-14,13.8,13.9,13.8,13.8,11145
2016-07-16,13.8,14.0,13.7,13.8,14935
2016-07-17,13.7,13.8,13.5,13.6,63299
2016-07-18,13.7,13.8,13.5,13.6,52035
2016-07-19,13.7,13.7,13.1,13.3,452245
2016-07-20,13.3,13.7,13.3,13.5,49115
2016-07-21,13.5,13.5,13.4,13.4,18222
2016-07-24,13.4,13.6,13.3,13.4,36512
2016-07-25,13.5,13.5,13.3,13.3,26751
2016-07-26,13.2,13.3,13.2,13.2,48055
2016-07-27,13.2,13.3,13.2,13.2,19095
2016-07-28,13.4,13.5,13.2,13.3,37222
2016-07-31,13.3,13.4,13.1,13.2,69694
2016-08-01,13.3,13.5,13.1,13.4,63500
2016-08-02,13.4,13.9,13.4,13.8,181482
2016-08-03,13.9,14.1,13.6,13.7,154715
2016-08-04,13.6,14.0,13.5,13.8,66918
2016-08-07,13.8,13.9,13.7,13.7,59577
2016-08-08,13.6,13.7,13.3,13.4,188406
2016-08-09,13.5,13.8,13.5,13.7,30085
2016-08-10,13.6,13.8,13.6,13.7,66820
2016-08-11,13.8,13.9,13.5,13.6,153664
2016-08-14,13.7,13.9,13.6,13.8,104265
2016-08-16,13.8,14.0,13.8,14.0,147729
2016-08-17,13.9,14.0,13.8,13.9,30183
2016-08-18,14.0,14.0,13.6,13.6,90000
2016-08-21,13.6,13.7,13.3,13.5,48921
2016-08-22,13.7,13.7,13.4,13.5,92457
2016-08-23,13.4,13.7,13.4,13.5,97740
2016-08-24,13.5,13.5,13.2,13.3,158070
2016-08-28,13.3,13.3,13.2,13.2,71156
2016-08-29,13.3,13.3,13.2,13.2,130180
2016-08-30,13.5,13.5,13.2,13.3,105586
2016-08-31,13.5,13.5,13.2,13.3,50666
2016-09-01,13.2,13.5,13.2,13.3,63316
2016-09-04,13.3,13.5,13.3,13.4,67908
2016-09-05,13.5,13.7,13.5,13.6,100521
2016-09-06,13.7,13.7,13.5,13.5,98844
2016-09-07,13.5,13.6,13.4,13.5,52174
2016-09-08,13.6,13.6,13.3,13.5,315291
2016-09-18,13.3,13.7,13.3,13.6,55091
2016-09-19,13.6,13.6,13.4,13.4,110970
2016-09-20,13.4,13.5,13.4,13.5,46255
2016-09-21,13.5,13.6,13.4,13.5,178090
2016-09-22,13.5,14.0,13.4,13.8,191389
2016-09-24,13.8,13.8,13.6,13.7,186391
2016-09-25,13.8,14.2,13.8,13.9,290149
2016-09-26,14.0,14.1,13.9,14.1,257545
2016-09-27,14.1,14.2,13.9,13.9,152950
2016-09-28,13.9,13.9,13.7,13.8,204367
2016-09-29,13.7,14.2,13.7,14.1,250267
2016-10-02,14.1,14.5,14.1,14.4,642560
2016-10-03,14.5,14.6,14.3,14.5,395255
2016-10-04,14.6,14.8,14.3,14.6,499525
2016-10-05,14.7,14.8,14.4,14.5,290958
2016-10-06,14.7,14.7,14.4,14.6,276611
2016-10-09,14.7,14.9,14.4,14.5,466494
2016-10-10,14.5,14.6,14.3,14.4,138265
2016-10-13,14.4,14.5,14.2,14.4,174128
2016-10-16,14.4,14.4,14.2,14.3,115185
2016-10-17,14.3,14.3,14.0,14.1,408782
2016-10-18,13.9,14.2,13.9,14.1,131969
2016-10-19,14.2,14.2,13.8,14.0,119046
2016-10-20,14.1,14.2,14.0,14.1,136215
2016-10-23,14.3,14.3,14.1,14.1,176745
2016-10-24,14.3,14.3,14.0,14.1,90459
2016-10-25,14.2,14.2,13.9,13.9,87275
2016-10-26,13.9,13.9,13.8,13.8,115355
2016-10-27,13.9,13.9,13.4,13.6,52555
2016-10-30,13.9,14.0,13.4,13.5,94461
2016-10-31,13.4,13.8,13.4,13.7,76515
2016-11-01,13.9,14.0,13.7,13.8,88905
2016-11-02,14.0,14.1,13.9,14.0,244793
2016-11-03,13.9,14.1,13.8,14.1,146139
2016-11-06,14.1,14.1,13.9,13.9,229044
2016-11-07,14.0,14.1,13.8,13.8,199886
2016-11-08,14.1,14.1,13.9,13.9,113330
2016-11-09,13.9,13.9,13.6,13.8,149625
2016-11-10,13.9,13.9,13.6,13.7,62756
2016-11-13,13.7,13.9,13.7,13.7,55890
2016-11-14,13.7,13.8,13.5,13.6,49016
2016-11-15,13.6,13.9,13.6,13.9,111815
2016-11-16,13.9,13.9,13.7,13.7,71551
2016-11-17,13.6,14.0,13.6,13.9,172052
2016-11-20,14.0,14.0,13.7,13.8,202230
2016-11-22,13.2,13.7,13.1,13.7,441499
2016-11-23,13.7,13.8,13.4,13.6,268986
2016-11-24,13.7,13.8,13.4,13.4,329825
2016-11-27,13.6,13.6,13.4,13.5,130705
2016-11-28,13.5,13.7,13.5,13.5,273670
2016-11-29,13.6,14.5,13.6,14.1,1623710
2016-11-30,14.2,14.2,13.7,14.0,364442
2016-12-01,14.0,14.1,13.8,14.0,418990
2016-12-04,13.8,14.1,13.8,14.1,408363
2016-12-05,14.1,14.2,14.0,14.1,407056
2016-12-06,14.2,14.7,14.2,14.4,744074
2016-12-07,14.6,15.1,14.5,15.0,1674613
2016-12-08,15.2,15.7,15.2,15.4,1160283
2016-12-11,15.5,15.7,14.7,14.8,1056327
2016-12-12,14.8,15.0,14.6,14.7,393488
2016-12-14,14.6,15.2,14.6,14.7,497631
2016-12-15,14.8,15.0,14.6,14.6,481590
2016-12-18,14.6,14.6,14.2,14.3,506732
2016-12-19,14.5,14.9,14.3,14.7,557129
2016-12-20,14.8,15.1,14.5,14.6,572880
2016-12-21,14.7,15.1,14.5,14.9,425669
2016-12-22,15.0,15.9,15.0,15.8,1763055
2016-12-26,16.0,16.7,16.0,16.4,1019317
2016-12-27,16.4,16.8,15.3,15.8,1341626
2016-12-28,15.8,16.0,15.4,15.7,457539
2016-12-29,15.8,16.2,15.8,15.9,611459
2017-01-01,16.2,16.8,16.0,16.5,878371
2017-01-02,16.3,16.7,15.9,16.1,591388
2017-01-03,16.1,16.1,15.7,15.8,600792
2017-01-04,15.7,16.4,15.7,16.3,536518
2017-01-05,16.3,16.5,16.0,16.1,584047
2017-01-08,16.0,16.2,15.7,15.8,229527
2017-01-09,15.9,16.3,15.7,16.2,204262
2017-01-10,16.3,16.8,16.2,16.7,861180
2017-01-11,16.9,17.2,16.5,16.9,1122346
2017-01-12,17.0,17.3,16.7,16.9,1291862
2017-01-15,17.0,18.2,16.8,17.6,1134121
2017-01-16,18.0,18.3,17.5,17.9,1297140
2017-01-17,17.9,18.0,17.5,17.6,964351
2017-01-18,17.8,18.4,17.4,17.7,1581663
2017-01-19,17.6,18.0,17.5,17.9,928223
2017-01-22,18.0,19.5,18.0,19.2,2547842
2017-01-23,19.7,21.1,19.7,20.6,3563832
2017-01-24,20.7,20.8,19.7,19.9,1545466
2017-01-25,20.4,20.8,19.5,19.7,1567547
2017-01-26,20.0,20.2,19.2,19.4,1047124
2017-01-29,19.7,19.8,17.7,18.1,601016
2017-01-30,18.1,18.8,16.8,17.3,1121225
2017-01-31,17.2,18.5,17.2,17.9,832883
2017-02-01,18.2,18.7,17.9,18.1,826129
2017-02-02,18.4,18.4,17.5,17.6,539619
2017-02-05,17.7,17.9,17.3,17.5,273641
2017-02-06,17.3,18.0,17.2,17.4,452473
2017-02-07,17.4,17.9,17.2,17.7,223067
2017-02-08,17.9,18.6,17.8,18.5,421342
2017-02-09,18.8,18.8,18.0,18.1,418677
2017-02-12,18.3,18.6,18.0,18.1,512907
2017-02-13,18.4,18.6,18.2,18.4,696314
2017-02-14,18.5,18.7,18.4,18.6,712636
2017-02-15,18.9,19.5,18.6,18.8,1201959
2017-02-16,18.9,19.2,18.6,19.0,571747
2017-02-19,19.5,19.7,19.2,19.5,1089368
2017-02-20,19.7,19.7,19.0,19.1,715678
2017-02-22,19.1,19.2,18.8,19.0,586567
2017-02-23,19.2,19.2,18.7,18.8,583964
2017-02-26,19.0,19.1,18.8,18.9,530788
2017-02-27,18.9,19.0,18.6,18.7,424612
2017-02-28,18.9,19.0,18.6,18.9,461487
2017-03-01,18.9,19.3,18.8,18.9,333494
2017-03-02,18.9,18.9,18.6,18.7,181093
2017-03-05,18.6,18.7,18.5,18.5,148582
2017-03-06,18.5,18.8,18.5,18.6,235200
2017-03-07,18.8,19.3,18.8,19.1,732095
2017-03-08,19.2,19.2,18.7,18.8,302834
2017-03-09,19.0,19.2,18.6,18.7,548470
2017-03-12,18.9,19.1,18.9,18.9,307462
2017-03-13,18.9,19.5,18.9,19.3,1176974
2017-03-14,19.0,19.5,19.0,19.3,527760
2017-03-15,19.5,20.4,19.1,20.2,2202806
2017-03-16,20.3,21.3,20.0,21.1,3190493
2017-03-19,21.2,21.6,20.6,20.9,2516895
2017-03-20,20.9,21.3,20.7,20.9,1785923
2017-03-21,21.0,21.0,20.3,20.5,660934
2017-03-22,20.7,21.2,20.7,20.8,1351936
2017-03-23,20.8,21.0,20.5,20.7,486005
2017-03-27,20.9,21.0,20.2,20.4,531257
2017-03-28,20.4,20.7,19.7,20.0,487505
2017-03-29,20.2,20.4,19.2,19.4,460653
2017-03-30,19.1,19.7,19.1,19.2,320301
2017-04-02,19.3,19.4,19.2,19.4,213427
2017-04-03,19.4,20.1,19.3,19.9,331209
2017-04-04,20.2,20.5,19.8,20.3,704230
2017-04-05,20.5,20.5,19.7,19.8,210704
2017-04-06,19.9,20.1,19.6,19.7,388202
2017-04-09,19.6,20.1,18.5,19.1,377543
2017-04-10,19.0,19.8,19.0,19.6,507375
2017-04-11,20.1,21.3,19.7,20.9,2156322
2017-04-12,21.2,21.6,20.7,20.9,1843048
2017-04-13,20.9,21.7,20.8,21.6,1989222
2017-04-16,21.8,23.0,21.7,22.4,3059575
2017-04-17,22.4,22.7,21.5,21.7,1764489
2017-04-18,21.7,22.3,21.3,21.4,1540473
2017-04-19,21.3,21.8,20.4,20.6,663745
2017-04-20,21.2,21.2,20.1,20.4,961335
2017-04-23,20.3,20.5,19.5,19.7,488014
2017-04-24,20.0,20.1,19.0,19.2,622378
2017-04-25,19.3,19.5,19.0,19.4,474677
2017-04-26,19.5,19.8,19.2,19.8,597681
2017-04-27,20.3,21.1,20.3,20.4,1814298
2017-04-30,20.6,20.6,19.9,20.3,549426
2017-05-02,20.5,20.8,20.3,20.5,930362
2017-05-03,20.7,21.0,20.6,20.7,811338
2017-05-04,20.7,21.4,20.7,21.3,1650234
2017-05-07,21.7,22.1,21.5,21.7,2012267
2017-05-08,21.8,21.9,21.3,21.4,970471
2017-05-09,21.5,21.8,20.9,21.1,859577
2017-05-11,21.1,21.7,21.1,21.6,1237673
2017-05-14,21.7,21.9,21.1,21.1,992478
2017-05-15,21.2,21.4,20.7,20.8,831969
2017-05-16,21.0,21.4,20.8,21.2,757859
2017-05-17,21.4,21.8,20.9,21.1,1601310
2017-05-18,21.2,21.2,20.4,20.5,1909064
2017-05-21,20.7,20.8,20.2,20.4,418552
2017-05-22,20.5,21.0,20.3,20.5,693102
2017-05-23,20.6,21.2,20.6,21.0,966641
2017-05-24,21.1,21.4,20.7,20.8,1144100
2017-05-25,20.9,21.0,20.6,20.8,455968
2017-05-28,20.8,21.6,20.8,21.5,1576379
2017-05-29,21.6,22.1,21.5,21.6,2609486
2017-05-30,21.6,21.8,21.3,21.4,622504
2017-05-31,21.5,21.6,21.1,21.2,816236
2017-06-01,21.1,21.3,20.7,20.8,841323
2017-06-04,21.1,21.5,21.0,21.2,876924
2017-06-05,21.4,21.9,21.2,21.5,1160410
2017-06-06,21.3,21.7,21.2,21.4,772529
2017-06-07,21.5,21.6,21.1,21.2,970779
2017-06-08,21.3,21.4,21.0,21.2,577394
2017-06-11,21.3,21.3,21.0,21.0,404576
2017-06-12,21.0,21.0,20.8,20.9,601848
2017-06-13,20.9,21.2,20.8,21.1,481887
2017-06-14,21.2,21.3,21.0,21.2,492692
2017-06-15,21.5,21.6,21.2,21.3,852999
2017-06-18,21.3,21.3,21.0,21.1,373050
2017-06-19,21.1,21.2,20.9,21.0,490051
2017-06-20,21.2,21.4,21.1,21.2,575675
2017-06-21,21.3,21.3,21.0,21.1,848486
2017-06-22,21.1,21.3,21.0,21.1,526213
2017-06-28,21.1,21.2,20.9,21.1,483556
2017-06-29,21.2,21.5,20.9,21.3,1295258
2017-07-02,21.4,21.8,21.4,21.7,1554807
2017-07-03,21.8,21.9,21.3,21.5,969884
2017-07-04,21.6,22.0,21.4,21.7,1864400
2017-07-05,21.8,22.2,21.6,22.0,3085158
2017-07-06,22.2,22.4,21.5,21.7,2657461
2017-07-09,21.8,22.3,21.7,22.2,2602559
2017-07-10,22.2,22.5,21.6,21.7,1865643
2017-07-11,21.8,22.2,21.5,21.8,1853548
2017-07-12,21.8,22.0,21.5,21.8,1678773
2017-07-13,20.2,23.2,20.2,23.0,5643572
2017-07-16,23.2,24.0,23.2,23.6,4650434
2017-07-17,23.5,23.5,22.6,22.7,2608534
2017-07-18,22.7,23.1,22.5,22.7,1508766
2017-07-19,22.7,22.8,22.2,22.3,1395785
2017-07-20,22.3,22.6,22.0,22.2,1039943
2017-07-23,22.4,22.4,21.7,21.8,1000985
2017-07-24,21.9,22.7,21.8,22.4,821448
2017-07-25,22.7,22.7,22.0,22.2,909469
2017-07-26,22.3,22.5,22.0,22.3,1015430
2017-07-27,22.5,22.6,21.9,22.0,986025
2017-07-30,22.0,22.1,21.8,21.9,347978
2017-07-31,21.8,22.1,21.5,21.7,1080348
2017-08-01,22.0,22.2,21.6,21.8,1026117
2017-08-02,22.0,22.0,21.4,21.5,1076390
2017-08-03,21.9,22.5,21.5,22.4,1199322
2017-08-06,22.5,22.6,21.7,21.9,1460092
2017-08-07,21.9,21.9,21.6,21.6,448341
2017-08-08,21.8,21.9,21.5,21.6,487275
2017-08-09,22.0,22.2,21.4,21.5,687433
2017-08-10,21.6,21.7,21.0,21.2,803612
2017-08-13,21.2,21.2,20.8,20.9,481873
2017-08-16,21.0,21.1,20.4,20.6,415734
2017-08-17,20.7,20.8,20.2,20.4,432487
2017-08-20,20.5,20.8,20.0,20.2,381238
2017-08-21,20.3,20.5,20.0,20.2,604148
2017-08-22,20.4,20.8,20.2,20.6,402503
2017-08-23,20.9,21.1,20.4,20.6,541514
2017-08-24,20.7,20.9,20.5,20.6,261239
2017-08-27,20.6,20.8,20.4,20.5,383080
2017-08-28,20.6,21.3,20.4,21.0,536431
2017-08-29,21.0,21.4,20.7,20.9,401401
2017-08-30,20.9,21.4,20.9,21.0,638490
2017-08-31,21.1,21.3,20.6,20.7,460625
2017-09-04,20.7,21.0,20.5,20.7,339657
2017-09-05,20.8,21.2,20.7,20.8,505601
2017-09-06,21.1,21.1,20.6,20.7,744473
2017-09-07,20.8,20.9,20.6,20.7,384591
2017-09-10,20.6,20.8,20.4,20.5,585025
2017-09-11,20.7,20.9,20.4,20.7,411933
2017-09-12,20.6,20.8,20.3,20.4,406149
2017-09-13,20.4,20.5,20.1,20.1,757062
2017-09-14,20.5,22.1,20.3,22.1,3766241
2017-09-17,22.4,22.7,22.2,22.5,2689519
2017-09-18,22.6,23.6,22.6,23.0,3865502
2017-09-19,23.3,23.7,23.0,23.5,2942424
2017-09-20,23.5,23.8,22.5,22.7,2863313
2017-09-21,22.9,23.0,21.9,22.2,1345285
2017-09-24,22.5,22.9,22.0,22.2,1253222
2017-09-25,22.2,22.4,22.0,22.0,803740
2017-09-26,22.0,22.2,21.0,21.1,529750
2017-09-27,21.2,22.3,20.9,21.3,1470841
2017-09-28,21.4,21.7,20.8,21.3,354737
2017-10-02,21.4,21.4,20.3,20.4,558222
2017-10-03,20.9,22.4,20.6,21.7,1436864
2017-10-04,22.0,22.6,21.7,21.9,1405960
2017-10-05,22.1,22.4,21.6,22.0,982797
2017-10-08,22.0,23.0,22.0,22.5,2257864
2017-10-09,22.8,22.8,21.7,22.0,1044071
2017-10-10,21.9,22.1,21.2,21.6,618413
2017-10-11,21.9,22.0,20.9,21.1,646050
2017-10-12,21.3,21.3,20.6,21.1,283341
2017-10-15,21.3,21.6,20.7,21.3,501252
2017-10-16,21.5,21.5,21.0,21.4,244578
2017-10-17,21.5,22.5,21.5,22.4,1081940
2017-10-18,22.6,22.6,21.4,21.5,543543
2017-10-19,21.8,21.9,21.0,21.5,388813
2017-10-22,21.7,21.8,20.9,21.1,245313
2017-10-23,21.0,21.0,20.7,20.9,244809
2017-10-24,21.1,21.3,20.4,20.6,401524
2017-10-25,21.3,21.8,20.6,21.1,292837
2017-10-26,21.4,21.5,20.8,21.3,449991
2017-10-29,21.2,21.2,20.6,21.0,279399
2017-10-30,20.7,21.7,20.7,21.5,428225
2017-10-31,21.8,21.8,21.0,21.1,303208
2017-11-01,21.2,21.7,21.0,21.2,430982
2017-11-02,21.5,21.9,21.3,21.7,693130
2017-11-05,21.9,21.9,21.2,21.3,183077
2017-11-06,21.7,21.7,21.0,21.1,433348
2017-11-07,21.1,21.5,20.6,21.1,688716
2017-11-08,21.4,21.4,20.7,20.8,180497
2017-11-09,21.2,21.2,20.7,20.7,281546
2017-11-12,21.0,21.0,20.0,20.4,326727
2017-11-13,20.3,20.6,20.0,20.1,363819
2017-11-14,20.5,21.1,20.1,20.3,584860
2017-11-15,20.1,20.6,20.0,20.2,866743
2017-11-19,19.6,19.8,19.4,19.5,243607
2017-11-20,19.5,19.5,18.8,19.0,430784
2017-11-21,19.3,19.6,19.1,19.3,295235
2017-11-22,19.5,20.9,19.5,20.0,317247
2017-11-23,20.3,20.3,19.6,19.8,323849
2017-11-26,19.9,20.2,19.9,20.1,361052
2017-11-27,20.3,20.6,19.3,20.2,763733
2017-11-28,20.4,20.6,20.0,20.5,441982
2017-11-29,20.7,21.1,20.3,20.4,691521
2017-11-30,20.4,20.5,20.0,20.1,136526
2017-12-03,20.3,20.3,19.5,19.7,747072
2017-12-04,19.9,20.4,19.9,20.3,261502
2017-12-05,20.3,20.7,20.1,20.2,871446
2017-12-06,20.2,20.3,19.7,19.9,265677
2017-12-07,20.2,20.2,19.7,19.9,300461
2017-12-10,20.2,20.2,19.7,19.9,284212
2017-12-11,20.2,20.2,19.6,19.8,240421
2017-12-12,19.9,20.1,19.7,20.0,191031
2017-12-13,19.5,20.4,19.5,19.7,500827
2017-12-14,20.1,20.1,19.7,19.9,133987
2017-12-17,20.2,20.2,19.6,19.7,47910
2017-12-18,19.9,20.0,19.5,19.6,192083
2017-12-19,19.6,19.8,19.4,19.7,456828
2017-12-20,19.4,19.5,19.3,19.4,83166
2017-12-21,19.8,19.8,19.2,19.2,56157
2017-12-24,19.1,19.7,18.9,19.1,153158
2017-12-26,19.1,19.5,18.9,18.9,251840
2017-12-27,18.9,19.3,18.9,18.9,199631
2017-12-28,19.0,19.9,18.9,19.2,901518
2018-01-01,19.5,19.9,19.3,19.7,133823
2018-01-02,19.8,19.9,19.6,19.6,52450
2018-01-03,19.8,21.0,19.3,20.5,640193
2018-01-04,20.9,21.7,20.7,21.0,2221614
2018-01-07,21.3,21.4,20.5,20.6,154193
2018-01-08,20.6,20.9,20.3,20.5,503472
2018-01-09,20.8,21.0,20.5,20.8,387010
2018-01-10,20.8,20.9,20.4,20.6,696593
2018-01-11,20.8,20.8,20.0,20.3,498608
2018-01-14,20.7,20.7,19.9,20.0,264948
2018-01-15,20.4,20.4,19.8,19.9,182430
2018-01-16,20.3,20.5,20.0,20.3,328305
2018-01-17,20.4,20.4,19.7,20.1,303506
2018-01-18,19.9,20.0,19.6,19.6,138492
2018-01-21,19.6,20.1,19.5,19.9,170131
2018-01-22,20.3,20.9,20.0,20.6,715152
2018-01-23,20.9,21.0,20.5,20.9,771118
2018-01-24,21.0,21.1,20.5,20.7,433717
2018-01-25,20.7,20.7,20.1,20.4,201022
2018-01-28,20.3,20.3,19.8,19.9,146975
2018-01-29,20.4,20.4,19.7,19.8,101091
2018-01-30,20.2,20.2,19.0,19.2,600089
2018-01-31,19.3,19.5,18.0,18.3,555056
2018-02-01,18.5,18.7,18.1,18.3,62400
2018-02-04,18.7,18.7,17.8,17.9,126388
2018-02-05,17.9,17.9,17.5,17.7,80753
2018-02-06,18.2,18.9,17.7,17.9,140218
2018-02-07,17.8,18.1,17.8,18.0,389595
2018-02-08,18.4,18.4,17.7,18.1,57078
2018-02-11,18.4,18.9,18.3,18.8,567301
2018-02-12,19.2,19.2,18.4,18.6,293400
2018-02-13,18.6,18.8,18.4,18.6,215813
2018-02-14,18.6,20.1,18.6,19.8,802861
2018-02-15,19.9,20.4,19.7,19.9,717094
2018-02-18,20.0,20.1,19.4,19.9,561320
2018-02-19,19.8,20.3,19.3,19.7,224546
2018-02-20,19.5,19.9,19.2,19.4,236046
2018-02-22,20.0,20.0,19.4,19.5,24867
2018-02-25,19.7,19.8,19.0,19.3,106976
2018-02-26,19.5,19.5,18.8,19.0,72588
2018-02-27,19.0,19.5,19.0,19.1,26102
2018-02-28,19.5,19.6,19.1,19.5,209789
2018-03-01,19.5,19.7,19.4,19.6,93805
2018-03-04,19.7,19.8,19.1,19.2,71925
2018-03-05,19.6,20.5,19.0,19.9,344211
2018-03-06,20.2,20.8,19.7,20.5,389264
2018-03-07,20.7,20.7,20.2,20.6,322304
2018-03-08,20.8,20.8,19.9,20.4,200728
2018-03-11,20.7,20.7,19.8,20.2,73442
2018-03-12,20.5,20.5,19.6,20.2,97700
2018-03-13,20.3,20.3,18.9,19.3,121805
2018-03-14,19.7,20.3,19.1,20.0,141009
2018-03-15,20.1,20.4,19.6,20.3,196624
2018-03-18,20.4,20.7,20.0,20.6,191192
2018-03-19,20.4,20.4,20.0,20.3,99969
2018-03-20,20.3,20.3,19.7,20.1,86578
2018-03-21,20.2,20.3,19.8,19.9,859356
2018-03-22,19.8,21.8,19.7,20.6,746330
2018-03-25,20.9,20.9,20.2,20.7,215525
2018-03-27,20.7,20.9,20.0,20.1,64687
2018-03-28,20.6,21.1,20.1,20.8,676009
2018-03-29,21.0,21.1,20.5,20.8,223399
2018-04-01,21.0,21.0,20.6,20.9,320537
2018-04-02,21.3,21.4,20.7,20.8,205830
2018-04-03,20.7,21.4,20.7,21.1,878256
2018-04-04,21.2,21.3,20.8,21.0,253690
2018-04-05,20.8,21.4,20.8,21.1,536993
2018-04-08,21.3,21.4,21.0,21.0,393401
2018-04-09,21.2,21.3,20.9,21.1,444701
2018-04-10,21.3,21.4,20.8,20.9,149358
2018-04-11,21.2,21.2,20.5,20.6,62353
2018-04-12,20.9,20.9,20.4,20.5,51977
2018-04-15,20.4,20.6,20.3,20.5,31080
2018-04-16,20.2,20.8,20.1,20.3,90450
2018-04-17,20.3,20.9,20.3,20.3,71176
2018-04-18,20.8,20.8,20.1,20.2,59907
2018-04-19,20.0,20.8,19.5,19.6,544512
2018-04-22,20.3,20.3,19.1,19.2,155839
2018-04-23,19.3,19.8,19.2,19.4,64718
2018-04-24,19.6,19.7,18.7,18.9,240830
2018-04-25,19.2,19.4,18.7,18.9,101970
2018-04-26,19.4,19.4,18.6,18.7,274109
2018-04-30,19.0,19.4,18.7,19.0,160197
2018-05-03,19.2,19.6,19.0,19.1,375921
2018-05-06,19.4,19.7,19.3,19.6,353010
2018-05-07,19.8,20.2,19.6,20.0,288847
2018-05-08,20.3,20.3,19.3,19.5,165755
2018-05-09,19.2,20.0,19.2,19.8,192937
2018-05-10,19.6,20.7,19.6,19.7,318234
2018-05-13,20.1,20.1,19.2,19.3,133123
2018-05-14,19.5,20.0,19.3,19.4,146280
2018-05-15,19.6,19.7,18.8,19.0,270236
2018-05-16,18.9,19.4,18.8,18.9,120370
2018-05-17,18.9,19.0,18.6,18.8,133132
2018-05-20,18.6,18.9,18.5,18.6,35842
2018-05-21,18.8,19.1,18.7,18.9,76422
2018-05-22,18.8,19.0,18.7,18.7,108905
2018-05-23,19.1,19.1,18.5,18.6,129668
2018-05-24,18.8,20.4,18.7,20.1,596529
2018-05-27,20.5,21.0,20.1,20.9,4448182
2018-05-28,21.0,21.0,20.0,20.1,361852
2018-05-29,19.8,20.4,19.6,19.7,186134
2018-05-30,19.7,20.2,19.2,19.7,98207
2018-05-31,19.9,19.9,19.4,19.6,37647
2018-06-03,19.8,19.9,19.4,19.6,29683
2018-06-04,19.5,20.1,19.4,19.5,90927
2018-06-05,19.6,19.7,19.5,19.5,5528
2018-06-06,19.5,19.8,19.5,19.7,55330
2018-06-07,19.8,19.8,19.1,19.3,58237
2018-06-10,19.3,19.7,19.0,19.1,117264
2018-06-11,18.8,19.4,18.8,18.9,99164
2018-06-12,19.3,19.3,18.8,18.9,125715
2018-06-18,19.0,19.2,18.8,18.8,31226
2018-06-19,19.1,19.3,18.7,18.8,159800
2018-06-20,19.0,19.5,18.8,19.1,93618
2018-06-21,19.1,19.6,18.8,19.0,301668
2018-06-24,19.5,19.5,19.1,19.3,95100
2018-06-25,19.6,19.8,19.0,19.3,262929
2018-06-26,19.2,19.2,19.0,19.2,118536
2018-06-27,19.2,19.7,19.0,19.2,205841
2018-06-28,19.0,19.3,18.9,19.0,130378
2018-07-02,19.1,19.6,18.8,18.9,415575
2018-07-03,19.3,19.6,18.9,19.1,822306
2018-07-04,19.5,20.0,19.2,19.6,1185073
2018-07-05,20.0,20.6,19.8,20.1,1125692
2018-07-08,20.4,22.1,20.2,22.1,4715723
2018-07-09,22.5,24.3,22.5,23.1,4417127
2018-07-10,23.0,23.4,22.4,22.8,2025738
2018-07-11,23.4,24.9,22.8,23.2,3485265
2018-07-12,23.6,24.0,22.9,23.9,1778120
2018-07-15,24.4,26.0,24.0,25.7,7960315
2018-07-16,25.6,25.9,23.4,23.7,4707761
2018-07-17,23.8,24.0,21.9,22.1,2321128
2018-07-18,21.9,23.0,21.6,21.8,2766543
2018-07-19,22.1,23.8,22.1,23.4,2299177
2018-07-22,23.0,23.9,22.5,22.9,1883549
2018-07-23,23.0,23.1,22.0,22.1,1188894
2018-07-24,22.7,24.2,22.4,23.9,2850889
2018-07-25,24.3,26.2,24.2,26.2,7302060
2018-07-26,27.2,28.8,26.8,27.9,6646283
2018-07-29,27.9,29.7,26.8,27.3,4692483
2018-07-30,27.5,30.0,27.4,29.1,11181314
2018-07-31,29.4,31.5,29.3,30.0,7725177
2018-08-01,30.1,30.7,28.3,28.6,5395592
2018-08-02,28.9,31.4,28.6,31.0,7648165
2018-08-05,31.4,33.4,31.2,32.1,5977924
2018-08-06,32.1,33.5,31.4,31.6,4161781
2018-08-07,31.9,32.8,30.7,31.1,5770709
2018-08-08,31.2,32.0,29.8,30.5,3756509
2018-08-09,31.1,33.5,30.8,33.5,5540614
2018-08-12,33.8,35.0,32.1,33.8,7704764
2018-08-13,33.6,33.6,31.7,32.3,3403852
2018-08-14,32.7,33.0,30.9,31.1,3368602
2018-08-16,32.9,32.9,30.4,30.5,2237772
2018-08-19,30.8,31.2,27.6,28.3,3133399
2018-08-20,28.5,31.1,28.3,30.6,2409433
2018-08-26,31.5,32.8,31.0,32.5,1719074
2018-08-27,32.8,32.8,31.0,31.2,1275303
2018-08-28,31.5,31.9,30.6,31.7,1118358
2018-08-29,31.9,32.4,31.2,31.3,1439287
2018-08-30,31.3,34.4,31.3,34.4,6497371
2018-09-03,35.0,35.6,33.6,35.4,3958428
2018-09-04,34.6,34.9,33.1,33.3,1960883
2018-09-05,33.7,34.5,33.3,33.6,1740644
2018-09-06,33.5,33.9,32.2,33.5,2103172
2018-09-09,34.5,36.8,33.8,36.8,12691105
2018-09-10,37.0,37.4,33.7,36.3,2452203
2018-09-11,36.4,36.6,34.5,35.0,834372
2018-09-12,35.0,35.5,34.3,35.3,3248133
2018-09-13,35.4,36.7,34.8,36.4,1621241
2018-09-16,36.9,37.5,33.7,33.9,5791195
2018-09-17,33.9,34.4,32.3,32.5,5649648
2018-09-18,33.4,35.7,32.0,35.3,5019694
2018-09-19,35.3,38.8,35.3,38.8,5347656
2018-09-20,39.0,39.0,35.6,35.6,2195389
2018-09-23,35.9,36.0,33.4,33.9,780402
2018-09-24,34.0,37.2,33.1,36.7,2951656
2018-09-25,36.7,37.5,34.3,35.3,1304887
2018-09-26,35.5,36.3,34.1,34.4,238699
2018-09-27,34.4,35.3,33.8,34.0,398559
2018-09-30,34.0,36.3,33.9,35.8,545056
2018-10-01,35.8,36.0,34.6,34.9,515780
2018-10-02,35.1,37.5,34.9,36.8,642417
2018-10-03,37.0,37.7,36.3,37.2,510305
2018-10-04,37.2,37.6,36.4,37.2,431428
2018-10-07,37.6,39.4,37.4,38.7,900029
2018-10-08,39.2,39.8,37.5,38.7,982649
2018-10-09,38.7,40.9,38.2,40.3,1352791
2018-10-10,41.0,43.1,40.3,41.9,620068
2018-10-11,41.9,43.4,40.8,42.4,985433
2018-10-14,42.5,43.9,41.4,41.8,533957
2018-10-15,41.2,42.6,40.9,42.4,687908
2018-10-16,42.4,42.5,41.8,41.9,346078
2018-10-17,41.9,41.9,40.1,40.4,301005
2018-10-18,40.5,41.9,40.2,40.9,311736
2018-10-21,40.5,41.2,40.4,40.5,330830
2018-10-22,40.6,41.1,38.9,39.6,243726
2018-10-23,39.3,40.0,38.8,39.3,77457
2018-10-24,39.9,40.0,39.1,39.7,119542
2018-10-25,39.7,40.2,39.0,39.1,128985
2018-10-28,38.3,39.1,38.2,38.7,35143
2018-10-29,39.0,40.6,37.9,39.6,2650538
2018-10-30,40.3,40.9,39.1,39.8,2711853
2018-10-31,41.1,42.8,39.3,40.2,1063515
2018-11-01,40.4,44.2,39.0,42.1,579469
2018-11-04,44.0,46.3,44.0,46.3,1844842
2018-11-05,47.0,50.9,46.6,49.0,4100818
2018-11-06,49.0,52.3,47.9,51.5,729511
2018-11-07,52.0,56.6,52.0,55.6,1503216
2018-11-08,55.8,56.9,53.0,55.9,346094
2018-11-11,55.9,55.9,51.2,51.7,1061560
2018-11-12,51.7,54.0,50.1,51.8,338609
2018-11-13,53.2,53.2,48.8,50.0,318596
2018-11-14,50.0,53.8,49.1,53.3,447279
2018-11-18,53.3,54.7,50.0,53.7,820532
2018-11-19,53.7,58.4,53.7,57.5,9316173
2018-11-20,51.8,58.1,51.8,58.0,989521
2018-11-22,58.0,58.6,56.0,58.0,461956
2018-11-25,58.2,60.5,56.4,60.4,576237
2018-11-26,61.5,61.6,55.4,57.0,7017511
2018-11-27,57.0,57.9,54.1,55.5,300374
2018-11-28,56.9,59.7,54.8,59.4,630676
2018-11-29,60.0,65.2,59.8,64.6,7358963
2018-12-02,64.6,64.6,60.0,61.1,88711
2018-12-03,61.1,62.7,60.3,62.4,443935
2018-12-04,62.4,63.0,62.4,62.9,332287
2018-12-05,63.0,63.0,60.2,62.2,585956
2018-12-06,62.2,65.0,60.7,62.1,725209
2018-12-09,62.2,62.2,59.1,59.9,61507
2018-12-10,59.9,60.9,54.9,55.5,130299
2018-12-11,55.5,56.9,52.5,56.2,108234
2018-12-12,56.8,56.8,53.1,55.9,58489
2018-12-13,56.0,56.1,54.3,55.9,23655
2018-12-17,55.9,55.9,52.1,53.4,17317
2018-12-18,53.4,55.0,50.1,53.1,30921
2018-12-19,54.7,54.7,52.3,53.0,24075
2018-12-20,55.8,55.8,51.6,54.3,1323060
2018-12-23,57.0,57.0,52.6,53.3,1020945
2018-12-24,53.3,53.3,50.9,52.2,566488
2018-12-26,53.0,53.6,52.1,52.3,1643868
2018-12-27,52.5,52.5,51.5,52.0,51615
2019-01-01,52.0,52.0,49.5,50.4,88600
2019-01-02,50.4,55.4,50.4,54.8,119945
2019-01-03,55.5,55.5,53.0,53.6,1549400
2019-01-06,54.0,54.4,52.3,52.7,84628
2019-01-07,52.7,53.2,50.7,51.1,72731
2019-01-08,50.6,54.0,50.6,51.9,544322
2019-01-09,52.9,52.9,50.0,50.4,269094
2019-01-10,51.0,51.0,48.1,49.4,65846
2019-01-13,50.2,54.3,49.2,54.3,375091
2019-01-14,54.8,56.4,52.6,56.2,381120
2019-01-15,56.5,61.0,54.0,60.2,546506
2019-01-16,61.0,64.0,59.6,60.1,248553
2019-01-17,59.2,61.0,57.0,57.1,88589
2019-01-20,57.9,57.9,55.5,56.2,26424
2019-01-21,55.2,56.3,54.8,55.0,79020
2019-01-22,54.7,55.3,53.9,54.4,144583
2019-01-23,54.8,56.0,53.6,54.3,19539
2019-01-24,54.1,55.6,53.0,53.7,49336
2019-01-27,55.0,55.6,53.1,53.9,52599
2019-01-28,54.0,54.7,53.0,53.4,2228842
2019-01-29,54.2,54.2,52.3,52.8,3141279
2019-01-30,53.0,57.8,53.0,57.6,2247680
2019-01-31,58.9,59.3,55.0,58.6,194753
2019-02-03,58.9,59.7,56.0,57.8,139222
2019-02-04,57.8,58.7,56.2,57.6,36740
2019-02-05,55.7,56.9,54.5,54.8,23282
2019-02-06,54.1,55.1,54.0,54.2,16293
2019-02-07,54.2,57.0,53.3,55.7,22499
2019-02-10,57.6,57.6,54.0,54.1,400738
2019-02-11,56.4,56.4,52.6,53.1,44071
2019-02-12,53.4,54.4,51.4,52.2,75084
2019-02-13,51.0,53.8,51.0,52.7,17496
2019-02-14,52.5,57.6,52.5,56.5,585978
2019-02-17,56.5,62.1,56.5,62.1,537085
2019-02-18,68.0,68.0,62.0,62.4,1120534
2019-02-19,64.0,64.0,59.8,62.7,1638493
2019-02-20,62.2,62.2,57.9,59.1,26695
2019-02-24,59.1,63.8,58.4,58.7,8745
2019-02-25,58.2,58.2,56.8,57.3,38978
2019-02-26,55.4,59.8,55.4,59.5,160112
2019-02-27,59.0,59.0,56.6,56.8,155766
2019-03-03,56.1,59.5,56.1,56.9,12433
2019-03-04,56.9,56.9,55.5,56.1,38192
2019-03-05,55.3,55.5,54.2,54.5,41333
2019-03-06,55.0,57.7,54.8,56.9,36833
2019-03-07,56.0,56.0,55.0,55.2,71935
2019-03-10,57.9,57.9,55.3,55.7,5580
2019-03-11,56.0,56.0,55.0,55.1,28701
2019-03-12,55.1,55.1,53.0,53.2,29169
2019-03-13,48.2,54.0,48.2,51.8,28575
2019-03-14,51.6,53.0,51.0,51.3,14340
2019-03-18,53.0,53.0,50.5,51.2,5434
2019-03-19,53.0,53.0,50.7,50.9,17852
2019-03-20,53.0,53.0,49.4,49.8,21835
2019-03-21,50.4,51.9,47.9,50.7,174099
2019-03-24,52.0,52.0,49.3,50.0,8091
2019-03-25,51.3,51.3,49.3,50.0,8785
2019-03-27,50.9,51.4,49.5,49.8,14377
2019-03-28,50.0,51.6,47.5,50.8,157481
2019-03-31,48.2,52.0,48.0,50.1,45049
2019-04-01,48.0,50.3,48.0,48.5,21918
2019-04-02,49.8,50.6,48.9,49.0,18428
2019-04-03,50.1,50.1,47.7,49.1,215723
2019-04-04,50.0,50.4,48.3,50.3,34944
2019-04-07,50.3,50.3,48.4,49.2,25565
2019-04-08,49.6,49.6,48.0,49.0,31663
2019-04-09,48.2,48.6,48.0,48.3,12108
2019-04-10,48.0,48.4,46.1,46.9,8005
2019-04-11,48.2,49.7,46.7,49.1,14951
2019-04-15,49.0,49.0,47.2,48.7,2994
2019-04-16,46.9,47.3,46.8,47.0,6099
2019-04-17,48.9,48.9,46.5,48.0,25097
2019-04-18,49.5,50.8,49.0,50.4,67131
2019-04-21,52.9,52.9,48.4,49.4,23881
2019-04-23,49.8,51.0,47.7,50.3,69017
2019-04-24,51.5,51.5,48.6,49.6,27512
2019-04-25,51.0,51.0,49.1,50.6,94309
2019-04-28,50.5,50.7,50.1,50.6,32005
2019-04-29,50.4,50.6,48.4,49.5,22897
2019-04-30,51.0,51.0,49.6,50.8,135186
2019-05-02,50.7,50.7,48.8,49.3,58907
2019-05-05,51.9,51.9,48.2,48.4,59280
2019-05-06,48.4,49.8,47.7,48.1,74743
2019-05-07,48.0,48.5,46.6,46.7,30248
2019-05-08,46.6,48.1,46.2,46.4,19695
2019-05-09,46.7,47.3,46.3,47.0,20656
2019-05-12,47.1,50.6,47.0,50.0,61273
2019-05-13,49.1,50.4,49.0,49.0,12701
2019-05-14,50.0,50.0,48.0,48.3,4450
2019-05-15,47.8,48.9,46.5,46.9,19326
2019-05-16,49.4,49.4,46.7,46.8,24234
2019-05-19,46.9,48.6,46.9,47.3,30465
2019-05-20,49.2,49.2,46.7,47.0,5627
2019-05-21,48.4,48.4,46.5,46.6,6878
2019-05-22,46.6,47.3,46.6,46.9,1865
2019-05-23,46.7,48.3,46.3,46.5,5100
2019-05-26,46.5,47.3,46.5,46.5,4435
2019-05-27,45.0,47.2,45.0,46.8,13563
2019-05-28,47.3,47.3,46.5,47.0,4981
2019-05-29,46.6,47.3,46.6,46.9,3901
2019-05-30,48.7,48.7,46.0,46.4,9698
2019-06-09,47.2,47.7,47.0,47.1,3707
2019-06-10,47.4,49.3,47.4,47.9,6815
2019-06-11,48.7,48.7,47.2,47.4,10581
2019-06-12,48.1,48.1,47.0,47.1,6645
2019-06-13,49.3,49.3,46.2,47.7,15695
2019-06-16,48.6,48.6,46.4,47.0,23473
2019-06-17,46.5,46.5,45.6,45.9,28743
2019-06-18,47.1,50.0,47.0,48.7,41689
2019-06-19,47.1,48.7,47.0,47.4,5690
2019-06-20,47.1,47.4,46.2,46.6,6480
2019-06-23,46.9,47.7,46.0,46.5,20729
2019-06-24,47.9,47.9,45.6,45.9,7279
2019-06-25,45.7,45.7,45.5,45.5,6040
2019-06-26,46.0,46.7,45.5,45.9,3904
2019-06-27,47.5,47.5,45.5,45.6,103391
2019-06-30,45.6,47.5,45.6,47.0,20011
2019-07-02,47.0,47.9,46.3,46.5,32783
2019-07-03,47.5,47.5,46.0,46.7,8980
2019-07-04,47.3,47.6,45.4,46.6,209525
2019-07-07,47.5,47.5,45.5,46.3,32498
2019-07-08,47.2,47.2,45.7,45.7,4274
2019-07-09,45.6,46.0,45.0,45.3,12576
2019-07-10,44.9,45.0,44.2,44.8,5117
2019-07-11,47.0,47.0,42.5,43.5,844
2019-07-14,43.5,44.8,42.1,42.5,12602
2019-07-15,41.4,41.4,39.1,40.1,15607
2019-07-16,42.0,42.0,39.6,40.7,2835
2019-07-17,40.7,41.0,40.7,41.0,4288
2019-07-18,40.1,41.0,38.5,40.2,3932
2019-07-21,40.0,40.0,38.1,38.6,13822
2019-07-22,38.3,39.4,38.0,38.7,31710
2019-07-23,40.9,41.0,39.0,40.5,5812
2019-07-24,42.4,42.4,39.8,40.8,5600
2019-07-25,42.7,42.7,41.0,41.1,11529
2019-07-28,43.8,43.8,39.9,40.0,1733
2019-07-29,40.0,40.9,40.0,40.4,5072
2019-07-30,39.0,40.7,39.0,39.7,2043
2019-07-31,40.0,40.0,39.0,39.2,2804
2019-08-01,39.0,40.7,39.0,39.6,4024
2019-08-04,40.0,43.0,40.0,42.5,31205
2019-08-05,40.7,43.3,40.7,42.1,5472
2019-08-06,42.3,42.3,40.3,40.6,11776
2019-08-07,40.6,40.6,39.4,39.8,7200
2019-08-08,41.0,41.0,39.6,40.0,51960
2019-08-18,41.7,41.8,41.0,41.4,14103
2019-08-19,41.4,45.5,40.0,44.8,165082
2019-08-20,49.2,49.2,46.5,49.2,448521
2019-08-21,50.0,50.1,47.2,47.3,173066
2019-08-22,47.4,48.0,46.0,46.2,38341
2019-08-25,45.9,50.4,43.5,46.4,56288
2019-08-26,47.5,47.5,44.1,45.2,32796
2019-08-27,45.5,45.5,43.0,43.4,39455
2019-08-28,45.1,45.1,43.0,43.0,77595
2019-08-29,43.9,43.9,42.7,42.9,15857
2019-09-01,44.0,44.0,41.0,41.7,34595
2019-09-02,43.4,43.4,40.7,41.8,23044
2019-09-03,41.0,42.4,41.0,41.6,24817
2019-09-04,42.9,42.9,41.0,41.4,16250
2019-09-05,42.8,43.9,41.0,43.2,38553
2019-09-08,44.9,44.9,42.3,42.5,23262
2019-09-09,43.9,43.9,41.5,41.8,31642
2019-09-11,42.9,42.9,41.1,41.9,48026
2019-09-12,41.2,42.9,41.0,42.0,10924
2019-09-15,42.0,42.0,40.0,40.0,33771
2019-09-16,40.2,41.3,38.6,39.0,27870
2019-09-17,40.1,40.1,36.5,37.4,19725
2019-09-18,39.0,39.0,37.0,37.8,7738
2019-09-19,39.8,39.8,35.1,35.6,22150
2019-09-22,38.0,38.0,35.6,36.8,4221
2019-09-23,39.8,39.8,37.0,38.5,9806
2019-09-24,39.6,39.6,35.7,36.5,13767
2019-09-25,37.2,37.5,35.5,36.0,8421
2019-09-26,37.4,37.4,35.9,36.0,19067
2019-09-29,37.9,37.9,35.4,35.9,15289
2019-09-30,36.6,36.6,35.0,35.0,11757
2019-10-01,35.7,36.2,35.7,36.0,3363
2019-10-02,35.6,36.0,35.6,36.0,18612
2019-10-03,36.6,36.6,35.3,35.7,37393
2019-10-06,36.6,36.6,35.4,35.9,7206
2019-10-07,36.1,36.1,35.0,35.2,3037
2019-10-09,35.7,35.9,34.0,34.8,3115
2019-10-10,36.1,36.1,34.1,34.9,344
2019-10-13,36.0,36.0,33.0,33.2,8687
2019-10-14,33.2,33.8,31.0,31.2,18651
2019-10-15,31.4,34.2,31.4,33.7,19811
2019-10-16,33.7,33.7,32.0,32.1,5267
2019-10-17,33.9,33.9,31.0,31.5,14383
2019-10-20,33.7,33.7,31.0,32.2,2188
2019-10-21,33.7,33.7,29.6,30.1,12407
2019-10-22,30.0,30.5,27.1,27.8,15954
2019-10-23,28.9,29.0,28.1,28.8,17410
2019-10-24,27.0,29.5,27.0,29.1,21858
2019-10-27,30.4,30.4,28.2,29.4,7471
2019-10-28,27.6,29.0,26.5,27.3,17019
2019-10-29,27.3,29.6,25.5,26.2,12347
2019-10-30,27.8,27.8,26.6,27.1,13762
2019-10-31,27.9,29.7,27.0,29.5,28027
2019-11-03,30.7,30.7,28.0,29.1,22855
2019-11-04,30.6,30.6,28.0,28.5,7511
2019-11-05,29.8,30.5,28.7,29.4,12897
2019-11-06,30.6,30.7,29.2,29.4,46035
2019-11-07,29.0,30.3,29.0,29.3,31166
2019-11-11,30.1,30.1,28.0,29.6,112
2019-11-12,30.5,30.5,29.0,29.3,11584
2019-11-13,29.0,29.9,28.3,28.5,22934
2019-11-14,29.7,30.0,29.0,29.0,14012
2019-11-17,31.0,31.0,28.5,29.2,7755
2019-11-18,30.2,30.2,29.0,29.1,5949
2019-11-19,30.9,30.9,28.8,29.0,3602
2019-11-20,29.0,29.0,28.1,28.3,9062
2019-11-24,28.3,31.1,28.3,31.1,33879
2019-11-25,33.9,34.2,32.5,34.2,51235
2019-11-26,35.5,37.6,35.5,37.6,232310
2019-11-27,40.9,41.2,38.7,39.3,319139
2019-11-28,41.5,41.5,38.0,38.7,62135
2019-12-01,35.1,38.7,35.1,36.6,106902
2019-12-02,38.0,38.0,36.0,36.8,60715
2019-12-03,37.8,37.9,36.8,37.2,29371
2019-12-04,37.0,40.0,36.6,38.6,86273
2019-12-05,39.1,39.9,38.0,38.5,97106
2019-12-08,37.1,38.0,36.3,36.5,19485
2019-12-09,37.0,37.2,35.5,36.6,17229
2019-12-10,36.0,37.5,33.3,34.1,67942
2019-12-11,34.2,35.2,33.1,34.2,42850
2019-12-12,32.6,33.8,32.5,32.7,40805
2019-12-15,33.0,33.9,31.5,32.6,39983
2019-12-17,31.5,31.9,30.2,30.6,17240
2019-12-18,30.5,33.0,30.39999962,33.0,62194
2019-12-19,33.0,33.90000153,31.5,32.90000153,27389
2019-12-22,31.6,32.5,30.8,31.6,26353
2019-12-23,32.3,33.0,31.8,32.6,29771
2019-12-24,32.3,32.4,31.8,32.2,16246
2019-12-26,31.2,34.0,31.2,32.4,39460
2019-12-29,32.4,34.5,32.4,33.8,53115
2019-12-30,33.8,33.8,30.5,32.2,28670
2020-01-01,31.9,33.0,31.9,32.0,14568
2020-01-02,32.0,33.0,32.0,32.7,20773
2020-01-05,32.5,33.0,31.0,31.5,19301
2020-01-06,32.4,32.4,31.2,31.6,6448
2020-01-07,31.6,31.8,30.9,31.0,13251
2020-01-08,31.3,31.3,30.0,30.2,9756
2020-01-09,30.2,30.9,29.4,30.3,23966
2020-01-12,31.2,31.4,29.2,30.2,10903
2020-01-13,30.5,30.5,29.0,29.6,9962
2020-01-14,27.5,29.8,27.5,28.2,4738
2020-01-15,29.9,30.0,28.2,29.0,5143
2020-01-16,28.3,29.0,28.0,28.4,7606
2020-01-19,29.8,30.3,29.0,29.7,24092
2020-01-20,30.0,31.0,29.7,30.0,25482
2020-01-21,33.0,33.0,29.6,29.6,25206
2020-01-22,30.0,30.3,29.5,30.1,23029
2020-01-23,29.5,31.6,29.5,31.0,16474
2020-01-26,31.5,31.9,30.3,30.7,22310
2020-01-27,29.9,29.9,29.6,29.8,5577
2020-01-28,30.8,30.8,29.0,29.0,9311
2020-01-29,31.0,31.0,29.6,30.8,11544
2020-01-30,29.7,32.4,29.6,29.9,9205
2020-02-02,29.2,31.0,29.2,29.8,7650
2020-02-03,29.5,30.9,29.5,29.9,21055
2020-02-04,29.3,31.0,29.3,29.9,4102
2020-02-05,29.5,30.5,29.0,29.2,12265
2020-02-06,29.0,30.4,29.0,29.2,34254
2020-02-09,29.3,30.4,28.7,29.1,6749
2020-02-10,29.5,29.5,27.3,28.1,39819
2020-02-11,29.9,29.9,28.0,29.1,45099
2020-02-12,28.7,32.0,28.5,32.0,87591
2020-02-13,32.4,35.2,32.1,35.2,196599
2020-02-16,37.5,38.7,35.3,38.7,211094
2020-02-17,40.0,42.5,35.3,42.4,594594
2020-02-18,42.3,46.4,42.3,43.6,312802
2020-02-19,42.2,43.9,40.7,41.5,819681
2020-02-20,42.9,45.5,41.0,43.2,2668739
2020-02-23,42.9,42.9,39.5,39.9,991155
2020-02-24,40.0,41.3,39.6,39.9,930639
2020-02-25,40.6,40.6,37.4,38.0,2013593
2020-02-26,38.5,39.7,35.0,35.6,276339
2020-02-27,35.8,35.9,33.1,33.3,296925
2020-03-01,33.3,33.7,32.5,32.8,384262
2020-03-02,33.0,34.6,32.4,32.8,524071
2020-03-03,33.0,34.1,33.0,33.9,1103458
2020-03-04,34.0,34.7,33.8,34.4,2932117
2020-03-05,34.4,34.4,32.1,32.5,930186
2020-03-08,32.6,32.6,29.3,29.4,737396
2020-03-09,28.2,28.2,26.5,26.5,636448
2020-03-10,26.5,28.4,26.0,27.8,515522
2020-03-11,28.2,29.3,27.8,28.3,519973
2020-03-12,28.3,28.3,26.0,26.3,510606
2020-03-15,26.8,26.9,23.7,24.2,374019
2020-03-16,25.0,25.5,22.1,22.5,450056
2020-03-18,23.1,24.4,20.7,20.9,447020
2020-03-19,25.2,25.2,25.2,25.2,650
2020-03-22,24.5,24.5,24.5,24.5,18896
2020-03-23,24.5,24.5,24.5,24.5,20046
2020-03-24,24.5,24.5,24.5,24.5,6833
2020-05-31,24.5,24.5,24.5,24.5,16436
2020-06-01,24.5,24.5,24.5,24.5,1600
2020-06-02,24.5,24.5,24.5,24.5,100
2020-06-03,24.5,24.5,24.5,24.5,105
2020-06-04,24.5,24.5,24.5,24.5,1430
2020-06-07,24.5,24.5,24.5,24.5,5
2020-06-08,24.5,24.5,24.5,24.5,458
2020-06-09,24.5,24.5,24.5,24.5,5
2020-06-10,24.5,24.5,24.5,24.5,100
2020-06-11,24.5,24.5,24.5,24.5,5
2020-06-14,24.5,24.5,24.5,24.5,1007
2020-06-15,24.5,24.5,24.5,24.5,3
2020-06-17,24.5,24.5,24.5,24.5,50
2020-06-18,24.5,24.5,24.5,24.5,1600
2020-06-28,24.5,24.5,24.5,24.5,25
2020-06-29,24.5,24.5,24.5,24.5,103
2020-06-30,24.5,24.5,24.5,24.5,100
2020-07-02,24.5,24.5,24.5,24.5,50
2020-07-07,24.5,24.5,24.5,24.5,125
2020-07-08,24.5,24.5,24.5,24.5,328
2020-07-09,24.5,24.5,24.5,24.5,14405
2020-07-12,24.5,24.5,24.5,24.5,18336
2020-07-13,24.5,25.3,24.5,24.5,581765
2020-07-14,24.5,25.0,24.5,24.5,62266
2020-07-15,24.5,24.5,24.5,24.5,82
2020-07-16,24.5,24.5,24.5,24.5,25
2020-07-19,24.5,24.5,24.5,24.5,929
2020-07-20,24.5,24.5,24.5,24.5,1
2020-07-21,24.5,24.5,24.5,24.5,4675
2020-07-22,24.5,25.3,24.5,24.5,1173869
2020-07-23,24.5,25.8,24.5,25.4,3680259
2020-07-26,25.4,26.1,25.0,25.4,1645962
2020-07-27,25.3,25.4,24.5,24.5,1768753
2020-07-28,24.7,24.8,24.5,24.5,1222926
2020-07-29,24.7,25.7,24.5,25.3,1793190
2020-07-30,25.7,27.6,25.7,27.4,2367551
2020-08-03,27.7,28.1,26.7,27.0,2061980
2020-08-04,27.4,27.7,26.2,26.3,1581650
2020-08-05,26.6,26.8,25.0,25.5,1477450
2020-08-06,25.7,27.0,25.5,26.4,1282470
2020-08-09,26.5,27.9,26.5,27.0,1720300
2020-08-10,27.1,27.3,25.9,26.0,1032070
2020-08-12,26.1,26.3,25.5,25.6,1998110
2020-08-13,25.9,26.9,25.7,26.3,1712340
2020-08-16,26.3,27.7,26.2,26.9,3744835
2020-08-17,27.0,27.5,26.1,26.3,2208733
2020-08-18,26.4,26.6,25.6,25.7,1459670
2020-08-19,26.0,26.4,25.0,25.3,1121420
2020-08-20,25.6,26.3,25.4,25.7,1011817
2020-08-23,26.0,27.3,25.9,26.3,1765573
2020-08-24,26.5,26.5,25.7,26.0,769920
2020-08-25,26.2,26.3,25.5,25.6,885033
2020-08-26,25.8,26.0,25.4,25.5,737028
2020-08-27,25.8,26.0,25.4,25.8,1147504
2020-08-31,26.0,26.6,25.7,25.8,1099582
2020-09-01,25.9,26.2,25.7,26.0,1359737
2020-09-02,26.0,26.7,26.0,26.2,1215333
2020-09-03,26.2,27.0,26.2,26.9,2290184
2020-09-06,27.5,29.0,27.2,28.1,3101233
2020-09-07,28.1,28.3,27.0,27.3,1962442
2020-09-08,27.3,27.9,26.6,27.4,2319179
2020-09-09,27.6,28.6,27.4,27.4,1732078
2020-09-10,27.6,27.6,26.9,27.1,1179325
2020-09-13,27.1,27.7,26.9,27.1,1700265
2020-09-14,27.2,27.4,26.6,26.7,1220983
2020-09-15,26.8,27.3,26.6,26.9,985427
2020-09-16,27.1,27.8,26.9,27.1,1343371
2020-09-17,27.3,27.7,27.2,27.4,1441154
2020-09-20,27.5,28.1,27.0,27.1,1122844
2020-09-21,27.2,27.2,25.2,25.9,1592653
2020-09-22,26.0,26.1,25.3,25.5,818890
2020-09-23,25.9,26.1,25.5,25.7,400466
2020-09-24,26.7,27.2,25.8,26.4,1070850
2020-09-27,26.5,26.9,25.8,25.9,959548
2020-09-28,26.1,26.5,25.3,25.5,1209400
2020-09-29,26.0,26.5,25.4,25.8,1386636
2020-09-30,26.1,26.2,25.1,25.4,1135388
2020-10-01,25.5,25.7,25.3,25.5,1192458
2020-10-04,25.7,25.9,25.3,25.5,1021253
2020-10-05,25.5,25.6,24.7,24.9,1512328
2020-10-06,25.0,25.5,24.5,25.3,1163973
2020-10-07,25.6,26.5,25.5,26.4,1801066
2020-10-08,26.5,27.0,25.1,25.3,1834831
2020-10-11,25.3,25.6,24.7,24.8,939959
2020-10-12,24.9,25.2,24.5,24.6,1323267
2020-10-13,24.5,24.8,24.5,24.5,970606
2020-10-14,24.5,25.0,24.5,24.5,581141
2020-10-15,24.6,24.7,24.5,24.5,399588
2020-10-18,24.5,24.5,24.5,24.5,103954
2020-10-19,24.5,24.5,24.5,24.5,32483
2020-10-20,24.5,24.5,24.5,24.5,28258
2020-10-21,24.5,24.5,24.5,24.5,13831
2020-10-22,24.5,24.5,24.5,24.5,3005
2020-10-25,24.5,24.5,24.5,24.5,14515
2020-10-27,24.5,24.5,24.5,24.5,43814
2020-10-28,24.5,24.5,24.5,24.5,13650
2020-10-29,24.5,24.5,24.5,24.5,4040
2020-11-01,24.5,24.5,24.5,24.5,1715
2020-11-02,24.5,24.5,24.5,24.5,3077
2020-11-03,24.5,24.5,24.5,24.5,6619
2020-11-04,24.5,24.5,24.5,24.5,1000
2020-11-05,24.5,24.5,24.5,24.5,1
2020-11-08,24.5,24.5,24.5,24.5,12119
2020-11-09,24.5,24.5,24.5,24.5,1301
2020-11-10,24.5,24.5,24.5,24.5,5051
2020-11-11,24.5,24.5,24.5,24.5,462
2020-11-15,24.5,24.5,24.5,24.5,1536
2020-11-16,24.5,24.5,24.5,24.5,1005
2020-11-17,24.5,24.5,24.5,24.5,21
2020-11-18,24.5,24.5,24.5,24.5,1027
2020-11-22,24.5,24.5,24.5,24.5,81
2020-11-23,24.5,24.5,24.5,24.5,155
2020-11-24,24.5,24.5,24.5,24.5,18311
2020-11-25,24.5,24.5,24.5,24.5,1
2020-11-26,24.5,24.5,24.5,24.5,97
2020-11-29,24.5,24.5,24.5,24.5,4901
2020-11-30,24.5,24.5,24.5,24.5,8
2020-12-01,24.5,24.5,24.5,24.5,2
2020-12-02,24.5,24.5,24.5,24.5,2812
2020-12-03,24.5,24.5,24.5,24.5,2051
2020-12-06,24.5,24.5,24.5,24.5,20
2020-12-07,24.5,24.5,24.5,24.5,2563
2020-12-08,24.5,24.5,24.5,24.5,10
2020-12-09,24.5,24.5,24.5,24.5,3723
2020-12-10,24.5,24.5,24.5,24.5,5900
2020-12-13,24.5,24.5,24.5,24.5,7464
2020-12-14,24.5,24.5,24.5,24.5,4100
2020-12-15,24.5,24.5,24.5,24.5,11090
2020-12-17,24.5,24.5,24.5,24.5,15376
2020-12-20,24.5,24.5,24.5,24.5,161
2020-12-21,24.5,24.5,24.5,24.5,5570
2020-12-22,24.5,24.5,24.5,24.5,1
2020-12-24,24.5,24.5,24.5,24.5,1
2020-12-27,24.5,24.5,24.5,24.5,550
2020-12-28,24.5,24.5,24.5,24.5,1783
2020-12-29,24.5,24.5,24.5,24.5,205
2020-12-30,24.5,24.5,24.5,24.5,102
2021-01-03,24.5,24.5,24.5,24.5,24900
2021-01-04,24.5,24.5,24.5,24.5,3280
2021-01-05,24.5,24.5,24.5,24.5,37504
2021-01-06,24.5,24.5,24.5,24.5,1115
2021-01-07,24.5,24.5,24.5,24.5,13001
2021-01-10,24.5,24.5,24.5,24.5,106848
2021-01-11,24.5,24.5,24.5,24.5,8145
2021-01-12,24.5,24.5,24.5,24.5,27715
2021-01-13,24.5,24.5,24.5,24.5,11400
2021-01-14,24.5,24.5,24.5,24.5,3780
2021-01-17,24.5,24.5,24.5,24.5,300
2021-01-18,24.5,24.5,24.5,24.5,15587
2021-01-19,24.5,24.5,24.5,24.5,1105
2021-01-20,24.5,24.5,24.5,24.5,782
2021-01-21,24.5,24.5,24.5,24.5,800
2021-01-24,24.5,24.5,24.5,24.5,3777
2021-01-25,24.5,24.5,24.5,24.5,3
2021-01-26,24.5,24.5,24.5,24.5,651
2021-01-27,24.5,24.5,24.5,24.5,1500
2021-01-28,24.5,24.5,24.5,24.5,2
2021-01-31,24.5,24.5,24.5,24.5,1004
2021-02-01,24.5,24.5,24.5,24.5,1007
2021-02-02,24.5,24.5,24.5,24.5,1
2021-02-03,24.5,24.5,24.5,24.5,2
2021-02-04,24.5,24.5,24.5,24.5,2001
2021-02-07,24.5,24.5,24.5,24.5,1
2021-02-08,24.5,24.5,24.5,24.5,11
2021-02-10,24.5,24.5,24.5,24.5,301
2021-02-11,24.5,24.5,24.5,24.5,2
2021-02-15,24.5,24.5,24.5,24.5,3
2021-02-16,24.5,24.5,24.5,24.5,10
2021-02-17,24.5,24.5,24.5,24.5,110
2021-02-18,24.5,24.5,24.5,24.5,1157
2021-02-23,24.5,24.5,24.5,24.5,600
2021-02-24,24.5,24.5,24.5,24.5,81
2021-02-25,24.5,24.5,24.5,24.5,373
2021-02-28,24.5,24.5,24.5,24.5,150
2021-03-01,24.5,24.5,24.5,24.5,11
2021-03-02,24.5,24.5,24.5,24.5,15
2021-03-04,24.5,24.5,24.5,24.5,10
2021-03-09,24.5,24.5,24.5,24.5,26
2021-03-10,24.5,24.5,24.5,24.5,7900
2021-03-11,24.5,24.5,24.5,24.5,5
2021-03-14,24.5,24.5,24.5,24.5,27
2021-03-15,24.5,24.5,24.5,24.5,5
2021-03-16,24.5,24.5,24.5,24.5,2000
2021-03-18,24.5,24.5,24.5,24.5,1
2021-03-21,24.5,24.5,24.5,24.5,205
2021-03-22,24.5,24.5,24.5,24.5,1
2021-03-23,24.5,24.5,24.5,24.5,10
2021-03-24,24.5,24.5,24.5,24.5,10
2021-03-28,24.5,24.5,24.5,24.5,45
2021-03-29,24.5,24.5,24.5,24.5,12
2021-04-01,24.5,24.5,24.5,24.5,7
2021-04-06,24.5,24.5,24.5,24.5,533
2021-04-08,22.1,22.1,22.1,22.1,5698
2021-04-11,21.7,21.7,21.7,21.7,6
2021-04-12,21.3,21.3,21.3,21.3,2555
2021-04-13,20.9,20.9,20.9,20.9,515
2021-04-15,20.5,20.5,20.5,20.5,339
2021-04-18,20.1,20.1,20.1,20.1,1731
2021-04-19,19.7,19.7,19.7,19.7,152
2021-04-20,19.4,19.4,19.4,19.4,1100
2021-04-21,19.1,19.1,19.1,19.1,6200
2021-04-22,18.8,18.8,18.8,18.8,1205
2021-04-25,18.5,18.5,18.5,18.5,25857
2021-04-26,18.2,18.2,18.2,18.2,2526
2021-04-27,17.9,17.9,17.9,17.9,7452
2021-04-28,17.6,17.6,17.6,17.6,780
2021-04-29,17.3,17.3,17.3,17.3,16044
2021-05-02,17.0,19.0,17.0,18.9,2998873
2021-05-03,19.1,20.0,18.6,18.6,733508
2021-05-04,18.3,18.3,18.3,18.3,295749
2021-05-05,18.0,18.9,18.0,18.1,1583530
2021-05-06,17.9,18.7,17.8,18.3,1058687
2021-05-09,18.8,19.6,18.3,19.0,1304685
2021-05-11,19.0,19.2,18.7,18.9,917923
2021-05-12,18.9,19.7,18.7,19.4,1102449
2021-05-16,19.7,21.3,19.7,21.3,1807460
2021-05-17,21.7,22.0,20.9,20.9,1266640
2021-05-18,20.5,20.9,20.5,20.5,1085982
2021-05-19,20.5,20.9,20.1,20.1,1062200
2021-05-20,20.1,20.3,19.7,19.7,449078
2021-05-23,20.3,20.4,19.4,19.6,1410072
2021-05-24,19.6,20.5,19.6,19.9,1204883
2021-05-25,20.0,20.2,19.5,19.5,1105540
2021-05-27,19.4,20.3,19.2,19.9,1282318
2021-05-30,20.1,20.4,19.5,19.6,1007287
2021-05-31,19.7,19.7,19.3,19.5,688091
2021-06-01,19.5,19.8,19.2,19.5,760909
2021-06-02,19.7,20.8,19.5,20.4,1570114
2021-06-03,20.5,20.7,20.0,20.4,1036602
2021-06-06,20.8,21.9,20.7,21.0,2125743
2021-06-07,21.0,21.3,20.6,20.6,829941
2021-06-08,20.3,20.8,20.2,20.6,1010605
2021-06-09,21.2,21.7,20.4,21.5,1638880
2021-06-10,21.7,23.6,21.6,23.1,3500520
2021-06-13,23.7,24.2,22.8,23.3,1952734
2021-06-14,23.3,23.5,22.9,22.9,803117
2021-06-15,22.5,23.2,22.5,22.5,1582759
2021-06-16,22.6,23.0,22.1,22.3,869177
2021-06-17,22.1,22.3,21.9,21.9,700692
2021-06-20,21.7,22.0,20.3,21.7,574933
2021-06-21,22.2,23.3,22.1,23.2,1101637
2021-06-22,23.6,24.6,23.3,24.0,2396144
2021-06-23,24.4,24.8,22.8,23.0,1473164
2021-06-24,23.0,23.5,22.4,23.2,909201
2021-06-27,23.1,24.6,22.6,23.8,1855438
2021-06-28,24.2,24.8,23.2,23.4,1485113
2021-06-29,23.3,23.6,22.4,22.8,789073
2021-06-30,23.2,23.7,22.9,23.0,838577
2021-07-05,23.7,24.6,23.6,24.4,1511142
2021-07-06,24.6,24.8,23.8,23.9,1472378
2021-07-07,23.9,24.7,23.5,23.9,1067239
2021-07-08,23.8,24.3,23.7,24.0,1218989
2021-07-12,24.2,24.4,23.9,24.0,969130
2021-07-13,24.3,24.3,23.6,23.7,665618
2021-07-14,23.7,23.8,23.2,23.4,525945
2021-07-15,23.6,23.8,23.3,23.5,871348
2021-07-18,23.5,23.7,23.0,23.0,782872
2021-07-19,23.4,23.8,23.0,23.4,579549
2021-07-25,23.5,23.5,23.0,23.1,361770
2021-07-26,23.4,23.4,22.9,23.0,511690
2021-07-27,23.0,23.4,22.9,23.0,286180
2021-07-28,23.3,23.8,23.1,23.3,621884
2021-07-29,23.6,23.6,23.0,23.3,404373
2021-08-02,24.0,24.0,23.6,23.7,715751
2021-08-03,24.1,24.1,23.5,23.6,717041
2021-08-05,23.9,25.4,23.6,24.3,3319101
2021-08-09,24.6,25.4,24.0,25.2,2365511
2021-08-10,25.4,25.6,23.6,23.9,3563264
2021-08-11,24.3,24.7,23.8,24.4,1926451
2021-08-12,24.6,25.3,24.0,24.5,1712951
2021-08-16,24.7,25.2,24.5,25.0,1653401
2021-08-17,25.4,26.0,24.7,24.8,1921653
2021-08-18,24.8,25.7,24.7,24.8,1912240
2021-08-19,24.8,25.3,24.5,25.0,867479
2021-08-22,25.4,25.8,25.1,25.3,1847621
2021-08-23,25.6,25.9,25.0,25.1,1155135
2021-08-24,25.3,25.7,24.9,25.0,2876320
2021-08-25,25.2,25.5,24.5,24.6,1337839
2021-08-26,24.7,24.8,24.3,24.4,1149070
2021-08-29,24.6,24.7,24.1,24.2,773931
2021-08-31,24.3,24.9,24.3,24.4,1365292
2021-09-01,24.5,24.8,24.3,24.5,802863
2021-09-02,24.5,24.7,24.3,24.4,502345
2021-09-05,24.3,24.6,24.1,24.2,981080
2021-09-06,24.4,24.9,24.2,24.9,1093235
2021-09-07,25.0,26.9,24.4,25.7,4468403
2021-09-08,25.7,26.4,25.4,25.5,1467369
2021-09-09,25.6,25.6,24.8,24.9,1409217
2021-09-12,25.0,25.1,24.2,24.4,1694059
2021-09-13,24.6,24.7,24.2,24.2,1055175
2021-09-14,24.5,24.7,24.2,24.3,983997
2021-09-15,24.4,24.6,24.2,24.3,1127789
2021-09-16,24.5,24.5,23.7,23.8,821811
2021-09-19,24.0,24.0,23.0,23.3,971258
2021-09-20,23.3,23.6,21.7,23.4,1219457
2021-09-21,23.4,24.0,23.4,23.9,435570
2021-09-22,23.9,24.6,23.8,23.9,984442
2021-09-23,24.2,24.3,23.5,23.6,576091
2021-09-26,23.6,24.2,23.5,23.7,637582
2021-09-27,23.8,23.9,23.4,23.5,457264
2021-09-28,24.0,25.6,24.0,25.3,4279007
2021-09-29,25.6,25.8,24.6,25.4,1696172
2021-09-30,25.3,25.5,24.5,24.6,1334980
2021-10-03,24.8,25.5,24.2,24.7,2058330
2021-10-04,24.7,24.9,23.9,24.0,1059739
2021-10-05,24.1,24.2,23.7,23.8,1009838
2021-10-06,23.8,24.2,23.7,24.0,1380064
2021-10-07,24.4,24.6,24.0,24.2,1203249
2021-10-10,24.3,25.3,24.3,24.8,941027
2021-10-11,25.2,26.4,25.1,25.5,5526290
2021-10-12,25.6,26.1,24.8,25.0,1254592
2021-10-13,25.0,25.6,23.9,24.1,2248525
2021-10-14,24.1,24.4,23.8,24.1,424320
2021-10-17,24.3,24.3,23.4,23.8,666042
2021-10-18,24.5,24.6,23.2,23.4,1159047
2021-10-19,23.9,24.3,23.0,23.1,702938
2021-10-21,23.3,23.6,22.8,23.0,442824
2021-10-24,23.0,23.4,22.1,22.2,547892
2021-10-25,22.5,22.5,20.5,21.0,793830
2021-10-26,21.7,22.4,20.9,22.1,415274
2021-10-27,22.2,22.4,21.5,22.1,482288
2021-10-28,22.7,24.3,22.4,24.3,913882
2021-10-31,25.6,26.0,23.9,24.3,2859430
2021-11-01,24.1,24.5,23.8,24.3,741864
2021-11-02,24.7,25.2,24.0,24.2,1055510
2021-11-03,24.5,24.5,23.7,23.8,292322
2021-11-04,23.8,24.3,23.7,23.9,652794
2021-11-07,24.1,24.3,23.3,23.5,248597
2021-11-08,23.9,24.0,21.7,22.4,1604127
2021-11-09,22.8,23.5,22.4,22.6,565396
2021-11-10,22.8,23.5,22.8,23.3,704258
2021-11-11,23.4,24.0,22.8,23.2,467588
2021-11-14,23.1,23.8,23.0,23.7,634109
2021-11-15,24.0,24.0,22.3,22.6,591108
2021-11-16,23.2,23.6,22.0,22.2,462122
2021-11-17,22.3,22.6,22.1,22.4,585029
2021-11-21,21.8,21.8,21.0,21.1,558913
2021-11-22,21.5,21.5,20.0,20.4,1453195
2021-11-23,20.7,20.8,19.5,19.9,2171905
2021-11-24,19.9,20.5,19.9,20.2,255510
2021-11-25,20.2,20.2,19.8,19.9,187254
2021-11-28,20.2,20.2,19.5,19.6,116733
2021-11-29,19.9,20.0,18.9,19.1,1213989
2021-11-30,19.2,19.4,18.8,19.0,354627
2021-12-01,19.3,19.9,19.3,19.4,396328
2021-12-02,19.1,19.4,18.9,19.3,991569
2021-12-05,19.5,19.8,19.4,19.7,145418
2021-12-06,19.7,20.2,19.7,20.0,512091
2021-12-07,20.2,20.7,19.7,20.0,802112
2021-12-08,20.3,20.6,20.0,20.4,1045966
2021-12-09,20.5,22.4,20.5,22.4,2609110
2021-12-12,22.5,22.7,21.6,22.1,840862
2021-12-13,21.8,22.0,21.1,21.5,571341
2021-12-14,21.5,22.2,21.4,21.6,426851
2021-12-15,21.8,21.8,20.9,21.5,537935
2021-12-19,21.5,21.7,20.9,21.3,606675
2021-12-20,21.6,21.6,20.8,21.4,230530
2021-12-21,22.0,22.0,21.3,21.6,406400
2021-12-22,21.8,21.9,21.4,21.6,538534
2021-12-23,21.9,22.4,21.4,21.5,1491884
2021-12-26,21.4,21.8,21.3,21.5,183143
2021-12-27,21.5,22.2,21.4,21.6,623531
2021-12-28,21.8,22.3,21.7,22.1,287918
2021-12-29,22.2,22.6,22.0,22.1,308558
2021-12-30,22.1,22.3,21.7,21.8,187358
2022-01-02,22.3,22.3,21.8,22.0,254458
2022-01-03,22.2,22.5,21.9,22.0,299139
2022-01-04,22.3,22.3,21.8,21.9,301948
2022-01-05,21.9,23.0,21.9,22.7,427896
2022-01-06,23.0,23.0,22.4,22.7,494478
2022-01-09,22.7,23.2,22.0,22.3,524759
2022-01-10,22.3,22.8,22.1,22.4,207035
2022-01-11,22.5,22.5,22.0,22.2,1231887
2022-01-12,22.6,22.6,21.8,22.0,359285
2022-01-13,22.3,22.3,21.7,21.8,170662
2022-01-16,22.0,22.4,21.8,22.0,245355
2022-01-17,22.3,22.8,22.1,22.2,443483
2022-01-18,22.6,23.1,22.2,22.4,645380
2022-01-19,22.8,23.0,22.5,22.9,471791
2022-01-20,23.0,23.5,22.7,22.8,763324
2022-01-23,22.6,23.0,22.6,22.6,187680
2022-01-24,22.7,22.7,22.3,22.4,305407
2022-01-25,22.4,23.3,22.4,22.8,454900
2022-01-26,22.8,23.5,22.8,23.3,900363
2022-01-27,23.7,24.1,23.2,23.9,1170617
2022-01-30,24.5,24.5,23.3,23.4,683701
2022-01-31,23.8,24.0,23.3,23.4,669257
2022-02-01,23.4,23.9,23.0,23.2,539766
2022-02-02,23.5,23.9,23.0,23.2,964039
2022-02-03,23.7,23.8,23.3,23.6,772524
2022-02-06,23.4,23.9,23.4,23.6,412425
2022-02-07,23.4,23.8,23.0,23.1,535920
2022-02-08,23.2,23.4,22.8,22.9,696802
2022-02-09,23.3,23.4,23.0,23.1,171615
2022-02-10,23.4,23.5,23.0,23.1,463552
2022-02-13,23.2,23.4,23.0,23.1,314509
2022-02-14,23.0,23.3,22.8,22.8,273340
2022-02-15,22.8,23.1,22.8,22.9,193468
2022-02-16,22.9,23.2,22.6,22.7,366157
2022-02-17,22.7,22.8,22.5,22.5,190470
2022-02-20,22.5,22.6,22.1,22.2,244973
2022-02-22,22.4,22.7,22.2,22.6,293723
2022-02-23,22.8,22.9,22.5,22.7,323757
2022-02-24,22.8,23.5,22.4,22.7,740460
2022-02-27,22.6,22.6,21.6,21.8,370485
2022-02-28,22.2,22.4,21.8,21.9,320509
2022-03-01,22.0,22.2,21.3,21.5,565124
2022-03-02,21.5,21.8,20.6,20.8,330184
2022-03-03,21.0,21.4,20.5,20.9,306652
2022-03-06,21.2,21.2,20.5,20.6,233425
2022-03-07,20.5,20.8,19.9,20.1,558143
2022-03-08,20.7,20.7,19.8,20.6,274701
2022-03-09,21.1,21.4,20.6,21.3,220176
2022-03-10,21.2,22.2,21.2,21.8,783577
2022-03-13,22.6,23.9,21.9,23.2,724862
2022-03-14,23.2,23.5,22.8,22.8,714523
2022-03-15,22.8,23.0,22.4,22.6,458515
2022-03-16,22.8,23.2,22.4,22.8,718932
2022-03-20,23.2,23.2,22.4,22.6,356308
2022-03-21,22.8,22.8,22.2,22.5,315924
2022-03-22,22.8,22.8,22.4,22.6,190295
2022-03-23,22.7,23.0,22.3,22.4,414515
2022-03-24,22.8,22.8,22.3,22.5,170654
2022-03-27,22.8,22.8,22.1,22.1,407191
2022-03-28,22.4,22.4,21.9,22.0,219685
2022-03-29,22.7,22.7,22.0,22.2,413626
2022-03-30,22.4,22.6,22.1,22.2,261174
2022-03-31,22.6,22.6,22.1,22.3,222228
2022-04-03,22.5,22.6,22.1,22.1,139415
2022-04-04,22.1,22.4,22.0,22.0,159242
2022-04-05,22.0,22.2,21.8,21.9,46616
2022-04-06,22.2,22.2,21.5,21.6,187200
2022-04-07,21.9,22.0,21.5,21.9,53250
2022-04-10,22.1,22.1,21.7,21.9,104604
2022-04-11,22.0,22.1,21.7,21.9,415503
2022-04-12,22.0,22.0,21.5,21.6,290852
2022-04-13,21.9,21.9,21.3,21.6,25213
2022-04-17,21.8,21.8,21.2,21.2,161099
2022-04-18,21.0,21.0,20.8,20.8,191562
2022-04-19,21.1,21.4,20.7,21.1,67812
2022-04-20,21.3,21.4,21.1,21.3,57448
2022-04-21,21.5,21.8,21.3,21.7,249268
2022-04-24,21.9,22.4,21.7,22.0,201267
2022-04-25,22.2,22.2,21.4,21.7,205340
2022-04-26,21.9,21.9,21.5,21.7,104138
2022-04-27,22.0,22.4,21.7,22.1,327514
2022-04-28,22.4,22.7,22.2,22.5,616747
2022-05-05,22.6,22.7,22.2,22.6,197163
2022-05-08,22.7,23.2,22.6,23.1,829450
2022-05-09,23.2,23.6,23.2,23.4,909405
2022-05-10,23.6,24.3,23.3,23.4,1739758
2022-05-11,23.8,23.8,22.5,22.6,630789
2022-05-12,23.0,23.1,22.1,22.8,604871
2022-05-16,23.0,23.0,22.0,22.1,589031
2022-05-17,22.3,22.4,21.2,21.7,544347
2022-05-18,22.1,22.2,21.0,21.3,521238
2022-05-19,21.1,22.0,21.0,21.5,369305
2022-05-22,21.2,22.0,21.2,21.3,223506
2022-05-23,22.1,22.1,21.6,21.9,508973
2022-05-24,22.6,22.6,21.4,21.5,327860
2022-05-25,22.0,22.0,21.3,21.5,254460
2022-05-26,21.9,21.9,21.4,21.7,105947
2022-05-29,22.3,22.7,22.0,22.4,510440
2022-05-30,23.5,23.5,22.3,22.5,872077
2022-05-31,23.1,23.1,22.3,22.4,278896
2022-06-01,23.1,23.1,22.5,22.8,333418
2022-06-02,23.8,23.8,22.4,22.5,866496
2022-06-05,23.1,23.8,22.2,22.6,413558
2022-06-06,22.9,22.9,22.4,22.4,401238
2022-06-07,23.0,23.0,22.1,22.2,340458
2022-06-08,22.8,22.8,22.1,22.5,255473
2022-06-09,23.0,23.0,22.5,22.7,624196
2022-06-12,22.8,22.8,22.3,22.3,253216
2022-06-13,23.2,23.2,22.4,22.7,988830
2022-06-14,23.0,23.1,22.4,22.6,664861
2022-06-15,24.8,24.8,22.7,23.0,1002773
2022-06-16,23.6,23.6,22.6,22.6,1360594
2022-06-19,24.1,24.1,22.2,22.5,1246968
2022-06-20,22.8,22.8,22.1,22.1,573409
2022-06-21,22.6,22.6,21.7,21.8,815754
2022-06-22,22.0,22.2,21.9,22.0,224790
2022-06-23,21.8,22.2,21.7,21.8,404823
2022-06-26,22.1,22.5,21.8,22.1,421418
2022-06-27,22.8,23.2,22.3,22.8,1669040
2022-06-28,22.8,24.2,22.8,23.8,3411457
2022-06-29,23.9,24.0,23.5,23.6,911569
2022-06-30,23.6,24.4,23.3,23.5,1855154
2022-07-03,23.4,23.8,23.1,23.1,678718
2022-07-04,23.0,23.7,22.9,23.4,1035201
2022-07-05,23.5,24.0,23.1,23.2,1084646
2022-07-06,23.2,23.8,22.9,23.1,537536
2022-07-07,23.5,23.7,23.2,23.6,879996
2022-07-12,24.4,25.7,23.7,25.4,4553128
2022-07-13,25.7,25.8,24.9,24.9,1956865
2022-07-14,24.9,24.9,24.5,24.5,883900
2022-07-17,24.8,24.9,24.1,24.1,1447583
2022-07-18,23.8,24.0,23.7,23.7,732393
2022-07-19,23.3,23.3,23.3,23.3,319474
2022-07-20,22.9,23.8,22.9,23.3,1062462
2022-07-21,23.5,24.0,23.1,23.6,1281576
2022-07-24,24.0,24.9,23.9,24.1,2647972
2022-07-25,24.2,25.0,23.7,24.8,1865449
2022-07-26,25.0,25.6,24.6,24.7,2652009
2022-07-27,24.7,25.1,24.3,24.4,1697588
2022-07-28,24.0,24.4,24.0,24.0,845558
2022-07-31,24.4,25.0,24.4,24.8,1011472
2022-08-01,24.9,25.9,24.9,25.3,2979653
2022-08-02,25.7,26.5,25.2,25.8,3858988
2022-08-03,26.2,26.3,25.3,25.5,1948089
2022-08-04,25.4,26.4,25.2,26.1,3021622
2022-08-07,26.0,26.5,25.5,26.1,2670206
2022-08-08,25.9,26.7,25.4,25.8,3011132
2022-08-10,25.7,25.9,24.6,24.7,1178806
2022-08-11,24.5,25.1,24.5,24.6,1051872
2022-08-14,24.9,25.2,24.7,24.9,652763
2022-08-16,25.2,25.6,25.0,25.5,1727850
2022-08-17,25.6,25.8,24.8,24.9,1562005
2022-08-21,25.1,25.2,24.7,24.9,1345633
2022-08-22,24.8,25.4,24.8,25.0,1042295
2022-08-23,25.0,25.1,24.6,24.6,1155603
2022-08-24,24.6,24.9,24.5,24.6,938121
2022-08-25,24.6,24.8,24.4,24.4,1722733
2022-08-28,24.5,25.5,24.5,25.1,2820582
2022-08-29,25.3,26.7,25.2,26.5,5505022
2022-08-30,26.9,28.6,26.8,27.5,4448285
2022-08-31,27.7,28.0,25.8,26.2,4175831
2022-09-01,25.7,26.7,25.7,25.9,2356175
2022-09-04,25.9,26.5,25.3,25.5,2455875
2022-09-05,26.0,26.1,25.1,25.2,1390952
2022-09-06,25.7,25.7,25.1,25.4,814078
2022-09-07,25.0,26.0,25.0,25.2,1504706
2022-09-08,25.3,25.9,24.9,25.0,1056418
2022-09-11,24.7,25.3,24.4,24.6,1195421
2022-09-12,24.8,24.8,24.4,24.5,567878
2022-09-13,24.5,24.8,24.4,24.5,1040609
2022-09-14,24.6,24.7,24.4,24.4,965319
2022-09-15,24.4,24.5,24.4,24.4,369090
2022-09-18,24.4,24.4,24.4,24.4,85961
2022-09-19,24.4,24.4,24.4,24.4,42369
2022-09-20,24.4,24.4,24.4,24.4,289139
2022-09-21,24.4,24.4,24.4,24.4,1401
2022-09-22,24.4,24.4,24.4,24.4,32806
2022-09-25,24.4,24.4,24.4,24.4,81177
2022-09-26,24.4,24.4,24.4,24.4,420
2022-09-27,24.4,24.4,24.4,24.4,8000
2022-09-28,24.4,24.4,24.4,24.4,1068
2022-09-29,24.4,24.4,24.4,24.4,31799
2022-10-02,24.4,24.7,24.4,24.4,1143792
2022-10-03,24.4,24.6,24.4,24.4,431589
2022-10-04,24.4,24.4,24.4,24.4,13012
2022-10-06,24.4,24.4,24.4,24.4,9850
2022-10-10,24.4,24.4,24.4,24.4,3200
2022-10-11,24.4,24.4,24.4,24.4,4
2022-10-12,24.4,24.4,24.4,24.4,15026
2022-10-13,24.4,24.4,24.4,24.4,2402
2022-10-16,24.4,24.4,24.4,24.4,9908
2022-10-17,24.4,24.4,24.4,24.4,2510
2022-10-18,24.4,24.4,24.4,24.4,754
2022-10-19,24.4,24.4,24.4,24.4,3000
2022-10-20,24.4,24.4,24.4,24.4,1666
2022-10-23,24.4,24.4,24.4,24.4,1
2022-10-25,24.4,24.4,24.4,24.4,291
2022-10-26,24.4,24.4,24.4,24.4,2
2022-10-27,24.4,24.4,24.4,24.4,4280
2022-10-30,24.4,24.4,24.4,24.4,945
2022-10-31,24.4,24.4,24.4,24.4,3430
2022-11-01,24.4,24.4,24.4,24.4,37588
2022-11-02,24.4,24.4,24.4,24.4,690
2022-11-03,24.4,24.4,24.4,24.4,71845
2022-11-06,24.4,24.4,24.4,24.4,3303
2022-11-07,24.4,24.4,24.4,24.4,40650
2022-11-08,24.4,24.4,24.4,24.4,119744
2022-11-09,24.4,24.4,24.4,24.4,2332
2022-11-13,24.4,24.4,24.4,24.4,1
2022-11-14,24.4,24.4,24.4,24.4,60100
2022-11-15,24.4,24.4,24.4,24.4,50001
2022-11-16,24.4,24.4,24.4,24.4,1
2022-11-20,24.4,24.4,24.4,24.4,1
2022-11-24,24.4,24.4,24.4,24.4,9
2022-11-28,24.4,24.4,24.4,24.4,400
2022-12-04,24.4,24.4,24.4,24.4,80
2022-12-05,24.4,24.4,24.4,24.4,110
2022-12-06,24.4,24.4,24.4,24.4,14
2022-12-08,24.4,24.4,24.4,24.4,1
2022-12-12,24.4,24.4,24.4,24.4,100
2022-12-13,24.4,24.4,24.4,24.4,94
2022-12-15,24.4,24.4,24.4,24.4,3300
2022-12-20,24.4,24.4,24.4,24.4,5
2022-12-22,24.2,24.2,24.2,24.2,2
2022-12-26,24.0,24.0,24.0,24.0,1
2022-12-27,23.8,23.8,23.8,23.8,5
2022-12-29,23.6,23.6,23.6,23.6,88
2023-01-01,23.4,23.4,23.4,23.4,188
2023-01-02,23.2,23.2,23.2,23.2,511
2023-01-03,23.0,23.0,23.0,23.0,1
2023-01-04,22.8,22.8,22.8,22.8,251
2023-01-05,22.6,22.6,22.6,22.6,151
2023-01-08,22.4,22.4,22.4,22.4,51
2023-01-09,22.2,22.2,22.2,22.2,85
2023-01-10,22.0,22.0,22.0,22.0,217440
2023-01-11,21.8,21.8,21.8,21.8,4650
2023-01-12,21.6,21.6,21.6,21.6,18950
2023-01-15,21.4,21.4,21.4,21.4,333042
2023-01-16,21.2,21.2,21.2,21.2,38015
2023-01-17,21.0,22.3,21.0,21.1,1504490
2023-01-18,21.5,21.5,20.9,20.9,512228
2023-01-19,20.7,20.7,20.7,20.7,38639
2023-01-22,20.5,20.8,20.5,20.5,441115
2023-01-23,20.3,20.5,20.3,20.3,545917
2023-01-24,21.8,21.8,20.1,20.1,318699
2023-01-25,20.0,20.3,19.9,19.9,329464
2023-01-26,19.9,19.9,19.8,19.8,237156
2023-01-29,19.7,19.7,19.7,19.7,84756
2023-01-30,19.6,19.6,19.6,19.6,76992
2023-01-31,19.5,19.5,19.5,19.5,50762
2023-02-01,19.4,19.4,19.4,19.4,78161
2023-02-02,19.3,19.3,19.3,19.3,52693
2023-02-05,19.2,19.2,19.2,19.2,12165
2023-02-06,19.1,19.1,19.1,19.1,9562
2023-02-07,19.0,19.0,19.0,19.0,536
2023-02-08,18.9,18.9,18.9,18.9,519
2023-02-09,18.8,18.8,18.8,18.8,4122
2023-02-12,18.7,18.7,18.7,18.7,827
2023-02-13,18.6,18.6,18.6,18.6,2086
2023-02-14,18.5,18.5,18.5,18.5,5937
2023-02-15,18.4,18.4,18.4,18.4,9097
2023-02-16,18.3,18.3,18.3,18.3,1138
2023-02-19,18.2,18.2,18.2,18.2,1249
2023-02-20,18.1,18.1,18.1,18.1,81
2023-02-22,18.0,18.0,18.0,18.0,14112
2023-02-23,17.9,17.9,17.9,17.9,590
2023-02-26,17.8,17.8,17.8,17.8,18968
2023-02-27,17.7,17.7,17.7,17.7,84691
2023-02-28,17.6,17.6,17.6,17.6,132302
2023-03-01,17.5,17.5,17.5,17.5,78051
2023-03-02,17.6,17.6,17.6,17.6,13115
2023-03-05,17.6,17.9,17.6,17.6,725500
2023-03-06,17.6,18.0,17.6,17.6,632397
2023-03-07,17.6,17.7,17.6,17.6,146664
2023-03-09,17.6,17.6,17.6,17.6,7683
2023-03-12,17.6,17.6,17.6,17.6,4630
2023-03-13,17.6,17.6,17.6,17.6,11750
2023-03-14,17.6,17.6,17.6,17.6,1
2023-03-15,17.6,17.6,17.6,17.6,7720
2023-03-16,17.6,17.6,17.6,17.6,3519
2023-03-19,17.6,17.6,17.6,17.6,5
2023-03-20,17.6,17.6,17.6,17.6,942
2023-03-21,17.6,17.6,17.6,17.6,1300
2023-03-22,17.6,17.6,17.6,17.6,2500
2023-03-23,17.6,17.6,17.6,17.6,1000
2023-03-27,17.6,17.6,17.6,17.6,5200
2023-03-28,17.6,17.6,17.6,17.6,5750
2023-03-29,17.6,17.6,17.6,17.6,4450
2023-03-30,17.6,17.6,17.6,17.6,715
2023-04-02,17.6,17.6,17.6,17.6,2000
2023-04-03,17.6,17.6,17.6,17.6,81073
2023-04-04,17.6,17.6,17.6,17.6,216631
2023-04-05,17.6,17.6,17.6,17.6,61411
2023-04-06,17.6,17.6,17.6,17.6,56133
2023-04-09,17.6,17.6,17.6,17.6,3750
2023-04-10,17.6,17.6,17.6,17.6,1746
2023-04-11,17.6,17.6,17.6,17.6,1000
2023-04-12,17.6,17.6,17.6,17.6,5
2023-04-13,17.6,17.6,17.6,17.6,8716
2023-04-16,17.6,17.6,17.6,17.6,15396
2023-04-17,17.6,17.6,17.6,17.6,40706
2023-04-18,17.6,17.6,17.6,17.6,6781
2023-04-24,17.6,17.6,17.6,17.6,11387
2023-04-25,17.6,17.6,17.6,17.6,89555
2023-04-26,17.6,17.9,17.6,17.6,689695
2023-04-27,17.6,17.7,17.6,17.6,124149
2023-04-30,17.6,17.6,17.6,17.6,25566
2023-05-02,17.6,17.6,17.6,17.6,1201
2023-05-03,17.6,17.6,17.6,17.6,2964
2023-05-07,17.6,17.6,17.6,17.6,2066
2023-05-08,17.6,17.6,17.6,17.6,249225
2023-05-09,17.6,17.6,17.6,17.6,99866
2023-05-10,17.6,17.6,17.6,17.6,38846
2023-05-11,17.6,17.6,17.6,17.6,27630
2023-05-14,17.6,17.6,17.6,17.6,7280
2023-05-15,17.6,17.6,17.6,17.6,2464
2023-05-16,17.6,17.6,17.6,17.6,11346
2023-05-17,17.6,17.6,17.6,17.6,9775
2023-05-18,17.6,17.6,17.6,17.6,29006
2023-05-21,17.6,17.6,17.6,17.6,6076
2023-05-22,17.6,17.6,17.6,17.6,3090
2023-05-23,17.6,17.6,17.6,17.6,27328
2023-05-24,17.6,17.6,17.6,17.6,14542
2023-05-25,17.6,17.6,17.6,17.6,1907
2023-05-28,17.6,17.6,17.6,17.6,208401
2023-05-29,17.6,17.6,17.6,17.6,228667
2023-05-30,17.6,17.6,17.6,17.6,63760
2023-05-31,17.6,17.6,17.6,17.6,2255
2023-06-01,17.6,17.6,17.6,17.6,21078
2023-06-04,17.6,17.6,17.6,17.6,5866
2023-06-05,17.6,17.6,17.6,17.6,358402
2023-06-06,17.6,17.6,17.6,17.6,38306
2023-06-07,17.6,17.6,17.6,17.6,147
2023-06-08,17.6,17.6,17.6,17.6,3181
2023-06-11,17.6,17.6,17.6,17.6,936
2023-06-12,17.6,17.6,17.6,17.6,5202
2023-06-13,17.6,17.6,17.6,17.6,6101
2023-06-14,17.6,17.6,17.6,17.6,1
2023-06-15,17.6,17.6,17.6,17.6,200
2023-06-18,17.6,17.6,17.6,17.6,116
2023-06-19,17.6,17.6,17.6,17.6,37101
2023-06-20,17.6,17.6,17.6,17.6,900
2023-06-21,17.6,17.6,17.6,17.6,4600
2023-06-22,17.6,17.6,17.6,17.6,4390
2023-06-25,17.6,17.6,17.6,17.6,1700
2023-06-26,17.6,17.6,17.6,17.6,85731
2023-07-02,17.6,17.9,17.6,17.6,1172916
2023-07-03,17.7,18.6,17.7,17.9,1868000
2023-07-04,17.9,17.9,17.6,17.6,1069755
2023-07-05,17.8,18.4,17.6,18.2,958090
2023-07-06,18.4,18.5,17.7,17.7,694852
2023-07-09,17.7,17.8,17.6,17.6,895837
2023-07-10,17.9,17.9,17.6,17.6,446115
2023-07-11,17.6,17.7,17.6,17.6,144110
2023-07-12,17.6,17.6,17.6,17.6,16319
2023-07-13,17.6,17.6,17.6,17.6,7934
2023-07-16,17.6,17.6,17.6,17.6,58457
2023-07-17,17.6,17.6,17.6,17.6,17015
2023-07-18,17.6,17.6,17.6,17.6,20605
2023-07-19,17.6,17.6,17.6,17.6,35007
2023-07-20,17.6,17.6,17.6,17.6,33353
2023-07-23,17.6,17.6,17.6,17.6,12773
2023-07-24,17.6,17.6,17.6,17.6,10016
2023-07-25,17.6,17.6,17.6,17.6,67
2023-07-26,17.6,17.6,17.6,17.6,2071
2023-07-27,17.6,17.6,17.6,17.6,1570
2023-07-30,17.6,17.6,17.6,17.6,2915
2023-07-31,17.6,17.6,17.6,17.6,2840
2023-08-01,17.6,17.6,17.6,17.6,10
2023-08-02,17.6,17.6,17.6,17.6,6020
2023-08-03,17.6,17.6,17.6,17.6,5014
2023-08-06,17.6,17.6,17.6,17.6,180
2023-08-07,17.6,17.6,17.6,17.6,700
2023-08-08,17.6,17.6,17.6,17.6,2050
2023-08-14,17.6,17.6,17.6,17.6,141
2023-08-17,17.6,17.6,17.6,17.6,100
2023-08-20,17.6,17.6,17.6,17.6,5203
2023-08-21,17.6,17.6,17.6,17.6,5
2023-08-22,17.6,17.6,17.6,17.6,486
2023-08-24,17.6,17.6,17.6,17.6,10
2023-08-27,17.6,17.6,17.6,17.6,1
2023-08-28,17.6,17.6,17.6,17.6,87
2023-08-30,17.6,17.6,17.6,17.6,50
2023-08-31,17.6,17.6,17.6,17.6,27
2023-09-04,17.6,17.6,17.6,17.6,354
2023-09-05,17.6,17.6,17.6,17.6,11
2023-09-10,17.6,17.6,17.6,17.6,20
2023-09-11,17.6,17.6,17.6,17.6,2
2023-09-12,17.6,17.6,17.6,17.6,111
2023-09-14,17.6,17.6,17.6,17.6,70
2023-09-18,17.6,17.6,17.6,17.6,501
2023-09-19,17.6,17.6,17.6,17.6,151
2023-09-20,17.6,17.6,17.6,17.6,256
2023-09-21,17.6,17.6,17.6,17.6,1
2023-09-27,17.6,17.6,17.6,17.6,10
2023-10-04,17.6,17.6,17.6,17.6,28
2023-10-05,17.6,17.6,17.6,17.6,20
2023-10-08,17.6,17.6,17.6,17.6,1
2023-10-09,17.6,17.6,17.6,17.6,61
2023-10-15,17.6,17.6,17.6,17.6,1
2023-10-16,17.6,17.6,17.6,17.6,1
2023-10-17,17.6,17.6,17.6,17.6,2
2023-10-23,17.6,17.6,17.6,17.6,40
2023-11-01,17.6,17.6,17.6,17.6,1
2023-11-02,17.6,17.6,17.6,17.6,1500
2023-11-12,17.6,17.6,17.6,17.6,150
2023-11-15,17.6,17.6,17.6,17.6,332
2023-11-21,17.6,17.6,17.6,17.6,50
2023-11-23,17.6,17.6,17.6,17.6,600
2023-11-26,17.6,17.6,17.6,17.6,20487
2023-11-27,17.6,17.6,17.6,17.6,1102
2023-11-28,17.6,17.6,17.6,17.6,50
2023-11-30,17.6,17.6,17.6,17.6,580
2023-12-06,17.6,17.6,17.6,17.6,22
2023-12-11,17.6,17.6,17.6,17.6,1302
2023-12-12,17.6,17.6,17.6,17.6,3501
2023-12-13,17.6,17.6,17.6,17.6,17622
2023-12-17,17.6,17.6,17.6,17.6,50704
2023-12-18,17.6,17.6,17.6,17.6,158776
2023-12-19,17.6,17.6,17.6,17.6,2005
2023-12-20,17.6,17.6,17.6,17.6,1784
2023-12-24,17.6,17.6,17.6,17.6,100
2023-12-27,17.6,17.6,17.6,17.6,1000
2024-01-02,17.6,17.6,17.6,17.6,470984
2024-01-03,17.6,17.6,17.6,17.6,10
2024-01-04,17.6,17.6,17.6,17.6,1000
2024-01-08,17.6,17.6,17.6,17.6,9
2024-01-11,17.6,17.6,17.6,17.6,850
2024-01-15,17.6,17.6,17.6,17.6,330
2024-01-16,17.6,17.6,17.6,17.6,499
2024-01-17,17.6,17.6,17.6,17.6,401
2024-01-21,15.9,15.9,15.9,15.9,68718
2024-01-22,14.4,15.5,14.4,15.1,682635
2024-01-23,15.2,15.7,14.9,15.2,504816
2024-01-24,15.3,15.8,15.3,15.6,411649
2024-01-25,15.8,15.8,15.1,15.1,304902
2024-01-28,15.3,15.4,14.2,14.6,151543
2024-01-29,14.6,15.0,14.4,14.7,164053
2024-01-30,15.0,15.7,14.9,15.5,290045
2024-01-31,16.0,17.0,16.0,17.0,1563166
2024-02-01,17.5,17.8,17.2,17.5,840903
2024-02-04,17.6,17.8,17.0,17.4,1239449
2024-02-05,17.5,17.8,17.0,17.1,776873
2024-02-06,17.1,17.3,16.7,16.9,743163
2024-02-07,16.9,17.7,16.8,17.6,1414472
2024-02-08,17.8,18.2,17.4,17.5,759117
2024-02-11,17.7,17.8,17.1,17.2,494334
2024-02-12,17.5,17.5,16.7,16.8,615991
2024-02-13,17.2,17.3,16.6,16.7,469929
2024-02-14,16.8,17.0,16.4,16.5,364019
2024-02-15,16.8,16.9,16.5,16.5,219350
2024-02-18,16.7,16.8,16.2,16.3,165384
2024-02-19,16.3,16.6,16.1,16.1,282492
2024-02-20,16.5,17.2,16.4,16.7,495396
