Date,Open,High,Low,Close,Volume
2012-10-01,41.0,43.0,39.5,42.5,372375
2012-10-02,43.8,44.9,42.7,43.7,445400
2012-10-03,44.9,44.9,42.6,42.8,457375
2012-10-04,42.9,43.2,42.0,42.2,224475
2012-10-07,42.5,42.9,39.8,40.1,291075
2012-10-08,41.4,41.4,38.9,39.6,255300
2012-10-09,41.2,42.0,40.6,40.8,147900
2012-10-10,41.5,41.6,39.7,39.8,196775
2012-10-11,40.8,40.8,39.0,39.7,170725
2012-10-14,39.4,40.1,39.0,39.0,151625
2012-10-15,39.2,39.9,38.6,39.1,183650
2012-10-16,39.6,40.0,38.9,39.1,138075
2012-10-17,39.5,39.9,38.5,38.7,189225
2012-10-18,38.6,39.4,38.6,38.9,105325
2012-10-21,39.5,40.2,38.7,39.7,182250
2012-10-22,40.0,40.7,39.7,40.4,212150
2012-10-23,40.5,41.0,40.4,40.7,207750
2012-10-30,40.0,40.7,39.8,40.0,93175
2012-10-31,39.5,40.1,38.2,38.5,199325
2012-11-01,38.5,39.2,37.8,38.9,212925
2012-11-04,38.9,39.4,38.3,38.4,106525
2012-11-05,38.3,38.8,37.9,38.0,188675
2012-11-06,38.1,38.4,37.8,37.9,89025
2012-11-07,38.7,38.7,37.5,37.8,115100
2012-11-08,38.1,38.1,37.2,37.3,109425
2012-11-11,37.5,37.5,36.0,36.1,252850
2012-11-12,36.5,36.5,35.8,35.9,138050
2012-11-13,35.9,36.5,35.5,36.3,95475
2012-11-14,35.9,36.9,35.9,36.4,87575
2012-11-15,37.0,37.0,36.1,36.2,101625
2012-11-18,36.2,36.5,35.8,36.0,109850
2012-11-19,37.0,37.0,34.8,34.9,140250
2012-11-20,35.2,35.6,34.8,34.9,187350
2012-11-21,35.9,35.9,34.3,34.4,225850
2012-11-22,34.5,35.0,33.9,34.5,305000
2012-11-26,34.8,34.8,33.3,33.3,130775
2012-11-27,34.0,34.0,33.0,33.0,173325
2012-11-28,33.3,33.9,32.6,32.8,128350
2012-11-29,33.8,35.6,33.1,35.0,330200
2012-12-02,35.5,36.3,34.8,34.9,177450
2012-12-03,34.3,34.8,33.9,34.0,108325
2012-12-04,33.6,34.4,33.4,34.0,77450
2012-12-05,34.0,34.5,33.4,33.9,201550
2012-12-06,33.8,33.9,33.2,33.5,91150
2012-12-09,33.8,33.8,32.8,32.8,115650
2012-12-10,32.7,34.5,32.5,34.1,449900
2012-12-11,33.5,35.5,33.4,35.3,473325
2012-12-12,35.4,36.6,35.3,35.9,499875
2012-12-13,36.0,37.8,35.3,37.2,527700
2012-12-17,37.2,39.3,37.2,38.7,476425
2012-12-18,38.9,38.9,37.9,38.4,411400
2012-12-19,38.1,40.0,38.1,39.7,524750
2012-12-20,39.6,39.7,38.7,38.9,263375
2012-12-23,38.1,39.0,37.6,37.8,355925
2012-12-24,37.8,38.0,37.4,37.5,240475
2012-12-26,37.7,38.7,37.5,38.5,224800
2012-12-27,38.2,39.0,38.1,38.3,271925
2012-12-30,38.9,38.9,38.1,38.1,226275
2013-01-01,39.0,39.2,37.8,37.8,134700
2013-01-02,37.8,38.0,37.1,37.4,95275
2013-01-03,37.9,37.9,37.2,37.3,92800
2013-01-06,37.8,37.8,37.3,37.3,51725
2013-01-07,37.3,37.3,36.4,36.4,123375
2013-01-08,36.4,36.9,36.1,36.2,88075
2013-01-09,36.5,36.9,36.1,36.4,95675
2013-01-10,36.5,37.0,36.4,36.9,98150
2013-01-13,36.8,37.0,36.5,36.5,69250
2013-01-14,36.8,36.8,36.1,36.1,111400
2013-01-15,36.1,36.5,36.0,36.1,57875
2013-01-16,36.0,36.5,36.0,36.3,76175
2013-01-17,36.0,36.8,36.0,36.6,49650
2013-01-20,36.6,36.6,36.1,36.1,116900
2013-01-21,36.0,36.3,35.8,36.0,72400
2013-01-22,36.0,36.2,35.8,36.0,119150
2013-01-23,36.2,36.5,36.1,36.2,55050
2013-01-24,36.3,36.7,36.1,36.5,152825
2013-01-27,36.6,37.0,36.5,36.6,100300
2013-01-28,37.5,37.5,36.7,36.9,168725
2013-01-29,37.0,38.0,37.0,37.5,171725
2013-01-30,38.0,38.1,36.8,37.0,255300
2013-01-31,37.0,37.2,36.6,37.0,225200
2013-02-03,37.0,37.7,36.9,37.1,222825
2013-02-04,37.3,37.7,36.6,36.8,225300
2013-02-05,37.0,37.2,36.7,37.0,192200
2013-02-06,37.5,37.5,36.9,37.0,254375
2013-02-07,37.0,37.3,36.8,36.8,271750
2013-02-10,36.8,37.3,36.7,37.0,325200
2013-02-11,37.2,38.1,37.2,37.6,434725
2013-02-12,38.2,38.2,37.0,37.2,193000
2013-02-13,37.0,37.5,36.9,37.1,290875
2013-02-14,37.2,37.8,37.0,37.5,264975
2013-02-17,37.8,38.7,37.5,37.8,642475
2013-02-18,37.6,37.9,37.0,37.2,440200
2013-02-19,37.5,37.5,36.5,36.6,435375
2013-02-20,36.5,36.8,36.0,36.1,351700
2013-02-24,35.7,35.9,35.0,35.2,363800
2013-02-25,35.7,35.7,34.8,34.9,326450
2013-02-26,35.6,36.2,35.1,36.0,694100
2013-02-27,36.3,36.3,34.7,34.7,529150
2013-02-28,35.6,35.6,34.5,34.8,290275
2013-03-03,34.7,34.7,32.1,32.3,802900
2013-03-04,32.9,34.5,32.8,33.8,516775
2013-03-05,34.6,35.0,33.8,34.1,414550
2013-03-06,34.0,34.2,33.7,33.9,525225
2013-03-07,33.0,34.0,33.0,33.7,465875
2013-03-10,34.5,34.5,33.3,33.6,485100
2013-03-11,34.0,34.0,33.0,33.6,458575
2013-03-12,33.2,34.0,33.2,33.8,464950
2013-03-13,33.8,35.0,33.8,34.7,550150
2013-03-14,34.9,36.7,34.5,35.9,644225
2013-03-18,36.0,36.0,35.2,35.7,445625
2013-03-19,36.0,36.3,35.3,35.7,388750
2013-03-20,35.5,35.8,34.8,35.3,204225
2013-03-24,35.5,35.5,34.3,34.4,146875
2013-03-25,33.7,34.6,33.7,33.9,217950
2013-03-27,33.8,33.9,32.6,32.7,141025
2013-03-28,33.0,33.5,32.8,32.9,84475
2013-03-31,32.6,33.8,30.2,30.9,151675
2013-04-01,31.7,31.7,28.5,28.9,249475
2013-04-02,27.8,31.5,27.8,30.7,189975
2013-04-03,31.0,31.3,30.8,30.9,232350
2013-04-04,30.0,31.2,29.5,31.0,219425
2013-04-07,31.0,32.1,30.9,31.7,185450
2013-04-08,30.6,32.0,30.6,31.8,153150
2013-04-09,31.8,34.7,31.8,33.7,380275
2013-04-10,34.1,35.0,33.6,34.1,209700
2013-04-11,33.5,33.5,32.6,32.7,100125
2013-04-15,32.2,33.0,32.2,32.6,60900
2013-04-16,33.0,33.5,32.5,33.1,226525
2013-04-17,32.6,32.6,31.8,31.9,99600
2013-04-18,32.2,32.3,31.4,31.9,194700
2013-04-21,31.6,31.9,31.2,31.5,87075
2013-04-22,31.7,32.0,30.9,30.9,92450
2013-04-23,31.6,31.9,30.6,31.6,153375
2013-04-24,31.4,31.8,30.9,31.0,92125
2013-04-25,31.6,31.6,30.6,31.1,69250
2013-04-28,30.4,31.3,30.2,30.8,144325
2013-04-29,32.0,32.0,30.2,30.8,148225
2013-04-30,31.0,31.0,30.4,30.9,103950
2013-05-02,30.1,31.8,30.1,31.6,226300
2013-05-05,31.6,32.8,31.6,32.5,258450
2013-05-06,32.0,34.0,32.0,33.4,238775
2013-05-07,33.7,34.3,33.4,34.1,231900
2013-05-08,33.9,34.6,33.1,33.4,184150
2013-05-09,33.5,34.2,32.8,34.1,317800
2013-05-12,35.4,36.1,34.1,35.5,629675
2013-05-14,32.2,33.0,31.4,32.8,662200
2013-05-15,32.8,33.1,32.0,32.2,261325
2013-05-16,32.5,32.9,31.8,31.9,193750
2013-05-19,32.3,32.9,31.5,32.6,445750
2013-05-20,32.6,34.6,32.6,34.0,412100
2013-05-21,33.2,33.7,32.5,32.7,271800
2013-05-22,32.6,33.0,32.0,32.0,189750
2013-05-26,32.1,32.2,31.0,31.0,105650
2013-05-27,30.9,32.4,30.9,32.0,153575
2013-05-28,32.5,32.5,31.3,31.4,159275
2013-05-29,31.4,32.5,31.4,32.1,126100
2013-05-30,33.0,33.8,32.0,32.3,187525
2013-06-02,32.6,32.9,32.3,32.8,141575
2013-06-03,32.5,33.0,31.9,32.4,320625
2013-06-04,32.5,32.9,31.9,32.0,237875
2013-06-05,32.0,33.0,32.0,32.5,360350
2013-06-06,32.7,32.8,32.0,32.1,166375
2013-06-09,31.6,32.0,30.7,30.9,262600
2013-06-10,31.0,31.6,30.4,30.8,293350
2013-06-11,31.1,31.9,30.8,31.4,526150
2013-06-12,32.0,32.9,31.2,32.7,1060900
2013-06-13,32.5,32.7,31.7,31.7,383875
2013-06-16,32.3,32.6,31.8,32.4,392350
2013-06-17,32.2,32.8,31.9,31.9,456600
2013-06-18,32.4,32.4,31.6,31.8,202850
2013-06-19,32.0,32.7,31.5,32.4,594700
2013-06-20,32.5,32.8,31.8,31.9,478650
2013-06-23,31.9,32.4,31.2,31.3,223575
2013-06-24,31.0,31.8,30.3,30.5,293600
2013-06-26,30.9,31.0,29.9,30.0,619800
2013-06-27,30.5,30.5,29.7,29.9,206625
2013-06-30,29.8,30.6,29.5,29.7,192575
2013-07-02,29.2,30.3,29.2,29.9,268450
2013-07-03,29.4,30.0,28.8,29.0,450800
2013-07-04,29.1,29.8,28.6,28.9,529050
2013-07-07,28.1,29.3,28.1,28.8,215200
2013-07-08,28.5,28.8,27.9,28.3,590425
2013-07-09,28.9,29.2,27.6,28.2,698950
2013-07-10,28.5,30.5,28.1,29.1,576050
2013-07-11,29.1,29.3,27.8,27.9,264300
2013-07-14,28.3,28.3,27.7,27.8,271275
2013-07-15,27.8,28.0,26.9,27.0,276700
2013-07-16,27.1,27.8,26.7,27.0,367825
2013-07-17,27.0,27.9,26.5,26.7,246250
2013-07-18,26.8,27.9,26.8,27.0,215025
2013-07-21,27.0,27.7,26.1,26.5,445325
2013-07-22,26.5,27.0,26.1,26.3,294925
2013-07-23,26.4,26.6,25.2,25.5,275950
2013-07-24,26.0,26.6,25.5,26.4,240300
2013-07-25,26.6,26.8,25.0,25.2,328725
2013-07-28,25.7,25.7,25.0,25.2,151850
2013-07-29,25.0,25.6,24.9,25.3,174250
2013-07-30,25.5,26.5,25.4,25.7,284375
2013-07-31,26.4,26.4,25.3,25.5,265150
2013-08-01,25.3,25.5,25.1,25.2,134325
2013-08-04,25.0,25.2,24.6,24.9,122975
2013-08-05,25.5,25.5,24.7,25.1,121100
2013-08-12,25.0,25.5,24.9,25.2,111425
2013-08-13,25.2,25.9,25.1,25.7,141125
2013-08-14,25.5,26.1,25.4,25.5,166900
2013-08-18,25.4,26.0,25.1,25.8,156825
2013-08-19,25.5,25.8,25.3,25.4,333725
2013-08-20,25.9,25.9,25.2,25.3,286225
2013-08-21,25.3,25.5,25.0,25.1,303775
2013-08-22,24.9,25.3,24.9,25.0,256300
2013-08-25,25.0,25.3,24.9,25.0,302650
2013-08-26,25.0,25.2,24.9,25.0,207350
2013-08-27,24.9,25.2,24.8,24.9,300625
2013-08-29,24.9,25.4,24.8,25.0,186225
2013-09-01,25.3,25.7,24.9,25.1,329725
2013-09-02,25.3,25.7,25.0,25.5,305400
2013-09-03,25.3,25.8,25.3,25.7,388475
2013-09-04,25.5,26.2,25.5,25.9,516625
2013-09-05,25.8,26.1,25.7,25.8,131750
2013-09-08,25.8,25.9,25.5,25.7,292500
2013-09-09,25.9,26.0,25.4,25.6,302950
2013-09-10,25.6,25.7,25.1,25.1,275400
2013-09-11,25.4,25.5,24.9,25.1,152350
2013-09-12,24.9,25.2,24.9,25.0,247150
2013-09-15,25.0,25.2,24.9,25.0,284325
2013-09-16,25.2,26.1,25.1,25.2,414050
2013-09-17,25.5,26.0,25.2,25.6,196900
2013-09-18,25.5,25.9,25.1,25.5,126350
2013-09-19,25.6,25.7,25.2,25.3,108225
2013-09-22,25.2,25.6,25.1,25.2,185975
2013-09-23,25.2,25.5,25.0,25.1,196975
2013-09-24,25.1,25.4,25.0,25.0,240800
2013-09-25,25.0,25.4,25.0,25.2,144525
2013-09-26,25.0,25.5,25.0,25.3,172775
2013-09-29,25.2,25.6,25.1,25.2,153900
2013-09-30,25.1,25.3,25.0,25.0,158825
2013-10-01,25.1,25.2,25.0,25.1,86925
2013-10-02,25.2,25.3,25.0,25.1,178175
2013-10-03,25.3,25.3,25.1,25.2,79450
2013-10-06,25.8,25.8,25.1,25.1,137400
2013-10-07,25.1,25.1,24.9,25.0,101750
2013-10-08,25.0,25.2,24.9,24.9,143400
2013-10-09,24.9,25.3,24.9,25.2,90075
2013-10-10,25.4,25.7,25.2,25.5,228425
2013-10-20,25.6,25.7,25.3,25.4,151875
2013-10-21,25.2,25.6,24.9,25.4,158250
2013-10-22,25.4,25.6,25.3,25.5,96100
2013-10-23,25.5,26.5,25.4,26.3,305275
2013-10-24,26.2,26.2,25.6,25.6,89800
2013-10-27,25.9,27.2,25.9,27.0,377425
2013-10-28,27.2,28.2,27.0,27.2,386625
2013-10-29,27.0,28.0,26.2,27.9,368575
2013-10-30,28.2,28.5,26.3,26.9,207600
2013-10-31,26.9,29.0,26.6,28.0,830875
2013-11-03,28.0,28.8,27.7,27.8,153975
2013-11-04,28.0,30.4,27.6,30.3,856250
2013-11-05,30.9,31.9,29.8,30.6,1216880
2013-11-06,30.7,33.5,30.5,32.4,2063830
2013-11-07,32.9,35.1,32.5,34.8,1914430
2013-11-10,35.4,36.5,33.8,36.2,1836130
2013-11-11,35.8,36.7,33.3,33.7,1418700
2013-11-12,33.8,34.5,32.8,33.7,1102800
2013-11-13,34.7,34.8,32.8,33.0,1092450
2013-11-14,33.9,34.7,32.8,33.0,1368500
2013-11-17,32.8,34.1,32.5,32.9,812600
2013-11-18,34.0,34.1,32.5,32.6,720025
2013-11-19,33.2,34.1,32.5,33.1,977475
2013-11-20,33.8,33.8,33.0,33.2,791650
2013-11-21,33.4,33.4,32.5,32.5,804425
2013-11-24,32.9,33.0,31.7,31.8,688500
2013-11-25,32.4,33.1,31.8,31.9,753050
2013-11-26,32.0,32.1,30.8,31.0,580250
2013-11-27,31.0,31.2,30.5,30.8,446000
2013-11-28,30.9,31.0,30.4,30.7,296875
2013-12-01,30.8,30.9,29.9,30.3,409175
2013-12-02,30.4,30.9,30.3,30.6,391325
2013-12-03,31.4,32.9,31.1,32.5,670750
2013-12-04,32.9,33.1,31.6,31.8,206400
2013-12-05,31.0,32.0,31.0,31.7,228650
2013-12-08,32.0,32.0,31.3,31.5,250200
2013-12-09,32.8,32.8,30.6,31.5,231650
2013-12-10,31.5,32.7,31.3,32.3,509375
2013-12-11,32.3,32.5,31.7,31.8,249700
2013-12-12,31.7,32.1,31.2,31.5,259875
2013-12-15,31.6,31.8,31.2,31.5,333050
2013-12-17,31.6,31.7,30.8,31.0,237500
2013-12-18,31.3,31.5,30.6,30.9,273800
2013-12-19,30.8,31.2,30.8,31.0,220675
2013-12-22,31.0,31.8,30.8,31.6,570375
2013-12-23,32.3,32.4,31.2,31.3,399975
2013-12-24,31.4,31.9,31.0,31.1,183025
2013-12-26,31.2,31.2,30.5,30.8,224075
2013-12-29,31.0,32.0,30.0,30.7,133500
2013-12-30,31.9,31.9,30.8,31.1,149150
2014-01-01,31.5,31.8,31.1,31.4,117575
2014-01-02,31.2,31.4,31.0,31.1,140850
2014-01-06,31.2,31.3,30.9,30.9,94375
2014-01-07,31.0,31.2,30.7,30.8,108125
2014-01-08,31.0,31.4,30.8,30.9,314525
2014-01-09,31.2,31.3,30.8,30.9,328350
2014-01-12,31.3,31.3,30.9,30.9,260325
2014-01-13,31.0,32.0,30.8,31.8,322975
2014-01-15,31.9,32.5,31.9,32.3,400700
2014-01-16,32.3,32.7,32.1,32.6,477400
2014-01-19,32.9,34.0,32.8,33.6,1082430
2014-01-20,34.0,34.0,32.7,32.8,400300
2014-01-21,33.0,33.2,32.6,32.9,303750
2014-01-22,33.7,33.8,32.6,33.1,558075
2014-01-23,33.5,34.3,33.3,34.1,1308500
2014-01-26,34.8,35.6,34.8,35.4,1214630
2014-01-27,35.5,36.0,34.7,35.7,1066050
2014-01-28,36.0,36.2,34.7,34.8,705975
2014-01-29,34.8,35.4,34.4,34.7,480675
2014-01-30,35.7,35.7,34.8,35.0,867325
2014-02-02,35.1,35.6,35.0,35.2,770850
2014-02-03,35.4,36.5,35.0,36.1,1873150
2014-02-04,36.6,37.6,36.3,36.7,2216100
2014-02-05,36.9,36.9,35.5,36.2,727700
2014-02-06,36.3,36.5,35.6,35.7,794675
2014-02-09,36.5,36.5,34.7,34.8,941000
2014-02-10,35.0,35.5,34.5,34.6,608825
2014-02-11,34.5,34.9,33.7,33.9,455200
2014-02-12,34.9,34.9,33.2,33.3,700775
2014-02-13,33.9,34.0,32.7,33.0,432150
2014-02-16,33.2,34.0,33.0,33.1,408225
2014-02-17,33.4,33.5,32.7,33.2,375175
2014-02-18,33.2,34.3,33.2,33.8,415550
2014-02-19,34.1,34.9,34.1,34.6,740975
2014-02-20,34.7,34.9,34.1,34.2,372800
2014-02-23,34.1,34.2,33.6,33.7,202575
2014-02-24,33.8,34.1,33.3,33.9,343100
2014-02-25,33.6,34.4,33.0,33.2,343625
2014-02-26,33.5,33.9,32.9,33.4,314125
2014-02-27,33.0,33.3,32.5,32.6,559425
2014-03-02,32.5,33.0,31.5,31.7,481675
2014-03-03,31.7,32.2,31.0,31.2,363375
2014-03-04,31.4,31.9,31.2,31.2,339550
2014-03-05,31.5,31.6,30.9,31.1,220400
2014-03-06,31.1,31.5,30.7,30.8,201300
2014-03-09,30.9,31.0,30.0,30.1,273400
2014-03-10,30.2,30.4,29.2,29.3,283975
2014-03-11,29.3,30.2,29.2,29.5,200000
2014-03-12,30.0,30.0,29.2,29.3,192950
2014-03-13,29.6,29.6,28.6,28.8,226400
2014-03-16,28.6,29.2,28.5,28.8,167775
2014-03-18,28.5,29.7,28.5,29.0,163025
2014-03-19,28.8,29.6,28.8,29.1,134675
2014-03-20,29.0,30.0,29.0,29.7,131500
2014-03-23,29.1,30.2,29.0,29.2,231600
2014-03-24,29.4,29.7,29.0,29.4,184950
2014-03-25,29.9,30.4,29.7,30.0,423675
2014-03-27,30.4,31.0,30.1,30.8,540475
2014-03-30,30.6,30.8,30.2,30.5,167450
2014-03-31,30.1,30.8,30.1,30.5,388750
2014-04-01,30.3,30.5,29.8,30.0,231575
2014-04-02,30.0,30.5,29.7,30.1,383475
2014-04-03,30.8,30.8,30.0,30.3,422800
2014-04-07,27.0,27.0,25.5,26.0,718525
2014-04-08,25.7,27.0,25.3,26.3,429050
2014-04-09,26.3,28.5,26.3,27.7,626875
2014-04-10,28.0,28.5,27.2,27.5,481525
2014-04-13,27.7,27.7,27.0,27.2,82675
2014-04-15,27.4,27.4,26.2,26.4,326350
2014-04-16,26.3,27.3,26.3,26.6,329550
2014-04-17,26.4,27.4,26.4,26.6,190775
2014-04-20,27.4,27.6,26.6,27.3,423675
2014-04-21,27.7,28.5,27.5,28.2,701550
2014-04-22,28.3,29.0,28.1,28.2,654125
2014-04-23,28.0,28.4,27.7,28.1,500475
2014-04-24,28.4,29.0,28.1,28.4,530350
2014-04-27,28.3,28.7,27.1,27.7,359575
2014-04-28,28.6,28.6,27.7,27.8,481400
2014-04-29,27.5,28.0,27.4,27.4,291825
2014-04-30,27.4,27.6,27.0,27.2,506175
2014-05-04,27.5,28.0,26.8,27.1,272825
2014-05-05,28.0,28.0,26.9,27.1,301725
2014-05-06,27.2,27.3,26.6,26.8,298525
2014-05-07,27.4,27.4,26.7,26.7,177550
2014-05-08,26.9,27.0,26.6,26.7,193375
2014-05-11,26.6,27.2,26.2,26.3,234350
2014-05-12,26.5,26.6,25.9,26.4,344200
2014-05-14,26.3,26.5,25.9,26.0,338325
2014-05-15,26.0,26.2,25.6,26.0,301525
2014-05-18,25.9,26.5,25.9,26.2,213800
2014-05-19,26.2,26.2,25.8,25.8,144875
2014-05-20,25.9,26.0,25.6,25.7,172800
2014-05-21,25.8,26.0,25.5,25.6,157700
2014-05-22,25.4,26.2,25.3,25.6,235625
2014-05-25,25.3,26.0,25.3,25.6,244475
2014-05-26,25.6,25.9,25.4,25.5,391475
2014-05-27,25.5,25.9,25.5,25.6,180950
2014-05-28,25.6,25.9,25.5,25.5,257050
2014-05-29,25.7,25.7,25.4,25.4,163275
2014-06-01,25.4,25.6,25.1,25.2,297075
2014-06-02,25.2,25.4,25.0,25.0,179600
2014-06-03,25.0,25.2,24.6,24.7,169475
2014-06-04,24.6,25.6,24.1,24.2,488100
2014-06-05,24.5,24.5,24.1,24.1,118775
2014-06-08,23.8,24.1,23.4,23.9,208900
2014-06-09,24.0,24.4,23.7,24.1,200525
2014-06-10,24.3,24.5,23.8,23.8,184550
2014-06-11,23.8,24.9,23.7,24.5,274175
2014-06-12,24.5,24.5,23.9,24.0,63100
2014-06-15,23.8,24.2,23.8,24.0,112275
2014-06-16,24.0,24.2,23.9,24.0,237700
2014-06-17,24.9,25.0,23.7,24.0,567250
2014-06-18,24.0,24.5,23.9,24.3,188100
2014-06-19,24.7,24.8,24.1,24.2,129625
2014-06-22,24.0,24.2,23.7,24.0,254050
2014-06-23,23.7,24.3,23.7,24.0,242975
2014-06-24,22.5,24.6,22.5,24.2,176000
2014-06-25,24.2,24.5,24.1,24.1,233525
2014-06-26,24.0,24.3,24.0,24.0,116800
2014-06-29,24.7,25.1,24.1,24.7,575400
2014-06-30,24.4,24.9,24.4,24.6,265275
2014-07-02,24.5,24.9,24.3,24.4,436100
2014-07-03,24.4,24.9,24.3,24.4,209600
2014-07-06,24.4,24.4,24.1,24.1,143250
2014-07-07,24.1,24.1,23.8,23.8,105200
2014-07-08,23.9,24.0,23.7,23.8,80250
2014-07-09,24.1,24.2,23.8,23.8,100475
2014-07-10,23.8,24.0,23.7,23.7,95000
2014-07-13,23.8,24.0,23.7,23.7,89550
2014-07-14,23.7,24.0,23.4,23.5,407900
2014-07-15,23.5,23.8,23.5,23.6,99250
2014-07-16,23.6,23.8,23.5,23.5,383250
2014-07-17,23.6,23.8,23.6,23.6,272400
2014-07-20,23.9,24.5,23.5,24.2,186375
2014-07-21,24.1,24.4,24.0,24.1,182050
2014-07-22,24.0,24.2,23.9,24.0,153100
2014-07-23,24.0,24.3,24.0,24.1,185000
2014-07-24,24.1,24.5,24.0,24.3,182625
2014-08-03,24.5,24.5,24.0,24.2,64900
2014-08-04,24.0,24.5,24.0,24.0,186650
2014-08-05,24.1,25.0,24.0,24.1,523775
2014-08-06,24.4,24.5,24.1,24.1,283150
2014-08-07,24.1,24.6,24.1,24.4,586700
2014-08-10,24.3,24.7,24.1,24.1,239725
2014-08-11,24.3,24.4,24.0,24.0,453000
2014-08-12,24.0,24.4,24.0,24.0,530875
2014-08-13,24.0,24.2,24.0,24.1,130775
2014-08-14,24.2,24.2,24.0,24.0,330850
2014-08-18,24.0,24.1,23.4,23.4,691425
2014-08-19,23.4,23.8,23.2,23.4,436475
2014-08-20,23.4,23.5,23.0,23.0,411375
2014-08-21,23.5,23.5,23.1,23.3,521350
2014-08-24,23.3,23.6,23.3,23.3,837525
2014-08-25,23.4,23.7,23.2,23.4,411100
2014-08-26,23.2,23.8,23.2,23.5,608075
2014-08-27,23.7,23.7,23.3,23.3,982875
2014-08-28,23.1,23.5,23.1,23.3,171675
2014-08-31,23.3,23.4,22.8,23.0,401325
2014-09-01,23.1,23.2,22.8,22.8,267600
2014-09-02,22.8,23.0,22.7,22.8,580875
2014-09-03,22.6,23.4,22.6,23.0,481425
2014-09-04,23.1,23.4,23.0,23.2,237250
2014-09-07,23.1,24.5,23.1,24.1,931200
2014-09-08,24.0,24.2,23.5,23.5,486200
2014-09-09,23.5,23.6,23.3,23.3,137675
2014-09-10,23.5,23.5,23.1,23.2,702450
2014-09-11,23.2,23.6,23.1,23.1,491300
2014-09-14,23.3,23.3,23.0,23.0,377825
2014-09-15,23.5,23.5,23.0,23.1,864600
2014-09-16,23.3,23.4,23.1,23.1,693100
2014-09-17,23.5,24.1,23.2,23.3,756800
2014-09-18,23.3,24.5,23.3,23.7,1054430
2014-09-21,23.7,24.7,23.7,24.3,1022180
2014-09-22,24.4,25.3,24.1,25.0,663700
2014-09-23,25.4,27.1,25.0,26.6,1797750
2014-09-24,27.0,27.0,25.5,25.7,1048380
2014-09-25,25.4,26.2,25.3,25.5,482950
2014-09-28,25.4,25.6,25.3,25.3,699700
2014-09-29,26.6,26.6,25.3,25.3,377425
2014-09-30,25.3,26.1,25.1,25.8,346575
2014-10-01,25.5,26.5,25.5,26.2,348200
2014-10-02,26.3,27.7,26.3,27.4,1078030
2014-10-12,27.9,30.1,27.9,29.8,1785600
2014-10-13,29.9,29.9,28.3,28.5,1317480
2014-10-14,28.8,28.8,27.9,28.0,803750
2014-10-15,27.6,28.9,27.3,27.9,588075
2014-10-16,27.9,28.1,27.5,27.8,788900
2014-10-19,27.9,28.0,27.5,27.6,943100
2014-10-20,27.7,28.0,27.5,27.5,664025
2014-10-21,27.5,27.8,27.4,27.5,600050
2014-10-22,27.4,27.7,27.1,27.2,549700
2014-10-23,26.9,27.5,26.9,27.3,294700
2014-10-26,26.6,28.1,26.6,27.3,943525
2014-10-27,27.2,28.5,27.2,28.0,782550
2014-10-28,27.0,28.2,27.0,27.8,293525
2014-10-29,28.0,29.0,27.4,28.1,355050
2014-10-30,29.0,30.1,27.3,28.4,2694000
2014-11-02,29.9,30.6,28.6,28.7,1382230
2014-11-03,28.7,29.0,27.5,27.7,241200
2014-11-05,27.3,28.0,27.3,27.5,191550
2014-11-06,27.3,27.8,27.3,27.6,240725
2014-11-09,28.5,28.5,27.0,27.1,309050
2014-11-10,27.3,27.4,26.8,27.1,187125
2014-11-11,26.8,27.4,26.8,27.2,161300
2014-11-12,27.2,27.2,26.8,26.9,235175
2014-11-13,27.0,27.3,26.7,26.8,233975
2014-11-16,26.6,27.1,26.4,26.5,506075
2014-11-17,26.6,27.2,26.5,26.5,249775
2014-11-18,26.6,26.8,26.5,26.5,192100
2014-11-19,26.5,27.2,26.3,26.6,424350
2014-11-20,26.8,27.0,26.7,26.7,104675
2014-11-23,26.9,27.0,26.4,26.4,167475
2014-11-24,26.9,27.0,26.0,26.2,258400
2014-11-25,26.8,26.8,26.2,26.5,46950
2014-11-26,26.5,26.6,26.2,26.2,233275
2014-11-27,26.5,26.5,26.2,26.2,161150
2014-11-30,26.1,26.5,25.9,26.0,335975
2014-12-01,26.1,27.0,26.1,26.8,219300
2014-12-02,26.5,26.9,26.5,26.7,329650
2014-12-03,26.7,27.5,26.6,27.2,385900
2014-12-04,27.4,27.7,27.0,27.2,279200
2014-12-07,27.0,27.4,27.0,27.2,294425
2014-12-08,27.0,27.4,27.0,27.3,330975
2014-12-09,27.2,27.7,27.2,27.5,237200
2014-12-10,27.4,27.7,26.9,27.3,447625
2014-12-11,27.3,27.4,26.9,27.2,63495
2014-12-14,26.9,27.1,26.8,26.9,89121
2014-12-15,26.6,27.0,26.6,26.9,208138
2014-12-17,26.2,27.1,26.2,26.7,89790
2014-12-18,26.5,26.6,26.1,26.2,236899
2014-12-21,25.6,26.2,25.6,25.7,386205
2014-12-22,25.5,26.0,25.5,25.7,149027
2014-12-23,25.7,25.9,25.5,25.6,200660
2014-12-24,25.6,25.9,25.5,25.7,140091
2014-12-28,25.6,25.8,25.5,25.6,99432
2014-12-29,25.4,25.9,25.3,25.7,235135
2014-12-30,25.6,26.2,25.5,25.9,207099
2015-01-01,25.7,26.5,25.7,26.3,90809
2015-01-05,26.6,26.6,25.5,25.7,133699
2015-01-06,25.8,26.4,25.7,26.1,225358
2015-01-07,25.9,26.3,25.9,26.1,105302
2015-01-08,26.0,26.3,25.8,26.1,171806
2015-01-11,26.0,26.3,25.8,26.1,86999
2015-01-12,26.0,26.4,25.9,26.3,228800
2015-01-13,26.1,26.3,25.9,26.0,125164
2015-01-14,26.0,26.3,25.8,26.0,91617
2015-01-15,25.8,26.2,25.8,26.2,225062
2015-01-18,25.7,26.5,25.7,26.3,104873
2015-01-19,25.9,26.4,25.9,26.0,142906
2015-01-20,26.2,26.2,25.8,25.9,189665
2015-01-21,25.2,26.0,25.2,25.8,95500
2015-01-22,25.9,26.0,25.2,25.8,124224
2015-01-25,25.2,26.0,25.2,25.7,245591
2015-01-26,25.6,26.0,25.4,26.0,267193
2015-01-27,25.6,26.1,25.5,26.0,120615
2015-01-28,25.7,26.1,25.6,25.8,150417
2015-01-29,25.6,25.9,25.5,25.8,74927
2015-02-01,26.1,26.1,25.3,25.4,145683
2015-02-02,25.0,25.1,24.3,24.5,236604
2015-02-03,24.5,24.8,24.4,24.6,141879
2015-02-04,24.4,24.8,24.2,24.3,159653
2015-02-05,24.4,24.8,24.2,24.6,201006
2015-02-08,24.3,24.9,24.3,24.8,172720
2015-02-09,24.3,24.9,24.3,24.8,71478
2015-02-10,24.6,25.2,24.6,25.1,110201
2015-02-11,25.1,25.2,24.7,25.1,68768
2015-02-12,25.2,25.4,24.8,24.9,142757
2015-02-15,24.9,25.1,24.9,25.0,96987
2015-02-16,24.9,25.2,24.6,24.7,92965
2015-02-17,24.6,25.1,24.6,25.0,152775
2015-02-18,25.1,25.9,25.1,25.4,237540
2015-02-19,25.4,25.7,25.1,25.6,111465
2015-02-22,25.5,25.8,25.5,25.5,177444
2015-02-23,25.7,25.9,24.5,24.7,631463
2015-02-24,24.9,24.9,24.4,24.6,232769
2015-02-25,24.5,25.1,24.4,24.7,172749
2015-02-26,24.5,24.7,24.3,24.5,156043
2015-03-01,24.4,24.7,24.2,24.3,108952
2015-03-02,24.3,24.7,24.2,24.4,170926
2015-03-03,24.3,24.5,23.9,24.0,164495
2015-03-04,24.0,24.2,23.8,24.0,111370
2015-03-05,23.8,23.9,22.9,23.3,361636
2015-03-08,23.2,23.7,22.8,23.1,179437
2015-03-09,23.0,23.2,22.5,22.5,259463
2015-03-10,22.5,23.2,22.5,23.0,324861
2015-03-11,22.8,22.9,22.3,22.6,213458
2015-03-12,22.8,22.9,22.0,22.0,242765
2015-03-15,22.1,22.1,20.2,20.8,393670
2015-03-16,21.0,21.5,20.8,21.3,162302
2015-03-18,21.7,21.9,20.9,21.5,226149
2015-03-19,22.2,22.2,21.5,21.8,131860
2015-03-22,22.5,22.6,21.4,22.0,482846
2015-03-23,22.0,22.4,21.8,22.1,383139
2015-03-24,22.1,23.2,22.0,23.0,504126
2015-03-25,23.1,23.5,22.6,23.3,1019130
2015-03-29,23.4,24.0,23.4,23.9,530991
2015-03-30,23.6,23.9,23.0,23.2,428083
2015-03-31,22.8,23.4,22.7,22.9,671189
2015-04-02,20.8,21.3,20.7,20.7,427371
2015-04-05,20.5,20.5,18.7,19.3,435895
2015-04-06,19.3,19.6,19.0,19.3,267172
2015-04-07,19.1,19.4,18.6,19.1,371162
2015-04-08,19.2,19.4,18.8,19.1,343627
2015-04-09,18.8,19.1,18.6,18.6,277557
2015-04-12,18.9,18.9,18.3,18.5,165459
2015-04-13,18.6,18.6,18.0,18.1,205140
2015-04-15,18.3,18.7,18.1,18.3,241112
2015-04-16,18.2,19.3,18.2,19.2,416910
2015-04-19,19.1,19.3,18.9,19.1,166676
2015-04-20,19.3,19.5,19.0,19.1,285271
2015-04-21,18.7,19.5,18.7,18.9,207322
2015-04-22,18.9,19.2,17.9,18.0,511678
2015-04-23,18.0,18.2,17.5,17.8,121808
2015-04-26,18.0,18.0,17.3,17.4,101280
2015-04-27,17.5,18.0,17.2,17.6,126617
2015-04-29,17.2,18.0,17.1,17.7,123996
2015-04-30,18.2,18.2,17.3,17.6,292762
2015-05-04,17.1,17.8,16.6,16.8,102400
2015-05-05,17.1,17.5,16.5,17.1,166341
2015-05-06,16.9,17.5,16.9,17.4,157973
2015-05-07,17.2,18.0,17.2,17.8,111403
2015-05-10,18.1,19.0,18.1,18.9,188755
2015-05-11,19.2,20.7,18.9,20.4,485809
2015-05-12,20.7,20.9,19.5,19.7,316427
2015-05-13,19.7,19.8,18.9,19.3,626817
2015-05-14,19.2,19.4,18.5,18.9,370313
2015-05-17,19.8,19.8,18.8,19.2,93950
2015-05-18,19.2,19.7,19.2,19.7,273342
2015-05-19,19.4,20.5,19.4,20.0,560161
2015-05-20,20.1,20.4,19.8,20.1,378059
2015-05-21,20.0,21.0,19.9,20.8,480936
2015-05-24,20.2,21.4,20.2,21.1,280609
2015-05-25,21.3,22.5,21.3,22.3,1003120
2015-05-26,21.1,22.3,21.0,21.2,408808
2015-05-27,21.1,21.5,21.0,21.2,162434
2015-05-28,21.0,21.2,19.9,20.1,750960
2015-05-31,20.0,20.6,20.0,20.2,232979
2015-06-01,20.4,21.2,20.3,20.6,498340
2015-06-02,20.9,21.5,20.5,20.7,731600
2015-06-04,20.5,20.7,20.1,20.4,200963
2015-06-07,20.9,21.2,20.6,20.7,178413
2015-06-08,20.5,20.8,20.4,20.5,223844
2015-06-09,20.2,20.4,20.0,20.1,125116
2015-06-10,19.8,20.6,19.8,20.0,376489
2015-06-11,19.9,20.1,19.5,19.8,210691
2015-06-14,19.2,19.6,19.0,19.2,109463
2015-06-15,19.0,19.7,19.0,19.5,200223
2015-06-16,19.4,19.8,19.2,19.6,181089
2015-06-17,19.3,20.1,19.3,19.9,137245
2015-06-18,19.4,20.0,19.4,19.8,110251
2015-06-21,19.4,19.8,19.4,19.6,78111
2015-06-22,19.5,20.0,19.5,19.7,163321
2015-06-23,19.7,19.8,19.5,19.5,95453
2015-06-24,19.4,19.6,19.4,19.4,86720
2015-06-25,19.3,19.7,19.2,19.4,96637
2015-06-28,19.4,19.5,19.1,19.2,361658
2015-06-29,19.2,19.4,18.8,19.3,564713
2015-06-30,19.0,19.4,19.0,19.2,474606
2015-07-02,19.3,19.4,19.1,19.2,323513
2015-07-05,19.1,19.3,19.0,19.0,105205
2015-07-06,19.1,19.2,18.7,18.9,153502
2015-07-07,18.7,19.2,18.7,18.9,295602
2015-07-08,18.9,19.3,18.7,19.0,127937
2015-07-09,18.9,19.4,18.9,19.2,444238
2015-07-12,19.0,19.5,18.9,19.0,298271
2015-07-13,19.0,19.3,18.8,18.9,219006
2015-07-14,19.0,19.4,19.0,19.4,165040
2015-07-21,19.0,19.7,19.0,19.6,155751
2015-07-22,19.8,20.2,19.5,19.6,331709
2015-07-23,19.5,19.9,19.5,19.6,316006
2015-07-26,19.8,19.8,19.1,19.3,949552
2015-07-27,19.6,19.8,19.3,19.7,488643
2015-07-28,19.3,19.7,19.3,19.6,104785
2015-07-29,19.4,19.8,19.4,19.7,237999
2015-07-30,19.5,19.6,19.1,19.2,456143
2015-08-02,19.3,20.0,19.3,19.7,582822
2015-08-03,19.8,20.9,19.8,20.6,1053940
2015-08-04,20.8,21.0,20.3,20.4,656550
2015-08-05,20.4,21.4,20.2,21.1,1218070
2015-08-06,21.0,21.4,21.0,21.0,757039
2015-08-09,20.9,21.1,20.8,21.0,1125910
2015-08-10,21.0,21.0,20.6,20.7,659953
2015-08-11,20.7,20.9,20.6,20.6,547711
2015-08-12,20.6,20.9,20.5,20.6,228753
2015-08-13,20.8,21.0,20.5,20.5,194247
2015-08-16,20.5,20.7,20.4,20.5,108607
2015-08-17,19.8,21.5,19.8,20.8,538192
2015-08-18,20.7,21.5,20.7,21.4,548991
2015-08-19,21.3,21.5,20.8,21.1,420560
2015-08-20,21.1,22.0,20.9,21.6,582246
2015-08-23,21.0,22.6,21.0,22.1,784946
2015-08-24,21.7,22.0,21.7,21.7,540744
2015-08-25,21.5,21.8,21.5,21.5,209714
2015-08-26,21.5,21.9,21.4,21.5,156320
2015-08-27,21.6,22.1,21.5,21.6,280099
2015-08-30,21.5,21.6,21.3,21.4,275640
2015-08-31,21.3,21.4,21.0,21.1,509026
2015-09-01,21.0,21.3,21.0,21.0,406072
2015-09-02,21.5,21.5,21.1,21.2,251657
2015-09-03,21.1,21.3,21.1,21.2,190497
2015-09-06,21.1,21.5,20.9,21.0,364036
2015-09-07,21.1,21.3,21.1,21.2,456128
2015-09-08,21.1,21.5,21.1,21.4,205220
2015-09-09,21.3,21.4,21.0,21.1,274235
2015-09-10,21.0,21.5,21.0,21.1,694837
2015-09-13,21.1,21.4,21.0,21.2,280937
2015-09-14,21.1,21.3,21.1,21.1,75977
2015-09-15,21.0,21.3,21.0,21.1,218127
2015-09-16,21.1,21.4,20.8,20.9,434973
2015-09-17,21.0,21.2,20.8,21.0,334334
2015-09-20,21.1,21.4,21.1,21.2,345894
2015-09-21,21.5,21.5,21.2,21.3,183413
2015-09-22,21.5,21.5,21.3,21.3,227389
2015-09-28,21.3,21.6,21.2,21.4,182010
2015-09-29,21.3,21.7,21.2,21.6,442308
2015-09-30,21.5,22.1,21.5,22.0,686409
2015-10-01,21.5,22.6,21.5,22.5,910575
2015-10-04,22.4,22.5,22.1,22.2,403958
2015-10-05,22.2,22.8,21.6,22.7,854131
2015-10-06,22.5,23.2,22.5,22.6,757845
2015-10-07,22.6,22.8,22.3,22.5,579888
2015-10-08,22.4,23.5,22.4,23.2,1569040
2015-10-11,23.3,23.6,22.8,23.2,747749
2015-10-12,23.4,23.9,23.2,23.6,1209310
2015-10-13,23.6,24.0,23.5,23.7,1474950
2015-10-14,23.5,23.7,23.1,23.4,443468
2015-10-15,23.2,24.1,23.2,23.3,592550
2015-10-18,23.2,23.4,22.9,22.9,591251
2015-10-19,22.6,23.0,22.5,22.7,521020
2015-10-20,22.8,23.2,22.7,22.9,311983
2015-10-21,22.8,23.1,22.5,22.6,445634
2015-10-25,22.7,22.7,22.1,22.3,218319
2015-10-26,22.3,22.5,22.1,22.1,86119
2015-10-27,21.9,22.4,21.9,22.2,310522
2015-10-28,22.1,22.4,22.0,22.2,183394
2015-10-29,22.2,22.4,22.1,22.2,99207
2015-11-01,21.8,22.3,21.8,22.0,403179
2015-11-02,21.9,22.1,21.7,21.9,167550
2015-11-03,20.6,22.3,20.6,22.1,112826
2015-11-04,21.8,22.0,21.7,21.8,134863
2015-11-05,21.7,21.8,21.4,21.5,206318
2015-11-08,21.3,21.6,21.0,21.1,299544
2015-11-09,20.6,21.2,20.6,21.0,120886
2015-11-10,21.4,21.4,20.7,20.9,293376
2015-11-11,20.9,21.0,20.8,20.8,133548
2015-11-12,20.8,21.1,20.7,21.0,885488
2015-11-15,21.1,21.4,20.9,21.1,159800
2015-11-16,21.5,21.5,21.1,21.2,146900
2015-11-17,21.2,21.3,21.1,21.1,414308
2015-11-18,21.1,21.5,21.0,21.4,296454
2015-11-19,21.2,21.5,21.2,21.3,225282
2015-11-22,21.3,21.7,21.3,21.6,310008
2015-11-23,21.8,21.9,21.3,21.4,464817
2015-11-24,21.4,22.2,21.4,21.6,515179
2015-11-25,21.7,21.9,21.7,21.7,279384
2015-11-26,21.5,22.1,21.5,21.9,537079
2015-11-29,22.1,22.3,21.8,22.1,620812
2015-11-30,22.0,22.4,22.0,22.2,488207
2015-12-01,22.3,22.7,22.2,22.6,370705
2015-12-02,22.7,23.1,22.6,22.6,697821
2015-12-03,22.6,22.7,22.2,22.3,400804
2015-12-06,22.2,22.3,22.1,22.1,263429
2015-12-07,22.3,22.4,20.0,21.4,1079990
2015-12-08,21.2,21.5,21.0,21.4,337423
2015-12-09,21.2,21.5,20.8,21.5,570023
2015-12-10,21.2,21.5,20.7,21.3,581184
2015-12-13,21.2,21.5,21.1,21.3,336833
2015-12-14,21.0,21.5,21.0,21.4,249854
2015-12-15,21.3,21.5,21.2,21.3,218301
2015-12-17,21.3,21.6,21.2,21.5,163064
2015-12-20,21.5,21.5,21.2,21.3,266313
2015-12-21,21.8,21.8,21.5,21.8,245757
2015-12-22,21.8,22.4,21.8,22.0,388550
2015-12-23,22.0,22.1,21.6,22.0,616169
2015-12-24,21.8,22.1,21.8,21.9,403572
2015-12-27,22.0,22.1,21.8,22.0,432636
2015-12-28,21.9,22.2,21.9,22.1,105937
2015-12-29,22.2,22.4,22.0,22.3,269531
2015-12-30,22.5,22.8,22.4,22.7,509140
2015-12-31,22.9,22.9,22.5,22.7,414438
2016-01-03,22.6,22.7,22.3,22.4,210717
2016-01-04,22.2,22.2,21.9,22.1,255880
2016-01-05,22.0,22.5,22.0,22.3,451855
2016-01-06,22.3,22.8,22.2,22.7,362465
2016-01-07,22.7,22.8,22.2,22.3,467006
2016-01-10,22.3,22.6,22.3,22.5,333563
2016-01-11,22.2,22.9,22.2,22.6,510584
2016-01-12,22.4,22.6,22.2,22.3,242382
2016-01-13,22.2,22.9,22.1,22.6,705479
2016-01-14,22.5,23.1,22.5,23.0,645236
2016-01-17,23.0,23.3,22.6,22.6,276264
2016-01-18,22.6,22.9,22.5,22.6,262668
2016-01-19,22.6,22.7,22.4,22.4,319324
2016-01-20,22.3,23.0,22.3,22.4,466095
2016-01-21,22.3,22.5,22.2,22.4,147749
2016-01-24,22.3,22.5,22.2,22.4,493317
2016-01-25,22.2,22.4,22.2,22.3,400598
2016-01-26,22.2,22.4,22.2,22.3,121410
2016-01-27,22.3,22.7,22.1,22.4,355051
2016-01-28,22.2,22.6,22.2,22.4,339839
2016-01-31,22.5,22.5,22.0,22.4,203951
2016-02-01,22.5,22.5,22.0,22.3,284288
2016-02-02,22.3,22.7,22.2,22.6,502384
2016-02-03,22.3,22.9,22.3,22.7,374604
2016-02-04,22.4,23.0,22.4,22.7,505317
2016-02-07,22.5,22.8,22.3,22.3,512590
2016-02-08,22.2,22.5,22.2,22.3,146745
2016-02-09,22.2,22.6,22.2,22.4,384643
2016-02-10,22.2,22.7,22.2,22.7,305322
2016-02-11,22.3,22.6,22.2,22.3,97069
2016-02-14,22.3,22.7,22.1,22.3,355155
2016-02-15,22.2,22.4,22.1,22.1,183764
2016-02-16,22.1,22.4,21.6,22.1,331465
2016-02-17,21.8,22.3,21.8,22.3,425406
2016-02-18,22.0,22.5,22.0,22.2,317125
2016-02-22,22.1,22.4,21.8,22.1,404375
2016-02-23,21.8,22.2,21.8,22.1,405928
2016-02-24,22.5,22.7,22.3,22.4,235143
2016-02-25,22.2,22.5,22.0,22.5,273515
2016-02-28,22.2,22.2,21.8,21.9,315456
2016-02-29,21.8,21.9,21.0,21.4,626482
2016-03-01,21.2,21.4,20.8,20.9,293362
2016-03-02,20.9,21.8,20.6,21.4,554923
2016-03-03,21.7,21.7,20.4,20.9,902374
2016-03-06,20.6,21.3,20.6,21.0,68182
2016-03-07,21.1,21.1,20.6,20.6,184822
2016-03-08,20.7,21.0,20.6,20.9,259958
2016-03-09,20.8,21.2,20.8,21.2,140170
2016-03-10,21.1,21.5,21.0,21.3,68166
2016-03-13,21.2,21.2,21.0,21.1,289094
2016-03-14,21.0,21.3,21.0,21.2,354412
2016-03-15,21.2,21.5,21.1,21.3,264087
2016-03-16,21.2,21.3,20.7,20.8,609525
2016-03-20,20.9,20.9,19.9,20.7,559313
2016-03-21,20.8,21.6,20.8,20.9,611899
2016-03-22,20.9,21.4,20.7,20.9,284213
2016-03-23,21.0,21.1,20.8,20.8,591012
2016-03-24,20.7,20.9,20.4,20.5,352023
2016-03-27,20.5,20.6,20.2,20.4,140141
2016-03-28,20.4,20.6,20.1,20.2,417649
2016-03-29,20.4,20.6,20.2,20.5,130792
2016-03-30,20.3,20.5,20.3,20.4,324900
2016-03-31,20.7,20.7,20.4,20.5,252485
2016-04-03,20.6,21.0,20.5,20.7,254589
2016-04-04,20.9,21.2,20.8,21.0,692938
2016-04-05,21.0,21.2,20.7,21.0,282966
2016-04-06,21.0,21.1,20.9,21.0,583555
2016-04-10,18.9,19.2,18.9,19.1,597714
2016-04-11,18.8,18.9,18.6,18.7,80647
2016-04-12,18.5,18.8,18.4,18.6,222877
2016-04-13,18.5,18.5,18.3,18.3,64024
2016-04-17,18.5,18.5,17.8,18.1,272900
2016-04-18,17.9,18.0,17.7,17.9,270846
2016-04-19,17.8,17.9,17.1,17.2,561331
2016-04-20,17.3,17.8,16.8,17.0,416625
2016-04-21,17.0,17.2,16.8,16.9,296793
2016-04-24,16.9,17.3,16.9,17.2,177747
2016-04-25,17.2,17.3,17.0,17.1,376532
2016-04-26,17.0,17.4,17.0,17.1,230803
2016-04-27,17.1,17.2,17.0,17.0,464647
2016-04-28,17.1,17.4,17.1,17.2,412578
2016-05-02,17.1,17.3,17.1,17.2,102239
2016-05-03,17.4,18.3,17.2,18.1,211064
2016-05-04,17.6,18.7,17.6,18.5,613249
2016-05-05,18.2,19.0,18.2,18.9,213351
2016-05-08,18.8,19.0,18.4,18.9,404906
2016-05-09,18.6,19.0,18.6,18.9,389529
2016-05-10,18.6,19.0,18.4,18.8,376517
2016-05-11,18.6,19.0,18.6,19.0,269128
2016-05-12,18.7,19.2,18.6,19.1,663446
2016-05-15,19.0,19.2,19.0,19.2,136078
2016-05-16,19.2,20.0,19.0,19.9,692197
2016-05-17,19.3,20.2,19.3,20.2,299336
2016-05-18,20.1,20.7,19.9,20.6,843639
2016-05-19,20.1,20.8,20.1,20.7,387047
2016-05-22,20.2,20.8,20.2,20.6,570092
2016-05-24,20.6,20.9,20.5,20.7,490650
2016-05-25,20.6,20.8,20.5,20.7,354921
2016-05-26,20.6,21.0,20.6,20.9,569627
2016-05-29,20.9,21.2,20.6,21.0,550564
2016-05-30,21.1,21.1,20.6,20.9,75043
2016-05-31,20.7,20.8,20.2,20.3,579683
2016-06-01,20.3,20.5,20.2,20.2,63993
2016-06-02,20.1,20.3,20.0,20.2,572563
2016-06-05,20.1,20.2,20.0,20.1,93775
2016-06-06,20.0,20.1,19.8,20.0,304924
2016-06-07,20.0,20.7,20.0,20.2,145421
2016-06-08,20.0,20.2,19.9,20.0,101582
2016-06-09,19.9,20.1,19.9,20.0,205133
2016-06-12,20.0,20.3,20.0,20.2,135165
2016-06-13,20.0,20.3,19.9,20.0,173112
2016-06-14,20.0,20.1,19.9,20.0,55360
2016-06-15,20.0,20.0,19.9,20.0,52770
2016-06-16,19.9,20.0,19.9,20.0,100585
2016-06-19,19.9,20.1,19.9,19.9,85191
2016-06-20,19.9,20.0,19.9,19.9,64861
2016-06-21,19.8,20.0,19.5,19.5,194905
2016-06-22,19.5,19.6,19.3,19.5,91008
2016-06-23,19.8,19.9,19.4,19.6,73027
2016-06-26,19.0,19.6,19.0,19.5,42734
2016-06-27,19.4,20.2,19.4,20.1,80340
2016-06-28,20.0,20.5,19.6,20.4,228326
2016-06-29,19.5,20.4,19.5,20.3,120626
2016-06-30,20.3,20.6,20.0,20.2,145562
2016-07-10,19.7,20.7,19.7,20.6,94789
2016-07-11,20.3,21.2,20.3,21.0,430129
2016-07-12,20.6,21.2,20.6,21.1,400213
2016-07-13,21.1,21.2,20.9,21.1,543540
2016-07-14,20.8,21.2,20.8,21.1,294884
2016-07-16,21.1,21.2,21.0,21.0,71710
2016-07-17,21.0,21.8,21.0,21.8,520068
2016-07-18,21.7,21.8,21.4,21.8,235875
2016-07-19,21.8,21.8,21.0,21.4,380276
2016-07-20,21.2,21.5,21.1,21.2,132767
2016-07-21,21.1,21.5,21.1,21.4,129509
2016-07-24,21.1,21.8,21.1,21.4,108185
2016-07-25,21.2,21.6,21.2,21.4,161548
2016-07-26,21.2,21.4,21.1,21.1,120628
2016-07-27,21.2,21.3,21.1,21.1,80081
2016-07-28,21.1,21.5,21.1,21.5,329121
2016-07-31,21.4,21.6,21.1,21.6,2431310
2016-08-01,21.2,21.8,21.2,21.7,1617720
2016-08-02,21.7,22.8,21.7,22.1,2465710
2016-08-03,22.2,23.8,22.2,23.6,2510650
2016-08-04,23.7,25.8,23.6,24.1,2696440
2016-08-07,23.6,24.1,23.4,23.9,3883810
2016-08-08,23.8,24.9,23.8,24.8,3431790
2016-08-09,24.7,25.4,24.6,25.0,1735780
2016-08-10,25.0,25.0,24.3,24.5,1353020
2016-08-11,24.3,25.1,24.3,24.6,1284680
2016-08-14,24.8,24.8,24.1,24.2,442123
2016-08-16,24.1,24.4,24.1,24.1,520536
2016-08-17,24.1,24.6,23.8,24.1,707626
2016-08-18,23.9,25.4,23.8,24.1,752999
2016-08-21,24.0,24.3,23.8,23.8,464674
2016-08-22,23.8,23.9,23.5,23.6,472409
2016-08-23,23.7,24.0,23.5,23.6,467654
2016-08-24,24.0,24.0,23.4,23.6,238120
2016-08-28,23.6,23.8,23.3,23.6,300170
2016-08-29,23.5,23.7,22.9,23.1,375233
2016-08-30,23.0,23.4,22.9,23.2,190790
2016-08-31,23.0,23.7,23.0,23.5,198263
2016-09-01,23.5,23.7,23.4,23.6,164847
2016-09-04,23.2,23.9,23.2,23.7,191771
2016-09-05,23.5,24.6,23.5,24.3,693482
2016-09-06,24.1,24.9,23.8,24.7,1274050
2016-09-07,24.4,24.6,24.2,24.4,488153
2016-09-08,24.3,24.8,24.1,24.2,469778
2016-09-18,24.3,24.8,24.1,24.6,322410
2016-09-19,24.6,25.0,24.4,24.5,448590
2016-09-20,24.5,24.6,24.0,24.2,398494
2016-09-21,24.2,24.9,24.2,24.5,279275
2016-09-22,24.8,24.8,24.5,24.7,288553
2016-09-24,24.6,24.6,24.4,24.5,183747
2016-09-25,24.5,24.5,24.2,24.4,363111
2016-09-26,24.4,24.6,24.0,24.1,471622
2016-09-27,24.2,24.5,24.1,24.2,311978
2016-09-28,24.3,24.3,23.9,24.1,400413
2016-09-29,24.3,24.3,23.8,23.9,448983
2016-10-02,24.0,24.3,23.9,24.1,221367
2016-10-03,24.0,24.0,23.6,23.6,256549
2016-10-04,23.9,24.0,23.6,23.7,1090950
2016-10-05,23.8,24.4,23.6,23.8,505428
2016-10-06,23.8,24.0,23.7,23.9,168332
2016-10-09,23.8,24.1,23.8,24.1,249804
2016-10-10,23.9,24.0,23.8,23.8,170849
2016-10-13,23.8,23.9,23.6,23.8,243023
2016-10-16,23.7,23.9,23.5,23.7,201718
2016-10-17,23.7,23.7,23.4,23.5,323491
2016-10-18,23.6,23.6,23.4,23.5,466336
2016-10-19,23.5,24.3,23.4,23.8,531982
2016-10-20,23.5,24.0,23.5,23.8,365407
2016-10-23,23.9,23.9,23.0,23.3,411602
2016-10-24,23.4,23.5,23.1,23.2,99316
2016-10-25,23.1,23.1,22.4,22.6,311519
2016-10-26,22.4,22.9,22.0,22.8,298855
2016-10-27,22.5,22.9,22.3,22.6,221240
2016-10-30,22.3,22.6,22.0,22.3,244170
2016-10-31,22.1,22.4,22.0,22.2,113060
2016-11-01,22.2,22.5,22.1,22.3,56857
2016-11-02,22.3,22.8,22.2,22.7,193638
2016-11-03,22.7,22.9,22.5,22.9,291238
2016-11-06,22.8,23.0,22.7,22.9,90825
2016-11-07,22.8,23.3,22.8,23.2,130707
2016-11-08,23.2,23.9,23.2,23.6,259474
2016-11-09,23.3,24.0,23.3,23.9,356185
2016-11-10,23.6,23.9,23.6,23.9,324313
2016-11-13,23.9,23.9,23.2,23.2,114054
2016-11-14,24.1,24.1,23.0,23.3,81550
2016-11-15,23.6,23.9,23.3,23.5,278834
2016-11-16,23.5,23.9,23.5,23.8,257864
2016-11-17,23.5,24.0,23.5,23.8,261893
2016-11-20,23.7,24.2,23.7,24.0,250372
2016-11-21,24.0,24.0,23.8,23.9,131083
2016-11-22,23.9,24.6,23.7,24.1,660440
2016-11-23,24.1,24.3,24.0,24.2,320536
2016-11-24,24.2,24.4,24.1,24.3,307386
2016-11-27,24.3,24.3,24.0,24.2,228538
2016-11-28,24.0,24.6,24.0,24.5,524329
2016-11-29,24.2,24.6,24.2,24.5,489441
2016-11-30,24.2,24.3,24.0,24.1,135720
2016-12-01,24.0,24.2,23.1,23.7,222761
2016-12-04,23.8,24.5,23.4,23.9,281114
2016-12-05,23.8,24.0,23.7,23.8,53856
2016-12-06,23.7,24.4,23.7,24.0,692891
2016-12-07,24.0,24.2,24.0,24.0,77121
2016-12-08,24.0,24.3,23.8,23.9,153796
2016-12-11,24.0,24.0,23.7,23.7,178714
2016-12-12,23.7,24.5,23.5,24.2,197840
2016-12-14,24.0,24.5,23.7,24.2,367851
2016-12-15,24.5,24.5,24.0,24.4,874036
2016-12-18,24.2,24.4,23.9,24.0,225774
2016-12-19,24.3,24.6,24.0,24.5,985149
2016-12-20,24.5,25.0,24.2,24.4,1355026
2016-12-21,24.3,24.6,24.0,24.5,254737
2016-12-22,24.0,24.5,24.0,24.1,512540
2016-12-26,24.5,24.5,24.0,24.4,318902
2016-12-27,24.5,24.7,24.4,24.5,567136
2016-12-28,24.7,24.7,24.3,24.5,300667
2016-12-29,24.3,24.7,24.3,24.7,325120
2017-01-01,24.8,25.1,24.5,24.6,575711
2017-01-02,24.5,24.8,24.5,24.6,88877
2017-01-03,24.6,24.8,24.3,24.6,162095
2017-01-04,24.4,24.7,24.3,24.4,139949
2017-01-05,24.7,24.7,24.3,24.5,141085
2017-01-08,24.4,24.4,23.7,23.8,609303
2017-01-09,23.7,23.9,23.7,23.8,254129
2017-01-10,23.7,24.3,23.7,24.1,231714
2017-01-11,24.1,24.9,24.1,24.8,726746
2017-01-12,24.6,25.3,24.6,24.9,672025
2017-01-15,25.3,26.6,25.0,26.3,1315889
2017-01-16,26.7,27.0,26.4,26.8,1182928
2017-01-17,26.8,26.9,26.3,26.6,1328086
2017-01-18,26.8,27.0,25.9,26.5,858117
2017-01-19,26.5,26.5,25.8,26.4,722298
2017-01-22,26.0,27.4,26.0,27.3,874499
2017-01-23,27.0,28.9,27.0,28.4,1914124
2017-01-24,27.9,29.9,27.7,29.6,1584650
2017-01-25,29.9,30.0,28.0,28.5,1277101
2017-01-26,28.1,28.8,27.9,28.3,732419
2017-01-29,28.4,28.6,26.8,27.2,545770
2017-01-30,27.2,27.3,25.9,26.2,459228
2017-01-31,25.7,27.2,25.5,26.8,428669
2017-02-01,26.8,27.7,26.7,26.9,277416
2017-02-02,26.5,26.8,26.0,26.1,434257
2017-02-05,26.1,26.1,24.1,24.6,473744
2017-02-06,25.0,25.2,24.2,24.9,287178
2017-02-07,25.0,25.4,24.7,25.4,136402
2017-02-08,25.6,26.6,25.5,26.3,320979
2017-02-09,26.2,26.5,25.8,26.3,248359
2017-02-12,27.3,27.3,26.3,26.7,222234
2017-02-13,26.4,26.9,26.2,26.6,372539
2017-02-14,26.2,26.8,26.2,26.7,246889
2017-02-15,27.0,27.0,26.6,26.6,260191
2017-02-16,26.6,26.6,26.3,26.5,228378
2017-02-19,26.4,26.7,26.2,26.3,193450
2017-02-20,26.4,26.7,26.2,26.5,127404
2017-02-22,26.5,26.8,26.5,26.6,116383
2017-02-23,26.5,26.6,26.1,26.4,207092
2017-02-26,26.1,26.8,26.1,26.5,182718
2017-02-27,26.5,26.8,26.5,26.6,135091
2017-02-28,26.2,26.8,26.2,26.7,353738
2017-03-01,26.5,26.7,26.3,26.4,202808
2017-03-02,26.3,26.3,26.0,26.2,144874
2017-03-05,26.0,26.5,25.7,25.9,312125
2017-03-06,26.0,26.3,25.9,26.1,110963
2017-03-07,25.9,26.4,25.9,26.1,116604
2017-03-08,26.0,26.5,26.0,26.3,234796
2017-03-09,26.3,26.8,26.3,26.6,329639
2017-03-12,26.8,27.0,26.3,26.6,441679
2017-03-13,26.5,27.1,26.5,26.6,275382
2017-03-14,26.7,27.5,26.7,27.2,813138
2017-03-15,27.6,28.0,26.9,26.9,819677
2017-03-16,27.1,27.5,27.0,27.1,398248
2017-03-19,27.2,27.3,26.9,27.0,292078
2017-03-20,26.9,28.5,26.9,28.1,1622395
2017-03-21,28.4,29.2,28.3,28.7,4398447
2017-03-22,28.9,28.9,27.5,28.0,3332588
2017-03-23,28.0,28.3,27.3,28.0,1050352
2017-03-27,28.2,28.4,26.8,27.2,799278
2017-03-28,26.7,27.8,26.6,27.5,714865
2017-03-29,27.7,28.0,27.3,27.4,1143615
2017-03-30,27.5,27.7,27.0,27.1,725260
2017-04-02,27.0,27.1,26.7,26.7,438406
2017-04-03,26.7,27.0,26.5,26.7,498941
2017-04-04,26.8,26.9,26.2,26.4,631554
2017-04-05,26.2,26.9,25.7,26.2,621676
2017-04-06,26.1,26.2,25.9,26.0,630605
2017-04-09,26.0,26.0,25.2,25.3,342581
2017-04-10,25.2,25.3,24.5,25.0,403551
2017-04-11,25.0,25.6,24.9,25.0,218997
2017-04-12,25.0,25.2,24.8,25.0,289919
2017-04-13,25.4,26.5,24.8,25.7,458406
2017-04-16,25.8,26.2,25.0,25.5,238948
2017-04-17,25.3,25.9,25.0,25.4,176734
2017-04-18,25.5,25.9,25.1,25.5,229831
2017-04-19,25.1,25.5,25.0,25.1,188276
2017-04-20,25.3,25.5,24.4,24.5,251946
2017-04-23,24.6,24.6,23.3,23.7,309455
2017-04-24,23.5,24.5,23.4,23.8,436681
2017-04-25,24.0,25.5,23.7,25.2,349690
2017-04-26,24.7,25.3,24.6,25.1,112614
2017-04-27,24.9,25.3,24.9,25.0,164516
2017-04-30,25.1,25.5,25.0,25.3,352174
2017-05-02,25.1,26.0,25.1,25.6,533440
2017-05-03,25.5,25.9,25.5,25.6,541935
2017-05-07,23.8,23.9,23.2,23.4,643652
2017-05-08,23.2,23.5,23.2,23.3,138803
2017-05-09,23.1,23.4,23.0,23.3,93193
2017-05-11,23.1,24.0,23.1,23.8,198279
2017-05-14,23.3,23.4,23.1,23.2,84681
2017-05-15,23.1,23.1,22.6,22.7,411343
2017-05-16,23.0,23.3,22.7,22.8,118097
2017-05-17,23.0,23.5,22.8,22.9,211092
2017-05-18,22.7,23.0,22.5,22.8,130993
2017-05-21,22.9,23.1,22.8,22.9,286935
2017-05-22,22.7,23.1,22.7,23.0,196193
2017-05-23,22.9,23.2,22.7,23.1,177412
2017-05-24,23.0,23.4,23.0,23.2,249992
2017-05-25,23.1,23.3,23.1,23.2,294635
2017-05-28,22.8,23.3,22.8,22.9,95657
2017-05-29,22.9,23.3,22.9,23.1,187880
2017-05-30,22.7,23.5,22.7,23.3,196357
2017-05-31,23.0,23.9,23.0,23.8,356202
2017-06-01,23.4,24.0,23.1,23.3,129128
2017-06-04,23.1,23.7,23.1,23.6,56252
2017-06-05,23.5,23.6,23.2,23.3,57625
2017-06-06,23.4,24.0,23.4,23.9,217518
2017-06-07,23.9,24.0,23.3,23.4,132343
2017-06-08,23.3,23.6,23.3,23.4,214349
2017-06-11,23.4,23.4,23.2,23.2,59785
2017-06-12,23.2,23.6,23.2,23.4,235867
2017-06-13,23.4,23.7,23.2,23.4,91602
2017-06-14,23.4,23.7,23.4,23.5,77508
2017-06-15,23.5,23.9,23.5,23.8,117403
2017-06-18,23.6,23.8,23.1,23.2,132784
2017-06-19,23.2,24.0,23.2,23.9,84213
2017-06-20,23.5,24.1,23.5,23.9,223745
2017-06-21,23.7,24.4,23.7,23.9,278485
2017-06-22,23.8,24.4,23.8,24.4,106027
2017-06-28,24.3,25.4,24.3,25.0,443794
2017-06-29,24.7,25.0,24.5,24.5,247735
2017-07-02,24.5,25.0,24.2,24.7,207942
2017-07-03,24.6,25.0,24.5,24.8,306268
2017-07-04,24.6,25.1,24.5,25.0,238858
2017-07-05,25.0,25.1,24.7,25.0,331739
2017-07-06,24.8,25.2,24.7,25.0,382854
2017-07-09,24.6,25.2,24.6,25.0,512835
2017-07-10,25.0,25.8,24.9,25.7,372603
2017-07-11,25.3,25.9,25.3,25.6,408618
2017-07-12,25.4,25.6,25.1,25.2,294288
2017-07-13,25.2,25.4,24.9,25.3,177695
2017-07-16,25.0,25.6,25.0,25.2,145920
2017-07-17,25.1,25.4,25.0,25.2,210668
2017-07-18,25.1,25.3,24.7,24.9,280015
2017-07-19,24.9,25.0,24.5,24.6,130567
2017-07-20,24.4,25.0,24.4,24.9,76035
2017-07-23,24.8,25.0,24.5,24.8,115171
2017-07-24,24.6,25.0,24.6,24.9,49924
2017-07-25,24.9,25.1,24.5,24.6,224236
2017-07-26,24.6,25.0,24.6,24.8,35842
2017-07-27,25.0,25.2,24.8,25.0,261964
2017-07-30,25.0,25.2,24.8,25.1,249378
2017-07-31,25.0,25.8,25.0,25.6,705341
2017-08-01,25.6,26.7,25.5,26.6,1264219
2017-08-02,26.5,27.7,26.5,27.5,1493152
2017-08-03,27.5,27.5,26.5,27.0,843428
2017-08-06,26.8,27.6,26.7,27.5,459476
2017-08-07,27.4,28.0,27.4,27.7,2019142
2017-08-08,27.7,28.5,27.4,28.1,1865528
2017-08-09,28.3,28.6,27.7,28.0,1653957
2017-08-10,28.3,28.8,27.6,28.6,2040747
2017-08-13,28.9,31.4,28.9,31.4,6190819
2017-08-16,32.1,34.5,32.0,33.8,9838071
2017-08-17,33.8,34.8,32.7,33.1,6069221
2017-08-20,33.3,33.5,31.3,31.7,2816902
2017-08-21,31.9,32.7,31.2,32.5,3573686
2017-08-22,32.5,32.8,31.6,31.7,2757395
2017-08-23,31.7,31.8,30.9,31.1,2630042
2017-08-24,31.2,32.0,31.2,31.7,1376537
2017-08-27,31.9,33.1,31.9,32.5,3390903
2017-08-28,32.8,33.1,32.4,32.7,2597629
2017-08-29,32.7,33.3,32.1,32.4,2433110
2017-08-30,32.7,32.8,32.1,32.6,1714382
2017-08-31,33.0,33.2,32.4,32.6,1041705
2017-09-04,32.6,33.0,32.2,32.8,1458892
2017-09-05,32.7,33.4,32.7,33.0,2538273
2017-09-06,33.0,33.5,32.0,32.2,2239369
2017-09-07,32.0,32.9,31.8,32.5,1346820
2017-09-10,32.5,32.9,32.0,32.2,1928159
2017-09-11,32.1,32.3,31.5,31.7,900961
2017-09-12,31.6,31.8,31.1,31.6,982842
2017-09-13,31.9,33.1,31.6,32.3,3036314
2017-09-14,32.4,32.6,31.3,31.6,1788993
2017-09-17,31.7,32.6,31.2,32.3,1771980
2017-09-18,32.7,33.8,32.7,33.7,7990253
2017-09-19,33.9,37.0,33.3,36.4,11667955
2017-09-20,36.7,36.8,35.1,35.3,6025754
2017-09-21,35.5,36.9,35.0,36.5,6163263
2017-09-24,36.7,37.7,36.6,37.0,8643522
2017-09-25,37.0,37.1,35.0,35.4,3938853
2017-09-26,35.4,37.0,34.8,36.3,5640772
2017-09-27,36.5,37.9,36.3,37.1,7313172
2017-09-28,37.1,38.5,37.1,38.1,8013506
2017-10-02,38.3,39.4,37.7,38.0,6746868
2017-10-03,38.2,38.6,37.2,37.4,4625608
2017-10-04,37.5,37.9,36.9,37.4,3697984
2017-10-05,37.6,40.9,37.4,39.6,12220160
2017-10-08,39.9,42.1,39.5,41.7,8243962
2017-10-09,41.3,41.3,39.1,39.7,7816261
2017-10-10,39.7,41.4,39.1,40.6,7253428
2017-10-11,40.9,42.5,39.7,40.1,12864482
2017-10-12,39.8,40.7,39.5,40.2,5271225
2017-10-15,40.5,41.7,40.0,40.8,6871259
2017-10-16,41.2,41.7,40.6,41.0,6607259
2017-10-17,41.4,41.4,39.6,39.9,6640224
2017-10-18,39.8,40.2,38.9,39.3,3710510
2017-10-19,39.3,40.0,39.1,39.2,2628429
2017-10-22,39.7,39.7,38.1,38.4,2616273
2017-10-23,38.7,38.7,36.3,36.5,2805711
2017-10-24,36.4,37.6,36.0,36.7,1745311
2017-10-25,36.7,38.6,36.6,38.2,3286594
2017-10-26,38.2,39.0,37.9,38.7,1845126
2017-10-29,38.9,39.8,38.5,38.8,2512802
2017-10-30,39.0,39.1,38.1,38.2,1107713
2017-10-31,38.4,38.4,37.7,37.9,1162647
2017-11-01,38.1,38.9,38.0,38.4,1920391
2017-11-02,38.3,38.9,38.0,38.2,1370217
2017-11-05,38.2,38.2,37.2,37.4,848748
2017-11-06,37.4,38.4,37.0,38.2,1508387
2017-11-07,38.3,39.5,38.3,39.3,4118241
2017-11-08,39.5,40.9,39.5,40.3,6390706
2017-11-09,40.4,41.1,39.9,40.8,4402492
2017-11-12,40.8,41.8,40.8,41.3,5477242
2017-11-13,41.2,41.5,40.1,40.2,4424342
2017-11-14,40.0,40.6,39.0,39.3,4864684
2017-11-15,39.6,40.2,39.0,39.3,2086558
2017-11-16,39.2,39.7,39.1,39.3,1292166
2017-11-19,39.5,39.7,38.8,39.4,2813221
2017-11-20,39.4,39.7,38.6,38.8,2161535
2017-11-21,38.8,39.2,37.4,37.5,3034152
2017-11-22,38.1,38.3,37.0,37.6,1448499
2017-11-23,37.6,39.0,37.1,38.4,2619634
2017-11-26,38.5,38.9,38.1,38.3,1084321
2017-11-27,38.4,38.5,37.5,37.6,1349032
2017-11-28,37.4,38.2,36.8,37.0,1711289
2017-11-29,37.5,37.5,36.8,37.0,1551889
2017-11-30,37.1,37.8,36.9,37.1,1260989
2017-12-03,37.5,37.6,36.5,36.9,658220
2017-12-04,36.8,36.8,36.0,36.1,642096
2017-12-05,36.0,36.3,35.6,35.8,671288
2017-12-06,35.8,36.2,35.3,35.4,718205
2017-12-07,35.4,35.7,34.8,35.0,492464
2017-12-10,35.0,35.0,33.7,34.1,900306
2017-12-11,33.8,34.6,33.7,34.4,642344
2017-12-12,34.6,35.4,34.4,35.2,810304
2017-12-13,35.4,35.4,35.0,35.3,823485
2017-12-14,35.3,35.7,34.9,35.3,296439
2017-12-17,35.6,35.8,34.9,35.1,428357
2017-12-18,35.4,36.1,35.2,35.8,607218
2017-12-19,35.8,36.7,35.8,36.5,1077364
2017-12-20,36.5,36.5,35.6,35.8,384450
2017-12-21,35.6,35.9,35.0,35.0,423177
2017-12-24,35.0,35.1,34.2,34.5,581056
2017-12-26,34.9,35.4,34.0,34.5,1124684
2017-12-27,34.7,35.0,34.3,34.7,424753
2017-12-28,34.8,35.5,34.8,35.3,512957
2018-01-01,35.6,36.0,35.3,35.8,781560
2018-01-02,35.3,35.6,35.3,35.5,54843
2018-01-03,35.6,36.5,35.5,36.3,519621
2018-01-04,36.4,36.4,35.6,35.7,466483
2018-01-07,35.6,35.7,35.2,35.3,363385
2018-01-08,35.2,35.3,34.8,34.9,469777
2018-01-09,34.9,35.4,34.8,34.9,421867
2018-01-10,35.0,35.1,34.5,34.6,266304
2018-01-11,34.5,34.6,34.1,34.4,385219
2018-01-14,34.4,34.4,33.4,33.6,337012
2018-01-15,33.6,33.8,32.4,32.6,581147
2018-01-16,32.6,33.6,32.1,33.4,245861
2018-01-17,33.4,33.9,32.5,32.8,464780
2018-01-18,32.7,32.9,32.3,32.6,156911
2018-01-21,32.6,33.1,32.5,32.8,202863
2018-01-22,32.8,33.3,32.5,32.6,397811
2018-01-23,32.4,33.0,32.3,32.4,224373
2018-01-24,32.5,32.7,32.0,32.2,186768
2018-01-25,32.3,32.9,32.0,32.7,242719
2018-01-28,32.6,32.6,31.7,32.0,507779
2018-01-29,31.8,32.2,31.3,31.7,486512
2018-01-30,32.0,32.4,31.4,31.5,351125
2018-01-31,31.5,31.6,30.0,30.5,595721
2018-02-01,31.0,31.3,30.0,30.3,281454
2018-02-04,30.0,30.0,28.4,28.6,506799
2018-02-05,28.7,29.0,27.7,28.4,893656
2018-02-06,28.7,29.9,28.7,29.6,567733
2018-02-07,29.9,30.1,28.8,29.4,518078
2018-02-08,29.4,30.2,29.4,30.1,293397
2018-02-11,30.2,32.0,30.1,31.6,498370
2018-02-12,31.9,32.9,31.7,32.4,854626
2018-02-13,32.2,32.8,31.8,32.5,448434
2018-02-14,32.8,34.9,32.8,33.9,1329456
2018-02-15,34.1,34.1,33.1,33.5,522393
2018-02-18,33.2,33.2,31.0,31.2,571043
2018-02-19,31.9,32.8,31.0,31.2,572269
2018-02-20,32.0,32.4,30.6,30.7,508718
2018-02-22,31.2,31.8,30.6,31.0,452790
2018-02-25,31.0,31.1,29.5,29.8,345042
2018-02-26,29.8,30.0,29.1,29.4,322198
2018-02-27,29.9,30.1,29.1,29.4,284721
2018-02-28,29.6,29.7,28.8,29.1,353839
2018-03-01,29.3,29.9,28.7,29.8,362681
2018-03-04,30.0,30.3,29.6,29.9,483098
2018-03-05,29.5,29.7,28.7,29.0,185641
2018-03-06,28.9,29.0,28.5,28.8,638053
2018-03-07,28.6,29.0,28.3,28.4,446807
2018-03-08,28.5,29.0,28.1,28.8,427123
2018-03-11,29.0,29.2,28.0,28.2,288531
2018-03-12,28.2,28.2,27.5,27.7,435055
2018-03-13,28.0,28.0,26.7,26.9,531596
2018-03-14,27.2,27.4,26.8,27.0,411405
2018-03-15,26.8,29.0,26.7,28.4,648679
2018-03-18,28.7,29.3,28.2,28.4,711326
2018-03-19,28.4,28.5,27.8,27.9,573948
2018-03-20,27.7,28.2,27.4,27.9,503006
2018-03-21,27.5,27.9,26.7,26.8,457791
2018-03-22,27.0,27.3,26.1,27.1,964493
2018-03-25,27.5,27.7,26.0,26.3,844509
2018-03-27,26.3,26.3,25.0,25.3,887116
2018-03-28,25.9,26.0,25.4,25.5,482109
2018-03-29,25.6,26.7,25.6,26.5,761216
2018-04-01,26.9,28.3,26.9,28.2,1096073
2018-04-02,28.3,29.6,28.2,29.1,1781806
2018-04-03,29.2,29.5,28.3,28.5,1122944
2018-04-04,28.8,29.2,28.6,28.7,803314
2018-04-05,28.7,28.7,28.1,28.5,581548
2018-04-08,28.5,28.9,27.3,27.6,799332
2018-04-09,27.9,28.5,27.5,28.3,1070181
2018-04-10,28.5,28.5,27.9,28.1,1232777
2018-04-11,28.1,28.2,27.4,27.6,339275
2018-04-12,27.7,28.0,27.4,27.6,704666
2018-04-15,27.6,27.6,26.6,27.0,478023
2018-04-16,26.9,27.1,26.5,26.9,920129
2018-04-17,27.1,27.1,26.4,26.5,729453
2018-04-18,26.6,27.5,26.6,27.4,868599
2018-04-19,27.6,28.0,27.2,27.7,861195
2018-04-22,27.1,28.0,27.1,27.4,717294
2018-04-23,27.4,27.8,27.3,27.6,446908
2018-04-24,27.4,28.0,27.4,27.9,591239
2018-04-25,27.8,29.0,27.8,28.9,1219904
2018-04-26,28.6,28.6,28.3,28.5,306414
2018-04-30,28.3,28.5,27.8,28.0,1028821
2018-05-06,27.0,27.0,25.4,25.5,701713
2018-05-07,25.9,26.2,25.5,25.7,374952
2018-05-08,25.5,26.2,25.5,25.6,368912
2018-05-09,25.7,25.9,25.0,25.3,404554
2018-05-10,25.1,25.1,24.0,24.1,602375
2018-05-13,24.2,24.3,23.3,23.4,281114
2018-05-14,23.4,24.0,23.2,23.8,290080
2018-05-15,23.6,23.8,23.3,23.3,356593
2018-05-16,23.5,23.6,23.3,23.4,286678
2018-05-17,23.4,23.4,23.2,23.4,347487
2018-05-20,23.3,23.7,23.1,23.6,666622
2018-05-21,23.5,24.2,23.4,24.1,453976
2018-05-22,24.0,24.4,23.9,24.3,282749
2018-05-23,24.3,24.3,23.9,24.1,214275
2018-05-24,24.0,24.4,24.0,24.3,215670
2018-05-27,24.3,24.5,24.1,24.3,183838
2018-05-28,24.4,24.4,24.1,24.1,94184
2018-05-29,24.0,24.3,23.8,23.9,195492
2018-05-30,23.9,24.1,23.8,24.0,139611
2018-05-31,23.8,23.8,23.4,23.5,385832
2018-06-03,23.4,23.6,23.3,23.3,286589
2018-06-04,23.4,23.5,23.2,23.3,185677
2018-06-05,23.5,23.6,23.2,23.5,180608
2018-06-06,23.7,24.8,23.6,24.7,576979
2018-06-07,25.0,25.0,24.2,24.4,418288
2018-06-10,24.3,24.3,23.7,23.8,278565
2018-06-11,23.6,23.9,23.6,23.7,251997
2018-06-12,23.8,24.5,23.7,24.3,217528
2018-06-18,24.2,24.6,24.2,24.4,250048
2018-06-19,24.2,24.5,24.0,24.4,478293
2018-06-20,23.7,24.5,23.7,24.4,384901
2018-06-21,24.6,25.0,24.5,24.9,402530
2018-06-24,24.9,26.4,24.9,26.0,983790
2018-06-25,26.0,26.1,25.5,25.7,339760
2018-06-26,25.7,25.8,25.1,25.2,254384
2018-06-27,25.3,25.4,24.7,24.8,325922
2018-06-28,24.9,24.9,24.5,24.7,258728
2018-07-02,24.5,24.8,23.5,23.8,480731
2018-07-03,24.0,24.4,23.4,23.4,249094
2018-07-04,23.6,23.7,23.0,23.3,586921
2018-07-05,23.3,23.7,23.2,23.4,407729
2018-07-08,23.5,23.8,23.1,23.4,567330
2018-07-09,23.4,23.9,23.2,23.2,416982
2018-07-10,23.1,23.7,23.1,23.4,591000
2018-07-11,23.6,24.9,23.5,23.8,693495
2018-07-12,23.9,24.0,23.5,23.6,444615
2018-07-15,23.7,24.4,23.5,23.8,922265
2018-07-16,23.9,24.0,23.6,23.7,455569
2018-07-17,23.6,23.8,23.3,23.3,232281
2018-07-18,23.3,23.6,23.0,23.1,693434
2018-07-19,23.5,24.0,22.7,23.5,850999
2018-07-22,22.8,23.4,22.7,23.0,849333
2018-07-23,23.0,23.8,22.9,23.5,433545
2018-07-24,23.5,23.7,23.2,23.4,274648
2018-07-25,23.4,23.4,23.1,23.2,383528
2018-07-26,23.0,23.3,22.7,22.8,538292
2018-07-29,22.8,23.2,22.7,23.0,457656
2018-07-30,23.0,23.3,23.0,23.2,182120
2018-07-31,23.3,23.5,23.0,23.4,201151
2018-08-01,23.4,24.0,23.2,23.8,268042
2018-08-02,23.9,25.0,23.9,24.8,807518
2018-08-05,24.4,24.7,24.0,24.5,175638
2018-08-06,24.2,24.3,23.8,24.0,228028
2018-08-07,24.0,24.8,24.0,24.5,213059
2018-08-08,24.1,25.4,24.1,25.2,462117
2018-08-09,25.1,26.0,25.0,25.7,1272906
2018-08-12,25.3,26.3,25.2,26.0,1629571
2018-08-13,26.3,27.0,26.0,26.3,1485877
2018-08-14,26.0,26.3,25.7,26.0,719425
2018-08-16,26.3,27.4,26.3,27.1,1017694
2018-08-19,27.2,28.7,27.2,28.5,1240524
2018-08-20,28.7,28.7,27.8,28.4,1048135
2018-08-26,28.5,28.7,27.7,28.0,619955
2018-08-27,27.9,28.1,27.1,27.3,616390
2018-08-28,27.3,28.0,27.1,27.9,910740
2018-08-29,27.9,28.4,27.5,27.7,493063
2018-08-30,27.7,28.4,27.5,27.6,710864
2018-09-03,27.5,27.7,26.5,26.6,563384
2018-09-04,26.7,26.7,25.9,26.2,704309
2018-09-05,26.6,26.6,25.4,25.5,700708
2018-09-06,26.0,26.3,25.5,25.8,520562
2018-09-09,25.9,26.0,25.0,25.2,648562
2018-09-10,25.3,25.3,24.9,25.0,471519
2018-09-11,25.0,25.8,24.9,25.3,277933
2018-09-12,25.1,25.6,24.8,25.2,569218
2018-09-13,25.1,25.2,24.5,24.7,529092
2018-09-16,24.5,24.8,24.0,24.1,565521
2018-09-17,24.4,24.6,24.1,24.3,257895
2018-09-18,24.3,24.9,24.2,24.4,418688
2018-09-19,24.5,25.2,24.4,25.0,397286
2018-09-20,25.1,25.1,24.3,24.5,349609
2018-09-23,24.4,24.8,24.2,24.4,273717
2018-09-24,24.4,24.8,24.1,24.7,340784
2018-09-25,24.7,25.0,24.5,24.8,255233
2018-09-26,24.9,25.5,24.7,25.0,418015
2018-09-27,25.0,25.3,24.6,24.6,322398
2018-09-30,24.8,25.0,24.5,25.0,128739
2018-10-01,25.3,25.4,24.9,25.1,271956
2018-10-02,25.3,25.4,25.1,25.3,164334
2018-10-03,25.4,26.0,25.4,25.9,471301
2018-10-04,25.9,26.0,25.2,25.3,215788
2018-10-07,26.0,26.7,25.0,25.7,384501
2018-10-08,25.5,27.0,25.5,26.8,1284769
2018-10-09,26.7,27.1,26.6,26.9,1954271
2018-10-10,27.1,29.3,26.6,28.8,2148201
2018-10-11,28.8,30.4,28.5,29.6,2382044
2018-10-14,29.2,30.7,28.7,29.8,1945930
2018-10-15,30.0,30.2,28.7,29.0,1032493
2018-10-16,28.6,30.5,28.1,30.2,2673957
2018-10-17,30.7,32.4,30.5,31.7,2525631
2018-10-18,31.3,33.4,31.2,32.9,3583301
2018-10-21,32.7,34.0,32.0,32.2,2050262
2018-10-22,32.3,32.7,31.3,31.5,2318786
2018-10-23,31.8,32.0,29.5,30.1,1751191
2018-10-24,30.7,31.8,30.4,31.1,2216383
2018-10-25,31.2,31.9,30.8,31.2,2965301
2018-10-28,31.4,31.7,29.9,30.3,1361997
2018-10-29,30.5,30.8,29.4,29.9,1652218
2018-10-30,30.5,30.8,29.3,29.8,1274222
2018-10-31,29.9,30.3,29.3,29.5,1137367
2018-11-01,29.7,30.1,28.8,29.2,1522151
2018-11-04,29.2,29.5,28.4,28.5,572483
2018-11-05,28.5,29.0,28.3,28.6,739144
2018-11-06,28.8,29.0,28.0,28.1,653575
2018-11-07,28.3,29.2,28.2,29.0,733201
2018-11-08,29.0,29.2,28.4,28.5,502835
2018-11-11,29.0,30.0,28.5,29.5,1423015
2018-11-12,29.6,29.8,28.8,29.0,605592
2018-11-13,29.1,29.8,28.7,29.4,700247
2018-11-14,29.6,29.6,28.8,28.9,288969
2018-11-15,28.9,29.4,28.6,28.8,411516
2018-11-18,29.0,29.4,28.3,28.5,446664
2018-11-19,29.0,29.1,28.3,28.4,315259
2018-11-20,28.4,29.6,28.4,29.2,1462000
2018-11-22,29.6,29.6,29.1,29.2,446489
2018-11-25,29.0,29.2,28.4,28.6,551402
2018-11-26,28.4,28.9,28.3,28.4,341102
2018-11-27,28.4,28.6,28.1,28.2,573142
2018-11-28,28.2,28.4,27.6,27.9,720998
2018-11-29,27.7,28.2,27.7,28.1,234688
2018-12-02,28.0,28.2,27.7,27.8,266706
2018-12-03,27.9,28.1,27.7,27.9,179668
2018-12-04,28.0,28.3,27.8,28.1,304890
2018-12-05,28.4,28.8,28.2,28.5,437236
2018-12-06,28.5,29.0,28.4,28.8,949361
2018-12-09,29.0,29.0,28.3,28.3,285448
2018-12-10,28.6,28.6,28.1,28.2,271809
2018-12-11,28.0,28.3,27.9,28.0,257009
2018-12-12,28.1,28.3,28.0,28.2,128539
2018-12-13,28.1,28.2,27.8,27.8,160391
2018-12-17,28.1,28.1,27.6,27.7,100846
2018-12-18,27.7,28.0,27.6,27.7,281303
2018-12-19,27.6,28.0,27.6,27.9,97150
2018-12-20,28.0,28.4,27.9,28.0,143584
2018-12-23,27.7,28.1,27.7,27.9,210393
2018-12-24,27.8,28.2,27.8,28.0,542803
2018-12-26,28.1,28.6,28.1,28.6,248175
2018-12-27,28.7,28.7,28.3,28.5,341116
2019-01-01,29.0,29.2,28.5,28.9,263921
2019-01-02,29.0,29.3,28.5,29.1,635197
2019-01-03,29.4,29.5,29.0,29.4,765115
2019-01-06,29.6,30.5,29.2,30.2,1240003
2019-01-07,30.4,30.6,29.8,29.8,545851
2019-01-08,29.8,31.5,29.8,31.2,1146818
2019-01-09,31.8,31.9,30.6,30.7,1426929
2019-01-10,30.6,31.0,30.0,30.4,745331
2019-01-13,30.4,31.1,29.9,31.0,1108487
2019-01-14,31.2,31.4,30.5,30.6,512345
2019-01-15,30.8,31.5,30.5,31.2,1321875
2019-01-16,31.4,32.0,30.7,31.0,958824
2019-01-17,31.1,31.2,30.8,31.0,739296
2019-01-20,31.0,32.1,31.0,32.0,2432076
2019-01-21,32.0,32.4,31.3,31.4,698189
2019-01-22,31.4,32.1,31.1,31.4,1237763
2019-01-23,31.7,33.0,31.6,32.4,2577313
2019-01-24,32.4,32.6,31.7,32.0,1510516
2019-01-27,32.1,32.5,31.5,31.6,919746
2019-01-28,31.4,32.0,31.2,31.3,706405
2019-01-29,31.4,31.9,31.1,31.5,587735
2019-01-30,31.5,31.8,31.0,31.2,479306
2019-01-31,31.1,31.2,30.4,30.5,529426
2019-02-03,30.6,30.7,29.7,29.8,533397
2019-02-04,30.0,30.3,29.6,29.8,329954
2019-02-05,29.9,30.5,29.4,29.7,521406
2019-02-06,29.7,30.0,29.4,29.5,354806
2019-02-07,29.5,29.9,29.4,29.6,282177
2019-02-10,29.6,29.6,27.9,28.6,606612
2019-02-11,28.6,28.7,28.2,28.4,341137
2019-02-12,28.5,29.1,28.5,28.8,279857
2019-02-13,28.8,29.0,28.6,28.8,210741
2019-02-14,28.7,29.0,28.5,28.7,123440
2019-02-17,28.6,29.8,28.6,29.5,202788
2019-02-18,29.5,29.5,28.9,29.0,175870
2019-02-19,29.5,29.5,28.9,29.1,145650
2019-02-20,29.0,29.5,28.9,29.1,449080
2019-02-24,28.9,29.0,28.5,28.7,134130
2019-02-25,28.7,29.2,28.6,28.8,972057
2019-02-26,28.9,29.2,28.3,28.4,499533
2019-02-27,28.4,28.8,27.8,28.0,1074426
2019-03-03,28.7,28.7,27.8,28.5,187238
2019-03-04,28.5,28.6,28.1,28.3,138420
2019-03-05,28.6,29.1,28.2,28.8,1039633
2019-03-06,29.0,30.3,29.0,30.1,1815031
2019-03-07,30.1,30.4,29.3,29.6,757280
2019-03-10,30.1,30.2,29.0,29.1,1001499
2019-03-11,29.2,29.3,28.4,28.7,528824
2019-03-12,28.5,29.0,28.4,28.9,492318
2019-03-13,29.4,31.7,29.4,31.3,6422294
2019-03-14,31.3,31.9,30.7,31.5,2255183
2019-03-18,31.5,31.8,30.7,31.1,1964925
2019-03-19,31.3,31.3,30.2,30.4,1139571
2019-03-20,30.4,30.7,29.4,29.7,900936
2019-03-21,30.0,30.0,28.8,29.0,1087789
2019-03-24,29.0,29.7,28.5,29.5,642081
2019-03-25,29.5,29.7,29.0,29.2,548643
2019-03-27,29.0,29.4,28.6,28.8,446053
2019-03-28,28.8,29.1,28.7,28.9,346254
2019-03-31,29.3,29.4,28.9,29.1,280403
2019-04-01,29.0,29.3,28.7,28.8,797624
2019-04-02,28.8,29.1,28.7,28.8,963715
2019-04-03,29.0,29.1,28.7,28.9,232771
2019-04-04,29.3,29.3,28.7,28.9,657590
2019-04-07,28.9,29.1,28.7,28.8,476192
2019-04-08,28.7,29.3,27.6,28.6,628114
2019-04-09,28.7,29.2,28.1,28.3,591353
2019-04-10,28.7,28.9,28.3,28.4,285181
2019-04-11,28.4,28.9,28.3,28.6,349610
2019-04-15,28.6,28.6,28.1,28.2,711331
2019-04-16,28.1,29.0,28.0,28.8,1156112
2019-04-17,28.9,29.2,28.7,29.1,849205
2019-04-18,29.0,29.4,29.0,29.2,552551
2019-04-21,29.4,29.4,28.6,28.8,897283
2019-04-23,28.8,29.2,28.4,28.7,479285
2019-04-24,28.9,28.9,28.1,28.5,126139
2019-04-25,28.9,28.9,28.2,28.5,1611052
2019-04-28,28.7,28.7,27.9,27.9,878333
2019-04-29,28.7,28.7,26.7,27.0,1465180
2019-04-30,27.0,27.6,27.0,27.3,1045545
2019-05-02,27.8,28.0,27.5,27.9,1144374
2019-05-05,28.4,29.1,28.1,28.9,1283869
2019-05-06,29.3,29.3,28.4,28.4,494129
2019-05-07,28.4,29.0,28.3,28.7,1509659
2019-05-08,29.0,29.0,28.0,28.4,1162626
2019-05-09,28.7,28.8,28.3,28.7,1221220
2019-05-12,28.8,29.0,28.4,28.7,1402830
2019-05-13,28.8,28.8,28.6,28.7,1212072
2019-05-14,28.7,28.9,28.2,28.3,744632
2019-05-15,28.7,28.9,28.6,28.8,991038
2019-05-16,28.9,29.7,28.8,29.5,1334216
2019-05-19,29.8,30.8,29.8,30.5,3486615
2019-05-21,28.1,28.1,27.5,27.8,1245152
2019-05-22,27.8,28.0,27.2,27.5,963832
2019-05-23,27.6,28.5,27.6,28.3,1582618
2019-05-26,28.4,28.8,27.9,28.2,1493507
2019-05-27,28.2,28.3,27.7,27.8,3255639
2019-05-28,27.9,28.8,27.9,28.5,3091655
2019-05-29,28.8,28.8,28.4,28.5,439388
2019-05-30,28.7,29.0,28.5,28.8,588677
2019-06-09,28.7,28.7,28.3,28.4,175245
2019-06-10,28.5,29.0,28.3,28.8,718967
2019-06-11,28.6,29.4,28.5,29.0,1594718
2019-06-12,28.8,29.5,28.8,29.3,607177
2019-06-13,29.1,29.3,28.7,28.9,442575
2019-06-16,28.9,28.9,28.0,28.2,677343
2019-06-17,28.0,28.5,27.2,28.0,743408
2019-06-18,28.2,29.0,27.8,27.9,422017
2019-06-19,28.4,28.8,27.8,28.0,367173
2019-06-20,28.4,28.4,27.7,28.3,167746
2019-06-23,27.9,28.6,27.9,28.1,218375
2019-06-24,28.4,28.6,27.8,28.0,234419
2019-06-25,28.0,28.7,28.0,28.4,662469
2019-06-26,28.6,28.8,28.1,28.2,488865
2019-06-27,28.3,28.5,28.2,28.4,422459
2019-06-30,28.3,28.5,28.1,28.3,224416
2019-07-02,28.1,28.3,27.3,27.4,822251
2019-07-03,27.8,27.8,27.1,27.4,476495
2019-07-04,27.4,27.6,27.2,27.4,345350
2019-07-07,27.8,27.8,27.2,27.3,148403
2019-07-08,27.3,27.7,27.3,27.4,309744
2019-07-09,27.4,27.4,27.1,27.2,271901
2019-07-10,27.1,27.3,26.9,27.0,216451
2019-07-11,27.2,27.9,27.0,27.8,488711
2019-07-14,27.8,27.8,26.9,27.0,265852
2019-07-15,27.0,27.5,26.4,26.9,344636
2019-07-16,27.4,27.9,26.9,27.0,404120
2019-07-17,27.4,27.7,27.1,27.4,164030
2019-07-18,27.4,27.5,27.2,27.3,391355
2019-07-21,27.3,27.6,26.8,26.9,423493
2019-07-22,27.2,27.8,26.6,27.1,738756
2019-07-23,27.5,27.7,27.1,27.6,244170
2019-07-24,27.6,28.4,27.6,28.2,799896
2019-07-25,28.0,28.8,28.0,28.7,906393
2019-07-28,28.8,28.8,28.0,28.4,834661
2019-07-29,28.0,28.5,27.7,27.9,1243212
2019-07-30,27.8,28.3,27.6,27.8,458911
2019-07-31,27.8,28.0,27.6,27.6,389199
2019-08-01,28.0,28.1,27.6,28.0,477570
2019-08-04,28.1,28.2,27.6,27.7,478065
2019-08-05,27.8,28.0,27.4,27.6,534169
2019-08-06,27.8,28.0,27.5,27.9,475662
2019-08-07,27.9,28.1,27.8,28.0,743133
2019-08-08,28.0,28.2,27.9,28.1,317928
2019-08-18,28.3,28.3,27.9,28.0,338140
2019-08-19,27.9,28.3,27.9,28.0,382796
2019-08-20,28.1,28.1,27.8,27.8,267519
2019-08-21,28.0,28.0,27.6,27.8,352132
2019-08-22,28.0,28.0,27.7,27.8,388678
2019-08-25,27.7,28.0,27.7,27.9,739626
2019-08-26,28.0,28.0,27.5,27.7,681867
2019-08-27,27.8,27.9,27.5,27.8,740460
2019-08-28,27.8,27.8,27.2,27.3,1047880
2019-08-29,27.3,27.6,27.0,27.4,1259850
2019-09-01,27.3,27.9,27.0,27.6,1357495
2019-09-02,27.3,27.8,27.1,27.7,1215835
2019-09-03,27.3,27.7,27.1,27.5,1200033
2019-09-04,27.3,27.8,27.2,27.7,1323119
2019-09-05,27.6,28.5,27.4,28.0,1688747
2019-09-08,28.0,29.5,28.0,28.7,2066248
2019-09-09,29.0,29.7,28.1,28.3,1589513
2019-09-11,28.6,28.6,28.0,28.3,1126087
2019-09-12,28.3,28.4,28.0,28.2,598038
2019-09-15,28.0,29.2,27.9,29.0,1052855
2019-09-16,29.0,29.1,28.3,28.3,926738
2019-09-17,28.5,28.6,27.9,28.2,991718
2019-09-18,28.5,28.5,28.1,28.1,1143892
2019-09-19,27.8,28.3,27.3,27.5,302579
2019-09-22,27.5,28.5,27.1,28.2,815990
2019-09-23,28.6,29.1,28.4,28.6,386887
2019-09-24,28.6,28.6,28.2,28.2,167945
2019-09-25,28.5,28.5,28.1,28.4,143051
2019-09-26,28.3,28.7,28.3,28.5,322175
2019-09-29,28.5,28.9,28.5,28.6,158403
2019-09-30,28.6,28.7,28.1,28.3,278533
2019-10-01,28.5,28.5,27.9,28.1,199966
2019-10-02,28.2,28.2,27.8,27.8,149951
2019-10-03,27.8,27.9,27.6,27.8,186714
2019-10-06,27.7,27.9,27.6,27.8,47423
2019-10-07,27.8,28.5,27.5,28.2,334632
2019-10-09,28.2,28.3,27.7,27.8,308736
2019-10-10,27.7,27.9,27.7,27.7,391739
2019-10-13,27.7,27.7,27.3,27.4,139928
2019-10-14,27.5,28.3,27.5,27.8,264372
2019-10-15,27.8,28.5,27.8,28.5,422961
2019-10-16,28.4,28.4,28.1,28.2,272932
2019-10-17,28.3,28.4,27.8,28.4,521929
2019-10-20,28.4,28.6,28.0,28.2,720042
2019-10-21,28.3,28.9,28.3,28.5,787796
2019-10-22,28.4,28.6,28.0,28.0,700046
2019-10-23,28.1,28.6,28.0,28.4,486028
2019-10-24,28.1,28.9,28.1,28.8,733883
2019-10-27,28.8,28.8,28.0,28.7,523679
2019-10-28,28.3,28.7,28.2,28.4,137958
2019-10-29,28.6,28.7,28.1,28.7,604041
2019-10-30,28.4,28.9,28.4,28.8,167727
2019-10-31,28.5,28.9,28.3,28.4,188780
2019-11-03,28.6,28.8,28.1,28.2,1114595
2019-11-04,28.2,28.6,27.9,28.0,515469
2019-11-05,28.0,28.5,28.0,28.2,1353305
2019-11-06,28.4,28.4,28.0,28.1,800995
2019-11-07,28.2,29.0,28.0,28.4,2130356
2019-11-11,28.4,28.5,27.4,27.6,2809242
2019-11-12,27.8,27.9,27.0,27.5,2478900
2019-11-13,27.4,27.7,27.4,27.6,1004664
2019-11-14,27.6,27.6,27.1,27.2,362060
2019-11-17,27.4,27.4,26.9,27.0,1535013
2019-11-18,26.8,27.1,26.8,26.9,1257479
2019-11-19,26.8,27.2,26.8,27.0,1423839
2019-11-20,27.2,27.6,27.0,27.4,850384
2019-11-21,27.4,27.5,27.1,27.3,436809
2019-11-24,27.2,27.4,26.8,27.0,491954
2019-11-25,27.1,27.4,27.0,27.3,249009
2019-11-26,27.3,27.7,27.2,27.4,507806
2019-11-27,27.4,28.0,27.4,27.5,629826
2019-11-28,27.5,27.6,27.2,27.4,363660
2019-12-01,27.5,28.3,27.5,28.1,1340043
2019-12-02,28.1,28.6,28.0,28.2,2093532
2019-12-03,28.2,28.2,27.6,27.7,320954
2019-12-04,27.7,27.9,27.5,27.6,321692
2019-12-05,27.6,27.9,27.5,27.6,245302
2019-12-08,27.7,27.7,27.2,27.4,459440
2019-12-09,27.4,27.6,27.0,27.1,237037
2019-12-10,27.1,27.4,27.0,27.2,258526
2019-12-11,27.2,27.3,27.0,27.1,122638
2019-12-12,27.1,27.2,26.9,27.0,155228
2019-12-15,27.1,27.1,26.7,26.8,199743
2019-12-17,27.0,27.0,26.5,26.6,166586
2019-12-18,26.70000076,27.0,26.29999924,27.0,142968
2019-12-19,26.89999962,27.5,26.70000076,27.20000076,236080
2019-12-22,27.1,27.4,26.9,27.1,410209
2019-12-23,27.1,27.3,26.8,26.9,172111
2019-12-24,27.0,27.2,26.9,27.2,67105
2019-12-26,27.1,27.2,27.0,27.0,116308
2019-12-29,27.3,27.3,26.7,26.8,681048
2019-12-30,26.8,27.4,26.8,27.2,242867
2020-01-01,27.2,27.3,26.9,27.0,160661
2020-01-02,27.1,27.2,26.9,26.9,202254
2020-01-05,26.9,27.0,26.6,26.6,98736
2020-01-06,26.6,26.8,26.4,26.4,119012
2020-01-07,26.4,26.6,26.3,26.3,195401
2020-01-08,26.2,26.6,25.9,26.1,104312
2020-01-09,26.0,26.0,25.6,25.8,277044
2020-01-12,25.5,26.0,25.5,25.6,127307
2020-01-13,25.6,25.6,24.6,25.0,154308
2020-01-14,24.4,24.5,23.8,24.4,142682
2020-01-15,24.9,24.9,24.4,24.6,80795
2020-01-16,24.8,25.8,24.6,25.6,306470
2020-01-19,26.1,27.3,26.1,27.1,252742
2020-01-20,27.5,27.5,26.6,27.2,200299
2020-01-21,26.9,27.6,26.8,27.4,410339
2020-01-22,27.5,27.5,27.1,27.2,310759
2020-01-23,27.2,27.4,27.0,27.1,235747
2020-01-26,27.0,27.3,26.9,27.0,104583
2020-01-27,27.1,27.2,26.0,26.8,744458
2020-01-28,27.1,27.1,26.7,27.0,335739
2020-01-29,27.2,27.3,26.2,26.3,537815
2020-01-30,26.9,27.3,26.3,26.7,415946
2020-02-02,26.3,26.6,26.1,26.5,349206
2020-02-03,26.6,27.0,26.3,26.6,300591
2020-02-04,26.8,26.8,25.8,26.5,518335
2020-02-05,26.4,26.7,26.0,26.5,185599
2020-02-06,26.5,26.6,26.1,26.5,179641
2020-02-09,26.2,26.5,26.1,26.3,115795
2020-02-10,26.4,26.7,26.1,26.6,265114
2020-02-11,26.7,27.0,26.3,26.5,253198
2020-02-12,26.8,27.1,26.3,26.6,304952
2020-02-13,26.7,26.9,26.5,26.8,349418
2020-02-16,27.0,28.2,26.9,28.1,1749125
2020-02-17,28.4,28.8,27.8,28.6,1865510
2020-02-18,28.3,28.8,28.0,28.1,948794
2020-02-19,28.0,28.3,27.6,27.8,806940
2020-02-20,27.8,28.2,27.5,27.7,588904
2020-02-23,28.0,28.0,27.1,27.3,200795
2020-02-24,27.3,27.5,27.0,27.3,187749
2020-02-25,27.0,27.0,26.1,26.5,791472
2020-02-26,26.5,26.5,26.0,26.3,273279
2020-02-27,26.3,26.7,26.0,26.1,164724
2020-03-01,26.2,27.0,26.0,26.0,256080
2020-03-02,26.0,26.5,26.0,26.3,110942
2020-03-03,26.5,26.6,26.0,26.0,354306
2020-03-04,26.1,26.8,25.8,25.9,202992
2020-03-05,26.0,26.2,25.6,25.9,54624
2020-03-08,25.7,25.9,25.2,25.4,89204
2020-03-09,25.2,25.3,23.3,23.7,597799
2020-03-10,23.9,24.8,23.6,24.5,360278
2020-03-11,24.5,25.5,24.2,25.0,174439
2020-03-12,25.0,25.0,23.9,24.2,208615
2020-03-15,24.0,24.0,23.0,23.3,179204
2020-03-16,23.4,23.6,22.8,22.9,558899
2020-03-18,23.2,23.2,22.5,23.0,846400
2020-03-19,24.0,24.2,24.0,24.1,473271
2020-03-22,24.1,25.0,23.8,24.9,307662
2020-03-23,24.9,26.6,24.9,26.1,504093
2020-03-24,25.8,26.6,25.4,26.2,612482
2020-05-31,26.2,26.2,24.1,25.9,344429
2020-06-01,26.1,26.2,23.8,25.4,519001
2020-06-02,25.4,25.4,24.7,25.0,479145
2020-06-04,23.7,23.7,23.7,23.7,11749
2020-06-07,23.7,23.7,23.7,23.7,6066
2020-06-08,23.7,23.7,23.7,23.7,100
2020-06-09,23.7,23.7,23.7,23.7,830
2020-06-10,23.7,23.7,23.7,23.7,1945
2020-06-11,23.7,23.7,23.7,23.7,27760
2020-06-14,23.7,23.7,23.7,23.7,4631
2020-06-15,23.7,23.7,23.7,23.7,1050
2020-06-16,23.7,23.7,23.7,23.7,2330
2020-06-17,23.7,23.7,23.7,23.7,8324
2020-06-18,23.7,23.7,23.7,23.7,8673
2020-06-21,23.7,23.7,23.7,23.7,4180
2020-06-22,23.7,23.7,23.7,23.7,1035
2020-06-23,23.7,23.7,23.7,23.7,1704
2020-06-24,23.7,23.7,23.7,23.7,7043
2020-06-25,23.7,23.7,23.7,23.7,60325
2020-06-28,23.7,23.7,23.7,23.7,2794
2020-06-29,23.7,23.7,23.7,23.7,35153
2020-06-30,23.7,23.7,23.7,23.7,9838
2020-07-02,23.7,23.7,23.7,23.7,7005
2020-07-05,23.7,23.7,23.7,23.7,837
2020-07-06,23.7,23.7,23.7,23.7,17301
2020-07-07,23.7,23.7,23.7,23.7,4510
2020-07-08,23.7,23.7,23.7,23.7,4396
2020-07-09,23.7,23.7,23.7,23.7,11654
2020-07-12,23.7,23.7,23.7,23.7,3790
2020-07-13,23.7,23.7,23.7,23.7,16690
2020-07-14,23.7,23.7,23.7,23.7,6983
2020-07-15,23.7,23.7,23.7,23.7,34403
2020-07-16,23.7,23.7,23.7,23.7,131
2020-07-19,23.7,23.7,23.7,23.7,1756
2020-07-20,23.7,23.7,23.7,23.7,1107
2020-07-21,23.7,23.7,23.7,23.7,10396
2020-07-22,23.7,23.7,23.7,23.7,12559
2020-07-23,23.7,23.7,23.7,23.7,1775
2020-07-26,23.7,23.7,23.7,23.7,2312
2020-07-27,23.7,23.7,23.7,23.7,4703
2020-07-28,23.7,23.7,23.7,23.7,1202
2020-07-29,23.7,23.7,23.7,23.7,4285
2020-07-30,23.7,23.7,23.7,23.7,152
2020-08-03,23.7,23.7,23.7,23.7,1226
2020-08-04,23.7,23.7,23.7,23.7,18446
2020-08-05,23.7,23.7,23.7,23.7,142221
2020-08-06,23.7,23.7,23.7,23.7,360968
2020-08-09,23.7,24.4,23.7,24.1,4624360
2020-08-10,24.3,24.6,23.7,23.7,3722180
2020-08-12,23.7,24.2,23.7,23.9,5539300
2020-08-13,24.0,25.3,24.0,24.6,4567520
2020-08-16,24.8,26.2,24.8,25.7,8371367
2020-08-17,26.0,26.2,24.4,24.9,4703711
2020-08-18,25.0,25.2,24.0,24.6,1812040
2020-08-19,24.7,25.2,24.4,24.7,1876265
2020-08-20,24.7,24.9,24.4,24.5,998210
2020-08-23,24.5,24.5,23.7,23.9,1800951
2020-08-24,24.5,25.0,23.8,24.2,1083362
2020-08-25,24.0,24.3,23.9,24.0,613820
2020-08-26,24.0,24.1,23.8,23.9,376405
2020-08-27,24.0,24.4,23.9,24.1,629544
2020-08-31,24.5,24.6,24.1,24.3,910272
2020-09-01,24.1,24.3,23.9,24.0,747640
2020-09-02,24.0,24.1,23.7,23.7,696313
2020-09-03,23.8,24.2,23.8,24.1,1217172
2020-09-06,24.1,24.3,24.1,24.2,984405
2020-09-07,24.2,24.4,24.1,24.2,835415
2020-09-08,24.2,24.2,23.9,24.0,635642
2020-09-09,24.0,24.1,23.9,24.0,420270
2020-09-10,24.0,24.0,23.7,23.9,1383076
2020-09-13,23.9,24.6,23.8,24.5,2291157
2020-09-14,24.6,24.8,24.2,24.4,1332939
2020-09-15,24.2,24.6,24.1,24.3,1047560
2020-09-16,24.4,24.6,24.2,24.5,961918
2020-09-17,24.6,24.6,24.4,24.5,533471
2020-09-20,24.5,24.5,24.3,24.4,726284
2020-09-21,24.4,24.4,24.1,24.2,733546
2020-09-22,24.2,24.2,23.9,23.9,290107
2020-09-23,24.0,24.1,23.8,23.9,329146
2020-09-24,24.0,24.8,23.9,23.9,405167
2020-09-27,24.0,24.1,23.8,24.0,497357
2020-09-28,24.0,24.4,24.0,24.1,209830
2020-09-29,24.2,24.2,23.9,23.9,213606
2020-09-30,23.9,24.0,23.8,24.0,231054
2020-10-01,23.9,24.1,23.7,23.8,1799242
2020-10-04,24.0,24.0,23.7,23.7,1069498
2020-10-05,23.8,23.8,23.7,23.7,860142
2020-10-06,23.7,23.7,23.7,23.7,169167
2020-10-07,23.7,23.7,23.7,23.7,122866
2020-10-08,23.7,23.7,23.7,23.7,296045
2020-10-11,23.7,23.7,23.7,23.7,129305
2020-10-12,23.7,23.7,23.7,23.7,194693
2020-10-13,23.7,23.7,23.7,23.7,64499
2020-10-14,23.7,23.7,23.7,23.7,387682
2020-10-15,23.7,23.7,23.7,23.7,419655
2020-10-18,23.7,23.8,23.7,23.7,536923
2020-10-19,23.7,23.8,23.7,23.7,475344
2020-10-20,23.7,23.9,23.7,23.7,681493
2020-10-21,23.7,23.9,23.7,23.7,458658
2020-10-22,23.7,23.8,23.7,23.7,489620
2020-10-25,23.7,23.8,23.7,23.7,302347
2020-10-27,23.7,23.8,23.7,23.7,156452
2020-10-28,23.7,23.8,23.7,23.7,349364
2020-10-29,23.9,24.0,23.7,23.9,754349
2020-11-01,23.9,24.0,23.7,23.8,703069
2020-11-02,24.0,24.5,23.7,24.3,1232206
2020-11-03,24.5,24.5,24.0,24.2,1704045
2020-11-04,24.1,24.2,23.9,24.0,441689
2020-11-05,24.0,24.0,23.7,23.9,510428
2020-11-08,23.8,24.0,23.7,23.7,341211
2020-11-09,23.8,24.0,23.7,23.7,564172
2020-11-10,23.7,23.9,23.7,23.7,387608
2020-11-11,23.7,24.2,23.7,24.0,704441
2020-11-12,24.1,24.2,23.8,23.9,473115
2020-11-15,23.9,24.0,23.8,24.0,379522
2020-11-16,23.9,24.0,23.8,23.9,508568
2020-11-17,24.0,24.3,23.8,24.0,1028027
2020-11-18,24.0,24.3,23.9,24.0,608889
2020-11-19,24.0,24.1,23.8,23.8,922083
2020-11-22,23.7,23.9,23.7,23.8,238551
2020-11-23,23.8,23.9,23.7,23.8,371189
2020-11-24,23.8,24.1,23.7,23.7,977257
2020-11-25,23.7,23.8,23.7,23.7,1346494
2020-11-26,23.7,23.9,23.7,23.7,279642
2020-11-29,23.7,23.9,23.7,23.7,313988
2020-11-30,23.9,23.9,23.7,23.8,272232
2020-12-01,23.9,24.0,23.7,23.7,615004
2020-12-02,23.8,24.0,23.7,23.9,156753
2020-12-03,23.8,24.0,23.7,23.8,269803
2020-12-06,23.9,24.1,23.8,24.0,637909
2020-12-07,24.1,24.2,23.9,24.0,518017
2020-12-08,24.0,24.1,23.9,23.9,138392
2020-12-09,23.9,24.0,23.8,24.0,414272
2020-12-10,24.0,24.1,23.8,23.9,470351
2020-12-13,24.0,24.1,23.8,24.0,626239
2020-12-14,24.1,24.1,23.8,23.9,604095
2020-12-15,23.9,24.0,23.8,23.8,536117
2020-12-17,23.8,24.0,23.7,23.9,410614
2020-12-20,23.9,23.9,23.7,23.7,503054
2020-12-21,23.8,23.9,23.7,23.9,393860
2020-12-22,23.7,23.9,23.7,23.8,339396
2020-12-23,23.7,23.9,23.7,23.7,592781
2020-12-24,23.7,23.9,23.7,23.8,726597
2020-12-27,23.8,24.1,23.7,24.0,637570
2020-12-28,24.1,24.3,24.0,24.1,832468
2020-12-29,24.0,24.2,23.9,24.0,780320
2020-12-30,24.0,24.0,23.7,24.0,1259831
2021-01-03,23.9,24.1,23.7,24.0,940765
2021-01-04,24.0,24.3,23.9,24.1,1656320
2021-01-05,24.2,26.5,24.0,25.4,4119732
2021-01-06,25.6,26.1,24.8,25.7,1864050
2021-01-07,26.0,26.0,25.2,25.4,1136684
2021-01-10,25.4,25.7,25.1,25.1,835934
2021-01-11,25.2,25.3,24.3,24.8,830574
2021-01-12,24.8,25.4,24.4,25.1,1007315
2021-01-13,25.1,25.2,24.8,24.9,983231
2021-01-14,25.2,25.5,24.7,24.9,2585158
2021-01-17,25.0,26.2,25.0,25.6,2383255
2021-01-18,25.8,25.8,24.9,25.4,1638142
2021-01-19,25.6,25.6,24.9,25.0,735311
2021-01-20,24.9,25.5,24.7,25.3,579361
2021-01-21,25.3,25.4,25.0,25.3,952930
2021-01-24,25.1,25.4,25.0,25.0,572490
2021-01-25,25.0,25.1,24.7,24.8,1019441
2021-01-26,25.0,25.0,24.6,24.7,582435
2021-01-27,24.8,25.0,24.5,24.7,396701
2021-01-28,24.5,26.9,24.5,24.8,558946
2021-01-31,24.8,24.9,24.5,24.5,531432
2021-02-01,24.6,24.7,24.3,24.4,386711
2021-02-02,24.5,24.8,24.3,24.5,521866
2021-02-03,24.6,24.6,24.4,24.4,418845
2021-02-04,24.3,24.7,24.3,24.4,393416
2021-02-07,24.3,24.9,24.1,24.1,357598
2021-02-08,24.1,24.5,23.9,24.0,464383
2021-02-09,24.1,24.3,23.9,24.0,739144
2021-02-10,24.5,24.5,23.9,24.0,618046
2021-02-11,24.0,24.2,23.8,23.8,387804
2021-02-14,23.8,24.0,23.7,23.7,677457
2021-02-15,23.8,24.0,23.7,24.0,352633
2021-02-16,23.8,24.0,23.7,23.8,296986
2021-02-17,23.8,24.0,23.7,23.7,460276
2021-02-18,23.7,23.9,23.7,23.8,195475
2021-02-22,23.7,23.9,23.7,23.8,434807
2021-02-23,23.8,23.9,23.7,23.8,686410
2021-02-24,23.9,23.9,23.7,23.9,265882
2021-02-25,24.0,24.1,23.8,23.9,251643
2021-02-28,23.9,24.0,23.8,23.9,501945
2021-03-01,24.0,24.1,23.8,24.0,210292
2021-03-02,24.0,24.2,23.9,24.1,169672
2021-03-03,24.2,24.4,24.0,24.3,243712
2021-03-04,24.5,24.5,24.0,24.4,380878
2021-03-07,24.5,24.5,24.2,24.4,294900
2021-03-08,24.5,24.6,24.4,24.5,532320
2021-03-09,24.6,24.6,24.1,24.4,510755
2021-03-10,24.3,24.4,24.0,24.2,328422
2021-03-11,24.3,24.5,24.2,24.4,494868
2021-03-14,24.3,24.6,24.3,24.5,360502
2021-03-15,24.4,24.7,24.2,24.6,225113
2021-03-16,24.7,25.0,24.6,24.7,419321
2021-03-18,24.8,24.8,24.3,24.4,569290
2021-03-21,24.4,24.4,24.1,24.2,419935
2021-03-22,24.3,24.4,24.1,24.4,387236
2021-03-23,24.4,24.5,24.2,24.3,305934
2021-03-24,24.5,24.5,24.2,24.2,277770
2021-03-25,24.2,24.4,24.2,24.3,395125
2021-03-28,24.3,24.4,24.3,24.4,234660
2021-03-29,24.4,24.6,24.4,24.5,747042
2021-03-31,24.3,24.4,24.2,24.2,478784
2021-04-01,24.1,24.3,24.1,24.3,530069
2021-04-04,24.0,24.1,23.7,23.8,1092593
2021-04-05,24.0,24.4,23.9,24.0,641386
2021-04-06,24.1,24.6,24.1,24.6,914967
2021-04-07,24.6,24.9,24.3,24.7,520377
2021-04-08,24.0,24.6,23.7,24.6,1021949
2021-04-11,25.5,25.5,24.6,24.8,1032810
2021-04-12,24.8,25.1,24.7,25.0,957968
2021-04-13,25.0,25.1,24.6,25.0,844267
2021-04-15,25.2,25.3,24.9,25.2,525586
2021-04-18,25.2,25.4,25.1,25.3,394868
2021-04-19,25.5,25.5,24.9,25.0,1167504
2021-04-20,25.2,25.2,24.9,25.1,850181
2021-04-21,25.5,25.5,25.1,25.2,657543
2021-04-22,25.2,25.4,25.1,25.3,679669
2021-04-25,25.2,25.5,25.2,25.4,868513
2021-04-26,25.4,25.6,25.3,25.4,1051980
2021-04-27,25.5,25.5,25.1,25.2,1519600
2021-04-28,25.2,25.4,25.1,25.2,1031641
2021-04-29,25.3,25.5,25.3,25.4,1795527
2021-05-03,22.6,22.6,22.6,22.6,1562133
2021-05-04,22.6,22.6,22.6,22.6,386758
2021-05-05,22.6,22.6,22.6,22.6,767321
2021-05-06,22.6,23.0,22.6,22.6,1036441
2021-05-09,22.6,22.7,22.6,22.6,928010
2021-05-11,22.6,22.9,22.6,22.6,1288262
2021-05-12,22.6,22.7,22.6,22.7,770970
2021-05-16,22.7,23.3,22.7,23.0,1331589
2021-05-17,23.2,23.7,23.1,23.5,1707145
2021-05-18,23.7,23.7,23.0,23.1,1285079
2021-05-19,23.4,24.0,23.1,23.6,3031692
2021-05-20,23.6,23.9,23.3,23.4,1758799
2021-05-23,23.4,23.4,22.6,22.7,1700560
2021-05-24,23.0,23.0,22.7,22.9,704341
2021-05-25,23.0,23.5,22.7,23.2,1342057
2021-05-27,23.6,24.2,23.6,24.0,3796938
2021-05-30,24.2,25.2,23.8,25.0,3875977
2021-05-31,25.0,25.2,24.5,24.6,3119460
2021-06-01,24.7,24.9,24.1,24.3,2374891
2021-06-02,24.4,24.7,24.0,24.6,1512586
2021-06-03,24.6,25.0,24.1,24.2,1991990
2021-06-06,24.0,24.2,23.6,23.8,1123440
2021-06-07,23.8,24.0,23.1,23.3,1560175
2021-06-08,23.5,23.6,22.9,23.5,966096
2021-06-09,23.5,23.7,23.2,23.5,1184944
2021-06-10,23.5,23.5,23.0,23.3,679971
2021-06-13,23.3,23.3,23.1,23.1,871971
2021-06-14,23.0,23.3,23.0,23.2,754461
2021-06-15,23.1,23.3,22.7,22.8,1605079
2021-06-16,22.9,23.2,22.9,23.1,1058938
2021-06-17,23.0,23.1,22.9,23.0,534443
2021-06-20,23.0,23.0,22.7,23.0,578163
2021-06-21,23.0,23.4,22.9,23.3,730586
2021-06-22,23.3,23.4,23.0,23.1,1211860
2021-06-23,23.0,23.4,22.9,23.1,610066
2021-06-24,23.1,23.5,23.1,23.1,1017933
2021-06-27,23.0,23.3,22.8,23.2,994458
2021-06-28,23.1,23.5,23.1,23.4,1173531
2021-06-29,23.1,23.6,23.1,23.5,1054218
2021-06-30,23.2,24.2,23.2,23.7,1251137
2021-07-05,23.7,24.1,23.7,24.0,505574
2021-07-06,24.0,24.1,23.7,23.8,611869
2021-07-07,23.7,24.0,23.6,23.7,237713
2021-07-08,23.6,23.8,23.5,23.6,423275
2021-07-12,23.5,23.6,23.0,23.2,701517
2021-07-13,23.5,23.7,23.0,23.3,1768800
2021-07-14,23.5,23.5,23.3,23.4,796471
2021-07-15,23.4,23.6,23.2,23.5,743329
2021-07-18,23.3,23.6,23.3,23.5,890225
2021-07-19,23.5,24.0,23.4,23.9,1377264
2021-07-25,24.0,24.6,23.9,24.4,1485780
2021-07-26,24.4,24.5,23.9,24.2,5540786
2021-07-27,24.3,24.5,24.1,24.1,963902
2021-07-28,24.1,24.3,24.1,24.2,1054151
2021-07-29,24.3,24.3,24.1,24.2,902313
2021-08-02,24.3,24.4,24.1,24.3,1279477
2021-08-03,24.2,24.8,24.2,24.7,1552807
2021-08-05,24.7,24.9,24.6,24.8,1137465
2021-08-09,24.7,25.0,24.5,24.8,1488539
2021-08-10,24.9,25.1,24.7,25.0,1671049
2021-08-11,25.0,25.1,24.9,25.0,932316
2021-08-12,25.1,25.2,24.9,25.2,904548
2021-08-16,25.3,25.4,24.9,25.1,1539899
2021-08-17,25.2,26.4,25.2,25.9,1735084
2021-08-18,26.0,26.3,25.6,25.7,1067039
2021-08-19,25.4,25.6,25.1,25.4,1055479
2021-08-22,25.5,25.7,25.3,25.4,1109812
2021-08-23,25.6,25.8,25.4,25.5,1159150
2021-08-24,25.5,25.7,25.4,25.6,811820
2021-08-25,25.5,25.8,25.3,25.4,1140149
2021-08-26,25.6,25.6,25.2,25.3,383835
2021-08-29,25.1,25.3,25.0,25.1,572280
2021-08-31,25.1,25.4,25.0,25.2,491327
2021-09-01,25.2,25.5,25.0,25.3,361048
2021-09-02,25.3,25.4,24.9,25.3,2702402
2021-09-05,25.5,25.7,25.3,25.3,565249
2021-09-06,25.4,25.4,25.0,25.1,1589269
2021-09-07,25.1,25.3,25.0,25.3,667079
2021-09-08,25.2,25.4,25.1,25.2,424957
2021-09-09,25.4,25.6,25.3,25.4,704714
2021-09-12,25.5,25.6,25.2,25.2,2244038
2021-09-13,25.2,26.0,25.2,25.8,1614738
2021-09-14,25.8,26.1,25.7,26.0,1451082
2021-09-15,26.0,26.3,25.6,25.9,2759128
2021-09-16,26.0,26.0,25.6,25.8,626874
2021-09-19,25.8,25.8,25.7,25.8,556817
2021-09-20,25.8,25.9,25.7,25.8,518521
2021-09-21,25.8,25.9,25.7,25.8,602213
2021-09-22,25.8,25.9,25.7,25.8,563343
2021-09-23,25.7,25.9,25.7,25.8,642788
2021-09-26,25.7,25.9,25.7,25.7,346941
2021-09-27,25.6,26.0,25.5,26.0,1273982
2021-09-28,25.9,26.1,25.7,25.9,442880
2021-09-29,25.8,25.9,25.6,25.6,697576
2021-09-30,25.7,25.8,25.6,25.6,497088
2021-10-03,25.5,25.8,25.5,25.6,407489
2021-10-04,25.5,25.8,25.5,25.6,569117
2021-10-05,25.5,25.7,25.5,25.6,720148
2021-10-06,25.5,25.6,25.4,25.5,569671
2021-10-07,25.5,25.9,25.4,25.5,757094
2021-10-10,25.5,25.9,25.5,25.8,562848
2021-10-11,25.8,25.9,25.5,25.5,485791
2021-10-12,25.6,25.7,25.4,25.5,602019
2021-10-13,25.5,25.6,25.2,25.3,542881
2021-10-14,25.3,25.3,25.1,25.1,442699
2021-10-17,25.0,25.5,25.0,25.2,539655
2021-10-18,25.2,25.5,25.0,25.4,1285800
2021-10-19,25.5,25.5,25.1,25.1,731536
2021-10-21,25.2,25.3,24.8,24.9,513603
2021-10-24,25.0,25.2,24.8,25.1,586224
2021-10-25,25.0,25.3,24.9,25.2,717885
2021-10-26,25.1,25.1,24.9,24.9,445783
2021-10-27,24.9,25.4,24.9,25.3,721984
2021-10-28,25.3,25.8,25.1,25.5,943283
2021-10-31,25.6,25.6,25.1,25.2,548020
2021-11-01,25.1,25.2,24.8,25.0,587551
2021-11-02,25.1,25.1,24.6,24.8,1070603
2021-11-03,24.9,24.9,24.7,24.8,586748
2021-11-04,24.7,24.7,24.1,24.4,643277
2021-11-07,24.9,24.9,24.2,24.4,682944
2021-11-08,24.6,24.6,24.3,24.4,422269
2021-11-09,24.4,24.5,24.3,24.4,311206
2021-11-10,24.5,24.8,24.5,24.6,363757
2021-11-11,24.9,24.9,24.7,24.7,1021757
2021-11-14,24.8,25.0,24.8,24.9,545231
2021-11-15,24.9,25.1,24.8,24.9,835872
2021-11-16,25.0,26.3,24.9,25.9,2227294
2021-11-17,26.0,26.2,25.3,25.6,720013
2021-11-18,25.6,26.1,25.3,26.0,1618119
2021-11-21,26.4,27.3,26.2,26.8,4365336
2021-11-22,26.9,26.9,25.5,25.6,1523368
2021-11-23,25.5,25.9,25.3,25.4,1505871
2021-11-24,25.5,25.7,25.0,25.0,1539055
2021-11-25,25.0,25.5,24.9,25.3,1562637
2021-11-28,25.0,25.4,24.9,25.2,745627
2021-11-29,25.0,25.4,25.0,25.3,592205
2021-11-30,25.5,25.8,25.3,25.6,1020470
2021-12-01,26.4,26.4,25.6,25.8,601658
2021-12-02,25.5,27.4,25.5,27.0,5844395
2021-12-05,27.1,27.7,26.5,27.0,1338344
2021-12-06,26.8,27.0,26.5,26.7,1185075
2021-12-07,27.0,27.0,26.3,26.4,1230744
2021-12-08,26.3,26.7,26.1,26.2,996477
2021-12-09,26.3,26.5,25.9,26.1,983361
2021-12-12,26.1,26.2,25.8,26.0,893484
2021-12-13,25.9,26.1,25.8,26.0,845555
2021-12-14,26.0,26.1,25.9,26.0,721400
2021-12-15,25.9,26.1,25.9,25.9,393274
2021-12-19,26.0,26.0,25.5,25.6,1097408
2021-12-20,25.6,25.7,25.4,25.5,487570
2021-12-21,25.6,25.7,25.4,25.5,392394
2021-12-22,25.4,25.6,25.3,25.4,420336
2021-12-23,25.4,25.5,25.3,25.5,476979
2021-12-26,25.3,25.3,25.1,25.1,407361
2021-12-27,25.1,25.3,25.0,25.2,295946
2021-12-28,25.2,25.5,25.2,25.4,280834
2021-12-29,25.5,25.6,25.3,25.5,519426
2021-12-30,25.4,25.5,25.3,25.5,263144
2022-01-02,25.3,26.1,25.3,25.7,179559
2022-01-03,25.7,26.0,25.6,25.6,210223
2022-01-04,25.5,25.6,25.4,25.5,347894
2022-01-05,25.6,25.7,25.5,25.6,306346
2022-01-06,25.8,26.0,25.7,25.9,361210
2022-01-09,26.5,26.5,25.8,26.1,593024
2022-01-10,26.1,26.3,26.0,26.2,586341
2022-01-11,26.1,26.4,26.1,26.2,365155
2022-01-12,26.4,26.5,26.2,26.2,233446
2022-01-13,26.4,26.4,26.1,26.2,230437
2022-01-16,26.3,26.3,25.9,26.1,351032
2022-01-17,26.1,26.3,26.0,26.0,369607
2022-01-18,26.3,26.4,26.1,26.3,441736
2022-01-19,26.3,26.4,26.1,26.2,279658
2022-01-20,26.3,26.9,26.2,26.7,883967
2022-01-23,26.6,27.0,26.6,26.9,862160
2022-01-24,26.9,27.0,26.7,26.9,816713
2022-01-25,26.8,27.0,26.8,26.9,563336
2022-01-26,26.8,26.9,26.8,26.8,545760
2022-01-27,26.7,27.0,26.7,26.9,416914
2022-01-30,26.8,27.0,26.8,27.0,438423
2022-01-31,26.7,27.0,26.7,26.9,441859
2022-02-01,27.0,27.0,26.9,27.0,625036
2022-02-02,26.9,27.1,26.9,27.0,445987
2022-02-03,27.0,27.1,26.9,27.1,435216
2022-02-06,27.2,27.7,26.9,27.3,434687
2022-02-07,27.3,27.5,27.0,27.2,362248
2022-02-08,27.1,27.2,26.8,26.9,1151831
2022-02-09,27.0,27.0,26.6,26.7,1256947
2022-02-10,26.9,27.0,26.7,26.8,961787
2022-02-13,27.0,27.2,26.7,27.0,281170
2022-02-14,26.9,27.1,26.8,27.0,341590
2022-02-15,26.8,27.2,26.8,26.9,312812
2022-02-16,26.9,27.1,26.9,26.9,354959
2022-02-17,26.8,27.0,26.8,26.8,620889
2022-02-20,26.8,27.0,26.6,26.6,363664
2022-02-22,26.7,26.9,26.7,26.8,436797
2022-02-23,26.7,26.9,26.7,26.8,345692
2022-02-24,26.8,26.9,26.6,26.6,557443
2022-02-27,26.6,26.8,26.2,26.2,633430
2022-02-28,26.2,26.9,26.2,26.7,188636
2022-03-01,26.7,26.7,26.5,26.5,202193
2022-03-02,26.4,26.8,26.3,26.5,372336
2022-03-03,26.4,26.7,26.4,26.5,325309
2022-03-06,26.6,26.7,26.3,26.6,336770
2022-03-07,26.4,26.5,26.3,26.4,432876
2022-03-08,26.2,26.5,26.2,26.5,568382
2022-03-09,26.5,26.7,26.1,26.6,892761
2022-03-10,26.6,27.3,26.6,27.2,714187
2022-03-13,27.5,27.9,27.1,27.5,855676
2022-03-14,27.8,27.8,27.5,27.7,974409
2022-03-15,27.6,27.9,27.4,27.8,713397
2022-03-16,29.0,29.5,28.7,28.8,5447980
2022-03-20,29.0,29.1,28.6,28.7,2924198
2022-03-21,28.7,28.8,28.3,28.5,1684586
2022-03-22,28.4,28.9,28.2,28.7,2364758
2022-03-23,28.8,28.9,28.5,28.6,831433
2022-03-24,28.6,28.7,28.4,28.5,1353265
2022-03-27,28.6,28.8,28.4,28.6,2089323
2022-03-28,28.6,28.9,28.6,28.7,1940048
2022-03-29,28.9,28.9,28.5,28.7,2410514
2022-03-30,28.7,28.8,28.6,28.7,854743
2022-03-31,28.7,28.8,28.5,28.7,1114122
2022-04-03,28.7,29.0,28.6,29.0,2025876
2022-04-04,29.0,29.0,28.8,28.9,1690144
2022-04-05,29.0,29.0,28.8,28.9,2443322
2022-04-07,24.9,24.9,24.9,24.9,65804
2022-04-10,24.5,24.5,24.5,24.5,10556
2022-04-11,24.1,24.1,24.1,24.1,66666
2022-04-12,23.7,23.7,23.7,23.7,1510391
2022-04-13,23.3,23.4,23.3,23.3,1278675
2022-04-17,23.4,23.5,23.1,23.1,708316
2022-04-18,23.1,23.4,22.7,22.9,574565
2022-04-19,23.0,23.0,22.8,22.9,1150247
2022-04-20,23.0,23.5,23.0,23.3,229250
2022-04-21,23.4,24.2,23.4,24.0,489295
2022-04-24,24.0,24.4,23.8,24.2,1022810
2022-04-25,24.0,24.4,24.0,24.2,303464
2022-04-26,24.0,24.5,24.0,24.3,370850
2022-04-27,24.3,24.3,24.1,24.1,90757
2022-04-28,24.1,24.8,23.8,24.1,613381
2022-05-05,24.0,24.1,23.9,24.0,158238
2022-05-08,23.9,24.0,23.6,23.8,108078
2022-05-09,23.8,24.0,23.6,23.6,278265
2022-05-10,23.6,23.6,23.3,23.4,657003
2022-05-11,23.5,23.6,23.1,23.3,706327
2022-05-12,23.2,23.3,23.0,23.1,523515
2022-05-16,23.0,23.1,22.8,23.0,894635
2022-05-17,23.4,23.4,22.7,22.9,426557
2022-05-18,22.9,23.0,22.6,22.7,442340
2022-05-19,22.7,23.0,22.6,22.8,519794
2022-05-22,22.6,22.7,22.5,22.6,297587
2022-05-23,22.7,23.0,22.6,22.7,403840
2022-05-24,22.7,23.0,22.6,22.6,224871
2022-05-25,22.5,22.8,22.5,22.7,169066
2022-05-26,22.7,22.9,22.6,22.9,170643
2022-05-29,22.9,23.0,22.8,23.0,451425
2022-05-30,23.1,23.4,22.8,23.3,312139
2022-05-31,23.3,23.3,23.1,23.2,188987
2022-06-01,23.4,23.4,23.1,23.3,336211
2022-06-02,23.3,23.4,22.9,23.1,644122
2022-06-05,23.0,23.3,22.9,23.1,120482
2022-06-06,23.3,23.4,23.0,23.3,142363
2022-06-07,23.3,23.4,23.0,23.1,124523
2022-06-08,23.0,23.3,23.0,23.1,122804
2022-06-09,23.3,23.4,23.0,23.4,263436
2022-06-12,23.3,23.4,23.0,23.1,466594
2022-06-13,23.0,23.2,23.0,23.1,291482
2022-06-14,23.3,23.3,22.9,23.0,498343
2022-06-15,23.1,23.2,23.0,23.1,204020
2022-06-16,23.3,23.3,23.0,23.2,143959
2022-06-19,23.3,23.4,23.2,23.3,553984
2022-06-20,23.3,23.4,23.1,23.3,405754
2022-06-21,23.2,23.4,23.1,23.3,386481
2022-06-22,23.4,23.5,23.3,23.3,481396
2022-06-23,23.5,23.5,23.2,23.4,396643
2022-06-26,23.5,23.5,23.2,23.2,223633
2022-06-27,23.3,23.3,23.0,23.2,273028
2022-06-28,23.1,23.4,23.1,23.2,237872
2022-06-29,23.3,23.5,23.1,23.3,448756
2022-06-30,23.2,23.5,23.2,23.2,499955
2022-07-03,23.2,23.4,23.1,23.3,250459
2022-07-04,23.3,23.5,23.2,23.3,159478
2022-07-05,23.3,23.4,23.2,23.3,561873
2022-07-06,23.5,23.5,23.3,23.4,126832
2022-07-07,23.3,23.4,23.3,23.3,182817
2022-07-12,23.3,23.5,23.2,23.4,147032
2022-07-13,23.4,23.6,23.3,23.6,330502
2022-07-14,23.5,23.7,23.5,23.6,323458
2022-07-17,23.5,23.8,23.5,23.6,291123
2022-07-18,23.6,23.7,23.2,23.2,870427
2022-07-19,23.1,23.4,23.1,23.3,436112
2022-07-20,23.5,23.5,23.2,23.5,354183
2022-07-21,23.5,23.5,23.2,23.4,426944
2022-07-24,23.4,23.4,23.1,23.2,307803
2022-07-25,23.2,23.5,23.1,23.4,380815
2022-07-26,23.4,23.5,23.3,23.4,250695
2022-07-27,23.4,23.7,23.2,23.3,623552
2022-07-28,23.2,23.5,23.2,23.4,301013
2022-07-31,23.4,23.7,23.4,23.6,180970
2022-08-01,23.7,23.8,23.6,23.6,343543
2022-08-02,23.6,23.8,23.6,23.7,376975
2022-08-03,23.8,25.9,23.8,24.3,1036166
2022-08-04,25.0,25.0,24.1,24.2,362319
2022-08-07,24.4,24.5,24.0,24.0,485456
2022-08-08,24.3,24.3,24.0,24.1,346678
2022-08-10,23.9,24.3,23.9,23.9,367701
2022-08-11,23.9,24.1,23.8,24.0,419168
2022-08-14,24.0,24.2,23.9,24.1,261763
2022-08-16,24.1,24.1,23.7,23.8,750515
2022-08-17,23.9,24.0,23.8,23.8,310102
2022-08-21,24.0,24.0,23.8,23.8,285115
2022-08-22,23.8,24.0,23.8,23.9,279888
2022-08-23,24.1,24.1,23.8,23.9,260550
2022-08-24,23.9,24.0,23.8,23.9,201757
2022-08-25,23.9,24.0,23.9,24.0,213627
2022-08-28,24.1,24.4,24.1,24.3,528598
2022-08-29,24.3,24.6,24.2,24.6,750576
2022-08-30,24.6,24.7,24.2,24.2,425715
2022-08-31,24.1,24.4,24.0,24.4,370754
2022-09-01,24.5,24.5,24.2,24.4,468163
2022-09-04,24.4,24.6,24.3,24.3,291023
2022-09-05,24.3,24.5,24.3,24.3,223728
2022-09-06,24.3,24.5,24.3,24.3,559554
2022-09-07,24.3,24.6,24.2,24.4,521507
2022-09-08,24.6,24.7,24.3,24.6,376060
2022-09-11,24.4,24.5,24.3,24.4,66993
2022-09-12,24.6,24.6,24.3,24.5,467415
2022-09-13,24.3,24.6,24.3,24.5,435839
2022-09-14,24.5,24.7,24.5,24.5,375164
2022-09-15,24.5,24.7,24.5,24.5,295447
2022-09-18,24.4,24.6,24.3,24.3,662354
2022-09-19,24.3,24.3,24.1,24.2,222738
2022-09-20,24.1,24.2,23.9,24.0,1213749
2022-09-21,24.0,24.2,24.0,24.0,581773
2022-09-22,24.0,24.7,23.9,24.2,811262
2022-09-25,24.0,24.2,23.9,23.9,521911
2022-09-26,24.0,24.1,23.9,23.9,279333
2022-09-27,23.9,24.0,23.8,23.8,197598
2022-09-28,23.8,24.0,23.8,23.9,112823
2022-09-29,24.0,24.0,23.8,23.9,149869
2022-10-02,23.9,24.0,23.8,23.8,157969
2022-10-03,23.9,23.9,23.8,23.9,94310
2022-10-04,23.9,24.0,23.6,23.7,444133
2022-10-06,23.9,23.9,23.6,23.8,63269
2022-10-10,23.7,23.9,23.6,23.7,177869
2022-10-11,23.7,23.7,23.5,23.5,141660
2022-10-12,23.5,23.7,23.5,23.7,78887
2022-10-13,23.5,23.8,23.5,23.6,89705
2022-10-16,23.9,23.9,23.5,23.5,154040
2022-10-17,23.5,23.7,23.3,23.3,152928
2022-10-18,23.4,23.5,23.3,23.3,361874
2022-10-19,23.4,23.4,23.3,23.3,285213
2022-10-20,23.3,23.5,23.3,23.3,67665
2022-10-23,23.3,23.4,23.3,23.3,176074
2022-10-24,23.3,23.3,23.3,23.3,35530
2022-10-25,23.3,23.3,23.3,23.3,84107
2022-10-26,23.3,23.3,23.3,23.3,16029
2022-10-27,23.3,23.5,23.3,23.3,124480
2022-10-31,23.3,23.5,23.3,23.3,164777
2022-11-01,23.3,23.4,23.3,23.3,182659
2022-11-02,23.3,23.5,23.3,23.3,385067
2022-11-03,23.3,23.3,23.3,23.3,292962
2022-11-06,23.3,23.3,23.3,23.3,61720
2022-11-07,23.3,23.3,23.3,23.3,54079
2022-11-08,23.3,23.3,23.3,23.3,165247
2022-11-09,23.3,23.3,23.3,23.3,22945
2022-11-10,23.3,23.3,23.3,23.3,64766
2022-11-13,23.3,23.3,23.3,23.3,371959
2022-11-14,23.3,23.3,23.3,23.3,104434
2022-11-15,23.3,23.3,23.3,23.3,103132
2022-11-16,23.3,23.3,23.3,23.3,26510
2022-11-17,23.3,23.3,23.3,23.3,5346
2022-11-20,23.3,23.3,23.3,23.3,7485
2022-11-21,23.3,23.3,23.3,23.3,24173
2022-11-22,23.3,23.3,23.3,23.3,1597
2022-11-23,23.3,23.3,23.3,23.3,41930
2022-11-24,23.3,23.3,23.3,23.3,78220
2022-11-27,23.3,23.5,23.3,23.4,356320
2022-11-28,23.4,23.5,23.3,23.3,210594
2022-11-29,23.3,23.3,23.3,23.3,21903
2022-11-30,23.3,23.3,23.3,23.3,20468
2022-12-01,23.3,23.3,23.3,23.3,94473
2022-12-04,23.3,23.3,23.3,23.3,47019
2022-12-05,23.3,23.3,23.3,23.3,15647
2022-12-06,23.3,23.3,23.3,23.3,4861
2022-12-07,23.3,23.3,23.3,23.3,249364
2022-12-08,23.3,23.3,23.3,23.3,63242
2022-12-11,23.3,23.3,23.3,23.3,3151
2022-12-12,23.3,23.3,23.3,23.3,52284
2022-12-13,23.3,23.3,23.3,23.3,28777
2022-12-14,23.3,23.3,23.3,23.3,4399
2022-12-15,23.3,23.3,23.3,23.3,74080
2022-12-18,23.3,23.3,23.3,23.3,91711
2022-12-19,23.3,23.3,23.3,23.3,26819
2022-12-20,23.3,23.3,23.3,23.3,13639
2022-12-21,23.3,23.3,23.3,23.3,15692
2022-12-22,23.3,23.3,23.3,23.3,3367
2022-12-26,23.3,23.3,23.3,23.3,3075
2022-12-27,23.3,23.3,23.3,23.3,220392
2022-12-28,23.3,23.3,23.3,23.3,14846
2022-12-29,23.3,23.3,23.3,23.3,31685
2023-01-01,23.3,23.3,23.3,23.3,38331
2023-01-02,23.3,23.4,23.3,23.3,380655
2023-01-03,23.3,23.4,23.3,23.3,263268
2023-01-04,23.3,23.5,23.3,23.3,447705
2023-01-05,23.3,23.4,23.3,23.3,106813
2023-01-08,23.5,23.5,23.3,23.3,80519
2023-01-09,23.3,23.3,23.3,23.3,85454
2023-01-10,23.3,23.3,23.3,23.3,97903
2023-01-11,23.3,23.3,23.3,23.3,24253
2023-01-12,23.3,23.3,23.3,23.3,28682
2023-01-15,23.3,23.3,23.3,23.3,12329
2023-01-16,23.3,23.4,23.3,23.3,228576
2023-01-17,23.3,23.5,23.3,23.4,313837
2023-01-18,23.4,23.7,23.4,23.4,126880
2023-01-19,23.3,23.7,23.3,23.6,122007
2023-01-22,23.4,23.7,23.4,23.6,79925
2023-01-23,23.6,23.7,23.5,23.6,64717
2023-01-24,23.6,23.8,23.4,23.4,325332
2023-01-25,23.4,23.7,23.4,23.5,190580
2023-01-26,23.5,23.5,23.3,23.4,232614
2023-01-29,23.3,23.6,23.3,23.5,30009
2023-01-30,23.5,23.5,23.4,23.5,42116
2023-01-31,23.4,23.5,23.3,23.4,99550
2023-02-01,23.4,23.4,23.3,23.3,126258
2023-02-02,23.4,23.5,23.3,23.4,69957
2023-02-05,23.4,23.6,23.3,23.6,195604
2023-02-06,23.6,23.6,23.4,23.5,62496
2023-02-07,23.4,23.5,23.4,23.4,153832
2023-02-08,23.5,23.5,23.4,23.5,167246
2023-02-09,23.5,23.6,23.4,23.4,97954
2023-02-12,23.4,23.6,23.3,23.4,300073
2023-02-13,23.3,23.4,23.3,23.4,115466
2023-02-14,23.4,23.5,23.3,23.4,207295
2023-02-15,23.3,23.4,23.3,23.3,317288
2023-02-16,23.3,23.3,23.3,23.3,71521
2023-02-19,23.3,23.4,23.3,23.4,38284
2023-02-20,23.3,23.4,23.3,23.3,119929
2023-02-22,23.3,23.4,23.3,23.3,66932
2023-02-23,23.3,23.4,23.3,23.3,69958
2023-02-26,23.3,23.4,23.3,23.3,67339
2023-02-27,23.4,23.4,23.3,23.3,84578
2023-02-28,23.3,23.4,23.3,23.4,59072
2023-03-01,23.3,23.4,23.3,23.3,65395
2023-03-02,23.3,23.4,23.3,23.3,128925
2023-03-05,23.3,23.5,23.3,23.5,140030
2023-03-06,23.5,23.6,23.4,23.5,95615
2023-03-07,23.4,23.6,23.3,23.3,123275
2023-03-09,23.3,23.5,23.3,23.4,71100
2023-03-12,23.5,23.5,23.3,23.4,76860
2023-03-13,23.4,23.5,23.4,23.5,120639
2023-03-14,23.4,23.5,23.3,23.3,383570
2023-03-15,23.3,23.4,23.3,23.4,97237
2023-03-16,23.3,23.4,23.3,23.3,96438
2023-03-19,23.5,23.5,23.3,23.4,92933
2023-03-20,23.3,23.5,23.3,23.4,83523
2023-03-21,23.5,23.5,23.3,23.4,348166
2023-03-22,23.4,23.4,23.3,23.4,144402
2023-03-23,23.3,23.5,23.3,23.4,139571
2023-03-27,23.4,23.4,23.3,23.4,132910
2023-03-28,23.3,23.5,23.3,23.4,243515
2023-03-29,23.3,23.4,23.3,23.3,251429
2023-03-30,23.3,23.4,23.3,23.3,117423
2023-04-02,23.3,23.6,23.3,23.4,232163
2023-04-03,23.4,23.7,23.4,23.6,309738
2023-04-04,23.8,25.5,23.8,24.4,750123
2023-04-05,24.5,24.6,24.4,24.5,391341
2023-04-06,24.5,25.0,24.3,24.8,442636
2023-04-09,25.0,25.4,24.9,25.3,956741
2023-04-10,25.4,25.4,25.0,25.1,498723
2023-04-11,25.1,25.1,24.6,24.7,277555
2023-04-12,24.8,25.0,24.8,25.0,396392
2023-04-13,25.0,25.0,24.8,25.0,419583
2023-04-16,25.0,25.1,24.9,25.0,783576
2023-04-17,25.1,25.1,24.9,24.9,1070181
2023-04-18,25.0,25.0,24.9,25.0,745023
2023-04-24,25.0,25.7,25.0,25.4,1652185
2023-04-25,25.3,25.4,25.0,25.1,1294718
2023-04-27,22.0,22.0,22.0,22.0,128399
2023-04-30,22.0,22.0,22.0,22.0,38343
2023-05-02,22.0,22.0,22.0,22.0,46649
2023-05-03,22.0,22.0,22.0,22.0,38106
2023-05-07,22.0,22.0,22.0,22.0,12621
2023-05-08,22.0,22.0,22.0,22.0,7739
2023-05-09,22.0,22.0,22.0,22.0,61221
2023-05-10,22.0,22.0,22.0,22.0,3437
2023-05-11,22.0,22.0,22.0,22.0,513625
2023-05-14,22.0,22.0,22.0,22.0,16468
2023-05-15,22.0,22.0,22.0,22.0,2005348
2023-05-16,22.0,22.2,22.0,22.0,1753459
2023-05-17,22.0,22.1,22.0,22.0,776692
2023-05-18,22.0,22.1,22.0,22.0,408666
2023-05-21,22.0,22.1,22.0,22.0,806328
2023-05-22,22.0,22.1,22.0,22.0,405993
2023-05-23,22.0,22.1,22.0,22.0,376101
2023-05-24,22.0,22.1,22.0,22.0,346000
2023-05-25,22.0,22.2,22.0,22.0,625678
2023-05-28,22.0,22.1,22.0,22.0,778678
2023-05-29,22.0,22.1,22.0,22.0,1797886
2023-05-30,22.0,22.1,22.0,22.0,900324
2023-05-31,22.1,22.1,22.0,22.0,171377
2023-06-01,22.0,22.0,22.0,22.0,602779
2023-06-04,22.0,22.1,22.0,22.0,907037
2023-06-05,22.0,22.1,22.0,22.0,1073187
2023-06-06,22.0,22.0,22.0,22.0,810892
2023-06-07,22.0,22.0,22.0,22.0,296046
2023-06-08,22.0,22.0,22.0,22.0,941685
2023-06-11,22.0,22.1,22.0,22.0,548718
2023-06-12,22.0,22.1,22.0,22.0,645655
2023-06-13,22.0,22.1,22.0,22.0,492179
2023-06-14,22.0,22.1,22.0,22.0,859429
2023-06-15,22.0,22.1,22.0,22.1,348185
2023-06-18,22.0,22.1,22.0,22.0,524782
2023-06-19,22.0,22.1,22.0,22.0,627878
2023-06-20,22.0,22.1,22.0,22.0,325011
2023-06-21,22.0,22.2,22.0,22.0,216326
2023-06-22,22.2,22.2,22.0,22.0,331835
2023-06-25,22.0,22.3,22.0,22.2,176843
2023-06-26,22.2,22.9,22.1,22.4,371270
2023-07-02,22.4,22.5,22.1,22.3,102279
2023-07-03,22.2,22.3,22.2,22.3,288798
2023-07-04,22.4,22.4,22.0,22.1,211387
2023-07-05,22.1,22.2,22.0,22.0,286032
2023-07-06,22.1,22.2,22.0,22.1,475955
2023-07-09,22.0,22.2,22.0,22.0,357042
2023-07-10,22.0,22.0,22.0,22.0,237122
2023-07-11,22.0,22.0,22.0,22.0,95511
2023-07-12,22.0,22.0,22.0,22.0,104676
2023-07-13,22.0,22.0,22.0,22.0,136930
2023-07-16,22.0,22.0,22.0,22.0,235217
2023-07-17,22.0,22.0,22.0,22.0,247757
2023-07-18,22.0,22.0,22.0,22.0,145749
2023-07-19,22.0,22.0,22.0,22.0,169096
2023-07-20,22.0,22.0,22.0,22.0,116602
2023-07-23,22.0,22.0,22.0,22.0,109262
2023-07-24,22.0,22.0,22.0,22.0,64583
2023-07-25,22.0,22.0,22.0,22.0,12963
2023-07-26,22.0,22.0,22.0,22.0,7907
2023-07-27,22.0,22.0,22.0,22.0,15416
2023-07-30,22.0,22.0,22.0,22.0,11670
2023-07-31,22.0,22.0,22.0,22.0,31318
2023-08-01,22.0,22.0,22.0,22.0,14398
2023-08-02,22.0,22.0,22.0,22.0,908
2023-08-03,22.0,22.0,22.0,22.0,30211
2023-08-06,22.0,22.0,22.0,22.0,27169
2023-08-07,22.0,22.0,22.0,22.0,9953
2023-08-08,22.0,22.0,22.0,22.0,138584
2023-08-09,22.0,22.0,22.0,22.0,182470
2023-08-10,22.0,22.0,22.0,22.0,122075
2023-08-13,22.0,22.0,22.0,22.0,32856
2023-08-14,22.0,22.0,22.0,22.0,142056
2023-08-16,22.0,22.0,22.0,22.0,6480
2023-08-17,22.0,22.0,22.0,22.0,4513
2023-08-20,22.0,22.0,22.0,22.0,132904
2023-08-21,22.0,22.0,22.0,22.0,105730
2023-08-22,22.0,22.0,22.0,22.0,11838
2023-08-23,22.0,22.0,22.0,22.0,5775
2023-08-24,22.0,22.0,22.0,22.0,1381293
2023-08-27,22.0,22.0,22.0,22.0,1224788
2023-08-28,22.0,22.0,22.0,22.0,51691
2023-08-29,22.0,22.0,22.0,22.0,43163
2023-08-30,22.0,22.0,22.0,22.0,56272
2023-08-31,22.0,22.0,22.0,22.0,16453
2023-09-03,22.0,22.0,22.0,22.0,21715
2023-09-04,22.0,22.0,22.0,22.0,71154
2023-09-05,22.0,22.0,22.0,22.0,114382
2023-09-07,22.0,22.0,22.0,22.0,51647
2023-09-10,22.0,22.0,22.0,22.0,14030
2023-09-11,22.0,22.0,22.0,22.0,72179
2023-09-12,22.0,22.0,22.0,22.0,4344
2023-09-13,22.0,22.0,22.0,22.0,36722
2023-09-14,22.0,22.0,22.0,22.0,13242
2023-09-17,22.0,22.0,22.0,22.0,11849
2023-09-18,22.0,22.0,22.0,22.0,517766
2023-09-19,22.0,22.0,22.0,22.0,67041
2023-09-20,22.0,22.0,22.0,22.0,42495
2023-09-21,22.0,22.0,22.0,22.0,6060
2023-09-24,22.0,22.0,22.0,22.0,1589
2023-09-25,22.0,22.0,22.0,22.0,6429
2023-09-26,22.0,22.0,22.0,22.0,7705
2023-09-27,22.0,22.0,22.0,22.0,13172
2023-10-01,22.0,22.0,22.0,22.0,7270
2023-10-02,22.0,22.0,22.0,22.0,3352
2023-10-03,22.0,22.0,22.0,22.0,10540
2023-10-04,22.0,22.0,22.0,22.0,4190
2023-10-05,22.0,22.0,22.0,22.0,1877
2023-10-08,22.0,22.0,22.0,22.0,37958
2023-10-09,22.0,22.0,22.0,22.0,10791
2023-10-10,22.0,22.0,22.0,22.0,3550
2023-10-11,22.0,22.0,22.0,22.0,1279
2023-10-12,22.0,22.0,22.0,22.0,5745
2023-10-15,22.0,22.0,22.0,22.0,13542
2023-10-16,22.0,22.0,22.0,22.0,14284
2023-10-17,22.0,22.0,22.0,22.0,26615
2023-10-18,22.0,22.0,22.0,22.0,1660
2023-10-19,22.0,22.0,22.0,22.0,6837
2023-10-22,22.0,22.0,22.0,22.0,5667
2023-10-23,22.0,22.0,22.0,22.0,28431
2023-10-25,22.0,22.0,22.0,22.0,4279
2023-10-26,22.0,22.0,22.0,22.0,6190
2023-10-29,22.0,22.0,22.0,22.0,5114
2023-10-30,22.0,22.0,22.0,22.0,11478
2023-10-31,22.0,22.0,22.0,22.0,5308
2023-11-01,22.0,22.0,22.0,22.0,224178
2023-11-02,22.0,22.0,22.0,22.0,207664
2023-11-05,22.0,22.0,22.0,22.0,458418
2023-11-06,22.0,22.0,22.0,22.0,63804
2023-11-07,22.0,22.0,22.0,22.0,10539
2023-11-08,22.0,22.0,22.0,22.0,60625
2023-11-09,22.0,22.0,22.0,22.0,6242
2023-11-12,22.0,22.0,22.0,22.0,77422
2023-11-13,22.0,22.0,22.0,22.0,16268
2023-11-14,22.0,22.0,22.0,22.0,15006
2023-11-15,22.0,22.0,22.0,22.0,52511
2023-11-16,22.0,22.0,22.0,22.0,37481
2023-11-19,22.0,22.0,22.0,22.0,58832
2023-11-20,22.0,22.0,22.0,22.0,8525
2023-11-21,22.0,22.0,22.0,22.0,4140
2023-11-22,22.0,22.0,22.0,22.0,8433
2023-11-23,22.0,22.0,22.0,22.0,6098
2023-11-26,22.0,22.0,22.0,22.0,1370
2023-11-27,22.0,22.0,22.0,22.0,2013
2023-11-28,22.0,22.0,22.0,22.0,6055
2023-11-29,22.0,22.0,22.0,22.0,22785
2023-11-30,22.0,22.0,22.0,22.0,40566
2023-12-03,22.0,22.0,22.0,22.0,18438
2023-12-04,22.0,22.0,22.0,22.0,1623
2023-12-05,22.0,22.0,22.0,22.0,52087
2023-12-06,22.0,22.2,22.0,22.0,347801
2023-12-07,22.0,22.0,22.0,22.0,250204
2023-12-10,22.0,22.0,22.0,22.0,149194
2023-12-11,22.0,22.0,22.0,22.0,97794
2023-12-12,22.0,22.0,22.0,22.0,14489
2023-12-13,22.0,22.0,22.0,22.0,15312
2023-12-14,22.0,22.0,22.0,22.0,809476
2023-12-17,22.0,22.7,22.0,22.5,905769
2023-12-18,22.3,22.5,22.2,22.4,331392
2023-12-19,22.2,22.7,22.2,22.4,1527066
2023-12-20,22.5,22.9,22.4,22.6,845381
2023-12-21,22.5,22.6,22.2,22.2,750202
2023-12-24,22.5,22.6,22.1,22.2,780779
2023-12-26,22.2,22.5,22.2,22.3,568056
2023-12-27,22.3,22.4,22.1,22.1,770593
2023-12-28,22.1,22.4,22.1,22.3,573683
2024-01-01,22.3,22.4,22.2,22.3,222488
2024-01-02,22.6,22.8,22.3,22.4,376038
2024-01-03,22.3,22.5,22.2,22.4,562975
2024-01-04,22.3,22.5,22.2,22.3,739232
2024-01-08,22.3,23.8,22.3,23.2,3237250
2024-01-09,23.5,23.6,23.2,23.4,1482725
2024-01-10,23.4,23.6,22.8,23.2,1750981
2024-01-11,23.1,23.4,22.9,23.0,2316009
2024-01-14,23.1,23.4,22.9,23.0,1757845
2024-01-15,23.0,23.4,23.0,23.3,1480348
2024-01-16,23.4,23.4,23.1,23.2,1222514
2024-01-17,23.2,23.2,23.1,23.2,1097316
2024-01-18,23.2,23.3,23.1,23.1,758030
2024-01-21,23.0,23.2,22.7,23.2,1191900
2024-01-22,23.3,23.5,23.2,23.4,1659256
2024-01-23,23.3,24.5,23.3,24.1,2955159
2024-01-24,24.3,24.3,23.8,23.9,867551
2024-01-25,23.4,24.1,23.4,23.7,556752
2024-01-28,23.5,23.9,23.4,23.4,537118
2024-01-29,23.3,23.6,23.2,23.3,416058
2024-01-30,23.3,23.7,23.2,23.5,772023
2024-01-31,23.7,23.7,23.4,23.4,761886
2024-02-01,23.4,23.6,23.4,23.5,916119
2024-02-04,23.5,23.9,23.4,23.5,941037
2024-02-05,23.6,24.2,23.5,23.8,1201528
2024-02-06,23.8,24.0,23.7,23.8,1150057
2024-02-07,23.8,23.8,23.4,23.5,1576918
2024-02-08,23.6,23.9,23.6,23.8,1492492
2024-02-11,24.0,25.5,23.7,25.2,5426709
2024-02-12,25.4,25.8,24.5,25.3,5584579
2024-02-13,25.7,27.8,25.3,26.9,16324060
2024-02-14,27.3,27.3,26.1,26.4,3948148
2024-02-15,26.6,26.8,25.5,25.7,5059801
2024-02-18,26.1,26.2,24.5,24.6,4000211
2024-02-19,24.7,25.1,24.3,24.4,2716821
2024-02-20,24.8,25.3,24.6,25.1,1876740
