regime,variant,footprint,outcome,horizon,door_outcome,placebo,n_guarded_rows,n_population,n_occurrences,n_no_outcome,unmeasurable_share,n_measured,n_dates,n_hit,n_failed,n_distinct_doors,n_symbols_hit,top3_symbol_share,hit_rate,fail_share,base_sameday,lift_sameday,t_sameday,base_volmatched,excess_volmatched,lift_volmatched,t_volmatched,t_volmatched_nw,base_shockmatched,lift_shockmatched,t_shockmatched_nw,within_parent,within_parent_t_nw,within_parent_dates,within_parent_diff,within_parent_test,ref_moved_used,lift_vm_vs_ref_volume,lift_vm_vs_ref_moved,p_volmatched_nw,fdr10_volmatched_nw,eligible
DISCOVERY,fresh_both,PLACEBO_F01_quiet_volume,limit_up,1,True,True,362402.0,315269.0,5850.0,44.0,0.007521367521367521,5806.0,1223.0,40.0,5766.0,40.0,37.0,0.15,0.006889424733034792,0.9931105752669652,0.005564634350999605,1.238073213525199,0.5826974160027154,0.007202361676400688,-0.00031293694336589645,0.9565507874463917,-1.1203100728576643,-1.1088343186046652,0.006959323640343276,0.9899560774982098,-0.6480006278134886,,,,,,"MAX(F16u,F16d)",0.40384965725639793,0.2643568063452667,,False,True
DISCOVERY,fresh_both,PLACEBO_F02_quiet_volume_persistent,limit_up,1,True,True,362402.0,315269.0,23764.0,204.0,0.008584413398417775,23560.0,1381.0,126.0,23434.0,126.0,97.0,0.1111111111111111,0.005348047538200339,0.9946519524617997,0.005751610144489932,0.9298348469121803,0.4409165716833163,0.006846105735847651,-0.0014980581976473117,0.781180972738536,-1.5159885929720365,-1.502108409613884,0.006604777107728534,0.8097241513180451,-1.0131675661640482,,,,,,"MAX(F16u,F16d)",0.3298096371211841,0.2158907920426774,,False,True
DISCOVERY,fresh_both,PLACEBO_F03_dip_recovered,limit_up,1,True,True,362402.0,315269.0,2717.0,24.0,0.008833271991166729,2693.0,1016.0,10.0,2683.0,10.0,10.0,0.3,0.003713330857779428,0.9962866691422205,0.005353225425420789,0.6936623367560768,-0.2627470930950857,0.005803394847854217,-0.002090063990074789,0.6398549392434357,-0.30858685893251425,-0.31680469192972477,0.005885817981993251,0.6308946129730462,-0.658985320675209,,,,,,"MAX(F16u,F16d)",0.2701426848407218,0.17683327480624658,,False,False
DISCOVERY,fresh_both,PLACEBO_F04_dip_recovered_persistent,limit_up,1,True,True,362402.0,315269.0,1321.0,14.0,0.010598031794095382,1307.0,728.0,4.0,1303.0,4.0,4.0,0.75,0.00306044376434583,0.9969395562356542,0.005416477034707712,0.5650247835881353,-0.9508308390100815,0.005625410320865765,-0.0025649665565199353,0.5440392059925008,-1.039022878417461,-1.0411436018752127,0.0057117603980649115,0.5358144514224858,-0.7552016756304338,,,,,,"MAX(F16u,F16d)",0.2296898918045453,0.15035319494821114,,False,False
DISCOVERY,fresh_both,PLACEBO_F05_departure_calm,limit_up,1,True,True,362402.0,315269.0,14069.0,171.0,0.012154381974553983,13898.0,1365.0,85.0,13813.0,85.0,69.0,0.11764705882352941,0.006115987911929774,0.9938840120880702,0.005341120317265786,1.1450758546215742,0.14154530813207108,0.005659585712341553,0.0004564021995882208,1.0806423336946676,-0.37225059704613717,-0.39934490885305307,0.0058687230079743965,1.042132658777624,-0.6537605165895825,,,,,,"MAX(F16u,F16d)",0.4562403186603448,0.29865132085632046,,False,True
DISCOVERY,fresh_both,PLACEBO_F06_departure_any,limit_up,1,True,True,362402.0,315269.0,30493.0,362.0,0.011871577083265012,30131.0,1366.0,180.0,29951.0,180.0,118.0,0.08888888888888889,0.0059739139092628854,0.9940260860907371,0.005379378172179807,1.1105212755180147,1.1898740552251725,0.006262704141012087,-0.00028879023174920113,0.953887294490247,-0.6092602523496088,-0.5524348638567296,0.00652457626633113,0.9156018207787936,-1.175346362241472,,,,,,"MAX(F16u,F16d)",0.40272514747441823,0.2636207110946536,,False,True
DISCOVERY,fresh_both,PLACEBO_F07_idio_activity,limit_up,1,True,True,362402.0,315269.0,5242.0,45.0,0.008584509729111026,5197.0,913.0,38.0,5159.0,38.0,33.0,0.18421052631578946,0.007311910717721763,0.9926880892822783,0.005284121865364182,1.3837513410977749,0.12046654933198758,0.007745913561484709,-0.00043400284376294597,0.9439700894777662,-2.528071026824758,-2.228051931729031,0.007832845804271628,0.933493509311038,-2.3277067400924443,,,,,,"MAX(F16u,F16d)",0.3985381666075437,0.2608799463810836,,False,True
DISCOVERY,fresh_both,PLACEBO_F08u_idio_move_up,limit_up,1,True,True,362402.0,315269.0,8958.0,137.0,0.015293592319714222,8821.0,1093.0,63.0,8758.0,63.0,54.0,0.09523809523809523,0.007142047386917583,0.9928579526130824,0.005103210559370919,1.3995204202975304,1.8829985552613526,0.0064700315968529674,0.0006720157900646159,1.1038659209008324,0.5373327260826729,0.43274289736373406,0.006956682172077251,1.0266456351253692,-0.07680135440283128,,,,,,"MAX(F16u,F16d)",0.46604516943937296,0.3050694989878675,,False,True
DISCOVERY,fresh_both,PLACEBO_F08d_idio_move_down,limit_up,1,True,True,362402.0,315269.0,2884.0,56.0,0.019417475728155338,2828.0,909.0,15.0,2813.0,15.0,14.0,0.26666666666666666,0.005304101838755304,0.9946958981612447,0.005320141152867629,0.9969851713231933,-0.17619696566328832,0.005931927242084396,-0.0006278254033290917,0.8941616480264712,-0.6464777415590083,-0.5772217804951292,0.006063489146264336,0.8747606717533446,-1.0758780083100534,,,,,,"MAX(F16u,F16d)",0.37750935948870773,0.24711465478977068,,False,False
DISCOVERY,fresh_both,PLACEBO_F09_idio_quiet_volume,limit_up,1,True,True,362402.0,315269.0,1869.0,17.0,0.00909577314071696,1852.0,736.0,16.0,1836.0,16.0,15.0,0.25,0.008639308855291577,0.9913606911447084,0.005105390395145036,1.6921935810250899,0.540977127010148,0.007265433603104208,0.0013738752521873692,1.1890974891850048,-0.7260810994162993,-0.7109903831121666,0.0063499697746458,1.3605275555462744,-0.3603758436835424,,,,,,"MAX(F16u,F16d)",0.5020293953589166,0.32862448999002075,,False,False
DISCOVERY,fresh_both,PLACEBO_F10_coil_then_volume,limit_up,1,True,True,362402.0,315269.0,249.0,0.0,0.0,249.0,211.0,0.0,249.0,0.0,0.0,,0.0,1.0,0.00448746662334626,0.0,-10.187051110463436,0.004439800591727488,-0.004439800591727488,0.0,-4.2491713455347355,-3.6850446074417773,0.005285878779854683,0.0,-2.6722872879160606,,,,,,"MAX(F16u,F16d)",0.0,0.0,,False,False
DISCOVERY,fresh_both,PLACEBO_F11_closing_strength,limit_up,1,True,True,362402.0,315269.0,941.0,9.0,0.009564293304994687,932.0,603.0,10.0,922.0,10.0,10.0,0.3,0.01072961373390558,0.9892703862660944,0.005588076837243994,1.9200905868712717,1.0900143011369123,0.006384409344442878,0.004345204389462702,1.6805961452401008,0.6888371535727247,0.6776282172603534,0.006958700574580403,1.5418990397575132,0.27125961552089367,,,,,,"MAX(F16u,F16d)",0.7095370012224003,0.46445733519061877,,False,False
DISCOVERY,fresh_both,PLACEBO_F12_closing_strength_10s,limit_up,1,True,True,362402.0,315269.0,1206.0,9.0,0.007462686567164179,1197.0,658.0,12.0,1185.0,12.0,12.0,0.25,0.010025062656641603,0.9899749373433584,0.004959346464377068,2.02144833571349,1.7193210319828478,0.00647104193413738,0.0035540207225042237,1.5492192383664396,1.1258674653235163,1.124839395726801,0.005667017007869138,1.7690193346377725,1.2838389183290342,,,,,,"MAX(F16u,F16d)",0.6540705069090418,0.42814940467147006,,False,False
DISCOVERY,fresh_both,PLACEBO_F13_volume_price_divergence,limit_up,1,True,True,362402.0,315269.0,718.0,10.0,0.013927576601671309,708.0,506.0,5.0,703.0,5.0,5.0,0.6,0.007062146892655367,0.9929378531073446,0.006034476683614052,1.170299806084567,-0.14770254404798203,0.006630819617528924,0.0004313272751264429,1.065048862735793,-0.2389432212606647,-0.23688851521932908,0.005583856272415594,1.2647436732106752,-0.11094008597318451,,,,,,"MAX(F16u,F16d)",0.44965685442109554,0.29434183699344013,,False,False
DISCOVERY,fresh_both,PLACEBO_F14_volume_no_range,limit_up,1,True,True,362402.0,315269.0,961.0,6.0,0.006243496357960458,955.0,595.0,8.0,947.0,8.0,8.0,0.375,0.008376963350785341,0.9916230366492147,0.005586005403032919,1.499633950629026,1.1401452147925601,0.007471720619185906,0.0009052427315994352,1.1211558592374224,0.5663303952916635,0.6201150328955435,0.0080241500791239,1.0439689273234483,0.5137097837814101,,,,,,"MAX(F16u,F16d)",0.4733448714132292,0.3098478264332607,,False,False
DISCOVERY,fresh_both,PLACEBO_F15_REF_abnormal_volume,limit_up,1,True,True,362402.0,315269.0,16099.0,112.0,0.006956953848065097,15987.0,1366.0,112.0,15875.0,112.0,80.0,0.09821428571428571,0.007005692124851442,0.9929943078751485,0.005523372575205143,1.2683721819347382,1.2196452488022398,0.007578960725913278,-0.0005732686010618366,0.9243605262260075,-2.060686555446528,-1.9330888250979164,0.007658235146975998,0.9147919841058647,-2.0563366958236093,,,,,,"MAX(F16u,F16d)",0.39025913375105337,0.2554605566496722,,False,True
DISCOVERY,fresh_both,PLACEBO_F16u_REF_moved_up,limit_up,1,True,True,362402.0,315269.0,14502.0,193.0,0.013308509171148807,14309.0,1353.0,94.0,14215.0,94.0,75.0,0.11702127659574468,0.006569292053952058,0.9934307079460479,0.005255125707345969,1.2500732465389093,1.980578114952771,0.006538390117965252,3.0901935986806135e-05,1.0047262300702888,0.8250227387097822,0.7624050501618899,0.006902986283096703,0.9516594390515073,-0.020113923670931604,,,,,,"MAX(F16u,F16d)",0.4241890226588089,0.2776707948166178,,False,True
DISCOVERY,fresh_both,PLACEBO_F16d_REF_moved_down,limit_up,1,True,True,362402.0,315269.0,7691.0,139.0,0.018073072422311792,7552.0,1241.0,31.0,7521.0,31.0,28.0,0.1935483870967742,0.0041048728813559325,0.995895127118644,0.00509057783153257,0.8063667853046299,-1.605355975066133,0.005649830316019419,-0.0015449574346634862,0.7265479937896641,-1.9727908469368731,-2.0120306634056404,0.005781385974790137,0.7100153664286251,-1.8570747305609285,,,,,,"MAX(F16u,F16d)",0.3067439409626992,0.20079216892136048,,False,True
DISCOVERY,fresh_both,PLACEBO_F17_abnormal_volume_persistent,limit_up,1,True,True,362402.0,315269.0,7647.0,53.0,0.006930822544788806,7594.0,1250.0,67.0,7527.0,67.0,54.0,0.11940298507462686,0.008822754806426126,0.9911772451935739,0.005570755586582136,1.5837626816148311,2.7376357202357764,0.00850437099775328,0.0003183838086728459,1.0374376669076357,0.1752795684747002,0.17127750047614237,0.008840614547422554,0.9979798077497186,0.42831604748117225,,,,,,"MAX(F16u,F16d)",0.43799958319411897,0.28671107901979254,,False,True
DISCOVERY,fresh_both,PLACEBO_F18_quiet_volume_repeat,limit_up,1,True,True,362402.0,315269.0,2772.0,17.0,0.006132756132756133,2755.0,964.0,21.0,2734.0,21.0,19.0,0.23809523809523808,0.007622504537205082,0.992377495462795,0.0055892805696554455,1.3637720350966342,0.9200564939596378,0.008103222826072558,-0.0004807182888674757,0.9406756670542566,-0.5039451876617199,-0.4695155219864765,0.00791208589756684,0.9634001243021375,-0.23426830167224372,,,,,,"MAX(F16u,F16d)",0.39714728241817004,0.25996948454041524,,False,False
DISCOVERY,fresh_both,PLACEBO_F01_quiet_volume,limit_up,3,True,True,362402.0,315269.0,5850.0,122.0,0.020854700854700856,5728.0,1211.0,104.0,5624.0,82.0,68.0,0.09615384615384616,0.018156424581005588,0.9818435754189944,0.016288787298671045,1.1146578470262742,0.7409759658412615,0.02084028895496472,-0.002683864373959132,0.8712175066401964,-1.6433282863240544,-1.3525299453558728,0.019947218939628447,0.9102233567474838,-0.981220872600758,,,,,,"MAX(F16u,F16d)",0.4912850748896811,0.4394777503920431,,False,True
DISCOVERY,fresh_both,PLACEBO_F02_quiet_volume_persistent,limit_up,3,True,True,362402.0,315269.0,23764.0,523.0,0.022008079447904394,23241.0,1378.0,340.0,22901.0,206.0,135.0,0.08529411764705883,0.01462931887612409,0.9853706811238759,0.01662711602696522,0.8798470433717321,0.33842333466698304,0.019563710633178938,-0.004934391757054847,0.7477783305235357,-2.6733673388940242,-2.1418162156723612,0.018982659116446046,0.7706675227312941,-1.6978665620880944,,,,,,"MAX(F16u,F16d)",0.42167694096149155,0.3772099802697407,,False,True
DISCOVERY,fresh_both,PLACEBO_F03_dip_recovered,limit_up,3,True,True,362402.0,315269.0,2717.0,81.0,0.02981229297018771,2636.0,1001.0,36.0,2600.0,34.0,31.0,0.19444444444444445,0.013657056145675266,0.9863429438543247,0.015644726180948296,0.8729495158762473,-0.06390190800011382,0.016739559518340073,-0.0030825033726648073,0.8158551681549578,-0.2776418045355965,-0.2825503351123857,0.016662936402068777,0.8196068097565133,-0.37511020895238645,,,,,,"MAX(F16u,F16d)",0.4600659012602638,0.411550722079946,,False,True
DISCOVERY,fresh_both,PLACEBO_F04_dip_recovered_persistent,limit_up,3,True,True,362402.0,315269.0,1321.0,41.0,0.031037093111279335,1280.0,717.0,12.0,1268.0,6.0,6.0,0.6666666666666666,0.009375,0.990625,0.01550622307559193,0.6045959711979779,-2.6330693281196713,0.016258142787648262,-0.006883142787648263,0.5766341286608968,-2.7534076416534226,-1.9124445804520007,0.016840826593239277,0.5566828889363173,-1.8408910515928365,,,,,,"MAX(F16u,F16d)",0.32516764059943437,0.2908778436288078,,False,False
DISCOVERY,fresh_both,PLACEBO_F05_departure_calm,limit_up,3,True,True,362402.0,315269.0,14069.0,462.0,0.0328381548084441,13607.0,1363.0,230.0,13377.0,196.0,125.0,0.08260869565217391,0.0169030645991034,0.9830969354008966,0.016079070623944976,1.0512463683026139,0.5948059213126097,0.017076287160997787,-0.00017322256189438584,0.9898559587185892,-0.40767086712033057,-0.3843273848932121,0.01711318426306853,0.9877217669876563,-0.5528751022198207,,,,,,"MAX(F16u,F16d)",0.5581860500995379,0.4993238389198981,,False,True
DISCOVERY,fresh_both,PLACEBO_F06_departure_any,limit_up,3,True,True,362402.0,315269.0,30493.0,973.0,0.031908962712753744,29520.0,1364.0,505.0,29015.0,352.0,173.0,0.06732673267326733,0.017107046070460704,0.9828929539295393,0.01595801375822202,1.0720034667000253,1.8294256829392226,0.01842517839389676,-0.0013181323234360554,0.928460268049688,-1.2668463531887406,-0.9985851697540207,0.018674924826917072,0.9160436376056246,-1.3423308190794867,,,,,,"MAX(F16u,F16d)",0.5235646309266198,0.4683533409520723,,False,True
DISCOVERY,fresh_both,PLACEBO_F07_idio_activity,limit_up,3,True,True,362402.0,315269.0,5242.0,126.0,0.024036627241510875,5116.0,911.0,108.0,5008.0,73.0,62.0,0.1388888888888889,0.02111024237685692,0.9788897576231431,0.0149651857893093,1.4106234746472355,1.6971744005420406,0.02094551939338508,0.00016472298347183778,1.0078643542028305,-1.1629905569501644,-1.0286750481844364,0.02062731850404743,1.0234118590215557,-0.8053656746080424,,,,,,"MAX(F16u,F16d)",0.5683410984734365,0.5084080102953169,,False,True
DISCOVERY,fresh_both,PLACEBO_F08u_idio_move_up,limit_up,3,True,True,362402.0,315269.0,8958.0,300.0,0.033489618218352314,8658.0,1082.0,180.0,8478.0,161.0,102.0,0.07777777777777778,0.02079002079002079,0.9792099792099792,0.015444155725449495,1.346141618849528,2.5527217736302923,0.01934492555693084,0.0014450952330899505,1.0747015142982654,0.4356008470897515,0.3783473576838575,0.01964620984625748,1.058220438075042,0.2414371097539654,,,,,,"MAX(F16u,F16d)",0.6060309967509975,0.5421234080432475,,False,True
DISCOVERY,fresh_both,PLACEBO_F08d_idio_move_down,limit_up,3,True,True,362402.0,315269.0,2884.0,133.0,0.04611650485436893,2751.0,893.0,31.0,2720.0,31.0,29.0,0.16129032258064516,0.011268629589240277,0.9887313704107598,0.015762034989674607,0.7149222544311143,-1.647086060723727,0.01883112106474363,-0.007562491475503353,0.5984046064223894,-2.887611469386656,-2.6485136871838657,0.018550246861286025,0.6074652091427242,-2.68421637220238,,,,,,"MAX(F16u,F16d)",0.3374441510183832,0.3018597632053299,,False,True
DISCOVERY,fresh_both,PLACEBO_F09_idio_quiet_volume,limit_up,3,True,True,362402.0,315269.0,1869.0,54.0,0.028892455858747994,1815.0,726.0,46.0,1769.0,32.0,31.0,0.1956521739130435,0.02534435261707989,0.9746556473829201,0.015041910271731736,1.684915822474326,1.451058409415532,0.020390787786962544,0.004953564830117347,1.2429315081825605,-0.19147606291836447,-0.1579477784939539,0.018539292444570952,1.3670614826781986,0.034607095273653285,,,,,,"MAX(F16u,F16d)",0.7008969567600744,0.6269854989645574,,False,True
DISCOVERY,fresh_both,PLACEBO_F10_coil_then_volume,limit_up,3,True,True,362402.0,315269.0,249.0,4.0,0.01606425702811245,245.0,208.0,6.0,239.0,6.0,6.0,0.5,0.024489795918367346,0.9755102040816327,0.014691868365550748,1.6668945915545104,1.036045942714699,0.016844782648588533,0.007645013269778813,1.4538505143857945,0.9062009226787184,0.8383461091420666,0.01640555380888356,1.492774715420225,0.7996277858045499,,,,,,"MAX(F16u,F16d)",0.8198355214335772,0.733381674035227,,False,False
DISCOVERY,fresh_both,PLACEBO_F11_closing_strength,limit_up,3,True,True,362402.0,315269.0,941.0,38.0,0.040382571732199786,903.0,588.0,18.0,885.0,18.0,17.0,0.2222222222222222,0.019933554817275746,0.9800664451827242,0.01667089176485139,1.195710169464557,0.856333970234399,0.01699417228359521,0.0029393825336805346,1.1729641482167374,0.6986072579695592,0.6557241761728732,0.015550184404005003,1.2818854297407425,0.6666172712243856,,,,,,"MAX(F16u,F16d)",0.6614419189323753,0.5916911003507915,,False,False
DISCOVERY,fresh_both,PLACEBO_F12_closing_strength_10s,limit_up,3,True,True,362402.0,315269.0,1206.0,33.0,0.02736318407960199,1173.0,646.0,26.0,1147.0,14.0,14.0,0.34615384615384615,0.02216538789428815,0.9778346121057119,0.0148604244160876,1.4915716586325987,2.4685384458263213,0.018082960770416365,0.004082427123871784,1.2257609899010904,1.6102083231952802,1.07194603160629,0.017633403822662135,1.2570113017999163,1.1477244331729952,,,,,,"MAX(F16u,F16d)",0.6912143926523601,0.6183239871263633,,False,False
DISCOVERY,fresh_both,PLACEBO_F13_volume_price_divergence,limit_up,3,True,True,362402.0,315269.0,718.0,27.0,0.037604456824512536,691.0,493.0,13.0,678.0,9.0,9.0,0.5384615384615384,0.01881331403762663,0.9811866859623734,0.017221147326597824,1.092454160041342,0.11823311226601671,0.017581275883926793,0.0012320381536998354,1.0700767203605623,-0.011823813701886681,-0.010254739652292927,0.014806748164201132,1.270590532708075,0.17285390490837674,,,,,,"MAX(F16u,F16d)",0.6034230461316441,0.5397904727885294,,False,False
DISCOVERY,fresh_both,PLACEBO_F14_volume_no_range,limit_up,3,True,True,362402.0,315269.0,961.0,30.0,0.031217481789802288,931.0,584.0,16.0,915.0,13.0,13.0,0.375,0.017185821697099892,0.9828141783029001,0.016316708299701443,1.0532652408460565,1.1636075340690295,0.021036699651147725,-0.003850877954047833,0.8169447671019187,0.36635404166139107,0.28412308223012794,0.019601412256368973,0.8767644633113516,0.40443265091760155,,,,,,"MAX(F16u,F16d)",0.4606803330137323,0.4121003603624531,,False,False
DISCOVERY,fresh_both,PLACEBO_F15_REF_abnormal_volume,limit_up,3,True,True,362402.0,315269.0,16099.0,318.0,0.019752779675756258,15781.0,1363.0,300.0,15481.0,177.0,119.0,0.07666666666666666,0.019010202141816108,0.9809897978581839,0.01608977680237481,1.181508132481381,2.3808300235456996,0.021398943281052966,-0.002388741139236858,0.8883710701101818,-1.708339746360885,-1.344223015333617,0.021318320373688422,0.8917307653035814,-1.1789401928357355,,,,,,"MAX(F16u,F16d)",0.5009580780717178,0.44813070952973144,,False,True
DISCOVERY,fresh_both,PLACEBO_F16u_REF_moved_up,limit_up,3,True,True,362402.0,315269.0,14502.0,466.0,0.032133498827747894,14036.0,1350.0,270.0,13766.0,221.0,125.0,0.07777777777777778,0.019236249643773153,0.9807637503562269,0.015964806601308862,1.2049159206348348,2.349547034974774,0.019561636434313717,-0.000325386790540564,0.9833660751423745,0.2759433334841048,0.25943762489557515,0.019546792674671718,0.984112839581045,0.028306629512674972,,,,,,"MAX(F16u,F16d)",0.5545263636096948,0.49605007615383495,,False,True
DISCOVERY,fresh_both,PLACEBO_F16d_REF_moved_down,limit_up,3,True,True,362402.0,315269.0,7691.0,352.0,0.04576778052268886,7339.0,1228.0,86.0,7253.0,83.0,70.0,0.09302325581395349,0.011718217740836626,0.9882817822591634,0.014968903595427711,0.7828374113128757,-0.7553655690013219,0.01731787199463911,-0.005599654253802483,0.6766545996219453,-1.6540073503672135,-1.5959400943953956,0.01740661126522509,0.6732050002315654,-1.8200604731765437,,,,,,"MAX(F16u,F16d)",0.3815698182325493,0.341332260850784,,False,True
DISCOVERY,fresh_both,PLACEBO_F17_abnormal_volume_persistent,limit_up,3,True,True,362402.0,315269.0,7647.0,133.0,0.017392441480319078,7514.0,1247.0,175.0,7339.0,98.0,79.0,0.09714285714285714,0.02328985892999734,0.9767101410700026,0.016049728411746306,1.4511061079982015,3.6870751275592943,0.02375854081954797,-0.00046868188955062964,0.9802731197546859,0.007636052871315651,0.005553750033918883,0.024288412394396806,0.9588876601654777,-0.18533349657590803,,,,,,"MAX(F16u,F16d)",0.5527822264594543,0.4944898629286825,,False,True
DISCOVERY,fresh_both,PLACEBO_F18_quiet_volume_repeat,limit_up,3,True,True,362402.0,315269.0,2772.0,46.0,0.016594516594516596,2726.0,956.0,61.0,2665.0,48.0,44.0,0.14754098360655737,0.022377109317681585,0.9776228906823184,0.016572963133729805,1.3502177695754964,1.7897894162276489,0.02342114755655774,-0.0010440382388761556,0.9554232670984633,-0.3090147254537232,-0.2503580361473282,0.022960174035872104,0.9746053876908964,-0.11691901731495065,,,,,,"MAX(F16u,F16d)",0.538769237016335,0.4819545806832114,,False,True
DISCOVERY,fresh_both,PLACEBO_F01_quiet_volume,limit_up,5,True,True,362402.0,315269.0,5850.0,195.0,0.03333333333333333,5655.0,1206.0,165.0,5490.0,106.0,83.0,0.09090909090909091,0.029177718832891247,0.9708222811671088,0.026597755121295082,1.0969993031303065,0.7705031585512326,0.0335468107482877,-0.004369091915396452,0.8697613329571289,-2.1105971700527317,-1.664916164610163,0.032034120783030445,0.9108325160697923,-0.9466381734664187,,,,,,"MAX(F16u,F16d)",0.5603817671822482,0.5039622450860176,,False,True
DISCOVERY,fresh_both,PLACEBO_F02_quiet_volume_persistent,limit_up,5,True,True,362402.0,315269.0,23764.0,836.0,0.03517926275037873,22928.0,1374.0,579.0,22349.0,289.0,165.0,0.06735751295336788,0.025252965806001396,0.9747470341939986,0.027198175034182585,0.9284801562701741,1.0209795466999512,0.031783493449716614,-0.006530527643715218,0.794530841801676,-2.6403633746155486,-1.7764635003763904,0.03112189071392212,0.8114213252058202,-1.5158827887239217,,,,,,"MAX(F16u,F16d)",0.5119112339655696,0.46037174987197643,,False,True
DISCOVERY,fresh_both,PLACEBO_F03_dip_recovered,limit_up,5,True,True,362402.0,315269.0,2717.0,130.0,0.04784688995215311,2587.0,994.0,45.0,2542.0,41.0,38.0,0.13333333333333333,0.017394665635871664,0.9826053343641283,0.025887246197956255,0.6719395915215168,-2.2518002699882875,0.02781122835478054,-0.010416562718908874,0.6254547772565987,-2.687867225938938,-2.5769452799838115,0.026800083138903936,0.6490526744158104,-2.459171677317288,,,,,,"MAX(F16u,F16d)",0.40297658689882027,0.36240469862500463,,False,True
DISCOVERY,fresh_both,PLACEBO_F04_dip_recovered_persistent,limit_up,5,True,True,362402.0,315269.0,1321.0,59.0,0.04466313398940197,1262.0,715.0,17.0,1245.0,6.0,6.0,0.7058823529411765,0.01347068145800317,0.9865293185419969,0.02523077792767267,0.5338987761938472,-4.753497716210326,0.026823359938260995,-0.013352678480257825,0.5021996308071948,-4.899078087730167,-3.0444545842780824,0.026476827981792087,0.5087724808752339,-2.723321666102599,,,,,,"MAX(F16u,F16d)",0.32356406973530055,0.2909874741872872,,False,False
DISCOVERY,fresh_both,PLACEBO_F05_departure_calm,limit_up,5,True,True,362402.0,315269.0,14069.0,699.0,0.04968370175563295,13370.0,1361.0,378.0,12992.0,282.0,159.0,0.07671957671957672,0.028272251308900525,0.9717277486910995,0.02617388172267345,1.080170362518653,0.7905739011564882,0.027784334311363224,0.0004879169975373007,1.0175608669284457,-0.5322520130859034,-0.48689221747490535,0.028077997239987062,1.0069183733887124,-0.7795660440537323,,,,,,"MAX(F16u,F16d)",0.6556080791567789,0.5896011234086568,,False,True
DISCOVERY,fresh_both,PLACEBO_F06_departure_any,limit_up,5,True,True,362402.0,315269.0,30493.0,1497.0,0.049093234512839014,28996.0,1362.0,800.0,28196.0,460.0,200.0,0.05625,0.027590012415505585,0.9724099875844944,0.025995982766658307,1.061318306876697,2.1352942874230165,0.02985821228322441,-0.002268199867718826,0.924034304324603,-1.5432196985634365,-1.1188832236835171,0.03029730544990426,0.9106424484225137,-1.5084933110101861,,,,,,"MAX(F16u,F16d)",0.5953495019535016,0.5354094104881034,,False,True
DISCOVERY,fresh_both,PLACEBO_F07_idio_activity,limit_up,5,True,True,362402.0,315269.0,5242.0,198.0,0.03777184280808851,5044.0,911.0,161.0,4883.0,97.0,80.0,0.13043478260869565,0.03191911181601903,0.968080888183981,0.024563743504921375,1.299440038918498,1.732147124128945,0.03366255245305183,-0.0017434406370328004,0.9482083053724365,-1.5861391653211727,-1.2259269603020069,0.03290805879266088,0.969948182514418,-0.7236482702135273,,,,,,"MAX(F16u,F16d)",0.6109246590842431,0.5494164528561025,,False,True
DISCOVERY,fresh_both,PLACEBO_F08u_idio_move_up,limit_up,5,True,True,362402.0,315269.0,8958.0,458.0,0.05112748381335119,8500.0,1076.0,277.0,8223.0,230.0,134.0,0.07220216606498195,0.03258823529411765,0.9674117647058823,0.025340649423225024,1.2860063193270066,2.8635161519439425,0.031169297012767976,0.0014189382813496708,1.0455235894723076,0.4237236122088851,0.34756259886108454,0.031154837678841377,1.046008829513169,0.19551969100839434,,,,,,"MAX(F16u,F16d)",0.6736242857649527,0.6058034491478451,,False,True
DISCOVERY,fresh_both,PLACEBO_F08d_idio_move_down,limit_up,5,True,True,362402.0,315269.0,2884.0,214.0,0.07420249653259361,2670.0,880.0,57.0,2613.0,56.0,51.0,0.10526315789473684,0.021348314606741574,0.9786516853932584,0.02641267115220312,0.8082603415505318,-0.8552429749881463,0.031027826237766783,-0.00967951163102521,0.6880377130885373,-2.272847952266459,-2.3217610814518057,0.030934206753135306,0.6901199949010438,-2.6057465373761795,,,,,,"MAX(F16u,F16d)",0.4432983796114467,0.398666872684532,,False,True
DISCOVERY,fresh_both,PLACEBO_F09_idio_quiet_volume,limit_up,5,True,True,362402.0,315269.0,1869.0,81.0,0.04333868378812199,1788.0,721.0,62.0,1726.0,40.0,39.0,0.1774193548387097,0.03467561521252797,0.9653243847874721,0.025410642919760966,1.3646099125481772,0.8179906820610459,0.03361523175533268,0.0010603834571952866,1.031544731415605,-1.2768490450999517,-1.0509379243725554,0.0313903214264752,1.104659450326045,-0.4087338985399963,,,,,,"MAX(F16u,F16d)",0.6646177952667243,0.5977037367059931,,False,True
DISCOVERY,fresh_both,PLACEBO_F10_coil_then_volume,limit_up,5,True,True,362402.0,315269.0,249.0,8.0,0.0321285140562249,241.0,206.0,8.0,233.0,8.0,8.0,0.375,0.03319502074688797,0.966804979253112,0.02296485969328501,1.4454702179867567,1.0004117752208233,0.02500483320190319,0.008190187544984778,1.3275441783135509,0.9094221956255589,0.8759061009567674,0.019704975934502034,1.6846009280714629,1.149451975442897,,,,,,"MAX(F16u,F16d)",0.8553283808634455,0.7692134832886928,,False,False
DISCOVERY,fresh_both,PLACEBO_F11_closing_strength,limit_up,5,True,True,362402.0,315269.0,941.0,61.0,0.06482465462274177,880.0,580.0,24.0,856.0,24.0,23.0,0.16666666666666666,0.02727272727272727,0.9727272727272728,0.02715521917031645,1.0043272750506567,0.12495179874268718,0.028566898060065633,-0.001294170787338362,0.9546968388161291,-0.21404293092258553,-0.20545900932914224,0.02730183326774236,0.9989339179266955,-0.16651144059649545,,,,,,"MAX(F16u,F16d)",0.6151051804523697,0.5531760772009574,,False,False
DISCOVERY,fresh_both,PLACEBO_F12_closing_strength_10s,limit_up,5,True,True,362402.0,315269.0,1206.0,58.0,0.04809286898839138,1148.0,633.0,46.0,1102.0,20.0,20.0,0.30434782608695654,0.04006968641114982,0.9599303135888502,0.02473612726726866,1.6198851978001763,3.349671303630007,0.02899826988347214,0.011071416527677683,1.3817957613391256,2.3381184582184438,1.3236392754610495,0.02638177344451326,1.5188397586472073,1.492703012861087,,,,,,"MAX(F16u,F16d)",0.8902823352602716,0.800648255731476,,False,False
DISCOVERY,fresh_both,PLACEBO_F13_volume_price_divergence,limit_up,5,True,True,362402.0,315269.0,718.0,40.0,0.055710306406685235,678.0,486.0,16.0,662.0,12.0,12.0,0.4375,0.02359882005899705,0.976401179941003,0.02855819112107005,0.8263415550008695,-1.0217528282961197,0.029753374049157753,-0.0061545539901607035,0.7931476954515374,-1.23612146505914,-1.0961852183296286,0.02829170234492983,0.8341251357476623,-1.081901904954631,,,,,,"MAX(F16u,F16d)",0.5110200814544237,0.45957031905011125,,False,False
DISCOVERY,fresh_both,PLACEBO_F14_volume_no_range,limit_up,5,True,True,362402.0,315269.0,961.0,53.0,0.055150884495317375,908.0,574.0,24.0,884.0,21.0,21.0,0.25,0.02643171806167401,0.973568281938326,0.02659550025634911,0.9938417328835166,0.896406239016648,0.03409212570412346,-0.007660407642449452,0.7753027279984797,-0.19692916970764485,-0.17845055723457634,0.032701555659379815,0.808270968420812,-0.06397756122143736,,,,,,"MAX(F16u,F16d)",0.4995226809403598,0.4492304826831005,,False,False
DISCOVERY,fresh_both,PLACEBO_F15_REF_abnormal_volume,limit_up,5,True,True,362402.0,315269.0,16099.0,499.0,0.030995714019504315,15600.0,1361.0,466.0,15134.0,224.0,140.0,0.06437768240343347,0.029871794871794873,0.9701282051282051,0.026238989167909153,1.1384506727998775,2.582817923803766,0.03430651140911254,-0.004434716537317668,0.8707325124250404,-2.145101908342777,-1.4770028898741032,0.03398028109724929,0.8790920471288567,-1.0679135559611126,,,,,,"MAX(F16u,F16d)",0.5610074920171624,0.5045249716254535,,False,True
DISCOVERY,fresh_both,PLACEBO_F16u_REF_moved_up,limit_up,5,True,True,362402.0,315269.0,14502.0,715.0,0.049303544338711904,13787.0,1346.0,420.0,13367.0,324.0,166.0,0.06190476190476191,0.0304634800899398,0.9695365199100602,0.025659527862917544,1.1872190420917603,3.3294600246058907,0.0309034879258469,-0.0004400078359070997,0.9857618713796028,1.1112397476822418,1.0532849916875446,0.030656060049066264,0.9937180459974885,0.8782494777997423,,,,,,"MAX(F16u,F16d)",0.6351201859324438,0.5711759617223013,,False,True
DISCOVERY,fresh_both,PLACEBO_F16d_REF_moved_down,limit_up,5,True,True,362402.0,315269.0,7691.0,540.0,0.07021193602912496,7151.0,1221.0,170.0,6981.0,155.0,108.0,0.06470588235294118,0.023772898895259405,0.9762271011047406,0.02561394560087946,0.9281232679139897,-0.4974667426412784,0.028835235781730955,-0.0050623368864715496,0.8244392060883068,-1.6482244509769848,-1.6274380289872707,0.028833395235959326,0.8244918331924793,-2.0208482729179544,,,,,,"MAX(F16u,F16d)",0.5311810053354802,0.4777014308334131,,False,True
DISCOVERY,fresh_both,PLACEBO_F17_abnormal_volume_persistent,limit_up,5,True,True,362402.0,315269.0,7647.0,201.0,0.02628481757551981,7446.0,1244.0,271.0,7175.0,123.0,96.0,0.08487084870848709,0.036395380069836156,0.9636046199301639,0.026258287783766095,1.3860530575926282,4.074821177131364,0.03817994783936855,-0.001784567769532397,0.9532590307079395,-0.3857455046067016,-0.2651119674301981,0.03889812196004382,0.9356590559107587,-0.27826838840064283,,,,,,"MAX(F16u,F16d)",0.6141788097136328,0.5523429739406153,,False,True
DISCOVERY,fresh_both,PLACEBO_F18_quiet_volume_repeat,limit_up,5,True,True,362402.0,315269.0,2772.0,77.0,0.027777777777777776,2695.0,952.0,98.0,2597.0,60.0,54.0,0.1326530612244898,0.03636363636363636,0.9636363636363636,0.02669834818269169,1.3620182085725663,2.2980892486197346,0.03743235205129694,-0.0010687156876605791,0.9714494112954478,-0.20685893120820575,-0.15134759797219818,0.037264395184048796,0.9758278964152353,-0.18641954487245635,,,,,,"MAX(F16u,F16d)",0.6258987577420054,0.5628829516247021,,False,True
DISCOVERY,fresh_both,PLACEBO_F01_quiet_volume,abn_up,1,True,True,362402.0,315269.0,5850.0,44.0,0.007521367521367521,5806.0,1223.0,64.0,5742.0,64.0,58.0,0.09375,0.011023079572855667,0.9889769204271444,0.014434576538655769,0.7636579807752504,-2.0442165217972987,0.012206235587382354,-0.0011831560145266866,0.9030695412966041,-0.6851570524122449,-0.7174425554728946,0.01212850564788722,0.9088571908919284,-0.4996391944486679,,,,,,"MAX(F16u,F16d)",0.36742458183061827,0.364065395512235,,False,True
DISCOVERY,fresh_both,PLACEBO_F02_quiet_volume_persistent,abn_up,1,True,True,362402.0,315269.0,23764.0,204.0,0.008584413398417775,23560.0,1381.0,257.0,23303.0,257.0,165.0,0.054474708171206226,0.010908319185059422,0.9890916808149406,0.014480485416214712,0.7533117068606477,-4.041858365850531,0.013436994266095634,-0.002528675081036212,0.8118124462241834,-2.831294433390444,-2.8355117132848835,0.012835812760614464,0.8498347076649964,-2.1536471691795023,,,,,,"MAX(F16u,F16d)",0.33029554750628537,0.32727581409955997,,False,True
DISCOVERY,fresh_both,PLACEBO_F03_dip_recovered,abn_up,1,True,True,362402.0,315269.0,2717.0,24.0,0.008833271991166729,2693.0,1016.0,30.0,2663.0,30.0,30.0,0.1,0.011139992573338284,0.9888600074266617,0.01428109510885367,0.7800517039083343,-1.4270616417760191,0.013265740979225909,-0.002125748405887624,0.8397565270408538,-1.189772991472235,-1.1791900424511617,0.012942461617949265,0.8607321313504052,-1.2852500150482102,,,,,,"MAX(F16u,F16d)",0.34166492908676094,0.3385412508898875,,False,True
DISCOVERY,fresh_both,PLACEBO_F04_dip_recovered_persistent,abn_up,1,True,True,362402.0,315269.0,1321.0,14.0,0.010598031794095382,1307.0,728.0,13.0,1294.0,13.0,12.0,0.3076923076923077,0.009946442234123947,0.990053557765876,0.014640512279448119,0.6793780193119638,-1.6789112370784407,0.013753376669296942,-0.0038069344351729945,0.7232000164969232,-1.53930265292027,-1.5040873713988177,0.014119824722237074,0.7044309989528031,-1.5801779094131887,,,,,,"MAX(F16u,F16d)",0.2942425267269696,0.29155240875733573,,False,False
DISCOVERY,fresh_both,PLACEBO_F05_departure_calm,abn_up,1,True,True,362402.0,315269.0,14069.0,171.0,0.012154381974553983,13898.0,1365.0,181.0,13717.0,181.0,133.0,0.049723756906077346,0.013023456612462224,0.9869765433875378,0.014201588638524831,0.9170422368898453,-1.8620918402041557,0.01326744848170046,-0.0002439918692382359,0.9816097368250746,-0.7431732091159065,-0.7303062080151096,0.013241507914544816,0.9835327438921757,-0.4139613944957347,,,,,,"MAX(F16u,F16d)",0.3993795943510386,0.3957282587150252,,False,True
DISCOVERY,fresh_both,PLACEBO_F06_departure_any,abn_up,1,True,True,362402.0,315269.0,30493.0,362.0,0.011871577083265012,30131.0,1366.0,343.0,29788.0,343.0,193.0,0.043731778425655975,0.011383624838206497,0.9886163751617935,0.013972021589078043,0.8147442920575717,-3.9518582787958088,0.012711700357933472,-0.0013280755197269747,0.895523377492287,-2.013597858627928,-1.9109751996732185,0.012543881195733278,0.9075041975109398,-1.754862452957159,,,,,,"MAX(F16u,F16d)",0.3643543353507673,0.36102321881997906,,False,True
DISCOVERY,fresh_both,PLACEBO_F07_idio_activity,abn_up,1,True,True,362402.0,315269.0,5242.0,45.0,0.008584509729111026,5197.0,913.0,50.0,5147.0,50.0,45.0,0.12,0.009620935154897056,0.990379064845103,0.013677770235996926,0.7033993837370393,-2.4934722521754686,0.011824648133704324,-0.002203712978807268,0.8136339488592539,-1.1175934696874228,-0.979901983561888,0.012143043976313172,0.7923001163187857,-1.2317920488081975,,,,,,"MAX(F16u,F16d)",0.33103664751396944,0.32801013858614536,,False,True
DISCOVERY,fresh_both,PLACEBO_F08u_idio_move_up,abn_up,1,True,True,362402.0,315269.0,8958.0,137.0,0.015293592319714222,8821.0,1093.0,86.0,8735.0,86.0,70.0,0.08139534883720931,0.009749461512300193,0.9902505384876998,0.01356189064611755,0.7188866041396105,-2.391841944600881,0.012129953667532282,-0.002380492155232089,0.8037509276227618,-1.3509873862818662,-1.0906812910824442,0.011959011833142416,0.8152397245131222,-0.8570749838814927,,,,,,"MAX(F16u,F16d)",0.3270156227988323,0.32402587616693757,,False,True
DISCOVERY,fresh_both,PLACEBO_F08d_idio_move_down,abn_up,1,True,True,362402.0,315269.0,2884.0,56.0,0.019417475728155338,2828.0,909.0,31.0,2797.0,31.0,30.0,0.12903225806451613,0.010961810466760962,0.9890381895332391,0.014074993345466693,0.7788146109704249,-0.4902442574974163,0.01286842868151179,-0.001906618214750827,0.8518375271807593,-0.0016661703010379936,-0.001819221829785006,0.013270552535931696,0.8260251739391014,0.08564358190388557,,,,,,"MAX(F16u,F16d)",0.34658022765626784,0.34341161124752195,,False,True
DISCOVERY,fresh_both,PLACEBO_F09_idio_quiet_volume,abn_up,1,True,True,362402.0,315269.0,1869.0,17.0,0.00909577314071696,1852.0,736.0,26.0,1826.0,26.0,26.0,0.11538461538461539,0.014038876889848811,0.9859611231101512,0.013842461468703627,1.014189342089863,-1.1824646175374518,0.011491244684760996,0.002547632205087816,1.2217020240171488,-0.27820220064843876,-0.2865319168094365,0.011207414345913264,1.252641907985496,0.013157101173808722,,,,,,"MAX(F16u,F16d)",0.4970639964798565,0.49251957931534085,,False,False
DISCOVERY,fresh_both,PLACEBO_F10_coil_then_volume,abn_up,1,True,True,362402.0,315269.0,249.0,0.0,0.0,249.0,211.0,6.0,243.0,6.0,6.0,0.5,0.024096385542168676,0.9759036144578314,0.01393329368857159,1.7294105816439576,0.46179407355992724,0.012803793185464783,0.011292592356703893,1.8819724118571013,0.6245277241936448,0.5651914093985887,0.011629652141700334,2.071978185466657,0.5598347372209221,,,,,,"MAX(F16u,F16d)",0.7657028554529057,0.7587024023444903,,False,False
DISCOVERY,fresh_both,PLACEBO_F11_closing_strength,abn_up,1,True,True,362402.0,315269.0,941.0,9.0,0.009564293304994687,932.0,603.0,13.0,919.0,13.0,13.0,0.23076923076923078,0.013948497854077254,0.9860515021459227,0.014099143507341037,0.9893152620806118,-0.4337767796320874,0.01302093958806277,0.0009275582660144832,1.0712358935191468,-0.2346620306709009,-0.22511713417850007,0.015216555899148679,0.9166658964435987,-0.9458343327169544,,,,,,"MAX(F16u,F16d)",0.4358450620016513,0.4318603401250791,,False,False
DISCOVERY,fresh_both,PLACEBO_F12_closing_strength_10s,abn_up,1,True,True,362402.0,315269.0,1206.0,9.0,0.007462686567164179,1197.0,658.0,11.0,1186.0,11.0,11.0,0.2727272727272727,0.009189640768588136,0.9908103592314119,0.012995389463099728,0.7071462378778277,-1.178337158342103,0.010982372918891136,-0.0017927321503029992,0.8367627685252553,-0.3917073519861344,-0.3942970557085153,0.01007505675425475,0.9121180150878359,0.03046123231106643,,,,,,"MAX(F16u,F16d)",0.34044688283407004,0.33733434064852935,,False,False
DISCOVERY,fresh_both,PLACEBO_F13_volume_price_divergence,abn_up,1,True,True,362402.0,315269.0,718.0,10.0,0.013927576601671309,708.0,506.0,10.0,698.0,10.0,10.0,0.3,0.014124293785310734,0.9858757062146892,0.015481652096501592,0.9123247116825741,-0.20595425627015454,0.01596275190529663,-0.0018384581199858956,0.8848282469781495,-0.1672269632376266,-0.1797086393693878,0.016757095882220508,0.8428843449118645,-0.3863585415338292,,,,,,"MAX(F16u,F16d)",0.3600028943187303,0.35671156092141465,,False,False
DISCOVERY,fresh_both,PLACEBO_F14_volume_no_range,abn_up,1,True,True,362402.0,315269.0,961.0,6.0,0.006243496357960458,955.0,595.0,12.0,943.0,12.0,12.0,0.25,0.012565445026178011,0.987434554973822,0.013878591653427646,0.9053832939219505,0.411385911556401,0.011860606468676914,0.0007048385575010967,1.0594268564059122,0.8071687339345549,0.7866924041613164,0.012846252317302518,0.9781409173517251,0.44923354224005346,,,,,,"MAX(F16u,F16d)",0.4310404148236247,0.42709961952644654,,False,False
DISCOVERY,fresh_both,PLACEBO_F15_REF_abnormal_volume,abn_up,1,True,True,362402.0,315269.0,16099.0,112.0,0.006956953848065097,15987.0,1366.0,158.0,15829.0,158.0,112.0,0.06962025316455696,0.009883029961843998,0.990116970038156,0.01444958384906327,0.6839664079657692,-4.006102378146363,0.012159671714308618,-0.0022766417524646195,0.8127711170207307,-1.9207799148856426,-1.8339108899276404,0.011905098963977685,0.8301510127507515,-1.907199160814395,,,,,,"MAX(F16u,F16d)",0.33068559412000337,0.32766229470459723,,False,True
DISCOVERY,fresh_both,PLACEBO_F16u_REF_moved_up,abn_up,1,True,True,362402.0,315269.0,14502.0,193.0,0.013308509171148807,14309.0,1353.0,155.0,14154.0,155.0,114.0,0.07096774193548387,0.010832343280452862,0.9891676567195471,0.014127590331992564,0.7667509480312812,-2.607603895332348,0.012866202919945072,-0.00203385963949221,0.8419223097795746,-1.4531928439754187,-1.4506521541083173,0.012363153415524814,0.8761796377007128,-0.966046139000543,,,,,,"MAX(F16u,F16d)",0.3425461035486611,0.3394143691972926,,False,True
DISCOVERY,fresh_both,PLACEBO_F16d_REF_moved_down,abn_up,1,True,True,362402.0,315269.0,7691.0,139.0,0.018073072422311792,7552.0,1241.0,71.0,7481.0,71.0,61.0,0.09859154929577464,0.009401483050847457,0.9905985169491526,0.012826170581892577,0.7329922045571463,-1.7301872499805204,0.012006941453394857,-0.0026054584025473997,0.7830039887626229,-1.1259675106961569,-1.210055150005544,0.012039046777097221,0.7809159001468955,-1.004917988711745,,,,,,"MAX(F16u,F16d)",0.3185744840090032,0.3156619106511259,,False,True
DISCOVERY,fresh_both,PLACEBO_F17_abnormal_volume_persistent,abn_up,1,True,True,362402.0,315269.0,7647.0,53.0,0.006930822544788806,7594.0,1250.0,72.0,7522.0,72.0,63.0,0.08333333333333333,0.00948116934421912,0.9905188306557808,0.014542835900220012,0.6519477637835193,-4.741730373429091,0.011317323053744466,-0.0018361537095253466,0.8377572416369404,-1.9515238660679708,-1.9151117922737777,0.011303127651463797,0.8388093664492299,-1.6658542768289188,,,,,,"MAX(F16u,F16d)",0.3408514960454492,0.337735254675828,,False,True
DISCOVERY,fresh_both,PLACEBO_F18_quiet_volume_repeat,abn_up,1,True,True,362402.0,315269.0,2772.0,17.0,0.006132756132756133,2755.0,964.0,23.0,2732.0,23.0,21.0,0.21739130434782608,0.008348457350272231,0.9916515426497278,0.01453982949656799,0.5741784903490662,-3.3850253950019433,0.011996661925966942,-0.003648204575694711,0.695898359209563,-1.9260991467560373,-1.9253964533801995,0.011716058635029492,0.7125653438871865,-1.607754381120772,,,,,,"MAX(F16u,F16d)",0.2831345227988463,0.280545959969138,,False,False
DISCOVERY,fresh_both,PLACEBO_F01_quiet_volume,abn_up,3,True,True,362402.0,315269.0,5850.0,122.0,0.020854700854700856,5728.0,1211.0,91.0,5637.0,86.0,75.0,0.07692307692307693,0.015886871508379887,0.9841131284916201,0.030711737620827653,0.5172898943238546,-8.171372947208347,0.021486450845412543,-0.005599579337032656,0.7393902149163833,-3.247205362357725,-2.9623253333362447,0.0219933116764458,0.7223501281707505,-2.858376644356995,,,,,,"MAX(F16u,F16d)",0.4211713387988907,0.4424744173484359,,False,True
DISCOVERY,fresh_both,PLACEBO_F02_quiet_volume_persistent,abn_up,3,True,True,362402.0,315269.0,23764.0,523.0,0.022008079447904394,23241.0,1378.0,461.0,22780.0,359.0,187.0,0.052060737527114966,0.0198356352996859,0.9801643647003141,0.03085322934132851,0.6429030517436201,-8.497677043540637,0.024175975736961584,-0.004340340437275686,0.8204688619603497,-3.5174109021292232,-2.8704694405681708,0.023428892649730554,0.8466313622344426,-2.3526846020176477,,,,,,"MAX(F16u,F16d)",0.46735534507137266,0.49099443612395566,,False,True
DISCOVERY,fresh_both,PLACEBO_F03_dip_recovered,abn_up,3,True,True,362402.0,315269.0,2717.0,81.0,0.02981229297018771,2636.0,1001.0,58.0,2578.0,54.0,49.0,0.10344827586206896,0.022003034901365705,0.9779969650986343,0.030951342398081293,0.710891134167082,-2.3839509144927957,0.027029970823493652,-0.005026935922127947,0.8140236275150292,-1.1616318818521116,-1.172300840248341,0.028326000244735597,0.7767787443077137,-1.6799020914553204,,,,,,"MAX(F16u,F16d)",0.46368401163275613,0.4871374046156475,,False,True
DISCOVERY,fresh_both,PLACEBO_F04_dip_recovered_persistent,abn_up,3,True,True,362402.0,315269.0,1321.0,41.0,0.031037093111279335,1280.0,717.0,37.0,1243.0,25.0,19.0,0.2972972972972973,0.02890625,0.97109375,0.031499618311586604,0.9176698496491725,-1.062605018405947,0.027936320028594495,0.000969929971405506,1.034719317734502,-0.48196134752362535,-0.3876063168814127,0.02740393982294258,1.0548209559196187,-0.19164470458164382,,,,,,"MAX(F16u,F16d)",0.5893966562440893,0.6192086641091417,,False,False
DISCOVERY,fresh_both,PLACEBO_F05_departure_calm,abn_up,3,True,True,362402.0,315269.0,14069.0,462.0,0.0328381548084441,13607.0,1363.0,379.0,13228.0,361.0,192.0,0.044854881266490766,0.02785331079591387,0.9721466892040861,0.031066690346350342,0.8965651147704579,-2.9412515476388332,0.028310740114678257,-0.00045742931876438866,0.9838425517343778,-0.8754048073706812,-0.8089455092852152,0.028850135572286304,0.9654481770501628,-0.628518250345799,,,,,,"MAX(F16u,F16d)",0.560416240737166,0.5887624032061306,,False,True
DISCOVERY,fresh_both,PLACEBO_F06_departure_any,abn_up,3,True,True,362402.0,315269.0,30493.0,973.0,0.031908962712753744,29520.0,1364.0,650.0,28870.0,598.0,243.0,0.03538461538461538,0.022018970189701895,0.9779810298102981,0.030350560626773597,0.7254880876987152,-8.195556005879352,0.025560391557509027,-0.0035414213678071314,0.8614488608345772,-3.7444986465402974,-3.1649303424339856,0.025595230250838402,0.8602763082774236,-3.031585264130972,,,,,,"MAX(F16u,F16d)",0.4906983656329678,0.5155181595368546,,False,True
DISCOVERY,fresh_both,PLACEBO_F07_idio_activity,abn_up,3,True,True,362402.0,315269.0,5242.0,126.0,0.024036627241510875,5116.0,911.0,75.0,5041.0,71.0,63.0,0.09333333333333334,0.014659890539483971,0.985340109460516,0.030111323318286226,0.4868564023083371,-7.413432158560174,0.020032944623492276,-0.005373054084008304,0.7317891011535359,-3.0601786065048904,-2.6710440856206485,0.019750350527035766,0.742259764930066,-2.60060807984916,,,,,,"MAX(F16u,F16d)",0.4168415935638619,0.4379256712120059,,False,True
DISCOVERY,fresh_both,PLACEBO_F08u_idio_move_up,abn_up,3,True,True,362402.0,315269.0,8958.0,300.0,0.033489618218352314,8658.0,1082.0,174.0,8484.0,174.0,127.0,0.06321839080459771,0.020097020097020097,0.9799029799029799,0.030046744633888012,0.6688584850670916,-5.643031167369545,0.024250254591502988,-0.004153234494482891,0.8287343962179211,-3.050440634420376,-3.232523156354812,0.024022649027114377,0.8365863429273175,-2.6494395136434856,,,,,,"MAX(F16u,F16d)",0.4720635574048874,0.49594079243339917,,False,True
DISCOVERY,fresh_both,PLACEBO_F08d_idio_move_down,abn_up,3,True,True,362402.0,315269.0,2884.0,133.0,0.04611650485436893,2751.0,893.0,65.0,2686.0,65.0,57.0,0.09230769230769231,0.023627771719374774,0.9763722282806252,0.029801614460563508,0.7928352925524024,-2.109368082642383,0.025678131337516303,-0.002050359618141529,0.9201515253897814,-0.8351245869225379,-0.7686320190407823,0.02548203935387374,0.9272323690914839,-0.7815841636451968,,,,,,"MAX(F16u,F16d)",0.5241365682531818,0.5506476848833621,,False,True
DISCOVERY,fresh_both,PLACEBO_F09_idio_quiet_volume,abn_up,3,True,True,362402.0,315269.0,1869.0,54.0,0.028892455858747994,1815.0,726.0,28.0,1787.0,26.0,25.0,0.21428571428571427,0.015426997245179064,0.984573002754821,0.03057890214475585,0.5044980742653878,-5.63724732633084,0.019582103140473758,-0.0041551058952946935,0.7878110504531758,-2.0311584927466995,-1.8721012478687138,0.018766991427739067,0.8220282566110606,-1.662137238619418,,,,,,"MAX(F16u,F16d)",0.44875280757867164,0.4714509720274691,,False,False
DISCOVERY,fresh_both,PLACEBO_F10_coil_then_volume,abn_up,3,True,True,362402.0,315269.0,249.0,4.0,0.01606425702811245,245.0,208.0,6.0,239.0,6.0,6.0,0.5,0.024489795918367346,0.9755102040816327,0.03375988703541091,0.7254110741745041,-0.9912488941339599,0.03519341818890117,-0.010703622270533824,0.695862953320363,-1.2044976435943653,-1.3218270610711595,0.03560833890665823,0.6877545167878673,-1.2434016258624652,,,,,,"MAX(F16u,F16d)",0.39637734684334575,0.41642633160841824,,False,False
DISCOVERY,fresh_both,PLACEBO_F11_closing_strength,abn_up,3,True,True,362402.0,315269.0,941.0,38.0,0.040382571732199786,903.0,588.0,19.0,884.0,19.0,18.0,0.21052631578947367,0.021040974529346623,0.9789590254706534,0.031391564819594306,0.6702747903861439,-1.603266519279053,0.024434734168303843,-0.00339375963895722,0.8611092056258371,-0.3316532365100588,-0.34470932788040815,0.026423019561088744,0.7963122640355659,-0.7788836158011893,,,,,,"MAX(F16u,F16d)",0.4905048912859869,0.515314899150722,,False,False
DISCOVERY,fresh_both,PLACEBO_F12_closing_strength_10s,abn_up,3,True,True,362402.0,315269.0,1206.0,33.0,0.02736318407960199,1173.0,646.0,27.0,1146.0,20.0,17.0,0.2962962962962963,0.023017902813299233,0.9769820971867008,0.028812441096154034,0.7988876310925188,-0.6619409849645502,0.024662554637593714,-0.0016446518242944803,0.933313809195277,0.6847590011128029,0.494274635675844,0.024875101078651554,0.9253390665838855,0.49606060446743133,,,,,,"MAX(F16u,F16d)",0.5316340662997828,0.5585244105152668,,False,False
DISCOVERY,fresh_both,PLACEBO_F13_volume_price_divergence,abn_up,3,True,True,362402.0,315269.0,718.0,27.0,0.037604456824512536,691.0,493.0,17.0,674.0,15.0,15.0,0.29411764705882354,0.024602026049204053,0.975397973950796,0.0315640947608486,0.779430749894968,-1.652890425067745,0.028885921967996993,-0.00428389591879294,0.8516960641402025,-1.0730215584602003,-1.0100980098401202,0.02748817008308793,0.8950041408664168,-0.7129630965108562,,,,,,"MAX(F16u,F16d)",0.4851429791023688,0.5096817784923081,,False,False
DISCOVERY,fresh_both,PLACEBO_F14_volume_no_range,abn_up,3,True,True,362402.0,315269.0,961.0,30.0,0.031217481789802288,931.0,584.0,21.0,910.0,19.0,19.0,0.23809523809523808,0.022556390977443608,0.9774436090225564,0.031087929077983828,0.7255674998762728,-0.8147876361392049,0.025673210997654478,-0.0031168200202108705,0.8785964085094138,0.04639312093043688,0.037349824045426944,0.025159952753455526,0.8965196079052915,-0.0037484804940722837,,,,,,"MAX(F16u,F16d)",0.5004659490627072,0.5257797927222978,,False,False
DISCOVERY,fresh_both,PLACEBO_F15_REF_abnormal_volume,abn_up,3,True,True,362402.0,315269.0,16099.0,318.0,0.019752779675756258,15781.0,1363.0,242.0,15539.0,213.0,143.0,0.049586776859504134,0.015334896394398327,0.9846651036056017,0.03083633518393795,0.49729957541731407,-11.042612858046889,0.021324128546807295,-0.005989232152408968,0.7191335561843772,-4.641428294403384,-3.8123693439591673,0.021574056395182457,0.7108026471008322,-3.7921876092940288,,,,,,"MAX(F16u,F16d)",0.4096327440141111,0.43035219407708236,,False,True
DISCOVERY,fresh_both,PLACEBO_F16u_REF_moved_up,abn_up,3,True,True,362402.0,315269.0,14502.0,466.0,0.032133498827747894,14036.0,1350.0,285.0,13751.0,276.0,174.0,0.0456140350877193,0.02030493017953833,0.9796950698204616,0.030373823804818165,0.6685009536506689,-6.13157554849229,0.024504493287552456,-0.004199563108014125,0.8286206917754395,-2.877113588721626,-3.103480923377453,0.024049590674485245,0.8442942108399496,-2.661727137268195,,,,,,"MAX(F16u,F16d)",0.47199878909811077,0.49587274810995263,,False,True
DISCOVERY,fresh_both,PLACEBO_F16d_REF_moved_down,abn_up,3,True,True,362402.0,315269.0,7691.0,352.0,0.04576778052268886,7339.0,1228.0,177.0,7162.0,175.0,126.0,0.05649717514124294,0.02411772721079166,0.9758822727892084,0.027598197828240755,0.8738877574865562,-1.9080023103291341,0.024930558450867616,-0.0008128312400759556,0.967396188028525,-0.5754520350042794,-0.5366271975764938,0.025005271893260992,0.9645056975881743,-0.555755292944893,,,,,,"MAX(F16u,F16d)",0.5510480656103814,0.5789203806158388,,False,True
DISCOVERY,fresh_both,PLACEBO_F17_abnormal_volume_persistent,abn_up,3,True,True,362402.0,315269.0,7647.0,133.0,0.017392441480319078,7514.0,1247.0,89.0,7425.0,77.0,66.0,0.0898876404494382,0.011844556827255789,0.9881554431727442,0.03106121312403425,0.38132949862447,-10.284899241570637,0.017814164298351545,-0.005969607471095756,0.6648954522302143,-3.303453365944979,-3.0371903435932817,0.01840829887102232,0.6434357085488797,-3.2029518436713107,,,,,,"MAX(F16u,F16d)",0.37873764370652646,0.3978944025604389,,False,True
DISCOVERY,fresh_both,PLACEBO_F18_quiet_volume_repeat,abn_up,3,True,True,362402.0,315269.0,2772.0,46.0,0.016594516594516596,2726.0,956.0,39.0,2687.0,37.0,32.0,0.1794871794871795,0.014306676449009537,0.9856933235509905,0.030936855358378576,0.4624476626107664,-6.355337996610665,0.019352566928847844,-0.005045890479838307,0.7392650546880856,-1.7475487441235489,-1.5717156723300396,0.020486925020013112,0.6983320549586499,-1.6666214539543165,,,,,,"MAX(F16u,F16d)",0.42110004504918574,0.44239951752155965,,False,True
DISCOVERY,fresh_both,PLACEBO_F01_quiet_volume,abn_up,5,True,True,362402.0,315269.0,5850.0,195.0,0.03333333333333333,5655.0,1206.0,109.0,5546.0,100.0,79.0,0.09174311926605505,0.01927497789566755,0.9807250221043324,0.03801310181864605,0.5070614333874974,-7.640704864405995,0.02569510250096389,-0.00642012460529634,0.7501420901101482,-2.4201088281203673,-2.1252617112264804,0.025655938809316874,0.7512871791176825,-1.8989699084793217,,,,,,"MAX(F16u,F16d)",0.47723295647338276,0.4882813299444786,,False,True
DISCOVERY,fresh_both,PLACEBO_F02_quiet_volume_persistent,abn_up,5,True,True,362402.0,315269.0,23764.0,836.0,0.03517926275037873,22928.0,1374.0,557.0,22371.0,374.0,198.0,0.05026929982046679,0.02429344033496162,0.9757065596650384,0.03829734904364115,0.63433738735489,-11.458886743633434,0.029332396079096476,-0.005038955744134856,0.8282119288670784,-4.701365340400482,-3.333540739752558,0.028810487108372165,0.843215189093491,-3.114501978582938,,,,,,"MAX(F16u,F16d)",0.5269002134538561,0.5390984287306398,,False,True
DISCOVERY,fresh_both,PLACEBO_F03_dip_recovered,abn_up,5,True,True,362402.0,315269.0,2717.0,130.0,0.04784688995215311,2587.0,994.0,73.0,2514.0,70.0,61.0,0.136986301369863,0.028218013142636257,0.9717819868573637,0.03878272150676559,0.7275923928575685,-2.447920256086047,0.03356548969515262,-0.005347476552516363,0.8406852811896076,-0.9641119807275287,-0.9304453095117432,0.03341978997228931,0.8443504033398711,-0.8362959722663392,,,,,,"MAX(F16u,F16d)",0.5348356364683687,0.5472175639467645,,False,True
DISCOVERY,fresh_both,PLACEBO_F04_dip_recovered_persistent,abn_up,5,True,True,362402.0,315269.0,1321.0,59.0,0.04466313398940197,1262.0,715.0,44.0,1218.0,27.0,20.0,0.29545454545454547,0.03486529318541997,0.96513470681458,0.03995403228290669,0.8726351557846689,-1.2003623892569124,0.03452592297208125,0.00033937021333872025,1.0098294320361296,-0.3672662511504822,-0.2589291622451167,0.03189445875949558,1.093145785866014,0.02229747288522552,,,,,,"MAX(F16u,F16d)",0.6424434673618635,0.6573166132022755,,False,False
DISCOVERY,fresh_both,PLACEBO_F05_departure_calm,abn_up,5,True,True,362402.0,315269.0,14069.0,699.0,0.04968370175563295,13370.0,1361.0,460.0,12910.0,417.0,209.0,0.05,0.0344053851907255,0.9655946148092744,0.037862785910597184,0.9086860452362009,-2.9449692324070273,0.03444953264845708,-4.414745773157619e-05,0.9987184889216907,-0.9025638379543587,-0.8548246245551984,0.03459441986656813,0.9945356888026525,-0.9981354929440669,,,,,,"MAX(F16u,F16d)",0.6353747955707197,0.6500842952822677,,False,True
DISCOVERY,fresh_both,PLACEBO_F06_departure_any,abn_up,5,True,True,362402.0,315269.0,30493.0,1497.0,0.049093234512839014,28996.0,1362.0,781.0,28215.0,677.0,262.0,0.03969270166453265,0.02693474962063733,0.9730652503793626,0.036911039592974086,0.729720699217702,-8.428605446984623,0.030529954799717873,-0.0035952051790805427,0.8822400752747342,-3.0192213641685846,-2.523175341573037,0.030183852085068734,0.8923562686672898,-2.2965953357069786,,,,,,"MAX(F16u,F16d)",0.5612723842503465,0.5742663462894206,,False,True
DISCOVERY,fresh_both,PLACEBO_F07_idio_activity,abn_up,5,True,True,362402.0,315269.0,5242.0,198.0,0.03777184280808851,5044.0,911.0,98.0,4946.0,86.0,69.0,0.11224489795918367,0.01942902458366376,0.9805709754163362,0.036443571381452655,0.5331262510005218,-5.673434908813001,0.023458759568489473,-0.004029734984825714,0.8282204575625313,-1.3751545708650712,-1.1974363808722814,0.022511996178291603,0.8630520558811766,-0.890161964850161,,,,,,"MAX(F16u,F16d)",0.5269056393253002,0.5391039802159029,,False,True
DISCOVERY,fresh_both,PLACEBO_F08u_idio_move_up,abn_up,5,True,True,362402.0,315269.0,8958.0,458.0,0.05112748381335119,8500.0,1076.0,209.0,8291.0,201.0,141.0,0.05263157894736842,0.024588235294117647,0.9754117647058823,0.03759051114787326,0.6541075006240973,-5.840295980031461,0.029305783328136836,-0.004717548034019189,0.8390233087716235,-2.597327097191435,-2.315093963937899,0.02903014529633543,0.846989742666617,-2.0714732318500766,,,,,,"MAX(F16u,F16d)",0.5337783061024706,0.5461357554290406,,False,True
DISCOVERY,fresh_both,PLACEBO_F08d_idio_move_down,abn_up,5,True,True,362402.0,315269.0,2884.0,214.0,0.07420249653259361,2670.0,880.0,76.0,2594.0,76.0,69.0,0.07894736842105263,0.02846441947565543,0.9715355805243445,0.03773009368118248,0.7544221786507724,-2.416210651354823,0.033201772157572224,-0.004737352681916794,0.8573162703655154,-1.2462112972190849,-1.2801046557395317,0.03170275403308416,0.8978532100381788,-1.0873210999159661,,,,,,"MAX(F16u,F16d)",0.5454161068061015,0.5580429817178324,,False,True
DISCOVERY,fresh_both,PLACEBO_F09_idio_quiet_volume,abn_up,5,True,True,362402.0,315269.0,1869.0,81.0,0.04333868378812199,1788.0,721.0,44.0,1744.0,40.0,34.0,0.1590909090909091,0.024608501118568233,0.9753914988814317,0.03785397202825894,0.6500903287030848,-3.523903522988557,0.02414192989024909,0.0004665712283191438,1.0193261777513318,-0.35127665562045984,-0.3022452845734581,0.022461999269391693,1.0955614780070586,0.07894525804175352,,,,,,"MAX(F16u,F16d)",0.6484852027801179,0.6634982202459259,,False,True
DISCOVERY,fresh_both,PLACEBO_F10_coil_then_volume,abn_up,5,True,True,362402.0,315269.0,249.0,8.0,0.0321285140562249,241.0,206.0,12.0,229.0,11.0,10.0,0.4166666666666667,0.04979253112033195,0.950207468879668,0.04117676114197272,1.2092386515941127,0.6335765108472368,0.041696547104755274,0.008095984015576672,1.1941643751756454,0.5658570025806998,0.45655862443903716,0.040712684698495885,1.2230225417232559,0.3922810707204598,,,,,,"MAX(F16u,F16d)",0.759715529622637,0.777303629499663,,False,False
DISCOVERY,fresh_both,PLACEBO_F11_closing_strength,abn_up,5,True,True,362402.0,315269.0,941.0,61.0,0.06482465462274177,880.0,580.0,23.0,857.0,23.0,22.0,0.17391304347826086,0.026136363636363635,0.9738636363636364,0.0399211789490222,0.6546991928705,-1.7928017244708176,0.03118880276165664,-0.005052439125293004,0.8380047107321335,-0.36314929254542644,-0.34297053964054935,0.03356929538079271,0.7785794530354676,-0.7845295870083483,,,,,,"MAX(F16u,F16d)",0.5331302841340293,0.5454727311674263,,False,False
DISCOVERY,fresh_both,PLACEBO_F12_closing_strength_10s,abn_up,5,True,True,362402.0,315269.0,1206.0,58.0,0.04809286898839138,1148.0,633.0,36.0,1112.0,26.0,20.0,0.2777777777777778,0.0313588850174216,0.9686411149825784,0.035456789440082716,0.8844253953227764,-0.7313249458285931,0.0308207568185144,0.000538128198907202,1.0174599281281744,0.7391011021819598,0.4836822135485241,0.030193120087309473,1.038610283625577,0.5356777059762324,,,,,,"MAX(F16u,F16d)",0.6472979132826763,0.6622834439255225,,False,False
DISCOVERY,fresh_both,PLACEBO_F13_volume_price_divergence,abn_up,5,True,True,362402.0,315269.0,718.0,40.0,0.055710306406685235,678.0,486.0,13.0,665.0,12.0,12.0,0.3076923076923077,0.019174041297935103,0.9808259587020649,0.03816956166245189,0.5023385248040971,-3.624183774357174,0.03381744926238339,-0.01464340796444829,0.5669866212903057,-2.8256831917926726,-2.763692419231778,0.034093291534077586,0.5623992414686595,-2.7429820514111696,,,,,,"MAX(F16u,F16d)",0.3607112640746437,0.3690620552483668,,False,False
DISCOVERY,fresh_both,PLACEBO_F14_volume_no_range,abn_up,5,True,True,362402.0,315269.0,961.0,53.0,0.055150884495317375,908.0,574.0,26.0,882.0,24.0,21.0,0.23076923076923078,0.028634361233480177,0.9713656387665198,0.03820373620632115,0.7495173005812548,-0.6775346167287271,0.030982019178773072,-0.0023476579452928956,0.9242251471169005,0.2053513538799447,0.1582140903153655,0.03094587454525262,0.9253046376701268,0.06062699185957001,,,,,,"MAX(F16u,F16d)",0.5879828704730864,0.6015952043646916,,False,False
DISCOVERY,fresh_both,PLACEBO_F15_REF_abnormal_volume,abn_up,5,True,True,362402.0,315269.0,16099.0,499.0,0.030995714019504315,15600.0,1361.0,285.0,15315.0,233.0,149.0,0.05964912280701754,0.01826923076923077,0.9817307692307692,0.03813082164125339,0.4791197772005378,-10.561823795803306,0.025127462925985954,-0.006858232156755184,0.7270622912883641,-3.592828097382986,-3.0967050505974534,0.024960751311965887,0.7319183040965885,-2.8107304267982034,,,,,,"MAX(F16u,F16d)",0.462549817409804,0.47325826296539864,,False,True
DISCOVERY,fresh_both,PLACEBO_F16u_REF_moved_up,abn_up,5,True,True,362402.0,315269.0,14502.0,715.0,0.049303544338711904,13787.0,1346.0,330.0,13457.0,317.0,190.0,0.04242424242424243,0.023935591499238414,0.9760644085007616,0.036763024572758936,0.6510778636253576,-7.111720441553694,0.028811679751561046,-0.004876088252322632,0.8307600148839486,-2.950469261806535,-2.9186365183614504,0.028048572079871138,0.8533622114908168,-2.572141377116933,,,,,,"MAX(F16u,F16d)",0.5285212805013015,0.5407570249426557,,False,True
DISCOVERY,fresh_both,PLACEBO_F16d_REF_moved_down,abn_up,5,True,True,362402.0,315269.0,7691.0,540.0,0.07021193602912496,7151.0,1221.0,204.0,6947.0,199.0,145.0,0.05392156862745098,0.028527478674311286,0.9714725213256887,0.03378530629712789,0.8443753158081158,-1.5612929662771937,0.03051254482542905,-0.0019850661511177647,0.934942622371392,-0.23864696144993652,-0.21984434935268043,0.029550491344897113,0.9653808575077218,0.14502206133908357,,,,,,"MAX(F16u,F16d)",0.5948012219148516,0.6085714067934098,,False,True
DISCOVERY,fresh_both,PLACEBO_F17_abnormal_volume_persistent,abn_up,5,True,True,362402.0,315269.0,7647.0,201.0,0.02628481757551981,7446.0,1244.0,112.0,7334.0,90.0,68.0,0.11607142857142858,0.015041633091592801,0.9849583669084072,0.03851453384700336,0.3905443371415262,-11.220659032439162,0.020692200662473532,-0.00565056757088073,0.7269228313096561,-2.751871632825528,-2.243705433206694,0.02069660507457538,0.7267681360007494,-2.286327197938606,,,,,,"MAX(F16u,F16d)",0.4624610943547642,0.47316748589159446,,False,True
DISCOVERY,fresh_both,PLACEBO_F18_quiet_volume_repeat,abn_up,5,True,True,362402.0,315269.0,2772.0,77.0,0.027777777777777776,2695.0,952.0,49.0,2646.0,48.0,37.0,0.14285714285714285,0.01818181818181818,0.9818181818181818,0.03873486789569452,0.469391511306513,-6.348857726430466,0.022619131338496624,-0.004437313156678443,0.8038247760148791,-1.1177760011562103,-1.0209181726361602,0.02320763957809685,0.7834410785566495,-1.252654029445314,,,,,,"MAX(F16u,F16d)",0.5113853487248092,0.5232243808866072,,False,True
DISCOVERY,fresh_both,PLACEBO_F01_quiet_volume,run20,1,True,True,362402.0,315269.0,5850.0,44.0,0.007521367521367521,5806.0,1223.0,0.0,5806.0,0.0,0.0,,0.0,1.0,0.0,,,0.0,0.0,,,,0.0,,,,,,,,"MAX(F16u,F16d)",,,,False,False
DISCOVERY,fresh_both,PLACEBO_F02_quiet_volume_persistent,run20,1,True,True,362402.0,315269.0,23764.0,204.0,0.008584413398417775,23560.0,1381.0,0.0,23560.0,0.0,0.0,,0.0,1.0,0.0,,,0.0,0.0,,,,0.0,,,,,,,,"MAX(F16u,F16d)",,,,False,False
DISCOVERY,fresh_both,PLACEBO_F03_dip_recovered,run20,1,True,True,362402.0,315269.0,2717.0,24.0,0.008833271991166729,2693.0,1016.0,0.0,2693.0,0.0,0.0,,0.0,1.0,0.0,,,0.0,0.0,,,,0.0,,,,,,,,"MAX(F16u,F16d)",,,,False,False
DISCOVERY,fresh_both,PLACEBO_F04_dip_recovered_persistent,run20,1,True,True,362402.0,315269.0,1321.0,14.0,0.010598031794095382,1307.0,728.0,0.0,1307.0,0.0,0.0,,0.0,1.0,0.0,,,0.0,0.0,,,,0.0,,,,,,,,"MAX(F16u,F16d)",,,,False,False
DISCOVERY,fresh_both,PLACEBO_F05_departure_calm,run20,1,True,True,362402.0,315269.0,14069.0,171.0,0.012154381974553983,13898.0,1365.0,0.0,13898.0,0.0,0.0,,0.0,1.0,0.0,,,0.0,0.0,,,,0.0,,,,,,,,"MAX(F16u,F16d)",,,,False,False
DISCOVERY,fresh_both,PLACEBO_F06_departure_any,run20,1,True,True,362402.0,315269.0,30493.0,362.0,0.011871577083265012,30131.0,1366.0,0.0,30131.0,0.0,0.0,,0.0,1.0,0.0,,,0.0,0.0,,,,0.0,,,,,,,,"MAX(F16u,F16d)",,,,False,False
DISCOVERY,fresh_both,PLACEBO_F07_idio_activity,run20,1,True,True,362402.0,315269.0,5242.0,45.0,0.008584509729111026,5197.0,913.0,0.0,5197.0,0.0,0.0,,0.0,1.0,0.0,,,0.0,0.0,,,,0.0,,,,,,,,"MAX(F16u,F16d)",,,,False,False
DISCOVERY,fresh_both,PLACEBO_F08u_idio_move_up,run20,1,True,True,362402.0,315269.0,8958.0,137.0,0.015293592319714222,8821.0,1093.0,0.0,8821.0,0.0,0.0,,0.0,1.0,0.0,,,0.0,0.0,,,,0.0,,,,,,,,"MAX(F16u,F16d)",,,,False,False
DISCOVERY,fresh_both,PLACEBO_F08d_idio_move_down,run20,1,True,True,362402.0,315269.0,2884.0,56.0,0.019417475728155338,2828.0,909.0,0.0,2828.0,0.0,0.0,,0.0,1.0,0.0,,,0.0,0.0,,,,0.0,,,,,,,,"MAX(F16u,F16d)",,,,False,False
DISCOVERY,fresh_both,PLACEBO_F09_idio_quiet_volume,run20,1,True,True,362402.0,315269.0,1869.0,17.0,0.00909577314071696,1852.0,736.0,0.0,1852.0,0.0,0.0,,0.0,1.0,0.0,,,0.0,0.0,,,,0.0,,,,,,,,"MAX(F16u,F16d)",,,,False,False
DISCOVERY,fresh_both,PLACEBO_F10_coil_then_volume,run20,1,True,True,362402.0,315269.0,249.0,0.0,0.0,249.0,211.0,0.0,249.0,0.0,0.0,,0.0,1.0,0.0,,,0.0,0.0,,,,0.0,,,,,,,,"MAX(F16u,F16d)",,,,False,False
DISCOVERY,fresh_both,PLACEBO_F11_closing_strength,run20,1,True,True,362402.0,315269.0,941.0,9.0,0.009564293304994687,932.0,603.0,0.0,932.0,0.0,0.0,,0.0,1.0,0.0,,,0.0,0.0,,,,0.0,,,,,,,,"MAX(F16u,F16d)",,,,False,False
DISCOVERY,fresh_both,PLACEBO_F12_closing_strength_10s,run20,1,True,True,362402.0,315269.0,1206.0,9.0,0.007462686567164179,1197.0,658.0,0.0,1197.0,0.0,0.0,,0.0,1.0,0.0,,,0.0,0.0,,,,0.0,,,,,,,,"MAX(F16u,F16d)",,,,False,False
DISCOVERY,fresh_both,PLACEBO_F13_volume_price_divergence,run20,1,True,True,362402.0,315269.0,718.0,10.0,0.013927576601671309,708.0,506.0,0.0,708.0,0.0,0.0,,0.0,1.0,0.0,,,0.0,0.0,,,,0.0,,,,,,,,"MAX(F16u,F16d)",,,,False,False
DISCOVERY,fresh_both,PLACEBO_F14_volume_no_range,run20,1,True,True,362402.0,315269.0,961.0,6.0,0.006243496357960458,955.0,595.0,0.0,955.0,0.0,0.0,,0.0,1.0,0.0,,,0.0,0.0,,,,0.0,,,,,,,,"MAX(F16u,F16d)",,,,False,False
DISCOVERY,fresh_both,PLACEBO_F15_REF_abnormal_volume,run20,1,True,True,362402.0,315269.0,16099.0,112.0,0.006956953848065097,15987.0,1366.0,0.0,15987.0,0.0,0.0,,0.0,1.0,0.0,,,0.0,0.0,,,,0.0,,,,,,,,"MAX(F16u,F16d)",,,,False,False
DISCOVERY,fresh_both,PLACEBO_F16u_REF_moved_up,run20,1,True,True,362402.0,315269.0,14502.0,193.0,0.013308509171148807,14309.0,1353.0,0.0,14309.0,0.0,0.0,,0.0,1.0,0.0,,,0.0,0.0,,,,0.0,,,,,,,,"MAX(F16u,F16d)",,,,False,False
DISCOVERY,fresh_both,PLACEBO_F16d_REF_moved_down,run20,1,True,True,362402.0,315269.0,7691.0,139.0,0.018073072422311792,7552.0,1241.0,0.0,7552.0,0.0,0.0,,0.0,1.0,0.0,,,0.0,0.0,,,,0.0,,,,,,,,"MAX(F16u,F16d)",,,,False,False
DISCOVERY,fresh_both,PLACEBO_F17_abnormal_volume_persistent,run20,1,True,True,362402.0,315269.0,7647.0,53.0,0.006930822544788806,7594.0,1250.0,0.0,7594.0,0.0,0.0,,0.0,1.0,0.0,,,0.0,0.0,,,,0.0,,,,,,,,"MAX(F16u,F16d)",,,,False,False
DISCOVERY,fresh_both,PLACEBO_F18_quiet_volume_repeat,run20,1,True,True,362402.0,315269.0,2772.0,17.0,0.006132756132756133,2755.0,964.0,0.0,2755.0,0.0,0.0,,0.0,1.0,0.0,,,0.0,0.0,,,,0.0,,,,,,,,"MAX(F16u,F16d)",,,,False,False
DISCOVERY,fresh_both,PLACEBO_F01_quiet_volume,run20,3,True,True,362402.0,315269.0,5850.0,122.0,0.020854700854700856,5728.0,1211.0,15.0,5713.0,15.0,15.0,0.2,0.0026187150837988825,0.9973812849162011,0.0029779121416515955,0.8793795650218557,-0.5689303390423547,0.0038187509066636397,-0.0012000358228647571,0.6857517412903994,-1.8638093749655438,-1.7730930463478882,0.0032891643007328594,0.7961642667760337,-0.9972977061365853,,,,,,"MAX(F16u,F16d)",0.34449433524245265,0.3161558119834582,,False,False
DISCOVERY,fresh_both,PLACEBO_F02_quiet_volume_persistent,run20,3,True,True,362402.0,315269.0,23764.0,523.0,0.022008079447904394,23241.0,1378.0,66.0,23175.0,60.0,48.0,0.15151515151515152,0.0028398089583064412,0.9971601910416935,0.003078370108993971,0.9225040712321974,-0.46869337723144633,0.0036842872611324053,-0.000844478302825964,0.7707892346683074,-2.30200564862907,-2.0118719366239812,0.003463568991426374,0.8199082984447628,-1.6841606083044056,,,,,,"MAX(F16u,F16d)",0.38721378163683107,0.35536110472881816,,False,True
DISCOVERY,fresh_both,PLACEBO_F03_dip_recovered,run20,3,True,True,362402.0,315269.0,2717.0,81.0,0.02981229297018771,2636.0,1001.0,7.0,2629.0,7.0,7.0,0.42857142857142855,0.002655538694992413,0.9973444613050075,0.0027259930010574826,0.9741546269422781,-0.03627466783166976,0.002783608634112728,-0.00012806993912031512,0.9539913989521241,0.12520028937287453,0.1266198745481265,0.0028131248493539845,0.9439818128236434,-0.20866190597317955,,,,,,"MAX(F16u,F16d)",0.47924724506074035,0.4398237834487969,,False,False
DISCOVERY,fresh_both,PLACEBO_F04_dip_recovered_persistent,run20,3,True,True,362402.0,315269.0,1321.0,41.0,0.031037093111279335,1280.0,717.0,4.0,1276.0,4.0,4.0,0.75,0.003125,0.996875,0.0026196397153032368,1.1929121328190986,0.03098389485640164,0.002629777638732233,0.000495222361267767,1.1883133972903142,0.03858461660530266,0.037820097066481644,0.002742813826798202,1.1393409094951004,0.060563961995341045,,,,,,"MAX(F16u,F16d)",0.5969612750656802,0.5478545140901718,,False,False
DISCOVERY,fresh_both,PLACEBO_F05_departure_calm,run20,3,True,True,362402.0,315269.0,14069.0,462.0,0.0328381548084441,13607.0,1363.0,39.0,13568.0,39.0,32.0,0.20512820512820512,0.002866171823326229,0.9971338281766737,0.0029968170095469268,0.9564053508090408,-0.35543888447548444,0.003189707311704778,-0.00032353548837854877,0.8985689103224862,-0.7851578094651459,-0.7949899503703368,0.003152539563837382,0.9091628400810374,-0.5602519476258746,,,,,,"MAX(F16u,F16d)",0.4514051963595265,0.4142720555568994,,False,True
DISCOVERY,fresh_both,PLACEBO_F06_departure_any,run20,3,True,True,362402.0,315269.0,30493.0,973.0,0.031908962712753744,29520.0,1364.0,95.0,29425.0,92.0,70.0,0.11578947368421053,0.003218157181571816,0.9967818428184282,0.0029247166197976108,1.1003312798880704,1.2468457960107562,0.003468308253495224,-0.0002501510719234083,0.927875190542445,-0.24578244933886928,-0.2272444001908967,0.003411497291145187,0.9433269051465465,-0.194888028036142,,,,,,"MAX(F16u,F16d)",0.4661275031579111,0.42778328748132877,,False,True
DISCOVERY,fresh_both,PLACEBO_F07_idio_activity,run20,3,True,True,362402.0,315269.0,5242.0,126.0,0.024036627241510875,5116.0,911.0,15.0,5101.0,15.0,15.0,0.2,0.0029319781078967944,0.9970680218921032,0.00255369355586543,1.148132320404108,0.18343974120458104,0.003831437265009643,-0.0008994591571128488,0.7652423634005175,-1.0737961770305606,-1.011228829064298,0.0035174076857032287,0.833562205431586,-0.636018818284072,,,,,,"MAX(F16u,F16d)",0.3844272546548113,0.35280380084748075,,False,False
DISCOVERY,fresh_both,PLACEBO_F08u_idio_move_up,run20,3,True,True,362402.0,315269.0,8958.0,300.0,0.033489618218352314,8658.0,1082.0,36.0,8622.0,36.0,32.0,0.16666666666666666,0.004158004158004158,0.9958419958419958,0.002582310184963707,1.6101877234638242,1.3851083282757335,0.0034077707332182115,0.0007502334247859468,1.2201537261508921,0.1823293110798189,0.2017905076351471,0.0033801952542525694,1.2301076846886403,0.42438027220177377,,,,,,"MAX(F16u,F16d)",0.6129565868735446,0.5625340320827823,,False,True
DISCOVERY,fresh_both,PLACEBO_F08d_idio_move_down,run20,3,True,True,362402.0,315269.0,2884.0,133.0,0.04611650485436893,2751.0,893.0,7.0,2744.0,7.0,7.0,0.42857142857142855,0.002544529262086514,0.9974554707379135,0.0028333647702848664,0.8980591870035454,-3.020490675949439,0.0032633479852033236,-0.0007188187231168095,0.7797296744398458,-3.7604800197821486,-3.551920396829474,0.003410551691390744,0.7460755597135998,-3.3785100624465736,,,,,,"MAX(F16u,F16d)",0.3917051021401895,0.35948296374173305,,False,False
DISCOVERY,fresh_both,PLACEBO_F09_idio_quiet_volume,run20,3,True,True,362402.0,315269.0,1869.0,54.0,0.028892455858747994,1815.0,726.0,7.0,1808.0,7.0,7.0,0.42857142857142855,0.003856749311294766,0.9961432506887052,0.0025694018767673586,1.5010300047523346,0.3051178001997788,0.00363597242405252,0.00022077688724224604,1.0607201764737744,-0.4162972231067625,-0.42637140348372937,0.003368397748563038,1.1449803732175214,-0.07969147480669483,,,,,,"MAX(F16u,F16d)",0.5328635278198247,0.4890295255382944,,False,False
DISCOVERY,fresh_both,PLACEBO_F10_coil_then_volume,run20,3,True,True,362402.0,315269.0,249.0,4.0,0.01606425702811245,245.0,208.0,1.0,244.0,1.0,1.0,1.0,0.004081632653061225,0.9959183673469387,0.002987546093222714,1.3662157923924454,0.3349829368348548,0.004239863841271563,-0.00015823118821033794,0.962680125085601,0.07593738140117004,0.07417348401235183,0.002494331065759637,1.6363636363636365,0.45578242002148806,,,,,,"MAX(F16u,F16d)",0.48361211466766746,0.44382959356990886,,False,False
DISCOVERY,fresh_both,PLACEBO_F11_closing_strength,run20,3,True,True,362402.0,315269.0,941.0,38.0,0.040382571732199786,903.0,588.0,3.0,900.0,3.0,3.0,1.0,0.0033222591362126247,0.9966777408637874,0.0031333357462269497,1.0602946525003487,0.6507737449609278,0.0032568647411895402,6.539439502308442e-05,1.020078941012208,0.5750870747899541,0.5916069202556462,0.0034325739475241134,0.9678623642205705,0.42123995289585003,,,,,,"MAX(F16u,F16d)",0.5124469914105714,0.4702924782605373,,False,False
DISCOVERY,fresh_both,PLACEBO_F12_closing_strength_10s,run20,3,True,True,362402.0,315269.0,1206.0,33.0,0.02736318407960199,1173.0,646.0,4.0,1169.0,3.0,3.0,1.0,0.0034100596760443308,0.9965899403239556,0.0029527168952765146,1.1548888013948886,0.6108961357649799,0.003999673043366798,-0.0005896133673224668,0.8525846085593664,-0.022095102601658752,-0.01646749268812802,0.0030844333274000794,1.1055708825837152,0.2579714659519571,,,,,,"MAX(F16u,F16d)",0.42830451645798484,0.39307166569707264,,False,False
DISCOVERY,fresh_both,PLACEBO_F13_volume_price_divergence,run20,3,True,True,362402.0,315269.0,718.0,27.0,0.037604456824512536,691.0,493.0,3.0,688.0,2.0,2.0,1.0,0.004341534008683068,0.9956584659913169,0.0030151254471703685,1.4399182006697289,0.2614177827027575,0.003384129036687612,0.0009574049719954562,1.2829103032467595,0.179139807707805,0.16719116195537648,0.0020938299520065077,2.0734893034281967,0.4844866218240969,,,,,,"MAX(F16u,F16d)",0.6444829892244172,0.591467034209341,,False,False
DISCOVERY,fresh_both,PLACEBO_F14_volume_no_range,run20,3,True,True,362402.0,315269.0,961.0,30.0,0.031217481789802288,931.0,584.0,4.0,927.0,4.0,4.0,0.75,0.004296455424274973,0.9957035445757251,0.0030546832527744397,1.4065142172671043,0.6354795820710966,0.004030441092598997,0.00026601433167597593,1.0660012950355364,0.26284151587923194,0.2633321836664846,0.004459981759849074,0.9633347523870512,-0.12353991037260635,,,,,,"MAX(F16u,F16d)",0.5355165512373772,0.4914643080208484,,False,False
DISCOVERY,fresh_both,PLACEBO_F15_REF_abnormal_volume,run20,3,True,True,362402.0,315269.0,16099.0,318.0,0.019752779675756258,15781.0,1363.0,48.0,15733.0,44.0,37.0,0.14583333333333334,0.003041632342690577,0.9969583676573094,0.002942105140197623,1.0338285675563141,-0.3683814485996106,0.004070131326252741,-0.001028498983562164,0.7473057006961309,-3.0764913197698944,-2.7052630359818193,0.003878502953526157,0.7842284456494392,-2.3603856017697846,,,,,,"MAX(F16u,F16d)",0.3754165904118181,0.3445343648108942,,False,True
DISCOVERY,fresh_both,PLACEBO_F16u_REF_moved_up,run20,3,True,True,362402.0,315269.0,14502.0,466.0,0.032133498827747894,14036.0,1350.0,51.0,13985.0,49.0,41.0,0.17647058823529413,0.003633513821601596,0.9963664861783984,0.002837896565052444,1.2803545648375134,1.3086176355446613,0.003714847129759439,-8.133330815784327e-05,0.9781058801837937,0.3214539257538422,0.3431555592582827,0.003796009253404523,0.9571930885950317,0.36694998416337843,,,,,,"MAX(F16u,F16d)",0.49136139903428844,0.45094141237382473,,False,True
DISCOVERY,fresh_both,PLACEBO_F16d_REF_moved_down,run20,3,True,True,362402.0,315269.0,7691.0,352.0,0.04576778052268886,7339.0,1228.0,21.0,7318.0,20.0,19.0,0.23809523809523808,0.0028614252622973157,0.9971385747377027,0.002848970083014858,1.0043718182078196,-0.6533171430275048,0.003301926823529802,-0.0004405015612324861,0.8665925731323191,-1.022002733509023,-1.0176208881206927,0.0034930589036173223,0.8191746378322154,-1.3191305023564555,,,,,,"MAX(F16u,F16d)",0.4353415593892628,0.39952983291289884,,False,False
DISCOVERY,fresh_both,PLACEBO_F17_abnormal_volume_persistent,run20,3,True,True,362402.0,315269.0,7647.0,133.0,0.017392441480319078,7514.0,1247.0,25.0,7489.0,23.0,20.0,0.24,0.003327122704285334,0.9966728772957146,0.003043032389146638,1.0933576376485312,0.6897704765654024,0.004634546820826447,-0.0013074241165411133,0.7178960172187948,-1.2378374739947544,-1.0644597317670113,0.004625236461788623,0.7193411043461989,-1.3790285475977075,,,,,,"MAX(F16u,F16d)",0.3606423379394129,0.3309754603268061,,False,False
DISCOVERY,fresh_both,PLACEBO_F18_quiet_volume_repeat,run20,3,True,True,362402.0,315269.0,2772.0,46.0,0.016594516594516596,2726.0,956.0,7.0,2719.0,7.0,7.0,0.42857142857142855,0.0025678650036683784,0.9974321349963317,0.0032044054898846173,0.8013545763088931,-0.42284832900111796,0.0045227531589910035,-0.001954888155322625,0.5677658968771252,-1.6813634441062018,-1.721416248035993,0.0034731107057506434,0.7393559322530682,-0.938816264123813,,,,,,"MAX(F16u,F16d)",0.28522295087427507,0.2617601638253645,,False,False
DISCOVERY,fresh_both,PLACEBO_F01_quiet_volume,run20,5,True,True,362402.0,315269.0,5850.0,195.0,0.03333333333333333,5655.0,1206.0,59.0,5596.0,55.0,48.0,0.13559322033898305,0.010433244916003536,0.9895667550839965,0.009970408572770251,1.0464210006897128,0.566585196997915,0.012361248036032198,-0.0019280031200286617,0.844028441593546,-1.2597866275415233,-0.8839229844273517,0.011474673290276561,0.9092411306249989,-0.38871071137999746,,,,,,"MAX(F16u,F16d)",0.5280952097184172,0.5064307741778166,,False,True
DISCOVERY,fresh_both,PLACEBO_F02_quiet_volume_persistent,run20,5,True,True,362402.0,315269.0,23764.0,836.0,0.03517926275037873,22928.0,1374.0,238.0,22690.0,175.0,113.0,0.08823529411764706,0.010380321004884858,0.9896196789951152,0.010144078781674322,1.0232886818305589,0.24436513266698726,0.011867576328254916,-0.001487255323370058,0.8746791019300945,-2.5375783275359853,-1.714766261625526,0.01155543613916833,0.8983062932345496,-1.4181165993702967,,,,,,"MAX(F16u,F16d)",0.5472728417753145,0.5248216682263546,,False,True
DISCOVERY,fresh_both,PLACEBO_F03_dip_recovered,run20,5,True,True,362402.0,315269.0,2717.0,130.0,0.04784688995215311,2587.0,994.0,20.0,2567.0,18.0,18.0,0.25,0.007730962504831852,0.9922690374951681,0.009284681653974525,0.8326577897824243,-1.1640365282019913,0.00974299987153954,-0.002012037366707689,0.7934889260765476,-1.0624384876746042,-1.0052668751888345,0.009464247038145945,0.8168597537312756,-1.1204598640348014,,,,,,"MAX(F16u,F16d)",0.4964734364098949,0.47610624397416407,,False,False
DISCOVERY,fresh_both,PLACEBO_F04_dip_recovered_persistent,run20,5,True,True,362402.0,315269.0,1321.0,59.0,0.04466313398940197,1262.0,715.0,14.0,1248.0,9.0,7.0,0.5714285714285714,0.011093502377179081,0.9889064976228209,0.009019411265357847,1.2299585916197764,0.08950346529378975,0.009850886309797604,0.0012426160673814773,1.1261425650751429,-0.12724378307401377,-0.1029536717024724,0.010245526060176008,1.082765522436093,-0.28848600898424737,,,,,,"MAX(F16u,F16d)",0.7046095424857557,0.6757038305354162,,False,False
DISCOVERY,fresh_both,PLACEBO_F05_departure_calm,run20,5,True,True,362402.0,315269.0,14069.0,699.0,0.04968370175563295,13370.0,1361.0,155.0,13215.0,138.0,99.0,0.0967741935483871,0.011593118922961856,0.9884068810770381,0.009943772763423358,1.165867241617323,1.1485680737596642,0.010580987453608722,0.001012131469353134,1.095655672383199,0.35326313308836454,0.3080938136528572,0.010792215278963577,1.0742112368309977,0.21759907715729318,,,,,,"MAX(F16u,F16d)",0.6855343772467528,0.6574111997336543,,False,True
DISCOVERY,fresh_both,PLACEBO_F06_departure_any,run20,5,True,True,362402.0,315269.0,30493.0,1497.0,0.049093234512839014,28996.0,1362.0,295.0,28701.0,238.0,143.0,0.07457627118644068,0.010173817078217686,0.9898261829217823,0.009648516819220942,1.0544436278486125,0.8221724430176313,0.011118136197750369,-0.0009443191195326831,0.9150649800706925,-1.344933896516077,-0.9570312308665719,0.011047779809368571,0.9208924556579449,-0.8489561935977328,,,,,,"MAX(F16u,F16d)",0.5725416452128558,0.5490538510826324,,False,True
DISCOVERY,fresh_both,PLACEBO_F07_idio_activity,run20,5,True,True,362402.0,315269.0,5242.0,198.0,0.03777184280808851,5044.0,911.0,68.0,4976.0,56.0,47.0,0.17647058823529413,0.013481363996827915,0.9865186360031721,0.008862975594447306,1.5210877941798746,1.6202379222940044,0.0126026627634644,0.0008787012333635151,1.0697234584353794,-0.46297716029716146,-0.3581949242246917,0.011969246425718194,1.1263335649820567,0.13839021832181952,,,,,,"MAX(F16u,F16d)",0.6693090022613071,0.6418514501582208,,False,True
DISCOVERY,fresh_both,PLACEBO_F08u_idio_move_up,run20,5,True,True,362402.0,315269.0,8958.0,458.0,0.05112748381335119,8500.0,1076.0,93.0,8407.0,81.0,64.0,0.12903225806451613,0.010941176470588235,0.9890588235294118,0.009317375156819088,1.1742766912826021,0.3636638252413751,0.0115690847704091,-0.0006279082998208643,0.945725326395144,-1.3326690652257949,-1.2588891062892107,0.011902971495133176,0.9191970656286799,-1.58194348101222,,,,,,"MAX(F16u,F16d)",0.5917253376387654,0.5674505568812379,,False,True
DISCOVERY,fresh_both,PLACEBO_F08d_idio_move_down,run20,5,True,True,362402.0,315269.0,2884.0,214.0,0.07420249653259361,2670.0,880.0,19.0,2651.0,19.0,19.0,0.15789473684210525,0.007116104868913857,0.9928838951310861,0.009685391192011499,0.7347256014587428,-0.3289495085728799,0.011833982603611935,-0.004717877734698077,0.6013279812277145,-1.1722207778076625,-1.2300137299988234,0.012063652473222624,0.5898797967455786,-1.6989999981685888,,,,,,"MAX(F16u,F16d)",0.37624138086679204,0.36080655587028937,,False,False
DISCOVERY,fresh_both,PLACEBO_F09_idio_quiet_volume,run20,5,True,True,362402.0,315269.0,1869.0,81.0,0.04333868378812199,1788.0,721.0,32.0,1756.0,29.0,25.0,0.25,0.017897091722595078,0.9821029082774049,0.009380823604139306,1.9078379977956255,1.5126863888567685,0.012724082153171107,0.005173009569423971,1.4065526697448074,0.20717254761114245,0.15420242202994672,0.011745220326300751,1.5237765853160379,0.49770112656736304,,,,,,"MAX(F16u,F16d)",0.8800576977079957,0.8439544479281497,,False,False
DISCOVERY,fresh_both,PLACEBO_F10_coil_then_volume,run20,5,True,True,362402.0,315269.0,249.0,8.0,0.0321285140562249,241.0,206.0,2.0,239.0,2.0,2.0,1.0,0.008298755186721992,0.991701244813278,0.007990725178116205,1.0385484423177727,0.1949886175987555,0.009071713083363369,-0.0007729578966413769,0.9147947152276117,0.08966589128136289,0.09190661854657654,0.007670951867282944,1.0818416449875883,0.29567022572039536,,,,,,"MAX(F16u,F16d)",0.5723725447869071,0.5488916877869785,,False,False
DISCOVERY,fresh_both,PLACEBO_F11_closing_strength,run20,5,True,True,362402.0,315269.0,941.0,61.0,0.06482465462274177,880.0,580.0,7.0,873.0,7.0,7.0,0.42857142857142855,0.007954545454545454,0.9920454545454546,0.010170872201484361,0.7820907879841955,0.08548530927465356,0.009731218606186408,-0.0017766731516409544,0.8174254198223978,0.061944555301518704,0.054201062977960124,0.010033084024561297,0.7928315396414983,-0.02576548972144925,,,,,,"MAX(F16u,F16d)",0.5114501209168438,0.4904685290127185,,False,False
DISCOVERY,fresh_both,PLACEBO_F12_closing_strength_10s,run20,5,True,True,362402.0,315269.0,1206.0,58.0,0.04809286898839138,1148.0,633.0,19.0,1129.0,15.0,10.0,0.631578947368421,0.016550522648083623,0.9834494773519163,0.009196624139769266,1.7996302117549472,1.647677308638235,0.010396715948731447,0.006153806699352176,1.5918990890679312,1.1188950327608662,0.7439785542920254,0.00881638791907395,1.8772452845770475,0.9251287836866072,,,,,,"MAX(F16u,F16d)",0.996026012707194,0.9551653100309435,,False,False
DISCOVERY,fresh_both,PLACEBO_F13_volume_price_divergence,run20,5,True,True,362402.0,315269.0,718.0,40.0,0.055710306406685235,678.0,486.0,8.0,670.0,7.0,7.0,0.5,0.011799410029498525,0.9882005899705015,0.0106898343578296,1.1037972745439442,0.01137290536476155,0.0111616559445159,0.0006377540849826242,1.0571379451358178,-0.08314210746974068,-0.08047690009742554,0.009621767531059568,1.2263245803236686,0.2243542634247169,,,,,,"MAX(F16u,F16d)",0.6614344461944553,0.634299937756946,,False,False
DISCOVERY,fresh_both,PLACEBO_F14_volume_no_range,run20,5,True,True,362402.0,315269.0,961.0,53.0,0.055150884495317375,908.0,574.0,14.0,894.0,14.0,11.0,0.42857142857142855,0.015418502202643172,0.9845814977973568,0.010375028917654865,1.4861165520614583,1.5981540426857914,0.011974106106845005,0.003444396095798167,1.2876537141949307,1.2423662879902868,0.8905032026056643,0.011099924784484802,1.3890636650254395,1.02584916178288,,,,,,"MAX(F16u,F16d)",0.8056645069431633,0.7726131433692983,,False,False
DISCOVERY,fresh_both,PLACEBO_F15_REF_abnormal_volume,run20,5,True,True,362402.0,315269.0,16099.0,499.0,0.030995714019504315,15600.0,1361.0,158.0,15442.0,119.0,84.0,0.10759493670886076,0.010128205128205128,0.9898717948717949,0.00979793725416674,1.033707898455661,1.1729294705266775,0.012653753941585846,-0.0025255488133807177,0.8004111013190603,-1.8068710709406022,-1.1851475139517922,0.012340677280121648,0.8207171209735492,-0.7126430913426284,,,,,,"MAX(F16u,F16d)",0.5008045316742922,0.480259661553839,,False,True
DISCOVERY,fresh_both,PLACEBO_F16u_REF_moved_up,run20,5,True,True,362402.0,315269.0,14502.0,715.0,0.049303544338711904,13787.0,1346.0,140.0,13647.0,119.0,85.0,0.12142857142857143,0.010154493363313265,0.9898455066366867,0.009527481346088848,1.0658108889902802,0.28786377062787016,0.011581638255953312,-0.001427144892640047,0.8767752142572359,-1.5180239932478812,-1.4750713739165493,0.011720212917771122,0.8664086083211178,-1.6321522282000582,,,,,,"MAX(F16u,F16d)",0.5485843460143248,0.5260793696689667,,False,True
DISCOVERY,fresh_both,PLACEBO_F16d_REF_moved_down,run20,5,True,True,362402.0,315269.0,7691.0,540.0,0.07021193602912496,7151.0,1221.0,67.0,7084.0,65.0,59.0,0.08955223880597014,0.009369318976366942,0.990630681023633,0.009346949535702323,1.002393234346583,0.9674674893787906,0.010899024428625385,-0.0015297054522584435,0.8596474884265055,0.34476967092214805,0.3669022073995738,0.010789687784371846,0.8683586739124912,-0.13168558262980656,,,,,,"MAX(F16u,F16d)",0.5378677996056495,0.5158024559716209,,False,True
DISCOVERY,fresh_both,PLACEBO_F17_abnormal_volume_persistent,run20,5,True,True,362402.0,315269.0,7647.0,201.0,0.02628481757551981,7446.0,1244.0,80.0,7366.0,60.0,48.0,0.15,0.010744023636852002,0.989255976363148,0.009894258295860832,1.0858846934839634,2.1539522157056767,0.01392586087197255,-0.003181837235120548,0.7715159397057906,-0.23928303094038245,-0.17117699856663512,0.013546042861746429,0.7931485044383526,-0.15907908716820568,,,,,,"MAX(F16u,F16d)",0.4827252873265577,0.4629220952531428,,False,True
DISCOVERY,fresh_both,PLACEBO_F18_quiet_volume_repeat,run20,5,True,True,362402.0,315269.0,2772.0,77.0,0.027777777777777776,2695.0,952.0,35.0,2660.0,31.0,28.0,0.2,0.012987012987012988,0.987012987012987,0.010273905135977354,1.2640775649694118,1.4111205422363398,0.014024212475266414,-0.0010371994882534263,0.9260422294597528,-0.013270524668673319,-0.00945296244353917,0.013320117918623225,0.9749923436380008,-0.041531195216880666,,,,,,"MAX(F16u,F16d)",0.5794099360577736,0.5556403790152088,,False,True
DISCOVERY,fresh_both,PLACEBO_F01_quiet_volume,limit_down,1,True,True,362402.0,315269.0,5850.0,44.0,0.007521367521367521,5806.0,1223.0,3.0,5803.0,3.0,3.0,1.0,0.0005167068549776093,0.9994832931450224,0.0005439621951090467,0.9498947897914606,0.5271424656434904,0.0008744251015330931,-0.00035771824655548375,0.590910363931329,-0.10642711358784933,-0.10939059473714052,0.0011352117664553075,0.45516340672808886,-0.512279209510957,,,,,,"MAX(F16u,F16d)",0.29353601435560805,0.14880804642041945,,False,False
DISCOVERY,fresh_both,PLACEBO_F02_quiet_volume_persistent,limit_down,1,True,True,362402.0,315269.0,23764.0,204.0,0.008584413398417775,23560.0,1381.0,13.0,23547.0,13.0,13.0,0.23076923076923078,0.0005517826825127334,0.9994482173174872,0.0005907095970169384,0.9341014354586679,0.18415726205842858,0.0007455741201875378,-0.0001937914376748044,0.7400775691811042,-0.9521141431560697,-0.9472028421773726,0.0007385774713873185,0.747088428619795,-0.7525741637196881,,,,,,"MAX(F16u,F16d)",0.36763514947700937,0.18637259386808003,,False,False
DISCOVERY,fresh_both,PLACEBO_F03_dip_recovered,limit_down,1,True,True,362402.0,315269.0,2717.0,24.0,0.008833271991166729,2693.0,1016.0,3.0,2690.0,3.0,3.0,1.0,0.0011139992573338284,0.9988860007426662,0.0005158649445138163,2.15947850145881,0.49497786528765936,0.0005960955346013929,0.0005179037227324354,1.868826710937796,0.29721791953905285,0.3051762087013344,0.0007690560048525143,1.4485281309876328,-0.27140492640952063,,,,,,"MAX(F16u,F16d)",0.928343751834637,0.4706237509573779,,False,False
DISCOVERY,fresh_both,PLACEBO_F04_dip_recovered_persistent,limit_down,1,True,True,362402.0,315269.0,1321.0,14.0,0.010598031794095382,1307.0,728.0,1.0,1306.0,1.0,1.0,1.0,0.0007651109410864575,0.9992348890589136,0.0005860415418155257,1.3055575185270727,-0.6806653769791811,0.0008182332797661313,-5.312233867967378e-05,0.9350767806769515,-1.4059215092801296,-1.3491997845131898,0.0010048737286686789,0.7614000836703388,-1.07466700629453,,,,,,"MAX(F16u,F16d)",0.46450143383892856,0.2354789448265672,,False,False
DISCOVERY,fresh_both,PLACEBO_F05_departure_calm,limit_down,1,True,True,362402.0,315269.0,14069.0,171.0,0.012154381974553983,13898.0,1365.0,10.0,13888.0,10.0,10.0,0.3,0.000719527989638797,0.9992804720103612,0.0005035987337985845,1.4287724359660006,0.7041722263573649,0.0005696477126698228,0.00014988027696897414,1.263110469217046,0.3078858511361144,0.34180895971716785,0.000540532523551663,1.331146523637492,0.5985733276451161,,,,,,"MAX(F16u,F16d)",0.6274528853379554,0.3180871631474911,,False,False
DISCOVERY,fresh_both,PLACEBO_F06_departure_any,limit_down,1,True,True,362402.0,315269.0,30493.0,362.0,0.011871577083265012,30131.0,1366.0,21.0,30110.0,21.0,21.0,0.14285714285714285,0.0006969566227473366,0.9993030433772526,0.0005399084346005134,1.2908793011596968,0.8495265071625114,0.0007547699303117633,-5.78133075644266e-05,0.9234027413617997,-0.46015933584756635,-0.47250895740651533,0.0007669683651230895,0.9087162579847518,-0.4629147148734413,,,,,,"MAX(F16u,F16d)",0.45870232930266325,0.23253908949425356,,False,False
DISCOVERY,fresh_both,PLACEBO_F07_idio_activity,limit_down,1,True,True,362402.0,315269.0,5242.0,45.0,0.008584509729111026,5197.0,913.0,5.0,5192.0,5.0,5.0,0.6,0.0009620935154897056,0.9990379064845103,0.0005333813338770355,1.803763001034274,0.7733959706042974,0.0008620782403866265,0.00010001527510307916,1.1160164709159393,0.09961138375102191,0.09677405274511187,0.000871825029993204,1.1035396810036588,-0.46912710390471174,,,,,,"MAX(F16u,F16d)",0.5543836202980293,0.2810447082111279,,False,False
DISCOVERY,fresh_both,PLACEBO_F08u_idio_move_up,limit_down,1,True,True,362402.0,315269.0,8958.0,137.0,0.015293592319714222,8821.0,1093.0,3.0,8818.0,3.0,3.0,1.0,0.000340097494615123,0.9996599025053848,0.0006488039586743109,0.5241914604066811,-0.5105399387673433,0.0009451996620014422,-0.0006051021673863193,0.35981550595878653,-1.1346485804715114,-1.1218086844621729,0.000910924468344262,0.37335422028271975,-0.7550551018266872,,,,,,"MAX(F16u,F16d)",0.17873913874146052,0.09061178442915957,,False,False
DISCOVERY,fresh_both,PLACEBO_F08d_idio_move_down,limit_down,1,True,True,362402.0,315269.0,2884.0,56.0,0.019417475728155338,2828.0,909.0,2.0,2826.0,2.0,2.0,1.0,0.0007072135785007072,0.9992927864214993,0.0005928917306175459,1.1928207832551243,-0.1737676147290896,0.0006805922220137957,2.6621356486911498e-05,1.0391149878383004,-0.2643578436778554,-0.2725152857255937,0.0005696909957871768,1.2413985541820038,-0.05713980638082434,,,,,,"MAX(F16u,F16d)",0.5161826405581162,0.2616787262244822,,False,False
DISCOVERY,fresh_both,PLACEBO_F09_idio_quiet_volume,limit_down,1,True,True,362402.0,315269.0,1869.0,17.0,0.00909577314071696,1852.0,736.0,1.0,1851.0,1.0,1.0,1.0,0.0005399568034557236,0.9994600431965442,0.0005092843486614837,1.0602265804453919,0.5566431238087911,0.0009251671757730489,-0.0003852103723173253,0.5836316047470532,0.10575550700608999,0.10931293543947801,0.0011397394901714556,0.47375457998256754,-0.1706106454174351,,,,,,"MAX(F16u,F16d)",0.28992027482754845,0.14697504771081712,,False,False
DISCOVERY,fresh_both,PLACEBO_F10_coil_then_volume,limit_down,1,True,True,362402.0,315269.0,249.0,0.0,0.0,249.0,211.0,0.0,249.0,0.0,0.0,,0.0,1.0,0.0005462547797374421,0.0,-4.257608739162972,0.00039302509182027255,-0.00039302509182027255,0.0,-1.521554476455201,-1.5864929478383907,0.0,,,,,,,,"MAX(F16u,F16d)",0.0,0.0,,False,False
DISCOVERY,fresh_both,PLACEBO_F11_closing_strength,limit_down,1,True,True,362402.0,315269.0,941.0,9.0,0.009564293304994687,932.0,603.0,1.0,931.0,1.0,1.0,1.0,0.001072961373390558,0.9989270386266095,0.000552397688841938,1.942371221067098,0.049433921831010426,0.000893064535028256,0.00017989683836230192,1.2014376691787565,-0.6194671531554131,-0.6144271271044778,0.0017006479452831387,0.630913280062748,-1.4337481397779546,,,,,,"MAX(F16u,F16d)",0.5968167871707997,0.30255619694490543,,False,False
DISCOVERY,fresh_both,PLACEBO_F12_closing_strength_10s,limit_down,1,True,True,362402.0,315269.0,1206.0,9.0,0.007462686567164179,1197.0,658.0,2.0,1195.0,2.0,2.0,1.0,0.001670843776106934,0.9983291562238931,0.000568993016879136,2.936492586976424,1.0087085528630657,0.0009593729718174914,0.0007114708042894425,1.7415998002753728,0.6579470157552104,0.6827062449632805,0.0010456335644305568,1.5979247730220494,0.748552458598776,,,,,,"MAX(F16u,F16d)",0.8651435059865801,0.4385843940880497,,False,False
DISCOVERY,fresh_both,PLACEBO_F13_volume_price_divergence,limit_down,1,True,True,362402.0,315269.0,718.0,10.0,0.013927576601671309,708.0,506.0,0.0,708.0,0.0,0.0,,0.0,1.0,0.0005179258512875752,0.0,-5.9644917231552075,0.0006077639421872813,-0.0006077639421872813,0.0,-3.1347546560306467,-3.0441623827350175,0.0010716684445498006,0.0,-1.4860666229654695,,,,,,"MAX(F16u,F16d)",0.0,0.0,,False,False
DISCOVERY,fresh_both,PLACEBO_F14_volume_no_range,limit_down,1,True,True,362402.0,315269.0,961.0,6.0,0.006243496357960458,955.0,595.0,0.0,955.0,0.0,0.0,,0.0,1.0,0.0005249391044903171,0.0,-6.678295885169259,0.0008721097959989848,-0.0008721097959989848,0.0,-4.555624746803417,-4.929489375689574,0.0009911002319379282,0.0,-2.2239037565635145,,,,,,"MAX(F16u,F16d)",0.0,0.0,,False,False
DISCOVERY,fresh_both,PLACEBO_F15_REF_abnormal_volume,limit_down,1,True,True,362402.0,315269.0,16099.0,112.0,0.006956953848065097,15987.0,1366.0,16.0,15971.0,16.0,16.0,0.1875,0.0010008131606930632,0.9989991868393069,0.0005553674896551353,1.8020737247593206,1.409158534833132,0.0010115127686487237,-1.0699607955660505e-05,0.9894221721294195,0.2463563798906653,0.24349850404260215,0.001198011068530866,0.8353955877222163,0.13497279748174046,,,,,,"MAX(F16u,F16d)",0.49149762578151335,0.24916466101572265,,False,False
DISCOVERY,fresh_both,PLACEBO_F16u_REF_moved_up,limit_down,1,True,True,362402.0,315269.0,14502.0,193.0,0.013308509171148807,14309.0,1353.0,7.0,14302.0,7.0,7.0,0.42857142857142855,0.0004892025997623873,0.9995107974002376,0.0006918267800050682,0.7071171771621843,-0.020684359861792363,0.0009309908964854672,-0.00044178829672307984,0.5254644289317428,-0.5706911576716153,-0.5305189275918529,0.0009141660864352875,0.5351353621856516,-0.4817329728139314,,,,,,"MAX(F16u,F16d)",0.2610256031525525,0.13232689745451987,,False,False
DISCOVERY,fresh_both,PLACEBO_F16d_REF_moved_down,limit_down,1,True,True,362402.0,315269.0,7691.0,139.0,0.018073072422311792,7552.0,1241.0,3.0,7549.0,3.0,3.0,1.0,0.00039724576271186443,0.9996027542372882,0.0005286335615464644,0.7514577045576937,-0.1477724244541642,0.0006549089606140743,-0.0002576631979022099,0.6065663880051169,-0.44673667651441534,-0.45091341719332706,0.0006249212916320967,0.6356732728283017,-0.9221269327958208,,,,,,"MAX(F16u,F16d)",0.3013131785209149,0.15275067883869628,,False,False
DISCOVERY,fresh_both,PLACEBO_F17_abnormal_volume_persistent,limit_down,1,True,True,362402.0,315269.0,7647.0,53.0,0.006930822544788806,7594.0,1250.0,6.0,7588.0,6.0,6.0,0.5,0.0007900974453515934,0.9992099025546484,0.0005663236742107398,1.3951340573086886,0.8745876284813107,0.0013281742371899165,-0.0005380767918383231,0.594874846408135,-0.5353528634192469,-0.5261205146230375,0.0015246027492537896,0.5182316808350919,-0.9557618243828165,,,,,,"MAX(F16u,F16d)",0.29550537968791,0.1498064159337185,,False,False
DISCOVERY,fresh_both,PLACEBO_F18_quiet_volume_repeat,limit_down,1,True,True,362402.0,315269.0,2772.0,17.0,0.006132756132756133,2755.0,964.0,0.0,2755.0,0.0,0.0,,0.0,1.0,0.0005650484922076581,0.0,-8.185664995297756,0.0010036776060164717,-0.0010036776060164717,0.0,-5.641498944637823,-4.330151951764598,0.001052334437089428,0.0,-2.585719485837721,,,,,,"MAX(F16u,F16d)",0.0,0.0,,False,False
DISCOVERY,fresh_both,PLACEBO_F01_quiet_volume,limit_down,3,True,True,362402.0,315269.0,5850.0,122.0,0.020854700854700856,5728.0,1211.0,6.0,5722.0,6.0,6.0,0.5,0.001047486033519553,0.9989525139664804,0.0016086478780985376,0.6511593045195869,-0.3216883839600332,0.002543101921448721,-0.001495615887929168,0.41189306047271396,-1.6922723240290825,-1.726800265205964,0.0025758672581298278,0.4066537319473774,-1.5144283753779944,,,,,,"MAX(F16u,F16d)",0.24931575113563614,0.24428866833580293,,False,False
DISCOVERY,fresh_both,PLACEBO_F02_quiet_volume_persistent,limit_down,3,True,True,362402.0,315269.0,23764.0,523.0,0.022008079447904394,23241.0,1378.0,41.0,23200.0,26.0,24.0,0.24390243902439024,0.0017641237468267285,0.9982358762531732,0.0017903019811473496,0.9853777549283366,0.7145969365847209,0.0022215291931527168,-0.00045740544632598824,0.79410333758574,-0.9995369597507731,-0.9851344664396663,0.0021103864638173935,0.8359244986985349,-0.29482759467445446,,,,,,"MAX(F16u,F16d)",0.48066473822668315,0.4709728458090592,,False,False
DISCOVERY,fresh_both,PLACEBO_F03_dip_recovered,limit_down,3,True,True,362402.0,315269.0,2717.0,81.0,0.02981229297018771,2636.0,1001.0,6.0,2630.0,6.0,6.0,0.5,0.002276176024279211,0.9977238239757208,0.001500879575375578,1.5165613961464055,0.38650964508982794,0.0017353892144787034,0.0005407868098005076,1.3116227790795367,0.03142936131218843,0.030061749220276317,0.002001932839096991,1.1369892035468694,-0.5045215244070346,,,,,,"MAX(F16u,F16d)",0.7939153381159916,0.7779072113827736,,False,False
DISCOVERY,fresh_both,PLACEBO_F04_dip_recovered_persistent,limit_down,3,True,True,362402.0,315269.0,1321.0,41.0,0.031037093111279335,1280.0,717.0,1.0,1279.0,1.0,1.0,1.0,0.00078125,0.99921875,0.0017392261817539098,0.4491940198440172,-3.5482535759066387,0.002447837359252283,-0.0016665873592522828,0.3191592762677014,-4.415644785461677,-3.409904107686047,0.002540864083832834,0.3074741403804263,-2.6743659346994786,,,,,,"MAX(F16u,F16d)",0.19318469362719268,0.18928941045274145,,False,False
DISCOVERY,fresh_both,PLACEBO_F05_departure_calm,limit_down,3,True,True,362402.0,315269.0,14069.0,462.0,0.0328381548084441,13607.0,1363.0,19.0,13588.0,19.0,19.0,0.15789473684210525,0.001396340119056368,0.9986036598809437,0.0015293859600930323,0.9130070207859297,-0.46108361223947214,0.0016839768136124229,-0.0002876366945560548,0.8291920101090797,-1.066209454255538,-1.1241331509122656,0.0015371937482745502,0.9083696317550825,-0.5007025808321547,,,,,,"MAX(F16u,F16d)",0.5019036460550133,0.49178350252311076,,False,False
DISCOVERY,fresh_both,PLACEBO_F06_departure_any,limit_down,3,True,True,362402.0,315269.0,30493.0,973.0,0.031908962712753744,29520.0,1364.0,54.0,29466.0,38.0,37.0,0.16666666666666666,0.001829268292682927,0.9981707317073171,0.001620031502972376,1.1291560005633536,0.8542546965088939,0.0021415140115536666,-0.0003122457188707397,0.854193940741856,-1.0059188263459924,-0.8324634809290554,0.0020084968849764405,0.9107648144071601,-0.5067497502560535,,,,,,"MAX(F16u,F16d)",0.5170371253818994,0.5066118376572241,,False,True
DISCOVERY,fresh_both,PLACEBO_F07_idio_activity,limit_down,3,True,True,362402.0,315269.0,5242.0,126.0,0.024036627241510875,5116.0,911.0,15.0,5101.0,12.0,12.0,0.4,0.0029319781078967944,0.9970680218921032,0.0015422967963013507,1.9010466175693934,1.3327167984815587,0.0023525079483359603,0.0005794701595608341,1.2463201707652978,0.0852379893471549,0.08026267389605553,0.0020633875940756314,1.4209536377532983,0.8618501691547059,,,,,,"MAX(F16u,F16d)",0.7543881636977198,0.7391770438833949,,False,False
DISCOVERY,fresh_both,PLACEBO_F08u_idio_move_up,limit_down,3,True,True,362402.0,315269.0,8958.0,300.0,0.033489618218352314,8658.0,1082.0,14.0,8644.0,14.0,14.0,0.21428571428571427,0.001617001617001617,0.9983829983829984,0.00171948123116264,0.9404008532900759,-0.8843415485407691,0.0025601599128878337,-0.0009431582958862167,0.631601803020834,-2.432967167492907,-2.338444688041337,0.0023982671418568855,0.6742374895524087,-1.5020284487843758,,,,,,"MAX(F16u,F16d)",0.38230378962452294,0.3745952000292874,,False,False
DISCOVERY,fresh_both,PLACEBO_F08d_idio_move_down,limit_down,3,True,True,362402.0,315269.0,2884.0,133.0,0.04611650485436893,2751.0,893.0,7.0,2744.0,7.0,6.0,0.5714285714285714,0.002544529262086514,0.9974554707379135,0.0015924272382463272,1.5978935809266217,0.748259644004252,0.0018307537329856273,0.0007137755291008868,1.3898806902536522,0.4623309075795216,0.5325203552661323,0.0015319669627194166,1.6609557020535768,0.9613117995405178,,,,,,"MAX(F16u,F16d)",0.8412842592730718,0.8243210084142794,,False,False
DISCOVERY,fresh_both,PLACEBO_F09_idio_quiet_volume,limit_down,3,True,True,362402.0,315269.0,1869.0,54.0,0.028892455858747994,1815.0,726.0,2.0,1813.0,2.0,2.0,1.0,0.0011019283746556473,0.9988980716253444,0.0013800137533873282,0.7984908642764585,0.043988343003216655,0.002157046545997035,-0.0010551181713413878,0.5108505315754841,-0.7580610888932576,-0.7713272312646662,0.0017284139184965631,0.6375373183838652,-0.3596460384637041,,,,,,"MAX(F16u,F16d)",0.3092139592048749,0.3029791177690384,,False,False
DISCOVERY,fresh_both,PLACEBO_F10_coil_then_volume,limit_down,3,True,True,362402.0,315269.0,249.0,4.0,0.01606425702811245,245.0,208.0,0.0,245.0,0.0,0.0,,0.0,1.0,0.0016385971355804808,0.0,-5.50908866648949,0.0008885579196688603,-0.0008885579196688603,0.0,-2.7636674720189194,-2.8019246608351605,0.0012244897959183675,0.0,-1.156486828784109,,,,,,"MAX(F16u,F16d)",0.0,0.0,,False,False
DISCOVERY,fresh_both,PLACEBO_F11_closing_strength,limit_down,3,True,True,362402.0,315269.0,941.0,38.0,0.040382571732199786,903.0,588.0,2.0,901.0,2.0,2.0,1.0,0.0022148394241417496,0.9977851605758582,0.0016906367412062595,1.3100622801805872,-0.21425125217680646,0.0018972037183523733,0.0003176357057893763,1.1674230883677728,-0.484287314364863,-0.39426600341036305,0.0027836504580690626,0.7956600361663653,-1.1341466931969735,,,,,,"MAX(F16u,F16d)",0.7066323570381604,0.692384162322458,,False,False
DISCOVERY,fresh_both,PLACEBO_F12_closing_strength_10s,limit_down,3,True,True,362402.0,315269.0,1206.0,33.0,0.02736318407960199,1173.0,646.0,4.0,1169.0,2.0,2.0,1.0,0.0034100596760443308,0.9965899403239556,0.0018070274230680774,1.887110086162683,1.129901420983221,0.00285500728505248,0.0005550523909918508,1.1944136513759012,0.40687578891872617,0.29986628147978267,0.003350190114895997,1.0178704966270824,0.06563796322709312,,,,,,"MAX(F16u,F16d)",0.722969540486268,0.7083919306672857,,False,False
DISCOVERY,fresh_both,PLACEBO_F13_volume_price_divergence,limit_down,3,True,True,362402.0,315269.0,718.0,27.0,0.037604456824512536,691.0,493.0,0.0,691.0,0.0,0.0,,0.0,1.0,0.001449682883383757,0.0,-8.45457694324301,0.0019250386732110943,-0.0019250386732110943,0.0,-5.831079220053637,-4.335319593214388,0.002280522179219719,0.0,-3.0782319527889754,,,,,,"MAX(F16u,F16d)",0.0,0.0,,False,False
DISCOVERY,fresh_both,PLACEBO_F14_volume_no_range,limit_down,3,True,True,362402.0,315269.0,961.0,30.0,0.031217481789802288,931.0,584.0,3.0,928.0,3.0,3.0,1.0,0.00322234156820623,0.9967776584317938,0.0014598911541199887,2.207247820573742,0.4366614145687056,0.002300157326196563,0.000922184242009667,1.4009222462771924,-0.2561649893608399,-0.259548740674257,0.002090337160154561,1.5415415415415414,-0.23539067779882578,,,,,,"MAX(F16u,F16d)",0.8479676295404801,0.8308696184206004,,False,False
DISCOVERY,fresh_both,PLACEBO_F15_REF_abnormal_volume,limit_down,3,True,True,362402.0,315269.0,16099.0,318.0,0.019752779675756258,15781.0,1363.0,40.0,15741.0,29.0,29.0,0.2,0.0025346936189088146,0.9974653063810912,0.0016584066853814628,1.5283908592817752,1.9871982783693847,0.0028640864590170007,-0.0003293928401081861,0.8849920053666122,-0.09636738096014548,-0.08378626634791896,0.0030254979022484247,0.8377773512998093,0.21408801035333022,,,,,,"MAX(F16u,F16d)",0.53567896073264,0.524877788013045,,False,False
DISCOVERY,fresh_both,PLACEBO_F16u_REF_moved_up,limit_down,3,True,True,362402.0,315269.0,14502.0,466.0,0.032133498827747894,14036.0,1350.0,28.0,14008.0,25.0,23.0,0.2857142857142857,0.001994870333428327,0.9980051296665716,0.0018321046969071145,1.0888407943039429,0.39974972542803894,0.002542329615040043,-0.0005474592816117159,0.7846623512651435,-1.0791641221798758,-0.9729022249576924,0.002487785638255858,0.801865845172615,-0.5599650953169977,,,,,,"MAX(F16u,F16d)",0.47495018068284045,0.4653735138528758,,False,False
DISCOVERY,fresh_both,PLACEBO_F16d_REF_moved_down,limit_down,3,True,True,362402.0,315269.0,7691.0,352.0,0.04576778052268886,7339.0,1228.0,16.0,7323.0,15.0,14.0,0.3125,0.002180133533178907,0.9978198664668211,0.0016800252292984408,1.2976790438375176,0.4058264284726221,0.0018671523695058074,0.00031298116367309975,1.1676248648930236,-0.3045305091443833,-0.3465173763993606,0.0016956136625028845,1.2857489777245756,-0.1427526061377911,,,,,,"MAX(F16u,F16d)",0.7067544908412808,0.6925038334783604,,False,False
DISCOVERY,fresh_both,PLACEBO_F17_abnormal_volume_persistent,limit_down,3,True,True,362402.0,315269.0,7647.0,133.0,0.017392441480319078,7514.0,1247.0,17.0,7497.0,11.0,11.0,0.47058823529411764,0.0022624434389140274,0.997737556561086,0.0017157317663756963,1.3186463544317317,0.6699119898962991,0.003665419219740047,-0.0014029757808260196,0.6172400217496761,-1.9323224770949228,-1.7709869609325508,0.0037641350457427113,0.6010526751618229,-1.8216450651145943,,,,,,"MAX(F16u,F16d)",0.37361071215156155,0.3660774055861502,,False,False
DISCOVERY,fresh_both,PLACEBO_F18_quiet_volume_repeat,limit_down,3,True,True,362402.0,315269.0,2772.0,46.0,0.016594516594516596,2726.0,956.0,1.0,2725.0,1.0,1.0,1.0,0.00036683785766691124,0.9996331621423331,0.0016097355596152185,0.22788703118082201,-0.6033659150339665,0.0029142414745651876,-0.0025474036168982766,0.1258776463339039,-1.873421765789962,-1.6847067475343156,0.0027330295855607666,0.1342238882465822,-1.591003720025998,,,,,,"MAX(F16u,F16d)",0.07619278632882479,0.07465647166005514,,False,False
DISCOVERY,fresh_both,PLACEBO_F01_quiet_volume,limit_down,5,True,True,362402.0,315269.0,5850.0,195.0,0.03333333333333333,5655.0,1206.0,13.0,5642.0,12.0,12.0,0.3076923076923077,0.0022988505747126436,0.9977011494252873,0.002771559746925206,0.8294429074686229,0.4306017791910113,0.00421213778080231,-0.0019132872060896667,0.5457681335093384,-1.4069471479296487,-1.3720141244151105,0.0038681655774806026,0.5942999410614479,-1.1876882909267723,,,,,,"MAX(F16u,F16d)",0.3735355661537648,0.3304577946553093,,False,False
DISCOVERY,fresh_both,PLACEBO_F02_quiet_volume_persistent,limit_down,5,True,True,362402.0,315269.0,23764.0,836.0,0.03517926275037873,22928.0,1374.0,68.0,22860.0,37.0,33.0,0.20588235294117646,0.0029658060013956736,0.9970341939986044,0.0031439402594452097,0.9433404443629695,1.6505705088399882,0.0038882686930557663,-0.0009224626916600927,0.7627574726747768,-0.44486309269342317,-0.34664275542483225,0.0036748975531763588,0.8070445389238703,0.06187416415028088,,,,,,"MAX(F16u,F16d)",0.5220477834818702,0.4618429270617193,,False,True
DISCOVERY,fresh_both,PLACEBO_F03_dip_recovered,limit_down,5,True,True,362402.0,315269.0,2717.0,130.0,0.04784688995215311,2587.0,994.0,10.0,2577.0,9.0,9.0,0.4,0.003865481252415926,0.9961345187475841,0.002767871173748678,1.3965538891684381,-0.03302357932810438,0.003294455176169774,0.0005710260762461518,1.1733294416559774,-0.64689686482501,-0.6708561151438378,0.004027971865178259,0.9596594469372884,-1.1689010536060809,,,,,,"MAX(F16u,F16d)",0.8030521578012709,0.7104406356607944,,False,False
DISCOVERY,fresh_both,PLACEBO_F04_dip_recovered_persistent,limit_down,5,True,True,362402.0,315269.0,1321.0,59.0,0.04466313398940197,1262.0,715.0,1.0,1261.0,1.0,1.0,1.0,0.000792393026941363,0.9992076069730587,0.0030772538512158693,0.25750005207671656,-6.44379666145213,0.0038328604846606406,-0.0030404674577192777,0.20673672577245425,-5.8689753827381566,-3.8034062304334517,0.00479009599103754,0.16542320413285283,-4.054487832162665,,,,,,"MAX(F16u,F16d)",0.1414951060070787,0.12517726535943988,,False,False
DISCOVERY,fresh_both,PLACEBO_F05_departure_calm,limit_down,5,True,True,362402.0,315269.0,14069.0,699.0,0.04968370175563295,13370.0,1361.0,37.0,13333.0,33.0,30.0,0.16216216216216217,0.0027673896783844427,0.9972326103216156,0.002694996560968679,1.0268620444509002,0.05260032367292751,0.0029446795665600653,-0.00017728988817562264,0.939793147550268,-0.8388735619654976,-0.7243295053958285,0.0026600419515857942,1.0403556518101726,-0.35394824534773384,,,,,,"MAX(F16u,F16d)",0.6432148450668225,0.5690364678763703,,False,True
DISCOVERY,fresh_both,PLACEBO_F06_departure_any,limit_down,5,True,True,362402.0,315269.0,30493.0,1497.0,0.049093234512839014,28996.0,1362.0,95.0,28901.0,51.0,47.0,0.15789473684210525,0.0032763139743412885,0.9967236860256588,0.002826113914996487,1.1593000398730782,1.065569795690987,0.0036250148710621198,-0.00034870089672083123,0.9038070437987851,-1.2156587796399145,-0.8707212134173453,0.003331572458703584,0.9834136927690301,-0.5799670286557005,,,,,,"MAX(F16u,F16d)",0.6185851739424855,0.5472471992221412,,False,True
DISCOVERY,fresh_both,PLACEBO_F07_idio_activity,limit_down,5,True,True,362402.0,315269.0,5242.0,198.0,0.03777184280808851,5044.0,911.0,23.0,5021.0,14.0,14.0,0.391304347826087,0.004559873116574148,0.9954401268834259,0.0026853061509908432,1.6980831458981367,1.5096594619918613,0.004146187780506578,0.00041368533606757005,1.0997748674125478,-0.3089738873017888,-0.2479226378500569,0.0037949120225091683,1.201575448792405,0.1614094581819583,,,,,,"MAX(F16u,F16d)",0.75270980938208,0.6659039892373402,,False,False
DISCOVERY,fresh_both,PLACEBO_F08u_idio_move_up,limit_down,5,True,True,362402.0,315269.0,8958.0,458.0,0.05112748381335119,8500.0,1076.0,30.0,8470.0,25.0,24.0,0.23333333333333334,0.0035294117647058825,0.9964705882352941,0.002941066676392759,1.2000447977040538,0.7237526228255732,0.004106778719920935,-0.0005773669552150522,0.8594112333312743,-0.8411037597931841,-0.758609007526382,0.003781613340018002,0.9333084711111901,-0.21430853847148856,,,,,,"MAX(F16u,F16d)",0.5881997168598155,0.5203659272711879,,False,False
DISCOVERY,fresh_both,PLACEBO_F08d_idio_move_down,limit_down,5,True,True,362402.0,315269.0,2884.0,214.0,0.07420249653259361,2670.0,880.0,10.0,2660.0,10.0,10.0,0.3,0.003745318352059925,0.9962546816479401,0.0029417931623732206,1.2731412935362458,0.49828024482585465,0.0031402827575201073,0.0006050355945398178,1.1926691451879374,0.15311725579920857,0.1787726621779883,0.003208862506615316,1.1671794426650142,-0.27415680538889836,,,,,,"MAX(F16u,F16d)",0.816288671009921,0.722150655696894,,False,False
DISCOVERY,fresh_both,PLACEBO_F09_idio_quiet_volume,limit_down,5,True,True,362402.0,315269.0,1869.0,81.0,0.04333868378812199,1788.0,721.0,6.0,1782.0,5.0,5.0,0.6666666666666666,0.003355704697986577,0.9966442953020134,0.0024862838833029973,1.3496868642081874,0.567694517140519,0.0041544875779560096,-0.0007987828799694324,0.807730107508847,-0.8304391971595126,-0.8442937435643374,0.0033943281426502903,0.9886211812645915,-0.5266279734089946,,,,,,"MAX(F16u,F16d)",0.55282803169122,0.48907346108272237,,False,False
DISCOVERY,fresh_both,PLACEBO_F10_coil_then_volume,limit_down,5,True,True,362402.0,315269.0,249.0,8.0,0.0321285140562249,241.0,206.0,1.0,240.0,1.0,1.0,1.0,0.004149377593360996,0.995850622406639,0.0026619917887767282,1.5587492083391323,0.40984782972477385,0.0021101064994511055,0.0020392710939098903,1.9664304121333964,0.6156355091436346,0.6734758337223588,0.0012448132780082989,3.333333333333333,0.7647007681962278,,,,,,"MAX(F16u,F16d)",1.3458676903232223,1.1906562832064183,,False,False
DISCOVERY,fresh_both,PLACEBO_F11_closing_strength,limit_down,5,True,True,362402.0,315269.0,941.0,61.0,0.06482465462274177,880.0,580.0,5.0,875.0,5.0,5.0,0.6,0.005681818181818182,0.9943181818181818,0.0028806102054181925,1.9724356218453807,1.203791237525716,0.0031532759216549664,0.0025285422601632156,1.8018778955557224,1.0756376586448697,0.9650821701066065,0.0047377590843499925,1.1992627908385325,0.20481374855151951,,,,,,"MAX(F16u,F16d)",1.2332443734457146,1.0910211847194726,,False,False
DISCOVERY,fresh_both,PLACEBO_F12_closing_strength_10s,limit_down,5,True,True,362402.0,315269.0,1206.0,58.0,0.04809286898839138,1148.0,633.0,6.0,1142.0,2.0,2.0,1.0,0.005226480836236934,0.9947735191637631,0.002857594980637889,1.8289788691713929,1.0345875329129919,0.003967236940635185,0.0012592438956017492,1.3174108112131397,0.23607869788978514,0.14714216668528077,0.004155561821067047,1.2577073958425438,0.07193397807044143,,,,,,"MAX(F16u,F16d)",0.9016645769685098,0.7976806350514181,,False,False
DISCOVERY,fresh_both,PLACEBO_F13_volume_price_divergence,limit_down,5,True,True,362402.0,315269.0,718.0,40.0,0.055710306406685235,678.0,486.0,1.0,677.0,1.0,1.0,1.0,0.0014749262536873156,0.9985250737463127,0.002603140792685679,0.5665948833161742,-0.3729317057781047,0.003078114516870788,-0.0016031882631834726,0.4791654909534444,-0.49524064388124556,-0.5322906841359257,0.0027726861797658254,0.5319484997800524,-0.25560217272166547,,,,,,"MAX(F16u,F16d)",0.3279512707965369,0.29013048159707994,,False,False
DISCOVERY,fresh_both,PLACEBO_F14_volume_no_range,limit_down,5,True,True,362402.0,315269.0,961.0,53.0,0.055150884495317375,908.0,574.0,3.0,905.0,3.0,3.0,1.0,0.003303964757709251,0.9966960352422908,0.0024771793991622067,1.333760792143947,-0.4937931047877813,0.0033466392397518358,-4.267448204258459e-05,0.9872485562424264,-1.074767563137378,-1.098632074237641,0.0032372179949272458,1.020618556701031,-0.7935363204515341,,,,,,"MAX(F16u,F16d)",0.6756943576373019,0.5977702995862584,,False,False
DISCOVERY,fresh_both,PLACEBO_F15_REF_abnormal_volume,limit_down,5,True,True,362402.0,315269.0,16099.0,499.0,0.030995714019504315,15600.0,1361.0,63.0,15537.0,36.0,35.0,0.2222222222222222,0.0040384615384615385,0.9959615384615385,0.0028605829064612064,1.4117617529419806,2.0678185728793497,0.004685113368695253,-0.0006466518302337141,0.8619773355849873,-0.6549245611397184,-0.48292616773330693,0.004624640777355709,0.8732486981984928,-0.3050877309364783,,,,,,"MAX(F16u,F16d)",0.5899560129850321,0.5219196795692002,,False,True
DISCOVERY,fresh_both,PLACEBO_F16u_REF_moved_up,limit_down,5,True,True,362402.0,315269.0,14502.0,715.0,0.049303544338711904,13787.0,1346.0,53.0,13734.0,39.0,34.0,0.22641509433962265,0.0038442010589685937,0.9961557989410315,0.0030025078713048757,1.280330051990146,1.0383617262190792,0.003984204762659884,-0.00014000370369129022,0.9648603141576934,-0.6664489538070364,-0.6117026240962912,0.0036838266087686894,1.0435347445013188,0.002723802437617383,,,,,,"MAX(F16u,F16d)",0.6603713584205197,0.5842144163250685,,False,True
DISCOVERY,fresh_both,PLACEBO_F16d_REF_moved_down,limit_down,5,True,True,362402.0,315269.0,7691.0,540.0,0.07021193602912496,7151.0,1221.0,24.0,7127.0,22.0,20.0,0.25,0.0033561739616836807,0.9966438260383164,0.002934128682149708,1.1438400715352262,0.4141375019753555,0.003109605708541847,0.00024656825314183384,1.0792924493496168,-0.22191804134630574,-0.24329505187567171,0.002930099469045071,1.145412979026773,-0.8486331128670561,,,,,,"MAX(F16u,F16d)",0.7386911975255412,0.6535020656241718,,False,False
DISCOVERY,fresh_both,PLACEBO_F17_abnormal_volume_persistent,limit_down,5,True,True,362402.0,315269.0,7647.0,201.0,0.02628481757551981,7446.0,1244.0,31.0,7415.0,16.0,16.0,0.41935483870967744,0.00416330915928015,0.9958366908407198,0.002962481032375115,1.4053454229012543,1.2948484202601203,0.0058694868596059595,-0.0017061777003258092,0.7093139926647095,-1.5508328130758138,-1.0576359739613865,0.005659322467991947,0.7356550510820042,-1.077028284119115,,,,,,"MAX(F16u,F16d)",0.4854699048240898,0.429483370945331,,False,False
DISCOVERY,fresh_both,PLACEBO_F18_quiet_volume_repeat,limit_down,5,True,True,362402.0,315269.0,2772.0,77.0,0.027777777777777776,2695.0,952.0,5.0,2690.0,5.0,5.0,0.6,0.0018552875695732839,0.9981447124304267,0.002794537341584071,0.6638979347191769,0.3449228121438572,0.004836849049640815,-0.0029815614800675306,0.38357359316620765,-1.0956837467366276,-1.006873193425536,0.00421473290675517,0.4401910181780959,-0.9801895534119075,,,,,,"MAX(F16u,F16d)",0.26252609943288613,0.23225042999610923,,False,False
DISCOVERY,fresh_both,PLACEBO_F01_quiet_volume,abn_down,1,True,True,362402.0,315269.0,5850.0,44.0,0.007521367521367521,5806.0,1223.0,17.0,5789.0,17.0,17.0,0.17647058823529413,0.0029280055115397862,0.9970719944884602,0.0034916003155368177,0.8385855329749042,-0.4407376765567279,0.002865222320161114,6.278319137867231e-05,1.0219121535306,0.352061015596664,0.35616928691654076,0.0028942694152112396,1.0116561699996696,0.34650257983042054,,,,,,"MAX(F16u,F16d)",0.5635223185167529,0.3770677827593205,,False,False
DISCOVERY,fresh_both,PLACEBO_F02_quiet_volume_persistent,abn_down,1,True,True,362402.0,315269.0,23764.0,204.0,0.008584413398417775,23560.0,1381.0,55.0,23505.0,55.0,54.0,0.07272727272727272,0.00233446519524618,0.9976655348047538,0.0034766540822012216,0.6714689296233142,-3.8343826648580435,0.0032655217915823977,-0.0009310565963362178,0.7148827489878581,-2.998152911585901,-2.79479957264024,0.0031746719251959155,0.7353406116451278,-2.0010517398708423,,,,,,"MAX(F16u,F16d)",0.39421429991360285,0.26377928099048475,,False,True
DISCOVERY,fresh_both,PLACEBO_F03_dip_recovered,abn_down,1,True,True,362402.0,315269.0,2717.0,24.0,0.008833271991166729,2693.0,1016.0,17.0,2676.0,17.0,15.0,0.29411764705882354,0.0063126624582250275,0.993687337541775,0.003965650851472309,1.591835160143096,1.41949390451219,0.004055636445179463,0.0022570260130455643,1.5565158621967385,1.4339341310883575,1.3978985944725106,0.004074247787797076,1.549405629459334,1.1497721504167864,,,,,,"MAX(F16u,F16d)",0.8583237066344804,0.5743272383643903,,False,False
DISCOVERY,fresh_both,PLACEBO_F04_dip_recovered_persistent,abn_down,1,True,True,362402.0,315269.0,1321.0,14.0,0.010598031794095382,1307.0,728.0,14.0,1293.0,14.0,12.0,0.35714285714285715,0.010711553175210406,0.9892884468247896,0.003868736670286548,2.768747032456212,2.227882893818962,0.004306635110131488,0.006404918065078918,2.4872209744473492,2.1350796704439396,2.391570315531467,0.004127870769033738,2.594934234755075,2.6306862440542904,,,,,,"MAX(F16u,F16d)",1.371550896367824,0.9177412117344544,,False,False
DISCOVERY,fresh_both,PLACEBO_F05_departure_calm,abn_down,1,True,True,362402.0,315269.0,14069.0,171.0,0.012154381974553983,13898.0,1365.0,57.0,13841.0,57.0,49.0,0.12280701754385964,0.004101309540941143,0.9958986904590589,0.003908521830514137,1.04932496703022,0.13749759164216652,0.0036317384400878982,0.0004695711008532444,1.1292965087105444,0.6885824943543506,0.6920180241379611,0.003525443662820046,1.1633456475831057,0.8290878740288155,,,,,,"MAX(F16u,F16d)",0.6227382507222375,0.41669073916594335,,False,True
DISCOVERY,fresh_both,PLACEBO_F06_departure_any,abn_down,1,True,True,362402.0,315269.0,30493.0,362.0,0.011871577083265012,30131.0,1366.0,102.0,30029.0,102.0,84.0,0.08823529411764706,0.003385217881915635,0.9966147821180844,0.0038356682442254215,0.8825627417105384,-1.040710315636899,0.003528085684252208,-0.00014286780233657313,0.9595055746592916,-0.14175303415090787,-0.13087309844997386,0.0034387712782638015,0.9844265896116228,0.23383462469084557,,,,,,"MAX(F16u,F16d)",0.5291088908118781,0.35404084228963345,,False,True
DISCOVERY,fresh_both,PLACEBO_F07_idio_activity,abn_down,1,True,True,362402.0,315269.0,5242.0,45.0,0.008584509729111026,5197.0,913.0,11.0,5186.0,11.0,10.0,0.36363636363636365,0.0021166057340773524,0.9978833942659227,0.004463127492880837,0.4742427227215812,-3.361658454656233,0.003548379053707875,-0.0014317733196305225,0.5964993316781102,-2.032310280431792,-2.400737161943315,0.003018293818386275,0.7012590097040293,-1.8898078156534215,,,,,,"MAX(F16u,F16d)",0.3289330547832426,0.2200978622636046,,False,False
DISCOVERY,fresh_both,PLACEBO_F08u_idio_move_up,abn_down,1,True,True,362402.0,315269.0,8958.0,137.0,0.015293592319714222,8821.0,1093.0,19.0,8802.0,19.0,18.0,0.21052631578947367,0.0021539507992291125,0.9978460492007709,0.00368129333269682,0.5851070818231113,-3.9538501906346286,0.0031551385120757044,-0.0010011877128465918,0.6826802661706507,-2.5744703092439707,-2.5931852367319443,0.0027994800944362275,0.7694110072473601,-1.4951714417447501,,,,,,"MAX(F16u,F16d)",0.3764565917618275,0.25189712580397644,,False,False
DISCOVERY,fresh_both,PLACEBO_F08d_idio_move_down,abn_down,1,True,True,362402.0,315269.0,2884.0,56.0,0.019417475728155338,2828.0,909.0,9.0,2819.0,9.0,9.0,0.3333333333333333,0.0031824611032531826,0.9968175388967468,0.004250569695099761,0.7487140151876724,-1.5511778902796491,0.0037837788901804352,-0.0006013177869272526,0.8410800936366084,-0.9775573914086215,-1.0988977538918037,0.003495061275450659,0.9105594587444911,-0.5050671621558608,,,,,,"MAX(F16u,F16d)",0.463804450105502,0.31034390278543755,,False,False
DISCOVERY,fresh_both,PLACEBO_F09_idio_quiet_volume,abn_down,1,True,True,362402.0,315269.0,1869.0,17.0,0.00909577314071696,1852.0,736.0,6.0,1846.0,6.0,6.0,0.5,0.0032397408207343412,0.9967602591792657,0.004633523699788092,0.6991959102059857,-1.193819922886029,0.003632006878783008,-0.0003922660580486666,0.89199743526364,-0.5005467418366271,-0.4994754874834783,0.0029363989248374963,1.1033040481424479,-0.17668508119283718,,,,,,"MAX(F16u,F16d)",0.4918822631613922,0.3291315148565653,,False,False
DISCOVERY,fresh_both,PLACEBO_F10_coil_then_volume,abn_down,1,True,True,362402.0,315269.0,249.0,0.0,0.0,249.0,211.0,1.0,248.0,1.0,1.0,1.0,0.004016064257028112,0.9959839357429718,0.004042418772302346,0.9934805083889852,0.229713594166607,0.00298286425377906,0.0010332000032490522,1.3463784856920884,0.47304421294113275,0.5191844698534399,0.0009753298909925416,4.117647058823529,0.8378198408232999,,,,,,"MAX(F16u,F16d)",0.7424457407977795,0.4967902070650592,,False,False
DISCOVERY,fresh_both,PLACEBO_F11_closing_strength,abn_down,1,True,True,362402.0,315269.0,941.0,9.0,0.009564293304994687,932.0,603.0,6.0,926.0,6.0,6.0,0.5,0.006437768240343348,0.9935622317596566,0.004036380396679378,1.5949359593658534,0.8146226337661512,0.0035339816742880957,0.002903786566055252,1.8216756151233315,0.9257837696978494,1.022405418247773,0.004770400974800117,1.349523504282173,0.20766777903899564,,,,,,"MAX(F16u,F16d)",1.0045431622210301,0.6721665680637271,,False,False
DISCOVERY,fresh_both,PLACEBO_F12_closing_strength_10s,abn_down,1,True,True,362402.0,315269.0,1206.0,9.0,0.007462686567164179,1197.0,658.0,7.0,1190.0,7.0,7.0,0.42857142857142855,0.005847953216374269,0.9941520467836258,0.0050213035536973896,1.164628498125389,0.5533127065813545,0.004707580882232321,0.0011403723341419474,1.2422416869025066,0.7104237369428242,0.7448776901817449,0.005032861029470199,1.1619540420709515,0.662329284133431,,,,,,"MAX(F16u,F16d)",0.6850206381663325,0.45836554239346394,,False,False
DISCOVERY,fresh_both,PLACEBO_F13_volume_price_divergence,abn_down,1,True,True,362402.0,315269.0,718.0,10.0,0.013927576601671309,708.0,506.0,2.0,706.0,2.0,2.0,1.0,0.002824858757062147,0.9971751412429378,0.003176466700911647,0.889308474806744,-0.2860482315762285,0.0025323138927197406,0.0002925448643424063,1.1155247243177302,0.08225942778501649,0.09000707598821646,0.0019853498667057987,1.4228518632583924,0.583403887361043,,,,,,"MAX(F16u,F16d)",0.6151439503272974,0.41160919063195545,,False,False
DISCOVERY,fresh_both,PLACEBO_F14_volume_no_range,abn_down,1,True,True,362402.0,315269.0,961.0,6.0,0.006243496357960458,955.0,595.0,4.0,951.0,4.0,4.0,0.75,0.004188481675392671,0.9958115183246073,0.004229914906648658,0.9902047128203781,0.016481921848786975,0.0031607835597730477,0.0010276981156196229,1.3251403002404296,0.402513031862435,0.4046916249917028,0.00284136456911326,1.4741092082737635,0.36226508989256007,,,,,,"MAX(F16u,F16d)",0.7307341749205574,0.48895368660640665,,False,False
DISCOVERY,fresh_both,PLACEBO_F15_REF_abnormal_volume,abn_down,1,True,True,362402.0,315269.0,16099.0,112.0,0.006956953848065097,15987.0,1366.0,38.0,15949.0,38.0,34.0,0.18421052631578946,0.002376931256646025,0.9976230687433539,0.0034141071039505903,0.6962087551077673,-2.922332812747625,0.002852033310193539,-0.00047510205354751433,0.833416372856012,-1.4725637937569496,-1.7486764753726152,0.002834304477164068,0.8386294682864563,-1.3075551620652994,,,,,,"MAX(F16u,F16d)",0.4595783748133879,0.30751612332079153,,False,True
DISCOVERY,fresh_both,PLACEBO_F16u_REF_moved_up,abn_down,1,True,True,362402.0,315269.0,14502.0,193.0,0.013308509171148807,14309.0,1353.0,34.0,14275.0,34.0,30.0,0.17647058823529413,0.0023761269131315956,0.9976238730868684,0.004263537833544864,0.5573134344995352,-3.0384373442495822,0.0037984106279044237,-0.001422283714772828,0.625558199441565,-2.2003709560051075,-2.208651015066318,0.003612683439724032,0.657717996269583,-1.2741886798263296,,,,,,"MAX(F16u,F16d)",0.34495725067812333,0.23082007825761772,,False,True
DISCOVERY,fresh_both,PLACEBO_F16d_REF_moved_down,abn_down,1,True,True,362402.0,315269.0,7691.0,139.0,0.018073072422311792,7552.0,1241.0,25.0,7527.0,25.0,24.0,0.16,0.0033103813559322032,0.9966896186440678,0.004308166703495249,0.7683967645092437,-0.9419862341824398,0.004156731443588775,-0.0008463500876565722,0.7963904815255846,-0.6937436320664462,-0.7681270691964847,0.003971420632375268,0.833550928588568,-0.7380382387204558,,,,,,"MAX(F16u,F16d)",0.4391608506107589,0.2938542144175486,,False,False
DISCOVERY,fresh_both,PLACEBO_F17_abnormal_volume_persistent,abn_down,1,True,True,362402.0,315269.0,7647.0,53.0,0.006930822544788806,7594.0,1250.0,13.0,7581.0,13.0,12.0,0.3076923076923077,0.0017118777982617856,0.9982881222017382,0.0033095117502840313,0.5172599245537858,-3.1030530663877767,0.002661060598808514,-0.0009491828005467283,0.6433065819802362,-1.6087952144465887,-1.807939237009277,0.002410188261924927,0.710267253934169,-1.247384855721482,,,,,,"MAX(F16u,F16d)",0.3547444027768235,0.23736892223437212,,False,False
DISCOVERY,fresh_both,PLACEBO_F18_quiet_volume_repeat,abn_down,1,True,True,362402.0,315269.0,2772.0,17.0,0.006132756132756133,2755.0,964.0,7.0,2748.0,7.0,7.0,0.42857142857142855,0.002540834845735027,0.997459165154265,0.0033247100313170026,0.7642275030910102,0.19654096818953973,0.0026029403676234297,-6.210552188840252e-05,0.9761402440636368,0.7395750233707105,0.8040229686995288,0.002380575310008426,1.0673196664070392,1.1104923393425767,,,,,,"MAX(F16u,F16d)",0.538281897941806,0.36017874552090456,,False,False
DISCOVERY,fresh_both,PLACEBO_F01_quiet_volume,abn_down,3,True,True,362402.0,315269.0,5850.0,122.0,0.020854700854700856,5728.0,1211.0,28.0,5700.0,25.0,21.0,0.35714285714285715,0.004888268156424581,0.9951117318435754,0.008176606648424517,0.5978357974902048,-4.639219502950461,0.0056583375250310805,-0.0007700693686064995,0.8639053670446657,-1.4782326472144027,-1.0902416904878791,0.005541944484649755,0.8820492825152351,-0.6552588657335552,,,,,,"MAX(F16u,F16d)",0.4415278440200683,0.4895865384675767,,False,False
DISCOVERY,fresh_both,PLACEBO_F02_quiet_volume_persistent,abn_down,3,True,True,362402.0,315269.0,23764.0,523.0,0.022008079447904394,23241.0,1378.0,111.0,23130.0,99.0,78.0,0.09009009009009009,0.004776042338969924,0.9952239576610301,0.008975232663896184,0.5321357693803366,-6.663835056339131,0.006474481149530493,-0.0016984388105605692,0.7376718270801152,-2.621352997135899,-2.232931313062876,0.006547195253099986,0.7294791363841713,-2.445381000840572,,,,,,"MAX(F16u,F16d)",0.37701195504691015,0.41804833043308787,,False,True
DISCOVERY,fresh_both,PLACEBO_F03_dip_recovered,abn_down,3,True,True,362402.0,315269.0,2717.0,81.0,0.02981229297018771,2636.0,1001.0,25.0,2611.0,24.0,20.0,0.24,0.009484066767830045,0.9905159332321699,0.010451321750179718,0.9074514204547344,-0.7716213710468338,0.009501887694026056,-1.78209261960105e-05,0.9981244857053809,-0.2813929386117689,-0.20076172388444982,0.010281261228434683,0.9224614137417448,-0.4369922389405096,,,,,,"MAX(F16u,F16d)",0.5101250311069676,0.5656502790206217,,False,False
DISCOVERY,fresh_both,PLACEBO_F04_dip_recovered_persistent,abn_down,3,True,True,362402.0,315269.0,1321.0,41.0,0.031037093111279335,1280.0,717.0,9.0,1271.0,8.0,6.0,0.6666666666666666,0.00703125,0.99296875,0.011811042739361736,0.5953115364291677,-2.634692931236206,0.012312444319197377,-0.005281194319197377,0.5710685723903727,-2.906187692562488,-2.696316580183216,0.013513847263847264,0.5202996498865469,-3.15826679687948,,,,,,"MAX(F16u,F16d)",0.29186376792367263,0.3236320738933065,,False,False
DISCOVERY,fresh_both,PLACEBO_F05_departure_calm,abn_down,3,True,True,362402.0,315269.0,14069.0,462.0,0.0328381548084441,13607.0,1363.0,194.0,13413.0,187.0,137.0,0.05670103092783505,0.014257367531417653,0.9857426324685823,0.013413166246676099,1.0629382555331226,-0.6675837903390998,0.013475236976187806,0.0007821305552298471,1.058042063127495,0.014470004994266381,0.017854557115043957,0.013456931767994458,1.0594812976110146,-0.23025615417817957,,,,,,"MAX(F16u,F16d)",0.5407479208206782,0.5996063585201707,,False,True
DISCOVERY,fresh_both,PLACEBO_F06_departure_any,abn_down,3,True,True,362402.0,315269.0,30493.0,973.0,0.031908962712753744,29520.0,1364.0,290.0,29230.0,273.0,167.0,0.05517241379310345,0.009823848238482384,0.9901761517615176,0.011464733931815078,0.8568753794818411,-3.3192114201287053,0.01023793250666393,-0.000414084268181545,0.9595539169737625,-0.8343576762368216,-0.9431697676852643,0.01034752707800104,0.9493909186638416,-1.1381149622509876,,,,,,"MAX(F16u,F16d)",0.49041224692441615,0.5437918302224184,,False,True
DISCOVERY,fresh_both,PLACEBO_F07_idio_activity,abn_down,3,True,True,362402.0,315269.0,5242.0,126.0,0.024036627241510875,5116.0,911.0,26.0,5090.0,24.0,19.0,0.34615384615384615,0.0050820953870211105,0.9949179046129789,0.01151995848254449,0.4411557033579338,-7.186272532091665,0.006691807662106203,-0.0016097122750850928,0.7594503075453836,-2.6903929572319147,-2.650738999049405,0.006695665582025258,0.7590127261827665,-2.4625742886289683,,,,,,"MAX(F16u,F16d)",0.38814257871551616,0.4303904818663515,,False,False
DISCOVERY,fresh_both,PLACEBO_F08u_idio_move_up,abn_down,3,True,True,362402.0,315269.0,8958.0,300.0,0.033489618218352314,8658.0,1082.0,52.0,8606.0,52.0,51.0,0.07692307692307693,0.006006006006006006,0.993993993993994,0.010119945351019392,0.5934820592090465,-5.9877918190931165,0.00771652256612137,-0.0017105165601153643,0.7783306475866191,-3.439807921291393,-3.1908886887691943,0.007177592831915289,0.836771623391647,-2.4488476181612504,,,,,,"MAX(F16u,F16d)",0.397792010413446,0.441090218988602,,False,True
DISCOVERY,fresh_both,PLACEBO_F08d_idio_move_down,abn_down,3,True,True,362402.0,315269.0,2884.0,133.0,0.04611650485436893,2751.0,893.0,20.0,2731.0,20.0,19.0,0.2,0.007270083605961469,0.9927299163940385,0.012064182807638268,0.6026171620475211,-0.918316526421338,0.008021621828080944,-0.0007515382221194751,0.9063109383331189,0.126748196974478,0.13249794952935237,0.008182617244506363,0.8884790023439566,0.46760713867844644,,,,,,"MAX(F16u,F16d)",0.4632006350220277,0.5136183336743548,,False,False
DISCOVERY,fresh_both,PLACEBO_F09_idio_quiet_volume,abn_down,3,True,True,362402.0,315269.0,1869.0,54.0,0.028892455858747994,1815.0,726.0,8.0,1807.0,7.0,4.0,0.875,0.004407713498622589,0.9955922865013774,0.010790800863355763,0.408469543126372,-6.167347383660212,0.006359244225998511,-0.0019515307273759216,0.6931190786166893,-3.2178467446279315,-2.3425243907766053,0.006086821528317831,0.7241404201053872,-1.9522403127055545,,,,,,"MAX(F16u,F16d)",0.3542417770567926,0.39279970166944966,,False,False
DISCOVERY,fresh_both,PLACEBO_F10_coil_then_volume,abn_down,3,True,True,362402.0,315269.0,249.0,4.0,0.01606425702811245,245.0,208.0,3.0,242.0,3.0,3.0,1.0,0.012244897959183673,0.9877551020408163,0.011362711532658961,1.0776387241715246,0.12256939334740728,0.010313946296257903,0.00193095166292577,1.187217540935457,0.3865170593848622,0.4287175722419332,0.011561890490461918,1.059074030262197,0.27394444256082645,,,,,,"MAX(F16u,F16d)",0.6067673859062134,0.6728118014395058,,False,False
DISCOVERY,fresh_both,PLACEBO_F11_closing_strength,abn_down,3,True,True,362402.0,315269.0,941.0,38.0,0.040382571732199786,903.0,588.0,4.0,899.0,4.0,4.0,0.75,0.004429678848283499,0.9955703211517165,0.009786572007900994,0.45262823843806455,-1.8424241707468707,0.00771448889763618,-0.0032848100493526808,0.5742025048011684,-1.1814256654029232,-1.190667980665179,0.007441809144466951,0.5952422001546497,-1.2916794000651617,,,,,,"MAX(F16u,F16d)",0.2934654693060553,0.3254081146256863,,False,False
DISCOVERY,fresh_both,PLACEBO_F12_closing_strength_10s,abn_down,3,True,True,362402.0,315269.0,1206.0,33.0,0.02736318407960199,1173.0,646.0,16.0,1157.0,13.0,10.0,0.5,0.013640238704177323,0.9863597612958227,0.015407524292076988,0.8852972382585529,0.9232280378074462,0.01644931296040585,-0.002809074256228526,0.8292284751958894,0.9247419672229403,0.611211584649717,0.017854625092852863,0.7639610819740739,0.5040093916134617,,,,,,"MAX(F16u,F16d)",0.42380505414126013,0.4699346875905128,,False,False
DISCOVERY,fresh_both,PLACEBO_F13_volume_price_divergence,abn_down,3,True,True,362402.0,315269.0,718.0,27.0,0.037604456824512536,691.0,493.0,5.0,686.0,4.0,4.0,0.8,0.00723589001447178,0.9927641099855282,0.007568035751290006,0.9561120285720623,0.06716488794902258,0.006174650016450628,0.0010612399980211521,1.171870469612654,0.5016112762389425,0.3958368674172692,0.004652667641090217,1.5552131750326916,0.8437452915451624,,,,,,"MAX(F16u,F16d)",0.5989237498186636,0.6641144141894997,,False,False
DISCOVERY,fresh_both,PLACEBO_F14_volume_no_range,abn_down,3,True,True,362402.0,315269.0,961.0,30.0,0.031217481789802288,931.0,584.0,3.0,928.0,3.0,3.0,1.0,0.00322234156820623,0.9967776584317938,0.0099531585732992,0.323750651059718,-3.106159670207056,0.006390598836063398,-0.003168257267857168,0.5042315518260866,-1.3558536430514594,-1.3983776704974775,0.006418190950951423,0.502063835873963,-1.0119676504370534,,,,,,"MAX(F16u,F16d)",0.2577044644672925,0.2857546549214861,,False,False
DISCOVERY,fresh_both,PLACEBO_F15_REF_abnormal_volume,abn_down,3,True,True,362402.0,315269.0,16099.0,318.0,0.019752779675756258,15781.0,1363.0,72.0,15709.0,62.0,51.0,0.18055555555555555,0.004562448514035866,0.9954375514859641,0.008582933896334194,0.5315721371202109,-7.411235962425557,0.005787739541228334,-0.0012252910271924678,0.7882954098980716,-2.5113376592341643,-2.3381887448626526,0.0057466931094429805,0.7939259026271717,-1.8558961119537654,,,,,,"MAX(F16u,F16d)",0.40288483676617376,0.4467373809033444,,False,True
DISCOVERY,fresh_both,PLACEBO_F16u_REF_moved_up,abn_down,3,True,True,362402.0,315269.0,14502.0,466.0,0.032133498827747894,14036.0,1350.0,95.0,13941.0,95.0,84.0,0.06315789473684211,0.00676831005984611,0.9932316899401539,0.010793017630854634,0.6271008064044243,-6.583557443471123,0.008844404946264482,-0.0020760948864183715,0.7652646052468199,-4.141378094348654,-3.8984108224819183,0.008519158594128905,0.7944810493973647,-3.311833616262389,,,,,,"MAX(F16u,F16d)",0.39111417077471133,0.4336855208762423,,False,True
DISCOVERY,fresh_both,PLACEBO_F16d_REF_moved_down,abn_down,3,True,True,362402.0,315269.0,7691.0,352.0,0.04576778052268886,7339.0,1228.0,60.0,7279.0,59.0,51.0,0.1,0.008175500749420903,0.9918244992505791,0.011816816843929823,0.6918530478553175,-3.0622552719576133,0.009264315047318393,-0.0010888142978974901,0.8824722289412369,-1.3297903275727843,-1.5123584894268451,0.00948135875714354,0.8622710055413983,-1.249743320966215,,,,,,"MAX(F16u,F16d)",0.45101706218693216,0.5001086234006107,,False,True
DISCOVERY,fresh_both,PLACEBO_F17_abnormal_volume_persistent,abn_down,3,True,True,362402.0,315269.0,7647.0,133.0,0.017392441480319078,7514.0,1247.0,26.0,7488.0,20.0,16.0,0.46153846153846156,0.0034602076124567475,0.9965397923875432,0.007994435466656149,0.43282701159936393,-4.7104128985254965,0.0045638314043705405,-0.001103623791913793,0.7581804203247056,-0.6004802774978008,-0.38088053739901845,0.004420254043877151,0.7828074083772988,-0.07297854064771855,,,,,,"MAX(F16u,F16d)",0.38749356021408854,0.4296708200696633,,False,False
DISCOVERY,fresh_both,PLACEBO_F18_quiet_volume_repeat,abn_down,3,True,True,362402.0,315269.0,2772.0,46.0,0.016594516594516596,2726.0,956.0,13.0,2713.0,10.0,7.0,0.6923076923076923,0.004768892149669846,0.9952311078503302,0.007520394981936419,0.634127883059928,-0.4513132585359337,0.004565451564797977,0.00020344058487186886,1.0445608899764707,1.260540012901898,0.780270930999657,0.004317528175745344,1.1045422184990332,0.8687072966525025,,,,,,"MAX(F16u,F16d)",0.5338579146425765,0.5919664003149444,,False,False
DISCOVERY,fresh_both,PLACEBO_F01_quiet_volume,abn_down,5,True,True,362402.0,315269.0,5850.0,195.0,0.03333333333333333,5655.0,1206.0,35.0,5620.0,28.0,24.0,0.2857142857142857,0.00618921308576481,0.9938107869142352,0.010949633647697698,0.5652438506073828,-4.417705737512823,0.006867196275906633,-0.0006779831901418234,0.9012721985942781,-0.741381004933986,-0.5420506049889069,0.006295553639913135,0.9831086255108467,0.04216722480799472,,,,,,"MAX(F16u,F16d)",0.541317991218758,0.5662035958918158,,False,False
DISCOVERY,fresh_both,PLACEBO_F02_quiet_volume_persistent,abn_down,5,True,True,362402.0,315269.0,23764.0,836.0,0.03517926275037873,22928.0,1374.0,134.0,22794.0,100.0,79.0,0.1044776119402985,0.0058443824145150034,0.994155617585485,0.01178262339351864,0.49601707695502417,-7.571968567419743,0.007862395859908226,-0.0020180134453932222,0.7433335230952391,-2.6304673462071904,-1.8536432423553584,0.0079899609130602,0.7314657077936283,-1.8413515498345294,,,,,,"MAX(F16u,F16d)",0.446457585349989,0.4669822439657006,,False,True
DISCOVERY,fresh_both,PLACEBO_F03_dip_recovered,abn_down,5,True,True,362402.0,315269.0,2717.0,130.0,0.04784688995215311,2587.0,994.0,30.0,2557.0,27.0,21.0,0.26666666666666666,0.011596443757247778,0.9884035562427522,0.014829908202619178,0.7819632865427769,-1.5348622988912344,0.013467515477905454,-0.001871071720657676,0.8610677876162592,-1.1081615111224514,-0.9032245424249111,0.014599239711733594,0.7943183334353754,-1.3067106670108082,,,,,,"MAX(F16u,F16d)",0.5171706015370402,0.5409460964349684,,False,False
DISCOVERY,fresh_both,PLACEBO_F04_dip_recovered_persistent,abn_down,5,True,True,362402.0,315269.0,1321.0,59.0,0.04466313398940197,1262.0,715.0,10.0,1252.0,6.0,6.0,0.6,0.00792393026941363,0.9920760697305864,0.01526219188337855,0.5191869116809669,-2.5660910517176396,0.014347148639002657,-0.006423218369589027,0.5523000053036644,-2.396799879507323,-2.3085358488392473,0.014232990655802254,0.5567298160336628,-2.3825454249186677,,,,,,"MAX(F16u,F16d)",0.3317199064693163,0.34696981611298655,,False,False
DISCOVERY,fresh_both,PLACEBO_F05_departure_calm,abn_down,5,True,True,362402.0,315269.0,14069.0,699.0,0.04968370175563295,13370.0,1361.0,233.0,13137.0,215.0,147.0,0.060085836909871244,0.017427075542258787,0.9825729244577412,0.016838292237057927,1.034966925203083,-0.7492050543986638,0.01685467815692215,0.0005723973853366364,1.0339607425313877,-0.0433428358993454,-0.04233009256160636,0.01639688609743675,1.0628283589152383,0.11532860999460456,,,,,,"MAX(F16u,F16d)",0.621012778402704,0.6495621315573114,,False,True
DISCOVERY,fresh_both,PLACEBO_F06_departure_any,abn_down,5,True,True,362402.0,315269.0,30493.0,1497.0,0.049093234512839014,28996.0,1362.0,343.0,28653.0,301.0,175.0,0.052478134110787174,0.01182921782314802,0.988170782176852,0.014644304219630188,0.8077691944757169,-4.540079167670472,0.012671829857132758,-0.0008426120339847382,0.9335051019872678,-1.4543727108878912,-1.4080907532315836,0.012351048471381017,0.9577500930838263,-0.8928751425595001,,,,,,"MAX(F16u,F16d)",0.5606775704258562,0.5864531784658812,,False,True
DISCOVERY,fresh_both,PLACEBO_F07_idio_activity,abn_down,5,True,True,362402.0,315269.0,5242.0,198.0,0.03777184280808851,5044.0,911.0,31.0,5013.0,28.0,22.0,0.3548387096774194,0.006145915939730373,0.9938540840602696,0.015446717774930625,0.3978784379491245,-7.986062396084463,0.008430134496094295,-0.002284218556363922,0.7290412676782076,-2.9506096489221547,-2.5141788516226247,0.008013229531454292,0.7669711588325079,-2.3127525071297192,,,,,,"MAX(F16u,F16d)",0.43787343618351093,0.4580034621690922,,False,False
DISCOVERY,fresh_both,PLACEBO_F08u_idio_move_up,abn_down,5,True,True,362402.0,315269.0,8958.0,458.0,0.05112748381335119,8500.0,1076.0,61.0,8439.0,60.0,54.0,0.09836065573770492,0.007176470588235294,0.9928235294117647,0.013194258115115822,0.5439086097621258,-5.480043018195019,0.009265903188298896,-0.0020894326000636025,0.7745030832286091,-2.249982640397552,-2.088884672023102,0.00873666157948165,0.8214202327682557,-1.672218074548622,,,,,,"MAX(F16u,F16d)",0.46517850418548007,0.48656380551548156,,False,True
DISCOVERY,fresh_both,PLACEBO_F08d_idio_move_down,abn_down,5,True,True,362402.0,315269.0,2884.0,214.0,0.07420249653259361,2670.0,880.0,24.0,2646.0,24.0,23.0,0.16666666666666666,0.008988764044943821,0.9910112359550561,0.015979412929471467,0.5625215447286857,-2.351356610364447,0.010114135542709646,-0.001125371497765825,0.8887328043989877,-0.6822989688551727,-0.6864356293746497,0.010230148964669087,0.8786542674977147,-0.6710709001690134,,,,,,"MAX(F16u,F16d)",0.5337866375528159,0.5583260089710698,,False,False
DISCOVERY,fresh_both,PLACEBO_F09_idio_quiet_volume,abn_down,5,True,True,362402.0,315269.0,1869.0,81.0,0.04333868378812199,1788.0,721.0,15.0,1773.0,12.0,10.0,0.5333333333333333,0.008389261744966443,0.9916107382550335,0.014354760441209043,0.584423667627563,-3.6894638731848395,0.008239597232716264,0.00014966451225017878,1.0181640568128645,-0.6042212524402161,-0.4227257672607918,0.007101988388999838,1.1812553450468102,0.020415431382398007,,,,,,"MAX(F16u,F16d)",0.6115250451802634,0.6396382259148751,,False,False
DISCOVERY,fresh_both,PLACEBO_F10_coil_then_volume,abn_down,5,True,True,362402.0,315269.0,249.0,8.0,0.0321285140562249,241.0,206.0,2.0,239.0,2.0,2.0,1.0,0.008298755186721992,0.991701244813278,0.01401359786425579,0.5921930447204757,-0.7180329867662928,0.013987458338044195,-0.005688703151322203,0.5932997250937564,-0.6116603120273634,-0.7406358654671403,0.012908420532901862,0.6428947031567154,-0.5685507859829594,,,,,,"MAX(F16u,F16d)",0.35634497089704475,0.37272695009749673,,False,False
DISCOVERY,fresh_both,PLACEBO_F11_closing_strength,abn_down,5,True,True,362402.0,315269.0,941.0,61.0,0.06482465462274177,880.0,580.0,5.0,875.0,5.0,5.0,0.6,0.005681818181818182,0.9943181818181818,0.012954376411445964,0.4386022145224958,-1.9012953745657402,0.009485079066803414,-0.003803260884985232,0.5990269708666776,-1.0689740041926508,-1.1774155597150553,0.00856506229584438,0.6633714952166666,-0.8572123524851613,,,,,,"MAX(F16u,F16d)",0.35978484309309083,0.37632496094953677,,False,False
DISCOVERY,fresh_both,PLACEBO_F12_closing_strength_10s,abn_down,5,True,True,362402.0,315269.0,1206.0,58.0,0.04809286898839138,1148.0,633.0,31.0,1117.0,19.0,17.0,0.3548387096774194,0.02700348432055749,0.9729965156794425,0.01890106655585891,1.4286751618356168,1.9130286496822824,0.021579480320397134,0.0054240040001603575,1.2513500751467836,1.8920150862192195,1.2099261046543224,0.022589113606099668,1.1954202715269813,1.088856673376222,,,,,,"MAX(F16u,F16d)",0.7515801663985769,0.7861319958306556,,False,False
DISCOVERY,fresh_both,PLACEBO_F13_volume_price_divergence,abn_down,5,True,True,362402.0,315269.0,718.0,40.0,0.055710306406685235,678.0,486.0,2.0,676.0,2.0,2.0,1.0,0.0029498525073746312,0.9970501474926253,0.010817348728193637,0.2726964417525273,-2.9616360123175203,0.00833899472219736,-0.005389142214822729,0.35374198037594307,-2.142820047759369,-2.4725681750877206,0.006323225668618693,0.46651071177395215,-1.6518077220604677,,,,,,"MAX(F16u,F16d)",0.21246289248188788,0.2222302891614155,,False,False
DISCOVERY,fresh_both,PLACEBO_F14_volume_no_range,abn_down,5,True,True,362402.0,315269.0,961.0,53.0,0.055150884495317375,908.0,574.0,5.0,903.0,5.0,5.0,0.6,0.005506607929515419,0.9944933920704846,0.012465249328474542,0.44175674183560837,-3.9861878349177085,0.007976950133356158,-0.002470342203840739,0.6903149496308325,-1.9991783762939848,-1.995958515423033,0.0072552371148186115,0.7589838681176018,-1.6010894991624918,,,,,,"MAX(F16u,F16d)",0.41461381192637703,0.4336745407086571,,False,False
DISCOVERY,fresh_both,PLACEBO_F15_REF_abnormal_volume,abn_down,5,True,True,362402.0,315269.0,16099.0,499.0,0.030995714019504315,15600.0,1361.0,80.0,15520.0,67.0,49.0,0.2125,0.005128205128205128,0.9948717948717949,0.01142164394390114,0.44899010627480257,-9.382218013870794,0.006824011907206339,-0.001695806779001211,0.7514941647141041,-3.4097388791329064,-2.895471772155809,0.006516139277741743,0.7870005396788231,-2.4906609322893534,,,,,,"MAX(F16u,F16d)",0.4513589926441119,0.4721089799690884,,False,True
DISCOVERY,fresh_both,PLACEBO_F16u_REF_moved_up,abn_down,5,True,True,362402.0,315269.0,14502.0,715.0,0.049303544338711904,13787.0,1346.0,104.0,13683.0,104.0,86.0,0.07692307692307693,0.007543337927032712,0.9924566620729673,0.013297883473367576,0.5672585372055773,-5.594695715156534,0.009883811919018652,-0.0023404739919859405,0.7632012819383635,-2.4065922199631067,-2.4111749826475695,0.009425580500269246,0.8003048647048564,-2.147580936353382,,,,,,"MAX(F16u,F16d)",0.45839046791726784,0.47946370796385107,,False,True
DISCOVERY,fresh_both,PLACEBO_F16d_REF_moved_down,abn_down,5,True,True,362402.0,315269.0,7691.0,540.0,0.07021193602912496,7151.0,1221.0,73.0,7078.0,71.0,60.0,0.0958904109589041,0.010208362466787862,0.9897916375332121,0.01538446286826068,0.6635501384873496,-4.172459650642507,0.011843073950755626,-0.001634711483967764,0.8619689878856609,-1.916010717758687,-1.8218741688748135,0.01192521171088329,0.8560319694342549,-1.8900728760042131,,,,,,"MAX(F16u,F16d)",0.5177118763264759,0.541512254842994,,False,True
DISCOVERY,fresh_both,PLACEBO_F17_abnormal_volume_persistent,abn_down,5,True,True,362402.0,315269.0,7647.0,201.0,0.02628481757551981,7446.0,1244.0,29.0,7417.0,21.0,16.0,0.4482758620689655,0.00389470856835885,0.9961052914316412,0.010716090165027368,0.3634449233237581,-7.112215867874086,0.005163015695907793,-0.001268307127548943,0.7543476134395246,-1.6971226862031497,-1.0966834332146145,0.004661336341492288,0.8355347657903596,-0.7128262998740895,,,,,,"MAX(F16u,F16d)",0.45307281798400306,0.47390159371169127,,False,False
DISCOVERY,fresh_both,PLACEBO_F18_quiet_volume_repeat,abn_down,5,True,True,362402.0,315269.0,2772.0,77.0,0.027777777777777776,2695.0,952.0,16.0,2679.0,12.0,10.0,0.5625,0.005936920222634508,0.9940630797773655,0.01042143472314187,0.5696835781594415,-1.9567693239928403,0.005566468452968154,0.00037045176966635403,1.0665505917793932,0.6110727847007367,0.4355281947711142,0.005338328441296902,1.1121309390982665,0.5759019203836233,,,,,,"MAX(F16u,F16d)",0.640586744798836,0.6700359571813275,,False,False
