candidate,outcome,horizon,n_signal,n_population,n_symbols,n_dates,n_years,hit_rate,base_rate_all,control_rate_mean,control_rate_sd,n_matched,match_share,lift,excess_pp,t_nw_date,n_diff_dates,ci_lo,ci_hi,ci_excludes_control,median_mfe_10d,mean_mfe_10d,median_mae_10d,mean_mae_10d,median_fwd_ret_10d,mean_fwd_ret_10d,median_days_to_p10,years_total,years_beat,year_consistency,loso_worst_rate,top3_symbol_share,family,description,status,median_mfe_20d,mean_mfe_20d,median_mae_20d,mean_mae_20d,median_fwd_ret_20d,mean_fwd_ret_20d,median_mfe_30d,mean_mfe_30d,median_mae_30d,mean_mae_30d,median_fwd_ret_30d,mean_fwd_ret_30d,median_mfe_5d,mean_mfe_5d,median_mae_5d,mean_mae_5d,median_fwd_ret_5d,mean_fwd_ret_5d
E_xsrank_ge99,hit_p5_5d,5,6546,587082,385,2332,12,0.46853040024442405,0.32451514439209517,0.38906854401980506,0.005642197252885691,6463,0.9873205010693553,1.2042361363949532,7.946185622461899,16.643656564337373,2332,0.44524648488065655,0.4906007504279057,True,,,,,,,5.0,12,12,1.0,0.46668718264348363,0.04078826764436297,leadership,causal cross-sectional rank of relative volume >= 0.99,WEAK,,,,,,,,,,,,,0.045403009688723794,0.0738208232970001,-0.037735849056603765,-0.047008944259379806,-0.0014290088802695333,0.005639238400770091
B_relvol2_postmove_p3ge5,hit_p10_10d,10,34622,587082,392,2289,12,0.35512102131592627,0.21010693565805116,0.2961099390191035,0.0013297752843237903,34601,0.9993934492519208,1.1992877459335007,5.901108229682278,17.14402035223232,2289,0.34467204343407853,0.3646427812589636,True,0.06986096840482914,0.10758904252564845,-0.06440555865402492,-0.07413233318982955,-0.020456823583135886,0.005534714462758792,6.0,12,12,1.0,0.35387518142235125,0.015597019236323725,premove,2x volume AFTER a prior 3-day return of +5 % or more — the echo,WEAK,,,,,,,,,,,,,,,,,,
B_relvol2_postmove_p3ge5,hit_p5_5d,5,34622,587082,392,2289,12,0.5215181098723355,0.32451514439209517,0.4374960261264125,0.00223020579199792,34601,0.9993934492519208,1.192052221567958,8.402208374592302,24.204118337515865,2289,0.5127245944398103,0.5306388837932416,True,,,,,,,6.0,12,12,1.0,0.5203483309143686,0.015597019236323725,premove,2x volume AFTER a prior 3-day return of +5 % or more — the echo,WEAK,,,,,,,,,,,,,0.05302472441647699,0.07815924882583014,-0.04761904761904767,-0.05417381873232331,-0.013058027388501037,0.004044293194131756
B_relvol3_postmove_p3ge5,hit_p5_5d,5,24415,587082,392,2243,12,0.5315584681548229,0.32451514439209517,0.44631921957617743,0.0027817428472780587,24397,0.9992627483104649,1.1909826976718532,8.523924857864545,24.163381011370447,2243,0.5204737277363896,0.5418140204996058,True,,,,,,,5.0,12,12,1.0,0.5304534036156983,0.01576899447061233,premove,3x volume AFTER a prior 3-day return of +5 % or more — the echo,WEAK,,,,,,,,,,,,,0.0546875,0.08023895337350088,-0.04844290657439443,-0.05465288494860704,-0.013225326861690478,0.004986935094907301
B_relvol3_postmove_p3ge5,hit_p10_10d,10,24415,587082,392,2243,12,0.35990169977472863,0.21010693565805116,0.30425667090216013,0.0024207412541465273,24397,0.9992627483104649,1.1828884431897286,5.56450288725685,16.47946072119569,2243,0.3488862858706226,0.37045493923607087,True,0.0708333333333333,0.11068408793695542,-0.06504065040650409,-0.07419179038494027,-0.02033898305084747,0.007315570860145697,5.0,12,12,1.0,0.35853327297419646,0.01576899447061233,premove,3x volume AFTER a prior 3-day return of +5 % or more — the echo,WEAK,,,,,,,,,,,,,,,,,,
A_turnover_z_ge3,hit_p5_5d,5,24064,587082,392,2217,12,0.488530585106383,0.32451514439209517,0.4144495794820552,0.002183041350658994,24018,0.9980884308510638,1.1787455200599537,7.408100562432779,21.99087029261055,2217,0.4753712507322793,0.501012173034464,True,,,,,,,6.0,12,12,1.0,0.4875657181006426,0.012882313829787235,activity,turnover z >= 3 vs own 60-day history,WEAK,,,,,,,,,,,,,0.04827224373122985,0.07246648568157996,-0.04166666666666663,-0.05118760496695769,-0.007874015748031482,0.002518165849649361
B_relvol3_below20dhigh,hit_p10_10d,10,24998,587082,392,2330,12,0.29898391871349705,0.21010693565805116,0.25414160853179374,0.00261974552901485,24942,0.9977598207856628,1.1764461570837859,4.484231018170331,10.035994924329817,2330,0.2863272124570882,0.31291331009400164,True,0.06060606060606055,0.09175895550429887,-0.048192771084337394,-0.06240113224816166,-0.003448316864647638,0.006187990424274479,7.0,12,12,1.0,0.2972146192239575,0.02236178894311545,premove,3x volume AND still 5 % or more below the 20-day high,WEAK,,,,,,,,,,,,,,,,,,
B_relvol3_below20dhigh,hit_p5_5d,5,24998,587082,392,2330,12,0.4591967357388591,0.32451514439209517,0.39080466682703874,0.0031230178408891067,24942,0.9977598207856628,1.1750032041989769,6.839206891182037,19.11813473867384,2330,0.4460907442448185,0.47317006900257064,True,,,,,,,7.0,12,12,1.0,0.45801403565378723,0.02236178894311545,premove,3x volume AND still 5 % or more below the 20-day high,WEAK,,,,,,,,,,,,,0.044801215157303065,0.06529990900717009,-0.03361344537815125,-0.045346790610671976,-0.0016515377985314994,0.0033886585006911787
A_relvol_ge5,hit_p5_5d,5,39419,587082,392,2322,12,0.38202389710545676,0.32451514439209517,0.3253588882101405,0.0023296540345518805,39288,0.9966767294959283,1.1741615518969433,5.666500889531628,17.337632723417478,2322,0.36967132874267705,0.3987083483181998,True,,,,,,,6.0,12,11,0.9166666666666666,0.38114680889070357,0.01725056444861615,activity,today's volume >= 5x its own trailing 20-day median,WEAK,,,,,,,,,,,,,0.031249999999999778,0.0568493649395021,-0.025139664804469275,-0.03806603975878952,0.0,0.004019804547700385
A_relvol_ge5,hit_p10_10d,10,39419,587082,392,2322,12,0.2578959385068114,0.21010693565805116,0.21975285074322945,0.0012103425565893125,39288,0.9966767294959283,1.1735726641697892,3.814308776358197,11.284590254036969,2322,0.24707124190389823,0.2696048456283007,True,0.04270521768029245,0.08068067897516115,-0.0363036303630363,-0.05263456172058969,0.0,0.0066765975015277024,6.0,12,11,0.9166666666666666,0.2573197767754759,0.01725056444861615,activity,today's volume >= 5x its own trailing 20-day median,WEAK,,,,,,,,,,,,,,,,,,
C_vca_q99,hit_p5_5d,5,5806,587082,388,1275,12,0.23079572855666552,0.32451514439209517,0.19704305723672835,0.0038757697929487976,5783,0.996038580778505,1.1712959177151585,3.3752671319937173,4.111334044955152,1275,0.20910448700957526,0.2506504206898787,True,,,,,,,9.0,12,9,0.75,0.2289573952199515,0.020668274199104376,compression,volume-compression activity above its 99th percentile (5.44),WEAK,,,,,,,,,,,,,0.0,0.03525102946800484,0.0,-0.024031618834711166,0.0,-0.0006579554070604237
A_volz_ge4,hit_p5_5d,5,13858,587082,392,2085,12,0.48838216192812817,0.32451514439209517,0.417127551759085,0.003585570012275709,13814,0.9968249386635878,1.1708221139250614,7.125461016904317,21.469255943778403,2085,0.4750227869045249,0.5037948878936285,True,,,,,,,6.0,12,12,1.0,0.4877925088748823,0.012916726800404099,activity,volume z >= 4 vs own 60-day history,WEAK,,,,,,,,,,,,,0.04807692307692313,0.07301639871690814,-0.04123711340206171,-0.04998180345108457,-0.00791556728232179,0.002892483845174761
B_relvol2_postmove_p3ge5,hit_p20_20d,20,34622,587082,392,2289,12,0.21983132112529605,0.1305899346258274,0.18857547469726307,0.0019366190175278942,34601,0.9993934492519208,1.1657471443571599,3.1255846428032976,11.344591597934553,2289,0.20850636577480508,0.2301534016249519,True,,,,,,,6.0,12,12,1.0,0.21846153846153846,0.015597019236323725,premove,2x volume AFTER a prior 3-day return of +5 % or more — the echo,WEAK,0.09026631444648403,0.14600001325227557,-0.08571428571428574,-0.09935774237769501,-0.028818443804034533,0.00649241156089409,,,,,,,,,,,,
A_volz_ge3,hit_p5_5d,5,23030,587082,392,2231,12,0.4804602692140686,0.32451514439209517,0.4121693351896972,0.003288795763816223,22984,0.9980026052974381,1.1656865957574827,6.829093402437142,21.18367502051086,2231,0.4672831867970172,0.4931331645136086,True,,,,,,,6.0,12,12,1.0,0.48006977758395114,0.01289622231871472,activity,volume z >= 3 vs own 60-day history,WEAK,,,,,,,,,,,,,0.04706447420466753,0.0711461696264543,-0.04066625353086989,-0.049888792931174854,-0.007850841711930345,0.0024505468319537594
A_volz_ge2,hit_p5_5d,5,41144,587082,392,2305,12,0.468671009138635,0.32451514439209517,0.4020980382612082,0.0026429740259882244,41086,0.9985903169356407,1.1655640280269524,6.6572970877426805,21.56685116082252,2305,0.4569853387323993,0.4811511578690026,True,,,,,,,6.0,12,12,1.0,0.46774665755830974,0.012760062220493876,activity,volume z >= 2 vs own 60-day history,WEAK,,,,,,,,,,,,,0.045454545454545414,0.06883631285665703,-0.03947368421052633,-0.04891573980165279,-0.007651559741024161,0.0019459889974504968
A_volz_ge2,hit_p10_10d,10,41144,587082,392,2305,12,0.31384892086330934,0.21010693565805116,0.270727255026043,0.002795712269137564,41086,0.9985903169356407,1.1592808445974858,4.3121665837266345,14.435794819965464,2305,0.30444237101353744,0.32420989704612224,True,0.06060606060606055,0.09507347075157255,-0.054704595185995575,-0.06735719171600744,-0.012048192771084487,0.003179664543477779,6.0,12,11,0.9166666666666666,0.31299404703815753,0.012760062220493876,activity,volume z >= 2 vs own 60-day history,WEAK,,,,,,,,,,,,,,,,,,
B_relvol2_below20dhigh,hit_p5_5d,5,49306,587082,392,2344,12,0.4376343649860058,0.32451514439209517,0.37752081218274114,0.002091758560637443,49250,0.998864235589989,1.159232420736071,6.011355280326463,20.26183400884451,2344,0.42665189649244045,0.4475570156313342,True,,,,,,,8.0,12,12,1.0,0.4368195718654434,0.017908570964994118,premove,2x volume AND still 5 % or more below the 20-day high,WEAK,,,,,,,,,,,,,0.04250559284116329,0.062123284325076286,-0.032816865718420074,-0.04390209723563588,-0.0032467532467532756,0.002565949760428108
CHAIN_4_shock_premove_below_tight,hit_p5_5d,5,5660,587082,388,1912,12,0.43409893992932863,0.32451514439209517,0.3752826855123675,0.005981825117877694,5660,1.0,1.1567252012586287,5.881625441696114,8.113918277827619,1912,0.4172868857636111,0.44997477235982175,True,,,,,,,8.0,12,11,0.9166666666666666,0.4322833244349528,0.024558303886925797,chain,shock + not run + below high + light sell-side,WEAK,,,,,,,,,,,,,0.04166666666666674,0.06275207653796668,-0.03451330136526076,-0.04424852025416002,-0.0070796460176990594,0.002664596730207183
B_relvol3_postmove_p3ge5,hit_p20_20d,20,24415,587082,392,2243,12,0.2234282203563383,0.1305899346258274,0.19339058080911586,0.0023009538307988244,24397,0.9992627483104649,1.1553211093342517,3.0037639547222437,11.365610983755424,2243,0.21179518260226043,0.23449899454354217,True,,,,,,,5.0,12,12,1.0,0.22196598443355434,0.01576899447061233,premove,3x volume AFTER a prior 3-day return of +5 % or more — the echo,WEAK,0.09090909090909105,0.1489262994274214,-0.08598351001177873,-0.0991278559445549,-0.03041825095057038,0.006840634133333173,,,,,,,,,,,,
CHAIN_3_shock_premove_below,hit_p10_10d,10,34895,587082,392,2331,12,0.27107035391889955,0.21010693565805116,0.23504427822199295,0.0019475590470869266,34893,0.9999426851984525,1.1532735702748216,3.6026075696906608,8.785410510130014,2331,0.26025674492806766,0.28153137240733167,True,0.056034482758620774,0.0842802346877353,-0.041474654377880116,-0.05665159762335498,0.0,0.007488124089214872,8.0,12,12,1.0,0.27028818443804037,0.020260782347041123,chain,shock + not run + below the 20-day high,WEAK,,,,,,,,,,,,,,,,,,
E_xsrank_ge95,hit_p5_5d,5,29571,587082,392,2346,12,0.4261607656149606,0.32451514439209517,0.36966570507381635,0.0018322064513111606,29465,0.9964154069865747,1.1528274323654402,5.649506054114423,18.500218050700713,2346,0.41071714427131356,0.4399531402414701,True,,,,,,,6.0,12,12,1.0,0.4250680272108844,0.02225153021541375,leadership,causal cross-sectional rank of relative volume >= 0.95,WEAK,,,,,,,,,,,,,0.039675383228133354,0.06359799740043884,-0.03378378378378377,-0.04379890488251755,0.0,0.0034420260158218876
B_relvol2_below20dhigh,hit_p10_10d,10,49306,587082,392,2344,12,0.284103354561311,0.21010693565805116,0.24649543147208125,0.0014313890870148926,49250,0.998864235589989,1.1525704669797774,3.760792308922972,11.434125678806149,2344,0.2733873839899215,0.2935000362539266,True,0.057844063901553056,0.08766778315523803,-0.04739336492891,-0.061469747933665525,-0.005559418946067152,0.004284713589197636,8.0,12,12,1.0,0.2832986578550157,0.017908570964994118,premove,2x volume AND still 5 % or more below the 20-day high,WEAK,,,,,,,,,,,,,,,,,,
A_turnover_z_ge3,hit_p10_10d,10,24064,587082,392,2217,12,0.324468085106383,0.21010693565805116,0.28154509118161375,0.0027984817945599086,24018,0.9980884308510638,1.152455131586467,4.292299392476923,15.011498272349575,2217,0.3120086546340406,0.3360667989765373,True,0.06319702602230493,0.09923646896752782,-0.057233986450853924,-0.06977803215760778,-0.013066581024584079,0.0036560586886445357,6.0,12,12,1.0,0.3239172160560794,0.012882313829787235,activity,turnover z >= 3 vs own 60-day history,WEAK,,,,,,,,,,,,,,,,,,
CHAIN_5_full,hit_p5_5d,5,1377,587082,323,972,12,0.4386347131445171,0.32451514439209517,0.3814451706608569,0.01099059560018846,1377,1.0,1.1499286054229731,5.718954248366015,5.912717399098736,972,0.4074809735840715,0.46633357735480724,True,,,,,,,7.0,12,10,0.8333333333333334,0.4343360234776229,0.03994190268700073,chain,shock + not run + below high + leadership + light sell-side,WEAK,,,,,,,,,,,,,0.04171494785631524,0.06339753473128329,-0.03772132409545814,-0.04732736863683714,-0.0060975609756096505,0.0012659428233751649
A_relvol_ge3,hit_p5_5d,5,74574,587082,392,2345,12,0.3873602059699091,0.32451514439209517,0.337473286649373,0.001714662306622252,74401,0.9976801566229517,1.147824794710995,4.988691932053612,17.87287989790392,2345,0.37366580536330124,0.39997321760294635,True,,,,,,,7.0,12,12,1.0,0.3866242639033001,0.014763858717515487,activity,today's volume >= 3x its own trailing 20-day median,WEAK,,,,,,,,,,,,,0.03398890026796997,0.05669546467039905,-0.028205128205128216,-0.03908994497549135,0.0,0.0031532326771620293
E_xsrank_ge99,hit_p10_10d,10,6546,587082,385,2332,12,0.3006416131989001,0.21010693565805116,0.2624709887049358,0.005651970254460754,6463,0.9873205010693553,1.1454279754160925,3.8170624493964302,9.775463146271399,2332,0.2789277664362094,0.32069509544032804,True,0.05769230769230771,0.09805246283315999,-0.053636438585605295,-0.06613941756839363,-0.008385781090678945,0.0018065319726060063,5.0,12,12,1.0,0.29835105563260905,0.04078826764436297,leadership,causal cross-sectional rank of relative volume >= 0.99,WEAK,,,,,,,,,,,,,,,,,,
CHAIN_3_shock_premove_below,hit_p5_5d,5,34895,587082,392,2331,12,0.4174810144719874,0.32451514439209517,0.36455306221878314,0.0017296010408871978,34893,0.9999426851984525,1.145185866578443,5.292795225320424,16.935948763802777,2331,0.40557759205645805,0.4301910506692972,True,,,,,,,8.0,12,12,1.0,0.4165200080782436,0.020260782347041123,chain,shock + not run + below the 20-day high,WEAK,,,,,,,,,,,,,0.04048582995951411,0.058325279117323825,-0.028436018957346043,-0.04056289572248001,0.0,0.003544725343315733
A_relvol_ge2,hit_p5_5d,5,123720,587082,392,2347,12,0.38441642418364047,0.32451514439209517,0.335731460492228,0.0015613757906735748,123520,0.9983834464920789,1.1450116221425561,4.868496369141245,17.81830895974253,2347,0.37384315661550765,0.3945178125358938,True,,,,,,,8.0,12,12,1.0,0.38391480104550546,0.013094083414161009,activity,today's volume >= 2x its own trailing 20-day median,WEAK,,,,,,,,,,,,,0.034529469598585494,0.05590954561068882,-0.028283080250978365,-0.038713938340127124,0.0,0.0030618586601616573
A_relvol_ge2,hit_p10_10d,10,123720,587082,392,2347,12,0.25493048819915937,0.21010693565805116,0.22336220854922278,0.0010151695092048979,123520,0.9983834464920789,1.141332232761472,3.156827964993658,11.78509414107584,2347,0.24619067564120423,0.26421433301839425,True,0.04743083003952564,0.07939924799768701,-0.04029304029304037,-0.05425752940146688,0.0,0.004882923077593725,8.0,12,11,0.9166666666666666,0.25474874840761746,0.013094083414161009,activity,today's volume >= 2x its own trailing 20-day median,WEAK,,,,,,,,,,,,,,,,,,
A_volz_ge4,hit_p10_10d,10,13858,587082,392,2085,12,0.3216192812815702,0.21010693565805116,0.2832163023020124,0.004107005048707733,13814,0.9968249386635878,1.1355959338014046,3.84029789795578,14.050278893813346,2085,0.30896056809651856,0.33583222212606767,True,0.06282103355620816,0.10006288462169491,-0.05633802816901401,-0.06750730441839978,-0.011049723756906271,0.006116563078286741,6.0,12,12,1.0,0.32087227414330216,0.012916726800404099,activity,volume z >= 4 vs own 60-day history,WEAK,,,,,,,,,,,,,,,,,,
A_volz_ge3,hit_p10_10d,10,23030,587082,392,2231,12,0.31684759009986974,0.21010693565805116,0.2790310650887574,0.0034425428391560457,22984,0.9980026052974381,1.1355280101086511,3.7816525011112323,14.311209954495286,2231,0.30526644454655083,0.3273578654710078,True,0.06153846153846154,0.09727620089382254,-0.056034482758620774,-0.06810093768869203,-0.012658227848101333,0.0037521502667503914,6.0,12,11,0.9166666666666666,0.31631051024858264,0.01289622231871472,activity,volume z >= 3 vs own 60-day history,WEAK,,,,,,,,,,,,,,,,,,
A_relvol_ge3,hit_p10_10d,10,74574,587082,392,2345,12,0.25746238635449353,0.21010693565805116,0.22680810741791108,0.0010277911566117545,74401,0.9976801566229517,1.1351551286434594,3.0654278936582458,11.194902338976888,2345,0.24707733479914387,0.2678026612055398,True,0.0463109372401348,0.08039434088965304,-0.03988661381892644,-0.05421564774376718,0.0,0.005384498922395207,7.0,12,11,0.9166666666666666,0.25734075381692245,0.014763858717515487,activity,today's volume >= 3x its own trailing 20-day median,WEAK,,,,,,,,,,,,,,,,,,
A_volz_ge2,hit_p20_20d,20,41144,587082,392,2305,12,0.1922759090025277,0.1305899346258274,0.1705179379837414,0.0022929465159471562,41086,0.9985903169356407,1.1275993087585499,2.1757971018786293,8.882868318614914,2305,0.18288770411351435,0.20295822314044726,True,,,,,,,6.0,12,11,0.9166666666666666,0.19125109788230701,0.012760062220493876,activity,volume z >= 2 vs own 60-day history,WEAK,0.08048103607770596,0.12959023859858068,-0.07514450867052025,-0.0913579279241095,-0.020154937404559703,0.0013364487376847079,,,,,,,,,,,,
E_xsrank_ge90,hit_p5_5d,5,58245,587082,392,2347,12,0.4033822645720663,0.32451514439209517,0.35860914614206296,0.0015458577118283672,58101,0.9975276847798095,1.124852137516709,4.477311843000331,17.96136606979863,2347,0.39052964705297183,0.4171849903796037,True,,,,,,,7.0,12,12,1.0,0.40290775978174537,0.017563739376770537,leadership,causal cross-sectional rank of relative volume >= 0.90,WEAK,,,,,,,,,,,,,0.0371075166508088,0.059695198241189164,-0.03188405797101457,-0.04224908245676959,0.0,0.002784864614303265
A_repeat_shock,hit_p10_10d,10,101172,587082,392,2344,12,0.25955798046890444,0.21010693565805116,0.2307500915107686,0.0013536562459515393,101081,0.9991005416518405,1.1248445396853357,2.8807888958135823,10.359392474565267,2344,0.24862849900431577,0.26897018769637293,True,0.04807692307692313,0.08039994158040004,-0.041095890410958846,-0.05518576437284108,0.0,0.004685215420011454,8.0,12,12,1.0,0.2593533533136177,0.013511643537737714,activity,abnormal volume with another in the prior five,WEAK,,,,,,,,,,,,,,,,,,
A_repeat_shock,hit_p5_5d,5,101172,587082,392,2344,12,0.38894160439647335,0.32451514439209517,0.3464998367645749,0.0011886518182470328,101081,0.9991005416518405,1.12248712157291,4.244176763189844,16.472021303804134,2344,0.37596541287793944,0.40062420467533866,True,,,,,,,8.0,12,12,1.0,0.3884040704889551,0.013511643537737714,activity,abnormal volume with another in the prior five,WEAK,,,,,,,,,,,,,0.0349243306169964,0.05638142073579135,-0.028863724711690852,-0.03964511869811014,0.0,0.0026063614373308627
A_turnover_z_ge3,hit_p20_20d,20,24064,587082,392,2217,12,0.19942652925531915,0.1305899346258274,0.17770630360562914,0.002144050701251721,24018,0.9980884308510638,1.1222254090477843,2.1720225649690006,9.605343867065296,2217,0.18817853727728612,0.2115409344023873,True,,,,,,,6.0,12,12,1.0,0.19879769558320112,0.012882313829787235,activity,turnover z >= 3 vs own 60-day history,WEAK,0.0820144943092147,0.13397209976531343,-0.07808046879853359,-0.09411286457740174,-0.022328548644338198,0.0010249496444708279,,,,,,,,,,,,
B_relvol3_premove_p3lt2,hit_p10_10d,10,37428,587082,392,2303,12,0.1904723736240248,0.21010693565805116,0.17012237481964412,0.0017851653088836398,37426,0.9999465640696804,1.1196197667992536,2.0349998804380682,3.5294028096394237,2303,0.17929656595788301,0.202846432515529,True,0.02941176470588247,0.06025370930594272,-0.017474883195407187,-0.04004221943479696,0.0,0.005010701986385587,9.0,12,10,0.8333333333333334,0.19007553560388163,0.020439243347226674,premove,3x volume AND prior 3-day return below +2 %,WEAK,,,,,,,,,,,,,,,,,,
E_xsz_ge3,hit_p5_5d,5,95194,587082,392,2347,12,0.38085383532575584,0.32451514439209517,0.34017364765312563,0.001649022732955757,95020,0.9981721537071664,1.1195865345601144,4.068018767263021,18.770898665121933,2347,0.36916373206598135,0.3919796325583001,True,,,,,,,8.0,12,12,1.0,0.3802375296912114,0.014780343298947413,leadership,relative volume 3 robust deviations above the causal market median,WEAK,,,,,,,,,,,,,0.03404255319148941,0.05631522333645217,-0.02884404222491671,-0.03994425691035413,0.0,0.00287390598972008
B_relvol3_atbreakout,hit_p5_5d,5,30199,587082,392,2153,12,0.3398456902546442,0.32451514439209517,0.3038212971862261,0.0024122527757841584,30173,0.9991390443392165,1.118570993544335,3.6024393068418092,12.531944092810829,2153,0.3237029940985609,0.3570591625887108,True,,,,,,,7.0,12,9,0.75,0.34031796713896095,0.01519917878075433,premove,3x volume AND within 1 % of the 20-day high,WEAK,,,,,,,,,,,,,0.022821576763485396,0.05088900352475675,-0.020851433536055564,-0.03457927067278227,0.0,0.0030734416558301485
D_sell_pressure_drop,hit_p5_5d,5,94844,587082,392,2335,12,0.37966555607102187,0.32451514439209517,0.3405952129902994,0.0015544798458328624,94840,0.9999578254818439,1.1147119559801935,3.907034308072249,8.799434118739283,2335,0.3685075920356286,0.3888025691175153,True,,,,,,,9.0,12,10,0.8333333333333334,0.3790837222592628,0.012009194044958036,tightening,down-volume share fell by more than 15 points against the prior window,WEAK,,,,,,,,,,,,,0.03571428571428581,0.05516482351117321,-0.02832299600682886,-0.03754235319597082,-0.004366812227074135,0.0039852960563218015
E_xsrank_ge95,hit_p10_10d,10,29571,587082,392,2346,12,0.27709580332082107,0.21010693565805116,0.24859324622433396,0.0026978518305037463,29465,0.9964154069865747,1.114655396026533,2.8502557096487107,11.479785181996291,2346,0.2632989415833995,0.28828443809149606,True,0.05208333333333326,0.08884785570639646,-0.04800817160367721,-0.06092443367483145,-0.00489356759876336,0.004259557878338791,6.0,12,12,1.0,0.2754761904761905,0.02225153021541375,leadership,causal cross-sectional rank of relative volume >= 0.95,WEAK,,,,,,,,,,,,,,,,,,
A_volz_ge4,hit_p20_20d,20,13858,587082,392,2085,12,0.199812382739212,0.1305899346258274,0.17961126393513827,0.0029176535582564095,13814,0.9968249386635878,1.1124713359305591,2.020111880407374,9.592443292029724,2085,0.18830151824205243,0.21194801530427454,True,,,,,,,6.0,12,10,0.8333333333333334,0.19908715496631166,0.012916726800404099,activity,volume z >= 4 vs own 60-day history,WEAK,0.08200049537313381,0.13470232416699682,-0.07620147366105795,-0.09087235209720801,-0.019607843137254943,0.003977825968994764,,,,,,,,,,,,
E_xsz_ge3,hit_p10_10d,10,95194,587082,392,2347,12,0.25076160262201397,0.21010693565805116,0.22600136813302468,0.0015243195887274647,95020,0.9981721537071664,1.1095578964517854,2.4760234488989283,11.547217850890252,2347,0.24189835151505398,0.2607667984366481,True,0.04651162790697683,0.08074078764522498,-0.04117647058823526,-0.05567733226311898,0.0,0.005126165690565777,8.0,12,12,1.0,0.2507046714172605,0.014780343298947413,leadership,relative volume 3 robust deviations above the causal market median,WEAK,,,,,,,,,,,,,,,,,,
B_relvol2_postmove_p3ge5,hit_p20_30d,30,34622,587082,392,2289,12,0.27554733984171914,0.18646287912080425,0.24903904511430305,0.0018048361954434917,34601,0.9993934492519208,1.1064423239903725,2.650829472741609,8.841767844832122,2289,0.26371554195374985,0.2865090617041199,True,,,,,,,6.0,12,12,1.0,0.27407837445573296,0.015597019236323725,premove,2x volume AFTER a prior 3-day return of +5 % or more — the echo,WEAK,,,,,,,0.1042323230653065,0.17356917757178697,-0.1001759643247021,-0.11775400451174645,-0.03703703703703698,0.004338906010182526,,,,,,
C_vca_q98,hit_p5_5d,5,11612,587082,391,1949,12,0.2700654495349638,0.32451514439209517,0.24425649434711313,0.002640768928866695,11587,0.9978470547709266,1.1056633325379175,2.5808955187850673,6.663762666671746,1949,0.25095110947921473,0.28888622132291125,True,,,,,,,8.5,12,9,0.75,0.26874458874458873,0.02058215638994144,compression,volume-compression activity above its 98th percentile (3.27),WEAK,,,,,,,,,,,,,0.012345679012345734,0.04051374870258615,-0.004006895487058071,-0.028172606455894932,0.0,0.0010251586492474067
B_relvol2_atbreakout,hit_p5_5d,5,38754,587082,392,2214,12,0.3374619394127058,0.32451514439209517,0.3053347793529062,0.0024242539588213226,38727,0.9993032977241059,1.1052194582182262,3.21271600597996,11.631616093996444,2214,0.321310259722166,0.35515416227473895,True,,,,,,,7.0,12,9,0.75,0.3378094620868438,0.016204778861536873,premove,2x volume AND within 1 % of the 20-day high,WEAK,,,,,,,,,,,,,0.023177872034561342,0.05029716624058888,-0.020861840787545105,-0.03420634645987495,0.0,0.0035082855576836556
B_relvol3_premove_p3lt2,hit_p5_5d,5,37428,587082,392,2303,12,0.2862295607566528,0.32451514439209517,0.25918211938224767,0.002295221719459232,37426,0.9999465640696804,1.1043568955982284,2.704744137440512,6.679564550074487,2303,0.2683577694241787,0.3034378918009578,True,,,,,,,9.0,12,10,0.8333333333333334,0.2844815999569904,0.020439243347226674,premove,3x volume AND prior 3-day return below +2 %,WEAK,,,,,,,,,,,,,0.01980198019801982,0.04086177771877809,-0.010752688172043112,-0.027923505350403697,0.0,0.0025224793267713025
D_sell_pressure_drop,hit_p10_10d,10,94844,587082,392,2335,12,0.2467209312133609,0.21010693565805116,0.22346003795866717,0.0015648085060828276,94840,0.9999578254818439,1.1040941971821026,2.3260893254693715,7.140781614720408,2335,0.23719493643252354,0.25490381136529244,True,0.04984353732932145,0.0787969335480373,-0.040723981900452566,-0.05455826089260504,-0.007407407407407418,0.004777936067427047,9.0,12,10,0.8333333333333334,0.2462668402281699,0.012009194044958036,tightening,down-volume share fell by more than 15 points against the prior window,WEAK,,,,,,,,,,,,,,,,,,
B_relvol2_below20dhigh,hit_p20_20d,20,49306,587082,392,2344,12,0.17310266499006205,0.1305899346258274,0.15682842639593905,0.001190467232233105,49250,0.998864235589989,1.1037709742233353,1.6274238594122998,7.419045278850166,2344,0.16428621480161773,0.18237718134853292,True,,,,,,,8.0,12,12,1.0,0.1720311671358055,0.017908570964994118,premove,2x volume AND still 5 % or more below the 20-day high,WEAK,0.07788179465056089,0.12356584979334172,-0.06628170139120027,-0.08475948820676149,-0.011363636363636576,0.004883542742606548,,,,,,,,,,,,
B_relvol2_postmove_p3ge5,clean_p20_30d,30,34622,587082,392,2289,12,0.2239616428860262,0.16058915108962632,0.20301869888153518,0.001379561712266451,34601,0.9993934492519208,1.103157709702437,2.0942944004491038,8.02700857695433,2289,0.21535433346269545,0.23272022475301637,True,,,,,,,6.0,12,12,1.0,0.2230769230769231,0.015597019236323725,premove,2x volume AFTER a prior 3-day return of +5 % or more — the echo,WEAK,,,,,,,0.1042323230653065,0.17356917757178697,-0.1001759643247021,-0.11775400451174645,-0.03703703703703698,0.004338906010182526,,,,,,
CHAIN_3_shock_premove_below,hit_p20_20d,20,34895,587082,392,2331,12,0.16509528585757272,0.1305899346258274,0.14967615281001917,0.0017159004285803375,34893,0.9999426851984525,1.1030166312867602,1.5419133047553546,5.796904086103573,2331,0.15612319689869156,0.17570323645134023,True,,,,,,,8.0,12,12,1.0,0.16411277522869594,0.020260782347041123,chain,shock + not run + below the 20-day high,WEAK,0.07563025210084029,0.1199012879371032,-0.05960264900662249,-0.0792429262291368,-0.0062893081761006275,0.0074683624374159005,,,,,,,,,,,,
B_relvol3_below20dhigh,hit_p20_20d,20,24998,587082,392,2330,12,0.1804544363549084,0.1305899346258274,0.16372183465640283,0.001729828340964053,24942,0.9977598207856628,1.1022014060159995,1.6732601698505571,6.113000633073509,2330,0.16829002340040006,0.1912541213305702,True,,,,,,,7.0,12,12,1.0,0.17863468040573177,0.02236178894311545,premove,3x volume AND still 5 % or more below the 20-day high,WEAK,0.08000000000000007,0.12669803366975654,-0.06705261527993317,-0.0853641227671249,-0.01098901098901095,0.0029984887134137305,,,,,,,,,,,,
A_volz_ge3,hit_p20_20d,20,23030,587082,392,2231,12,0.19435518888406425,0.1305899346258274,0.17634876435781413,0.0022497958991077203,22984,0.9980026052974381,1.1021068936361398,1.800642452625012,9.031779348783385,2231,0.18298822429237363,0.2042423572028122,True,,,,,,,6.0,12,11,0.9166666666666666,0.19367640645442652,0.01289622231871472,activity,volume z >= 3 vs own 60-day history,WEAK,0.08088235294117652,0.13192958150438133,-0.07627118644067798,-0.09170524345984819,-0.020650539984434835,0.0019893406254948083,,,,,,,,,,,,
A_first_shock,hit_p5_5d,5,25108,587082,392,2291,12,0.3769714831926079,0.32451514439209517,0.34274489470325464,0.0030571538201718948,25072,0.9985661940417396,1.0998602430471984,3.4226588489353285,9.12468703811951,2291,0.3642250668571202,0.38820414073959697,True,,,,,,,9.0,12,11,0.9166666666666666,0.3768538876673996,0.01254580213477776,activity,first abnormal-volume day after a quiet five,KILLED,,,,,,,,,,,,,0.034482758620689724,0.05509661253890538,-0.024913434497110476,-0.033899574771395095,0.0,0.0059181764400725355
E_xsrank95_premove,hit_p5_5d,5,13349,587082,390,2254,12,0.33290883212225636,0.32451514439209517,0.30271596613471197,0.004311504977196389,13347,0.9998501760431493,1.0997399191458852,3.019286598754439,8.051784523453659,2254,0.31146631223276044,0.3553582680008766,True,,,,,,,8.0,12,9,0.75,0.33131664523935567,0.03266162259345269,leadership,causal rank >= 0.95 AND prior 3-day return below +2 %,KILLED,,,,,,,,,,,,,0.028511087645195277,0.048190308432127876,-0.01834862385321112,-0.03247142222823257,0.0,0.0032729854493258616
B_relvol3_postmove_p3ge5,clean_p20_30d,30,24415,587082,392,2243,12,0.2262133934056932,0.16058915108962632,0.20579169570029104,0.002360585691867552,24397,0.9992627483104649,1.0992347997075862,2.042169770540217,7.882402869039643,2243,0.21683260321510545,0.23510730053753817,True,,,,,,,5.0,12,12,1.0,0.22522633744855966,0.01576899447061233,premove,3x volume AFTER a prior 3-day return of +5 % or more — the echo,KILLED,,,,,,,0.10406937958639095,0.17628701600986335,-0.10041841004184093,-0.1175167562067358,-0.03907637655417395,0.004897591032738673,,,,,,
E_xsrank_ge99,hit_p20_20d,20,6546,587082,385,2332,12,0.1941643751909563,0.1305899346258274,0.1770694723812471,0.004816431340723574,6463,0.9873205010693553,1.0965434785495138,1.7094902809709211,6.735868253673321,2332,0.17537594876382603,0.2134690205507492,False,,,,,,,5.0,12,12,1.0,0.19155493912775468,0.04078826764436297,leadership,causal cross-sectional rank of relative volume >= 0.99,KILLED,0.0730593607305936,0.13308149990446405,-0.0737968160124966,-0.09117288949796169,-0.014884979702300405,0.0018342124717378935,,,,,,,,,,,,
D_range_compression,hit_p20_20d,20,6631,587082,383,1932,12,0.1586487709244458,0.1305899346258274,0.14508901629450813,0.003907229065612072,6628,0.9995475795505957,1.0934581746789158,1.3559754629937664,3.530785841617476,1932,0.13723830219322322,0.18109492709787253,False,,,,,,,10.0,12,8,0.6666666666666666,0.15583028083028083,0.04810737445332529,tightening,"5-day true range under 60 % of the 20-day, price in the top half of its range",KILLED,0.06666666666666665,0.12326299789038879,-0.05421686746987964,-0.07397111707732544,-0.003241567720920435,0.02040446922294049,,,,,,,,,,,,
CHAIN_4_shock_premove_below_tight,hit_p10_10d,10,5660,587082,388,1912,12,0.2734982332155477,0.21010693565805116,0.25012367491166076,0.00612329977974951,5660,1.0,1.0934520025385401,2.337455830388696,4.262058934048517,1912,0.25714125116695097,0.29051904859232786,True,0.056442510740551954,0.08851196525047637,-0.048293343914629194,-0.06119588867016597,-0.00990099009900991,0.004013388716407354,8.0,12,12,1.0,0.2725493684397794,0.024558303886925797,chain,shock + not run + below high + light sell-side,KILLED,,,,,,,,,,,,,,,,,,
CHAIN_4_shock_premove_lead,hit_p5_5d,5,13239,587082,390,2250,12,0.3312939043734421,0.32451514439209517,0.3034826622346454,0.003913182824115764,13237,0.9998489311881562,1.091640299755253,2.781124213879671,7.80392726944534,2250,0.31060255407722825,0.35315882279590155,True,,,,,,,8.0,12,9,0.75,0.3296728437428506,0.03263086335825969,chain,shock + not run + causal cross-sectional leadership,KILLED,,,,,,,,,,,,,0.02824858757062154,0.04805777774748468,-0.018181818181818188,-0.03246838553226529,0.0,0.0031477915702828327
B_relvol2_postmove_p3ge5,hit_p10_20d,20,34622,587082,392,2289,12,0.45687713014846054,0.3274380750900215,0.4188549463888327,0.002157995798555061,34601,0.9993934492519208,1.0907764945510283,3.802218375962785,9.837463617296898,2289,0.4466673657249736,0.4663933687878467,True,,,,,,,6.0,12,12,1.0,0.4557910014513788,0.015597019236323725,premove,2x volume AFTER a prior 3-day return of +5 % or more — the echo,KILLED,0.09026631444648403,0.14600001325227557,-0.08571428571428574,-0.09935774237769501,-0.028818443804034533,0.00649241156089409,,,,,,,,,,,,
B_relvol3_postmove_p3ge5,hit_p20_30d,30,24415,587082,392,2243,12,0.27683800942043824,0.18646287912080425,0.2543570930852154,0.0029067576432211285,24397,0.9992627483104649,1.0883832884762636,2.2480916335222814,8.6782223715917,2243,0.26398203995623454,0.2895382298607007,True,,,,,,,5.0,12,12,1.0,0.27521311205370014,0.01576899447061233,premove,3x volume AFTER a prior 3-day return of +5 % or more — the echo,KILLED,,,,,,,0.10406937958639095,0.17628701600986335,-0.10041841004184093,-0.1175167562067358,-0.03907637655417395,0.004897591032738673,,,,,,
B_relvol2_premove_p3lt2,hit_p5_5d,5,65401,587082,392,2334,12,0.3053928839008578,0.32451514439209517,0.2809906107593969,0.0012173824433259406,65394,0.9998929679974312,1.0868437314486246,2.440227314146087,6.1497557950026644,2334,0.29203648499677853,0.31886327045063206,True,,,,,,,9.0,12,10,0.8333333333333334,0.3042462616606986,0.017155700983165396,premove,2x volume AND prior 3-day return below +2 %,KILLED,,,,,,,,,,,,,0.02506265664160412,0.04373634618172672,-0.016260162601626105,-0.029818330736631538,0.0,0.00286829646442923
CHAIN_2_shock_premove,hit_p5_5d,5,65401,587082,392,2334,12,0.3053928839008578,0.32451514439209517,0.2809906107593969,0.0012173824433259406,65394,0.9998929679974312,1.0868437314486246,2.440227314146087,6.1497557950026644,2334,0.29203648499677853,0.31886327045063206,True,,,,,,,9.0,12,10,0.8333333333333334,0.3042462616606986,0.017155700983165396,chain,shock + not already run,KILLED,,,,,,,,,,,,,0.02506265664160412,0.04373634618172672,-0.016260162601626105,-0.029818330736631538,0.0,0.00286829646442923
E_xsrank_ge90,hit_p10_10d,10,58245,587082,392,2347,12,0.2608120868744098,0.21010693565805116,0.2400759023080498,0.0019648501141438304,58101,0.9975276847798095,1.0863734525869504,2.0736184566360034,10.80853356049611,2347,0.25074881060703913,0.27236766600479073,True,0.04950495049504955,0.08441179178612593,-0.045174537987679675,-0.05892848679491045,-0.0038461538461539435,0.0039746982982686455,7.0,12,12,1.0,0.2607352966547625,0.017563739376770537,leadership,causal cross-sectional rank of relative volume >= 0.90,KILLED,,,,,,,,,,,,,,,,,,
B_relvol3_below20dhigh,hit_p10_20d,20,24998,587082,392,2330,12,0.4091927354188335,0.3274380750900215,0.37689840429797133,0.0027622833704478694,24942,0.9977598207856628,1.0856844463959179,3.229433112086216,6.540338889210912,2330,0.3958444107453482,0.4232207463917949,True,,,,,,,7.0,12,12,1.0,0.40738206407985833,0.02236178894311545,premove,3x volume AND still 5 % or more below the 20-day high,KILLED,0.08000000000000007,0.12669803366975654,-0.06705261527993317,-0.0853641227671249,-0.01098901098901095,0.0029984887134137305,,,,,,,,,,,,
B_relvol3_atbreakout,hit_p10_10d,10,30199,587082,392,2153,12,0.2275240902016623,0.21010693565805116,0.20957478540416927,0.0021213605549073988,30173,0.9991390443392165,1.0856462992997549,1.7949304797493042,9.154433214592437,2153,0.21440624964993726,0.2413471078725285,True,0.03169251517194871,0.07217309373064773,-0.03065134099616862,-0.0487042374431275,0.0,0.00448725849195763,7.0,12,9,0.75,0.22769906206346038,0.01519917878075433,premove,3x volume AND within 1 % of the 20-day high,KILLED,,,,,,,,,,,,,,,,,,
B_relvol3_premove_p3lt5,hit_p5_5d,5,49700,587082,392,2327,12,0.3158148893360161,0.32451514439209517,0.2909741226658081,0.0018753523903445922,49696,0.9999195171026157,1.0853710510114778,2.484076667020801,8.012075441123196,2327,0.3007681928293208,0.3292381655495475,True,,,,,,,8.0,12,10,0.8333333333333334,0.31443893554588687,0.018651911468812878,premove,3x volume AND prior 3-day return below +5 %,KILLED,,,,,,,,,,,,,0.024867454333483807,0.04498838926485791,-0.018111165431062393,-0.030937589044135648,0.0,0.0026712682360284664
B_relvol2_premove_p3lt2,hit_p10_10d,10,65401,587082,392,2334,12,0.19995107108454,0.21010693565805116,0.18428449093188976,0.0013940427319858715,65394,0.9998929679974312,1.0850130147813442,1.5666580152650238,3.1519795044629064,2334,0.1909628132125931,0.20893705767572998,True,0.03571428571428581,0.06398372911039997,-0.024793388429751984,-0.042919153024333266,0.0,0.004923410743141395,9.0,12,10,0.8333333333333334,0.1997571808388019,0.017155700983165396,premove,2x volume AND prior 3-day return below +2 %,KILLED,,,,,,,,,,,,,,,,,,
CHAIN_2_shock_premove,hit_p10_10d,10,65401,587082,392,2334,12,0.19995107108454,0.21010693565805116,0.18428449093188976,0.0013940427319858715,65394,0.9998929679974312,1.0850130147813442,1.5666580152650238,3.1519795044629064,2334,0.1909628132125931,0.20893705767572998,True,0.03571428571428581,0.06398372911039997,-0.024793388429751984,-0.042919153024333266,0.0,0.004923410743141395,9.0,12,10,0.8333333333333334,0.1997571808388019,0.017155700983165396,chain,shock + not already run,KILLED,,,,,,,,,,,,,,,,,,
D_sell_pressure_drop,clean_p20_30d,30,94844,587082,392,2335,12,0.18401796634473452,0.16058915108962632,0.16987557992408264,0.0010927938974880363,94840,0.9999578254818439,1.0832514386463838,1.4142386420651882,4.338844228189206,2335,0.17717145481378496,0.19070934749195478,True,,,,,,,9.0,12,10,0.8333333333333334,0.18362595379454127,0.012009194044958036,tightening,down-volume share fell by more than 15 points against the prior window,KILLED,,,,,,,0.08571428571428563,0.1427038182704815,-0.07142857142857151,-0.0935147363494833,-0.012680691318270987,0.012916919289872146,,,,,,
C_vca_q95_premove,hit_p5_5d,5,17407,587082,392,2106,12,0.2300798529327282,0.32451514439209517,0.21265942778352293,0.0031725029506819522,17406,0.9999425518469581,1.0819170131777864,1.7420425149205276,1.2415778778953084,2106,0.21309448923720764,0.24645088886256195,True,,,,,,,10.0,12,8,0.6666666666666666,0.22887527453473586,0.02131326477853737,compression,volume compression in the top 5 % AND prior 3-day return below +2 %,KILLED,,,,,,,,,,,,,0.011538461538461497,0.03358975609630627,0.0,-0.020838098739160576,0.0,0.0033175227554787384
B_relvol2_postmove_p3ge5,clean_p10_20d,20,34622,587082,392,2289,12,0.39434463635838485,0.2955754051393161,0.3647250079477472,0.0018464527137351736,34601,0.9993934492519208,1.0812108513650371,2.961962841063764,8.856431765888912,2289,0.3864459900660853,0.4022188052276805,True,,,,,,,6.0,12,12,1.0,0.3934978229317852,0.015597019236323725,premove,2x volume AFTER a prior 3-day return of +5 % or more — the echo,KILLED,0.09026631444648403,0.14600001325227557,-0.08571428571428574,-0.09935774237769501,-0.028818443804034533,0.00649241156089409,,,,,,,,,,,,
B_relvol2_below20dhigh,hit_p10_20d,20,49306,587082,392,2344,12,0.4017158155194094,0.3274380750900215,0.37176954314720806,0.0017388368753910876,49250,0.998864235589989,1.0805506339158695,2.994627237220132,7.645918507695254,2344,0.38996466069466795,0.4121990808719816,True,,,,,,,8.0,12,12,1.0,0.4005425692489699,0.017908570964994118,premove,2x volume AND still 5 % or more below the 20-day high,KILLED,0.07788179465056089,0.12356584979334172,-0.06628170139120027,-0.08475948820676149,-0.011363636363636576,0.004883542742606548,,,,,,,,,,,,
D_range_compression,clean_p20_30d,30,6631,587082,383,1932,12,0.18881013421806667,0.16058915108962632,0.1748868436934218,0.004684236630229107,6628,0.9995475795505957,1.0796131385844718,1.392329052464486,2.333109008546732,1932,0.16801175981186514,0.21000996843329456,False,,,,,,,10.0,12,9,0.75,0.18612083396743265,0.04810737445332529,tightening,"5-day true range under 60 % of the 20-day, price in the top half of its range",KILLED,,,,,,,0.08467741935483852,0.15921729453309935,-0.06611570247933884,-0.08915765382988367,-0.006800408024481452,0.029381410873180445,,,,,,
B_relvol3_postmove_p3ge5,hit_p10_20d,20,24415,587082,392,2243,12,0.4596354699979521,0.3274380750900215,0.42583719309751195,0.002487108644220039,24397,0.9992627483104649,1.0793690110849978,3.3798276900440127,9.93792840717073,2243,0.4488836249058558,0.4703827633609175,True,,,,,,,5.0,12,12,1.0,0.45833161858512694,0.01576899447061233,premove,3x volume AFTER a prior 3-day return of +5 % or more — the echo,KILLED,0.09090909090909105,0.1489262994274214,-0.08598351001177873,-0.0991278559445549,-0.03041825095057038,0.006840634133333173,,,,,,,,,,,,
A_volz_ge2,clean_p20_30d,30,41144,587082,392,2305,12,0.20423391016916198,0.16058915108962632,0.18925303022927517,0.0022445081719293554,41086,0.9985903169356407,1.079157939614804,1.498087993988681,5.368770037256315,2305,0.19598296830788056,0.21355125879978243,True,,,,,,,6.0,12,10,0.8333333333333334,0.20342539279789207,0.012760062220493876,activity,volume z >= 2 vs own 60-day history,KILLED,,,,,,,0.09333333333333349,0.15569498620382693,-0.08953063536454353,-0.10925028972298406,-0.027027027027026973,0.0005511383182101106,,,,,,
CHAIN_3_shock_premove_below,hit_p10_20d,20,34895,587082,392,2331,12,0.3911448631609113,0.3274380750900215,0.36245808614908437,0.002163248264069541,34893,0.9999426851984525,1.0791450876859414,2.8686777011826923,6.3736214053557765,2331,0.37916556279002833,0.4029780639820711,True,,,,,,,8.0,12,11,0.9166666666666666,0.389971181556196,0.020260782347041123,chain,shock + not run + below the 20-day high,KILLED,0.07563025210084029,0.1199012879371032,-0.05960264900662249,-0.0792429262291368,-0.0062893081761006275,0.0074683624374159005,,,,,,,,,,,,
F_room_available,hit_p5_5d,5,120588,587082,392,2347,12,0.373113410952997,0.32451514439209517,0.3458913377329515,0.00139214556810322,120465,0.9989799980097522,1.078701228534332,2.7222073220045493,15.093678802234901,2347,0.36400574258792284,0.38380597423217155,True,,,,,,,8.0,12,11,0.9166666666666666,0.372563880467735,0.0132351477758981,constraint,abnormal volume that did NOT close at its circuit limit,KILLED,,,,,,,,,,,,,0.03333333333333344,0.05367055765365457,-0.028037383177570208,-0.038465085798927795,0.0,0.002095352999862454
B_relvol2_premove_p3lt5,hit_p5_5d,5,88574,587082,392,2339,12,0.3303904080204123,0.32451514439209517,0.30647264720826517,0.0013495475647980777,88565,0.9998983900467405,1.0780420733430598,2.3917760812147137,7.977229017469569,2339,0.31934991352438,0.3424455171638308,True,,,,,,,9.0,12,10,0.8333333333333334,0.32952534374007353,0.015399552916205659,premove,2x volume AND prior 3-day return below +5 %,KILLED,,,,,,,,,,,,,0.028368794326241176,0.047118195492567246,-0.021428571428571463,-0.0323511701666679,0.0,0.0029418743275313746
D_sell_pressure_drop,clean_p10_20d,20,94844,587082,392,2335,12,0.3367318965880815,0.2955754051393161,0.3127277520033741,0.001661718562176488,94840,0.9999578254818439,1.0767573214396773,2.40041445847074,5.140547144913285,2335,0.32688855658809285,0.344542513885104,True,,,,,,,9.0,12,10,0.8333333333333334,0.3362825302416154,0.012009194044958036,tightening,down-volume share fell by more than 15 points against the prior window,KILLED,0.06995974743630573,0.11379214741259218,-0.058252427184466105,-0.07699839154234268,-0.011090573012939031,0.008303928228416895,,,,,,,,,,,,
D_sell_pressure_drop,hit_p20_20d,20,94844,587082,392,2335,12,0.1502888954493695,0.1305899346258274,0.13961145086461413,0.0011173937037340174,94840,0.9999578254818439,1.0764797193751188,1.0677444584755365,4.980892945769396,2335,0.14263552875588642,0.15791170458434436,True,,,,,,,9.0,12,10,0.8333333333333334,0.14986612481612005,0.012009194044958036,tightening,down-volume share fell by more than 15 points against the prior window,KILLED,0.06995974743630573,0.11379214741259218,-0.058252427184466105,-0.07699839154234268,-0.011090573012939031,0.008303928228416895,,,,,,,,,,,,
A_volz_ge2,hit_p10_20d,20,41144,587082,392,2305,12,0.4176793700174995,0.3274380750900215,0.38858248551818136,0.002432357044026456,41086,0.9985903169356407,1.074879557320866,2.909688449931813,8.306379178997078,2305,0.40651847677610914,0.42876059007938594,True,,,,,,,6.0,12,11,0.9166666666666666,0.4166585342051332,0.012760062220493876,activity,volume z >= 2 vs own 60-day history,KILLED,0.08048103607770596,0.12959023859858068,-0.07514450867052025,-0.0913579279241095,-0.020154937404559703,0.0013364487376847079,,,,,,,,,,,,
B_relvol3_premove_p3lt5,hit_p10_10d,10,49700,587082,392,2327,12,0.20744466800804828,0.21010693565805116,0.19299641822279462,0.0015275730343214606,49696,0.9999195171026157,1.074862787181365,1.4448249785253664,4.308685715045534,2327,0.19586012797370358,0.21823777694871987,True,0.03536030030872861,0.06548618129089037,-0.026666666666666727,-0.043788236810812745,0.0,0.005099799802367521,8.0,12,10,0.8333333333333334,0.20712334311443895,0.018651911468812878,premove,3x volume AND prior 3-day return below +5 %,KILLED,,,,,,,,,,,,,,,,,,
B_relvol3_below20dhigh,clean_p10_20d,20,24998,587082,392,2330,12,0.35054804384350746,0.2955754051393161,0.32615668350573335,0.0028688521700300515,24942,0.9977598207856628,1.0747841806414205,2.4391360337774115,5.063896250779504,2330,0.34059204893395373,0.3605941749813151,True,,,,,,,7.0,12,12,1.0,0.3493398808565448,0.02236178894311545,premove,3x volume AND still 5 % or more below the 20-day high,KILLED,0.08000000000000007,0.12669803366975654,-0.06705261527993317,-0.0853641227671249,-0.01098901098901095,0.0029984887134137305,,,,,,,,,,,,
B_relvol2_atbreakout,hit_p10_10d,10,38754,587082,392,2214,12,0.22570573360169272,0.21010693565805116,0.21002272316471715,0.0018204372828951993,38727,0.9993032977241059,1.0746729220513962,1.5683010436975564,8.903281863730843,2214,0.21185474953520064,0.24002579349888745,True,0.03239453312304752,0.07118294045163781,-0.030303030303030165,-0.04825352457149071,0.0,0.004607910940237862,7.0,12,9,0.75,0.22589760207388204,0.016204778861536873,premove,2x volume AND within 1 % of the 20-day high,KILLED,,,,,,,,,,,,,,,,,,
F_room_available,hit_p10_10d,10,120588,587082,392,2347,12,0.2468985305337181,0.21010693565805116,0.2298049225916241,0.0011837379060885777,120465,0.9989799980097522,1.0743831235129626,1.7093607942093998,10.124912725134623,2347,0.23835951881058892,0.25557066137897594,True,0.04597701149425282,0.07671280103559497,-0.03984063745019917,-0.053704089716197244,0.0,0.0041019016617611665,8.0,12,11,0.9166666666666666,0.24668859010115307,0.0132351477758981,constraint,abnormal volume that did NOT close at its circuit limit,KILLED,,,,,,,,,,,,,,,,,,
A_first_shock,hit_p10_10d,10,25108,587082,392,2291,12,0.24398598056396367,0.21010693565805116,0.2272196075303127,0.002347871635644869,25072,0.9985661940417396,1.0737892878823867,1.6766373033650972,7.956925650546455,2291,0.23470910052467192,0.2533819933315251,True,0.04729729729729726,0.07717629308094662,-0.0357142857142857,-0.04869489443889507,0.0,0.0075119612923214615,9.0,12,10,0.8333333333333334,0.24389366380171898,0.01254580213477776,activity,first abnormal-volume day after a quiet five,KILLED,,,,,,,,,,,,,,,,,,
B_relvol3_postmove_p3ge5,clean_p10_20d,20,24415,587082,392,2243,12,0.39668236739709195,0.2955754051393161,0.3696561052588433,0.002911378629354795,24397,0.9992627483104649,1.0731119052348697,2.702626213824866,8.667488017828038,2243,0.3877159630159207,0.40481088671358484,True,,,,,,,5.0,12,12,1.0,0.39565414214576733,0.01576899447061233,premove,3x volume AFTER a prior 3-day return of +5 % or more — the echo,KILLED,0.09090909090909105,0.1489262994274214,-0.08598351001177873,-0.0991278559445549,-0.03041825095057038,0.006840634133333173,,,,,,,,,,,,
D_range_compression,hit_p20_30d,30,6631,587082,383,1932,12,0.22063037249283668,0.18646287912080425,0.20582377791188894,0.003944255332155663,6628,0.9995475795505957,1.0719382120476593,1.480659458094774,2.780849273742046,1932,0.19542777088419785,0.24549693976930903,False,,,,,,,10.0,12,10,0.8333333333333334,0.21733821733821734,0.04810737445332529,tightening,"5-day true range under 60 % of the 20-day, price in the top half of its range",KILLED,,,,,,,0.08467741935483852,0.15921729453309935,-0.06611570247933884,-0.08915765382988367,-0.006800408024481452,0.029381410873180445,,,,,,
B_relvol2_below20dhigh,clean_p10_20d,20,49306,587082,392,2344,12,0.3495517786881921,0.2955754051393161,0.32612994923857863,0.0015372992670002735,49250,0.998864235589989,1.071817474915214,2.3421829449613463,6.148601749706248,2344,0.34089991352208937,0.35724386213613935,True,,,,,,,8.0,12,12,1.0,0.34873332517439726,0.017908570964994118,premove,2x volume AND still 5 % or more below the 20-day high,KILLED,0.07788179465056089,0.12356584979334172,-0.06628170139120027,-0.08475948820676149,-0.011363636363636576,0.004883542742606548,,,,,,,,,,,,
A_relvol_ge5,hit_p20_20d,20,39419,587082,392,2322,12,0.15725918973084047,0.1305899346258274,0.14679164121360214,0.0015204322592557583,39288,0.9966767294959283,1.0713088867296965,1.0467548517238328,7.290649527539888,2322,0.14796820035244296,0.16862092432399894,True,,,,,,,6.0,12,10,0.8333333333333334,0.1569586709473577,0.01725056444861615,activity,today's volume >= 5x its own trailing 20-day median,KILLED,0.05882352941176472,0.11145381064206476,-0.05281285878300801,-0.07301063515740569,0.0,0.0035371491293000046,,,,,,,,,,,,
E_xsrank_ge95,hit_p20_20d,20,29571,587082,392,2346,12,0.17354840891413886,0.1305899346258274,0.1621958255557441,0.0018419182545063668,29465,0.9964154069865747,1.0699930674444087,1.1352583358394757,7.4404427715395105,2346,0.16111768134935206,0.18555654748580924,False,,,,,,,6.0,12,11,0.9166666666666666,0.17200680272108843,0.02225153021541375,leadership,causal cross-sectional rank of relative volume >= 0.95,KILLED,0.06849315068493156,0.12256157586187767,-0.06658595641646492,-0.08405404213964283,-0.010810810810810811,0.004150129129639532,,,,,,,,,,,,
A_volz_ge2,hit_p20_30d,30,41144,587082,392,2305,12,0.24492027999222243,0.18646287912080425,0.2291583507764202,0.002442928419027177,41086,0.9985903169356407,1.0687818234043396,1.5761929215802244,6.18333558379523,2305,0.23408369825602132,0.2567487932652151,True,,,,,,,6.0,12,10,0.8333333333333334,0.2438030643115058,0.012760062220493876,activity,volume z >= 2 vs own 60-day history,KILLED,,,,,,,0.09333333333333349,0.15569498620382693,-0.08953063536454353,-0.10925028972298406,-0.027027027027026973,0.0005511383182101106,,,,,,
CHAIN_3_shock_premove_below,clean_p10_20d,20,34895,587082,392,2331,12,0.3407651526006591,0.2955754051393161,0.3188562175794572,0.0025181924536475716,34893,0.9999426851984525,1.0687110171049858,2.190893502120189,5.226648587595535,2331,0.33148541537731985,0.3500795718079924,True,,,,,,,8.0,12,11,0.9166666666666666,0.3399135446685879,0.020260782347041123,chain,shock + not run + below the 20-day high,KILLED,0.07563025210084029,0.1199012879371032,-0.05960264900662249,-0.0792429262291368,-0.0062893081761006275,0.0074683624374159005,,,,,,,,,,,,
B_relvol2_premove_p3lt5,hit_p10_10d,10,88574,587082,392,2339,12,0.2159663106554971,0.21010693565805116,0.2021650764974877,0.0014739789436219717,88565,0.9998983900467405,1.0682671527449137,1.3801234158009406,4.671357070320721,2339,0.2075201108542814,0.2255655058267021,True,0.040000000000000036,0.06835561367896988,-0.030973451327433787,-0.04610373756369283,0.0,0.005034496640389066,9.0,12,10,0.8333333333333334,0.21583614960647782,0.015399552916205659,premove,2x volume AND prior 3-day return below +5 %,KILLED,,,,,,,,,,,,,,,,,,
A_volz_ge2,clean_p10_20d,20,41144,587082,392,2305,12,0.36491347462570484,0.2955754051393161,0.34190843596358855,0.0022524814082142547,41086,0.9985903169356407,1.0672842089906753,2.3005038662116286,7.072031860554499,2305,0.35550579340076643,0.3740990242715838,True,,,,,,,6.0,12,10,0.8333333333333334,0.3642285546989363,0.012760062220493876,activity,volume z >= 2 vs own 60-day history,KILLED,0.08048103607770596,0.12959023859858068,-0.07514450867052025,-0.0913579279241095,-0.020154937404559703,0.0013364487376847079,,,,,,,,,,,,
C_bigvol_smallbody,hit_p5_5d,5,27822,587082,392,2227,12,0.2595068650708073,0.32451514439209517,0.2433678421222905,0.0017231074487343387,27819,0.9998921716627129,1.0663153471991615,1.6139022948516768,6.192846446755617,2227,0.2444997751746013,0.2754899074881172,True,,,,,,,8.0,12,9,0.75,0.2585876828607549,0.017360362303213285,compression,3x volume with a body under a quarter of the day's range,KILLED,,,,,,,,,,,,,0.011111111111111072,0.03806742439837634,-0.004736532151771,-0.02780757982955168,0.0,0.0005848592533616434
E_xsz_ge3,hit_p20_20d,20,95194,587082,392,2347,12,0.15464209929197217,0.1305899346258274,0.14509419069669544,0.0008240145489696442,95020,0.9981721537071664,1.065804899206267,0.9547908595276738,7.165679920224305,2347,0.14674767319593934,0.16324964805547174,True,,,,,,,8.0,12,10,0.8333333333333334,0.15454727669764645,0.014780343298947413,leadership,relative volume 3 robust deviations above the causal market median,KILLED,0.06340057636887586,0.11249934222196283,-0.05847953216374269,-0.07751623223028577,-0.005291005291005124,0.003992450560953889,,,,,,,,,,,,
D_sell_pressure_drop,hit_p20_30d,30,94844,587082,392,2335,12,0.21046138922862806,0.18646287912080425,0.1975332138338254,0.0011353351077576061,94840,0.9999578254818439,1.0654481094233246,1.2928175394802648,4.046930080811178,2335,0.20147381414192447,0.21864667614761,True,,,,,,,9.0,12,10,0.8333333333333334,0.2099715310776916,0.012009194044958036,tightening,down-volume share fell by more than 15 points against the prior window,KILLED,,,,,,,0.08571428571428563,0.1427038182704815,-0.07142857142857151,-0.0935147363494833,-0.012680691318270987,0.012916919289872146,,,,,,
CHAIN_3_shock_premove_below,clean_p20_30d,30,34895,587082,392,2331,12,0.18684625304484884,0.16058915108962632,0.17546929183503854,0.0015902752037885253,34893,0.9999426851984525,1.0648373347254465,1.13769612098103,4.360908625080315,2331,0.178962426962569,0.19607475199757926,True,,,,,,,8.0,12,12,1.0,0.18561163535624622,0.020260782347041123,chain,shock + not run + below the 20-day high,KILLED,,,,,,,0.09160305343511466,0.1503078534169966,-0.07294117647058829,-0.09555182046813558,-0.007299270072992692,0.014409080417818167,,,,,,
A_turnover_z_ge3,clean_p20_30d,30,24064,587082,392,2217,12,0.20653257978723405,0.16058915108962632,0.19405237738362896,0.002301846157039711,24018,0.9980884308510638,1.0643135764210103,1.248020240360509,5.603640715976755,2217,0.1962861158626372,0.21627029274232817,True,,,,,,,6.0,12,9,0.75,0.20608361845948428,0.012882313829787235,activity,turnover z >= 3 vs own 60-day history,KILLED,,,,,,,0.09459459459459452,0.16004325982587847,-0.0924711212264353,-0.11245340585881343,-0.029468966763537163,0.00016104635487833633,,,,,,
C_vca_q95,hit_p5_5d,5,29023,587082,392,2285,12,0.31850601247286636,0.32451514439209517,0.2994220550686634,0.002340917197243019,28982,0.9985873272921476,1.0637359776278437,1.908395740420299,8.031202674618298,2285,0.3044188188332612,0.33513729099715484,True,,,,,,,8.0,12,9,0.75,0.31783858676827154,0.016745339902835683,compression,volume-compression activity above its 95th percentile (1.93),KILLED,,,,,,,,,,,,,0.02409638554216853,0.04740261928848573,-0.019230769230769162,-0.03227671916368324,0.0,0.0027996012089612043
A_relvol_ge2,hit_p20_20d,20,123720,587082,392,2347,12,0.15561752344002586,0.1305899346258274,0.14637831930051812,0.0009109120671257788,123520,0.9983834464920789,1.0631186652681557,0.923920413950774,7.239067140135334,2347,0.14786444787631428,0.16370818245132093,True,,,,,,,8.0,12,11,0.9166666666666666,0.15559721478307445,0.013094083414161009,activity,today's volume >= 2x its own trailing 20-day median,KILLED,0.06557377049180313,0.11214235773249501,-0.05743810133990118,-0.07586071031290098,-0.0038192249720425675,0.005296110465326641,,,,,,,,,,,,
A_turnover_z_ge3,hit_p10_20d,20,24064,587082,392,2217,12,0.42216589095744683,0.3274380750900215,0.39723748855025404,0.0031520233881164256,24018,0.9980884308510638,1.0627544054240903,2.4928402407192793,8.190004989442697,2217,0.40978933874640744,0.43372252061546224,True,,,,,,,6.0,12,12,1.0,0.4214327460966853,0.012882313829787235,activity,turnover z >= 3 vs own 60-day history,KILLED,0.0820144943092147,0.13397209976531343,-0.07808046879853359,-0.09411286457740174,-0.022328548644338198,0.0010249496444708279,,,,,,,,,,,,
B_relvol2_below20dhigh,hit_p20_30d,30,49306,587082,392,2344,12,0.2316756581349126,0.18646287912080425,0.2181218274111675,0.0014040475650322684,49250,0.998864235589989,1.0621388096897495,1.355383072374508,6.249951037724311,2344,0.2204861211284692,0.24193263179706995,True,,,,,,,8.0,12,12,1.0,0.23030636804960633,0.017908570964994118,premove,2x volume AND still 5 % or more below the 20-day high,KILLED,,,,,,,0.09322033898305104,0.15308634930787784,-0.08009431027970942,-0.1017490468135025,-0.014084507042253502,0.009245727460973857,,,,,,
A_volz_ge4,clean_p20_30d,30,13858,587082,392,2085,12,0.2052244191080964,0.16058915108962632,0.1933256116982771,0.0040010174248939715,13814,0.9968249386635878,1.0615480137589228,1.18988074098193,5.597721002539147,2085,0.1940538213150902,0.21668447278531847,True,,,,,,,6.0,12,10,0.8333333333333334,0.204665652394407,0.012916726800404099,activity,volume z >= 4 vs own 60-day history,KILLED,,,,,,,0.09393995495078533,0.16094539427629598,-0.08992350043465663,-0.10861142219252912,-0.026907876359977267,0.003835057559892742,,,,,,
A_relvol_ge5,hit_p10_20d,20,39419,587082,392,2322,12,0.3427027575534641,0.3274380750900215,0.322994298513541,0.002104682430190331,39288,0.9966767294959283,1.0610179781177649,1.9708459039923076,6.086398649212419,2322,0.3301179134617924,0.3569273469506701,True,,,,,,,6.0,12,10,0.8333333333333334,0.34197181662971743,0.01725056444861615,activity,today's volume >= 5x its own trailing 20-day median,KILLED,0.05882352941176472,0.11145381064206476,-0.05281285878300801,-0.07301063515740569,0.0,0.0035371491293000046,,,,,,,,,,,,
D_sell_pressure_drop,hit_p10_20d,20,94844,587082,392,2335,12,0.36775125469191516,0.3274380750900215,0.34666912695065377,0.0015825169256171979,94840,0.9999578254818439,1.0608133984287604,2.108212774126139,4.782051505397003,2335,0.3565261615137565,0.37670503559546886,True,,,,,,,9.0,12,10,0.8333333333333334,0.3672279312935897,0.012009194044958036,tightening,down-volume share fell by more than 15 points against the prior window,KILLED,0.06995974743630573,0.11379214741259218,-0.058252427184466105,-0.07699839154234268,-0.011090573012939031,0.008303928228416895,,,,,,,,,,,,
A_turnover_z_ge3,hit_p20_30d,30,24064,587082,392,2217,12,0.2495844414893617,0.18646287912080425,0.23536722458156384,0.0026737083675854407,24018,0.9980884308510638,1.0604044039352245,1.421721690779787,6.4479961221886235,2217,0.23683975043284022,0.2612770363706778,True,,,,,,,6.0,12,11,0.9166666666666666,0.24893545963095934,0.012882313829787235,activity,turnover z >= 3 vs own 60-day history,KILLED,,,,,,,0.09459459459459452,0.16004325982587847,-0.0924711212264353,-0.11245340585881343,-0.029468966763537163,0.00016104635487833633,,,,,,
B_relvol2_below20dhigh,clean_p20_30d,30,49306,587082,392,2344,12,0.19139658459416703,0.16058915108962632,0.18050862944162435,0.0012545749448979575,49250,0.998864235589989,1.0603181974466405,1.0887955152542679,4.80507760184637,2344,0.1839707520465232,0.19937413080613775,True,,,,,,,8.0,12,12,1.0,0.190409170644148,0.017908570964994118,premove,2x volume AND still 5 % or more below the 20-day high,KILLED,,,,,,,0.09322033898305104,0.15308634930787784,-0.08009431027970942,-0.1017490468135025,-0.014084507042253502,0.009245727460973857,,,,,,
A_volz_ge3,clean_p20_30d,30,23030,587082,392,2231,12,0.20373425966131134,0.16058915108962632,0.19239906021580228,0.002372286997720391,22984,0.9980026052974381,1.058915045799788,1.1335199445509065,5.35781292328375,2231,0.19463554933521549,0.21309346238611168,True,,,,,,,6.0,12,10,0.8333333333333334,0.2033144352376799,0.01289622231871472,activity,volume z >= 3 vs own 60-day history,KILLED,,,,,,,0.09352517985611497,0.15807467180483661,-0.09054928869259204,-0.1096286249307141,-0.02752293577981657,0.0018826172608828022,,,,,,
A_volz_ge4,hit_p20_30d,30,13858,587082,392,2085,12,0.24953095684803,0.18646287912080425,0.23569929057477917,0.004432391528141392,13814,0.9968249386635878,1.058683529502622,1.383166627325083,6.513864744200658,2085,0.23546676666257177,0.2627504531976139,False,,,,,,,6.0,12,10,0.8333333333333334,0.24885894370788958,0.012916726800404099,activity,volume z >= 4 vs own 60-day history,KILLED,,,,,,,0.09393995495078533,0.16094539427629598,-0.08992350043465663,-0.10861142219252912,-0.026907876359977267,0.003835057559892742,,,,,,
C_vca_q99,hit_p10_10d,10,5806,587082,388,1275,12,0.14433344815707888,0.21010693565805116,0.13640843852671625,0.003984201825029618,5783,0.996038580778505,1.0580976493455894,0.7925009630362634,1.4481283149047315,1275,0.1287121962579759,0.15994462672684312,False,0.004950495049504955,0.049343893007331135,0.0,-0.03429408478546904,0.0,0.0015984553181724744,9.0,12,9,0.75,0.14288188430897125,0.020668274199104376,compression,volume-compression activity above its 99th percentile (5.44),KILLED,,,,,,,,,,,,,,,,,,
CHAIN_3_shock_premove_below,hit_p20_30d,30,34895,587082,392,2331,12,0.2240435592491761,0.18646287912080425,0.21177743386925743,0.0015946781921939472,34893,0.9999426851984525,1.057919888605475,1.2266125379918669,5.052797160128252,2331,0.21361681128768312,0.23652330479415906,True,,,,,,,8.0,12,12,1.0,0.2225204167027386,0.020260782347041123,chain,shock + not run + below the 20-day high,KILLED,,,,,,,0.09160305343511466,0.1503078534169966,-0.07294117647058829,-0.09555182046813558,-0.007299270072992692,0.014409080417818167,,,,,,
A_volz_ge4,hit_p10_20d,20,13858,587082,392,2085,12,0.4196853802857555,0.3274380750900215,0.3969306500651513,0.005193847106378628,13814,0.9968249386635878,1.057326714920634,2.27547302206042,8.650733333462949,2085,0.40589526926010305,0.43483759169757197,True,,,,,,,6.0,12,11,0.9166666666666666,0.4192146065787567,0.012916726800404099,activity,volume z >= 4 vs own 60-day history,KILLED,0.08200049537313381,0.13470232416699682,-0.07620147366105795,-0.09087235209720801,-0.019607843137254943,0.003977825968994764,,,,,,,,,,,,
A_volz_ge3,hit_p10_20d,20,23030,587082,392,2231,12,0.4174989144594008,0.3274380750900215,0.39537939436129477,0.0027569442139147816,22984,0.9980026052974381,1.055945050279574,2.2119520098106027,8.34466846868149,2231,0.4047503095203245,0.42969878127208244,True,,,,,,,6.0,12,11,0.9166666666666666,0.4167030091583079,0.01289622231871472,activity,volume z >= 3 vs own 60-day history,KILLED,0.08088235294117652,0.13192958150438133,-0.07627118644067798,-0.09170524345984819,-0.020650539984434835,0.0019893406254948083,,,,,,,,,,,,
A_vol_accel_ge2,hit_p5_5d,5,110391,587082,392,2345,12,0.3192923336141533,0.32451514439209517,0.30249447383678796,0.0015573773942683905,110384,0.9999365890335263,1.0555311294227914,1.6797859777365365,7.156595368016207,2345,0.307657827461931,0.3314273660802728,True,,,,,,,10.0,12,9,0.75,0.31880890588717387,0.015653450009511644,activity,relative volume doubled against yesterday's,KILLED,,,,,,,,,,,,,0.028169014084507005,0.046690147671537514,-0.020811099252934895,-0.03110655393777973,0.0,0.004047160481275063
C_vca_q99,hit_p20_20d,20,5806,587082,388,1275,12,0.09782983120909404,0.1305899346258274,0.09272004150095106,0.0028965597726528327,5783,0.996038580778505,1.055109872950558,0.5109789708142978,1.9464442507394553,1275,0.08586471473861626,0.1090957620545166,False,,,,,,,9.0,12,10,0.8333333333333334,0.0969864911673017,0.020668274199104376,compression,volume-compression activity above its 99th percentile (5.44),KILLED,0.01754385964912275,0.07256020441317773,0.0,-0.05019476087845003,0.0,-0.001099764753691415,,,,,,,,,,,,
A_first_shock,clean_p20_30d,30,25108,587082,392,2291,12,0.17990281981838457,0.16058915108962632,0.17064653797064455,0.002543891259102619,25072,0.9985661940417396,1.0542424238825054,0.9256281847740022,5.261945495563362,2291,0.17231576035866386,0.1885255563691961,True,,,,,,,9.0,12,10,0.8333333333333334,0.17993204077553468,0.01254580213477776,activity,first abnormal-volume day after a quiet five,KILLED,,,,,,,0.08098862325560374,0.13854328105437144,-0.06288670315230838,-0.08498185932755947,-0.0017064846416382506,0.01498831138736409,,,,,,
A_relvol_ge3,hit_p20_20d,20,74574,587082,392,2345,12,0.15756161664923432,0.1305899346258274,0.1494805177349767,0.0010607565300018364,74401,0.9976801566229517,1.0540612183825255,0.8081098914257623,7.064178416425474,2345,0.14878412144696274,0.16673948464474123,False,,,,,,,7.0,12,11,0.9166666666666666,0.1574857235211723,0.014763858717515487,activity,today's volume >= 3x its own trailing 20-day median,KILLED,0.06329113924050622,0.1121848340135293,-0.05690677709015901,-0.0754157695884147,0.0,0.00406494182477111,,,,,,,,,,,,
A_turnover_z_ge3,clean_p10_20d,20,24064,587082,392,2217,12,0.36668882978723405,0.2955754051393161,0.3479640269797652,0.0030975436098502414,24018,0.9980884308510638,1.053812467251116,1.8724802807468854,6.726169344429545,2217,0.3557699427676789,0.3758703795255323,True,,,,,,,6.0,12,9,0.75,0.36611839358770976,0.012882313829787235,activity,turnover z >= 3 vs own 60-day history,KILLED,0.0820144943092147,0.13397209976531343,-0.07808046879853359,-0.09411286457740174,-0.022328548644338198,0.0010249496444708279,,,,,,,,,,,,
A_first_shock,clean_p10_20d,20,25108,587082,392,2291,12,0.3263899952206468,0.2955754051393161,0.30978182833439694,0.002391052357598944,25072,0.9985661940417396,1.0536124632438686,1.6608166886249887,5.683139827094689,2291,0.3163648054146301,0.33577442936896484,True,,,,,,,9.0,12,10,0.8333333333333334,0.3262842294623226,0.01254580213477776,activity,first abnormal-volume day after a quiet five,KILLED,0.06666666666666665,0.11049711142396892,-0.050445103857566786,-0.06894311898770743,0.0,0.01186878795420093,,,,,,,,,,,,
A_relvol_ge5,clean_p10_20d,20,39419,587082,392,2322,12,0.2965828661305462,0.2955754051393161,0.28157707187945424,0.0017965305198498862,39288,0.9966767294959283,1.0532919607050348,1.5005794251091942,4.287186556710861,2322,0.28572479678047874,0.3084488878733561,True,,,,,,,6.0,12,10,0.8333333333333334,0.29579797670922203,0.01725056444861615,activity,today's volume >= 5x its own trailing 20-day median,KILLED,0.05882352941176472,0.11145381064206476,-0.05281285878300801,-0.07301063515740569,0.0,0.0035371491293000046,,,,,,,,,,,,
B_relvol2_below20dhigh,hit_p10_30d,30,49306,587082,392,2344,12,0.4722751794913398,0.40138174905720153,0.4483868020304569,0.001377398157477126,49250,0.998864235589989,1.053276272521079,2.3888377460882904,5.936305699995025,2344,0.46010270969177924,0.48296534410805503,True,,,,,,,8.0,12,12,1.0,0.47103577693468773,0.017908570964994118,premove,2x volume AND still 5 % or more below the 20-day high,KILLED,,,,,,,0.09322033898305104,0.15308634930787784,-0.08009431027970942,-0.1017490468135025,-0.014084507042253502,0.009245727460973857,,,,,,
A_relvol_ge2,clean_p10_20d,20,123720,587082,392,2347,12,0.31834788231490463,0.2955754051393161,0.30231905764248707,0.0012611369814128869,123520,0.9983834464920789,1.053019564153047,1.6028824672417563,4.815635921765296,2347,0.3090736804241459,0.3267881115025803,True,,,,,,,8.0,12,11,0.9166666666666666,0.31802211890330484,0.013094083414161009,activity,today's volume >= 2x its own trailing 20-day median,KILLED,0.06557377049180313,0.11214235773249501,-0.05743810133990118,-0.07586071031290098,-0.0038192249720425675,0.005296110465326641,,,,,,,,,,,,
CHAIN_3_shock_premove_below,hit_p10_30d,30,34895,587082,392,2331,12,0.4655108181687921,0.40138174905720153,0.4423251081878887,0.0022488527663768157,34893,0.9999426851984525,1.0524178020886896,2.318570998090336,5.279173341749039,2331,0.453520145654586,0.47745468120615436,True,,,,,,,8.0,12,11,0.9166666666666666,0.46432276657060517,0.020260782347041123,chain,shock + not run + below the 20-day high,KILLED,,,,,,,0.09160305343511466,0.1503078534169966,-0.07294117647058829,-0.09555182046813558,-0.007299270072992692,0.014409080417818167,,,,,,
C_bigvol_smallbody,hit_p10_10d,10,27822,587082,392,2227,12,0.17378333692761125,0.21010693565805116,0.16520902979977714,0.0020924429680210764,27819,0.9998921716627129,1.0518997486830697,0.8574307127834108,4.232958265973254,2227,0.1647462110777572,0.18477645620388583,False,0.018236702412400496,0.05586338135787618,-0.011538461538461608,-0.04018907547652638,0.0,0.0010884901075095407,8.0,12,10,0.8333333333333334,0.17316236229004875,0.017360362303213285,compression,3x volume with a body under a quarter of the day's range,KILLED,,,,,,,,,,,,,,,,,,
A_volz_ge3,hit_p20_30d,30,23030,587082,392,2231,12,0.24580981328701693,0.18646287912080425,0.2338083014270797,0.0022583564192233804,22984,0.9980026052974381,1.0513305634814207,1.2001511859937226,6.298476259399287,2231,0.23386429101739092,0.2578638276416214,True,,,,,,,6.0,12,10,0.8333333333333334,0.24513737461840385,0.01289622231871472,activity,volume z >= 3 vs own 60-day history,KILLED,,,,,,,0.09352517985611497,0.15807467180483661,-0.09054928869259204,-0.1096286249307141,-0.02752293577981657,0.0018826172608828022,,,,,,
E_xsrank95_premove,hit_p10_10d,10,13349,587082,390,2254,12,0.2088545958498764,0.21010693565805116,0.19866636697385182,0.0028753129694706076,13347,0.9998501760431493,1.0512831086115058,1.0188228876024579,4.040453227641768,2254,0.19418394106122258,0.22601922946201172,False,0.039682539682539764,0.06881681329076048,-0.028368794326241065,-0.04675741491629407,0.0,0.003742625609755543,8.0,12,8,0.6666666666666666,0.2087970323264441,0.03266162259345269,leadership,causal rank >= 0.95 AND prior 3-day return below +2 %,KILLED,,,,,,,,,,,,,,,,,,
A_volz_ge3,clean_p10_20d,20,23030,587082,392,2231,12,0.3635692574902301,0.2955754051393161,0.34604725026105115,0.0028169696072218044,22984,0.9980026052974381,1.0506347246363326,1.752200722917896,6.918390653066383,2231,0.3541516463535774,0.373607577631573,True,,,,,,,6.0,12,10,0.8333333333333334,0.362974269515918,0.01289622231871472,activity,volume z >= 3 vs own 60-day history,KILLED,0.08088235294117652,0.13192958150438133,-0.07627118644067798,-0.09170524345984819,-0.020650539984434835,0.0019893406254948083,,,,,,,,,,,,
A_volz_ge4,clean_p10_20d,20,13858,587082,392,2085,12,0.36340020204935775,0.2955754051393161,0.3459750977269437,0.00423181933157929,13814,0.9968249386635878,1.0503651980614983,1.7425104322414064,7.056761159185185,2085,0.3508551432774336,0.37562151646024083,True,,,,,,,6.0,12,10,0.8333333333333334,0.3629184176206347,0.012916726800404099,activity,volume z >= 4 vs own 60-day history,KILLED,0.08200049537313381,0.13470232416699682,-0.07620147366105795,-0.09087235209720801,-0.019607843137254943,0.003977825968994764,,,,,,,,,,,,
B_relvol2_postmove_p3ge5,hit_p10_30d,30,34622,587082,392,2289,12,0.5131130495060944,0.40138174905720153,0.48853212334903623,0.0021732913582306447,34601,0.9993934492519208,1.050315885038425,2.458092615705815,6.882116278293788,2289,0.5024972027168662,0.522694161459435,True,,,,,,,6.0,12,12,1.0,0.5118681446230631,0.015597019236323725,premove,2x volume AFTER a prior 3-day return of +5 % or more — the echo,KILLED,,,,,,,0.1042323230653065,0.17356917757178697,-0.1001759643247021,-0.11775400451174645,-0.03703703703703698,0.004338906010182526,,,,,,
A_first_shock,hit_p20_20d,20,25108,587082,392,2291,12,0.15062928150390315,0.1305899346258274,0.1436722239948947,0.0022188722580645096,25072,0.9985661940417396,1.0484231211469743,0.6957057509008435,6.329411164321984,2291,0.14290401921935814,0.15905829804620755,False,,,,,,,9.0,12,11,0.9166666666666666,0.15058964621227264,0.01254580213477776,activity,first abnormal-volume day after a quiet five,KILLED,0.06666666666666665,0.11049711142396892,-0.050445103857566786,-0.06894311898770743,0.0,0.01186878795420093,,,,,,,,,,,,
CHAIN_4_shock_premove_lead,hit_p10_10d,10,13239,587082,390,2250,12,0.20787068509706172,0.21010693565805116,0.19830777366472765,0.0031796387694324924,13237,0.9998489311881562,1.0482225747108307,0.9562911432334065,3.882289542636467,2250,0.191719811802816,0.2252154245037207,False,0.03937007874015741,0.0686365301708725,-0.028169014084507116,-0.04675522435178341,0.0,0.003585968687498581,8.0,12,8,0.6666666666666666,0.20777039920616747,0.03263086335825969,chain,shock + not run + causal cross-sectional leadership,KILLED,,,,,,,,,,,,,,,,,,
A_relvol_ge2,hit_p10_20d,20,123720,587082,392,2347,12,0.3583171677982541,0.3274380750900215,0.34191224093264255,0.00137426611742451,123520,0.9983834464920789,1.047979934324128,1.6404926865611569,6.165905988130513,2347,0.34787366809851283,0.36875212715634914,True,,,,,,,8.0,12,11,0.9166666666666666,0.35798382058210204,0.013094083414161009,activity,today's volume >= 2x its own trailing 20-day median,KILLED,0.06557377049180313,0.11214235773249501,-0.05743810133990118,-0.07586071031290098,-0.0038192249720425675,0.005296110465326641,,,,,,,,,,,,
E_xsrank_ge90,hit_p20_20d,20,58245,587082,392,2347,12,0.16205682891235298,0.1305899346258274,0.15469269031514088,0.001746701054717181,58101,0.9975276847798095,1.0476049552255005,0.7364138597212105,7.018815629609722,2347,0.15291785183209328,0.17239618111398292,False,,,,,,,7.0,12,11,0.9166666666666666,0.16191363455997793,0.017563739376770537,leadership,causal cross-sectional rank of relative volume >= 0.90,KILLED,0.06666666666666665,0.1173006676333645,-0.06349206349206338,-0.08194477035155534,-0.009803921568627416,0.003450177019081316,,,,,,,,,,,,
D_sell_pressure_drop,hit_p10_30d,30,94844,587082,392,2335,12,0.4433279912277002,0.40138174905720153,0.42351381273724165,0.0015123323434797684,94840,0.9999578254818439,1.0467852001363296,1.9814178490458578,3.5925244029226095,2335,0.43143823696886796,0.4527487329116919,True,,,,,,,9.0,12,10,0.8333333333333334,0.442708829412325,0.012009194044958036,tightening,down-volume share fell by more than 15 points against the prior window,KILLED,,,,,,,0.08571428571428563,0.1427038182704815,-0.07142857142857151,-0.0935147363494833,-0.012680691318270987,0.012916919289872146,,,,,,
A_repeat_shock,hit_p20_20d,20,101172,587082,392,2344,12,0.15839362669513304,0.1305899346258274,0.1514918728544435,0.0009907181334653078,101081,0.9991005416518405,1.0455585749228629,0.6901753840689556,6.247276493875065,2344,0.14931943566541925,0.16779052483323337,False,,,,,,,8.0,12,12,1.0,0.15838262733732977,0.013511643537737714,activity,abnormal volume with another in the prior five,KILLED,0.06619976428682761,0.113417497906195,-0.05834047522029384,-0.07683839576791918,-0.004424778761062065,0.004403039766625569,,,,,,,,,,,,
CHAIN_4_shock_premove_below_tight,hit_p10_20d,20,5660,587082,388,1912,12,0.38975265017667843,0.3274380750900215,0.3732950530035336,0.008105605389972837,5660,1.0,1.0440873701370614,1.6457597173144822,3.0411449284873386,1912,0.37250015362154365,0.4064482045369774,False,,,,,,,8.0,12,11,0.9166666666666666,0.38854296388542964,0.024558303886925797,chain,shock + not run + below high + light sell-side,KILLED,0.07479963031983394,0.12389252092262189,-0.06577013781395163,-0.08371447724152072,-0.013716962194713855,0.004974055544637202,,,,,,,,,,,,
A_repeat_shock,hit_p10_20d,20,101172,587082,392,2344,12,0.3624915984659787,0.3274380750900215,0.3474322572986021,0.0014728665867068042,101081,0.9991005416518405,1.0433446833158917,1.5059341167376616,5.567529605728245,2344,0.3498581470640514,0.37330819814770305,True,,,,,,,8.0,12,12,1.0,0.3621459619316039,0.013511643537737714,activity,abnormal volume with another in the prior five,KILLED,0.06619976428682761,0.113417497906195,-0.05834047522029384,-0.07683839576791918,-0.004424778761062065,0.004403039766625569,,,,,,,,,,,,
B_relvol3_below20dhigh,hit_p10_30d,30,24998,587082,392,2330,12,0.47095767661412913,0.40138174905720153,0.45153556250501153,0.003338130246685001,24942,0.9977598207856628,1.0430134760600591,1.9422114109117594,4.8428854682816915,2330,0.45676714885702896,0.4851416009460154,True,,,,,,,7.0,12,11,0.9166666666666666,0.4690468523587184,0.02236178894311545,premove,3x volume AND still 5 % or more below the 20-day high,KILLED,,,,,,,0.09322033898305093,0.15312697087931917,-0.080570818070818,-0.10247629880282756,-0.015267175572518998,0.004259113771951647,,,,,,
C_vca_q95,hit_p10_10d,10,29023,587082,392,2285,12,0.21021259001481585,0.21010693565805116,0.2016113449727417,0.001944031032089116,28982,0.9985873272921476,1.042662505139254,0.8601245042074157,5.461050870577522,2285,0.19976121040660827,0.22304438773423663,False,0.03411131059245953,0.06818179912996057,-0.028368794326241176,-0.045173974411238674,0.0,0.005518161189790669,8.0,12,9,0.75,0.21007966747488743,0.016745339902835683,compression,volume-compression activity above its 95th percentile (1.93),KILLED,,,,,,,,,,,,,,,,,,
CHAIN_4_shock_premove_below_tight,clean_p10_20d,20,5660,587082,388,1912,12,0.34664310954063604,0.2955754051393161,0.3328710247349823,0.00785865853997096,5660,1.0,1.0413736365776418,1.3772084805653728,2.3727190409866705,1912,0.33120710093800415,0.36189575126453466,False,,,,,,,8.0,12,11,0.9166666666666666,0.34513431773705744,0.024558303886925797,chain,shock + not run + below high + light sell-side,KILLED,0.07479963031983394,0.12389252092262189,-0.06577013781395163,-0.08371447724152072,-0.013716962194713855,0.004974055544637202,,,,,,,,,,,,
D_range_compression,hit_p10_20d,20,6631,587082,383,1932,12,0.3608807118081737,0.3274380750900215,0.3466053108026554,0.0055227393491129985,6628,0.9995475795505957,1.0411863308482456,1.427540100551833,2.4616435150740448,1932,0.33581335498718895,0.38752023707105715,False,,,,,,,10.0,12,9,0.75,0.3579059829059829,0.04810737445332529,tightening,"5-day true range under 60 % of the 20-day, price in the top half of its range",KILLED,0.06666666666666665,0.12326299789038879,-0.05421686746987964,-0.07397111707732544,-0.003241567720920435,0.02040446922294049,,,,,,,,,,,,
B_relvol3_premove_p3lt2,hit_p20_20d,20,37428,587082,392,2303,12,0.1171582772256065,0.1305899346258274,0.11255811467963447,0.0015687240882632186,37426,0.9999465640696804,1.04086922171737,0.46001625459720225,2.4587626815039942,2303,0.10828296790816666,0.12705141832956038,False,,,,,,,9.0,12,9,0.75,0.11658518239939827,0.020439243347226674,premove,3x volume AND prior 3-day return below +2 %,KILLED,0.042635658914728536,0.08731735883626271,-0.02948244093101382,-0.05889297416853761,0.0,0.002369019102831863,,,,,,,,,,,,
A_relvol_ge3,clean_p10_20d,20,74574,587082,392,2345,12,0.3102287660578754,0.2955754051393161,0.29810352011397695,0.0014154563501484303,74401,0.9976801566229517,1.0406746151076036,1.2125245943898466,4.184191900361471,2345,0.29969825211033435,0.3200537383878444,True,,,,,,,7.0,12,10,0.8333333333333334,0.3100285529576554,0.014763858717515487,activity,today's volume >= 3x its own trailing 20-day median,KILLED,0.06329113924050622,0.1121848340135293,-0.05690677709015901,-0.0754157695884147,0.0,0.00406494182477111,,,,,,,,,,,,
B_relvol3_atbreakout,hit_p20_20d,20,30199,587082,392,2153,12,0.1421570250670552,0.1305899346258274,0.13679448513571738,0.0014466550602361685,30173,0.9991390443392165,1.0392014336321986,0.5362539931337812,5.940844319134669,2153,0.1309326365765611,0.153560861326161,False,,,,,,,7.0,12,9,0.75,0.14233443102817417,0.01519917878075433,premove,3x volume AND within 1 % of the 20-day high,KILLED,0.045112781954887105,0.09961113935049483,-0.04695382227396194,-0.06940597587404956,0.0,0.0018099871691482161,,,,,,,,,,,,
A_relvol_ge3,hit_p10_20d,20,74574,587082,392,2345,12,0.35266983130849894,0.3274380750900215,0.3394362978992218,0.0014871145654957582,74401,0.9976801566229517,1.0389867951369396,1.3233533409277132,5.582244251120864,2345,0.339986112173235,0.36370036986755655,True,,,,,,,7.0,12,10,0.8333333333333334,0.3523731278957009,0.014763858717515487,activity,today's volume >= 3x its own trailing 20-day median,KILLED,0.06329113924050622,0.1121848340135293,-0.05690677709015901,-0.0754157695884147,0.0,0.00406494182477111,,,,,,,,,,,,
E_xsrank_ge99,hit_p10_20d,20,6546,587082,385,2332,12,0.3918423464711274,0.3274380750900215,0.3771545721801021,0.00629994970226674,6463,0.9873205010693553,1.038943646381072,1.4687774291025302,5.562034228982641,2332,0.37111060462541845,0.41110088306925957,False,,,,,,,5.0,12,11,0.9166666666666666,0.3888118354137772,0.04078826764436297,leadership,causal cross-sectional rank of relative volume >= 0.99,KILLED,0.0730593607305936,0.13308149990446405,-0.0737968160124966,-0.09117288949796169,-0.014884979702300405,0.0018342124717378935,,,,,,,,,,,,
C_vca_q95_premove,hit_p10_10d,10,17407,587082,392,2106,12,0.14821623484804963,0.21010693565805116,0.14270366540273466,0.0019409392584956602,17406,0.9999425518469581,1.0386294873976707,0.5512569445314974,-0.5407925253980089,2106,0.13737169711940408,0.15926350879900159,False,0.018817204301075252,0.049813343507700635,-0.0060975609756096505,-0.031067700150871826,0.0,0.006215750966790263,10.0,12,6,0.5,0.14757696528620112,0.02131326477853737,compression,volume compression in the top 5 % AND prior 3-day return below +2 %,KILLED,,,,,,,,,,,,,,,,,,
A_repeat_shock,clean_p10_20d,20,101172,587082,392,2344,12,0.32025659273316726,0.2955754051393161,0.3086945123218013,0.0014990416486008252,101081,0.9991005416518405,1.0374547649822667,1.1562080411365971,3.93028741308454,2344,0.31031943559989245,0.3283834750910555,True,,,,,,,8.0,12,12,1.0,0.3199194172637596,0.013511643537737714,activity,abnormal volume with another in the prior five,KILLED,0.06619976428682761,0.113417497906195,-0.05834047522029384,-0.07683839576791918,-0.004424778761062065,0.004403039766625569,,,,,,,,,,,,
A_relvol_ge2,clean_p20_30d,30,123720,587082,392,2347,12,0.17567895247332688,0.16058915108962632,0.16947498380829015,0.0010222953290751232,123520,0.9983834464920789,1.0366069877960162,0.6203968665036724,4.195517645771734,2347,0.16830808193773492,0.18312201259337524,False,,,,,,,8.0,12,10,0.8333333333333334,0.17559617990474105,0.013094083414161009,activity,today's volume >= 2x its own trailing 20-day median,KILLED,,,,,,,0.07843137254901977,0.13772513502542275,-0.0706628539032304,-0.09248645796964389,-0.007244502425455712,0.006674524989368516,,,,,,
D_range_compression,hit_p10_30d,30,6631,587082,383,1932,12,0.44126074498567336,0.40138174905720153,0.4258449004224502,0.006143511228571374,6628,0.9995475795505957,1.0362006085945705,1.5415844563223147,1.8792310371265841,1932,0.41543460269731325,0.46824619260748657,False,,,,,,,10.0,12,8,0.6666666666666666,0.43772893772893773,0.04810737445332529,tightening,"5-day true range under 60 % of the 20-day, price in the top half of its range",KILLED,,,,,,,0.08467741935483852,0.15921729453309935,-0.06611570247933884,-0.08915765382988367,-0.006800408024481452,0.029381410873180445,,,,,,
C_vca_q98,hit_p10_10d,10,11612,587082,391,1949,12,0.17197726489838097,0.21010693565805116,0.16612583067230519,0.0031274165268900395,11587,0.9978470547709266,1.0352229042368668,0.5851434226075786,2.7026783998192747,1949,0.15719310717105558,0.1867721785047268,False,0.020000000000000018,0.05806652132729336,-0.010514271667944497,-0.03970961625486925,0.0,0.003515520999068684,8.5,12,9,0.75,0.17116883116883116,0.02058215638994144,compression,volume-compression activity above its 98th percentile (3.27),KILLED,,,,,,,,,,,,,,,,,,
B_relvol3_postmove_p3ge5,hit_p10_30d,30,24415,587082,392,2243,12,0.5129633422076593,0.40138174905720153,0.49558757224248895,0.0028891762465274623,24397,0.9992627483104649,1.0350609477261739,1.7375769965170318,6.869816585319228,2243,0.503802666514798,0.5234808577897941,True,,,,,,,5.0,12,12,1.0,0.5114202230544467,0.01576899447061233,premove,3x volume AFTER a prior 3-day return of +5 % or more — the echo,KILLED,,,,,,,0.10406937958639095,0.17628701600986335,-0.10041841004184093,-0.1175167562067358,-0.03907637655417395,0.004897591032738673,,,,,,
B_relvol2_atbreakout,hit_p20_20d,20,38754,587082,392,2214,12,0.14086287867058883,0.1305899346258274,0.13614790714488598,0.0011573166961729867,38727,0.9993032977241059,1.0346312449713284,0.47149715257028546,5.7084290728181,2214,0.1313209084744894,0.15279407634171457,False,,,,,,,7.0,12,9,0.75,0.14097213220998056,0.016204778861536873,premove,2x volume AND within 1 % of the 20-day high,KILLED,0.04608541892018714,0.09893470190322688,-0.0461538461538461,-0.06880535777403678,0.0,0.002919625690156782,,,,,,,,,,,,
A_volz_ge2,hit_p10_30d,30,41144,587082,392,2305,12,0.47345907058137277,0.40138174905720153,0.4577070048191598,0.002133334637040595,41086,0.9985903169356407,1.034415173015327,1.5752065762212941,5.201664176713513,2305,0.4620810348014588,0.4836625853007661,True,,,,,,,6.0,12,10,0.8333333333333334,0.47250414755538206,0.012760062220493876,activity,volume z >= 2 vs own 60-day history,KILLED,,,,,,,0.09333333333333349,0.15569498620382693,-0.08953063536454353,-0.10925028972298406,-0.027027027027026973,0.0005511383182101106,,,,,,
D_range_compression,clean_p10_20d,20,6631,587082,383,1932,12,0.320766098627658,0.2955754051393161,0.3104254677127338,0.0064639473134144474,6628,0.9995475795505957,1.033311155138405,1.0340630914924154,1.3888373139716759,1932,0.2983827576583976,0.3422580689189631,False,,,,,,,10.0,12,7,0.5833333333333334,0.319129508446203,0.04810737445332529,tightening,"5-day true range under 60 % of the 20-day, price in the top half of its range",KILLED,0.06666666666666665,0.12326299789038879,-0.05421686746987964,-0.07397111707732544,-0.003241567720920435,0.02040446922294049,,,,,,,,,,,,
B_relvol3_premove_p3lt2,hit_p10_20d,20,37428,587082,392,2303,12,0.27701186277653095,0.3274380750900215,0.2682747287981617,0.0022397780099343593,37426,0.9999465640696804,1.0325678606273427,0.8737133978369227,1.3080597883346414,2303,0.2622194584858103,0.2923872146428393,False,,,,,,,9.0,12,8,0.6666666666666666,0.2763097766189081,0.020439243347226674,premove,3x volume AND prior 3-day return below +2 %,KILLED,0.042635658914728536,0.08731735883626271,-0.02948244093101382,-0.05889297416853761,0.0,0.002369019102831863,,,,,,,,,,,,
B_relvol3_below20dhigh,hit_p20_30d,30,24998,587082,392,2330,12,0.23069845587647012,0.18646287912080425,0.22371902814529712,0.001971886594959068,24942,0.9977598207856628,1.0311972914776337,0.6979427731172994,4.577828503617529,2330,0.21766549045777045,0.24276972968304464,False,,,,,,,7.0,12,12,1.0,0.2287071325068427,0.02236178894311545,premove,3x volume AND still 5 % or more below the 20-day high,KILLED,,,,,,,0.09322033898305093,0.15312697087931917,-0.080570818070818,-0.10247629880282756,-0.015267175572518998,0.004259113771951647,,,,,,
B_relvol2_premove_p3lt2,hit_p20_20d,20,65401,587082,392,2334,12,0.12290331952110824,0.1305899346258274,0.11925482460164541,0.001044344288191689,65394,0.9998929679974312,1.0305941074553548,0.36484949194628274,2.155394166520976,2334,0.11494132377603683,0.13063591786906975,False,,,,,,,9.0,12,8,0.6666666666666666,0.12292802826637991,0.017155700983165396,premove,2x volume AND prior 3-day return below +2 %,KILLED,0.051076052116721504,0.09321190003197549,-0.03864168618266994,-0.06276420399148333,0.0,0.004461255327961828,,,,,,,,,,,,
CHAIN_2_shock_premove,hit_p20_20d,20,65401,587082,392,2334,12,0.12290331952110824,0.1305899346258274,0.11925482460164541,0.001044344288191689,65394,0.9998929679974312,1.0305941074553548,0.36484949194628274,2.155394166520976,2334,0.11494132377603683,0.13063591786906975,False,,,,,,,9.0,12,8,0.6666666666666666,0.12292802826637991,0.017155700983165396,chain,shock + not already run,KILLED,0.051076052116721504,0.09321190003197549,-0.03864168618266994,-0.06276420399148333,0.0,0.004461255327961828,,,,,,,,,,,,
B_relvol3_below20dhigh,clean_p20_30d,30,24998,587082,392,2330,12,0.18773501880150412,0.16058915108962632,0.1821746451768102,0.0023774782948351204,24942,0.9977598207856628,1.0305222146488429,0.5560373624693915,3.312272367655358,2330,0.17834810742041035,0.19578322351846308,False,,,,,,,7.0,12,12,1.0,0.18648365802608274,0.02236178894311545,premove,3x volume AND still 5 % or more below the 20-day high,KILLED,,,,,,,0.09322033898305093,0.15312697087931917,-0.080570818070818,-0.10247629880282756,-0.015267175572518998,0.004259113771951647,,,,,,
CHAIN_5_full,hit_p10_10d,10,1377,587082,323,972,12,0.262164124909223,0.21010693565805116,0.2545025417574437,0.007263979439054541,1377,1.0,1.0301041518007752,0.7661583151779283,2.6578234573660824,972,0.23867111652950304,0.29011210433208784,False,0.05806451612903207,0.08706245242171706,-0.05339805825242727,-0.06359266687088208,-0.011843191464013247,-0.0005700285982840215,7.0,12,10,0.8333333333333334,0.2582538517975055,0.03994190268700073,chain,shock + not run + below high + leadership + light sell-side,KILLED,,,,,,,,,,,,,,,,,,
A_first_shock,hit_p10_20d,20,25108,587082,392,2291,12,0.3555042217619882,0.3274380750900215,0.3453055201021059,0.0024542024289816613,25072,0.9985661940417396,1.0295352986417277,1.0198701659882292,5.050940491551338,2291,0.34450195145543827,0.3673433654812833,False,,,,,,,9.0,12,10,0.8333333333333334,0.35542674395362783,0.01254580213477776,activity,first abnormal-volume day after a quiet five,KILLED,0.06666666666666665,0.11049711142396892,-0.050445103857566786,-0.06894311898770743,0.0,0.01186878795420093,,,,,,,,,,,,
E_xsrank_ge99,clean_p10_20d,20,6546,587082,385,2332,12,0.33440268866483347,0.2955754051393161,0.3252669039145908,0.00651375228477509,6463,0.9873205010693553,1.0280870406403644,0.9135784750242681,3.8755308970888867,2332,0.3176814584453282,0.35105426075970736,False,,,,,,,5.0,12,11,0.9166666666666666,0.33256279858221605,0.04078826764436297,leadership,causal cross-sectional rank of relative volume >= 0.99,KILLED,0.0730593607305936,0.13308149990446405,-0.0737968160124966,-0.09117288949796169,-0.014884979702300405,0.0018342124717378935,,,,,,,,,,,,
B_relvol2_premove_p3lt5,clean_p10_20d,20,88574,587082,392,2339,12,0.28906902702824755,0.2955754051393161,0.2812109749901202,0.0017153286138517471,88565,0.9998983900467405,1.0279436179095625,0.7858052038127339,1.4493106429425475,2339,0.27984232229379075,0.2986048504833379,False,,,,,,,9.0,12,9,0.75,0.28877951416453085,0.015399552916205659,premove,2x volume AND prior 3-day return below +5 %,KILLED,0.05633802816901401,0.09893325801518289,-0.045685279187817174,-0.0662263057534778,0.0,0.005311030675416211,,,,,,,,,,,,
A_first_shock,hit_p20_30d,30,25108,587082,392,2291,12,0.20531304763422017,0.18646287912080425,0.19990826419910657,0.0028150123528448015,25072,0.9985661940417396,1.0270363181619317,0.5404783435113608,5.167242259324112,2291,0.19607289802803252,0.21653767450731168,False,,,,,,,9.0,12,10,0.8333333333333334,0.2053967619428343,0.01254580213477776,activity,first abnormal-volume day after a quiet five,KILLED,,,,,,,0.08098862325560374,0.13854328105437144,-0.06288670315230838,-0.08498185932755947,-0.0017064846416382506,0.01498831138736409,,,,,,
C_vca_q99,hit_p10_20d,20,5806,587082,388,1275,12,0.21305545986910093,0.3274380750900215,0.20747881722289468,0.00535165859715154,5783,0.996038580778505,1.0268781301138243,0.5576642646206248,-0.3997254149497259,1275,0.19445901801032436,0.2305197487079462,False,,,,,,,9.0,12,10,0.8333333333333334,0.2119847592656737,0.020668274199104376,compression,volume-compression activity above its 99th percentile (5.44),KILLED,0.01754385964912275,0.07256020441317773,0.0,-0.05019476087845003,0.0,-0.001099764753691415,,,,,,,,,,,,
A_turnover_z_ge3,hit_p10_30d,30,24064,587082,392,2217,12,0.4763547207446808,0.40138174905720153,0.4639999167291199,0.0038588492454974983,24018,0.9980884308510638,1.0266267375684617,1.2354804015560938,4.792932657720921,2217,0.4625351325478021,0.4881228710938478,False,,,,,,,6.0,12,10,0.8333333333333334,0.47565402428338965,0.012882313829787235,activity,turnover z >= 3 vs own 60-day history,KILLED,,,,,,,0.09459459459459452,0.16004325982587847,-0.0924711212264353,-0.11245340585881343,-0.029468966763537163,0.00016104635487833633,,,,,,
CHAIN_4_shock_premove_below_tight,hit_p10_30d,30,5660,587082,388,1912,12,0.4623674911660777,0.40138174905720153,0.4503975265017668,0.008262308904526307,5660,1.0,1.026576444049893,1.196996466431094,2.3477431194824865,1912,0.4446429274815836,0.4805198674004443,False,,,,,,,8.0,12,11,0.9166666666666666,0.46095000889521437,0.024558303886925797,chain,shock + not run + below high + light sell-side,KILLED,,,,,,,0.08974358974358987,0.15312099809368057,-0.08135701787276589,-0.1010820546476724,-0.017309829086505468,0.009323204897498183,,,,,,
B_relvol3_premove_p3lt2,clean_p10_20d,20,37428,587082,392,2303,12,0.24404189376937052,0.2955754051393161,0.23808849462940204,0.00222164710156606,37426,0.9999465640696804,1.0250049845886517,0.5953399139968479,0.31554226719044903,2303,0.23130457224315165,0.2573991636208609,False,,,,,,,9.0,12,8,0.6666666666666666,0.24327303029488453,0.020439243347226674,premove,3x volume AND prior 3-day return below +2 %,KILLED,0.042635658914728536,0.08731735883626271,-0.02948244093101382,-0.05889297416853761,0.0,0.002369019102831863,,,,,,,,,,,,
B_relvol2_premove_p3lt2,hit_p10_20d,20,65401,587082,392,2334,12,0.2990015443188942,0.3274380750900215,0.2917782977031532,0.001739968277337458,65394,0.9998929679974312,1.0247559419997199,0.7223246615740975,1.1326639145071105,2334,0.2866789716629272,0.3115597712759039,False,,,,,,,9.0,12,9,0.75,0.29865219997233705,0.017155700983165396,premove,2x volume AND prior 3-day return below +2 %,KILLED,0.051076052116721504,0.09321190003197549,-0.03864168618266994,-0.06276420399148333,0.0,0.004461255327961828,,,,,,,,,,,,
CHAIN_2_shock_premove,hit_p10_20d,20,65401,587082,392,2334,12,0.2990015443188942,0.3274380750900215,0.2917782977031532,0.001739968277337458,65394,0.9998929679974312,1.0247559419997199,0.7223246615740975,1.1326639145071105,2334,0.2866789716629272,0.3115597712759039,False,,,,,,,9.0,12,9,0.75,0.29865219997233705,0.017155700983165396,chain,shock + not already run,KILLED,0.051076052116721504,0.09321190003197549,-0.03864168618266994,-0.06276420399148333,0.0,0.004461255327961828,,,,,,,,,,,,
E_xsz_ge3,clean_p20_30d,30,95194,587082,392,2347,12,0.17184906611761244,0.16058915108962632,0.1677525784045464,0.0010854965548439117,95020,0.9981721537071664,1.0244198196594192,0.40964877130660327,4.052661704283419,2347,0.16470147933227658,0.1792161309262269,False,,,,,,,8.0,12,10,0.8333333333333334,0.17173816708518855,0.014780343298947413,leadership,relative volume 3 robust deviations above the causal market median,KILLED,,,,,,,0.07594936708860756,0.13708299476167055,-0.072072072072072,-0.09423740385130389,-0.008130081300813163,0.004989924262193334,,,,,,
B_relvol2_premove_p3lt2,clean_p10_20d,20,65401,587082,392,2334,12,0.2671824589838076,0.2955754051393161,0.26090314096094447,0.0017451032512048454,65394,0.9998929679974312,1.0240676214119595,0.6279318022863134,0.476886726380727,2334,0.25732216632876803,0.27792462476536545,False,,,,,,,9.0,12,9,0.75,0.26677834298974934,0.017155700983165396,premove,2x volume AND prior 3-day return below +2 %,KILLED,0.051076052116721504,0.09321190003197549,-0.03864168618266994,-0.06276420399148333,0.0,0.004461255327961828,,,,,,,,,,,,
CHAIN_2_shock_premove,clean_p10_20d,20,65401,587082,392,2334,12,0.2671824589838076,0.2955754051393161,0.26090314096094447,0.0017451032512048454,65394,0.9998929679974312,1.0240676214119595,0.6279318022863134,0.476886726380727,2334,0.25732216632876803,0.27792462476536545,False,,,,,,,9.0,12,9,0.75,0.26677834298974934,0.017155700983165396,chain,shock + not already run,KILLED,0.051076052116721504,0.09321190003197549,-0.03864168618266994,-0.06276420399148333,0.0,0.004461255327961828,,,,,,,,,,,,
A_volz_ge3,hit_p10_30d,30,23030,587082,392,2231,12,0.4720798957881025,0.40138174905720153,0.4622280717020536,0.0024845927786084883,22984,0.9980026052974381,1.0213137727631956,0.9851824086048899,4.760109821811865,2231,0.46027452110948025,0.484703054137409,False,,,,,,,6.0,12,10,0.8333333333333334,0.47139119058002615,0.01289622231871472,activity,volume z >= 3 vs own 60-day history,KILLED,,,,,,,0.09352517985611497,0.15807467180483661,-0.09054928869259204,-0.1096286249307141,-0.02752293577981657,0.0018826172608828022,,,,,,
A_first_shock,hit_p10_30d,30,25108,587082,392,2291,12,0.4263979608093038,0.40138174905720153,0.4176711072112317,0.0026242723572950143,25072,0.9985661940417396,1.020894080165899,0.8726853598072126,3.7183246903203013,2291,0.41449566165689317,0.43887031565956386,False,,,,,,,9.0,12,10,0.8333333333333334,0.4261043373975615,0.01254580213477776,activity,first abnormal-volume day after a quiet five,KILLED,,,,,,,0.08098862325560374,0.13854328105437144,-0.06288670315230838,-0.08498185932755947,-0.0017064846416382506,0.01498831138736409,,,,,,
A_volz_ge4,hit_p10_30d,30,13858,587082,392,2085,12,0.472146052821475,0.40138174905720153,0.462614014767627,0.004335759592115734,13814,0.9968249386635878,1.0206047325600704,0.9532038053848002,5.1162689993585015,2085,0.45816703117729957,0.48608530160714597,False,,,,,,,6.0,12,10,0.8333333333333334,0.47152173913043477,0.012916726800404099,activity,volume z >= 4 vs own 60-day history,KILLED,,,,,,,0.09393995495078533,0.16094539427629598,-0.08992350043465663,-0.10861142219252912,-0.026907876359977267,0.003835057559892742,,,,,,
D_shock_then_quiet_selling,hit_p5_5d,5,86742,587082,392,2341,12,0.4096285536418344,0.32451514439209517,0.40151464483394833,0.0013931305778133959,86720,0.9997463743054115,1.020208251208923,0.8113908807886094,11.8064440548357,2341,0.39830250643556747,0.42169041253148465,False,,,,,,,8.0,12,11,0.9166666666666666,0.40937366061602976,0.018768301399552698,tightening,abnormal volume in the prior five days AND down-volume share now under 35 %,KILLED,,,,,,,,,,,,,0.03825136612021862,0.06053665703807581,-0.03619909502262442,-0.044960621623593655,-0.00859598853868182,0.0017863271335657191
B_relvol2_premove_p3lt5,hit_p10_20d,20,88574,587082,392,2339,12,0.32009393275679093,0.3274380750900215,0.3140670693840682,0.0015736008680883537,88565,0.9998983900467405,1.0191897335289661,0.6026863372722735,1.9169101148042629,2339,0.3093281133951737,0.3308352595173331,False,,,,,,,9.0,12,9,0.75,0.31983305168366016,0.015399552916205659,premove,2x volume AND prior 3-day return below +5 %,KILLED,0.05633802816901401,0.09893325801518289,-0.045685279187817174,-0.0662263057534778,0.0,0.005311030675416211,,,,,,,,,,,,
E_xsz_ge3,hit_p10_20d,20,95194,587082,392,2347,12,0.3489925835661912,0.3274380750900215,0.34264786360766153,0.0018488471442073876,95020,0.9981721537071664,1.018516735784397,0.6344719958529643,5.579004006157307,2347,0.33882755983752805,0.36038484822787553,False,,,,,,,8.0,12,10,0.8333333333333334,0.34879451332102346,0.014780343298947413,leadership,relative volume 3 robust deviations above the causal market median,KILLED,0.06340057636887586,0.11249934222196283,-0.05847953216374269,-0.07751623223028577,-0.005291005291005124,0.003992450560953889,,,,,,,,,,,,
F_room_available,clean_p10_20d,20,120588,587082,392,2347,12,0.31202938932563773,0.2955754051393161,0.30658490017847506,0.001144524815672622,120465,0.9989799980097522,1.0177585039021018,0.5444489147162668,3.7095487321072182,2347,0.3041617411041394,0.3207849284966768,False,,,,,,,8.0,12,10,0.8333333333333334,0.3116763102027224,0.0132351477758981,constraint,abnormal volume that did NOT close at its circuit limit,KILLED,0.06372549019607843,0.10920880524594145,-0.05674996698402024,-0.07499264306767002,-0.0034482758620689724,0.004859624542821643,,,,,,,,,,,,
C_vca_q95_premove,hit_p10_20d,20,17407,587082,392,2106,12,0.23542253116562303,0.3274380750900215,0.23137136619556475,0.0022445089801064856,17406,0.9999425518469581,1.017509361835278,0.40511649700582797,-0.8911503364407883,2106,0.21813447062033858,0.25159018952200535,False,,,,,,,10.0,12,7,0.5833333333333334,0.23448156282510693,0.02131326477853737,compression,volume compression in the top 5 % AND prior 3-day return below +2 %,KILLED,0.030516431924882514,0.0749809509236773,-0.012987012987013102,-0.046865495683662814,0.0,0.007507158024177988,,,,,,,,,,,,
F_room_available,hit_p10_20d,20,120588,587082,392,2347,12,0.3512704415033005,0.3274380750900215,0.34528369235877643,0.0010710634660899966,120465,0.9989799980097522,1.0173386385629997,0.5986749144524073,5.137257243257695,2347,0.34138893913723123,0.36170037894856927,False,,,,,,,8.0,12,10,0.8333333333333334,0.3509053823419223,0.0132351477758981,constraint,abnormal volume that did NOT close at its circuit limit,KILLED,0.06372549019607843,0.10920880524594145,-0.05674996698402024,-0.07499264306767002,-0.0034482758620689724,0.004859624542821643,,,,,,,,,,,,
C_vca_q98,hit_p20_20d,20,11612,587082,391,1949,12,0.11255597657595591,0.1305899346258274,0.1107232243030983,0.0032451071732161212,11587,0.9978470547709266,1.0165525551064516,0.18327522728576046,2.60822633768473,1949,0.10177303465765004,0.1239580097936992,False,,,,,,,8.5,12,10,0.8333333333333334,0.11192867036011081,0.02058215638994144,compression,volume-compression activity above its 98th percentile (3.27),KILLED,0.032258064516129004,0.08439849386380044,-0.02079525674499566,-0.05648944703145108,0.0,0.0027346787286035477,,,,,,,,,,,,
E_xsrank_ge99,hit_p20_30d,30,6546,587082,385,2332,12,0.23800794378246257,0.18646287912080425,0.2341791737583166,0.005440975474207436,6463,0.9873205010693553,1.016349746058465,0.3828770024145972,4.5643940908717635,2332,0.2171836171490112,0.25788708209153,False,,,,,,,5.0,12,11,0.9166666666666666,0.235013099090769,0.04078826764436297,leadership,causal cross-sectional rank of relative volume >= 0.99,KILLED,,,,,,,0.08605711030406604,0.16047423176034353,-0.08993619439858797,-0.1099081866978241,-0.019607843137254832,0.0028951707258274197,,,,,,
A_vol_accel_ge2,hit_p10_10d,10,110391,587082,392,2345,12,0.20326838238624526,0.21010693565805116,0.20005797941730688,0.001206336173452577,110384,0.9999365890335263,1.0160473627559021,0.3210402968938375,3.761413311314472,2345,0.19458709446711617,0.21337626426768636,False,0.039548022598870025,0.06813887910524032,-0.030303030303030387,-0.04511491899854884,0.0,0.006528383695441941,10.0,12,9,0.75,0.2029889053725665,0.015653450009511644,activity,relative volume doubled against yesterday's,KILLED,,,,,,,,,,,,,,,,,,
CHAIN_4_shock_premove_below_tight,hit_p20_20d,20,5660,587082,388,1912,12,0.1625441696113074,0.1305899346258274,0.16006183745583039,0.004554299651354162,5660,1.0,1.0155085821449883,0.2482332155477024,2.516841790162875,1912,0.1465001634956008,0.17768390788014735,False,,,,,,,8.0,12,11,0.9166666666666666,0.16118128446895572,0.024558303886925797,chain,shock + not run + below high + light sell-side,KILLED,0.07479963031983394,0.12389252092262189,-0.06577013781395163,-0.08371447724152072,-0.013716962194713855,0.004974055544637202,,,,,,,,,,,,
E_xsz_ge3,clean_p10_20d,20,95194,587082,392,2347,12,0.3084017900287833,0.2955754051393161,0.3037344769522206,0.0015598640996352024,95020,0.9981721537071664,1.0153664250511856,0.4667313076562707,4.3464530585375325,2347,0.29969645638325615,0.3172213979530709,False,,,,,,,8.0,12,10,0.8333333333333334,0.3082669480348193,0.014780343298947413,leadership,relative volume 3 robust deviations above the causal market median,KILLED,0.06340057636887586,0.11249934222196283,-0.05847953216374269,-0.07751623223028577,-0.005291005291005124,0.003992450560953889,,,,,,,,,,,,
D_shock_then_quiet_selling,hit_p10_10d,10,86742,587082,392,2341,12,0.27223259781881903,0.21010693565805116,0.2682299354243542,0.0012968821549570633,86720,0.9997463743054115,1.0149225044069652,0.400266239446484,8.943759136451664,2341,0.26231379800776417,0.2829552138105102,False,0.052847206837055904,0.08651009298699659,-0.050000000000000044,-0.06221657440956406,-0.0119760479041916,0.004461450750731484,8.0,12,12,1.0,0.2719900837551985,0.018768301399552698,tightening,abnormal volume in the prior five days AND down-volume share now under 35 %,KILLED,,,,,,,,,,,,,,,,,,
D_range_compression,hit_p10_10d,10,6631,587082,383,1932,12,0.22409892927160308,0.21010693565805116,0.22085847917923956,0.004767892360626495,6628,0.9995475795505957,1.0146720655842199,0.32404500923635116,3.080270939935866,1932,0.2028501794164544,0.24452206354876874,False,0.04400000000000004,0.08163042289507536,-0.03856617058729406,-0.053951092421357795,-0.0033840947546531774,0.012556494154248428,10.0,12,8,0.6666666666666666,0.2219169719169719,0.04810737445332529,tightening,"5-day true range under 60 % of the 20-day, price in the top half of its range",KILLED,,,,,,,,,,,,,,,,,,
B_relvol3_premove_p3lt5,clean_p10_20d,20,49700,587082,392,2327,12,0.2683702213279678,0.2955754051393161,0.2645031793303284,0.0014716325117229763,49696,0.9999195171026157,1.014620020849713,0.38670419976393755,0.7610962645546525,2327,0.25595881696147854,0.27905683135043424,False,,,,,,,8.0,12,9,0.75,0.2678921717324921,0.018651911468812878,premove,3x volume AND prior 3-day return below +5 %,KILLED,0.0502335150282619,0.09419882059542924,-0.040000000000000036,-0.06304179732476861,0.0,0.003494199056504531,,,,,,,,,,,,
A_relvol_ge3,clean_p20_30d,30,74574,587082,392,2345,12,0.17152090540939202,0.16058915108962632,0.16907635650058467,0.001419393069576797,74401,0.9976801566229517,1.0144582540006677,0.24445489088073535,3.4961339201976847,2345,0.163502287288038,0.17946476330434344,False,,,,,,,7.0,12,10,0.8333333333333334,0.17148398566926165,0.014763858717515487,activity,today's volume >= 3x its own trailing 20-day median,KILLED,,,,,,,0.07534246575342474,0.13608476105349293,-0.07017543859649134,-0.09215904846684789,-0.005515430167338797,0.004060795003084331,,,,,,
A_relvol_ge2,hit_p20_30d,30,123720,587082,392,2347,12,0.20704009052699646,0.18646287912080425,0.20423656088082903,0.0012415132070263586,123520,0.9983834464920789,1.0137268745275707,0.2803529646167424,5.107540986884448,2347,0.19811665587472535,0.21701536401816612,False,,,,,,,8.0,12,10,0.8333333333333334,0.2069975576706182,0.013094083414161009,activity,today's volume >= 2x its own trailing 20-day median,KILLED,,,,,,,0.07843137254901977,0.13772513502542275,-0.0706628539032304,-0.09248645796964389,-0.007244502425455712,0.006674524989368516,,,,,,
E_xsrank_ge95,clean_p20_30d,30,29571,587082,392,2346,12,0.1822055392107132,0.16058915108962632,0.17991175971491596,0.0018780637523453049,29465,0.9964154069865747,1.0127494695089367,0.22937794957972324,3.7791473880249433,2346,0.1714847214263296,0.19247708925112492,False,,,,,,,6.0,12,10,0.8333333333333334,0.18120303308511,0.02225153021541375,leadership,causal cross-sectional rank of relative volume >= 0.95,KILLED,,,,,,,0.08029197080291972,0.14743972503187672,-0.08116385911179169,-0.10183010721783055,-0.014925373134328401,0.004281129739662489,,,,,,
A_repeat_shock,clean_p20_30d,30,101172,587082,392,2344,12,0.17632348871229195,0.16058915108962632,0.17412174394792296,0.001236902319224505,101081,0.9991005416518405,1.0126448582091783,0.22017447643689902,3.386314026686466,2344,0.16767573205055242,0.18412398009101918,False,,,,,,,8.0,12,10,0.8333333333333334,0.17627969751701963,0.013511643537737714,activity,abnormal volume with another in the prior five,KILLED,,,,,,,0.07881773399014769,0.13843067021476474,-0.0714285714285714,-0.09334956888281558,-0.008583690987124415,0.00523769472389786,,,,,,
CHAIN_4_shock_premove_below_tight,clean_p20_30d,30,5660,587082,388,1912,12,0.18869257950530036,0.16058915108962632,0.18634275618374557,0.004453853738544468,5660,1.0,1.0126102209104662,0.23498233215547837,1.8776209309723568,1912,0.17349904572963867,0.20411735802852002,False,,,,,,,8.0,12,11,0.9166666666666666,0.18715531044298167,0.024558303886925797,chain,shock + not run + below high + light sell-side,KILLED,,,,,,,0.08974358974358987,0.15312099809368057,-0.08135701787276589,-0.1010820546476724,-0.017309829086505468,0.009323204897498183,,,,,,
E_xsrank_ge95,hit_p10_20d,20,29571,587082,392,2346,12,0.3696527002806804,0.3274380750900215,0.3650958764636009,0.0026665682801669047,29465,0.9964154069865747,1.0124811703167,0.4556823817079503,5.685783306999073,2346,0.3557220425737104,0.38264164876248613,False,,,,,,,6.0,12,10,0.8333333333333334,0.3680612244897959,0.02225153021541375,leadership,causal cross-sectional rank of relative volume >= 0.95,KILLED,0.06849315068493156,0.12256157586187767,-0.06658595641646492,-0.08405404213964283,-0.010810810810810811,0.004150129129639532,,,,,,,,,,,,
E_xsrank_ge95,clean_p10_20d,20,29571,587082,392,2346,12,0.32339116025836123,0.2955754051393161,0.3196131002884778,0.0026255568773758627,29465,0.9964154069865747,1.011820729392699,0.37780599698834516,4.307534112488232,2346,0.31213859245604136,0.3336324234841557,False,,,,,,,6.0,12,10,0.8333333333333334,0.3223809523809524,0.02225153021541375,leadership,causal cross-sectional rank of relative volume >= 0.95,KILLED,0.06849315068493156,0.12256157586187767,-0.06658595641646492,-0.08405404213964283,-0.010810810810810811,0.004150129129639532,,,,,,,,,,,,
C_vca_q95_premove,hit_p10_30d,30,17407,587082,392,2106,12,0.294651576951801,0.40138174905720153,0.2913075950821556,0.002590148907270286,17406,0.9999425518469581,1.011479212780878,0.3343981869645407,-0.9791681736369394,2106,0.2756216252728684,0.3130108922650348,False,,,,,,,10.0,12,7,0.5833333333333334,0.293260894694255,0.02131326477853737,compression,volume compression in the top 5 % AND prior 3-day return below +2 %,KILLED,,,,,,,0.04166666666666674,0.0962369414004303,-0.021497405485544907,-0.0605467745712293,0.0,0.010059320451429316,,,,,,
B_relvol3_premove_p3lt5,hit_p10_20d,20,49700,587082,392,2327,12,0.30056338028169016,0.3274380750900215,0.2971969575016098,0.0017962592012490093,49696,0.9999195171026157,1.0113272450948656,0.3366422780080369,1.5347636529381612,2327,0.2866051173635229,0.31279340129688776,False,,,,,,,8.0,12,9,0.75,0.30011929554966943,0.018651911468812878,premove,3x volume AND prior 3-day return below +5 %,KILLED,0.0502335150282619,0.09419882059542924,-0.040000000000000036,-0.06304179732476861,0.0,0.003494199056504531,,,,,,,,,,,,
A_vol_accel_ge2,clean_p10_20d,20,110391,587082,392,2345,12,0.28357384207045866,0.2955754051393161,0.2804437237280765,0.0012479766127963285,110384,0.9999365890335263,1.011161306445945,0.31301183423821377,1.3490884169558477,2345,0.2741956742127385,0.2940471573785794,False,,,,,,,10.0,12,9,0.75,0.2832269984436577,0.015653450009511644,activity,relative volume doubled against yesterday's,KILLED,0.05681818181818188,0.10070124546979456,-0.04477611940298509,-0.06472461302355643,0.0,0.011211021477910654,,,,,,,,,,,,
E_xsz_ge3,hit_p20_30d,30,95194,587082,392,2347,12,0.20393092001596738,0.18646287912080425,0.20168122500526206,0.0010942234414080907,95020,0.9981721537071664,1.0111547071852398,0.22496950107053215,4.991756922450525,2347,0.19472785215415414,0.2137114895048353,False,,,,,,,8.0,12,10,0.8333333333333334,0.20381312118846145,0.014780343298947413,leadership,relative volume 3 robust deviations above the causal market median,KILLED,,,,,,,0.07594936708860756,0.13708299476167055,-0.072072072072072,-0.09423740385130389,-0.008130081300813163,0.004989924262193334,,,,,,
CHAIN_4_shock_premove_below_tight,hit_p20_30d,30,5660,587082,388,1912,12,0.22173144876325088,0.18646287912080425,0.21953180212014134,0.005650069440979466,5660,1.0,1.0100197175117969,0.21996466431095374,2.162791826314494,1912,0.20350679084280818,0.23952645095017977,False,,,,,,,8.0,12,10,0.8333333333333334,0.22042341220423411,0.024558303886925797,chain,shock + not run + below high + light sell-side,KILLED,,,,,,,0.08974358974358987,0.15312099809368057,-0.08135701787276589,-0.1010820546476724,-0.017309829086505468,0.009323204897498183,,,,,,
B_relvol2_atbreakout,hit_p10_20d,20,38754,587082,392,2214,12,0.30641998245342417,0.3274380750900215,0.3039042528468511,0.00178212807617231,38727,0.9993032977241059,1.0082780335648431,0.25157296065730916,3.7656552061003055,2214,0.2918212053416781,0.32221868228399403,False,,,,,,,7.0,12,9,0.75,0.30677900194426444,0.016204778861536873,premove,2x volume AND within 1 % of the 20-day high,KILLED,0.04608541892018714,0.09893470190322688,-0.0461538461538461,-0.06880535777403678,0.0,0.002919625690156782,,,,,,,,,,,,
A_relvol_ge5,hit_p10_30d,30,39419,587082,392,2322,12,0.38993886197011596,0.40138174905720153,0.3867631337813073,0.002333079002649493,39288,0.9966767294959283,1.0082110416180363,0.31757281888086797,3.2885984785194884,2322,0.3761762357519561,0.40494181328541995,False,,,,,,,6.0,12,9,0.75,0.38924139336951813,0.01725056444861615,activity,today's volume >= 5x its own trailing 20-day median,KILLED,,,,,,,0.06936813186813184,0.13256349753608834,-0.06644518272425248,-0.08962080880809417,0.0,0.0012694839997392105,,,,,,
A_relvol_ge2,hit_p10_30d,30,123720,587082,392,2347,12,0.4192774005819593,0.40138174905720153,0.416005100388601,0.0012592262743370164,123520,0.9983834464920789,1.007866009790009,0.32723001933582796,3.5083980294058743,2347,0.4079162085487717,0.43049148590594183,False,,,,,,,8.0,12,10,0.8333333333333334,0.4187661773893852,0.013094083414161009,activity,today's volume >= 2x its own trailing 20-day median,KILLED,,,,,,,0.07843137254901977,0.13772513502542275,-0.0706628539032304,-0.09248645796964389,-0.007244502425455712,0.006674524989368516,,,,,,
B_relvol3_atbreakout,hit_p10_20d,20,30199,587082,392,2153,12,0.30441405344547834,0.3274380750900215,0.3023166407052663,0.0022949661788934568,30173,0.9991390443392165,1.0069378011554777,0.20974127402120235,4.160010670658178,2153,0.2883115196750483,0.3201598966617198,False,,,,,,,7.0,12,9,0.75,0.30459655424732257,0.01519917878075433,premove,3x volume AND within 1 % of the 20-day high,KILLED,0.045112781954887105,0.09961113935049483,-0.04695382227396194,-0.06940597587404956,0.0,0.0018099871691482161,,,,,,,,,,,,
B_relvol2_atbreakout,clean_p10_20d,20,38754,587082,392,2214,12,0.27171388759869947,0.2955754051393161,0.26999896712887655,0.0018678470422490519,38727,0.9993032977241059,1.0063515815895623,0.17149204698229115,3.1445524853185347,2214,0.25974096776649536,0.28521977354638406,False,,,,,,,7.0,12,9,0.75,0.2719896305897602,0.016204778861536873,premove,2x volume AND within 1 % of the 20-day high,KILLED,0.04608541892018714,0.09893470190322688,-0.0461538461538461,-0.06880535777403678,0.0,0.002919625690156782,,,,,,,,,,,,
E_xsrank_ge99,clean_p20_30d,30,6546,587082,385,2332,12,0.1889703635808127,0.16058915108962632,0.1879467739439889,0.00498122504000128,6463,0.9873205010693553,1.0054461676268165,0.10235896368238073,3.2483212377757567,2332,0.17295892441411373,0.20543133418837992,False,,,,,,,5.0,12,11,0.9166666666666666,0.18695183874442223,0.04078826764436297,leadership,causal cross-sectional rank of relative volume >= 0.99,KILLED,,,,,,,0.08605711030406604,0.16047423176034353,-0.08993619439858797,-0.1099081866978241,-0.019607843137254832,0.0028951707258274197,,,,,,
B_relvol2_premove_p3lt2,clean_p20_30d,30,65401,587082,392,2334,12,0.14672558523569976,0.16058915108962632,0.1460019267822736,0.0012168705258962687,65394,0.9998929679974312,1.004956499331001,0.07236584534261459,1.0577432863555503,2334,0.13880838477627547,0.15495219356731815,False,,,,,,,9.0,12,7,0.5833333333333334,0.14663184576388355,0.017155700983165396,premove,2x volume AND prior 3-day return below +2 %,KILLED,,,,,,,0.06338028169014098,0.11742600241282317,-0.05026300409117468,-0.07822193555548163,0.0,0.007743460349431803,,,,,,
CHAIN_2_shock_premove,clean_p20_30d,30,65401,587082,392,2334,12,0.14672558523569976,0.16058915108962632,0.1460019267822736,0.0012168705258962687,65394,0.9998929679974312,1.004956499331001,0.07236584534261459,1.0577432863555503,2334,0.13880838477627547,0.15495219356731815,False,,,,,,,9.0,12,7,0.5833333333333334,0.14663184576388355,0.017155700983165396,chain,shock + not already run,KILLED,,,,,,,0.06338028169014098,0.11742600241282317,-0.05026300409117468,-0.07822193555548163,0.0,0.007743460349431803,,,,,,
A_vol_accel_ge2,clean_p20_30d,30,110391,587082,392,2345,12,0.1572863729833048,0.16058915108962632,0.15657885200753732,0.0009801476279284837,110384,0.9999365890335263,1.0045186241033937,0.07075209757674839,2.1651293728612586,2345,0.1500611683880916,0.16502749461585972,False,,,,,,,10.0,12,9,0.75,0.1571177632357358,0.015653450009511644,activity,relative volume doubled against yesterday's,KILLED,,,,,,,0.07058823529411762,0.12803851738112698,-0.056122448979591955,-0.07980121234896795,0.0,0.015934274148955336,,,,,,
C_vca_q98,hit_p10_20d,20,11612,587082,391,1949,12,0.2521529452290734,0.3274380750900215,0.2511003711055494,0.004184238335426999,11587,0.9978470547709266,1.0041918461445738,0.10525741235239972,0.5237134837962455,1949,0.2345784510916199,0.26982290362231365,False,,,,,,,8.5,12,10,0.8333333333333334,0.2511253462603878,0.02058215638994144,compression,volume-compression activity above its 98th percentile (3.27),KILLED,0.032258064516129004,0.08439849386380044,-0.02079525674499566,-0.05648944703145108,0.0,0.0027346787286035477,,,,,,,,,,,,
C_vca_q95,hit_p10_20d,20,29023,587082,392,2285,12,0.30468938428143194,0.3274380750900215,0.30343834103926576,0.0025280265301039057,28982,0.9985873272921476,1.004122891118101,0.12510432421661832,2.3108246226720413,2285,0.29077922797675104,0.32131045139966247,False,,,,,,,8.0,12,10,0.8333333333333334,0.30444121111342065,0.016745339902835683,compression,volume-compression activity above its 95th percentile (1.93),KILLED,0.04998820237974866,0.09853246117562973,-0.04231625835189301,-0.0637062166654205,0.0,0.007304392993368623,,,,,,,,,,,,
E_xsrank_ge90,clean_p20_30d,30,58245,587082,392,2347,12,0.17651300540818954,0.16058915108962632,0.1758523949673844,0.0018354478691644525,58101,0.9975276847798095,1.0037566189526388,0.06606104408051483,3.718892570794564,2347,0.16849771336797573,0.18524723786332253,False,,,,,,,7.0,12,10,0.8333333333333334,0.17617930225335587,0.017563739376770537,leadership,causal cross-sectional rank of relative volume >= 0.90,KILLED,,,,,,,0.07853403141361248,0.14243964911156343,-0.07788161993769471,-0.09943210905197924,-0.013157894736842035,0.00412803616917301,,,,,,
B_relvol3_atbreakout,clean_p10_20d,20,30199,587082,392,2153,12,0.26881684824000796,0.2955754051393161,0.2679349086932026,0.0022498554033880034,30173,0.9991390443392165,1.003291618662546,0.0881939546805377,3.365757343257938,2153,0.25417480399035325,0.282898227219194,False,,,,,,,7.0,12,9,0.75,0.2689416616776425,0.01519917878075433,premove,3x volume AND within 1 % of the 20-day high,KILLED,0.045112781954887105,0.09961113935049483,-0.04695382227396194,-0.06940597587404956,0.0,0.0018099871691482161,,,,,,,,,,,,
A_repeat_shock,hit_p20_30d,30,101172,587082,392,2344,12,0.2087929466650852,0.18646287912080425,0.20818007340647599,0.0014296946921328315,101081,0.9991005416518405,1.0029439573518144,0.06128732586092034,4.4091813165023765,2344,0.1974737044795383,0.21945038311368498,False,,,,,,,8.0,12,11,0.9166666666666666,0.20877168605343602,0.013511643537737714,activity,abnormal volume with another in the prior five,KILLED,,,,,,,0.07881773399014769,0.13843067021476474,-0.0714285714285714,-0.09334956888281558,-0.008583690987124415,0.00523769472389786,,,,,,
A_repeat_shock,hit_p10_30d,30,101172,587082,392,2344,12,0.4206005614201558,0.40138174905720153,0.4194314460680048,0.0015601719865642935,101081,0.9991005416518405,1.0027873812564798,0.11691153521509734,3.08149624037957,2344,0.40701009657009707,0.4327837172335672,False,,,,,,,8.0,12,9,0.75,0.4200722465911121,0.013511643537737714,activity,abnormal volume with another in the prior five,KILLED,,,,,,,0.07881773399014769,0.13843067021476474,-0.0714285714285714,-0.09334956888281558,-0.008583690987124415,0.00523769472389786,,,,,,
B_relvol2_premove_p3lt5,hit_p20_20d,20,88574,587082,392,2339,12,0.13060265992277645,0.1305899346258274,0.13024558234065375,0.0010654599343206002,88565,0.9998983900467405,1.0027415715351176,0.03570775821226946,2.7695817134331753,2339,0.12332493766024563,0.13791125926913797,False,,,,,,,9.0,12,9,0.75,0.13048606228310916,0.015399552916205659,premove,2x volume AND prior 3-day return below +5 %,KILLED,0.05633802816901401,0.09893325801518289,-0.045685279187817174,-0.0662263057534778,0.0,0.005311030675416211,,,,,,,,,,,,
C_vca_q95,hit_p20_20d,20,29023,587082,392,2285,12,0.13199875960445165,0.1305899346258274,0.13167310744600097,0.002006753819418138,28982,0.9985873272921476,1.0024731865432868,0.032565215845067885,4.174011060548595,2285,0.12273092046257238,0.1424580375657792,False,,,,,,,8.0,12,10,0.8333333333333334,0.13177570093457944,0.016745339902835683,compression,volume-compression activity above its 95th percentile (1.93),KILLED,0.04998820237974866,0.09853246117562973,-0.04231625835189301,-0.0637062166654205,0.0,0.007304392993368623,,,,,,,,,,,,
C_vca_q95_premove,clean_p10_20d,20,17407,587082,392,2106,12,0.20687079910380882,0.2955754051393161,0.20639147420429738,0.0018798845827442529,17406,0.9999425518469581,1.0023224064867846,0.047932489951144075,-1.3934089599422685,2106,0.19042731733324134,0.2219007910008295,False,,,,,,,10.0,12,7,0.5833333333333334,0.20587215350826493,0.02131326477853737,compression,volume compression in the top 5 % AND prior 3-day return below +2 %,KILLED,0.030516431924882514,0.0749809509236773,-0.012987012987013102,-0.046865495683662814,0.0,0.007507158024177988,,,,,,,,,,,,
A_relvol_ge5,clean_p20_30d,30,39419,587082,392,2322,12,0.16304320251655294,0.16058915108962632,0.1627023518631643,0.0019381463877726666,39288,0.9966767294959283,1.0020949337762075,0.034085065338862464,3.4894148568383474,2322,0.1546809435480036,0.1722707885316017,False,,,,,,,6.0,12,10,0.8333333333333334,0.16275514104426267,0.01725056444861615,activity,today's volume >= 5x its own trailing 20-day median,KILLED,,,,,,,0.06936813186813184,0.13256349753608834,-0.06644518272425248,-0.08962080880809417,0.0,0.0012694839997392105,,,,,,
E_xsrank_ge95,hit_p20_30d,30,29571,587082,392,2346,12,0.22014811808866794,0.18646287912080425,0.2197030375021211,0.0021194766775185945,29465,0.9964154069865747,1.0020258280932528,0.04450805865468255,4.804828810090002,2346,0.20697035139528536,0.23365149545910113,False,,,,,,,6.0,12,10,0.8333333333333334,0.2184013605442177,0.02225153021541375,leadership,causal cross-sectional rank of relative volume >= 0.95,KILLED,,,,,,,0.08029197080291972,0.14743972503187672,-0.08116385911179169,-0.10183010721783055,-0.014925373134328401,0.004281129739662489,,,,,,
C_vca_q95,clean_p10_20d,20,29023,587082,392,2285,12,0.26847672535575234,0.2955754051393161,0.2682423573252364,0.001858632685054453,28982,0.9985873272921476,1.000873717454067,0.023436803051596344,1.020661584608589,2285,0.25561515536306,0.2828723601791502,False,,,,,,,8.0,12,9,0.75,0.26813552276034086,0.016745339902835683,compression,volume-compression activity above its 95th percentile (1.93),KILLED,0.04998820237974866,0.09853246117562973,-0.04231625835189301,-0.0637062166654205,0.0,0.007304392993368623,,,,,,,,,,,,
A_vol_accel_ge2,hit_p10_20d,20,110391,587082,392,2345,12,0.31394769501136865,0.3274380750900215,0.3137270800115959,0.0012934119456124032,110384,0.9999365890335263,1.0007032067450599,0.022061499977277244,1.9530082749023503,2345,0.30261604584360063,0.3265577755298683,False,,,,,,,10.0,12,10,0.8333333333333334,0.31349831168712966,0.015653450009511644,activity,relative volume doubled against yesterday's,KILLED,0.05681818181818188,0.10070124546979456,-0.04477611940298509,-0.06472461302355643,0.0,0.011211021477910654,,,,,,,,,,,,
C_vca_q99,hit_p10_30d,30,5806,587082,388,1275,12,0.2549087151222873,0.40138174905720153,0.25490229984437146,0.004789784795357356,5783,0.996038580778505,1.0000251675913467,0.0006415277915838846,-1.2588389063602705,1275,0.23334939418476833,0.27584535027144436,False,,,,,,,9.0,12,6,0.5,0.2537235885001732,0.020668274199104376,compression,volume-compression activity above its 99th percentile (5.44),KILLED,,,,,,,0.02765957446808498,0.08881000974809435,-0.007194244604316502,-0.06517350883893935,0.0,-0.004061086560894888,,,,,,
B_relvol2_premove_p3lt2,hit_p10_30d,30,65401,587082,392,2334,12,0.3615999755355423,0.40138174905720153,0.3617701929840658,0.00206986275551192,65394,0.9998929679974312,0.9995294873573773,-0.017021744852352416,0.08905633484357475,2334,0.347038804874578,0.37565368247289377,False,,,,,,,9.0,12,7,0.5833333333333334,0.36090918870737215,0.017155700983165396,premove,2x volume AND prior 3-day return below +2 %,KILLED,,,,,,,0.06338028169014098,0.11742600241282317,-0.05026300409117468,-0.07822193555548163,0.0,0.007743460349431803,,,,,,
CHAIN_2_shock_premove,hit_p10_30d,30,65401,587082,392,2334,12,0.3615999755355423,0.40138174905720153,0.3617701929840658,0.00206986275551192,65394,0.9998929679974312,0.9995294873573773,-0.017021744852352416,0.08905633484357475,2334,0.347038804874578,0.37565368247289377,False,,,,,,,9.0,12,7,0.5833333333333334,0.36090918870737215,0.017155700983165396,chain,shock + not already run,KILLED,,,,,,,0.06338028169014098,0.11742600241282317,-0.05026300409117468,-0.07822193555548163,0.0,0.007743460349431803,,,,,,
B_relvol3_atbreakout,clean_p20_30d,30,30199,587082,392,2153,12,0.15288585714758768,0.16058915108962632,0.15298114208066813,0.0021067139371635244,30173,0.9991390443392165,0.9993771458835784,-0.009528493308044728,3.2220438632048025,2153,0.14334741212170088,0.16341975463059263,False,,,,,,,7.0,12,8,0.6666666666666666,0.15301200811628912,0.01519917878075433,premove,3x volume AND within 1 % of the 20-day high,KILLED,,,,,,,0.05527638190954787,0.1203604483885647,-0.061224489795918546,-0.08656021951000263,0.0,0.00019369358907444324,,,,,,
C_bigvol_smallbody,hit_p20_20d,20,27822,587082,392,2227,12,0.10962547624182302,0.1305899346258274,0.10970739422696715,0.00138586630567698,27819,0.9998921716627129,0.9992533047866042,-0.008191798514413373,3.449558540702938,2227,0.10092513279072286,0.11968299393685508,False,,,,,,,8.0,12,10,0.8333333333333334,0.10904822105833484,0.017360362303213285,compression,3x volume with a body under a quarter of the day's range,KILLED,0.02985074626865658,0.08133057826238008,-0.024691358024691246,-0.05955052932934266,0.0,-0.0015878115345771369,,,,,,,,,,,,
B_relvol2_atbreakout,clean_p20_30d,30,38754,587082,392,2214,12,0.1532486969087062,0.16058915108962632,0.15337748857386319,0.0013250073941987912,38727,0.9993032977241059,0.9991602961597972,-0.012879166515697427,3.287362997301836,2214,0.1441182246412349,0.16397439962504362,False,,,,,,,7.0,12,8,0.6666666666666666,0.15336357744653273,0.016204778861536873,premove,2x volume AND within 1 % of the 20-day high,KILLED,,,,,,,0.05633802816901423,0.12003377767164994,-0.06002440717785379,-0.08579620629582979,0.0,0.0013329631477720224,,,,,,
E_xsrank_ge90,hit_p10_20d,20,58245,587082,392,2347,12,0.35815949866941366,0.3274380750900215,0.358542882222337,0.0021860385043917076,58101,0.9975276847798095,0.9989307177106795,-0.038338355292333315,5.08940901150858,2347,0.3468906106947913,0.37068291062359643,False,,,,,,,7.0,12,10,0.8333333333333334,0.35796886326763094,0.017563739376770537,leadership,causal cross-sectional rank of relative volume >= 0.90,KILLED,0.06666666666666665,0.1173006676333645,-0.06349206349206338,-0.08194477035155534,-0.009803921568627416,0.003450177019081316,,,,,,,,,,,,
F_room_available,hit_p20_20d,20,120588,587082,392,2347,12,0.14987395097356287,0.1305899346258274,0.15006599427219527,0.0010576779114902536,120465,0.9989799980097522,0.9987202743662046,-0.019204329863239944,6.09596356026275,2347,0.14185319824730483,0.15768706544178568,False,,,,,,,8.0,12,11,0.9166666666666666,0.14984055086968467,0.0132351477758981,constraint,abnormal volume that did NOT close at its circuit limit,KILLED,0.06372549019607843,0.10920880524594145,-0.05674996698402024,-0.07499264306767002,-0.0034482758620689724,0.004859624542821643,,,,,,,,,,,,
B_relvol2_premove_p3lt5,clean_p20_30d,30,88574,587082,392,2339,12,0.15706640774945244,0.16058915108962632,0.15738553604697117,0.0013397288757266543,88565,0.9998983900467405,0.997972314950076,-0.03191282975187337,1.672740385280276,2339,0.14960890691034093,0.16434029622035343,False,,,,,,,9.0,12,8,0.6666666666666666,0.15694390891151988,0.015399552916205659,premove,2x volume AND prior 3-day return below +5 %,KILLED,,,,,,,0.0690462194681174,0.12375260147584113,-0.05737704918032782,-0.082003081383577,0.0,0.008285153969352211,,,,,,
E_xsrank_ge90,clean_p10_20d,20,58245,587082,392,2347,12,0.31537471027556013,0.2955754051393161,0.31625015059981754,0.002423130690452007,58101,0.9975276847798095,0.9972318105664323,-0.08754403242574038,3.7765427497691446,2347,0.30611873659671907,0.3254552618122507,False,,,,,,,7.0,12,10,0.8333333333333334,0.3152853049811868,0.017563739376770537,leadership,causal cross-sectional rank of relative volume >= 0.90,KILLED,0.06666666666666665,0.1173006676333645,-0.06349206349206338,-0.08194477035155534,-0.009803921568627416,0.003450177019081316,,,,,,,,,,,,
C_bigvol_smallbody,hit_p10_20d,20,27822,587082,392,2227,12,0.2511321975415139,0.3274380750900215,0.251905172723678,0.0023540581622097092,27819,0.9998921716627129,0.9969314834832355,-0.07729751821641262,1.4786604397810044,2227,0.2383690034189957,0.2642730897922019,False,,,,,,,8.0,12,10,0.8333333333333334,0.25042441755463246,0.017360362303213285,compression,3x volume with a body under a quarter of the day's range,KILLED,0.02985074626865658,0.08133057826238008,-0.024691358024691246,-0.05955052932934266,0.0,-0.0015878115345771369,,,,,,,,,,,,
A_relvol_ge3,hit_p10_30d,30,74574,587082,392,2345,12,0.4074208169066967,0.40138174905720153,0.40903952903858815,0.00178666324622944,74401,0.9976801566229517,0.9960426510936679,-0.16187121318914643,3.059984532714821,2345,0.39372696612775204,0.4193530057671474,False,,,,,,,7.0,12,9,0.75,0.40708000377312725,0.014763858717515487,activity,today's volume >= 3x its own trailing 20-day median,KILLED,,,,,,,0.07534246575342474,0.13608476105349293,-0.07017543859649134,-0.09215904846684789,-0.005515430167338797,0.004060795003084331,,,,,,
E_xsrank95_premove,hit_p20_20d,20,13349,587082,390,2254,12,0.12862386695632633,0.1305899346258274,0.1292425264104293,0.0022141910039310377,13347,0.9998501760431493,0.9952131897117708,-0.06186594541029711,2.308800603503161,2254,0.11659296177262862,0.14071170476880748,False,,,,,,,8.0,12,6,0.5,0.12807732970850325,0.03266162259345269,leadership,causal rank >= 0.95 AND prior 3-day return below +2 %,KILLED,0.053763440860215006,0.09900562308091769,-0.044117647058823484,-0.06834279207322722,0.0,0.0036704572938576602,,,,,,,,,,,,
A_vol_accel_ge2,hit_p10_30d,30,110391,587082,392,2345,12,0.38454221811560724,0.40138174905720153,0.38674807943180173,0.0012144406788493732,110384,0.9999365890335263,0.9942963871457887,-0.22058613161944907,1.3525161996233168,2345,0.3720053523840945,0.3981118853404292,False,,,,,,,10.0,12,10,0.8333333333333334,0.38403429413959755,0.015653450009511644,activity,relative volume doubled against yesterday's,KILLED,,,,,,,0.07058823529411762,0.12803851738112698,-0.056122448979591955,-0.07980121234896795,0.0,0.015934274148955336,,,,,,
A_relvol_ge3,hit_p20_30d,30,74574,587082,392,2345,12,0.20401212218735754,0.18646287912080425,0.20520154299001359,0.0012870707045511865,74401,0.9976801566229517,0.9942036459067555,-0.11894208026560493,4.500059843259045,2345,0.19337073753087547,0.2152841426407305,False,,,,,,,7.0,12,10,0.8333333333333334,0.20392468483999568,0.014763858717515487,activity,today's volume >= 3x its own trailing 20-day median,KILLED,,,,,,,0.07534246575342474,0.13608476105349293,-0.07017543859649134,-0.09215904846684789,-0.005515430167338797,0.004060795003084331,,,,,,
A_vol_accel_ge2,hit_p20_20d,20,110391,587082,392,2345,12,0.12805391743892164,0.1305899346258274,0.12881078779533267,0.0010138616108099192,110384,0.9999365890335263,0.9941241694864272,-0.07568703564110324,2.8285921674398606,2345,0.12048383303544123,0.13628719532189626,False,,,,,,,10.0,12,10,0.8333333333333334,0.12789311295768752,0.015653450009511644,activity,relative volume doubled against yesterday's,KILLED,0.05681818181818188,0.10070124546979456,-0.04477611940298509,-0.06472461302355643,0.0,0.011211021477910654,,,,,,,,,,,,
E_xsrank_ge99,hit_p10_30d,30,6546,587082,385,2332,12,0.44393522761992055,0.40138174905720153,0.44665789880860274,0.00621910899371415,6463,0.9873205010693553,0.9939043478309946,-0.2722671188682191,3.433626861220829,2332,0.4235803460373454,0.4636647552744934,False,,,,,,,5.0,12,10,0.8333333333333334,0.4405917706888581,0.04078826764436297,leadership,causal cross-sectional rank of relative volume >= 0.99,KILLED,,,,,,,0.08605711030406604,0.16047423176034353,-0.08993619439858797,-0.1099081866978241,-0.019607843137254832,0.0028951707258274197,,,,,,
B_relvol3_premove_p3lt2,hit_p10_30d,30,37428,587082,392,2303,12,0.33071497274767553,0.40138174905720153,0.33279671885854756,0.002420209685756963,37426,0.9999465640696804,0.9937446915973034,-0.20817461108720292,0.278181259046685,2303,0.31340765743520427,0.34801832831890955,False,,,,,,,9.0,12,7,0.5833333333333334,0.3295610333055563,0.020439243347226674,premove,3x volume AND prior 3-day return below +2 %,KILLED,,,,,,,0.0535714285714286,0.10825325670114622,-0.041363311447633166,-0.07437199326149677,0.0,0.003170791109773492,,,,,,
CHAIN_5_full,hit_p10_20d,20,1377,587082,323,972,12,0.3732752360203341,0.3274380750900215,0.3757443718228032,0.005911090742958786,1377,1.0,0.9934286818682492,-0.24691358024691024,1.9497329865452515,972,0.3423438675696012,0.404548343605547,False,,,,,,,7.0,12,9,0.75,0.3690388848129127,0.03994190268700073,chain,shock + not run + below high + leadership + light sell-side,KILLED,0.07402031930333819,0.11952407615533672,-0.0700644015101044,-0.08735340735665896,-0.014084507042253502,-0.0006581481582820298,,,,,,,,,,,,
E_xsrank_ge90,hit_p20_30d,30,58245,587082,392,2347,12,0.21136578247059834,0.18646287912080425,0.21280270563329373,0.001746244649430486,58101,0.9975276847798095,0.9932476273766707,-0.14369231626953916,4.607595031224235,2347,0.2007855187166518,0.22338667877081025,False,,,,,,,7.0,12,10,0.8333333333333334,0.21103212671244695,0.017563739376770537,leadership,causal cross-sectional rank of relative volume >= 0.90,KILLED,,,,,,,0.07853403141361248,0.14243964911156343,-0.07788161993769471,-0.09943210905197924,-0.013157894736842035,0.00412803616917301,,,,,,
B_relvol2_atbreakout,hit_p20_30d,30,38754,587082,392,2214,12,0.18220054704030553,0.18646287912080425,0.18353216102460815,0.001116192545803261,38727,0.9993032977241059,0.9927445196642303,-0.1331613984302621,3.5952192387448787,2214,0.1699469443195817,0.19530877817052258,False,,,,,,,7.0,12,9,0.75,0.18237200259235256,0.016204778861536873,premove,2x volume AND within 1 % of the 20-day high,KILLED,,,,,,,0.05633802816901423,0.12003377767164994,-0.06002440717785379,-0.08579620629582979,0.0,0.0013329631477720224,,,,,,
B_relvol2_premove_p3lt5,hit_p10_30d,30,88574,587082,392,2339,12,0.38306952378801906,0.40138174905720153,0.3859843053124824,0.0016617840705576107,88565,0.9998983900467405,0.9924484454799373,-0.2914781524463339,0.4547306272126926,2339,0.3710774507823541,0.39493678391379494,False,,,,,,,9.0,12,8,0.6666666666666666,0.3826632481735263,0.015399552916205659,premove,2x volume AND prior 3-day return below +5 %,KILLED,,,,,,,0.0690462194681174,0.12375260147584113,-0.05737704918032782,-0.082003081383577,0.0,0.008285153969352211,,,,,,
A_relvol_ge5,hit_p20_30d,30,39419,587082,392,2322,12,0.19718917273396078,0.18646287912080425,0.19872989207900632,0.0019103654139911485,39288,0.9966767294959283,0.9922471686069991,-0.15407193450455436,4.774916906299478,2322,0.18698438780378485,0.20919326010587175,False,,,,,,,6.0,12,10,0.8333333333333334,0.19691178718850327,0.01725056444861615,activity,today's volume >= 5x its own trailing 20-day median,KILLED,,,,,,,0.06936813186813184,0.13256349753608834,-0.06644518272425248,-0.08962080880809417,0.0,0.0012694839997392105,,,,,,
B_relvol2_premove_p3lt2,hit_p20_30d,30,65401,587082,392,2334,12,0.17050198009204753,0.18646287912080425,0.1721029452243325,0.0012738755747461067,65394,0.9998929679974312,0.9906976308209667,-0.16009651322849705,1.3997791759782863,2334,0.16085321217269016,0.18038384058850057,False,,,,,,,9.0,12,7,0.5833333333333334,0.17050464705430524,0.017155700983165396,premove,2x volume AND prior 3-day return below +2 %,KILLED,,,,,,,0.06338028169014098,0.11742600241282317,-0.05026300409117468,-0.07822193555548163,0.0,0.007743460349431803,,,,,,
CHAIN_2_shock_premove,hit_p20_30d,30,65401,587082,392,2334,12,0.17050198009204753,0.18646287912080425,0.1721029452243325,0.0012738755747461067,65394,0.9998929679974312,0.9906976308209667,-0.16009651322849705,1.3997791759782863,2334,0.16085321217269016,0.18038384058850057,False,,,,,,,9.0,12,7,0.5833333333333334,0.17050464705430524,0.017155700983165396,chain,shock + not already run,KILLED,,,,,,,0.06338028169014098,0.11742600241282317,-0.05026300409117468,-0.07822193555548163,0.0,0.007743460349431803,,,,,,
B_relvol3_premove_p3lt5,hit_p20_20d,20,49700,587082,392,2327,12,0.1253923541247485,0.1305899346258274,0.12658362846104315,0.0017904911095768992,49696,0.9999195171026157,0.9905890331019238,-0.1191274336294651,2.7257377205892794,2327,0.11670866619305624,0.13322390805737622,False,,,,,,,8.0,12,10,0.8333333333333334,0.12497725296722405,0.018651911468812878,premove,3x volume AND prior 3-day return below +5 %,KILLED,0.0502335150282619,0.09419882059542924,-0.040000000000000036,-0.06304179732476861,0.0,0.003494199056504531,,,,,,,,,,,,
B_relvol3_atbreakout,hit_p20_30d,30,30199,587082,392,2153,12,0.18232391801053016,0.18646287912080425,0.18418287873264177,0.001944533044563552,30173,0.9991390443392165,0.9899069841024692,-0.18589607221116133,3.7205014922542348,2153,0.1709276410262129,0.1950841394509411,False,,,,,,,7.0,12,9,0.75,0.182549978378738,0.01519917878075433,premove,3x volume AND within 1 % of the 20-day high,KILLED,,,,,,,0.05527638190954787,0.1203604483885647,-0.061224489795918546,-0.08656021951000263,0.0,0.00019369358907444324,,,,,,
C_vca_q98,clean_p10_20d,20,11612,587082,391,1949,12,0.21606958318980365,0.2955754051393161,0.21836109432985246,0.00440636023609064,11587,0.9978470547709266,0.989505863450305,-0.2291511140048802,-0.4445988428303174,1949,0.19883314769705937,0.23276666876825353,False,,,,,,,8.5,12,9,0.75,0.21515151515151515,0.02058215638994144,compression,volume-compression activity above its 98th percentile (3.27),KILLED,0.032258064516129004,0.08439849386380044,-0.02079525674499566,-0.05648944703145108,0.0,0.0027346787286035477,,,,,,,,,,,,
F_room_available,clean_p20_30d,30,120588,587082,392,2347,12,0.1710203336982121,0.16058915108962632,0.17319511891420747,0.0009491665780398689,120465,0.9989799980097522,0.987443149491643,-0.2174785215995373,3.29478314537016,2347,0.1641561696179219,0.17839231576068895,False,,,,,,,8.0,12,10,0.8333333333333334,0.17091953544519836,0.0132351477758981,constraint,abnormal volume that did NOT close at its circuit limit,KILLED,,,,,,,0.07672616801119658,0.13461813555914065,-0.06976744186046513,-0.09142478181647731,-0.006779661016949157,0.006379166137567258,,,,,,
CHAIN_4_shock_premove_lead,hit_p20_20d,20,13239,587082,390,2250,12,0.12825742125538184,0.1305899346258274,0.12993125330512956,0.002709569054723129,13237,0.9998489311881562,0.9871175563372422,-0.167383204974772,2.2792015346732857,2250,0.11490696695299385,0.14194434832952266,False,,,,,,,8.0,12,7,0.5833333333333334,0.12769359628416965,0.03263086335825969,chain,shock + not run + causal cross-sectional leadership,KILLED,0.053333333333333455,0.09882096365355307,-0.04398148148148162,-0.06823111477573983,0.0,0.003503829984599952,,,,,,,,,,,,
C_vca_q95_premove,hit_p20_20d,20,17407,587082,392,2106,12,0.0939851783765152,0.1305899346258274,0.0952171664943123,0.002262808554801573,17406,0.9999425518469581,0.9870612814459484,-0.12319881177971087,0.07388401046856742,2106,0.08477238516329488,0.10314480191930336,False,,,,,,,10.0,12,5,0.4166666666666667,0.09345578467047883,0.02131326477853737,compression,volume compression in the top 5 % AND prior 3-day return below +2 %,KILLED,0.030516431924882514,0.0749809509236773,-0.012987012987013102,-0.046865495683662814,0.0,0.007507158024177988,,,,,,,,,,,,
F_room_available,hit_p10_30d,30,120588,587082,392,2347,12,0.4127856834842605,0.40138174905720153,0.4181998920848379,0.0010964007603314382,120465,0.9989799980097522,0.9870535389797134,-0.5414208600577397,2.6446473872673595,2347,0.40158231911639797,0.4238907253564191,False,,,,,,,8.0,12,9,0.75,0.41223827165632937,0.0132351477758981,constraint,abnormal volume that did NOT close at its circuit limit,KILLED,,,,,,,0.07672616801119658,0.13461813555914065,-0.06976744186046513,-0.09142478181647731,-0.006779661016949157,0.006379166137567258,,,,,,
A_vol_accel_ge2,hit_p20_30d,30,110391,587082,392,2345,12,0.18220688280747524,0.18646287912080425,0.18459785838527323,0.0009763488175184591,110384,0.9999365890335263,0.9870476526667235,-0.23909755777979935,2.4337693402231833,2345,0.17289078986552842,0.1920058117918889,False,,,,,,,10.0,12,10,0.8333333333333334,0.18195553047609514,0.015653450009511644,activity,relative volume doubled against yesterday's,KILLED,,,,,,,0.07058823529411762,0.12803851738112698,-0.056122448979591955,-0.07980121234896795,0.0,0.015934274148955336,,,,,,
C_vca_q95,clean_p20_30d,30,29023,587082,392,2285,12,0.15036350480653274,0.16058915108962632,0.15234455869160163,0.0019301207234411397,28982,0.9985873272921476,0.9869962281352875,-0.19810538850688897,1.5307817279002278,2285,0.14099266153202794,0.16178738735200296,False,,,,,,,8.0,12,9,0.75,0.15008653513326412,0.016745339902835683,compression,volume-compression activity above its 95th percentile (1.93),KILLED,,,,,,,0.06186752529898798,0.12210064207014293,-0.053876478318002574,-0.07897895006775645,0.0,0.008700982782668681,,,,,,
C_bigvol_smallbody,clean_p10_20d,20,27822,587082,392,2227,12,0.22000575084465532,0.2955754051393161,0.2232125525719832,0.002568679797748979,27819,0.9998921716627129,0.9856334167081425,-0.32068017273278737,-0.01503019046049434,2227,0.20808944341131178,0.23228231905085417,False,,,,,,,8.0,12,8,0.6666666666666666,0.21932454397688278,0.017360362303213285,compression,3x volume with a body under a quarter of the day's range,KILLED,0.02985074626865658,0.08133057826238008,-0.024691358024691246,-0.05955052932934266,0.0,-0.0015878115345771369,,,,,,,,,,,,
C_vca_q95,hit_p10_30d,30,29023,587082,392,2285,12,0.36247114357578475,0.40138174905720153,0.3682854875439928,0.0023486668699770827,28982,0.9985873272921476,0.9842123999835923,-0.5814343968208069,0.7030285676540525,2285,0.34651663284404566,0.37964263066741943,False,,,,,,,8.0,12,9,0.75,0.3617750987320723,0.016745339902835683,compression,volume-compression activity above its 95th percentile (1.93),KILLED,,,,,,,0.06186752529898798,0.12210064207014293,-0.053876478318002574,-0.07897895006775645,0.0,0.008700982782668681,,,,,,
E_xsz_ge3,hit_p10_30d,30,95194,587082,392,2347,12,0.40821900539949996,0.40138174905720153,0.41503315091559667,0.0018585079637501057,95020,0.9981721537071664,0.9835816837714103,-0.6814145516096715,2.745652019068563,2347,0.39697628696394927,0.42075670680172556,False,,,,,,,8.0,12,10,0.8333333333333334,0.4079809976247031,0.014780343298947413,leadership,relative volume 3 robust deviations above the causal market median,KILLED,,,,,,,0.07594936708860756,0.13708299476167055,-0.072072072072072,-0.09423740385130389,-0.008130081300813163,0.004989924262193334,,,,,,
B_relvol3_premove_p3lt2,clean_p20_30d,30,37428,587082,392,2303,12,0.13316233835631078,0.16058915108962632,0.1355915673595896,0.0019206740537463037,37426,0.9999465640696804,0.9820842176872357,-0.24292290032788266,0.3238247790006898,2303,0.12496100720185704,0.14198452115956742,False,,,,,,,9.0,12,8,0.6666666666666666,0.1326760866061355,0.020439243347226674,premove,3x volume AND prior 3-day return below +2 %,KILLED,,,,,,,0.0535714285714286,0.10825325670114622,-0.041363311447633166,-0.07437199326149677,0.0,0.003170791109773492,,,,,,
C_vca_q99,clean_p10_20d,20,5806,587082,388,1275,12,0.17361350327247674,0.2955754051393161,0.17710530866332352,0.004528234221695791,5783,0.996038580778505,0.9802840162263855,-0.3491805390846786,-1.260829696218681,1275,0.15594327398625762,0.18973533104657692,False,,,,,,,9.0,12,6,0.5,0.17232421198475928,0.020668274199104376,compression,volume-compression activity above its 99th percentile (5.44),KILLED,0.01754385964912275,0.07256020441317773,0.0,-0.05019476087845003,0.0,-0.001099764753691415,,,,,,,,,,,,
CHAIN_5_full,hit_p10_30d,30,1377,587082,323,972,12,0.4429920116194626,0.40138174905720153,0.452723311546841,0.008132668215851114,1377,1.0,0.9785049727280279,-0.9731299927378367,1.5530923672240988,972,0.41248679303791297,0.47529747196495464,False,,,,,,,7.0,12,9,0.75,0.4387380777696258,0.03994190268700073,chain,shock + not run + below high + leadership + light sell-side,KILLED,,,,,,,0.08597285067873295,0.14353580972603303,-0.0855614973262031,-0.10605622714980979,-0.023340274078737067,-0.004388502545550139,,,,,,
C_vca_q98,hit_p10_30d,30,11612,587082,391,1949,12,0.3008956252152945,0.40138174905720153,0.30755588159143865,0.004197126469829154,11587,0.9978470547709266,0.9783445650830699,-0.6660256376144147,-0.6326556885996664,1949,0.28068458063291174,0.32135714089101963,False,,,,,,,8.5,12,6,0.5,0.2993845887145705,0.02058215638994144,compression,volume-compression activity above its 98th percentile (3.27),KILLED,,,,,,,0.04275789569907218,0.10330159874912284,-0.032662893336028564,-0.07147077540596275,0.0,0.001123147968886632,,,,,,
CHAIN_5_full,clean_p10_20d,20,1377,587082,323,972,12,0.32389251997095136,0.2955754051393161,0.33162672476397964,0.010035888213403347,1377,1.0,0.9766779809452649,-0.7734204793028276,0.9525381770331406,972,0.29720049387580644,0.35256670256107914,False,,,,,,,7.0,12,8,0.6666666666666666,0.31988261188554656,0.03994190268700073,chain,shock + not run + below high + leadership + light sell-side,KILLED,0.07402031930333819,0.11952407615533672,-0.0700644015101044,-0.08735340735665896,-0.014084507042253502,-0.0006581481582820298,,,,,,,,,,,,
D_shock_then_quiet_selling,hit_p10_20d,20,86742,587082,392,2341,12,0.3846925364875147,0.3274380750900215,0.3940636531365314,0.0014017611592514136,86720,0.9997463743054115,0.976219281896709,-0.9371116649016686,5.274921340130021,2341,0.37264141291441705,0.39558584785903045,False,,,,,,,8.0,12,12,1.0,0.3843008236507072,0.018768301399552698,tightening,abnormal volume in the prior five days AND down-volume share now under 35 %,KILLED,0.07279693486590033,0.12267131033785623,-0.06818181818181812,-0.08500583566611362,-0.016821887807099367,0.006936072748088195,,,,,,,,,,,,
B_relvol3_premove_p3lt5,hit_p10_30d,30,49700,587082,392,2327,12,0.35619718309859155,0.40138174905720153,0.3649941645202833,0.0019212790193706296,49696,0.9999195171026157,0.9758982957050022,-0.8796981421691774,0.44698228499775877,2327,0.34029352004646135,0.3701313578215827,False,,,,,,,8.0,12,6,0.5,0.3554183952241222,0.018651911468812878,premove,3x volume AND prior 3-day return below +5 %,KILLED,,,,,,,0.061353697800701656,0.11644533683699394,-0.0513833992094862,-0.07874182054513328,0.0,0.004803216357744309,,,,,,
B_relvol2_atbreakout,hit_p10_30d,30,38754,587082,392,2214,12,0.3535118955462662,0.40138174905720153,0.3624861207942779,0.0013958349641301523,38727,0.9993032977241059,0.975242568655256,-0.8974225248011669,1.337220420957133,2214,0.3376246487829378,0.37008689197922956,False,,,,,,,7.0,12,7,0.5833333333333334,0.353950642886769,0.016204778861536873,premove,2x volume AND within 1 % of the 20-day high,KILLED,,,,,,,0.05633802816901423,0.12003377767164994,-0.06002440717785379,-0.08579620629582979,0.0,0.0013329631477720224,,,,,,
E_xsrank_ge95,hit_p10_30d,30,29571,587082,392,2346,12,0.4250448074126678,0.40138174905720153,0.4363634820974037,0.0024193295486255127,29465,0.9964154069865747,0.9740613613419112,-1.1318674684735908,2.8118327154728027,2346,0.411213305884952,0.43942180992541324,False,,,,,,,6.0,12,10,0.8333333333333334,0.42333333333333334,0.02225153021541375,leadership,causal cross-sectional rank of relative volume >= 0.95,KILLED,,,,,,,0.08029197080291972,0.14743972503187672,-0.08116385911179169,-0.10183010721783055,-0.014925373134328401,0.004281129739662489,,,,,,
C_vca_q98,clean_p20_30d,30,11612,587082,391,1949,12,0.12271787805718222,0.16058915108962632,0.12602917062224908,0.003616317186654141,11587,0.9978470547709266,0.9737259830427225,-0.3311292565066862,0.7205450708571524,1949,0.11148208016894114,0.13468359036247934,False,,,,,,,8.5,12,9,0.75,0.12162396121883656,0.02058215638994144,compression,volume-compression activity above its 98th percentile (3.27),KILLED,,,,,,,0.04275789569907218,0.10330159874912284,-0.032662893336028564,-0.07147077540596275,0.0,0.001123147968886632,,,,,,
B_relvol3_atbreakout,hit_p10_30d,30,30199,587082,392,2153,12,0.35064074969369846,0.40138174905720153,0.3601531170251549,0.0023724849413446917,30173,0.9991390443392165,0.9735879910994478,-0.9512367331456439,1.7645436067217697,2153,0.3325604737185768,0.36787518963602167,False,,,,,,,7.0,12,9,0.75,0.35069513736446484,0.01519917878075433,premove,3x volume AND within 1 % of the 20-day high,KILLED,,,,,,,0.05527638190954787,0.1203604483885647,-0.061224489795918546,-0.08656021951000263,0.0,0.00019369358907444324,,,,,,
C_vca_q99,clean_p20_30d,30,5806,587082,388,1275,12,0.10058560110230795,0.16058915108962632,0.10335466021096318,0.0038609611965328963,5783,0.996038580778505,0.9732081833177493,-0.2769059108655228,-0.08939392809222488,1275,0.08703831248112413,0.11228003140098478,False,,,,,,,9.0,12,7,0.5833333333333334,0.09975753377208174,0.020668274199104376,compression,volume-compression activity above its 99th percentile (5.44),KILLED,,,,,,,0.02765957446808498,0.08881000974809435,-0.007194244604316502,-0.06517350883893935,0.0,-0.004061086560894888,,,,,,
C_vca_q95_premove,clean_p20_30d,30,17407,587082,392,2106,12,0.11478140977767565,0.16058915108962632,0.11798805009766747,0.0022091087516818856,17406,0.9999425518469581,0.9728223297333054,-0.32066403199918214,-0.5852020849943369,2106,0.10378615331893917,0.1258734867888526,False,,,,,,,10.0,12,5,0.4166666666666667,0.11390284757118928,0.02131326477853737,compression,volume compression in the top 5 % AND prior 3-day return below +2 %,KILLED,,,,,,,0.04166666666666674,0.0962369414004303,-0.021497405485544907,-0.0605467745712293,0.0,0.010059320451429316,,,,,,
B_relvol2_premove_p3lt5,hit_p20_30d,30,88574,587082,392,2339,12,0.18044798699392597,0.18646287912080425,0.1855049963303788,0.0014477427093374708,88565,0.9998983900467405,0.9727392283902736,-0.5057009336452839,1.8133309668061022,2339,0.1721219981695351,0.19014904898573237,False,,,,,,,9.0,12,8,0.6666666666666666,0.1803737893805711,0.015399552916205659,premove,2x volume AND prior 3-day return below +5 %,KILLED,,,,,,,0.0690462194681174,0.12375260147584113,-0.05737704918032782,-0.082003081383577,0.0,0.008285153969352211,,,,,,
D_shock_then_quiet_selling,clean_p10_20d,20,86742,587082,392,2341,12,0.34153005464480873,0.2955754051393161,0.3511502536900369,0.0014310384251894855,86720,0.9997463743054115,0.9726037531082277,-0.962019904522815,4.500459169371047,2341,0.33240132352158414,0.3496301872046763,False,,,,,,,8.0,12,11,0.9166666666666666,0.34121844699558634,0.018768301399552698,tightening,abnormal volume in the prior five days AND down-volume share now under 35 %,KILLED,0.07279693486590033,0.12267131033785623,-0.06818181818181812,-0.08500583566611362,-0.016821887807099367,0.006936072748088195,,,,,,,,,,,,
E_xsrank95_premove,hit_p10_20d,20,13349,587082,390,2254,12,0.2999475616151023,0.3274380750900215,0.3084176219375141,0.0038641381641411265,13347,0.9998501760431493,0.9725370415925833,-0.8470060322411821,1.2470971361265606,2254,0.2807068764754843,0.3190616609043939,False,,,,,,,8.0,12,6,0.5,0.2994188240621934,0.03266162259345269,leadership,causal rank >= 0.95 AND prior 3-day return below +2 %,KILLED,0.053763440860215006,0.09900562308091769,-0.044117647058823484,-0.06834279207322722,0.0,0.0036704572938576602,,,,,,,,,,,,
C_vca_q99,hit_p20_30d,30,5806,587082,388,1275,12,0.1248708232862556,0.18646287912080425,0.1284108594155283,0.004001200001880772,5783,0.996038580778505,0.9724319567180075,-0.35400361292727,0.27395897424863225,1275,0.11124225992271447,0.1384600794231573,False,,,,,,,9.0,12,9,0.75,0.12417734672670593,0.020668274199104376,compression,volume-compression activity above its 99th percentile (5.44),KILLED,,,,,,,0.02765957446808498,0.08881000974809435,-0.007194244604316502,-0.06517350883893935,0.0,-0.004061086560894888,,,,,,
F_room_available,hit_p20_30d,30,120588,587082,392,2347,12,0.20142966132616844,0.18646287912080425,0.20714024820487276,0.0011539054142654084,120465,0.9989799980097522,0.9724313023221413,-0.5710586878704321,4.240595235493606,2347,0.19261386086784976,0.21069598467393236,False,,,,,,,8.0,12,10,0.8333333333333334,0.2013653581983932,0.0132351477758981,constraint,abnormal volume that did NOT close at its circuit limit,KILLED,,,,,,,0.07672616801119658,0.13461813555914065,-0.06976744186046513,-0.09142478181647731,-0.006779661016949157,0.006379166137567258,,,,,,
B_relvol3_premove_p3lt2,hit_p20_30d,30,37428,587082,392,2303,12,0.15670086566207117,0.18646287912080425,0.1612074493667504,0.0021460123838123214,37426,0.9999465640696804,0.9720448172627636,-0.450658370467924,1.1849580248769647,2303,0.14648123550121597,0.1682082225359489,False,,,,,,,9.0,12,9,0.75,0.1561005748670284,0.020439243347226674,premove,3x volume AND prior 3-day return below +2 %,KILLED,,,,,,,0.0535714285714286,0.10825325670114622,-0.041363311447633166,-0.07437199326149677,0.0,0.003170791109773492,,,,,,
C_vca_q95,hit_p20_30d,30,29023,587082,392,2285,12,0.17716983082382937,0.18646287912080425,0.1823373128148506,0.0020423532647000746,28982,0.9985873272921476,0.9716597666587306,-0.5167481991021239,2.2791523444411363,2285,0.16592783337749814,0.19041159784596642,False,,,,,,,8.0,12,10,0.8333333333333334,0.1768778123918311,0.016745339902835683,compression,volume-compression activity above its 95th percentile (1.93),KILLED,,,,,,,0.06186752529898798,0.12210064207014293,-0.053876478318002574,-0.07897895006775645,0.0,0.008700982782668681,,,,,,
CHAIN_4_shock_premove_lead,hit_p10_20d,20,13239,587082,390,2250,12,0.2987385754211043,0.3274380750900215,0.30820805318425626,0.003991558997690138,13237,0.9998489311881562,0.9692756965099155,-0.9469477763151934,1.1835380122031982,2250,0.2797754010929358,0.3178498418501058,False,,,,,,,8.0,12,6,0.5,0.29817351598173514,0.03263086335825969,chain,shock + not run + causal cross-sectional leadership,KILLED,0.053333333333333455,0.09882096365355307,-0.04398148148148162,-0.06823111477573983,0.0,0.003503829984599952,,,,,,,,,,,,
D_shock_then_quiet_selling,hit_p10_30d,30,86742,587082,392,2341,12,0.45305618961979205,0.40138174905720153,0.46831353782287816,0.0014459182841377355,86720,0.9997463743054115,0.967420655240968,-1.5257348203086107,3.998178969294594,2341,0.4408830274511953,0.46477239661802383,False,,,,,,,8.0,12,10,0.8333333333333334,0.45261401943862006,0.018768301399552698,tightening,abnormal volume in the prior five days AND down-volume share now under 35 %,KILLED,,,,,,,0.08775510204081627,0.15100265142958544,-0.08204597884018777,-0.10234602421637948,-0.021214264283571205,0.009109837287532787,,,,,,
E_xsrank_ge90,hit_p10_30d,30,58245,587082,392,2347,12,0.4169971671388102,0.40138174905720153,0.4313523003046419,0.0021448756585496797,58101,0.9975276847798095,0.9667206291547301,-1.4355133165831702,2.423651595236485,2347,0.4051473619861088,0.4295714072112711,False,,,,,,,7.0,12,10,0.8333333333333334,0.41677310228174946,0.017563739376770537,leadership,causal cross-sectional rank of relative volume >= 0.90,KILLED,,,,,,,0.07853403141361248,0.14243964911156343,-0.07788161993769471,-0.09943210905197924,-0.013157894736842035,0.00412803616917301,,,,,,
D_shock_then_quiet_selling,hit_p20_20d,20,86742,587082,392,2341,12,0.16694334924258145,0.1305899346258274,0.1728914898523985,0.0014501955426567275,86720,0.9997463743054115,0.9655961053036172,-0.5948140609817049,6.011372826409421,2341,0.15692713220990354,0.17668774436372547,False,,,,,,,8.0,12,10,0.8333333333333334,0.16646780116539045,0.018768301399552698,tightening,abnormal volume in the prior five days AND down-volume share now under 35 %,KILLED,0.07279693486590033,0.12267131033785623,-0.06818181818181812,-0.08500583566611362,-0.016821887807099367,0.006936072748088195,,,,,,,,,,,,
B_relvol3_premove_p3lt5,clean_p20_30d,30,49700,587082,392,2327,12,0.1450301810865191,0.16058915108962632,0.1503511349001932,0.0018696208608982353,49696,0.9999195171026157,0.964609819419249,-0.532095381367409,0.4926522503493067,2327,0.13641113134893523,0.15319010278861328,False,,,,,,,8.0,12,9,0.75,0.144711567624401,0.018651911468812878,premove,3x volume AND prior 3-day return below +5 %,KILLED,,,,,,,0.061353697800701656,0.11644533683699394,-0.0513833992094862,-0.07874182054513328,0.0,0.004803216357744309,,,,,,
C_vca_q95_premove,hit_p20_30d,30,17407,587082,392,2106,12,0.13373930028149594,0.18646287912080425,0.1388343100080432,0.002418388713467386,17406,0.9999425518469581,0.963301508631293,-0.509500972654725,-0.41019174554808546,2106,0.12202223948080579,0.14569540217418747,False,,,,,,,10.0,12,5,0.4166666666666667,0.1329636689193092,0.02131326477853737,compression,volume compression in the top 5 % AND prior 3-day return below +2 %,KILLED,,,,,,,0.04166666666666674,0.0962369414004303,-0.021497405485544907,-0.0605467745712293,0.0,0.010059320451429316,,,,,,
E_xsrank95_premove,clean_p10_20d,20,13349,587082,390,2254,12,0.26054386096336807,0.2955754051393161,0.27056267325990857,0.003619863769371326,13347,0.9998501760431493,0.9629704564314414,-1.0018812296540502,-0.029876836111140698,2254,0.24490814438172526,0.2754081012662628,False,,,,,,,8.0,12,5,0.4166666666666667,0.25985500679655643,0.03266162259345269,leadership,causal rank >= 0.95 AND prior 3-day return below +2 %,KILLED,0.053763440860215006,0.09900562308091769,-0.044117647058823484,-0.06834279207322722,0.0,0.0036704572938576602,,,,,,,,,,,,
CHAIN_4_shock_premove_lead,clean_p10_20d,20,13239,587082,390,2250,12,0.25961175315356144,0.2955754051393161,0.27020850645916744,0.0035801717193678323,13237,0.9998489311881562,0.9607830506691761,-1.0596753305606,-0.06720933089549685,2250,0.2450978873566711,0.27471187944947706,False,,,,,,,8.0,12,5,0.4166666666666667,0.2589041095890411,0.03263086335825969,chain,shock + not run + causal cross-sectional leadership,KILLED,0.053333333333333455,0.09882096365355307,-0.04398148148148162,-0.06823111477573983,0.0,0.003503829984599952,,,,,,,,,,,,
C_vca_q98,hit_p20_30d,30,11612,587082,391,1949,12,0.14743368928694453,0.18646287912080425,0.153758522482092,0.003922821772500031,11587,0.9978470547709266,0.9588651536577883,-0.6324833195147483,1.1342414648893595,1949,0.13483060676680222,0.1614696346948837,False,,,,,,,8.5,12,10,0.8333333333333334,0.14629501385041552,0.02058215638994144,compression,volume-compression activity above its 98th percentile (3.27),KILLED,,,,,,,0.04275789569907218,0.10330159874912284,-0.032662893336028564,-0.07147077540596275,0.0,0.001123147968886632,,,,,,
C_bigvol_smallbody,hit_p10_30d,30,27822,587082,392,2227,12,0.2962763280856876,0.40138174905720153,0.3097361515510981,0.0022165596388536665,27819,0.9998921716627129,0.9565442283732045,-1.3459823465410525,-0.15443439510907403,2227,0.2800392339313084,0.31206684030362036,False,,,,,,,8.0,12,8,0.6666666666666666,0.2955391005959906,0.017360362303213285,compression,3x volume with a body under a quarter of the day's range,KILLED,,,,,,,0.040033407198248216,0.10018484737836048,-0.03883495145631066,-0.07580488663480363,0.0,-0.0029679215462843685,,,,,,
CHAIN_5_full,hit_p20_20d,20,1377,587082,323,972,12,0.15758896151053015,0.1305899346258274,0.1648874364560639,0.008930037715847527,1377,1.0,0.9557366218836554,-0.7298474945533762,1.5922810039542523,972,0.13673086240310078,0.1833111035111719,False,,,,,,,7.0,12,8,0.6666666666666666,0.1533382245047689,0.03994190268700073,chain,shock + not run + below high + leadership + light sell-side,KILLED,0.07402031930333819,0.11952407615533672,-0.0700644015101044,-0.08735340735665896,-0.014084507042253502,-0.0006581481582820298,,,,,,,,,,,,
D_shock_then_quiet_selling,clean_p20_30d,30,86742,587082,392,2341,12,0.18779829840215811,0.16058915108962632,0.19722728321033206,0.001461139040483935,86720,0.9997463743054115,0.9521922897499396,-0.9428984808173946,3.9968519976335153,2341,0.17959120676072035,0.19577858312101754,False,,,,,,,8.0,12,10,0.8333333333333334,0.1873428866003267,0.018768301399552698,tightening,abnormal volume in the prior five days AND down-volume share now under 35 %,KILLED,,,,,,,0.08775510204081627,0.15100265142958544,-0.08204597884018777,-0.10234602421637948,-0.021214264283571205,0.009109837287532787,,,,,,
D_shock_then_quiet_selling,hit_p20_30d,30,86742,587082,392,2341,12,0.22301768462797722,0.18646287912080425,0.23494926199261995,0.0014740485666101606,86720,0.9997463743054115,0.9492163658468238,-1.1931577364642731,4.486106003824748,2341,0.2120548502731408,0.23350977645995633,False,,,,,,,8.0,12,11,0.9166666666666666,0.22252470372901775,0.018768301399552698,tightening,abnormal volume in the prior five days AND down-volume share now under 35 %,KILLED,,,,,,,0.08775510204081627,0.15100265142958544,-0.08204597884018777,-0.10234602421637948,-0.021214264283571205,0.009109837287532787,,,,,,
C_bigvol_smallbody,clean_p20_30d,30,27822,587082,392,2227,12,0.12202573502983251,0.16058915108962632,0.12859196951723645,0.001989602457259352,27819,0.9998921716627129,0.9489374452152493,-0.6566234487403941,0.11822816012507992,2227,0.11271998875229025,0.13157867105948465,False,,,,,,,8.0,12,7,0.5833333333333334,0.12122087773162363,0.017360362303213285,compression,3x volume with a body under a quarter of the day's range,KILLED,,,,,,,0.040033407198248216,0.10018484737836048,-0.03883495145631066,-0.07580488663480363,0.0,-0.0029679215462843685,,,,,,
B_relvol3_premove_p3lt5,hit_p20_30d,30,49700,587082,392,2327,12,0.16851106639839034,0.18646287912080425,0.1783121377978107,0.002230428400944734,49696,0.9999195171026157,0.9450341882419755,-0.9801071399420352,1.1969628851075604,2327,0.15827018970396464,0.1782831865707382,False,,,,,,,8.0,12,9,0.75,0.16812584669510888,0.018651911468812878,premove,3x volume AND prior 3-day return below +5 %,KILLED,,,,,,,0.061353697800701656,0.11644533683699394,-0.0513833992094862,-0.07874182054513328,0.0,0.004803216357744309,,,,,,
C_bigvol_smallbody,hit_p20_30d,30,27822,587082,392,2227,12,0.14459780030191935,0.18646287912080425,0.15324957762680186,0.0018565169425906957,27819,0.9998921716627129,0.9435445274316179,-0.8651777324882509,1.1685632154137113,2227,0.13457739559619705,0.15599876956130362,False,,,,,,,8.0,12,9,0.75,0.14379627957377641,0.017360362303213285,compression,3x volume with a body under a quarter of the day's range,KILLED,,,,,,,0.040033407198248216,0.10018484737836048,-0.03883495145631066,-0.07580488663480363,0.0,-0.0029679215462843685,,,,,,
E_xsrank95_premove,hit_p10_30d,30,13349,587082,390,2254,12,0.3571803131320698,0.40138174905720153,0.3789091181538922,0.004129699968911711,13347,0.9998501760431493,0.9426543094855269,-2.1728805021822395,-0.022782515888595072,2254,0.33591648160816123,0.3767609908831477,False,,,,,,,8.0,12,6,0.5,0.3564244120093776,0.03266162259345269,leadership,causal rank >= 0.95 AND prior 3-day return below +2 %,KILLED,,,,,,,0.0640465793304219,0.12062250176515853,-0.056910569105691144,-0.08523182283325934,0.0,0.002364584922675382,,,,,,
CHAIN_4_shock_premove_lead,hit_p10_30d,30,13239,587082,390,2250,12,0.35591812070398066,0.40138174905720153,0.3787905114451915,0.004106735339738235,13237,0.9998489311881562,0.9396173081134322,-2.2872390741210835,-0.03241918344452017,2250,0.3350023136242576,0.3776184470811349,False,,,,,,,8.0,12,6,0.5,0.3551437504766263,0.03263086335825969,chain,shock + not run + causal cross-sectional leadership,KILLED,,,,,,,0.06382978723404253,0.12025273260387004,-0.05687382297551791,-0.08518926316537338,0.0,0.0019721203593645827,,,,,,
E_xsrank95_premove,clean_p20_30d,30,13349,587082,390,2254,12,0.1429320548355682,0.16058915108962632,0.15227017307260057,0.002992713219044114,13347,0.9998501760431493,0.9386740157343963,-0.9338118237032372,0.18051612659556227,2254,0.13000344278658513,0.15414169304236067,False,,,,,,,8.0,12,5,0.4166666666666667,0.1419725117051805,0.03266162259345269,leadership,causal rank >= 0.95 AND prior 3-day return below +2 %,KILLED,,,,,,,0.0640465793304219,0.12062250176515853,-0.056910569105691144,-0.08523182283325934,0.0,0.002364584922675382,,,,,,
CHAIN_4_shock_premove_lead,clean_p20_30d,30,13239,587082,390,2250,12,0.14192914872724527,0.16058915108962632,0.15162801238951423,0.0028581469234842095,13237,0.9998489311881562,0.9360351460765061,-0.9698863662268964,0.16825116003942836,2250,0.1293273056333659,0.15323953203044594,False,,,,,,,8.0,12,5,0.4166666666666667,0.14094266351937867,0.03263086335825969,chain,shock + not run + causal cross-sectional leadership,KILLED,,,,,,,0.06382978723404253,0.12025273260387004,-0.05687382297551791,-0.08518926316537338,0.0,0.0019721203593645827,,,,,,
E_xsrank95_premove,hit_p20_30d,30,13349,587082,390,2254,12,0.1721477264214548,0.18646287912080425,0.18404135760845133,0.0024728122331070007,13347,0.9998501760431493,0.9353752257509659,-1.1893631186996545,1.1109242629324947,2254,0.15791247841316225,0.1867267902323573,False,,,,,,,8.0,12,6,0.5,0.17125820816665407,0.03266162259345269,leadership,causal rank >= 0.95 AND prior 3-day return below +2 %,KILLED,,,,,,,0.0640465793304219,0.12062250176515853,-0.056910569105691144,-0.08523182283325934,0.0,0.002364584922675382,,,,,,
D_range_compression,hit_p5_5d,5,6631,587082,383,1932,12,0.317900769114764,0.32451514439209517,0.3400045262522632,0.004816194655977853,6628,0.9995475795505957,0.9349898150413607,-2.210375713749918,0.6231122134677062,1932,0.2973856887515884,0.3418253046136499,False,,,,,,,10.0,12,5,0.4166666666666667,0.31578144078144077,0.04810737445332529,tightening,"5-day true range under 60 % of the 20-day, price in the top half of its range",KILLED,,,,,,,,,,,,,0.027722772277227747,0.052098576102006106,-0.027459954233409634,-0.03891816055716215,-0.0030864197530864335,0.00517657830156335
CHAIN_4_shock_premove_lead,hit_p20_30d,30,13239,587082,390,2250,12,0.17108542941309768,0.18646287912080425,0.18391251794213193,0.003135544263854596,13237,0.9998489311881562,0.9302544020739222,-1.2827088529034247,1.0523528904377326,2250,0.1549569903180796,0.18510898330974557,False,,,,,,,8.0,12,6,0.5,0.17021762288844924,0.03263086335825969,chain,shock + not run + causal cross-sectional leadership,KILLED,,,,,,,0.06382978723404253,0.12025273260387004,-0.05687382297551791,-0.08518926316537338,0.0,0.0019721203593645827,,,,,,
CHAIN_5_full,hit_p20_30d,30,1377,587082,323,972,12,0.2084241103848947,0.18646287912080425,0.2278503994190269,0.00763073065134624,1377,1.0,0.9147410358525588,-1.9426289034132211,1.1616010137045123,972,0.18433924489368508,0.23807659582808569,False,,,,,,,7.0,12,7,0.5833333333333334,0.20396184886280264,0.03994190268700073,chain,shock + not run + below high + leadership + light sell-side,KILLED,,,,,,,0.08597285067873295,0.14353580972603303,-0.0855614973262031,-0.10605622714980979,-0.023340274078737067,-0.004388502545550139,,,,,,
CHAIN_5_full,clean_p20_30d,30,1377,587082,323,972,12,0.1721132897603486,0.16058915108962632,0.18914306463326072,0.0061190948556630615,1377,1.0,0.9099635246640314,-1.702977487291213,0.6701729963136179,972,0.1516298866327349,0.1971055942702284,False,,,,,,,7.0,12,7,0.5833333333333334,0.1672780630961115,0.03994190268700073,chain,shock + not run + below high + leadership + light sell-side,KILLED,,,,,,,0.08597285067873295,0.14353580972603303,-0.0855614973262031,-0.10605622714980979,-0.023340274078737067,-0.004388502545550139,,,,,,
D_shallow_pullback,hit_p10_30d,30,96855,587082,377,2270,12,0.1999587011512054,0.40138174905720153,0.36159620825674815,0.0014995374158508767,96842,0.9998657787414176,0.5529889323636755,-16.163750710554275,-9.1654551868163,2270,0.1879906630910455,0.21442176206911656,False,,,,,,,14.0,12,2,0.16666666666666666,0.19949016751638748,0.03981209023798462,tightening,"worst low of the last five within 3 % of today's close, near the 20-day high",KILLED,,,,,,,0.023474178403755763,0.06692121435836217,-0.014084507042253502,-0.047695754020357646,0.0,0.0034860845965651453,,,,,,
D_shallow_pullback,clean_p10_20d,20,96855,587082,377,2270,12,0.14247070362913633,0.2955754051393161,0.2602801470436381,0.0013041449760560293,96842,0.9998657787414176,0.547374454974096,-11.780944341450178,-9.303209518730716,2270,0.13324974842090725,0.15445116729746355,False,,,,,,,14.0,12,2,0.16666666666666666,0.14226407241702216,0.03981209023798462,tightening,"worst low of the last five within 3 % of today's close, near the 20-day high",KILLED,0.01671309192200554,0.04984109727638238,-0.009090909090909038,-0.03521017123766072,0.0,0.0025844768118054792,,,,,,,,,,,,
D_shallow_pullback,hit_p10_20d,20,96855,587082,377,2270,12,0.14669351091838315,0.3274380750900215,0.2735244005700006,0.0013937244096164192,96842,0.9998657787414176,0.5363086825604976,-12.683088965161746,-11.59803596180523,2270,0.13697949652858604,0.15856417815515686,False,,,,,,,14.0,12,2,0.16666666666666666,0.14650920819893873,0.03981209023798462,tightening,"worst low of the last five within 3 % of today's close, near the 20-day high",KILLED,0.01671309192200554,0.04984109727638238,-0.009090909090909038,-0.03521017123766072,0.0,0.0025844768118054792,,,,,,,,,,,,
D_shallow_pullback,clean_p20_30d,30,96855,587082,377,2270,12,0.07655774095297094,0.16058915108962632,0.1566603333264493,0.0009545806184901267,96842,0.9998657787414176,0.48868618703211225,-8.010259237347835,-6.481056680220387,2270,0.06988372518564111,0.08367788286873067,False,,,,,,,14.0,12,2,0.16666666666666666,0.07641244407449797,0.03981209023798462,tightening,"worst low of the last five within 3 % of today's close, near the 20-day high",KILLED,,,,,,,0.023474178403755763,0.06692121435836217,-0.014084507042253502,-0.047695754020357646,0.0,0.0034860845965651453,,,,,,
D_shallow_pullback,hit_p20_30d,30,96855,587082,377,2270,12,0.08061535284703938,0.18646287912080425,0.16893083579438672,0.0010002685373059488,96842,0.9998657787414176,0.4772092227418014,-8.831548294734734,-8.46530917976489,2270,0.07441762984227421,0.08796744793748364,False,,,,,,,14.0,12,2,0.16666666666666666,0.08048069919883467,0.03981209023798462,tightening,"worst low of the last five within 3 % of today's close, near the 20-day high",KILLED,,,,,,,0.023474178403755763,0.06692121435836217,-0.014084507042253502,-0.047695754020357646,0.0,0.0034860845965651453,,,,,,
D_shallow_pullback,hit_p10_10d,10,96855,587082,377,2270,12,0.07441020081565226,0.21010693565805116,0.15782047045703312,0.001158211764108173,96842,0.9998657787414176,0.4714863705557073,-8.341026964138086,-16.88340993602641,2270,0.06894844158040907,0.08113847466571923,False,0.009661835748792313,0.030284439440971388,-0.004255319148936176,-0.021159881213121984,0.0,0.0014640369892459767,14.0,12,0,0.0,0.07440432837373842,0.03981209023798462,tightening,"worst low of the last five within 3 % of today's close, near the 20-day high",KILLED,,,,,,,,,,,,,,,,,,
D_shallow_pullback,hit_p20_20d,20,96855,587082,377,2270,12,0.04852614733364308,0.1305899346258274,0.10367144420809153,0.0009519005710930769,96842,0.9998657787414176,0.46807631266110544,-5.5145296874448455,-10.11252897712891,2270,0.043817377405127846,0.053959889780022065,False,,,,,,,14.0,12,2,0.16666666666666666,0.04842368119862658,0.03981209023798462,tightening,"worst low of the last five within 3 % of today's close, near the 20-day high",KILLED,0.01671309192200554,0.04984109727638238,-0.009090909090909038,-0.03521017123766072,0.0,0.0025844768118054792,,,,,,,,,,,,
D_shallow_pullback,hit_p5_5d,5,96855,587082,377,2270,12,0.10763512467089979,0.32451514439209517,0.23555585386505853,0.0016687774388555023,96842,0.9998657787414176,0.45694098832331775,-12.792072919415876,-26.44228331284162,2270,0.10102922266341817,0.1151254365528632,False,,,,,,,14.0,12,0,0.0,0.10776193944438664,0.03981209023798462,tightening,"worst low of the last five within 3 % of today's close, near the 20-day high",KILLED,,,,,,,,,,,,,0.005681818181818121,0.018996281438559554,-0.0007320644216690653,-0.012990682487650503,0.0,0.0013765403802019744
