source,t_recv,seq,epoch,body_sha256,http_status,elapsed_ms,symbol,cash_dividend,bonus_dividend,right_issue,year_end,reserve_surplus_mn,oci_mn,financials_url,price_sensitive_url,listing_year,market_category,electronic_share,operational_status,short_term_loan_mn,long_term_loan_mn,scrip_code,cash_dividend_history,bonus_dividend_history,latest_dividend_pct,latest_dividend_year,labels_matched,latest_dividend_raw
dse_ownership,2026-09-08 09:50:14.055381+00:00,1,a4e388692d1a4e3fa50e0610a30f29c3,2b3bfa0c1e7c2fb28408ddc52c01672bfa3c3591405a36be099ae674f198036c,200,4830,1JANATAMF,"7% 2022, 13% 2021 3% 2019, 2% 2018, 2% 2017","6%RIU 2018, 10%RIU 2017, 5%RIU 2016, 12.00%RIU 2015, 12.50%RIU 2014",-,30-Jun,-742.8,0.0,http://www.racebd.com/index.php?menu=FinancialReport&Fund=jb11mf,http://www.1janatamf.com/,2010.0,A,Y,Active,0.0,0.0,12178,"[{""year"": 2022, ""percent"": 7.0}, {""year"": 2021, ""percent"": 13.0}, {""year"": 2019, ""percent"": 3.0}, {""year"": 2018, ""percent"": 2.0}, {""year"": 2017, ""percent"": 2.0}]",[],,,14,
dse_ownership,2026-09-08 09:50:16.312033+00:00,2,a4e388692d1a4e3fa50e0610a30f29c3,e278fe4bcaf50e55c8b835ce30c3120a2fefd17ad1a2948b0ea94adae7e2751e,200,2090,1STPRIMFMF,"10% 2023, 11% 2022, 10% 2021, 8% 2020, 7% 2019, 8.5% 2018, 8.5% 2017, 6% 2016, 5% 2015, 10% 2014",-,-,31-Dec,-43.4,0.0,https://icbamcl.gov.bd/investor-relation/price-sensitive-information,,2009.0,A,Y,Active,0.0,0.0,12168,"[{""year"": 2023, ""percent"": 10.0}, {""year"": 2022, ""percent"": 11.0}, {""year"": 2021, ""percent"": 10.0}, {""year"": 2020, ""percent"": 8.0}, {""year"": 2019, ""percent"": 7.0}, {""year"": 2018, ""percent"": 8.5}, {""year"": 2017, ""percent"": 8.5}, {""year"": 2016, ""percent"": 6.0}, {""year"": 2015, ""percent"": 5.0}, {""year"": 2014, ""percent"": 10.0}]",[],,,13,
dse_ownership,2026-09-08 09:50:16.968453+00:00,3,a4e388692d1a4e3fa50e0610a30f29c3,94e31da9ae4c4ef5b4d9243b71e50a222b0e22682607d86cc8bd405bc3da7215,200,417,AAMRANET,"10% 2024, 11% 2023, 5% 2022, 5% 2021, 10% 2020, 6% 2019, 10% 2018, 10% 2017","5% 2022, 5% 2021, 6% 2019","1R:2, 2024",30-Jun,1360.8,0.0,http://www.aamranetworks.com/annual-financial-statements/ ;                          www.aamranetworks.com/quarterly-report/,http://www.aamranetworks.com/price-sensitive-information/,2017.0,Z,Y,Active,275.04,186.89,22649,"[{""year"": 2024, ""percent"": 10.0}, {""year"": 2023, ""percent"": 11.0}, {""year"": 2022, ""percent"": 5.0}, {""year"": 2021, ""percent"": 5.0}, {""year"": 2020, ""percent"": 10.0}, {""year"": 2019, ""percent"": 6.0}, {""year"": 2018, ""percent"": 10.0}, {""year"": 2017, ""percent"": 10.0}]","[{""year"": 2022, ""percent"": 5.0}, {""year"": 2021, ""percent"": 5.0}, {""year"": 2019, ""percent"": 6.0}]",10.0,2024.0,15,10.00 for 2024
dse_ownership,2026-09-08 09:50:18.703659+00:00,4,a4e388692d1a4e3fa50e0610a30f29c3,ffaa257f3fea5edad739a888e9a993f1bbaf04b05f499387e3f75ac9b8ee0697,200,1566,AAMRATECH,"1% 2024, 10% 2023, 6% 2022, 5% 2021, 10% 2020, 5% 2019, 10% 2018, 10% 2017, 10% 2016, 10% 2015, 10% 2014, 5% 2013","6% 2022, 5% 2021, 5% 2019, 10% 2013, 20% 2012",-,30-Jun,256.5,0.0,http://www.aamratechnologies.com/annual-financial-statements/ ;   www.aamratechnologies.com/quarterly-report/,http://www.aamratechnologies.com/price-sensitive-information/,2012.0,Z,Y,Active,247.85,331.07,22647,"[{""year"": 2024, ""percent"": 1.0}, {""year"": 2023, ""percent"": 10.0}, {""year"": 2022, ""percent"": 6.0}, {""year"": 2021, ""percent"": 5.0}, {""year"": 2020, ""percent"": 10.0}, {""year"": 2019, ""percent"": 5.0}, {""year"": 2018, ""percent"": 10.0}, {""year"": 2017, ""percent"": 10.0}, {""year"": 2016, ""percent"": 10.0}, {""year"": 2015, ""percent"": 10.0}, {""year"": 2014, ""percent"": 10.0}, {""year"": 2013, ""percent"": 5.0}]","[{""year"": 2022, ""percent"": 6.0}, {""year"": 2021, ""percent"": 5.0}, {""year"": 2019, ""percent"": 5.0}, {""year"": 2013, ""percent"": 10.0}, {""year"": 2012, ""percent"": 20.0}]",1.0,2024.0,15,1.00 for 2024
dse_ownership,2026-09-08 09:50:20.016289+00:00,5,a4e388692d1a4e3fa50e0610a30f29c3,10495ed24ebb801a1c16c4b5ce02e2a72a69350a6b67f15e430beca17237a8ef,200,1141,ABB1STMF,"5% 2023, 7% 2022, 8% 2021, 3% 2019, 2% 2018, 3% 2017","8%RIU 2018, 10%RIU 2017, 7%RIU 2016, 15%RIU 2015, 10%RIU 2014, 10%RIU 2013",-,30-Jun,-462.2,0.0,,http://www.abb1stmf.com/,2012.0,A,Y,Active,0.0,0.0,12189,"[{""year"": 2023, ""percent"": 5.0}, {""year"": 2022, ""percent"": 7.0}, {""year"": 2021, ""percent"": 8.0}, {""year"": 2019, ""percent"": 3.0}, {""year"": 2018, ""percent"": 2.0}, {""year"": 2017, ""percent"": 3.0}]",[],,,13,
dse_ownership,2026-09-08 09:50:21.818998+00:00,6,a4e388692d1a4e3fa50e0610a30f29c3,0da5bf00e77b86c34fc3fa999f94d8f9715fe1fe0824600ef32a4dcf5b5449d0,200,1567,ABBANK,"2% 2021, 5% 2013, 5% 2011, 10% 2010","2% 2023, 2% 2022, 3% 2021, 5% 2020, 5% 2019, 12.50% 2016, 12.50% 2015, 12.50% 2014, 7% 2013, 12.50% 2012, 20% 2011, 15% 2010, 25% 2009, 15% 2008, 200% 2007, 30% 2006, 10% 2005, 5% 2003 & 2004, 15% 2002, 1B:10 99, 1B:10 97, 1B:10 96, 1B:6 95, 1B:10 94, 1B:6 9",n/a,31-Dec,-41404.8,0.0,https://abbl.com/wp-content/uploads/2025/06/Un-Audited-FS-March-2025.pdf,https://abbl.com/price-sensitive-information/,1983.0,Z,Y,Active,0.0,35922.49,11101,"[{""year"": 2021, ""percent"": 2.0}, {""year"": 2013, ""percent"": 5.0}, {""year"": 2011, ""percent"": 5.0}, {""year"": 2010, ""percent"": 10.0}]","[{""year"": 2023, ""percent"": 2.0}, {""year"": 2022, ""percent"": 2.0}, {""year"": 2021, ""percent"": 3.0}, {""year"": 2020, ""percent"": 5.0}, {""year"": 2019, ""percent"": 5.0}, {""year"": 2016, ""percent"": 12.5}, {""year"": 2015, ""percent"": 12.5}, {""year"": 2014, ""percent"": 12.5}, {""year"": 2013, ""percent"": 7.0}, {""year"": 2012, ""percent"": 12.5}, {""year"": 2011, ""percent"": 20.0}, {""year"": 2010, ""percent"": 15.0}, {""year"": 2009, ""percent"": 25.0}, {""year"": 2008, ""percent"": 15.0}, {""year"": 2007, ""percent"": 200.0}, {""year"": 2006, ""percent"": 30.0}, {""year"": 2005, ""percent"": 10.0}, {""year"": 2003, ""percent"": 5.0}, {""year"": 2002, ""percent"": 15.0}]",,,14,
dse_ownership,2026-09-08 09:50:22.600354+00:00,7,a4e388692d1a4e3fa50e0610a30f29c3,1cfb360721fa154c2e4ae01ab1dc3094df8fad0ffec2ec54a35d0e67843d9ce3,200,606,ABBLPBOND,-,-,-,31-Dec,0.0,0.0,https://abbl.com/wp-content/uploads/2025/06/Un-Audited-FS-March-2025.pdf,https://abbl.com/price-sensitive-information/,2023.0,A,Y,,0.0,0.0,26013,[],[],,,13,
dse_ownership,2026-09-08 09:50:23.207250+00:00,8,a4e388692d1a4e3fa50e0610a30f29c3,015e3c264a9e59cbe46efbef8ee75310e800abe6cd215dfa00c5764406acc0f3,200,441,ACFL,"10% 2025, 10% 2024, 10% 2023, 10% 2022, 11% 2021 10% 2020, 10% 2019, 10% 2018",-,-,30-Jun,1807.4,0.0,https://www.amancotton.com/about-us/financial-statement/,https://www.amancotton.com/psi-for-q3-march-2025/#,2018.0,A,Y,Active,966.74,476.98,17477,"[{""year"": 2025, ""percent"": 10.0}, {""year"": 2024, ""percent"": 10.0}, {""year"": 2023, ""percent"": 10.0}, {""year"": 2022, ""percent"": 10.0}, {""year"": 2021, ""percent"": 11.0}, {""year"": 2020, ""percent"": 10.0}, {""year"": 2019, ""percent"": 10.0}, {""year"": 2018, ""percent"": 10.0}]",[],10.0,2025.0,15,10.00 for 2025
dse_ownership,2026-09-08 09:50:24.405689+00:00,11,a4e388692d1a4e3fa50e0610a30f29c3,8079f86f5f4d0e5e77033d360ebd308f3fdbdb6c2648fa7795083443552c485e,200,411,ACI,"25% 2025, 20% 2024, 40% 2023, 50% 2022, 65% 2021, 80% 2020,100% 2019, 115% 2018, 115% 2017, 115% 2016","15% 2024, 5% 2022, 15% 2021, 10% 2020, 15% 2019, 3.50% 2018, 10% 2017, 10% 2016, 15% 2014, 20% 2013, 20% 2012, 20% 2011, 20% 2008, 20% 1997, 25% 1996, 100% 1994, 100% 1983.",1R:1(At Par) 1997,30-Jun,5916.5,0.0,https://www.aci-bd.com/financials/,https://www.aci-bd.com/price-sensitive-information/,1976.0,A,Y,Active,648.2,5548.42,18455,"[{""year"": 2025, ""percent"": 25.0}, {""year"": 2024, ""percent"": 20.0}, {""year"": 2023, ""percent"": 40.0}, {""year"": 2022, ""percent"": 50.0}, {""year"": 2021, ""percent"": 65.0}, {""year"": 2020, ""percent"": 80.0}, {""year"": 2019, ""percent"": 100.0}, {""year"": 2018, ""percent"": 115.0}, {""year"": 2017, ""percent"": 115.0}, {""year"": 2016, ""percent"": 115.0}]","[{""year"": 2024, ""percent"": 15.0}, {""year"": 2022, ""percent"": 5.0}, {""year"": 2021, ""percent"": 15.0}, {""year"": 2020, ""percent"": 10.0}, {""year"": 2019, ""percent"": 15.0}, {""year"": 2018, ""percent"": 3.5}, {""year"": 2017, ""percent"": 10.0}, {""year"": 2016, ""percent"": 10.0}, {""year"": 2014, ""percent"": 15.0}, {""year"": 2013, ""percent"": 20.0}, {""year"": 2012, ""percent"": 20.0}, {""year"": 2011, ""percent"": 20.0}, {""year"": 2008, ""percent"": 20.0}, {""year"": 1997, ""percent"": 20.0}, {""year"": 1996, ""percent"": 25.0}, {""year"": 1994, ""percent"": 100.0}, {""year"": 1983, ""percent"": 100.0}]",25.0,2025.0,15,25.00 for 2025
dse_ownership,2026-09-08 09:50:26.084364+00:00,12,a4e388692d1a4e3fa50e0610a30f29c3,f4714a962431b5e244ca4c37a3643e1aa7f709f3dbdf2a5ebc1f34f6b5b2adac,200,1510,ACIFORMULA,"25% 2025, 20% 2024, 25% 2023, 25% 2022, 30% 2021, 20% 2020, 35% 2019, 35% 2018, 35% 2017, 35% 2016","5% 2021, 50% 2011, 20% 2008",-,30-Jun,3061.4,33.7,https://www.aci-bd.com/acifl/financials-fl/,https://www.aci-bd.com/acifl/price-sensitive-information-aci-fl-ltd/,2008.0,A,Y,Active,3643.05,0.0,18480,"[{""year"": 2025, ""percent"": 25.0}, {""year"": 2024, ""percent"": 20.0}, {""year"": 2023, ""percent"": 25.0}, {""year"": 2022, ""percent"": 25.0}, {""year"": 2021, ""percent"": 30.0}, {""year"": 2020, ""percent"": 20.0}, {""year"": 2019, ""percent"": 35.0}, {""year"": 2018, ""percent"": 35.0}, {""year"": 2017, ""percent"": 35.0}, {""year"": 2016, ""percent"": 35.0}]","[{""year"": 2021, ""percent"": 5.0}, {""year"": 2011, ""percent"": 50.0}, {""year"": 2008, ""percent"": 20.0}]",25.0,2025.0,15,25.00 for 2025
dse_ownership,2026-09-08 09:50:26.681092+00:00,13,a4e388692d1a4e3fa50e0610a30f29c3,4a8d8ca3dcb609836705f983bc8de9d4f542c69eee9c11052903b9e10324f666,200,357,ACMELAB,"35% 2025, 35% 2024, 33% 2023, 30% 2022, 25% 2021, 25% 2020, 35% 2019, 35% 2018, 35% 2017, 35% 2016",-,-,30-Jun,19496.4,0.2,https://www.acmeglobal.com/investors/financial-reports,https://www.acmeglobal.com/investors/price-sensitive-information,2016.0,A,Y,Active,17735.18,7074.93,18491,"[{""year"": 2025, ""percent"": 35.0}, {""year"": 2024, ""percent"": 35.0}, {""year"": 2023, ""percent"": 33.0}, {""year"": 2022, ""percent"": 30.0}, {""year"": 2021, ""percent"": 25.0}, {""year"": 2020, ""percent"": 25.0}, {""year"": 2019, ""percent"": 35.0}, {""year"": 2018, ""percent"": 35.0}, {""year"": 2017, ""percent"": 35.0}, {""year"": 2016, ""percent"": 35.0}]",[],35.0,2025.0,15,35.00 for 2025
dse_ownership,2026-09-08 09:50:27.328272+00:00,14,a4e388692d1a4e3fa50e0610a30f29c3,990c243e232b70c4a2cacab70296d418c645735ad2acbd1c711741990b036048,200,472,ACMEPL,"0.01% 2025, 0.25% 2024, 0.10% 2023, 5% 2022",-,-,30-Jun,865.5,0.0,https://acmepesticides.com/apl-annual-report/,https://acmepesticides.com/apl-psi-by-year/,2021.0,B,Y,Active,50.1,11.58,18496,"[{""year"": 2025, ""percent"": 0.01}, {""year"": 2024, ""percent"": 0.25}, {""year"": 2023, ""percent"": 0.1}, {""year"": 2022, ""percent"": 5.0}]",[],0.01,2025.0,15,0.01 for 2025
dse_ownership,2026-09-08 09:50:27.945775+00:00,15,a4e388692d1a4e3fa50e0610a30f29c3,9d0b4a834f661b73e932b8cddb975791ad8ecd5130ef7c1f66fea1dfd46ea24f,200,461,ACTIVEFINE,"0.25% 2022, 0.5% 2021, 2% 2019, 5% 2016, 6% 2014, 5% 2013","20% 2018, 25% 2017, 30% 2016, 20% 2014, 20% 2013, 25% 2012, 20% 2011, 15% 2010",-,30-Jun,1909.9,0.0,,,2010.0,Z,Y,Operation Shutdown,2993.56,195.92,18483,"[{""year"": 2022, ""percent"": 0.25}, {""year"": 2021, ""percent"": 0.5}, {""year"": 2019, ""percent"": 2.0}, {""year"": 2016, ""percent"": 5.0}, {""year"": 2014, ""percent"": 6.0}, {""year"": 2013, ""percent"": 5.0}]","[{""year"": 2018, ""percent"": 20.0}, {""year"": 2017, ""percent"": 25.0}, {""year"": 2016, ""percent"": 30.0}, {""year"": 2014, ""percent"": 20.0}, {""year"": 2013, ""percent"": 20.0}, {""year"": 2012, ""percent"": 25.0}, {""year"": 2011, ""percent"": 20.0}, {""year"": 2010, ""percent"": 15.0}]",0.25,2022.0,13,0.25 for 2022
dse_ownership,2026-09-08 09:50:29.689409+00:00,16,a4e388692d1a4e3fa50e0610a30f29c3,fcd58e4e73ff1b039443b159682455cd33b20dd57a9e5a324c2ab2a931215b66,200,1498,ADNTEL,"10% 2025, 10% 2024, 15% 2023, 10% 2022, 10% 2021, 15% 2020",-,-,30-Jun,1061.8,0.0,https://www.adntel.com.bd/financial-statements,https://www.adntel.com.bd/price-sensitive-information,2019.0,A,Y,Active,222.89,185.8,22651,"[{""year"": 2025, ""percent"": 10.0}, {""year"": 2024, ""percent"": 10.0}, {""year"": 2023, ""percent"": 15.0}, {""year"": 2022, ""percent"": 10.0}, {""year"": 2021, ""percent"": 10.0}, {""year"": 2020, ""percent"": 15.0}]",[],10.0,2025.0,15,10.00 for 2025
dse_ownership,2026-09-08 09:50:30.567048+00:00,17,a4e388692d1a4e3fa50e0610a30f29c3,f78b78e39ebfa45da631136c37e03051b84a81563f98abbf13b3e605ba213b0e,200,715,ADVENT,"0.50% 2025, 1% 2024, 2% 2023, 2% 2022, 2% 2021, 2% 2019, 2% 2018","2% 2021, 10% 2020, 10% 2019, 10% 2018",-,30-Jun,599.0,0.0,https://www.adventpharmabd.com/annual-reports/,https://www.adventpharmabd.com/price-sensitive-information/,2018.0,Z,Y,Active,66.58,7.43,18492,"[{""year"": 2025, ""percent"": 0.5}, {""year"": 2024, ""percent"": 1.0}, {""year"": 2023, ""percent"": 2.0}, {""year"": 2022, ""percent"": 2.0}, {""year"": 2021, ""percent"": 2.0}, {""year"": 2019, ""percent"": 2.0}, {""year"": 2018, ""percent"": 2.0}]","[{""year"": 2021, ""percent"": 2.0}, {""year"": 2020, ""percent"": 10.0}, {""year"": 2019, ""percent"": 10.0}, {""year"": 2018, ""percent"": 10.0}]",0.5,2025.0,15,0.50 for 2025
dse_ownership,2026-09-08 09:50:32.664677+00:00,18,a4e388692d1a4e3fa50e0610a30f29c3,571e01452109f7eea9fdd3e02cc6bf10174a628c943d069b839b46685ee47858,200,1928,AFCAGRO,"0.50% 2022, 0.50% 2021","10% 2019,15% 2018, 20% 2017, 20% 2016, 15% 2014, 10% 2013",-,30-Jun,943.6,0.2,,,2014.0,Z,Y,Operation Shutdown,182.14,0.0,18489,"[{""year"": 2022, ""percent"": 0.5}, {""year"": 2021, ""percent"": 0.5}]","[{""year"": 2019, ""percent"": 10.0}, {""year"": 2018, ""percent"": 15.0}, {""year"": 2017, ""percent"": 20.0}, {""year"": 2016, ""percent"": 20.0}, {""year"": 2014, ""percent"": 15.0}, {""year"": 2013, ""percent"": 10.0}]",0.5,2022.0,13,0.50 for 2022
dse_ownership,2026-09-08 09:50:34.286753+00:00,19,a4e388692d1a4e3fa50e0610a30f29c3,fe169ec25a4190088ed7be32dfeaeb39c7c8b2e20ba5c0a523452e9dda008fef,200,1399,AFTABAUTO,"10% 2025, 10% 2024,  10% 2023, 5% 2022, 5% 2021, 10% 2020, 10% 2019, 12% 2018, 16% 2017, 15% 2016, 16% 2015","5% 2022, 5% 2021, 12% 2013, 25% 2012, 20% 2011, 30% 2010, 40% 2009, 25% 2008, 10% 2007, 20%  1996, 10%  1995",-,30-Jun,2039.5,0.0,https://www.aftabautomobiles.com/financial-statements/,https://www.aftabautomobiles.com/price-sensitive-information/,1987.0,Z,Y,Active,5624.43,9210.17,13201,"[{""year"": 2025, ""percent"": 10.0}, {""year"": 2024, ""percent"": 10.0}, {""year"": 2023, ""percent"": 10.0}, {""year"": 2022, ""percent"": 5.0}, {""year"": 2021, ""percent"": 5.0}, {""year"": 2020, ""percent"": 10.0}, {""year"": 2019, ""percent"": 10.0}, {""year"": 2018, ""percent"": 12.0}, {""year"": 2017, ""percent"": 16.0}, {""year"": 2016, ""percent"": 15.0}, {""year"": 2015, ""percent"": 16.0}]","[{""year"": 2022, ""percent"": 5.0}, {""year"": 2021, ""percent"": 5.0}, {""year"": 2013, ""percent"": 12.0}, {""year"": 2012, ""percent"": 25.0}, {""year"": 2011, ""percent"": 20.0}, {""year"": 2010, ""percent"": 30.0}, {""year"": 2009, ""percent"": 40.0}, {""year"": 2008, ""percent"": 25.0}, {""year"": 2007, ""percent"": 10.0}, {""year"": 1996, ""percent"": 20.0}, {""year"": 1995, ""percent"": 10.0}]",10.0,2025.0,15,10.00 for 2025
dse_ownership,2026-09-08 09:50:35.852105+00:00,20,a4e388692d1a4e3fa50e0610a30f29c3,bcfe2eec6ee8f479df5439b048aa435bf6930c3c6b21dbe614372f5b2b2c078a,200,1371,AGNISYSL,"2.50% 2025, 4.80% 2024, 4.75% 2023, 4.50% 2022, 3.50% 2021, 2% 2020, 7% 2019, 5% 2018, 5% 2017, 5% 2016, 5% 2011, 12.50% 2010, 10% 2006, 10% 2004","5% 2018, 5% 2017, 5% 2016, 10% 2015, 10% 2014, 10% 2013, 10% 2012, 5% 2011, 12.50% 2009, 15% 2008, 12%B 2007, 10%B 2005",1R:2 2010,30-Jun,271.7,0.0,https://agni.com/financial-history/,,2003.0,B,Y,Active,14.99,5.41,22645,"[{""year"": 2025, ""percent"": 2.5}, {""year"": 2024, ""percent"": 4.8}, {""year"": 2023, ""percent"": 4.75}, {""year"": 2022, ""percent"": 4.5}, {""year"": 2021, ""percent"": 3.5}, {""year"": 2020, ""percent"": 2.0}, {""year"": 2019, ""percent"": 7.0}, {""year"": 2018, ""percent"": 5.0}, {""year"": 2017, ""percent"": 5.0}, {""year"": 2016, ""percent"": 5.0}, {""year"": 2011, ""percent"": 5.0}, {""year"": 2010, ""percent"": 12.5}, {""year"": 2006, ""percent"": 10.0}, {""year"": 2004, ""percent"": 10.0}]","[{""year"": 2018, ""percent"": 5.0}, {""year"": 2017, ""percent"": 5.0}, {""year"": 2016, ""percent"": 5.0}, {""year"": 2015, ""percent"": 10.0}, {""year"": 2014, ""percent"": 10.0}, {""year"": 2013, ""percent"": 10.0}, {""year"": 2012, ""percent"": 10.0}, {""year"": 2011, ""percent"": 5.0}, {""year"": 2009, ""percent"": 12.5}, {""year"": 2008, ""percent"": 15.0}]",2.5,2025.0,14,2.50 for 2025
dse_ownership,2026-09-08 09:50:37.336209+00:00,21,a4e388692d1a4e3fa50e0610a30f29c3,8141d57f1d0ac9ee0c462ab7d397dcebc99994a630546932b62c715f0ef398fd,200,1270,AGRANINS,"6% 2024, 12% 2023, 8% 2022, 15% 2021, 5% 2020,10% 2019, 5% 2017, 7% 2016, 5% 2015","6% 2024, 7% 2022, 5% 2020, 5% 2018, 5% 2017, 3% 2016, 5% 2015, 5% 2013, 10% 2012, 10% 2011, 10% 2010, 10% 2009, 10% 2008",n/a,31-Dec,302.9,0.0,https://www.agraniinsurance.com/,https://www.agraniinsurance.com/price-sensitive-information/,2005.0,A,Y,Active,0.0,0.0,25722,"[{""year"": 2024, ""percent"": 6.0}, {""year"": 2023, ""percent"": 12.0}, {""year"": 2022, ""percent"": 8.0}, {""year"": 2021, ""percent"": 15.0}, {""year"": 2020, ""percent"": 5.0}, {""year"": 2019, ""percent"": 10.0}, {""year"": 2017, ""percent"": 5.0}, {""year"": 2016, ""percent"": 7.0}, {""year"": 2015, ""percent"": 5.0}]","[{""year"": 2024, ""percent"": 6.0}, {""year"": 2022, ""percent"": 7.0}, {""year"": 2020, ""percent"": 5.0}, {""year"": 2018, ""percent"": 5.0}, {""year"": 2017, ""percent"": 5.0}, {""year"": 2016, ""percent"": 3.0}, {""year"": 2015, ""percent"": 5.0}, {""year"": 2013, ""percent"": 5.0}, {""year"": 2012, ""percent"": 10.0}, {""year"": 2011, ""percent"": 10.0}, {""year"": 2010, ""percent"": 10.0}, {""year"": 2009, ""percent"": 10.0}, {""year"": 2008, ""percent"": 10.0}]",,,14,
dse_ownership,2026-09-08 09:50:39.508662+00:00,22,a4e388692d1a4e3fa50e0610a30f29c3,4fc5aed8f7ffb3cc1ea177908e42fb518c2a2e703919ef8f4cd99a53ccb184b2,200,1932,AIBL1STIMF,"0.60% 2023, 10% 2022, 12.25% 2021, 8% 2019, 8% 2018, 7% 2017, 13% 2016",-,-,31-Mar,28.3,-21.8,,,2011.0,A,Y,Active,0.0,0.0,12183,"[{""year"": 2023, ""percent"": 0.6}, {""year"": 2022, ""percent"": 10.0}, {""year"": 2021, ""percent"": 12.25}, {""year"": 2019, ""percent"": 8.0}, {""year"": 2018, ""percent"": 8.0}, {""year"": 2017, ""percent"": 7.0}, {""year"": 2016, ""percent"": 13.0}]",[],0.6,2023.0,13,0.60 for 2023
dse_ownership,2026-09-08 09:50:40.138780+00:00,23,a4e388692d1a4e3fa50e0610a30f29c3,2a8aa3951c632f3063c9bb45d3f861295e3380052194ee349df6758359f51f2c,200,461,AIBLPBOND,-,-,-,31-Dec,0.0,0.0,,,2021.0,A,Y,,0.0,0.0,26005,[],[],,,11,
dse_ownership,2026-09-08 09:50:41.159119+00:00,24,a4e388692d1a4e3fa50e0610a30f29c3,f9424be7800a9715f1b355003e67e7f8c4bef7a55efe3a993d65b0a0fd5e1c0c,200,796,AIL,"10% 2024, 17% 2023, 12% 2022, 10% 2021, 5% 2020, 3% 2019, 25% 2018, 10% 2017","10% 2024,  7% 2019, 10% 2018, 25% 2017, 31% 2016, 12% 2015",-,30-Jun,600.3,-0.4,https://ail.com.bd/2025/06/18/financial-statement-for-the-period-ended-march-31-2025/,https://ail.com.bd/2025/06/18/price-sensitive-information-psi-q3-period-ended-march-31-2025/,2017.0,Z,Y,Active,0.0,0.0,17436,"[{""year"": 2024, ""percent"": 10.0}, {""year"": 2023, ""percent"": 17.0}, {""year"": 2022, ""percent"": 12.0}, {""year"": 2021, ""percent"": 10.0}, {""year"": 2020, ""percent"": 5.0}, {""year"": 2019, ""percent"": 3.0}, {""year"": 2018, ""percent"": 25.0}, {""year"": 2017, ""percent"": 10.0}]","[{""year"": 2024, ""percent"": 10.0}, {""year"": 2019, ""percent"": 7.0}, {""year"": 2018, ""percent"": 10.0}, {""year"": 2017, ""percent"": 25.0}, {""year"": 2016, ""percent"": 31.0}, {""year"": 2015, ""percent"": 12.0}]",,,15,"10.00, 10%B for 2024"
dse_ownership,2026-09-08 09:50:42.620900+00:00,25,a4e388692d1a4e3fa50e0610a30f29c3,3fbc67d7d7c1bb1a12367cda7ea39b56532c7a89df975ca4b230878443ee45c4,200,1293,AL-HAJTEX,"5% 2024, 3% 2022, 1% 2021, 5% 2017, 5% 2016, 5% 2015","10% 2018, 10% 2017, 10% 2016, 10% 2015, 20% 2014, 25% 2013, 10% 2012, 20% 2011, 10%B 2009, 20% 2008, 20% 2007, 2006, 2005 & 2004,1B:7  2000, 2B:3  96, 1B:2  88, 2B:3  84",n/a,30-Jun,189.9,0.0,https://alhajtextilemills.com/investor/financial-statement,https://alhajtextilemills.com/investor/price-sensitive-news,1983.0,B,Y,Active,18.77,236.29,17401,"[{""year"": 2024, ""percent"": 5.0}, {""year"": 2022, ""percent"": 3.0}, {""year"": 2021, ""percent"": 1.0}, {""year"": 2017, ""percent"": 5.0}, {""year"": 2016, ""percent"": 5.0}, {""year"": 2015, ""percent"": 5.0}]","[{""year"": 2018, ""percent"": 10.0}, {""year"": 2017, ""percent"": 10.0}, {""year"": 2016, ""percent"": 10.0}, {""year"": 2015, ""percent"": 10.0}, {""year"": 2014, ""percent"": 20.0}, {""year"": 2013, ""percent"": 25.0}, {""year"": 2012, ""percent"": 10.0}, {""year"": 2011, ""percent"": 20.0}, {""year"": 2008, ""percent"": 20.0}, {""year"": 2007, ""percent"": 20.0}]",5.0,2024.0,15,5.00 for 2024
dse_ownership,2026-09-08 09:50:45.738651+00:00,26,a4e388692d1a4e3fa50e0610a30f29c3,8fc42b2ac1cdd2a4601e1f81ada987d5322b4dec28394209de58f2090f408118,200,2945,ALARABANK,"10% 2023, 12% 2022, 15% 2021, 15% 2020, 13% 2019, 15% 2018, 15% 2017, 20% 2016, 10% 2015, 14% 2014, 20% 2002, 7.5% 2001, 12% 2000, 12% 1999, 15% 1998","5% 2023, 3% 2022, 2% 2018, 5% 2017, 5% 2015, 13.50% 2013, 17% 2012, 21% 2011, 26% 2010, 30% 2009, 30% 2008, 20% 2007, 35% 2006, 26% 2005, 15.50% 2004, 16% 2003","1R:1 2010, 1R:1 2003",31-Dec,14179.2,0.0,https://www.aibl.com.bd/financial-statement/,https://www.aibl.com.bd/price-sensitive-information/,1998.0,Z,Y,Active,0.0,67869.79,11115,"[{""year"": 2023, ""percent"": 10.0}, {""year"": 2022, ""percent"": 12.0}, {""year"": 2021, ""percent"": 15.0}, {""year"": 2020, ""percent"": 15.0}, {""year"": 2019, ""percent"": 13.0}, {""year"": 2018, ""percent"": 15.0}, {""year"": 2017, ""percent"": 15.0}, {""year"": 2016, ""percent"": 20.0}, {""year"": 2015, ""percent"": 10.0}, {""year"": 2014, ""percent"": 14.0}, {""year"": 2002, ""percent"": 20.0}, {""year"": 2001, ""percent"": 7.5}, {""year"": 2000, ""percent"": 12.0}, {""year"": 1999, ""percent"": 12.0}, {""year"": 1998, ""percent"": 15.0}]","[{""year"": 2023, ""percent"": 5.0}, {""year"": 2022, ""percent"": 3.0}, {""year"": 2018, ""percent"": 2.0}, {""year"": 2017, ""percent"": 5.0}, {""year"": 2015, ""percent"": 5.0}, {""year"": 2013, ""percent"": 13.5}, {""year"": 2012, ""percent"": 17.0}, {""year"": 2011, ""percent"": 21.0}, {""year"": 2010, ""percent"": 26.0}, {""year"": 2009, ""percent"": 30.0}, {""year"": 2008, ""percent"": 30.0}, {""year"": 2007, ""percent"": 20.0}, {""year"": 2006, ""percent"": 35.0}, {""year"": 2005, ""percent"": 26.0}, {""year"": 2004, ""percent"": 15.5}, {""year"": 2003, ""percent"": 16.0}]",,,14,
dse_ownership,2026-09-08 09:50:46.494418+00:00,27,a4e388692d1a4e3fa50e0610a30f29c3,8fff796e4425381f4a484837731a143e08ce7bcba74114caa97c4f55b72de36d,200,496,ALIF,"1% 2024, 1% 2023, 2% 2022, 2% 2021, 2% 2019, 11% 2017","8% 2019, 10% 2018, 13% 2016, 12.50% 2014, 12.50% 2013, 15% 2012, 12.50% 2011, 12.50% 2010, 10% 2009","1R:1 2018, 2R:1 2011",30-Jun,1339.3,0.0,https://amcl.com.bd/2025/06/18/financial-statements-for-the-period-ended-march-31-2025/,https://amcl.com.bd/2025/06/18/price-sensitive-information-psi-period-ended-march-31-2025/,1997.0,Z,Y,Active,0.0,0.0,17444,"[{""year"": 2024, ""percent"": 1.0}, {""year"": 2023, ""percent"": 1.0}, {""year"": 2022, ""percent"": 2.0}, {""year"": 2021, ""percent"": 2.0}, {""year"": 2019, ""percent"": 2.0}, {""year"": 2017, ""percent"": 11.0}]","[{""year"": 2019, ""percent"": 8.0}, {""year"": 2018, ""percent"": 10.0}, {""year"": 2016, ""percent"": 13.0}, {""year"": 2014, ""percent"": 12.5}, {""year"": 2013, ""percent"": 12.5}, {""year"": 2012, ""percent"": 15.0}, {""year"": 2011, ""percent"": 12.5}, {""year"": 2010, ""percent"": 12.5}, {""year"": 2009, ""percent"": 10.0}]",1.0,2024.0,15,1.00 for 2024
dse_ownership,2026-09-08 09:50:47.927382+00:00,28,a4e388692d1a4e3fa50e0610a30f29c3,3498a26057d59d81aa2177fcb7a6f1b92cee3b9289b548e1ca7a1a0b6f8d5ac4,200,1241,ALLTEX,"1% 2022, 4% 2015, 2.50% 2008, 8% 2006, 7.50% 2005, 10% 2004, 5% 2002, 5% 2001, 10% 2000, 10% 1996","6% 2015, 10% 2014, 20% 1997",-,30-Jun,826.4,0.0,http://www.alltexbd.com,http://www.alltexbd.com,1996.0,Z,Y,Active,2872.95,202.3,17440,"[{""year"": 2022, ""percent"": 1.0}, {""year"": 2015, ""percent"": 4.0}, {""year"": 2008, ""percent"": 2.5}, {""year"": 2006, ""percent"": 8.0}, {""year"": 2005, ""percent"": 7.5}, {""year"": 2004, ""percent"": 10.0}, {""year"": 2002, ""percent"": 5.0}, {""year"": 2001, ""percent"": 5.0}, {""year"": 2000, ""percent"": 10.0}, {""year"": 1996, ""percent"": 10.0}]","[{""year"": 2015, ""percent"": 6.0}, {""year"": 2014, ""percent"": 10.0}, {""year"": 1997, ""percent"": 20.0}]",,,14,
dse_ownership,2026-09-08 09:50:48.686384+00:00,29,a4e388692d1a4e3fa50e0610a30f29c3,61ca4a06a1e0409f36dddb9f11e85ebba32ac395ecadb9d2e836798c86996093,200,559,AMANFEED,"11.50% 2025, 10% 2024, 10% 2023, 10% 2022, 15% 2021, 10% 2020, 12.5% 2019, 20% 2018, 20% 2017, 20% 2016, 10% 2015","2.50% 2020, 10% 2018, 10% 2017,10% 2016, 20% 2015",-,30-Jun,1840.9,0.0,http://amanfeed.com/?page_id=222,http://amanfeed.com/?page_id=790,2015.0,A,Y,Active,2627.42,2298.25,99641,"[{""year"": 2025, ""percent"": 11.5}, {""year"": 2024, ""percent"": 10.0}, {""year"": 2023, ""percent"": 10.0}, {""year"": 2022, ""percent"": 10.0}, {""year"": 2021, ""percent"": 15.0}, {""year"": 2020, ""percent"": 10.0}, {""year"": 2019, ""percent"": 12.5}, {""year"": 2018, ""percent"": 20.0}, {""year"": 2017, ""percent"": 20.0}, {""year"": 2016, ""percent"": 20.0}, {""year"": 2015, ""percent"": 10.0}]","[{""year"": 2020, ""percent"": 2.5}, {""year"": 2018, ""percent"": 10.0}, {""year"": 2017, ""percent"": 10.0}, {""year"": 2016, ""percent"": 10.0}, {""year"": 2015, ""percent"": 20.0}]",11.5,2025.0,15,11.50 for 2025
dse_ownership,2026-09-08 09:50:49.445672+00:00,30,a4e388692d1a4e3fa50e0610a30f29c3,74a49e49489b88d988a1f667767e9c37bdfdc2bf1bf10d2b70b76a214f9bf08c,200,476,AMBEEPHA,"10% 2025, 10% 2024, 15% 2023, 10% 2022, 15% 2020, 30% 2019, 30% 2018, 30% 2017, 26% 2016",20% 2013,n/a,30-Jun,8.3,0.0,https://www.ambeepharma.com/financial-info,https://www.ambeepharma.com/financial-info,1986.0,A,Y,Active,0.0,0.0,18451,"[{""year"": 2025, ""percent"": 10.0}, {""year"": 2024, ""percent"": 10.0}, {""year"": 2023, ""percent"": 15.0}, {""year"": 2022, ""percent"": 10.0}, {""year"": 2020, ""percent"": 15.0}, {""year"": 2019, ""percent"": 30.0}, {""year"": 2018, ""percent"": 30.0}, {""year"": 2017, ""percent"": 30.0}, {""year"": 2016, ""percent"": 26.0}]","[{""year"": 2013, ""percent"": 20.0}]",10.0,2025.0,15,10.00 for 2025
dse_ownership,2026-09-08 09:50:52.750202+00:00,31,a4e388692d1a4e3fa50e0610a30f29c3,15d2c0f294924f6a231117e173784c0dab9735a4124afc0aae179de0e374b6e7,200,3115,AMCL(PRAN),"32% 2025, 32% 2023, 32% 2022, 32% 2021, 32% 2020, 32% 2019, 32% 2018, 32% 2017, 32% 2016, 32% 2015",n/a,-,30-Jun,623.1,0.0,https://www.amclpran.com/investor.php,https://www.amclpran.com/investor.php,1996.0,A,Y,Active,888.44,67.57,14277,"[{""year"": 2025, ""percent"": 32.0}, {""year"": 2023, ""percent"": 32.0}, {""year"": 2022, ""percent"": 32.0}, {""year"": 2021, ""percent"": 32.0}, {""year"": 2020, ""percent"": 32.0}, {""year"": 2019, ""percent"": 32.0}, {""year"": 2018, ""percent"": 32.0}, {""year"": 2017, ""percent"": 32.0}, {""year"": 2016, ""percent"": 32.0}, {""year"": 2015, ""percent"": 32.0}]",[],32.0,2025.0,15,32.00 for 2025
dse_ownership,2026-09-08 09:50:54.760652+00:00,34,a4e388692d1a4e3fa50e0610a30f29c3,8103ae724fe49f23a6c33b502538e5310fb3dff7e533a37e74165dabbdc85499,200,1183,ANLIMAYARN,"2% 2021, 2% 2020, 5% 2019, 10% 2018, 10% 2017, 10% 2016, 10% 2015, 10% 2014, 10% 2013, 10% 2012, 10% 2011, 10% 2010, 5% 2009, 5% 2008, 5% 2006, 5% 2005, 5% 2004, 5% 2003, 10% 2002, 12% 2001, 12% 2000, 12% 1999, 10% 1998",-,-,30-Jun,-78.0,0.0,https://anlima.com/financialreport.html,https://anlima.com/corporate-news.html,1997.0,Z,Y,Active,160.5,0.0,17441,"[{""year"": 2021, ""percent"": 2.0}, {""year"": 2020, ""percent"": 2.0}, {""year"": 2019, ""percent"": 5.0}, {""year"": 2018, ""percent"": 10.0}, {""year"": 2017, ""percent"": 10.0}, {""year"": 2016, ""percent"": 10.0}, {""year"": 2015, ""percent"": 10.0}, {""year"": 2014, ""percent"": 10.0}, {""year"": 2013, ""percent"": 10.0}, {""year"": 2012, ""percent"": 10.0}, {""year"": 2011, ""percent"": 10.0}, {""year"": 2010, ""percent"": 10.0}, {""year"": 2009, ""percent"": 5.0}, {""year"": 2008, ""percent"": 5.0}, {""year"": 2006, ""percent"": 5.0}, {""year"": 2005, ""percent"": 5.0}, {""year"": 2004, ""percent"": 5.0}, {""year"": 2003, ""percent"": 5.0}, {""year"": 2002, ""percent"": 10.0}, {""year"": 2001, ""percent"": 12.0}, {""year"": 2000, ""percent"": 12.0}, {""year"": 1999, ""percent"": 12.0}, {""year"": 1998, ""percent"": 10.0}]",[],,,14,
dse_ownership,2026-09-08 09:50:56.160449+00:00,35,a4e388692d1a4e3fa50e0610a30f29c3,680a69934fabe24982d9b108a203a6e4abd5b049c4dac8a6c5860e6b9c9229be,200,1221,ANWARGALV,"10% 2024, 10% 2023, 20% 2022, 20% 2021, 10% 2020, 10% 2019, 10% 2018, 10% 2016, 9% 2015","80% 2022, 10% 2021, 5% 2020, 10% 2017",n/a,30-Jun,-260.2,0.0,https://www.anwargalvanizing.com/Financial-Reports,https://www.anwargalvanizing.com/price-sensitive-information,1996.0,A,Y,Active,113.07,25.03,13221,"[{""year"": 2024, ""percent"": 10.0}, {""year"": 2023, ""percent"": 10.0}, {""year"": 2022, ""percent"": 20.0}, {""year"": 2021, ""percent"": 20.0}, {""year"": 2020, ""percent"": 10.0}, {""year"": 2019, ""percent"": 10.0}, {""year"": 2018, ""percent"": 10.0}, {""year"": 2016, ""percent"": 10.0}, {""year"": 2015, ""percent"": 9.0}]","[{""year"": 2022, ""percent"": 80.0}, {""year"": 2021, ""percent"": 10.0}, {""year"": 2020, ""percent"": 5.0}, {""year"": 2017, ""percent"": 10.0}]",,,14,
dse_ownership,2026-09-08 09:50:56.811644+00:00,36,a4e388692d1a4e3fa50e0610a30f29c3,ff75cca01bdeef6f9fff5f7d3b69e9bbd86eb1e986c5a1d65e0211afe887da06,200,458,AOL,"10% 2022, 5% 2021, 2% 2020","7% 2021, 8% 2020",-,30-Jun,926.2,0.0,,,2020.0,Z,Y,Active,13.5,22.03,15321,"[{""year"": 2022, ""percent"": 10.0}, {""year"": 2021, ""percent"": 5.0}, {""year"": 2020, ""percent"": 2.0}]","[{""year"": 2021, ""percent"": 7.0}, {""year"": 2020, ""percent"": 8.0}]",10.0,2022.0,13,10.00 for 2022
dse_ownership,2026-09-08 09:50:58.083052+00:00,39,a4e388692d1a4e3fa50e0610a30f29c3,2c54dc92e92b30e369c005db7668768a95e0993a8085316be5a03d20988359b7,200,405,APEXFOODS,"20% 2025, 20% 2024, 20% 2023, 20% 2022, 20% 2021, 15% 2020, 20% 2019, 20% 2018, 20% 2017, 20% 2016, 20% 2015","100% 1996, 50% 1994, 100% 1993,  20% 1988, 20% 1984",1:1( Premium Tk 1100) 1996,30-Jun,487.9,-35.2,https://www.apexfoods.com/index.php/investors-info/financial-reports,https://www.apexfoods.com/index.php/investors-info/price-sensitive-info,1981.0,A,Y,Active,0.0,0.0,14254,"[{""year"": 2025, ""percent"": 20.0}, {""year"": 2024, ""percent"": 20.0}, {""year"": 2023, ""percent"": 20.0}, {""year"": 2022, ""percent"": 20.0}, {""year"": 2021, ""percent"": 20.0}, {""year"": 2020, ""percent"": 15.0}, {""year"": 2019, ""percent"": 20.0}, {""year"": 2018, ""percent"": 20.0}, {""year"": 2017, ""percent"": 20.0}, {""year"": 2016, ""percent"": 20.0}, {""year"": 2015, ""percent"": 20.0}]","[{""year"": 1996, ""percent"": 100.0}, {""year"": 1994, ""percent"": 50.0}, {""year"": 1993, ""percent"": 100.0}, {""year"": 1988, ""percent"": 20.0}, {""year"": 1984, ""percent"": 20.0}]",20.0,2025.0,15,20.00 for 2025
dse_ownership,2026-09-08 09:50:59.515884+00:00,40,a4e388692d1a4e3fa50e0610a30f29c3,03586e5ca27e0cf1c34848a139e0f1dd8c1023e19688d8850efb527a48b0a1ac,200,1211,APEXFOOT,"25% 2025, 35% 2024, 35% 2023,35% 2022, 35% 2021, 25% 2020, 55% 2019, 55% 2018, 50% 2017, 50% 2015, 55% 2014, 55% 2013, 50% 2012, 45% 2011, 40% 2010, 35% 2009, 30% 2008, 25% 2007, 25% 2006, 22% 2005, 20% 2004, 14% 2003, 10% 2002, 10% 2001, 12% 2000, 10% 1999, 25% 1997,  25% 1995, 20% 1994, 17% 1993","25% 2025, 10% 2024, 10% 2023, 10% 2022, 5% 2021, 50% 2007",1:2 (At Par) 1994,30-Jun,6639.7,0.0,https://www.apexfootwearltd.com/investor,https://www.apexfootwearltd.com/investor,1993.0,A,Y,Active,15282.97,3947.24,23619,"[{""year"": 2025, ""percent"": 25.0}, {""year"": 2024, ""percent"": 35.0}, {""year"": 2023, ""percent"": 35.0}, {""year"": 2022, ""percent"": 35.0}, {""year"": 2021, ""percent"": 35.0}, {""year"": 2020, ""percent"": 25.0}, {""year"": 2019, ""percent"": 55.0}, {""year"": 2018, ""percent"": 55.0}, {""year"": 2017, ""percent"": 50.0}, {""year"": 2015, ""percent"": 50.0}, {""year"": 2014, ""percent"": 55.0}, {""year"": 2013, ""percent"": 55.0}, {""year"": 2012, ""percent"": 50.0}, {""year"": 2011, ""percent"": 45.0}, {""year"": 2010, ""percent"": 40.0}, {""year"": 2009, ""percent"": 35.0}, {""year"": 2008, ""percent"": 30.0}, {""year"": 2007, ""percent"": 25.0}, {""year"": 2006, ""percent"": 25.0}, {""year"": 2005, ""percent"": 22.0}, {""year"": 2004, ""percent"": 20.0}, {""year"": 2003, ""percent"": 14.0}, {""year"": 2002, ""percent"": 10.0}, {""year"": 2001, ""percent"": 10.0}, {""year"": 2000, ""percent"": 12.0}, {""year"": 1999, ""percent"": 10.0}, {""year"": 1997, ""percent"": 25.0}, {""year"": 1995, ""percent"": 25.0}, {""year"": 1994, ""percent"": 20.0}, {""year"": 1993, ""percent"": 17.0}]","[{""year"": 2025, ""percent"": 25.0}, {""year"": 2024, ""percent"": 10.0}, {""year"": 2023, ""percent"": 10.0}, {""year"": 2022, ""percent"": 10.0}, {""year"": 2021, ""percent"": 5.0}, {""year"": 2007, ""percent"": 50.0}]",,,15,"25.00, 25% B for 2025"
dse_ownership,2026-09-08 09:51:00.354724+00:00,41,a4e388692d1a4e3fa50e0610a30f29c3,4c96565c9fdd7ba8a7a52a642073fc22489bcb6d5233284ce30840db3f050e50,200,521,APEXSPINN,"20% 2025, 20% 2024, 20% 2023, 20% 2022, 20% 2021, 15% 2020, 20% 2019, 20% 2018, 20% 2017, 22% 2016, 20% 2015",n/a,n/a,30-Jun,609.6,-10.5,https://www.apexknitting.com/financial_reports,https://www.apexknitting.com/price_sensitive_info,1994.0,A,Y,Active,19.92,0.0,17421,"[{""year"": 2025, ""percent"": 20.0}, {""year"": 2024, ""percent"": 20.0}, {""year"": 2023, ""percent"": 20.0}, {""year"": 2022, ""percent"": 20.0}, {""year"": 2021, ""percent"": 20.0}, {""year"": 2020, ""percent"": 15.0}, {""year"": 2019, ""percent"": 20.0}, {""year"": 2018, ""percent"": 20.0}, {""year"": 2017, ""percent"": 20.0}, {""year"": 2016, ""percent"": 22.0}, {""year"": 2015, ""percent"": 20.0}]",[],20.0,2025.0,15,20.00 for 2025
dse_ownership,2026-09-08 09:51:02.707468+00:00,42,a4e388692d1a4e3fa50e0610a30f29c3,9f6f2ce57889119a8cd362d3d7e05c462d725c8591ade2b93b6b9386abd1978b,200,2173,APEXTANRY,"5% 2024, 5% 2023, 10% 2022, 10% 2021, 12% 2020, 35% 2019, 40% 2018, 40% 2017, 40% 2016, 45% 2015,  45% 2014,  40% 2013, 35% 2012,  30% 2011, 25% 2010, 21% 2009, 17% 2008, 17% 2007, 15% 2006, 13% 2005, 12% 2004, 12% 2003, 15% 2002, 12% 2001, 12% 2000, 25% 1998, 25% 1997, 30% 1996, 30% 1995, 25% 1994, 25% 1993, 25% 1992, 25% 1991, 20% 1990, 17% 1989,17% 1988, 20% 1987, 20% 1986",n/a,1:1/96,30-Jun,-117.6,0.0,https://apextannery.com/qreport.html,https://apextannery.com/pricesen.html,1985.0,B,Y,Active,477.22,0.0,23601,"[{""year"": 2024, ""percent"": 5.0}, {""year"": 2023, ""percent"": 5.0}, {""year"": 2022, ""percent"": 10.0}, {""year"": 2021, ""percent"": 10.0}, {""year"": 2020, ""percent"": 12.0}, {""year"": 2019, ""percent"": 35.0}, {""year"": 2018, ""percent"": 40.0}, {""year"": 2017, ""percent"": 40.0}, {""year"": 2016, ""percent"": 40.0}, {""year"": 2015, ""percent"": 45.0}, {""year"": 2014, ""percent"": 45.0}, {""year"": 2013, ""percent"": 40.0}, {""year"": 2012, ""percent"": 35.0}, {""year"": 2011, ""percent"": 30.0}, {""year"": 2010, ""percent"": 25.0}, {""year"": 2009, ""percent"": 21.0}, {""year"": 2008, ""percent"": 17.0}, {""year"": 2007, ""percent"": 17.0}, {""year"": 2006, ""percent"": 15.0}, {""year"": 2005, ""percent"": 13.0}, {""year"": 2004, ""percent"": 12.0}, {""year"": 2003, ""percent"": 12.0}, {""year"": 2002, ""percent"": 15.0}, {""year"": 2001, ""percent"": 12.0}, {""year"": 2000, ""percent"": 12.0}, {""year"": 1998, ""percent"": 25.0}, {""year"": 1997, ""percent"": 25.0}, {""year"": 1996, ""percent"": 30.0}, {""year"": 1995, ""percent"": 30.0}, {""year"": 1994, ""percent"": 25.0}, {""year"": 1993, ""percent"": 25.0}, {""year"": 1992, ""percent"": 25.0}, {""year"": 1991, ""percent"": 25.0}, {""year"": 1990, ""percent"": 20.0}, {""year"": 1989, ""percent"": 17.0}, {""year"": 1988, ""percent"": 17.0}, {""year"": 1987, ""percent"": 20.0}, {""year"": 1986, ""percent"": 20.0}]",[],,,14,
dse_ownership,2026-09-08 09:51:05.673179+00:00,45,a4e388692d1a4e3fa50e0610a30f29c3,7e13663d26dfaa72beb2dbee942b15ba588f67a293a857dd91d7b2d0670fec80,200,2091,APOLOISPAT,"5% 2016, 3% 2015","3% 2018,10% 2017, 10% 2016, 12% 2015, 15% 2014",-,30-Jun,-4932.7,0.0,,,2013.0,Z,Y,Closed,1040.15,5712.38,13233,"[{""year"": 2016, ""percent"": 5.0}, {""year"": 2015, ""percent"": 3.0}]","[{""year"": 2018, ""percent"": 3.0}, {""year"": 2017, ""percent"": 10.0}, {""year"": 2016, ""percent"": 10.0}, {""year"": 2015, ""percent"": 12.0}, {""year"": 2014, ""percent"": 15.0}]",,,12,
dse_ownership,2026-09-08 09:51:06.472009+00:00,46,a4e388692d1a4e3fa50e0610a30f29c3,fb244025ffccc83ec02322920dd1ccbc917e24ee0151212455fc03b5d7c12e15,200,636,APSCLBOND,-,-,-,30-Jun,0.0,0.0,https://apscl.gov.bd/site/view/reports/%E0%A6%86%E0%A6%B0%E0%A7%8D%E0%A6%A5%E0%A6%BF%E0%A6%95-%E0%A6%B9%E0%A6%BF%E0%A6%B8%E0%A6%BE%E0%A6%AC/-,https://apscl.gov.bd/site/page/1b79c2d9-5121-4db5-a929-4ad1b2a79b04/-,2020.0,A,Y,,0.0,0.0,26004,[],[],,,13,
dse_ownership,2026-09-08 09:51:08.540281+00:00,47,a4e388692d1a4e3fa50e0610a30f29c3,6d1ba742c0738b2a71b7710fce0fb34230e27ce1577c70cb4a6ea19329ef3f90,200,1910,ARAMIT,"20% 2024, 25% 2023, 50% 2022, 50% 2021, 50% 2020, 50% 2019, 50% 2018, 45% 2017, 70% 2016","50% 2009, 100% 1984",n/a,30-Jun,794.8,-38.3,https://www.aramitlimited.com/financial_discloser.php,https://www.aramitlimited.com/price-sensitive-report.php,1984.0,A,Y,Active,0.0,0.0,99602,"[{""year"": 2024, ""percent"": 20.0}, {""year"": 2023, ""percent"": 25.0}, {""year"": 2022, ""percent"": 50.0}, {""year"": 2021, ""percent"": 50.0}, {""year"": 2020, ""percent"": 50.0}, {""year"": 2019, ""percent"": 50.0}, {""year"": 2018, ""percent"": 50.0}, {""year"": 2017, ""percent"": 45.0}, {""year"": 2016, ""percent"": 70.0}]","[{""year"": 2009, ""percent"": 50.0}, {""year"": 1984, ""percent"": 100.0}]",20.0,2024.0,15,20.00 for 2024
dse_ownership,2026-09-08 09:51:09.259208+00:00,48,a4e388692d1a4e3fa50e0610a30f29c3,75cb07273db548c831e0195f0c291c82a2eb55edbcef913d61e5487aca92c6b8,200,481,ARAMITCEM,"5% 2022, 12% 2016, 10% 2014, 10% 2013, 10% 2012, 12% 2009, 7.50% 2007, 5% 2002, 12% 2001, 15% 2000","10% 2011, 10% 2010",1R:1 2014,30-Jun,-1063.8,0.0,http://aramitcement.com/financial_discloser.php,http://aramitcement.com/price-sensitive-report.php,1998.0,Z,Y,Operation Shutdown,1548.91,5087.82,21633,"[{""year"": 2022, ""percent"": 5.0}, {""year"": 2016, ""percent"": 12.0}, {""year"": 2014, ""percent"": 10.0}, {""year"": 2013, ""percent"": 10.0}, {""year"": 2012, ""percent"": 10.0}, {""year"": 2009, ""percent"": 12.0}, {""year"": 2007, ""percent"": 7.5}, {""year"": 2002, ""percent"": 5.0}, {""year"": 2001, ""percent"": 12.0}, {""year"": 2000, ""percent"": 15.0}]","[{""year"": 2011, ""percent"": 10.0}, {""year"": 2010, ""percent"": 10.0}]",,,14,
dse_ownership,2026-09-08 09:51:09.798395+00:00,49,a4e388692d1a4e3fa50e0610a30f29c3,285fd79e28b8c5af1c9ca330990427affc5b23038f41b42995eeab143504f692,200,371,ARGONDENIM,"10% 2025, 10% 2024, 10% 2023, 10% 2022, 10% 2021, 5% 2020, 10% 2019, 10% 2018, 12.5% 2017, 10% 2016, 6% 2013,","5% 2021, 5% 2020, 5% 2019, 5% 2018, 5% 2017, 15% 2016, 20% 2014, 15% 2013, 20% 2012",-,30-Jun,1292.8,0.0,https://argondenims.com/new/ipo,https://argondenims.com/new/ipo,2013.0,A,Y,Active,2812.26,120.07,17456,"[{""year"": 2025, ""percent"": 10.0}, {""year"": 2024, ""percent"": 10.0}, {""year"": 2023, ""percent"": 10.0}, {""year"": 2022, ""percent"": 10.0}, {""year"": 2021, ""percent"": 10.0}, {""year"": 2020, ""percent"": 5.0}, {""year"": 2019, ""percent"": 10.0}, {""year"": 2018, ""percent"": 10.0}, {""year"": 2017, ""percent"": 12.5}, {""year"": 2016, ""percent"": 10.0}, {""year"": 2013, ""percent"": 6.0}]","[{""year"": 2021, ""percent"": 5.0}, {""year"": 2020, ""percent"": 5.0}, {""year"": 2019, ""percent"": 5.0}, {""year"": 2018, ""percent"": 5.0}, {""year"": 2017, ""percent"": 5.0}, {""year"": 2016, ""percent"": 15.0}, {""year"": 2014, ""percent"": 20.0}, {""year"": 2013, ""percent"": 15.0}, {""year"": 2012, ""percent"": 20.0}]",10.0,2025.0,15,10.00 for 2025
dse_ownership,2026-09-08 09:51:10.335837+00:00,50,a4e388692d1a4e3fa50e0610a30f29c3,9a641e9dda14290b3ffb82b7ea1b7107310de58437c1a411295ec65d1acb8b53,200,361,ASIAINS,"10% 2025, 10% 2024, 11% 2023, 11% 2022, 15% 2021, 12% 2020, 10% 2019, 10% 2018, 10% 2017, 10% 2016, 10% 2015, 10% 2014","5% 2013, 5% 2012, 15% 2011, 25% 2010, 10% 2009",1R:1 2011,31-Dec,514.2,0.0,https://asiainsurancebd.com/financial-statement-audited/,https://asiainsurancebd.com/wp-content/uploads/PSI_Dividend.pdf,2009.0,A,Y,Active,0.0,0.0,25740,"[{""year"": 2025, ""percent"": 10.0}, {""year"": 2024, ""percent"": 10.0}, {""year"": 2023, ""percent"": 11.0}, {""year"": 2022, ""percent"": 11.0}, {""year"": 2021, ""percent"": 15.0}, {""year"": 2020, ""percent"": 12.0}, {""year"": 2019, ""percent"": 10.0}, {""year"": 2018, ""percent"": 10.0}, {""year"": 2017, ""percent"": 10.0}, {""year"": 2016, ""percent"": 10.0}, {""year"": 2015, ""percent"": 10.0}, {""year"": 2014, ""percent"": 10.0}]","[{""year"": 2013, ""percent"": 5.0}, {""year"": 2012, ""percent"": 5.0}, {""year"": 2011, ""percent"": 15.0}, {""year"": 2010, ""percent"": 25.0}, {""year"": 2009, ""percent"": 10.0}]",10.0,2025.0,15,10.00 for 2025
dse_ownership,2026-09-08 09:51:11.096159+00:00,51,a4e388692d1a4e3fa50e0610a30f29c3,10fdb0ea86471f1f27ceb9fa17803a2f94b32fe704ea392eb670a58c23470cae,200,523,ASIAPACINS,"14% 2025, 10% 2024, 12% 2023, 15% 2022, 18% 2021, 10% 2020, 10% 2019, 10% 2018, 15% 2017, 10% 2016, 10% 2015, 10% 2014, 12% 2013, 12% 2012, 10% 2011, 10% 2010, 10% 2007, 10% 2006","10% 2009, 10% 2008",1R:1 2010,31-Dec,545.1,0.0,https://www.apgicl.com/page/financial-report,https://www.apgicl.com/page/price-sensitive-information,2006.0,A,Y,Active,0.0,0.0,25729,"[{""year"": 2025, ""percent"": 14.0}, {""year"": 2024, ""percent"": 10.0}, {""year"": 2023, ""percent"": 12.0}, {""year"": 2022, ""percent"": 15.0}, {""year"": 2021, ""percent"": 18.0}, {""year"": 2020, ""percent"": 10.0}, {""year"": 2019, ""percent"": 10.0}, {""year"": 2018, ""percent"": 10.0}, {""year"": 2017, ""percent"": 15.0}, {""year"": 2016, ""percent"": 10.0}, {""year"": 2015, ""percent"": 10.0}, {""year"": 2014, ""percent"": 10.0}, {""year"": 2013, ""percent"": 12.0}, {""year"": 2012, ""percent"": 12.0}, {""year"": 2011, ""percent"": 10.0}, {""year"": 2010, ""percent"": 10.0}, {""year"": 2007, ""percent"": 10.0}, {""year"": 2006, ""percent"": 10.0}]","[{""year"": 2009, ""percent"": 10.0}, {""year"": 2008, ""percent"": 10.0}]",14.0,2025.0,15,14.00 for 2025
dse_ownership,2026-09-08 09:51:11.910593+00:00,52,a4e388692d1a4e3fa50e0610a30f29c3,62c919ec69241d9f9c1210d426057a0022bd903e544e98fbc70c20242d426854,200,642,ASIATICLAB,"10% 2025, 10% 2024",-,-,30-Jun,4816.2,0.9,,,2024.0,A,Y,Active,324.43,1040.86,18498,"[{""year"": 2025, ""percent"": 10.0}, {""year"": 2024, ""percent"": 10.0}]",[],10.0,2025.0,13,10.00 for 2025
dse_ownership,2026-09-08 09:51:13.208812+00:00,55,a4e388692d1a4e3fa50e0610a30f29c3,80a1ee2fc43aac2a0d5f9f277903804fd08b999a8d1433414990d7c6b33f6f83,200,500,ATLASBANG,"5% 2020, 5% 2019, 2% 2017, 10% 2016, 10% 2015","10% 2018, 10% 2017, 5% 2016, 10% 2015, 1B:3 2011, 1B:3 2010, 1B:3 2009, 1B:4 2007, 1B:3 2006,1B:2 2005,1B:3 2004 & 2003, 1B:2 2002, 1B:4 96, 1B:5 92",n/a,30-Jun,3521.4,0.0,,,1988.0,Z,Y,Active,0.0,2.18,13212,"[{""year"": 2020, ""percent"": 5.0}, {""year"": 2019, ""percent"": 5.0}, {""year"": 2017, ""percent"": 2.0}, {""year"": 2016, ""percent"": 10.0}, {""year"": 2015, ""percent"": 10.0}]","[{""year"": 2018, ""percent"": 10.0}, {""year"": 2017, ""percent"": 10.0}, {""year"": 2016, ""percent"": 5.0}, {""year"": 2015, ""percent"": 10.0}]",,,12,
dse_ownership,2026-09-08 09:51:13.794952+00:00,56,a4e388692d1a4e3fa50e0610a30f29c3,52d6815e45b802330b89e90bf3547eee626bb1aee1a41402895bfd21604cca64,200,418,AZIZPIPES,"1% 2020, 7% 2019","5% 2018, 5% 2017, 50%  1996, 100%  1995",1R:1 (At Premium Tk. 550) 1996,30-Jun,-413.5,0.0,https://azizpipes.com/financial/Third_Quarter_Financial_Statement_2024-2025.pdf,https://azizpipes.com/financial/Price-Sensitive-Disclosure-04-may-2025.pdf,1986.0,Z,Y,Operation Shutdown,77.22,90.45,13202,"[{""year"": 2020, ""percent"": 1.0}, {""year"": 2019, ""percent"": 7.0}]","[{""year"": 2018, ""percent"": 5.0}, {""year"": 2017, ""percent"": 5.0}, {""year"": 1996, ""percent"": 50.0}, {""year"": 1995, ""percent"": 100.0}]",,,14,
dse_ownership,2026-09-08 09:51:14.415053+00:00,57,a4e388692d1a4e3fa50e0610a30f29c3,232dd93f89b34779562e165a7c003e1974d70b8285145a7598b90beba9399ae9,200,456,BANGAS,"3% 2025, 4% 2024, 3% 2023, 3% 2022, 4% 2021, 5% 2020, 5% 2019","5% 2019, 15% 2018, 15% 2015, 50% 2014, 70% 2013, 45% 2012, 32% 2011, 25% 2010, 50% 1997",n/a,30-Jun,84.1,0.0,,,1984.0,B,Y,Active,24.98,0.0,14257,"[{""year"": 2025, ""percent"": 3.0}, {""year"": 2024, ""percent"": 4.0}, {""year"": 2023, ""percent"": 3.0}, {""year"": 2022, ""percent"": 3.0}, {""year"": 2021, ""percent"": 4.0}, {""year"": 2020, ""percent"": 5.0}, {""year"": 2019, ""percent"": 5.0}]","[{""year"": 2019, ""percent"": 5.0}, {""year"": 2018, ""percent"": 15.0}, {""year"": 2015, ""percent"": 15.0}, {""year"": 2014, ""percent"": 50.0}, {""year"": 2013, ""percent"": 70.0}, {""year"": 2012, ""percent"": 45.0}, {""year"": 2011, ""percent"": 32.0}, {""year"": 2010, ""percent"": 25.0}, {""year"": 1997, ""percent"": 50.0}]",3.0,2025.0,13,3.00 for 2025
dse_ownership,2026-09-08 09:51:15.676181+00:00,60,a4e388692d1a4e3fa50e0610a30f29c3,0053e01c7d594c7c9695f168360b06e5fe84fdc0ab854641db2506b80854269f,200,453,BANKASI1PB,-,-,-,31-Dec,0.0,0.0,,,,N,Y,,0.0,0.0,26016,[],[],,,11,
dse_ownership,2026-09-08 09:51:19.358195+00:00,61,a4e388692d1a4e3fa50e0610a30f29c3,17a3f69853d20127c9a0c541e8a753b3b6e582dd2faf006bdd6c11697ba5dc1f,200,3510,BANKASIA,"8.50% 2025, 10% 2024, 15% 2023, 15% 2022, 15% 2021, 10% 2020,10% 2019, 5% 2018, 15% 2015","8.50% 2025, 10% 2024, 5% 2018, 12.5% 2017, 12% 2016, 5% 2015, 10% 2014, 10% 2013, 10% 2012, 20% 2011, 40% 2010, 40% 2009, 23% 2008, 25% 2007, 25% 2006, 20% 2005, 25% 2004 , 24%  2003",1R:4 2011,31-Dec,21254.5,0.0,https://www.bankasia-bd.com/other/investor_relation,https://www.bankasia-bd.com/other/psi,2004.0,A,Y,Active,0.0,27363.24,11127,"[{""year"": 2025, ""percent"": 8.5}, {""year"": 2024, ""percent"": 10.0}, {""year"": 2023, ""percent"": 15.0}, {""year"": 2022, ""percent"": 15.0}, {""year"": 2021, ""percent"": 15.0}, {""year"": 2020, ""percent"": 10.0}, {""year"": 2019, ""percent"": 10.0}, {""year"": 2018, ""percent"": 5.0}, {""year"": 2015, ""percent"": 15.0}]","[{""year"": 2025, ""percent"": 8.5}, {""year"": 2024, ""percent"": 10.0}, {""year"": 2018, ""percent"": 5.0}, {""year"": 2017, ""percent"": 12.5}, {""year"": 2016, ""percent"": 12.0}, {""year"": 2015, ""percent"": 5.0}, {""year"": 2014, ""percent"": 10.0}, {""year"": 2013, ""percent"": 10.0}, {""year"": 2012, ""percent"": 10.0}, {""year"": 2011, ""percent"": 20.0}, {""year"": 2010, ""percent"": 40.0}, {""year"": 2009, ""percent"": 40.0}, {""year"": 2008, ""percent"": 23.0}, {""year"": 2007, ""percent"": 25.0}, {""year"": 2006, ""percent"": 25.0}, {""year"": 2005, ""percent"": 20.0}, {""year"": 2004, ""percent"": 25.0}, {""year"": 2003, ""percent"": 24.0}]",,,15,"8.50, 8.50%B for 2025"
dse_ownership,2026-09-08 09:51:20.123352+00:00,62,a4e388692d1a4e3fa50e0610a30f29c3,700d0c0eccb456dbf8ff1f4d02ee66875d66a90e4ab07a37029d76cd2f8869b0,200,503,BARKAPOWER,"3.50% 2024, 5% 2023, 10% 2022 10% 2021, 8% 2020, 10% 2019, 5% 2017, 15% 2016, 8% 2015","7% 2020, 10% 2018, 15% 2017, 5% 2016, 8% 2015, 17% 2014, 5% 2013, 21%B 2012, 20% 2011",-,30-Jun,2069.9,-67.0,http://www.barakapower.com/investor-relation/,http://www.barakapower.com/investor-relation/,2011.0,Z,Y,Operation Shutdown,29.91,142.72,15313,"[{""year"": 2024, ""percent"": 3.5}, {""year"": 2023, ""percent"": 5.0}, {""year"": 2022, ""percent"": 10.0}, {""year"": 2021, ""percent"": 10.0}, {""year"": 2020, ""percent"": 8.0}, {""year"": 2019, ""percent"": 10.0}, {""year"": 2017, ""percent"": 5.0}, {""year"": 2016, ""percent"": 15.0}, {""year"": 2015, ""percent"": 8.0}]","[{""year"": 2020, ""percent"": 7.0}, {""year"": 2018, ""percent"": 10.0}, {""year"": 2017, ""percent"": 15.0}, {""year"": 2016, ""percent"": 5.0}, {""year"": 2015, ""percent"": 8.0}, {""year"": 2014, ""percent"": 17.0}, {""year"": 2013, ""percent"": 5.0}, {""year"": 2011, ""percent"": 20.0}]",,,14,
dse_ownership,2026-09-08 09:51:20.780669+00:00,63,a4e388692d1a4e3fa50e0610a30f29c3,4e215fe7b90b74bc1b1d1bc3df51f9926fd545f03d8e5431ad835476b51e7a1c,200,505,BATASHOE,"248% 2025, 445% 2024, 435% 2023, 365% 2022, 100% 2021, 25% 2020, 125% 2019, 345% 2018, 335% 2017, 330% 2016, 320% 2015, 280% 2014, 300% 2013, 275% 2012, 250% 2011, 250% 2010, 220% 2009, 220% 2008, 250% 2007, 235% 2006, 120% 2005, 125% 2004, 105% 2003, 150% 2002, 100% 2001, 160% 2000,","1B:5 96, 1B:5 87",n/a,31-Dec,2548.2,-103.3,http://www.batabd.com/investors,http://www.batabd.com/investors,1985.0,A,Y,Active,0.0,0.0,23603,"[{""year"": 2025, ""percent"": 248.0}, {""year"": 2024, ""percent"": 445.0}, {""year"": 2023, ""percent"": 435.0}, {""year"": 2022, ""percent"": 365.0}, {""year"": 2021, ""percent"": 100.0}, {""year"": 2020, ""percent"": 25.0}, {""year"": 2019, ""percent"": 125.0}, {""year"": 2018, ""percent"": 345.0}, {""year"": 2017, ""percent"": 335.0}, {""year"": 2016, ""percent"": 330.0}, {""year"": 2015, ""percent"": 320.0}, {""year"": 2014, ""percent"": 280.0}, {""year"": 2013, ""percent"": 300.0}, {""year"": 2012, ""percent"": 275.0}, {""year"": 2011, ""percent"": 250.0}, {""year"": 2010, ""percent"": 250.0}, {""year"": 2009, ""percent"": 220.0}, {""year"": 2008, ""percent"": 220.0}, {""year"": 2007, ""percent"": 250.0}, {""year"": 2006, ""percent"": 235.0}, {""year"": 2005, ""percent"": 120.0}, {""year"": 2004, ""percent"": 125.0}, {""year"": 2003, ""percent"": 105.0}, {""year"": 2002, ""percent"": 150.0}, {""year"": 2001, ""percent"": 100.0}, {""year"": 2000, ""percent"": 160.0}]",[],248.0,2025.0,15,248.00 for 2025
dse_ownership,2026-09-08 09:51:23.063301+00:00,64,a4e388692d1a4e3fa50e0610a30f29c3,1a7eeadff9df127a63c8264823e9033d7208bf9811934fc3cf21cb8f09b8cab1,200,2105,BATBC,"30% 2025, 300% 2024, 100% 2023, 200% 2022, 275% 2021, 600% 2020, 400% 2019, 500% 2018, 600% 2017, 600% 2016, 550% 2015","200% 2020, 200% 2018, 1B:3 1993,  1B:2 1987,  1B:4 1985",n/a,31-Dec,50057.4,-109.0,https://www.batbangladesh.com/investors-and-reporting/financial-statements,https://www.batbangladesh.com/investors-and-reporting/price-sensitive-information,1977.0,A,Y,Active,0.0,0.0,14259,"[{""year"": 2025, ""percent"": 30.0}, {""year"": 2024, ""percent"": 300.0}, {""year"": 2023, ""percent"": 100.0}, {""year"": 2022, ""percent"": 200.0}, {""year"": 2021, ""percent"": 275.0}, {""year"": 2020, ""percent"": 600.0}, {""year"": 2019, ""percent"": 400.0}, {""year"": 2018, ""percent"": 500.0}, {""year"": 2017, ""percent"": 600.0}, {""year"": 2016, ""percent"": 600.0}, {""year"": 2015, ""percent"": 550.0}]","[{""year"": 2020, ""percent"": 200.0}, {""year"": 2018, ""percent"": 200.0}]",30.0,2025.0,15,30.00 for 2025
dse_ownership,2026-09-08 09:51:23.866310+00:00,65,a4e388692d1a4e3fa50e0610a30f29c3,0e6bf9a2a26100d2ed148969d141bf99687fce3306091d38e6b4d132dce22b42,200,534,BAYLEASING,"10% 2020, 7.5% 2019, 10% 2018,10% 2017, 15% 2016, 15% 2015","2.5% 2019, 5% 2017, 15% 2013, 20% 2011, 55% 2010, 50% 2009",1R:1 2010,31-Dec,-5080.1,0.0,https://blilbd.com/page/yearly_audited_accounts,https://blilbd.com/page/price_sensitive_information,2009.0,Z,Y,Active,0.0,4515.17,11148,"[{""year"": 2020, ""percent"": 10.0}, {""year"": 2019, ""percent"": 7.5}, {""year"": 2018, ""percent"": 10.0}, {""year"": 2017, ""percent"": 10.0}, {""year"": 2016, ""percent"": 15.0}, {""year"": 2015, ""percent"": 15.0}]","[{""year"": 2019, ""percent"": 2.5}, {""year"": 2017, ""percent"": 5.0}, {""year"": 2013, ""percent"": 15.0}, {""year"": 2011, ""percent"": 20.0}, {""year"": 2010, ""percent"": 55.0}, {""year"": 2009, ""percent"": 50.0}]",,,14,
dse_ownership,2026-09-08 09:51:26.002313+00:00,66,a4e388692d1a4e3fa50e0610a30f29c3,f07e0f02ce9d9d03057086c792b27553cf183183a754231e45c5f86e507ac25e,200,1971,BBS,"0.50% 2024, 3.50% 2022, 2% 2021,5% 2020, 5% 2017, 5% 2016","5% 2020, 10% 2019, 10% 2018, 10% 2017, 10% 2016, 20% 2015, 20% 2014, 15% 2013",-,30-Jun,120.5,0.0,https://www.bbspeb.com/investor/investor-index.html,https://www.bbspeb.com/investor/investor-index.html,2013.0,B,Y,Active,568.5,566.09,13232,"[{""year"": 2024, ""percent"": 0.5}, {""year"": 2022, ""percent"": 3.5}, {""year"": 2021, ""percent"": 2.0}, {""year"": 2020, ""percent"": 5.0}, {""year"": 2017, ""percent"": 5.0}, {""year"": 2016, ""percent"": 5.0}]","[{""year"": 2020, ""percent"": 5.0}, {""year"": 2019, ""percent"": 10.0}, {""year"": 2018, ""percent"": 10.0}, {""year"": 2017, ""percent"": 10.0}, {""year"": 2016, ""percent"": 10.0}, {""year"": 2015, ""percent"": 20.0}, {""year"": 2014, ""percent"": 20.0}, {""year"": 2013, ""percent"": 15.0}]",,,14,
dse_ownership,2026-09-08 09:51:26.598322+00:00,67,a4e388692d1a4e3fa50e0610a30f29c3,49a3c616978f5735ffc0274b8731b9347f51646c97ce992a617bd3e0fd07265d,200,432,BBSCABLES,"1% 2024, 2% 2023, 8% 2022, 10% 2021, 10% 2020, 10% 2019, 10% 2018, 5% 2017","5% 2022, 5% 2021, 10% 2020, 10% 2019, 15% 2018, 15% 2017",-,30-Jun,3813.9,0.0,https://www.bbscables.com.bd/bbs-cable-investor-information,https://www.bbscables.com.bd/bbs-cable-investor-information,2017.0,B,Y,Active,2688.15,421.15,13242,"[{""year"": 2024, ""percent"": 1.0}, {""year"": 2023, ""percent"": 2.0}, {""year"": 2022, ""percent"": 8.0}, {""year"": 2021, ""percent"": 10.0}, {""year"": 2020, ""percent"": 10.0}, {""year"": 2019, ""percent"": 10.0}, {""year"": 2018, ""percent"": 10.0}, {""year"": 2017, ""percent"": 5.0}]","[{""year"": 2022, ""percent"": 5.0}, {""year"": 2021, ""percent"": 5.0}, {""year"": 2020, ""percent"": 10.0}, {""year"": 2019, ""percent"": 10.0}, {""year"": 2018, ""percent"": 15.0}, {""year"": 2017, ""percent"": 15.0}]",,,14,
dse_ownership,2026-09-08 09:51:28.793082+00:00,68,a4e388692d1a4e3fa50e0610a30f29c3,8de0cfe2d5a51f10fc0ff9e809757b9d7e21d77d9821c69f2b299dd359a3b101,200,1933,BDAUTOCA,"2% 2025, 2% 2024, 2% 2023, 4% 2022, 4% 2021, 3% 2020, 10% 2019, 3% 2018","12% 2018, 3% 2017, 3% 2016, 2% 2012, 5% 2011, 5% 2010",n/a,30-Jun,-11.0,0.0,https://bdautocars.com/?page_id=270,https://bdautocars.com/wp-content/images/price_sensitive/Price_Sensitive.pdf,1988.0,B,Y,Active,0.0,0.7,13213,"[{""year"": 2025, ""percent"": 2.0}, {""year"": 2024, ""percent"": 2.0}, {""year"": 2023, ""percent"": 2.0}, {""year"": 2022, ""percent"": 4.0}, {""year"": 2021, ""percent"": 4.0}, {""year"": 2020, ""percent"": 3.0}, {""year"": 2019, ""percent"": 10.0}, {""year"": 2018, ""percent"": 3.0}]","[{""year"": 2018, ""percent"": 12.0}, {""year"": 2017, ""percent"": 3.0}, {""year"": 2016, ""percent"": 3.0}, {""year"": 2012, ""percent"": 2.0}, {""year"": 2011, ""percent"": 5.0}, {""year"": 2010, ""percent"": 5.0}]",2.0,2025.0,15,2.00 for 2025
dse_ownership,2026-09-08 09:51:29.333490+00:00,69,a4e388692d1a4e3fa50e0610a30f29c3,c789f83ebdce6c6e03a50b54b669e2257e71b60f77ed77c4552938da0337bfa5,200,381,BDCOM,"5% 2025, 5% 2024, 10% 2023, 10% 2022, 5% 2021, 5% 2020, 6% 2019, 7% 2018, 5% 2017, 5% 2016, 7% 2015, 12% 2011, 10% 2009, 10% 2005, 10% 2004, 10% 2003","5% 2025, 5% 2024, 5% 2021, 5% 2020, 6% 2019, 5% 2018, 5% 2017, 7% 2016, 8% 2015, 15% 2014, 10% 2013, 10% 2012, 5% 2011, 13% 2010, 10% 2008, 12% 2007",n/a,30-Jun,240.7,0.0,https://www.bdcom.com/i-financial-statements.html,https://www.bdcom.com/i-price-sensitive-information.html,2002.0,A,Y,Active,92.48,14.05,22643,"[{""year"": 2025, ""percent"": 5.0}, {""year"": 2024, ""percent"": 5.0}, {""year"": 2023, ""percent"": 10.0}, {""year"": 2022, ""percent"": 10.0}, {""year"": 2021, ""percent"": 5.0}, {""year"": 2020, ""percent"": 5.0}, {""year"": 2019, ""percent"": 6.0}, {""year"": 2018, ""percent"": 7.0}, {""year"": 2017, ""percent"": 5.0}, {""year"": 2016, ""percent"": 5.0}, {""year"": 2015, ""percent"": 7.0}, {""year"": 2011, ""percent"": 12.0}, {""year"": 2009, ""percent"": 10.0}, {""year"": 2005, ""percent"": 10.0}, {""year"": 2004, ""percent"": 10.0}, {""year"": 2003, ""percent"": 10.0}]","[{""year"": 2025, ""percent"": 5.0}, {""year"": 2024, ""percent"": 5.0}, {""year"": 2021, ""percent"": 5.0}, {""year"": 2020, ""percent"": 5.0}, {""year"": 2019, ""percent"": 6.0}, {""year"": 2018, ""percent"": 5.0}, {""year"": 2017, ""percent"": 5.0}, {""year"": 2016, ""percent"": 7.0}, {""year"": 2015, ""percent"": 8.0}, {""year"": 2014, ""percent"": 15.0}, {""year"": 2013, ""percent"": 10.0}, {""year"": 2012, ""percent"": 10.0}, {""year"": 2011, ""percent"": 5.0}, {""year"": 2010, ""percent"": 13.0}, {""year"": 2008, ""percent"": 10.0}, {""year"": 2007, ""percent"": 12.0}]",,,15,"5.00, 5%B for 2025"
dse_ownership,2026-09-08 09:51:31.549037+00:00,70,a4e388692d1a4e3fa50e0610a30f29c3,8f386d840eee87341340020eec808ddc163b0776f81db6665169494c4c90abe1,200,2057,BDFINANCE,"10% 2022, 6% 2021, 6% 2020,10% 2019.","6% 2021, 6% 2020, 10% 2018, 10% 2017, 10% 2016, 10% 2015, 10% 2013, 10% 2012, 10% 2011, 22% 2010, 20% 2009, 10% 2008, 10% 2007",3R:5 2013,31-Dec,-7353.9,0.0,https://www.bd.finance/financial-annual-reports,https://www.bd.finance/mi-psi-and-notices,2007.0,Z,Y,Active,0.0,4136.38,11142,"[{""year"": 2022, ""percent"": 10.0}, {""year"": 2021, ""percent"": 6.0}, {""year"": 2020, ""percent"": 6.0}, {""year"": 2019, ""percent"": 10.0}]","[{""year"": 2021, ""percent"": 6.0}, {""year"": 2020, ""percent"": 6.0}, {""year"": 2018, ""percent"": 10.0}, {""year"": 2017, ""percent"": 10.0}, {""year"": 2016, ""percent"": 10.0}, {""year"": 2015, ""percent"": 10.0}, {""year"": 2013, ""percent"": 10.0}, {""year"": 2012, ""percent"": 10.0}, {""year"": 2011, ""percent"": 10.0}, {""year"": 2010, ""percent"": 22.0}, {""year"": 2009, ""percent"": 20.0}, {""year"": 2008, ""percent"": 10.0}, {""year"": 2007, ""percent"": 10.0}]",,,14,
dse_ownership,2026-09-08 09:51:32.918224+00:00,71,a4e388692d1a4e3fa50e0610a30f29c3,9a5f0800529aa81695254dc1732b7378aedae2659a093907eb0182ae24b65442,200,1110,BDLAMPS,"10% 2025, 5% 2024, 10% 2023, 20% 2022, 20% 2021, 10% 2020, 20% 2019, 20% 2018, 30% 2017, 20% 2015","5% 2024, 7% 2022, 30% 2011, 100% 1997, 100% 1995, 20% 1989",n/a,30-Jun,336.8,-21.7,https://bll.com.bd/financial-statements-yearly/,https://bll.com.bd/price-sensitive-information/,1981.0,A,Y,Active,1209.37,75.82,13204,"[{""year"": 2025, ""percent"": 10.0}, {""year"": 2024, ""percent"": 5.0}, {""year"": 2023, ""percent"": 10.0}, {""year"": 2022, ""percent"": 20.0}, {""year"": 2021, ""percent"": 20.0}, {""year"": 2020, ""percent"": 10.0}, {""year"": 2019, ""percent"": 20.0}, {""year"": 2018, ""percent"": 20.0}, {""year"": 2017, ""percent"": 30.0}, {""year"": 2015, ""percent"": 20.0}]","[{""year"": 2024, ""percent"": 5.0}, {""year"": 2022, ""percent"": 7.0}, {""year"": 2011, ""percent"": 30.0}, {""year"": 1997, ""percent"": 100.0}, {""year"": 1995, ""percent"": 100.0}, {""year"": 1989, ""percent"": 20.0}]",10.0,2025.0,15,10.00 for 2025
dse_ownership,2026-09-08 09:51:35.673029+00:00,74,a4e388692d1a4e3fa50e0610a30f29c3,dc49e7c76a00c6025d81521da403d974a5b7a0abd585c4e77387dca2b081bd98,200,2001,BDSERVICE,-,"15% 2014, 15% 2013, 20% 2012, 20% 2011, 20% 2010, 15% 2009, 5% 2008, 5% 2006, 25% 2000, 50% 1999, 100% 1998",-,30-Jun,-27343.8,0.0,https://bsl.gov.bd/financial.php,,1984.0,Z,Y,Active,440.0,8639.69,20552,[],"[{""year"": 2014, ""percent"": 15.0}, {""year"": 2013, ""percent"": 15.0}, {""year"": 2012, ""percent"": 20.0}, {""year"": 2011, ""percent"": 20.0}, {""year"": 2010, ""percent"": 20.0}, {""year"": 2009, ""percent"": 15.0}, {""year"": 2008, ""percent"": 5.0}, {""year"": 2006, ""percent"": 5.0}, {""year"": 2000, ""percent"": 25.0}, {""year"": 1999, ""percent"": 50.0}, {""year"": 1998, ""percent"": 100.0}]",,,13,
dse_ownership,2026-09-08 09:51:37.037717+00:00,75,a4e388692d1a4e3fa50e0610a30f29c3,6882c590fc3d20e9ead98fb187d21ef61d54969dffe3b02e296a94e429284b4d,200,1076,BDTHAI,"0.25% 2024, 2% 2021,3% 2020, 5% 2016","3% 2020, 7.5% 2018, 5% 2017, 10% 2016, 10% 2014, 5% 2013, 5% 2012, 5% 2011, 25% 2010, 20% 2009, 20% 2008, 10% 1997, 10% 1996","1R:1 (At Par) 2016, 1R:1 (At Par) 2000",30-Jun,1821.4,0.0,http://Home Page (Share info)   https://btaalu.com/pdf/Annual-Audited-Financial-Statements-June-30-2024.pdf,http://Home Page (Share info)   https://btaalu.com/pdf/btaalu75.pdf,1990.0,B,Y,Active,1100.8,868.4,13219,"[{""year"": 2024, ""percent"": 0.25}, {""year"": 2021, ""percent"": 2.0}, {""year"": 2020, ""percent"": 3.0}, {""year"": 2016, ""percent"": 5.0}]","[{""year"": 2020, ""percent"": 3.0}, {""year"": 2018, ""percent"": 7.5}, {""year"": 2017, ""percent"": 5.0}, {""year"": 2016, ""percent"": 10.0}, {""year"": 2014, ""percent"": 10.0}, {""year"": 2013, ""percent"": 5.0}, {""year"": 2012, ""percent"": 5.0}, {""year"": 2011, ""percent"": 5.0}, {""year"": 2010, ""percent"": 25.0}, {""year"": 2009, ""percent"": 20.0}, {""year"": 2008, ""percent"": 20.0}, {""year"": 1997, ""percent"": 10.0}, {""year"": 1996, ""percent"": 10.0}]",,,14,
dse_ownership,2026-09-08 09:51:37.675700+00:00,76,a4e388692d1a4e3fa50e0610a30f29c3,130af85d0b54a2375fd42bdf8d744d857253dd0587eb78ec0e92ff049d1782d1,200,401,BDTHAIFOOD,"1% 2024, 3% 2022",-,-,30-Jun,196.6,0.0,http://btfbl.com/financial-statements.html,http://btfbl.com/psi.html,2022.0,B,Y,Active,885.49,408.51,14297,"[{""year"": 2024, ""percent"": 1.0}, {""year"": 2022, ""percent"": 3.0}]",[],,,14,
dse_ownership,2026-09-08 09:51:38.367265+00:00,77,a4e388692d1a4e3fa50e0610a30f29c3,ca3d7a2d4ed260ab0f92c2068268e644e5eef02c3e8b01abfe6377f90e986aed,200,532,BDWELDING,-,"1% 2019, 5% 2014, 5% 2012, 5% 2011, 10% 2010, 15% 2009",2R:1 2011,30-Jun,64.9,0.0,,,1999.0,Z,Y,Operation Shutdown,44.52,0.0,15305,[],"[{""year"": 2019, ""percent"": 1.0}, {""year"": 2014, ""percent"": 5.0}, {""year"": 2012, ""percent"": 5.0}, {""year"": 2011, ""percent"": 5.0}, {""year"": 2010, ""percent"": 10.0}, {""year"": 2009, ""percent"": 15.0}]",,,13,1%B for 2019
dse_ownership,2026-09-08 09:51:40.739721+00:00,78,a4e388692d1a4e3fa50e0610a30f29c3,492e96e3a4357e8a1aa450bd220904ea464e667c8d1f1a6060e9d2ac85a252ec,200,2116,BEACHHATCH,"10% 2024, 2% 2023, 1.50% 2022, 1% 2021","5% 2014, 15% 2013, 10% 2012, 10% 2011, 15% 2010, 12% 2009, 10% 2008",n/a,30-Jun,103.0,0.0,,,2002.0,Z,Y,Active,0.0,0.0,14291,"[{""year"": 2024, ""percent"": 10.0}, {""year"": 2023, ""percent"": 2.0}, {""year"": 2022, ""percent"": 1.5}, {""year"": 2021, ""percent"": 1.0}]","[{""year"": 2014, ""percent"": 5.0}, {""year"": 2013, ""percent"": 15.0}, {""year"": 2012, ""percent"": 10.0}, {""year"": 2011, ""percent"": 10.0}, {""year"": 2010, ""percent"": 15.0}, {""year"": 2009, ""percent"": 12.0}, {""year"": 2008, ""percent"": 10.0}]",10.0,2024.0,13,10.00 for 2024
dse_ownership,2026-09-08 09:51:41.842269+00:00,79,a4e388692d1a4e3fa50e0610a30f29c3,56ab438b31091985896518f0a120a06a43cbfa7dbba3e7ad71804dea7293ee57,200,923,BEACONPHAR,"21% 2025, 20% 2024, 16% 2023, 16% 2022, 15% 2021, 6% 2020, 5% 2019, 6% 2018, 5% 2017, 5% 2016",5% 2011,-,30-Jun,4357.1,0.1,https://beaconpharma.com.bd/investor-diary,https://beaconpharma.com.bd/investor-diary,2010.0,A,Y,Active,6884.34,3193.1,18482,"[{""year"": 2025, ""percent"": 21.0}, {""year"": 2024, ""percent"": 20.0}, {""year"": 2023, ""percent"": 16.0}, {""year"": 2022, ""percent"": 16.0}, {""year"": 2021, ""percent"": 15.0}, {""year"": 2020, ""percent"": 6.0}, {""year"": 2019, ""percent"": 5.0}, {""year"": 2018, ""percent"": 6.0}, {""year"": 2017, ""percent"": 5.0}, {""year"": 2016, ""percent"": 5.0}]","[{""year"": 2011, ""percent"": 5.0}]",21.0,2025.0,15,21.00 for 2025
dse_ownership,2026-09-08 09:51:43.156311+00:00,82,a4e388692d1a4e3fa50e0610a30f29c3,d9f16235a430e556dd0d0dcd33e6d38fa387d4cb6892ecce19d38e25b56fef73,200,510,BENGALWTL,"5% 2025, 5% 2024, 5% 2023, 5% 2022, 5% 2021, 5% 2019, 5% 2018, 10% 2016, 23% 2014","10% 2017, 10% 2015, 8% 2013",-,30-Jun,914.8,0.0,https://www.windsor.bengalgroup.com/docs/audited_financial_statements/Audited%20Financial%20Statements-2024.pdf,https://www.windsor.bengalgroup.com/investor.php,2013.0,B,Y,Active,68.76,0.91,13231,"[{""year"": 2025, ""percent"": 5.0}, {""year"": 2024, ""percent"": 5.0}, {""year"": 2023, ""percent"": 5.0}, {""year"": 2022, ""percent"": 5.0}, {""year"": 2021, ""percent"": 5.0}, {""year"": 2019, ""percent"": 5.0}, {""year"": 2018, ""percent"": 5.0}, {""year"": 2016, ""percent"": 10.0}, {""year"": 2014, ""percent"": 23.0}]","[{""year"": 2017, ""percent"": 10.0}, {""year"": 2015, ""percent"": 10.0}, {""year"": 2013, ""percent"": 8.0}]",5.0,2025.0,15,5.00 for 2025
dse_ownership,2026-09-08 09:51:44.098459+00:00,83,a4e388692d1a4e3fa50e0610a30f29c3,4ce5b10962e07606e5e8d6c68867602175e0cc942f2d1dfcee26731fdceee46f,200,504,BERGERPBL,"525% 2026, 525% 2025, 500% 2024, 400% 2023, 400% 2022, 375% 2021, 295% 2020, 250% 2019, 200% 2018, 600% 2017, 370% 2015",100% 2018,"1R:17, 2025",31-Mar,19240.0,-77.0,https://www.bergerbd.com/investor-relation/financial-statements/,https://www.bergerbd.com/investor-relation/price-sensitive-information/,2006.0,A,Y,Active,0.0,865.18,99638,"[{""year"": 2026, ""percent"": 525.0}, {""year"": 2025, ""percent"": 525.0}, {""year"": 2024, ""percent"": 500.0}, {""year"": 2023, ""percent"": 400.0}, {""year"": 2022, ""percent"": 400.0}, {""year"": 2021, ""percent"": 375.0}, {""year"": 2020, ""percent"": 295.0}, {""year"": 2019, ""percent"": 250.0}, {""year"": 2018, ""percent"": 200.0}, {""year"": 2017, ""percent"": 600.0}, {""year"": 2015, ""percent"": 370.0}]","[{""year"": 2018, ""percent"": 100.0}]",525.0,2026.0,15,525.00 for 2026
dse_ownership,2026-09-08 09:51:44.754061+00:00,84,a4e388692d1a4e3fa50e0610a30f29c3,ecace82e61bb974cb58f289490ce6ad4241ff98262d5bcb9a4628f65d7e0c97a,200,486,BESTHLDNG,10% 2024,-,-,30-Jun,46373.1,-0.3,https://bhlbd.com/info/financial-statement,https://bhlbd.com/info/price-sensitive-details,2024.0,Z,Y,Active,934.44,7013.07,29005,"[{""year"": 2024, ""percent"": 10.0}]",[],10.0,2024.0,15,10.00 for 2024
dse_ownership,2026-09-08 09:51:45.722268+00:00,85,a4e388692d1a4e3fa50e0610a30f29c3,0a20ef0d863fd22748d8ecc7eefc599ee6badd288052bba0ef9336172ad7f8a1,200,711,BEXGSUKUK,-,-,-,31-Dec,0.0,0.0,,,2022.0,A,Y,,0.0,0.0,26008,[],[],,,11,
dse_ownership,2026-09-08 09:51:46.352473+00:00,86,a4e388692d1a4e3fa50e0610a30f29c3,fc874f2e8345c89ebe3a479948ab137604e19b7444a44abf22c65782f97bd0eb,200,474,BEXIMCO,"10% 2023, 30% 2022, 35% 2021, 5% 2020, 5% 2019, 5% 2018, 5% 2017","5% 2024, 5% 2018, 5% 2017, 15% 2016, 15% 2014, 15% 2013, 15% 2012, 25% 2011, 50% 2010, 60% 2009, 50% 2008, 15% 2007, 15% 2006, 10% 2005, 10% 2004, 50%  97",-,30-Jun,75927.1,-105.9,http://www.beximco.com,http://www.beximco.com,1989.0,B,Y,Active,31091.72,33405.1,99613,"[{""year"": 2023, ""percent"": 10.0}, {""year"": 2022, ""percent"": 30.0}, {""year"": 2021, ""percent"": 35.0}, {""year"": 2020, ""percent"": 5.0}, {""year"": 2019, ""percent"": 5.0}, {""year"": 2018, ""percent"": 5.0}, {""year"": 2017, ""percent"": 5.0}]","[{""year"": 2024, ""percent"": 5.0}, {""year"": 2018, ""percent"": 5.0}, {""year"": 2017, ""percent"": 5.0}, {""year"": 2016, ""percent"": 15.0}, {""year"": 2014, ""percent"": 15.0}, {""year"": 2013, ""percent"": 15.0}, {""year"": 2012, ""percent"": 15.0}, {""year"": 2011, ""percent"": 25.0}, {""year"": 2010, ""percent"": 50.0}, {""year"": 2009, ""percent"": 60.0}, {""year"": 2008, ""percent"": 50.0}, {""year"": 2007, ""percent"": 15.0}, {""year"": 2006, ""percent"": 15.0}, {""year"": 2005, ""percent"": 10.0}, {""year"": 2004, ""percent"": 10.0}]",,,15,5%B for 2024
dse_ownership,2026-09-08 09:51:47.243062+00:00,87,a4e388692d1a4e3fa50e0610a30f29c3,f4ab66dba52d3f97a513d812b63197f17fcccc7af160a27fac6b6500f2790cb9,200,710,BGIC,"11% 2025, 10% 2024, 10% 2023, 12% 2022, 12.50% 2021, 12% 2020, 11% 2019, 10% 2018, 10% 2017, 11% 2016, 11% 2015","5% 2011, 12% 2010, 10% 2009, 18% 2008, 17.50% 2007, 7% 2006, 15% 2005, 1B:5 2004, 1B:5 97","1R:1 2009, 1R:2 2005",31-Dec,265.9,0.0,https://bgicinsure.com/project/public/uploads/annual%20reports/BGIC%20Annual%20Report-2024%20f.pdf,https://bgicinsure.com/project/public/uploads/investor%20informations/1753855702-Price%20Sensitive%20Information%20of%20December%202025.pdf,1989.0,A,Y,Active,0.0,0.0,25701,"[{""year"": 2025, ""percent"": 11.0}, {""year"": 2024, ""percent"": 10.0}, {""year"": 2023, ""percent"": 10.0}, {""year"": 2022, ""percent"": 12.0}, {""year"": 2021, ""percent"": 12.5}, {""year"": 2020, ""percent"": 12.0}, {""year"": 2019, ""percent"": 11.0}, {""year"": 2018, ""percent"": 10.0}, {""year"": 2017, ""percent"": 10.0}, {""year"": 2016, ""percent"": 11.0}, {""year"": 2015, ""percent"": 11.0}]","[{""year"": 2011, ""percent"": 5.0}, {""year"": 2010, ""percent"": 12.0}, {""year"": 2009, ""percent"": 10.0}, {""year"": 2008, ""percent"": 18.0}, {""year"": 2007, ""percent"": 17.5}, {""year"": 2006, ""percent"": 7.0}, {""year"": 2005, ""percent"": 15.0}]",11.0,2025.0,15,11.00 for 2025
dse_ownership,2026-09-08 09:51:48.043247+00:00,88,a4e388692d1a4e3fa50e0610a30f29c3,c8fac1272dd0bd9771775f0c412098ec7c86ac3454f3f07faa02e5a0f0e0ea53,200,528,BIFC,-,"5% 2013, 5% 2012, 10% 2011, 25% 2010, 22.50% 2009, 12% 2008,10% 2007",1R:2 (At Par) 2014,31-Dec,-13703.6,0.0,,,2006.0,Z,Y,Active,0.0,3843.75,11136,[],"[{""year"": 2013, ""percent"": 5.0}, {""year"": 2012, ""percent"": 5.0}, {""year"": 2011, ""percent"": 10.0}, {""year"": 2010, ""percent"": 25.0}, {""year"": 2009, ""percent"": 22.5}, {""year"": 2008, ""percent"": 12.0}, {""year"": 2007, ""percent"": 10.0}]",,,12,
dse_ownership,2026-09-08 09:51:48.668907+00:00,89,a4e388692d1a4e3fa50e0610a30f29c3,3e36c66cee2eb7745b41f10c768e42c14b27ca3e034cee07251255e023671440,200,377,BNICL,"22% 2025, 20% 2024, 20% 2023, 20% 2022, 18% 2021, 15% 2020, 12% 2019, 12% 2018, 10% 2017, 10% 2016",-,-,31-Dec,940.7,0.0,https://bnicl.net/wp-content/uploads/2025/07/2nd-Quarter.pdf,https://bnicl.net/wp-content/uploads/2025/07/Price-Sence.pdf,2016.0,A,Y,Active,0.0,0.0,25747,"[{""year"": 2025, ""percent"": 22.0}, {""year"": 2024, ""percent"": 20.0}, {""year"": 2023, ""percent"": 20.0}, {""year"": 2022, ""percent"": 20.0}, {""year"": 2021, ""percent"": 18.0}, {""year"": 2020, ""percent"": 15.0}, {""year"": 2019, ""percent"": 12.0}, {""year"": 2018, ""percent"": 12.0}, {""year"": 2017, ""percent"": 10.0}, {""year"": 2016, ""percent"": 10.0}]",[],22.0,2025.0,15,22.00 for 2025
dse_ownership,2026-09-08 09:51:49.362050+00:00,90,a4e388692d1a4e3fa50e0610a30f29c3,9dc2e4ccccd4d31c727b44eae2681b3c6511744678886d2ac89e2b622f0ed4ff,200,479,BPML,"11% 2023, 10% 2022, 12% 2021, 10% 2020, 15% 2019, 20% 2018",-,-,30-Jun,6717.7,0.0,http://www.bashundharapapermills.com/page/financial-statements,http://www.bashundharapapermills.com/page/price-sensitive-information,2018.0,Z,Y,Active,10788.38,17601.81,19512,"[{""year"": 2023, ""percent"": 11.0}, {""year"": 2022, ""percent"": 10.0}, {""year"": 2021, ""percent"": 12.0}, {""year"": 2020, ""percent"": 10.0}, {""year"": 2019, ""percent"": 15.0}, {""year"": 2018, ""percent"": 20.0}]",[],,,14,
dse_ownership,2026-09-08 09:51:50.223963+00:00,91,a4e388692d1a4e3fa50e0610a30f29c3,0fb8a3e0708e5c13f9b50f5785939dc625053899383156b5c9a482f24d9bd1c5,200,610,BPPL,"2% 2025, 2% 2024, 5% 2023, 10% 2022, 12.50% 2021",-,-,30-Jun,1339.0,264.7,http://www.bpplbd.com/investor-relation/,http://www.bpplbd.com/investor-relation/,2021.0,B,Y,Active,4882.13,4584.45,15324,"[{""year"": 2025, ""percent"": 2.0}, {""year"": 2024, ""percent"": 2.0}, {""year"": 2023, ""percent"": 5.0}, {""year"": 2022, ""percent"": 10.0}, {""year"": 2021, ""percent"": 12.5}]",[],2.0,2025.0,15,2.00 for 2025
dse_ownership,2026-09-08 09:51:50.779361+00:00,92,a4e388692d1a4e3fa50e0610a30f29c3,7a6a1f6ab07d380b6b87db6cc651fac45ce182c5cf31d9d1f9f04a14878b4c8e,200,388,BRACBANK,"15% 2025, 12.50% 2024, 10% 2023, 7.50% 2022, 7.50% 2021, 10% 2020, 7.5% 2019, 10% 2016, 25% 2015","15% 2025,  12.50% 2024, 10% 2023, 7.50% 2022, 7.50% 2021, 5% 2020, 7.5% 2019, 15% 2018, 25% 2017, 20% 2016, 10% 2013, 15% 2012, 20% 2011, 20% 2010, 30% 2009, 30% 2008, 10% 2007, 20% 2006","1R:2 2014, 1R:5 2008 (at premium tk 400)",31-Dec,49145.3,0.0,https://www.bracbank.com/en/investor-relations,https://www.bracbank.com/en/investor-relations,2007.0,A,Y,Active,0.0,69098.04,11138,"[{""year"": 2025, ""percent"": 15.0}, {""year"": 2024, ""percent"": 12.5}, {""year"": 2023, ""percent"": 10.0}, {""year"": 2022, ""percent"": 7.5}, {""year"": 2021, ""percent"": 7.5}, {""year"": 2020, ""percent"": 10.0}, {""year"": 2019, ""percent"": 7.5}, {""year"": 2016, ""percent"": 10.0}, {""year"": 2015, ""percent"": 25.0}]","[{""year"": 2025, ""percent"": 15.0}, {""year"": 2024, ""percent"": 12.5}, {""year"": 2023, ""percent"": 10.0}, {""year"": 2022, ""percent"": 7.5}, {""year"": 2021, ""percent"": 7.5}, {""year"": 2020, ""percent"": 5.0}, {""year"": 2019, ""percent"": 7.5}, {""year"": 2018, ""percent"": 15.0}, {""year"": 2017, ""percent"": 25.0}, {""year"": 2016, ""percent"": 20.0}, {""year"": 2013, ""percent"": 10.0}, {""year"": 2012, ""percent"": 15.0}, {""year"": 2011, ""percent"": 20.0}, {""year"": 2010, ""percent"": 20.0}, {""year"": 2009, ""percent"": 30.0}, {""year"": 2008, ""percent"": 30.0}, {""year"": 2007, ""percent"": 10.0}, {""year"": 2006, ""percent"": 20.0}]",,,15,"15.00, 15%B for 2025"
dse_ownership,2026-09-08 09:51:51.690865+00:00,93,a4e388692d1a4e3fa50e0610a30f29c3,4a4f9b621edfbdbac587f7ca706bce3b113aea868a50a0215bde9bee1fdda7ee,200,754,BSC,"25% 2025, 25% 2024, 25% 2023, 20% 2022, 12% 2021, 10% 2020, 10% 2019, 6% 2018, 10% 2017, 10% 2015",12% 2016,n/a,30-Jun,9818.5,0.0,,,1977.0,A,Y,Active,1664.67,13435.83,99604,"[{""year"": 2025, ""percent"": 25.0}, {""year"": 2024, ""percent"": 25.0}, {""year"": 2023, ""percent"": 25.0}, {""year"": 2022, ""percent"": 20.0}, {""year"": 2021, ""percent"": 12.0}, {""year"": 2020, ""percent"": 10.0}, {""year"": 2019, ""percent"": 10.0}, {""year"": 2018, ""percent"": 6.0}, {""year"": 2017, ""percent"": 10.0}, {""year"": 2015, ""percent"": 10.0}]","[{""year"": 2016, ""percent"": 12.0}]",25.0,2025.0,13,25.00 for 2025
dse_ownership,2026-09-08 09:51:52.339467+00:00,94,a4e388692d1a4e3fa50e0610a30f29c3,593bc84fd209845bfcfedf030be153b9c313f35cc88d9c983230148866b0dc65,200,390,BSCPLC,"40% 2025, 40% 2024, 51% 2023, 46% 2022, 37% 2021, 20% 2020, 16% 2019, 5% 2018, 12% 2017, 10% 2016, 10% 2014, 20% 2013, 20% 2012","10% 2015, 15% 2013, 10% 2012",-,30-Jun,12989.0,0.0,https://bsccl.com.bd/financial-report,https://bsccl.com.bd/psi,2012.0,A,Y,Active,243.54,4219.89,27002,"[{""year"": 2025, ""percent"": 40.0}, {""year"": 2024, ""percent"": 40.0}, {""year"": 2023, ""percent"": 51.0}, {""year"": 2022, ""percent"": 46.0}, {""year"": 2021, ""percent"": 37.0}, {""year"": 2020, ""percent"": 20.0}, {""year"": 2019, ""percent"": 16.0}, {""year"": 2018, ""percent"": 5.0}, {""year"": 2017, ""percent"": 12.0}, {""year"": 2016, ""percent"": 10.0}, {""year"": 2014, ""percent"": 10.0}, {""year"": 2013, ""percent"": 20.0}, {""year"": 2012, ""percent"": 20.0}]","[{""year"": 2015, ""percent"": 10.0}, {""year"": 2013, ""percent"": 15.0}, {""year"": 2012, ""percent"": 10.0}]",40.0,2025.0,15,40.00 for 2025
dse_ownership,2026-09-08 09:51:52.913042+00:00,95,a4e388692d1a4e3fa50e0610a30f29c3,b205f475d765246a911bdc4a168c049c201ff3feee90db822bfaaa2501be6169,200,402,BSRMLTD,"50% 2025, 35% 2024, 25% 2023, 35% 2022, 50% 2021, 15% 2020, 25% 2019, 10% 2018, 10% 2017, 5% 2015, 10% 2014","10% 2018, 10% 2017, 10% 2016",-,30-Jun,44862.9,-105.2,https://bsrm.com/investor-relations/bangladesh-steel-re-rolling-mills-limited/#1663648777814-92fc4456-3cb3,https://bsrm.com/investor-relations/bangladesh-steel-re-rolling-mills-limited/#Price-Sensitive-Information,2015.0,A,Y,Active,31292.64,1404.31,13238,"[{""year"": 2025, ""percent"": 50.0}, {""year"": 2024, ""percent"": 35.0}, {""year"": 2023, ""percent"": 25.0}, {""year"": 2022, ""percent"": 35.0}, {""year"": 2021, ""percent"": 50.0}, {""year"": 2020, ""percent"": 15.0}, {""year"": 2019, ""percent"": 25.0}, {""year"": 2018, ""percent"": 10.0}, {""year"": 2017, ""percent"": 10.0}, {""year"": 2015, ""percent"": 5.0}, {""year"": 2014, ""percent"": 10.0}]","[{""year"": 2018, ""percent"": 10.0}, {""year"": 2017, ""percent"": 10.0}, {""year"": 2016, ""percent"": 10.0}]",50.0,2025.0,15,50.00 for 2025
dse_ownership,2026-09-08 09:51:53.939963+00:00,96,a4e388692d1a4e3fa50e0610a30f29c3,eb232ac81e58dcdf0408eecf9d31e8b4dfc3481759afa12307034bf56c7fd05a,200,847,BSRMSTEEL,"50% 2025, 32% 2024, 25% 2023, 30% 2022, 40% 2021, 15% 2020, 25% 2019, 10% 2018, 35% 2017, 30% 2015","10% 2018, 5% 2012, 20% 2010, 15% 2009",-,30-Jun,30273.5,-373.3,,,2009.0,A,Y,Active,23062.91,22244.75,13227,"[{""year"": 2025, ""percent"": 50.0}, {""year"": 2024, ""percent"": 32.0}, {""year"": 2023, ""percent"": 25.0}, {""year"": 2022, ""percent"": 30.0}, {""year"": 2021, ""percent"": 40.0}, {""year"": 2020, ""percent"": 15.0}, {""year"": 2019, ""percent"": 25.0}, {""year"": 2018, ""percent"": 10.0}, {""year"": 2017, ""percent"": 35.0}, {""year"": 2015, ""percent"": 30.0}]","[{""year"": 2018, ""percent"": 10.0}, {""year"": 2012, ""percent"": 5.0}, {""year"": 2010, ""percent"": 20.0}, {""year"": 2009, ""percent"": 15.0}]",50.0,2025.0,13,50.00 for 2025
dse_ownership,2026-09-08 09:51:54.701025+00:00,97,a4e388692d1a4e3fa50e0610a30f29c3,592f6965d8594d536ec6c91a923db130ec13e7011700e70dedef421201ec8712,200,466,BXPHARMA,"40% 2024, 35% 2023, 35% 2022, 35% 2021, 15% 2020, 15% 2019, 12.5% 2018, 12.5% 2017, 15% 2016","10% 2020, 5% 2016, 5% 2014, 5% 2013, 15% 2012, 21% 2011, 20% 2010, 15% 2009, 20% 2008, 10% 2007, 10% 2006, 25% 2004,10%  2003, 15%  2002,  50% 97","Merger with Bx Infusion 2005,1:1 ( at premium Tk.325 )1992,1:1 ( at premium Tk.1100 )1994",30-Jun,38219.4,0.0,http://www.beximcopharma.com,http://www.beximcopharma.com,1986.0,A,Y,Active,4267.46,1757.97,18453,"[{""year"": 2024, ""percent"": 40.0}, {""year"": 2023, ""percent"": 35.0}, {""year"": 2022, ""percent"": 35.0}, {""year"": 2021, ""percent"": 35.0}, {""year"": 2020, ""percent"": 15.0}, {""year"": 2019, ""percent"": 15.0}, {""year"": 2018, ""percent"": 12.5}, {""year"": 2017, ""percent"": 12.5}, {""year"": 2016, ""percent"": 15.0}]","[{""year"": 2020, ""percent"": 10.0}, {""year"": 2016, ""percent"": 5.0}, {""year"": 2014, ""percent"": 5.0}, {""year"": 2013, ""percent"": 5.0}, {""year"": 2012, ""percent"": 15.0}, {""year"": 2011, ""percent"": 21.0}, {""year"": 2010, ""percent"": 20.0}, {""year"": 2009, ""percent"": 15.0}, {""year"": 2008, ""percent"": 20.0}, {""year"": 2007, ""percent"": 10.0}, {""year"": 2006, ""percent"": 10.0}, {""year"": 2004, ""percent"": 25.0}, {""year"": 2003, ""percent"": 10.0}, {""year"": 2002, ""percent"": 15.0}]",40.0,2024.0,15,40.00 for 2024
dse_ownership,2026-09-08 09:51:56.103799+00:00,100,a4e388692d1a4e3fa50e0610a30f29c3,a613e4b96fff71091c9b44ca0e3b7cc54c23c1d9250227f8c6dd28429590c321,200,623,CAPITECGBF,"3.30, 2025",-,-,30-Jun,-60.3,0.0,,,2023.0,A,Y,,0.0,0.0,12205,[],[],3.3,2025.0,12,3.30 for 2025
dse_ownership,2026-09-08 09:51:56.908268+00:00,101,a4e388692d1a4e3fa50e0610a30f29c3,c0aa3b8c07efcb14bb1286dea1fd7915f1a8325cc64a1d89665353c017bcb3b0,200,500,CAPMBDBLMF,"6% 2023, 8% 2022, 13% 2021, 5% 2019, 7% 2018",-,-,30-Jun,-117.2,0.0,,,2017.0,A,Y,,0.0,0.0,12199,"[{""year"": 2023, ""percent"": 6.0}, {""year"": 2022, ""percent"": 8.0}, {""year"": 2021, ""percent"": 13.0}, {""year"": 2019, ""percent"": 5.0}, {""year"": 2018, ""percent"": 7.0}]",[],,,11,
dse_ownership,2026-09-08 09:51:57.733972+00:00,102,a4e388692d1a4e3fa50e0610a30f29c3,49636b086b47ca68c47909b61ce9a8167a7565a7169d71004adba75a42dba8ea,200,644,CAPMIBBLMF,"6% 2023, 8% 2022, 13.50% 2021, 8% 2019",-,-,30-Jun,-136.5,0.0,,,2018.0,A,Y,,0.0,0.0,12202,"[{""year"": 2023, ""percent"": 6.0}, {""year"": 2022, ""percent"": 8.0}, {""year"": 2021, ""percent"": 13.5}, {""year"": 2019, ""percent"": 8.0}]",[],,,11,
dse_ownership,2026-09-08 09:51:58.368054+00:00,103,a4e388692d1a4e3fa50e0610a30f29c3,f01653e1a8f051458154c9c811a84e4ac66f3bf18722a979a9e9f9be50d21a9b,200,464,CBLPBOND,-,-,-,31-Dec,0.0,0.0,,,2022.0,A,Y,,0.0,0.0,26011,[],[],,,11,
dse_ownership,2026-09-08 09:51:59.738862+00:00,106,a4e388692d1a4e3fa50e0610a30f29c3,7d0e02557affe1a8c76720e84141100a503a042b3a934a8cce0f0e3b4227eb1e,200,507,CENTRALINS,"12% 2025, 12% 2024, 12% 2023, 15% 2022, 18% 2021, 6% 2020, 7% 2019, 12% 2018, 12% 2017, 7% 2016, 10% 2015","7.5% 2020, 5% 2019, 5% 2016, 8% 2013, 12% 2012, 15% 2011, 15% 2010, 15% 2009, 10% 2008, 10% 2007, 10% 2006, 20% 2003","1R:2 2012, 1R:5 2009, 1R:2 ,2005",31-Dec,2106.5,0.0,https://cicl-bd.com/financial-statement/,https://cicl-bd.com/psi/,1995.0,A,Y,Active,0.0,0.0,25709,"[{""year"": 2025, ""percent"": 12.0}, {""year"": 2024, ""percent"": 12.0}, {""year"": 2023, ""percent"": 12.0}, {""year"": 2022, ""percent"": 15.0}, {""year"": 2021, ""percent"": 18.0}, {""year"": 2020, ""percent"": 6.0}, {""year"": 2019, ""percent"": 7.0}, {""year"": 2018, ""percent"": 12.0}, {""year"": 2017, ""percent"": 12.0}, {""year"": 2016, ""percent"": 7.0}, {""year"": 2015, ""percent"": 10.0}]","[{""year"": 2020, ""percent"": 7.5}, {""year"": 2019, ""percent"": 5.0}, {""year"": 2016, ""percent"": 5.0}, {""year"": 2013, ""percent"": 8.0}, {""year"": 2012, ""percent"": 12.0}, {""year"": 2011, ""percent"": 15.0}, {""year"": 2010, ""percent"": 15.0}, {""year"": 2009, ""percent"": 15.0}, {""year"": 2008, ""percent"": 10.0}, {""year"": 2007, ""percent"": 10.0}, {""year"": 2006, ""percent"": 10.0}, {""year"": 2003, ""percent"": 20.0}]",12.0,2025.0,15,12.00 for 2025
dse_ownership,2026-09-08 09:52:01.055805+00:00,107,a4e388692d1a4e3fa50e0610a30f29c3,916443ad178ac2113bba6390d0ffe4c1d3b96132d49c40fb7b7d5a62248eccc7,200,1136,CENTRALPHL,1% 2019,"5% 2018, 10% 2017, 10% 2016, 15% 2015, 15% 2014, 15% 2013",-,30-Jun,-374.7,0.0,,,2013.0,Z,Y,Active,36.5,231.98,18488,"[{""year"": 2019, ""percent"": 1.0}]","[{""year"": 2018, ""percent"": 5.0}, {""year"": 2017, ""percent"": 10.0}, {""year"": 2016, ""percent"": 10.0}, {""year"": 2015, ""percent"": 15.0}, {""year"": 2014, ""percent"": 15.0}, {""year"": 2013, ""percent"": 15.0}]",,,12,
dse_ownership,2026-09-08 09:52:02.283223+00:00,110,a4e388692d1a4e3fa50e0610a30f29c3,0e7dbbbcd6c1c9daa745086e4f6f63ee3e2ec5bb73d2d1cbc7a820e3b935aa2e,200,525,CITYBANK,"15% 2025, 12.50% 2024, 15% 2023, 10% 2022, 12.50% 2021, 17.50% 2020, 15% 2019, 6% 2018, 19% 2017, 24% 2016, 22% 2015","15% 2025, 12.50% 2024,  10% 2023, 2% 2022, 12.50% 2021, 5% 2020, 5% 2018, 5% 2017, 5% 2014, 20% 2013, 10% 2012, 25% 2011, 30% 2010, 25% 2009, 15% 2008, 15% 2007, 10% 2006, 50% 2005,50% 2004","1R:1 2010, 1R:1 2004,1R:2  2003",31-Dec,42782.1,0.0,https://www.citybankplc.com/investor-relation,https://www.citybankplc.com/price-sensitive-information,1987.0,A,Y,Active,0.0,11080.0,11102,"[{""year"": 2025, ""percent"": 15.0}, {""year"": 2024, ""percent"": 12.5}, {""year"": 2023, ""percent"": 15.0}, {""year"": 2022, ""percent"": 10.0}, {""year"": 2021, ""percent"": 12.5}, {""year"": 2020, ""percent"": 17.5}, {""year"": 2019, ""percent"": 15.0}, {""year"": 2018, ""percent"": 6.0}, {""year"": 2017, ""percent"": 19.0}, {""year"": 2016, ""percent"": 24.0}, {""year"": 2015, ""percent"": 22.0}]","[{""year"": 2025, ""percent"": 15.0}, {""year"": 2024, ""percent"": 12.5}, {""year"": 2023, ""percent"": 10.0}, {""year"": 2022, ""percent"": 2.0}, {""year"": 2021, ""percent"": 12.5}, {""year"": 2020, ""percent"": 5.0}, {""year"": 2018, ""percent"": 5.0}, {""year"": 2017, ""percent"": 5.0}, {""year"": 2014, ""percent"": 5.0}, {""year"": 2013, ""percent"": 20.0}, {""year"": 2012, ""percent"": 10.0}, {""year"": 2011, ""percent"": 25.0}, {""year"": 2010, ""percent"": 30.0}, {""year"": 2009, ""percent"": 25.0}, {""year"": 2008, ""percent"": 15.0}, {""year"": 2007, ""percent"": 15.0}, {""year"": 2006, ""percent"": 10.0}, {""year"": 2005, ""percent"": 50.0}, {""year"": 2004, ""percent"": 50.0}]",,,15,"15.00, 15%B for 2025"
dse_ownership,2026-09-08 09:52:03.065076+00:00,111,a4e388692d1a4e3fa50e0610a30f29c3,81036deb62f808b15f01b5c15f4900597f693dc7e7b54abf7bea2fc833cce704,200,607,CITYGENINS,"10% 2025, 10% 2024, 12% 2023, 10.50% 2022, 10% 2021, 10% 2020, 5% 2019, 5% 2018, 10% 2016","10% 2017, 10% 2015, 10% 2014, 10% 2013, 10% 2012, 10% 2011, 12% 2010, 10% 2009, 10% 2008",1R:1 2011,31-Dec,902.3,0.0,https://www.cityinsurance.com.bd/investors/quarterly-report,https://www.cityinsurance.com.bd/investors/price-sensitive-information,2007.0,A,Y,Active,0.0,0.0,25734,"[{""year"": 2025, ""percent"": 10.0}, {""year"": 2024, ""percent"": 10.0}, {""year"": 2023, ""percent"": 12.0}, {""year"": 2022, ""percent"": 10.5}, {""year"": 2021, ""percent"": 10.0}, {""year"": 2020, ""percent"": 10.0}, {""year"": 2019, ""percent"": 5.0}, {""year"": 2018, ""percent"": 5.0}, {""year"": 2016, ""percent"": 10.0}]","[{""year"": 2017, ""percent"": 10.0}, {""year"": 2015, ""percent"": 10.0}, {""year"": 2014, ""percent"": 10.0}, {""year"": 2013, ""percent"": 10.0}, {""year"": 2012, ""percent"": 10.0}, {""year"": 2011, ""percent"": 10.0}, {""year"": 2010, ""percent"": 12.0}, {""year"": 2009, ""percent"": 10.0}, {""year"": 2008, ""percent"": 10.0}]",10.0,2025.0,15,10.00 for 2025
dse_ownership,2026-09-08 09:52:04.081463+00:00,112,a4e388692d1a4e3fa50e0610a30f29c3,4d7500c11c5074aebff40f3f914de726f270d4ea9d354851e6ecb7d58f9efc3f,200,844,CLICL,"4% 2025, 2.50% 2023",-,-,31-Dec,0.0,0.0,https://www.charteredlifebd.com/Quarterly_Report.aspx,https://www.charteredlifebd.com/PSI.aspx,2022.0,B,Y,Active,0.0,0.0,25755,"[{""year"": 2025, ""percent"": 4.0}, {""year"": 2023, ""percent"": 2.5}]",[],4.0,2025.0,15,4.00 for 2025
dse_ownership,2026-09-08 09:52:05.455583+00:00,113,a4e388692d1a4e3fa50e0610a30f29c3,358d2315fa106c091b206941ca1b84925f97e1c34b6c4c40f0c36d5e1c5c098f,200,1133,CNATEX,"0.50% 2023, 0.40% 2022","10% 2016, 12% 2015, 11% 2014",-,30-Jun,-3304.8,0.0,,,2015.0,Z,N,Active,0.0,1558.5,17465,"[{""year"": 2023, ""percent"": 0.5}, {""year"": 2022, ""percent"": 0.4}]","[{""year"": 2016, ""percent"": 10.0}, {""year"": 2015, ""percent"": 12.0}, {""year"": 2014, ""percent"": 11.0}]",0.5,2023.0,13,0.50 for 2023
dse_ownership,2026-09-08 09:52:07.542314+00:00,114,a4e388692d1a4e3fa50e0610a30f29c3,28de3e361c0eeb2380487270fb2647ccff18d7a67ce3ea514b4f74b910a77bc9,200,1918,CONFIDCEM,"10% 2025, 10% 2024, 5% 2023, 5% 2022, 25% 2021, 15% 2020,15% 2019, 15% 2018, 15% 2017, 37.50% 2016, 25% 2014, 27.5% 2013, 20% 2012, 20% 2011, 25% 2010, 10% 2009, 15% 2007, 15% 2006, 5% 2005, 5% 2004, 5% 2003, 20% 2002, 30% 2001, 30% 2000, 25% 1999, 25% 1998, 10% 1997, 7.5% 1996, 5% 1995","5% 2023, 5% 2022, 5% 2020, 15% 2019, 20% 2018, 20% 2017, 20% 2011, 15% 2010, 20% 2009, 10% 2008","3R:10 2010, 1R:4 ( Premium Tk. 300) 1995,  4R:5( At Par) 1996",30-Jun,5813.9,315.8,https://confidencecement.com.bd/investor-relations/financial-reports,https://confidencecement.com.bd/investor-relations/price-sensitive-information,1995.0,A,Y,Active,5517.96,143.02,21621,"[{""year"": 2025, ""percent"": 10.0}, {""year"": 2024, ""percent"": 10.0}, {""year"": 2023, ""percent"": 5.0}, {""year"": 2022, ""percent"": 5.0}, {""year"": 2021, ""percent"": 25.0}, {""year"": 2020, ""percent"": 15.0}, {""year"": 2019, ""percent"": 15.0}, {""year"": 2018, ""percent"": 15.0}, {""year"": 2017, ""percent"": 15.0}, {""year"": 2016, ""percent"": 37.5}, {""year"": 2014, ""percent"": 25.0}, {""year"": 2013, ""percent"": 27.5}, {""year"": 2012, ""percent"": 20.0}, {""year"": 2011, ""percent"": 20.0}, {""year"": 2010, ""percent"": 25.0}, {""year"": 2009, ""percent"": 10.0}, {""year"": 2007, ""percent"": 15.0}, {""year"": 2006, ""percent"": 15.0}, {""year"": 2005, ""percent"": 5.0}, {""year"": 2004, ""percent"": 5.0}, {""year"": 2003, ""percent"": 5.0}, {""year"": 2002, ""percent"": 20.0}, {""year"": 2001, ""percent"": 30.0}, {""year"": 2000, ""percent"": 30.0}, {""year"": 1999, ""percent"": 25.0}, {""year"": 1998, ""percent"": 25.0}, {""year"": 1997, ""percent"": 10.0}, {""year"": 1996, ""percent"": 7.5}, {""year"": 1995, ""percent"": 5.0}]","[{""year"": 2023, ""percent"": 5.0}, {""year"": 2022, ""percent"": 5.0}, {""year"": 2020, ""percent"": 5.0}, {""year"": 2019, ""percent"": 15.0}, {""year"": 2018, ""percent"": 20.0}, {""year"": 2017, ""percent"": 20.0}, {""year"": 2011, ""percent"": 20.0}, {""year"": 2010, ""percent"": 15.0}, {""year"": 2009, ""percent"": 20.0}, {""year"": 2008, ""percent"": 10.0}]",10.0,2025.0,15,10.00 for 2025
dse_ownership,2026-09-08 09:52:11.166817+00:00,115,a4e388692d1a4e3fa50e0610a30f29c3,24893b50734b64d0bf4abf721d9ce934b4f9704b5f6ec239c1db4a55d08029cd,200,3450,CONTININS,"5% 2025, 5% 2024, 5% 2023, 10% 2022, 12% 2021, 6% 2020, 5% 2019, 5% 2018, 5% 2017, 5% 2016, 5% 2015","5% 2023,  4% 2020, 5% 2019, 5% 2018, 5% 2017, 5% 2016, 5% 2015, 10% 2011, 7% 2010, 10% 2009, 10% 2008",1R:2 2011,31-Dec,467.3,0.0,https://www.cilbd.com/financialstatements.html,https://www.cilbd.com/PriceSensitive.html,2008.0,B,Y,Active,0.0,0.0,25735,"[{""year"": 2025, ""percent"": 5.0}, {""year"": 2024, ""percent"": 5.0}, {""year"": 2023, ""percent"": 5.0}, {""year"": 2022, ""percent"": 10.0}, {""year"": 2021, ""percent"": 12.0}, {""year"": 2020, ""percent"": 6.0}, {""year"": 2019, ""percent"": 5.0}, {""year"": 2018, ""percent"": 5.0}, {""year"": 2017, ""percent"": 5.0}, {""year"": 2016, ""percent"": 5.0}, {""year"": 2015, ""percent"": 5.0}]","[{""year"": 2023, ""percent"": 5.0}, {""year"": 2020, ""percent"": 4.0}, {""year"": 2019, ""percent"": 5.0}, {""year"": 2018, ""percent"": 5.0}, {""year"": 2017, ""percent"": 5.0}, {""year"": 2016, ""percent"": 5.0}, {""year"": 2015, ""percent"": 5.0}, {""year"": 2011, ""percent"": 10.0}, {""year"": 2010, ""percent"": 7.0}, {""year"": 2009, ""percent"": 10.0}, {""year"": 2008, ""percent"": 10.0}]",5.0,2025.0,15,5.00 for 2025
dse_ownership,2026-09-08 09:52:11.963241+00:00,116,a4e388692d1a4e3fa50e0610a30f29c3,858113fd6a46af56847d0d0d5e833169c90c1b3703e41476d49afbcf13dbbcd3,200,500,COPPERTECH,"2.15% 2025, 4% 2024, 2% 2023, 4% 2022, 5% 2021, 2.5% 2020, 7% 2019","4% 2022, 5% 2019",-,30-Jun,282.8,0.0,https://www.coppertechbd.com/financial-statements/,https://www.coppertechbd.com/price-sensitive-information/#1730000306902-9ca7e12b-07c4,2019.0,B,Y,Active,747.53,134.64,13247,"[{""year"": 2025, ""percent"": 2.15}, {""year"": 2024, ""percent"": 4.0}, {""year"": 2023, ""percent"": 2.0}, {""year"": 2022, ""percent"": 4.0}, {""year"": 2021, ""percent"": 5.0}, {""year"": 2020, ""percent"": 2.5}, {""year"": 2019, ""percent"": 7.0}]","[{""year"": 2022, ""percent"": 4.0}, {""year"": 2019, ""percent"": 5.0}]",2.15,2025.0,15,2.15 for 2025
dse_ownership,2026-09-08 09:52:14.356556+00:00,121,a4e388692d1a4e3fa50e0610a30f29c3,feba0c96c621bb795ec612e91dc1a934eecdf998d7f062ed394c29ba29f1b793,200,1068,CROWNCEMNT,"21% 2025, 21% 2024, 20% 2023, 10% 2022, 20% 2021, 10% 2020, 10% 2019, 15% 2018, 20% 2017, 20% 2016, 25% 2015","10% 2012, 35% 2011",-,30-Jun,4863.1,477.7,https://crowncement.com/crown-downloads-category/financial-statements/,https://crowncement.com/crown-downloads-category/price-sensitive-information-psi/,2011.0,A,Y,Active,10206.83,4681.26,21644,"[{""year"": 2025, ""percent"": 21.0}, {""year"": 2024, ""percent"": 21.0}, {""year"": 2023, ""percent"": 20.0}, {""year"": 2022, ""percent"": 10.0}, {""year"": 2021, ""percent"": 20.0}, {""year"": 2020, ""percent"": 10.0}, {""year"": 2019, ""percent"": 10.0}, {""year"": 2018, ""percent"": 15.0}, {""year"": 2017, ""percent"": 20.0}, {""year"": 2016, ""percent"": 20.0}, {""year"": 2015, ""percent"": 25.0}]","[{""year"": 2012, ""percent"": 10.0}, {""year"": 2011, ""percent"": 35.0}]",21.0,2025.0,15,21.00 for 2025
dse_ownership,2026-09-08 09:52:14.995386+00:00,122,a4e388692d1a4e3fa50e0610a30f29c3,caa390d657ff59b2f96442889d5bd4e44bb17022f993d60b8af698bda97e4ed3,200,442,CRYSTALINS,"12% 2025, 12% 2024, 7% 2023, 10% 2022, 10% 2021, 10% 2020",10% 2023,-,31-Dec,776.5,0.0,https://www.ciplcbd.com/FinancialReport/,https://www.ciplcbd.com/Price/Sencitive/,2020.0,A,Y,Active,0.0,0.0,25749,"[{""year"": 2025, ""percent"": 12.0}, {""year"": 2024, ""percent"": 12.0}, {""year"": 2023, ""percent"": 7.0}, {""year"": 2022, ""percent"": 10.0}, {""year"": 2021, ""percent"": 10.0}, {""year"": 2020, ""percent"": 10.0}]","[{""year"": 2023, ""percent"": 10.0}]",12.0,2025.0,15,12.00 for 2025
dse_ownership,2026-09-08 09:52:15.542211+00:00,123,a4e388692d1a4e3fa50e0610a30f29c3,6d50151f2b35d8ab715b5e87999a12236e54b9328abdd30b9a242aae70a050f7,200,378,CVOPRL,"11% 2025, 10% 2024, 5% 2023, 2% 2019, 2% 2018, 25% 2016, 15% 2015","9% 2025, 10% 2021, 2% 2017, 25% 2015, 10% 2013, 20% 2012, 25% 2011, 20% 2010",3R:1 (Premium Tk. 50) 1996,30-Jun,49.6,476.6,http://www.cvopetro.com,http://www.cvopetro.com,1990.0,A,Y,Temporary Shutdown of Factory for Emergency Maintenance,153.11,0.0,14269,"[{""year"": 2025, ""percent"": 11.0}, {""year"": 2024, ""percent"": 10.0}, {""year"": 2023, ""percent"": 5.0}, {""year"": 2019, ""percent"": 2.0}, {""year"": 2018, ""percent"": 2.0}, {""year"": 2016, ""percent"": 25.0}, {""year"": 2015, ""percent"": 15.0}]","[{""year"": 2025, ""percent"": 9.0}, {""year"": 2021, ""percent"": 10.0}, {""year"": 2017, ""percent"": 2.0}, {""year"": 2015, ""percent"": 25.0}, {""year"": 2013, ""percent"": 10.0}, {""year"": 2012, ""percent"": 20.0}, {""year"": 2011, ""percent"": 25.0}, {""year"": 2010, ""percent"": 20.0}]",,,15,"11.00, 9% B for 2025"
dse_ownership,2026-09-08 09:52:16.531115+00:00,124,a4e388692d1a4e3fa50e0610a30f29c3,8fa282c5b80d5966bfa61348d849e6f5ddec84d09bffd15f79ea4f7f20196bd3,200,729,DACCADYE,"0.25% 2022, 2% 2021, 1% 2020","10% 2015, 10% 2014, 10% 2013, 12% 2012, 16% 2011, 12% 2010",-,30-Jun,1368.8,0.0,,,2009.0,Z,Y,Active,1252.04,0.0,17449,"[{""year"": 2022, ""percent"": 0.25}, {""year"": 2021, ""percent"": 2.0}, {""year"": 2020, ""percent"": 1.0}]","[{""year"": 2015, ""percent"": 10.0}, {""year"": 2014, ""percent"": 10.0}, {""year"": 2013, ""percent"": 10.0}, {""year"": 2012, ""percent"": 12.0}, {""year"": 2011, ""percent"": 16.0}, {""year"": 2010, ""percent"": 12.0}]",,,12,
dse_ownership,2026-09-08 09:52:17.066278+00:00,125,a4e388692d1a4e3fa50e0610a30f29c3,1d87659e566d3d171ce56848a8627978893f60b591c0f66fc2e1f00bb683b671,200,360,DAFODILCOM,"5% 2024, 5% 2023, 5% 2022, 6% 2021, 8% 2020, 10% 2019, 12% 2018, 18% 2017, 15% 2016, 12% 2015, 10% 2012, 6% 2011, 4% 2008, 11% 2006, 12% 2005, 10% 2004","4%B 2011, 10%B 2010, 12%B 2009, 6% 2008, 10% 2007",1R:1 2010,30-Jun,147.0,0.0,https://www.daffodil-bd.com/financial-statements,https://www.daffodil-bd.com/price-sensitive-information,2006.0,B,Y,Active,244.34,0.0,22646,"[{""year"": 2024, ""percent"": 5.0}, {""year"": 2023, ""percent"": 5.0}, {""year"": 2022, ""percent"": 5.0}, {""year"": 2021, ""percent"": 6.0}, {""year"": 2020, ""percent"": 8.0}, {""year"": 2019, ""percent"": 10.0}, {""year"": 2018, ""percent"": 12.0}, {""year"": 2017, ""percent"": 18.0}, {""year"": 2016, ""percent"": 15.0}, {""year"": 2015, ""percent"": 12.0}, {""year"": 2012, ""percent"": 10.0}, {""year"": 2011, ""percent"": 6.0}, {""year"": 2008, ""percent"": 4.0}, {""year"": 2006, ""percent"": 11.0}, {""year"": 2005, ""percent"": 12.0}, {""year"": 2004, ""percent"": 10.0}]","[{""year"": 2008, ""percent"": 6.0}, {""year"": 2007, ""percent"": 10.0}]",,,14,
dse_ownership,2026-09-08 09:52:19.308044+00:00,126,a4e388692d1a4e3fa50e0610a30f29c3,1bdce7f4ac8cea7339a5468bdde9c64734e6478ce962dc695a0dc287c254bd93,200,2079,DBH,"15% 2025, 15% 2024, 15% 2023, 15% 2022, 15% 2021, 15% 2020,20% 2019, 25% 2018, 30% 2017, 15%(July to Dec. 2016), 30% 2016, 30% 2015","2% 2024, 2% 2022, 10% 2021, 15% 2020, 15% 2019, 10% 2018, 5% 2016, 15% 2012, 100% 2011, 25% 2010, 15% 2009, 30% 2008",0,31-Dec,7968.0,0.0,https://dbhfinance.com/financial-reports,https://dbhfinance.com/price-sensitive-information,2008.0,A,Y,Active,0.0,8029.65,20621,"[{""year"": 2025, ""percent"": 15.0}, {""year"": 2024, ""percent"": 15.0}, {""year"": 2023, ""percent"": 15.0}, {""year"": 2022, ""percent"": 15.0}, {""year"": 2021, ""percent"": 15.0}, {""year"": 2020, ""percent"": 15.0}, {""year"": 2019, ""percent"": 20.0}, {""year"": 2018, ""percent"": 25.0}, {""year"": 2017, ""percent"": 30.0}, {""year"": 2016, ""percent"": 30.0}, {""year"": 2015, ""percent"": 30.0}]","[{""year"": 2024, ""percent"": 2.0}, {""year"": 2022, ""percent"": 2.0}, {""year"": 2021, ""percent"": 10.0}, {""year"": 2020, ""percent"": 15.0}, {""year"": 2019, ""percent"": 15.0}, {""year"": 2018, ""percent"": 10.0}, {""year"": 2016, ""percent"": 5.0}, {""year"": 2012, ""percent"": 15.0}, {""year"": 2011, ""percent"": 100.0}, {""year"": 2010, ""percent"": 25.0}, {""year"": 2009, ""percent"": 15.0}, {""year"": 2008, ""percent"": 30.0}]",15.0,2025.0,15,15.00 for 2025
dse_ownership,2026-09-08 09:52:20.105528+00:00,127,a4e388692d1a4e3fa50e0610a30f29c3,9d10bc6158def9b3f8aae3a613e116048585ce615e07e451391126769cee6190,200,511,DBH1STMF,"3% 2023, 7% 2022, 12% 2021, 8% 2019, 9% 2018, 5% 2017, 5% 2016, 4.00% 2015",-,-,30-Jun,38.1,0.0,,,2010.0,A,Y,Active,0.0,0.0,12174,"[{""year"": 2023, ""percent"": 3.0}, {""year"": 2022, ""percent"": 7.0}, {""year"": 2021, ""percent"": 12.0}, {""year"": 2019, ""percent"": 8.0}, {""year"": 2018, ""percent"": 9.0}, {""year"": 2017, ""percent"": 5.0}, {""year"": 2016, ""percent"": 5.0}, {""year"": 2015, ""percent"": 4.0}]",[],3.0,2023.0,13,3.00 for 2023
dse_ownership,2026-09-08 09:52:20.670428+00:00,128,a4e388692d1a4e3fa50e0610a30f29c3,03a539c7ccfb9c71366453175ae9eb23c6ee131caff2b7908f940d85d3464c05,200,406,DBLPBOND,-,-,-,31-Dec,0.0,0.0,,,2023.0,A,Y,,0.0,0.0,26012,[],[],,,11,
dse_ownership,2026-09-08 09:52:22.039685+00:00,129,a4e388692d1a4e3fa50e0610a30f29c3,f932b30943ee655d3d220be1b0bdb79769bc944732a4fa4eba6562dbff0c6895,200,1204,DEBARACEM,-,n/a,n/a,30-Jun,0.0,0.0,,,1998.0,A,N,,0.0,0.0,91633,[],[],,,11,
dse_ownership,2026-09-08 09:52:23.453989+00:00,130,a4e388692d1a4e3fa50e0610a30f29c3,d0c82f6c8e32b1522f5ecd22247f7f47a51b2d7152464c4478a43adc587c6826,200,1175,DEBBDLUGG,-,n/a,n/a,30-Jun,0.0,0.0,,,1996.0,A,N,,0.0,0.0,91625,[],[],,,11,
dse_ownership,2026-09-08 09:52:24.808102+00:00,131,a4e388692d1a4e3fa50e0610a30f29c3,899ab4a3c10b017c6ebfdf70a5b017e72a1a2507f71301431ec683c91d43c9b8,200,1204,DEBBDWELD,-,n/a,n/a,30-Jun,0.0,0.0,,,1999.0,A,N,,0.0,0.0,91305,[],[],,,11,
dse_ownership,2026-09-08 09:52:26.139850+00:00,132,a4e388692d1a4e3fa50e0610a30f29c3,fcab687368f2ab771f1efa8ffda7c2fcc35e56795db34e3a45e97df3164fc292,200,1143,DEBBDZIPP,-,n/a,n/a,30-Jun,0.0,0.0,,,1995.0,A,N,,0.0,0.0,91432,[],[],,,11,
dse_ownership,2026-09-08 09:52:30.308716+00:00,133,a4e388692d1a4e3fa50e0610a30f29c3,a4bd32246b632e042ffbf4846e12c19d72319358a3c702bdac966e9a325aa229,200,3923,DEBBXDENIM,-,n/a,n/a,30-Jun,0.0,0.0,,,1995.0,A,N,,0.0,0.0,91433,[],[],,,11,
dse_ownership,2026-09-08 09:52:34.047064+00:00,134,a4e388692d1a4e3fa50e0610a30f29c3,c55e8b82cdc43d26db2ccf54d8c09456a134474d633980b26705a2b24019b73c,200,3553,DEBBXFISH,-,n/a,n/a,30-Jun,0.0,0.0,,,1994.0,A,N,,0.0,0.0,91273,[],[],,,11,
dse_ownership,2026-09-08 09:52:34.649977+00:00,135,a4e388692d1a4e3fa50e0610a30f29c3,5e45db943e5d32b7101736d9ce08b98d93ac9ec1714c9fb2e290376f43cbffb1,200,445,DEBBXKNI,-,n/a,n/a,30-Jun,0.0,0.0,,,1994.0,A,N,,0.0,0.0,91422,[],[],,,11,
dse_ownership,2026-09-08 09:52:37.311805+00:00,136,a4e388692d1a4e3fa50e0610a30f29c3,5b93b4e9f7208444c8b5dca4728df1ea82b53a17fbc3a600d81f0b0c8ff4cae4,200,2378,DEBBXTEX,-,n/a,n/a,30-Jun,0.0,0.0,,,1995.0,A,N,,0.0,0.0,91431,[],[],,,11,
dse_ownership,2026-09-08 09:52:40.744177+00:00,139,a4e388692d1a4e3fa50e0610a30f29c3,6c6eaeae16e68584c34f2428f534270bb11549266fb37250822c26483e64e087,200,2627,DELTALIFE,"35% 2025, 30% 2024, 30% 2023, 30% 2022, 30% 2021, 30% 2020, 30% 2019, 26% 2018, 25% 2017, 20% 2016, 18% 2015","25% 2013, 2100% 2012, 50% 2004",n/a,31-Dec,0.0,0.0,https://www.deltalife.org/investors-corner,https://www.deltalife.org/news,1995.0,A,Y,Active,0.0,0.0,25716,"[{""year"": 2025, ""percent"": 35.0}, {""year"": 2024, ""percent"": 30.0}, {""year"": 2023, ""percent"": 30.0}, {""year"": 2022, ""percent"": 30.0}, {""year"": 2021, ""percent"": 30.0}, {""year"": 2020, ""percent"": 30.0}, {""year"": 2019, ""percent"": 30.0}, {""year"": 2018, ""percent"": 26.0}, {""year"": 2017, ""percent"": 25.0}, {""year"": 2016, ""percent"": 20.0}, {""year"": 2015, ""percent"": 18.0}]","[{""year"": 2013, ""percent"": 25.0}, {""year"": 2012, ""percent"": 2100.0}, {""year"": 2004, ""percent"": 50.0}]",35.0,2025.0,15,35.00 for 2025
dse_ownership,2026-09-08 09:52:42.913134+00:00,140,a4e388692d1a4e3fa50e0610a30f29c3,3e3145a84e3b301d108ca3a77d5e53d91d922c80fecb78702ff77eb59e1a4454,200,1913,DELTASPINN,5% 2015,"10% 2017, 10% 2016, 50%B 2012","2R:1 2014, 1R:1 2010, 1R:1 (At Par) 1996",30-Jun,515.9,0.0,https://www.delta-spinners.com/Financial%20Facts.html,https://www.delta-spinners.com/Price%20Sensitive%20Information.html,1995.0,Z,Y,Active,448.51,416.31,17427,"[{""year"": 2015, ""percent"": 5.0}]","[{""year"": 2017, ""percent"": 10.0}, {""year"": 2016, ""percent"": 10.0}]",,,15,10%B for 2017
dse_ownership,2026-09-08 09:52:43.608910+00:00,141,a4e388692d1a4e3fa50e0610a30f29c3,9d983726a61eb0c86b81859ff8bcb2e332446aa88837f8866a47219f26709c96,200,505,DESCO,"10% 2023, 10% 2022, 10% 2021, 10% 2020, 12% 2019, 10% 2018, 10% 2017, 10% 2016, 10% 2015","5% 2015, 10% 2014, 15% 2013, 15% 2012, 25% 2011, 30% 2010, 20% 2009, 5% 2008",n/a,30-Jun,10071.0,0.0,https://desco.gov.bd/site/page/a70d2331-4ca4-41e5-b626-5640ac51e3d2/-,https://desco.gov.bd/site/page/49d27741-ca35-4971-838e-1ac21f9dbbc0/-,2006.0,Z,Y,Active,12670.08,29479.38,15307,"[{""year"": 2023, ""percent"": 10.0}, {""year"": 2022, ""percent"": 10.0}, {""year"": 2021, ""percent"": 10.0}, {""year"": 2020, ""percent"": 10.0}, {""year"": 2019, ""percent"": 12.0}, {""year"": 2018, ""percent"": 10.0}, {""year"": 2017, ""percent"": 10.0}, {""year"": 2016, ""percent"": 10.0}, {""year"": 2015, ""percent"": 10.0}]","[{""year"": 2015, ""percent"": 5.0}, {""year"": 2014, ""percent"": 10.0}, {""year"": 2013, ""percent"": 15.0}, {""year"": 2012, ""percent"": 15.0}, {""year"": 2011, ""percent"": 25.0}, {""year"": 2010, ""percent"": 30.0}, {""year"": 2009, ""percent"": 20.0}, {""year"": 2008, ""percent"": 5.0}]",,,14,
dse_ownership,2026-09-08 09:52:45.746038+00:00,142,a4e388692d1a4e3fa50e0610a30f29c3,5cc766dce9d6ed7240db7b862be3e6da8dd8c73d75b9594c5cd1e8dc35a65f12,200,1975,DESHBANDHU,"1% 2024, 2.50% 2023, 5% 2022, 5% 2021, 5% 2020, 5% 2019, 5% 2018, 5% 2015","10% 2017, 10% 2014, 5% 2013, 5% 2012, 15% 2011,",-,30-Jun,278.5,-2.1,https://deshbandhupolymer.com/investor_information/financial_reports/,http://https://deshbandhupolymer.com/investor_information/price_sensitive_information/,2011.0,B,Y,Active,287.46,776.18,13229,"[{""year"": 2024, ""percent"": 1.0}, {""year"": 2023, ""percent"": 2.5}, {""year"": 2022, ""percent"": 5.0}, {""year"": 2021, ""percent"": 5.0}, {""year"": 2020, ""percent"": 5.0}, {""year"": 2019, ""percent"": 5.0}, {""year"": 2018, ""percent"": 5.0}, {""year"": 2015, ""percent"": 5.0}]","[{""year"": 2017, ""percent"": 10.0}, {""year"": 2014, ""percent"": 10.0}, {""year"": 2013, ""percent"": 5.0}, {""year"": 2012, ""percent"": 5.0}, {""year"": 2011, ""percent"": 15.0}]",,,14,
dse_ownership,2026-09-08 09:52:46.901532+00:00,143,a4e388692d1a4e3fa50e0610a30f29c3,8323f5ea6b11e3b21f9e7d8629064a909adb063862d5c644fabbf5d2c639911b,200,890,DGIC,"1% 2024, 5% 2023,  5% 2022, 10% 2021, 10% 2020, 12% 2019",-,-,31-Dec,451.8,0.0,https://deshinsurancebd.site/quarterly_report/#,https://deshinsurancebd.site/psi/,2021.0,B,Y,Active,0.0,69.99,25750,"[{""year"": 2024, ""percent"": 1.0}, {""year"": 2023, ""percent"": 5.0}, {""year"": 2022, ""percent"": 5.0}, {""year"": 2021, ""percent"": 10.0}, {""year"": 2020, ""percent"": 10.0}, {""year"": 2019, ""percent"": 12.0}]",[],1.0,2024.0,15,1.00 for 2024
dse_ownership,2026-09-08 09:52:47.900375+00:00,144,a4e388692d1a4e3fa50e0610a30f29c3,aba06575ef3dfbcfce94ba56d6c18d0d3bc0219d68bd165c554cca2bf2f81541,200,826,DHAKABANK,"10% 2025, 5% 2024, 10% 2023, 6% 2022, 12% 2021, 6% 2020, 5% 2019, 5% 2018, 10% 2016, 6% 2015","5% 2024, 6% 2022, 6% 2020, 5% 2019, 5% 2018, 12.5% 2017, 5% 2016, 10% 2015, 10% 2014, 5% 2013, 16% 2012, 30% 2011, 35% 2010, 25% 2009, 10% 2008, 25% 2007, 20% 2006,5% 2005, 35% 2004,25%  2003, 25%  2001, 10%  2000","1R:2  (At Par) 2005  ,    1R:2 (At Par) 2003",31-Dec,14420.8,0.0,https://dhakabankltd.com/financial-statements-reports/,https://dhakabankltd.com/price-sensitive-information/,2000.0,A,Y,Active,0.0,33134.11,11118,"[{""year"": 2025, ""percent"": 10.0}, {""year"": 2024, ""percent"": 5.0}, {""year"": 2023, ""percent"": 10.0}, {""year"": 2022, ""percent"": 6.0}, {""year"": 2021, ""percent"": 12.0}, {""year"": 2020, ""percent"": 6.0}, {""year"": 2019, ""percent"": 5.0}, {""year"": 2018, ""percent"": 5.0}, {""year"": 2016, ""percent"": 10.0}, {""year"": 2015, ""percent"": 6.0}]","[{""year"": 2024, ""percent"": 5.0}, {""year"": 2022, ""percent"": 6.0}, {""year"": 2020, ""percent"": 6.0}, {""year"": 2019, ""percent"": 5.0}, {""year"": 2018, ""percent"": 5.0}, {""year"": 2017, ""percent"": 12.5}, {""year"": 2016, ""percent"": 5.0}, {""year"": 2015, ""percent"": 10.0}, {""year"": 2014, ""percent"": 10.0}, {""year"": 2013, ""percent"": 5.0}, {""year"": 2012, ""percent"": 16.0}, {""year"": 2011, ""percent"": 30.0}, {""year"": 2010, ""percent"": 35.0}, {""year"": 2009, ""percent"": 25.0}, {""year"": 2008, ""percent"": 10.0}, {""year"": 2007, ""percent"": 25.0}, {""year"": 2006, ""percent"": 20.0}, {""year"": 2005, ""percent"": 5.0}, {""year"": 2004, ""percent"": 35.0}, {""year"": 2003, ""percent"": 25.0}, {""year"": 2001, ""percent"": 25.0}, {""year"": 2000, ""percent"": 10.0}]",10.0,2025.0,15,10.00 for 2025
dse_ownership,2026-09-08 09:52:50.120416+00:00,145,a4e388692d1a4e3fa50e0610a30f29c3,6c291fbde49f912b531cde3fec0ed2cdc9bc47b57924db8cd0bd72e2b3f0c80a,200,2062,DHAKAINS,"10% 2025, 10% 2024, 17% 2023, 20% 2022, 25% 2021, 20% 2020, 15% 2019, 15% 2018, 12.5% 2017, 12% 2016, 12.50% 2015","7% 2014, 25% 2011, 100% 2010",-,31-Dec,1053.3,0.0,https://dhakainsurancebd.com/annual-report/,https://dhakainsurancebd.com/price-sensitive-information/,2010.0,A,Y,Active,0.0,0.0,25744,"[{""year"": 2025, ""percent"": 10.0}, {""year"": 2024, ""percent"": 10.0}, {""year"": 2023, ""percent"": 17.0}, {""year"": 2022, ""percent"": 20.0}, {""year"": 2021, ""percent"": 25.0}, {""year"": 2020, ""percent"": 20.0}, {""year"": 2019, ""percent"": 15.0}, {""year"": 2018, ""percent"": 15.0}, {""year"": 2017, ""percent"": 12.5}, {""year"": 2016, ""percent"": 12.0}, {""year"": 2015, ""percent"": 12.5}]","[{""year"": 2014, ""percent"": 7.0}, {""year"": 2011, ""percent"": 25.0}, {""year"": 2010, ""percent"": 100.0}]",10.0,2025.0,15,10.00 for 2025
dse_ownership,2026-09-08 09:52:50.787431+00:00,146,a4e388692d1a4e3fa50e0610a30f29c3,fcd2403915c8bb923d229b1ddc78d7e47b3d994b49ad0837dfbb5fb44e4f2ea1,200,371,DOMINAGE,"0.35% 2025, 0.25% 2024, 0.50% 2023, 2% 2022, 5% 2021, 2% 2020",8% 2020,-,30-Jun,735.1,0.0,https://www.dominage.net/audited-financial-statements/,https://www.dominage.net/psi/,2020.0,B,Y,Active,67.56,7.35,13249,"[{""year"": 2025, ""percent"": 0.35}, {""year"": 2024, ""percent"": 0.25}, {""year"": 2023, ""percent"": 0.5}, {""year"": 2022, ""percent"": 2.0}, {""year"": 2021, ""percent"": 5.0}, {""year"": 2020, ""percent"": 2.0}]","[{""year"": 2020, ""percent"": 8.0}]",0.35,2025.0,15,0.35 for 2025
dse_ownership,2026-09-08 09:52:52.876685+00:00,147,a4e388692d1a4e3fa50e0610a30f29c3,966ded867ad358052d85401247f86fef1550dc2aadcb7618382a6b0592790e9c,200,1909,DOREENPWR,"10% 2025, 10% 2024, 11% 2023, 18% 2022, 13% 2021, 10% 2020, 17% 2019, 15% 2018, 10% 2017, 10% 2016","12% 2022, 12% 2021, 10% 2020, 13% 2019, 10% 2018, 10% 2017, 20% 2016",-,30-Jun,7323.0,0.0,http://www.doreenpower.com/#FINANCIALHIGHLIGHTa,http://www.doreenpower.com/#PRICESENSITIVEINFOa,2016.0,A,Y,Active,9136.15,4946.62,15319,"[{""year"": 2025, ""percent"": 10.0}, {""year"": 2024, ""percent"": 10.0}, {""year"": 2023, ""percent"": 11.0}, {""year"": 2022, ""percent"": 18.0}, {""year"": 2021, ""percent"": 13.0}, {""year"": 2020, ""percent"": 10.0}, {""year"": 2019, ""percent"": 17.0}, {""year"": 2018, ""percent"": 15.0}, {""year"": 2017, ""percent"": 10.0}, {""year"": 2016, ""percent"": 10.0}]","[{""year"": 2022, ""percent"": 12.0}, {""year"": 2021, ""percent"": 12.0}, {""year"": 2020, ""percent"": 10.0}, {""year"": 2019, ""percent"": 13.0}, {""year"": 2018, ""percent"": 10.0}, {""year"": 2017, ""percent"": 10.0}, {""year"": 2016, ""percent"": 20.0}]",10.0,2025.0,15,10.00 for 2025
dse_ownership,2026-09-08 09:52:56.974362+00:00,154,a4e388692d1a4e3fa50e0610a30f29c3,eef8d6678ebf9bbbd7e541160838ff061205fe46d6db24824b7f78a7a64ff40f,200,2106,DSHGARME,"3% 2025, 3% 2024, 3% 2023, 5% 2021, 5% 2017","10% 2022, 3% 2020, 10% 2019, 10% 2018, 15% 2017, 30% 2016, 20% 2015",n/a,30-Jun,74.9,1143.7,https://www.deshgroup.com/company/desh-garments-limited/,https://www.deshgroup.com/company/desh-garments-limited/,1989.0,B,Y,Active,90.85,153.29,17415,"[{""year"": 2025, ""percent"": 3.0}, {""year"": 2024, ""percent"": 3.0}, {""year"": 2023, ""percent"": 3.0}, {""year"": 2021, ""percent"": 5.0}, {""year"": 2017, ""percent"": 5.0}]","[{""year"": 2022, ""percent"": 10.0}, {""year"": 2020, ""percent"": 3.0}, {""year"": 2019, ""percent"": 10.0}, {""year"": 2018, ""percent"": 10.0}, {""year"": 2017, ""percent"": 15.0}, {""year"": 2016, ""percent"": 30.0}, {""year"": 2015, ""percent"": 20.0}]",3.0,2025.0,15,3.00 for 2025
dse_ownership,2026-09-08 09:52:57.670197+00:00,155,a4e388692d1a4e3fa50e0610a30f29c3,f75cbe41629bfc71f743e59ee8fc1554ddc781448d944e398e4ae2c6c44ebca1,200,453,DSSL,"0.50% 2025, 1% 2024, 1% 2023, 2% 2022, 5% 2021, 5% 2018","5% 2021, 15% 2020, 10% 2019, 20% 2018, 15% 2017, 15% 2016",-,30-Jun,1725.3,0.0,,,2016.0,B,Y,Active,0.0,0.0,17471,"[{""year"": 2025, ""percent"": 0.5}, {""year"": 2024, ""percent"": 1.0}, {""year"": 2023, ""percent"": 1.0}, {""year"": 2022, ""percent"": 2.0}, {""year"": 2021, ""percent"": 5.0}, {""year"": 2018, ""percent"": 5.0}]","[{""year"": 2021, ""percent"": 5.0}, {""year"": 2020, ""percent"": 15.0}, {""year"": 2019, ""percent"": 10.0}, {""year"": 2018, ""percent"": 20.0}, {""year"": 2017, ""percent"": 15.0}, {""year"": 2016, ""percent"": 15.0}]",0.5,2025.0,13,0.50 for 2025
dse_ownership,2026-09-08 09:52:59.900527+00:00,156,a4e388692d1a4e3fa50e0610a30f29c3,e15a994103a62522dd5c4f2676c72da549a9669cf43a45a6a92ae56509a5c765,200,2060,DULAMIACOT,3.00% 2025,n/a,n/a,30-Jun,-376.6,0.0,https://www.dulamiabd.com,https://www.dulamiabd.com,1989.0,Z,Y,Operation Shutdown,285.63,69.19,17416,"[{""year"": 2025, ""percent"": 3.0}]",[],3.0,2025.0,15,3.00 for 2025
dse_ownership,2026-09-08 09:53:02.002180+00:00,157,a4e388692d1a4e3fa50e0610a30f29c3,eeeb7845d0017e31ce3e1b2838461ff3ffd773246106404e66704b0f77fabdab,200,1907,DUTCHBANGL,"25% 2025, 10.00% 2024, 17.50% 2023, 17.50% 2022, 17.50% 2021, 15% 2020,15% 2019, 30% 2017, 30% 2016, 40% 2015","5% 2025, 10.00% 2024, 17.50% 2023, 7.5% 2022, 10% 2021, 15% 2020, 10% 2019, 150% 2018, 33.33% 2009, 50% 2008, 394.17% 2007",n/a,31-Dec,60070.5,0.0,https://www.dutchbanglabank.com/investor-relations/Interim_Report/Audited_Financial_Statement_2024/Audited_Financial_StatementsofDBBL31December2024.pdf,https://www.dutchbanglabank.com/investor-relations/price-sensitive-information.html,2001.0,A,Y,Active,0.0,32971.44,11121,"[{""year"": 2025, ""percent"": 25.0}, {""year"": 2024, ""percent"": 10.0}, {""year"": 2023, ""percent"": 17.5}, {""year"": 2022, ""percent"": 17.5}, {""year"": 2021, ""percent"": 17.5}, {""year"": 2020, ""percent"": 15.0}, {""year"": 2019, ""percent"": 15.0}, {""year"": 2017, ""percent"": 30.0}, {""year"": 2016, ""percent"": 30.0}, {""year"": 2015, ""percent"": 40.0}]","[{""year"": 2025, ""percent"": 5.0}, {""year"": 2024, ""percent"": 10.0}, {""year"": 2023, ""percent"": 17.5}, {""year"": 2022, ""percent"": 7.5}, {""year"": 2021, ""percent"": 10.0}, {""year"": 2020, ""percent"": 15.0}, {""year"": 2019, ""percent"": 10.0}, {""year"": 2018, ""percent"": 150.0}, {""year"": 2009, ""percent"": 33.33}, {""year"": 2008, ""percent"": 50.0}, {""year"": 2007, ""percent"": 394.17}]",,,15,"25.00, 5%B for 2025"
dse_ownership,2026-09-08 09:53:04.630555+00:00,158,a4e388692d1a4e3fa50e0610a30f29c3,c19073eb306274e6b9728d29dce76869832584c41a28cb7b1090ec03e08c9990,200,2309,EASTERNINS,"15% 2025, 15% 2024, 20% 2023, 22% 2022, 22% 2021, 20% 2020, 20% 2019, 20% 2018, 20% 2017, 20% 2016, 20% 2015, 20% 2014","5% 2011, 10% 2010, 20% 2009, 20% 2008, 20% 2007, 20% 2006, 20% 2005, 25% 2004",1R:1 2011,31-Dec,495.3,0.0,https://eiclbd.com/annual-report/,https://eiclbd.com/price-sensitive-information/,1994.0,A,Y,Active,0.0,0.0,25705,"[{""year"": 2025, ""percent"": 15.0}, {""year"": 2024, ""percent"": 15.0}, {""year"": 2023, ""percent"": 20.0}, {""year"": 2022, ""percent"": 22.0}, {""year"": 2021, ""percent"": 22.0}, {""year"": 2020, ""percent"": 20.0}, {""year"": 2019, ""percent"": 20.0}, {""year"": 2018, ""percent"": 20.0}, {""year"": 2017, ""percent"": 20.0}, {""year"": 2016, ""percent"": 20.0}, {""year"": 2015, ""percent"": 20.0}, {""year"": 2014, ""percent"": 20.0}]","[{""year"": 2011, ""percent"": 5.0}, {""year"": 2010, ""percent"": 10.0}, {""year"": 2009, ""percent"": 20.0}, {""year"": 2008, ""percent"": 20.0}, {""year"": 2007, ""percent"": 20.0}, {""year"": 2006, ""percent"": 20.0}, {""year"": 2005, ""percent"": 20.0}, {""year"": 2004, ""percent"": 25.0}]",15.0,2025.0,15,15.00 for 2025
dse_ownership,2026-09-08 09:53:05.319579+00:00,159,a4e388692d1a4e3fa50e0610a30f29c3,d0ef28515e51b2ca0eaa8c4986f0f47a2d30b677bbbd2d0e9f0366083809ad06,200,514,EASTLAND,"10% 2025, 10% 2024, 10% 2023, 10% 2022, 10% 2021, 7% 2020, 5% 2019, 7% 2018, 7.5% 2017, 10%2016, 10% 2015","3% 2020, 5% 2019, 5% 2018, 7.5% 2017, 5% 2016, 10% 2015, 10% 2014, 10% 2013, 30% 2012, 37% 2010, 30% 2009, 30% 2008, 25% 2007, 21% 2006, 20% 2005","1R:2 ,2005",31-Dec,971.3,0.0,https://eastlandinsurance.com/financial-highlights,https://eastlandinsurance.com/price-sensitive-information,1994.0,A,Y,Active,0.0,0.0,25708,"[{""year"": 2025, ""percent"": 10.0}, {""year"": 2024, ""percent"": 10.0}, {""year"": 2023, ""percent"": 10.0}, {""year"": 2022, ""percent"": 10.0}, {""year"": 2021, ""percent"": 10.0}, {""year"": 2020, ""percent"": 7.0}, {""year"": 2019, ""percent"": 5.0}, {""year"": 2018, ""percent"": 7.0}, {""year"": 2017, ""percent"": 7.5}, {""year"": 2016, ""percent"": 10.0}, {""year"": 2015, ""percent"": 10.0}]","[{""year"": 2020, ""percent"": 3.0}, {""year"": 2019, ""percent"": 5.0}, {""year"": 2018, ""percent"": 5.0}, {""year"": 2017, ""percent"": 7.5}, {""year"": 2016, ""percent"": 5.0}, {""year"": 2015, ""percent"": 10.0}, {""year"": 2014, ""percent"": 10.0}, {""year"": 2013, ""percent"": 10.0}, {""year"": 2012, ""percent"": 30.0}, {""year"": 2010, ""percent"": 37.0}, {""year"": 2009, ""percent"": 30.0}, {""year"": 2008, ""percent"": 30.0}, {""year"": 2007, ""percent"": 25.0}, {""year"": 2006, ""percent"": 21.0}, {""year"": 2005, ""percent"": 20.0}]",10.0,2025.0,15,10.00 for 2025
dse_ownership,2026-09-08 09:53:05.894834+00:00,160,a4e388692d1a4e3fa50e0610a30f29c3,a395da1c3460da1e5b90246c8ec9ddf47fa7a757f5c7abc9f9e8dc6d8ffd8609,200,406,EASTRNLUB,"80% 2025, 80% 2024, 60% 2023, 40% 2022, 140% 2021, 30% 2020, 100% 2019, 100% 2018, 100% 2017, 100% 2016","50% 2025, 10% 2024, 10% 2023, 10% 2022, 20% 2021",n/a,30-Jun,309.3,-0.7,https://elbl.portal.gov.bd/site/view/monthly_reports,https://elbl.portal.gov.bd/site/page/9b7bdb52-911e-4057-8460-9be827109d8b,1976.0,A,Y,Active,0.0,0.0,15303,"[{""year"": 2025, ""percent"": 80.0}, {""year"": 2024, ""percent"": 80.0}, {""year"": 2023, ""percent"": 60.0}, {""year"": 2022, ""percent"": 40.0}, {""year"": 2021, ""percent"": 140.0}, {""year"": 2020, ""percent"": 30.0}, {""year"": 2019, ""percent"": 100.0}, {""year"": 2018, ""percent"": 100.0}, {""year"": 2017, ""percent"": 100.0}, {""year"": 2016, ""percent"": 100.0}]","[{""year"": 2025, ""percent"": 50.0}, {""year"": 2024, ""percent"": 10.0}, {""year"": 2023, ""percent"": 10.0}, {""year"": 2022, ""percent"": 10.0}, {""year"": 2021, ""percent"": 20.0}]",,,15,"80.00, 50% B for 2025"
dse_ownership,2026-09-08 09:53:06.571602+00:00,161,a4e388692d1a4e3fa50e0610a30f29c3,4c9f418230893bb475fe73724bcd2ef475752a73a225f4514c5069a8e6a55795,200,379,EBL,"25% 2025, 17.50% 2024, 12.50% 2023, 12.50% 2022, 12.50% 2021, 17.50% 2020, 15% 2019, 20% 2018, 20% 2017, 20% 2016, 20% 2015","3% 2025, 17.50% 2024,  12.50% 2023,  12.50% 2022,  12.50% 2021, 17.50 2020, 10% 2018, 5% 2016, 15% 2015, 35% 2011, 55% 2010, 17% 2009, 20% 2008, 34% 2007, 25% 2006, 15% 2002,  20% 2000","1R:2, 2009",31-Dec,33646.5,0.0,http://www.ebl.com.bd/annual-reports,http://www.ebl.com.bd/price-sensitive-information,1993.0,A,Y,Active,0.0,106815.61,11112,"[{""year"": 2025, ""percent"": 25.0}, {""year"": 2024, ""percent"": 17.5}, {""year"": 2023, ""percent"": 12.5}, {""year"": 2022, ""percent"": 12.5}, {""year"": 2021, ""percent"": 12.5}, {""year"": 2020, ""percent"": 17.5}, {""year"": 2019, ""percent"": 15.0}, {""year"": 2018, ""percent"": 20.0}, {""year"": 2017, ""percent"": 20.0}, {""year"": 2016, ""percent"": 20.0}, {""year"": 2015, ""percent"": 20.0}]","[{""year"": 2025, ""percent"": 3.0}, {""year"": 2024, ""percent"": 17.5}, {""year"": 2023, ""percent"": 12.5}, {""year"": 2022, ""percent"": 12.5}, {""year"": 2021, ""percent"": 12.5}, {""year"": 2018, ""percent"": 10.0}, {""year"": 2016, ""percent"": 5.0}, {""year"": 2015, ""percent"": 15.0}, {""year"": 2011, ""percent"": 35.0}, {""year"": 2010, ""percent"": 55.0}, {""year"": 2009, ""percent"": 17.0}, {""year"": 2008, ""percent"": 20.0}, {""year"": 2007, ""percent"": 34.0}, {""year"": 2006, ""percent"": 25.0}, {""year"": 2002, ""percent"": 15.0}, {""year"": 2000, ""percent"": 20.0}]",,,15,"25.00, 3%B for 2025"
dse_ownership,2026-09-08 09:53:07.127233+00:00,162,a4e388692d1a4e3fa50e0610a30f29c3,266c85132cc2870bb7ce1aeb104b9f92c31d11613fdb6c3deeafb181aea1b963,200,380,EBL1STMF,"6% 2022, 13% 2021, 3% 2019, 2% 2018, 2% 2017","8%RIU 2018, 10%RIU 2017, 9%RIU 2016, 7%RIU 2015, 10%RIU 2013",-,30-Jun,-306.7,0.0,http://www.racebd.com/index.php?menu=FinancialReport&Fund=eb11mf,http://www.ebl1stmf.com/,2009.0,A,Y,Active,0.0,0.0,12169,"[{""year"": 2022, ""percent"": 6.0}, {""year"": 2021, ""percent"": 13.0}, {""year"": 2019, ""percent"": 3.0}, {""year"": 2018, ""percent"": 2.0}, {""year"": 2017, ""percent"": 2.0}]",[],,,14,
dse_ownership,2026-09-08 09:53:10.050309+00:00,163,a4e388692d1a4e3fa50e0610a30f29c3,30049148634ddeb2f5dd497b0c82e4d3618621cbb031f357add13d86eeeafdb5,200,2743,EBLNRBMF,"7% 2023, 11% 2022, 6% 2021, 3% 2019, 2% 2018, 2% 2017","7%RIU 2018, 10%RIU 2017, 5%RIU 2016, 6%RIU 2015, 10%RIU 2014, 10%RIU 2013",-,30-Jun,-531.2,0.0,http://www.racebd.com/index.php?menu=FinancialReport&Fund=eb1nrbmf,http://www.eblnrbmf.com/,2011.0,A,Y,Active,0.0,0.0,12186,"[{""year"": 2023, ""percent"": 7.0}, {""year"": 2022, ""percent"": 11.0}, {""year"": 2021, ""percent"": 6.0}, {""year"": 2019, ""percent"": 3.0}, {""year"": 2018, ""percent"": 2.0}, {""year"": 2017, ""percent"": 2.0}]",[],,,14,
dse_ownership,2026-09-08 09:53:12.100327+00:00,164,a4e388692d1a4e3fa50e0610a30f29c3,c5b91713c43727e751a469b210b66e92be31568a6c7103b52ee2b1bebd4f2906,200,1807,ECABLES,"2% 2024, 3% 2023, 2% 2022, 5% 2019, 10% 2017, 10% 2016, 12% 2015","10% 2018, 20% 1996",n/a,30-Jun,8694.1,0.0,,,1986.0,B,Y,Active,534.55,77.44,13206,"[{""year"": 2024, ""percent"": 2.0}, {""year"": 2023, ""percent"": 3.0}, {""year"": 2022, ""percent"": 2.0}, {""year"": 2019, ""percent"": 5.0}, {""year"": 2017, ""percent"": 10.0}, {""year"": 2016, ""percent"": 10.0}, {""year"": 2015, ""percent"": 12.0}]","[{""year"": 2018, ""percent"": 10.0}, {""year"": 1996, ""percent"": 20.0}]",,,12,
dse_ownership,2026-09-08 09:53:12.792789+00:00,165,a4e388692d1a4e3fa50e0610a30f29c3,78d234383d6e5bc99500cfa0041dcfb29b2bd0a7e3dc5dec7042d34b26a46145,200,520,EGEN,"2.25% 2025, 10% 2024,10% 2023, 10% 2022, 10% 2021",-,-,30-Jun,817.1,0.0,https://egeneration.co/audited-financial-statement.html,https://egeneration.co/price-sensitive-information.html,2021.0,B,Y,Active,130.58,0.0,22652,"[{""year"": 2025, ""percent"": 2.25}, {""year"": 2024, ""percent"": 10.0}, {""year"": 2023, ""percent"": 10.0}, {""year"": 2022, ""percent"": 10.0}, {""year"": 2021, ""percent"": 10.0}]",[],2.25,2025.0,15,2.25 for 2025
dse_ownership,2026-09-08 09:53:15.477864+00:00,166,a4e388692d1a4e3fa50e0610a30f29c3,c6d47cbf41eef0f96d6071bde8505d743966e0c08fb2e572b51ce4225d52a3a7,200,2512,EHL,"25% 2025, 19% 2024, 25% 2023, 20% 2022, 15% 2021 , 15% 2020, 20% 2019, 25% 2018, 22% 2017, 15% 2016","5% 2016, 5% 2015, 5% 2014, 12.50% 2013, 10% 2012, 5% 2011",n/a,30-Jun,7467.0,0.0,https://easternhousing.com/investor/financial-statements/annual-reports/,https://easternhousing.com/investor/price-sensitive-information,1994.0,A,Y,Active,6.83,0.0,20620,"[{""year"": 2025, ""percent"": 25.0}, {""year"": 2024, ""percent"": 19.0}, {""year"": 2023, ""percent"": 25.0}, {""year"": 2022, ""percent"": 20.0}, {""year"": 2021, ""percent"": 15.0}, {""year"": 2020, ""percent"": 15.0}, {""year"": 2019, ""percent"": 20.0}, {""year"": 2018, ""percent"": 25.0}, {""year"": 2017, ""percent"": 22.0}, {""year"": 2016, ""percent"": 15.0}]","[{""year"": 2016, ""percent"": 5.0}, {""year"": 2015, ""percent"": 5.0}, {""year"": 2014, ""percent"": 5.0}, {""year"": 2013, ""percent"": 12.5}, {""year"": 2012, ""percent"": 10.0}, {""year"": 2011, ""percent"": 5.0}]",25.0,2025.0,15,25.00 for 2025
dse_ownership,2026-09-08 09:53:16.198111+00:00,167,a4e388692d1a4e3fa50e0610a30f29c3,6975d19377e2005e51f284837ac5f5ee765479a6e7a0ad2c9d303bd23e682104,200,465,EIL,"5% 2025, 5% 2024, 7% 2023, 7% 2022, 10% 2021, 7% 2020",-,-,31-Dec,646.3,0.0,https://eilbd.com/quarterly-report,https://eilbd.com/price-sensitive-information1,2020.0,B,Y,Active,0.0,0.0,25748,"[{""year"": 2025, ""percent"": 5.0}, {""year"": 2024, ""percent"": 5.0}, {""year"": 2023, ""percent"": 7.0}, {""year"": 2022, ""percent"": 7.0}, {""year"": 2021, ""percent"": 10.0}, {""year"": 2020, ""percent"": 7.0}]",[],5.0,2025.0,15,5.00 for 2025
dse_ownership,2026-09-08 09:53:16.910103+00:00,168,a4e388692d1a4e3fa50e0610a30f29c3,2f7e198d98640760caa12eea5f27df14bb033f262df88c5168cdb798999556b7,200,511,EMERALDOIL,"10% 2023, 2% 2022, 10% 2015, 10% 2014","10% 2016, 10% 2015, 5% 2014",-,30-Jun,-1859.0,0.0,,,2014.0,Z,Y,Operation Shutdown,6.57,1304.46,14295,"[{""year"": 2023, ""percent"": 10.0}, {""year"": 2022, ""percent"": 2.0}, {""year"": 2015, ""percent"": 10.0}, {""year"": 2014, ""percent"": 10.0}]","[{""year"": 2016, ""percent"": 10.0}, {""year"": 2015, ""percent"": 10.0}, {""year"": 2014, ""percent"": 5.0}]",10.0,2023.0,13,10.00 for 2023
dse_ownership,2026-09-08 09:53:18.125629+00:00,171,a4e388692d1a4e3fa50e0610a30f29c3,1a7cf310bda0cf5474f93287d333ea8200fc1b7c94e65e897d0be8b380184790,200,351,ENVOYTEX,"30% 2025, 20% 2024, 15% 2023, 15% 2022, 10% 2021, 5% 2020, 15% 2019, 10% 2018, 7% 2017, 12% 2016, 17% 2015","2% 2018, 5% 2017, 3% 2016, 5% 2015, 3% 2014, 3% 2013, 5% 2012",-,30-Jun,7009.7,0.0,https://envoytextiles.com/envoy/investors-reports.php,https://envoytextiles.com/envoy/investors-price.php,2012.0,A,Y,Active,7385.45,3014.14,17455,"[{""year"": 2025, ""percent"": 30.0}, {""year"": 2024, ""percent"": 20.0}, {""year"": 2023, ""percent"": 15.0}, {""year"": 2022, ""percent"": 15.0}, {""year"": 2021, ""percent"": 10.0}, {""year"": 2020, ""percent"": 5.0}, {""year"": 2019, ""percent"": 15.0}, {""year"": 2018, ""percent"": 10.0}, {""year"": 2017, ""percent"": 7.0}, {""year"": 2016, ""percent"": 12.0}, {""year"": 2015, ""percent"": 17.0}]","[{""year"": 2018, ""percent"": 2.0}, {""year"": 2017, ""percent"": 5.0}, {""year"": 2016, ""percent"": 3.0}, {""year"": 2015, ""percent"": 5.0}, {""year"": 2014, ""percent"": 3.0}, {""year"": 2013, ""percent"": 3.0}, {""year"": 2012, ""percent"": 5.0}]",30.0,2025.0,15,30.00 for 2025
dse_ownership,2026-09-08 09:53:18.675656+00:00,172,a4e388692d1a4e3fa50e0610a30f29c3,64057b65c79b2ba28b4311a76489a1ea735424cba74afb9ff473c6d822633fcc,200,378,EPGL,"2% 2025, 5% 2023, 10% 2022, 10% 2021",-,-,30-Jun,2342.5,14.1,,,2021.0,B,Y,Active,2805.42,10579.73,15322,"[{""year"": 2025, ""percent"": 2.0}, {""year"": 2023, ""percent"": 5.0}, {""year"": 2022, ""percent"": 10.0}, {""year"": 2021, ""percent"": 10.0}]",[],2.0,2025.0,13,2.00 for 2025
dse_ownership,2026-09-08 09:53:19.233297+00:00,173,a4e388692d1a4e3fa50e0610a30f29c3,7415c90dea2a2208acabc48c5c4dc41b4b7c5b956461ca99647469802c6a51d6,200,384,ESQUIRENIT,"10% 2025, 10% 2024, 10% 2023, 10% 2022, 15% 2021,15% 2020, 15% 2019",-,-,30-Jun,6346.1,0.0,,,2019.0,A,Y,Active,3318.71,2787.21,17481,"[{""year"": 2025, ""percent"": 10.0}, {""year"": 2024, ""percent"": 10.0}, {""year"": 2023, ""percent"": 10.0}, {""year"": 2022, ""percent"": 10.0}, {""year"": 2021, ""percent"": 15.0}, {""year"": 2020, ""percent"": 15.0}, {""year"": 2019, ""percent"": 15.0}]",[],10.0,2025.0,13,10.00 for 2025
dse_ownership,2026-09-08 09:53:19.909123+00:00,174,a4e388692d1a4e3fa50e0610a30f29c3,b5d9837e3badfefb5977280a30d675a269dd6b82209ec69ab09d49f2f7a6dae0,200,379,ETL,"2.50% 2025, 2.50% 2024, 2.25% 2023, 2% 2022, 2% 2021, 2% 2019, 10% 2016","5% 2020, 10% 2019, 10% 2017, 20% 2016",-,30-Jun,519.6,0.0,https://www.evincetextiles.com/index.php/ipo,https://www.evincetextiles.com/index.php/ipo,2016.0,B,Y,Active,2242.72,756.82,17472,"[{""year"": 2025, ""percent"": 2.5}, {""year"": 2024, ""percent"": 2.5}, {""year"": 2023, ""percent"": 2.25}, {""year"": 2022, ""percent"": 2.0}, {""year"": 2021, ""percent"": 2.0}, {""year"": 2019, ""percent"": 2.0}, {""year"": 2016, ""percent"": 10.0}]","[{""year"": 2020, ""percent"": 5.0}, {""year"": 2019, ""percent"": 10.0}, {""year"": 2017, ""percent"": 10.0}, {""year"": 2016, ""percent"": 20.0}]",2.5,2025.0,15,2.50 for 2025
dse_ownership,2026-09-08 09:53:22.203195+00:00,175,a4e388692d1a4e3fa50e0610a30f29c3,6ed0dcdb504d34cb02da834a04eedfb173e884625cdde2800cf08b103a1007a3,200,2107,EXIM1STMF,"3% 2023, 7% 2022, 7.50% 2021, 3.5% 2019, 2% 2018, 2% 2017","9%RIU 2018, 10%RIU 2017, 5%RIU, 8%RIU 2015, 12%RIU 2014",-,30-Jun,-263.9,0.0,,http://www.exim1stmf.com/,2013.0,A,Y,Active,0.0,0.0,12194,"[{""year"": 2023, ""percent"": 3.0}, {""year"": 2022, ""percent"": 7.0}, {""year"": 2021, ""percent"": 7.5}, {""year"": 2019, ""percent"": 3.5}, {""year"": 2018, ""percent"": 2.0}, {""year"": 2017, ""percent"": 2.0}]",[],,,13,
dse_ownership,2026-09-08 09:53:22.912987+00:00,176,a4e388692d1a4e3fa50e0610a30f29c3,99afa645f042e8d5bfad94c11241c4f882935f26ff35d2db0264aa6410c1dba7,200,530,EXIMBANK,"10% 2023, 10% 2022, 10% 2021, 7.50% 2020, 10% 2019, 10% 2018, 12.50% 2017, 15% 2016, 12% 2015","2.50% 2020,10% 2014, 11% 2013, 10% 2012, 14% 2011, 35% 2010, 35% 2009, 26% 2008, 25% 2007, 25% 2006, 30% 2005, 40% 2004","1R:2 2010, 1R:2 2006",31-Dec,17103.9,0.0,http://www.eximbankbd.com/report/Annual_Reports,http://www.eximbankbd.com/governance/psi,2004.0,A,Y,Active,0.0,111263.46,11129,"[{""year"": 2023, ""percent"": 10.0}, {""year"": 2022, ""percent"": 10.0}, {""year"": 2021, ""percent"": 10.0}, {""year"": 2020, ""percent"": 7.5}, {""year"": 2019, ""percent"": 10.0}, {""year"": 2018, ""percent"": 10.0}, {""year"": 2017, ""percent"": 12.5}, {""year"": 2016, ""percent"": 15.0}, {""year"": 2015, ""percent"": 12.0}]","[{""year"": 2020, ""percent"": 2.5}, {""year"": 2014, ""percent"": 10.0}, {""year"": 2013, ""percent"": 11.0}, {""year"": 2012, ""percent"": 10.0}, {""year"": 2011, ""percent"": 14.0}, {""year"": 2010, ""percent"": 35.0}, {""year"": 2009, ""percent"": 35.0}, {""year"": 2008, ""percent"": 26.0}, {""year"": 2007, ""percent"": 25.0}, {""year"": 2006, ""percent"": 25.0}, {""year"": 2005, ""percent"": 30.0}, {""year"": 2004, ""percent"": 40.0}]",,,14,
dse_ownership,2026-09-08 09:53:23.845334+00:00,177,a4e388692d1a4e3fa50e0610a30f29c3,cd9d5b0c2604d0196efad025d8b7b430d60c198db8a873bb105bf28554210a8e,200,669,FAMILYTEX,-,"5% 2018, 5% 2017, 5% 2016, 10% 2014, 100% 2013",-,30-Jun,523.9,0.0,,,2013.0,Z,Y,Closed,319.82,0.0,17457,[],"[{""year"": 2018, ""percent"": 5.0}, {""year"": 2017, ""percent"": 5.0}, {""year"": 2016, ""percent"": 5.0}, {""year"": 2014, ""percent"": 10.0}, {""year"": 2013, ""percent"": 100.0}]",,,12,
dse_ownership,2026-09-08 09:53:25.948688+00:00,178,a4e388692d1a4e3fa50e0610a30f29c3,c9cb7ef7166fde861ee53ab9e53c77508d6eea734f3d211ccdd1627f9ae51c4f,200,1912,FARCHEM,"1% 2024, 1% 2021, 1% 2020, 5% 2016","10% 2019, 10% 2018, 10% 2017, 20% 2016, 25% 2015, 20% 2014",-,30-Jun,3447.8,0.0,,,2014.0,B,Y,Active,2140.03,224.77,18490,"[{""year"": 2024, ""percent"": 1.0}, {""year"": 2021, ""percent"": 1.0}, {""year"": 2020, ""percent"": 1.0}, {""year"": 2016, ""percent"": 5.0}]","[{""year"": 2019, ""percent"": 10.0}, {""year"": 2018, ""percent"": 10.0}, {""year"": 2017, ""percent"": 10.0}, {""year"": 2016, ""percent"": 20.0}, {""year"": 2015, ""percent"": 25.0}, {""year"": 2014, ""percent"": 20.0}]",,,12,
dse_ownership,2026-09-08 09:53:28.216512+00:00,179,a4e388692d1a4e3fa50e0610a30f29c3,55b4103caadb43ca0b0953c311d1cac9fd5467e8cfdbb74198613aa0b938b925,200,2105,FAREASTFIN,"5% 2016, 10% 2015",2.5% 2014,-,31-Dec,-9921.9,0.0,https://www.ffilbd.com/financial_statements.php,https://www.ffilbd.com/price_sensitive_info.php,2013.0,Z,Y,Active,0.0,3556.23,28023,"[{""year"": 2016, ""percent"": 5.0}, {""year"": 2015, ""percent"": 10.0}]","[{""year"": 2014, ""percent"": 2.5}]",,,14,
dse_ownership,2026-09-08 09:53:30.461123+00:00,180,a4e388692d1a4e3fa50e0610a30f29c3,902e467d945e407abfeaf62eda3e1a3c3156ab31bbac9f8e1f94d715ee8c6338,200,2007,FAREASTLIF,"10% 2019, 20% 2018, 25% 2017, 15% 2016, 39% 2015, 35% 2014","20% 2016, 10% 2014, 15% 2012, 25% 2011, 40% 2010, 45% 2009, 40% 2008, 40% 2007, 10% 2006, 20% 2005",-,31-Dec,0.0,0.0,,,2005.0,Z,Y,Active,0.0,0.0,25725,"[{""year"": 2019, ""percent"": 10.0}, {""year"": 2018, ""percent"": 20.0}, {""year"": 2017, ""percent"": 25.0}, {""year"": 2016, ""percent"": 15.0}, {""year"": 2015, ""percent"": 39.0}, {""year"": 2014, ""percent"": 35.0}]","[{""year"": 2016, ""percent"": 20.0}, {""year"": 2014, ""percent"": 10.0}, {""year"": 2012, ""percent"": 15.0}, {""year"": 2011, ""percent"": 25.0}, {""year"": 2010, ""percent"": 40.0}, {""year"": 2009, ""percent"": 45.0}, {""year"": 2008, ""percent"": 40.0}, {""year"": 2007, ""percent"": 40.0}, {""year"": 2006, ""percent"": 10.0}, {""year"": 2005, ""percent"": 20.0}]",,,12,
dse_ownership,2026-09-08 09:53:30.995632+00:00,181,a4e388692d1a4e3fa50e0610a30f29c3,f6d843db02a458fcff69468670d82327092f8bfb43d3f579887c93f57f7d0080,200,371,FASFIN,-,"5% 2018, 10% 2017, 5% 2016, 10% 2015, 6% 2012, 5% 2011, 15% 2010, 15% 2009",1R:1 2013,31-Dec,-20163.0,0.0,http://FAS Finance & Investment,http://FAS Finance & Investment,2008.0,Z,Y,Active,0.0,9784.42,11146,[],"[{""year"": 2018, ""percent"": 5.0}, {""year"": 2017, ""percent"": 10.0}, {""year"": 2016, ""percent"": 5.0}, {""year"": 2015, ""percent"": 10.0}, {""year"": 2012, ""percent"": 6.0}, {""year"": 2011, ""percent"": 5.0}, {""year"": 2010, ""percent"": 15.0}, {""year"": 2009, ""percent"": 15.0}]",,,14,
dse_ownership,2026-09-08 09:53:31.837802+00:00,182,a4e388692d1a4e3fa50e0610a30f29c3,eff1e3f6d7b2f2c66417025591328b253a1a8e6039da0e1f52a38dafbb29d2d9,200,673,FBFIF,"5% 2023, 6% 2022, 4% 2021, 3% 2019, 2% 2018, 2% 2017","7%RIU 2018, 10%RIU 2017, 6%RIU 2016, 9%RIU 2015, 10%RIU 2014, 12%RIU 2013",-,30-Jun,-1300.8,0.0,,http://www.fbfif.com/,2012.0,A,Y,Active,0.0,0.0,12191,"[{""year"": 2023, ""percent"": 5.0}, {""year"": 2022, ""percent"": 6.0}, {""year"": 2021, ""percent"": 4.0}, {""year"": 2019, ""percent"": 3.0}, {""year"": 2018, ""percent"": 2.0}, {""year"": 2017, ""percent"": 2.0}]",[],,,13,
dse_ownership,2026-09-08 09:53:32.564370+00:00,183,a4e388692d1a4e3fa50e0610a30f29c3,8dc6e2c5edd3edfc203c10e82099a269f13d91bd5824dac29158bc5bfac41748,200,489,FEDERALINS,"10% 2025, 10% 2024, 10% 2023, 10% 2022, 10% 2021, 5% 2020, 5% 2019","5% 2020, 5% 2018, 5% 2017, 5% 2016, 5% 2015, 10% 2014, 11% 2013, 12% 2012, 10% 2011, 12% 2010, 12% 2009, 10% 2008, 12% 2007, 12% 2006,10% 2005, 10% 2004",2R:1 2011,31-Dec,215.9,0.0,http://federalinsubd.com/annual_report,http://federalinsubd.com/price_sensitive_information,1995.0,A,Y,Active,0.0,0.0,25713,"[{""year"": 2025, ""percent"": 10.0}, {""year"": 2024, ""percent"": 10.0}, {""year"": 2023, ""percent"": 10.0}, {""year"": 2022, ""percent"": 10.0}, {""year"": 2021, ""percent"": 10.0}, {""year"": 2020, ""percent"": 5.0}, {""year"": 2019, ""percent"": 5.0}]","[{""year"": 2020, ""percent"": 5.0}, {""year"": 2018, ""percent"": 5.0}, {""year"": 2017, ""percent"": 5.0}, {""year"": 2016, ""percent"": 5.0}, {""year"": 2015, ""percent"": 5.0}, {""year"": 2014, ""percent"": 10.0}, {""year"": 2013, ""percent"": 11.0}, {""year"": 2012, ""percent"": 12.0}, {""year"": 2011, ""percent"": 10.0}, {""year"": 2010, ""percent"": 12.0}, {""year"": 2009, ""percent"": 12.0}, {""year"": 2008, ""percent"": 10.0}, {""year"": 2007, ""percent"": 12.0}, {""year"": 2006, ""percent"": 12.0}, {""year"": 2005, ""percent"": 10.0}, {""year"": 2004, ""percent"": 10.0}]",10.0,2025.0,15,10.00 for 2025
dse_ownership,2026-09-08 09:53:33.199757+00:00,184,a4e388692d1a4e3fa50e0610a30f29c3,535497049da8b90f2b3b17c391a2dc6f2079ab74a6b64d97981e540233764292,200,463,FEKDIL,"12% 2025, 14% 2024, 10% 2022, 10% 2021, 3% 2020, 5% 2019, 5% 2016, 5% 2015, 5% 2014","2% 2020, 5% 2019, 10% 2018, 15% 2017, 10% 2016, 10% 2015, 15% 2014",-,30-Jun,2062.3,0.0,,,2014.0,A,Y,Active,662.74,114.88,17462,"[{""year"": 2025, ""percent"": 12.0}, {""year"": 2024, ""percent"": 14.0}, {""year"": 2022, ""percent"": 10.0}, {""year"": 2021, ""percent"": 10.0}, {""year"": 2020, ""percent"": 3.0}, {""year"": 2019, ""percent"": 5.0}, {""year"": 2016, ""percent"": 5.0}, {""year"": 2015, ""percent"": 5.0}, {""year"": 2014, ""percent"": 5.0}]","[{""year"": 2020, ""percent"": 2.0}, {""year"": 2019, ""percent"": 5.0}, {""year"": 2018, ""percent"": 10.0}, {""year"": 2017, ""percent"": 15.0}, {""year"": 2016, ""percent"": 10.0}, {""year"": 2015, ""percent"": 10.0}, {""year"": 2014, ""percent"": 15.0}]",12.0,2025.0,13,12.00 for 2025
dse_ownership,2026-09-08 09:53:34.513488+00:00,187,a4e388692d1a4e3fa50e0610a30f29c3,14b1624e89f10d01875b3f28d832bd31a85b6c1279761d97dc51ab70787b6d85,200,523,FINEFOODS,"14% 2025, 10% 2024, 1.25% 2023, 1.5% 2022, 1% 2020, 2% 2019","3% 2018, 2% 2017, 2% 2016, 2% 2013, 10% 2012, 10% 2011, 25% 2010, 15% 2009",n/a,30-Jun,65.0,0.0,https://finefoodslimited.com/page/notice#,https://finefoodslimited.com/page/notice,2002.0,A,Y,Active,0.0,0.0,14292,"[{""year"": 2025, ""percent"": 14.0}, {""year"": 2024, ""percent"": 10.0}, {""year"": 2023, ""percent"": 1.25}, {""year"": 2022, ""percent"": 1.5}, {""year"": 2020, ""percent"": 1.0}, {""year"": 2019, ""percent"": 2.0}]","[{""year"": 2018, ""percent"": 3.0}, {""year"": 2017, ""percent"": 2.0}, {""year"": 2016, ""percent"": 2.0}, {""year"": 2013, ""percent"": 2.0}, {""year"": 2012, ""percent"": 10.0}, {""year"": 2011, ""percent"": 10.0}, {""year"": 2010, ""percent"": 25.0}, {""year"": 2009, ""percent"": 15.0}]",14.0,2025.0,15,14.00 for 2025
dse_ownership,2026-09-08 09:53:35.189482+00:00,188,a4e388692d1a4e3fa50e0610a30f29c3,b7483f10f9ab33af5931cf80c8a323b7e0525b460a91b3d3fd51b82f1d2b7957,200,508,FIRSTFIN,-,"2% 2019, 5% 2014, 10% 2013, 25% 2012, 20% 2011, 25% 2010, 75% 2009, 10% 2008, 20% 2007, 20% 2006, 20% 2005, 10% 2004,10% 2003",1R:3 2013,31-Dec,-5673.8,0.0,https://www.first-finance.com.bd/media/documents/Accounts_of_2024.pdf,https://www.first-finance.com.bd/price-sensitive-information/,2003.0,Z,Y,Active,0.0,1191.49,11124,[],"[{""year"": 2019, ""percent"": 2.0}, {""year"": 2014, ""percent"": 5.0}, {""year"": 2013, ""percent"": 10.0}, {""year"": 2012, ""percent"": 25.0}, {""year"": 2011, ""percent"": 20.0}, {""year"": 2010, ""percent"": 25.0}, {""year"": 2009, ""percent"": 75.0}, {""year"": 2008, ""percent"": 10.0}, {""year"": 2007, ""percent"": 20.0}, {""year"": 2006, ""percent"": 20.0}, {""year"": 2005, ""percent"": 20.0}, {""year"": 2004, ""percent"": 10.0}, {""year"": 2003, ""percent"": 10.0}]",,,14,
dse_ownership,2026-09-08 09:53:35.872862+00:00,189,a4e388692d1a4e3fa50e0610a30f29c3,cd3a631e650a695c2670f4092341849bdae0217b85cfa1946425161b0054b1f3,200,509,FIRSTSBANK,"5% 2023, 5% 2021, 5% 2020,5% 2016, 10% 2015","5% 2023, 10% 2022, 5% 2021, 5% 2020, 10% 2019, 10% 2018, 10% 2017, 5% 2016, 10% 2014, 10% 2012, 10% 2011, 12% 2010, 10% 2009","1R:2 2014, 1R:5 2010",31-Dec,12928.5,0.0,https://www.fsibplc.com/statement.php,https://www.dsebd.org/old_news.php?inst=FIRSTSBANK&criteria=3&archive=news,2008.0,Z,Y,Active,0.0,135036.48,11147,"[{""year"": 2023, ""percent"": 5.0}, {""year"": 2021, ""percent"": 5.0}, {""year"": 2020, ""percent"": 5.0}, {""year"": 2016, ""percent"": 5.0}, {""year"": 2015, ""percent"": 10.0}]","[{""year"": 2023, ""percent"": 5.0}, {""year"": 2022, ""percent"": 10.0}, {""year"": 2021, ""percent"": 5.0}, {""year"": 2020, ""percent"": 5.0}, {""year"": 2019, ""percent"": 10.0}, {""year"": 2018, ""percent"": 10.0}, {""year"": 2017, ""percent"": 10.0}, {""year"": 2016, ""percent"": 5.0}, {""year"": 2014, ""percent"": 10.0}, {""year"": 2012, ""percent"": 10.0}, {""year"": 2011, ""percent"": 10.0}, {""year"": 2010, ""percent"": 12.0}, {""year"": 2009, ""percent"": 10.0}]",,,15,"5.00, 5%B for 2023"
dse_ownership,2026-09-08 09:53:37.171270+00:00,192,a4e388692d1a4e3fa50e0610a30f29c3,4935348a85e5a88c4806e506716e4af90f6b7d64064be11ab67af028b1a08400,200,466,FORTUNE,"0.50% 2025, 1% 2024, 5% 2023, 10% 2022, 10% 2021, 5% 2020, 2% 2019","5% 2022, 5% 2021, 5% 2020, 18% 2019, 15% 2018, 12% 2017",-,30-Jun,828.9,-27.2,http://www.fortuneshoesbd.com/annual-report/,http://www.fortuneshoesbd.com/psi/,2016.0,Z,Y,Active,502.35,100.42,23637,"[{""year"": 2025, ""percent"": 0.5}, {""year"": 2024, ""percent"": 1.0}, {""year"": 2023, ""percent"": 5.0}, {""year"": 2022, ""percent"": 10.0}, {""year"": 2021, ""percent"": 10.0}, {""year"": 2020, ""percent"": 5.0}, {""year"": 2019, ""percent"": 2.0}]","[{""year"": 2022, ""percent"": 5.0}, {""year"": 2021, ""percent"": 5.0}, {""year"": 2020, ""percent"": 5.0}, {""year"": 2019, ""percent"": 18.0}, {""year"": 2018, ""percent"": 15.0}, {""year"": 2017, ""percent"": 12.0}]",0.5,2025.0,15,0.50 for 2025
dse_ownership,2026-09-08 09:53:39.844381+00:00,195,a4e388692d1a4e3fa50e0610a30f29c3,b42548f7e3e39f6169c412eb4d7272d3ece17190105a54b93f538bde018d4891,200,1836,FUWANGCER,"1% 2025, 2% 2024, 2% 2023, 2% 2022, 2% 2021, 1.40% 2020, 1% 2019, 5% 2008, 5% 2007, 7% 2006, 6% 2005, 5% 2004, 10% 2003, 5% 2002, 20% 2001, 5% 2000, 15% 1999, 5% 1998","10% 2018, 10% 2017, 10% 2016, 10% 2015, 10% 2014, 10% 2013, 10% 2012, 10% 2011, 10% 2010, 10% 2009, 20%  2000",1R:2 2010,30-Jun,196.8,0.0,https://fuwangceramic.com/financial-statements/,https://fuwangceramic.com/price-sensitive-information/,1998.0,B,Y,Active,3895.58,2747.3,24632,"[{""year"": 2025, ""percent"": 1.0}, {""year"": 2024, ""percent"": 2.0}, {""year"": 2023, ""percent"": 2.0}, {""year"": 2022, ""percent"": 2.0}, {""year"": 2021, ""percent"": 2.0}, {""year"": 2020, ""percent"": 1.4}, {""year"": 2019, ""percent"": 1.0}, {""year"": 2008, ""percent"": 5.0}, {""year"": 2007, ""percent"": 5.0}, {""year"": 2006, ""percent"": 7.0}, {""year"": 2005, ""percent"": 6.0}, {""year"": 2004, ""percent"": 5.0}, {""year"": 2003, ""percent"": 10.0}, {""year"": 2002, ""percent"": 5.0}, {""year"": 2001, ""percent"": 20.0}, {""year"": 2000, ""percent"": 5.0}, {""year"": 1999, ""percent"": 15.0}, {""year"": 1998, ""percent"": 5.0}]","[{""year"": 2018, ""percent"": 10.0}, {""year"": 2017, ""percent"": 10.0}, {""year"": 2016, ""percent"": 10.0}, {""year"": 2015, ""percent"": 10.0}, {""year"": 2014, ""percent"": 10.0}, {""year"": 2013, ""percent"": 10.0}, {""year"": 2012, ""percent"": 10.0}, {""year"": 2011, ""percent"": 10.0}, {""year"": 2010, ""percent"": 10.0}, {""year"": 2009, ""percent"": 10.0}, {""year"": 2000, ""percent"": 20.0}]",1.0,2025.0,15,1.00 for 2025
dse_ownership,2026-09-08 09:53:40.475809+00:00,196,a4e388692d1a4e3fa50e0610a30f29c3,d3e12b63624415ed099d99e93ac18968733241d6c79b80f32901915272ceb61e,200,471,FUWANGFOOD,"0.5% 2023, 1.65% 2020, 2% 2019","10% 2018, 10% 2017, 10% 2016, 15% 2015, 10% 2014, 10% 2013, 12% 2012, 20% 2011, 20% 2010, 10% 2009",1R:1 2011,30-Jun,-883.1,0.0,https://fuwangfoodsltd.com/financial/,https://fuwangfoodsltd.com/price-sensitive-information/,2000.0,Z,Y,Operation Shutdown,158.86,1.27,14286,"[{""year"": 2023, ""percent"": 0.5}, {""year"": 2020, ""percent"": 1.65}, {""year"": 2019, ""percent"": 2.0}]","[{""year"": 2018, ""percent"": 10.0}, {""year"": 2017, ""percent"": 10.0}, {""year"": 2016, ""percent"": 10.0}, {""year"": 2015, ""percent"": 15.0}, {""year"": 2014, ""percent"": 10.0}, {""year"": 2013, ""percent"": 10.0}, {""year"": 2012, ""percent"": 12.0}, {""year"": 2011, ""percent"": 20.0}, {""year"": 2010, ""percent"": 20.0}, {""year"": 2009, ""percent"": 10.0}]",,,14,
dse_ownership,2026-09-08 09:53:41.363323+00:00,197,a4e388692d1a4e3fa50e0610a30f29c3,3760b6707ebf8e54c1e92401b0d3239803bc3b40a8b133c7468fbb8c4825329a,200,730,GBBPOWER,"2% 2023, 3% 2022, 11.50% 2021, 10% 2020, 10% 2019, 5% 2017, 15% 2016","5% 2017, 15% 2014, 15% 2013, 15% 2012, 25% 2011",-,30-Jun,177.9,0.0,https://www.gbb.com.bd/company-profile/gbb-power-limited,https://www.gbb.com.bd/company-profile/gbb-power-limited,2012.0,Z,Y,Operation Shutdown,0.0,0.0,15315,"[{""year"": 2023, ""percent"": 2.0}, {""year"": 2022, ""percent"": 3.0}, {""year"": 2021, ""percent"": 11.5}, {""year"": 2020, ""percent"": 10.0}, {""year"": 2019, ""percent"": 10.0}, {""year"": 2017, ""percent"": 5.0}, {""year"": 2016, ""percent"": 15.0}]","[{""year"": 2017, ""percent"": 5.0}, {""year"": 2014, ""percent"": 15.0}, {""year"": 2013, ""percent"": 15.0}, {""year"": 2012, ""percent"": 15.0}, {""year"": 2011, ""percent"": 25.0}]",,,14,
dse_ownership,2026-09-08 09:53:43.689211+00:00,198,a4e388692d1a4e3fa50e0610a30f29c3,fb257eda113bc34d743f8f27e768e53c75a601ae3e301eb3728a125ebfb03084,200,2063,GEMINISEA,"7.50% 2024, 20% 2023, 10% 2022, 5% 2021, 20% 2016, 15% 2015","7.50% 2024, 75% 2023, 30% 2022, 10% 2019, 15% 2018, 125% 2017, 50% 2016",n/a,30-Jun,103.5,0.0,https://www.geminiseafood.com/auditreports.php,https://www.geminiseafood.com/images/Price%20Sensitive%20Information%20dt.%2031-12-24.jpg,1985.0,Z,Y,Active,715.03,10.54,14262,"[{""year"": 2024, ""percent"": 7.5}, {""year"": 2023, ""percent"": 20.0}, {""year"": 2022, ""percent"": 10.0}, {""year"": 2021, ""percent"": 5.0}, {""year"": 2016, ""percent"": 20.0}, {""year"": 2015, ""percent"": 15.0}]","[{""year"": 2024, ""percent"": 7.5}, {""year"": 2023, ""percent"": 75.0}, {""year"": 2022, ""percent"": 30.0}, {""year"": 2019, ""percent"": 10.0}, {""year"": 2018, ""percent"": 15.0}, {""year"": 2017, ""percent"": 125.0}, {""year"": 2016, ""percent"": 50.0}]",,,15,"7.50, 7.50%B for 2024"
dse_ownership,2026-09-08 09:53:44.230603+00:00,199,a4e388692d1a4e3fa50e0610a30f29c3,fddca468ed819dde5f373618583a4410ccecbd3d6919c9d4c3b1007d6496c711,200,374,GENEXIL,"1% 2025, 3% 2024, 6% 2023, 11% 2022, 10% 2021, 10% 2020,5% 2019","4% 2023, 2% 2022, 10% 2021, 10% 2020, 15% 2019",-,30-Jun,1730.3,0.0,http://genexinfosys.com/investor-rel.php,http://genexinfosys.com/investor-rel.php,2019.0,B,Y,Active,2766.63,726.63,22650,"[{""year"": 2025, ""percent"": 1.0}, {""year"": 2024, ""percent"": 3.0}, {""year"": 2023, ""percent"": 6.0}, {""year"": 2022, ""percent"": 11.0}, {""year"": 2021, ""percent"": 10.0}, {""year"": 2020, ""percent"": 10.0}, {""year"": 2019, ""percent"": 5.0}]","[{""year"": 2023, ""percent"": 4.0}, {""year"": 2022, ""percent"": 2.0}, {""year"": 2021, ""percent"": 10.0}, {""year"": 2020, ""percent"": 10.0}, {""year"": 2019, ""percent"": 15.0}]",1.0,2025.0,15,1.00 for 2025
dse_ownership,2026-09-08 09:53:47.055345+00:00,200,a4e388692d1a4e3fa50e0610a30f29c3,efe6056baf70af3f3de0477010cca9a3820da91072c1833b2f3ea9997f0ef111,200,2649,GENNEXT,"1% 2023, 1% 2022","10% 2018, 10% 2017, 10% 2016, 15% 2014, 15% 2013, 20% 2012, 20% 2011",2R:3 2014,30-Jun,695.5,0.8,,,2012.0,Z,Y,Closed,556.52,0.0,17454,"[{""year"": 2023, ""percent"": 1.0}, {""year"": 2022, ""percent"": 1.0}]","[{""year"": 2018, ""percent"": 10.0}, {""year"": 2017, ""percent"": 10.0}, {""year"": 2016, ""percent"": 10.0}, {""year"": 2014, ""percent"": 15.0}, {""year"": 2013, ""percent"": 15.0}, {""year"": 2012, ""percent"": 20.0}, {""year"": 2011, ""percent"": 20.0}]",1.0,2023.0,13,1.00 for 2023
dse_ownership,2026-09-08 09:53:49.200551+00:00,201,a4e388692d1a4e3fa50e0610a30f29c3,24bd7cfa763a491651cab0d68d0151b7d824eb9b0a6fd96933e2ed64fc3e0c58,200,1916,GHAIL,"1% 2025, 1% 2024, 1% 2023, 2% 2022, 5% 2021, 7% 2019, 10% 2014","5% 2019, 10% 2018, 10% 2017, 10% 2016, 10% 2015, 5% 2013, 20% 2012",3R:4 2019,30-Jun,476.4,0.0,https://www.goldenharvestbd.com/reports/,https://www.goldenharvestbd.com/price-sensitive-information/,2013.0,B,Y,Active,1088.1,1442.71,14294,"[{""year"": 2025, ""percent"": 1.0}, {""year"": 2024, ""percent"": 1.0}, {""year"": 2023, ""percent"": 1.0}, {""year"": 2022, ""percent"": 2.0}, {""year"": 2021, ""percent"": 5.0}, {""year"": 2019, ""percent"": 7.0}, {""year"": 2014, ""percent"": 10.0}]","[{""year"": 2019, ""percent"": 5.0}, {""year"": 2018, ""percent"": 10.0}, {""year"": 2017, ""percent"": 10.0}, {""year"": 2016, ""percent"": 10.0}, {""year"": 2015, ""percent"": 10.0}, {""year"": 2013, ""percent"": 5.0}, {""year"": 2012, ""percent"": 20.0}]",1.0,2025.0,15,1.00 for 2025
dse_ownership,2026-09-08 09:53:49.765657+00:00,202,a4e388692d1a4e3fa50e0610a30f29c3,a406e030ced647accbd72ffdb5cf4c84f5f1cbb756f7d60b28acb5f2dc8a1bd2,200,393,GHCL,"2% 2022, 5% 2020, 5% 2019, 10% 2018, 10% 2017, 15% 2016, 10% 2014",-,-,30-Jun,1641.9,0.0,,,2013.0,Z,Y,Active,1069.15,41.35,18485,"[{""year"": 2022, ""percent"": 2.0}, {""year"": 2020, ""percent"": 5.0}, {""year"": 2019, ""percent"": 5.0}, {""year"": 2018, ""percent"": 10.0}, {""year"": 2017, ""percent"": 10.0}, {""year"": 2016, ""percent"": 15.0}, {""year"": 2014, ""percent"": 10.0}]",[],,,12,
dse_ownership,2026-09-08 09:53:50.421828+00:00,203,a4e388692d1a4e3fa50e0610a30f29c3,043d97dfa93507d1638dd2ed47da7d83df6c7bde3a9a9628569ae5ecdc97c589,200,489,GIB,5% 2022,5% 2022,-,31-Dec,-31366.8,0.0,https://www.globalislamibankbd.com/financial-statement/,https://www.globalislamibankbd.com/general-psi/,2022.0,Z,Y,Active,0.0,32108.73,11153,"[{""year"": 2022, ""percent"": 5.0}]","[{""year"": 2022, ""percent"": 5.0}]",,,14,
dse_ownership,2026-09-08 09:53:51.757942+00:00,206,a4e388692d1a4e3fa50e0610a30f29c3,7a3590555b1a611fe9954ece3c2d8a01ceb0d5ff8c0e337a99785af234bae3ba,200,535,GLDNJMF,"2.50% 2023, 1.20% 2022",-,-,31-Dec,-60.9,0.0,https://icbamcl.gov.bd/investor-relation/price-sensitive-information,,2022.0,A,Y,,0.0,0.0,12204,"[{""year"": 2023, ""percent"": 2.5}, {""year"": 2022, ""percent"": 1.2}]",[],,,12,
dse_ownership,2026-09-08 09:53:52.444075+00:00,207,a4e388692d1a4e3fa50e0610a30f29c3,36bd68aad90456a80036b0a80524124c1b205e081cb642912da387fd6d2f036a,200,509,GLOBALINS,"10% 2025, 10% 2024, 10% 2023, 12.25% 2022, 12% 2021, 10% 2020, 5% 2019","5% 2019, 5% 2018, 5% 2017, 7% 2016, 10% 2015, 10% 2014, 10% 2013, 12% 2012, 10% 2011, 10% 2010, 10% 2009, 10% 2008",n/a,31-Dec,195.9,0.0,https://www.globalinsurancebd.com/index.php?area=online&action=audited_financial,https://www.globalinsurancebd.com/index.php?area=online&action=price,2005.0,A,Y,Active,0.0,0.0,25723,"[{""year"": 2025, ""percent"": 10.0}, {""year"": 2024, ""percent"": 10.0}, {""year"": 2023, ""percent"": 10.0}, {""year"": 2022, ""percent"": 12.25}, {""year"": 2021, ""percent"": 12.0}, {""year"": 2020, ""percent"": 10.0}, {""year"": 2019, ""percent"": 5.0}]","[{""year"": 2019, ""percent"": 5.0}, {""year"": 2018, ""percent"": 5.0}, {""year"": 2017, ""percent"": 5.0}, {""year"": 2016, ""percent"": 7.0}, {""year"": 2015, ""percent"": 10.0}, {""year"": 2014, ""percent"": 10.0}, {""year"": 2013, ""percent"": 10.0}, {""year"": 2012, ""percent"": 12.0}, {""year"": 2011, ""percent"": 10.0}, {""year"": 2010, ""percent"": 10.0}, {""year"": 2009, ""percent"": 10.0}, {""year"": 2008, ""percent"": 10.0}]",10.0,2025.0,15,10.00 for 2025
dse_ownership,2026-09-08 09:53:53.293703+00:00,208,a4e388692d1a4e3fa50e0610a30f29c3,54973928f38d0436395c7699cd0a4d2df7eef27709298a6f63843b1e4206a8ee,200,607,GOLDENSON,"1.50% 2024, 1% 2023, 2.75% 2021, 2.50% 2020, 5% 2016","12.50% 2014, 25% 2013, 15% 2012, 10% 2010, 12.50% 2009, 10% 2008",1R:1 2010,30-Jun,-49.3,0.0,https://goldensonbd.com/investor-report/21,https://goldensonbd.com/investor-report/26,2007.0,B,Y,Active,2135.34,2607.27,13226,"[{""year"": 2024, ""percent"": 1.5}, {""year"": 2023, ""percent"": 1.0}, {""year"": 2021, ""percent"": 2.75}, {""year"": 2020, ""percent"": 2.5}, {""year"": 2016, ""percent"": 5.0}]","[{""year"": 2014, ""percent"": 12.5}, {""year"": 2013, ""percent"": 25.0}, {""year"": 2012, ""percent"": 15.0}, {""year"": 2010, ""percent"": 10.0}, {""year"": 2009, ""percent"": 12.5}, {""year"": 2008, ""percent"": 10.0}]",,,14,
dse_ownership,2026-09-08 09:53:53.919449+00:00,209,a4e388692d1a4e3fa50e0610a30f29c3,9d4f5cbbd6e3937702d9f245405a774b8e7e4a712099f8e677a9a42a716b48ac,200,458,GP,"215% 2025, 330% 2024, 125% 2023, 220% 2022, 250% 2021, 275% 2020, 130% 2019, 280% 2018, 205% 2017, 175% 2016, 140% 2015",-,-,31-Dec,35167.4,-489.6,https://www.grameenphone.com/about/investor-relations/ir-financial-report,https://www.grameenphone.com/about/investor-relations/price-sensitive-information,2009.0,A,Y,Active,7000.0,0.0,27001,"[{""year"": 2025, ""percent"": 215.0}, {""year"": 2024, ""percent"": 330.0}, {""year"": 2023, ""percent"": 125.0}, {""year"": 2022, ""percent"": 220.0}, {""year"": 2021, ""percent"": 250.0}, {""year"": 2020, ""percent"": 275.0}, {""year"": 2019, ""percent"": 130.0}, {""year"": 2018, ""percent"": 280.0}, {""year"": 2017, ""percent"": 205.0}, {""year"": 2016, ""percent"": 175.0}, {""year"": 2015, ""percent"": 140.0}]",[],215.0,2025.0,15,215.00 for 2025
dse_ownership,2026-09-08 09:53:56.672894+00:00,210,a4e388692d1a4e3fa50e0610a30f29c3,8282440b51d48a51e51dcd1a9c672b94b53efee8d716e0dad8162a358698e804,200,2578,GPHISPAT,"5% 2025, 10% 2024, 5% 2023, 5.50% 2022, 20% 2021 5% 2020, 5% 2019, 5% 2017, 12% 2016, 17% 2015","5% 2023, 5.50% 2022, 10% 2021, 5% 2020, 5% 2019, 10% 2018, 5% 2017, 5% 2014, 10% 2013, 20%B 2012",-,30-Jun,18892.0,158.6,https://gphispat.com.bd/investor-matters/financial-statements,https://gphispat.com.bd/investor-matters/price-sensitive-information,2012.0,B,Y,Active,39519.46,29112.39,13230,"[{""year"": 2025, ""percent"": 5.0}, {""year"": 2024, ""percent"": 10.0}, {""year"": 2023, ""percent"": 5.0}, {""year"": 2022, ""percent"": 5.5}, {""year"": 2021, ""percent"": 20.0}, {""year"": 2020, ""percent"": 5.0}, {""year"": 2019, ""percent"": 5.0}, {""year"": 2017, ""percent"": 5.0}, {""year"": 2016, ""percent"": 12.0}, {""year"": 2015, ""percent"": 17.0}]","[{""year"": 2023, ""percent"": 5.0}, {""year"": 2022, ""percent"": 5.5}, {""year"": 2021, ""percent"": 10.0}, {""year"": 2020, ""percent"": 5.0}, {""year"": 2019, ""percent"": 5.0}, {""year"": 2018, ""percent"": 10.0}, {""year"": 2017, ""percent"": 5.0}, {""year"": 2014, ""percent"": 5.0}, {""year"": 2013, ""percent"": 10.0}]",5.0,2025.0,15,5.00 for 2025
dse_ownership,2026-09-08 09:53:57.457138+00:00,211,a4e388692d1a4e3fa50e0610a30f29c3,b3c254f3d058cb90f05fdc8f1a8920bb950ae886cb263330399233e0466986a6,200,519,GQBALLPEN,"10% 2025, 3% 2024, 2.5% 2023, 2.5% 2022, 5% 2021, 5% 2020, 10% 2019, 10% 2018, 10% 2017, 12.50% 2016","15% 2013, 20% 2012, 20% 2011, 20% 2010, 20%  2003, 50%  1996, 50%  1994",1R:2 (Premium Tk. 90) 1996,30-Jun,788.5,211.5,http://www. gq-group.com,http://www. gq-group.com,1986.0,A,Y,Active,11.61,0.0,99605,"[{""year"": 2025, ""percent"": 10.0}, {""year"": 2024, ""percent"": 3.0}, {""year"": 2023, ""percent"": 2.5}, {""year"": 2022, ""percent"": 2.5}, {""year"": 2021, ""percent"": 5.0}, {""year"": 2020, ""percent"": 5.0}, {""year"": 2019, ""percent"": 10.0}, {""year"": 2018, ""percent"": 10.0}, {""year"": 2017, ""percent"": 10.0}, {""year"": 2016, ""percent"": 12.5}]","[{""year"": 2013, ""percent"": 15.0}, {""year"": 2012, ""percent"": 20.0}, {""year"": 2011, ""percent"": 20.0}, {""year"": 2010, ""percent"": 20.0}, {""year"": 2003, ""percent"": 20.0}, {""year"": 1996, ""percent"": 50.0}, {""year"": 1994, ""percent"": 50.0}]",10.0,2025.0,15,10.00 for 2025
dse_ownership,2026-09-08 09:53:58.109738+00:00,212,a4e388692d1a4e3fa50e0610a30f29c3,b62b244e74fae156334b2e6e2cf03c797a16c0b9225784baaf2a7a4af8b364fd,200,469,GRAMEENS2,"7.50% 2025, 6.50% 2024, 6.5% 2023, 15% 2022, 13% 2021, 7% 2020, 9% 2019, 12% 2018, 11% 2017, 10% 2016, 10% 2015","4% RIU 2017, 9% RIU 2016, 15% RIU 2015, 15% RIU 2014, 10% 2011",-,30-Jun,1131.9,-57.1,https://www.aims-bangladesh.com/fund/grameen-one-scheme-two/?action=financial_reports,https://www.aims-bangladesh.com/fund/grameen-one-scheme-two/?action=announcements,2008.0,A,Y,Active,0.0,0.0,12167,"[{""year"": 2025, ""percent"": 7.5}, {""year"": 2024, ""percent"": 6.5}, {""year"": 2023, ""percent"": 6.5}, {""year"": 2022, ""percent"": 15.0}, {""year"": 2021, ""percent"": 13.0}, {""year"": 2020, ""percent"": 7.0}, {""year"": 2019, ""percent"": 9.0}, {""year"": 2018, ""percent"": 12.0}, {""year"": 2017, ""percent"": 11.0}, {""year"": 2016, ""percent"": 10.0}, {""year"": 2015, ""percent"": 10.0}]","[{""year"": 2011, ""percent"": 10.0}]",7.5,2025.0,15,7.50 for 2025
dse_ownership,2026-09-08 09:53:58.754065+00:00,213,a4e388692d1a4e3fa50e0610a30f29c3,332ab9bd048f44523ebcf8e58f6c3e4d835a76427ac7f667d5f57d9046f8e3db,200,478,GREENDELMF,"1.50% 2023, 7% 2022, 12% 2021, 9% 2019, 9% 2018, 5% 2017, 5% 2016, 4.50% 2015",-,-,30-Jun,24.6,0.0,,,2010.0,A,Y,Active,0.0,0.0,12179,"[{""year"": 2023, ""percent"": 1.5}, {""year"": 2022, ""percent"": 7.0}, {""year"": 2021, ""percent"": 12.0}, {""year"": 2019, ""percent"": 9.0}, {""year"": 2018, ""percent"": 9.0}, {""year"": 2017, ""percent"": 5.0}, {""year"": 2016, ""percent"": 5.0}, {""year"": 2015, ""percent"": 4.5}]",[],1.5,2023.0,13,1.50 for 2023
dse_ownership,2026-09-08 09:53:59.654795+00:00,214,a4e388692d1a4e3fa50e0610a30f29c3,9a0ec4c1134b2b6c58076dcb7045ff76dca206ab804e42962ece1c3ec020e6b2,200,628,GREENDELT,"27% 2025, 25% 2024, 25% 2023, 25% 2022, 30% 2021, 24.5% 2020, 15% 2019, 10% 2018, 20% 2017, 20% 2016, 25% 2015","7.5% 2020, 5% 2019, 10% 2018, 10% 2014, 15% 2013, 15% 2012, 25% 2011, 100%B 2008, 35% 2007, 40% 2005, 30% 2004","1R:2 ,2004",31-Dec,6064.6,0.0,https://green-delta.com/financial_indicator/annual-audited-financial-statements/,https://green-delta.com/financial_indicator/price-sensitive-information-notice/,1989.0,A,Y,Active,0.0,0.0,25702,"[{""year"": 2025, ""percent"": 27.0}, {""year"": 2024, ""percent"": 25.0}, {""year"": 2023, ""percent"": 25.0}, {""year"": 2022, ""percent"": 25.0}, {""year"": 2021, ""percent"": 30.0}, {""year"": 2020, ""percent"": 24.5}, {""year"": 2019, ""percent"": 15.0}, {""year"": 2018, ""percent"": 10.0}, {""year"": 2017, ""percent"": 20.0}, {""year"": 2016, ""percent"": 20.0}, {""year"": 2015, ""percent"": 25.0}]","[{""year"": 2020, ""percent"": 7.5}, {""year"": 2019, ""percent"": 5.0}, {""year"": 2018, ""percent"": 10.0}, {""year"": 2014, ""percent"": 10.0}, {""year"": 2013, ""percent"": 15.0}, {""year"": 2012, ""percent"": 15.0}, {""year"": 2011, ""percent"": 25.0}, {""year"": 2007, ""percent"": 35.0}, {""year"": 2005, ""percent"": 40.0}, {""year"": 2004, ""percent"": 30.0}]",27.0,2025.0,15,27.00 for 2025
dse_ownership,2026-09-08 09:54:00.525360+00:00,215,a4e388692d1a4e3fa50e0610a30f29c3,7c6eb1ad9bb6847fb6e840009e3ee6e554970b0b5b1fe228f92854e4b8a9fdc8,200,639,GSPFINANCE,"18% 2018, 22% 2016, 15.50% 2015","10% 2020, 10.5% 2019, 23.50% 2017, 55% 2014, 12% 2013, 15% 2012, 10% 2011",-,31-Dec,1263.8,0.0,http://www.gspfinance.com/investor_relations/financial_statements,http://www.gspfinance.com/investor_relations/price_sensitive_info,2012.0,Z,Y,Active,1608.67,619.67,11149,"[{""year"": 2018, ""percent"": 18.0}, {""year"": 2016, ""percent"": 22.0}, {""year"": 2015, ""percent"": 15.5}]","[{""year"": 2020, ""percent"": 10.0}, {""year"": 2019, ""percent"": 10.5}, {""year"": 2017, ""percent"": 23.5}, {""year"": 2014, ""percent"": 55.0}, {""year"": 2013, ""percent"": 12.0}, {""year"": 2012, ""percent"": 15.0}, {""year"": 2011, ""percent"": 10.0}]",,,14,
dse_ownership,2026-09-08 09:54:01.387745+00:00,216,a4e388692d1a4e3fa50e0610a30f29c3,345cb9c9f9192bf233cd8c8a19b26319bbcfc30e24c9382d3fef30c17e5dab7b,200,669,HAKKANIPUL,"5% 2025, 2% 2024, 2% 2023, 1% 2022, 1% 2021, 2% 2020, 2% 2019, 3% 2018, 5% 2016, 5% 2015",n/a,n/a,30-Jun,270.5,1.4,https://hakkanigroup.com/financial-statement/,https://hakkanigroup.com/price-sensitive-information/,2001.0,B,Y,Active,187.85,582.44,19510,"[{""year"": 2025, ""percent"": 5.0}, {""year"": 2024, ""percent"": 2.0}, {""year"": 2023, ""percent"": 2.0}, {""year"": 2022, ""percent"": 1.0}, {""year"": 2021, ""percent"": 1.0}, {""year"": 2020, ""percent"": 2.0}, {""year"": 2019, ""percent"": 2.0}, {""year"": 2018, ""percent"": 3.0}, {""year"": 2016, ""percent"": 5.0}, {""year"": 2015, ""percent"": 5.0}]",[],5.0,2025.0,15,5.00 for 2025
dse_ownership,2026-09-08 09:54:04.634544+00:00,217,a4e388692d1a4e3fa50e0610a30f29c3,70a9bae8b347ed803ef7e7723622ab4f9e665714ba9f006eeb7438c5fbc621cb,200,2931,HAMI,-,-,n/a,30-Jun,-61.9,0.0,,,1996.0,Z,Y,Active,5.78,43.5,18474,[],[],,,12,
dse_ownership,2026-09-08 09:54:06.954525+00:00,218,a4e388692d1a4e3fa50e0610a30f29c3,c796909c97185828d13decebe1feb7f13a7c1fe063e70a3bb93b41fd8340b0bb,200,2126,HEIDELBCEM,"11% 2025, 25% 2024, 25% 2023, 10% 2022, 26% 2021, 20% 2020, 75% 2018, 150% 2017, 300% 2016, 300% 2015 ,380% 2014, 380% 2013, 50% 2012, 45% 2011, 43%2010, 38% 2009, 33% 2008, 25% 2007, 16% 2006, 8% 2005, 5% 2002, 30% 2001, 100% 2000, 50% 1999, 40% 1998, 30% 1997, 20% 1996, 30% 1995, 16% 1994, 10% 1993, 40% 1992,35% 1991, 30% 1990, 20% 1989","5% 2006, 10% 2005, 17% 2004,15%  2003, 10%  2002,50% 1996, 50% 1994,",1R:2 ( Premium Tk. 300) 1996,31-Dec,3611.7,0.0,https://www.heidelbergcementbd.com/financial-statements,https://heidelbergcementbd.com/price-sensitive-information-psi,1989.0,A,Y,Active,0.0,0.0,21614,"[{""year"": 2025, ""percent"": 11.0}, {""year"": 2024, ""percent"": 25.0}, {""year"": 2023, ""percent"": 25.0}, {""year"": 2022, ""percent"": 10.0}, {""year"": 2021, ""percent"": 26.0}, {""year"": 2020, ""percent"": 20.0}, {""year"": 2018, ""percent"": 75.0}, {""year"": 2017, ""percent"": 150.0}, {""year"": 2016, ""percent"": 300.0}, {""year"": 2015, ""percent"": 300.0}, {""year"": 2014, ""percent"": 380.0}, {""year"": 2013, ""percent"": 380.0}, {""year"": 2012, ""percent"": 50.0}, {""year"": 2011, ""percent"": 45.0}, {""year"": 2010, ""percent"": 43.0}, {""year"": 2009, ""percent"": 38.0}, {""year"": 2008, ""percent"": 33.0}, {""year"": 2007, ""percent"": 25.0}, {""year"": 2006, ""percent"": 16.0}, {""year"": 2005, ""percent"": 8.0}, {""year"": 2002, ""percent"": 5.0}, {""year"": 2001, ""percent"": 30.0}, {""year"": 2000, ""percent"": 100.0}, {""year"": 1999, ""percent"": 50.0}, {""year"": 1998, ""percent"": 40.0}, {""year"": 1997, ""percent"": 30.0}, {""year"": 1996, ""percent"": 20.0}, {""year"": 1995, ""percent"": 30.0}, {""year"": 1994, ""percent"": 16.0}, {""year"": 1993, ""percent"": 10.0}, {""year"": 1992, ""percent"": 40.0}, {""year"": 1991, ""percent"": 35.0}, {""year"": 1990, ""percent"": 30.0}, {""year"": 1989, ""percent"": 20.0}]","[{""year"": 2006, ""percent"": 5.0}, {""year"": 2005, ""percent"": 10.0}, {""year"": 2004, ""percent"": 17.0}, {""year"": 2003, ""percent"": 15.0}, {""year"": 2002, ""percent"": 10.0}, {""year"": 1996, ""percent"": 50.0}, {""year"": 1994, ""percent"": 50.0}]",11.0,2025.0,15,11.00 for 2025
dse_ownership,2026-09-08 09:54:07.676382+00:00,219,a4e388692d1a4e3fa50e0610a30f29c3,031693a47e4c949f883b64f06b7ffc1dd39886ef870fb483fe931de96df00442,200,529,HFL,"5% 2023, 5% 2022, 5% 2021,10% 2020, 10% 2019, 10% 2018, 15% 2017, 15% 2016, 15% 2015, 10% 2014","5% 2015, 10% 2014",-,30-Jun,1549.9,0.0,,,2014.0,Z,Y,Closed,647.4,33.35,17464,"[{""year"": 2023, ""percent"": 5.0}, {""year"": 2022, ""percent"": 5.0}, {""year"": 2021, ""percent"": 5.0}, {""year"": 2020, ""percent"": 10.0}, {""year"": 2019, ""percent"": 10.0}, {""year"": 2018, ""percent"": 10.0}, {""year"": 2017, ""percent"": 15.0}, {""year"": 2016, ""percent"": 15.0}, {""year"": 2015, ""percent"": 15.0}, {""year"": 2014, ""percent"": 10.0}]","[{""year"": 2015, ""percent"": 5.0}, {""year"": 2014, ""percent"": 10.0}]",5.0,2023.0,13,5.00 for 2023
dse_ownership,2026-09-08 09:54:08.897330+00:00,222,a4e388692d1a4e3fa50e0610a30f29c3,09f259afc38a269d5491df20e8f27598f813f6924e014679313ee4108265d836,200,370,HRTEX,"5% 2023, 5% 2022, 5% 2021, 10% 2020, 10% 2019, 10% 2018, 10% 2017, 10% 2016, 10% 2015","10% 2022, 5% 2021, 15% 2011, 10% 2010",n/a,30-Jun,334.1,0.0,http://www.pride-grp.com/hrt/quarterly_accounts.php,http://www.pride-grp.com/hrt/pricesensitive.php,1997.0,Z,Y,Active,613.32,2881.03,17442,"[{""year"": 2023, ""percent"": 5.0}, {""year"": 2022, ""percent"": 5.0}, {""year"": 2021, ""percent"": 5.0}, {""year"": 2020, ""percent"": 10.0}, {""year"": 2019, ""percent"": 10.0}, {""year"": 2018, ""percent"": 10.0}, {""year"": 2017, ""percent"": 10.0}, {""year"": 2016, ""percent"": 10.0}, {""year"": 2015, ""percent"": 10.0}]","[{""year"": 2022, ""percent"": 10.0}, {""year"": 2021, ""percent"": 5.0}, {""year"": 2011, ""percent"": 15.0}, {""year"": 2010, ""percent"": 10.0}]",,,14,
dse_ownership,2026-09-08 09:54:09.502360+00:00,223,a4e388692d1a4e3fa50e0610a30f29c3,f382d137d3fa14f577d67b73f53141e47b316b1af0570ff0ebd99d1b1e487bc7,200,439,HWAWELLTEX,"20% 2025, 20% 2024, 25% 2023, 25% 2022, 20% 2021, 20% 2020, 17% 2019, 17% 2018, 15% 2017, 15% 2016, 15% 2015, 15% 2014",-,-,30-Jun,1688.1,1.0,https://www.hwawelltex.com/financial/,https://www.hwawelltex.com/price/,2014.0,A,Y,Active,0.0,0.0,17461,"[{""year"": 2025, ""percent"": 20.0}, {""year"": 2024, ""percent"": 20.0}, {""year"": 2023, ""percent"": 25.0}, {""year"": 2022, ""percent"": 25.0}, {""year"": 2021, ""percent"": 20.0}, {""year"": 2020, ""percent"": 20.0}, {""year"": 2019, ""percent"": 17.0}, {""year"": 2018, ""percent"": 17.0}, {""year"": 2017, ""percent"": 15.0}, {""year"": 2016, ""percent"": 15.0}, {""year"": 2015, ""percent"": 15.0}, {""year"": 2014, ""percent"": 15.0}]",[],20.0,2025.0,15,20.00 for 2025
dse_ownership,2026-09-08 09:54:10.182671+00:00,224,a4e388692d1a4e3fa50e0610a30f29c3,9f1d789c0a3c73871dca491a4be62e7c1ea0419bde89e1687e10b41057b288a0,200,387,IBBL2PBOND,-,-,-,31-Dec,0.0,0.0,,,2021.0,N,Y,,0.0,0.0,26006,[],[],,,11,
dse_ownership,2026-09-08 09:54:12.316987+00:00,225,a4e388692d1a4e3fa50e0610a30f29c3,069a5f4819689f6451e5530e944ed1d7950e34eab4a37d5e7b8408474a3df48f,200,1963,IBBLPBOND,"9.38%(Profit Rate) 2019, 9.02%(Profit Rate) 2018, 8.66%(Profit Rate) 2017, 8.94%(Profit Rate) 2016, 10.34%(Profit Rate) 2015",0,0,31-Dec,0.0,0.0,,,2007.0,A,Y,,0.0,0.0,26001,[],[],,,12,9.38% (Profit Rate) for 2019
dse_ownership,2026-09-08 09:54:13.035269+00:00,226,a4e388692d1a4e3fa50e0610a30f29c3,66032fe3aab342d6a97ab3eadc95f2e5cc22cb3b5afcc491e9ab12ad03359beb,200,520,IBNSINA,"64% 2025, 63% 2024, 60% 2023, 60% 2022, 47% 2021, 38.5% 2020, 30% 2019, 30% 2018, 25% 2017, 37.50% 2016","10% 2018, 10% 2017, 15% 2016, 5% 2014, 10% 2013, 20% 2012, 25% 2011, 20% 2010, 20% 2009",n/a,30-Jun,3607.5,-6.9,https://ibnsinapharma.com/investors/quarterly-report,https://ibnsinapharma.com/investors/price-sensitive-information,1989.0,A,Y,Active,1073.13,974.71,18464,"[{""year"": 2025, ""percent"": 64.0}, {""year"": 2024, ""percent"": 63.0}, {""year"": 2023, ""percent"": 60.0}, {""year"": 2022, ""percent"": 60.0}, {""year"": 2021, ""percent"": 47.0}, {""year"": 2020, ""percent"": 38.5}, {""year"": 2019, ""percent"": 30.0}, {""year"": 2018, ""percent"": 30.0}, {""year"": 2017, ""percent"": 25.0}, {""year"": 2016, ""percent"": 37.5}]","[{""year"": 2018, ""percent"": 10.0}, {""year"": 2017, ""percent"": 10.0}, {""year"": 2016, ""percent"": 15.0}, {""year"": 2014, ""percent"": 5.0}, {""year"": 2013, ""percent"": 10.0}, {""year"": 2012, ""percent"": 20.0}, {""year"": 2011, ""percent"": 25.0}, {""year"": 2010, ""percent"": 20.0}, {""year"": 2009, ""percent"": 20.0}]",64.0,2025.0,15,64.00 for 2025
dse_ownership,2026-09-08 09:54:13.820645+00:00,227,a4e388692d1a4e3fa50e0610a30f29c3,1ac30e83ee13ac690362cd0f51ee165fce8fe255454790865d914d46cd3b6728,200,446,IBP,"0.15% 2025, 0.1% 2024, 1% 2022, 4% 2021, 4.5% 2020, 2% 2019","3% 2021 (GP & ICB Only), 2% 2020, 9% 2019, 10% 2018",-,30-Jun,294.2,0.0,,,2018.0,B,Y,Active,20.0,0.0,18494,"[{""year"": 2025, ""percent"": 0.15}, {""year"": 2024, ""percent"": 0.1}, {""year"": 2022, ""percent"": 1.0}, {""year"": 2021, ""percent"": 4.0}, {""year"": 2020, ""percent"": 4.5}, {""year"": 2019, ""percent"": 2.0}]","[{""year"": 2021, ""percent"": 3.0}, {""year"": 2020, ""percent"": 2.0}, {""year"": 2019, ""percent"": 9.0}, {""year"": 2018, ""percent"": 10.0}]",0.15,2025.0,13,0.15 for 2025
dse_ownership,2026-09-08 09:54:14.483918+00:00,228,a4e388692d1a4e3fa50e0610a30f29c3,7b0af61b63e71e6b623ec733d6d012dccfe6232428fcc973007b6a4b46fdcd23,200,478,ICB,"2% 2024, 2.50% 2023, 5% 2022, 11% 2021, 5% 2020, 30% 2018, 30% 2017, 30% 2016, 35% 2015","2.50% 2023, 5% 2022, 5% 2020, 10% 2019, 5% 2018, 5% 2017, 25% 2012, 35% 2011, 25% 2010, 100% 2009, 100% 2008","1R:2 2014 (at premium tk 400), 1:1.5R (At Par) 2000",30-Jun,16452.2,0.0,,,1977.0,B,Y,Active,0.0,38223.33,12151,"[{""year"": 2024, ""percent"": 2.0}, {""year"": 2023, ""percent"": 2.5}, {""year"": 2022, ""percent"": 5.0}, {""year"": 2021, ""percent"": 11.0}, {""year"": 2020, ""percent"": 5.0}, {""year"": 2018, ""percent"": 30.0}, {""year"": 2017, ""percent"": 30.0}, {""year"": 2016, ""percent"": 30.0}, {""year"": 2015, ""percent"": 35.0}]","[{""year"": 2023, ""percent"": 2.5}, {""year"": 2022, ""percent"": 5.0}, {""year"": 2020, ""percent"": 5.0}, {""year"": 2019, ""percent"": 10.0}, {""year"": 2018, ""percent"": 5.0}, {""year"": 2017, ""percent"": 5.0}, {""year"": 2012, ""percent"": 25.0}, {""year"": 2011, ""percent"": 35.0}, {""year"": 2010, ""percent"": 25.0}, {""year"": 2009, ""percent"": 100.0}, {""year"": 2008, ""percent"": 100.0}]",,,12,
dse_ownership,2026-09-08 09:54:16.117990+00:00,231,a4e388692d1a4e3fa50e0610a30f29c3,b7d41c9ce86b5bca32abc4dc1b20131f94ebfc8a994e4a98aef07ac01c20dc2d,200,707,ICB3RDNRB,"3% 2023, 5% 2022, 7% 2021, 5% 2020, 4% 2019, 5% 2018, 5% 2017, 5% 2016, 5% 2015",-,-,30-Jun,-274.3,0.0,,,2010.0,A,Y,Active,0.0,0.0,12177,"[{""year"": 2023, ""percent"": 3.0}, {""year"": 2022, ""percent"": 5.0}, {""year"": 2021, ""percent"": 7.0}, {""year"": 2020, ""percent"": 5.0}, {""year"": 2019, ""percent"": 4.0}, {""year"": 2018, ""percent"": 5.0}, {""year"": 2017, ""percent"": 5.0}, {""year"": 2016, ""percent"": 5.0}, {""year"": 2015, ""percent"": 5.0}]",[],,,12,
dse_ownership,2026-09-08 09:54:17.492715+00:00,232,a4e388692d1a4e3fa50e0610a30f29c3,e2ac328f973f598a6351813efb52816109d4d2b30b395811df7803012a8bfa41,200,1188,ICBAGRANI1,"5% 2023, 9% 2022, 7% 2021, 5% 2020, 5% 2019, 7% 2018",-,-,30-Jun,-98.2,0.0,https://icbamcl.gov.bd/investor-relation/price-sensitive-information,,2017.0,A,Y,,0.0,0.0,12201,"[{""year"": 2023, ""percent"": 5.0}, {""year"": 2022, ""percent"": 9.0}, {""year"": 2021, ""percent"": 7.0}, {""year"": 2020, ""percent"": 5.0}, {""year"": 2019, ""percent"": 5.0}, {""year"": 2018, ""percent"": 7.0}]",[],,,12,
dse_ownership,2026-09-08 09:54:18.083822+00:00,233,a4e388692d1a4e3fa50e0610a30f29c3,d93a47bb4dcad883c32cb07088c5672a9d5d354747b4f18d868ab8bac9090759,200,397,ICBAMCL2ND,"3% 2023, 6% 2022, 8% 2021, 5% 2020, 6% 2019, 6% 2018, 6% 2017, 5% 2016, 5% 2015",-,-,30-Jun,-95.8,0.0,https://icbamcl.gov.bd/investor-relation/price-sensitive-information,,2009.0,A,Y,Active,0.0,0.0,12170,"[{""year"": 2023, ""percent"": 3.0}, {""year"": 2022, ""percent"": 6.0}, {""year"": 2021, ""percent"": 8.0}, {""year"": 2020, ""percent"": 5.0}, {""year"": 2019, ""percent"": 6.0}, {""year"": 2018, ""percent"": 6.0}, {""year"": 2017, ""percent"": 6.0}, {""year"": 2016, ""percent"": 5.0}, {""year"": 2015, ""percent"": 5.0}]",[],,,13,
dse_ownership,2026-09-08 09:54:18.833809+00:00,234,a4e388692d1a4e3fa50e0610a30f29c3,450ff52b22ed88e09a95c9b3d3173a3a871d7e1ff67a1fc5031c006122f94e6c,200,480,ICBEPMF1S1,"3% 2023, 5% 2022, 6% 2021, 5% 2020, 4.5% 2019, 5.5% 2018, 6.50% 2017, 6% 2016, 7.50% 2015",-,-,30-Jun,-196.1,0.0,https://icbamcl.gov.bd/investor-relation/price-sensitive-information,,2009.0,A,Y,Active,0.0,0.0,12171,"[{""year"": 2023, ""percent"": 3.0}, {""year"": 2022, ""percent"": 5.0}, {""year"": 2021, ""percent"": 6.0}, {""year"": 2020, ""percent"": 5.0}, {""year"": 2019, ""percent"": 4.5}, {""year"": 2018, ""percent"": 5.5}, {""year"": 2017, ""percent"": 6.5}, {""year"": 2016, ""percent"": 6.0}, {""year"": 2015, ""percent"": 7.5}]",[],,,13,
dse_ownership,2026-09-08 09:54:21.045463+00:00,235,a4e388692d1a4e3fa50e0610a30f29c3,647501285e91b25a4fa9314442e12785ffbed6aeedd5716a3cf8c269bef90d31,200,2020,ICBIBANK,-,N/A,"1R:1 (At Par) 2003, 1:1 (at par) 1992",31-Dec,-20462.0,0.0,https://icbislamic-bd.com/financial-statement/,https://icbislamic-bd.com/financial-statement/,1990.0,Z,Y,Active,0.0,5854.57,11110,[],[],,,14,
dse_ownership,2026-09-08 09:54:22.699926+00:00,236,a4e388692d1a4e3fa50e0610a30f29c3,ec3c034c7b03db6042fe2cc0dd4ab5f83ece72bed925ab8e272a53ee2108a3fc,200,1469,ICBSONALI1,"2.50% 2023, 5% 2022, 7% 2021, 5% 2020, 6% 2019, 7% 2018, 7.50% 2017, 7.50% 2016, 10% 2015",-,-,30-Jun,-177.5,0.0,https://icbamcl.gov.bd/investor-relation/price-sensitive-information,,2013.0,A,Y,Active,0.0,0.0,12193,"[{""year"": 2023, ""percent"": 2.5}, {""year"": 2022, ""percent"": 5.0}, {""year"": 2021, ""percent"": 7.0}, {""year"": 2020, ""percent"": 5.0}, {""year"": 2019, ""percent"": 6.0}, {""year"": 2018, ""percent"": 7.0}, {""year"": 2017, ""percent"": 7.5}, {""year"": 2016, ""percent"": 7.5}, {""year"": 2015, ""percent"": 10.0}]",[],,,13,
dse_ownership,2026-09-08 09:54:23.437400+00:00,237,a4e388692d1a4e3fa50e0610a30f29c3,9226d6f45405f1e8d26afbe9957c1d2547f51a6582b99929d072d850be64b038,200,479,ICICL,"10% 2025, 10% 2024, 10% 2023, 10% 2022, 10% 2021",-,-,31-Dec,373.1,0.0,https://iciclbd.com/audited-financial-statements/,https://iciclbd.com/price-sensetive-information/,2022.0,A,Y,Active,0.0,0.0,25756,"[{""year"": 2025, ""percent"": 10.0}, {""year"": 2024, ""percent"": 10.0}, {""year"": 2023, ""percent"": 10.0}, {""year"": 2022, ""percent"": 10.0}, {""year"": 2021, ""percent"": 10.0}]",[],10.0,2025.0,15,10.00 for 2025
dse_ownership,2026-09-08 09:54:24.115837+00:00,238,a4e388692d1a4e3fa50e0610a30f29c3,63fb66b6d42e9877b9e3272d73c56ecfdd7047cd83a8ffd6aad014fa8c411cac,200,515,IDLC,"15% 2025, 15% 2024, 15% 2023, 15% 2022, 15% 2021, 15% 2020, 35% 2019, 35% 2018, 30% 2017, 30% 2016, 25% 2015","5% 2025, 5% 2024, 5% 2021, 5% 2020, 25% 2014, 25% 2013, 30% 2012, 25% 2011, 65% 2010, 100% 2009, 20% 2008, 25% 2007, 33.33% 2006, 50% 1996",1R:2 2017,31-Dec,15962.3,0.0,https://idlc.com/financial-reports,https://idlc.com/price-sensitive-information-and-notices,1992.0,A,Y,Active,0.0,31955.47,11111,"[{""year"": 2025, ""percent"": 15.0}, {""year"": 2024, ""percent"": 15.0}, {""year"": 2023, ""percent"": 15.0}, {""year"": 2022, ""percent"": 15.0}, {""year"": 2021, ""percent"": 15.0}, {""year"": 2020, ""percent"": 15.0}, {""year"": 2019, ""percent"": 35.0}, {""year"": 2018, ""percent"": 35.0}, {""year"": 2017, ""percent"": 30.0}, {""year"": 2016, ""percent"": 30.0}, {""year"": 2015, ""percent"": 25.0}]","[{""year"": 2025, ""percent"": 5.0}, {""year"": 2024, ""percent"": 5.0}, {""year"": 2021, ""percent"": 5.0}, {""year"": 2020, ""percent"": 5.0}, {""year"": 2014, ""percent"": 25.0}, {""year"": 2013, ""percent"": 25.0}, {""year"": 2012, ""percent"": 30.0}, {""year"": 2011, ""percent"": 25.0}, {""year"": 2010, ""percent"": 65.0}, {""year"": 2009, ""percent"": 100.0}, {""year"": 2008, ""percent"": 20.0}, {""year"": 2007, ""percent"": 25.0}, {""year"": 2006, ""percent"": 33.33}, {""year"": 1996, ""percent"": 50.0}]",,,15,"15.00, 5%B for 2025"
dse_ownership,2026-09-08 09:54:25.733410+00:00,239,a4e388692d1a4e3fa50e0610a30f29c3,f240ce4be93b462562e7169364173bbab6104f2772f6d82e71bf0c8319e09b45,200,1434,IFADAUTOS,"2% 2025, 1% 2024, 10% 2023, 5% 2022, 11% 2021, 9% 2020, 10% 2019, 22% 2018, 21% 2017, 13% 2016, 7% 2015","1% 2024, 5% 2022, 2% 2020, 10% 2018, 5% 2017, 4% 2016, 30% 2015",2R:5 2017,30-Jun,5866.1,0.0,,,2015.0,B,Y,Active,121.95,401.57,13237,"[{""year"": 2025, ""percent"": 2.0}, {""year"": 2024, ""percent"": 1.0}, {""year"": 2023, ""percent"": 10.0}, {""year"": 2022, ""percent"": 5.0}, {""year"": 2021, ""percent"": 11.0}, {""year"": 2020, ""percent"": 9.0}, {""year"": 2019, ""percent"": 10.0}, {""year"": 2018, ""percent"": 22.0}, {""year"": 2017, ""percent"": 21.0}, {""year"": 2016, ""percent"": 13.0}, {""year"": 2015, ""percent"": 7.0}]","[{""year"": 2024, ""percent"": 1.0}, {""year"": 2022, ""percent"": 5.0}, {""year"": 2020, ""percent"": 2.0}, {""year"": 2018, ""percent"": 10.0}, {""year"": 2017, ""percent"": 5.0}, {""year"": 2016, ""percent"": 4.0}, {""year"": 2015, ""percent"": 30.0}]",2.0,2025.0,13,2.00 for 2025
dse_ownership,2026-09-08 09:54:26.406439+00:00,240,a4e388692d1a4e3fa50e0610a30f29c3,d59a25ae05d4b93b4d89bb8d1cf8a5fa38c31a0feedbbb21759884bdab739b4d,200,372,IFIC,"2.50% 2022, 5% 2011, 7.50% 2002, 25% 2001, 20% 2000, 10% 1999, 10% 1998, 10% 1997, 15% 1991, 5% 1987, 15% 1986","5% 2023, 2.50% 2022, 5% 2021, 5% 2020, 10% 2019, 10% 2018, 12% 2017, 12% 2016, 12% 2015, 15% 14, 15% 13, 10% 12, 25% 11, 27% 10, 25% 09, 30% 08, 100% 07,  24% 06, 10% 05, 10% 04, 10% 03, 1B:10 99, 1B:15 98, 1B:10 97, 1B:6 95, 1B:10 94, 15B:100 93, 15B:100 88, 1",1R:1 2017,31-Dec,-9677.9,0.0,https://www.ificbank.com.bd/annual-report,https://www.ificbank.com.bd/price-sensitive-information-material,1986.0,Z,Y,Active,0.0,3274.0,11103,"[{""year"": 2022, ""percent"": 2.5}, {""year"": 2011, ""percent"": 5.0}, {""year"": 2002, ""percent"": 7.5}, {""year"": 2001, ""percent"": 25.0}, {""year"": 2000, ""percent"": 20.0}, {""year"": 1999, ""percent"": 10.0}, {""year"": 1998, ""percent"": 10.0}, {""year"": 1997, ""percent"": 10.0}, {""year"": 1991, ""percent"": 15.0}, {""year"": 1987, ""percent"": 5.0}, {""year"": 1986, ""percent"": 15.0}]","[{""year"": 2023, ""percent"": 5.0}, {""year"": 2022, ""percent"": 2.5}, {""year"": 2021, ""percent"": 5.0}, {""year"": 2020, ""percent"": 5.0}, {""year"": 2019, ""percent"": 10.0}, {""year"": 2018, ""percent"": 10.0}, {""year"": 2017, ""percent"": 12.0}, {""year"": 2016, ""percent"": 12.0}, {""year"": 2015, ""percent"": 12.0}]",,,14,
dse_ownership,2026-09-08 09:54:28.429557+00:00,241,a4e388692d1a4e3fa50e0610a30f29c3,91f85890bf52ff855448a06223edc2e816cd45df607cef9549813b3c736ee5a2,200,1841,IFIC1STMF,"7% 2022, 7.50% 2021, 3% 2019, 2% 2018, 2% 2017","5%RIU 2018, 10%RIU 2017, 6%RIU, 10%RIU 2015, 9%RIU 2014, 10%RIU 2013",-,30-Jun,-329.7,0.0,http://www.racebd.com/index.php?menu=FinancialReport&Fund=ific1mf,http://www.ific1stmf.com/,2010.0,A,Y,Active,0.0,0.0,12175,"[{""year"": 2022, ""percent"": 7.0}, {""year"": 2021, ""percent"": 7.5}, {""year"": 2019, ""percent"": 3.0}, {""year"": 2018, ""percent"": 2.0}, {""year"": 2017, ""percent"": 2.0}]",[],,,14,
dse_ownership,2026-09-08 09:54:29.197627+00:00,242,a4e388692d1a4e3fa50e0610a30f29c3,c2e48abcdf621408398f32610ac12cab1aa71453fe7f71e3f3cce7010ad9f09b,200,513,IFILISLMF1,"3% 2023, 4% 2022, 4% 2021, 4% 2020, 6% 2019, 9% 2018, 9% 2017, 10% 2016, 10% 2015",-,-,30-Jun,-319.6,0.0,https://icbamcl.gov.bd/investor-relation/price-sensitive-information,,2010.0,A,Y,Active,0.0,0.0,12181,"[{""year"": 2023, ""percent"": 3.0}, {""year"": 2022, ""percent"": 4.0}, {""year"": 2021, ""percent"": 4.0}, {""year"": 2020, ""percent"": 4.0}, {""year"": 2019, ""percent"": 6.0}, {""year"": 2018, ""percent"": 9.0}, {""year"": 2017, ""percent"": 9.0}, {""year"": 2016, ""percent"": 10.0}, {""year"": 2015, ""percent"": 10.0}]",[],,,13,
dse_ownership,2026-09-08 09:54:31.216476+00:00,243,a4e388692d1a4e3fa50e0610a30f29c3,72cccb6e79774647f04058b066af7ee6b6cc97b1bc2952c475e06c080329cf50,200,1839,ILFSL,-,"5% 2018, 12% 2017, 5% 2016, 5% 2015, 5% 2011, 60% 2010, 75% 2009, 15% 2008,10% 2007",1R:1 2011,31-Dec,-49313.1,0.0,https://www.ilfsl.com/Financial_Statements.html,https://www.ilfsl.com/Price_Sensitive_Info.html,2007.0,Z,Y,Active,0.0,15490.34,11143,[],"[{""year"": 2018, ""percent"": 5.0}, {""year"": 2017, ""percent"": 12.0}, {""year"": 2016, ""percent"": 5.0}, {""year"": 2015, ""percent"": 5.0}, {""year"": 2011, ""percent"": 5.0}, {""year"": 2010, ""percent"": 60.0}, {""year"": 2009, ""percent"": 75.0}, {""year"": 2008, ""percent"": 15.0}, {""year"": 2007, ""percent"": 10.0}]",,,14,
dse_ownership,2026-09-08 09:54:31.874109+00:00,244,a4e388692d1a4e3fa50e0610a30f29c3,43c7e48e477dca8ad2630180115dfe4dea49374c4f1002d300c57a1e5bfeb814,200,499,INDEXAGRO,"12% 2025, 25% 2024, 20% 2023, 10% 2022, 25% 2021",5% 2025,-,30-Jun,3138.1,0.0,https://www.index-agro.com/pages/financial-report,https://www.index-agro.com/pages/price-sensitive-information,2021.0,A,Y,Active,2469.12,239.98,99643,"[{""year"": 2025, ""percent"": 12.0}, {""year"": 2024, ""percent"": 25.0}, {""year"": 2023, ""percent"": 20.0}, {""year"": 2022, ""percent"": 10.0}, {""year"": 2021, ""percent"": 25.0}]","[{""year"": 2025, ""percent"": 5.0}]",,,15,"12.00, 5% B for 2025"
dse_ownership,2026-09-08 09:54:33.130289+00:00,247,a4e388692d1a4e3fa50e0610a30f29c3,57fdc1ee19c73b76155f9f9aa3bc0431f37d0dd77e72c367a7fea5adcb597f0b,200,377,INTECH,"0.20% 2024, 1% 2020","11% 2018, 10% 2017, 10% 2016, 10% 2014, 10% 2013, 10% 2012, 10% 2011, 10% 2010, 10% 2009, 10% 2008, 10% 2007, 10% 2006, 15% 2005, 15% 2004",1R:1 2006,30-Jun,-327.2,0.0,https://www.intech.com.bd/,https://www.intech.com.bd/,2002.0,Z,Y,Active,0.0,48.41,22644,"[{""year"": 2024, ""percent"": 0.2}, {""year"": 2020, ""percent"": 1.0}]","[{""year"": 2018, ""percent"": 11.0}, {""year"": 2017, ""percent"": 10.0}, {""year"": 2016, ""percent"": 10.0}, {""year"": 2014, ""percent"": 10.0}, {""year"": 2013, ""percent"": 10.0}, {""year"": 2012, ""percent"": 10.0}, {""year"": 2011, ""percent"": 10.0}, {""year"": 2010, ""percent"": 10.0}, {""year"": 2009, ""percent"": 10.0}, {""year"": 2008, ""percent"": 10.0}, {""year"": 2007, ""percent"": 10.0}, {""year"": 2006, ""percent"": 10.0}, {""year"": 2005, ""percent"": 15.0}, {""year"": 2004, ""percent"": 15.0}]",,,14,
dse_ownership,2026-09-08 09:54:33.815694+00:00,248,a4e388692d1a4e3fa50e0610a30f29c3,7cafc438cef2d2e38cfb82c0761208b6e42294c262f40c750b072adfd71795cf,200,500,INTRACO,"1.25% 2025, 1% 2024, 10% 2023, 10% 2022, 2% 2021, 5% 2020, 5% 2018","8% 2021, 5% 2020, 10% 2019, 5% 2018",-,30-Jun,328.6,0.0,https://intracorefueling.com/investor-relation/financial-statement,https://intracorefueling.com/investor-relation/price-sensitive-information,2018.0,Z,Y,Active,14.5,12.55,15320,"[{""year"": 2025, ""percent"": 1.25}, {""year"": 2024, ""percent"": 1.0}, {""year"": 2023, ""percent"": 10.0}, {""year"": 2022, ""percent"": 10.0}, {""year"": 2021, ""percent"": 2.0}, {""year"": 2020, ""percent"": 5.0}, {""year"": 2018, ""percent"": 5.0}]","[{""year"": 2021, ""percent"": 8.0}, {""year"": 2020, ""percent"": 5.0}, {""year"": 2019, ""percent"": 10.0}, {""year"": 2018, ""percent"": 5.0}]",1.25,2025.0,15,1.25 for 2025
dse_ownership,2026-09-08 09:54:34.897524+00:00,249,a4e388692d1a4e3fa50e0610a30f29c3,5807b98eba5835347e5c18c638b2238e02e278a8176d31bd07a72b5e4067ba1f,200,781,IPDC,"5% 2025, 5% 2024, 5% 2023, 10% 2022, 12% 2021, 12% 2020, 10% 2019","5% 2025, 5% 2024,  5% 2023, 5% B 2019, 8% 2018, 20% 2017, 20% 2016, 20% 2015, 10% 2014, 10% 2013, 10% 2011, 10% 2010, 10% 2009, 10% 2008, 10% 2007, 5% 2006",1R:2 2018,31-Dec,2604.7,0.0,http://www.ipdcbd.com/index.php/aboutus/investmentrelation,http://www.ipdcbd.com/index.php/aboutus/investmentrelation,2006.0,A,Y,Active,0.0,16740.92,11137,"[{""year"": 2025, ""percent"": 5.0}, {""year"": 2024, ""percent"": 5.0}, {""year"": 2023, ""percent"": 5.0}, {""year"": 2022, ""percent"": 10.0}, {""year"": 2021, ""percent"": 12.0}, {""year"": 2020, ""percent"": 12.0}, {""year"": 2019, ""percent"": 10.0}]","[{""year"": 2025, ""percent"": 5.0}, {""year"": 2024, ""percent"": 5.0}, {""year"": 2023, ""percent"": 5.0}, {""year"": 2018, ""percent"": 8.0}, {""year"": 2017, ""percent"": 20.0}, {""year"": 2016, ""percent"": 20.0}, {""year"": 2015, ""percent"": 20.0}, {""year"": 2014, ""percent"": 10.0}, {""year"": 2013, ""percent"": 10.0}, {""year"": 2011, ""percent"": 10.0}, {""year"": 2010, ""percent"": 10.0}, {""year"": 2009, ""percent"": 10.0}, {""year"": 2008, ""percent"": 10.0}, {""year"": 2007, ""percent"": 10.0}, {""year"": 2006, ""percent"": 5.0}]",,,15,"5.00, 5%B for 2025"
dse_ownership,2026-09-08 09:54:36.993580+00:00,250,a4e388692d1a4e3fa50e0610a30f29c3,55921059364a226499e5641d8196f8474ef0344be9a5a30aa035305ef11c719a,200,1658,ISLAMIBANK,"10% 2023, 10% 2022, 10% 2021, 10% 2020,10% 2019, 10% 2018, 10% 2017, 10% 2016, 20% 2015","10% 2013, 17% 2012, 25% 2011, 35% 2010, 20% 2009, 30% 2008, 25% 2007,10% 2006, 25% 2005, 20% 2004, 20% 2003","2R:1 2003, 1R:1 2000, 1R:1 1996 (All right issues are At Par)",31-Dec,55317.4,0.0,http://www.islamibankbd.com/abtIBBL/financial_report.php,http://www.islamibankbd.com/abtIBBL/price_sen_discluser.php,1985.0,Z,Y,Active,0.0,292256.49,11104,"[{""year"": 2023, ""percent"": 10.0}, {""year"": 2022, ""percent"": 10.0}, {""year"": 2021, ""percent"": 10.0}, {""year"": 2020, ""percent"": 10.0}, {""year"": 2019, ""percent"": 10.0}, {""year"": 2018, ""percent"": 10.0}, {""year"": 2017, ""percent"": 10.0}, {""year"": 2016, ""percent"": 10.0}, {""year"": 2015, ""percent"": 20.0}]","[{""year"": 2013, ""percent"": 10.0}, {""year"": 2012, ""percent"": 17.0}, {""year"": 2011, ""percent"": 25.0}, {""year"": 2010, ""percent"": 35.0}, {""year"": 2009, ""percent"": 20.0}, {""year"": 2008, ""percent"": 30.0}, {""year"": 2007, ""percent"": 25.0}, {""year"": 2006, ""percent"": 10.0}, {""year"": 2005, ""percent"": 25.0}, {""year"": 2004, ""percent"": 20.0}, {""year"": 2003, ""percent"": 20.0}]",,,14,
dse_ownership,2026-09-08 09:54:40.160094+00:00,251,a4e388692d1a4e3fa50e0610a30f29c3,80518d659d52c27e1e653026acbdf670d871f1233857c3e24200f18733a3c3be,200,2985,ISLAMICFIN,"5% 2022, 10.50% 2021, 10% 2020, 10% 2019, 10% 2018, 14.50% 2017, 3% 2016, 13% 2015","4.50% 2018, 11% 2016, 4% 2014, 4% 2013, 10% 2012, 10% 2011, 16% 2010, 25% 2009, 16% 2008, 5% 2005","1R:3 2012, 1R:2 2010",31-Dec,-1375.1,0.0,https://www.ifilbd.com/investor-relations/Audited-Financial-Statements,https://www.ifilbd.com/investor-relations/Price-Sensitive-Information-PSI,2005.0,Z,Y,Active,0.0,312.54,11133,"[{""year"": 2022, ""percent"": 5.0}, {""year"": 2021, ""percent"": 10.5}, {""year"": 2020, ""percent"": 10.0}, {""year"": 2019, ""percent"": 10.0}, {""year"": 2018, ""percent"": 10.0}, {""year"": 2017, ""percent"": 14.5}, {""year"": 2016, ""percent"": 3.0}, {""year"": 2015, ""percent"": 13.0}]","[{""year"": 2018, ""percent"": 4.5}, {""year"": 2016, ""percent"": 11.0}, {""year"": 2014, ""percent"": 4.0}, {""year"": 2013, ""percent"": 4.0}, {""year"": 2012, ""percent"": 10.0}, {""year"": 2011, ""percent"": 10.0}, {""year"": 2010, ""percent"": 16.0}, {""year"": 2009, ""percent"": 25.0}, {""year"": 2008, ""percent"": 16.0}, {""year"": 2005, ""percent"": 5.0}]",,,14,
dse_ownership,2026-09-08 09:54:40.946361+00:00,252,a4e388692d1a4e3fa50e0610a30f29c3,692f4c599e5a7bf9d8f56acedb02ffad71962a69b4ddb37aa072217e1aad8332,200,498,ISLAMIINS,"20% 2024, 15% 2023, 12.50% 2022, 12.50% 2021, 5% 2019, 10% 2018, 5% 2017","10% 2020, 5% 2019, 5% 2017, 10% 2016, 10% 2015, 10% 2014, 15% 2013, 12% 2012, 10% 2011, 20% 2010",-,31-Dec,517.2,0.0,https://www.islamiinsurance.com/page/financial_highlights,https://islamiinsurance.com/page/price_sensitive_information,2009.0,A,Y,Active,0.0,0.0,25742,"[{""year"": 2024, ""percent"": 20.0}, {""year"": 2023, ""percent"": 15.0}, {""year"": 2022, ""percent"": 12.5}, {""year"": 2021, ""percent"": 12.5}, {""year"": 2019, ""percent"": 5.0}, {""year"": 2018, ""percent"": 10.0}, {""year"": 2017, ""percent"": 5.0}]","[{""year"": 2020, ""percent"": 10.0}, {""year"": 2019, ""percent"": 5.0}, {""year"": 2017, ""percent"": 5.0}, {""year"": 2016, ""percent"": 10.0}, {""year"": 2015, ""percent"": 10.0}, {""year"": 2014, ""percent"": 10.0}, {""year"": 2013, ""percent"": 15.0}, {""year"": 2012, ""percent"": 12.0}, {""year"": 2011, ""percent"": 10.0}, {""year"": 2010, ""percent"": 20.0}]",20.0,2024.0,15,20.00 for 2024
dse_ownership,2026-09-08 09:54:41.635884+00:00,253,a4e388692d1a4e3fa50e0610a30f29c3,6783e17cc03c896a1d1ea3b29cd8aa2bf2a11c41577654c03264682e522e4501,200,523,ISNLTD,"0.50% 2024, 1% 2023, 3% 2022, 1% 2020, 2% 2019","5% 2012, 5% 2011, 10% 2010, 10% 2009, 15% 2007",n/a,30-Jun,-82.9,0.1,https://www.bangla.net/Audited-Financial-Statements,https://www.bangla.net/Price-Sensitive-Information,2002.0,B,Y,Active,0.0,72.09,22641,"[{""year"": 2024, ""percent"": 0.5}, {""year"": 2023, ""percent"": 1.0}, {""year"": 2022, ""percent"": 3.0}, {""year"": 2020, ""percent"": 1.0}, {""year"": 2019, ""percent"": 2.0}]","[{""year"": 2012, ""percent"": 5.0}, {""year"": 2011, ""percent"": 5.0}, {""year"": 2010, ""percent"": 10.0}, {""year"": 2009, ""percent"": 10.0}, {""year"": 2007, ""percent"": 15.0}]",,,14,
dse_ownership,2026-09-08 09:54:42.489069+00:00,254,a4e388692d1a4e3fa50e0610a30f29c3,c1830fe1ac7c40f07a02d799646aa9200eebd9bd0583dc81bb4e0ae774a56c79,200,684,ITC,"12% 2025, 11% 2024, 10% 2023, 6% 2022, 5% 2021, 5% 2020, 5% 2019, 6% 2017","5% 2020, 7% 2019,10% 2018, 4% 2017, 15% 2016",-,30-Jun,1409.4,0.0,https://www.itcbd.com/financial-statement,https://www.itcbd.com/price-sensitive-info,2016.0,A,Y,Active,97.44,961.08,22648,"[{""year"": 2025, ""percent"": 12.0}, {""year"": 2024, ""percent"": 11.0}, {""year"": 2023, ""percent"": 10.0}, {""year"": 2022, ""percent"": 6.0}, {""year"": 2021, ""percent"": 5.0}, {""year"": 2020, ""percent"": 5.0}, {""year"": 2019, ""percent"": 5.0}, {""year"": 2017, ""percent"": 6.0}]","[{""year"": 2020, ""percent"": 5.0}, {""year"": 2019, ""percent"": 7.0}, {""year"": 2018, ""percent"": 10.0}, {""year"": 2017, ""percent"": 4.0}, {""year"": 2016, ""percent"": 15.0}]",12.0,2025.0,15,12.00 for 2025
dse_ownership,2026-09-08 09:54:43.684485+00:00,257,a4e388692d1a4e3fa50e0610a30f29c3,b4029f47e53f8cc7525f2d0cbdc762e5cba045b68c2dd30b2a71655973b393a4,200,357,JAMUNABANK,"29% 2025, 17.50% 2024, 17.50% 2023, 17.50% 2022, 17.50% 2021, 17.50% 2020, 15% 2019, 20% 2018, 20.50% 2016, 19.50% 2015","6.50% 2024, 8.50% 2023, 8.50% 2022, 22% 2017, 19% 2014, 15% 2013, 23% 2011, 22% 2010, 37.5%B 2009, 23.50% 2008, 1B:14 2007, 1B:7 2006, 25% 2005",1R:3 2010,31-Dec,16371.0,0.0,https://jamunabankbd.com/financial-highlights/,https://jamunabankbd.com/price-sensitive-information/,2006.0,A,Y,Active,0.0,15322.15,11134,"[{""year"": 2025, ""percent"": 29.0}, {""year"": 2024, ""percent"": 17.5}, {""year"": 2023, ""percent"": 17.5}, {""year"": 2022, ""percent"": 17.5}, {""year"": 2021, ""percent"": 17.5}, {""year"": 2020, ""percent"": 17.5}, {""year"": 2019, ""percent"": 15.0}, {""year"": 2018, ""percent"": 20.0}, {""year"": 2016, ""percent"": 20.5}, {""year"": 2015, ""percent"": 19.5}]","[{""year"": 2024, ""percent"": 6.5}, {""year"": 2023, ""percent"": 8.5}, {""year"": 2022, ""percent"": 8.5}, {""year"": 2017, ""percent"": 22.0}, {""year"": 2014, ""percent"": 19.0}, {""year"": 2013, ""percent"": 15.0}, {""year"": 2011, ""percent"": 23.0}, {""year"": 2010, ""percent"": 22.0}, {""year"": 2008, ""percent"": 23.5}, {""year"": 2005, ""percent"": 25.0}]",29.0,2025.0,15,29.00 for 2025
dse_ownership,2026-09-08 09:54:45.580756+00:00,258,a4e388692d1a4e3fa50e0610a30f29c3,d2dc23244026c036f9defed1d14f511eed0dcd89afafb81d4cf7d352e92e7354,200,1733,JAMUNAOIL,"180% 2025, 150% 2024, 130% 2023, 120% 2022, 120% 2021, 120% 2020, 130% 2019, 130% 2018, 110% 2017, 100% 2016, 100% 2015","10% 2014, 10% 2013, 30% 2012, 30% 2011, 20% 2010",-,30-Jun,28966.0,189.6,,,2007.0,A,Y,Active,0.0,0.0,15309,"[{""year"": 2025, ""percent"": 180.0}, {""year"": 2024, ""percent"": 150.0}, {""year"": 2023, ""percent"": 130.0}, {""year"": 2022, ""percent"": 120.0}, {""year"": 2021, ""percent"": 120.0}, {""year"": 2020, ""percent"": 120.0}, {""year"": 2019, ""percent"": 130.0}, {""year"": 2018, ""percent"": 130.0}, {""year"": 2017, ""percent"": 110.0}, {""year"": 2016, ""percent"": 100.0}, {""year"": 2015, ""percent"": 100.0}]","[{""year"": 2014, ""percent"": 10.0}, {""year"": 2013, ""percent"": 10.0}, {""year"": 2012, ""percent"": 30.0}, {""year"": 2011, ""percent"": 30.0}, {""year"": 2010, ""percent"": 20.0}]",180.0,2025.0,13,180.00 for 2025
dse_ownership,2026-09-08 09:54:46.403287+00:00,259,a4e388692d1a4e3fa50e0610a30f29c3,f0980e1bf64173ef3000915d172789b788fdabb4682a8faeeae2a67cef945626,200,533,JANATAINS,"10% 2025, 6% 2024, 11% 2023, 11% 2022, 6% 2021, 6% 2020, 10% 2019, 5% 2018, 5% 2015","4% 2024, 5% 2021, 5% 2020, 5% 2018, 5% 2017, 10% 2014, 12.50% 2013, 10% 2012, 10% 2011, 15% 2010, 12% 2009, 10% 2008, 10% 2007",2R:1 2011,31-Dec,190.0,0.0,https://jiclbd.com/index.php/annual-reports/,https://jiclbd.com/index.php/price-sensitive-information/,1994.0,A,Y,Active,0.0,0.0,25706,"[{""year"": 2025, ""percent"": 10.0}, {""year"": 2024, ""percent"": 6.0}, {""year"": 2023, ""percent"": 11.0}, {""year"": 2022, ""percent"": 11.0}, {""year"": 2021, ""percent"": 6.0}, {""year"": 2020, ""percent"": 6.0}, {""year"": 2019, ""percent"": 10.0}, {""year"": 2018, ""percent"": 5.0}, {""year"": 2015, ""percent"": 5.0}]","[{""year"": 2024, ""percent"": 4.0}, {""year"": 2021, ""percent"": 5.0}, {""year"": 2020, ""percent"": 5.0}, {""year"": 2018, ""percent"": 5.0}, {""year"": 2017, ""percent"": 5.0}, {""year"": 2014, ""percent"": 10.0}, {""year"": 2013, ""percent"": 12.5}, {""year"": 2012, ""percent"": 10.0}, {""year"": 2011, ""percent"": 10.0}, {""year"": 2010, ""percent"": 15.0}, {""year"": 2009, ""percent"": 12.0}, {""year"": 2008, ""percent"": 10.0}, {""year"": 2007, ""percent"": 10.0}]",10.0,2025.0,15,10.00 for 2025
dse_ownership,2026-09-08 09:54:47.094875+00:00,260,a4e388692d1a4e3fa50e0610a30f29c3,c9a10c39ed3b1be246e3691915679d411b37bd610c0259a0d73e188645556e09,200,502,JHRML,"5% 2025, 10% 2024, 5% 2023, 12.50% 2022",-,-,30-Jun,1943.9,0.8,https://jhrml-bd.com/investor-category/report/auditor-s-report,https://jhrml-bd.com/investor-category/price-sensitive-information,2022.0,B,Y,Active,78.22,153.57,99644,"[{""year"": 2025, ""percent"": 5.0}, {""year"": 2024, ""percent"": 10.0}, {""year"": 2023, ""percent"": 5.0}, {""year"": 2022, ""percent"": 12.5}]",[],5.0,2025.0,15,5.00 for 2025
dse_ownership,2026-09-08 09:54:49.436856+00:00,261,a4e388692d1a4e3fa50e0610a30f29c3,2a9aa5242235774d12cad9e7114a24d5a2065f8a15e0a28d561a30cd3e45a838,200,2168,JMISMDL,"10% 2025, 10% 2024, 10% 2023, 30% 2021, 30% 2020, 30% 2019, 30% 2018, 30% 2017, 35% 2016, 20% 2014",36% 2022,-,30-Jun,612.8,0.0,https://www.jmisyringe.com/ad-report,https://www.jmisyringe.com/psi,2013.0,A,Y,Active,25.28,16.13,18487,"[{""year"": 2025, ""percent"": 10.0}, {""year"": 2024, ""percent"": 10.0}, {""year"": 2023, ""percent"": 10.0}, {""year"": 2021, ""percent"": 30.0}, {""year"": 2020, ""percent"": 30.0}, {""year"": 2019, ""percent"": 30.0}, {""year"": 2018, ""percent"": 30.0}, {""year"": 2017, ""percent"": 30.0}, {""year"": 2016, ""percent"": 35.0}, {""year"": 2014, ""percent"": 20.0}]","[{""year"": 2022, ""percent"": 36.0}]",10.0,2025.0,15,10.00 for 2025
dse_ownership,2026-09-08 09:54:52.361027+00:00,264,a4e388692d1a4e3fa50e0610a30f29c3,15d4393d4516a6fa662ff368d7f5823a93f64fffd30be33aff4e36ec76414446,200,2049,JUTESPINN,-,n/a,n/a,30-Jun,-267.7,0.0,,,1984.0,Z,Y,Active,317.76,89.1,16355,[],[],,,12,
dse_ownership,2026-09-08 09:54:54.393454+00:00,265,a4e388692d1a4e3fa50e0610a30f29c3,cd7d3104ec0b0eec82102fa1844bb50f0602d5a1102d5377dba2936a67cd6a0a,200,1872,KARNAPHULI,"10% 2025, 10% 2024, 10% 2023, 10% 2022, 12% 2021, 10% 2020, 10% 2019, 6% 2018, 6% 2017, 10% 2016, 10% 2015","5% 2018, 5% 2017, 5% 2014, 5% 2013, 20% 2010, 15% 2009, 20% 2008, 14% 2007, 12% 2006,12% 2005, 12% 2004,16% 2003",1R:1 2010,31-Dec,545.7,0.0,http://drive.google.com/file/d/1H13zMkb-2h5Ro3lMlB-2c0SevKTDP__0/view,https://www.kiclbd.com/page/price-sensitive-information,1995.0,A,Y,Active,0.0,0.0,25710,"[{""year"": 2025, ""percent"": 10.0}, {""year"": 2024, ""percent"": 10.0}, {""year"": 2023, ""percent"": 10.0}, {""year"": 2022, ""percent"": 10.0}, {""year"": 2021, ""percent"": 12.0}, {""year"": 2020, ""percent"": 10.0}, {""year"": 2019, ""percent"": 10.0}, {""year"": 2018, ""percent"": 6.0}, {""year"": 2017, ""percent"": 6.0}, {""year"": 2016, ""percent"": 10.0}, {""year"": 2015, ""percent"": 10.0}]","[{""year"": 2018, ""percent"": 5.0}, {""year"": 2017, ""percent"": 5.0}, {""year"": 2014, ""percent"": 5.0}, {""year"": 2013, ""percent"": 5.0}, {""year"": 2010, ""percent"": 20.0}, {""year"": 2009, ""percent"": 15.0}, {""year"": 2008, ""percent"": 20.0}, {""year"": 2007, ""percent"": 14.0}, {""year"": 2006, ""percent"": 12.0}, {""year"": 2005, ""percent"": 12.0}, {""year"": 2004, ""percent"": 12.0}, {""year"": 2003, ""percent"": 16.0}]",10.0,2025.0,15,10.00 for 2025
dse_ownership,2026-09-08 09:54:56.590590+00:00,266,a4e388692d1a4e3fa50e0610a30f29c3,b4395193a333790f6b0f128f6c5fc0b3c28be872ee21e7ddc8f236ca48080abf,200,1926,KAY&QUE,"4% 2025, 3% 2024, 3% 2023, 5% 2022, 4% 2020, 7.5% 2019, 5% 2018","2% 2024, 5% 2021, 5% 2010, 5% 2009, 5%B 2008, 10% 2007",n/a,30-Jun,641.4,0.0,https://kayandque.com/quarterly-financial-statements,https://kayandque.com/price-sensitive-information,1996.0,B,Y,Active,104.79,0.0,13222,"[{""year"": 2025, ""percent"": 4.0}, {""year"": 2024, ""percent"": 3.0}, {""year"": 2023, ""percent"": 3.0}, {""year"": 2022, ""percent"": 5.0}, {""year"": 2020, ""percent"": 4.0}, {""year"": 2019, ""percent"": 7.5}, {""year"": 2018, ""percent"": 5.0}]","[{""year"": 2024, ""percent"": 2.0}, {""year"": 2021, ""percent"": 5.0}, {""year"": 2010, ""percent"": 5.0}, {""year"": 2009, ""percent"": 5.0}, {""year"": 2007, ""percent"": 10.0}]",4.0,2025.0,15,4.00 for 2025
dse_ownership,2026-09-08 09:54:57.299623+00:00,267,a4e388692d1a4e3fa50e0610a30f29c3,529f1fc0cffe6153454310ba718e95194c01b3ab34f9f7a4770933e0c026a41a,200,515,KBPPWBIL,"10% 2025, 1% 2024, 2% 2022, 2% 2020, 2% 2018","10% 2017, 11% 2016, 15% 2015, 10% 2014",-,30-Jun,203.5,0.0,,,2014.0,A,Y,Active,8.59,3.6,99639,"[{""year"": 2025, ""percent"": 10.0}, {""year"": 2024, ""percent"": 1.0}, {""year"": 2022, ""percent"": 2.0}, {""year"": 2020, ""percent"": 2.0}, {""year"": 2018, ""percent"": 2.0}]","[{""year"": 2017, ""percent"": 10.0}, {""year"": 2016, ""percent"": 11.0}, {""year"": 2015, ""percent"": 15.0}, {""year"": 2014, ""percent"": 10.0}]",10.0,2025.0,13,10.00 for 2025
dse_ownership,2026-09-08 09:55:00.121383+00:00,270,a4e388692d1a4e3fa50e0610a30f29c3,6bffc7246ee14eec9de03ba9ed930bfb49cb5e862c5838f481e8a24798694c17,200,1946,KDSALTD,"10% 2025, 5% 2024, 10% 2023, 16% 2022, 15% 2021, 7.5% 2020, 10% 2019, 10% 2018, 10% 2017, 5% 2016","5% 2024,  7.5% 2020, 5% 2019, 5% 2018, 5% 2017, 10% 2016",-,30-Jun,1203.4,0.0,https://www.kdsaccessories.com/investor-information/reports-and-information#,https://www.kdsaccessories.com/investor-information/reports-and-information#,2015.0,A,Y,Active,358.0,27.76,13240,"[{""year"": 2025, ""percent"": 10.0}, {""year"": 2024, ""percent"": 5.0}, {""year"": 2023, ""percent"": 10.0}, {""year"": 2022, ""percent"": 16.0}, {""year"": 2021, ""percent"": 15.0}, {""year"": 2020, ""percent"": 7.5}, {""year"": 2019, ""percent"": 10.0}, {""year"": 2018, ""percent"": 10.0}, {""year"": 2017, ""percent"": 10.0}, {""year"": 2016, ""percent"": 5.0}]","[{""year"": 2024, ""percent"": 5.0}, {""year"": 2020, ""percent"": 7.5}, {""year"": 2019, ""percent"": 5.0}, {""year"": 2018, ""percent"": 5.0}, {""year"": 2017, ""percent"": 5.0}, {""year"": 2016, ""percent"": 10.0}]",10.0,2025.0,15,10.00 for 2025
dse_ownership,2026-09-08 09:55:00.815581+00:00,271,a4e388692d1a4e3fa50e0610a30f29c3,e6046a1dbcf35a385499b92a840a181d0633e25aeeaf8fe727b3804e3891d0ea,200,509,KEYACOSMET,1% 2020,"10% 2018, 20% 2017, 18% 2016, 20% 2015, 20% 2014,10% 2013, 10% 2012, 21% 2011, 50% 2005","1R:1 2012, 1R:5 2007",30-Jun,-851.9,0.0,,,2001.0,Z,Y,Active,7429.15,11300.68,18477,"[{""year"": 2020, ""percent"": 1.0}]","[{""year"": 2018, ""percent"": 10.0}, {""year"": 2017, ""percent"": 20.0}, {""year"": 2016, ""percent"": 18.0}, {""year"": 2015, ""percent"": 20.0}, {""year"": 2014, ""percent"": 20.0}, {""year"": 2013, ""percent"": 10.0}, {""year"": 2012, ""percent"": 10.0}, {""year"": 2011, ""percent"": 21.0}, {""year"": 2005, ""percent"": 50.0}]",1.0,2020.0,13,1.00 for 2020
dse_ownership,2026-09-08 09:55:03.569557+00:00,274,a4e388692d1a4e3fa50e0610a30f29c3,321c617f261b84f513085fca7768a72199f9cc2f63bb184d38584e1f1ccfbfff,200,1868,KOHINOOR,"65% 2025, 50% 2024, 40% 2023, 20% 2022, 35% 2021, 35% 2020, 20% 2019, 10% 2018, 15% 2017, 10% 2016, 30% 2015","10% 2025, 10% 2024, 10% 2023, 20% 2022, 15% 2021, 10% 2020, 20% 2019, 20% 2018, 15% 2017, 20% 2016, 25% 2014, 25% 2013, 30% 2012",n/a,30-Jun,2007.9,0.0,http://www.kohinoor-bd.com/finance/,,1988.0,A,Y,Active,0.0,326.09,18463,"[{""year"": 2025, ""percent"": 65.0}, {""year"": 2024, ""percent"": 50.0}, {""year"": 2023, ""percent"": 40.0}, {""year"": 2022, ""percent"": 20.0}, {""year"": 2021, ""percent"": 35.0}, {""year"": 2020, ""percent"": 35.0}, {""year"": 2019, ""percent"": 20.0}, {""year"": 2018, ""percent"": 10.0}, {""year"": 2017, ""percent"": 15.0}, {""year"": 2016, ""percent"": 10.0}, {""year"": 2015, ""percent"": 30.0}]","[{""year"": 2025, ""percent"": 10.0}, {""year"": 2024, ""percent"": 10.0}, {""year"": 2023, ""percent"": 10.0}, {""year"": 2022, ""percent"": 20.0}, {""year"": 2021, ""percent"": 15.0}, {""year"": 2020, ""percent"": 10.0}, {""year"": 2019, ""percent"": 20.0}, {""year"": 2018, ""percent"": 20.0}, {""year"": 2017, ""percent"": 15.0}, {""year"": 2016, ""percent"": 20.0}, {""year"": 2014, ""percent"": 25.0}, {""year"": 2013, ""percent"": 25.0}, {""year"": 2012, ""percent"": 30.0}]",,,14,"65.00, 10%B for 2025"
dse_ownership,2026-09-08 09:55:05.729249+00:00,275,a4e388692d1a4e3fa50e0610a30f29c3,f5b678d4b1b9000bc4a143a0acd392c5174855255091b64749905d94548c4dd9,200,1977,KPCL,"5% 2025, 10% 2024, 10% 2023, 10% 2022, 12.50% 2021, 34% 2020, 40% 2019, 30% 2018, 55% 2017, 75% 2016","10% 2018, 5% 2013, 12.50% 2012, 25% 2011, 20% 2010, 15% 2009",-,30-Jun,3587.8,0.0,https://www.khulnapower.com/annual-audited-financial-statements/           Quarterly financial statements: https://www.khulnapower.com/quarterly-reports/,https://www.khulnapower.com/price-sensitive-information/,2010.0,Z,Y,Operation Shutdown,0.0,0.0,15312,"[{""year"": 2025, ""percent"": 5.0}, {""year"": 2024, ""percent"": 10.0}, {""year"": 2023, ""percent"": 10.0}, {""year"": 2022, ""percent"": 10.0}, {""year"": 2021, ""percent"": 12.5}, {""year"": 2020, ""percent"": 34.0}, {""year"": 2019, ""percent"": 40.0}, {""year"": 2018, ""percent"": 30.0}, {""year"": 2017, ""percent"": 55.0}, {""year"": 2016, ""percent"": 75.0}]","[{""year"": 2018, ""percent"": 10.0}, {""year"": 2013, ""percent"": 5.0}, {""year"": 2012, ""percent"": 12.5}, {""year"": 2011, ""percent"": 25.0}, {""year"": 2010, ""percent"": 20.0}, {""year"": 2009, ""percent"": 15.0}]",5.0,2025.0,15,5.00 for 2025
dse_ownership,2026-09-08 09:55:06.516853+00:00,276,a4e388692d1a4e3fa50e0610a30f29c3,a2e0966d8c8cf462eb8d15bba96e101b5df482b9fea3f01e20d90bb455137965,200,588,KPPL,"0.25% 2020, 1% 2019, 10% 2015, 5% 2014",10% 2014,-,30-Jun,-866.6,0.0,,,2014.0,Z,Y,Closed,236.16,315.53,19511,"[{""year"": 2020, ""percent"": 0.25}, {""year"": 2019, ""percent"": 1.0}, {""year"": 2015, ""percent"": 10.0}, {""year"": 2014, ""percent"": 5.0}]","[{""year"": 2014, ""percent"": 10.0}]",,,12,
dse_ownership,2026-09-08 09:55:07.205969+00:00,277,a4e388692d1a4e3fa50e0610a30f29c3,1b77d1ffb3e34483ccf742343077af376964d1b1bc13132010ffd0b33eaf77df,200,408,KTL,"0.25% 2024, 10% 2021, 2% 2020 , 2% 2019","8% 2020, 10% 2019, 10% 2018",-,30-Jun,583.5,0.0,,,2018.0,Z,Y,Active,31.97,0.0,17480,"[{""year"": 2024, ""percent"": 0.25}, {""year"": 2021, ""percent"": 10.0}, {""year"": 2020, ""percent"": 2.0}, {""year"": 2019, ""percent"": 2.0}]","[{""year"": 2020, ""percent"": 8.0}, {""year"": 2019, ""percent"": 10.0}, {""year"": 2018, ""percent"": 10.0}]",0.25,2024.0,13,0.25 for 2024
dse_ownership,2026-09-08 09:55:07.893313+00:00,278,a4e388692d1a4e3fa50e0610a30f29c3,52861da8c5c1a5d20b588013e92f45dc1ce716d3073b0bdfbe30854fff61c435,200,501,LANKABAFIN,"10% 2023, 10% 2022, 10% 2021, 12% 2020, 7% 2019, 15% 2018, 7.5% 2017, 15% 2016, 15% 2015","5% 2019, 7.5% 2017, 15% 2016, 15% 2015, 10% 2014, 5% 2013, 10% 2012, 30% 2011, 55% 2010, 20% 2009, 15% 2008, 10% 2007","1R: 2 2018, 1R:1 2012",31-Dec,3394.9,0.0,https://www.lankabangla.com/investor-relations#financial-statement/,https://www.lankabangla.com/investor-relations#price-sensitive-info/,2006.0,A,Y,Active,0.0,24209.38,11135,"[{""year"": 2023, ""percent"": 10.0}, {""year"": 2022, ""percent"": 10.0}, {""year"": 2021, ""percent"": 10.0}, {""year"": 2020, ""percent"": 12.0}, {""year"": 2019, ""percent"": 7.0}, {""year"": 2018, ""percent"": 15.0}, {""year"": 2017, ""percent"": 7.5}, {""year"": 2016, ""percent"": 15.0}, {""year"": 2015, ""percent"": 15.0}]","[{""year"": 2019, ""percent"": 5.0}, {""year"": 2017, ""percent"": 7.5}, {""year"": 2016, ""percent"": 15.0}, {""year"": 2015, ""percent"": 15.0}, {""year"": 2014, ""percent"": 10.0}, {""year"": 2013, ""percent"": 5.0}, {""year"": 2012, ""percent"": 10.0}, {""year"": 2011, ""percent"": 30.0}, {""year"": 2010, ""percent"": 55.0}, {""year"": 2009, ""percent"": 20.0}, {""year"": 2008, ""percent"": 15.0}, {""year"": 2007, ""percent"": 10.0}]",,,14,
dse_ownership,2026-09-08 09:55:09.227731+00:00,281,a4e388692d1a4e3fa50e0610a30f29c3,ce312968065f4abd437dff7c3239439b04bbc02a0bd8a718c61c1f7266056a8c,200,418,LEGACYFOOT,"0.5% 2025, 1% 2024, 0.5% 2023, 1% 2021, 5% 2019, 5.00 2018","15% 2018, 10% 2017, 5% 2014, 5% 2013, 5% 2012, 12% 2011, 10% 2010",n/a,30-Jun,52.2,0.0,https://legacyfootwearplc.com/,https://legacyfootwearplc.com/,2000.0,B,Y,Active,0.0,0.0,23636,"[{""year"": 2025, ""percent"": 0.5}, {""year"": 2024, ""percent"": 1.0}, {""year"": 2023, ""percent"": 0.5}, {""year"": 2021, ""percent"": 1.0}, {""year"": 2019, ""percent"": 5.0}]","[{""year"": 2018, ""percent"": 15.0}, {""year"": 2017, ""percent"": 10.0}, {""year"": 2014, ""percent"": 5.0}, {""year"": 2013, ""percent"": 5.0}, {""year"": 2012, ""percent"": 5.0}, {""year"": 2011, ""percent"": 12.0}, {""year"": 2010, ""percent"": 10.0}]",0.5,2025.0,15,0.50 for 2025
dse_ownership,2026-09-08 09:55:09.933727+00:00,282,a4e388692d1a4e3fa50e0610a30f29c3,23541f2ce5d54bcd13cd70e7f38b247ddc71ec3ce652f1ef57a42b3c117db9f5,200,521,LHB,"40% 2025, 38% 2024, 50% 2023, 48% 2022, 25% 2021, 10% 2020, 10% 2019, 10% 2018, 10% 2017, 10% 2016, 10% 2015, 10% 2014",n/a,1R:1 2011,31-Dec,7449.6,0.0,https://www.lafargeholcim.com.bd/financial-reports,https://www.lafargeholcim.com.bd/price-sensitive-information,2003.0,A,Y,Active,0.0,0.0,21643,"[{""year"": 2025, ""percent"": 40.0}, {""year"": 2024, ""percent"": 38.0}, {""year"": 2023, ""percent"": 50.0}, {""year"": 2022, ""percent"": 48.0}, {""year"": 2021, ""percent"": 25.0}, {""year"": 2020, ""percent"": 10.0}, {""year"": 2019, ""percent"": 10.0}, {""year"": 2018, ""percent"": 10.0}, {""year"": 2017, ""percent"": 10.0}, {""year"": 2016, ""percent"": 10.0}, {""year"": 2015, ""percent"": 10.0}, {""year"": 2014, ""percent"": 10.0}]",[],40.0,2025.0,15,40.00 for 2025
dse_ownership,2026-09-08 09:55:11.288089+00:00,283,a4e388692d1a4e3fa50e0610a30f29c3,de0f58fb9219e70969c69de4059d784446ff3872c903d267fad3aa1d405605c1,200,1166,LIBRAINFU,"30% 2021, 5% 2020, 5% 2019, 30% 2017, 25% 2016, 20% 2015","50% 2021, 20% 2018",n/a,30-Jun,1871.3,0.0,,,1994.0,Z,Y,Active,62.54,758.29,18471,"[{""year"": 2021, ""percent"": 30.0}, {""year"": 2020, ""percent"": 5.0}, {""year"": 2019, ""percent"": 5.0}, {""year"": 2017, ""percent"": 30.0}, {""year"": 2016, ""percent"": 25.0}, {""year"": 2015, ""percent"": 20.0}]","[{""year"": 2021, ""percent"": 50.0}, {""year"": 2018, ""percent"": 20.0}]",,,13,"30.00, 50%B for 2021"
dse_ownership,2026-09-08 09:55:12.685516+00:00,286,a4e388692d1a4e3fa50e0610a30f29c3,1a603a1ec1aee8ce7fb4d2ef8417f1bd09aa0b1065948898f87b4dc07572b172,200,534,LINDEBD,"100% 2025, 4500% 2024, 1540% 2023, 420% 2022, 550% 2021, 400% 2020, 500% 2019, 375% 2018, 340% 2017, 310% 2016, 310% 2015","1B:5 96, 1B:2 90, 1B:2 86",n/a,31-Dec,3072.4,-24.9,https://www.linde.com.bd/investor-relations/financial-statement,https://www.linde.com.bd/investor-relations/price-sensitive-information,1976.0,A,Y,Active,0.0,0.0,15301,"[{""year"": 2025, ""percent"": 100.0}, {""year"": 2024, ""percent"": 4500.0}, {""year"": 2023, ""percent"": 1540.0}, {""year"": 2022, ""percent"": 420.0}, {""year"": 2021, ""percent"": 550.0}, {""year"": 2020, ""percent"": 400.0}, {""year"": 2019, ""percent"": 500.0}, {""year"": 2018, ""percent"": 375.0}, {""year"": 2017, ""percent"": 340.0}, {""year"": 2016, ""percent"": 310.0}, {""year"": 2015, ""percent"": 310.0}]",[],100.0,2025.0,15,100.00 for 2025
dse_ownership,2026-09-08 09:55:13.272670+00:00,287,a4e388692d1a4e3fa50e0610a30f29c3,4ea39e6e072677a51515829eadf020876b12a38abdcfc6b8d6b7eafdbf6e41e0,200,404,LOVELLO,"11% 2025, 10% 2024, 10% 2023, 12% 2022, 11% 2021","5% 2025, 10% 2024",-,30-Jun,141.0,0.0,https://www.lovello.club/investors/35,https://www.lovello.club/investors/38,2021.0,A,Y,Active,301.73,1616.21,14296,"[{""year"": 2025, ""percent"": 11.0}, {""year"": 2024, ""percent"": 10.0}, {""year"": 2023, ""percent"": 10.0}, {""year"": 2022, ""percent"": 12.0}, {""year"": 2021, ""percent"": 11.0}]","[{""year"": 2025, ""percent"": 5.0}, {""year"": 2024, ""percent"": 10.0}]",,,15,"11.00, 5%B for 2025"
dse_ownership,2026-09-08 09:55:14.028322+00:00,288,a4e388692d1a4e3fa50e0610a30f29c3,9b583addee2c63872d5809b20ca8a9560150e4ac6e19aa72e07f238dcfa7f5c4,200,491,LRBDL,"1% 2024, 2% 2023, 10% 2022, 10% 2021",-,-,30-Jun,1851.0,0.6,https://lub-rref.com/financial-statement-quarterly,https://lub-rref.com/psi,2021.0,Z,Y,Active,1209.15,2719.01,15323,"[{""year"": 2024, ""percent"": 1.0}, {""year"": 2023, ""percent"": 2.0}, {""year"": 2022, ""percent"": 10.0}, {""year"": 2021, ""percent"": 10.0}]",[],,,14,
dse_ownership,2026-09-08 09:55:16.225624+00:00,289,a4e388692d1a4e3fa50e0610a30f29c3,de3b5e772a9d2a0b679f51e5ff900fcda5991d25564095592ed9cfd3899421cb,200,2028,LRGLOBMF1,"3% 2023, 6% 2022, 15.10% 2021, 4% 2019, 5.5% 2018, 7.8% 2017, 5% 2016, 10% 2015",4%RIU 2013,-,30-Sep,147.6,0.0,,,2011.0,A,Y,Active,0.0,0.0,12188,"[{""year"": 2023, ""percent"": 3.0}, {""year"": 2022, ""percent"": 6.0}, {""year"": 2021, ""percent"": 15.1}, {""year"": 2019, ""percent"": 4.0}, {""year"": 2018, ""percent"": 5.5}, {""year"": 2017, ""percent"": 7.8}, {""year"": 2016, ""percent"": 5.0}, {""year"": 2015, ""percent"": 10.0}]",[],3.0,2023.0,13,3.00 for 2023
dse_ownership,2026-09-08 09:55:16.858221+00:00,290,a4e388692d1a4e3fa50e0610a30f29c3,9a9777155422bad86781f7d61f909e0d141b8e01393f8b8d9d28504e8990487e,200,460,MAGURAPLEX,"11% 2025, 14% 2024, 12% 2023, 8% 2022, 10% 2021, 11% 2020","8% 2023, 11% 2020",-,30-Jun,1872.0,0.0,https://maguramultiplex.com.bd/index.php?page=InvestorRelations,https://maguramultiplex.com.bd/index.php?page=InvestorRelations,1990.0,A,Y,Active,388.11,2308.2,19506,"[{""year"": 2025, ""percent"": 11.0}, {""year"": 2024, ""percent"": 14.0}, {""year"": 2023, ""percent"": 12.0}, {""year"": 2022, ""percent"": 8.0}, {""year"": 2021, ""percent"": 10.0}, {""year"": 2020, ""percent"": 11.0}]","[{""year"": 2023, ""percent"": 8.0}, {""year"": 2020, ""percent"": 11.0}]",11.0,2025.0,15,11.00 for 2025
dse_ownership,2026-09-08 09:55:17.622089+00:00,291,a4e388692d1a4e3fa50e0610a30f29c3,9085c38b485594184f186b36258872c7b7c720675788d81d87327b4b882db593,200,489,MAKSONSPIN,"10% 2022, 11% 2021, 2% 2020, 2% 2019, 5% 2018","5% 2017, 5% 2014, 5% 2013, 5% 2012, 15% 2011, 25% 2010, 20% 2009, 15% 2008",2R:1 2010,30-Jun,-949.0,-30.7,https://www.maksonsgroup.com.bd/quarterly-reports,https://www.maksonsgroup.com.bd/compliance-status,2009.0,Z,Y,Active,5229.65,844.17,17448,"[{""year"": 2022, ""percent"": 10.0}, {""year"": 2021, ""percent"": 11.0}, {""year"": 2020, ""percent"": 2.0}, {""year"": 2019, ""percent"": 2.0}, {""year"": 2018, ""percent"": 5.0}]","[{""year"": 2017, ""percent"": 5.0}, {""year"": 2014, ""percent"": 5.0}, {""year"": 2013, ""percent"": 5.0}, {""year"": 2012, ""percent"": 5.0}, {""year"": 2011, ""percent"": 15.0}, {""year"": 2010, ""percent"": 25.0}, {""year"": 2009, ""percent"": 20.0}, {""year"": 2008, ""percent"": 15.0}]",,,14,
dse_ownership,2026-09-08 09:55:19.870349+00:00,292,a4e388692d1a4e3fa50e0610a30f29c3,7c65f6739d8b8b47ca88cedb049f01d9cbe4a94943e7c4ef7513e70e3014c246,200,2082,MALEKSPIN,"10% 2025, 10% 2024, 10% 2022, 10% 2021, 10% 2019, 10% 2018, 10% 2017, 10% 2016, 12% 2015","10% 2012, 10% 2011",-,30-Jun,8301.8,0.0,,,2010.0,A,Y,Active,6009.7,3592.16,17451,"[{""year"": 2025, ""percent"": 10.0}, {""year"": 2024, ""percent"": 10.0}, {""year"": 2022, ""percent"": 10.0}, {""year"": 2021, ""percent"": 10.0}, {""year"": 2019, ""percent"": 10.0}, {""year"": 2018, ""percent"": 10.0}, {""year"": 2017, ""percent"": 10.0}, {""year"": 2016, ""percent"": 10.0}, {""year"": 2015, ""percent"": 12.0}]","[{""year"": 2012, ""percent"": 10.0}, {""year"": 2011, ""percent"": 10.0}]",10.0,2025.0,13,10.00 for 2025
dse_ownership,2026-09-08 09:55:21.101293+00:00,295,a4e388692d1a4e3fa50e0610a30f29c3,c66b5f5d5bba2c7b65d3e0131999220f170913320ba8997c404e14b8704ca708,200,377,MARICO,"2075% 2026, 3840% 2025, 200% 2024, 750% 2023, 800% 2022, 900% 2021, 950% 2020, 650% 2019, 600% 2018, 500% 2017, 450% 2016, 425% 2015",-,-,31-Mar,2353.7,-22.0,https://marico.com/bangladesh/investors,https://marico.com/bangladesh/investors,2009.0,A,Y,Active,0.0,0.0,18481,"[{""year"": 2026, ""percent"": 2075.0}, {""year"": 2025, ""percent"": 3840.0}, {""year"": 2024, ""percent"": 200.0}, {""year"": 2023, ""percent"": 750.0}, {""year"": 2022, ""percent"": 800.0}, {""year"": 2021, ""percent"": 900.0}, {""year"": 2020, ""percent"": 950.0}, {""year"": 2019, ""percent"": 650.0}, {""year"": 2018, ""percent"": 600.0}, {""year"": 2017, ""percent"": 500.0}, {""year"": 2016, ""percent"": 450.0}, {""year"": 2015, ""percent"": 425.0}]",[],2075.0,2026.0,15,2075.00 for 2026
dse_ownership,2026-09-08 09:55:22.631564+00:00,298,a4e388692d1a4e3fa50e0610a30f29c3,5a0096a39402c8b1f4997b7a5a66c05b53ceed13d87b4e11a06dad690abdf6b3,200,796,MATINSPINN,"35% 2025, 50% 2024, 40% 2023, 50% 2022, 40% 2021, 18% 2020, 15% 2019, 17% 2018, 15% 2017, 23% 2016, 27% 2015, 25% 2014",-,-,30-Jun,4918.2,0.0,https://matinspinning.com/investor-info/financial-statement/,https://matinspinning.com/investor-info/price-sensitive-information_m/,2014.0,A,Y,Active,5159.35,559.14,17460,"[{""year"": 2025, ""percent"": 35.0}, {""year"": 2024, ""percent"": 50.0}, {""year"": 2023, ""percent"": 40.0}, {""year"": 2022, ""percent"": 50.0}, {""year"": 2021, ""percent"": 40.0}, {""year"": 2020, ""percent"": 18.0}, {""year"": 2019, ""percent"": 15.0}, {""year"": 2018, ""percent"": 17.0}, {""year"": 2017, ""percent"": 15.0}, {""year"": 2016, ""percent"": 23.0}, {""year"": 2015, ""percent"": 27.0}, {""year"": 2014, ""percent"": 25.0}]",[],35.0,2025.0,15,35.00 for 2025
dse_ownership,2026-09-08 09:55:24.229778+00:00,299,a4e388692d1a4e3fa50e0610a30f29c3,e63f7d3118ca4cb31fed5b03426b2610f336f05b02916a05614b77c4cfe701f9,200,1435,MBL1STMF,"4.25% 2023, 10% 2022, 11.50% 2021, 8% 2019, 8% 2018, 8% 2017, 10% 2016",-,-,31-Mar,125.1,-77.9,,,2011.0,A,Y,Active,0.0,0.0,12184,"[{""year"": 2023, ""percent"": 4.25}, {""year"": 2022, ""percent"": 10.0}, {""year"": 2021, ""percent"": 11.5}, {""year"": 2019, ""percent"": 8.0}, {""year"": 2018, ""percent"": 8.0}, {""year"": 2017, ""percent"": 8.0}, {""year"": 2016, ""percent"": 10.0}]",[],4.25,2023.0,13,4.25 for 2023
dse_ownership,2026-09-08 09:55:25.083638+00:00,300,a4e388692d1a4e3fa50e0610a30f29c3,3417d16b634e9a9cfaa495cafbaa9eca2addf42468496c8eef7a74d7f29b8fba,200,578,MBPLCPBOND,-,-,-,31-Dec,0.0,0.0,,,2023.0,A,Y,,0.0,0.0,26014,[],[],,,11,
dse_ownership,2026-09-08 09:55:26.917488+00:00,301,a4e388692d1a4e3fa50e0610a30f29c3,77c56d16759b8981ea3405873413ab528225bdf5ae194d4364d0943bbe1b9574,200,1638,MEGCONMILK,-,-,-,30-Jun,-418.4,0.0,,,2001.0,Z,Y,Operation Shutdown,0.0,642.78,14290,[],[],,,12,
dse_ownership,2026-09-08 09:55:27.657941+00:00,302,a4e388692d1a4e3fa50e0610a30f29c3,54f2034e4d5b369229f014ff1f2ac7b3722facf61301aab03f573d5ceceeca02,200,519,MEGHNACEM,"5% 2023, 5% 2022, 5% 2021, 5% 2020, 10% 2019, 20% 2017, 15% 2016, 15% 2014, 15% 2013, 25% 2012, 25% 2011, 25% 2010, 35% 2009, 15% 2008, 30% 2007, 25% 2006, , 25% 2005,  25% 2004,  25% 2003,  25% 2002,  25% 2001,  20% 2000, 11% 1999, 10% 1998, 10% 1997, 10% 10% 1996","5% 2023, 5% 2022, 5% 2021, 5% 2020, 5% 2019, 10% 2018",n/a,30-Jun,-369.6,0.0,https://www.meghnacement.com/f/quarterly-financial-statement,https://www.meghnacement.com/f/price-sensitive-info,1995.0,Z,Y,Active,4365.46,8629.99,21622,"[{""year"": 2023, ""percent"": 5.0}, {""year"": 2022, ""percent"": 5.0}, {""year"": 2021, ""percent"": 5.0}, {""year"": 2020, ""percent"": 5.0}, {""year"": 2019, ""percent"": 10.0}, {""year"": 2017, ""percent"": 20.0}, {""year"": 2016, ""percent"": 15.0}, {""year"": 2014, ""percent"": 15.0}, {""year"": 2013, ""percent"": 15.0}, {""year"": 2012, ""percent"": 25.0}, {""year"": 2011, ""percent"": 25.0}, {""year"": 2010, ""percent"": 25.0}, {""year"": 2009, ""percent"": 35.0}, {""year"": 2008, ""percent"": 15.0}, {""year"": 2007, ""percent"": 30.0}, {""year"": 2006, ""percent"": 25.0}, {""year"": 2005, ""percent"": 25.0}, {""year"": 2004, ""percent"": 25.0}, {""year"": 2003, ""percent"": 25.0}, {""year"": 2002, ""percent"": 25.0}, {""year"": 2001, ""percent"": 25.0}, {""year"": 2000, ""percent"": 20.0}, {""year"": 1999, ""percent"": 11.0}, {""year"": 1998, ""percent"": 10.0}, {""year"": 1997, ""percent"": 10.0}, {""year"": 1996, ""percent"": 10.0}]","[{""year"": 2023, ""percent"": 5.0}, {""year"": 2022, ""percent"": 5.0}, {""year"": 2021, ""percent"": 5.0}, {""year"": 2020, ""percent"": 5.0}, {""year"": 2019, ""percent"": 5.0}, {""year"": 2018, ""percent"": 10.0}]",,,14,
dse_ownership,2026-09-08 09:55:28.584829+00:00,303,a4e388692d1a4e3fa50e0610a30f29c3,7d8adb05b93cccd960f98f09462b28ed46ca7c0b8e35b799df756817db09fd1a,200,654,MEGHNAINS,"10% 2025,10% 2024, 10% 2023, 10% 2022, 3% 2021",-,-,31-Dec,571.7,0.0,https://micl.com.bd/quarterly-financial-statements/,https://micl.com.bd/price-sensitive-information/,2022.0,A,Y,Active,0.0,0.0,25754,"[{""year"": 2025, ""percent"": 10.0}, {""year"": 2024, ""percent"": 10.0}, {""year"": 2023, ""percent"": 10.0}, {""year"": 2022, ""percent"": 10.0}, {""year"": 2021, ""percent"": 3.0}]",[],10.0,2025.0,15,10.00 for 2025
dse_ownership,2026-09-08 09:55:29.702756+00:00,304,a4e388692d1a4e3fa50e0610a30f29c3,1ad814fd3f7bdadb437f99155a9b1d3b92156b9ee1319f26321cb94f37182c44,200,955,MEGHNALIFE,"15% 2025, 15% 2024, 15% 2023, 20% 2022, 15% 2021, 15% 2020, 20% 2019, 20% 2018, 20% 2017, 20% 2016, 20% 2015, 13% 2014","10% 2021, 15% 2020, 5% 2016, 5% 2015, 20% 2014, 10% 2013, 40% 2010, 35%B 2009, 30%B 2008, 25%B 2007",n/a,31-Dec,0.0,0.0,https://meghnalife.com/frontend/financial_reports,https://meghnalife.com/frontend/news_download/price_sensitive_info,2005.0,A,Y,Active,0.0,0.0,25726,"[{""year"": 2025, ""percent"": 15.0}, {""year"": 2024, ""percent"": 15.0}, {""year"": 2023, ""percent"": 15.0}, {""year"": 2022, ""percent"": 20.0}, {""year"": 2021, ""percent"": 15.0}, {""year"": 2020, ""percent"": 15.0}, {""year"": 2019, ""percent"": 20.0}, {""year"": 2018, ""percent"": 20.0}, {""year"": 2017, ""percent"": 20.0}, {""year"": 2016, ""percent"": 20.0}, {""year"": 2015, ""percent"": 20.0}, {""year"": 2014, ""percent"": 13.0}]","[{""year"": 2021, ""percent"": 10.0}, {""year"": 2020, ""percent"": 15.0}, {""year"": 2016, ""percent"": 5.0}, {""year"": 2015, ""percent"": 5.0}, {""year"": 2014, ""percent"": 20.0}, {""year"": 2013, ""percent"": 10.0}, {""year"": 2010, ""percent"": 40.0}]",15.0,2025.0,15,15.00 for 2025
dse_ownership,2026-09-08 09:55:31.003593+00:00,305,a4e388692d1a4e3fa50e0610a30f29c3,305f336bc6905d5e976e46dde173f97fbd4c51c8ef0ab38689b3f16e7affdd12,200,1001,MEGHNAPET,-,n/a,n/a,30-Jun,725.1,0.0,,,2001.0,Z,Y,Operation Shutdown,0.0,148.6,14287,[],[],,,12,
dse_ownership,2026-09-08 09:55:31.546642+00:00,306,a4e388692d1a4e3fa50e0610a30f29c3,dd7e80b69debbbacd5f87165dfbdd01740407d0a3259e240abffbf28435cb995,200,361,MERCANBANK,"10% 2023, 10% 2022, 12.50% 2021, 10% 2020,11% 2019, 17% 2017, 15% 2016, 12% 2015","2% 2022, 5% 2021, 5% 2020, 5% 2019, 15% 2018, 5% 2017, 5% 2016, 12% 2013, 8% 2012, 23% 2011, 22% 2010, 22% 2009, 20%2008, 20% 2007, 25% 2006, 20% 2005, 25%  2003 & 2004",2R:3 2010,31-Dec,15661.4,0.0,https://www.mblbd.com/quarterly-halfyearly,https://www.mblbd.com/price-sensitive-information,2004.0,Z,Y,Active,0.0,14967.17,11128,"[{""year"": 2023, ""percent"": 10.0}, {""year"": 2022, ""percent"": 10.0}, {""year"": 2021, ""percent"": 12.5}, {""year"": 2020, ""percent"": 10.0}, {""year"": 2019, ""percent"": 11.0}, {""year"": 2017, ""percent"": 17.0}, {""year"": 2016, ""percent"": 15.0}, {""year"": 2015, ""percent"": 12.0}]","[{""year"": 2022, ""percent"": 2.0}, {""year"": 2021, ""percent"": 5.0}, {""year"": 2020, ""percent"": 5.0}, {""year"": 2019, ""percent"": 5.0}, {""year"": 2018, ""percent"": 15.0}, {""year"": 2017, ""percent"": 5.0}, {""year"": 2016, ""percent"": 5.0}, {""year"": 2013, ""percent"": 12.0}, {""year"": 2012, ""percent"": 8.0}, {""year"": 2011, ""percent"": 23.0}, {""year"": 2010, ""percent"": 22.0}, {""year"": 2009, ""percent"": 22.0}, {""year"": 2008, ""percent"": 20.0}, {""year"": 2007, ""percent"": 20.0}, {""year"": 2006, ""percent"": 25.0}, {""year"": 2005, ""percent"": 20.0}, {""year"": 2003, ""percent"": 25.0}]",,,14,
dse_ownership,2026-09-08 09:55:32.298183+00:00,307,a4e388692d1a4e3fa50e0610a30f29c3,01454d0c973b66dc79b1c05300d631f771416c9c955ffa4251b146414de1c480,200,518,MERCINS,"10% 2025, 10% 2024, 10% 2023, 10% 2022, 10% 2021, 10% 2020, 7% 2019, 10% 2018, 10% 2017, 10% 2016, 10% 2015","12% 2012, 10% 2011, 12% 2010, 10% 2009",1R:1 2011,31-Dec,340.2,0.0,https://www.miiplc.com/Financial/financial_indicators_list,https://www.miiplc.com/Financial/Price_Sensitive_Information,2004.0,A,Y,Active,0.0,0.0,25721,"[{""year"": 2025, ""percent"": 10.0}, {""year"": 2024, ""percent"": 10.0}, {""year"": 2023, ""percent"": 10.0}, {""year"": 2022, ""percent"": 10.0}, {""year"": 2021, ""percent"": 10.0}, {""year"": 2020, ""percent"": 10.0}, {""year"": 2019, ""percent"": 7.0}, {""year"": 2018, ""percent"": 10.0}, {""year"": 2017, ""percent"": 10.0}, {""year"": 2016, ""percent"": 10.0}, {""year"": 2015, ""percent"": 10.0}]","[{""year"": 2012, ""percent"": 12.0}, {""year"": 2011, ""percent"": 10.0}, {""year"": 2010, ""percent"": 12.0}, {""year"": 2009, ""percent"": 10.0}]",10.0,2025.0,15,10.00 for 2025
dse_ownership,2026-09-08 09:55:33.145569+00:00,308,a4e388692d1a4e3fa50e0610a30f29c3,660281d2b61080b9517a2e306c5f13e99fd50b47a3a665e336f8c338c9bca35d,200,541,METROSPIN,"3% 2022, 2% 2020, 2% 2019, 2% 2017, 5% 2015","2% 2018, 5% 2014, 10% 2013, 10% 2012, 15% 2011, 20% 2010, 25% 2009, 15% 2008",3R:1 2009,30-Jun,-406.8,-69.2,https://www.maksonsgroup.com.bd/quarterly-reports,https://www.maksonsgroup.com.bd/compliance-status,2002.0,Z,Y,Operation Shutdown,313.91,474.13,17447,"[{""year"": 2022, ""percent"": 3.0}, {""year"": 2020, ""percent"": 2.0}, {""year"": 2019, ""percent"": 2.0}, {""year"": 2017, ""percent"": 2.0}, {""year"": 2015, ""percent"": 5.0}]","[{""year"": 2018, ""percent"": 2.0}, {""year"": 2014, ""percent"": 5.0}, {""year"": 2013, ""percent"": 10.0}, {""year"": 2012, ""percent"": 10.0}, {""year"": 2011, ""percent"": 15.0}, {""year"": 2010, ""percent"": 20.0}, {""year"": 2009, ""percent"": 25.0}, {""year"": 2008, ""percent"": 15.0}]",,,14,
dse_ownership,2026-09-08 09:55:35.328392+00:00,309,a4e388692d1a4e3fa50e0610a30f29c3,f90e8d2a4623cd8086503b345db0d1062ffa3ba72799f72294701f75d52ce293,200,2005,MHSML,"3% 2025, 3% 2024, 2% 2023, 6% 2022, 3% 2021, 1% 2020, 5% 2016","2% 2019, 5% 2018, 5% 2017, 15% 2015, 25% 2014",-,30-Jun,1051.4,0.0,,,2014.0,B,Y,Active,2181.2,2131.4,17459,"[{""year"": 2025, ""percent"": 3.0}, {""year"": 2024, ""percent"": 3.0}, {""year"": 2023, ""percent"": 2.0}, {""year"": 2022, ""percent"": 6.0}, {""year"": 2021, ""percent"": 3.0}, {""year"": 2020, ""percent"": 1.0}, {""year"": 2016, ""percent"": 5.0}]","[{""year"": 2019, ""percent"": 2.0}, {""year"": 2018, ""percent"": 5.0}, {""year"": 2017, ""percent"": 5.0}, {""year"": 2015, ""percent"": 15.0}, {""year"": 2014, ""percent"": 25.0}]",3.0,2025.0,13,3.00 for 2025
dse_ownership,2026-09-08 09:55:35.965669+00:00,310,a4e388692d1a4e3fa50e0610a30f29c3,af914cc7aa4b898121d4ab2a3cada01e15b6fc82016350c7b7ad4904cee0668e,200,424,MIDASFIN,"1.50% 2022, 1% 2021, 2.50% 2020, 2.50% 2019","1% 2021, 2.50% 2020, 2.50% 2019, 2.50% 2018, 10% 2017, 10% 2011, 35% 2010, 15% 2009, 12.50% 2008, 10% 2007,10%  2006, 2005 & 2004, 8%  2003","1R:1 2014 (At par), 1R:1 2004 (At par)",31-Dec,-757.8,0.0,http://www.mfl.com.bd/home/financial_statements,http://www.mfl.com.bd/home/price_sensitive_info,2002.0,Z,Y,Active,0.0,2430.18,11122,"[{""year"": 2022, ""percent"": 1.5}, {""year"": 2021, ""percent"": 1.0}, {""year"": 2020, ""percent"": 2.5}, {""year"": 2019, ""percent"": 2.5}]","[{""year"": 2021, ""percent"": 1.0}, {""year"": 2020, ""percent"": 2.5}, {""year"": 2019, ""percent"": 2.5}, {""year"": 2018, ""percent"": 2.5}, {""year"": 2017, ""percent"": 10.0}, {""year"": 2011, ""percent"": 10.0}, {""year"": 2010, ""percent"": 35.0}, {""year"": 2009, ""percent"": 15.0}, {""year"": 2008, ""percent"": 12.5}, {""year"": 2007, ""percent"": 10.0}, {""year"": 2006, ""percent"": 10.0}, {""year"": 2003, ""percent"": 8.0}]",,,14,
dse_ownership,2026-09-08 09:55:36.672955+00:00,311,a4e388692d1a4e3fa50e0610a30f29c3,b047a41ac7440ea115ada90422f3e724859f7650a56c0e2c92590fbab3ac76d8,200,401,MIDLANDBNK,"3% 2025, 3% 2024, 5% 2023, 5% 2022, 5% 2021","3% 2025,  3% 2024",-,31-Dec,3687.8,0.0,https://www.midlandbankbd.net/financial-statements/,https://www.midlandbankbd.net/price-sensitive-information/,2023.0,B,Y,Active,0.0,18391.46,11154,"[{""year"": 2025, ""percent"": 3.0}, {""year"": 2024, ""percent"": 3.0}, {""year"": 2023, ""percent"": 5.0}, {""year"": 2022, ""percent"": 5.0}, {""year"": 2021, ""percent"": 5.0}]","[{""year"": 2025, ""percent"": 3.0}, {""year"": 2024, ""percent"": 3.0}]",,,15,"3.00, 3%B for 2025"
dse_ownership,2026-09-08 09:55:37.326027+00:00,312,a4e388692d1a4e3fa50e0610a30f29c3,313edf66b954d9b48eb4d3569be32ad4bcafc957e99cc468cf722d0c33b1f5a6,200,475,MIRACLEIND,"1% 2020, 2% 2009, 5% 2008, 5% 2007, 13.50% 2006, 6.25% 2005, 10% 2004, 10% 2003, 10% 2002, 10% 2001, 10% 2000","4% 2019, 8% 2018, 7% 2017, 8% 2016, 7% 2015, 5% 2014, 5% 2013, 5% 2012, 5% 2011, 5% 2010, 10% 2007, 6.25% 2005.",n/a,30-Jun,46.5,0.0,,,2000.0,Z,Y,Active,515.91,90.34,99637,"[{""year"": 2020, ""percent"": 1.0}, {""year"": 2009, ""percent"": 2.0}, {""year"": 2008, ""percent"": 5.0}, {""year"": 2007, ""percent"": 5.0}, {""year"": 2006, ""percent"": 13.5}, {""year"": 2005, ""percent"": 6.25}, {""year"": 2004, ""percent"": 10.0}, {""year"": 2003, ""percent"": 10.0}, {""year"": 2002, ""percent"": 10.0}, {""year"": 2001, ""percent"": 10.0}, {""year"": 2000, ""percent"": 10.0}]","[{""year"": 2019, ""percent"": 4.0}, {""year"": 2018, ""percent"": 8.0}, {""year"": 2017, ""percent"": 7.0}, {""year"": 2016, ""percent"": 8.0}, {""year"": 2015, ""percent"": 7.0}, {""year"": 2014, ""percent"": 5.0}, {""year"": 2013, ""percent"": 5.0}, {""year"": 2012, ""percent"": 5.0}, {""year"": 2011, ""percent"": 5.0}, {""year"": 2010, ""percent"": 5.0}, {""year"": 2007, ""percent"": 10.0}, {""year"": 2005, ""percent"": 6.25}]",,,12,
dse_ownership,2026-09-08 09:55:37.893065+00:00,313,a4e388692d1a4e3fa50e0610a30f29c3,3bdf25b18731253e6326c3167e5ca438040cbbd922f4bdda82ee9fd07ac5bc89,200,391,MIRAKHTER,"10.50% 2025, 10% 2024, 12.50% 2023, 12.50% 2022, 12.50% 2021",-,-,30-Jun,3974.1,-3.7,http://Financial Reports - Mir Akhter Hossain Limited,https://mirakhter.com/investors/psi/,2021.0,A,Y,Active,4357.84,15597.59,13250,"[{""year"": 2025, ""percent"": 10.5}, {""year"": 2024, ""percent"": 10.0}, {""year"": 2023, ""percent"": 12.5}, {""year"": 2022, ""percent"": 12.5}, {""year"": 2021, ""percent"": 12.5}]",[],10.5,2025.0,15,10.50 for 2025
dse_ownership,2026-09-08 09:55:40.677256+00:00,316,a4e388692d1a4e3fa50e0610a30f29c3,757293b2535360cf1fd13f80054e681ba64e09c3936d07abaedc9083e7f34989,200,1938,MITHUNKNIT,-,"20% 2016, 17% 2015, 20% 2014, 16% 2013, 20% 2012, 15% 2011, 25% 2010",n/a,30-Jun,-144.8,0.0,,,1994.0,Z,Y,Operation Shutdown,44.57,0.0,17424,[],"[{""year"": 2016, ""percent"": 20.0}, {""year"": 2015, ""percent"": 17.0}, {""year"": 2014, ""percent"": 20.0}, {""year"": 2013, ""percent"": 16.0}, {""year"": 2012, ""percent"": 20.0}, {""year"": 2011, ""percent"": 15.0}, {""year"": 2010, ""percent"": 25.0}]",,,12,
dse_ownership,2026-09-08 09:55:41.316183+00:00,317,a4e388692d1a4e3fa50e0610a30f29c3,9c583d1b13c01233f4f10aed77bb34eb8377119243cacc8ed7f279993ad1aa63,200,472,MJLBD,"52% 2025, 52% 2024, 50% 2023, 50% 2022, 55% 2021, 45% 2020, 45% 2019, 45% 2018, 45% 2017, 60% 2016","5% 2018, 10% 2016, 15% 2014, 15% 2011, 15% 2010",-,30-Jun,9883.6,0.0,https://mjlbl.com/investor-relations,https://mjlbl.com/investor-relations,2011.0,A,Y,Active,17612.74,2230.87,15314,"[{""year"": 2025, ""percent"": 52.0}, {""year"": 2024, ""percent"": 52.0}, {""year"": 2023, ""percent"": 50.0}, {""year"": 2022, ""percent"": 50.0}, {""year"": 2021, ""percent"": 55.0}, {""year"": 2020, ""percent"": 45.0}, {""year"": 2019, ""percent"": 45.0}, {""year"": 2018, ""percent"": 45.0}, {""year"": 2017, ""percent"": 45.0}, {""year"": 2016, ""percent"": 60.0}]","[{""year"": 2018, ""percent"": 5.0}, {""year"": 2016, ""percent"": 10.0}, {""year"": 2014, ""percent"": 15.0}, {""year"": 2011, ""percent"": 15.0}, {""year"": 2010, ""percent"": 15.0}]",52.0,2025.0,15,52.00 for 2025
dse_ownership,2026-09-08 09:55:42.538504+00:00,320,a4e388692d1a4e3fa50e0610a30f29c3,bdf2b99d8ae60d158e3dd67864a1dd2ea70d897a8b759b7ba355524d25ef7d6b,200,442,MLDYEING,"0.50% 2025, 2% 2023, 10% 2022, 10% 2021, 5% 2020, 5% 2019","5%B 2020, 15%B 2019, 20%B 2018",-,30-Jun,766.6,0.0,,,2018.0,B,Y,Active,403.22,0.0,17479,"[{""year"": 2025, ""percent"": 0.5}, {""year"": 2023, ""percent"": 2.0}, {""year"": 2022, ""percent"": 10.0}, {""year"": 2021, ""percent"": 10.0}, {""year"": 2020, ""percent"": 5.0}, {""year"": 2019, ""percent"": 5.0}]",[],0.5,2025.0,13,0.50 for 2025
dse_ownership,2026-09-08 09:55:43.068801+00:00,321,a4e388692d1a4e3fa50e0610a30f29c3,e3fdbcd1b8ae375a03f197e84ae08137ea734aa9fa515b1866a442b3878fa958,200,353,MONNOAGML,"5% 2025, 3% 2023, 15% 2022, 10% 2021, 10% 2020, 10% 2016","22% 2024, 32% 2023, 10% 2020, 20% 2019, 350% 2018, 15% 2017",n/a,30-Jun,443.8,0.0,http://www.monno.rakplanet.com,http://www.monno.rakplanet.com,1982.0,B,Y,Active,61.53,0.0,13209,"[{""year"": 2025, ""percent"": 5.0}, {""year"": 2023, ""percent"": 3.0}, {""year"": 2022, ""percent"": 15.0}, {""year"": 2021, ""percent"": 10.0}, {""year"": 2020, ""percent"": 10.0}, {""year"": 2016, ""percent"": 10.0}]","[{""year"": 2024, ""percent"": 22.0}, {""year"": 2023, ""percent"": 32.0}, {""year"": 2020, ""percent"": 10.0}, {""year"": 2019, ""percent"": 20.0}, {""year"": 2018, ""percent"": 350.0}, {""year"": 2017, ""percent"": 15.0}]",5.0,2025.0,15,5.00 for 2025
dse_ownership,2026-09-08 09:55:43.820729+00:00,322,a4e388692d1a4e3fa50e0610a30f29c3,fb3be1f59d3d8500302c1d983bda9375946e4254722017b073d24f4ea907302d,200,479,MONNOCERA,"2% 2025, 1% 2024, 10% 2023, 10% 2022, 10% 2021, 5% 2020,10% 2019, 5% 2017, 5% 2016, 5% 2015, 5% 2014, 5% 2013, 5% 2012, 10% 2009, 10% 2008, 10% 2007, 15% 2006, 15% 2005, 15% 2004, 10% 2003, 15% 2002, 20% 2001, 20% 2000, 25% 1999, 35% 1998, 30% 1997, 30% 1996, 30% 1995, 30% 1994, 25% 1993, 25% 1992, 15% 1991, 20% 1990, 20% 1989","5% 2020, 10% 2019, 30% 2018, 5% 2017, 25% 2011, 20% 2010, 1B:2 95",n/a,30-Jun,2645.9,0.0,http://www.monno.rakplanet.com,http://www.monno.rakplanet.com,1983.0,B,Y,Active,729.14,506.33,24606,"[{""year"": 2025, ""percent"": 2.0}, {""year"": 2024, ""percent"": 1.0}, {""year"": 2023, ""percent"": 10.0}, {""year"": 2022, ""percent"": 10.0}, {""year"": 2021, ""percent"": 10.0}, {""year"": 2020, ""percent"": 5.0}, {""year"": 2019, ""percent"": 10.0}, {""year"": 2017, ""percent"": 5.0}, {""year"": 2016, ""percent"": 5.0}, {""year"": 2015, ""percent"": 5.0}, {""year"": 2014, ""percent"": 5.0}, {""year"": 2013, ""percent"": 5.0}, {""year"": 2012, ""percent"": 5.0}, {""year"": 2009, ""percent"": 10.0}, {""year"": 2008, ""percent"": 10.0}, {""year"": 2007, ""percent"": 10.0}, {""year"": 2006, ""percent"": 15.0}, {""year"": 2005, ""percent"": 15.0}, {""year"": 2004, ""percent"": 15.0}, {""year"": 2003, ""percent"": 10.0}, {""year"": 2002, ""percent"": 15.0}, {""year"": 2001, ""percent"": 20.0}, {""year"": 2000, ""percent"": 20.0}, {""year"": 1999, ""percent"": 25.0}, {""year"": 1998, ""percent"": 35.0}, {""year"": 1997, ""percent"": 30.0}, {""year"": 1996, ""percent"": 30.0}, {""year"": 1995, ""percent"": 30.0}, {""year"": 1994, ""percent"": 30.0}, {""year"": 1993, ""percent"": 25.0}, {""year"": 1992, ""percent"": 25.0}, {""year"": 1991, ""percent"": 15.0}, {""year"": 1990, ""percent"": 20.0}, {""year"": 1989, ""percent"": 20.0}]","[{""year"": 2020, ""percent"": 5.0}, {""year"": 2019, ""percent"": 10.0}, {""year"": 2018, ""percent"": 30.0}, {""year"": 2017, ""percent"": 5.0}, {""year"": 2011, ""percent"": 25.0}, {""year"": 2010, ""percent"": 20.0}]",2.0,2025.0,15,2.00 for 2025
dse_ownership,2026-09-08 09:55:44.934235+00:00,323,a4e388692d1a4e3fa50e0610a30f29c3,da417b603bdfdb88f5bdfce4a4f3d21c59169ea1602fb772dd14486f2ce63d5e,200,936,MONNOFABR,"0.25% 2025, 1% 2024, 1% 2023, 2% 2022",-,-,30-Jun,1399.8,0.0,http://www.monno-group.com/investors,http://www.monno-group.com/investors,1996.0,B,Y,Active,489.55,3609.85,17439,"[{""year"": 2025, ""percent"": 0.25}, {""year"": 2024, ""percent"": 1.0}, {""year"": 2023, ""percent"": 1.0}, {""year"": 2022, ""percent"": 2.0}]",[],0.25,2025.0,15,0.25 for 2025
dse_ownership,2026-09-08 09:55:46.165021+00:00,326,a4e388692d1a4e3fa50e0610a30f29c3,06b0919242b48238420982e2488424712f77afed1c1a664ca5a88435b37c1d58,200,375,MONOSPOOL,"5% 2025, 12% 2024, 15% 2023, 10% 2022, 10% 2021, 9% 2020","15%B 2025, 10%B 2023, 8% 2020, 10%B 2014 1B:5 1996",1R:2 (at per) 1996,30-Jun,1144.4,0.0,https://www.mpmc.com.bd/index.php?area=online&action=InvestorRelations,https://www.mpmc.com.bd/index.php?area=online&action=InvestorRelations,1989.0,A,Y,Active,1670.69,3234.25,19505,"[{""year"": 2025, ""percent"": 5.0}, {""year"": 2024, ""percent"": 12.0}, {""year"": 2023, ""percent"": 15.0}, {""year"": 2022, ""percent"": 10.0}, {""year"": 2021, ""percent"": 10.0}, {""year"": 2020, ""percent"": 9.0}]","[{""year"": 2020, ""percent"": 8.0}]",,,15,"5.00, 15%B for 2025"
dse_ownership,2026-09-08 09:55:48.083992+00:00,329,a4e388692d1a4e3fa50e0610a30f29c3,db4a5acb2feeaed64dd8c21029f224e2dbc15d1a3989b66b680d303b9f0f1142,200,1167,MPETROLEUM,"200% 2025, 170% 2024, 160% 2023, 150% 2022, 150% 2021, 150% 2020, 150% 2019, 140% 2018, 110% 2017, 105% 2016, 105% 2015","10% 2014, 20% 2013, 30% 2012, 30% 2011, 5% 2010, 5% 2009, 10% 2008",-,30-Jun,28941.0,0.0,https://mpl.gov.bd/site/view/annual_reports/-,https://mpl.gov.bd/site/page/a5a5a4c7-9d00-406a-8321-53b85958f19a/-,2007.0,A,Y,Active,73.9,100.2,15310,"[{""year"": 2025, ""percent"": 200.0}, {""year"": 2024, ""percent"": 170.0}, {""year"": 2023, ""percent"": 160.0}, {""year"": 2022, ""percent"": 150.0}, {""year"": 2021, ""percent"": 150.0}, {""year"": 2020, ""percent"": 150.0}, {""year"": 2019, ""percent"": 150.0}, {""year"": 2018, ""percent"": 140.0}, {""year"": 2017, ""percent"": 110.0}, {""year"": 2016, ""percent"": 105.0}, {""year"": 2015, ""percent"": 105.0}]","[{""year"": 2014, ""percent"": 10.0}, {""year"": 2013, ""percent"": 20.0}, {""year"": 2012, ""percent"": 30.0}, {""year"": 2011, ""percent"": 30.0}, {""year"": 2010, ""percent"": 5.0}, {""year"": 2009, ""percent"": 5.0}, {""year"": 2008, ""percent"": 10.0}]",200.0,2025.0,15,200.00 for 2025
dse_ownership,2026-09-08 09:55:48.693177+00:00,330,a4e388692d1a4e3fa50e0610a30f29c3,44728521c0d9f53078abc736574f743da3f37ac6dbd082fdf4518ed663ab63b8,200,432,MTB,"10% 2023, 5% 2019, 20% 2006, 14% 2005","12% 2025, 10% 2024, 10% 2022, 10% 2021, 10% 2020, 5% 2019, 11% 2018, 12.5% 2017, 15% 2016, 20% 2015, 20% 2014, 10% 2013, 10% 2012, 20% 2010, 20% 2009, 18% 2008, 25% 2007, 5% 2006, 10% 2005, 20% 2003 & 2004",1R:5  2008,31-Dec,17196.0,0.0,https://www.mutualtrustbank.com/regulatory-disclosure/financial-statements,https://www.mutualtrustbank.com/regulatory-disclosure/price-sensitive-information/,2003.0,A,Y,Active,0.0,43736.73,11123,"[{""year"": 2023, ""percent"": 10.0}, {""year"": 2019, ""percent"": 5.0}, {""year"": 2006, ""percent"": 20.0}, {""year"": 2005, ""percent"": 14.0}]","[{""year"": 2025, ""percent"": 12.0}, {""year"": 2024, ""percent"": 10.0}, {""year"": 2022, ""percent"": 10.0}, {""year"": 2021, ""percent"": 10.0}, {""year"": 2020, ""percent"": 10.0}, {""year"": 2019, ""percent"": 5.0}, {""year"": 2018, ""percent"": 11.0}, {""year"": 2017, ""percent"": 12.5}, {""year"": 2016, ""percent"": 15.0}, {""year"": 2015, ""percent"": 20.0}, {""year"": 2014, ""percent"": 20.0}, {""year"": 2013, ""percent"": 10.0}, {""year"": 2012, ""percent"": 10.0}, {""year"": 2010, ""percent"": 20.0}, {""year"": 2009, ""percent"": 20.0}, {""year"": 2008, ""percent"": 18.0}, {""year"": 2007, ""percent"": 25.0}, {""year"": 2006, ""percent"": 5.0}, {""year"": 2005, ""percent"": 10.0}, {""year"": 2003, ""percent"": 20.0}]",,,15,12%B for 2025
dse_ownership,2026-09-08 09:55:49.422737+00:00,331,a4e388692d1a4e3fa50e0610a30f29c3,0001549376c366e90a5ca169bbec6c01dc3a07d6e2ab4ead313595bf9efd2157,200,430,MTBPBOND,-,-,-,31-Dec,0.0,0.0,,,2023.0,A,Y,,0.0,0.0,26015,[],[],,,11,
dse_ownership,2026-09-08 09:55:51.005203+00:00,334,a4e388692d1a4e3fa50e0610a30f29c3,88f59e462343044d73528524d2e54a802fb9b56deea069790101eccb1b7b1231,200,815,NAHEEACP,"1% 2025, 4% 2024, 2.50% 2023, 10% 2022, 10% 2021, 8% 2020, 5% 2019, 7% 2018, 5% 2017","7% 2020, 10% 2019, 10% 2018, 10% 2017",-,30-Jun,130.4,0.0,https://www.nahee.com.bd/nahee_aluminum/investor.html,https://www.nahee.com.bd/nahee_aluminum/investor.html,2017.0,B,Y,Active,48.76,91.52,13244,"[{""year"": 2025, ""percent"": 1.0}, {""year"": 2024, ""percent"": 4.0}, {""year"": 2023, ""percent"": 2.5}, {""year"": 2022, ""percent"": 10.0}, {""year"": 2021, ""percent"": 10.0}, {""year"": 2020, ""percent"": 8.0}, {""year"": 2019, ""percent"": 5.0}, {""year"": 2018, ""percent"": 7.0}, {""year"": 2017, ""percent"": 5.0}]","[{""year"": 2020, ""percent"": 7.0}, {""year"": 2019, ""percent"": 10.0}, {""year"": 2018, ""percent"": 10.0}, {""year"": 2017, ""percent"": 10.0}]",1.0,2025.0,15,1.00 for 2025
dse_ownership,2026-09-08 09:55:51.736791+00:00,335,a4e388692d1a4e3fa50e0610a30f29c3,556259f1c15760c3bbf73379373a2b3960412faa45d8b256397342aaaea60452,200,463,NATLIFEINS,"37% 2025, 35% 2024, 38% 2023, 38% 2022, 35% 2021, 32% 2020, 28% 2019, 30% 2018, 20% 2017, 20% 2016, 20% 2015, 45% 2014","15% 2017,15% 2016, 20% 2015, 38% 2013, 30% 2012, 10% 2011, 60% 2010, 55% 2009, 50% 2008, 20% 2007, 20% 2006, 25% 2005, 15% 2004,25% 2003,  20% 2002",n/a,31-Dec,0.0,0.0,http://National Life Insurance Co. Ltd.|| Balance Sheet,http://National Life Insurance Co. Ltd.|| Latest News,1995.0,A,Y,Active,0.0,0.0,25712,"[{""year"": 2025, ""percent"": 37.0}, {""year"": 2024, ""percent"": 35.0}, {""year"": 2023, ""percent"": 38.0}, {""year"": 2022, ""percent"": 38.0}, {""year"": 2021, ""percent"": 35.0}, {""year"": 2020, ""percent"": 32.0}, {""year"": 2019, ""percent"": 28.0}, {""year"": 2018, ""percent"": 30.0}, {""year"": 2017, ""percent"": 20.0}, {""year"": 2016, ""percent"": 20.0}, {""year"": 2015, ""percent"": 20.0}, {""year"": 2014, ""percent"": 45.0}]","[{""year"": 2017, ""percent"": 15.0}, {""year"": 2016, ""percent"": 15.0}, {""year"": 2015, ""percent"": 20.0}, {""year"": 2013, ""percent"": 38.0}, {""year"": 2012, ""percent"": 30.0}, {""year"": 2011, ""percent"": 10.0}, {""year"": 2010, ""percent"": 60.0}, {""year"": 2009, ""percent"": 55.0}, {""year"": 2008, ""percent"": 50.0}, {""year"": 2007, ""percent"": 20.0}, {""year"": 2006, ""percent"": 20.0}, {""year"": 2005, ""percent"": 25.0}, {""year"": 2004, ""percent"": 15.0}, {""year"": 2003, ""percent"": 25.0}, {""year"": 2002, ""percent"": 20.0}]",37.0,2025.0,15,37.00 for 2025
dse_ownership,2026-09-08 09:55:53.485181+00:00,336,a4e388692d1a4e3fa50e0610a30f29c3,26162aa74d9d9ecc59f82ad6670a2ffa8858ed60bdcac9f9606f38efe5aa5ed9,200,1556,NAVANACNG,"10% 2025, 10% 2024, 10% 2023, 5% 2022, 5% 2021, 10% 2020, 10% 2019, 12% 2018, 15% 2017, 15% 2016, 15% 2015","5% 2022, 5% 2021, 20% 2013, 15% 2012, 14% 2011, 20% 2010",-,30-Jun,1570.8,-0.4,https://www.navanacng.com/investor-relation,https://www.navanacng.com/investor-relation,2009.0,Z,Y,Active,3231.53,9275.65,13228,"[{""year"": 2025, ""percent"": 10.0}, {""year"": 2024, ""percent"": 10.0}, {""year"": 2023, ""percent"": 10.0}, {""year"": 2022, ""percent"": 5.0}, {""year"": 2021, ""percent"": 5.0}, {""year"": 2020, ""percent"": 10.0}, {""year"": 2019, ""percent"": 10.0}, {""year"": 2018, ""percent"": 12.0}, {""year"": 2017, ""percent"": 15.0}, {""year"": 2016, ""percent"": 15.0}, {""year"": 2015, ""percent"": 15.0}]","[{""year"": 2022, ""percent"": 5.0}, {""year"": 2021, ""percent"": 5.0}, {""year"": 2013, ""percent"": 20.0}, {""year"": 2012, ""percent"": 15.0}, {""year"": 2011, ""percent"": 14.0}, {""year"": 2010, ""percent"": 20.0}]",10.0,2025.0,15,10.00 for 2025
dse_ownership,2026-09-08 09:55:54.091372+00:00,337,a4e388692d1a4e3fa50e0610a30f29c3,5e1f069cf7838a2fa7f17dccdd048b4e3752d542c09a4660c7419a73642c0fdd,200,433,NAVANAPHAR,"14% 2025, 14% 2024, 13% 2023, 11% 2022",-,-,30-Jun,4084.0,-21.4,https://navanapharma.com/page/audited-accounts,https://navanapharma.com/page/psi,2022.0,A,Y,Active,51.82,11.02,18497,"[{""year"": 2025, ""percent"": 14.0}, {""year"": 2024, ""percent"": 14.0}, {""year"": 2023, ""percent"": 13.0}, {""year"": 2022, ""percent"": 11.0}]",[],14.0,2025.0,15,14.00 for 2025
dse_ownership,2026-09-08 09:55:54.838892+00:00,338,a4e388692d1a4e3fa50e0610a30f29c3,bfc0b55d65f875b228f3f8d1d7fa9b750539ec8fe514fec0e756373493068b6d,200,506,NBL,5% 2019,"5% 2020, 5% 2019, 10% 2018, 12% 2017, 20% 2016, 15% 2015, 10% 2014, 10% 2013, 65% 2011, 95% 2010, 55% 2009, 52% 2008, 55% 2007, 50% 2006, 30% 2005, 20% 2004,20% 2003, 10% 99, 20% 97,  17.50%96, 1B:20 95, 1B:10 94, 1B:5 88, 1B:10 85",1R:2 (At Par) 1995,31-Dec,-55922.0,0.0,https://www.nblbd.com/investors-relations/financial-statement,https://www.nblbd.com/investors-relations/price-sensitive-information,1984.0,Z,Y,Active,0.0,97571.09,11105,"[{""year"": 2019, ""percent"": 5.0}]","[{""year"": 2020, ""percent"": 5.0}, {""year"": 2019, ""percent"": 5.0}, {""year"": 2018, ""percent"": 10.0}, {""year"": 2017, ""percent"": 12.0}, {""year"": 2016, ""percent"": 20.0}, {""year"": 2015, ""percent"": 15.0}, {""year"": 2014, ""percent"": 10.0}, {""year"": 2013, ""percent"": 10.0}, {""year"": 2011, ""percent"": 65.0}, {""year"": 2010, ""percent"": 95.0}, {""year"": 2009, ""percent"": 55.0}, {""year"": 2008, ""percent"": 52.0}, {""year"": 2007, ""percent"": 55.0}, {""year"": 2006, ""percent"": 50.0}, {""year"": 2005, ""percent"": 30.0}, {""year"": 2004, ""percent"": 20.0}, {""year"": 2003, ""percent"": 20.0}]",,,14,
dse_ownership,2026-09-08 09:55:55.473838+00:00,339,a4e388692d1a4e3fa50e0610a30f29c3,8edea93949792e5a0dff488dc540b101a4bb0b8222a437204efe78ef540d568f,200,467,NCCBANK,"17% 2025, 13% 2024, 12% 2023, 5% 2022, 12% 2021, 7.50% 2020, 15% 2019, 5% 2018, 13% 2017, 16% 2016, 12.75% 2015, 6% 2013, 10% 2011","4% 2025, 5% 2022, 4% 2021, 7.50% 2020, 2% 2019, 5% 2018, 10% 2014, 5% 2013, 10% 2012, 17% 2011, 32% 2010, 47% 2009, 30% 2008, 30% 2007, 12.5% 2006, 10% 2005, 30% 2004,10%  2003, 15%  2002, 12%  2001","1R:2 2010, 1R:2 2004",31-Dec,18653.3,0.0,http://www.nccbank.com.bd/index.php/nccbfinancialreports,,2000.0,A,Y,Active,0.0,30967.3,11119,"[{""year"": 2025, ""percent"": 17.0}, {""year"": 2024, ""percent"": 13.0}, {""year"": 2023, ""percent"": 12.0}, {""year"": 2022, ""percent"": 5.0}, {""year"": 2021, ""percent"": 12.0}, {""year"": 2020, ""percent"": 7.5}, {""year"": 2019, ""percent"": 15.0}, {""year"": 2018, ""percent"": 5.0}, {""year"": 2017, ""percent"": 13.0}, {""year"": 2016, ""percent"": 16.0}, {""year"": 2015, ""percent"": 12.75}, {""year"": 2013, ""percent"": 6.0}, {""year"": 2011, ""percent"": 10.0}]","[{""year"": 2025, ""percent"": 4.0}, {""year"": 2022, ""percent"": 5.0}, {""year"": 2021, ""percent"": 4.0}, {""year"": 2020, ""percent"": 7.5}, {""year"": 2019, ""percent"": 2.0}, {""year"": 2018, ""percent"": 5.0}, {""year"": 2014, ""percent"": 10.0}, {""year"": 2013, ""percent"": 5.0}, {""year"": 2012, ""percent"": 10.0}, {""year"": 2011, ""percent"": 17.0}, {""year"": 2010, ""percent"": 32.0}, {""year"": 2009, ""percent"": 47.0}, {""year"": 2008, ""percent"": 30.0}, {""year"": 2007, ""percent"": 30.0}, {""year"": 2006, ""percent"": 12.5}, {""year"": 2005, ""percent"": 10.0}, {""year"": 2004, ""percent"": 30.0}, {""year"": 2003, ""percent"": 10.0}, {""year"": 2002, ""percent"": 15.0}, {""year"": 2001, ""percent"": 12.0}]",,,14,"17.00, 4%B for 2025"
dse_ownership,2026-09-08 09:55:56.082078+00:00,340,a4e388692d1a4e3fa50e0610a30f29c3,591e316819bbc085ee06540f08bbb02061eb03b429118e382de8158f81550678,200,363,NCCBLMF1,"4.50% 2023, 6% 2022, 12% 2021, 7.25% 2020, 6% 2018, 10% 2017, 4.50% 2016, 6.50% 2015, 3% 2014",10%RIU 2012,-,31-Dec,105.5,0.0,,,2012.0,A,Y,Active,0.0,0.0,12192,"[{""year"": 2023, ""percent"": 4.5}, {""year"": 2022, ""percent"": 6.0}, {""year"": 2021, ""percent"": 12.0}, {""year"": 2020, ""percent"": 7.25}, {""year"": 2018, ""percent"": 6.0}, {""year"": 2017, ""percent"": 10.0}, {""year"": 2016, ""percent"": 4.5}, {""year"": 2015, ""percent"": 6.5}, {""year"": 2014, ""percent"": 3.0}]",[],4.5,2023.0,13,4.50 for 2023
dse_ownership,2026-09-08 09:55:56.784551+00:00,341,a4e388692d1a4e3fa50e0610a30f29c3,4032a2ee4cf7ecebc394af487e6822575c194cdbd9ae49a8e63479c30f212e62,200,528,NEWLINE,"12.25% 2021. 5% 2020, 3% 2019","5% 2020, 7% 2019",-,30-Jun,1099.1,2.3,,,2019.0,Z,Y,Closed,218.28,699.12,17482,"[{""year"": 2021, ""percent"": 12.25}, {""year"": 2020, ""percent"": 5.0}, {""year"": 2019, ""percent"": 3.0}]","[{""year"": 2020, ""percent"": 5.0}, {""year"": 2019, ""percent"": 7.0}]",12.25,2021.0,13,12.25 for 2021
dse_ownership,2026-09-08 09:55:58.211171+00:00,342,a4e388692d1a4e3fa50e0610a30f29c3,5dfbca6160cbe113e5c200c5ade51bc0d418cc7234485a0f33f121d9768c67e1,200,1251,NFML,"0.10% 2025, 1% 2022, 2% 2020","1% 2021, 8% 2020, 1% 2019, 5% 2018, 10% 2017, 15% 2016, 10% 2014",-,30-Jun,102.2,0.0,https://www.nationalgroup-bd.com/investors,https://www.nationalgroup-bd.com/_files/ugd/0a4b01_06d57a49f43a40d9996485d2a8691b17.pdf,2015.0,B,Y,Active,266.88,385.27,99640,"[{""year"": 2025, ""percent"": 0.1}, {""year"": 2022, ""percent"": 1.0}, {""year"": 2020, ""percent"": 2.0}]","[{""year"": 2021, ""percent"": 1.0}, {""year"": 2020, ""percent"": 8.0}, {""year"": 2019, ""percent"": 1.0}, {""year"": 2018, ""percent"": 5.0}, {""year"": 2017, ""percent"": 10.0}, {""year"": 2016, ""percent"": 15.0}, {""year"": 2014, ""percent"": 10.0}]",0.1,2025.0,15,0.10 for 2025
dse_ownership,2026-09-08 09:55:58.866134+00:00,343,a4e388692d1a4e3fa50e0610a30f29c3,e3ba54187c6bc52e9c9e9aa5feac29069bc02e77b489ffc8d78b1b9384e3b6db,200,388,NHFIL,"10% 2023, 15% 2022, 15% 2021, 15% 2020, 10% 2019, 10% 2018, 19% 2017, 18% 2016, 17% 2015","10% 2024, 10% 2018, 5% 2012, 20% 2011, 10% 2010",1R:2 2013,31-Dec,813.5,0.0,http://National Housing Finance PLC | Downloads,http://National Housing Finance PLC | Downloads,2009.0,A,Y,Active,0.0,2074.8,20623,"[{""year"": 2023, ""percent"": 10.0}, {""year"": 2022, ""percent"": 15.0}, {""year"": 2021, ""percent"": 15.0}, {""year"": 2020, ""percent"": 15.0}, {""year"": 2019, ""percent"": 10.0}, {""year"": 2018, ""percent"": 10.0}, {""year"": 2017, ""percent"": 19.0}, {""year"": 2016, ""percent"": 18.0}, {""year"": 2015, ""percent"": 17.0}]","[{""year"": 2024, ""percent"": 10.0}, {""year"": 2018, ""percent"": 10.0}, {""year"": 2012, ""percent"": 5.0}, {""year"": 2011, ""percent"": 20.0}, {""year"": 2010, ""percent"": 10.0}]",,,15,10% B for 2024
dse_ownership,2026-09-08 09:56:02.311522+00:00,346,a4e388692d1a4e3fa50e0610a30f29c3,716ade06c41a502bcbe8039f41fbd2a7503f6b7ff7e050584d1c652027e72b5e,200,2736,NITOLINS,"10% 2025, 5% 2024, 10.50% 2023, 11% 2022, 12.50% 2021, 10% 2020, 15% 2019, 15% 2018","5% 2024,  14% 2017, 13% 2016, 12% 2015, 15% 2014, 12% 2013, 6% 2012, 8% 2011, 12.5% 2010, 12% 2009",0,31-Dec,476.9,0.0,https://www.nitolinsurance.com/report,https://www.nitolinsurance.com/principle-of-disclosure-of-material-information-and-psi,2005.0,A,Y,Active,0.0,0.0,25727,"[{""year"": 2025, ""percent"": 10.0}, {""year"": 2024, ""percent"": 5.0}, {""year"": 2023, ""percent"": 10.5}, {""year"": 2022, ""percent"": 11.0}, {""year"": 2021, ""percent"": 12.5}, {""year"": 2020, ""percent"": 10.0}, {""year"": 2019, ""percent"": 15.0}, {""year"": 2018, ""percent"": 15.0}]","[{""year"": 2024, ""percent"": 5.0}, {""year"": 2017, ""percent"": 14.0}, {""year"": 2016, ""percent"": 13.0}, {""year"": 2015, ""percent"": 12.0}, {""year"": 2014, ""percent"": 15.0}, {""year"": 2013, ""percent"": 12.0}, {""year"": 2012, ""percent"": 6.0}, {""year"": 2011, ""percent"": 8.0}, {""year"": 2010, ""percent"": 12.5}, {""year"": 2009, ""percent"": 12.0}]",10.0,2025.0,15,10.00 for 2025
dse_ownership,2026-09-08 09:56:04.775324+00:00,349,a4e388692d1a4e3fa50e0610a30f29c3,825cfc035dcd41bfbd4936c8a710a2d13ad48fc960613258db11b1a46f9f6b86,200,1486,NORTHERN,"5% 2020, 100% 2019, 20% 2017, 5% 2016, 20% 2015","20% 2017, 5% 2014",-,30-Jun,153.5,0.0,http://www.northernjute.com/page.php?page=114&p=left,http://www.northernjute.com/page.php?page=106&p=left,1994.0,Z,Y,Closed,605.5,82.65,16357,"[{""year"": 2020, ""percent"": 5.0}, {""year"": 2019, ""percent"": 100.0}, {""year"": 2017, ""percent"": 20.0}, {""year"": 2016, ""percent"": 5.0}, {""year"": 2015, ""percent"": 20.0}]","[{""year"": 2017, ""percent"": 20.0}, {""year"": 2014, ""percent"": 5.0}]",5.0,2020.0,15,5.00 for 2020
dse_ownership,2026-09-08 09:56:05.464961+00:00,350,a4e388692d1a4e3fa50e0610a30f29c3,121dac0d0ab0eba7224f4e9e39aa0069f33621a6d65f7df90f8cfe846dbbbef3,200,468,NORTHRNINS,"5% 2025, 10% 2024, 10% 2023, 10% 2022, 10% 2021, 10% 2020, 10% 2019, 10% 2018, 10% 2017","5% 2025, 10% 2016, 12% 2015, 10% 2014, 10% 2013, 12% 2012, 15%B 2011, 12% 2010, 15% 2009, 15% 2008",-,31-Dec,660.5,0.0,https://niil.com.bd/#,https://niil.com.bd/?page_id=5249,2008.0,A,Y,Active,0.0,0.0,25738,"[{""year"": 2025, ""percent"": 5.0}, {""year"": 2024, ""percent"": 10.0}, {""year"": 2023, ""percent"": 10.0}, {""year"": 2022, ""percent"": 10.0}, {""year"": 2021, ""percent"": 10.0}, {""year"": 2020, ""percent"": 10.0}, {""year"": 2019, ""percent"": 10.0}, {""year"": 2018, ""percent"": 10.0}, {""year"": 2017, ""percent"": 10.0}]","[{""year"": 2025, ""percent"": 5.0}, {""year"": 2016, ""percent"": 10.0}, {""year"": 2015, ""percent"": 12.0}, {""year"": 2014, ""percent"": 10.0}, {""year"": 2013, ""percent"": 10.0}, {""year"": 2012, ""percent"": 12.0}, {""year"": 2010, ""percent"": 12.0}, {""year"": 2009, ""percent"": 15.0}, {""year"": 2008, ""percent"": 15.0}]",,,15,"5.00, 5% B for 2025"
dse_ownership,2026-09-08 09:56:07.147979+00:00,351,a4e388692d1a4e3fa50e0610a30f29c3,3dd95ee117eac1f94756c5d9daaa0bce1d69bc0704788889cf963af29f03c1f2,200,1488,NPOLYMER,"5% 2025, 10.50% 2024, 10.50% 2023, 10.50% 2022, 10% 2021, 15% 2020","22% 2019, 22% 2018, 20% 2017, 20% 2016, 18% 2015, 18% 2014, 15% 2013, 15% 2012, 15% 2011","1R:1 2020, 1:1(5 tk. premium)",30-Jun,1117.4,0.0,http://www.nationalpolymer.net,http://www.nationalpolymer.net/view/investorrelations/price-sensitive-information-psi,1993.0,B,Y,Active,2186.42,1429.49,13469,"[{""year"": 2025, ""percent"": 5.0}, {""year"": 2024, ""percent"": 10.5}, {""year"": 2023, ""percent"": 10.5}, {""year"": 2022, ""percent"": 10.5}, {""year"": 2021, ""percent"": 10.0}, {""year"": 2020, ""percent"": 15.0}]","[{""year"": 2019, ""percent"": 22.0}, {""year"": 2018, ""percent"": 22.0}, {""year"": 2017, ""percent"": 20.0}, {""year"": 2016, ""percent"": 20.0}, {""year"": 2015, ""percent"": 18.0}, {""year"": 2014, ""percent"": 18.0}, {""year"": 2013, ""percent"": 15.0}, {""year"": 2012, ""percent"": 15.0}, {""year"": 2011, ""percent"": 15.0}]",5.0,2025.0,15,5.00 for 2025
dse_ownership,2026-09-08 09:56:07.816240+00:00,352,a4e388692d1a4e3fa50e0610a30f29c3,cb21c06290550724b89fe68b092e4a65c73c78494bb0fa8dd0a50fd89cbafa02,200,394,NRBBANK,"10.00%, 2023",-,-,31-Dec,1838.2,0.0,https://www.nrbbankbd.com/investors-relation/#financial-statements,https://www.nrbbankbd.com/investors-relation/#price-sensitive-info,2024.0,Z,Y,Active,0.0,5061.18,11155,[],[],,,14,
dse_ownership,2026-09-08 09:56:08.803143+00:00,353,a4e388692d1a4e3fa50e0610a30f29c3,ac7dfa812aa47aab99ab9ddbdca6995092d8bc65553c67e861459a17a1399460,200,778,NRBCBANK,"11.00% 2023, 7.50% 2022, 7.50% 2021, 7.50% 2020","4.50% 2022, 7.50% 2021, 5% 2020",-,31-Dec,5584.8,0.0,https://www.nrbcommercialbank.com/about/irs,https://www.nrbcommercialbank.com/about/irs,2021.0,Z,Y,Active,0.0,10125.01,11150,"[{""year"": 2023, ""percent"": 11.0}, {""year"": 2022, ""percent"": 7.5}, {""year"": 2021, ""percent"": 7.5}, {""year"": 2020, ""percent"": 7.5}]","[{""year"": 2022, ""percent"": 4.5}, {""year"": 2021, ""percent"": 7.5}, {""year"": 2020, ""percent"": 5.0}]",,,14,
dse_ownership,2026-09-08 09:56:10.513117+00:00,354,a4e388692d1a4e3fa50e0610a30f29c3,98027534d6a5756d596a0cb81abe066f83f48c9de1fbe719dea83a76a344cdf9,200,1482,NTC,"7.50% 2022, 10% 2021, 5% 2020, 22% 2019, 22% 2018, 18% 2017, 30% 2016, 20% 2014","1B:10  96, 1B:5  94, 11B:39  88, 3B:10  83",n/a,30-Jun,-1093.5,0.0,,,1979.0,Z,Y,Active,2549.16,1215.44,14263,"[{""year"": 2022, ""percent"": 7.5}, {""year"": 2021, ""percent"": 10.0}, {""year"": 2020, ""percent"": 5.0}, {""year"": 2019, ""percent"": 22.0}, {""year"": 2018, ""percent"": 22.0}, {""year"": 2017, ""percent"": 18.0}, {""year"": 2016, ""percent"": 30.0}, {""year"": 2014, ""percent"": 20.0}]",[],,,12,
dse_ownership,2026-09-08 09:56:12.670196+00:00,355,a4e388692d1a4e3fa50e0610a30f29c3,c5a0f43473b310c484e1fbc3f48177511273780965b43e2eab271793de8b257e,200,1919,NTLTUBES,"1% 2025, 4% 2024, 2% 2021,3% 2020","10% 2019, 10% 2018, 10% 2017, 10% 2016, 20% 2015, 10% 2014, 20% 2011, 10%B 2009, 50% 2008, 30% 2007, 33% 2005,40% 2004,1B:2 96",n/a,30-Jun,4443.7,0.0,http://www.ntl.gov.bd/site/page/13ce59bb-90d3-4f2e-bef1-4c75a6364580/-,https://ntl.gov.bd/site/page/13ce59bb-90d3-4f2e-bef1-4c75a6364580/-#,1989.0,B,Y,Active,286.04,59.47,13218,"[{""year"": 2025, ""percent"": 1.0}, {""year"": 2024, ""percent"": 4.0}, {""year"": 2021, ""percent"": 2.0}, {""year"": 2020, ""percent"": 3.0}]","[{""year"": 2019, ""percent"": 10.0}, {""year"": 2018, ""percent"": 10.0}, {""year"": 2017, ""percent"": 10.0}, {""year"": 2016, ""percent"": 10.0}, {""year"": 2015, ""percent"": 20.0}, {""year"": 2014, ""percent"": 10.0}, {""year"": 2011, ""percent"": 20.0}, {""year"": 2008, ""percent"": 50.0}, {""year"": 2007, ""percent"": 30.0}, {""year"": 2005, ""percent"": 33.0}, {""year"": 2004, ""percent"": 40.0}]",1.0,2025.0,15,1.00 for 2025
dse_ownership,2026-09-08 09:56:13.345577+00:00,356,a4e388692d1a4e3fa50e0610a30f29c3,a49615bd9976f8fe605d3b5c7d9b7076354ac430b7cfe6191ed832ffc8f044a2,200,502,NURANI,2% 2018,"10% 2020, 10% 2019, 11% 2018, 10% 2017",-,30-Jun,25.1,0.0,,,2017.0,Z,Y,Closed,271.03,568.58,17475,"[{""year"": 2018, ""percent"": 2.0}]","[{""year"": 2020, ""percent"": 10.0}, {""year"": 2019, ""percent"": 10.0}, {""year"": 2018, ""percent"": 11.0}, {""year"": 2017, ""percent"": 10.0}]",,,13,10.00 B for 2020
dse_ownership,2026-09-08 09:56:14.108887+00:00,357,a4e388692d1a4e3fa50e0610a30f29c3,e2baeb6acec8a06045cd5d18b1c04f94e3c69b8d727e497a6878d2228c011128,200,508,OAL,"1% 2021, 2% 2019, 5% 2015","10% 2018, 10% 2017, 12% 2016, 7% 2015",-,30-Jun,-84.8,0.0,https://olympicaccessoriesbd.com/Details/page/Investor-Relations/Financial-Statements,https://olympicaccessoriesbd.com/Details/page/Investor-Relations/PSI,2015.0,Z,Y,Active,62.15,290.09,13239,"[{""year"": 2021, ""percent"": 1.0}, {""year"": 2019, ""percent"": 2.0}, {""year"": 2015, ""percent"": 5.0}]","[{""year"": 2018, ""percent"": 10.0}, {""year"": 2017, ""percent"": 10.0}, {""year"": 2016, ""percent"": 12.0}, {""year"": 2015, ""percent"": 7.0}]",,,14,
dse_ownership,2026-09-08 09:56:14.735415+00:00,358,a4e388692d1a4e3fa50e0610a30f29c3,5e1029692a396ad1ea8fd5aec844ba10e97dcbdab56f68a2bac0f7bd3d530291,200,441,OIMEX,"3% 2024, 1% 2022","5% 2020, 12.5% 2019, 12.5% 2018, 10% 2017",-,30-Jun,-479.6,0.0,,,2017.0,Z,Y,Active,1578.97,36.18,13243,"[{""year"": 2024, ""percent"": 3.0}, {""year"": 2022, ""percent"": 1.0}]","[{""year"": 2020, ""percent"": 5.0}, {""year"": 2019, ""percent"": 12.5}, {""year"": 2018, ""percent"": 12.5}, {""year"": 2017, ""percent"": 10.0}]",3.0,2024.0,13,3.00 for 2024
dse_ownership,2026-09-08 09:56:15.330760+00:00,359,a4e388692d1a4e3fa50e0610a30f29c3,03429f1cac7fa192ca659dccc086dca304a52f8f507b2ed73548075bb913513f,200,418,OLYMPIC,"30% 2025, 10% 2024, 60% 2023, 45% 2022, 54% 2021, 52% 2020, 50% 2019, 48% 2018, 45% 2017, 40% 2016, 30% 2015","5% 2016, 20% 2015, 35% 2014, 50% 2013, 50% 2012, 50% 2011, 50% 2010, 20% 2009, 2:1  96, 1:3  95, 1B:1 94, 1B:2 87","1R:1 ( Premium Tk 100) 1996,   1R:1 (At Par) 1994",30-Jun,10466.8,0.0,https://www.olympicbd.com/investors/financial-annual-reports,https://www.olympicbd.com/investors/psi-mi,1989.0,A,Y,Active,0.0,0.0,13203,"[{""year"": 2025, ""percent"": 30.0}, {""year"": 2024, ""percent"": 10.0}, {""year"": 2023, ""percent"": 60.0}, {""year"": 2022, ""percent"": 45.0}, {""year"": 2021, ""percent"": 54.0}, {""year"": 2020, ""percent"": 52.0}, {""year"": 2019, ""percent"": 50.0}, {""year"": 2018, ""percent"": 48.0}, {""year"": 2017, ""percent"": 45.0}, {""year"": 2016, ""percent"": 40.0}, {""year"": 2015, ""percent"": 30.0}]","[{""year"": 2016, ""percent"": 5.0}, {""year"": 2015, ""percent"": 20.0}, {""year"": 2014, ""percent"": 35.0}, {""year"": 2013, ""percent"": 50.0}, {""year"": 2012, ""percent"": 50.0}, {""year"": 2011, ""percent"": 50.0}, {""year"": 2010, ""percent"": 50.0}, {""year"": 2009, ""percent"": 20.0}]",30.0,2025.0,15,30.00 for 2025
dse_ownership,2026-09-08 09:56:17.646799+00:00,360,a4e388692d1a4e3fa50e0610a30f29c3,c7dbef4eca2a6d2189663503c24651cc339b0ab64d1532c976e941e95419b43f,200,2064,ONEBANKPLC,"3.50% 2023, 6% 2020, 5% 2019, 15% 2017, 13% 2016, 12.50% 2015","3.50% 2023, 5% 2022, 5% 2021, 5.5% 2020, 5% 2019, 10% 2018, 5% 2017, 10% 2016, 12.50% 2015, 12.50% 2014, 10% 2013, 15% 2012, 30% 2011, 55% 2010, 32% 2009, 20% 2008, 25% 2007, 17% 2006, 10% 2005, 17% 2004,15%  2003",n/a,31-Dec,13281.8,0.0,https://www.onebank.com.bd/home/financial/financial-statements/,https://www.onebank.com.bd/home/price-sensitive-information/,2003.0,Z,Y,Active,0.0,9976.29,11126,"[{""year"": 2023, ""percent"": 3.5}, {""year"": 2020, ""percent"": 6.0}, {""year"": 2019, ""percent"": 5.0}, {""year"": 2017, ""percent"": 15.0}, {""year"": 2016, ""percent"": 13.0}, {""year"": 2015, ""percent"": 12.5}]","[{""year"": 2023, ""percent"": 3.5}, {""year"": 2022, ""percent"": 5.0}, {""year"": 2021, ""percent"": 5.0}, {""year"": 2020, ""percent"": 5.5}, {""year"": 2019, ""percent"": 5.0}, {""year"": 2018, ""percent"": 10.0}, {""year"": 2017, ""percent"": 5.0}, {""year"": 2016, ""percent"": 10.0}, {""year"": 2015, ""percent"": 12.5}, {""year"": 2014, ""percent"": 12.5}, {""year"": 2013, ""percent"": 10.0}, {""year"": 2012, ""percent"": 15.0}, {""year"": 2011, ""percent"": 30.0}, {""year"": 2010, ""percent"": 55.0}, {""year"": 2009, ""percent"": 32.0}, {""year"": 2008, ""percent"": 20.0}, {""year"": 2007, ""percent"": 25.0}, {""year"": 2006, ""percent"": 17.0}, {""year"": 2005, ""percent"": 10.0}, {""year"": 2004, ""percent"": 17.0}, {""year"": 2003, ""percent"": 15.0}]",,,14,
dse_ownership,2026-09-08 09:56:19.756183+00:00,361,a4e388692d1a4e3fa50e0610a30f29c3,0ed454086623bdc87b373b28a62d4595d7908e1754009d88fa2d648399d65651,200,1944,ORIONINFU,"20% 2025, 12% 2024, 10% 2023, 20% 2022, 10% 2021, 10% 2020, 14% 2019, 14% 2018, 14% 2017, 14% 2016, 13% 2015",-,1:1R 1996,30-Jun,122.5,1.0,https://www.orioninfusion.com/report.php?reportID=229&subCategoryID=67,https://www.orioninfusion.com/news.php?ID=52,1994.0,A,Y,Active,305.74,0.0,18472,"[{""year"": 2025, ""percent"": 20.0}, {""year"": 2024, ""percent"": 12.0}, {""year"": 2023, ""percent"": 10.0}, {""year"": 2022, ""percent"": 20.0}, {""year"": 2021, ""percent"": 10.0}, {""year"": 2020, ""percent"": 10.0}, {""year"": 2019, ""percent"": 14.0}, {""year"": 2018, ""percent"": 14.0}, {""year"": 2017, ""percent"": 14.0}, {""year"": 2016, ""percent"": 14.0}, {""year"": 2015, ""percent"": 13.0}]",[],20.0,2025.0,15,20.00 for 2025
dse_ownership,2026-09-08 09:56:21.563860+00:00,362,a4e388692d1a4e3fa50e0610a30f29c3,b8b07421bf66d64c6aa768d39b1246eb9ee16276c3da9ceb71a8e6c331d5efbc,200,1642,ORIONPHARM,"10% 2024, 10% 2023, 10% 2022, 12% 2021, 10% 2020, 15% 2019, 15% 2018, 15% 2017, 15% 2016, 15% 2014",20% 2012,-,30-Jun,10533.4,-744.5,https://www.orionpharmabd.com/investor/annualreport,https://www.orionpharmabd.com/investor/pricesensitiveinformation,2013.0,Z,Y,Active,493.7,25136.62,18486,"[{""year"": 2024, ""percent"": 10.0}, {""year"": 2023, ""percent"": 10.0}, {""year"": 2022, ""percent"": 10.0}, {""year"": 2021, ""percent"": 12.0}, {""year"": 2020, ""percent"": 10.0}, {""year"": 2019, ""percent"": 15.0}, {""year"": 2018, ""percent"": 15.0}, {""year"": 2017, ""percent"": 15.0}, {""year"": 2016, ""percent"": 15.0}, {""year"": 2014, ""percent"": 15.0}]","[{""year"": 2012, ""percent"": 20.0}]",,,14,
dse_ownership,2026-09-08 09:56:23.982232+00:00,365,a4e388692d1a4e3fa50e0610a30f29c3,de5ffe6681bbaca0806952e9e933ef4c696eb0b498b2ea56d849c989aef9989d,200,1617,PADMALIFE,2% 2021,"20% 2016, 8% 2012",-,31-Dec,0.0,0.0,https://www.padmaislamilife.com/report/annual_report.php,https://www.padmaislamilife.com/page/notice/all_notice.php,2012.0,Z,Y,Active,0.0,0.0,25745,"[{""year"": 2021, ""percent"": 2.0}]","[{""year"": 2016, ""percent"": 20.0}, {""year"": 2012, ""percent"": 8.0}]",,,14,
dse_ownership,2026-09-08 09:56:24.546750+00:00,366,a4e388692d1a4e3fa50e0610a30f29c3,494f0111404160838f6e65c34e17dd6aaeee971f815e4ea2f8cbacd376a528a6,200,389,PADMAOIL,"160% 2025, 140% 2024, 135% 2023, 125% 2022, 125% 2021, 125% 2020, 130% 2019, 130% 2018, 110% 2017, 100% 2016, 100% 2015","10% 2013, 35% 2012, 50% 2011, 50% 2010, 200% 2009, 100 2008, 40 1996, 40 1983",n/a,30-Jun,26017.7,0.0,https://pocl.gov.bd/site/page/3159b3cd-4e2e-413b-a77e-5c0858faab62/-,https://pocl.gov.bd/site/page/395f87ba-7e45-4a66-b76b-c49ebb9ca06a/-,1976.0,A,Y,Active,0.0,183.46,15302,"[{""year"": 2025, ""percent"": 160.0}, {""year"": 2024, ""percent"": 140.0}, {""year"": 2023, ""percent"": 135.0}, {""year"": 2022, ""percent"": 125.0}, {""year"": 2021, ""percent"": 125.0}, {""year"": 2020, ""percent"": 125.0}, {""year"": 2019, ""percent"": 130.0}, {""year"": 2018, ""percent"": 130.0}, {""year"": 2017, ""percent"": 110.0}, {""year"": 2016, ""percent"": 100.0}, {""year"": 2015, ""percent"": 100.0}]","[{""year"": 2013, ""percent"": 10.0}, {""year"": 2012, ""percent"": 35.0}, {""year"": 2011, ""percent"": 50.0}, {""year"": 2010, ""percent"": 50.0}, {""year"": 2009, ""percent"": 200.0}]",160.0,2025.0,15,160.00 for 2025
dse_ownership,2026-09-08 09:56:28.284167+00:00,369,a4e388692d1a4e3fa50e0610a30f29c3,df17867861574bd4901ec3a29da29fc25ec2ff9114c481d41fb948c8c56c5d8b,200,2915,PARAMOUNT,"10% 2025, 10% 2024, 10% 2023, 10% 2022, 10% 2021, 2% 2019, 2% 2016","20% 2020, 2% 2019, 5% 2018, 10% 2017, 8% 2016, 10% 2015, 10% 2014, 10% 2013, 5% 2012, 5% 2011, 10% 2010, 10% 2009, 10% 2008, 10% 2007, 5% 2006",0,31-Dec,738.4,0.0,,,2007.0,A,Y,Active,0.0,0.0,25733,"[{""year"": 2025, ""percent"": 10.0}, {""year"": 2024, ""percent"": 10.0}, {""year"": 2023, ""percent"": 10.0}, {""year"": 2022, ""percent"": 10.0}, {""year"": 2021, ""percent"": 10.0}, {""year"": 2019, ""percent"": 2.0}, {""year"": 2016, ""percent"": 2.0}]","[{""year"": 2020, ""percent"": 20.0}, {""year"": 2019, ""percent"": 2.0}, {""year"": 2018, ""percent"": 5.0}, {""year"": 2017, ""percent"": 10.0}, {""year"": 2016, ""percent"": 8.0}, {""year"": 2015, ""percent"": 10.0}, {""year"": 2014, ""percent"": 10.0}, {""year"": 2013, ""percent"": 10.0}, {""year"": 2012, ""percent"": 5.0}, {""year"": 2011, ""percent"": 5.0}, {""year"": 2010, ""percent"": 10.0}, {""year"": 2009, ""percent"": 10.0}, {""year"": 2008, ""percent"": 10.0}, {""year"": 2007, ""percent"": 10.0}, {""year"": 2006, ""percent"": 5.0}]",10.0,2025.0,13,10.00 for 2025
dse_ownership,2026-09-08 09:56:28.926553+00:00,370,a4e388692d1a4e3fa50e0610a30f29c3,052ae871355d6e2574e51db6ff2dfc40a9c59c5881ca86bd0e6b3c053f8d82be,200,471,PBLPBOND,-,-,-,31-Dec,0.0,0.0,,,2022.0,A,Y,,0.0,0.0,26010,[],[],,,11,
dse_ownership,2026-09-08 09:56:30.745646+00:00,371,a4e388692d1a4e3fa50e0610a30f29c3,efca01f9c8d7cefd4e6e28977de0b89df3dfd0d17e3d82b5e50084c11845f4e6,200,1570,PDL,"1% 2023, 1% 2022, 1% 2021","1% 2021, 10% 2020, 14% 2019, 14% 2018, 12.5% 2017",-,30-Jun,656.6,0.0,,,2017.0,Z,Y,Operation Shutdown,131.0,421.79,17473,"[{""year"": 2023, ""percent"": 1.0}, {""year"": 2022, ""percent"": 1.0}, {""year"": 2021, ""percent"": 1.0}]","[{""year"": 2021, ""percent"": 1.0}, {""year"": 2020, ""percent"": 10.0}, {""year"": 2019, ""percent"": 14.0}, {""year"": 2018, ""percent"": 14.0}, {""year"": 2017, ""percent"": 12.5}]",1.0,2023.0,13,1.00 for 2023
dse_ownership,2026-09-08 09:56:32.855685+00:00,372,a4e388692d1a4e3fa50e0610a30f29c3,fd03cc755fbe1fa0192e617df942f1339287075a81d52201e125182de33fd6d1,200,1953,PENINSULA,"0.50% 2025, 2.50% 2022, 10% 2021, 10% 2020, 7.5% 2019, 5%2018, 5% 2017, 5% 2016, 10% 2015, 10% 2014",5% 2015,-,30-Jun,1073.2,0.0,https://www.peninsulactg.com/wp-content/uploads/2025/04/Un-Audited-Accounts_Q3-31.03.2025.pdf,https://www.peninsulactg.com/wp-content/uploads/2025/04/Preice-Sensitive-Information-Q3-31.03.2022.pdf,2014.0,B,Y,Active,308.39,1851.25,29003,"[{""year"": 2025, ""percent"": 0.5}, {""year"": 2022, ""percent"": 2.5}, {""year"": 2021, ""percent"": 10.0}, {""year"": 2020, ""percent"": 10.0}, {""year"": 2019, ""percent"": 7.5}, {""year"": 2018, ""percent"": 5.0}, {""year"": 2017, ""percent"": 5.0}, {""year"": 2016, ""percent"": 5.0}, {""year"": 2015, ""percent"": 10.0}, {""year"": 2014, ""percent"": 10.0}]","[{""year"": 2015, ""percent"": 5.0}]",0.5,2025.0,15,0.50 for 2025
dse_ownership,2026-09-08 09:56:33.550149+00:00,373,a4e388692d1a4e3fa50e0610a30f29c3,1d3918e0cbdf4010bd2223eff730ff18e4c928b5b4a24f2877d7fe60ab6d3bdf,200,518,PEOPLESINS,"10.50% 2025,  10.50% 2024, 10% 2023, 10.50% 2022, 12.50% 2021, 11% 2020, 8% 2019, 6% 2018, 10% 2017, 12% 2016, 10% 2015","5% 2010, 20% 2009, 33.33% 2008, 100% 2005,25% 2004","1R:1, 2010",31-Dec,1091.4,0.0,https://peoplesinsurancebd.com/investors/financial-statements/,https://peoplesinsurancebd.com/price-sensitive-information/,1990.0,A,Y,Active,0.0,0.0,25704,"[{""year"": 2025, ""percent"": 10.5}, {""year"": 2024, ""percent"": 10.5}, {""year"": 2023, ""percent"": 10.0}, {""year"": 2022, ""percent"": 10.5}, {""year"": 2021, ""percent"": 12.5}, {""year"": 2020, ""percent"": 11.0}, {""year"": 2019, ""percent"": 8.0}, {""year"": 2018, ""percent"": 6.0}, {""year"": 2017, ""percent"": 10.0}, {""year"": 2016, ""percent"": 12.0}, {""year"": 2015, ""percent"": 10.0}]","[{""year"": 2010, ""percent"": 5.0}, {""year"": 2009, ""percent"": 20.0}, {""year"": 2008, ""percent"": 33.33}, {""year"": 2005, ""percent"": 100.0}, {""year"": 2004, ""percent"": 25.0}]",10.5,2025.0,15,10.50 for 2025
dse_ownership,2026-09-08 09:56:34.159036+00:00,374,a4e388692d1a4e3fa50e0610a30f29c3,e9bad08cb627bbe9c23904ca3e86c0ed76cae23d93bbfa927c6c3f4bec205f9a,200,366,PF1STMF,"3% 2023, 5% 2022, 6% 2021, 5% 2020, 5% 2019,5% 2018, 5% 2017, 5% 2016, 5% 2015",-,-,30-Jun,-167.9,0.0,https://icbamcl.gov.bd/investor-relation/price-sensitive-information,,2010.0,A,Y,Active,0.0,0.0,12176,"[{""year"": 2023, ""percent"": 3.0}, {""year"": 2022, ""percent"": 5.0}, {""year"": 2021, ""percent"": 6.0}, {""year"": 2020, ""percent"": 5.0}, {""year"": 2019, ""percent"": 5.0}, {""year"": 2018, ""percent"": 5.0}, {""year"": 2017, ""percent"": 5.0}, {""year"": 2016, ""percent"": 5.0}, {""year"": 2015, ""percent"": 5.0}]",[],,,13,
dse_ownership,2026-09-08 09:56:35.264261+00:00,377,a4e388692d1a4e3fa50e0610a30f29c3,ea59fbdb13c36814273c98997fb2b781e45099ed6603fa82092991fec36ec7c1,200,377,PHARMAID,"30% 2025, 25% 2024, 10% 2023, 50% 2022, 50% 2021, 50% 2020, 50% 2019, 50% 2018, 35% 2017, 30% 2016, 25% 2015",500% 2010,n/a,30-Jun,401.2,0.0,,,1987.0,A,Y,Active,9.6,0.0,18462,"[{""year"": 2025, ""percent"": 30.0}, {""year"": 2024, ""percent"": 25.0}, {""year"": 2023, ""percent"": 10.0}, {""year"": 2022, ""percent"": 50.0}, {""year"": 2021, ""percent"": 50.0}, {""year"": 2020, ""percent"": 50.0}, {""year"": 2019, ""percent"": 50.0}, {""year"": 2018, ""percent"": 50.0}, {""year"": 2017, ""percent"": 35.0}, {""year"": 2016, ""percent"": 30.0}, {""year"": 2015, ""percent"": 25.0}]","[{""year"": 2010, ""percent"": 500.0}]",30.0,2025.0,13,30.00 for 2025
dse_ownership,2026-09-08 09:56:35.997307+00:00,378,a4e388692d1a4e3fa50e0610a30f29c3,e7122c756cdff4c845e11377c5c0c7dfcc57cb7888ea3e9efc90fe6418de9cf0,200,463,PHENIXINS,"12% 2025, 10% 2024, 12% 2023, 15% 2022,15% 2021, 15% 2020, 12% 2019, 12% 2018, 16% 2017, 15% 2016, 18% 2015","25% 2012, 5% 2011, 25% 2010, 25% 2009, 22% 2008, 20% 2007, 30% 2006, 25% 2005,25% 2004,5% 2003 & 2002",n/a,31-Dec,961.4,0.0,https://phoenixinsurance.com.bd/media/2025/07/Audited_Financial_Statements.pdf,https://phoenixinsurance.com.bd/media/2025/05/Notice-of-Price-Sensitive-Information-2024.pdf,1994.0,A,Y,Active,0.0,0.0,25707,"[{""year"": 2025, ""percent"": 12.0}, {""year"": 2024, ""percent"": 10.0}, {""year"": 2023, ""percent"": 12.0}, {""year"": 2022, ""percent"": 15.0}, {""year"": 2021, ""percent"": 15.0}, {""year"": 2020, ""percent"": 15.0}, {""year"": 2019, ""percent"": 12.0}, {""year"": 2018, ""percent"": 12.0}, {""year"": 2017, ""percent"": 16.0}, {""year"": 2016, ""percent"": 15.0}, {""year"": 2015, ""percent"": 18.0}]","[{""year"": 2012, ""percent"": 25.0}, {""year"": 2011, ""percent"": 5.0}, {""year"": 2010, ""percent"": 25.0}, {""year"": 2009, ""percent"": 25.0}, {""year"": 2008, ""percent"": 22.0}, {""year"": 2007, ""percent"": 20.0}, {""year"": 2006, ""percent"": 30.0}, {""year"": 2005, ""percent"": 25.0}, {""year"": 2004, ""percent"": 25.0}, {""year"": 2003, ""percent"": 5.0}]",12.0,2025.0,15,12.00 for 2025
dse_ownership,2026-09-08 09:56:40.222631+00:00,379,a4e388692d1a4e3fa50e0610a30f29c3,32543edd82a93e20c6107993ee785be742bdd514602dd43902fdb4a738d0ee07,200,4055,PHOENIXFIN,"6% 2019, 20% 2017, 20% 2016, 20% 2015","12% 2020, 6% 2019, 15% 2018, 20% 2012, 30% 2011, 35% 2010, 30% 2009","1R:10 2013, 1R:5 2010",31-Dec,-18741.7,0.0,http://www.phoenixfinance.com.bd,http://www.phoenixfinance.com.bd,2007.0,Z,Y,Active,0.0,3829.99,11144,"[{""year"": 2019, ""percent"": 6.0}, {""year"": 2017, ""percent"": 20.0}, {""year"": 2016, ""percent"": 20.0}, {""year"": 2015, ""percent"": 20.0}]","[{""year"": 2020, ""percent"": 12.0}, {""year"": 2019, ""percent"": 6.0}, {""year"": 2018, ""percent"": 15.0}, {""year"": 2012, ""percent"": 20.0}, {""year"": 2011, ""percent"": 30.0}, {""year"": 2010, ""percent"": 35.0}, {""year"": 2009, ""percent"": 30.0}]",,,14,
dse_ownership,2026-09-08 09:56:42.389744+00:00,380,a4e388692d1a4e3fa50e0610a30f29c3,8c56b2208496a5468cc3f36551efda654f97702350a127fb0444678cc9219f0b,200,1999,PHPMF1,"2% 2023, 7% 2022, 8.50% 2021, 3% 2019, 3% 2018, 2.50% 2017","6%RIU 2018, 10%RIU 2017, 7%RIU 2016, 7.50%RIU 2015, 10%RIU 2014",-,30-Jun,-699.3,0.0,http://www.racebd.com/index.php?menu=FinancialReport&Fund=php1mf,http://www.phpmf1.com/,2010.0,A,Y,Active,0.0,0.0,12182,"[{""year"": 2023, ""percent"": 2.0}, {""year"": 2022, ""percent"": 7.0}, {""year"": 2021, ""percent"": 8.5}, {""year"": 2019, ""percent"": 3.0}, {""year"": 2018, ""percent"": 3.0}, {""year"": 2017, ""percent"": 2.5}]",[],,,14,
dse_ownership,2026-09-08 09:56:45.222489+00:00,381,a4e388692d1a4e3fa50e0610a30f29c3,b4466736ffc7e88c5e6bc39675e7343e257b516b2333b3241dc2e556371db8d8,200,2557,PIONEERINS,"25% 2025, 25% 2024, 20% 2023, 25% 2022, 25% 2021, 20% 2020, 20% 2019, 15% 2018, 15% 2017, 15% 2016, 15% 2015","5% 2025, 10% 2023, 5% 2022, 10% 2021, 10% 2020, 10% 2015, 25% 2014, 20% 2013, 20% 2012, 30%B 2011, 25% 2010, 25% 2009",1R:5 2011,31-Dec,3196.4,0.0,https://www.pioneerinsurance.com.bd/reports/annual-reports,https://www.pioneerinsurance.com.bd/reports/investors-relation,2001.0,A,Y,Active,0.0,0.0,25720,"[{""year"": 2025, ""percent"": 25.0}, {""year"": 2024, ""percent"": 25.0}, {""year"": 2023, ""percent"": 20.0}, {""year"": 2022, ""percent"": 25.0}, {""year"": 2021, ""percent"": 25.0}, {""year"": 2020, ""percent"": 20.0}, {""year"": 2019, ""percent"": 20.0}, {""year"": 2018, ""percent"": 15.0}, {""year"": 2017, ""percent"": 15.0}, {""year"": 2016, ""percent"": 15.0}, {""year"": 2015, ""percent"": 15.0}]","[{""year"": 2025, ""percent"": 5.0}, {""year"": 2023, ""percent"": 10.0}, {""year"": 2022, ""percent"": 5.0}, {""year"": 2021, ""percent"": 10.0}, {""year"": 2020, ""percent"": 10.0}, {""year"": 2015, ""percent"": 10.0}, {""year"": 2014, ""percent"": 25.0}, {""year"": 2013, ""percent"": 20.0}, {""year"": 2012, ""percent"": 20.0}, {""year"": 2010, ""percent"": 25.0}, {""year"": 2009, ""percent"": 25.0}]",,,15,"25.00, 5%B for 2025"
dse_ownership,2026-09-08 09:56:47.555672+00:00,382,a4e388692d1a4e3fa50e0610a30f29c3,8c578ccf78e4e29fd37dadde189e0d969fa9accff26e4d7d8bebcb2bb11669f1,200,2143,PLFSL,-,"10% 2014,10% 2013, 12.50% 2012, 10% 2011, 75% 2010, 38.50% 2009, 20% 2008, 35% 2007, 30% 2006, 45% 2005",n/a,31-Dec,-48159.8,0.0,https://plfsbd.com/aboutus/fhighlights,https://plfsbd.com/aboutus/priceseninfo,2005.0,Z,Y,Active,0.0,4892.18,11130,[],"[{""year"": 2014, ""percent"": 10.0}, {""year"": 2013, ""percent"": 10.0}, {""year"": 2012, ""percent"": 12.5}, {""year"": 2011, ""percent"": 10.0}, {""year"": 2010, ""percent"": 75.0}, {""year"": 2009, ""percent"": 38.5}, {""year"": 2008, ""percent"": 20.0}, {""year"": 2007, ""percent"": 35.0}, {""year"": 2006, ""percent"": 30.0}, {""year"": 2005, ""percent"": 45.0}]",,,14,
dse_ownership,2026-09-08 09:56:48.295410+00:00,383,a4e388692d1a4e3fa50e0610a30f29c3,454787fe5550ec245861a9e6a94f6c71686adfa2e76aba0ff5802401badfcb61,200,514,POPULAR1MF,"2.5% 2023, 7% 2022, 8.50% 2021, 3% 2019, 2% 2018, 3.5% 2017","5.50%RIU 2018, 10%RIU 2017, 7%RIU 2016, 12%RIU 2015, 12%RIU 2014, 2.50%RIU 2013",-,30-Jun,-708.8,0.0,http://www.racebd.com/index.php?menu=FinancialReport&Fund=pli1mf,http://www.popular1mf.com/,2010.0,A,Y,Active,0.0,0.0,12180,"[{""year"": 2023, ""percent"": 2.5}, {""year"": 2022, ""percent"": 7.0}, {""year"": 2021, ""percent"": 8.5}, {""year"": 2019, ""percent"": 3.0}, {""year"": 2018, ""percent"": 2.0}, {""year"": 2017, ""percent"": 3.5}]",[],,,14,
dse_ownership,2026-09-08 09:56:51.708236+00:00,384,a4e388692d1a4e3fa50e0610a30f29c3,c330bcd4308cea87e1fd1b04f4ac632602752316341beacf5c24817caf2286d7,200,3142,POPULARLIF,"20% 2024, 37% 2023, 38% 2022, 40% 2021, 40% 2020, 20% 2019, 40% 2018, 40% 2017, 40% 2016, 40% 2015","40% 2014, 40% 2013, 5% 2012, 40% 2011, 37% 2010, 35% 2009, 26% 2008, 20% 2007",n/a,31-Dec,0.0,0.0,,,2005.0,A,Y,Active,0.0,0.0,25724,"[{""year"": 2024, ""percent"": 20.0}, {""year"": 2023, ""percent"": 37.0}, {""year"": 2022, ""percent"": 38.0}, {""year"": 2021, ""percent"": 40.0}, {""year"": 2020, ""percent"": 40.0}, {""year"": 2019, ""percent"": 20.0}, {""year"": 2018, ""percent"": 40.0}, {""year"": 2017, ""percent"": 40.0}, {""year"": 2016, ""percent"": 40.0}, {""year"": 2015, ""percent"": 40.0}]","[{""year"": 2014, ""percent"": 40.0}, {""year"": 2013, ""percent"": 40.0}, {""year"": 2012, ""percent"": 5.0}, {""year"": 2011, ""percent"": 40.0}, {""year"": 2010, ""percent"": 37.0}, {""year"": 2009, ""percent"": 35.0}, {""year"": 2008, ""percent"": 26.0}, {""year"": 2007, ""percent"": 20.0}]",20.0,2024.0,13,20.00 for 2024
dse_ownership,2026-09-08 09:56:53.328030+00:00,385,a4e388692d1a4e3fa50e0610a30f29c3,d0b4428bd2c6d998192feed076c3f438ff2aa38fd1aecf7267da622b1fabcc7e,200,1390,POWERGRID,"10% 2023, 10% 2022, 20% 2021, 20% 2020, 20% 2019, 17% 2018, 15% 2017, 12% 2016, 15% 2015","10% 2012, 15% 2010",n/a,30-Jun,-14876.5,0.0,https://erp.powergrid.gov.bd/w/report/eyJpdiI6IjY1ckh1WDZpWUxZQldibU1KcG0zekE9PSIsInZhbHVlIjoibnlpTE54SHhobDVJQ1RhMlpmMmtRdz09IiwibWFjIjoiNGNmNTQ4YzBhMWM4YWI0Y2UwN2E1MGI1Y2FkYTI5NjZmNDNhOTVhMjZiYzExMz,https://powergrid.gov.bd/site/page/02ebf1e9-04c2-4f6c-9831-19544c85d73c,2006.0,Z,Y,Active,15073.55,596920.24,15308,"[{""year"": 2023, ""percent"": 10.0}, {""year"": 2022, ""percent"": 10.0}, {""year"": 2021, ""percent"": 20.0}, {""year"": 2020, ""percent"": 20.0}, {""year"": 2019, ""percent"": 20.0}, {""year"": 2018, ""percent"": 17.0}, {""year"": 2017, ""percent"": 15.0}, {""year"": 2016, ""percent"": 12.0}, {""year"": 2015, ""percent"": 15.0}]","[{""year"": 2012, ""percent"": 10.0}, {""year"": 2010, ""percent"": 15.0}]",,,14,
dse_ownership,2026-09-08 09:56:55.879292+00:00,386,a4e388692d1a4e3fa50e0610a30f29c3,13e5778e1e9cbb5caf09e4054b326ec1786afb9b3319f3befd32a0c830c1583b,200,2380,PRAGATIINS,"27% 2025, 20% 2024, 20% 2023, 25% 2022, 35% 2021, 30% 2020, 22% 2019, 13% 2018,13% 2017, 10% 2016, 10% 2015","3% 2025, 7% 2024, 7% 2023, 5% 2022, 7% 2018, 5% 2017, 5% 2016, 5% 2013, 7.5% 2012, 10% 2011, 5% 2010, 10% 2009, 15% 2008, 35% 2007, 15% 2006,15% 2005, 25% 2004,27% 2003,  25% 2002,  30% 2001,  20% 1997",n/a,31-Dec,3702.8,8.3,https://pragatiinsurance.com/financial-indicators/,https://pragatiinsurance.com/financial-indicators/,1996.0,A,Y,Active,0.0,0.0,25717,"[{""year"": 2025, ""percent"": 27.0}, {""year"": 2024, ""percent"": 20.0}, {""year"": 2023, ""percent"": 20.0}, {""year"": 2022, ""percent"": 25.0}, {""year"": 2021, ""percent"": 35.0}, {""year"": 2020, ""percent"": 30.0}, {""year"": 2019, ""percent"": 22.0}, {""year"": 2018, ""percent"": 13.0}, {""year"": 2017, ""percent"": 13.0}, {""year"": 2016, ""percent"": 10.0}, {""year"": 2015, ""percent"": 10.0}]","[{""year"": 2025, ""percent"": 3.0}, {""year"": 2024, ""percent"": 7.0}, {""year"": 2023, ""percent"": 7.0}, {""year"": 2022, ""percent"": 5.0}, {""year"": 2018, ""percent"": 7.0}, {""year"": 2017, ""percent"": 5.0}, {""year"": 2016, ""percent"": 5.0}, {""year"": 2013, ""percent"": 5.0}, {""year"": 2012, ""percent"": 7.5}, {""year"": 2011, ""percent"": 10.0}, {""year"": 2010, ""percent"": 5.0}, {""year"": 2009, ""percent"": 10.0}, {""year"": 2008, ""percent"": 15.0}, {""year"": 2007, ""percent"": 35.0}, {""year"": 2006, ""percent"": 15.0}, {""year"": 2005, ""percent"": 15.0}, {""year"": 2004, ""percent"": 25.0}, {""year"": 2003, ""percent"": 27.0}, {""year"": 2002, ""percent"": 25.0}, {""year"": 2001, ""percent"": 30.0}, {""year"": 1997, ""percent"": 20.0}]",,,15,"27.00, 3%B for 2025"
dse_ownership,2026-09-08 09:56:59.365090+00:00,387,a4e388692d1a4e3fa50e0610a30f29c3,9511f4942c697ce7144a2f7a47ae18e274cdb53f1f13c64b8d2eb9c495e840a7,200,3174,PRAGATILIF,"15% 2025, 15% 2024, 14% 2023, 12% 2022, 11% 2021, 12% 2020, 20% 2019, 15% 2018, 15% 2017, 8% 2016, 17% 2014","10% 2025, 6% 2021, 15% 2018, 10% 2017, 17% 2016, 5% 2014, 5% 2012, 12% 2011, 12% 2010","1R:1, 2020",31-Dec,0.0,0.0,https://www.pragatilife.com/index.php/financial-report,https://www.pragatilife.com/index.php/price-sensitive-information,2006.0,A,Y,Active,0.0,0.0,25731,"[{""year"": 2025, ""percent"": 15.0}, {""year"": 2024, ""percent"": 15.0}, {""year"": 2023, ""percent"": 14.0}, {""year"": 2022, ""percent"": 12.0}, {""year"": 2021, ""percent"": 11.0}, {""year"": 2020, ""percent"": 12.0}, {""year"": 2019, ""percent"": 20.0}, {""year"": 2018, ""percent"": 15.0}, {""year"": 2017, ""percent"": 15.0}, {""year"": 2016, ""percent"": 8.0}, {""year"": 2014, ""percent"": 17.0}]","[{""year"": 2025, ""percent"": 10.0}, {""year"": 2021, ""percent"": 6.0}, {""year"": 2018, ""percent"": 15.0}, {""year"": 2017, ""percent"": 10.0}, {""year"": 2016, ""percent"": 17.0}, {""year"": 2014, ""percent"": 5.0}, {""year"": 2012, ""percent"": 5.0}, {""year"": 2011, ""percent"": 12.0}, {""year"": 2010, ""percent"": 12.0}]",,,15,"15.00, 10%B for 2025"
dse_ownership,2026-09-08 09:57:00.195631+00:00,388,a4e388692d1a4e3fa50e0610a30f29c3,d97301efe0f5cefd8d42f792d4bf6963494e83c559c4ad3311200a2034ece423,200,665,PREBPBOND,-,-,-,31-Dec,0.0,0.0,,,2022.0,A,Y,,0.0,0.0,26009,[],[],,,11,
dse_ownership,2026-09-08 09:57:02.435616+00:00,389,a4e388692d1a4e3fa50e0610a30f29c3,118620a863d514fb46407a1ecaeef9e75c1ea15f1a1f0eaa7dc5e7483ec0fac1,200,2070,PREMIERBAN,"12.50% 2023, 12.50% 2022, 12.50% 2021, 12.50% 2020,5% 2019, 10% 2016","7.50% 2022, 10% 2021, 7.5% 2020, 5% 2019, 15.5% 2018, 15% 2017, 2% 2016, 10% 2015, 10% 2014, 10% 2013, 10% 2012, 22% 2011, 31% 2010, 30% 2009, 24% 2008, 7% 2007",n/a,31-Dec,4433.5,0.0,https://premierbankltd.com/pbl/financial-reports/,https://premierbankltd.com/pbl/investors-relation/,2007.0,Z,Y,Active,0.0,16946.15,11140,"[{""year"": 2023, ""percent"": 12.5}, {""year"": 2022, ""percent"": 12.5}, {""year"": 2021, ""percent"": 12.5}, {""year"": 2020, ""percent"": 12.5}, {""year"": 2019, ""percent"": 5.0}, {""year"": 2016, ""percent"": 10.0}]","[{""year"": 2022, ""percent"": 7.5}, {""year"": 2021, ""percent"": 10.0}, {""year"": 2020, ""percent"": 7.5}, {""year"": 2019, ""percent"": 5.0}, {""year"": 2018, ""percent"": 15.5}, {""year"": 2017, ""percent"": 15.0}, {""year"": 2016, ""percent"": 2.0}, {""year"": 2015, ""percent"": 10.0}, {""year"": 2014, ""percent"": 10.0}, {""year"": 2013, ""percent"": 10.0}, {""year"": 2012, ""percent"": 10.0}, {""year"": 2011, ""percent"": 22.0}, {""year"": 2010, ""percent"": 31.0}, {""year"": 2009, ""percent"": 30.0}, {""year"": 2008, ""percent"": 24.0}, {""year"": 2007, ""percent"": 7.0}]",,,14,
dse_ownership,2026-09-08 09:57:03.190575+00:00,390,a4e388692d1a4e3fa50e0610a30f29c3,bdbfba853e8667e2456c17b988193138bc1b88750d0202154d08979b8dcf2ba9,200,455,PREMIERCEM,"10% 2025, 21.50% 2024, 10% 2023, 10% 2022, 20% 2021, 10% 2020, 10% 2019, 10% 2018,  20% 2017, 15% 2016, 20% 2015, 30% 2014, 40% 2013",-,-,30-Jun,5305.6,0.0,https://www.premiercement.com/page/investors-premier.html,https://www.premiercement.com/page/investors-premier.html,2013.0,A,Y,Active,19387.11,5359.59,21645,"[{""year"": 2025, ""percent"": 10.0}, {""year"": 2024, ""percent"": 21.5}, {""year"": 2023, ""percent"": 10.0}, {""year"": 2022, ""percent"": 10.0}, {""year"": 2021, ""percent"": 20.0}, {""year"": 2020, ""percent"": 10.0}, {""year"": 2019, ""percent"": 10.0}, {""year"": 2018, ""percent"": 10.0}, {""year"": 2017, ""percent"": 20.0}, {""year"": 2016, ""percent"": 15.0}, {""year"": 2015, ""percent"": 20.0}, {""year"": 2014, ""percent"": 30.0}, {""year"": 2013, ""percent"": 40.0}]",[],10.0,2025.0,15,10.00 for 2025
dse_ownership,2026-09-08 09:57:03.764588+00:00,391,a4e388692d1a4e3fa50e0610a30f29c3,cfa809c0d5296086d423864b11a627a76ed0d9d16aecdc7f591c9a3a07474d49,200,398,PREMIERLEA,"5% 2017, 5% 2016","5% 2018, 5% 2017, 5% 2016, 5% 2015, 5% 2011, 20% 2010, 15% 2009, 10% 2008, 12.50% 2007, 10% 2005",1R:1 2011,31-Dec,-11644.1,0.0,https://premierleasing.com.bd/investor-relations/financial-annual-reports/quarterly-financial-statement/,https://premierleasing.com.bd/investor-relations/financial-annual-reports/annual-financial-statement/,2005.0,Z,Y,Active,0.0,7965.63,11132,"[{""year"": 2017, ""percent"": 5.0}, {""year"": 2016, ""percent"": 5.0}]","[{""year"": 2018, ""percent"": 5.0}, {""year"": 2017, ""percent"": 5.0}, {""year"": 2016, ""percent"": 5.0}, {""year"": 2015, ""percent"": 5.0}, {""year"": 2011, ""percent"": 5.0}, {""year"": 2010, ""percent"": 20.0}, {""year"": 2009, ""percent"": 15.0}, {""year"": 2008, ""percent"": 10.0}, {""year"": 2007, ""percent"": 12.5}, {""year"": 2005, ""percent"": 10.0}]",,,14,
dse_ownership,2026-09-08 09:57:04.402226+00:00,392,a4e388692d1a4e3fa50e0610a30f29c3,6f7ae70425aaba4f63674fa424575e14318363857bfa264cfa8bec8c994e7c38,200,464,PRIME1ICBA,"3% 2023, 5% 2022, 7.5% 2021, 5% 2020, 6% 2019,7% 2018, 7% 2017, 7% 2016, 7% 2015",-,-,30-Jun,-238.4,0.0,https://icbamcl.gov.bd/investor-relation/price-sensitive-information,,2010.0,A,Y,Active,0.0,0.0,12173,"[{""year"": 2023, ""percent"": 3.0}, {""year"": 2022, ""percent"": 5.0}, {""year"": 2021, ""percent"": 7.5}, {""year"": 2020, ""percent"": 5.0}, {""year"": 2019, ""percent"": 6.0}, {""year"": 2018, ""percent"": 7.0}, {""year"": 2017, ""percent"": 7.0}, {""year"": 2016, ""percent"": 7.0}, {""year"": 2015, ""percent"": 7.0}]",[],,,13,
dse_ownership,2026-09-08 09:57:05.149825+00:00,393,a4e388692d1a4e3fa50e0610a30f29c3,7ec513343bbcf85d9c001353cb8d7b8c7cd6d80054d5114d6cc8688fcc1479d2,200,472,PRIMEBANK,"25% 2025, 17.50% 2024, 17.50% 2023, 17.50% 2022, 17.50% 2021, 15% 2020, 13.5% 2019, 12.5% 2018, 7% 2017, 16% 2016, 15% 2015","5% 2025, 2.50% 2024, 10% 2017, 10% 2012, 20% 2011, 35% 2010, 30% 2009, 25% 2008, 25% 2007, 30% 2006,25% 2005, 40% 2004,42.87%  2003, 16.67%  2002, 20%  2001",1R:4 2010,31-Dec,33019.9,0.0,https://www.primebank.com.bd/quarterly-half-yearly-reports,https://www.primebank.com.bd/price-sensatives,2000.0,A,Y,Active,0.0,102689.97,11116,"[{""year"": 2025, ""percent"": 25.0}, {""year"": 2024, ""percent"": 17.5}, {""year"": 2023, ""percent"": 17.5}, {""year"": 2022, ""percent"": 17.5}, {""year"": 2021, ""percent"": 17.5}, {""year"": 2020, ""percent"": 15.0}, {""year"": 2019, ""percent"": 13.5}, {""year"": 2018, ""percent"": 12.5}, {""year"": 2017, ""percent"": 7.0}, {""year"": 2016, ""percent"": 16.0}, {""year"": 2015, ""percent"": 15.0}]","[{""year"": 2025, ""percent"": 5.0}, {""year"": 2024, ""percent"": 2.5}, {""year"": 2017, ""percent"": 10.0}, {""year"": 2012, ""percent"": 10.0}, {""year"": 2011, ""percent"": 20.0}, {""year"": 2010, ""percent"": 35.0}, {""year"": 2009, ""percent"": 30.0}, {""year"": 2008, ""percent"": 25.0}, {""year"": 2007, ""percent"": 25.0}, {""year"": 2006, ""percent"": 30.0}, {""year"": 2005, ""percent"": 25.0}, {""year"": 2004, ""percent"": 40.0}, {""year"": 2003, ""percent"": 42.87}, {""year"": 2002, ""percent"": 16.67}, {""year"": 2001, ""percent"": 20.0}]",,,15,"25.00, 5%B for 2025"
dse_ownership,2026-09-08 09:57:07.890097+00:00,394,a4e388692d1a4e3fa50e0610a30f29c3,4467bbdf04731bf97f06a70da08ca1b6184038b035634f49befdc07f6c7c0825,200,2565,PRIMEFIN,"2% 2019, 12.50% 2014, 15% 2013, 10% 2012","20% 2012, 40% 2011, 80% 2010, 40% 2009, 40% 2008, 40% 2007, 10% 2006, 30% 2005",n/a,31-Dec,-2330.4,0.0,https://primefinancebd.com/index.php/investor-relations/financial-results/financial-highlights,https://primefinancebd.com/index.php/investor-relations/price-sensitive-information,2005.0,Z,Y,Active,0.0,1215.85,11131,"[{""year"": 2019, ""percent"": 2.0}, {""year"": 2014, ""percent"": 12.5}, {""year"": 2013, ""percent"": 15.0}, {""year"": 2012, ""percent"": 10.0}]","[{""year"": 2012, ""percent"": 20.0}, {""year"": 2011, ""percent"": 40.0}, {""year"": 2010, ""percent"": 80.0}, {""year"": 2009, ""percent"": 40.0}, {""year"": 2008, ""percent"": 40.0}, {""year"": 2007, ""percent"": 40.0}, {""year"": 2006, ""percent"": 10.0}, {""year"": 2005, ""percent"": 30.0}]",,,14,
dse_ownership,2026-09-08 09:57:08.554722+00:00,395,a4e388692d1a4e3fa50e0610a30f29c3,3889dc7fede6c9733233b76e42ff1881e38a64bcc9c66416553cb11ff8f7692a,200,473,PRIMEINSUR,"10% 2025, 10% 2024, 12% 2023, 10% 2022, 15% 2021, 10% 2020, 10% 2018, 15% 2017, 13% 2016, 12.50% 2015","5% 2014, 15% 2013, 15% 2012, 10% 2011, 30% 2010, 20% 2009, 10% 2008, 10% 2007",n/a,31-Dec,521.6,0.0,https://www.prime-insurance.net/financial-info/annual-reports,https://www.prime-insurance.net/financial-info/price-sensitive-information,2001.0,A,Y,Active,0.0,0.0,25719,"[{""year"": 2025, ""percent"": 10.0}, {""year"": 2024, ""percent"": 10.0}, {""year"": 2023, ""percent"": 12.0}, {""year"": 2022, ""percent"": 10.0}, {""year"": 2021, ""percent"": 15.0}, {""year"": 2020, ""percent"": 10.0}, {""year"": 2018, ""percent"": 10.0}, {""year"": 2017, ""percent"": 15.0}, {""year"": 2016, ""percent"": 13.0}, {""year"": 2015, ""percent"": 12.5}]","[{""year"": 2014, ""percent"": 5.0}, {""year"": 2013, ""percent"": 15.0}, {""year"": 2012, ""percent"": 15.0}, {""year"": 2011, ""percent"": 10.0}, {""year"": 2010, ""percent"": 30.0}, {""year"": 2009, ""percent"": 20.0}, {""year"": 2008, ""percent"": 10.0}, {""year"": 2007, ""percent"": 10.0}]",10.0,2025.0,15,10.00 for 2025
dse_ownership,2026-09-08 09:57:09.327118+00:00,396,a4e388692d1a4e3fa50e0610a30f29c3,a59455afca2de85eef860874f740c20342990a551eb464800192318d634a7d0d,200,502,PRIMELIFE,"1% 2023, 2% 2021, 10% 2019, 12% 2018, 15% 2017, 25% 2016, 20% 2015, 15% 2014","5% 2015, 10% 2014, 15% 2013, 15% 2012, 15% 2011, 10% 2010, 35% 2009, 30% 2008, 20% 2007",n/a,31-Dec,0.0,0.0,https://www.primeislamilife.com/financials.php,https://www.primeislamilife.com/price_sens_info.php,2007.0,B,Y,Active,0.0,0.0,25732,"[{""year"": 2023, ""percent"": 1.0}, {""year"": 2021, ""percent"": 2.0}, {""year"": 2019, ""percent"": 10.0}, {""year"": 2018, ""percent"": 12.0}, {""year"": 2017, ""percent"": 15.0}, {""year"": 2016, ""percent"": 25.0}, {""year"": 2015, ""percent"": 20.0}, {""year"": 2014, ""percent"": 15.0}]","[{""year"": 2015, ""percent"": 5.0}, {""year"": 2014, ""percent"": 10.0}, {""year"": 2013, ""percent"": 15.0}, {""year"": 2012, ""percent"": 15.0}, {""year"": 2011, ""percent"": 15.0}, {""year"": 2010, ""percent"": 10.0}, {""year"": 2009, ""percent"": 35.0}, {""year"": 2008, ""percent"": 30.0}, {""year"": 2007, ""percent"": 20.0}]",,,14,
dse_ownership,2026-09-08 09:57:09.963909+00:00,397,a4e388692d1a4e3fa50e0610a30f29c3,946dcecbaae7fb0b13659f80ef085ac81ccbb614832f7a0172bdc2d442184bf7,200,434,PRIMETEX,"2% 2022, 2% 2021, 1% 2020, 5% 2019, 10% 2018, 10% 2017, 10% 2016, 10% 2015",n/a,n/a,30-Jun,1712.4,0.0,http://www.primegroup-bd.com.bd/index.php?Plugin_id=23,,1995.0,Z,Y,Operation Shutdown,1189.86,777.27,17434,"[{""year"": 2022, ""percent"": 2.0}, {""year"": 2021, ""percent"": 2.0}, {""year"": 2020, ""percent"": 1.0}, {""year"": 2019, ""percent"": 5.0}, {""year"": 2018, ""percent"": 10.0}, {""year"": 2017, ""percent"": 10.0}, {""year"": 2016, ""percent"": 10.0}, {""year"": 2015, ""percent"": 10.0}]",[],,,13,
dse_ownership,2026-09-08 09:57:10.622491+00:00,398,a4e388692d1a4e3fa50e0610a30f29c3,c23d1f5331d1ca9700c64f64f32a6bb082ff078d691b9b2119871b039c0bb38a,200,485,PROGRESLIF,"2.50% 2020, 5% 2015","10% 2019, 12% 2018, 5% 2015, 18% 2012, 18% 2011, 12% 2010, 10% 2008",n/a,31-Dec,0.0,0.0,https://www.progressivelife.com.bd/finalcial_report,https://www.progressivelife.com.bd/page/price-sensitive-information,2006.0,Z,Y,Active,0.0,0.0,25728,"[{""year"": 2020, ""percent"": 2.5}, {""year"": 2015, ""percent"": 5.0}]","[{""year"": 2019, ""percent"": 10.0}, {""year"": 2018, ""percent"": 12.0}, {""year"": 2015, ""percent"": 5.0}, {""year"": 2012, ""percent"": 18.0}, {""year"": 2011, ""percent"": 18.0}, {""year"": 2010, ""percent"": 12.0}, {""year"": 2008, ""percent"": 10.0}]",,,14,
dse_ownership,2026-09-08 09:57:12.847706+00:00,399,a4e388692d1a4e3fa50e0610a30f29c3,7700e37ba3ae4b7dfb0a0980aad6a52da05944fe4b6c798a121c4d014f5cf8aa,200,1965,PROVATIINS,"12% 2025, 10% 2024, 12.50% 2023, 12% 2022, 10% 2021, 12% 2019, 10% 2018, 10% 2017, 6% 2016, 6% 2015","16% 2021, 17% 2020, 6% 2016, 6% 2015, 12% 2014, 12% 2013, 12% 2012, 12% 2011, 12% 2010",-,31-Dec,501.7,0.0,https://provatiinsurance.com/quarterly-accounts-report,https://provatiinsurance.com/price-sensitive-information,2009.0,A,Y,Active,0.0,0.0,25743,"[{""year"": 2025, ""percent"": 12.0}, {""year"": 2024, ""percent"": 10.0}, {""year"": 2023, ""percent"": 12.5}, {""year"": 2022, ""percent"": 12.0}, {""year"": 2021, ""percent"": 10.0}, {""year"": 2019, ""percent"": 12.0}, {""year"": 2018, ""percent"": 10.0}, {""year"": 2017, ""percent"": 10.0}, {""year"": 2016, ""percent"": 6.0}, {""year"": 2015, ""percent"": 6.0}]","[{""year"": 2021, ""percent"": 16.0}, {""year"": 2020, ""percent"": 17.0}, {""year"": 2016, ""percent"": 6.0}, {""year"": 2015, ""percent"": 6.0}, {""year"": 2014, ""percent"": 12.0}, {""year"": 2013, ""percent"": 12.0}, {""year"": 2012, ""percent"": 12.0}, {""year"": 2011, ""percent"": 12.0}, {""year"": 2010, ""percent"": 12.0}]",12.0,2025.0,15,12.00 for 2025
dse_ownership,2026-09-08 09:57:13.465305+00:00,400,a4e388692d1a4e3fa50e0610a30f29c3,c5de4c37b6683cb88bbacf0c62c21c1d9bc1c532ba1d3a518102e3c8f197d59f,200,445,PTL,"12% 2025, 5% 2024, 10% 2023, 10% 2022, 20% 2021, 15% 2020, 7% 2019, 7% 2018, 5% 2017, 10% 2016, 16% 2015","10% 2024 ,5% 2021,5% 2020, 9% 2019, 5% 2018, 10% 2017, 7% 2016, 15% 2014, 12% 2013",-,30-Jun,5529.5,-12.8,https://paramountgroupbd.com/public/frontend/assets/img/documents/PTL_Audited-_Annual_FS_2023-24.pdf,https://paramountgroupbd.com/public/frontend/assets/img/documents/PTL_price_sensitive.pdf,2013.0,A,Y,Active,7437.02,18093.77,17458,"[{""year"": 2025, ""percent"": 12.0}, {""year"": 2024, ""percent"": 5.0}, {""year"": 2023, ""percent"": 10.0}, {""year"": 2022, ""percent"": 10.0}, {""year"": 2021, ""percent"": 20.0}, {""year"": 2020, ""percent"": 15.0}, {""year"": 2019, ""percent"": 7.0}, {""year"": 2018, ""percent"": 7.0}, {""year"": 2017, ""percent"": 5.0}, {""year"": 2016, ""percent"": 10.0}, {""year"": 2015, ""percent"": 16.0}]","[{""year"": 2024, ""percent"": 10.0}, {""year"": 2021, ""percent"": 5.0}, {""year"": 2020, ""percent"": 5.0}, {""year"": 2019, ""percent"": 9.0}, {""year"": 2018, ""percent"": 5.0}, {""year"": 2017, ""percent"": 10.0}, {""year"": 2016, ""percent"": 7.0}, {""year"": 2014, ""percent"": 15.0}, {""year"": 2013, ""percent"": 12.0}]",12.0,2025.0,15,12.00 for 2025
dse_ownership,2026-09-08 09:57:15.932246+00:00,401,a4e388692d1a4e3fa50e0610a30f29c3,4fe4e600e281ba25643942d4cea17314b49f0d4c3059a64f0c61c7937b97e719,200,2268,PUBALIBANK,"10% 2025, 12.50% 2024, 12.50% 2023, 12.50% 2022, 12.50% 2021, 12.50% 2020, 10% 2019, 10% 2018, 5% 2017, 5% 2016, 12% 2015","20% 2025, 12.50% 2024, 12.50% 2023, 3% 2018, 5% 2017, 8% 2016, 5% 2013, 25% 2011, 35% 2010, 30% 2009, 30% 2008, 40% 2007, 75% 2006,200% 2005, 100% 2004,25%  2001",n/a,31-Dec,55078.2,0.0,http://www.pubalibangla.com/FinancialReportAnnualReport,http://www.pubalibangla.com/PriceSensitiveInformation,1984.0,A,Y,Active,0.0,65304.21,11106,"[{""year"": 2025, ""percent"": 10.0}, {""year"": 2024, ""percent"": 12.5}, {""year"": 2023, ""percent"": 12.5}, {""year"": 2022, ""percent"": 12.5}, {""year"": 2021, ""percent"": 12.5}, {""year"": 2020, ""percent"": 12.5}, {""year"": 2019, ""percent"": 10.0}, {""year"": 2018, ""percent"": 10.0}, {""year"": 2017, ""percent"": 5.0}, {""year"": 2016, ""percent"": 5.0}, {""year"": 2015, ""percent"": 12.0}]","[{""year"": 2025, ""percent"": 20.0}, {""year"": 2024, ""percent"": 12.5}, {""year"": 2023, ""percent"": 12.5}, {""year"": 2018, ""percent"": 3.0}, {""year"": 2017, ""percent"": 5.0}, {""year"": 2016, ""percent"": 8.0}, {""year"": 2013, ""percent"": 5.0}, {""year"": 2011, ""percent"": 25.0}, {""year"": 2010, ""percent"": 35.0}, {""year"": 2009, ""percent"": 30.0}, {""year"": 2008, ""percent"": 30.0}, {""year"": 2007, ""percent"": 40.0}, {""year"": 2006, ""percent"": 75.0}, {""year"": 2005, ""percent"": 200.0}, {""year"": 2004, ""percent"": 100.0}, {""year"": 2001, ""percent"": 25.0}]",,,15,"10.00, 20%B for 2025"
dse_ownership,2026-09-08 09:57:16.768338+00:00,402,a4e388692d1a4e3fa50e0610a30f29c3,eeb470c6bd92cc58170e046ee92d0c9a91f3e90588184856dbf1862f5651a351,200,473,PURABIGEN,"10% 2025, 10% 2024, 10% 2023, 7% 2022, 10% 2021, 5% 2020, 10% 2019, 12% 2018","3% 2022, 5% 2020, 12% 2017, 10% 2016, 12% 2015, 15% 2014, 15% 2013, 10% 2012, 10% 2011, 15% 2010, 10%B 2009, 10% 2008",2R:1 2013,31-Dec,72.7,0.0,,,1995.0,A,Y,Active,0.0,0.0,25715,"[{""year"": 2025, ""percent"": 10.0}, {""year"": 2024, ""percent"": 10.0}, {""year"": 2023, ""percent"": 10.0}, {""year"": 2022, ""percent"": 7.0}, {""year"": 2021, ""percent"": 10.0}, {""year"": 2020, ""percent"": 5.0}, {""year"": 2019, ""percent"": 10.0}, {""year"": 2018, ""percent"": 12.0}]","[{""year"": 2022, ""percent"": 3.0}, {""year"": 2020, ""percent"": 5.0}, {""year"": 2017, ""percent"": 12.0}, {""year"": 2016, ""percent"": 10.0}, {""year"": 2015, ""percent"": 12.0}, {""year"": 2014, ""percent"": 15.0}, {""year"": 2013, ""percent"": 15.0}, {""year"": 2012, ""percent"": 10.0}, {""year"": 2011, ""percent"": 10.0}, {""year"": 2010, ""percent"": 15.0}, {""year"": 2008, ""percent"": 10.0}]",10.0,2025.0,13,10.00 for 2025
dse_ownership,2026-09-08 09:57:18.110495+00:00,403,a4e388692d1a4e3fa50e0610a30f29c3,ee370624aad5ddb6b9564e9818a3bfa7466c8a172787cf705ad02c0f197cc43d,200,1118,QUASEMIND,"1.50% 2024, 1.50% 2023, 1.50% 2022, 5% 2020, 5% 2019, 5% 2016","10% 2025, 10% 2021, 5% 2020, 7% 2019, 12% 2018, 18% 2017, 10% 2016, 10% 2015, 10% 2014, 10% 2013, 10% 2012, 20% 2011, 20% 2010, 20% 1997","1R:1 (At Par) 1996,  5R:3 ( Premium Tk. 15) 1997",30-Jun,1115.7,0.0,https://quasemindustries.com/reports?type=financial-reports,https://quasemindustries.com/reports?type=price-sensitive-information2,1989.0,A,Y,Active,877.56,168.17,13214,"[{""year"": 2024, ""percent"": 1.5}, {""year"": 2023, ""percent"": 1.5}, {""year"": 2022, ""percent"": 1.5}, {""year"": 2020, ""percent"": 5.0}, {""year"": 2019, ""percent"": 5.0}, {""year"": 2016, ""percent"": 5.0}]","[{""year"": 2025, ""percent"": 10.0}, {""year"": 2021, ""percent"": 10.0}, {""year"": 2020, ""percent"": 5.0}, {""year"": 2019, ""percent"": 7.0}, {""year"": 2018, ""percent"": 12.0}, {""year"": 2017, ""percent"": 18.0}, {""year"": 2016, ""percent"": 10.0}, {""year"": 2015, ""percent"": 10.0}, {""year"": 2014, ""percent"": 10.0}, {""year"": 2013, ""percent"": 10.0}, {""year"": 2012, ""percent"": 10.0}, {""year"": 2011, ""percent"": 20.0}, {""year"": 2010, ""percent"": 20.0}, {""year"": 1997, ""percent"": 20.0}]",,,15,10% B for 2025
dse_ownership,2026-09-08 09:57:18.635516+00:00,404,a4e388692d1a4e3fa50e0610a30f29c3,ff73c3ff3bb9205af145ebeaf60ecb7db85f9b8e2f859f3208d916b9b6127b6e,200,356,QUEENSOUTH,"0.50% 2025, 2% 2024, 6% 2023, 6% 2022, 10% 2021, 8% 2020, 8% 2019, 7% 2018,","6% 2022, 10% 2021, 8% 2020, 10% 2019, 10% 2018,",-,30-Jun,887.6,0.0,http://www.qstmills.com/financial.html,http://www.qstmills.com/priceinformation.html,2018.0,B,Y,Active,1669.79,547.26,17476,"[{""year"": 2025, ""percent"": 0.5}, {""year"": 2024, ""percent"": 2.0}, {""year"": 2023, ""percent"": 6.0}, {""year"": 2022, ""percent"": 6.0}, {""year"": 2021, ""percent"": 10.0}, {""year"": 2020, ""percent"": 8.0}, {""year"": 2019, ""percent"": 8.0}, {""year"": 2018, ""percent"": 7.0}]","[{""year"": 2022, ""percent"": 6.0}, {""year"": 2021, ""percent"": 10.0}, {""year"": 2020, ""percent"": 8.0}, {""year"": 2019, ""percent"": 10.0}, {""year"": 2018, ""percent"": 10.0}]",0.5,2025.0,15,0.50 for 2025
dse_ownership,2026-09-08 09:57:19.353029+00:00,405,a4e388692d1a4e3fa50e0610a30f29c3,5d29a19a6be5613ad9e6b43cbebe3b72d069f7d5666da02c67bcbaa60ff403d9,200,457,RAHIMAFOOD,"2% 2025, 10% 2024, 10% 2023, 5% 2022, 1% 2021",-,-,30-Jun,-11.4,0.0,https://www.rahimafood.com/annual-report,https://www.rahimafood.com/price-sensitive-information,,Z,Y,Operation Shutdown,0.0,0.0,14281,"[{""year"": 2025, ""percent"": 2.0}, {""year"": 2024, ""percent"": 10.0}, {""year"": 2023, ""percent"": 10.0}, {""year"": 2022, ""percent"": 5.0}, {""year"": 2021, ""percent"": 1.0}]",[],2.0,2025.0,15,2.00 for 2025
dse_ownership,2026-09-08 09:57:22.221170+00:00,406,a4e388692d1a4e3fa50e0610a30f29c3,ba4e70757b6c2b096f3a31e4fc098d8f4c55effd6c26f91ee5d21a894ea4bd2f,200,2699,RAHIMTEXT,"10% 2025, 10% 2024, 10% 2022, 16% 2021, 11% 2020, 20% 2019, 20% 2018, 15% 2017","10% 2019, 10% 2018, 15% 2017, 40% 2016, 40% 2015, 26% 2014, 25% 2013, 10% 2012, 10% 2011",n/a,30-Jun,149.7,0.0,http://www.rahimtextile.com/3rd-Quarterly-Report,http://www.rahimtextile.com/Price-Sensitive-Information,1988.0,A,Y,Active,808.14,307.11,17410,"[{""year"": 2025, ""percent"": 10.0}, {""year"": 2024, ""percent"": 10.0}, {""year"": 2022, ""percent"": 10.0}, {""year"": 2021, ""percent"": 16.0}, {""year"": 2020, ""percent"": 11.0}, {""year"": 2019, ""percent"": 20.0}, {""year"": 2018, ""percent"": 20.0}, {""year"": 2017, ""percent"": 15.0}]","[{""year"": 2019, ""percent"": 10.0}, {""year"": 2018, ""percent"": 10.0}, {""year"": 2017, ""percent"": 15.0}, {""year"": 2016, ""percent"": 40.0}, {""year"": 2015, ""percent"": 40.0}, {""year"": 2014, ""percent"": 26.0}, {""year"": 2013, ""percent"": 25.0}, {""year"": 2012, ""percent"": 10.0}, {""year"": 2011, ""percent"": 10.0}]",10.0,2025.0,15,10.00 for 2025
dse_ownership,2026-09-08 09:57:22.769589+00:00,407,a4e388692d1a4e3fa50e0610a30f29c3,c0fdeece30a726963146d10f52d0cc84f11028acb00d39704f60e6cb8f37175c,200,393,RAKCERAMIC,"10% 2025, 10% 2024, 10% 2023, 10% 2022, 12.50% 2021, 10% 2020,15% 2019, 10% 2018, 10% 2017, 20% 2016, 25% 2015, 25% 2014, 15% 2013,15% 2012, 15% 2011, 15% 2010","10% 2018, 10% 2017, 5% 2016, 10% 2013, 10% 2012, 10% 2011, 10%B 2010",-,31-Dec,795.0,0.0,https://www.rakceramics.com/bangladesh/en-bd/investor-relation/financial-reports/,https://www.rakceramics.com/bangladesh/en-bd/investor-relation/price-sensitive-information-material-information/price-sensitive-information/,2010.0,A,Y,Active,1518.5,340.71,24634,"[{""year"": 2025, ""percent"": 10.0}, {""year"": 2024, ""percent"": 10.0}, {""year"": 2023, ""percent"": 10.0}, {""year"": 2022, ""percent"": 10.0}, {""year"": 2021, ""percent"": 12.5}, {""year"": 2020, ""percent"": 10.0}, {""year"": 2019, ""percent"": 15.0}, {""year"": 2018, ""percent"": 10.0}, {""year"": 2017, ""percent"": 10.0}, {""year"": 2016, ""percent"": 20.0}, {""year"": 2015, ""percent"": 25.0}, {""year"": 2014, ""percent"": 25.0}, {""year"": 2013, ""percent"": 15.0}, {""year"": 2012, ""percent"": 15.0}, {""year"": 2011, ""percent"": 15.0}, {""year"": 2010, ""percent"": 15.0}]","[{""year"": 2018, ""percent"": 10.0}, {""year"": 2017, ""percent"": 10.0}, {""year"": 2016, ""percent"": 5.0}, {""year"": 2013, ""percent"": 10.0}, {""year"": 2012, ""percent"": 10.0}, {""year"": 2011, ""percent"": 10.0}]",10.0,2025.0,15,10.00 for 2025
dse_ownership,2026-09-08 09:57:23.491900+00:00,408,a4e388692d1a4e3fa50e0610a30f29c3,463230830784bb7b1728fe590cc00325ccdb323d956659aac5588bd3af85c79e,200,479,RANFOUNDRY,"23% 2025, 23% 2024, 23% 2023, 23% 2022, 23% 2021, 23% 2020, 23% 2019, 23% 2018, 23% 2017, 35% 2016",n/a,n/a,30-Jun,251.0,0.0,https://www.rangpurfoundry.com/investor.php,https://www.rangpurfoundry.com/investor.php,1999.0,A,Y,Active,92.22,0.0,13224,"[{""year"": 2025, ""percent"": 23.0}, {""year"": 2024, ""percent"": 23.0}, {""year"": 2023, ""percent"": 23.0}, {""year"": 2022, ""percent"": 23.0}, {""year"": 2021, ""percent"": 23.0}, {""year"": 2020, ""percent"": 23.0}, {""year"": 2019, ""percent"": 23.0}, {""year"": 2018, ""percent"": 23.0}, {""year"": 2017, ""percent"": 23.0}, {""year"": 2016, ""percent"": 35.0}]",[],23.0,2025.0,15,23.00 for 2025
dse_ownership,2026-09-08 09:57:24.615817+00:00,409,a4e388692d1a4e3fa50e0610a30f29c3,54cf80b27dbaca838ad62fc884c26f242601ea4acc95a3cb48b126df98f7fed6,200,956,RDFOOD,"1% 2025, 2% 2024, 5% 2023, 5% 2022, 3% 2021, 2% 2020","3% 2021, 2% 2020, 5% 2019, 5% 2018, 10% 2017, 10% 2016, 10% 2013, 10% 2012, 12% 2011",-,30-Jun,395.0,0.1,,,2011.0,B,Y,Active,479.85,79.56,14293,"[{""year"": 2025, ""percent"": 1.0}, {""year"": 2024, ""percent"": 2.0}, {""year"": 2023, ""percent"": 5.0}, {""year"": 2022, ""percent"": 5.0}, {""year"": 2021, ""percent"": 3.0}, {""year"": 2020, ""percent"": 2.0}]","[{""year"": 2021, ""percent"": 3.0}, {""year"": 2020, ""percent"": 2.0}, {""year"": 2019, ""percent"": 5.0}, {""year"": 2018, ""percent"": 5.0}, {""year"": 2017, ""percent"": 10.0}, {""year"": 2016, ""percent"": 10.0}, {""year"": 2013, ""percent"": 10.0}, {""year"": 2012, ""percent"": 10.0}, {""year"": 2011, ""percent"": 12.0}]",1.0,2025.0,13,1.00 for 2025
dse_ownership,2026-09-08 09:57:25.170356+00:00,410,a4e388692d1a4e3fa50e0610a30f29c3,e6bf869ceb998e4d2a3e84a1df217a6faa379ef5143c0fabbd0c9271b2831b39,200,383,RECKITTBEN,"1730% 2025, 3330% 2024, 550% 2023, 980% 2022, 1650% 2021, 1400% 2020, 1250% 2019, 700% 2018, 790% 2017, 775% 2016, 650% 2015","1B:4  96, 1B:2  88, 1B:2  86",n/a,31-Dec,853.2,-14.1,https://www.reckitt.com/reckitt-bangladesh-about-us/,https://www.reckitt.com/reckitt-bangladesh-about-us/,1987.0,A,Y,Active,0.0,0.0,18460,"[{""year"": 2025, ""percent"": 1730.0}, {""year"": 2024, ""percent"": 3330.0}, {""year"": 2023, ""percent"": 550.0}, {""year"": 2022, ""percent"": 980.0}, {""year"": 2021, ""percent"": 1650.0}, {""year"": 2020, ""percent"": 1400.0}, {""year"": 2019, ""percent"": 1250.0}, {""year"": 2018, ""percent"": 700.0}, {""year"": 2017, ""percent"": 790.0}, {""year"": 2016, ""percent"": 775.0}, {""year"": 2015, ""percent"": 650.0}]",[],1730.0,2025.0,15,1730.00 for 2025
dse_ownership,2026-09-08 09:57:26.199416+00:00,411,a4e388692d1a4e3fa50e0610a30f29c3,6aecd7f573974e721830b1eaa313c6cdb094d130e36a5043dc2b3257220f5a01,200,769,REGENTTEX,"1% 2020,10% 2017, 10% 2016","1% 2020,5% 2019, 5% 2018, 5% 2016",-,30-Jun,1400.5,0.0,,,2015.0,Z,Y,Closed,531.54,1709.92,17470,"[{""year"": 2020, ""percent"": 1.0}, {""year"": 2017, ""percent"": 10.0}, {""year"": 2016, ""percent"": 10.0}]","[{""year"": 2020, ""percent"": 1.0}, {""year"": 2019, ""percent"": 5.0}, {""year"": 2018, ""percent"": 5.0}, {""year"": 2016, ""percent"": 5.0}]",,,12,
dse_ownership,2026-09-08 09:57:26.852977+00:00,412,a4e388692d1a4e3fa50e0610a30f29c3,57979a52269dff5aa8d64bc0d2baf16e035a195cdb8a97aec7c3af4184f60dfd,200,495,RELIANCE1,"4% 2024, 5% 2023, 10% 2022, 10.50% 2021, 10% 2019,11% 2018, 10% 2017, 10% 2016, 11.00% 2015",50% RIU  2013,-,30-Jun,28.5,0.0,https://www.aims-bangladesh.com/fund/reliance-one/?action=financial_reports,https://www.aims-bangladesh.com/fund/reliance-one/?action=announcements,2011.0,A,Y,Active,0.0,0.0,12187,"[{""year"": 2024, ""percent"": 4.0}, {""year"": 2023, ""percent"": 5.0}, {""year"": 2022, ""percent"": 10.0}, {""year"": 2021, ""percent"": 10.5}, {""year"": 2019, ""percent"": 10.0}, {""year"": 2018, ""percent"": 11.0}, {""year"": 2017, ""percent"": 10.0}, {""year"": 2016, ""percent"": 10.0}, {""year"": 2015, ""percent"": 11.0}]",[],,,14,
dse_ownership,2026-09-08 09:57:28.896256+00:00,413,a4e388692d1a4e3fa50e0610a30f29c3,a6227b3b8d10ed84f6eba3db05c35032468eb206dcecf9da0584763cfd725b46,200,1863,RELIANCINS,"30% 2025, 30% 2024, 25% 2023,  25% 2022, 25% 2021, 25% 2020, 25% 2019, 15% 2018, 15% 2017, 15% 2016, 15% 2015","10% 2018, 10% 2017, 10% 2016, 15% 2015, 15% 2014, 15% 2013, 10% 2012, 15% 2011, 35% 2010, 30% 2009, 30% 2008, 20% 2007, 25% 2005, 50%  2003,33.33% 2004",n/a,31-Dec,7251.1,0.0,https://reliance.com.bd/financial-reports/,https://reliance.com.bd/price-sensetive-info/,1995.0,A,Y,Active,0.0,0.0,25714,"[{""year"": 2025, ""percent"": 30.0}, {""year"": 2024, ""percent"": 30.0}, {""year"": 2023, ""percent"": 25.0}, {""year"": 2022, ""percent"": 25.0}, {""year"": 2021, ""percent"": 25.0}, {""year"": 2020, ""percent"": 25.0}, {""year"": 2019, ""percent"": 25.0}, {""year"": 2018, ""percent"": 15.0}, {""year"": 2017, ""percent"": 15.0}, {""year"": 2016, ""percent"": 15.0}, {""year"": 2015, ""percent"": 15.0}]","[{""year"": 2018, ""percent"": 10.0}, {""year"": 2017, ""percent"": 10.0}, {""year"": 2016, ""percent"": 10.0}, {""year"": 2015, ""percent"": 15.0}, {""year"": 2014, ""percent"": 15.0}, {""year"": 2013, ""percent"": 15.0}, {""year"": 2012, ""percent"": 10.0}, {""year"": 2011, ""percent"": 15.0}, {""year"": 2010, ""percent"": 35.0}, {""year"": 2009, ""percent"": 30.0}, {""year"": 2008, ""percent"": 30.0}, {""year"": 2007, ""percent"": 20.0}, {""year"": 2005, ""percent"": 25.0}, {""year"": 2003, ""percent"": 50.0}, {""year"": 2004, ""percent"": 33.33}]",30.0,2025.0,15,30.00 for 2025
dse_ownership,2026-09-08 09:57:29.491460+00:00,414,a4e388692d1a4e3fa50e0610a30f29c3,9a9f67f78fc7b16a5c3c7bd3f9f27127d1429d8ec38bdab75bedb2ab0a1d7ea3,200,351,RENATA,"55% 2025, 92% 2024, 62.50% 2023, 140% 2022, 145% 2021, 130% 2020, 100% 2019, 95% 2018, 130% 2017, 85% 2016","7% 2022, 10% 2021, 10% 2020, 10% 2019,15% 2018, 15% 2017, 15% 2016, 20% 2014, 25% 2013, 25% 2012, 25%B 2011, 25% 2010, 25% 2009, 25% 2008, 20% 2007, 20% 2006, 20% 2005, 20% 2004,20% 2003, 10% 1997",n/a,30-Jun,33914.5,-23.2,http://www.renata-ltd.com/quarterlyreport,http://www.renata-ltd.com/investorinformation,1979.0,A,Y,Active,9482.19,9402.17,18457,"[{""year"": 2025, ""percent"": 55.0}, {""year"": 2024, ""percent"": 92.0}, {""year"": 2023, ""percent"": 62.5}, {""year"": 2022, ""percent"": 140.0}, {""year"": 2021, ""percent"": 145.0}, {""year"": 2020, ""percent"": 130.0}, {""year"": 2019, ""percent"": 100.0}, {""year"": 2018, ""percent"": 95.0}, {""year"": 2017, ""percent"": 130.0}, {""year"": 2016, ""percent"": 85.0}]","[{""year"": 2022, ""percent"": 7.0}, {""year"": 2021, ""percent"": 10.0}, {""year"": 2020, ""percent"": 10.0}, {""year"": 2019, ""percent"": 10.0}, {""year"": 2018, ""percent"": 15.0}, {""year"": 2017, ""percent"": 15.0}, {""year"": 2016, ""percent"": 15.0}, {""year"": 2014, ""percent"": 20.0}, {""year"": 2013, ""percent"": 25.0}, {""year"": 2012, ""percent"": 25.0}, {""year"": 2010, ""percent"": 25.0}, {""year"": 2009, ""percent"": 25.0}, {""year"": 2008, ""percent"": 25.0}, {""year"": 2007, ""percent"": 20.0}, {""year"": 2006, ""percent"": 20.0}, {""year"": 2005, ""percent"": 20.0}, {""year"": 2004, ""percent"": 20.0}, {""year"": 2003, ""percent"": 20.0}, {""year"": 1997, ""percent"": 10.0}]",55.0,2025.0,15,55.00 for 2025
dse_ownership,2026-09-08 09:57:31.444720+00:00,415,a4e388692d1a4e3fa50e0610a30f29c3,ec85f09e2f7c43a8b2fdf35b15a40d61962a3f71324474ebeba2875e66e9d182,200,1787,RENWICKJA,"12% 2018, 12% 2017, 12% 2016, 12% 2015",-,-,30-Jun,-231.2,0.0,http://rjc.bsfic.gov.bd,http://rjc.bsfic.gov.bd,1989.0,Z,Y,Active,0.0,0.0,13215,"[{""year"": 2018, ""percent"": 12.0}, {""year"": 2017, ""percent"": 12.0}, {""year"": 2016, ""percent"": 12.0}, {""year"": 2015, ""percent"": 12.0}]",[],,,14,
dse_ownership,2026-09-08 09:57:32.090611+00:00,416,a4e388692d1a4e3fa50e0610a30f29c3,d224b837674ba6840235d087f4fc6f85338e9b3b0a4ac3dedb8cc81c4730a132,200,466,REPUBLIC,"10.25% 2025, 6% 2024, 11% 2023, 10.50% 2022, 10% 2021, 7% 2020, 7% 2019","5% 2024, 5% 2021, 7% 2020, 7% 2019, 10% 2018, 12.5% 2017, 12% 2016, 13% 2015, 10% 2014, 12.5% 2013, 12% 2012, 10% 2011, 10% 2010, 10% 2009",-,31-Dec,530.6,0.0,https://www.riplcbd.com/page/audited_financial_statement,https://riplcbd.com/page/price-sensitive-information-psi,2009.0,A,Y,Active,0.0,0.0,25739,"[{""year"": 2025, ""percent"": 10.25}, {""year"": 2024, ""percent"": 6.0}, {""year"": 2023, ""percent"": 11.0}, {""year"": 2022, ""percent"": 10.5}, {""year"": 2021, ""percent"": 10.0}, {""year"": 2020, ""percent"": 7.0}, {""year"": 2019, ""percent"": 7.0}]","[{""year"": 2024, ""percent"": 5.0}, {""year"": 2021, ""percent"": 5.0}, {""year"": 2020, ""percent"": 7.0}, {""year"": 2019, ""percent"": 7.0}, {""year"": 2018, ""percent"": 10.0}, {""year"": 2017, ""percent"": 12.5}, {""year"": 2016, ""percent"": 12.0}, {""year"": 2015, ""percent"": 13.0}, {""year"": 2014, ""percent"": 10.0}, {""year"": 2013, ""percent"": 12.5}, {""year"": 2012, ""percent"": 12.0}, {""year"": 2011, ""percent"": 10.0}, {""year"": 2010, ""percent"": 10.0}, {""year"": 2009, ""percent"": 10.0}]",10.25,2025.0,15,10.25 for 2025
dse_ownership,2026-09-08 09:57:32.711146+00:00,417,a4e388692d1a4e3fa50e0610a30f29c3,5fda29ed19ab30e8725264abb7aa5d4c81106a736257015835b22514cb05c738,200,372,RINGSHINE,-,15% 2019,-,30-Jun,-9021.7,0.0,https://www.ringshine.com/investors-information/,https://www.ringshine.com/investors-information/,2019.0,Z,Y,Active,2397.92,3286.53,17483,[],"[{""year"": 2019, ""percent"": 15.0}]",,,14,
dse_ownership,2026-09-08 09:57:33.299072+00:00,418,a4e388692d1a4e3fa50e0610a30f29c3,0d3d409d0ebd25fa550a755e2027445c6aea0618aa611db39ebc35b5cf3efb58,200,427,ROBI,"17.50% 2025, 15% 2024, 10% 2023, 7% 2022, 5% 2021",-,-,31-Dec,17645.0,-168.7,https://www.robi.com.bd/en/financial-results-page,https://www.robi.com.bd/en/price-sensitive-informations,2020.0,A,Y,Active,20.03,0.0,27003,"[{""year"": 2025, ""percent"": 17.5}, {""year"": 2024, ""percent"": 15.0}, {""year"": 2023, ""percent"": 10.0}, {""year"": 2022, ""percent"": 7.0}, {""year"": 2021, ""percent"": 5.0}]",[],17.5,2025.0,15,17.50 for 2025
dse_ownership,2026-09-08 09:57:33.877313+00:00,419,a4e388692d1a4e3fa50e0610a30f29c3,47a4e281082a9286d044634093c9e2f36ce74813fabc90ddfa0dc29ef6db9a6b,200,422,RSRMSTEEL,"10% 2020, 12% 2019, 12% 2018, 5% 2017, 10% 2016, 5% 2015, 5% 2014","17% 2017, 10% 2016, 20% 2015, 20% 2014",-,30-Jun,2785.1,0.0,,,2014.0,Z,Y,Operation Shutdown,949.96,986.72,13235,"[{""year"": 2020, ""percent"": 10.0}, {""year"": 2019, ""percent"": 12.0}, {""year"": 2018, ""percent"": 12.0}, {""year"": 2017, ""percent"": 5.0}, {""year"": 2016, ""percent"": 10.0}, {""year"": 2015, ""percent"": 5.0}, {""year"": 2014, ""percent"": 5.0}]","[{""year"": 2017, ""percent"": 17.0}, {""year"": 2016, ""percent"": 10.0}, {""year"": 2015, ""percent"": 20.0}, {""year"": 2014, ""percent"": 20.0}]",,,12,
dse_ownership,2026-09-08 09:57:34.845256+00:00,420,a4e388692d1a4e3fa50e0610a30f29c3,e70994d2f38d5a75f8beaf94024f2d02542dffde8156cff4f648d3a22910ec3d,200,728,RUNNERAUTO,"10% 2025, 11% 2024, 10% 2022, 10% 2021, 10% 2020, 10% 2019",5% 2019,-,30-Jun,4406.8,0.0,https://runnerautomobiles.com/pages/financial-statements,https://runnerautomobiles.com/pages/price-sensitive-information,2019.0,A,Y,Active,5677.49,3965.68,13246,"[{""year"": 2025, ""percent"": 10.0}, {""year"": 2024, ""percent"": 11.0}, {""year"": 2022, ""percent"": 10.0}, {""year"": 2021, ""percent"": 10.0}, {""year"": 2020, ""percent"": 10.0}, {""year"": 2019, ""percent"": 10.0}]","[{""year"": 2019, ""percent"": 5.0}]",10.0,2025.0,15,10.00 for 2025
dse_ownership,2026-09-08 09:57:38.013844+00:00,421,a4e388692d1a4e3fa50e0610a30f29c3,2e1e9f332568dadb854a0541c773860a5670772cd6817530ba7effcf9831734b,200,3009,RUPALIBANK,-,"5% 2023, 2% 2021, 10% 2020, 10% 2018, 24% 2017, 10% 2016, 15% 2015, 15% 2014, 15% 2013, 10% 2012, 20% 2011, 10% 2010",2.55 :1 ( At Par) 1994,31-Dec,5406.7,0.0,https://rupalibank.com.bd/notice_jquery.php?type=6,https://rupalibank.com.bd/notice_jquery.php?type=6,1986.0,Z,Y,Active,0.0,5949.97,11107,[],"[{""year"": 2023, ""percent"": 5.0}, {""year"": 2021, ""percent"": 2.0}, {""year"": 2020, ""percent"": 10.0}, {""year"": 2018, ""percent"": 10.0}, {""year"": 2017, ""percent"": 24.0}, {""year"": 2016, ""percent"": 10.0}, {""year"": 2015, ""percent"": 15.0}, {""year"": 2014, ""percent"": 15.0}, {""year"": 2013, ""percent"": 15.0}, {""year"": 2012, ""percent"": 10.0}, {""year"": 2011, ""percent"": 20.0}, {""year"": 2010, ""percent"": 10.0}]",,,14,
dse_ownership,2026-09-08 09:57:39.975089+00:00,422,a4e388692d1a4e3fa50e0610a30f29c3,f07332787a6d9457cf40f546d10927f9e9529ce800c08568cbb6a853c38ae83f,200,1708,RUPALIINS,"5% 2025, 10% 2024, 10% 2023, 10% 2022, 10% 2021, 10% 2020, 10% 2019, 5%2017, 10% 2016, 10% 2015","5% 2025, 10% 2018, 5%2017, 5% 2016, 5% 2015, 5% 2014, 10% 2013, 20% 2012, 20% 2011, 20% 2010, 20% 2009, 20% 2008, 20% 2007, 20% 2006,15% 2005, 15% 2004",1R:1 2012,31-Dec,790.9,0.0,https://rupaliinsurance.com/all-reports,https://rupaliinsurance.com/all-reports,1995.0,A,Y,Active,88.61,0.0,25711,"[{""year"": 2025, ""percent"": 5.0}, {""year"": 2024, ""percent"": 10.0}, {""year"": 2023, ""percent"": 10.0}, {""year"": 2022, ""percent"": 10.0}, {""year"": 2021, ""percent"": 10.0}, {""year"": 2020, ""percent"": 10.0}, {""year"": 2019, ""percent"": 10.0}, {""year"": 2017, ""percent"": 5.0}, {""year"": 2016, ""percent"": 10.0}, {""year"": 2015, ""percent"": 10.0}]","[{""year"": 2025, ""percent"": 5.0}, {""year"": 2018, ""percent"": 10.0}, {""year"": 2017, ""percent"": 5.0}, {""year"": 2016, ""percent"": 5.0}, {""year"": 2015, ""percent"": 5.0}, {""year"": 2014, ""percent"": 5.0}, {""year"": 2013, ""percent"": 10.0}, {""year"": 2012, ""percent"": 20.0}, {""year"": 2011, ""percent"": 20.0}, {""year"": 2010, ""percent"": 20.0}, {""year"": 2009, ""percent"": 20.0}, {""year"": 2008, ""percent"": 20.0}, {""year"": 2007, ""percent"": 20.0}, {""year"": 2006, ""percent"": 20.0}, {""year"": 2005, ""percent"": 15.0}, {""year"": 2004, ""percent"": 15.0}]",,,15,"5.00, 5% B for 2025"
dse_ownership,2026-09-08 09:57:40.848355+00:00,423,a4e388692d1a4e3fa50e0610a30f29c3,4f3e16f52391dae76ba0cdd09e980fbe547abad8bceb4b36c0fc88e9bb10baae,200,709,RUPALILIFE,"10% 2024, 12% 2023, 11% 2022, 18% 2021, 13% 2020, 12% 2019, 12% 2018, 8% 2017, 10% 2016, 10% 2015","2% 2020, 2% 2019, 4% 2017, 10% 2014, 5% 2013, 12% 2012, 14% 2011, 14% 2010, 10% 2009",1R:1 2014,31-Dec,0.0,0.0,https://rupalilife.com/HomeController/ItemPopulate/73,https://rupalilife.com/Media/Uploads/2025/PRICE%20SENSITIVE%20INF%2031-08-2025.pdf,2009.0,A,Y,Active,0.0,0.0,25741,"[{""year"": 2024, ""percent"": 10.0}, {""year"": 2023, ""percent"": 12.0}, {""year"": 2022, ""percent"": 11.0}, {""year"": 2021, ""percent"": 18.0}, {""year"": 2020, ""percent"": 13.0}, {""year"": 2019, ""percent"": 12.0}, {""year"": 2018, ""percent"": 12.0}, {""year"": 2017, ""percent"": 8.0}, {""year"": 2016, ""percent"": 10.0}, {""year"": 2015, ""percent"": 10.0}]","[{""year"": 2020, ""percent"": 2.0}, {""year"": 2019, ""percent"": 2.0}, {""year"": 2017, ""percent"": 4.0}, {""year"": 2014, ""percent"": 10.0}, {""year"": 2013, ""percent"": 5.0}, {""year"": 2012, ""percent"": 12.0}, {""year"": 2011, ""percent"": 14.0}, {""year"": 2010, ""percent"": 14.0}, {""year"": 2009, ""percent"": 10.0}]",10.0,2024.0,15,10.00 for 2024
dse_ownership,2026-09-08 09:57:43.455596+00:00,426,a4e388692d1a4e3fa50e0610a30f29c3,7ae5a4dda184eeae24a40189f27bbdca91982457c4d1f86637d3b1fb1ceb8a79,200,1922,SAFKOSPINN,"2% 2022, 5% 2021","3% 2018, 4% 2017, 3% 2016, 10% 2014, 10% 2013, 10% 2012, 10% 2011, 16% 2010",n/a,30-Jun,-434.8,0.0,https://safkospinning.com/annual-reports/,https://safkospinning.com/price-sensitive-information/,2000.0,Z,Y,Active,291.91,1130.5,17445,"[{""year"": 2022, ""percent"": 2.0}, {""year"": 2021, ""percent"": 5.0}]","[{""year"": 2018, ""percent"": 3.0}, {""year"": 2017, ""percent"": 4.0}, {""year"": 2016, ""percent"": 3.0}, {""year"": 2014, ""percent"": 10.0}, {""year"": 2013, ""percent"": 10.0}, {""year"": 2012, ""percent"": 10.0}, {""year"": 2011, ""percent"": 10.0}, {""year"": 2010, ""percent"": 16.0}]",,,14,
dse_ownership,2026-09-08 09:57:44.200534+00:00,427,a4e388692d1a4e3fa50e0610a30f29c3,aa1fdf699b90be84747fcd291aca7147d9f50e859f8234302cba64917ebb69b9,200,455,SAIFPOWER,"1% 2024, 10% 2022, 10% 2021, 5% 2020, 4% 2019, 5% 2018, 5% 2017, 5% 2016","6% 2021, 5% 2020, 6% 2019, 8% 2018, 28% 2017, 27% 2016, 29% 2015, 27% 2014",-,30-Jun,1681.4,0.0,,,2014.0,Z,Y,Active,5477.13,14817.52,20625,"[{""year"": 2024, ""percent"": 1.0}, {""year"": 2022, ""percent"": 10.0}, {""year"": 2021, ""percent"": 10.0}, {""year"": 2020, ""percent"": 5.0}, {""year"": 2019, ""percent"": 4.0}, {""year"": 2018, ""percent"": 5.0}, {""year"": 2017, ""percent"": 5.0}, {""year"": 2016, ""percent"": 5.0}]","[{""year"": 2021, ""percent"": 6.0}, {""year"": 2020, ""percent"": 5.0}, {""year"": 2019, ""percent"": 6.0}, {""year"": 2018, ""percent"": 8.0}, {""year"": 2017, ""percent"": 28.0}, {""year"": 2016, ""percent"": 27.0}, {""year"": 2015, ""percent"": 29.0}, {""year"": 2014, ""percent"": 27.0}]",1.0,2024.0,13,1.00 for 2024
dse_ownership,2026-09-08 09:57:44.741379+00:00,428,a4e388692d1a4e3fa50e0610a30f29c3,dea0b2f2510f71ab01439e6f5e9bf082e76912b7ac5ccacb037b14ca569218a3,200,374,SAIHAMCOT,"7% 2025, 5% 2024, 11% 2022, 10% 2021, 10% 2019, 10% 2018, 12% 2017, 10% 2016, 5% 2015",10% 2015,-,30-Jun,3452.7,0.0,https://www.saihamcotton.com/financial_report.html,https://www.saihamcotton.com/price_sensitive_info.html,2012.0,B,Y,Active,3625.02,39.32,17453,"[{""year"": 2025, ""percent"": 7.0}, {""year"": 2024, ""percent"": 5.0}, {""year"": 2022, ""percent"": 11.0}, {""year"": 2021, ""percent"": 10.0}, {""year"": 2019, ""percent"": 10.0}, {""year"": 2018, ""percent"": 10.0}, {""year"": 2017, ""percent"": 12.0}, {""year"": 2016, ""percent"": 10.0}, {""year"": 2015, ""percent"": 5.0}]","[{""year"": 2015, ""percent"": 10.0}]",7.0,2025.0,15,7.00 for 2025
dse_ownership,2026-09-08 09:57:45.429359+00:00,429,a4e388692d1a4e3fa50e0610a30f29c3,676288123263ce295701767c590e6e2b4d8b349dbe84f88bba4292355d90fa51,200,457,SAIHAMTEX,"6% 2025, 5% 2024, 12% 2022, 10% 2021, 10% 2019, 15% 2018, 12% 2017, 5% 2016","5% 2016, 15% 2015, 100% 2010",2R:1 2012,30-Jun,2330.6,0.0,http://10.31.0.250/stml/financial_report.html,http://10.31.0.250/stml/price_sensitive_info.html,1988.0,B,Y,Active,1668.14,0.0,17412,"[{""year"": 2025, ""percent"": 6.0}, {""year"": 2024, ""percent"": 5.0}, {""year"": 2022, ""percent"": 12.0}, {""year"": 2021, ""percent"": 10.0}, {""year"": 2019, ""percent"": 10.0}, {""year"": 2018, ""percent"": 15.0}, {""year"": 2017, ""percent"": 12.0}, {""year"": 2016, ""percent"": 5.0}]","[{""year"": 2016, ""percent"": 5.0}, {""year"": 2015, ""percent"": 15.0}, {""year"": 2010, ""percent"": 100.0}]",6.0,2025.0,15,6.00 for 2025
dse_ownership,2026-09-08 09:57:46.062500+00:00,430,a4e388692d1a4e3fa50e0610a30f29c3,65e3f9a3aefa01e918ae38fbe7fdb6f0a89cfa6f1b128720333618105407797a,200,469,SALAMCRST,"5% 2023, 5% 2022, 10% 2021, 10% 2020,10% 2019, 10% 2018, 10% 2017, 10% 2016, 15% 2015",10% 2010,1R:2 2010,30-Jun,407.0,0.0,http://www.s.alamgroupbd.com,,2006.0,Z,Y,Operation Shutdown,14121.2,0.0,13225,"[{""year"": 2023, ""percent"": 5.0}, {""year"": 2022, ""percent"": 5.0}, {""year"": 2021, ""percent"": 10.0}, {""year"": 2020, ""percent"": 10.0}, {""year"": 2019, ""percent"": 10.0}, {""year"": 2018, ""percent"": 10.0}, {""year"": 2017, ""percent"": 10.0}, {""year"": 2016, ""percent"": 10.0}, {""year"": 2015, ""percent"": 15.0}]","[{""year"": 2010, ""percent"": 10.0}]",5.0,2023.0,14,5.00 for 2023
dse_ownership,2026-09-08 09:57:47.639948+00:00,431,a4e388692d1a4e3fa50e0610a30f29c3,e7f105567e47560f93423b2a952a14939a1f876dcb8b7bc5ef5c1d26094f9044,200,1408,SALVO,"2.50% 2025,  2.50% 2024, 5% 2023, 10% 2022, 2% 2021, 1% 2020","5% 2018, 5% 2017, 5% 2016, 10% 2014, 10% 2013, 5% 2012, 5% 2011, 5% 2010",-,30-Jun,430.3,-3.0,https://salvochemical.com/financial/,https://salvochemical.com/price-sensitive-information/,2011.0,B,Y,Active,455.29,382.55,18484,"[{""year"": 2025, ""percent"": 2.5}, {""year"": 2024, ""percent"": 2.5}, {""year"": 2023, ""percent"": 5.0}, {""year"": 2022, ""percent"": 10.0}, {""year"": 2021, ""percent"": 2.0}, {""year"": 2020, ""percent"": 1.0}]","[{""year"": 2018, ""percent"": 5.0}, {""year"": 2017, ""percent"": 5.0}, {""year"": 2016, ""percent"": 5.0}, {""year"": 2014, ""percent"": 10.0}, {""year"": 2013, ""percent"": 10.0}, {""year"": 2012, ""percent"": 5.0}, {""year"": 2011, ""percent"": 5.0}, {""year"": 2010, ""percent"": 5.0}]",2.5,2025.0,15,2.50 for 2025
dse_ownership,2026-09-08 09:57:48.304314+00:00,432,a4e388692d1a4e3fa50e0610a30f29c3,43d362461ae2ab54c541143f05b70e138946ea57a676dd37decd59924d745a4f,200,415,SAMATALETH,"0.40% 2024, 0.40% 2023, 0.50% 2021, 2% 2019",-,-,30-Jun,44.9,0.0,,,1998.0,B,Y,Active,0.0,0.0,23634,"[{""year"": 2024, ""percent"": 0.4}, {""year"": 2023, ""percent"": 0.4}, {""year"": 2021, ""percent"": 0.5}, {""year"": 2019, ""percent"": 2.0}]",[],,,12,
dse_ownership,2026-09-08 09:57:51.502269+00:00,433,a4e388692d1a4e3fa50e0610a30f29c3,c9bbf579cc61e8857766fae1417ecd30162418bae7f3afc507cee9f2210f2daa,200,3021,SAMORITA,"5% 2025, 5% 2024, 5% 2022, 10% 2021, 10% 2019, 12% 2018, 10% 2017, 10% 2016, 20% 2015","10% 2023, 5% 2022, 5% 2019, 10% 2017, 10% 2016, 10% 2014, 30% 2013, 18% 2012, 16% 2011, 15% 2009, 10% 2004",n/a,30-Jun,837.0,0.0,http://samoritahospital.net/financial_statement.html,https://samoritahospital.org/price-sensitive-information.php,1997.0,B,Y,Active,1.95,0.0,20553,"[{""year"": 2025, ""percent"": 5.0}, {""year"": 2024, ""percent"": 5.0}, {""year"": 2022, ""percent"": 5.0}, {""year"": 2021, ""percent"": 10.0}, {""year"": 2019, ""percent"": 10.0}, {""year"": 2018, ""percent"": 12.0}, {""year"": 2017, ""percent"": 10.0}, {""year"": 2016, ""percent"": 10.0}, {""year"": 2015, ""percent"": 20.0}]","[{""year"": 2023, ""percent"": 10.0}, {""year"": 2022, ""percent"": 5.0}, {""year"": 2019, ""percent"": 5.0}, {""year"": 2017, ""percent"": 10.0}, {""year"": 2016, ""percent"": 10.0}, {""year"": 2014, ""percent"": 10.0}, {""year"": 2013, ""percent"": 30.0}, {""year"": 2012, ""percent"": 18.0}, {""year"": 2011, ""percent"": 16.0}, {""year"": 2009, ""percent"": 15.0}, {""year"": 2004, ""percent"": 10.0}]",5.0,2025.0,15,5.00 for 2025
dse_ownership,2026-09-08 09:57:54.492952+00:00,434,a4e388692d1a4e3fa50e0610a30f29c3,bd4c0b55b84d9ee776c829315c8ee8d199ba0aaebb07db2c32ed79073ee3d5a5,200,2824,SANDHANINS,"12% 2024, 12% 2023, 12% 2022, 12% 2021 12% 2020, 12% 2019, 15% 2018","20% 2017, 20% 2016, 25% 2015, 22% 2014, 25.50% 2013, 30% 2012, 48% 2011, 48% 2010, 45% 2009, 35% 2008, 25% 2007, 20% 2006, 20% 2005, 16% 2004, 14% 2003",n/a,31-Dec,0.0,0.0,"https://sandhanilife.com/financial-indicator/annual-report-2021?pageId=57&pageName=Annual-Report-2021, https://sandhanilife.com/financial-indicator/hly-(un-audited)-2024?pageId=61&pageName=Hly-(Un-Aud",https://sandhanilife.com/psi?pageId=112&pageName=PSI,1996.0,A,Y,Active,0.0,0.0,25718,"[{""year"": 2024, ""percent"": 12.0}, {""year"": 2023, ""percent"": 12.0}, {""year"": 2022, ""percent"": 12.0}, {""year"": 2021, ""percent"": 12.0}, {""year"": 2020, ""percent"": 12.0}, {""year"": 2019, ""percent"": 12.0}, {""year"": 2018, ""percent"": 15.0}]","[{""year"": 2017, ""percent"": 20.0}, {""year"": 2016, ""percent"": 20.0}, {""year"": 2015, ""percent"": 25.0}, {""year"": 2014, ""percent"": 22.0}, {""year"": 2013, ""percent"": 25.5}, {""year"": 2012, ""percent"": 30.0}, {""year"": 2011, ""percent"": 48.0}, {""year"": 2010, ""percent"": 48.0}, {""year"": 2009, ""percent"": 45.0}, {""year"": 2008, ""percent"": 35.0}, {""year"": 2007, ""percent"": 25.0}, {""year"": 2006, ""percent"": 20.0}, {""year"": 2005, ""percent"": 20.0}, {""year"": 2004, ""percent"": 16.0}, {""year"": 2003, ""percent"": 14.0}]",12.0,2024.0,15,12.00 for 2024
dse_ownership,2026-09-08 09:57:57.970208+00:00,435,a4e388692d1a4e3fa50e0610a30f29c3,887c5b874944507469735452fcf5714b4453f1ab6a68f3bd46bcdbcedb655a52,200,3223,SAPORTL,"18% 2025, 15% 2024, 12% 2023, 15% 2022, 10% 2021, 8% 2020, 6% 2019, 12.5% 2018, 15% 2017","2% 2020, 4% 2019, 10% 2015, 5% 2014, 10% 2012, 10% 2011, 25% 2010, 10% 2009, 20% 2008",1R:5 2016,30-Jun,5871.2,119.7,https://www.saplbd.com/financial-statements/,https://www.saplbd.com/price-sensitive-information-and-notice/,2008.0,A,Y,Active,1878.97,1338.43,20622,"[{""year"": 2025, ""percent"": 18.0}, {""year"": 2024, ""percent"": 15.0}, {""year"": 2023, ""percent"": 12.0}, {""year"": 2022, ""percent"": 15.0}, {""year"": 2021, ""percent"": 10.0}, {""year"": 2020, ""percent"": 8.0}, {""year"": 2019, ""percent"": 6.0}, {""year"": 2018, ""percent"": 12.5}, {""year"": 2017, ""percent"": 15.0}]","[{""year"": 2020, ""percent"": 2.0}, {""year"": 2019, ""percent"": 4.0}, {""year"": 2015, ""percent"": 10.0}, {""year"": 2014, ""percent"": 5.0}, {""year"": 2012, ""percent"": 10.0}, {""year"": 2011, ""percent"": 10.0}, {""year"": 2010, ""percent"": 25.0}, {""year"": 2009, ""percent"": 10.0}, {""year"": 2008, ""percent"": 20.0}]",18.0,2025.0,15,18.00 for 2025
dse_ownership,2026-09-08 09:57:58.687535+00:00,436,a4e388692d1a4e3fa50e0610a30f29c3,9746d88ce24747500599737a70bf7709e00956fc2ea2ecfb2894a02c1774e37b,200,539,SAVAREFR,-,n/a,n/a,30-Jun,112.3,0.0,https://savar-ref.com/news-events,,1988.0,Z,Y,Active,68.5,0.0,99611,[],[],,,13,
dse_ownership,2026-09-08 09:57:59.385334+00:00,437,a4e388692d1a4e3fa50e0610a30f29c3,b132c1e235505d736882074acbb40b876c59d08d9889947ffbf562570f05b318,200,539,SBACBANK,"2% 2023, 3.50% 2022, 3% 2021, 4% 2020","1% 2021, 4% 2020",-,31-Dec,2972.8,0.0,,,2021.0,Z,Y,Active,0.0,1525.06,11151,"[{""year"": 2023, ""percent"": 2.0}, {""year"": 2022, ""percent"": 3.5}, {""year"": 2021, ""percent"": 3.0}, {""year"": 2020, ""percent"": 4.0}]","[{""year"": 2021, ""percent"": 1.0}, {""year"": 2020, ""percent"": 4.0}]",,,12,
dse_ownership,2026-09-08 09:58:00.175857+00:00,438,a4e388692d1a4e3fa50e0610a30f29c3,0d82df36cee6cd40e2b52e671a9ae0f28d06c5ef5b8822edba9482afd9bbd146,200,535,SEAPEARL,"7% 2024, 17% 2023, 15% 2022, 1% 2021, 1% 2020",5% 2019,-,30-Jun,994.6,30.5,http://www.seapearl.com.bd,http://www.seapearl.com.bd,2019.0,B,Y,Active,115.95,6.98,29004,"[{""year"": 2024, ""percent"": 7.0}, {""year"": 2023, ""percent"": 17.0}, {""year"": 2022, ""percent"": 15.0}, {""year"": 2021, ""percent"": 1.0}, {""year"": 2020, ""percent"": 1.0}]","[{""year"": 2019, ""percent"": 5.0}]",7.0,2024.0,15,7.00 for 2024
dse_ownership,2026-09-08 09:58:00.768724+00:00,439,a4e388692d1a4e3fa50e0610a30f29c3,db828046fcba3b136c6144dfce125e5a6ae363e35c6e28e72cad44e966c140fe,200,411,SEB1PBOND,-,-,-,31-Dec,0.0,0.0,,,2024.0,A,Y,,0.0,0.0,26018,[],[],,,11,
dse_ownership,2026-09-08 09:58:02.059652+00:00,442,a4e388692d1a4e3fa50e0610a30f29c3,25bebea2a0bca98933b734e46c2c4bd535f80ef3485cd6bcf423e2b03ef85dd3,200,422,SEMLFBSLGF,"1% 2023, 15% 2022, 15% 2021, 2.5% 2020, 5% 2019",-,-,30-Jun,-65.5,0.0,https://seml-bd.com/admin/files/Auditor%20Report%20of%20SEMLFBLSLGF%20for%202024-25%20(30%20June%202025).pdf,https://seml-bd.com/download/SEMLFBLSLGFPSIfor24-25.pdf,2019.0,A,Y,,0.0,0.0,12203,"[{""year"": 2023, ""percent"": 1.0}, {""year"": 2022, ""percent"": 15.0}, {""year"": 2021, ""percent"": 15.0}, {""year"": 2020, ""percent"": 2.5}, {""year"": 2019, ""percent"": 5.0}]",[],,,13,
dse_ownership,2026-09-08 09:58:03.876129+00:00,443,a4e388692d1a4e3fa50e0610a30f29c3,6bae1cbf5387d6550e9f27772b8963329cb3f33c21349dc73eef5ccf681e95ae,200,1643,SEMLIBBLSF,"4.50% 2023, 6% 2022, 10% 2021, 5% 2019, 4% 2018, 2.50% 2017",-,-,30-Jun,-49.1,0.0,https://seml-bd.com/admin/files/Auditor%20Report%20of%20SEMLIBBLSF%20for%20FY%202024-25%20(30%20June%202025).pdf,https://seml-bd.com/download/SEMLIBBLSFPSIfor24-25.pdf,2017.0,-,Y,,0.0,0.0,12200,"[{""year"": 2023, ""percent"": 4.5}, {""year"": 2022, ""percent"": 6.0}, {""year"": 2021, ""percent"": 10.0}, {""year"": 2019, ""percent"": 5.0}, {""year"": 2018, ""percent"": 4.0}, {""year"": 2017, ""percent"": 2.5}]",[],,,13,
dse_ownership,2026-09-08 09:58:05.484647+00:00,448,a4e388692d1a4e3fa50e0610a30f29c3,360175b58dfadd12ccdd57b4311cce19f87d54ede151a7b7f5ff837e3385d842,200,353,SHAHJABANK,"13% 2025, 10% 2024, 14% 2023, 12% 2022, 10% 2021, 7% 2020, 5% 2019, 10% 2016, 13% 2015","3% 2022, 5% 2021, 5% 2020, 5% 2019, 10% 2018, 10% 2017, 5% 2016, 10% 2013, 20% 2012, 25% 2011, 30% 2010, 25% 2009, 22% 2008, 20% 2007",n/a,31-Dec,14542.8,0.0,https://sjibplc.com/financial_statement.php,https://sjibplc.com/psi.php,2007.0,A,Y,Active,0.0,26616.69,11139,"[{""year"": 2025, ""percent"": 13.0}, {""year"": 2024, ""percent"": 10.0}, {""year"": 2023, ""percent"": 14.0}, {""year"": 2022, ""percent"": 12.0}, {""year"": 2021, ""percent"": 10.0}, {""year"": 2020, ""percent"": 7.0}, {""year"": 2019, ""percent"": 5.0}, {""year"": 2016, ""percent"": 10.0}, {""year"": 2015, ""percent"": 13.0}]","[{""year"": 2022, ""percent"": 3.0}, {""year"": 2021, ""percent"": 5.0}, {""year"": 2020, ""percent"": 5.0}, {""year"": 2019, ""percent"": 5.0}, {""year"": 2018, ""percent"": 10.0}, {""year"": 2017, ""percent"": 10.0}, {""year"": 2016, ""percent"": 5.0}, {""year"": 2013, ""percent"": 10.0}, {""year"": 2012, ""percent"": 20.0}, {""year"": 2011, ""percent"": 25.0}, {""year"": 2010, ""percent"": 30.0}, {""year"": 2009, ""percent"": 25.0}, {""year"": 2008, ""percent"": 22.0}, {""year"": 2007, ""percent"": 20.0}]",13.0,2025.0,15,13.00 for 2025
dse_ownership,2026-09-08 09:58:06.223864+00:00,449,a4e388692d1a4e3fa50e0610a30f29c3,7089568a29ae0ff1deda7e73d4ea23d5370b2e92e8c13d44b5815888a27c6866,200,568,SHARPIND,1% 2024,"10% 2018, 20% 2017, 20% 2016, 35% 2011, 30% 2010, 10% 2009",1R:1 2012,30-Jun,24.5,0.0,,,2010.0,B,Y,Active,3038.18,457.15,17450,"[{""year"": 2024, ""percent"": 1.0}]","[{""year"": 2018, ""percent"": 10.0}, {""year"": 2017, ""percent"": 20.0}, {""year"": 2016, ""percent"": 20.0}, {""year"": 2011, ""percent"": 35.0}, {""year"": 2010, ""percent"": 30.0}, {""year"": 2009, ""percent"": 10.0}]",,,12,
dse_ownership,2026-09-08 09:58:07.088640+00:00,450,a4e388692d1a4e3fa50e0610a30f29c3,3801c94c4b3d53d3cd5ff56d7959270718d74a5c7dc594a89dfca9638837db4d,200,660,SHASHADNIM,"5% 2025, 10% 2024, 10% 2023, 10% 2022, 10% 2021, 5% 2020, 5% 2019, 15% 2018, 25% 2017, 25% 2016, 20% 2014","5% 2020, 5% 2019, 7% 2018, 6% 2017, 15% 2014",-,30-Jun,3192.8,0.0,http://shashadenims.com/investors/Annual Report,http://shashadenims.com/investors/PSI,2015.0,B,Y,Active,3777.0,780.97,17466,"[{""year"": 2025, ""percent"": 5.0}, {""year"": 2024, ""percent"": 10.0}, {""year"": 2023, ""percent"": 10.0}, {""year"": 2022, ""percent"": 10.0}, {""year"": 2021, ""percent"": 10.0}, {""year"": 2020, ""percent"": 5.0}, {""year"": 2019, ""percent"": 5.0}, {""year"": 2018, ""percent"": 15.0}, {""year"": 2017, ""percent"": 25.0}, {""year"": 2016, ""percent"": 25.0}, {""year"": 2014, ""percent"": 20.0}]","[{""year"": 2020, ""percent"": 5.0}, {""year"": 2019, ""percent"": 5.0}, {""year"": 2018, ""percent"": 7.0}, {""year"": 2017, ""percent"": 6.0}, {""year"": 2014, ""percent"": 15.0}]",5.0,2025.0,15,5.00 for 2025
dse_ownership,2026-09-08 09:58:07.736130+00:00,451,a4e388692d1a4e3fa50e0610a30f29c3,eebc78d5b248902506c47521dfa6148eb2a23cbdca8402539676a8a518fabe10,200,354,SHEPHERD,"1% 2025, 1% 2024, 5% 2023, 10% 2022, 2.50% 2021, 1% 2020, 12% 2018","2.50% 2021, 10% 2019, 10% 2017",-,30-Jun,524.6,0.0,https://www.shepherdbd.com/financial.php,https://www.shepherdbd.com/financial.php,2017.0,B,Y,Active,1517.88,0.0,17474,"[{""year"": 2025, ""percent"": 1.0}, {""year"": 2024, ""percent"": 1.0}, {""year"": 2023, ""percent"": 5.0}, {""year"": 2022, ""percent"": 10.0}, {""year"": 2021, ""percent"": 2.5}, {""year"": 2020, ""percent"": 1.0}, {""year"": 2018, ""percent"": 12.0}]","[{""year"": 2021, ""percent"": 2.5}, {""year"": 2019, ""percent"": 10.0}, {""year"": 2017, ""percent"": 10.0}]",1.0,2025.0,15,1.00 for 2025
dse_ownership,2026-09-08 09:58:08.371182+00:00,452,a4e388692d1a4e3fa50e0610a30f29c3,841899161d6b56523e0d58cf94ad0b5bef9646946bfbb09b1d207294fdd93039,200,464,SHURWID,10% 2019,"10% 2018, 15% 2014",-,30-Jun,127.0,0.0,,,2014.0,Z,Y,Operation Shutdown,48.4,61.33,13234,"[{""year"": 2019, ""percent"": 10.0}]","[{""year"": 2018, ""percent"": 10.0}, {""year"": 2014, ""percent"": 15.0}]",10.0,2019.0,13,10.00 for 2019
dse_ownership,2026-09-08 09:58:09.491156+00:00,453,a4e388692d1a4e3fa50e0610a30f29c3,111286c8779cc538235838064b9c1969f9fc32da234a37f7542e5a0e4ace0185,200,938,SHYAMPSUG,-,-,-,30-Jun,-12233.1,0.0,,,1996.0,Z,Y,Operation Shutdown,179.63,2481.97,14279,[],[],,,12,
dse_ownership,2026-09-08 09:58:10.404134+00:00,454,a4e388692d1a4e3fa50e0610a30f29c3,c7e00c1a51f74ac4c9f1e796907824bd2bab8eb4ed6eef5d6b45c58d438bcb3a,200,630,SIBL,"5% 2023, 5% 2022,  5% 2021, 5% 2020, 5% 2019, 20% 2016, 15% 2015","5% 2023, 5% 2022, 5% 2021, 5% 2020, 5% 2019, 10% 2018, 10% 2017, 5% 2015, 10% 2012, 14% 2010, 11% 2009, 10% 2008, 1.7B:10 2007, 1B:2  2003,  1B:4  2002, 1B:5  2001","1R:1 2011, 1R:1 2007",31-Dec,9293.0,0.0,https://www.siblbd.com/about/financialreports#Quarterly,https://www.siblbd.com/about/psireport,2000.0,A,Y,Active,0.0,90847.46,11120,"[{""year"": 2023, ""percent"": 5.0}, {""year"": 2022, ""percent"": 5.0}, {""year"": 2021, ""percent"": 5.0}, {""year"": 2020, ""percent"": 5.0}, {""year"": 2019, ""percent"": 5.0}, {""year"": 2016, ""percent"": 20.0}, {""year"": 2015, ""percent"": 15.0}]","[{""year"": 2023, ""percent"": 5.0}, {""year"": 2022, ""percent"": 5.0}, {""year"": 2021, ""percent"": 5.0}, {""year"": 2020, ""percent"": 5.0}, {""year"": 2019, ""percent"": 5.0}, {""year"": 2018, ""percent"": 10.0}, {""year"": 2017, ""percent"": 10.0}, {""year"": 2015, ""percent"": 5.0}, {""year"": 2012, ""percent"": 10.0}, {""year"": 2010, ""percent"": 14.0}, {""year"": 2009, ""percent"": 11.0}, {""year"": 2008, ""percent"": 10.0}]",,,14,
dse_ownership,2026-09-08 09:58:11.093626+00:00,455,a4e388692d1a4e3fa50e0610a30f29c3,a7cba88b741a05c426b3ede10285dcd17a404cb4e19ba929372845c53f1a88a6,200,510,SICL,"5% 2024, 3% 2023",-,-,31-Dec,78.9,0.0,https://www.sikderinsurance.com/annual-report-2021/topic/149,https://www.sikderinsurance.com/annual-report-2021/topic/152,2024.0,B,Y,Active,0.0,0.0,25758,"[{""year"": 2024, ""percent"": 5.0}, {""year"": 2023, ""percent"": 3.0}]",[],5.0,2024.0,15,5.00 for 2024
dse_ownership,2026-09-08 09:58:11.626558+00:00,456,a4e388692d1a4e3fa50e0610a30f29c3,5a62704ad7729eacd8e8bb16dbb1d0b8a72c1d7ee478e0d08253822bdab84195,200,372,SILCOPHL,"1.10% 2025, 1% 2024, 3% 2023, 5% 2022, 10% 2021, 10% 2020, 2% 2019",10% 2019,-,30-Jun,1350.7,1.2,http://silcopharma.com/wp-content/uploads/2025/01/Annual-Audited-Financial-Statements-23-24.pdf,http://Price Sensitive Information (PSI) - Silco Pharmaceuticals Limited,2019.0,B,Y,Active,0.0,0.0,18495,"[{""year"": 2025, ""percent"": 1.1}, {""year"": 2024, ""percent"": 1.0}, {""year"": 2023, ""percent"": 3.0}, {""year"": 2022, ""percent"": 5.0}, {""year"": 2021, ""percent"": 10.0}, {""year"": 2020, ""percent"": 10.0}, {""year"": 2019, ""percent"": 2.0}]","[{""year"": 2019, ""percent"": 10.0}]",1.1,2025.0,15,1.10 for 2025
dse_ownership,2026-09-08 09:58:12.432948+00:00,457,a4e388692d1a4e3fa50e0610a30f29c3,1af181055ceacd565f614b5655df7f4df3923ac787efa13431e601ec2ca6a058,200,547,SILVAPHL,"1% 2024, 1% 2023, 3% 2022, 5% 2021, 5% 2020, 6% 2019",5% 2019,-,30-Jun,748.0,0.0,http://Annual Reports – Silva Pharmaceuticals Ltd.,http://Price Sensitive Information – Silva Pharmaceuticals Ltd.,2018.0,B,Y,Active,28.22,0.0,18493,"[{""year"": 2024, ""percent"": 1.0}, {""year"": 2023, ""percent"": 1.0}, {""year"": 2022, ""percent"": 3.0}, {""year"": 2021, ""percent"": 5.0}, {""year"": 2020, ""percent"": 5.0}, {""year"": 2019, ""percent"": 6.0}]","[{""year"": 2019, ""percent"": 5.0}]",,,14,
dse_ownership,2026-09-08 09:58:12.982453+00:00,458,a4e388692d1a4e3fa50e0610a30f29c3,d048455b9e5112fee60f57c6f85fcdeb9bfabd95ea20f253440250ef477626e9,200,379,SIMTEX,"10% 2025, 10% 2024, 10% 2023, 8% 2022, 4% 2021, 5% 2020, 9% 2019, 5% 2018, 2% 2017, 20% 2016","5% 2019, 15% 2018, 10% 2017, 2% 2016",-,30-Jun,689.1,0.0,https://simtexgroup.com/financial-statements/,https://simtexgroup.com/price-sensitive-information/,2015.0,A,Y,Active,544.86,53.39,17469,"[{""year"": 2025, ""percent"": 10.0}, {""year"": 2024, ""percent"": 10.0}, {""year"": 2023, ""percent"": 10.0}, {""year"": 2022, ""percent"": 8.0}, {""year"": 2021, ""percent"": 4.0}, {""year"": 2020, ""percent"": 5.0}, {""year"": 2019, ""percent"": 9.0}, {""year"": 2018, ""percent"": 5.0}, {""year"": 2017, ""percent"": 2.0}, {""year"": 2016, ""percent"": 20.0}]","[{""year"": 2019, ""percent"": 5.0}, {""year"": 2018, ""percent"": 15.0}, {""year"": 2017, ""percent"": 10.0}, {""year"": 2016, ""percent"": 2.0}]",10.0,2025.0,15,10.00 for 2025
dse_ownership,2026-09-08 09:58:15.054414+00:00,459,a4e388692d1a4e3fa50e0610a30f29c3,5693c2648c382d08c6024d38ae2b0146768db12cbec18fa0902b730c65261d70,200,1871,SINGERBD,"10% 2024, 35% 2023, 10% 2022, 60% 2021, 30% 2020, 77% 2019, 100% 2017, 70% 2016, 65% 2015","30% 2018, 25% 2014, 25% 2013, 25% 2012, 75% 2010, 35% 2007, 50% 96, 50% 95, 1B:2 94, 1B:1 93, 1B:1 92, 1B:1 91, 1B:1 88, 4B:5 86, 1B:1 84",n/a,31-Dec,-771.8,-56.8,https://www.singerbd.com/investor-relations/financial-statements,https://www.singerbd.com/investor-relations/price-sensitive-information,1983.0,Z,Y,Active,15613.81,4839.5,13211,"[{""year"": 2024, ""percent"": 10.0}, {""year"": 2023, ""percent"": 35.0}, {""year"": 2022, ""percent"": 10.0}, {""year"": 2021, ""percent"": 60.0}, {""year"": 2020, ""percent"": 30.0}, {""year"": 2019, ""percent"": 77.0}, {""year"": 2017, ""percent"": 100.0}, {""year"": 2016, ""percent"": 70.0}, {""year"": 2015, ""percent"": 65.0}]","[{""year"": 2018, ""percent"": 30.0}, {""year"": 2014, ""percent"": 25.0}, {""year"": 2013, ""percent"": 25.0}, {""year"": 2012, ""percent"": 25.0}, {""year"": 2010, ""percent"": 75.0}, {""year"": 2007, ""percent"": 35.0}]",,,14,
dse_ownership,2026-09-08 09:58:16.339853+00:00,460,a4e388692d1a4e3fa50e0610a30f29c3,81391b75a95f40b376c28a8c752cd7019b4ec27ef83df1fc90f55840593d3e89,200,1030,SINOBANGLA,"10% 2025, 10% 2024, 10% 2023, 10% 2022, 10% 2021, 5% 2020, 10% 2019, 10% 2018, 10% 2017, 10% 2015",1% 2022,"1R:2, 2024, 1R:1 2011",30-Jun,295.6,0.0,http://www.sinobangla.com/financial.php#Audit,http://www.sinobangla.com/financial.php#PRICE,1999.0,A,Y,Active,193.24,15.51,99635,"[{""year"": 2025, ""percent"": 10.0}, {""year"": 2024, ""percent"": 10.0}, {""year"": 2023, ""percent"": 10.0}, {""year"": 2022, ""percent"": 10.0}, {""year"": 2021, ""percent"": 10.0}, {""year"": 2020, ""percent"": 5.0}, {""year"": 2019, ""percent"": 10.0}, {""year"": 2018, ""percent"": 10.0}, {""year"": 2017, ""percent"": 10.0}, {""year"": 2015, ""percent"": 10.0}]","[{""year"": 2022, ""percent"": 1.0}]",10.0,2025.0,15,10.00 for 2025
dse_ownership,2026-09-08 09:58:17.081277+00:00,461,a4e388692d1a4e3fa50e0610a30f29c3,f758813f31a6be540c3432d0a35dfc3e30c4275c712cd3911390b7d9b5d3a189,200,530,SIPLC,"15% 2025, 15% 2024, 13.50% 2023, 12% 2022, 12% 2021",-,-,31-Dec,743.3,0.0,https://www.senainsurance.com/?page_id=10043,https://www.senainsurance.com/?page_id=9743,2021.0,A,Y,Active,0.0,0.0,25752,"[{""year"": 2025, ""percent"": 15.0}, {""year"": 2024, ""percent"": 15.0}, {""year"": 2023, ""percent"": 13.5}, {""year"": 2022, ""percent"": 12.0}, {""year"": 2021, ""percent"": 12.0}]",[],15.0,2025.0,15,15.00 for 2025
dse_ownership,2026-09-08 09:58:17.672895+00:00,462,a4e388692d1a4e3fa50e0610a30f29c3,b91bd6e15ebc0646c2c1736e3a83769edce1f85845bf90c28ed514edc8aa1f0e,200,427,SJIBLPBOND,-,-,-,31-Dec,0.0,0.0,,,2021.0,A,Y,,0.0,0.0,26007,[],[],,,11,
dse_ownership,2026-09-08 09:58:18.436133+00:00,463,a4e388692d1a4e3fa50e0610a30f29c3,ff1081ae9b4ec3a861b34dcb4d03ecc90521ee6fb6b70a501d653f01a95edfc2,200,505,SKTRIMS,"1.75% 2024, 3% 2023, 4% 2022, 5% 2021, 15% 2020, 10% 2019, 2% 2018",10% 2019. 10% 2018,-,30-Jun,491.9,-13.3,,,2018.0,Z,Y,Active,0.0,0.0,99642,"[{""year"": 2024, ""percent"": 1.75}, {""year"": 2023, ""percent"": 3.0}, {""year"": 2022, ""percent"": 4.0}, {""year"": 2021, ""percent"": 5.0}, {""year"": 2020, ""percent"": 15.0}, {""year"": 2019, ""percent"": 10.0}, {""year"": 2018, ""percent"": 2.0}]","[{""year"": 2019, ""percent"": 10.0}, {""year"": 2018, ""percent"": 10.0}]",1.75,2024.0,13,1.75 for 2024
dse_ownership,2026-09-08 09:58:19.663922+00:00,464,a4e388692d1a4e3fa50e0610a30f29c3,de8312344ed842a2c0be755100913d1b3178d337e3804cb1553d2fe5d7db2156,200,1047,SONALIANSH,"15% 2025, 10% 2024, 10% 2023, 10% 2021, 10% 2020, 10% 2019, 10% 2018, 10% 2017, 10% 2016, 10% 2015, 10% 2014, 10% 2013, 10% 2012, 10% 2011, 15% 2010","100% 2023, 100% 2022, 20%  2010",n/a,30-Jun,274.4,0.0,http://sonaliaansh.net/financialstatement/Sonali_Aansh_Industries_Financial_Statement_Site/Financial_Statements/Financial_Statements.html,,1985.0,A,Y,Active,353.8,465.77,16360,"[{""year"": 2025, ""percent"": 15.0}, {""year"": 2024, ""percent"": 10.0}, {""year"": 2023, ""percent"": 10.0}, {""year"": 2021, ""percent"": 10.0}, {""year"": 2020, ""percent"": 10.0}, {""year"": 2019, ""percent"": 10.0}, {""year"": 2018, ""percent"": 10.0}, {""year"": 2017, ""percent"": 10.0}, {""year"": 2016, ""percent"": 10.0}, {""year"": 2015, ""percent"": 10.0}, {""year"": 2014, ""percent"": 10.0}, {""year"": 2013, ""percent"": 10.0}, {""year"": 2012, ""percent"": 10.0}, {""year"": 2011, ""percent"": 10.0}, {""year"": 2010, ""percent"": 15.0}]","[{""year"": 2023, ""percent"": 100.0}, {""year"": 2022, ""percent"": 100.0}, {""year"": 2010, ""percent"": 20.0}]",15.0,2025.0,14,15.00 for 2025
dse_ownership,2026-09-08 09:58:20.248080+00:00,465,a4e388692d1a4e3fa50e0610a30f29c3,b03f2f3d39f274c65a3c8c2c07792474f0dd7ffac9da24509209213dd21489f3,200,419,SONALILIFE,"15% 2025, 15% 2024, 10% 2023, 20% 2022, 15% 2021, 10% 2020",-,-,31-Dec,0.0,0.0,https://sonalilife.com/Financials.html,https://sonalilife.com/Financials.html,2021.0,A,Y,Active,0.0,0.0,25751,"[{""year"": 2025, ""percent"": 15.0}, {""year"": 2024, ""percent"": 15.0}, {""year"": 2023, ""percent"": 10.0}, {""year"": 2022, ""percent"": 20.0}, {""year"": 2021, ""percent"": 15.0}, {""year"": 2020, ""percent"": 10.0}]",[],15.0,2025.0,15,15.00 for 2025
dse_ownership,2026-09-08 09:58:20.861298+00:00,466,a4e388692d1a4e3fa50e0610a30f29c3,44a608281a291c7d2fbdbd96b695b529bffcc246d3eb4a6a5214f189a8cbf62e,200,388,SONALIPAPR,"40% 2025, 40% 2024, 40% 2023, 40% 2022, 20% 2021, 5% 2020, 6% 2010, 5% 2009,","20% 2021, 10% 2020, 10% 2019, 10% 2016, 10% 2015, 10% 2014, 10% 2013, 6% 2012, 6% 2011","1R:2, 2022 (at par)",30-Jun,5201.9,0.0,https://spbmlbd.com/financial-reports/,https://spbmlbd.com/price-sensitive-information/,2020.0,A,Y,Active,1071.5,0.0,19503,"[{""year"": 2025, ""percent"": 40.0}, {""year"": 2024, ""percent"": 40.0}, {""year"": 2023, ""percent"": 40.0}, {""year"": 2022, ""percent"": 40.0}, {""year"": 2021, ""percent"": 20.0}, {""year"": 2020, ""percent"": 5.0}, {""year"": 2010, ""percent"": 6.0}, {""year"": 2009, ""percent"": 5.0}]","[{""year"": 2021, ""percent"": 20.0}, {""year"": 2020, ""percent"": 10.0}, {""year"": 2019, ""percent"": 10.0}, {""year"": 2016, ""percent"": 10.0}, {""year"": 2015, ""percent"": 10.0}, {""year"": 2014, ""percent"": 10.0}, {""year"": 2013, ""percent"": 10.0}, {""year"": 2012, ""percent"": 6.0}, {""year"": 2011, ""percent"": 6.0}]",40.0,2025.0,15,40.00 for 2025
dse_ownership,2026-09-08 09:58:21.388299+00:00,467,a4e388692d1a4e3fa50e0610a30f29c3,60d8e5b4a731eba378ed667d8815fd31b53b5294c41a77a53e8507a074d54658,200,352,SONARBAINS,"5% 2025, 10% 2024, 10% 2023, 10% 2022, 15% 2021, 15% 2020, 10% 2019, 6% 2018, 5% 2015, 6% 2014","5% 2025, 5% 2022, 6% 2018, 10% 2017, 10% 2016, 5% 2015, 6% 2014, 12% 2013, 12% 2012, 10% 2011, 12% 2010, 10% 2009",n/a,31-Dec,400.2,0.0,https://www.sonarbanglainsurance.com/index.php/financial-indicators,https://www.sonarbanglainsurance.com/ index.php/about-us/all-price-sensitive-information,2006.0,A,Y,Active,0.0,49.51,25730,"[{""year"": 2025, ""percent"": 5.0}, {""year"": 2024, ""percent"": 10.0}, {""year"": 2023, ""percent"": 10.0}, {""year"": 2022, ""percent"": 10.0}, {""year"": 2021, ""percent"": 15.0}, {""year"": 2020, ""percent"": 15.0}, {""year"": 2019, ""percent"": 10.0}, {""year"": 2018, ""percent"": 6.0}, {""year"": 2015, ""percent"": 5.0}, {""year"": 2014, ""percent"": 6.0}]","[{""year"": 2025, ""percent"": 5.0}, {""year"": 2022, ""percent"": 5.0}, {""year"": 2018, ""percent"": 6.0}, {""year"": 2017, ""percent"": 10.0}, {""year"": 2016, ""percent"": 10.0}, {""year"": 2015, ""percent"": 5.0}, {""year"": 2014, ""percent"": 6.0}, {""year"": 2013, ""percent"": 12.0}, {""year"": 2012, ""percent"": 12.0}, {""year"": 2011, ""percent"": 10.0}, {""year"": 2010, ""percent"": 12.0}, {""year"": 2009, ""percent"": 10.0}]",,,15,"5.00, 5% B for 2025"
dse_ownership,2026-09-08 09:58:22.110150+00:00,468,a4e388692d1a4e3fa50e0610a30f29c3,4e0a2da3f80458078d1bd424ddedf46945a28bb48da70fb74eb5bee8f3e15a21,200,551,SONARGAON,"1% 2024, 1% 2022, 3% 2019","5% 2012, 10% 2011, 10% 2010, 10% 2009",1R:1 2011,30-Jun,166.5,0.0,https://sonargaontextiles.com,https://sonargaontextiles.com,1995.0,B,Y,Active,0.0,672.4,17430,"[{""year"": 2024, ""percent"": 1.0}, {""year"": 2022, ""percent"": 1.0}, {""year"": 2019, ""percent"": 3.0}]","[{""year"": 2012, ""percent"": 5.0}, {""year"": 2011, ""percent"": 10.0}, {""year"": 2010, ""percent"": 10.0}, {""year"": 2009, ""percent"": 10.0}]",,,14,
dse_ownership,2026-09-08 09:58:22.839636+00:00,469,a4e388692d1a4e3fa50e0610a30f29c3,fc7cb723c55f16f9e34f6a6a68b4ea9fe89eded4eacae14d48d4601504a50a41,200,464,SOUTHEASTB,"3% 2025, 6% 2023,  6% 2022, 8% 2021, 10% 2020, 7.5% 2019, 20% 2016, 15% 2015","7% 2025, 4% 2023, 4% 2022, 4% 2021, 2.5% 2019, 10% 2018, 15% 2017, 5% 2013, 5% 2011, 20% 2010, 35% 2009, 20% 2008, 25% 2007, 8% 2006, 20% 2005, 30% 2004,20%  2003, 10%  2002,  10%  2001","1R:2 2010, 1R:1 2006, 1R:2 ( At Par) 2003",31-Dec,20108.7,0.0,,,2000.0,A,Y,Active,0.0,0.0,11117,"[{""year"": 2025, ""percent"": 3.0}, {""year"": 2023, ""percent"": 6.0}, {""year"": 2022, ""percent"": 6.0}, {""year"": 2021, ""percent"": 8.0}, {""year"": 2020, ""percent"": 10.0}, {""year"": 2019, ""percent"": 7.5}, {""year"": 2016, ""percent"": 20.0}, {""year"": 2015, ""percent"": 15.0}]","[{""year"": 2025, ""percent"": 7.0}, {""year"": 2023, ""percent"": 4.0}, {""year"": 2022, ""percent"": 4.0}, {""year"": 2021, ""percent"": 4.0}, {""year"": 2019, ""percent"": 2.5}, {""year"": 2018, ""percent"": 10.0}, {""year"": 2017, ""percent"": 15.0}, {""year"": 2013, ""percent"": 5.0}, {""year"": 2011, ""percent"": 5.0}, {""year"": 2010, ""percent"": 20.0}, {""year"": 2009, ""percent"": 35.0}, {""year"": 2008, ""percent"": 20.0}, {""year"": 2007, ""percent"": 25.0}, {""year"": 2006, ""percent"": 8.0}, {""year"": 2005, ""percent"": 20.0}, {""year"": 2004, ""percent"": 30.0}, {""year"": 2003, ""percent"": 20.0}, {""year"": 2002, ""percent"": 10.0}, {""year"": 2001, ""percent"": 10.0}]",,,13,"3.00, 7%B for 2025"
dse_ownership,2026-09-08 09:58:23.382682+00:00,470,a4e388692d1a4e3fa50e0610a30f29c3,0c71df91ac5488b2710958acd5dd38020133c0d70e5ee35478a55c9700d8dc3a,200,375,SPCERAMICS,"2% 2024, 3% 2023, 3% 2022, 2.5% 2021, 2% 2020","15% 2012, 15% 2011, 15% 2010, 15% 2009, 20% 2008",-,30-Jun,3119.3,0.0,,,2008.0,B,Y,Active,975.93,9.56,24633,"[{""year"": 2024, ""percent"": 2.0}, {""year"": 2023, ""percent"": 3.0}, {""year"": 2022, ""percent"": 3.0}, {""year"": 2021, ""percent"": 2.5}, {""year"": 2020, ""percent"": 2.0}]","[{""year"": 2012, ""percent"": 15.0}, {""year"": 2011, ""percent"": 15.0}, {""year"": 2010, ""percent"": 15.0}, {""year"": 2009, ""percent"": 15.0}, {""year"": 2008, ""percent"": 20.0}]",2.0,2024.0,13,2.00 for 2024
dse_ownership,2026-09-08 09:58:24.119109+00:00,471,a4e388692d1a4e3fa50e0610a30f29c3,5b60e91c7a62a936e8831d9adbd901752fce5a186692be1e852ed670fe1a0206,200,574,SPCL,"20% 2025, 12% 2024, 11% 2023, 16% 2022, 28% 2021, 28% 2020, 28% 2019, 25% 2018, 16% 2017, 30% 2016, 28% 2015, 25% 2014","4% 2022, 4% 2021, 2% 2020, 2% 2019, 3% 2018, 14% 2017, 3% 2016, 3% 2015, 5% 2014",-,30-Jun,4545.5,-1.5,http://youthbd.com/investor-relation/annual-report/,http://youthbd.com/investor-relation/price-sensitive-news/,2014.0,A,Y,Active,2264.23,0.0,15317,"[{""year"": 2025, ""percent"": 20.0}, {""year"": 2024, ""percent"": 12.0}, {""year"": 2023, ""percent"": 11.0}, {""year"": 2022, ""percent"": 16.0}, {""year"": 2021, ""percent"": 28.0}, {""year"": 2020, ""percent"": 28.0}, {""year"": 2019, ""percent"": 28.0}, {""year"": 2018, ""percent"": 25.0}, {""year"": 2017, ""percent"": 16.0}, {""year"": 2016, ""percent"": 30.0}, {""year"": 2015, ""percent"": 28.0}, {""year"": 2014, ""percent"": 25.0}]","[{""year"": 2022, ""percent"": 4.0}, {""year"": 2021, ""percent"": 4.0}, {""year"": 2020, ""percent"": 2.0}, {""year"": 2019, ""percent"": 2.0}, {""year"": 2018, ""percent"": 3.0}, {""year"": 2017, ""percent"": 14.0}, {""year"": 2016, ""percent"": 3.0}, {""year"": 2015, ""percent"": 3.0}, {""year"": 2014, ""percent"": 5.0}]",20.0,2025.0,15,20.00 for 2025
dse_ownership,2026-09-08 09:58:24.739293+00:00,472,a4e388692d1a4e3fa50e0610a30f29c3,a5f4fdf7c5e924ca13f382fe23c41bd71abcbbb98293d4d2df688cc98d8b70f3,200,380,SQUARETEXT,"32% 2025, 32% 2024, 30% 2023, 35% 2022, 20% 2021, 10% 2020, 20% 2019, 20% 2018, 20% 2017, 25% 2016","5% 2018, 5% 2017, 10% 2016, 10% 2014, 10% 2013, 15% 2012, 20% 2011, 20% 2010, 15% 2009, 20% 2008, 20% 2007, 15% 2006, 12.5% 2005,10%  2004",n/a,30-Jun,9046.1,0.0,https://textile.squaregroup.com/annual_reports.php,https://textile.squaregroup.com/price_sensitive_information.php,2002.0,A,Y,Active,10801.93,3903.46,17446,"[{""year"": 2025, ""percent"": 32.0}, {""year"": 2024, ""percent"": 32.0}, {""year"": 2023, ""percent"": 30.0}, {""year"": 2022, ""percent"": 35.0}, {""year"": 2021, ""percent"": 20.0}, {""year"": 2020, ""percent"": 10.0}, {""year"": 2019, ""percent"": 20.0}, {""year"": 2018, ""percent"": 20.0}, {""year"": 2017, ""percent"": 20.0}, {""year"": 2016, ""percent"": 25.0}]","[{""year"": 2018, ""percent"": 5.0}, {""year"": 2017, ""percent"": 5.0}, {""year"": 2016, ""percent"": 10.0}, {""year"": 2014, ""percent"": 10.0}, {""year"": 2013, ""percent"": 10.0}, {""year"": 2012, ""percent"": 15.0}, {""year"": 2011, ""percent"": 20.0}, {""year"": 2010, ""percent"": 20.0}, {""year"": 2009, ""percent"": 15.0}, {""year"": 2008, ""percent"": 20.0}, {""year"": 2007, ""percent"": 20.0}, {""year"": 2006, ""percent"": 15.0}, {""year"": 2005, ""percent"": 12.5}, {""year"": 2004, ""percent"": 10.0}]",32.0,2025.0,15,32.00 for 2025
dse_ownership,2026-09-08 09:58:25.867926+00:00,473,a4e388692d1a4e3fa50e0610a30f29c3,f104ee4047d10757f2264249f8c0332335db1083cbf2ada12313af4d5c813835,200,970,SQURPHARMA,"120% 2025, 110% 2024, 105% 2023, 100% 2022, 60% 2021, 47% 2020, 42% 2019, 36% 2018, 35% 2017, 40% 2016, 30% 2015","5% 2020, 7% 2019, 7% 2018, 7.5% 2017, 10% 2016, 12.50% 2015, 15% 2014, 30% 2013, 40% 2012, 35% 2011, 30% 2010, 25% 2009, 35% 2008, 50% 2007, 20%2006, 15% 2005, 20% 2004,20% 2003,  20% 2002,  25%  96",-,30-Jun,129050.4,-185.9,https://www.squarepharma.com.bd/annual-reports.php,https://www.squarepharma.com.bd/price-sensitive-information.ph,1995.0,A,Y,Active,625.5,200.0,18473,"[{""year"": 2025, ""percent"": 120.0}, {""year"": 2024, ""percent"": 110.0}, {""year"": 2023, ""percent"": 105.0}, {""year"": 2022, ""percent"": 100.0}, {""year"": 2021, ""percent"": 60.0}, {""year"": 2020, ""percent"": 47.0}, {""year"": 2019, ""percent"": 42.0}, {""year"": 2018, ""percent"": 36.0}, {""year"": 2017, ""percent"": 35.0}, {""year"": 2016, ""percent"": 40.0}, {""year"": 2015, ""percent"": 30.0}]","[{""year"": 2020, ""percent"": 5.0}, {""year"": 2019, ""percent"": 7.0}, {""year"": 2018, ""percent"": 7.0}, {""year"": 2017, ""percent"": 7.5}, {""year"": 2016, ""percent"": 10.0}, {""year"": 2015, ""percent"": 12.5}, {""year"": 2014, ""percent"": 15.0}, {""year"": 2013, ""percent"": 30.0}, {""year"": 2012, ""percent"": 40.0}, {""year"": 2011, ""percent"": 35.0}, {""year"": 2010, ""percent"": 30.0}, {""year"": 2009, ""percent"": 25.0}, {""year"": 2008, ""percent"": 35.0}, {""year"": 2007, ""percent"": 50.0}, {""year"": 2006, ""percent"": 20.0}, {""year"": 2005, ""percent"": 15.0}, {""year"": 2004, ""percent"": 20.0}, {""year"": 2003, ""percent"": 20.0}, {""year"": 2002, ""percent"": 20.0}]",120.0,2025.0,15,120.00 for 2025
dse_ownership,2026-09-08 09:58:26.487428+00:00,474,a4e388692d1a4e3fa50e0610a30f29c3,7b11ee74e037ef5590426f795cd532cbc3cb06bcb2c4973474d61fd249f1f569,200,444,SSSTEEL,"2% 2024, 2% 2023, 2% 2022, 2% 2021, 2% 2020","8% 2021, 8% 2020, 15% 2019",-,30-Jun,4559.2,0.0,https://sssteel.biz/investor-relations/,https://sssteel.biz/investor-relations/,2019.0,Z,Y,Active,8531.42,12452.09,13245,"[{""year"": 2024, ""percent"": 2.0}, {""year"": 2023, ""percent"": 2.0}, {""year"": 2022, ""percent"": 2.0}, {""year"": 2021, ""percent"": 2.0}, {""year"": 2020, ""percent"": 2.0}]","[{""year"": 2021, ""percent"": 8.0}, {""year"": 2020, ""percent"": 8.0}, {""year"": 2019, ""percent"": 15.0}]",2.0,2024.0,15,2.00 for 2024
dse_ownership,2026-09-08 09:58:27.467394+00:00,475,a4e388692d1a4e3fa50e0610a30f29c3,a9a8ba3d9916741a1b1bb00f71bfff61616864950d118667d5e115675f93f9d6,200,688,STANCERAM,"1% 2021, 1% 2020, 5% 2019, 2% 2018, 10% 2016, 10% 2015,  10% 2014,  10% 2013,  10% 2012,  5% 2011,  5% 2008,  10% 2007,  10% 2006,  7.50% 2005,  10% 2004,  10% 2003, 5% 2002, 7.50% 1998, 10% 1997","5% 2010, 5% 2009",n/a,30-Jun,-323.8,0.0,https://www.standardceramic.net//financial_performance.php,https://www.standardceramic.net/price_sensitive_information.php,1996.0,Z,Y,Operation Shutdown,0.34,0.0,24626,"[{""year"": 2021, ""percent"": 1.0}, {""year"": 2020, ""percent"": 1.0}, {""year"": 2019, ""percent"": 5.0}, {""year"": 2018, ""percent"": 2.0}, {""year"": 2016, ""percent"": 10.0}, {""year"": 2015, ""percent"": 10.0}, {""year"": 2014, ""percent"": 10.0}, {""year"": 2013, ""percent"": 10.0}, {""year"": 2012, ""percent"": 10.0}, {""year"": 2011, ""percent"": 5.0}, {""year"": 2008, ""percent"": 5.0}, {""year"": 2007, ""percent"": 10.0}, {""year"": 2006, ""percent"": 10.0}, {""year"": 2005, ""percent"": 7.5}, {""year"": 2004, ""percent"": 10.0}, {""year"": 2003, ""percent"": 10.0}, {""year"": 2002, ""percent"": 5.0}, {""year"": 1998, ""percent"": 7.5}, {""year"": 1997, ""percent"": 10.0}]","[{""year"": 2010, ""percent"": 5.0}, {""year"": 2009, ""percent"": 5.0}]",,,14,
dse_ownership,2026-09-08 09:58:29.564820+00:00,476,a4e388692d1a4e3fa50e0610a30f29c3,9991cbf60878a21dd9ace321ec5e71bb26cc5b0f2fa27e900ffb54f3f439372d,200,1923,STANDARINS,"12% 2025, 10% 2024, 10% 2023, 13% 2022, 13% 2021, 12.50% 2020, 10% 2019","10% 2018, 10% 2017, 10% 2016, 10% 2015, 12% 2014, 15% 2013, 15% 2012, 10% 2011, 10% 2010, 10% 2009",-,31-Dec,526.2,0.0,https://standardinsurance.com.bd/main/site/annual-report/,https://standardinsurance.com.bd/main/site/price-sensitive-information/,2008.0,A,Y,Active,0.0,0.0,25737,"[{""year"": 2025, ""percent"": 12.0}, {""year"": 2024, ""percent"": 10.0}, {""year"": 2023, ""percent"": 10.0}, {""year"": 2022, ""percent"": 13.0}, {""year"": 2021, ""percent"": 13.0}, {""year"": 2020, ""percent"": 12.5}, {""year"": 2019, ""percent"": 10.0}]","[{""year"": 2018, ""percent"": 10.0}, {""year"": 2017, ""percent"": 10.0}, {""year"": 2016, ""percent"": 10.0}, {""year"": 2015, ""percent"": 10.0}, {""year"": 2014, ""percent"": 12.0}, {""year"": 2013, ""percent"": 15.0}, {""year"": 2012, ""percent"": 15.0}, {""year"": 2011, ""percent"": 10.0}, {""year"": 2010, ""percent"": 10.0}, {""year"": 2009, ""percent"": 10.0}]",12.0,2025.0,15,12.00 for 2025
dse_ownership,2026-09-08 09:58:30.198318+00:00,477,a4e388692d1a4e3fa50e0610a30f29c3,78e2aefea096e45ddc8cdeff735818d5663385ae469598b2af13c18c760532d2,200,459,STANDBANKL,"2.50% 2023, 2.50% 2022, 3% 2021, 2.5% 2020, 5% 2019, 5% 2016, 10% 2013","2.50% 2023,  2.50% 2022, 3% 2021, 2.5% 2020, 5% 2019,10% 2018, 10% 2017, 5% 2016, 15% 2015, 15% 2014, 17% 2012, 20% 2011, 28% 2010, 20% 2009, 20% 2008, 12% 2007, 20% 2006, 20% 2005, 20% 2004, 15%  2003","1R:2, 2007",31-Dec,7739.0,0.0,https://www.standardbankbd.com/FinancialReports.php,https://www.standardbankbd.com/PriceSensitiveInformation.php,2003.0,Z,Y,Active,0.0,0.0,11125,"[{""year"": 2023, ""percent"": 2.5}, {""year"": 2022, ""percent"": 2.5}, {""year"": 2021, ""percent"": 3.0}, {""year"": 2020, ""percent"": 2.5}, {""year"": 2019, ""percent"": 5.0}, {""year"": 2016, ""percent"": 5.0}, {""year"": 2013, ""percent"": 10.0}]","[{""year"": 2023, ""percent"": 2.5}, {""year"": 2022, ""percent"": 2.5}, {""year"": 2021, ""percent"": 3.0}, {""year"": 2020, ""percent"": 2.5}, {""year"": 2019, ""percent"": 5.0}, {""year"": 2018, ""percent"": 10.0}, {""year"": 2017, ""percent"": 10.0}, {""year"": 2016, ""percent"": 5.0}, {""year"": 2015, ""percent"": 15.0}, {""year"": 2014, ""percent"": 15.0}, {""year"": 2012, ""percent"": 17.0}, {""year"": 2011, ""percent"": 20.0}, {""year"": 2010, ""percent"": 28.0}, {""year"": 2009, ""percent"": 20.0}, {""year"": 2008, ""percent"": 20.0}, {""year"": 2007, ""percent"": 12.0}, {""year"": 2006, ""percent"": 20.0}, {""year"": 2005, ""percent"": 20.0}, {""year"": 2004, ""percent"": 20.0}, {""year"": 2003, ""percent"": 15.0}]",,,14,
dse_ownership,2026-09-08 09:58:30.874108+00:00,478,a4e388692d1a4e3fa50e0610a30f29c3,9bc29a59a1b567a4d8ae8981c7304a4a72f11f2e7b04e7edda5b9b476938bcfd,200,389,STYLECRAFT,"1% 2023, 2% 2022, 10% 2017, 75% 2016, 60% 2015","10% 2020, 150% 2019, 410% 2018, 80% 2017, n/a",n/a,30-Jun,-74.7,0.0,https://www.stylecraftltd.com/investors,https://www.stylecraftltd.com/investors,1983.0,Z,Y,Active,722.76,756.82,17408,"[{""year"": 2023, ""percent"": 1.0}, {""year"": 2022, ""percent"": 2.0}, {""year"": 2017, ""percent"": 10.0}, {""year"": 2016, ""percent"": 75.0}, {""year"": 2015, ""percent"": 60.0}]","[{""year"": 2020, ""percent"": 10.0}, {""year"": 2019, ""percent"": 150.0}, {""year"": 2018, ""percent"": 410.0}, {""year"": 2017, ""percent"": 80.0}]",,,14,
dse_ownership,2026-09-08 09:58:34.120309+00:00,479,a4e388692d1a4e3fa50e0610a30f29c3,ec64003caed7f721cf2f9696c0c244dd53a754c81b0bc3dab118f9e1db14da5e,200,3081,SUMITPOWER,"10.50% 2025, 10% 2024, 10% 2023, 20% 2022, 35% 2021, 35% 2020, 35% 2019, 30% 2018, 30% 2017, 12% 2015","6% 2015, 5% 2014, 15% 2013, 20% 2012, 25% 2011, 30% 2010, 25% 2009, 20% 2008, 20% 2007, 20% 2006, 10% 2005",4R:5 (premium @ 45Tk) 2008,30-Jun,41604.1,3194.3,https://www.summitpowerinternational.com/spl-financial-statement,https://www.summitpowerinternational.com/spl-price-sensitive-info,2005.0,A,Y,Active,8365.76,17707.6,15306,"[{""year"": 2025, ""percent"": 10.5}, {""year"": 2024, ""percent"": 10.0}, {""year"": 2023, ""percent"": 10.0}, {""year"": 2022, ""percent"": 20.0}, {""year"": 2021, ""percent"": 35.0}, {""year"": 2020, ""percent"": 35.0}, {""year"": 2019, ""percent"": 35.0}, {""year"": 2018, ""percent"": 30.0}, {""year"": 2017, ""percent"": 30.0}, {""year"": 2015, ""percent"": 12.0}]","[{""year"": 2015, ""percent"": 6.0}, {""year"": 2014, ""percent"": 5.0}, {""year"": 2013, ""percent"": 15.0}, {""year"": 2012, ""percent"": 20.0}, {""year"": 2011, ""percent"": 25.0}, {""year"": 2010, ""percent"": 30.0}, {""year"": 2009, ""percent"": 25.0}, {""year"": 2008, ""percent"": 20.0}, {""year"": 2007, ""percent"": 20.0}, {""year"": 2006, ""percent"": 20.0}, {""year"": 2005, ""percent"": 10.0}]",10.5,2025.0,15,10.50 for 2025
dse_ownership,2026-09-08 09:58:34.827593+00:00,480,a4e388692d1a4e3fa50e0610a30f29c3,c63771a523364cb5aeaba5afdb763f3fe36b568328f7a856f932d92ec22d2f13,200,527,SUNLIFEINS,"0.10% 2024, 0.50% 2023, 1% 2020","2% 2017, 6% 2014, 5% 2013, 5% 2012",-,31-Dec,0.0,0.0,,,2013.0,B,Y,Active,0.0,0.0,25746,"[{""year"": 2024, ""percent"": 0.1}, {""year"": 2023, ""percent"": 0.5}, {""year"": 2020, ""percent"": 1.0}]","[{""year"": 2017, ""percent"": 2.0}, {""year"": 2014, ""percent"": 6.0}, {""year"": 2013, ""percent"": 5.0}, {""year"": 2012, ""percent"": 5.0}]",,,12,
dse_ownership,2026-09-08 09:58:36.149106+00:00,483,a4e388692d1a4e3fa50e0610a30f29c3,8cb0a572c3227141b6de00cee03add399deb0937021d7f8df5b535a93365d057,200,491,TAKAFULINS,"10% 2025, 10% 2024, 10% 2023, 12% 2022, 11% 2021, 10% 2020, 10% 2019, 5% 2018, 5% 2017, 5% 2016, 5% 2015","6% 2018, 6% 2017, 5% 2016, 5% 2015, 12% 2014, 15% 2013, 15% 2012, 17% 2011, 15% 2010, 15% 2009",-,31-Dec,368.5,0.0,,,2008.0,A,Y,Active,116.71,0.0,25736,"[{""year"": 2025, ""percent"": 10.0}, {""year"": 2024, ""percent"": 10.0}, {""year"": 2023, ""percent"": 10.0}, {""year"": 2022, ""percent"": 12.0}, {""year"": 2021, ""percent"": 11.0}, {""year"": 2020, ""percent"": 10.0}, {""year"": 2019, ""percent"": 10.0}, {""year"": 2018, ""percent"": 5.0}, {""year"": 2017, ""percent"": 5.0}, {""year"": 2016, ""percent"": 5.0}, {""year"": 2015, ""percent"": 5.0}]","[{""year"": 2018, ""percent"": 6.0}, {""year"": 2017, ""percent"": 6.0}, {""year"": 2016, ""percent"": 5.0}, {""year"": 2015, ""percent"": 5.0}, {""year"": 2014, ""percent"": 12.0}, {""year"": 2013, ""percent"": 15.0}, {""year"": 2012, ""percent"": 15.0}, {""year"": 2011, ""percent"": 17.0}, {""year"": 2010, ""percent"": 15.0}, {""year"": 2009, ""percent"": 15.0}]",10.0,2025.0,13,10.00 for 2025
dse_ownership,2026-09-08 09:58:36.743942+00:00,484,a4e388692d1a4e3fa50e0610a30f29c3,90c13258f8185a1d3f1a5ac31df6afd3a35c82bd33211177f6f49a09e10caf46,200,410,TALLUSPIN,-,"10% 2015, 15% 2013, 10% 2012, 15% 2011, 10% 2010","2R:1 2012, 1:3 (At Par) 1995",30-Jun,298.7,0.0,,,1990.0,Z,Y,Active,0.0,1543.99,17417,[],"[{""year"": 2015, ""percent"": 10.0}, {""year"": 2013, ""percent"": 15.0}, {""year"": 2012, ""percent"": 10.0}, {""year"": 2011, ""percent"": 15.0}, {""year"": 2010, ""percent"": 10.0}]",,,12,
dse_ownership,2026-09-08 09:58:38.531771+00:00,485,a4e388692d1a4e3fa50e0610a30f29c3,b6ad2322ded27959e181047d1ce1779df5c1947234220a3baf4f8946b90c7b59,200,1468,TAMIJTEX,"12% 2025, 21% 2024, 20% 2023, 30% 2022, 20% 2021, 10% 2020","10% 2025, 27% 2019, 25% 2018, 20% 2017, 10% 2011",-,30-Jun,2759.6,0.0,https://tamijuddintextile.com/financial-statement/,https://tamijuddintextile.com/price-sensitive-information/,1992.0,A,Y,Active,3103.85,1426.04,17419,"[{""year"": 2025, ""percent"": 12.0}, {""year"": 2024, ""percent"": 21.0}, {""year"": 2023, ""percent"": 20.0}, {""year"": 2022, ""percent"": 30.0}, {""year"": 2021, ""percent"": 20.0}, {""year"": 2020, ""percent"": 10.0}]","[{""year"": 2025, ""percent"": 10.0}, {""year"": 2019, ""percent"": 27.0}, {""year"": 2018, ""percent"": 25.0}, {""year"": 2017, ""percent"": 20.0}, {""year"": 2011, ""percent"": 10.0}]",,,15,"12.00, 10% B for 2025"
dse_ownership,2026-09-08 09:58:39.650461+00:00,488,a4e388692d1a4e3fa50e0610a30f29c3,ac887a961f91ad6bdadbebea378d8b09159f5f6942b79167124407116f07a4c4,200,381,TB10Y0127,,,,,,,,,,,Y,,,,88323,[],[],,,1,
dse_ownership,2026-09-08 09:58:40.304912+00:00,490,a4e388692d1a4e3fa50e0610a30f29c3,34d5ff91c8889636e3a1a281e2ac48b9a0e12c42e25107cbd9eadcd359974562,200,402,TB10Y0130,,,,,,,,,,,Y,,,,88396,[],[],,,1,
dse_ownership,2026-09-08 09:58:40.875645+00:00,492,a4e388692d1a4e3fa50e0610a30f29c3,280f73484a9a060abbda590a17d4960928e5ce99eb41cbbdbc1ee0b47970f44c,200,409,TB10Y0132,,,,,,,,,,,Y,,,,88431,[],[],,,1,
dse_ownership,2026-09-08 09:58:41.594597+00:00,494,a4e388692d1a4e3fa50e0610a30f29c3,8b2db71aa1b921b1c472051b256994abb57448a1ffd4e7b308262dd03894e771,200,516,TB10Y0135,,,,,,,,,,,Y,,,,88527,[],[],,,1,
dse_ownership,2026-09-08 09:58:42.208757+00:00,496,a4e388692d1a4e3fa50e0610a30f29c3,f57e336f10e9cffc6aac18a849b97196acb18dd71d000bd6592c0bcebbec856c,200,387,TB10Y0231,,,,,,,,,,,Y,,,,88415,[],[],,,1,
dse_ownership,2026-09-08 09:58:42.847655+00:00,498,a4e388692d1a4e3fa50e0610a30f29c3,0d5a6d393ec290b0df193090ccadaa5671ed56db8a63da200870ea7399f67f3f,200,483,TB10Y0234,,,,,,,,,,,Y,,,,88511,[],[],,,1,
dse_ownership,2026-09-08 09:58:43.421218+00:00,500,a4e388692d1a4e3fa50e0610a30f29c3,af22d498b909c5d9a55e44c7f2d14f161a52cbce0b4c08a285fa7276c2386023,200,414,TB10Y0333,,,,,,,,,,,Y,,,,88502,[],[],,,1,
dse_ownership,2026-09-08 09:58:44.123853+00:00,502,a4e388692d1a4e3fa50e0610a30f29c3,c3bbcb6dcec0593ce39a97b6171371f6555c78172b94e061c8d9baed4053dd73,200,484,TB10Y0335,,,,,,,,,,,Y,,,,88531,[],[],,,1,
dse_ownership,2026-09-08 09:58:44.662235+00:00,504,a4e388692d1a4e3fa50e0610a30f29c3,d2ab0baffffd8ca62896efd8e25c69d69fd8657ae8f25d588418d2baba49a56c,200,385,TB10Y0429,,,,,,,,,,,Y,,,,88377,[],[],,,1,
dse_ownership,2026-09-08 09:58:45.246075+00:00,506,a4e388692d1a4e3fa50e0610a30f29c3,2e88044de47c27b10606d464ebe09e3dddac473fd2d96761dad946e5d79ad345,200,420,TB10Y0434,,,,,,,,,,,Y,,,,88515,[],[],,,1,
dse_ownership,2026-09-08 09:58:45.765554+00:00,508,a4e388692d1a4e3fa50e0610a30f29c3,d27bf0098772737e30400d3e871ea2c7751597cb85ee6e5b19305222f48f7b91,200,371,TB10Y0530,,,,,,,,,,,Y,,,,88400,[],[],,,1,
dse_ownership,2026-09-08 09:58:46.456493+00:00,510,a4e388692d1a4e3fa50e0610a30f29c3,724a12861fc12a013dc470a664ef5da749adf020c101a9325bf8314c2d702fb4,200,435,TB10Y0531,,,,,,,,,,,Y,,,,88420,[],[],,,1,
dse_ownership,2026-09-08 09:58:47.079713+00:00,512,a4e388692d1a4e3fa50e0610a30f29c3,010cd9b84243862208494ab84de53bda3cf5457ec0b804aaba3ba1f8e3b48eca,200,453,TB10Y0532,,,,,,,,,,,Y,,,,88436,[],[],,,1,
dse_ownership,2026-09-08 09:58:47.869751+00:00,514,a4e388692d1a4e3fa50e0610a30f29c3,c9fd431711bbcc5ae4b434ee7d1c643b0ee38f8f135f97b466ab896a1c6bfdd2,200,565,TB10Y0535,,,,,,,,,,,Y,,,,88536,[],[],,,1,
dse_ownership,2026-09-08 09:58:48.532890+00:00,516,a4e388692d1a4e3fa50e0610a30f29c3,42be937b4415fc6b385e4e444f04be08fd6f119fb2418e9572dc4d7697d17b85,200,401,TB10Y0628,,,,,,,,,,,Y,,,,88356,[],[],,,1,
dse_ownership,2026-09-08 09:58:49.100782+00:00,518,a4e388692d1a4e3fa50e0610a30f29c3,0c236f1e90c52eac429a7b2586b91ed9fe4746066193699e454e128a70593039,200,406,TB10Y0629,,,,,,,,,,,Y,,,,88382,[],[],,,1,
dse_ownership,2026-09-08 09:58:49.771303+00:00,520,a4e388692d1a4e3fa50e0610a30f29c3,2e1a5eab780382147e5646f12c625095a9e6db9124a92c86e3626cb629141bfa,200,466,TB10Y0630,,,,,,,,,,,Y,,,,88402,[],[],,,1,
dse_ownership,2026-09-08 09:58:50.526142+00:00,522,a4e388692d1a4e3fa50e0610a30f29c3,f10d2a0f2c4f54788663de27c3f0a6d182db0c5a6cd937f400b0486b1412d9f3,200,523,TB10Y0632,,,,,,,,,,,Y,,,,88438,[],[],,,1,
dse_ownership,2026-09-08 09:58:51.132729+00:00,524,a4e388692d1a4e3fa50e0610a30f29c3,bad8482b63da6d12416d7c072d8466e7dafcd39a6b8ad1bf5721774f398393a5,200,444,TB10Y0634,,,,,,,,,,,Y,,,,88519,[],[],,,1,
dse_ownership,2026-09-08 09:58:51.745232+00:00,526,a4e388692d1a4e3fa50e0610a30f29c3,58e5a94e59ef27f07887e55202216f4c952c18c87cedd3e8eb035cb0bf0c18c0,200,456,TB10Y0730,,,,,,,,,,,Y,,,,88404,[],[],,,1,
dse_ownership,2026-09-08 09:58:52.432674+00:00,528,a4e388692d1a4e3fa50e0610a30f29c3,80d1ed93c1f22132398647c6c6a0a6e4af7f72bfe5198421a3049ac18170da2f,200,411,TB10Y0731,,,,,,,,,,,Y,,,,88423,[],[],,,1,
dse_ownership,2026-09-08 09:58:53.033407+00:00,530,a4e388692d1a4e3fa50e0610a30f29c3,c4e81d8d907d6f9cdcc2af198a3c5f46626f450fd8fcfef348e48b4b6583721b,200,445,TB10Y0735,,,,,,,,,,,Y,,,,88541,[],[],,,1,
dse_ownership,2026-09-08 09:58:53.672526+00:00,532,a4e388692d1a4e3fa50e0610a30f29c3,7ee85eecc20a9cabe6d874d5e0b690dfa2970c1fa41158a28b3bca375a4fd161,200,469,TB10Y0829,,,,,,,,,,,Y,,,,88387,[],[],,,1,
dse_ownership,2026-09-08 09:58:54.334744+00:00,534,a4e388692d1a4e3fa50e0610a30f29c3,5434f7bf702e176030f0060d0ac6212e9e15d86acee6a80dda8d40b418c1e56b,200,419,TB10Y0833,,,,,,,,,,,Y,,,,88505,[],[],,,1,
dse_ownership,2026-09-08 09:58:54.958956+00:00,536,a4e388692d1a4e3fa50e0610a30f29c3,cde08d6e89f715077c2470b3044afc06a82fdc7539b1a45280e0e9312bd0571c,200,459,TB10Y0932,,,,,,,,,,,Y,,,,88490,[],[],,,1,
dse_ownership,2026-09-08 09:58:55.511686+00:00,538,a4e388692d1a4e3fa50e0610a30f29c3,263e50b67218403ec7b197072590c61d8ac0aa310378f1b0195b1d3400e9d7e0,200,392,TB10Y1027,,,,,,,,,,,Y,,,,88339,[],[],,,1,
dse_ownership,2026-09-08 09:58:56.128181+00:00,540,a4e388692d1a4e3fa50e0610a30f29c3,0ebb455174a8d47ab3737b9a68f6485fd031e57707d3dc92bb9d16f7812e87ba,200,469,TB10Y1030,,,,,,,,,,,Y,,,,88410,[],[],,,1,
dse_ownership,2026-09-08 09:58:56.769311+00:00,542,a4e388692d1a4e3fa50e0610a30f29c3,7507ae6af81305d647e5a6459b6dbbfcd70768d7e41bfd4735b6f9cf1f94a292,200,416,TB10Y1031,,,,,,,,,,,Y,,,,88427,[],[],,,1,
dse_ownership,2026-09-08 09:58:57.345670+00:00,544,a4e388692d1a4e3fa50e0610a30f29c3,c3cc7abbb24385f20860413156105a9a0d60e6c4d3d0c9bc288e218201139998,200,417,TB10Y1128,,,,,,,,,,,Y,,,,88366,[],[],,,1,
dse_ownership,2026-09-08 09:58:57.928073+00:00,546,a4e388692d1a4e3fa50e0610a30f29c3,084a8a1b67d9d3c5ff28224b9bbd7cc0ec0eff127c088f3b000f87016f71d894,200,426,TB10Y1135,,,,,,,,,,,Y,,,,88547,[],[],,,1,
dse_ownership,2026-09-08 09:58:58.569161+00:00,548,a4e388692d1a4e3fa50e0610a30f29c3,ff2aa046cc624fdc5c324256161063d7c616abb5b5d730efbc17055918cca32d,200,392,TB10Y1229,,,,,,,,,,,Y,,,,88394,[],[],,,1,
dse_ownership,2026-09-08 09:58:59.108985+00:00,550,a4e388692d1a4e3fa50e0610a30f29c3,9e2b7e8d9930dfa64edb8d0dab79be4ab732c0a76942c786cd973d565d757d43,200,385,TB10Y1232,,,,,,,,,,,Y,,,,88494,[],[],,,1,
dse_ownership,2026-09-08 09:58:59.734110+00:00,552,a4e388692d1a4e3fa50e0610a30f29c3,a5b22d6e91635a84af4a0bb9f2587193a9135e91d14ead3ed31d8a4ad3bcd15f,200,457,TB15Y0127,,,,,,,,,,,Y,,,,88324,[],[],,,1,
dse_ownership,2026-09-08 09:59:00.386051+00:00,554,a4e388692d1a4e3fa50e0610a30f29c3,ae1c3601cb137382f6bfd744ab12d213b6324df2da70e06df407193a84dd797f,200,441,TB15Y0128,,,,,,,,,,,Y,,,,88345,[],[],,,1,
dse_ownership,2026-09-08 09:59:00.978378+00:00,556,a4e388692d1a4e3fa50e0610a30f29c3,77ef143bc05c928943444773c8b3692a6a205ac6e38109d50064c3c948f4987f,200,438,TB15Y0129,,,,,,,,,,,Y,,,,88372,[],[],,,1,
dse_ownership,2026-09-08 09:59:01.518717+00:00,558,a4e388692d1a4e3fa50e0610a30f29c3,5cd5d3b0f498fb3e731abed8b57095bb838f21f5088076561e1cda8a7d43c6e4,200,382,TB15Y0227,,,,,,,,,,,Y,,,,88325,[],[],,,1,
dse_ownership,2026-09-08 09:59:02.181856+00:00,560,a4e388692d1a4e3fa50e0610a30f29c3,b43548cb8925ba9cad0388155cec5aa442c5c423d9e9721f45cd00b18ceb3ebd,200,427,TB15Y0228,,,,,,,,,,,Y,,,,88347,[],[],,,1,
dse_ownership,2026-09-08 09:59:02.733127+00:00,562,a4e388692d1a4e3fa50e0610a30f29c3,a2a631f3517eed7e48a6838e162502c0e431e3031c1168808859d190f994f9c2,200,399,TB15Y0229,,,,,,,,,,,Y,,,,88374,[],[],,,1,
dse_ownership,2026-09-08 09:59:03.383822+00:00,564,a4e388692d1a4e3fa50e0610a30f29c3,174b53173c000ae5b237d613d1e63e8a7381ad9c528c157b4d2e6b473a636fc8,200,483,TB15Y0327,,,,,,,,,,,Y,,,,88327,[],[],,,1,
dse_ownership,2026-09-08 09:59:04.056539+00:00,566,a4e388692d1a4e3fa50e0610a30f29c3,c76c52e32cae7664fe4ca6c0dc0ced7814b9268d1b83a80a2168120686be0b09,200,517,TB15Y0328,,,,,,,,,,,Y,,,,88349,[],[],,,1,
dse_ownership,2026-09-08 09:59:04.698007+00:00,568,a4e388692d1a4e3fa50e0610a30f29c3,97eb3667f778d6830474f655e67d2c3b63fddfda69eadda6c54ca7d5b241ba50,200,408,TB15Y0329,,,,,,,,,,,Y,,,,88376,[],[],,,1,
dse_ownership,2026-09-08 09:59:05.226377+00:00,570,a4e388692d1a4e3fa50e0610a30f29c3,031c04a958cf763db5def98f181be37e5d8fcc999534e9625e5f6902746c27cb,200,382,TB15Y0339,,,,,,,,,,,Y,,,,88512,[],[],,,1,
dse_ownership,2026-09-08 09:59:05.760875+00:00,572,a4e388692d1a4e3fa50e0610a30f29c3,07e5edf35d5bf28c3885f019af75e87656841200fe03aa8041f0c8bc50be437c,200,388,TB15Y0340,,,,,,,,,,,Y,,,,88532,[],[],,,1,
dse_ownership,2026-09-08 09:59:06.376211+00:00,574,a4e388692d1a4e3fa50e0610a30f29c3,f034bc6484cd017743fca757e21b653d44414bf2438c5ab23a9343879d69a00d,200,397,TB15Y0427,,,,,,,,,,,Y,,,,88328,[],[],,,1,
dse_ownership,2026-09-08 09:59:07.025397+00:00,576,a4e388692d1a4e3fa50e0610a30f29c3,69cfcfaefdc5ffb5a49f0371b248c504cc3262b439afd12bda5016ab5a4113d0,200,494,TB15Y0428,,,,,,,,,,,Y,,,,88351,[],[],,,1,
dse_ownership,2026-09-08 09:59:07.555484+00:00,578,a4e388692d1a4e3fa50e0610a30f29c3,72ef4214fd50ef4c13380d07e2f851bfe93ceb8b8f3b58f2ebf975b98bf6def6,200,370,TB15Y0429,,,,,,,,,,,Y,,,,88378,[],[],,,1,
dse_ownership,2026-09-08 09:59:08.195939+00:00,580,a4e388692d1a4e3fa50e0610a30f29c3,d877fa7c36cde04a12ed0ef88a3e5e7041df2db191bb4dfb752dea133ac60d9d,200,396,TB15Y0431,,,,,,,,,,,Y,,,,88418,[],[],,,1,
dse_ownership,2026-09-08 09:59:08.800258+00:00,582,a4e388692d1a4e3fa50e0610a30f29c3,14b23d93eb7a32c36b7afd8e2e2ae7d2cd679af7d5307d0e6e7dc9579fac40cf,200,447,TB15Y0437,,,,,,,,,,,Y,,,,88477,[],[],,,1,
dse_ownership,2026-09-08 09:59:09.391996+00:00,584,a4e388692d1a4e3fa50e0610a30f29c3,a0ad7a9b7f35a0d14317a464a182d4d96b30f6f980c612ead9a175631284d396,200,434,TB15Y0527,,,,,,,,,,,Y,,,,88330,[],[],,,1,
dse_ownership,2026-09-08 09:59:10.069464+00:00,586,a4e388692d1a4e3fa50e0610a30f29c3,0cebea1eafe52f6a62c69031f2a957f1d9426ceea015d4c3d5fc9b8a51e9fb5d,200,452,TB15Y0528,,,,,,,,,,,Y,,,,88353,[],[],,,1,
dse_ownership,2026-09-08 09:59:10.639132+00:00,588,a4e388692d1a4e3fa50e0610a30f29c3,5b94f445e75ad6085953f43a8de10b5094065fee4ca5b6d69b6f376dfe479a77,200,410,TB15Y0529,,,,,,,,,,,Y,,,,88381,[],[],,,1,
dse_ownership,2026-09-08 09:59:11.264292+00:00,590,a4e388692d1a4e3fa50e0610a30f29c3,a5b6fdfd2d96fe5d32a3d57c053c735b2c820be6eb424514470b2e1eea6d36df,200,457,TB15Y0535,,,,,,,,,,,Y,,,,88471,[],[],,,1,
dse_ownership,2026-09-08 09:59:11.863793+00:00,592,a4e388692d1a4e3fa50e0610a30f29c3,8169316a67043ae71e47c0cfabf32e173f46857e4f18d42dc699f0995ca759c6,200,452,TB15Y0627,,,,,,,,,,,Y,,,,88331,[],[],,,1,
dse_ownership,2026-09-08 09:59:12.577649+00:00,594,a4e388692d1a4e3fa50e0610a30f29c3,02aa1bb9cd817628aaf6319cc99fc301aded52691e54006cf56a52b19e6c21c6,200,487,TB15Y0628,,,,,,,,,,,Y,,,,88355,[],[],,,1,
dse_ownership,2026-09-08 09:59:13.145152+00:00,596,a4e388692d1a4e3fa50e0610a30f29c3,3fb50c50cb0cc4b12e80d487d83284e076e17f238c516133839a4995f504886c,200,413,TB15Y0629,,,,,,,,,,,Y,,,,88384,[],[],,,1,
dse_ownership,2026-09-08 09:59:13.680543+00:00,598,a4e388692d1a4e3fa50e0610a30f29c3,b424b642694499e87bc462935fc748bafb3403546e08a69fed2c219604476541,200,382,TB15Y0635,,,,,,,,,,,Y,,,,88472,[],[],,,1,
dse_ownership,2026-09-08 09:59:14.360474+00:00,600,a4e388692d1a4e3fa50e0610a30f29c3,e179e1740b11846fdfd0efda6c54fb55332bbb24d4d291bfc899b67ac02eea49,200,450,TB15Y0637,,,,,,,,,,,Y,,,,88478,[],[],,,1,
dse_ownership,2026-09-08 09:59:14.897622+00:00,602,a4e388692d1a4e3fa50e0610a30f29c3,3c74701ca3af07f395a8e939463d62336acb543968db6a28aebf00562a466d87,200,391,TB15Y0727,,,,,,,,,,,Y,,,,88333,[],[],,,1,
dse_ownership,2026-09-08 09:59:15.434737+00:00,604,a4e388692d1a4e3fa50e0610a30f29c3,9374b7b65e9b8a23071c38b4b8a45daab39d0bd7987f424c842224446d8fb605,200,393,TB15Y0728,,,,,,,,,,,Y,,,,88359,[],[],,,1,
dse_ownership,2026-09-08 09:59:16.123599+00:00,606,a4e388692d1a4e3fa50e0610a30f29c3,51b844c317ba59215c0f8a4a61c6afa039e1b7b0920e9e01ffcd165bab3be744,200,425,TB15Y0729,,,,,,,,,,,Y,,,,88385,[],[],,,1,
dse_ownership,2026-09-08 09:59:16.663291+00:00,608,a4e388692d1a4e3fa50e0610a30f29c3,f964cb4875456664c8fd60b36b67285c92146be8845749f37b968c73e1b22d79,200,374,TB15Y0730,,,,,,,,,,,Y,,,,88406,[],[],,,1,
dse_ownership,2026-09-08 09:59:17.231260+00:00,610,a4e388692d1a4e3fa50e0610a30f29c3,49a79314ef628eb26b7173f8db67f4cda0601a527ea61efb5f104039d13e44ce,200,403,TB15Y0736,,,,,,,,,,,Y,,,,88476,[],[],,,1,
dse_ownership,2026-09-08 09:59:17.899306+00:00,612,a4e388692d1a4e3fa50e0610a30f29c3,30425dcf7bcb1d78bc62c70343725f25c93761b8f00d8143ee975bc334ac9ad0,200,399,TB15Y0828,,,,,,,,,,,Y,,,,88361,[],[],,,1,
dse_ownership,2026-09-08 09:59:18.670053+00:00,614,a4e388692d1a4e3fa50e0610a30f29c3,61c32f704441fc3606c6cb669eece3b52a363c4707a57d1defe7e4ca4867b78c,200,576,TB15Y0829,,,,,,,,,,,Y,,,,88389,[],[],,,1,
dse_ownership,2026-09-08 09:59:19.210123+00:00,616,a4e388692d1a4e3fa50e0610a30f29c3,9496fbb2d09ecf24d1de0f7ac770a1e1b3e467962b65f98e88686f9f6c5d9b24,200,377,TB15Y0840,,,,,,,,,,,Y,,,,88542,[],[],,,1,
dse_ownership,2026-09-08 09:59:19.770142+00:00,618,a4e388692d1a4e3fa50e0610a30f29c3,c2763628f53d6fa2c6504ceece28fa03c0583ebb39e2e2afccdace524d1f0493,200,397,TB15Y0926,,,,,,,,,,,Y,,,,88318,[],[],,,1,
dse_ownership,2026-09-08 09:59:20.479384+00:00,620,a4e388692d1a4e3fa50e0610a30f29c3,bea500ac6311c42f404b0864d77141141bb3f0b7e0bab8ce7e6e0131593a4f04,200,449,TB15Y0927,,,,,,,,,,,Y,,,,88336,[],[],,,1,
dse_ownership,2026-09-08 09:59:21.090579+00:00,622,a4e388692d1a4e3fa50e0610a30f29c3,9cf6b9b0b0da426e3f1a17b822a44e38c29229f49946c6481a8d68b2dee5e139,200,396,TB15Y0928,,,,,,,,,,,Y,,,,88363,[],[],,,1,
dse_ownership,2026-09-08 09:59:21.683941+00:00,624,a4e388692d1a4e3fa50e0610a30f29c3,1f60442f69f29f8aa0edc9f5a4c1a968058ee9c4f13e36f3260d82b3f45c2263,200,420,TB15Y0929,,,,,,,,,,,Y,,,,88390,[],[],,,1,
dse_ownership,2026-09-08 09:59:22.289045+00:00,626,a4e388692d1a4e3fa50e0610a30f29c3,3fffda14c3bf9d9d4cbbeb5a25bd9149e7c228c4763c3dde65c979d27179ea4f,200,385,TB15Y0930,,,,,,,,,,,Y,,,,88408,[],[],,,1,
dse_ownership,2026-09-08 09:59:22.839930+00:00,628,a4e388692d1a4e3fa50e0610a30f29c3,e5e9fb30169a0e70c151652a92b0eef657decbe3f8ca3c3cb88c2004e62be11a,200,392,TB15Y0933,,,,,,,,,,,Y,,,,88455,[],[],,,1,
dse_ownership,2026-09-08 09:59:23.563758+00:00,630,a4e388692d1a4e3fa50e0610a30f29c3,d4a76722046e8faea64d4b55fbc50278c6579252cb5ee15e5c8f57fdfdb01020,200,559,TB15Y1026,,,,,,,,,,,Y,,,,88319,[],[],,,1,
dse_ownership,2026-09-08 09:59:24.251376+00:00,632,a4e388692d1a4e3fa50e0610a30f29c3,cdbb409cf111bd3ebd249f341821467a0f71c05ca34a6580310c61577e9894e2,200,478,TB15Y1027,,,,,,,,,,,Y,,,,88338,[],[],,,1,
dse_ownership,2026-09-08 09:59:24.858151+00:00,634,a4e388692d1a4e3fa50e0610a30f29c3,f1b57c4d4f8cc6ba7e63ed3ec1c3ed33f6f5700707b9ba90ed7315971684659f,200,444,TB15Y1028,,,,,,,,,,,Y,,,,88364,[],[],,,1,
dse_ownership,2026-09-08 09:59:25.429537+00:00,636,a4e388692d1a4e3fa50e0610a30f29c3,3f05234de08d879c4a9e5b057d7b6cc7619d940f6150fbbefdd7afffe8c4d681,200,398,TB15Y1029,,,,,,,,,,,Y,,,,88392,[],[],,,1,
dse_ownership,2026-09-08 09:59:26.081312+00:00,638,a4e388692d1a4e3fa50e0610a30f29c3,11b51d9f56dd434354f4bb5272e5ebcb84c2246715934fe6f1696adc71a4ac3d,200,415,TB15Y1126,,,,,,,,,,,Y,,,,88321,[],[],,,1,
dse_ownership,2026-09-08 09:59:26.644719+00:00,640,a4e388692d1a4e3fa50e0610a30f29c3,ea606d45fba63e32ccc03522a40ea9191fcc8c83be32d58f2da6a8b46585f94a,200,393,TB15Y1127,,,,,,,,,,,Y,,,,88341,[],[],,,1,
dse_ownership,2026-09-08 09:59:27.246389+00:00,642,a4e388692d1a4e3fa50e0610a30f29c3,f2937842af1b3621402d29b2dc576e1a17586a1ebbff5f2babb2b164af057b5f,200,412,TB15Y1128,,,,,,,,,,,Y,,,,88368,[],[],,,1,
dse_ownership,2026-09-08 09:59:27.889412+00:00,644,a4e388692d1a4e3fa50e0610a30f29c3,a640fe9bd0bebc9e29a6583cfac2a368b0855ae60710ba83bd10ade4062c679f,200,470,TB15Y1129,,,,,,,,,,,Y,,,,88393,[],[],,,1,
dse_ownership,2026-09-08 09:59:28.620297+00:00,646,a4e388692d1a4e3fa50e0610a30f29c3,952a781ffd50c44d254e0f087e829726a81742164df1f019f45f17758cbe64db,200,458,TB15Y1133,,,,,,,,,,,Y,,,,88458,[],[],,,1,
dse_ownership,2026-09-08 09:59:29.184178+00:00,648,a4e388692d1a4e3fa50e0610a30f29c3,42aae6eb8c8968a9135ab6e08048ac0178bc0bc199febfe61ee441b20e6f5a53,200,415,TB15Y1226,,,,,,,,,,,Y,,,,88322,[],[],,,1,
dse_ownership,2026-09-08 09:59:29.826218+00:00,650,a4e388692d1a4e3fa50e0610a30f29c3,e2dd710011b9d3cc54d2282a0851226f8f42a670abf044b66dd635e20f5004cf,200,455,TB15Y1227,,,,,,,,,,,Y,,,,88343,[],[],,,1,
dse_ownership,2026-09-08 09:59:30.437105+00:00,652,a4e388692d1a4e3fa50e0610a30f29c3,4a6a0a079c1f306a089e7dfa9644aa832d29018497db9baee6e54286d9bb5ae7,200,369,TB15Y1228,,,,,,,,,,,Y,,,,88370,[],[],,,1,
dse_ownership,2026-09-08 09:59:31.000649+00:00,654,a4e388692d1a4e3fa50e0610a30f29c3,0574b36503707d00a2f60b6139e2aa0a3c27606120c786a21e68dacbe8d1f825,200,392,TB20Y0128,,,,,,,,,,,Y,,,,88346,[],[],,,1,
dse_ownership,2026-09-08 09:59:31.548572+00:00,656,a4e388692d1a4e3fa50e0610a30f29c3,2e4f1bdebcab24d9c85465f1a040ae5df65874f7d6554092e358716737bb2e20,200,382,TB20Y0129,,,,,,,,,,,Y,,,,88371,[],[],,,1,
dse_ownership,2026-09-08 09:59:32.270383+00:00,658,a4e388692d1a4e3fa50e0610a30f29c3,1f111ec86d77499e2c1072b7ff5df15931825dfc07383466160fe3dc972b3c87,200,443,TB20Y0131,,,,,,,,,,,Y,,,,88414,[],[],,,1,
dse_ownership,2026-09-08 09:59:32.898438+00:00,660,a4e388692d1a4e3fa50e0610a30f29c3,c329a3d4c1c6a40405d9d2b7c440b428ab308159a856be6dd68762ba6df11205,200,479,TB20Y0132,,,,,,,,,,,Y,,,,88432,[],[],,,1,
dse_ownership,2026-09-08 09:59:33.507321+00:00,662,a4e388692d1a4e3fa50e0610a30f29c3,e0c2d10b4116be3740d73a379813e2a0e896d0e034a6eb86eafaf562c76cec71,200,440,TB20Y0133,,,,,,,,,,,Y,,,,88446,[],[],,,1,
dse_ownership,2026-09-08 09:59:34.222256+00:00,664,a4e388692d1a4e3fa50e0610a30f29c3,b4fac7a22eb84d39cb0998ce0cf39aadf6d83080229614884b4c2444c096dd72,200,464,TB20Y0134,,,,,,,,,,,Y,,,,88460,[],[],,,1,
dse_ownership,2026-09-08 09:59:34.755601+00:00,666,a4e388692d1a4e3fa50e0610a30f29c3,d12a619fd0a076f8ea3c56038456310b75a35c2600f652a13ffb7d3cb1fcff58,200,377,TB20Y0143,,,,,,,,,,,Y,,,,88499,[],[],,,1,
dse_ownership,2026-09-08 09:59:35.467938+00:00,668,a4e388692d1a4e3fa50e0610a30f29c3,68c80993fc676a35dbc09e18af57cf229cf477a933638896fa29a0419d132193,200,550,TB20Y0228,,,,,,,,,,,Y,,,,88348,[],[],,,1,
dse_ownership,2026-09-08 09:59:36.017720+00:00,670,a4e388692d1a4e3fa50e0610a30f29c3,1e81bdf4489dd8bb7db89e93f8df103a38598a74e63992807030b82359c4a28c,200,405,TB20Y0229,,,,,,,,,,,Y,,,,88373,[],[],,,1,
dse_ownership,2026-09-08 09:59:36.701233+00:00,672,a4e388692d1a4e3fa50e0610a30f29c3,66b7063f40dbc2360a0d4fcc92a2a441bc9c7779fba9ccb57cf56511e37d650a,200,430,TB20Y0230,,,,,,,,,,,Y,,,,88397,[],[],,,1,
dse_ownership,2026-09-08 09:59:37.301381+00:00,674,a4e388692d1a4e3fa50e0610a30f29c3,6ef71defc23b31bb568ef296dda7bf3a5342c5316cfcc70db276ed2ab246f4a8,200,439,TB20Y0231,,,,,,,,,,,Y,,,,88416,[],[],,,1,
dse_ownership,2026-09-08 09:59:37.939549+00:00,676,a4e388692d1a4e3fa50e0610a30f29c3,b27c894b15ec30bf4379170140e37fb42934ed76cde32ba2df84e49e700b9dd9,200,488,TB20Y0232,,,,,,,,,,,Y,,,,88433,[],[],,,1,
dse_ownership,2026-09-08 09:59:38.563466+00:00,678,a4e388692d1a4e3fa50e0610a30f29c3,627b8e24b0ebfc252dec05bf88d7a560906475dcf08b2f2bc6428368483b147a,200,392,TB20Y0233,,,,,,,,,,,Y,,,,88447,[],[],,,1,
dse_ownership,2026-09-08 09:59:39.086781+00:00,680,a4e388692d1a4e3fa50e0610a30f29c3,2c94713519b9f0084f753484922f6ddd634c2d239318952765d90ef58b6823f0,200,378,TB20Y0234,,,,,,,,,,,Y,,,,88461,[],[],,,1,
dse_ownership,2026-09-08 09:59:39.647593+00:00,682,a4e388692d1a4e3fa50e0610a30f29c3,3eb8663eb566ef6bbd2fd2ca0d52fe5e637e8de099976f08c4980ab3cd07071d,200,417,TB20Y0328,,,,,,,,,,,Y,,,,88350,[],[],,,1,
dse_ownership,2026-09-08 09:59:40.283388+00:00,684,a4e388692d1a4e3fa50e0610a30f29c3,8fe019ec7647aac00eeeb9f2b7398526174d489a9f1e83ba69335ab7b7a99bfc,200,422,TB20Y0329,,,,,,,,,,,Y,,,,88375,[],[],,,1,
dse_ownership,2026-09-08 09:59:40.843495+00:00,686,a4e388692d1a4e3fa50e0610a30f29c3,6f7b99a9a6889793cfbdfa06ecd722c35c258df41bcb3db435df9895aca8b0b9,200,416,TB20Y0330,,,,,,,,,,,Y,,,,88398,[],[],,,1,
dse_ownership,2026-09-08 09:59:41.370426+00:00,688,a4e388692d1a4e3fa50e0610a30f29c3,d51da486d9fe18c33497a7bfd74129e6907d9faf57e5b2cae20e59715aeba452,200,373,TB20Y0331,,,,,,,,,,,Y,,,,88417,[],[],,,1,
dse_ownership,2026-09-08 09:59:41.962686+00:00,690,a4e388692d1a4e3fa50e0610a30f29c3,4e6f3b82aadfd666e65fa5a1fcdd815c97131f0ba7607ad0c9def051d167fe60,200,362,TB20Y0332,,,,,,,,,,,Y,,,,88434,[],[],,,1,
dse_ownership,2026-09-08 09:59:42.555226+00:00,692,a4e388692d1a4e3fa50e0610a30f29c3,9b5152415135326fe56c5bb5ae5ba5eb63881c624ddd2bd1076582f9f35c4acb,200,394,TB20Y0333,,,,,,,,,,,Y,,,,88448,[],[],,,1,
dse_ownership,2026-09-08 09:59:43.106657+00:00,694,a4e388692d1a4e3fa50e0610a30f29c3,5bcc94397c7fbfe58cd45aad4638be980d9d5407c89ce999b7a3a76e066249e1,200,382,TB20Y0334,,,,,,,,,,,Y,,,,88462,[],[],,,1,
dse_ownership,2026-09-08 09:59:43.634581+00:00,696,a4e388692d1a4e3fa50e0610a30f29c3,8e924b99013eccf39b513a35d23fef5a22a6aae58c3a2a122f041b893e9f1a86,200,382,TB20Y0342,,,,,,,,,,,Y,,,,88484,[],[],,,1,
dse_ownership,2026-09-08 09:59:44.268069+00:00,698,a4e388692d1a4e3fa50e0610a30f29c3,de11b63d2663ee6b088546c5b00cce47b2c471a99719c6d1563ca90d4558e86b,200,406,TB20Y0428,,,,,,,,,,,Y,,,,88352,[],[],,,1,
dse_ownership,2026-09-08 09:59:45.113525+00:00,700,a4e388692d1a4e3fa50e0610a30f29c3,0bd0b55a0ef57f9cbf6147a7fa404f3e9864ba6be27b8c3c2f580e37473f86ad,200,659,TB20Y0429,,,,,,,,,,,Y,,,,88379,[],[],,,1,
dse_ownership,2026-09-08 09:59:45.691313+00:00,702,a4e388692d1a4e3fa50e0610a30f29c3,95e3c4d49d6f7be43c321c40801d44c3bd7f62b612721eb8813cf06b3431ffc5,200,417,TB20Y0430,,,,,,,,,,,Y,,,,88399,[],[],,,1,
dse_ownership,2026-09-08 09:59:46.365439+00:00,704,a4e388692d1a4e3fa50e0610a30f29c3,5029db149e8220a517d2c1c4b13a46fe3121900a2992729d8fc6fb3487fdd2a5,200,455,TB20Y0431,,,,,,,,,,,Y,,,,88419,[],[],,,1,
dse_ownership,2026-09-08 09:59:46.916599+00:00,706,a4e388692d1a4e3fa50e0610a30f29c3,f5ece8dd11d12fadc0a61a2341444e58a530cfde06fcd47fde8bc09bc5ceb7a9,200,398,TB20Y0432,,,,,,,,,,,Y,,,,88435,[],[],,,1,
dse_ownership,2026-09-08 09:59:47.475180+00:00,708,a4e388692d1a4e3fa50e0610a30f29c3,5feaf190ba8cdf08ed8298538390f128b3f0a89ca9d5f7969a2e6bc8dd41c3c9,200,394,TB20Y0433,,,,,,,,,,,Y,,,,88449,[],[],,,1,
dse_ownership,2026-09-08 09:59:48.124836+00:00,710,a4e388692d1a4e3fa50e0610a30f29c3,6ac8c515ac43cf005ecf03eb7440c33c6094db1cc4c650f8536c9b0ea87aee64,200,420,TB20Y0434,,,,,,,,,,,Y,,,,88463,[],[],,,1,
dse_ownership,2026-09-08 09:59:48.700199+00:00,712,a4e388692d1a4e3fa50e0610a30f29c3,d4be3b21475027aab5dc309834c78e693b0011b7a8ea749991a2b3cb12492bbc,200,421,TB20Y0436,,,,,,,,,,,Y,,,,88475,[],[],,,1,
dse_ownership,2026-09-08 09:59:49.364192+00:00,714,a4e388692d1a4e3fa50e0610a30f29c3,86603bf516d3026c94b5a71c2f469813630eb64fb814bea46f7fb9f357982966,200,505,TB20Y0528,,,,,,,,,,,Y,,,,88354,[],[],,,1,
dse_ownership,2026-09-08 09:59:49.994968+00:00,716,a4e388692d1a4e3fa50e0610a30f29c3,9ac82a3e3646af8116ae05266fbecff47d6af66f82d264e692e90ac8e709a7f3,200,409,TB20Y0529,,,,,,,,,,,Y,,,,88380,[],[],,,1,
dse_ownership,2026-09-08 09:59:50.578452+00:00,718,a4e388692d1a4e3fa50e0610a30f29c3,34cd5ec075b2fc3cbd9d1196fb3701171694e27a13e9c513f2ca34c84d10915a,200,429,TB20Y0530,,,,,,,,,,,Y,,,,88401,[],[],,,1,
dse_ownership,2026-09-08 09:59:51.142794+00:00,720,a4e388692d1a4e3fa50e0610a30f29c3,294e95d6b0b67bdf5a661d1bc15df4ef99903003720a618e949e30f2d040ab3d,200,405,TB20Y0531,,,,,,,,,,,Y,,,,88421,[],[],,,1,
dse_ownership,2026-09-08 09:59:51.657033+00:00,722,a4e388692d1a4e3fa50e0610a30f29c3,6c5e583814c7ee8f999a6b75fea0fe0f61f8ec98e77cebab226200aa469381c9,200,365,TB20Y0532,,,,,,,,,,,Y,,,,88437,[],[],,,1,
dse_ownership,2026-09-08 09:59:52.301837+00:00,724,a4e388692d1a4e3fa50e0610a30f29c3,6e02dc0f67db887cafbd79cf8d95f6b336b452da438a5e90b2302f075d141952,200,394,TB20Y0533,,,,,,,,,,,Y,,,,88450,[],[],,,1,
dse_ownership,2026-09-08 09:59:52.880184+00:00,726,a4e388692d1a4e3fa50e0610a30f29c3,19d97edb7f33ed6a0f18b1b6612c1a4d9d6995af2886b7836ab9e7c83b0088cb,200,436,TB20Y0534,,,,,,,,,,,Y,,,,88464,[],[],,,1,
dse_ownership,2026-09-08 09:59:53.406353+00:00,728,a4e388692d1a4e3fa50e0610a30f29c3,b4bf76537ea4ca1056459ac319285e411e42570094716defda091cb610649dd3,200,364,TB20Y0540,,,,,,,,,,,Y,,,,88481,[],[],,,1,
dse_ownership,2026-09-08 09:59:54.033677+00:00,730,a4e388692d1a4e3fa50e0610a30f29c3,33821e02c5c7860752d6b7729457e257d556e5d780ed5c1ff00ab6bf8d9c2eef,200,431,TB20Y0545,,,,,,,,,,,Y,,,,88537,[],[],,,1,
dse_ownership,2026-09-08 09:59:54.622229+00:00,732,a4e388692d1a4e3fa50e0610a30f29c3,571fa97a87cab8dcb85043f100cd4933416519b4e2e2633f4409a86377680bea,200,407,TB20Y0628,,,,,,,,,,,Y,,,,88357,[],[],,,1,
dse_ownership,2026-09-08 09:59:55.202588+00:00,734,a4e388692d1a4e3fa50e0610a30f29c3,4de0c66409c2d9a5b290c8eb9bc728aa8a90c1023c2747bb0ae3ef24a921e67d,200,441,TB20Y0629,,,,,,,,,,,Y,,,,88383,[],[],,,1,
dse_ownership,2026-09-08 09:59:55.856557+00:00,736,a4e388692d1a4e3fa50e0610a30f29c3,c22d01c031ebd63d1b1890599a409e36e331cbfb98d3710ee9cb9ad1890a8d99,200,424,TB20Y0630,,,,,,,,,,,Y,,,,88403,[],[],,,1,
dse_ownership,2026-09-08 09:59:56.436267+00:00,738,a4e388692d1a4e3fa50e0610a30f29c3,93088f25197e162abb914756cdca3af78979ffe78582d4713b23115bfa93264e,200,396,TB20Y0631,,,,,,,,,,,Y,,,,88422,[],[],,,1,
dse_ownership,2026-09-08 09:59:56.968819+00:00,740,a4e388692d1a4e3fa50e0610a30f29c3,c0e5b1a1529abec8da90cacd3c1ffb5c9dadc1a1e90201c0b29302c8b8a2fc12,200,382,TB20Y0632,,,,,,,,,,,Y,,,,88439,[],[],,,1,
dse_ownership,2026-09-08 09:59:57.810932+00:00,742,a4e388692d1a4e3fa50e0610a30f29c3,5c0df96f9731abeb5962a666a70eb8606b131b48a70643d16970633748e9a68b,200,571,TB20Y0633,,,,,,,,,,,Y,,,,88451,[],[],,,1,
dse_ownership,2026-09-08 09:59:58.364483+00:00,744,a4e388692d1a4e3fa50e0610a30f29c3,3aee2495de60cb7f139c2de9629a231d16a799adfeaec67637e6e151aac9f29f,200,396,TB20Y0634,,,,,,,,,,,Y,,,,88465,[],[],,,1,
dse_ownership,2026-09-08 09:59:58.956786+00:00,746,a4e388692d1a4e3fa50e0610a30f29c3,1de30494eb085dd261588d0981a61193f01d0dafd2147fd53018c97d2b4007b4,200,421,TB20Y0639,,,,,,,,,,,Y,,,,88480,[],[],,,1,
dse_ownership,2026-09-08 09:59:59.524983+00:00,748,a4e388692d1a4e3fa50e0610a30f29c3,0a080dda3d065c9e13d8dfb6fa9157165fd1d4735dda683f0880c73344eed3ad,200,411,TB20Y0640,,,,,,,,,,,Y,,,,88482,[],[],,,1,
dse_ownership,2026-09-08 10:00:00.190824+00:00,752,a4e388692d1a4e3fa50e0610a30f29c3,fc0015600104674fcf21db54b4be019535ee3ff8eea00392439ade778fd1c686,200,383,TB20Y0641,,,,,,,,,,,Y,,,,88483,[],[],,,1,
dse_ownership,2026-09-08 10:00:01.609704+00:00,754,a4e388692d1a4e3fa50e0610a30f29c3,70237993ae523486137d1523e1daff7fc801256cb767ae3416831bb917a93a2c,200,433,TB20Y0642,,,,,,,,,,,Y,,,,88485,[],[],,,1,
dse_ownership,2026-09-08 10:00:02.246939+00:00,756,a4e388692d1a4e3fa50e0610a30f29c3,33142eb0016e3cefa609d0f9da3577ae60d00bc592a231718753eaa644bdbe7f,200,478,TB20Y0727,,,,,,,,,,,Y,,,,88334,[],[],,,1,
dse_ownership,2026-09-08 10:00:08.303249+00:00,758,a4e388692d1a4e3fa50e0610a30f29c3,3ecfda3fb5b220a6f78a9b83925638c240e24680ff152a3e22f76b7fd92c3722,200,5806,TB20Y0728,,,,,,,,,,,Y,,,,88358,[],[],,,1,
dse_ownership,2026-09-08 10:00:09.010600+00:00,760,a4e388692d1a4e3fa50e0610a30f29c3,14e2f77edd0fb365985e7beba132305dca80a667ed91c2b64eb2021c0b46eb56,200,551,TB20Y0729,,,,,,,,,,,Y,,,,88386,[],[],,,1,
dse_ownership,2026-09-08 10:00:09.700202+00:00,762,a4e388692d1a4e3fa50e0610a30f29c3,deba487a0dd841d2f46a473eee263d911bdebf7358893aa9ec400cc8314e7e0b,200,537,TB20Y0730,,,,,,,,,,,Y,,,,88405,[],[],,,1,
dse_ownership,2026-09-08 10:00:10.306209+00:00,764,a4e388692d1a4e3fa50e0610a30f29c3,7f8355dfb5f16070f68ad25669f2a430a82b66c657c0c9ecc3f3389c63d8c2d2,200,387,TB20Y0731,,,,,,,,,,,Y,,,,88424,[],[],,,1,
dse_ownership,2026-09-08 10:00:10.890528+00:00,766,a4e388692d1a4e3fa50e0610a30f29c3,ce97abb490b4071caf685613723a1508417693dcd067231482d4f40c268c0864,200,437,TB20Y0732,,,,,,,,,,,Y,,,,88440,[],[],,,1,
dse_ownership,2026-09-08 10:00:11.418442+00:00,768,a4e388692d1a4e3fa50e0610a30f29c3,967e7cd2614ada73593a761241df70dd5196245a8236a8e5644ff39347cc3233,200,369,TB20Y0733,,,,,,,,,,,Y,,,,88452,[],[],,,1,
dse_ownership,2026-09-08 10:00:12.101692+00:00,770,a4e388692d1a4e3fa50e0610a30f29c3,ce66e49b3bbaf4f915b6f51793aadfa7c75ba170be3fa7ee6213c8851f46d6ce,200,466,TB20Y0734,,,,,,,,,,,Y,,,,88466,[],[],,,1,
dse_ownership,2026-09-08 10:00:12.698019+00:00,772,a4e388692d1a4e3fa50e0610a30f29c3,a83f34e28ec696b481c386261fdddcc8834ed891c5b519b363cf2fa7df954a76,200,439,TB20Y0735,,,,,,,,,,,Y,,,,88473,[],[],,,1,
dse_ownership,2026-09-08 10:00:13.323129+00:00,774,a4e388692d1a4e3fa50e0610a30f29c3,94107030a50204e9088385d4c43757541b1365d90c797c75d92b7d4ed6dd73a4,200,463,TB20Y0744,,,,,,,,,,,Y,,,,88520,[],[],,,1,
dse_ownership,2026-09-08 10:00:14.043520+00:00,776,a4e388692d1a4e3fa50e0610a30f29c3,51c78b95dc6630dc083960ee421b91fe28ef78309ee5633b3e4c717427ae8269,200,560,TB20Y0827,,,,,,,,,,,Y,,,,88335,[],[],,,1,
dse_ownership,2026-09-08 10:00:14.692412+00:00,778,a4e388692d1a4e3fa50e0610a30f29c3,3187a5427acedb51b157932922a496afb2af782eb75c4828d6be9e1b53e440d1,200,380,TB20Y0828,,,,,,,,,,,Y,,,,88360,[],[],,,1,
dse_ownership,2026-09-08 10:00:15.320857+00:00,780,a4e388692d1a4e3fa50e0610a30f29c3,b9e5b5e255cd5cbf0335b5016f1bebf212837b1bab09fab4c4925e5ec53162b9,200,477,TB20Y0829,,,,,,,,,,,Y,,,,88388,[],[],,,1,
dse_ownership,2026-09-08 10:00:16.034997+00:00,782,a4e388692d1a4e3fa50e0610a30f29c3,77c6631dbce9a516e4dda17c48b52140fe71757c8016fa724cbfa4997c4ef510,200,549,TB20Y0830,,,,,,,,,,,Y,,,,88407,[],[],,,1,
dse_ownership,2026-09-08 10:00:16.824936+00:00,784,a4e388692d1a4e3fa50e0610a30f29c3,2849b468e95f9c0434906ebbcdfee8e0824baee181b605fc1db3c832efccc3c8,200,568,TB20Y0831,,,,,,,,,,,Y,,,,88425,[],[],,,1,
dse_ownership,2026-09-08 10:00:17.344507+00:00,786,a4e388692d1a4e3fa50e0610a30f29c3,80a9219940966894665b5301d2b37bd904a14bfa5aaad33fd0fd9e04cc27e115,200,362,TB20Y0832,,,,,,,,,,,Y,,,,88441,[],[],,,1,
dse_ownership,2026-09-08 10:00:17.914913+00:00,788,a4e388692d1a4e3fa50e0610a30f29c3,eacac333a195b5224b1fd3e39479505e49b7b4fe6abd9a5861d155d629fdbbb2,200,425,TB20Y0833,,,,,,,,,,,Y,,,,88453,[],[],,,1,
dse_ownership,2026-09-08 10:00:18.530033+00:00,790,a4e388692d1a4e3fa50e0610a30f29c3,b3a9fef80939896ceb6278b19c5e7a43bba7b3bda055344dc5ce0c5fc10ed803,200,374,TB20Y0834,,,,,,,,,,,Y,,,,88467,[],[],,,1,
dse_ownership,2026-09-08 10:00:19.185690+00:00,792,a4e388692d1a4e3fa50e0610a30f29c3,f8ca7fa840746fce78295cde334a3072ed0544d3b5f03b62b56c9b988775d47d,200,501,TB20Y0845,,,,,,,,,,,Y,,,,88543,[],[],,,1,
dse_ownership,2026-09-08 10:00:19.726044+00:00,794,a4e388692d1a4e3fa50e0610a30f29c3,1ebdda6cab4ccde103129fde47b19262fd3e2a959d63a4cf47247b01adf2cc5a,200,392,TB20Y0927,,,,,,,,,,,Y,,,,88337,[],[],,,1,
dse_ownership,2026-09-08 10:00:20.323268+00:00,796,a4e388692d1a4e3fa50e0610a30f29c3,06cab80146ccd0579e5595d04462529da63e4dd887cf053f4744aba72cabd86f,200,371,TB20Y0928,,,,,,,,,,,Y,,,,88362,[],[],,,1,
dse_ownership,2026-09-08 10:00:21.038778+00:00,798,a4e388692d1a4e3fa50e0610a30f29c3,2cbdcdbab0b4ff7e6cc70626dc19efce5036857a7205c8a6d50b9a82c6e1d184,200,559,TB20Y0930,,,,,,,,,,,Y,,,,88409,[],[],,,1,
dse_ownership,2026-09-08 10:00:21.592342+00:00,800,a4e388692d1a4e3fa50e0610a30f29c3,d4a8e08f537d32de1a019f5ab7d4e305dd5ced77900ee7da05df34efa6bae121,200,401,TB20Y0931,,,,,,,,,,,Y,,,,88426,[],[],,,1,
dse_ownership,2026-09-08 10:00:22.174135+00:00,802,a4e388692d1a4e3fa50e0610a30f29c3,4a152076be268e9e8a7e3b2504c19a307c7a500fd386a0d62cd4f41ca02cc299,200,373,TB20Y0932,,,,,,,,,,,Y,,,,88442,[],[],,,1,
dse_ownership,2026-09-08 10:00:22.844236+00:00,804,a4e388692d1a4e3fa50e0610a30f29c3,0d89c626def0fc79fd80890133225ca378e4a57c96e21b4d1618e8b2ed916a62,200,413,TB20Y0933,,,,,,,,,,,Y,,,,88454,[],[],,,1,
dse_ownership,2026-09-08 10:00:23.433779+00:00,806,a4e388692d1a4e3fa50e0610a30f29c3,74c8d7cd4c805d075975fb037a9a8c65a3b560e8eff187e924b1c0ca1ad25e7d,200,426,TB20Y0934,,,,,,,,,,,Y,,,,88468,[],[],,,1,
dse_ownership,2026-09-08 10:00:24.020196+00:00,808,a4e388692d1a4e3fa50e0610a30f29c3,405c71e82406402b7d3603b877cae36d50464109dcc4a78939f90e7b70e323c9,200,434,TB20Y1027,,,,,,,,,,,Y,,,,88340,[],[],,,1,
dse_ownership,2026-09-08 10:00:24.696490+00:00,810,a4e388692d1a4e3fa50e0610a30f29c3,43c910d7dbb40aa8b734537277d672f0a9c1fbf38f91deb6b8ddff6624279025,200,472,TB20Y1028,,,,,,,,,,,Y,,,,88365,[],[],,,1,
dse_ownership,2026-09-08 10:00:25.295662+00:00,812,a4e388692d1a4e3fa50e0610a30f29c3,ff2a6c6042a97d01cf8cd176f6ece67799ac4cf7f88d072e28279d02d256abdc,200,428,TB20Y1029,,,,,,,,,,,Y,,,,88391,[],[],,,1,
dse_ownership,2026-09-08 10:00:25.853482+00:00,814,a4e388692d1a4e3fa50e0610a30f29c3,4f275939bfb31bafff3e2fe625538b4997a603b2600965391d91f853f1d50a03,200,408,TB20Y1030,,,,,,,,,,,Y,,,,88411,[],[],,,1,
dse_ownership,2026-09-08 10:00:26.638524+00:00,816,a4e388692d1a4e3fa50e0610a30f29c3,3f1c67f59b9fd212bcd2dcfd6016e5a64c228a3248ca13ba3cd59afbef2292c4,200,543,TB20Y1031,,,,,,,,,,,Y,,,,88428,[],[],,,1,
dse_ownership,2026-09-08 10:00:27.185831+00:00,818,a4e388692d1a4e3fa50e0610a30f29c3,03f890cc889eea677ad3e4a5b14585f543b1894d3739f51278d5ec6974652ecc,200,392,TB20Y1032,,,,,,,,,,,Y,,,,88443,[],[],,,1,
dse_ownership,2026-09-08 10:00:27.799036+00:00,820,a4e388692d1a4e3fa50e0610a30f29c3,fe5ecd2741a44c07f1e526c3b3539727db0488248d5e566db8578d1e29607253,200,469,TB20Y1033,,,,,,,,,,,Y,,,,88456,[],[],,,1,
dse_ownership,2026-09-08 10:00:28.455797+00:00,822,a4e388692d1a4e3fa50e0610a30f29c3,6065592b5fa8d309cb6e2dd7922d7a2fce8ed8b00222035767178b395ac7849c,200,421,TB20Y1034,,,,,,,,,,,Y,,,,88469,[],[],,,1,
dse_ownership,2026-09-08 10:00:29.266537+00:00,824,a4e388692d1a4e3fa50e0610a30f29c3,58bc6d2a2b2d1cc2106201cd7dea54b0d5d20d8f875a36c9ce02eb62de7a2f94,200,645,TB20Y1127,,,,,,,,,,,Y,,,,88342,[],[],,,1,
dse_ownership,2026-09-08 10:00:29.840043+00:00,826,a4e388692d1a4e3fa50e0610a30f29c3,8da8c7023fabe9573679449dc2a7afad3086df1c1f39ade1b979ce5f9befc746,200,424,TB20Y1128,,,,,,,,,,,Y,,,,88367,[],[],,,1,
dse_ownership,2026-09-08 10:00:30.436952+00:00,828,a4e388692d1a4e3fa50e0610a30f29c3,72048ddc679345f963df39024aeddb0a435f01bb2b99c07793025790c6fcb261,200,432,TB20Y1130,,,,,,,,,,,Y,,,,88412,[],[],,,1,
dse_ownership,2026-09-08 10:00:31.104962+00:00,830,a4e388692d1a4e3fa50e0610a30f29c3,8c90f5febff56eb6f8ae698b5a1ec4116c7ac8a033c4ffa8349b405cd9c63e53,200,418,TB20Y1131,,,,,,,,,,,Y,,,,88429,[],[],,,1,
dse_ownership,2026-09-08 10:00:31.685225+00:00,832,a4e388692d1a4e3fa50e0610a30f29c3,dae1b7f3d854a75592b5b731f41f4ffe94612578a7a63f4b75881c5b3261f197,200,436,TB20Y1132,,,,,,,,,,,Y,,,,88444,[],[],,,1,
dse_ownership,2026-09-08 10:00:32.279372+00:00,834,a4e388692d1a4e3fa50e0610a30f29c3,6eb1d342333d39775a0d3684fef12fda7ffd0d54b41394bb0f8207f42019ea79,200,432,TB20Y1133,,,,,,,,,,,Y,,,,88457,[],[],,,1,
dse_ownership,2026-09-08 10:00:32.964473+00:00,836,a4e388692d1a4e3fa50e0610a30f29c3,d5f619552251f1ddc5c9a399b97b2124e263f074130d37d8118372cbcfe61954,200,446,TB20Y1134,,,,,,,,,,,Y,,,,88470,[],[],,,1,
dse_ownership,2026-09-08 10:00:33.691096+00:00,838,a4e388692d1a4e3fa50e0610a30f29c3,fda25612b4e4f211f1b3b5e3965595d551aa065b33c1cb3596dedb60d6588f47,200,569,TB20Y1135,,,,,,,,,,,Y,,,,88474,[],[],,,1,
dse_ownership,2026-09-08 10:00:34.416934+00:00,840,a4e388692d1a4e3fa50e0610a30f29c3,4a45de1031ff42c63e87abbb99e72d42a6388b5356c584fe5335aebaf4353b3b,200,534,TB20Y1138,,,,,,,,,,,Y,,,,88479,[],[],,,1,
dse_ownership,2026-09-08 10:00:35.067373+00:00,842,a4e388692d1a4e3fa50e0610a30f29c3,a4379902abe388972968daf4a68dd711931426caed1b6fb85eff7c2768524fbe,200,391,TB20Y1227,,,,,,,,,,,Y,,,,88344,[],[],,,1,
dse_ownership,2026-09-08 10:00:35.695489+00:00,844,a4e388692d1a4e3fa50e0610a30f29c3,83237a0892042c9ac6df49c99fa5c7b9ea9f29b46e7529fe0b8122e516b79744,200,470,TB20Y1228,,,,,,,,,,,Y,,,,88369,[],[],,,1,
dse_ownership,2026-09-08 10:00:36.231107+00:00,846,a4e388692d1a4e3fa50e0610a30f29c3,2e31285bb5fb60e87ac7ddfc57a267b2f9a0ded0605c45c1e4ef08c0e139cebf,200,372,TB20Y1229,,,,,,,,,,,Y,,,,88395,[],[],,,1,
dse_ownership,2026-09-08 10:00:36.885127+00:00,848,a4e388692d1a4e3fa50e0610a30f29c3,dda669b40ff3b6cf90d83c14aaac8cc78d829067562aaabcceedf75d1007c9b8,200,401,TB20Y1230,,,,,,,,,,,Y,,,,88413,[],[],,,1,
dse_ownership,2026-09-08 10:00:37.458592+00:00,850,a4e388692d1a4e3fa50e0610a30f29c3,70dfa87b214c5cf6f0205f7ad9b5047f132e9929b66585fa3d141fbcdf833f01,200,379,TB20Y1231,,,,,,,,,,,Y,,,,88430,[],[],,,1,
dse_ownership,2026-09-08 10:00:38.758951+00:00,852,a4e388692d1a4e3fa50e0610a30f29c3,af13da7c31dba14c4bbb7ea0e450c84351d8f06e5375fb4d1b4080500e828b95,200,1119,TB20Y1232,,,,,,,,,,,Y,,,,88445,[],[],,,1,
dse_ownership,2026-09-08 10:00:39.316596+00:00,854,a4e388692d1a4e3fa50e0610a30f29c3,4fa01bc55827ad3946beb92e735245da1eb6dcbf9cc2e4ccd4f64edfcb87633e,200,389,TB20Y1233,,,,,,,,,,,Y,,,,88459,[],[],,,1,
dse_ownership,2026-09-08 10:00:40.065089+00:00,856,a4e388692d1a4e3fa50e0610a30f29c3,20db17f34b50a1a8c0094202039f8a8419a5160cb290fe96df4ef3507e369071,200,474,TB20Y1242,,,,,,,,,,,Y,,,,88495,[],[],,,1,
dse_ownership,2026-09-08 10:00:40.641366+00:00,858,a4e388692d1a4e3fa50e0610a30f29c3,bf3f0ef79f5433fbc635a22327c3197384e01107777e4c24cb87f8f462e2d665,200,398,TB2Y0127,,,,,,,,,,,Y,,,,88526,[],[],,,1,
dse_ownership,2026-09-08 10:00:41.217099+00:00,860,a4e388692d1a4e3fa50e0610a30f29c3,cdda1f6cf8ada5c5e96c4c5794a4562de1b372f94aafc19a9158239be1669269,200,398,TB2Y0227,,,,,,,,,,,Y,,,,88528,[],[],,,1,
dse_ownership,2026-09-08 10:00:41.869939+00:00,862,a4e388692d1a4e3fa50e0610a30f29c3,bab40c93a794315fd8b7e27c4c5489e230821a328cdb00eba75d451229af2a3b,200,429,TB2Y0327,,,,,,,,,,,Y,,,,88530,[],[],,,1,
dse_ownership,2026-09-08 10:00:42.418365+00:00,864,a4e388692d1a4e3fa50e0610a30f29c3,7a4ea019fd661a70f617386523789b71727e5f1e77f14259c1cd317b9338e9ae,200,393,TB2Y0427,,,,,,,,,,,Y,,,,88533,[],[],,,1,
dse_ownership,2026-09-08 10:00:43.193034+00:00,866,a4e388692d1a4e3fa50e0610a30f29c3,7ed8b81e473abd98a1ed84aada56fa05bbfabad699cd18ae06261fa57da55b80,200,617,TB2Y0527,,,,,,,,,,,Y,,,,88535,[],[],,,1,
dse_ownership,2026-09-08 10:00:43.879224+00:00,868,a4e388692d1a4e3fa50e0610a30f29c3,cf5429325f79f7faf5cb92a82e18a11ff1cdd19b6b1c8b292840e0bf8195a4aa,200,429,TB2Y0627,,,,,,,,,,,Y,,,,88538,[],[],,,1,
dse_ownership,2026-09-08 10:00:44.444714+00:00,870,a4e388692d1a4e3fa50e0610a30f29c3,19b42484287018cf27e56b529c18e406bd52b6b02bdfd34df319e1df7ffe7be9,200,402,TB2Y0727,,,,,,,,,,,Y,,,,88540,[],[],,,1,
dse_ownership,2026-09-08 10:00:44.981000+00:00,872,a4e388692d1a4e3fa50e0610a30f29c3,975193cfeaea096169990c07318dc5ead2313e05200b52429ce16e4349fa8449,200,383,TB2Y0927,,,,,,,,,,,Y,,,,88544,[],[],,,1,
dse_ownership,2026-09-08 10:00:45.778208+00:00,874,a4e388692d1a4e3fa50e0610a30f29c3,986d381f5a541f4dde14a49552b3724ef4e5b5163e5aa67fa1d49df5a2b5000b,200,570,TB2Y1026,,,,,,,,,,,Y,,,,88522,[],[],,,1,
dse_ownership,2026-09-08 10:00:46.459368+00:00,876,a4e388692d1a4e3fa50e0610a30f29c3,f91acdc87437a1727807a99ac440ee351e147da4580daa17df6fdbec2255d560,200,485,TB2Y1126,,,,,,,,,,,Y,,,,88524,[],[],,,1,
dse_ownership,2026-09-08 10:00:47.008932+00:00,878,a4e388692d1a4e3fa50e0610a30f29c3,7e37d1bbcf9b9645287692f6d86dcf15861679d772151350f59a8cd2e88e9a8f,200,391,TB2Y1127,,,,,,,,,,,Y,,,,88546,[],[],,,1,
dse_ownership,2026-09-08 10:00:47.594248+00:00,880,a4e388692d1a4e3fa50e0610a30f29c3,901b5349ded40f775b7e04719fbc6eb090b2b2fd1b51b84afed5fbb0cf98f759,200,421,TB5Y0128,,,,,,,,,,,Y,,,,88493,[],[],,,1,
dse_ownership,2026-09-08 10:00:48.259398+00:00,882,a4e388692d1a4e3fa50e0610a30f29c3,ddc8f3e2cfe3faaef8530365597b1134bfcf8d293d05f0dc07d240c2b95fd27f,200,419,TB5Y0230,,,,,,,,,,,Y,,,,88529,[],[],,,1,
dse_ownership,2026-09-08 10:00:48.781641+00:00,884,a4e388692d1a4e3fa50e0610a30f29c3,0df921e4b32674533043386a171bc2023b026ce6fa8a9f5b7c71ab36a102dca8,200,366,TB5Y0327,,,,,,,,,,,Y,,,,88326,[],[],,,1,
dse_ownership,2026-09-08 10:00:49.341294+00:00,886,a4e388692d1a4e3fa50e0610a30f29c3,77bd730368c01d8c8052cbc8b28ff7c780d5215f1769cc11cdb89de93d1bc5d0,200,405,TB5Y0428,,,,,,,,,,,Y,,,,88500,[],[],,,1,
dse_ownership,2026-09-08 10:00:49.975878+00:00,888,a4e388692d1a4e3fa50e0610a30f29c3,3e780accde46b8a2c726617222a4ee5694f6aac526c9ac0dfeb6fbe59c99586a,200,419,TB5Y0429,,,,,,,,,,,Y,,,,88514,[],[],,,1,
dse_ownership,2026-09-08 10:00:50.607378+00:00,890,a4e388692d1a4e3fa50e0610a30f29c3,3d0314aa7bcbe2df936cced39ca11c16b3e83921bf644775690a54bd403e2e4e,200,485,TB5Y0430,,,,,,,,,,,Y,,,,88534,[],[],,,1,
dse_ownership,2026-09-08 10:00:51.220391+00:00,892,a4e388692d1a4e3fa50e0610a30f29c3,d4ae75dc3b1a0bf0fe4aabe1186dc20d0866078e35d13c423729fc8533b0b10c,200,462,TB5Y0527,,,,,,,,,,,Y,,,,88329,[],[],,,1,
dse_ownership,2026-09-08 10:00:52.079291+00:00,894,a4e388692d1a4e3fa50e0610a30f29c3,76529909eba3510d13aa2c7a2b5369a1ef529b8bf276f484ad34428fa820cdb7,200,640,TB5Y0529,,,,,,,,,,,Y,,,,88517,[],[],,,1,
dse_ownership,2026-09-08 10:00:52.671547+00:00,896,a4e388692d1a4e3fa50e0610a30f29c3,9560f13fea06df9266b3a08e1d2f651e5f3b352c8c5c7164276373df1b373ef6,200,427,TB5Y0628,,,,,,,,,,,Y,,,,88501,[],[],,,1,
dse_ownership,2026-09-08 10:00:53.240331+00:00,898,a4e388692d1a4e3fa50e0610a30f29c3,3b437e648d338e35daffe8f38ea95600bab95dc972049e477abc06d557a009ad,200,394,TB5Y0630,,,,,,,,,,,Y,,,,88539,[],[],,,1,
dse_ownership,2026-09-08 10:00:53.918671+00:00,900,a4e388692d1a4e3fa50e0610a30f29c3,250ed6a0f7c462f16354fd01cebca16ca0faed2b076612d4c5ee3ac567bf133b,200,422,TB5Y0727,,,,,,,,,,,Y,,,,88332,[],[],,,1,
dse_ownership,2026-09-08 10:00:54.494718+00:00,902,a4e388692d1a4e3fa50e0610a30f29c3,7acb87c88a5516accbc1616b91bd1c39e3416bace8d11cc825229d07e4de093f,200,421,TB5Y0828,,,,,,,,,,,N,,,,88509,[],[],,,1,
dse_ownership,2026-09-08 10:00:55.364353+00:00,904,a4e388692d1a4e3fa50e0610a30f29c3,0361f2055f2d8482f087639d8ef417e83cec74952e57b00117f9fd7e91aee914,200,670,TB5Y0926,,,,,,,,,,,Y,,,,88317,[],[],,,1,
dse_ownership,2026-09-08 10:00:55.902583+00:00,906,a4e388692d1a4e3fa50e0610a30f29c3,6719b93855db1fd46e1659271a5310e59cfdadaec60d0a2087f8495914f692bb,200,389,TB5Y0928,,,,,,,,,,,Y,,,,88504,[],[],,,1,
dse_ownership,2026-09-08 10:00:56.603000+00:00,908,a4e388692d1a4e3fa50e0610a30f29c3,b6d3179c3aa3b381255a63fa424eb128a0949aa5c69b6033411ab68bc1e6acc8,200,414,TB5Y0930,,,,,,,,,,,Y,,,,88545,[],[],,,1,
dse_ownership,2026-09-08 10:00:57.186868+00:00,910,a4e388692d1a4e3fa50e0610a30f29c3,1bce9c5ed041fced5adce17febab58ced14664e83ae7e4be33cc88b9d26be737,200,418,TB5Y1029,,,,,,,,,,,Y,,,,88523,[],[],,,1,
dse_ownership,2026-09-08 10:00:57.780437+00:00,912,a4e388692d1a4e3fa50e0610a30f29c3,f9f5d015d86ec062d7eb096082974643f8013af0535a22ac7c3bd44e15fee7ad,200,437,TB5Y1126,,,,,,,,,,,Y,,,,88320,[],[],,,1,
dse_ownership,2026-09-08 10:00:58.428876+00:00,914,a4e388692d1a4e3fa50e0610a30f29c3,7e6179084eae7ec20954bd5792ab8e4d9505831b26cfe465fabe05ece09ede00,200,391,TB5Y1127,,,,,,,,,,,Y,,,,88491,[],[],,,1,
dse_ownership,2026-09-08 10:00:58.984674+00:00,916,a4e388692d1a4e3fa50e0610a30f29c3,db4728ef528d33b09001070a536362f074b7e2a58b6b56faa4092585a2a82f5d,200,396,TB5Y1128,,,,,,,,,,,N,,,,88507,[],[],,,1,
dse_ownership,2026-09-08 10:00:59.679436+00:00,918,a4e388692d1a4e3fa50e0610a30f29c3,c77660478ae1496785b285294553accb56da75edce447c0029250b1580ae9da2,200,525,TB5Y1130,,,,,,,,,,,Y,,,,88548,[],[],,,1,
dse_ownership,2026-09-08 10:01:00.460058+00:00,920,a4e388692d1a4e3fa50e0610a30f29c3,437f997936b029b28befd9a23d876b7c22cea697781b5977a84e41b60f759629,200,517,TB5Y1228,,,,,,,,,,,N,,,,88508,[],[],,,1,
dse_ownership,2026-09-08 10:01:01.035458+00:00,922,a4e388692d1a4e3fa50e0610a30f29c3,8a1c781b55fb53bb89c2dcdbfab1273cec8d511e7a88c69303ad32c0265fba99,200,420,TB5Y1229,,,,,,,,,,,Y,,,,88525,[],[],,,1,
dse_ownership,2026-09-08 10:01:01.816409+00:00,924,a4e388692d1a4e3fa50e0610a30f29c3,7ca5b3626e8a736486f52a99a825210a1d43dcd7ab06f20da877c278638568b5,200,615,TECHNODRUG,"10% 2025, 12% 2024",-,-,30-Jun,2716.0,0.0,https://share.google/Aqw6BX2083pykkgfg,https://share.google/9uE5Tln91EcVQ8XmB,2024.0,A,Y,Active,607.88,1559.7,18499,"[{""year"": 2025, ""percent"": 10.0}, {""year"": 2024, ""percent"": 12.0}]",[],10.0,2025.0,15,10.00 for 2025
dse_ownership,2026-09-08 10:01:03.659162+00:00,929,a4e388692d1a4e3fa50e0610a30f29c3,a133db83fe396c2bb58ed0630d5d17a5d2c469de7c8bd8aa013574d704164f12,200,494,TILIL,"5% 2024, 5% 2023",-,-,31-Dec,0.0,0.0,https://www.trustislamilife.com/accounts.php,https://www.trustislamilife.com/psi.php,2023.0,B,Y,Active,0.0,0.0,25757,"[{""year"": 2024, ""percent"": 5.0}, {""year"": 2023, ""percent"": 5.0}]",[],5.0,2024.0,15,5.00 for 2024
dse_ownership,2026-09-08 10:01:05.530715+00:00,930,a4e388692d1a4e3fa50e0610a30f29c3,c9c030c65e76ef8f78845a138e73cd4ac2337a70eeb9a9d5ab1180db56529de9,200,1627,TITASGAS,"2% 2025, 5% 2024, 5% 2023, 10% 2022, 22% 2021, 26% 2020, 26% 2019, 25% 2018, 22% 2017, 20% 2016, 15% 2015","5% 2012, 10% 2010",-,30-Jun,75747.3,0.3,https://titasgas.gov.bd/site/page/122cb7f4-5f94-4224-ade2-3133fda71972/-,https://titasgas.gov.bd/site/page/20e89a49-e7b3-4c9f-a9d6-59f129885158/-,2008.0,B,Y,Active,306.14,4509.02,15311,"[{""year"": 2025, ""percent"": 2.0}, {""year"": 2024, ""percent"": 5.0}, {""year"": 2023, ""percent"": 5.0}, {""year"": 2022, ""percent"": 10.0}, {""year"": 2021, ""percent"": 22.0}, {""year"": 2020, ""percent"": 26.0}, {""year"": 2019, ""percent"": 26.0}, {""year"": 2018, ""percent"": 25.0}, {""year"": 2017, ""percent"": 22.0}, {""year"": 2016, ""percent"": 20.0}, {""year"": 2015, ""percent"": 15.0}]","[{""year"": 2012, ""percent"": 5.0}, {""year"": 2010, ""percent"": 10.0}]",2.0,2025.0,15,2.00 for 2025
dse_ownership,2026-09-08 10:01:06.113568+00:00,931,a4e388692d1a4e3fa50e0610a30f29c3,2273d1005dd32d816f19dc725720fd791b523a4522f9ac7ee574c2e0ecaee173,200,394,TOSRIFA,"4% 2025, 3.5% 2024, 3.5% 2023, 3% 2022, 2.50% 2021, 1% 2019, 5% 2018, 10% 2017, 12% 2016, 5% 2014","2.50% 2021, 5% 2018, 7% 2014",-,30-Jun,1030.0,0.0,https://til.com.bd/investors.php?p=4,https://til.com.bd/investors.php?p=7,2015.0,B,Y,Active,1616.25,424.65,17468,"[{""year"": 2025, ""percent"": 4.0}, {""year"": 2024, ""percent"": 3.5}, {""year"": 2023, ""percent"": 3.5}, {""year"": 2022, ""percent"": 3.0}, {""year"": 2021, ""percent"": 2.5}, {""year"": 2019, ""percent"": 1.0}, {""year"": 2018, ""percent"": 5.0}, {""year"": 2017, ""percent"": 10.0}, {""year"": 2016, ""percent"": 12.0}, {""year"": 2014, ""percent"": 5.0}]","[{""year"": 2021, ""percent"": 2.5}, {""year"": 2018, ""percent"": 5.0}, {""year"": 2014, ""percent"": 7.0}]",4.0,2025.0,15,4.00 for 2025
dse_ownership,2026-09-08 10:01:10.002186+00:00,934,a4e388692d1a4e3fa50e0610a30f29c3,8345f8a238d5a8b2145efcc01e43fd08251e62655ead56ce02d3a73bb4120c65,200,3056,TRUSTB1MF,"5% 2023, 7% 2022, 9% 2021, 3.5% 2019, 2% 2018, 2% 2017","8%RIU 2018, 10%RIU 2017, 5%RIU 2016, 8%RIU 2015, 10%RIU 2014, 10%RIU 2013",-,30-Jun,-558.5,0.0,http://www.racebd.com/index.php?menu=FinancialReport&Fund=tb11mf,http://www.trustb1mf.com/,2010.0,A,Y,Active,0.0,0.0,12172,"[{""year"": 2023, ""percent"": 5.0}, {""year"": 2022, ""percent"": 7.0}, {""year"": 2021, ""percent"": 9.0}, {""year"": 2019, ""percent"": 3.5}, {""year"": 2018, ""percent"": 2.0}, {""year"": 2017, ""percent"": 2.0}]",[],,,14,
dse_ownership,2026-09-08 10:01:10.627756+00:00,935,a4e388692d1a4e3fa50e0610a30f29c3,6c64c86d820bdec65c3ecf13edfd7013743febc5dface0177b1a5634cbc10044,200,463,TRUSTBANK,"8% 2025, 7.50% 2024, 12% 2023, 10% 2022, 12.50% 2021, 10% 2020, 5% 2019, 20% 2017, 15% 2016, 7% 2015","5% 2025, 7.50% 2024, 8% 2023, 10% 2022, 10% 2021, 10% 2020, 5% 2019, 10% 2018, 10% 2016, 8% 2015, 10% 2014, 12% 2013, 10% 2012, 10% 2011, 20% 2010, 20% 2009, 20% 2008, 10% 2007","1R:5 2012, 1R:5 2008",31-Dec,17912.8,0.0,http://www.trustbank.com.bd/corporate-information/reports-and-statements,,2007.0,A,Y,Active,0.0,36640.71,11145,"[{""year"": 2025, ""percent"": 8.0}, {""year"": 2024, ""percent"": 7.5}, {""year"": 2023, ""percent"": 12.0}, {""year"": 2022, ""percent"": 10.0}, {""year"": 2021, ""percent"": 12.5}, {""year"": 2020, ""percent"": 10.0}, {""year"": 2019, ""percent"": 5.0}, {""year"": 2017, ""percent"": 20.0}, {""year"": 2016, ""percent"": 15.0}, {""year"": 2015, ""percent"": 7.0}]","[{""year"": 2025, ""percent"": 5.0}, {""year"": 2024, ""percent"": 7.5}, {""year"": 2023, ""percent"": 8.0}, {""year"": 2022, ""percent"": 10.0}, {""year"": 2021, ""percent"": 10.0}, {""year"": 2020, ""percent"": 10.0}, {""year"": 2019, ""percent"": 5.0}, {""year"": 2018, ""percent"": 10.0}, {""year"": 2016, ""percent"": 10.0}, {""year"": 2015, ""percent"": 8.0}, {""year"": 2014, ""percent"": 10.0}, {""year"": 2013, ""percent"": 12.0}, {""year"": 2012, ""percent"": 10.0}, {""year"": 2011, ""percent"": 10.0}, {""year"": 2010, ""percent"": 20.0}, {""year"": 2009, ""percent"": 20.0}, {""year"": 2008, ""percent"": 20.0}, {""year"": 2007, ""percent"": 10.0}]",,,14,"8.00, 5%B for 2025"
dse_ownership,2026-09-08 10:01:11.165288+00:00,936,a4e388692d1a4e3fa50e0610a30f29c3,15eaadfac1a6537a2f3a002bac9676aa0fbb9d43c07e041782e711b36af1440f,200,378,TUNGHAI,-,"10% 2016, 10% 2014, 10% 2013",-,30-Jun,-765.7,0.0,,,2014.0,Z,Y,Closed,644.83,531.23,17463,[],"[{""year"": 2016, ""percent"": 10.0}, {""year"": 2014, ""percent"": 10.0}, {""year"": 2013, ""percent"": 10.0}]",,,12,
dse_ownership,2026-09-08 10:01:11.905692+00:00,937,a4e388692d1a4e3fa50e0610a30f29c3,7b9e1d0b2b39dffd7e852688468e496289f3c06a7aedce86b7fb6f17cfffaafc,200,485,UCB,"5% 2023, 5% 2022, 5% 2020,5% 2019, 10% 2017, 15% 2016, 20% 2015","5% 2023, 5% 2022, 10% 2021, 5% 2020, 5% 2019, 10% 2018, 5% 2015, 20% 2014, 15% 2011, 25% 2010, 30% 2009, 25% 2008, 50% 2007, 40% 2006, 50% 2005,  90%  2004, 2003 & 2002","1R:2 2026, 1R:1 2011",31-Dec,22903.9,0.0,https://www.ucb.com.bd/know-ucb/investor-relations/financial-statements,https://www.ucb.com.bd/know-ucb/investor-relations/price-sensetive-information,1986.0,Z,Y,Active,0.0,64545.44,11108,"[{""year"": 2023, ""percent"": 5.0}, {""year"": 2022, ""percent"": 5.0}, {""year"": 2020, ""percent"": 5.0}, {""year"": 2019, ""percent"": 5.0}, {""year"": 2017, ""percent"": 10.0}, {""year"": 2016, ""percent"": 15.0}, {""year"": 2015, ""percent"": 20.0}]","[{""year"": 2023, ""percent"": 5.0}, {""year"": 2022, ""percent"": 5.0}, {""year"": 2021, ""percent"": 10.0}, {""year"": 2020, ""percent"": 5.0}, {""year"": 2019, ""percent"": 5.0}, {""year"": 2018, ""percent"": 10.0}, {""year"": 2015, ""percent"": 5.0}, {""year"": 2014, ""percent"": 20.0}, {""year"": 2011, ""percent"": 15.0}, {""year"": 2010, ""percent"": 25.0}, {""year"": 2009, ""percent"": 30.0}, {""year"": 2008, ""percent"": 25.0}, {""year"": 2007, ""percent"": 50.0}, {""year"": 2006, ""percent"": 40.0}, {""year"": 2005, ""percent"": 50.0}, {""year"": 2004, ""percent"": 90.0}]",,,14,
dse_ownership,2026-09-08 10:01:12.722140+00:00,938,a4e388692d1a4e3fa50e0610a30f29c3,7cc1e0c4329c37a4a59df7f30520a9c23bbcd0879703734d6ef2f158eddcb162,200,649,UCB2PBOND,-,-,-,31-Dec,0.0,0.0,,,2024.0,A,Y,,0.0,0.0,26017,[],[],,,11,
dse_ownership,2026-09-08 10:01:13.284623+00:00,939,a4e388692d1a4e3fa50e0610a30f29c3,cfc826ac3404c7839d8eecd2d3649d03f9c84b8ca6189ce9e19598cd8c1ae156,200,412,UNILEVERCL,"420% 2025, 520% 2024, 300% 2023, 240% 2022, 440% 2021, 440% 2020, 530% 2019, 530% 2018, 550% 2017, 500% 2016, 550% 2015",60% 2022,n/a,31-Dec,2048.8,0.0,http://www.unileverconsumercarebd.com/investor-relations/quarterly-results/,http://www.unileverconsumercarebd.com/investor-relations/price-sensitive-information/,1976.0,A,Y,Active,0.0,0.0,18454,"[{""year"": 2025, ""percent"": 420.0}, {""year"": 2024, ""percent"": 520.0}, {""year"": 2023, ""percent"": 300.0}, {""year"": 2022, ""percent"": 240.0}, {""year"": 2021, ""percent"": 440.0}, {""year"": 2020, ""percent"": 440.0}, {""year"": 2019, ""percent"": 530.0}, {""year"": 2018, ""percent"": 530.0}, {""year"": 2017, ""percent"": 550.0}, {""year"": 2016, ""percent"": 500.0}, {""year"": 2015, ""percent"": 550.0}]","[{""year"": 2022, ""percent"": 60.0}]",420.0,2025.0,15,420.00 for 2025
dse_ownership,2026-09-08 10:01:14.324219+00:00,940,a4e388692d1a4e3fa50e0610a30f29c3,404bb34f769614d78c427c7e08b3f906564953b85b66dac1e1458008b56dc42c,200,794,UNIONBANK,"5% 2022, 5% 2021",5% 2021,-,31-Dec,5411.0,0.0,https://www.unionbank.com.bd/yearly-statement,https://www.unionbank.com.bd/price-sensative-information,2022.0,Z,Y,Active,0.0,27183.04,11152,"[{""year"": 2022, ""percent"": 5.0}, {""year"": 2021, ""percent"": 5.0}]","[{""year"": 2021, ""percent"": 5.0}]",5.0,2022.0,15,5.00 for 2022
dse_ownership,2026-09-08 10:01:16.462207+00:00,941,a4e388692d1a4e3fa50e0610a30f29c3,3dd7bf12f82bca051fb61194b0fcd6f74226b99a9d52f119acaf31a20c5bdfe3,200,1977,UNIONCAP,5% 2015,"5% 2018, 5% 2017, 10% 2016, 7% 2015, 10% 2014, 10% 2013, 5% 2012, 10% 2011, 75% 2010, 30% 2009, 20% 2008, 30% 2007",n/a,31-Dec,-13026.8,0.0,https://www.unicap-bd.com/stackholders-information/annualreport/,https://www.unicap-bd.com/stackholders-information/psi-notice/,2007.0,Z,Y,Active,0.0,2604.4,11141,"[{""year"": 2015, ""percent"": 5.0}]","[{""year"": 2018, ""percent"": 5.0}, {""year"": 2017, ""percent"": 5.0}, {""year"": 2016, ""percent"": 10.0}, {""year"": 2015, ""percent"": 7.0}, {""year"": 2014, ""percent"": 10.0}, {""year"": 2013, ""percent"": 10.0}, {""year"": 2012, ""percent"": 5.0}, {""year"": 2011, ""percent"": 10.0}, {""year"": 2010, ""percent"": 75.0}, {""year"": 2009, ""percent"": 30.0}, {""year"": 2008, ""percent"": 20.0}, {""year"": 2007, ""percent"": 30.0}]",,,14,
dse_ownership,2026-09-08 10:01:16.999256+00:00,942,a4e388692d1a4e3fa50e0610a30f29c3,c0b6a84502fa9f7da07de3fd898a1c3f849bdb412b66523283d38efb6ec82999,200,370,UNIONINS,"10% 2025, 10% 2024, 10% 2023, 10% 2022, 5% 2021",-,-,31-Dec,447.0,0.0,https://www.unioninsurancebd.com/anualreport24.pdf,https://unioninsurancebd.com/PRICE%20SENSITIVE%20INFORMATION%202nd%20QT2025.pdf,2022.0,A,Y,Active,0.0,0.0,25753,"[{""year"": 2025, ""percent"": 10.0}, {""year"": 2024, ""percent"": 10.0}, {""year"": 2023, ""percent"": 10.0}, {""year"": 2022, ""percent"": 10.0}, {""year"": 2021, ""percent"": 5.0}]",[],10.0,2025.0,15,10.00 for 2025
dse_ownership,2026-09-08 10:01:19.957210+00:00,943,a4e388692d1a4e3fa50e0610a30f29c3,5cf546a3a61943b6456c0a014facbc30bfa41d75daa8111fa67cd24cc724a2c7,200,2723,UNIQUEHRL,"16% 2025, 16% 2024, 20% 2023, 15% 2022, 10% 2021, 10% 2020, 20% 2019, 22% 2018, 20% 2017, 22% 2016, 20% 2014, 25% 2013, 25% 2012",15% 2011,-,30-Jun,18520.7,0.0,https://uhrlbd.com/uhrlfinancial010.php,https://uhrlbd.com/uhrlpriceInfo.php,2012.0,A,Y,Active,3116.91,625.57,29002,"[{""year"": 2025, ""percent"": 16.0}, {""year"": 2024, ""percent"": 16.0}, {""year"": 2023, ""percent"": 20.0}, {""year"": 2022, ""percent"": 15.0}, {""year"": 2021, ""percent"": 10.0}, {""year"": 2020, ""percent"": 10.0}, {""year"": 2019, ""percent"": 20.0}, {""year"": 2018, ""percent"": 22.0}, {""year"": 2017, ""percent"": 20.0}, {""year"": 2016, ""percent"": 22.0}, {""year"": 2014, ""percent"": 20.0}, {""year"": 2013, ""percent"": 25.0}, {""year"": 2012, ""percent"": 25.0}]","[{""year"": 2011, ""percent"": 15.0}]",16.0,2025.0,15,16.00 for 2025
dse_ownership,2026-09-08 10:01:22.286942+00:00,944,a4e388692d1a4e3fa50e0610a30f29c3,0d6016d0daa4e89b56b129234542bac17644492bab0dd9fe35af1d1cfc59198f,200,2160,UNITEDFIN,"10% 2025, 10% 2024, 6% 2023, 5% 2022, 10% 2021, 10% 2020,10% 2019,10% 2018, 10% 2017, 10% 2016, 5% 2015","5% 2017, 5% 2016, 10% 2015, 10% 2014, 10% 2013, 15% 2012, 20% 2011, 75% 2010, 100% 2009, 14.28% 2008, 10% 2007, 50% 2005, 100% 2004",n/a,31-Dec,1474.2,0.0,https://www.ufplc.com/en/Home/FinancialReports,https://www.ufplc.com/en/Home/PriceSensitiveInfo,1994.0,A,Y,Active,0.0,8138.16,11113,"[{""year"": 2025, ""percent"": 10.0}, {""year"": 2024, ""percent"": 10.0}, {""year"": 2023, ""percent"": 6.0}, {""year"": 2022, ""percent"": 5.0}, {""year"": 2021, ""percent"": 10.0}, {""year"": 2020, ""percent"": 10.0}, {""year"": 2019, ""percent"": 10.0}, {""year"": 2018, ""percent"": 10.0}, {""year"": 2017, ""percent"": 10.0}, {""year"": 2016, ""percent"": 10.0}, {""year"": 2015, ""percent"": 5.0}]","[{""year"": 2017, ""percent"": 5.0}, {""year"": 2016, ""percent"": 5.0}, {""year"": 2015, ""percent"": 10.0}, {""year"": 2014, ""percent"": 10.0}, {""year"": 2013, ""percent"": 10.0}, {""year"": 2012, ""percent"": 15.0}, {""year"": 2011, ""percent"": 20.0}, {""year"": 2010, ""percent"": 75.0}, {""year"": 2009, ""percent"": 100.0}, {""year"": 2008, ""percent"": 14.28}, {""year"": 2007, ""percent"": 10.0}, {""year"": 2005, ""percent"": 50.0}, {""year"": 2004, ""percent"": 100.0}]",10.0,2025.0,15,10.00 for 2025
dse_ownership,2026-09-08 10:01:22.875305+00:00,945,a4e388692d1a4e3fa50e0610a30f29c3,33127441ffb881e39d03c7bd699c6d93d082ae2475a96f6925981e0247f968a1,200,405,UNITEDINS,"15% 2025, 15% 2024, 10% 2023, 10% 2022, 10% 2021, 11% 2020, 11% 2019, 7.05% 2018, 11% 2017, 11% 2016, 6% 2015","5.95% 2018, 5% 2015, 10.19% 2012, 10% 2011, 10% 2010, 20% 2009, 150% 2008, 28.21% 2007, 30% 2006",n/a,31-Dec,936.1,0.0,https://unitedinsurance.com.bd/financial-highlights-ll/,https://unitedinsurance.com.bd/price-sensitive-information/,1990.0,A,Y,Active,0.0,0.0,25703,"[{""year"": 2025, ""percent"": 15.0}, {""year"": 2024, ""percent"": 15.0}, {""year"": 2023, ""percent"": 10.0}, {""year"": 2022, ""percent"": 10.0}, {""year"": 2021, ""percent"": 10.0}, {""year"": 2020, ""percent"": 11.0}, {""year"": 2019, ""percent"": 11.0}, {""year"": 2018, ""percent"": 7.05}, {""year"": 2017, ""percent"": 11.0}, {""year"": 2016, ""percent"": 11.0}, {""year"": 2015, ""percent"": 6.0}]","[{""year"": 2018, ""percent"": 5.95}, {""year"": 2015, ""percent"": 5.0}, {""year"": 2012, ""percent"": 10.19}, {""year"": 2011, ""percent"": 10.0}, {""year"": 2010, ""percent"": 10.0}, {""year"": 2009, ""percent"": 20.0}, {""year"": 2008, ""percent"": 150.0}, {""year"": 2007, ""percent"": 28.21}, {""year"": 2006, ""percent"": 30.0}]",15.0,2025.0,15,15.00 for 2025
dse_ownership,2026-09-08 10:01:25.502557+00:00,946,a4e388692d1a4e3fa50e0610a30f29c3,6940f10596e7433de1eb9bae506400f2eb9b78488e71e748c0b8629a18b7a5fd,200,2385,UPGDCL,"65% 2025, 60% 2024, 80% 2023, 170% 2022, 170% 2021, 145% 2020, 130% 2019, 90% 2018, 90% 2017, 125% 2016, 30% 2014","10% 2020, 10% 2019, 20% 2018, 10% 2017, 10% 2014",-,30-Jun,34990.5,0.0,https://www.unitedpowerbd.com/financial-statements/,https://www.unitedpowerbd.com/price-sensitive-information/,2015.0,A,Y,Active,9663.99,331.84,15318,"[{""year"": 2025, ""percent"": 65.0}, {""year"": 2024, ""percent"": 60.0}, {""year"": 2023, ""percent"": 80.0}, {""year"": 2022, ""percent"": 170.0}, {""year"": 2021, ""percent"": 170.0}, {""year"": 2020, ""percent"": 145.0}, {""year"": 2019, ""percent"": 130.0}, {""year"": 2018, ""percent"": 90.0}, {""year"": 2017, ""percent"": 90.0}, {""year"": 2016, ""percent"": 125.0}, {""year"": 2014, ""percent"": 30.0}]","[{""year"": 2020, ""percent"": 10.0}, {""year"": 2019, ""percent"": 10.0}, {""year"": 2018, ""percent"": 20.0}, {""year"": 2017, ""percent"": 10.0}, {""year"": 2014, ""percent"": 10.0}]",65.0,2025.0,15,65.00 for 2025
dse_ownership,2026-09-08 10:01:27.685397+00:00,947,a4e388692d1a4e3fa50e0610a30f29c3,7f9f4fea306b6b3829b5994f1c3f5292ade4eb48bded44f70344e3ed901e84bc,200,2014,USMANIAGL,-,"10% 2018, 10% 2017, 10% 2016, 10% 2015, 10% 2014, 10% 2013, 20% 2012, 20% 2011, 20% 2010, 30%2005, 25% 2004",n/a,30-Jun,952.8,0.0,http://www.ugsflbd.com/financial_report.php,,1987.0,Z,Y,Operation Shutdown,0.0,0.0,99608,[],"[{""year"": 2018, ""percent"": 10.0}, {""year"": 2017, ""percent"": 10.0}, {""year"": 2016, ""percent"": 10.0}, {""year"": 2015, ""percent"": 10.0}, {""year"": 2014, ""percent"": 10.0}, {""year"": 2013, ""percent"": 10.0}, {""year"": 2012, ""percent"": 20.0}, {""year"": 2011, ""percent"": 20.0}, {""year"": 2010, ""percent"": 20.0}, {""year"": 2005, ""percent"": 30.0}, {""year"": 2004, ""percent"": 25.0}]",,,13,
dse_ownership,2026-09-08 10:01:28.379637+00:00,948,a4e388692d1a4e3fa50e0610a30f29c3,ed5a42c8ea3cf39216f96c2dc7377344565c661b30c466d825a2a062a5ef6c18,200,477,UTTARABANK,"5% 2025, 17.50% 2024, 17.50% 2023, 14% 2022, 14% 2021, 12.50% 2020, 7% 2019, 20% 2018, 20% 2017, 20% 2016, 20% 2015","25% 2025, 17.50% 2024, 12.50% 2023, 14% 2022, 14% 2021, 12.50% 2020, 23% 2019, 2% 2018, 10% 2013, 10% 2012, 15% 2011, 20% 2010, 50% 2009, 100% 2008, 100% 2007, 100% 2006, 100% 2005",n/a,31-Dec,18871.6,0.0,https://www.uttarabank-bd.com/home/quarterstatement#_,https://www.uttarabank-bd.com/home/priceseninfo,1984.0,A,Y,Active,0.0,1684.05,11109,"[{""year"": 2025, ""percent"": 5.0}, {""year"": 2024, ""percent"": 17.5}, {""year"": 2023, ""percent"": 17.5}, {""year"": 2022, ""percent"": 14.0}, {""year"": 2021, ""percent"": 14.0}, {""year"": 2020, ""percent"": 12.5}, {""year"": 2019, ""percent"": 7.0}, {""year"": 2018, ""percent"": 20.0}, {""year"": 2017, ""percent"": 20.0}, {""year"": 2016, ""percent"": 20.0}, {""year"": 2015, ""percent"": 20.0}]","[{""year"": 2025, ""percent"": 25.0}, {""year"": 2024, ""percent"": 17.5}, {""year"": 2023, ""percent"": 12.5}, {""year"": 2022, ""percent"": 14.0}, {""year"": 2021, ""percent"": 14.0}, {""year"": 2020, ""percent"": 12.5}, {""year"": 2019, ""percent"": 23.0}, {""year"": 2018, ""percent"": 2.0}, {""year"": 2013, ""percent"": 10.0}, {""year"": 2012, ""percent"": 10.0}, {""year"": 2011, ""percent"": 15.0}, {""year"": 2010, ""percent"": 20.0}, {""year"": 2009, ""percent"": 50.0}, {""year"": 2008, ""percent"": 100.0}, {""year"": 2007, ""percent"": 100.0}, {""year"": 2006, ""percent"": 100.0}, {""year"": 2005, ""percent"": 100.0}]",,,15,"5.00, 25%B for 2025"
dse_ownership,2026-09-08 10:01:31.092834+00:00,949,a4e388692d1a4e3fa50e0610a30f29c3,e8a4af14faae42ee08da811a5c17aa7092b7dfa38f3905bf6ed8d4f47d209707,200,2486,UTTARAFIN,"15% 2019, 20% 2018, 30% 2017, 30% 2016, 30% 2015, 20% 2014","5% 2019, 10% 2014, 10% 2012, 40% 2011, 40% 2010, 25% 2009, 20% 2006,10% 2004","1R:3 2010, 1R:1 2004",31-Dec,5977.6,0.0,http://www.uttarafinance.com/financials-reports,http://www.uttarafinance.com/psi,1997.0,Z,Y,Active,818.83,6851.68,11114,"[{""year"": 2019, ""percent"": 15.0}, {""year"": 2018, ""percent"": 20.0}, {""year"": 2017, ""percent"": 30.0}, {""year"": 2016, ""percent"": 30.0}, {""year"": 2015, ""percent"": 30.0}, {""year"": 2014, ""percent"": 20.0}]","[{""year"": 2019, ""percent"": 5.0}, {""year"": 2014, ""percent"": 10.0}, {""year"": 2012, ""percent"": 10.0}, {""year"": 2011, ""percent"": 40.0}, {""year"": 2010, ""percent"": 40.0}, {""year"": 2009, ""percent"": 25.0}, {""year"": 2006, ""percent"": 20.0}, {""year"": 2004, ""percent"": 10.0}]",,,15,"15.00, 5% B for 2019"
dse_ownership,2026-09-08 10:01:31.720661+00:00,950,a4e388692d1a4e3fa50e0610a30f29c3,81d9777f3651738e0ce4a3c23b144819da1330c88d505cbef7ec6f10089e80ae,200,467,VAMLBDMF1,"2% 2023, 5% 2022, 15% 2021, 3% 2020, 5% 2018, 10% 2017, 7.50% 2016",-,-,30-Sep,-46.7,0.0,,,2016.0,A,Y,Active,0.0,0.0,12197,"[{""year"": 2023, ""percent"": 2.0}, {""year"": 2022, ""percent"": 5.0}, {""year"": 2021, ""percent"": 15.0}, {""year"": 2020, ""percent"": 3.0}, {""year"": 2018, ""percent"": 5.0}, {""year"": 2017, ""percent"": 10.0}, {""year"": 2016, ""percent"": 7.5}]",[],,,12,
dse_ownership,2026-09-08 10:01:34.357718+00:00,951,a4e388692d1a4e3fa50e0610a30f29c3,ab0094b41144d70e82ec9bfb0478e62d1f42495767a4dd7256118d0f03ea8d66,200,2481,VAMLRBBF,"0.80% 2023, 10% 2021, 1.6% 2020, 5% 2018, 12% 2017",-,-,31-Dec,-257.4,0.0,,,2016.0,A,Y,,0.0,0.0,12198,"[{""year"": 2023, ""percent"": 0.8}, {""year"": 2021, ""percent"": 10.0}, {""year"": 2020, ""percent"": 1.6}, {""year"": 2018, ""percent"": 5.0}, {""year"": 2017, ""percent"": 12.0}]",[],,,11,
dse_ownership,2026-09-08 10:01:35.558547+00:00,952,a4e388692d1a4e3fa50e0610a30f29c3,6347f4a1ac356f327a815dc2d812533eaac3f7909b9ca7aacb72b3000d1ea915,200,957,VFSTDL,"0.25% 2025, 2% 2023, 11% 2021, 3% 2020, 6% 2019, 6% 2018","3% 2020, 10% 2019, 10% 2018",-,30-Jun,1091.8,0.0,,,2018.0,B,Y,Active,135.2,85.38,17478,"[{""year"": 2025, ""percent"": 0.25}, {""year"": 2023, ""percent"": 2.0}, {""year"": 2021, ""percent"": 11.0}, {""year"": 2020, ""percent"": 3.0}, {""year"": 2019, ""percent"": 6.0}, {""year"": 2018, ""percent"": 6.0}]","[{""year"": 2020, ""percent"": 3.0}, {""year"": 2019, ""percent"": 10.0}, {""year"": 2018, ""percent"": 10.0}]",0.25,2025.0,13,0.25 for 2025
dse_ownership,2026-09-08 10:01:36.172439+00:00,953,a4e388692d1a4e3fa50e0610a30f29c3,d42d6629766857d0df5a095654e007f74740266e3f1c5c4fa1a640ea743ca44d,200,452,WALTONHIL,"175% 2025, 350% 2024. 300% 2023, 250% 2022, 250% 2021, 200% 2020",10% 2025,-,30-Jun,113769.1,3060.4,https://www.waltonhil.com/investors/investor-info?tab=financial-information,https://www.waltonhil.com/investors/investor-info?tab=price-sensitive-information-psi,2020.0,A,Y,Active,20832.19,5625.55,13248,"[{""year"": 2025, ""percent"": 175.0}, {""year"": 2024, ""percent"": 350.0}, {""year"": 2023, ""percent"": 300.0}, {""year"": 2022, ""percent"": 250.0}, {""year"": 2021, ""percent"": 250.0}, {""year"": 2020, ""percent"": 200.0}]","[{""year"": 2025, ""percent"": 10.0}]",,,15,"175.00, 10%B for 2025"
dse_ownership,2026-09-08 10:01:36.747174+00:00,954,a4e388692d1a4e3fa50e0610a30f29c3,8214d8c8328f4c652e1ff37aa0c8a3aee985addf4acb1f6a898a4e88894451a9,200,401,WATACHEM,"10% 2025, 12% 2024, 15% 2023, 20% 2022, 30% 2021, 35% 2020, 30% 2019, 10% 2018, 10% 2017,10% 2016","25% 2019, 30% 2018, 5% 2017, 10% 2016, 25% 2014, 30% 2013, 20% 2012",-,30-Jun,725.8,-0.9,https://watachemical.com/wp-content/uploads/2025/05/Un-Audited-Financial-Statement-for-Third-Quarter-Q32024-2025.pdf,https://watachemical.com/wp-content/uploads/2025/05/Price-Sensitive-Information-Q3-of-2024-25-ended-on-31.03.2025.pdf,1992.0,A,Y,Active,103.88,397.55,18467,"[{""year"": 2025, ""percent"": 10.0}, {""year"": 2024, ""percent"": 12.0}, {""year"": 2023, ""percent"": 15.0}, {""year"": 2022, ""percent"": 20.0}, {""year"": 2021, ""percent"": 30.0}, {""year"": 2020, ""percent"": 35.0}, {""year"": 2019, ""percent"": 30.0}, {""year"": 2018, ""percent"": 10.0}, {""year"": 2017, ""percent"": 10.0}, {""year"": 2016, ""percent"": 10.0}]","[{""year"": 2019, ""percent"": 25.0}, {""year"": 2018, ""percent"": 30.0}, {""year"": 2017, ""percent"": 5.0}, {""year"": 2016, ""percent"": 10.0}, {""year"": 2014, ""percent"": 25.0}, {""year"": 2013, ""percent"": 30.0}, {""year"": 2012, ""percent"": 20.0}]",10.0,2025.0,15,10.00 for 2025
dse_ownership,2026-09-08 10:01:39.465161+00:00,957,a4e388692d1a4e3fa50e0610a30f29c3,186013d5a4e0034a6bb31279d7f3e2ccbe1767e2345106e2d43b07cbcfe52ef6,200,1919,WMSHIPYARD,"0.5% 2020, 3% 2017, 5% 2014","2.5% 2020, 15% 2019, 20% 2018, 12% 2017, 12% 2016, 10% 2015, 10% 2014",-,30-Jun,952.1,0.0,,,2014.0,Z,Y,Active,1167.0,22485.56,13236,"[{""year"": 2020, ""percent"": 0.5}, {""year"": 2017, ""percent"": 3.0}, {""year"": 2014, ""percent"": 5.0}]","[{""year"": 2020, ""percent"": 2.5}, {""year"": 2019, ""percent"": 15.0}, {""year"": 2018, ""percent"": 20.0}, {""year"": 2017, ""percent"": 12.0}, {""year"": 2016, ""percent"": 12.0}, {""year"": 2015, ""percent"": 10.0}, {""year"": 2014, ""percent"": 10.0}]",,,12,
dse_ownership,2026-09-08 10:01:40.687344+00:00,960,a4e388692d1a4e3fa50e0610a30f29c3,022f1ec123deb05f2d0131dd1b47fe026d95d79d1c23ad062228b4e82fdfb1bf,200,410,YPL,1% 2020,"5% 2019, 3% 2018, 5% 2017, 10% 2016",-,30-Jun,82.9,0.0,,,2016.0,Z,Y,Operation Shutdown,240.28,0.0,13241,"[{""year"": 2020, ""percent"": 1.0}]","[{""year"": 2019, ""percent"": 5.0}, {""year"": 2018, ""percent"": 3.0}, {""year"": 2017, ""percent"": 5.0}, {""year"": 2016, ""percent"": 10.0}]",,,12,
dse_ownership,2026-09-08 10:01:43.469762+00:00,963,a4e388692d1a4e3fa50e0610a30f29c3,ea761d507506c1042fa1843ee8d1fac3792c9edb592d4d4b845818de7fd06ee0,200,2084,ZAHEENSPIN,0.25% 2023,"5% 2019, 10% 2018, 15% 2017, 15% 2016, 15% 2014",-,30-Jun,-752.3,0.0,https://zaheenspinningltd.com/ltd/index.php?id=73,https://zaheenspinningltd.com/ltd/index.php?id=24,2015.0,Z,Y,Operation Shutdown,11.18,19.48,17467,"[{""year"": 2023, ""percent"": 0.25}]","[{""year"": 2019, ""percent"": 5.0}, {""year"": 2018, ""percent"": 10.0}, {""year"": 2017, ""percent"": 15.0}, {""year"": 2016, ""percent"": 15.0}, {""year"": 2014, ""percent"": 15.0}]",,,14,
dse_ownership,2026-09-08 10:01:44.274886+00:00,964,a4e388692d1a4e3fa50e0610a30f29c3,5cbb7bf960ec2fc67d3bd6127161b30d0d24e403b31f610cdbe22e0d492b21a2,200,549,ZAHINTEX,"3% 2018, 7% 2016, 5% 2015","10% 2017, 8% 2016, 10% 2015, 10% 2014, 15% 2013, 10% 2012",-,30-Jun,-290.0,0.0,"http://www,Zahintex.com","http://www,Zahintex.com",2011.0,Z,Y,Active,510.85,1665.13,17452,"[{""year"": 2018, ""percent"": 3.0}, {""year"": 2016, ""percent"": 7.0}, {""year"": 2015, ""percent"": 5.0}]","[{""year"": 2017, ""percent"": 10.0}, {""year"": 2016, ""percent"": 8.0}, {""year"": 2015, ""percent"": 10.0}, {""year"": 2014, ""percent"": 10.0}, {""year"": 2013, ""percent"": 15.0}, {""year"": 2012, ""percent"": 10.0}]",,,14,
dse_ownership,2026-09-08 10:01:46.412616+00:00,965,a4e388692d1a4e3fa50e0610a30f29c3,c707d45127a300cd4016e6f21d6a8c4d7f9c365a8f584792ba3ea4f5ccab0036,200,1955,ZEALBANGLA,-,-,-,30-Jun,-6895.2,0.0,http://www.bsfic.gov.bd/centerCont.php?pid=36,,1988.0,Z,Y,Active,59.55,4619.79,14266,[],[],,,13,
