source,t_recv,seq,epoch,body_sha256,http_status,elapsed_ms,symbol,as_on,row_index,sponsor_director_pct,government_pct,institution_pct,foreign_pct,public_pct,as_on_dates_on_page
dse_ownership,2026-09-08 09:50:14.055381+00:00,1,a4e388692d1a4e3fa50e0610a30f29c3,2b3bfa0c1e7c2fb28408ddc52c01672bfa3c3591405a36be099ae674f198036c,200,4830,1JANATAMF,"Jun 30, 2024",0,25.0,0.0,34.76,0.0,40.24,3.0
dse_ownership,2026-09-08 09:50:14.055381+00:00,1,a4e388692d1a4e3fa50e0610a30f29c3,2b3bfa0c1e7c2fb28408ddc52c01672bfa3c3591405a36be099ae674f198036c,200,4830,1JANATAMF,"Jun 30, 2026",1,25.0,0.0,28.78,0.0,46.22,
dse_ownership,2026-09-08 09:50:14.055381+00:00,1,a4e388692d1a4e3fa50e0610a30f29c3,2b3bfa0c1e7c2fb28408ddc52c01672bfa3c3591405a36be099ae674f198036c,200,4830,1JANATAMF,"Jul 31, 2026",2,25.0,0.0,30.2,0.0,44.8,
dse_ownership,2026-09-08 09:50:16.312033+00:00,2,a4e388692d1a4e3fa50e0610a30f29c3,e278fe4bcaf50e55c8b835ce30c3120a2fefd17ad1a2948b0ea94adae7e2751e,200,2090,1STPRIMFMF,"Dec 31, 2025",0,2.0,0.0,14.38,0.01,83.61,3.0
dse_ownership,2026-09-08 09:50:16.312033+00:00,2,a4e388692d1a4e3fa50e0610a30f29c3,e278fe4bcaf50e55c8b835ce30c3120a2fefd17ad1a2948b0ea94adae7e2751e,200,2090,1STPRIMFMF,"Jun 30, 2026",1,2.0,0.0,31.36,0.01,66.63,
dse_ownership,2026-09-08 09:50:16.312033+00:00,2,a4e388692d1a4e3fa50e0610a30f29c3,e278fe4bcaf50e55c8b835ce30c3120a2fefd17ad1a2948b0ea94adae7e2751e,200,2090,1STPRIMFMF,"Jul 31, 2026",2,2.0,0.0,23.98,0.01,74.01,
dse_ownership,2026-09-08 09:50:16.968453+00:00,3,a4e388692d1a4e3fa50e0610a30f29c3,94e31da9ae4c4ef5b4d9243b71e50a222b0e22682607d86cc8bd405bc3da7215,200,417,AAMRANET,"Jun 30, 2024",0,33.04,0.0,22.78,0.0,44.18,3.0
dse_ownership,2026-09-08 09:50:16.968453+00:00,3,a4e388692d1a4e3fa50e0610a30f29c3,94e31da9ae4c4ef5b4d9243b71e50a222b0e22682607d86cc8bd405bc3da7215,200,417,AAMRANET,"Jul 31, 2026",1,33.04,0.0,21.95,0.0,45.01,
dse_ownership,2026-09-08 09:50:16.968453+00:00,3,a4e388692d1a4e3fa50e0610a30f29c3,94e31da9ae4c4ef5b4d9243b71e50a222b0e22682607d86cc8bd405bc3da7215,200,417,AAMRANET,"Aug 31, 2026",2,33.04,0.0,21.74,0.0,45.22,
dse_ownership,2026-09-08 09:50:18.703659+00:00,4,a4e388692d1a4e3fa50e0610a30f29c3,ffaa257f3fea5edad739a888e9a993f1bbaf04b05f499387e3f75ac9b8ee0697,200,1566,AAMRATECH,"Jun 30, 2024",0,30.01,0.0,34.79,0.0,35.2,3.0
dse_ownership,2026-09-08 09:50:18.703659+00:00,4,a4e388692d1a4e3fa50e0610a30f29c3,ffaa257f3fea5edad739a888e9a993f1bbaf04b05f499387e3f75ac9b8ee0697,200,1566,AAMRATECH,"Jul 31, 2026",1,30.01,0.0,32.06,0.0,37.93,
dse_ownership,2026-09-08 09:50:18.703659+00:00,4,a4e388692d1a4e3fa50e0610a30f29c3,ffaa257f3fea5edad739a888e9a993f1bbaf04b05f499387e3f75ac9b8ee0697,200,1566,AAMRATECH,"Aug 31, 2026",2,30.01,0.0,29.97,0.0,40.02,
dse_ownership,2026-09-08 09:50:20.016289+00:00,5,a4e388692d1a4e3fa50e0610a30f29c3,10495ed24ebb801a1c16c4b5ce02e2a72a69350a6b67f15e430beca17237a8ef,200,1141,ABB1STMF,"Jun 30, 2024",0,15.51,0.0,14.55,0.0,69.94,3.0
dse_ownership,2026-09-08 09:50:20.016289+00:00,5,a4e388692d1a4e3fa50e0610a30f29c3,10495ed24ebb801a1c16c4b5ce02e2a72a69350a6b67f15e430beca17237a8ef,200,1141,ABB1STMF,"Jun 30, 2026",1,15.51,0.0,13.2,0.0,71.29,
dse_ownership,2026-09-08 09:50:20.016289+00:00,5,a4e388692d1a4e3fa50e0610a30f29c3,10495ed24ebb801a1c16c4b5ce02e2a72a69350a6b67f15e430beca17237a8ef,200,1141,ABB1STMF,"Jul 31, 2026",2,15.51,0.0,16.43,0.0,68.06,
dse_ownership,2026-09-08 09:50:21.818998+00:00,6,a4e388692d1a4e3fa50e0610a30f29c3,0da5bf00e77b86c34fc3fa999f94d8f9715fe1fe0824600ef32a4dcf5b5449d0,200,1567,ABBANK,"Dec 31, 2025",0,18.95,0.57,34.48,0.54,45.46,3.0
dse_ownership,2026-09-08 09:50:21.818998+00:00,6,a4e388692d1a4e3fa50e0610a30f29c3,0da5bf00e77b86c34fc3fa999f94d8f9715fe1fe0824600ef32a4dcf5b5449d0,200,1567,ABBANK,"Jul 31, 2026",1,18.95,0.57,35.25,0.54,44.69,
dse_ownership,2026-09-08 09:50:21.818998+00:00,6,a4e388692d1a4e3fa50e0610a30f29c3,0da5bf00e77b86c34fc3fa999f94d8f9715fe1fe0824600ef32a4dcf5b5449d0,200,1567,ABBANK,"Aug 31, 2026",2,18.95,0.57,35.0,0.54,44.94,
dse_ownership,2026-09-08 09:50:22.600354+00:00,7,a4e388692d1a4e3fa50e0610a30f29c3,1cfb360721fa154c2e4ae01ab1dc3094df8fad0ffec2ec54a35d0e67843d9ce3,200,606,ABBLPBOND,"Dec 31, 2022",0,0.0,0.0,0.0,0.0,0.0,3.0
dse_ownership,2026-09-08 09:50:22.600354+00:00,7,a4e388692d1a4e3fa50e0610a30f29c3,1cfb360721fa154c2e4ae01ab1dc3094df8fad0ffec2ec54a35d0e67843d9ce3,200,606,ABBLPBOND,"Jul 31, 2026",1,0.0,0.0,94.73,0.0,5.27,
dse_ownership,2026-09-08 09:50:22.600354+00:00,7,a4e388692d1a4e3fa50e0610a30f29c3,1cfb360721fa154c2e4ae01ab1dc3094df8fad0ffec2ec54a35d0e67843d9ce3,200,606,ABBLPBOND,"Aug 31, 2026",2,0.0,0.0,94.73,0.0,5.27,
dse_ownership,2026-09-08 09:50:23.207250+00:00,8,a4e388692d1a4e3fa50e0610a30f29c3,015e3c264a9e59cbe46efbef8ee75310e800abe6cd215dfa00c5764406acc0f3,200,441,ACFL,"Jun 30, 2025",0,49.58,0.0,11.94,0.12,38.36,3.0
dse_ownership,2026-09-08 09:50:23.207250+00:00,8,a4e388692d1a4e3fa50e0610a30f29c3,015e3c264a9e59cbe46efbef8ee75310e800abe6cd215dfa00c5764406acc0f3,200,441,ACFL,"Jul 31, 2026",1,49.58,0.0,11.65,0.1,38.67,
dse_ownership,2026-09-08 09:50:23.207250+00:00,8,a4e388692d1a4e3fa50e0610a30f29c3,015e3c264a9e59cbe46efbef8ee75310e800abe6cd215dfa00c5764406acc0f3,200,441,ACFL,"Aug 31, 2026",2,49.58,0.0,11.68,0.1,38.64,
dse_ownership,2026-09-08 09:50:24.405689+00:00,11,a4e388692d1a4e3fa50e0610a30f29c3,8079f86f5f4d0e5e77033d360ebd308f3fdbdb6c2648fa7795083443552c485e,200,411,ACI,"Jun 30, 2025",0,45.77,0.0,34.14,0.0,20.09,3.0
dse_ownership,2026-09-08 09:50:24.405689+00:00,11,a4e388692d1a4e3fa50e0610a30f29c3,8079f86f5f4d0e5e77033d360ebd308f3fdbdb6c2648fa7795083443552c485e,200,411,ACI,"Jul 31, 2026",1,47.27,0.0,34.34,0.0,18.39,
dse_ownership,2026-09-08 09:50:24.405689+00:00,11,a4e388692d1a4e3fa50e0610a30f29c3,8079f86f5f4d0e5e77033d360ebd308f3fdbdb6c2648fa7795083443552c485e,200,411,ACI,"Aug 31, 2026",2,47.27,0.0,34.3,0.0,18.43,
dse_ownership,2026-09-08 09:50:26.084364+00:00,12,a4e388692d1a4e3fa50e0610a30f29c3,f4714a962431b5e244ca4c37a3643e1aa7f709f3dbdf2a5ebc1f34f6b5b2adac,200,1510,ACIFORMULA,"Jun 30, 2025",0,66.02,0.0,22.18,0.0,11.8,3.0
dse_ownership,2026-09-08 09:50:26.084364+00:00,12,a4e388692d1a4e3fa50e0610a30f29c3,f4714a962431b5e244ca4c37a3643e1aa7f709f3dbdf2a5ebc1f34f6b5b2adac,200,1510,ACIFORMULA,"Jul 31, 2026",1,66.02,0.0,21.87,0.0,12.11,
dse_ownership,2026-09-08 09:50:26.084364+00:00,12,a4e388692d1a4e3fa50e0610a30f29c3,f4714a962431b5e244ca4c37a3643e1aa7f709f3dbdf2a5ebc1f34f6b5b2adac,200,1510,ACIFORMULA,"Aug 31, 2026",2,66.02,0.0,19.98,0.0,14.0,
dse_ownership,2026-09-08 09:50:26.681092+00:00,13,a4e388692d1a4e3fa50e0610a30f29c3,4a8d8ca3dcb609836705f983bc8de9d4f542c69eee9c11052903b9e10324f666,200,357,ACMELAB,"Jun 30, 2025",0,42.38,0.0,29.9,0.0,27.72,3.0
dse_ownership,2026-09-08 09:50:26.681092+00:00,13,a4e388692d1a4e3fa50e0610a30f29c3,4a8d8ca3dcb609836705f983bc8de9d4f542c69eee9c11052903b9e10324f666,200,357,ACMELAB,"Jul 31, 2026",1,40.39,0.0,30.5,0.02,29.09,
dse_ownership,2026-09-08 09:50:26.681092+00:00,13,a4e388692d1a4e3fa50e0610a30f29c3,4a8d8ca3dcb609836705f983bc8de9d4f542c69eee9c11052903b9e10324f666,200,357,ACMELAB,"Aug 31, 2026",2,40.39,0.0,30.46,0.03,29.12,
dse_ownership,2026-09-08 09:50:27.328272+00:00,14,a4e388692d1a4e3fa50e0610a30f29c3,990c243e232b70c4a2cacab70296d418c645735ad2acbd1c711741990b036048,200,472,ACMEPL,"Jun 30, 2025",0,31.8,0.0,14.83,0.0,53.37,3.0
dse_ownership,2026-09-08 09:50:27.328272+00:00,14,a4e388692d1a4e3fa50e0610a30f29c3,990c243e232b70c4a2cacab70296d418c645735ad2acbd1c711741990b036048,200,472,ACMEPL,"Jul 31, 2026",1,31.8,0.0,18.8,0.0,49.4,
dse_ownership,2026-09-08 09:50:27.328272+00:00,14,a4e388692d1a4e3fa50e0610a30f29c3,990c243e232b70c4a2cacab70296d418c645735ad2acbd1c711741990b036048,200,472,ACMEPL,"Aug 31, 2026",2,31.8,0.0,15.52,0.0,52.68,
dse_ownership,2026-09-08 09:50:27.945775+00:00,15,a4e388692d1a4e3fa50e0610a30f29c3,9d0b4a834f661b73e932b8cddb975791ad8ecd5130ef7c1f66fea1dfd46ea24f,200,461,ACTIVEFINE,"Jun 30, 2022",0,12.04,0.0,25.13,3.11,59.72,3.0
dse_ownership,2026-09-08 09:50:27.945775+00:00,15,a4e388692d1a4e3fa50e0610a30f29c3,9d0b4a834f661b73e932b8cddb975791ad8ecd5130ef7c1f66fea1dfd46ea24f,200,461,ACTIVEFINE,"Jan 31, 2024",1,12.04,0.0,20.17,0.27,67.52,
dse_ownership,2026-09-08 09:50:27.945775+00:00,15,a4e388692d1a4e3fa50e0610a30f29c3,9d0b4a834f661b73e932b8cddb975791ad8ecd5130ef7c1f66fea1dfd46ea24f,200,461,ACTIVEFINE,"Feb 29, 2024",2,12.04,0.0,21.05,0.27,66.64,
dse_ownership,2026-09-08 09:50:29.689409+00:00,16,a4e388692d1a4e3fa50e0610a30f29c3,fcd58e4e73ff1b039443b159682455cd33b20dd57a9e5a324c2ab2a931215b66,200,1498,ADNTEL,"Jun 30, 2025",0,42.81,0.0,24.22,1.99,30.98,3.0
dse_ownership,2026-09-08 09:50:29.689409+00:00,16,a4e388692d1a4e3fa50e0610a30f29c3,fcd58e4e73ff1b039443b159682455cd33b20dd57a9e5a324c2ab2a931215b66,200,1498,ADNTEL,"Jul 31, 2026",1,40.76,0.0,17.51,1.52,40.21,
dse_ownership,2026-09-08 09:50:29.689409+00:00,16,a4e388692d1a4e3fa50e0610a30f29c3,fcd58e4e73ff1b039443b159682455cd33b20dd57a9e5a324c2ab2a931215b66,200,1498,ADNTEL,"Aug 31, 2026",2,40.76,0.0,17.44,1.52,40.28,
dse_ownership,2026-09-08 09:50:30.567048+00:00,17,a4e388692d1a4e3fa50e0610a30f29c3,f78b78e39ebfa45da631136c37e03051b84a81563f98abbf13b3e605ba213b0e,200,715,ADVENT,"Jun 30, 2025",0,30.02,0.0,12.43,0.0,57.55,3.0
dse_ownership,2026-09-08 09:50:30.567048+00:00,17,a4e388692d1a4e3fa50e0610a30f29c3,f78b78e39ebfa45da631136c37e03051b84a81563f98abbf13b3e605ba213b0e,200,715,ADVENT,"Jul 31, 2026",1,30.02,0.0,12.79,1.0,56.19,
dse_ownership,2026-09-08 09:50:30.567048+00:00,17,a4e388692d1a4e3fa50e0610a30f29c3,f78b78e39ebfa45da631136c37e03051b84a81563f98abbf13b3e605ba213b0e,200,715,ADVENT,"Aug 31, 2026",2,30.02,0.0,12.78,1.0,56.2,
dse_ownership,2026-09-08 09:50:32.664677+00:00,18,a4e388692d1a4e3fa50e0610a30f29c3,571e01452109f7eea9fdd3e02cc6bf10174a628c943d069b839b46685ee47858,200,1928,AFCAGRO,"Jun 30, 2022",0,30.29,0.0,36.51,0.0,33.2,3.0
dse_ownership,2026-09-08 09:50:32.664677+00:00,18,a4e388692d1a4e3fa50e0610a30f29c3,571e01452109f7eea9fdd3e02cc6bf10174a628c943d069b839b46685ee47858,200,1928,AFCAGRO,"Jan 31, 2024",1,27.84,0.0,33.18,0.0,38.98,
dse_ownership,2026-09-08 09:50:32.664677+00:00,18,a4e388692d1a4e3fa50e0610a30f29c3,571e01452109f7eea9fdd3e02cc6bf10174a628c943d069b839b46685ee47858,200,1928,AFCAGRO,"Feb 29, 2024",2,27.84,0.0,34.11,0.0,38.05,
dse_ownership,2026-09-08 09:50:34.286753+00:00,19,a4e388692d1a4e3fa50e0610a30f29c3,fe169ec25a4190088ed7be32dfeaeb39c7c8b2e20ba5c0a523452e9dda008fef,200,1399,AFTABAUTO,"Jun 30, 2025",0,29.32,0.0,33.26,0.0,37.42,3.0
dse_ownership,2026-09-08 09:50:34.286753+00:00,19,a4e388692d1a4e3fa50e0610a30f29c3,fe169ec25a4190088ed7be32dfeaeb39c7c8b2e20ba5c0a523452e9dda008fef,200,1399,AFTABAUTO,"Jun 30, 2026",1,29.32,0.0,32.77,0.0,37.91,
dse_ownership,2026-09-08 09:50:34.286753+00:00,19,a4e388692d1a4e3fa50e0610a30f29c3,fe169ec25a4190088ed7be32dfeaeb39c7c8b2e20ba5c0a523452e9dda008fef,200,1399,AFTABAUTO,"Jul 31, 2026",2,29.32,0.0,32.54,0.0,38.14,
dse_ownership,2026-09-08 09:50:35.852105+00:00,20,a4e388692d1a4e3fa50e0610a30f29c3,bcfe2eec6ee8f479df5439b048aa435bf6930c3c6b21dbe614372f5b2b2c078a,200,1371,AGNISYSL,"Jun 30, 2025",0,30.03,0.0,12.01,0.0,57.96,3.0
dse_ownership,2026-09-08 09:50:35.852105+00:00,20,a4e388692d1a4e3fa50e0610a30f29c3,bcfe2eec6ee8f479df5439b048aa435bf6930c3c6b21dbe614372f5b2b2c078a,200,1371,AGNISYSL,"Jul 31, 2026",1,30.03,0.0,14.59,0.0,55.38,
dse_ownership,2026-09-08 09:50:35.852105+00:00,20,a4e388692d1a4e3fa50e0610a30f29c3,bcfe2eec6ee8f479df5439b048aa435bf6930c3c6b21dbe614372f5b2b2c078a,200,1371,AGNISYSL,"Aug 31, 2026",2,30.03,0.0,14.51,0.0,55.46,
dse_ownership,2026-09-08 09:50:37.336209+00:00,21,a4e388692d1a4e3fa50e0610a30f29c3,8141d57f1d0ac9ee0c462ab7d397dcebc99994a630546932b62c715f0ef398fd,200,1270,AGRANINS,"Dec 31, 2025",0,27.88,0.0,22.09,0.0,50.03,3.0
dse_ownership,2026-09-08 09:50:37.336209+00:00,21,a4e388692d1a4e3fa50e0610a30f29c3,8141d57f1d0ac9ee0c462ab7d397dcebc99994a630546932b62c715f0ef398fd,200,1270,AGRANINS,"Jul 31, 2026",1,27.75,0.0,17.03,0.0,55.22,
dse_ownership,2026-09-08 09:50:37.336209+00:00,21,a4e388692d1a4e3fa50e0610a30f29c3,8141d57f1d0ac9ee0c462ab7d397dcebc99994a630546932b62c715f0ef398fd,200,1270,AGRANINS,"Aug 31, 2026",2,27.75,0.0,16.83,0.0,55.42,
dse_ownership,2026-09-08 09:50:39.508662+00:00,22,a4e388692d1a4e3fa50e0610a30f29c3,4fc5aed8f7ffb3cc1ea177908e42fb518c2a2e703919ef8f4cd99a53ccb184b2,200,1932,AIBL1STIMF,"Mar 31, 2023",0,10.0,0.0,53.22,0.0,36.78,3.0
dse_ownership,2026-09-08 09:50:39.508662+00:00,22,a4e388692d1a4e3fa50e0610a30f29c3,4fc5aed8f7ffb3cc1ea177908e42fb518c2a2e703919ef8f4cd99a53ccb184b2,200,1932,AIBL1STIMF,"Dec 31, 2025",1,10.0,0.0,39.82,0.0,50.18,
dse_ownership,2026-09-08 09:50:39.508662+00:00,22,a4e388692d1a4e3fa50e0610a30f29c3,4fc5aed8f7ffb3cc1ea177908e42fb518c2a2e703919ef8f4cd99a53ccb184b2,200,1932,AIBL1STIMF,"Jan 31, 2026",2,10.0,0.0,40.05,0.0,49.95,
dse_ownership,2026-09-08 09:50:40.138780+00:00,23,a4e388692d1a4e3fa50e0610a30f29c3,2a8aa3951c632f3063c9bb45d3f861295e3380052194ee349df6758359f51f2c,200,461,AIBLPBOND,"Dec 31, 2020",0,0.0,0.0,0.0,0.0,0.0,2.0
dse_ownership,2026-09-08 09:50:40.138780+00:00,23,a4e388692d1a4e3fa50e0610a30f29c3,2a8aa3951c632f3063c9bb45d3f861295e3380052194ee349df6758359f51f2c,200,461,AIBLPBOND,"Nov 30, 2024",1,0.0,0.0,87.13,0.7,12.17,
dse_ownership,2026-09-08 09:50:41.159119+00:00,24,a4e388692d1a4e3fa50e0610a30f29c3,f9424be7800a9715f1b355003e67e7f8c4bef7a55efe3a993d65b0a0fd5e1c0c,200,796,AIL,"Jun 30, 2024",0,31.27,0.0,23.87,0.0,44.86,3.0
dse_ownership,2026-09-08 09:50:41.159119+00:00,24,a4e388692d1a4e3fa50e0610a30f29c3,f9424be7800a9715f1b355003e67e7f8c4bef7a55efe3a993d65b0a0fd5e1c0c,200,796,AIL,"Jul 31, 2026",1,30.24,0.0,13.74,0.0,56.02,
dse_ownership,2026-09-08 09:50:41.159119+00:00,24,a4e388692d1a4e3fa50e0610a30f29c3,f9424be7800a9715f1b355003e67e7f8c4bef7a55efe3a993d65b0a0fd5e1c0c,200,796,AIL,"Aug 31, 2026",2,30.24,0.0,13.55,0.0,56.21,
dse_ownership,2026-09-08 09:50:42.620900+00:00,25,a4e388692d1a4e3fa50e0610a30f29c3,3fbc67d7d7c1bb1a12367cda7ea39b56532c7a89df975ca4b230878443ee45c4,200,1293,AL-HAJTEX,"Jun 30, 2024",0,30.65,0.01,12.35,0.0,56.99,3.0
dse_ownership,2026-09-08 09:50:42.620900+00:00,25,a4e388692d1a4e3fa50e0610a30f29c3,3fbc67d7d7c1bb1a12367cda7ea39b56532c7a89df975ca4b230878443ee45c4,200,1293,AL-HAJTEX,"Jul 31, 2026",1,30.65,0.01,9.08,0.05,60.21,
dse_ownership,2026-09-08 09:50:42.620900+00:00,25,a4e388692d1a4e3fa50e0610a30f29c3,3fbc67d7d7c1bb1a12367cda7ea39b56532c7a89df975ca4b230878443ee45c4,200,1293,AL-HAJTEX,"Aug 31, 2026",2,30.65,0.01,9.65,0.05,59.64,
dse_ownership,2026-09-08 09:50:45.738651+00:00,26,a4e388692d1a4e3fa50e0610a30f29c3,8fc42b2ac1cdd2a4601e1f81ada987d5322b4dec28394209de58f2090f408118,200,2945,ALARABANK,"Dec 31, 2024",0,15.11,0.0,25.62,0.2,59.07,3.0
dse_ownership,2026-09-08 09:50:45.738651+00:00,26,a4e388692d1a4e3fa50e0610a30f29c3,8fc42b2ac1cdd2a4601e1f81ada987d5322b4dec28394209de58f2090f408118,200,2945,ALARABANK,"Jun 30, 2026",1,15.11,0.0,37.88,0.03,46.98,
dse_ownership,2026-09-08 09:50:45.738651+00:00,26,a4e388692d1a4e3fa50e0610a30f29c3,8fc42b2ac1cdd2a4601e1f81ada987d5322b4dec28394209de58f2090f408118,200,2945,ALARABANK,"Jul 31, 2026",2,40.41,0.0,35.52,0.03,24.04,
dse_ownership,2026-09-08 09:50:46.494418+00:00,27,a4e388692d1a4e3fa50e0610a30f29c3,8fff796e4425381f4a484837731a143e08ce7bcba74114caa97c4f55b72de36d,200,496,ALIF,"Jun 30, 2024",0,30.46,0.0,3.39,0.0,66.15,3.0
dse_ownership,2026-09-08 09:50:46.494418+00:00,27,a4e388692d1a4e3fa50e0610a30f29c3,8fff796e4425381f4a484837731a143e08ce7bcba74114caa97c4f55b72de36d,200,496,ALIF,"Jul 31, 2026",1,30.46,0.0,3.78,0.0,65.76,
dse_ownership,2026-09-08 09:50:46.494418+00:00,27,a4e388692d1a4e3fa50e0610a30f29c3,8fff796e4425381f4a484837731a143e08ce7bcba74114caa97c4f55b72de36d,200,496,ALIF,"Aug 31, 2026",2,30.46,0.0,3.79,0.0,65.75,
dse_ownership,2026-09-08 09:50:47.927382+00:00,28,a4e388692d1a4e3fa50e0610a30f29c3,3498a26057d59d81aa2177fcb7a6f1b92cee3b9289b548e1ca7a1a0b6f8d5ac4,200,1241,ALLTEX,"Jun 30, 2025",0,38.35,0.0,8.47,0.0,53.18,3.0
dse_ownership,2026-09-08 09:50:47.927382+00:00,28,a4e388692d1a4e3fa50e0610a30f29c3,3498a26057d59d81aa2177fcb7a6f1b92cee3b9289b548e1ca7a1a0b6f8d5ac4,200,1241,ALLTEX,"Jul 31, 2026",1,36.25,0.0,15.35,0.0,48.4,
dse_ownership,2026-09-08 09:50:47.927382+00:00,28,a4e388692d1a4e3fa50e0610a30f29c3,3498a26057d59d81aa2177fcb7a6f1b92cee3b9289b548e1ca7a1a0b6f8d5ac4,200,1241,ALLTEX,"Aug 31, 2026",2,36.25,0.0,16.13,0.0,47.62,
dse_ownership,2026-09-08 09:50:48.686384+00:00,29,a4e388692d1a4e3fa50e0610a30f29c3,61ca4a06a1e0409f36dddb9f11e85ebba32ac395ecadb9d2e836798c86996093,200,559,AMANFEED,"Jun 30, 2025",0,63.26,0.0,10.19,0.04,26.51,3.0
dse_ownership,2026-09-08 09:50:48.686384+00:00,29,a4e388692d1a4e3fa50e0610a30f29c3,61ca4a06a1e0409f36dddb9f11e85ebba32ac395ecadb9d2e836798c86996093,200,559,AMANFEED,"Jul 31, 2026",1,63.26,0.0,10.39,0.03,26.32,
dse_ownership,2026-09-08 09:50:48.686384+00:00,29,a4e388692d1a4e3fa50e0610a30f29c3,61ca4a06a1e0409f36dddb9f11e85ebba32ac395ecadb9d2e836798c86996093,200,559,AMANFEED,"Aug 31, 2026",2,63.26,0.0,10.35,0.03,26.36,
dse_ownership,2026-09-08 09:50:49.445672+00:00,30,a4e388692d1a4e3fa50e0610a30f29c3,74a49e49489b88d988a1f667767e9c37bdfdc2bf1bf10d2b70b76a214f9bf08c,200,476,AMBEEPHA,"Jun 30, 2025",0,77.25,0.0,8.37,0.0,14.38,3.0
dse_ownership,2026-09-08 09:50:49.445672+00:00,30,a4e388692d1a4e3fa50e0610a30f29c3,74a49e49489b88d988a1f667767e9c37bdfdc2bf1bf10d2b70b76a214f9bf08c,200,476,AMBEEPHA,"Jul 31, 2026",1,77.25,0.0,5.62,0.0,17.13,
dse_ownership,2026-09-08 09:50:49.445672+00:00,30,a4e388692d1a4e3fa50e0610a30f29c3,74a49e49489b88d988a1f667767e9c37bdfdc2bf1bf10d2b70b76a214f9bf08c,200,476,AMBEEPHA,"Aug 31, 2026",2,77.25,0.0,5.53,0.0,17.22,
dse_ownership,2026-09-08 09:50:52.750202+00:00,31,a4e388692d1a4e3fa50e0610a30f29c3,15d2c0f294924f6a231117e173784c0dab9735a4124afc0aae179de0e374b6e7,200,3115,AMCL(PRAN),"Jun 30, 2025",0,40.15,0.0,28.09,0.0,31.76,3.0
dse_ownership,2026-09-08 09:50:52.750202+00:00,31,a4e388692d1a4e3fa50e0610a30f29c3,15d2c0f294924f6a231117e173784c0dab9735a4124afc0aae179de0e374b6e7,200,3115,AMCL(PRAN),"Jul 31, 2026",1,40.15,0.0,28.88,0.0,30.97,
dse_ownership,2026-09-08 09:50:52.750202+00:00,31,a4e388692d1a4e3fa50e0610a30f29c3,15d2c0f294924f6a231117e173784c0dab9735a4124afc0aae179de0e374b6e7,200,3115,AMCL(PRAN),"Aug 31, 2026",2,40.15,0.0,28.55,0.0,31.3,
dse_ownership,2026-09-08 09:50:54.760652+00:00,34,a4e388692d1a4e3fa50e0610a30f29c3,8103ae724fe49f23a6c33b502538e5310fb3dff7e533a37e74165dabbdc85499,200,1183,ANLIMAYARN,"Jun 30, 2025",0,44.43,0.0,5.95,0.0,49.62,3.0
dse_ownership,2026-09-08 09:50:54.760652+00:00,34,a4e388692d1a4e3fa50e0610a30f29c3,8103ae724fe49f23a6c33b502538e5310fb3dff7e533a37e74165dabbdc85499,200,1183,ANLIMAYARN,"Jul 31, 2026",1,44.43,0.0,7.17,0.0,48.4,
dse_ownership,2026-09-08 09:50:54.760652+00:00,34,a4e388692d1a4e3fa50e0610a30f29c3,8103ae724fe49f23a6c33b502538e5310fb3dff7e533a37e74165dabbdc85499,200,1183,ANLIMAYARN,"Aug 31, 2026",2,44.43,0.0,4.08,0.0,51.49,
dse_ownership,2026-09-08 09:50:56.160449+00:00,35,a4e388692d1a4e3fa50e0610a30f29c3,680a69934fabe24982d9b108a203a6e4abd5b049c4dac8a6c5860e6b9c9229be,200,1221,ANWARGALV,"Jun 30, 2025",0,35.32,0.0,22.98,0.0,41.7,3.0
dse_ownership,2026-09-08 09:50:56.160449+00:00,35,a4e388692d1a4e3fa50e0610a30f29c3,680a69934fabe24982d9b108a203a6e4abd5b049c4dac8a6c5860e6b9c9229be,200,1221,ANWARGALV,"Jun 30, 2026",1,35.32,0.0,16.07,0.0,48.61,
dse_ownership,2026-09-08 09:50:56.160449+00:00,35,a4e388692d1a4e3fa50e0610a30f29c3,680a69934fabe24982d9b108a203a6e4abd5b049c4dac8a6c5860e6b9c9229be,200,1221,ANWARGALV,"Jul 31, 2026",2,35.32,0.0,14.88,0.0,49.8,
dse_ownership,2026-09-08 09:50:56.811644+00:00,36,a4e388692d1a4e3fa50e0610a30f29c3,ff75cca01bdeef6f9fff5f7d3b69e9bbd86eb1e986c5a1d65e0211afe887da06,200,458,AOL,"Jun 30, 2022",0,30.65,0.0,23.96,0.13,45.26,3.0
dse_ownership,2026-09-08 09:50:56.811644+00:00,36,a4e388692d1a4e3fa50e0610a30f29c3,ff75cca01bdeef6f9fff5f7d3b69e9bbd86eb1e986c5a1d65e0211afe887da06,200,458,AOL,"Jul 31, 2026",1,30.65,0.0,13.38,0.07,55.9,
dse_ownership,2026-09-08 09:50:56.811644+00:00,36,a4e388692d1a4e3fa50e0610a30f29c3,ff75cca01bdeef6f9fff5f7d3b69e9bbd86eb1e986c5a1d65e0211afe887da06,200,458,AOL,"Aug 31, 2026",2,30.65,0.0,12.03,0.08,57.24,
dse_ownership,2026-09-08 09:50:58.083052+00:00,39,a4e388692d1a4e3fa50e0610a30f29c3,2c54dc92e92b30e369c005db7668768a95e0993a8085316be5a03d20988359b7,200,405,APEXFOODS,"Jun 30, 2025",0,53.39,0.0,5.1,0.0,41.51,3.0
dse_ownership,2026-09-08 09:50:58.083052+00:00,39,a4e388692d1a4e3fa50e0610a30f29c3,2c54dc92e92b30e369c005db7668768a95e0993a8085316be5a03d20988359b7,200,405,APEXFOODS,"Jul 31, 2026",1,53.39,0.0,7.81,0.0,38.8,
dse_ownership,2026-09-08 09:50:58.083052+00:00,39,a4e388692d1a4e3fa50e0610a30f29c3,2c54dc92e92b30e369c005db7668768a95e0993a8085316be5a03d20988359b7,200,405,APEXFOODS,"Aug 31, 2026",2,53.39,0.0,7.5,0.0,39.11,
dse_ownership,2026-09-08 09:50:59.515884+00:00,40,a4e388692d1a4e3fa50e0610a30f29c3,03586e5ca27e0cf1c34848a139e0f1dd8c1023e19688d8850efb527a48b0a1ac,200,1211,APEXFOOT,"Jun 30, 2025",0,31.54,0.0,28.05,0.0,40.41,3.0
dse_ownership,2026-09-08 09:50:59.515884+00:00,40,a4e388692d1a4e3fa50e0610a30f29c3,03586e5ca27e0cf1c34848a139e0f1dd8c1023e19688d8850efb527a48b0a1ac,200,1211,APEXFOOT,"Jul 31, 2026",1,30.08,0.0,23.35,0.0,46.57,
dse_ownership,2026-09-08 09:50:59.515884+00:00,40,a4e388692d1a4e3fa50e0610a30f29c3,03586e5ca27e0cf1c34848a139e0f1dd8c1023e19688d8850efb527a48b0a1ac,200,1211,APEXFOOT,"Aug 31, 2026",2,30.08,0.0,24.2,0.0,45.72,
dse_ownership,2026-09-08 09:51:00.354724+00:00,41,a4e388692d1a4e3fa50e0610a30f29c3,4c96565c9fdd7ba8a7a52a642073fc22489bcb6d5233284ce30840db3f050e50,200,521,APEXSPINN,"Jun 30, 2025",0,52.76,0.0,12.53,0.25,34.46,3.0
dse_ownership,2026-09-08 09:51:00.354724+00:00,41,a4e388692d1a4e3fa50e0610a30f29c3,4c96565c9fdd7ba8a7a52a642073fc22489bcb6d5233284ce30840db3f050e50,200,521,APEXSPINN,"Jul 31, 2026",1,50.71,0.0,6.59,0.25,42.45,
dse_ownership,2026-09-08 09:51:00.354724+00:00,41,a4e388692d1a4e3fa50e0610a30f29c3,4c96565c9fdd7ba8a7a52a642073fc22489bcb6d5233284ce30840db3f050e50,200,521,APEXSPINN,"Aug 31, 2026",2,50.71,0.0,7.29,0.25,41.75,
dse_ownership,2026-09-08 09:51:02.707468+00:00,42,a4e388692d1a4e3fa50e0610a30f29c3,9f6f2ce57889119a8cd362d3d7e05c462d725c8591ade2b93b6b9386abd1978b,200,2173,APEXTANRY,"Jun 30, 2025",0,34.82,0.0,29.33,0.0,35.85,3.0
dse_ownership,2026-09-08 09:51:02.707468+00:00,42,a4e388692d1a4e3fa50e0610a30f29c3,9f6f2ce57889119a8cd362d3d7e05c462d725c8591ade2b93b6b9386abd1978b,200,2173,APEXTANRY,"Jul 31, 2026",1,34.82,0.0,26.05,0.0,39.13,
dse_ownership,2026-09-08 09:51:02.707468+00:00,42,a4e388692d1a4e3fa50e0610a30f29c3,9f6f2ce57889119a8cd362d3d7e05c462d725c8591ade2b93b6b9386abd1978b,200,2173,APEXTANRY,"Aug 31, 2026",2,34.82,0.0,26.35,0.0,38.83,
dse_ownership,2026-09-08 09:51:05.673179+00:00,45,a4e388692d1a4e3fa50e0610a30f29c3,7e13663d26dfaa72beb2dbee942b15ba588f67a293a857dd91d7b2d0670fec80,200,2091,APOLOISPAT,"Jun 30, 2023",0,0.0,0.0,0.0,0.0,0.0,3.0
dse_ownership,2026-09-08 09:51:05.673179+00:00,45,a4e388692d1a4e3fa50e0610a30f29c3,7e13663d26dfaa72beb2dbee942b15ba588f67a293a857dd91d7b2d0670fec80,200,2091,APOLOISPAT,"Jul 31, 2021",1,20.24,0.0,21.93,0.5,57.33,
dse_ownership,2026-09-08 09:51:05.673179+00:00,45,a4e388692d1a4e3fa50e0610a30f29c3,7e13663d26dfaa72beb2dbee942b15ba588f67a293a857dd91d7b2d0670fec80,200,2091,APOLOISPAT,"Sep 30, 2021",2,20.24,0.0,20.53,0.42,58.81,
dse_ownership,2026-09-08 09:51:06.472009+00:00,46,a4e388692d1a4e3fa50e0610a30f29c3,fb244025ffccc83ec02322920dd1ccbc917e24ee0151212455fc03b5d7c12e15,200,636,APSCLBOND,"Jun 30, 2025",0,0.0,0.0,0.0,0.0,0.0,1.0
dse_ownership,2026-09-08 09:51:08.540281+00:00,47,a4e388692d1a4e3fa50e0610a30f29c3,6d1ba742c0738b2a71b7710fce0fb34230e27ce1577c70cb4a6ea19329ef3f90,200,1910,ARAMIT,"Jun 30, 2024",0,60.73,0.0,15.14,0.0,24.13,3.0
dse_ownership,2026-09-08 09:51:08.540281+00:00,47,a4e388692d1a4e3fa50e0610a30f29c3,6d1ba742c0738b2a71b7710fce0fb34230e27ce1577c70cb4a6ea19329ef3f90,200,1910,ARAMIT,"Jul 31, 2026",1,60.73,0.0,13.57,0.0,25.7,
dse_ownership,2026-09-08 09:51:08.540281+00:00,47,a4e388692d1a4e3fa50e0610a30f29c3,6d1ba742c0738b2a71b7710fce0fb34230e27ce1577c70cb4a6ea19329ef3f90,200,1910,ARAMIT,"Aug 31, 2026",2,60.73,0.0,13.57,0.0,25.7,
dse_ownership,2026-09-08 09:51:09.259208+00:00,48,a4e388692d1a4e3fa50e0610a30f29c3,75cb07273db548c831e0195f0c291c82a2eb55edbcef913d61e5487aca92c6b8,200,481,ARAMITCEM,"Jun 30, 2024",0,45.92,0.0,10.6,0.0,43.48,3.0
dse_ownership,2026-09-08 09:51:09.259208+00:00,48,a4e388692d1a4e3fa50e0610a30f29c3,75cb07273db548c831e0195f0c291c82a2eb55edbcef913d61e5487aca92c6b8,200,481,ARAMITCEM,"Nov 30, 2025",1,45.92,0.0,10.01,0.0,44.07,
dse_ownership,2026-09-08 09:51:09.259208+00:00,48,a4e388692d1a4e3fa50e0610a30f29c3,75cb07273db548c831e0195f0c291c82a2eb55edbcef913d61e5487aca92c6b8,200,481,ARAMITCEM,"Dec 31, 2025",2,45.92,0.0,9.99,0.0,44.09,
dse_ownership,2026-09-08 09:51:09.798395+00:00,49,a4e388692d1a4e3fa50e0610a30f29c3,285fd79e28b8c5af1c9ca330990427affc5b23038f41b42995eeab143504f692,200,371,ARGONDENIM,"Jun 30, 2025",0,35.87,0.0,33.27,0.0,30.86,3.0
dse_ownership,2026-09-08 09:51:09.798395+00:00,49,a4e388692d1a4e3fa50e0610a30f29c3,285fd79e28b8c5af1c9ca330990427affc5b23038f41b42995eeab143504f692,200,371,ARGONDENIM,"Jul 31, 2026",1,35.87,0.0,43.87,0.0,20.26,
dse_ownership,2026-09-08 09:51:09.798395+00:00,49,a4e388692d1a4e3fa50e0610a30f29c3,285fd79e28b8c5af1c9ca330990427affc5b23038f41b42995eeab143504f692,200,371,ARGONDENIM,"Aug 31, 2026",2,35.87,0.0,31.41,0.0,32.72,
dse_ownership,2026-09-08 09:51:10.335837+00:00,50,a4e388692d1a4e3fa50e0610a30f29c3,9a641e9dda14290b3ffb82b7ea1b7107310de58437c1a411295ec65d1acb8b53,200,361,ASIAINS,"Dec 31, 2025",0,37.88,0.0,7.87,0.0,54.25,3.0
dse_ownership,2026-09-08 09:51:10.335837+00:00,50,a4e388692d1a4e3fa50e0610a30f29c3,9a641e9dda14290b3ffb82b7ea1b7107310de58437c1a411295ec65d1acb8b53,200,361,ASIAINS,"Jul 31, 2026",1,37.88,0.0,10.77,0.0,51.35,
dse_ownership,2026-09-08 09:51:10.335837+00:00,50,a4e388692d1a4e3fa50e0610a30f29c3,9a641e9dda14290b3ffb82b7ea1b7107310de58437c1a411295ec65d1acb8b53,200,361,ASIAINS,"Aug 31, 2026",2,37.88,0.0,11.11,0.0,51.01,
dse_ownership,2026-09-08 09:51:11.096159+00:00,51,a4e388692d1a4e3fa50e0610a30f29c3,10fdb0ea86471f1f27ceb9fa17803a2f94b32fe704ea392eb670a58c23470cae,200,523,ASIAPACINS,"Dec 31, 2025",0,33.61,0.0,30.67,0.0,35.72,3.0
dse_ownership,2026-09-08 09:51:11.096159+00:00,51,a4e388692d1a4e3fa50e0610a30f29c3,10fdb0ea86471f1f27ceb9fa17803a2f94b32fe704ea392eb670a58c23470cae,200,523,ASIAPACINS,"Jul 31, 2026",1,33.61,0.0,32.27,0.0,34.12,
dse_ownership,2026-09-08 09:51:11.096159+00:00,51,a4e388692d1a4e3fa50e0610a30f29c3,10fdb0ea86471f1f27ceb9fa17803a2f94b32fe704ea392eb670a58c23470cae,200,523,ASIAPACINS,"Aug 31, 2026",2,33.61,0.0,32.47,0.0,33.92,
dse_ownership,2026-09-08 09:51:11.910593+00:00,52,a4e388692d1a4e3fa50e0610a30f29c3,62c919ec69241d9f9c1210d426057a0022bd903e544e98fbc70c20242d426854,200,642,ASIATICLAB,"Jun 30, 2025",0,40.71,0.0,18.09,0.0,41.2,3.0
dse_ownership,2026-09-08 09:51:11.910593+00:00,52,a4e388692d1a4e3fa50e0610a30f29c3,62c919ec69241d9f9c1210d426057a0022bd903e544e98fbc70c20242d426854,200,642,ASIATICLAB,"Jul 31, 2026",1,40.71,0.0,15.81,0.0,43.48,
dse_ownership,2026-09-08 09:51:11.910593+00:00,52,a4e388692d1a4e3fa50e0610a30f29c3,62c919ec69241d9f9c1210d426057a0022bd903e544e98fbc70c20242d426854,200,642,ASIATICLAB,"Aug 31, 2026",2,40.71,0.0,15.03,0.0,44.26,
dse_ownership,2026-09-08 09:51:13.208812+00:00,55,a4e388692d1a4e3fa50e0610a30f29c3,80a1ee2fc43aac2a0d5f9f277903804fd08b999a8d1433414990d7c6b33f6f83,200,500,ATLASBANG,"Jun 30, 2025",0,0.0,51.0,16.95,0.0,32.05,3.0
dse_ownership,2026-09-08 09:51:13.208812+00:00,55,a4e388692d1a4e3fa50e0610a30f29c3,80a1ee2fc43aac2a0d5f9f277903804fd08b999a8d1433414990d7c6b33f6f83,200,500,ATLASBANG,"Jul 31, 2026",1,0.0,51.0,16.99,0.0,32.01,
dse_ownership,2026-09-08 09:51:13.208812+00:00,55,a4e388692d1a4e3fa50e0610a30f29c3,80a1ee2fc43aac2a0d5f9f277903804fd08b999a8d1433414990d7c6b33f6f83,200,500,ATLASBANG,"Aug 31, 2026",2,0.0,51.0,16.96,0.0,32.04,
dse_ownership,2026-09-08 09:51:13.794952+00:00,56,a4e388692d1a4e3fa50e0610a30f29c3,52d6815e45b802330b89e90bf3547eee626bb1aee1a41402895bfd21604cca64,200,418,AZIZPIPES,"Jun 30, 2025",0,11.16,0.0,7.55,0.0,81.29,3.0
dse_ownership,2026-09-08 09:51:13.794952+00:00,56,a4e388692d1a4e3fa50e0610a30f29c3,52d6815e45b802330b89e90bf3547eee626bb1aee1a41402895bfd21604cca64,200,418,AZIZPIPES,"Jun 30, 2026",1,11.16,0.0,13.66,0.0,75.18,
dse_ownership,2026-09-08 09:51:13.794952+00:00,56,a4e388692d1a4e3fa50e0610a30f29c3,52d6815e45b802330b89e90bf3547eee626bb1aee1a41402895bfd21604cca64,200,418,AZIZPIPES,"Jul 31, 2026",2,11.16,0.0,15.54,0.0,73.3,
dse_ownership,2026-09-08 09:51:14.415053+00:00,57,a4e388692d1a4e3fa50e0610a30f29c3,232dd93f89b34779562e165a7c003e1974d70b8285145a7598b90beba9399ae9,200,456,BANGAS,"Jun 30, 2025",0,23.04,0.0,10.88,0.09,65.99,3.0
dse_ownership,2026-09-08 09:51:14.415053+00:00,57,a4e388692d1a4e3fa50e0610a30f29c3,232dd93f89b34779562e165a7c003e1974d70b8285145a7598b90beba9399ae9,200,456,BANGAS,"Jun 30, 2026",1,23.04,0.0,5.3,0.09,71.57,
dse_ownership,2026-09-08 09:51:14.415053+00:00,57,a4e388692d1a4e3fa50e0610a30f29c3,232dd93f89b34779562e165a7c003e1974d70b8285145a7598b90beba9399ae9,200,456,BANGAS,"Jul 31, 2026",2,23.04,0.0,5.28,0.09,71.59,
dse_ownership,2026-09-08 09:51:15.676181+00:00,60,a4e388692d1a4e3fa50e0610a30f29c3,0053e01c7d594c7c9695f168360b06e5fe84fdc0ab854641db2506b80854269f,200,453,BANKASI1PB,"Dec 31, 2022",0,0.0,0.0,0.0,0.0,0.0,1.0
dse_ownership,2026-09-08 09:51:19.358195+00:00,61,a4e388692d1a4e3fa50e0610a30f29c3,17a3f69853d20127c9a0c541e8a753b3b6e582dd2faf006bdd6c11697ba5dc1f,200,3510,BANKASIA,"Dec 31, 2025",0,50.7,0.0,38.42,0.0,10.88,3.0
dse_ownership,2026-09-08 09:51:19.358195+00:00,61,a4e388692d1a4e3fa50e0610a30f29c3,17a3f69853d20127c9a0c541e8a753b3b6e582dd2faf006bdd6c11697ba5dc1f,200,3510,BANKASIA,"Jun 30, 2026",1,50.7,0.0,38.8,0.0,10.5,
dse_ownership,2026-09-08 09:51:19.358195+00:00,61,a4e388692d1a4e3fa50e0610a30f29c3,17a3f69853d20127c9a0c541e8a753b3b6e582dd2faf006bdd6c11697ba5dc1f,200,3510,BANKASIA,"Jul 31, 2026",2,50.38,0.0,39.14,0.0,10.48,
dse_ownership,2026-09-08 09:51:20.123352+00:00,62,a4e388692d1a4e3fa50e0610a30f29c3,700d0c0eccb456dbf8ff1f4d02ee66875d66a90e4ab07a37029d76cd2f8869b0,200,503,BARKAPOWER,"Jun 30, 2025",0,30.0,0.0,24.96,0.0,45.04,3.0
dse_ownership,2026-09-08 09:51:20.123352+00:00,62,a4e388692d1a4e3fa50e0610a30f29c3,700d0c0eccb456dbf8ff1f4d02ee66875d66a90e4ab07a37029d76cd2f8869b0,200,503,BARKAPOWER,"Jul 31, 2026",1,22.64,0.0,23.71,0.0,53.65,
dse_ownership,2026-09-08 09:51:20.123352+00:00,62,a4e388692d1a4e3fa50e0610a30f29c3,700d0c0eccb456dbf8ff1f4d02ee66875d66a90e4ab07a37029d76cd2f8869b0,200,503,BARKAPOWER,"Aug 31, 2026",2,22.64,0.0,23.71,0.0,53.65,
dse_ownership,2026-09-08 09:51:20.780669+00:00,63,a4e388692d1a4e3fa50e0610a30f29c3,4e215fe7b90b74bc1b1d1bc3df51f9926fd545f03d8e5431ad835476b51e7a1c,200,505,BATASHOE,"Dec 31, 2025",0,70.0,0.0,19.53,1.07,9.4,3.0
dse_ownership,2026-09-08 09:51:20.780669+00:00,63,a4e388692d1a4e3fa50e0610a30f29c3,4e215fe7b90b74bc1b1d1bc3df51f9926fd545f03d8e5431ad835476b51e7a1c,200,505,BATASHOE,"Jun 30, 2026",1,70.0,0.0,19.69,1.07,9.24,
dse_ownership,2026-09-08 09:51:20.780669+00:00,63,a4e388692d1a4e3fa50e0610a30f29c3,4e215fe7b90b74bc1b1d1bc3df51f9926fd545f03d8e5431ad835476b51e7a1c,200,505,BATASHOE,"Jul 31, 2026",2,70.0,0.0,19.73,1.07,9.2,
dse_ownership,2026-09-08 09:51:23.063301+00:00,64,a4e388692d1a4e3fa50e0610a30f29c3,1a7eeadff9df127a63c8264823e9033d7208bf9811934fc3cf21cb8f09b8cab1,200,2105,BATBC,"Dec 31, 2025",0,72.91,0.64,14.43,3.23,8.79,3.0
dse_ownership,2026-09-08 09:51:23.063301+00:00,64,a4e388692d1a4e3fa50e0610a30f29c3,1a7eeadff9df127a63c8264823e9033d7208bf9811934fc3cf21cb8f09b8cab1,200,2105,BATBC,"Jul 31, 2026",1,72.91,0.64,14.38,2.9,9.17,
dse_ownership,2026-09-08 09:51:23.063301+00:00,64,a4e388692d1a4e3fa50e0610a30f29c3,1a7eeadff9df127a63c8264823e9033d7208bf9811934fc3cf21cb8f09b8cab1,200,2105,BATBC,"Aug 31, 2026",2,72.91,0.64,14.59,2.88,8.98,
dse_ownership,2026-09-08 09:51:23.866310+00:00,65,a4e388692d1a4e3fa50e0610a30f29c3,0e6bf9a2a26100d2ed148969d141bf99687fce3306091d38e6b4d132dce22b42,200,534,BAYLEASING,"Dec 31, 2024",0,19.64,0.0,27.64,0.0,52.72,3.0
dse_ownership,2026-09-08 09:51:23.866310+00:00,65,a4e388692d1a4e3fa50e0610a30f29c3,0e6bf9a2a26100d2ed148969d141bf99687fce3306091d38e6b4d132dce22b42,200,534,BAYLEASING,"Jul 31, 2026",1,18.3,0.0,25.52,0.0,56.18,
dse_ownership,2026-09-08 09:51:23.866310+00:00,65,a4e388692d1a4e3fa50e0610a30f29c3,0e6bf9a2a26100d2ed148969d141bf99687fce3306091d38e6b4d132dce22b42,200,534,BAYLEASING,"Aug 31, 2026",2,18.3,0.0,24.45,0.0,57.25,
dse_ownership,2026-09-08 09:51:26.002313+00:00,66,a4e388692d1a4e3fa50e0610a30f29c3,f07e0f02ce9d9d03057086c792b27553cf183183a754231e45c5f86e507ac25e,200,1971,BBS,"Jun 30, 2025",0,30.01,0.0,23.11,0.07,46.81,3.0
dse_ownership,2026-09-08 09:51:26.002313+00:00,66,a4e388692d1a4e3fa50e0610a30f29c3,f07e0f02ce9d9d03057086c792b27553cf183183a754231e45c5f86e507ac25e,200,1971,BBS,"Jun 30, 2026",1,30.01,0.0,27.76,0.06,42.17,
dse_ownership,2026-09-08 09:51:26.002313+00:00,66,a4e388692d1a4e3fa50e0610a30f29c3,f07e0f02ce9d9d03057086c792b27553cf183183a754231e45c5f86e507ac25e,200,1971,BBS,"Jul 31, 2026",2,30.01,0.0,25.86,0.06,44.07,
dse_ownership,2026-09-08 09:51:26.598322+00:00,67,a4e388692d1a4e3fa50e0610a30f29c3,49a3c616978f5735ffc0274b8731b9347f51646c97ce992a617bd3e0fd07265d,200,432,BBSCABLES,"Jun 30, 2025",0,30.12,0.0,23.24,0.09,46.55,3.0
dse_ownership,2026-09-08 09:51:26.598322+00:00,67,a4e388692d1a4e3fa50e0610a30f29c3,49a3c616978f5735ffc0274b8731b9347f51646c97ce992a617bd3e0fd07265d,200,432,BBSCABLES,"Jun 30, 2026",1,30.12,0.0,22.94,0.09,46.85,
dse_ownership,2026-09-08 09:51:26.598322+00:00,67,a4e388692d1a4e3fa50e0610a30f29c3,49a3c616978f5735ffc0274b8731b9347f51646c97ce992a617bd3e0fd07265d,200,432,BBSCABLES,"Jul 31, 2026",2,30.12,0.0,23.14,0.09,46.65,
dse_ownership,2026-09-08 09:51:28.793082+00:00,68,a4e388692d1a4e3fa50e0610a30f29c3,8de0cfe2d5a51f10fc0ff9e809757b9d7e21d77d9821c69f2b299dd359a3b101,200,1933,BDAUTOCA,"Jun 30, 2025",0,30.06,0.0,9.04,0.0,60.9,3.0
dse_ownership,2026-09-08 09:51:28.793082+00:00,68,a4e388692d1a4e3fa50e0610a30f29c3,8de0cfe2d5a51f10fc0ff9e809757b9d7e21d77d9821c69f2b299dd359a3b101,200,1933,BDAUTOCA,"Jul 31, 2026",1,30.06,0.0,10.02,0.0,59.92,
dse_ownership,2026-09-08 09:51:28.793082+00:00,68,a4e388692d1a4e3fa50e0610a30f29c3,8de0cfe2d5a51f10fc0ff9e809757b9d7e21d77d9821c69f2b299dd359a3b101,200,1933,BDAUTOCA,"Aug 31, 2026",2,30.06,0.0,10.02,0.0,59.92,
dse_ownership,2026-09-08 09:51:29.333490+00:00,69,a4e388692d1a4e3fa50e0610a30f29c3,c789f83ebdce6c6e03a50b54b669e2257e71b60f77ed77c4552938da0337bfa5,200,381,BDCOM,"Jun 30, 2025",0,30.0,0.0,9.51,0.0,60.49,3.0
dse_ownership,2026-09-08 09:51:29.333490+00:00,69,a4e388692d1a4e3fa50e0610a30f29c3,c789f83ebdce6c6e03a50b54b669e2257e71b60f77ed77c4552938da0337bfa5,200,381,BDCOM,"Jul 31, 2026",1,30.0,0.0,8.99,0.0,61.01,
dse_ownership,2026-09-08 09:51:29.333490+00:00,69,a4e388692d1a4e3fa50e0610a30f29c3,c789f83ebdce6c6e03a50b54b669e2257e71b60f77ed77c4552938da0337bfa5,200,381,BDCOM,"Aug 31, 2026",2,30.0,0.0,8.78,0.0,61.22,
dse_ownership,2026-09-08 09:51:31.549037+00:00,70,a4e388692d1a4e3fa50e0610a30f29c3,8f386d840eee87341340020eec808ddc163b0776f81db6665169494c4c90abe1,200,2057,BDFINANCE,"Dec 31, 2025",0,18.89,0.0,26.01,0.0,55.1,3.0
dse_ownership,2026-09-08 09:51:31.549037+00:00,70,a4e388692d1a4e3fa50e0610a30f29c3,8f386d840eee87341340020eec808ddc163b0776f81db6665169494c4c90abe1,200,2057,BDFINANCE,"Jun 30, 2026",1,18.89,0.0,26.02,0.0,55.09,
dse_ownership,2026-09-08 09:51:31.549037+00:00,70,a4e388692d1a4e3fa50e0610a30f29c3,8f386d840eee87341340020eec808ddc163b0776f81db6665169494c4c90abe1,200,2057,BDFINANCE,"Jul 31, 2026",2,14.54,0.0,25.31,0.0,60.15,
dse_ownership,2026-09-08 09:51:32.918224+00:00,71,a4e388692d1a4e3fa50e0610a30f29c3,9a5f0800529aa81695254dc1732b7378aedae2659a093907eb0182ae24b65442,200,1110,BDLAMPS,"Jun 30, 2025",0,61.85,0.0,8.2,0.02,29.93,3.0
dse_ownership,2026-09-08 09:51:32.918224+00:00,71,a4e388692d1a4e3fa50e0610a30f29c3,9a5f0800529aa81695254dc1732b7378aedae2659a093907eb0182ae24b65442,200,1110,BDLAMPS,"Jul 31, 2026",1,61.86,0.0,9.38,0.03,28.73,
dse_ownership,2026-09-08 09:51:32.918224+00:00,71,a4e388692d1a4e3fa50e0610a30f29c3,9a5f0800529aa81695254dc1732b7378aedae2659a093907eb0182ae24b65442,200,1110,BDLAMPS,"Aug 31, 2026",2,61.86,0.0,8.66,0.03,29.45,
dse_ownership,2026-09-08 09:51:35.673029+00:00,74,a4e388692d1a4e3fa50e0610a30f29c3,dc49e7c76a00c6025d81521da403d974a5b7a0abd585c4e77387dca2b081bd98,200,2001,BDSERVICE,"Jun 30, 2025",0,0.0,99.68,0.0,0.19,0.13,3.0
dse_ownership,2026-09-08 09:51:35.673029+00:00,74,a4e388692d1a4e3fa50e0610a30f29c3,dc49e7c76a00c6025d81521da403d974a5b7a0abd585c4e77387dca2b081bd98,200,2001,BDSERVICE,"Jul 31, 2026",1,0.0,99.68,0.0,0.19,0.13,
dse_ownership,2026-09-08 09:51:35.673029+00:00,74,a4e388692d1a4e3fa50e0610a30f29c3,dc49e7c76a00c6025d81521da403d974a5b7a0abd585c4e77387dca2b081bd98,200,2001,BDSERVICE,"Aug 31, 2026",2,0.0,99.68,0.0,0.19,0.13,
dse_ownership,2026-09-08 09:51:37.037717+00:00,75,a4e388692d1a4e3fa50e0610a30f29c3,6882c590fc3d20e9ead98fb187d21ef61d54969dffe3b02e296a94e429284b4d,200,1076,BDTHAI,"Jun 30, 2025",0,29.18,0.0,8.75,1.36,60.71,3.0
dse_ownership,2026-09-08 09:51:37.037717+00:00,75,a4e388692d1a4e3fa50e0610a30f29c3,6882c590fc3d20e9ead98fb187d21ef61d54969dffe3b02e296a94e429284b4d,200,1076,BDTHAI,"Jul 31, 2026",1,29.18,0.0,8.19,0.63,62.0,
dse_ownership,2026-09-08 09:51:37.037717+00:00,75,a4e388692d1a4e3fa50e0610a30f29c3,6882c590fc3d20e9ead98fb187d21ef61d54969dffe3b02e296a94e429284b4d,200,1076,BDTHAI,"Aug 31, 2026",2,29.18,0.0,7.93,0.63,62.26,
dse_ownership,2026-09-08 09:51:37.675700+00:00,76,a4e388692d1a4e3fa50e0610a30f29c3,130af85d0b54a2375fd42bdf8d744d857253dd0587eb78ec0e92ff049d1782d1,200,401,BDTHAIFOOD,"Jun 30, 2025",0,35.61,0.0,33.18,0.0,31.21,3.0
dse_ownership,2026-09-08 09:51:37.675700+00:00,76,a4e388692d1a4e3fa50e0610a30f29c3,130af85d0b54a2375fd42bdf8d744d857253dd0587eb78ec0e92ff049d1782d1,200,401,BDTHAIFOOD,"Jul 31, 2026",1,33.21,0.0,25.28,0.0,41.51,
dse_ownership,2026-09-08 09:51:37.675700+00:00,76,a4e388692d1a4e3fa50e0610a30f29c3,130af85d0b54a2375fd42bdf8d744d857253dd0587eb78ec0e92ff049d1782d1,200,401,BDTHAIFOOD,"Aug 31, 2026",2,33.1,0.0,23.84,0.0,43.06,
dse_ownership,2026-09-08 09:51:38.367265+00:00,77,a4e388692d1a4e3fa50e0610a30f29c3,ca3d7a2d4ed260ab0f92c2068268e644e5eef02c3e8b01abfe6377f90e986aed,200,532,BDWELDING,"Jun 30, 2019",0,31.01,0.0,2.88,0.72,65.39,3.0
dse_ownership,2026-09-08 09:51:38.367265+00:00,77,a4e388692d1a4e3fa50e0610a30f29c3,ca3d7a2d4ed260ab0f92c2068268e644e5eef02c3e8b01abfe6377f90e986aed,200,532,BDWELDING,"Jul 31, 2026",1,31.01,0.0,2.88,0.72,65.39,
dse_ownership,2026-09-08 09:51:38.367265+00:00,77,a4e388692d1a4e3fa50e0610a30f29c3,ca3d7a2d4ed260ab0f92c2068268e644e5eef02c3e8b01abfe6377f90e986aed,200,532,BDWELDING,"Aug 31, 2026",2,31.01,0.0,2.88,0.72,65.39,
dse_ownership,2026-09-08 09:51:40.739721+00:00,78,a4e388692d1a4e3fa50e0610a30f29c3,492e96e3a4357e8a1aa450bd220904ea464e667c8d1f1a6060e9d2ac85a252ec,200,2116,BEACHHATCH,"Jun 30, 2024",0,34.97,0.0,16.65,0.0,48.38,3.0
dse_ownership,2026-09-08 09:51:40.739721+00:00,78,a4e388692d1a4e3fa50e0610a30f29c3,492e96e3a4357e8a1aa450bd220904ea464e667c8d1f1a6060e9d2ac85a252ec,200,2116,BEACHHATCH,"Sep 30, 2025",1,34.97,0.0,19.45,0.0,45.58,
dse_ownership,2026-09-08 09:51:40.739721+00:00,78,a4e388692d1a4e3fa50e0610a30f29c3,492e96e3a4357e8a1aa450bd220904ea464e667c8d1f1a6060e9d2ac85a252ec,200,2116,BEACHHATCH,"Oct 31, 2025",2,34.97,0.0,18.21,0.0,46.82,
dse_ownership,2026-09-08 09:51:41.842269+00:00,79,a4e388692d1a4e3fa50e0610a30f29c3,56ab438b31091985896518f0a120a06a43cbfa7dbba3e7ad71804dea7293ee57,200,923,BEACONPHAR,"Jun 30, 2025",0,39.86,0.0,38.9,0.0,21.24,3.0
dse_ownership,2026-09-08 09:51:41.842269+00:00,79,a4e388692d1a4e3fa50e0610a30f29c3,56ab438b31091985896518f0a120a06a43cbfa7dbba3e7ad71804dea7293ee57,200,923,BEACONPHAR,"Jun 30, 2026",1,39.86,0.0,38.15,0.0,21.99,
dse_ownership,2026-09-08 09:51:41.842269+00:00,79,a4e388692d1a4e3fa50e0610a30f29c3,56ab438b31091985896518f0a120a06a43cbfa7dbba3e7ad71804dea7293ee57,200,923,BEACONPHAR,"Jul 31, 2026",2,39.86,0.0,38.18,0.0,21.96,
dse_ownership,2026-09-08 09:51:43.156311+00:00,82,a4e388692d1a4e3fa50e0610a30f29c3,d9f16235a430e556dd0d0dcd33e6d38fa387d4cb6892ecce19d38e25b56fef73,200,510,BENGALWTL,"Jun 30, 2025",0,53.23,0.0,27.05,0.0,19.72,3.0
dse_ownership,2026-09-08 09:51:43.156311+00:00,82,a4e388692d1a4e3fa50e0610a30f29c3,d9f16235a430e556dd0d0dcd33e6d38fa387d4cb6892ecce19d38e25b56fef73,200,510,BENGALWTL,"Jul 31, 2026",1,53.23,0.0,26.63,0.0,20.14,
dse_ownership,2026-09-08 09:51:43.156311+00:00,82,a4e388692d1a4e3fa50e0610a30f29c3,d9f16235a430e556dd0d0dcd33e6d38fa387d4cb6892ecce19d38e25b56fef73,200,510,BENGALWTL,"Aug 31, 2026",2,53.23,0.0,27.24,0.0,19.53,
dse_ownership,2026-09-08 09:51:44.098459+00:00,83,a4e388692d1a4e3fa50e0610a30f29c3,4ce5b10962e07606e5e8d6c68867602175e0cc942f2d1dfcee26731fdceee46f,200,504,BERGERPBL,"Mar 31, 2026",0,89.76,0.0,8.26,0.01,1.97,3.0
dse_ownership,2026-09-08 09:51:44.098459+00:00,83,a4e388692d1a4e3fa50e0610a30f29c3,4ce5b10962e07606e5e8d6c68867602175e0cc942f2d1dfcee26731fdceee46f,200,504,BERGERPBL,"Jul 31, 2026",1,89.76,0.0,8.22,0.01,2.01,
dse_ownership,2026-09-08 09:51:44.098459+00:00,83,a4e388692d1a4e3fa50e0610a30f29c3,4ce5b10962e07606e5e8d6c68867602175e0cc942f2d1dfcee26731fdceee46f,200,504,BERGERPBL,"Aug 31, 2026",2,89.76,0.0,8.08,0.01,2.15,
dse_ownership,2026-09-08 09:51:44.754061+00:00,84,a4e388692d1a4e3fa50e0610a30f29c3,ecace82e61bb974cb58f289490ce6ad4241ff98262d5bcb9a4628f65d7e0c97a,200,486,BESTHLDNG,"Jun 30, 2024",0,65.34,0.0,21.27,0.0,13.39,3.0
dse_ownership,2026-09-08 09:51:44.754061+00:00,84,a4e388692d1a4e3fa50e0610a30f29c3,ecace82e61bb974cb58f289490ce6ad4241ff98262d5bcb9a4628f65d7e0c97a,200,486,BESTHLDNG,"Jul 31, 2026",1,65.34,0.0,20.52,0.0,14.14,
dse_ownership,2026-09-08 09:51:44.754061+00:00,84,a4e388692d1a4e3fa50e0610a30f29c3,ecace82e61bb974cb58f289490ce6ad4241ff98262d5bcb9a4628f65d7e0c97a,200,486,BESTHLDNG,"Aug 31, 2026",2,65.34,0.0,20.54,0.0,14.12,
dse_ownership,2026-09-08 09:51:45.722268+00:00,85,a4e388692d1a4e3fa50e0610a30f29c3,0a20ef0d863fd22748d8ecc7eefc599ee6badd288052bba0ef9336172ad7f8a1,200,711,BEXGSUKUK,"Dec 31, 2020",0,0.0,0.0,0.0,0.0,0.0,3.0
dse_ownership,2026-09-08 09:51:45.722268+00:00,85,a4e388692d1a4e3fa50e0610a30f29c3,0a20ef0d863fd22748d8ecc7eefc599ee6badd288052bba0ef9336172ad7f8a1,200,711,BEXGSUKUK,"Jul 31, 2026",1,0.0,0.0,97.99,0.0,2.01,
dse_ownership,2026-09-08 09:51:45.722268+00:00,85,a4e388692d1a4e3fa50e0610a30f29c3,0a20ef0d863fd22748d8ecc7eefc599ee6badd288052bba0ef9336172ad7f8a1,200,711,BEXGSUKUK,"Aug 31, 2026",2,0.0,0.0,97.67,0.0,2.33,
dse_ownership,2026-09-08 09:51:46.352473+00:00,86,a4e388692d1a4e3fa50e0610a30f29c3,fc874f2e8345c89ebe3a479948ab137604e19b7444a44abf22c65782f97bd0eb,200,474,BEXIMCO,"Jun 30, 2024",0,33.11,0.0,32.76,0.94,33.19,3.0
dse_ownership,2026-09-08 09:51:46.352473+00:00,86,a4e388692d1a4e3fa50e0610a30f29c3,fc874f2e8345c89ebe3a479948ab137604e19b7444a44abf22c65782f97bd0eb,200,474,BEXIMCO,"Jun 30, 2026",1,33.11,0.0,31.79,0.66,34.44,
dse_ownership,2026-09-08 09:51:46.352473+00:00,86,a4e388692d1a4e3fa50e0610a30f29c3,fc874f2e8345c89ebe3a479948ab137604e19b7444a44abf22c65782f97bd0eb,200,474,BEXIMCO,"Jul 31, 2026",2,33.11,0.0,30.48,0.64,35.77,
dse_ownership,2026-09-08 09:51:47.243062+00:00,87,a4e388692d1a4e3fa50e0610a30f29c3,f4ab66dba52d3f97a513d812b63197f17fcccc7af160a27fac6b6500f2790cb9,200,710,BGIC,"Dec 31, 2025",0,33.4,0.0,47.53,0.0,19.07,3.0
dse_ownership,2026-09-08 09:51:47.243062+00:00,87,a4e388692d1a4e3fa50e0610a30f29c3,f4ab66dba52d3f97a513d812b63197f17fcccc7af160a27fac6b6500f2790cb9,200,710,BGIC,"Jul 31, 2026",1,33.4,0.0,46.85,0.0,19.75,
dse_ownership,2026-09-08 09:51:47.243062+00:00,87,a4e388692d1a4e3fa50e0610a30f29c3,f4ab66dba52d3f97a513d812b63197f17fcccc7af160a27fac6b6500f2790cb9,200,710,BGIC,"Aug 31, 2026",2,33.4,0.0,46.11,0.0,20.49,
dse_ownership,2026-09-08 09:51:48.043247+00:00,88,a4e388692d1a4e3fa50e0610a30f29c3,c8fac1272dd0bd9771775f0c412098ec7c86ac3454f3f07faa02e5a0f0e0ea53,200,528,BIFC,"Dec 31, 2024",0,38.35,0.0,43.28,0.0,18.37,3.0
dse_ownership,2026-09-08 09:51:48.043247+00:00,88,a4e388692d1a4e3fa50e0610a30f29c3,c8fac1272dd0bd9771775f0c412098ec7c86ac3454f3f07faa02e5a0f0e0ea53,200,528,BIFC,"Jul 31, 2026",1,38.35,0.0,39.36,0.0,22.29,
dse_ownership,2026-09-08 09:51:48.043247+00:00,88,a4e388692d1a4e3fa50e0610a30f29c3,c8fac1272dd0bd9771775f0c412098ec7c86ac3454f3f07faa02e5a0f0e0ea53,200,528,BIFC,"Aug 31, 2026",2,38.35,0.0,39.55,0.0,22.1,
dse_ownership,2026-09-08 09:51:48.668907+00:00,89,a4e388692d1a4e3fa50e0610a30f29c3,3e36c66cee2eb7745b41f10c768e42c14b27ca3e034cee07251255e023671440,200,377,BNICL,"Dec 31, 2025",0,60.13,0.0,6.13,0.0,33.74,3.0
dse_ownership,2026-09-08 09:51:48.668907+00:00,89,a4e388692d1a4e3fa50e0610a30f29c3,3e36c66cee2eb7745b41f10c768e42c14b27ca3e034cee07251255e023671440,200,377,BNICL,"Jul 31, 2026",1,60.13,0.0,8.87,0.0,31.0,
dse_ownership,2026-09-08 09:51:48.668907+00:00,89,a4e388692d1a4e3fa50e0610a30f29c3,3e36c66cee2eb7745b41f10c768e42c14b27ca3e034cee07251255e023671440,200,377,BNICL,"Aug 31, 2026",2,60.13,0.0,8.63,0.0,31.24,
dse_ownership,2026-09-08 09:51:49.362050+00:00,90,a4e388692d1a4e3fa50e0610a30f29c3,9dc2e4ccccd4d31c727b44eae2681b3c6511744678886d2ac89e2b622f0ed4ff,200,479,BPML,"Jun 30, 2025",0,66.21,0.0,9.28,0.0,24.51,3.0
dse_ownership,2026-09-08 09:51:49.362050+00:00,90,a4e388692d1a4e3fa50e0610a30f29c3,9dc2e4ccccd4d31c727b44eae2681b3c6511744678886d2ac89e2b622f0ed4ff,200,479,BPML,"Jul 31, 2026",1,66.21,0.0,9.1,0.0,24.69,
dse_ownership,2026-09-08 09:51:49.362050+00:00,90,a4e388692d1a4e3fa50e0610a30f29c3,9dc2e4ccccd4d31c727b44eae2681b3c6511744678886d2ac89e2b622f0ed4ff,200,479,BPML,"Aug 31, 2026",2,66.21,0.0,9.06,0.0,24.73,
dse_ownership,2026-09-08 09:51:50.223963+00:00,91,a4e388692d1a4e3fa50e0610a30f29c3,0fb8a3e0708e5c13f9b50f5785939dc625053899383156b5c9a482f24d9bd1c5,200,610,BPPL,"Jun 30, 2025",0,35.76,0.0,8.77,0.0,55.47,3.0
dse_ownership,2026-09-08 09:51:50.223963+00:00,91,a4e388692d1a4e3fa50e0610a30f29c3,0fb8a3e0708e5c13f9b50f5785939dc625053899383156b5c9a482f24d9bd1c5,200,610,BPPL,"Jul 31, 2026",1,35.76,0.0,9.41,0.0,54.83,
dse_ownership,2026-09-08 09:51:50.223963+00:00,91,a4e388692d1a4e3fa50e0610a30f29c3,0fb8a3e0708e5c13f9b50f5785939dc625053899383156b5c9a482f24d9bd1c5,200,610,BPPL,"Aug 31, 2026",2,35.76,0.0,8.92,0.0,55.32,
dse_ownership,2026-09-08 09:51:50.779361+00:00,92,a4e388692d1a4e3fa50e0610a30f29c3,7a6a1f6ab07d380b6b87db6cc651fac45ce182c5cf31d9d1f9f04a14878b4c8e,200,388,BRACBANK,"Dec 31, 2025",0,46.17,0.0,11.48,36.06,6.29,3.0
dse_ownership,2026-09-08 09:51:50.779361+00:00,92,a4e388692d1a4e3fa50e0610a30f29c3,7a6a1f6ab07d380b6b87db6cc651fac45ce182c5cf31d9d1f9f04a14878b4c8e,200,388,BRACBANK,"Jul 31, 2026",1,46.17,0.0,12.73,32.96,8.14,
dse_ownership,2026-09-08 09:51:50.779361+00:00,92,a4e388692d1a4e3fa50e0610a30f29c3,7a6a1f6ab07d380b6b87db6cc651fac45ce182c5cf31d9d1f9f04a14878b4c8e,200,388,BRACBANK,"Aug 31, 2026",2,46.17,0.0,13.04,32.39,8.4,
dse_ownership,2026-09-08 09:51:51.690865+00:00,93,a4e388692d1a4e3fa50e0610a30f29c3,4a4f9b621edfbdbac587f7ca706bce3b113aea868a50a0215bde9bee1fdda7ee,200,754,BSC,"Jun 30, 2025",0,0.0,52.1,21.34,0.0,26.56,3.0
dse_ownership,2026-09-08 09:51:51.690865+00:00,93,a4e388692d1a4e3fa50e0610a30f29c3,4a4f9b621edfbdbac587f7ca706bce3b113aea868a50a0215bde9bee1fdda7ee,200,754,BSC,"Jul 31, 2026",1,0.0,52.1,21.34,0.0,26.56,
dse_ownership,2026-09-08 09:51:51.690865+00:00,93,a4e388692d1a4e3fa50e0610a30f29c3,4a4f9b621edfbdbac587f7ca706bce3b113aea868a50a0215bde9bee1fdda7ee,200,754,BSC,"Aug 31, 2026",2,0.0,52.1,21.34,0.0,26.56,
dse_ownership,2026-09-08 09:51:52.339467+00:00,94,a4e388692d1a4e3fa50e0610a30f29c3,593bc84fd209845bfcfedf030be153b9c313f35cc88d9c983230148866b0dc65,200,390,BSCPLC,"Jun 30, 2025",0,0.0,76.93,15.23,2.07,5.77,3.0
dse_ownership,2026-09-08 09:51:52.339467+00:00,94,a4e388692d1a4e3fa50e0610a30f29c3,593bc84fd209845bfcfedf030be153b9c313f35cc88d9c983230148866b0dc65,200,390,BSCPLC,"Jul 31, 2026",1,0.0,76.94,17.93,0.11,5.02,
dse_ownership,2026-09-08 09:51:52.339467+00:00,94,a4e388692d1a4e3fa50e0610a30f29c3,593bc84fd209845bfcfedf030be153b9c313f35cc88d9c983230148866b0dc65,200,390,BSCPLC,"Aug 31, 2026",2,0.0,76.94,18.01,0.1,4.95,
dse_ownership,2026-09-08 09:51:52.913042+00:00,95,a4e388692d1a4e3fa50e0610a30f29c3,b205f475d765246a911bdc4a168c049c201ff3feee90db822bfaaa2501be6169,200,402,BSRMLTD,"Jun 30, 2025",0,47.12,0.0,15.55,17.08,20.25,3.0
dse_ownership,2026-09-08 09:51:52.913042+00:00,95,a4e388692d1a4e3fa50e0610a30f29c3,b205f475d765246a911bdc4a168c049c201ff3feee90db822bfaaa2501be6169,200,402,BSRMLTD,"Jul 31, 2026",1,47.12,0.0,15.67,16.82,20.39,
dse_ownership,2026-09-08 09:51:52.913042+00:00,95,a4e388692d1a4e3fa50e0610a30f29c3,b205f475d765246a911bdc4a168c049c201ff3feee90db822bfaaa2501be6169,200,402,BSRMLTD,"Aug 31, 2026",2,47.12,0.0,15.71,16.82,20.35,
dse_ownership,2026-09-08 09:51:53.939963+00:00,96,a4e388692d1a4e3fa50e0610a30f29c3,eb232ac81e58dcdf0408eecf9d31e8b4dfc3481759afa12307034bf56c7fd05a,200,847,BSRMSTEEL,"Jun 30, 2025",0,72.06,0.0,17.76,0.33,9.85,3.0
dse_ownership,2026-09-08 09:51:53.939963+00:00,96,a4e388692d1a4e3fa50e0610a30f29c3,eb232ac81e58dcdf0408eecf9d31e8b4dfc3481759afa12307034bf56c7fd05a,200,847,BSRMSTEEL,"Jul 31, 2026",1,72.06,0.0,17.34,0.6,10.0,
dse_ownership,2026-09-08 09:51:53.939963+00:00,96,a4e388692d1a4e3fa50e0610a30f29c3,eb232ac81e58dcdf0408eecf9d31e8b4dfc3481759afa12307034bf56c7fd05a,200,847,BSRMSTEEL,"Aug 31, 2026",2,72.06,0.0,16.7,0.6,10.64,
dse_ownership,2026-09-08 09:51:54.701025+00:00,97,a4e388692d1a4e3fa50e0610a30f29c3,592f6965d8594d536ec6c91a923db130ec13e7011700e70dedef421201ec8712,200,466,BXPHARMA,"Jun 30, 2024",0,30.13,0.0,25.24,27.93,16.7,3.0
dse_ownership,2026-09-08 09:51:54.701025+00:00,97,a4e388692d1a4e3fa50e0610a30f29c3,592f6965d8594d536ec6c91a923db130ec13e7011700e70dedef421201ec8712,200,466,BXPHARMA,"Jun 30, 2026",1,30.13,0.0,26.18,26.79,16.9,
dse_ownership,2026-09-08 09:51:54.701025+00:00,97,a4e388692d1a4e3fa50e0610a30f29c3,592f6965d8594d536ec6c91a923db130ec13e7011700e70dedef421201ec8712,200,466,BXPHARMA,"Jul 31, 2026",2,30.13,0.0,25.65,26.9,17.32,
dse_ownership,2026-09-08 09:51:56.103799+00:00,100,a4e388692d1a4e3fa50e0610a30f29c3,a613e4b96fff71091c9b44ca0e3b7cc54c23c1d9250227f8c6dd28429590c321,200,623,CAPITECGBF,"Jun 30, 2025",0,64.23,0.0,1.45,0.0,34.32,3.0
dse_ownership,2026-09-08 09:51:56.103799+00:00,100,a4e388692d1a4e3fa50e0610a30f29c3,a613e4b96fff71091c9b44ca0e3b7cc54c23c1d9250227f8c6dd28429590c321,200,623,CAPITECGBF,"Jul 31, 2026",1,64.23,0.0,1.47,0.0,34.3,
dse_ownership,2026-09-08 09:51:56.103799+00:00,100,a4e388692d1a4e3fa50e0610a30f29c3,a613e4b96fff71091c9b44ca0e3b7cc54c23c1d9250227f8c6dd28429590c321,200,623,CAPITECGBF,"Aug 31, 2026",2,64.23,0.0,1.56,0.0,34.21,
dse_ownership,2026-09-08 09:51:56.908268+00:00,101,a4e388692d1a4e3fa50e0610a30f29c3,c0aa3b8c07efcb14bb1286dea1fd7915f1a8325cc64a1d89665353c017bcb3b0,200,500,CAPMBDBLMF,"Jun 30, 2025",0,19.95,0.0,23.65,0.0,56.4,3.0
dse_ownership,2026-09-08 09:51:56.908268+00:00,101,a4e388692d1a4e3fa50e0610a30f29c3,c0aa3b8c07efcb14bb1286dea1fd7915f1a8325cc64a1d89665353c017bcb3b0,200,500,CAPMBDBLMF,"Jun 30, 2026",1,19.95,0.0,11.8,0.0,68.25,
dse_ownership,2026-09-08 09:51:56.908268+00:00,101,a4e388692d1a4e3fa50e0610a30f29c3,c0aa3b8c07efcb14bb1286dea1fd7915f1a8325cc64a1d89665353c017bcb3b0,200,500,CAPMBDBLMF,"Jul 31, 2026",2,19.95,0.0,11.03,0.0,69.02,
dse_ownership,2026-09-08 09:51:57.733972+00:00,102,a4e388692d1a4e3fa50e0610a30f29c3,49636b086b47ca68c47909b61ce9a8167a7565a7169d71004adba75a42dba8ea,200,644,CAPMIBBLMF,"Jun 30, 2025",0,66.56,0.0,2.39,0.0,31.05,3.0
dse_ownership,2026-09-08 09:51:57.733972+00:00,102,a4e388692d1a4e3fa50e0610a30f29c3,49636b086b47ca68c47909b61ce9a8167a7565a7169d71004adba75a42dba8ea,200,644,CAPMIBBLMF,"Jun 30, 2026",1,66.56,0.0,6.98,0.0,26.46,
dse_ownership,2026-09-08 09:51:57.733972+00:00,102,a4e388692d1a4e3fa50e0610a30f29c3,49636b086b47ca68c47909b61ce9a8167a7565a7169d71004adba75a42dba8ea,200,644,CAPMIBBLMF,"Jul 31, 2026",2,66.56,0.0,5.72,0.0,27.72,
dse_ownership,2026-09-08 09:51:58.368054+00:00,103,a4e388692d1a4e3fa50e0610a30f29c3,f01653e1a8f051458154c9c811a84e4ac66f3bf18722a979a9e9f9be50d21a9b,200,464,CBLPBOND,"Dec 31, 2021",0,0.0,0.0,0.0,0.0,0.0,3.0
dse_ownership,2026-09-08 09:51:58.368054+00:00,103,a4e388692d1a4e3fa50e0610a30f29c3,f01653e1a8f051458154c9c811a84e4ac66f3bf18722a979a9e9f9be50d21a9b,200,464,CBLPBOND,"Jun 30, 2026",1,0.0,0.0,65.0,0.0,35.0,
dse_ownership,2026-09-08 09:51:58.368054+00:00,103,a4e388692d1a4e3fa50e0610a30f29c3,f01653e1a8f051458154c9c811a84e4ac66f3bf18722a979a9e9f9be50d21a9b,200,464,CBLPBOND,"Jul 31, 2026",2,0.0,0.0,65.0,0.0,35.0,
dse_ownership,2026-09-08 09:51:59.738862+00:00,106,a4e388692d1a4e3fa50e0610a30f29c3,7d0e02557affe1a8c76720e84141100a503a042b3a934a8cce0f0e3b4227eb1e,200,507,CENTRALINS,"Dec 31, 2025",0,39.33,0.04,15.13,0.0,45.5,3.0
dse_ownership,2026-09-08 09:51:59.738862+00:00,106,a4e388692d1a4e3fa50e0610a30f29c3,7d0e02557affe1a8c76720e84141100a503a042b3a934a8cce0f0e3b4227eb1e,200,507,CENTRALINS,"Jul 31, 2026",1,39.33,0.04,15.1,0.0,45.53,
dse_ownership,2026-09-08 09:51:59.738862+00:00,106,a4e388692d1a4e3fa50e0610a30f29c3,7d0e02557affe1a8c76720e84141100a503a042b3a934a8cce0f0e3b4227eb1e,200,507,CENTRALINS,"Aug 31, 2026",2,39.33,0.04,13.66,0.0,46.97,
dse_ownership,2026-09-08 09:52:01.055805+00:00,107,a4e388692d1a4e3fa50e0610a30f29c3,916443ad178ac2113bba6390d0ffe4c1d3b96132d49c40fb7b7d5a62248eccc7,200,1136,CENTRALPHL,"Jun 30, 2025",0,7.67,0.0,7.29,0.0,85.04,3.0
dse_ownership,2026-09-08 09:52:01.055805+00:00,107,a4e388692d1a4e3fa50e0610a30f29c3,916443ad178ac2113bba6390d0ffe4c1d3b96132d49c40fb7b7d5a62248eccc7,200,1136,CENTRALPHL,"Jul 31, 2026",1,7.67,0.0,11.98,0.0,80.35,
dse_ownership,2026-09-08 09:52:01.055805+00:00,107,a4e388692d1a4e3fa50e0610a30f29c3,916443ad178ac2113bba6390d0ffe4c1d3b96132d49c40fb7b7d5a62248eccc7,200,1136,CENTRALPHL,"Aug 31, 2026",2,7.67,0.0,7.42,0.0,84.91,
dse_ownership,2026-09-08 09:52:02.283223+00:00,110,a4e388692d1a4e3fa50e0610a30f29c3,0e7dbbbcd6c1c9daa745086e4f6f63ee3e2ec5bb73d2d1cbc7a820e3b935aa2e,200,525,CITYBANK,"Dec 31, 2025",0,30.37,0.0,19.33,5.4,44.9,3.0
dse_ownership,2026-09-08 09:52:02.283223+00:00,110,a4e388692d1a4e3fa50e0610a30f29c3,0e7dbbbcd6c1c9daa745086e4f6f63ee3e2ec5bb73d2d1cbc7a820e3b935aa2e,200,525,CITYBANK,"Jul 31, 2026",1,30.37,0.0,19.45,9.98,40.2,
dse_ownership,2026-09-08 09:52:02.283223+00:00,110,a4e388692d1a4e3fa50e0610a30f29c3,0e7dbbbcd6c1c9daa745086e4f6f63ee3e2ec5bb73d2d1cbc7a820e3b935aa2e,200,525,CITYBANK,"Aug 31, 2026",2,30.37,0.0,20.43,8.26,40.94,
dse_ownership,2026-09-08 09:52:03.065076+00:00,111,a4e388692d1a4e3fa50e0610a30f29c3,81036deb62f808b15f01b5c15f4900597f693dc7e7b54abf7bea2fc833cce704,200,607,CITYGENINS,"Dec 31, 2025",0,36.06,0.0,34.85,0.01,29.08,3.0
dse_ownership,2026-09-08 09:52:03.065076+00:00,111,a4e388692d1a4e3fa50e0610a30f29c3,81036deb62f808b15f01b5c15f4900597f693dc7e7b54abf7bea2fc833cce704,200,607,CITYGENINS,"Jul 31, 2026",1,36.06,0.0,38.31,0.01,25.62,
dse_ownership,2026-09-08 09:52:03.065076+00:00,111,a4e388692d1a4e3fa50e0610a30f29c3,81036deb62f808b15f01b5c15f4900597f693dc7e7b54abf7bea2fc833cce704,200,607,CITYGENINS,"Aug 31, 2026",2,36.06,0.0,38.59,0.01,25.34,
dse_ownership,2026-09-08 09:52:04.081463+00:00,112,a4e388692d1a4e3fa50e0610a30f29c3,4d7500c11c5074aebff40f3f914de726f270d4ea9d354851e6ecb7d58f9efc3f,200,844,CLICL,"Dec 31, 2025",0,60.0,0.0,4.12,0.0,35.88,3.0
dse_ownership,2026-09-08 09:52:04.081463+00:00,112,a4e388692d1a4e3fa50e0610a30f29c3,4d7500c11c5074aebff40f3f914de726f270d4ea9d354851e6ecb7d58f9efc3f,200,844,CLICL,"Jul 31, 2026",1,60.0,0.0,4.9,0.0,35.1,
dse_ownership,2026-09-08 09:52:04.081463+00:00,112,a4e388692d1a4e3fa50e0610a30f29c3,4d7500c11c5074aebff40f3f914de726f270d4ea9d354851e6ecb7d58f9efc3f,200,844,CLICL,"Aug 31, 2026",2,60.0,0.0,4.41,0.0,35.59,
dse_ownership,2026-09-08 09:52:05.455583+00:00,113,a4e388692d1a4e3fa50e0610a30f29c3,358d2315fa106c091b206941ca1b84925f97e1c34b6c4c40f0c36d5e1c5c098f,200,1133,CNATEX,"Jun 30, 2023",0,0.0,0.0,0.0,0.0,0.0,3.0
dse_ownership,2026-09-08 09:52:05.455583+00:00,113,a4e388692d1a4e3fa50e0610a30f29c3,358d2315fa106c091b206941ca1b84925f97e1c34b6c4c40f0c36d5e1c5c098f,200,1133,CNATEX,"Mar 31, 2025",1,7.1,0.0,10.15,0.0,82.75,
dse_ownership,2026-09-08 09:52:05.455583+00:00,113,a4e388692d1a4e3fa50e0610a30f29c3,358d2315fa106c091b206941ca1b84925f97e1c34b6c4c40f0c36d5e1c5c098f,200,1133,CNATEX,"Apr 30, 2025",2,7.1,0.0,10.04,0.0,82.86,
dse_ownership,2026-09-08 09:52:07.542314+00:00,114,a4e388692d1a4e3fa50e0610a30f29c3,28de3e361c0eeb2380487270fb2647ccff18d7a67ce3ea514b4f74b910a77bc9,200,1918,CONFIDCEM,"Jun 30, 2025",0,30.34,0.0,37.34,0.0,33.32,3.0
dse_ownership,2026-09-08 09:52:07.542314+00:00,114,a4e388692d1a4e3fa50e0610a30f29c3,28de3e361c0eeb2380487270fb2647ccff18d7a67ce3ea514b4f74b910a77bc9,200,1918,CONFIDCEM,"Jul 31, 2026",1,30.34,0.0,38.33,0.15,31.18,
dse_ownership,2026-09-08 09:52:07.542314+00:00,114,a4e388692d1a4e3fa50e0610a30f29c3,28de3e361c0eeb2380487270fb2647ccff18d7a67ce3ea514b4f74b910a77bc9,200,1918,CONFIDCEM,"Aug 31, 2026",2,30.34,0.0,38.55,0.15,30.96,
dse_ownership,2026-09-08 09:52:11.166817+00:00,115,a4e388692d1a4e3fa50e0610a30f29c3,24893b50734b64d0bf4abf721d9ce934b4f9704b5f6ec239c1db4a55d08029cd,200,3450,CONTININS,"Dec 31, 2025",0,31.54,0.0,6.4,0.0,62.06,3.0
dse_ownership,2026-09-08 09:52:11.166817+00:00,115,a4e388692d1a4e3fa50e0610a30f29c3,24893b50734b64d0bf4abf721d9ce934b4f9704b5f6ec239c1db4a55d08029cd,200,3450,CONTININS,"Jul 31, 2026",1,31.54,0.0,8.22,0.0,60.24,
dse_ownership,2026-09-08 09:52:11.166817+00:00,115,a4e388692d1a4e3fa50e0610a30f29c3,24893b50734b64d0bf4abf721d9ce934b4f9704b5f6ec239c1db4a55d08029cd,200,3450,CONTININS,"Aug 31, 2026",2,31.54,0.0,7.52,0.0,60.94,
dse_ownership,2026-09-08 09:52:11.963241+00:00,116,a4e388692d1a4e3fa50e0610a30f29c3,858113fd6a46af56847d0d0d5e833169c90c1b3703e41476d49afbcf13dbbcd3,200,500,COPPERTECH,"Jun 30, 2025",0,27.57,0.0,22.28,0.0,50.15,3.0
dse_ownership,2026-09-08 09:52:11.963241+00:00,116,a4e388692d1a4e3fa50e0610a30f29c3,858113fd6a46af56847d0d0d5e833169c90c1b3703e41476d49afbcf13dbbcd3,200,500,COPPERTECH,"Jul 31, 2026",1,27.57,0.0,21.48,0.0,50.95,
dse_ownership,2026-09-08 09:52:11.963241+00:00,116,a4e388692d1a4e3fa50e0610a30f29c3,858113fd6a46af56847d0d0d5e833169c90c1b3703e41476d49afbcf13dbbcd3,200,500,COPPERTECH,"Aug 31, 2026",2,27.57,0.0,17.5,0.0,54.93,
dse_ownership,2026-09-08 09:52:14.356556+00:00,121,a4e388692d1a4e3fa50e0610a30f29c3,feba0c96c621bb795ec612e91dc1a934eecdf998d7f062ed394c29ba29f1b793,200,1068,CROWNCEMNT,"Jun 30, 2025",0,52.22,0.0,18.15,0.05,29.58,3.0
dse_ownership,2026-09-08 09:52:14.356556+00:00,121,a4e388692d1a4e3fa50e0610a30f29c3,feba0c96c621bb795ec612e91dc1a934eecdf998d7f062ed394c29ba29f1b793,200,1068,CROWNCEMNT,"Jul 31, 2026",1,41.02,0.0,19.22,0.05,39.71,
dse_ownership,2026-09-08 09:52:14.356556+00:00,121,a4e388692d1a4e3fa50e0610a30f29c3,feba0c96c621bb795ec612e91dc1a934eecdf998d7f062ed394c29ba29f1b793,200,1068,CROWNCEMNT,"Aug 31, 2026",2,41.02,0.0,19.27,0.05,39.66,
dse_ownership,2026-09-08 09:52:14.995386+00:00,122,a4e388692d1a4e3fa50e0610a30f29c3,caa390d657ff59b2f96442889d5bd4e44bb17022f993d60b8af698bda97e4ed3,200,442,CRYSTALINS,"Dec 31, 2025",0,58.0,0.0,12.55,0.01,29.44,3.0
dse_ownership,2026-09-08 09:52:14.995386+00:00,122,a4e388692d1a4e3fa50e0610a30f29c3,caa390d657ff59b2f96442889d5bd4e44bb17022f993d60b8af698bda97e4ed3,200,442,CRYSTALINS,"Jul 31, 2026",1,58.0,0.0,14.25,0.03,27.72,
dse_ownership,2026-09-08 09:52:14.995386+00:00,122,a4e388692d1a4e3fa50e0610a30f29c3,caa390d657ff59b2f96442889d5bd4e44bb17022f993d60b8af698bda97e4ed3,200,442,CRYSTALINS,"Aug 31, 2026",2,58.0,0.0,12.96,0.03,29.01,
dse_ownership,2026-09-08 09:52:15.542211+00:00,123,a4e388692d1a4e3fa50e0610a30f29c3,6d50151f2b35d8ab715b5e87999a12236e54b9328abdd30b9a242aae70a050f7,200,378,CVOPRL,"Jun 30, 2025",0,45.31,0.0,17.01,0.16,37.52,3.0
dse_ownership,2026-09-08 09:52:15.542211+00:00,123,a4e388692d1a4e3fa50e0610a30f29c3,6d50151f2b35d8ab715b5e87999a12236e54b9328abdd30b9a242aae70a050f7,200,378,CVOPRL,"Jul 31, 2026",1,43.06,0.0,18.01,0.09,38.84,
dse_ownership,2026-09-08 09:52:15.542211+00:00,123,a4e388692d1a4e3fa50e0610a30f29c3,6d50151f2b35d8ab715b5e87999a12236e54b9328abdd30b9a242aae70a050f7,200,378,CVOPRL,"Aug 31, 2026",2,43.06,0.0,17.44,0.09,39.41,
dse_ownership,2026-09-08 09:52:16.531115+00:00,124,a4e388692d1a4e3fa50e0610a30f29c3,8fa282c5b80d5966bfa61348d849e6f5ddec84d09bffd15f79ea4f7f20196bd3,200,729,DACCADYE,"Jun 30, 2025",0,30.1,0.0,18.3,0.41,51.19,3.0
dse_ownership,2026-09-08 09:52:16.531115+00:00,124,a4e388692d1a4e3fa50e0610a30f29c3,8fa282c5b80d5966bfa61348d849e6f5ddec84d09bffd15f79ea4f7f20196bd3,200,729,DACCADYE,"Jul 31, 2026",1,30.1,0.0,17.88,0.08,51.94,
dse_ownership,2026-09-08 09:52:16.531115+00:00,124,a4e388692d1a4e3fa50e0610a30f29c3,8fa282c5b80d5966bfa61348d849e6f5ddec84d09bffd15f79ea4f7f20196bd3,200,729,DACCADYE,"Aug 31, 2026",2,30.1,0.0,17.24,0.08,52.58,
dse_ownership,2026-09-08 09:52:17.066278+00:00,125,a4e388692d1a4e3fa50e0610a30f29c3,1d87659e566d3d171ce56848a8627978893f60b591c0f66fc2e1f00bb683b671,200,360,DAFODILCOM,"Jun 30, 2025",0,41.4,0.0,34.11,0.1,24.39,3.0
dse_ownership,2026-09-08 09:52:17.066278+00:00,125,a4e388692d1a4e3fa50e0610a30f29c3,1d87659e566d3d171ce56848a8627978893f60b591c0f66fc2e1f00bb683b671,200,360,DAFODILCOM,"Jul 31, 2026",1,41.4,0.0,36.69,0.06,21.85,
dse_ownership,2026-09-08 09:52:17.066278+00:00,125,a4e388692d1a4e3fa50e0610a30f29c3,1d87659e566d3d171ce56848a8627978893f60b591c0f66fc2e1f00bb683b671,200,360,DAFODILCOM,"Aug 31, 2026",2,41.4,0.0,36.73,0.06,21.81,
dse_ownership,2026-09-08 09:52:19.308044+00:00,126,a4e388692d1a4e3fa50e0610a30f29c3,1bdce7f4ac8cea7339a5468bdde9c64734e6478ce962dc695a0dc287c254bd93,200,2079,DBH,"Dec 31, 2025",0,51.32,0.0,29.12,3.24,16.32,3.0
dse_ownership,2026-09-08 09:52:19.308044+00:00,126,a4e388692d1a4e3fa50e0610a30f29c3,1bdce7f4ac8cea7339a5468bdde9c64734e6478ce962dc695a0dc287c254bd93,200,2079,DBH,"Jul 31, 2026",1,51.32,0.0,33.21,0.54,14.93,
dse_ownership,2026-09-08 09:52:19.308044+00:00,126,a4e388692d1a4e3fa50e0610a30f29c3,1bdce7f4ac8cea7339a5468bdde9c64734e6478ce962dc695a0dc287c254bd93,200,2079,DBH,"Aug 31, 2026",2,51.32,0.0,32.66,0.54,15.48,
dse_ownership,2026-09-08 09:52:20.105528+00:00,127,a4e388692d1a4e3fa50e0610a30f29c3,9d10bc6158def9b3f8aae3a613e116048585ce615e07e451391126769cee6190,200,511,DBH1STMF,"Jun 30, 2023",0,16.67,0.0,33.04,5.44,44.85,3.0
dse_ownership,2026-09-08 09:52:20.105528+00:00,127,a4e388692d1a4e3fa50e0610a30f29c3,9d10bc6158def9b3f8aae3a613e116048585ce615e07e451391126769cee6190,200,511,DBH1STMF,"Dec 31, 2025",1,16.67,0.0,34.87,0.0,48.46,
dse_ownership,2026-09-08 09:52:20.105528+00:00,127,a4e388692d1a4e3fa50e0610a30f29c3,9d10bc6158def9b3f8aae3a613e116048585ce615e07e451391126769cee6190,200,511,DBH1STMF,"Jan 31, 2026",2,16.67,0.0,38.93,0.0,44.4,
dse_ownership,2026-09-08 09:52:20.670428+00:00,128,a4e388692d1a4e3fa50e0610a30f29c3,03a539c7ccfb9c71366453175ae9eb23c6ee131caff2b7908f940d85d3464c05,200,406,DBLPBOND,"Dec 31, 2022",0,0.0,0.0,0.0,0.0,0.0,1.0
dse_ownership,2026-09-08 09:52:22.039685+00:00,129,a4e388692d1a4e3fa50e0610a30f29c3,f932b30943ee655d3d220be1b0bdb79769bc944732a4fa4eba6562dbff0c6895,200,1204,DEBARACEM,"Jun 30, 2001",0,0.0,0.0,0.0,0.0,0.0,1.0
dse_ownership,2026-09-08 09:52:23.453989+00:00,130,a4e388692d1a4e3fa50e0610a30f29c3,d0c82f6c8e32b1522f5ecd22247f7f47a51b2d7152464c4478a43adc587c6826,200,1175,DEBBDLUGG,"Jun 30, 2001",0,0.0,0.0,0.0,0.0,0.0,1.0
dse_ownership,2026-09-08 09:52:24.808102+00:00,131,a4e388692d1a4e3fa50e0610a30f29c3,899ab4a3c10b017c6ebfdf70a5b017e72a1a2507f71301431ec683c91d43c9b8,200,1204,DEBBDWELD,"Jun 30, 2001",0,0.0,0.0,0.0,0.0,0.0,1.0
dse_ownership,2026-09-08 09:52:26.139850+00:00,132,a4e388692d1a4e3fa50e0610a30f29c3,fcab687368f2ab771f1efa8ffda7c2fcc35e56795db34e3a45e97df3164fc292,200,1143,DEBBDZIPP,"Jun 30, 2001",0,0.0,0.0,0.0,0.0,0.0,1.0
dse_ownership,2026-09-08 09:52:30.308716+00:00,133,a4e388692d1a4e3fa50e0610a30f29c3,a4bd32246b632e042ffbf4846e12c19d72319358a3c702bdac966e9a325aa229,200,3923,DEBBXDENIM,"Jun 30, 2001",0,0.0,0.0,0.0,0.0,0.0,1.0
dse_ownership,2026-09-08 09:52:34.047064+00:00,134,a4e388692d1a4e3fa50e0610a30f29c3,c55e8b82cdc43d26db2ccf54d8c09456a134474d633980b26705a2b24019b73c,200,3553,DEBBXFISH,"Jun 30, 2001",0,0.0,0.0,0.0,0.0,0.0,1.0
dse_ownership,2026-09-08 09:52:34.649977+00:00,135,a4e388692d1a4e3fa50e0610a30f29c3,5e45db943e5d32b7101736d9ce08b98d93ac9ec1714c9fb2e290376f43cbffb1,200,445,DEBBXKNI,"Jun 30, 2001",0,0.0,0.0,0.0,0.0,0.0,1.0
dse_ownership,2026-09-08 09:52:37.311805+00:00,136,a4e388692d1a4e3fa50e0610a30f29c3,5b93b4e9f7208444c8b5dca4728df1ea82b53a17fbc3a600d81f0b0c8ff4cae4,200,2378,DEBBXTEX,"Jun 30, 2001",0,0.0,0.0,0.0,0.0,0.0,1.0
dse_ownership,2026-09-08 09:52:40.744177+00:00,139,a4e388692d1a4e3fa50e0610a30f29c3,6c6eaeae16e68584c34f2428f534270bb11549266fb37250822c26483e64e087,200,2627,DELTALIFE,"Dec 31, 2025",0,48.26,0.0,16.31,0.0,35.43,3.0
dse_ownership,2026-09-08 09:52:40.744177+00:00,139,a4e388692d1a4e3fa50e0610a30f29c3,6c6eaeae16e68584c34f2428f534270bb11549266fb37250822c26483e64e087,200,2627,DELTALIFE,"Jul 31, 2026",1,48.84,0.0,15.55,0.0,35.61,
dse_ownership,2026-09-08 09:52:40.744177+00:00,139,a4e388692d1a4e3fa50e0610a30f29c3,6c6eaeae16e68584c34f2428f534270bb11549266fb37250822c26483e64e087,200,2627,DELTALIFE,"Aug 31, 2026",2,48.84,0.0,15.29,0.0,35.87,
dse_ownership,2026-09-08 09:52:42.913134+00:00,140,a4e388692d1a4e3fa50e0610a30f29c3,3e3145a84e3b301d108ca3a77d5e53d91d922c80fecb78702ff77eb59e1a4454,200,1913,DELTASPINN,"Jun 30, 2017",0,19.0,0.0,14.0,0.0,67.0,3.0
dse_ownership,2026-09-08 09:52:42.913134+00:00,140,a4e388692d1a4e3fa50e0610a30f29c3,3e3145a84e3b301d108ca3a77d5e53d91d922c80fecb78702ff77eb59e1a4454,200,1913,DELTASPINN,"Jul 31, 2026",1,20.6,0.0,7.73,0.0,71.67,
dse_ownership,2026-09-08 09:52:42.913134+00:00,140,a4e388692d1a4e3fa50e0610a30f29c3,3e3145a84e3b301d108ca3a77d5e53d91d922c80fecb78702ff77eb59e1a4454,200,1913,DELTASPINN,"Aug 31, 2026",2,20.6,0.0,6.34,0.0,73.06,
dse_ownership,2026-09-08 09:52:43.608910+00:00,141,a4e388692d1a4e3fa50e0610a30f29c3,9d983726a61eb0c86b81859ff8bcb2e332446aa88837f8866a47219f26709c96,200,505,DESCO,"Jun 30, 2025",0,0.0,67.66,23.63,0.04,8.67,3.0
dse_ownership,2026-09-08 09:52:43.608910+00:00,141,a4e388692d1a4e3fa50e0610a30f29c3,9d983726a61eb0c86b81859ff8bcb2e332446aa88837f8866a47219f26709c96,200,505,DESCO,"Jul 31, 2026",1,0.0,67.66,23.78,0.04,8.52,
dse_ownership,2026-09-08 09:52:43.608910+00:00,141,a4e388692d1a4e3fa50e0610a30f29c3,9d983726a61eb0c86b81859ff8bcb2e332446aa88837f8866a47219f26709c96,200,505,DESCO,"Aug 31, 2026",2,0.0,67.66,23.85,0.04,8.45,
dse_ownership,2026-09-08 09:52:45.746038+00:00,142,a4e388692d1a4e3fa50e0610a30f29c3,5cc766dce9d6ed7240db7b862be3e6da8dd8c73d75b9594c5cd1e8dc35a65f12,200,1975,DESHBANDHU,"Jun 30, 2025",0,33.54,0.0,14.21,0.0,52.25,3.0
dse_ownership,2026-09-08 09:52:45.746038+00:00,142,a4e388692d1a4e3fa50e0610a30f29c3,5cc766dce9d6ed7240db7b862be3e6da8dd8c73d75b9594c5cd1e8dc35a65f12,200,1975,DESHBANDHU,"Jun 30, 2026",1,33.54,0.0,17.38,0.0,49.08,
dse_ownership,2026-09-08 09:52:45.746038+00:00,142,a4e388692d1a4e3fa50e0610a30f29c3,5cc766dce9d6ed7240db7b862be3e6da8dd8c73d75b9594c5cd1e8dc35a65f12,200,1975,DESHBANDHU,"Jul 31, 2026",2,33.54,0.0,22.23,0.0,44.23,
dse_ownership,2026-09-08 09:52:46.901532+00:00,143,a4e388692d1a4e3fa50e0610a30f29c3,8323f5ea6b11e3b21f9e7d8629064a909adb063862d5c644fabbf5d2c639911b,200,890,DGIC,"Dec 31, 2024",0,58.38,0.0,4.2,0.0,37.42,3.0
dse_ownership,2026-09-08 09:52:46.901532+00:00,143,a4e388692d1a4e3fa50e0610a30f29c3,8323f5ea6b11e3b21f9e7d8629064a909adb063862d5c644fabbf5d2c639911b,200,890,DGIC,"Jul 31, 2026",1,48.98,0.0,7.41,0.0,43.61,
dse_ownership,2026-09-08 09:52:46.901532+00:00,143,a4e388692d1a4e3fa50e0610a30f29c3,8323f5ea6b11e3b21f9e7d8629064a909adb063862d5c644fabbf5d2c639911b,200,890,DGIC,"Aug 31, 2026",2,48.98,0.0,4.89,0.0,46.13,
dse_ownership,2026-09-08 09:52:47.900375+00:00,144,a4e388692d1a4e3fa50e0610a30f29c3,aba06575ef3dfbcfce94ba56d6c18d0d3bc0219d68bd165c554cca2bf2f81541,200,826,DHAKABANK,"Dec 31, 2025",0,41.09,0.0,11.74,0.0,47.17,3.0
dse_ownership,2026-09-08 09:52:47.900375+00:00,144,a4e388692d1a4e3fa50e0610a30f29c3,aba06575ef3dfbcfce94ba56d6c18d0d3bc0219d68bd165c554cca2bf2f81541,200,826,DHAKABANK,"Jul 31, 2026",1,44.26,0.0,12.73,0.0,43.01,
dse_ownership,2026-09-08 09:52:47.900375+00:00,144,a4e388692d1a4e3fa50e0610a30f29c3,aba06575ef3dfbcfce94ba56d6c18d0d3bc0219d68bd165c554cca2bf2f81541,200,826,DHAKABANK,"Aug 31, 2026",2,44.25,0.0,12.75,0.0,43.0,
dse_ownership,2026-09-08 09:52:50.120416+00:00,145,a4e388692d1a4e3fa50e0610a30f29c3,6c291fbde49f912b531cde3fec0ed2cdc9bc47b57924db8cd0bd72e2b3f0c80a,200,2062,DHAKAINS,"Dec 31, 2025",0,54.81,0.0,11.71,0.07,33.41,3.0
dse_ownership,2026-09-08 09:52:50.120416+00:00,145,a4e388692d1a4e3fa50e0610a30f29c3,6c291fbde49f912b531cde3fec0ed2cdc9bc47b57924db8cd0bd72e2b3f0c80a,200,2062,DHAKAINS,"Jul 31, 2026",1,54.81,0.0,12.4,0.07,32.72,
dse_ownership,2026-09-08 09:52:50.120416+00:00,145,a4e388692d1a4e3fa50e0610a30f29c3,6c291fbde49f912b531cde3fec0ed2cdc9bc47b57924db8cd0bd72e2b3f0c80a,200,2062,DHAKAINS,"Aug 31, 2026",2,54.81,0.0,11.92,0.06,33.21,
dse_ownership,2026-09-08 09:52:50.787431+00:00,146,a4e388692d1a4e3fa50e0610a30f29c3,fcd2403915c8bb923d229b1ddc78d7e47b3d994b49ad0837dfbb5fb44e4f2ea1,200,371,DOMINAGE,"Jun 30, 2025",0,30.2,0.0,8.74,0.0,61.06,3.0
dse_ownership,2026-09-08 09:52:50.787431+00:00,146,a4e388692d1a4e3fa50e0610a30f29c3,fcd2403915c8bb923d229b1ddc78d7e47b3d994b49ad0837dfbb5fb44e4f2ea1,200,371,DOMINAGE,"Jul 31, 2026",1,30.2,0.0,15.6,0.02,54.18,
dse_ownership,2026-09-08 09:52:50.787431+00:00,146,a4e388692d1a4e3fa50e0610a30f29c3,fcd2403915c8bb923d229b1ddc78d7e47b3d994b49ad0837dfbb5fb44e4f2ea1,200,371,DOMINAGE,"Aug 31, 2026",2,30.2,0.0,8.08,0.02,61.7,
dse_ownership,2026-09-08 09:52:52.876685+00:00,147,a4e388692d1a4e3fa50e0610a30f29c3,966ded867ad358052d85401247f86fef1550dc2aadcb7618382a6b0592790e9c,200,1909,DOREENPWR,"Jun 30, 2025",0,66.61,0.0,17.85,0.0,15.54,3.0
dse_ownership,2026-09-08 09:52:52.876685+00:00,147,a4e388692d1a4e3fa50e0610a30f29c3,966ded867ad358052d85401247f86fef1550dc2aadcb7618382a6b0592790e9c,200,1909,DOREENPWR,"Jul 31, 2026",1,66.61,0.0,18.07,0.0,15.32,
dse_ownership,2026-09-08 09:52:52.876685+00:00,147,a4e388692d1a4e3fa50e0610a30f29c3,966ded867ad358052d85401247f86fef1550dc2aadcb7618382a6b0592790e9c,200,1909,DOREENPWR,"Aug 31, 2026",2,66.61,0.0,17.34,0.0,16.05,
dse_ownership,2026-09-08 09:52:56.974362+00:00,154,a4e388692d1a4e3fa50e0610a30f29c3,eef8d6678ebf9bbbd7e541160838ff061205fe46d6db24824b7f78a7a64ff40f,200,2106,DSHGARME,"Jun 30, 2025",0,54.99,0.0,8.01,0.0,37.0,3.0
dse_ownership,2026-09-08 09:52:56.974362+00:00,154,a4e388692d1a4e3fa50e0610a30f29c3,eef8d6678ebf9bbbd7e541160838ff061205fe46d6db24824b7f78a7a64ff40f,200,2106,DSHGARME,"Jul 31, 2026",1,54.99,0.0,7.63,0.0,37.38,
dse_ownership,2026-09-08 09:52:56.974362+00:00,154,a4e388692d1a4e3fa50e0610a30f29c3,eef8d6678ebf9bbbd7e541160838ff061205fe46d6db24824b7f78a7a64ff40f,200,2106,DSHGARME,"Aug 31, 2026",2,54.99,0.0,4.78,0.0,40.23,
dse_ownership,2026-09-08 09:52:57.670197+00:00,155,a4e388692d1a4e3fa50e0610a30f29c3,f75cbe41629bfc71f743e59ee8fc1554ddc781448d944e398e4ae2c6c44ebca1,200,453,DSSL,"Jun 30, 2025",0,32.17,0.0,15.3,0.0,52.53,3.0
dse_ownership,2026-09-08 09:52:57.670197+00:00,155,a4e388692d1a4e3fa50e0610a30f29c3,f75cbe41629bfc71f743e59ee8fc1554ddc781448d944e398e4ae2c6c44ebca1,200,453,DSSL,"Jul 31, 2026",1,32.17,0.0,15.49,0.0,52.34,
dse_ownership,2026-09-08 09:52:57.670197+00:00,155,a4e388692d1a4e3fa50e0610a30f29c3,f75cbe41629bfc71f743e59ee8fc1554ddc781448d944e398e4ae2c6c44ebca1,200,453,DSSL,"Aug 31, 2026",2,32.17,0.0,8.96,0.0,58.87,
dse_ownership,2026-09-08 09:52:59.900527+00:00,156,a4e388692d1a4e3fa50e0610a30f29c3,e15a994103a62522dd5c4f2676c72da549a9669cf43a45a6a92ae56509a5c765,200,2060,DULAMIACOT,"Jun 30, 2025",0,33.01,0.0,6.71,0.0,60.28,3.0
dse_ownership,2026-09-08 09:52:59.900527+00:00,156,a4e388692d1a4e3fa50e0610a30f29c3,e15a994103a62522dd5c4f2676c72da549a9669cf43a45a6a92ae56509a5c765,200,2060,DULAMIACOT,"Jun 30, 2026",1,33.01,0.0,6.57,0.0,60.42,
dse_ownership,2026-09-08 09:52:59.900527+00:00,156,a4e388692d1a4e3fa50e0610a30f29c3,e15a994103a62522dd5c4f2676c72da549a9669cf43a45a6a92ae56509a5c765,200,2060,DULAMIACOT,"Jul 31, 2026",2,33.01,0.0,6.56,0.0,60.43,
dse_ownership,2026-09-08 09:53:02.002180+00:00,157,a4e388692d1a4e3fa50e0610a30f29c3,eeeb7845d0017e31ce3e1b2838461ff3ffd773246106404e66704b0f77fabdab,200,1907,DUTCHBANGL,"Dec 31, 2025",0,83.56,0.0,6.9,0.03,9.51,3.0
dse_ownership,2026-09-08 09:53:02.002180+00:00,157,a4e388692d1a4e3fa50e0610a30f29c3,eeeb7845d0017e31ce3e1b2838461ff3ffd773246106404e66704b0f77fabdab,200,1907,DUTCHBANGL,"Jun 30, 2026",1,83.56,0.0,8.0,0.04,8.4,
dse_ownership,2026-09-08 09:53:02.002180+00:00,157,a4e388692d1a4e3fa50e0610a30f29c3,eeeb7845d0017e31ce3e1b2838461ff3ffd773246106404e66704b0f77fabdab,200,1907,DUTCHBANGL,"Jul 31, 2026",2,83.56,0.0,7.43,0.04,8.97,
dse_ownership,2026-09-08 09:53:04.630555+00:00,158,a4e388692d1a4e3fa50e0610a30f29c3,c19073eb306274e6b9728d29dce76869832584c41a28cb7b1090ec03e08c9990,200,2309,EASTERNINS,"Dec 31, 2025",0,44.86,0.0,28.11,0.0,27.03,3.0
dse_ownership,2026-09-08 09:53:04.630555+00:00,158,a4e388692d1a4e3fa50e0610a30f29c3,c19073eb306274e6b9728d29dce76869832584c41a28cb7b1090ec03e08c9990,200,2309,EASTERNINS,"Jul 31, 2026",1,44.86,0.0,27.73,0.0,27.41,
dse_ownership,2026-09-08 09:53:04.630555+00:00,158,a4e388692d1a4e3fa50e0610a30f29c3,c19073eb306274e6b9728d29dce76869832584c41a28cb7b1090ec03e08c9990,200,2309,EASTERNINS,"Aug 31, 2026",2,44.86,0.0,25.85,0.0,29.29,
dse_ownership,2026-09-08 09:53:05.319579+00:00,159,a4e388692d1a4e3fa50e0610a30f29c3,d0ef28515e51b2ca0eaa8c4986f0f47a2d30b677bbbd2d0e9f0366083809ad06,200,514,EASTLAND,"Dec 31, 2025",0,41.11,0.0,21.6,0.0,37.29,3.0
dse_ownership,2026-09-08 09:53:05.319579+00:00,159,a4e388692d1a4e3fa50e0610a30f29c3,d0ef28515e51b2ca0eaa8c4986f0f47a2d30b677bbbd2d0e9f0366083809ad06,200,514,EASTLAND,"Jul 31, 2026",1,41.11,0.0,24.68,0.0,34.21,
dse_ownership,2026-09-08 09:53:05.319579+00:00,159,a4e388692d1a4e3fa50e0610a30f29c3,d0ef28515e51b2ca0eaa8c4986f0f47a2d30b677bbbd2d0e9f0366083809ad06,200,514,EASTLAND,"Aug 31, 2026",2,41.11,0.0,24.23,0.0,34.66,
dse_ownership,2026-09-08 09:53:05.894834+00:00,160,a4e388692d1a4e3fa50e0610a30f29c3,a395da1c3460da1e5b90246c8ec9ddf47fa7a757f5c7abc9f9e8dc6d8ffd8609,200,406,EASTRNLUB,"Jun 30, 2025",0,15.04,51.0,12.61,0.0,21.35,3.0
dse_ownership,2026-09-08 09:53:05.894834+00:00,160,a4e388692d1a4e3fa50e0610a30f29c3,a395da1c3460da1e5b90246c8ec9ddf47fa7a757f5c7abc9f9e8dc6d8ffd8609,200,406,EASTRNLUB,"Jul 31, 2026",1,15.04,51.0,6.54,0.0,27.42,
dse_ownership,2026-09-08 09:53:05.894834+00:00,160,a4e388692d1a4e3fa50e0610a30f29c3,a395da1c3460da1e5b90246c8ec9ddf47fa7a757f5c7abc9f9e8dc6d8ffd8609,200,406,EASTRNLUB,"Aug 31, 2026",2,15.04,51.0,6.3,0.0,27.66,
dse_ownership,2026-09-08 09:53:06.571602+00:00,161,a4e388692d1a4e3fa50e0610a30f29c3,4c9f418230893bb475fe73724bcd2ef475752a73a225f4514c5069a8e6a55795,200,379,EBL,"Dec 31, 2025",0,31.44,0.0,41.41,0.67,26.48,3.0
dse_ownership,2026-09-08 09:53:06.571602+00:00,161,a4e388692d1a4e3fa50e0610a30f29c3,4c9f418230893bb475fe73724bcd2ef475752a73a225f4514c5069a8e6a55795,200,379,EBL,"Jul 31, 2026",1,29.44,0.0,43.96,0.1,26.5,
dse_ownership,2026-09-08 09:53:06.571602+00:00,161,a4e388692d1a4e3fa50e0610a30f29c3,4c9f418230893bb475fe73724bcd2ef475752a73a225f4514c5069a8e6a55795,200,379,EBL,"Aug 31, 2026",2,29.44,0.0,43.59,0.1,26.87,
dse_ownership,2026-09-08 09:53:07.127233+00:00,162,a4e388692d1a4e3fa50e0610a30f29c3,266c85132cc2870bb7ce1aeb104b9f92c31d11613fdb6c3deeafb181aea1b963,200,380,EBL1STMF,"Jun 30, 2024",0,1.38,0.0,62.85,0.0,35.77,3.0
dse_ownership,2026-09-08 09:53:07.127233+00:00,162,a4e388692d1a4e3fa50e0610a30f29c3,266c85132cc2870bb7ce1aeb104b9f92c31d11613fdb6c3deeafb181aea1b963,200,380,EBL1STMF,"Jun 30, 2026",1,1.38,0.0,61.93,0.0,36.69,
dse_ownership,2026-09-08 09:53:07.127233+00:00,162,a4e388692d1a4e3fa50e0610a30f29c3,266c85132cc2870bb7ce1aeb104b9f92c31d11613fdb6c3deeafb181aea1b963,200,380,EBL1STMF,"Jul 31, 2026",2,1.38,0.0,61.45,0.0,37.17,
dse_ownership,2026-09-08 09:53:10.050309+00:00,163,a4e388692d1a4e3fa50e0610a30f29c3,30049148634ddeb2f5dd497b0c82e4d3618621cbb031f357add13d86eeeafdb5,200,2743,EBLNRBMF,"Jun 30, 2024",0,8.89,0.0,40.89,0.0,50.22,3.0
dse_ownership,2026-09-08 09:53:10.050309+00:00,163,a4e388692d1a4e3fa50e0610a30f29c3,30049148634ddeb2f5dd497b0c82e4d3618621cbb031f357add13d86eeeafdb5,200,2743,EBLNRBMF,"Jun 30, 2026",1,8.89,0.0,37.93,0.0,53.18,
dse_ownership,2026-09-08 09:53:10.050309+00:00,163,a4e388692d1a4e3fa50e0610a30f29c3,30049148634ddeb2f5dd497b0c82e4d3618621cbb031f357add13d86eeeafdb5,200,2743,EBLNRBMF,"Jul 31, 2026",2,8.89,0.0,39.71,0.0,51.4,
dse_ownership,2026-09-08 09:53:12.100327+00:00,164,a4e388692d1a4e3fa50e0610a30f29c3,c5b91713c43727e751a469b210b66e92be31568a6c7103b52ee2b1bebd4f2906,200,1807,ECABLES,"Jun 30, 2025",0,8.08,51.0,12.14,0.0,28.78,3.0
dse_ownership,2026-09-08 09:53:12.100327+00:00,164,a4e388692d1a4e3fa50e0610a30f29c3,c5b91713c43727e751a469b210b66e92be31568a6c7103b52ee2b1bebd4f2906,200,1807,ECABLES,"Jul 31, 2026",1,8.08,51.0,13.34,0.0,27.58,
dse_ownership,2026-09-08 09:53:12.100327+00:00,164,a4e388692d1a4e3fa50e0610a30f29c3,c5b91713c43727e751a469b210b66e92be31568a6c7103b52ee2b1bebd4f2906,200,1807,ECABLES,"Aug 31, 2026",2,8.08,51.0,13.21,0.0,27.71,
dse_ownership,2026-09-08 09:53:12.792789+00:00,165,a4e388692d1a4e3fa50e0610a30f29c3,78d234383d6e5bc99500cfa0041dcfb29b2bd0a7e3dc5dec7042d34b26a46145,200,520,EGEN,"Jun 30, 2025",0,30.07,0.0,20.14,0.53,49.26,3.0
dse_ownership,2026-09-08 09:53:12.792789+00:00,165,a4e388692d1a4e3fa50e0610a30f29c3,78d234383d6e5bc99500cfa0041dcfb29b2bd0a7e3dc5dec7042d34b26a46145,200,520,EGEN,"Jun 30, 2026",1,30.07,0.0,16.35,0.53,53.05,
dse_ownership,2026-09-08 09:53:12.792789+00:00,165,a4e388692d1a4e3fa50e0610a30f29c3,78d234383d6e5bc99500cfa0041dcfb29b2bd0a7e3dc5dec7042d34b26a46145,200,520,EGEN,"Jul 31, 2026",2,30.07,0.0,14.87,0.53,54.53,
dse_ownership,2026-09-08 09:53:15.477864+00:00,166,a4e388692d1a4e3fa50e0610a30f29c3,c6d47cbf41eef0f96d6071bde8505d743966e0c08fb2e572b51ce4225d52a3a7,200,2512,EHL,"Jun 30, 2025",0,50.36,0.0,24.74,0.01,24.89,3.0
dse_ownership,2026-09-08 09:53:15.477864+00:00,166,a4e388692d1a4e3fa50e0610a30f29c3,c6d47cbf41eef0f96d6071bde8505d743966e0c08fb2e572b51ce4225d52a3a7,200,2512,EHL,"Jul 31, 2026",1,50.44,0.0,25.27,0.03,24.26,
dse_ownership,2026-09-08 09:53:15.477864+00:00,166,a4e388692d1a4e3fa50e0610a30f29c3,c6d47cbf41eef0f96d6071bde8505d743966e0c08fb2e572b51ce4225d52a3a7,200,2512,EHL,"Aug 31, 2026",2,50.44,0.0,25.16,0.03,24.37,
dse_ownership,2026-09-08 09:53:16.198111+00:00,167,a4e388692d1a4e3fa50e0610a30f29c3,6975d19377e2005e51f284837ac5f5ee765479a6e7a0ad2c9d303bd23e682104,200,465,EIL,"Dec 31, 2025",0,60.0,0.0,3.62,0.0,36.38,3.0
dse_ownership,2026-09-08 09:53:16.198111+00:00,167,a4e388692d1a4e3fa50e0610a30f29c3,6975d19377e2005e51f284837ac5f5ee765479a6e7a0ad2c9d303bd23e682104,200,465,EIL,"Jul 31, 2026",1,60.0,0.0,5.85,0.0,34.15,
dse_ownership,2026-09-08 09:53:16.198111+00:00,167,a4e388692d1a4e3fa50e0610a30f29c3,6975d19377e2005e51f284837ac5f5ee765479a6e7a0ad2c9d303bd23e682104,200,465,EIL,"Aug 31, 2026",2,60.0,0.0,2.8,0.0,37.2,
dse_ownership,2026-09-08 09:53:16.910103+00:00,168,a4e388692d1a4e3fa50e0610a30f29c3,2f7e198d98640760caa12eea5f27df14bb033f262df88c5168cdb798999556b7,200,511,EMERALDOIL,"Jun 30, 2023",0,38.26,0.0,7.45,0.0,54.29,3.0
dse_ownership,2026-09-08 09:53:16.910103+00:00,168,a4e388692d1a4e3fa50e0610a30f29c3,2f7e198d98640760caa12eea5f27df14bb033f262df88c5168cdb798999556b7,200,511,EMERALDOIL,"Jul 31, 2026",1,54.5,0.0,4.44,0.0,41.06,
dse_ownership,2026-09-08 09:53:16.910103+00:00,168,a4e388692d1a4e3fa50e0610a30f29c3,2f7e198d98640760caa12eea5f27df14bb033f262df88c5168cdb798999556b7,200,511,EMERALDOIL,"Aug 31, 2026",2,54.5,0.0,4.41,0.0,41.09,
dse_ownership,2026-09-08 09:53:18.125629+00:00,171,a4e388692d1a4e3fa50e0610a30f29c3,1a7cf310bda0cf5474f93287d333ea8200fc1b7c94e65e897d0be8b380184790,200,351,ENVOYTEX,"Jun 30, 2025",0,65.18,0.0,26.11,0.06,8.65,3.0
dse_ownership,2026-09-08 09:53:18.125629+00:00,171,a4e388692d1a4e3fa50e0610a30f29c3,1a7cf310bda0cf5474f93287d333ea8200fc1b7c94e65e897d0be8b380184790,200,351,ENVOYTEX,"Jul 31, 2026",1,65.41,0.0,22.06,0.17,12.36,
dse_ownership,2026-09-08 09:53:18.125629+00:00,171,a4e388692d1a4e3fa50e0610a30f29c3,1a7cf310bda0cf5474f93287d333ea8200fc1b7c94e65e897d0be8b380184790,200,351,ENVOYTEX,"Aug 31, 2026",2,65.41,0.0,21.65,0.13,12.81,
dse_ownership,2026-09-08 09:53:18.675656+00:00,172,a4e388692d1a4e3fa50e0610a30f29c3,64057b65c79b2ba28b4311a76489a1ea735424cba74afb9ff473c6d822633fcc,200,378,EPGL,"Jun 30, 2025",0,54.13,0.0,17.59,0.0,28.28,3.0
dse_ownership,2026-09-08 09:53:18.675656+00:00,172,a4e388692d1a4e3fa50e0610a30f29c3,64057b65c79b2ba28b4311a76489a1ea735424cba74afb9ff473c6d822633fcc,200,378,EPGL,"Jul 31, 2026",1,54.14,0.0,16.42,0.0,29.44,
dse_ownership,2026-09-08 09:53:18.675656+00:00,172,a4e388692d1a4e3fa50e0610a30f29c3,64057b65c79b2ba28b4311a76489a1ea735424cba74afb9ff473c6d822633fcc,200,378,EPGL,"Aug 31, 2026",2,54.14,0.0,16.07,0.0,29.79,
dse_ownership,2026-09-08 09:53:19.233297+00:00,173,a4e388692d1a4e3fa50e0610a30f29c3,7415c90dea2a2208acabc48c5c4dc41b4b7c5b956461ca99647469802c6a51d6,200,384,ESQUIRENIT,"Jun 30, 2025",0,46.95,0.0,41.29,0.0,11.76,3.0
dse_ownership,2026-09-08 09:53:19.233297+00:00,173,a4e388692d1a4e3fa50e0610a30f29c3,7415c90dea2a2208acabc48c5c4dc41b4b7c5b956461ca99647469802c6a51d6,200,384,ESQUIRENIT,"Jul 31, 2026",1,46.95,0.0,41.44,0.0,11.61,
dse_ownership,2026-09-08 09:53:19.233297+00:00,173,a4e388692d1a4e3fa50e0610a30f29c3,7415c90dea2a2208acabc48c5c4dc41b4b7c5b956461ca99647469802c6a51d6,200,384,ESQUIRENIT,"Aug 31, 2026",2,46.95,0.0,41.04,0.0,12.01,
dse_ownership,2026-09-08 09:53:19.909123+00:00,174,a4e388692d1a4e3fa50e0610a30f29c3,b5d9837e3badfefb5977280a30d675a269dd6b82209ec69ab09d49f2f7a6dae0,200,379,ETL,"Jun 30, 2025",0,32.94,0.0,12.18,0.0,54.88,3.0
dse_ownership,2026-09-08 09:53:19.909123+00:00,174,a4e388692d1a4e3fa50e0610a30f29c3,b5d9837e3badfefb5977280a30d675a269dd6b82209ec69ab09d49f2f7a6dae0,200,379,ETL,"Jul 31, 2026",1,32.94,0.0,17.19,0.0,49.87,
dse_ownership,2026-09-08 09:53:19.909123+00:00,174,a4e388692d1a4e3fa50e0610a30f29c3,b5d9837e3badfefb5977280a30d675a269dd6b82209ec69ab09d49f2f7a6dae0,200,379,ETL,"Aug 31, 2026",2,32.94,0.0,12.35,0.0,54.71,
dse_ownership,2026-09-08 09:53:22.203195+00:00,175,a4e388692d1a4e3fa50e0610a30f29c3,6ed0dcdb504d34cb02da834a04eedfb173e884625cdde2800cf08b103a1007a3,200,2107,EXIM1STMF,"Jun 30, 2024",0,21.97,0.0,23.66,0.0,54.37,3.0
dse_ownership,2026-09-08 09:53:22.203195+00:00,175,a4e388692d1a4e3fa50e0610a30f29c3,6ed0dcdb504d34cb02da834a04eedfb173e884625cdde2800cf08b103a1007a3,200,2107,EXIM1STMF,"Jun 30, 2026",1,21.97,0.0,25.91,0.0,52.12,
dse_ownership,2026-09-08 09:53:22.203195+00:00,175,a4e388692d1a4e3fa50e0610a30f29c3,6ed0dcdb504d34cb02da834a04eedfb173e884625cdde2800cf08b103a1007a3,200,2107,EXIM1STMF,"Jul 31, 2026",2,21.97,0.0,40.26,0.0,37.77,
dse_ownership,2026-09-08 09:53:22.912987+00:00,176,a4e388692d1a4e3fa50e0610a30f29c3,99afa645f042e8d5bfad94c11241c4f882935f26ff35d2db0264aa6410c1dba7,200,530,EXIMBANK,"Dec 31, 2024",0,32.44,0.0,28.53,0.67,38.36,3.0
dse_ownership,2026-09-08 09:53:22.912987+00:00,176,a4e388692d1a4e3fa50e0610a30f29c3,99afa645f042e8d5bfad94c11241c4f882935f26ff35d2db0264aa6410c1dba7,200,530,EXIMBANK,"Jun 30, 2026",1,30.44,0.0,27.45,0.46,41.65,
dse_ownership,2026-09-08 09:53:22.912987+00:00,176,a4e388692d1a4e3fa50e0610a30f29c3,99afa645f042e8d5bfad94c11241c4f882935f26ff35d2db0264aa6410c1dba7,200,530,EXIMBANK,"Jul 31, 2026",2,30.44,0.0,27.45,0.46,41.65,
dse_ownership,2026-09-08 09:53:23.845334+00:00,177,a4e388692d1a4e3fa50e0610a30f29c3,cd9d5b0c2604d0196efad025d8b7b430d60c198db8a873bb105bf28554210a8e,200,669,FAMILYTEX,"Jun 30, 2020",0,4.02,0.0,18.41,0.0,77.57,3.0
dse_ownership,2026-09-08 09:53:23.845334+00:00,177,a4e388692d1a4e3fa50e0610a30f29c3,cd9d5b0c2604d0196efad025d8b7b430d60c198db8a873bb105bf28554210a8e,200,669,FAMILYTEX,"Jun 30, 2022",1,4.02,0.0,18.41,0.0,77.57,
dse_ownership,2026-09-08 09:53:23.845334+00:00,177,a4e388692d1a4e3fa50e0610a30f29c3,cd9d5b0c2604d0196efad025d8b7b430d60c198db8a873bb105bf28554210a8e,200,669,FAMILYTEX,"Jul 31, 2022",2,4.02,0.0,18.41,0.0,77.57,
dse_ownership,2026-09-08 09:53:25.948688+00:00,178,a4e388692d1a4e3fa50e0610a30f29c3,c9cb7ef7166fde861ee53ab9e53c77508d6eea734f3d211ccdd1627f9ae51c4f,200,1912,FARCHEM,"Jun 30, 2025",0,32.63,0.0,30.81,0.0,36.56,3.0
dse_ownership,2026-09-08 09:53:25.948688+00:00,178,a4e388692d1a4e3fa50e0610a30f29c3,c9cb7ef7166fde861ee53ab9e53c77508d6eea734f3d211ccdd1627f9ae51c4f,200,1912,FARCHEM,"Jul 31, 2026",1,32.63,0.0,32.5,0.0,34.87,
dse_ownership,2026-09-08 09:53:25.948688+00:00,178,a4e388692d1a4e3fa50e0610a30f29c3,c9cb7ef7166fde861ee53ab9e53c77508d6eea734f3d211ccdd1627f9ae51c4f,200,1912,FARCHEM,"Aug 31, 2026",2,32.63,0.0,23.86,0.0,43.51,
dse_ownership,2026-09-08 09:53:28.216512+00:00,179,a4e388692d1a4e3fa50e0610a30f29c3,55b4103caadb43ca0b0953c311d1cac9fd5467e8cfdbb74198613aa0b938b925,200,2105,FAREASTFIN,"Dec 31, 2024",0,39.74,0.0,14.72,0.0,45.54,3.0
dse_ownership,2026-09-08 09:53:28.216512+00:00,179,a4e388692d1a4e3fa50e0610a30f29c3,55b4103caadb43ca0b0953c311d1cac9fd5467e8cfdbb74198613aa0b938b925,200,2105,FAREASTFIN,"Jun 30, 2026",1,39.74,0.0,11.51,0.0,48.75,
dse_ownership,2026-09-08 09:53:28.216512+00:00,179,a4e388692d1a4e3fa50e0610a30f29c3,55b4103caadb43ca0b0953c311d1cac9fd5467e8cfdbb74198613aa0b938b925,200,2105,FAREASTFIN,"Jul 31, 2026",2,39.74,0.0,14.77,0.0,45.49,
dse_ownership,2026-09-08 09:53:30.461123+00:00,180,a4e388692d1a4e3fa50e0610a30f29c3,902e467d945e407abfeaf62eda3e1a3c3156ab31bbac9f8e1f94d715ee8c6338,200,2007,FAREASTLIF,"Dec 31, 2020",0,32.56,0.0,41.02,1.12,25.3,3.0
dse_ownership,2026-09-08 09:53:30.461123+00:00,180,a4e388692d1a4e3fa50e0610a30f29c3,902e467d945e407abfeaf62eda3e1a3c3156ab31bbac9f8e1f94d715ee8c6338,200,2007,FAREASTLIF,"Jun 30, 2026",1,20.08,0.0,43.2,0.0,36.72,
dse_ownership,2026-09-08 09:53:30.461123+00:00,180,a4e388692d1a4e3fa50e0610a30f29c3,902e467d945e407abfeaf62eda3e1a3c3156ab31bbac9f8e1f94d715ee8c6338,200,2007,FAREASTLIF,"Jul 31, 2026",2,18.06,0.0,43.28,0.0,38.66,
dse_ownership,2026-09-08 09:53:30.995632+00:00,181,a4e388692d1a4e3fa50e0610a30f29c3,f6d843db02a458fcff69468670d82327092f8bfb43d3f579887c93f57f7d0080,200,371,FASFIN,"Dec 31, 2024",0,13.2,0.0,7.95,0.0,78.85,3.0
dse_ownership,2026-09-08 09:53:30.995632+00:00,181,a4e388692d1a4e3fa50e0610a30f29c3,f6d843db02a458fcff69468670d82327092f8bfb43d3f579887c93f57f7d0080,200,371,FASFIN,"Jun 30, 2026",1,13.2,0.0,8.69,0.0,78.11,
dse_ownership,2026-09-08 09:53:30.995632+00:00,181,a4e388692d1a4e3fa50e0610a30f29c3,f6d843db02a458fcff69468670d82327092f8bfb43d3f579887c93f57f7d0080,200,371,FASFIN,"Jul 31, 2026",2,13.2,0.0,7.58,0.0,79.22,
dse_ownership,2026-09-08 09:53:31.837802+00:00,182,a4e388692d1a4e3fa50e0610a30f29c3,eff1e3f6d7b2f2c66417025591328b253a1a8e6039da0e1f52a38dafbb29d2d9,200,673,FBFIF,"Jun 30, 2024",0,53.97,0.0,29.52,0.0,16.51,3.0
dse_ownership,2026-09-08 09:53:31.837802+00:00,182,a4e388692d1a4e3fa50e0610a30f29c3,eff1e3f6d7b2f2c66417025591328b253a1a8e6039da0e1f52a38dafbb29d2d9,200,673,FBFIF,"Jun 30, 2026",1,53.97,0.0,28.69,0.0,17.34,
dse_ownership,2026-09-08 09:53:31.837802+00:00,182,a4e388692d1a4e3fa50e0610a30f29c3,eff1e3f6d7b2f2c66417025591328b253a1a8e6039da0e1f52a38dafbb29d2d9,200,673,FBFIF,"Jul 31, 2026",2,53.97,0.0,29.21,0.0,16.82,
dse_ownership,2026-09-08 09:53:32.564370+00:00,183,a4e388692d1a4e3fa50e0610a30f29c3,8dc6e2c5edd3edfc203c10e82099a269f13d91bd5824dac29158bc5bfac41748,200,489,FEDERALINS,"Dec 31, 2025",0,38.26,0.0,0.86,0.0,60.88,3.0
dse_ownership,2026-09-08 09:53:32.564370+00:00,183,a4e388692d1a4e3fa50e0610a30f29c3,8dc6e2c5edd3edfc203c10e82099a269f13d91bd5824dac29158bc5bfac41748,200,489,FEDERALINS,"Jul 31, 2026",1,36.04,0.0,4.21,0.0,59.75,
dse_ownership,2026-09-08 09:53:32.564370+00:00,183,a4e388692d1a4e3fa50e0610a30f29c3,8dc6e2c5edd3edfc203c10e82099a269f13d91bd5824dac29158bc5bfac41748,200,489,FEDERALINS,"Aug 31, 2026",2,36.04,0.0,2.45,0.0,61.51,
dse_ownership,2026-09-08 09:53:33.199757+00:00,184,a4e388692d1a4e3fa50e0610a30f29c3,535497049da8b90f2b3b17c391a2dc6f2079ab74a6b64d97981e540233764292,200,463,FEKDIL,"Jun 30, 2025",0,67.19,0.0,4.04,0.0,28.77,3.0
dse_ownership,2026-09-08 09:53:33.199757+00:00,184,a4e388692d1a4e3fa50e0610a30f29c3,535497049da8b90f2b3b17c391a2dc6f2079ab74a6b64d97981e540233764292,200,463,FEKDIL,"Jul 31, 2026",1,67.2,0.0,8.07,0.0,24.73,
dse_ownership,2026-09-08 09:53:33.199757+00:00,184,a4e388692d1a4e3fa50e0610a30f29c3,535497049da8b90f2b3b17c391a2dc6f2079ab74a6b64d97981e540233764292,200,463,FEKDIL,"Aug 31, 2026",2,67.2,0.0,5.74,0.0,27.06,
dse_ownership,2026-09-08 09:53:34.513488+00:00,187,a4e388692d1a4e3fa50e0610a30f29c3,14b1624e89f10d01875b3f28d832bd31a85b6c1279761d97dc51ab70787b6d85,200,523,FINEFOODS,"Jun 30, 2025",0,15.25,0.0,25.08,0.0,59.67,3.0
dse_ownership,2026-09-08 09:53:34.513488+00:00,187,a4e388692d1a4e3fa50e0610a30f29c3,14b1624e89f10d01875b3f28d832bd31a85b6c1279761d97dc51ab70787b6d85,200,523,FINEFOODS,"Jul 31, 2026",1,13.92,0.0,22.83,0.0,63.25,
dse_ownership,2026-09-08 09:53:34.513488+00:00,187,a4e388692d1a4e3fa50e0610a30f29c3,14b1624e89f10d01875b3f28d832bd31a85b6c1279761d97dc51ab70787b6d85,200,523,FINEFOODS,"Aug 31, 2026",2,13.92,0.0,18.64,0.0,67.44,
dse_ownership,2026-09-08 09:53:35.189482+00:00,188,a4e388692d1a4e3fa50e0610a30f29c3,b7483f10f9ab33af5931cf80c8a323b7e0525b460a91b3d3fd51b82f1d2b7957,200,508,FIRSTFIN,"Dec 31, 2024",0,41.31,0.0,20.32,0.0,38.37,3.0
dse_ownership,2026-09-08 09:53:35.189482+00:00,188,a4e388692d1a4e3fa50e0610a30f29c3,b7483f10f9ab33af5931cf80c8a323b7e0525b460a91b3d3fd51b82f1d2b7957,200,508,FIRSTFIN,"Jul 31, 2026",1,41.31,0.0,18.73,0.0,39.96,
dse_ownership,2026-09-08 09:53:35.189482+00:00,188,a4e388692d1a4e3fa50e0610a30f29c3,b7483f10f9ab33af5931cf80c8a323b7e0525b460a91b3d3fd51b82f1d2b7957,200,508,FIRSTFIN,"Aug 31, 2026",2,41.31,0.0,18.26,0.0,40.43,
dse_ownership,2026-09-08 09:53:35.872862+00:00,189,a4e388692d1a4e3fa50e0610a30f29c3,cd3a631e650a695c2670f4092341849bdae0217b85cfa1946425161b0054b1f3,200,509,FIRSTSBANK,"Dec 31, 2023",0,30.14,0.0,22.29,1.25,46.32,3.0
dse_ownership,2026-09-08 09:53:35.872862+00:00,189,a4e388692d1a4e3fa50e0610a30f29c3,cd3a631e650a695c2670f4092341849bdae0217b85cfa1946425161b0054b1f3,200,509,FIRSTSBANK,"Oct 31, 2025",1,5.9,0.0,28.9,0.15,65.05,
dse_ownership,2026-09-08 09:53:35.872862+00:00,189,a4e388692d1a4e3fa50e0610a30f29c3,cd3a631e650a695c2670f4092341849bdae0217b85cfa1946425161b0054b1f3,200,509,FIRSTSBANK,"Nov 30, 2025",2,5.9,0.0,28.21,0.15,65.74,
dse_ownership,2026-09-08 09:53:37.171270+00:00,192,a4e388692d1a4e3fa50e0610a30f29c3,4935348a85e5a88c4806e506716e4af90f6b7d64064be11ab67af028b1a08400,200,466,FORTUNE,"Jun 30, 2025",0,30.93,0.0,16.36,0.0,52.71,3.0
dse_ownership,2026-09-08 09:53:37.171270+00:00,192,a4e388692d1a4e3fa50e0610a30f29c3,4935348a85e5a88c4806e506716e4af90f6b7d64064be11ab67af028b1a08400,200,466,FORTUNE,"Jul 31, 2026",1,30.93,0.0,18.12,0.0,50.95,
dse_ownership,2026-09-08 09:53:37.171270+00:00,192,a4e388692d1a4e3fa50e0610a30f29c3,4935348a85e5a88c4806e506716e4af90f6b7d64064be11ab67af028b1a08400,200,466,FORTUNE,"Aug 31, 2026",2,30.93,0.0,16.78,0.0,52.29,
dse_ownership,2026-09-08 09:53:39.844381+00:00,195,a4e388692d1a4e3fa50e0610a30f29c3,b42548f7e3e39f6169c412eb4d7272d3ece17190105a54b93f538bde018d4891,200,1836,FUWANGCER,"Jun 30, 2025",0,30.0,0.0,5.22,0.4,64.38,3.0
dse_ownership,2026-09-08 09:53:39.844381+00:00,195,a4e388692d1a4e3fa50e0610a30f29c3,b42548f7e3e39f6169c412eb4d7272d3ece17190105a54b93f538bde018d4891,200,1836,FUWANGCER,"Jul 31, 2026",1,30.0,0.0,5.43,0.4,64.17,
dse_ownership,2026-09-08 09:53:39.844381+00:00,195,a4e388692d1a4e3fa50e0610a30f29c3,b42548f7e3e39f6169c412eb4d7272d3ece17190105a54b93f538bde018d4891,200,1836,FUWANGCER,"Aug 31, 2026",2,30.0,0.0,4.92,0.4,64.68,
dse_ownership,2026-09-08 09:53:40.475809+00:00,196,a4e388692d1a4e3fa50e0610a30f29c3,d3e12b63624415ed099d99e93ac18968733241d6c79b80f32901915272ceb61e,200,471,FUWANGFOOD,"Jun 30, 2024",0,7.85,0.0,9.1,0.3,82.75,3.0
dse_ownership,2026-09-08 09:53:40.475809+00:00,196,a4e388692d1a4e3fa50e0610a30f29c3,d3e12b63624415ed099d99e93ac18968733241d6c79b80f32901915272ceb61e,200,471,FUWANGFOOD,"Jul 31, 2026",1,7.85,0.0,9.58,0.01,82.56,
dse_ownership,2026-09-08 09:53:40.475809+00:00,196,a4e388692d1a4e3fa50e0610a30f29c3,d3e12b63624415ed099d99e93ac18968733241d6c79b80f32901915272ceb61e,200,471,FUWANGFOOD,"Aug 31, 2026",2,7.85,0.0,9.52,0.01,82.62,
dse_ownership,2026-09-08 09:53:41.363323+00:00,197,a4e388692d1a4e3fa50e0610a30f29c3,3760b6707ebf8e54c1e92401b0d3239803bc3b40a8b133c7468fbb8c4825329a,200,730,GBBPOWER,"Jun 30, 2025",0,32.01,0.0,12.97,0.0,55.02,3.0
dse_ownership,2026-09-08 09:53:41.363323+00:00,197,a4e388692d1a4e3fa50e0610a30f29c3,3760b6707ebf8e54c1e92401b0d3239803bc3b40a8b133c7468fbb8c4825329a,200,730,GBBPOWER,"Jul 31, 2026",1,32.01,0.0,15.95,0.0,52.04,
dse_ownership,2026-09-08 09:53:41.363323+00:00,197,a4e388692d1a4e3fa50e0610a30f29c3,3760b6707ebf8e54c1e92401b0d3239803bc3b40a8b133c7468fbb8c4825329a,200,730,GBBPOWER,"Aug 31, 2026",2,32.01,0.0,14.27,0.0,53.72,
dse_ownership,2026-09-08 09:53:43.689211+00:00,198,a4e388692d1a4e3fa50e0610a30f29c3,fb257eda113bc34d743f8f27e768e53c75a601ae3e301eb3728a125ebfb03084,200,2063,GEMINISEA,"Jun 30, 2024",0,30.01,0.0,13.02,0.37,56.6,3.0
dse_ownership,2026-09-08 09:53:43.689211+00:00,198,a4e388692d1a4e3fa50e0610a30f29c3,fb257eda113bc34d743f8f27e768e53c75a601ae3e301eb3728a125ebfb03084,200,2063,GEMINISEA,"Jun 30, 2026",1,30.01,0.0,7.81,0.23,61.95,
dse_ownership,2026-09-08 09:53:43.689211+00:00,198,a4e388692d1a4e3fa50e0610a30f29c3,fb257eda113bc34d743f8f27e768e53c75a601ae3e301eb3728a125ebfb03084,200,2063,GEMINISEA,"Jul 31, 2026",2,30.01,0.0,6.97,0.29,62.73,
dse_ownership,2026-09-08 09:53:44.230603+00:00,199,a4e388692d1a4e3fa50e0610a30f29c3,fddca468ed819dde5f373618583a4410ccecbd3d6919c9d4c3b1007d6496c711,200,374,GENEXIL,"Jun 30, 2025",0,30.05,0.0,18.4,0.04,51.51,3.0
dse_ownership,2026-09-08 09:53:44.230603+00:00,199,a4e388692d1a4e3fa50e0610a30f29c3,fddca468ed819dde5f373618583a4410ccecbd3d6919c9d4c3b1007d6496c711,200,374,GENEXIL,"Jun 30, 2026",1,26.07,0.0,20.49,0.06,53.38,
dse_ownership,2026-09-08 09:53:44.230603+00:00,199,a4e388692d1a4e3fa50e0610a30f29c3,fddca468ed819dde5f373618583a4410ccecbd3d6919c9d4c3b1007d6496c711,200,374,GENEXIL,"Jul 31, 2026",2,26.07,0.0,22.22,0.03,51.68,
dse_ownership,2026-09-08 09:53:47.055345+00:00,200,a4e388692d1a4e3fa50e0610a30f29c3,efe6056baf70af3f3de0477010cca9a3820da91072c1833b2f3ea9997f0ef111,200,2649,GENNEXT,"Jun 30, 2023",0,16.26,0.0,25.49,0.0,58.25,3.0
dse_ownership,2026-09-08 09:53:47.055345+00:00,200,a4e388692d1a4e3fa50e0610a30f29c3,efe6056baf70af3f3de0477010cca9a3820da91072c1833b2f3ea9997f0ef111,200,2649,GENNEXT,"Jul 31, 2026",1,16.26,0.0,22.18,0.0,61.56,
dse_ownership,2026-09-08 09:53:47.055345+00:00,200,a4e388692d1a4e3fa50e0610a30f29c3,efe6056baf70af3f3de0477010cca9a3820da91072c1833b2f3ea9997f0ef111,200,2649,GENNEXT,"Aug 31, 2026",2,16.26,0.0,21.85,0.0,61.89,
dse_ownership,2026-09-08 09:53:49.200551+00:00,201,a4e388692d1a4e3fa50e0610a30f29c3,24bd7cfa763a491651cab0d68d0151b7d824eb9b0a6fd96933e2ed64fc3e0c58,200,1916,GHAIL,"Jun 30, 2025",0,30.42,0.0,37.67,0.31,31.6,3.0
dse_ownership,2026-09-08 09:53:49.200551+00:00,201,a4e388692d1a4e3fa50e0610a30f29c3,24bd7cfa763a491651cab0d68d0151b7d824eb9b0a6fd96933e2ed64fc3e0c58,200,1916,GHAIL,"Jul 31, 2026",1,30.42,0.0,39.12,0.22,30.24,
dse_ownership,2026-09-08 09:53:49.200551+00:00,201,a4e388692d1a4e3fa50e0610a30f29c3,24bd7cfa763a491651cab0d68d0151b7d824eb9b0a6fd96933e2ed64fc3e0c58,200,1916,GHAIL,"Aug 31, 2026",2,30.42,0.0,36.8,0.22,32.56,
dse_ownership,2026-09-08 09:53:49.765657+00:00,202,a4e388692d1a4e3fa50e0610a30f29c3,a406e030ced647accbd72ffdb5cf4c84f5f1cbb756f7d60b28acb5f2dc8a1bd2,200,393,GHCL,"Jun 30, 2023",0,68.6,0.0,18.7,0.0,12.7,3.0
dse_ownership,2026-09-08 09:53:49.765657+00:00,202,a4e388692d1a4e3fa50e0610a30f29c3,a406e030ced647accbd72ffdb5cf4c84f5f1cbb756f7d60b28acb5f2dc8a1bd2,200,393,GHCL,"Jul 31, 2026",1,68.6,0.0,11.6,0.0,19.8,
dse_ownership,2026-09-08 09:53:49.765657+00:00,202,a4e388692d1a4e3fa50e0610a30f29c3,a406e030ced647accbd72ffdb5cf4c84f5f1cbb756f7d60b28acb5f2dc8a1bd2,200,393,GHCL,"Aug 31, 2026",2,68.6,0.0,10.32,0.0,21.08,
dse_ownership,2026-09-08 09:53:50.421828+00:00,203,a4e388692d1a4e3fa50e0610a30f29c3,043d97dfa93507d1638dd2ed47da7d83df6c7bde3a9a9628569ae5ecdc97c589,200,489,GIB,"Dec 31, 2024",0,15.43,0.0,53.43,0.0,31.14,3.0
dse_ownership,2026-09-08 09:53:50.421828+00:00,203,a4e388692d1a4e3fa50e0610a30f29c3,043d97dfa93507d1638dd2ed47da7d83df6c7bde3a9a9628569ae5ecdc97c589,200,489,GIB,"Oct 31, 2025",1,15.43,0.0,53.37,0.0,31.2,
dse_ownership,2026-09-08 09:53:50.421828+00:00,203,a4e388692d1a4e3fa50e0610a30f29c3,043d97dfa93507d1638dd2ed47da7d83df6c7bde3a9a9628569ae5ecdc97c589,200,489,GIB,"Nov 30, 2025",2,15.43,0.0,53.15,0.0,31.42,
dse_ownership,2026-09-08 09:53:51.757942+00:00,206,a4e388692d1a4e3fa50e0610a30f29c3,7a3590555b1a611fe9954ece3c2d8a01ceb0d5ff8c0e337a99785af234bae3ba,200,535,GLDNJMF,"Dec 31, 2025",0,61.0,0.0,9.84,0.0,29.16,3.0
dse_ownership,2026-09-08 09:53:51.757942+00:00,206,a4e388692d1a4e3fa50e0610a30f29c3,7a3590555b1a611fe9954ece3c2d8a01ceb0d5ff8c0e337a99785af234bae3ba,200,535,GLDNJMF,"Jun 30, 2026",1,61.0,0.0,12.64,0.0,26.36,
dse_ownership,2026-09-08 09:53:51.757942+00:00,206,a4e388692d1a4e3fa50e0610a30f29c3,7a3590555b1a611fe9954ece3c2d8a01ceb0d5ff8c0e337a99785af234bae3ba,200,535,GLDNJMF,"Jul 31, 2026",2,61.0,0.0,15.52,0.0,23.48,
dse_ownership,2026-09-08 09:53:52.444075+00:00,207,a4e388692d1a4e3fa50e0610a30f29c3,36bd68aad90456a80036b0a80524124c1b205e081cb642912da387fd6d2f036a,200,509,GLOBALINS,"Dec 31, 2025",0,35.32,0.0,10.11,0.0,54.57,3.0
dse_ownership,2026-09-08 09:53:52.444075+00:00,207,a4e388692d1a4e3fa50e0610a30f29c3,36bd68aad90456a80036b0a80524124c1b205e081cb642912da387fd6d2f036a,200,509,GLOBALINS,"Jul 31, 2026",1,35.32,0.0,12.69,0.0,51.99,
dse_ownership,2026-09-08 09:53:52.444075+00:00,207,a4e388692d1a4e3fa50e0610a30f29c3,36bd68aad90456a80036b0a80524124c1b205e081cb642912da387fd6d2f036a,200,509,GLOBALINS,"Aug 31, 2026",2,35.32,0.0,10.16,0.0,54.52,
dse_ownership,2026-09-08 09:53:53.293703+00:00,208,a4e388692d1a4e3fa50e0610a30f29c3,54973928f38d0436395c7699cd0a4d2df7eef27709298a6f63843b1e4206a8ee,200,607,GOLDENSON,"Jun 30, 2025",0,36.47,0.0,17.58,0.0,45.95,3.0
dse_ownership,2026-09-08 09:53:53.293703+00:00,208,a4e388692d1a4e3fa50e0610a30f29c3,54973928f38d0436395c7699cd0a4d2df7eef27709298a6f63843b1e4206a8ee,200,607,GOLDENSON,"Jul 31, 2026",1,30.29,0.0,24.52,0.0,45.19,
dse_ownership,2026-09-08 09:53:53.293703+00:00,208,a4e388692d1a4e3fa50e0610a30f29c3,54973928f38d0436395c7699cd0a4d2df7eef27709298a6f63843b1e4206a8ee,200,607,GOLDENSON,"Aug 31, 2026",2,30.29,0.0,21.44,0.0,48.27,
dse_ownership,2026-09-08 09:53:53.919449+00:00,209,a4e388692d1a4e3fa50e0610a30f29c3,9d4f5cbbd6e3937702d9f245405a774b8e7e4a712099f8e677a9a42a716b48ac,200,458,GP,"Dec 31, 2025",0,90.0,0.0,6.63,0.8,2.57,3.0
dse_ownership,2026-09-08 09:53:53.919449+00:00,209,a4e388692d1a4e3fa50e0610a30f29c3,9d4f5cbbd6e3937702d9f245405a774b8e7e4a712099f8e677a9a42a716b48ac,200,458,GP,"Jul 31, 2026",1,90.0,0.0,6.8,0.25,2.95,
dse_ownership,2026-09-08 09:53:53.919449+00:00,209,a4e388692d1a4e3fa50e0610a30f29c3,9d4f5cbbd6e3937702d9f245405a774b8e7e4a712099f8e677a9a42a716b48ac,200,458,GP,"Aug 31, 2026",2,90.0,0.0,6.85,0.17,2.98,
dse_ownership,2026-09-08 09:53:56.672894+00:00,210,a4e388692d1a4e3fa50e0610a30f29c3,8282440b51d48a51e51dcd1a9c672b94b53efee8d716e0dad8162a358698e804,200,2578,GPHISPAT,"Jun 30, 2025",0,41.59,0.0,19.3,0.0,39.11,3.0
dse_ownership,2026-09-08 09:53:56.672894+00:00,210,a4e388692d1a4e3fa50e0610a30f29c3,8282440b51d48a51e51dcd1a9c672b94b53efee8d716e0dad8162a358698e804,200,2578,GPHISPAT,"Jul 31, 2026",1,30.22,0.0,19.98,0.0,49.8,
dse_ownership,2026-09-08 09:53:56.672894+00:00,210,a4e388692d1a4e3fa50e0610a30f29c3,8282440b51d48a51e51dcd1a9c672b94b53efee8d716e0dad8162a358698e804,200,2578,GPHISPAT,"Aug 31, 2026",2,30.22,0.0,19.0,0.0,50.78,
dse_ownership,2026-09-08 09:53:57.457138+00:00,211,a4e388692d1a4e3fa50e0610a30f29c3,b3c254f3d058cb90f05fdc8f1a8920bb950ae886cb263330399233e0466986a6,200,519,GQBALLPEN,"Jun 30, 2025",0,43.49,0.0,1.47,0.05,54.99,3.0
dse_ownership,2026-09-08 09:53:57.457138+00:00,211,a4e388692d1a4e3fa50e0610a30f29c3,b3c254f3d058cb90f05fdc8f1a8920bb950ae886cb263330399233e0466986a6,200,519,GQBALLPEN,"Jul 31, 2026",1,37.77,0.0,1.47,0.05,60.71,
dse_ownership,2026-09-08 09:53:57.457138+00:00,211,a4e388692d1a4e3fa50e0610a30f29c3,b3c254f3d058cb90f05fdc8f1a8920bb950ae886cb263330399233e0466986a6,200,519,GQBALLPEN,"Aug 31, 2026",2,37.77,0.0,1.47,0.05,60.71,
dse_ownership,2026-09-08 09:53:58.109738+00:00,212,a4e388692d1a4e3fa50e0610a30f29c3,b62b244e74fae156334b2e6e2cf03c797a16c0b9225784baaf2a7a4af8b364fd,200,469,GRAMEENS2,"Jun 30, 2025",0,20.52,0.0,53.52,0.0,25.96,3.0
dse_ownership,2026-09-08 09:53:58.109738+00:00,212,a4e388692d1a4e3fa50e0610a30f29c3,b62b244e74fae156334b2e6e2cf03c797a16c0b9225784baaf2a7a4af8b364fd,200,469,GRAMEENS2,"Jul 31, 2026",1,20.52,0.0,54.25,0.0,25.23,
dse_ownership,2026-09-08 09:53:58.109738+00:00,212,a4e388692d1a4e3fa50e0610a30f29c3,b62b244e74fae156334b2e6e2cf03c797a16c0b9225784baaf2a7a4af8b364fd,200,469,GRAMEENS2,"Aug 31, 2026",2,20.52,0.0,53.97,0.0,25.51,
dse_ownership,2026-09-08 09:53:58.754065+00:00,213,a4e388692d1a4e3fa50e0610a30f29c3,332ab9bd048f44523ebcf8e58f6c3e4d835a76427ac7f667d5f57d9046f8e3db,200,478,GREENDELMF,"Jun 30, 2023",0,8.33,0.0,44.62,3.51,43.54,3.0
dse_ownership,2026-09-08 09:53:58.754065+00:00,213,a4e388692d1a4e3fa50e0610a30f29c3,332ab9bd048f44523ebcf8e58f6c3e4d835a76427ac7f667d5f57d9046f8e3db,200,478,GREENDELMF,"Dec 31, 2025",1,8.33,0.0,43.57,0.0,48.1,
dse_ownership,2026-09-08 09:53:58.754065+00:00,213,a4e388692d1a4e3fa50e0610a30f29c3,332ab9bd048f44523ebcf8e58f6c3e4d835a76427ac7f667d5f57d9046f8e3db,200,478,GREENDELMF,"Jan 31, 2026",2,8.33,0.0,43.56,0.0,48.11,
dse_ownership,2026-09-08 09:53:59.654795+00:00,214,a4e388692d1a4e3fa50e0610a30f29c3,9a0ec4c1134b2b6c58076dcb7045ff76dca206ab804e42962ece1c3ec020e6b2,200,628,GREENDELT,"Dec 31, 2025",0,30.58,0.0,22.43,4.6,42.39,3.0
dse_ownership,2026-09-08 09:53:59.654795+00:00,214,a4e388692d1a4e3fa50e0610a30f29c3,9a0ec4c1134b2b6c58076dcb7045ff76dca206ab804e42962ece1c3ec020e6b2,200,628,GREENDELT,"Jul 31, 2026",1,30.58,0.0,23.23,4.6,41.59,
dse_ownership,2026-09-08 09:53:59.654795+00:00,214,a4e388692d1a4e3fa50e0610a30f29c3,9a0ec4c1134b2b6c58076dcb7045ff76dca206ab804e42962ece1c3ec020e6b2,200,628,GREENDELT,"Aug 31, 2026",2,30.58,0.0,23.19,4.6,41.63,
dse_ownership,2026-09-08 09:54:00.525360+00:00,215,a4e388692d1a4e3fa50e0610a30f29c3,7c6eb1ad9bb6847fb6e840009e3ee6e554970b0b5b1fe228f92854e4b8a9fdc8,200,639,GSPFINANCE,"Dec 31, 2023",0,33.5,0.0,19.16,0.0,47.34,3.0
dse_ownership,2026-09-08 09:54:00.525360+00:00,215,a4e388692d1a4e3fa50e0610a30f29c3,7c6eb1ad9bb6847fb6e840009e3ee6e554970b0b5b1fe228f92854e4b8a9fdc8,200,639,GSPFINANCE,"Jul 31, 2026",1,12.02,0.0,35.67,0.0,52.31,
dse_ownership,2026-09-08 09:54:00.525360+00:00,215,a4e388692d1a4e3fa50e0610a30f29c3,7c6eb1ad9bb6847fb6e840009e3ee6e554970b0b5b1fe228f92854e4b8a9fdc8,200,639,GSPFINANCE,"Aug 31, 2026",2,12.02,0.0,34.63,0.0,53.35,
dse_ownership,2026-09-08 09:54:01.387745+00:00,216,a4e388692d1a4e3fa50e0610a30f29c3,345cb9c9f9192bf233cd8c8a19b26319bbcfc30e24c9382d3fef30c17e5dab7b,200,669,HAKKANIPUL,"Jun 30, 2025",0,47.28,0.0,9.67,0.05,43.0,3.0
dse_ownership,2026-09-08 09:54:01.387745+00:00,216,a4e388692d1a4e3fa50e0610a30f29c3,345cb9c9f9192bf233cd8c8a19b26319bbcfc30e24c9382d3fef30c17e5dab7b,200,669,HAKKANIPUL,"Jul 31, 2026",1,47.28,0.0,5.59,0.0,47.13,
dse_ownership,2026-09-08 09:54:01.387745+00:00,216,a4e388692d1a4e3fa50e0610a30f29c3,345cb9c9f9192bf233cd8c8a19b26319bbcfc30e24c9382d3fef30c17e5dab7b,200,669,HAKKANIPUL,"Aug 31, 2026",2,47.28,0.0,2.57,0.0,50.15,
dse_ownership,2026-09-08 09:54:04.634544+00:00,217,a4e388692d1a4e3fa50e0610a30f29c3,70a9bae8b347ed803ef7e7723622ab4f9e665714ba9f006eeb7438c5fbc621cb,200,2931,HAMI,"Jun 30, 2023",0,34.12,0.0,9.01,0.0,56.87,3.0
dse_ownership,2026-09-08 09:54:04.634544+00:00,217,a4e388692d1a4e3fa50e0610a30f29c3,70a9bae8b347ed803ef7e7723622ab4f9e665714ba9f006eeb7438c5fbc621cb,200,2931,HAMI,"Jul 31, 2026",1,32.52,0.0,11.93,1.18,54.37,
dse_ownership,2026-09-08 09:54:04.634544+00:00,217,a4e388692d1a4e3fa50e0610a30f29c3,70a9bae8b347ed803ef7e7723622ab4f9e665714ba9f006eeb7438c5fbc621cb,200,2931,HAMI,"Aug 31, 2026",2,32.52,0.0,11.78,1.18,54.52,
dse_ownership,2026-09-08 09:54:06.954525+00:00,218,a4e388692d1a4e3fa50e0610a30f29c3,c796909c97185828d13decebe1feb7f13a7c1fe063e70a3bb93b41fd8340b0bb,200,2126,HEIDELBCEM,"Dec 31, 2025",0,60.67,0.0,28.61,0.04,10.68,3.0
dse_ownership,2026-09-08 09:54:06.954525+00:00,218,a4e388692d1a4e3fa50e0610a30f29c3,c796909c97185828d13decebe1feb7f13a7c1fe063e70a3bb93b41fd8340b0bb,200,2126,HEIDELBCEM,"Jul 31, 2026",1,60.67,0.0,28.47,0.04,10.82,
dse_ownership,2026-09-08 09:54:06.954525+00:00,218,a4e388692d1a4e3fa50e0610a30f29c3,c796909c97185828d13decebe1feb7f13a7c1fe063e70a3bb93b41fd8340b0bb,200,2126,HEIDELBCEM,"Aug 31, 2026",2,60.67,0.0,28.44,0.04,10.85,
dse_ownership,2026-09-08 09:54:07.676382+00:00,219,a4e388692d1a4e3fa50e0610a30f29c3,031693a47e4c949f883b64f06b7ffc1dd39886ef870fb483fe931de96df00442,200,529,HFL,"Jun 30, 2023",0,51.38,0.0,21.57,0.0,27.05,3.0
dse_ownership,2026-09-08 09:54:07.676382+00:00,219,a4e388692d1a4e3fa50e0610a30f29c3,031693a47e4c949f883b64f06b7ffc1dd39886ef870fb483fe931de96df00442,200,529,HFL,"Mar 31, 2025",1,51.38,0.0,18.98,0.0,29.64,
dse_ownership,2026-09-08 09:54:07.676382+00:00,219,a4e388692d1a4e3fa50e0610a30f29c3,031693a47e4c949f883b64f06b7ffc1dd39886ef870fb483fe931de96df00442,200,529,HFL,"Apr 30, 2025",2,51.38,0.0,18.73,0.0,29.89,
dse_ownership,2026-09-08 09:54:08.897330+00:00,222,a4e388692d1a4e3fa50e0610a30f29c3,09f259afc38a269d5491df20e8f27598f813f6924e014679313ee4108265d836,200,370,HRTEX,"Jun 30, 2024",0,48.23,0.0,7.32,0.0,44.45,3.0
dse_ownership,2026-09-08 09:54:08.897330+00:00,222,a4e388692d1a4e3fa50e0610a30f29c3,09f259afc38a269d5491df20e8f27598f813f6924e014679313ee4108265d836,200,370,HRTEX,"Jul 31, 2026",1,34.54,0.0,16.78,0.0,48.68,
dse_ownership,2026-09-08 09:54:08.897330+00:00,222,a4e388692d1a4e3fa50e0610a30f29c3,09f259afc38a269d5491df20e8f27598f813f6924e014679313ee4108265d836,200,370,HRTEX,"Aug 31, 2026",2,34.54,0.0,16.18,0.0,49.28,
dse_ownership,2026-09-08 09:54:09.502360+00:00,223,a4e388692d1a4e3fa50e0610a30f29c3,f382d137d3fa14f577d67b73f53141e47b316b1af0570ff0ebd99d1b1e487bc7,200,439,HWAWELLTEX,"Jun 30, 2025",0,50.83,0.0,8.17,0.06,40.94,3.0
dse_ownership,2026-09-08 09:54:09.502360+00:00,223,a4e388692d1a4e3fa50e0610a30f29c3,f382d137d3fa14f577d67b73f53141e47b316b1af0570ff0ebd99d1b1e487bc7,200,439,HWAWELLTEX,"Jul 31, 2026",1,50.83,0.0,9.05,0.08,40.04,
dse_ownership,2026-09-08 09:54:09.502360+00:00,223,a4e388692d1a4e3fa50e0610a30f29c3,f382d137d3fa14f577d67b73f53141e47b316b1af0570ff0ebd99d1b1e487bc7,200,439,HWAWELLTEX,"Aug 31, 2026",2,50.83,0.0,7.79,0.05,41.33,
dse_ownership,2026-09-08 09:54:10.182671+00:00,224,a4e388692d1a4e3fa50e0610a30f29c3,9f1d789c0a3c73871dca491a4be62e7c1ea0419bde89e1687e10b41057b288a0,200,387,IBBL2PBOND,"Dec 31, 2020",0,0.0,0.0,0.0,0.0,0.0,1.0
dse_ownership,2026-09-08 09:54:12.316987+00:00,225,a4e388692d1a4e3fa50e0610a30f29c3,069a5f4819689f6451e5530e944ed1d7950e34eab4a37d5e7b8408474a3df48f,200,1963,IBBLPBOND,"Dec 31, 2019",0,6.71,0.0,78.61,0.49,14.2,3.0
dse_ownership,2026-09-08 09:54:12.316987+00:00,225,a4e388692d1a4e3fa50e0610a30f29c3,069a5f4819689f6451e5530e944ed1d7950e34eab4a37d5e7b8408474a3df48f,200,1963,IBBLPBOND,"May 31, 2026",1,0.0,0.0,79.5,0.67,19.83,
dse_ownership,2026-09-08 09:54:12.316987+00:00,225,a4e388692d1a4e3fa50e0610a30f29c3,069a5f4819689f6451e5530e944ed1d7950e34eab4a37d5e7b8408474a3df48f,200,1963,IBBLPBOND,"Jun 30, 2026",2,0.0,0.0,79.51,0.66,19.83,
dse_ownership,2026-09-08 09:54:13.035269+00:00,226,a4e388692d1a4e3fa50e0610a30f29c3,66032fe3aab342d6a97ab3eadc95f2e5cc22cb3b5afcc491e9ab12ad03359beb,200,520,IBNSINA,"Jun 30, 2025",0,44.68,0.0,21.81,0.0,33.51,3.0
dse_ownership,2026-09-08 09:54:13.035269+00:00,226,a4e388692d1a4e3fa50e0610a30f29c3,66032fe3aab342d6a97ab3eadc95f2e5cc22cb3b5afcc491e9ab12ad03359beb,200,520,IBNSINA,"Jul 31, 2026",1,44.68,0.0,25.13,0.0,30.19,
dse_ownership,2026-09-08 09:54:13.035269+00:00,226,a4e388692d1a4e3fa50e0610a30f29c3,66032fe3aab342d6a97ab3eadc95f2e5cc22cb3b5afcc491e9ab12ad03359beb,200,520,IBNSINA,"Aug 31, 2026",2,44.68,0.0,25.37,0.0,29.95,
dse_ownership,2026-09-08 09:54:13.820645+00:00,227,a4e388692d1a4e3fa50e0610a30f29c3,1ac30e83ee13ac690362cd0f51ee165fce8fe255454790865d914d46cd3b6728,200,446,IBP,"Jun 30, 2025",0,24.43,0.0,22.74,0.0,52.83,3.0
dse_ownership,2026-09-08 09:54:13.820645+00:00,227,a4e388692d1a4e3fa50e0610a30f29c3,1ac30e83ee13ac690362cd0f51ee165fce8fe255454790865d914d46cd3b6728,200,446,IBP,"Jun 30, 2026",1,24.43,0.0,31.3,0.0,44.27,
dse_ownership,2026-09-08 09:54:13.820645+00:00,227,a4e388692d1a4e3fa50e0610a30f29c3,1ac30e83ee13ac690362cd0f51ee165fce8fe255454790865d914d46cd3b6728,200,446,IBP,"Jul 31, 2026",2,24.43,0.0,29.45,0.0,46.12,
dse_ownership,2026-09-08 09:54:14.483918+00:00,228,a4e388692d1a4e3fa50e0610a30f29c3,7b0af61b63e71e6b623ec733d6d012dccfe6232428fcc973007b6a4b46fdcd23,200,478,ICB,"Jun 30, 2025",0,69.2,27.0,1.6,0.0,2.2,3.0
dse_ownership,2026-09-08 09:54:14.483918+00:00,228,a4e388692d1a4e3fa50e0610a30f29c3,7b0af61b63e71e6b623ec733d6d012dccfe6232428fcc973007b6a4b46fdcd23,200,478,ICB,"Jul 31, 2026",1,69.2,27.0,1.65,0.0,2.15,
dse_ownership,2026-09-08 09:54:14.483918+00:00,228,a4e388692d1a4e3fa50e0610a30f29c3,7b0af61b63e71e6b623ec733d6d012dccfe6232428fcc973007b6a4b46fdcd23,200,478,ICB,"Aug 31, 2026",2,69.2,27.0,1.64,0.0,2.16,
dse_ownership,2026-09-08 09:54:16.117990+00:00,231,a4e388692d1a4e3fa50e0610a30f29c3,b7d41c9ce86b5bca32abc4dc1b20131f94ebfc8a994e4a98aef07ac01c20dc2d,200,707,ICB3RDNRB,"Jun 30, 2025",0,10.03,0.0,42.62,0.04,47.31,3.0
dse_ownership,2026-09-08 09:54:16.117990+00:00,231,a4e388692d1a4e3fa50e0610a30f29c3,b7d41c9ce86b5bca32abc4dc1b20131f94ebfc8a994e4a98aef07ac01c20dc2d,200,707,ICB3RDNRB,"Jun 30, 2026",1,10.03,0.0,40.67,0.04,49.26,
dse_ownership,2026-09-08 09:54:16.117990+00:00,231,a4e388692d1a4e3fa50e0610a30f29c3,b7d41c9ce86b5bca32abc4dc1b20131f94ebfc8a994e4a98aef07ac01c20dc2d,200,707,ICB3RDNRB,"Jul 31, 2026",2,10.03,0.0,41.12,0.04,48.81,
dse_ownership,2026-09-08 09:54:17.492715+00:00,232,a4e388692d1a4e3fa50e0610a30f29c3,e2ac328f973f598a6351813efb52816109d4d2b30b395811df7803012a8bfa41,200,1188,ICBAGRANI1,"Jun 30, 2025",0,50.94,0.0,36.86,0.0,12.2,3.0
dse_ownership,2026-09-08 09:54:17.492715+00:00,232,a4e388692d1a4e3fa50e0610a30f29c3,e2ac328f973f598a6351813efb52816109d4d2b30b395811df7803012a8bfa41,200,1188,ICBAGRANI1,"Jun 30, 2026",1,50.94,0.0,38.6,0.0,10.46,
dse_ownership,2026-09-08 09:54:17.492715+00:00,232,a4e388692d1a4e3fa50e0610a30f29c3,e2ac328f973f598a6351813efb52816109d4d2b30b395811df7803012a8bfa41,200,1188,ICBAGRANI1,"Jul 31, 2026",2,50.94,0.0,37.49,0.0,11.57,
dse_ownership,2026-09-08 09:54:18.083822+00:00,233,a4e388692d1a4e3fa50e0610a30f29c3,d93a47bb4dcad883c32cb07088c5672a9d5d354747b4f18d868ab8bac9090759,200,397,ICBAMCL2ND,"Jun 30, 2025",0,0.0,0.0,56.56,0.0,43.44,3.0
dse_ownership,2026-09-08 09:54:18.083822+00:00,233,a4e388692d1a4e3fa50e0610a30f29c3,d93a47bb4dcad883c32cb07088c5672a9d5d354747b4f18d868ab8bac9090759,200,397,ICBAMCL2ND,"Jun 30, 2026",1,0.0,0.0,56.23,0.0,43.77,
dse_ownership,2026-09-08 09:54:18.083822+00:00,233,a4e388692d1a4e3fa50e0610a30f29c3,d93a47bb4dcad883c32cb07088c5672a9d5d354747b4f18d868ab8bac9090759,200,397,ICBAMCL2ND,"Jul 31, 2026",2,0.0,0.0,56.86,0.0,43.14,
dse_ownership,2026-09-08 09:54:18.833809+00:00,234,a4e388692d1a4e3fa50e0610a30f29c3,450ff52b22ed88e09a95c9b3d3173a3a871d7e1ff67a1fc5031c006122f94e6c,200,480,ICBEPMF1S1,"Jun 30, 2025",0,10.0,0.0,46.64,0.0,43.36,3.0
dse_ownership,2026-09-08 09:54:18.833809+00:00,234,a4e388692d1a4e3fa50e0610a30f29c3,450ff52b22ed88e09a95c9b3d3173a3a871d7e1ff67a1fc5031c006122f94e6c,200,480,ICBEPMF1S1,"Jun 30, 2026",1,10.0,0.0,46.46,0.13,43.41,
dse_ownership,2026-09-08 09:54:18.833809+00:00,234,a4e388692d1a4e3fa50e0610a30f29c3,450ff52b22ed88e09a95c9b3d3173a3a871d7e1ff67a1fc5031c006122f94e6c,200,480,ICBEPMF1S1,"Jul 31, 2026",2,10.0,0.0,45.75,0.0,44.25,
dse_ownership,2026-09-08 09:54:21.045463+00:00,235,a4e388692d1a4e3fa50e0610a30f29c3,647501285e91b25a4fa9314442e12785ffbed6aeedd5716a3cf8c269bef90d31,200,2020,ICBIBANK,"Dec 31, 2024",0,52.76,0.17,20.38,0.0,26.69,3.0
dse_ownership,2026-09-08 09:54:21.045463+00:00,235,a4e388692d1a4e3fa50e0610a30f29c3,647501285e91b25a4fa9314442e12785ffbed6aeedd5716a3cf8c269bef90d31,200,2020,ICBIBANK,"Jun 30, 2026",1,52.76,0.17,20.39,0.0,26.68,
dse_ownership,2026-09-08 09:54:21.045463+00:00,235,a4e388692d1a4e3fa50e0610a30f29c3,647501285e91b25a4fa9314442e12785ffbed6aeedd5716a3cf8c269bef90d31,200,2020,ICBIBANK,"Jul 31, 2026",2,52.76,0.17,20.37,0.0,26.7,
dse_ownership,2026-09-08 09:54:22.699926+00:00,236,a4e388692d1a4e3fa50e0610a30f29c3,ec3c034c7b03db6042fe2cc0dd4ab5f83ece72bed925ab8e272a53ee2108a3fc,200,1469,ICBSONALI1,"Jun 30, 2025",0,25.0,0.0,31.49,0.0,43.51,3.0
dse_ownership,2026-09-08 09:54:22.699926+00:00,236,a4e388692d1a4e3fa50e0610a30f29c3,ec3c034c7b03db6042fe2cc0dd4ab5f83ece72bed925ab8e272a53ee2108a3fc,200,1469,ICBSONALI1,"Jun 30, 2026",1,25.0,0.0,34.05,0.0,40.95,
dse_ownership,2026-09-08 09:54:22.699926+00:00,236,a4e388692d1a4e3fa50e0610a30f29c3,ec3c034c7b03db6042fe2cc0dd4ab5f83ece72bed925ab8e272a53ee2108a3fc,200,1469,ICBSONALI1,"Jul 31, 2026",2,25.0,0.0,30.41,0.0,44.59,
dse_ownership,2026-09-08 09:54:23.437400+00:00,237,a4e388692d1a4e3fa50e0610a30f29c3,9226d6f45405f1e8d26afbe9957c1d2547f51a6582b99929d072d850be64b038,200,479,ICICL,"Dec 31, 2025",0,41.3,0.0,4.15,0.0,54.55,3.0
dse_ownership,2026-09-08 09:54:23.437400+00:00,237,a4e388692d1a4e3fa50e0610a30f29c3,9226d6f45405f1e8d26afbe9957c1d2547f51a6582b99929d072d850be64b038,200,479,ICICL,"Jul 31, 2026",1,41.3,0.0,10.03,0.0,48.67,
dse_ownership,2026-09-08 09:54:23.437400+00:00,237,a4e388692d1a4e3fa50e0610a30f29c3,9226d6f45405f1e8d26afbe9957c1d2547f51a6582b99929d072d850be64b038,200,479,ICICL,"Aug 31, 2026",2,41.3,0.0,3.79,0.0,54.91,
dse_ownership,2026-09-08 09:54:24.115837+00:00,238,a4e388692d1a4e3fa50e0610a30f29c3,63fb66b6d42e9877b9e3272d73c56ecfdd7047cd83a8ffd6aad014fa8c411cac,200,515,IDLC,"Dec 31, 2025",0,35.12,0.0,50.14,0.58,14.16,3.0
dse_ownership,2026-09-08 09:54:24.115837+00:00,238,a4e388692d1a4e3fa50e0610a30f29c3,63fb66b6d42e9877b9e3272d73c56ecfdd7047cd83a8ffd6aad014fa8c411cac,200,515,IDLC,"Jul 31, 2026",1,35.12,0.0,52.15,0.55,12.18,
dse_ownership,2026-09-08 09:54:24.115837+00:00,238,a4e388692d1a4e3fa50e0610a30f29c3,63fb66b6d42e9877b9e3272d73c56ecfdd7047cd83a8ffd6aad014fa8c411cac,200,515,IDLC,"Aug 31, 2026",2,35.12,0.0,52.67,0.53,11.68,
dse_ownership,2026-09-08 09:54:25.733410+00:00,239,a4e388692d1a4e3fa50e0610a30f29c3,f240ce4be93b462562e7169364173bbab6104f2772f6d82e71bf0c8319e09b45,200,1434,IFADAUTOS,"Jun 30, 2025",0,54.87,0.0,26.7,0.02,18.41,3.0
dse_ownership,2026-09-08 09:54:25.733410+00:00,239,a4e388692d1a4e3fa50e0610a30f29c3,f240ce4be93b462562e7169364173bbab6104f2772f6d82e71bf0c8319e09b45,200,1434,IFADAUTOS,"Jul 31, 2026",1,54.87,0.0,26.04,0.0,19.09,
dse_ownership,2026-09-08 09:54:25.733410+00:00,239,a4e388692d1a4e3fa50e0610a30f29c3,f240ce4be93b462562e7169364173bbab6104f2772f6d82e71bf0c8319e09b45,200,1434,IFADAUTOS,"Aug 31, 2026",2,54.87,0.0,25.65,0.0,19.48,
dse_ownership,2026-09-08 09:54:26.406439+00:00,240,a4e388692d1a4e3fa50e0610a30f29c3,d59a25ae05d4b93b4d89bb8d1cf8a5fa38c31a0feedbbb21759884bdab739b4d,200,372,IFIC,"Dec 31, 2025",0,0.0,32.75,20.57,0.63,46.05,3.0
dse_ownership,2026-09-08 09:54:26.406439+00:00,240,a4e388692d1a4e3fa50e0610a30f29c3,d59a25ae05d4b93b4d89bb8d1cf8a5fa38c31a0feedbbb21759884bdab739b4d,200,372,IFIC,"Jul 31, 2026",1,0.0,32.75,21.51,0.64,45.1,
dse_ownership,2026-09-08 09:54:26.406439+00:00,240,a4e388692d1a4e3fa50e0610a30f29c3,d59a25ae05d4b93b4d89bb8d1cf8a5fa38c31a0feedbbb21759884bdab739b4d,200,372,IFIC,"Aug 31, 2026",2,0.0,32.75,21.35,0.64,45.26,
dse_ownership,2026-09-08 09:54:28.429557+00:00,241,a4e388692d1a4e3fa50e0610a30f29c3,91f85890bf52ff855448a06223edc2e816cd45df607cef9549813b3c736ee5a2,200,1841,IFIC1STMF,"Jun 30, 2024",0,20.83,0.0,11.14,0.0,68.03,3.0
dse_ownership,2026-09-08 09:54:28.429557+00:00,241,a4e388692d1a4e3fa50e0610a30f29c3,91f85890bf52ff855448a06223edc2e816cd45df607cef9549813b3c736ee5a2,200,1841,IFIC1STMF,"Jun 30, 2026",1,20.83,0.0,9.51,0.0,69.66,
dse_ownership,2026-09-08 09:54:28.429557+00:00,241,a4e388692d1a4e3fa50e0610a30f29c3,91f85890bf52ff855448a06223edc2e816cd45df607cef9549813b3c736ee5a2,200,1841,IFIC1STMF,"Jul 31, 2026",2,20.83,0.0,16.26,0.0,62.91,
dse_ownership,2026-09-08 09:54:29.197627+00:00,242,a4e388692d1a4e3fa50e0610a30f29c3,c2e48abcdf621408398f32610ac12cab1aa71453fe7f71e3f3cce7010ad9f09b,200,513,IFILISLMF1,"Jun 30, 2025",0,1.0,0.0,53.95,0.01,45.04,3.0
dse_ownership,2026-09-08 09:54:29.197627+00:00,242,a4e388692d1a4e3fa50e0610a30f29c3,c2e48abcdf621408398f32610ac12cab1aa71453fe7f71e3f3cce7010ad9f09b,200,513,IFILISLMF1,"Jun 30, 2026",1,1.0,0.0,54.65,0.01,44.34,
dse_ownership,2026-09-08 09:54:29.197627+00:00,242,a4e388692d1a4e3fa50e0610a30f29c3,c2e48abcdf621408398f32610ac12cab1aa71453fe7f71e3f3cce7010ad9f09b,200,513,IFILISLMF1,"Jul 31, 2026",2,1.0,0.0,56.72,0.01,42.27,
dse_ownership,2026-09-08 09:54:31.216476+00:00,243,a4e388692d1a4e3fa50e0610a30f29c3,72cccb6e79774647f04058b066af7ee6b6cc97b1bc2952c475e06c080329cf50,200,1839,ILFSL,"Dec 31, 2024",0,41.55,0.0,22.78,0.0,35.67,3.0
dse_ownership,2026-09-08 09:54:31.216476+00:00,243,a4e388692d1a4e3fa50e0610a30f29c3,72cccb6e79774647f04058b066af7ee6b6cc97b1bc2952c475e06c080329cf50,200,1839,ILFSL,"May 31, 2026",1,41.55,0.0,14.31,0.0,44.14,
dse_ownership,2026-09-08 09:54:31.216476+00:00,243,a4e388692d1a4e3fa50e0610a30f29c3,72cccb6e79774647f04058b066af7ee6b6cc97b1bc2952c475e06c080329cf50,200,1839,ILFSL,"Jun 30, 2026",2,41.55,0.0,14.03,0.0,44.42,
dse_ownership,2026-09-08 09:54:31.874109+00:00,244,a4e388692d1a4e3fa50e0610a30f29c3,43c7e48e477dca8ad2630180115dfe4dea49374c4f1002d300c57a1e5bfeb814,200,499,INDEXAGRO,"Jun 30, 2025",0,57.77,0.0,21.58,0.0,20.65,3.0
dse_ownership,2026-09-08 09:54:31.874109+00:00,244,a4e388692d1a4e3fa50e0610a30f29c3,43c7e48e477dca8ad2630180115dfe4dea49374c4f1002d300c57a1e5bfeb814,200,499,INDEXAGRO,"Jul 31, 2026",1,57.77,0.0,23.03,0.0,19.2,
dse_ownership,2026-09-08 09:54:31.874109+00:00,244,a4e388692d1a4e3fa50e0610a30f29c3,43c7e48e477dca8ad2630180115dfe4dea49374c4f1002d300c57a1e5bfeb814,200,499,INDEXAGRO,"Aug 31, 2026",2,57.77,0.0,23.18,0.0,19.05,
dse_ownership,2026-09-08 09:54:33.130289+00:00,247,a4e388692d1a4e3fa50e0610a30f29c3,57fdc1ee19c73b76155f9f9aa3bc0431f37d0dd77e72c367a7fea5adcb597f0b,200,377,INTECH,"Jun 30, 2025",0,30.0,0.0,9.33,0.14,60.53,3.0
dse_ownership,2026-09-08 09:54:33.130289+00:00,247,a4e388692d1a4e3fa50e0610a30f29c3,57fdc1ee19c73b76155f9f9aa3bc0431f37d0dd77e72c367a7fea5adcb597f0b,200,377,INTECH,"Jul 31, 2026",1,30.0,0.0,6.34,0.13,63.53,
dse_ownership,2026-09-08 09:54:33.130289+00:00,247,a4e388692d1a4e3fa50e0610a30f29c3,57fdc1ee19c73b76155f9f9aa3bc0431f37d0dd77e72c367a7fea5adcb597f0b,200,377,INTECH,"Aug 31, 2026",2,30.0,0.0,5.97,0.12,63.91,
dse_ownership,2026-09-08 09:54:33.815694+00:00,248,a4e388692d1a4e3fa50e0610a30f29c3,7cafc438cef2d2e38cfb82c0761208b6e42294c262f40c750b072adfd71795cf,200,500,INTRACO,"Jun 30, 2025",0,30.06,0.0,13.33,0.04,56.57,3.0
dse_ownership,2026-09-08 09:54:33.815694+00:00,248,a4e388692d1a4e3fa50e0610a30f29c3,7cafc438cef2d2e38cfb82c0761208b6e42294c262f40c750b072adfd71795cf,200,500,INTRACO,"Jun 30, 2026",1,30.3,0.0,22.22,0.04,47.44,
dse_ownership,2026-09-08 09:54:33.815694+00:00,248,a4e388692d1a4e3fa50e0610a30f29c3,7cafc438cef2d2e38cfb82c0761208b6e42294c262f40c750b072adfd71795cf,200,500,INTRACO,"Jul 31, 2026",2,30.3,0.0,21.46,0.04,48.2,
dse_ownership,2026-09-08 09:54:34.897524+00:00,249,a4e388692d1a4e3fa50e0610a30f29c3,5807b98eba5835347e5c18c638b2238e02e278a8176d31bd07a72b5e4067ba1f,200,781,IPDC,"Dec 31, 2025",0,40.0,21.88,18.86,0.06,19.2,3.0
dse_ownership,2026-09-08 09:54:34.897524+00:00,249,a4e388692d1a4e3fa50e0610a30f29c3,5807b98eba5835347e5c18c638b2238e02e278a8176d31bd07a72b5e4067ba1f,200,781,IPDC,"Jul 31, 2026",1,40.0,21.88,18.86,0.08,19.18,
dse_ownership,2026-09-08 09:54:34.897524+00:00,249,a4e388692d1a4e3fa50e0610a30f29c3,5807b98eba5835347e5c18c638b2238e02e278a8176d31bd07a72b5e4067ba1f,200,781,IPDC,"Aug 31, 2026",2,40.0,21.88,19.32,0.08,18.72,
dse_ownership,2026-09-08 09:54:36.993580+00:00,250,a4e388692d1a4e3fa50e0610a30f29c3,55921059364a226499e5641d8196f8474ef0344be9a5a30aa035305ef11c719a,200,1658,ISLAMIBANK,"Dec 31, 2024",0,0.18,0.0,74.68,17.89,7.25,3.0
dse_ownership,2026-09-08 09:54:36.993580+00:00,250,a4e388692d1a4e3fa50e0610a30f29c3,55921059364a226499e5641d8196f8474ef0344be9a5a30aa035305ef11c719a,200,1658,ISLAMIBANK,"Jul 31, 2026",1,0.18,0.0,75.02,17.91,6.89,
dse_ownership,2026-09-08 09:54:36.993580+00:00,250,a4e388692d1a4e3fa50e0610a30f29c3,55921059364a226499e5641d8196f8474ef0344be9a5a30aa035305ef11c719a,200,1658,ISLAMIBANK,"Aug 31, 2026",2,0.18,0.0,75.0,17.91,6.91,
dse_ownership,2026-09-08 09:54:40.160094+00:00,251,a4e388692d1a4e3fa50e0610a30f29c3,80518d659d52c27e1e653026acbdf670d871f1233857c3e24200f18733a3c3be,200,2985,ISLAMICFIN,"Dec 31, 2024",0,32.69,0.0,22.95,0.0,44.36,3.0
dse_ownership,2026-09-08 09:54:40.160094+00:00,251,a4e388692d1a4e3fa50e0610a30f29c3,80518d659d52c27e1e653026acbdf670d871f1233857c3e24200f18733a3c3be,200,2985,ISLAMICFIN,"Jun 30, 2026",1,30.82,0.0,23.42,0.0,45.76,
dse_ownership,2026-09-08 09:54:40.160094+00:00,251,a4e388692d1a4e3fa50e0610a30f29c3,80518d659d52c27e1e653026acbdf670d871f1233857c3e24200f18733a3c3be,200,2985,ISLAMICFIN,"Jul 31, 2026",2,30.82,0.0,23.52,0.0,45.66,
dse_ownership,2026-09-08 09:54:40.946361+00:00,252,a4e388692d1a4e3fa50e0610a30f29c3,692f4c599e5a7bf9d8f56acedb02ffad71962a69b4ddb37aa072217e1aad8332,200,498,ISLAMIINS,"Dec 31, 2024",0,45.61,0.0,8.72,0.0,45.67,3.0
dse_ownership,2026-09-08 09:54:40.946361+00:00,252,a4e388692d1a4e3fa50e0610a30f29c3,692f4c599e5a7bf9d8f56acedb02ffad71962a69b4ddb37aa072217e1aad8332,200,498,ISLAMIINS,"Jul 31, 2026",1,45.61,0.0,8.35,0.0,46.04,
dse_ownership,2026-09-08 09:54:40.946361+00:00,252,a4e388692d1a4e3fa50e0610a30f29c3,692f4c599e5a7bf9d8f56acedb02ffad71962a69b4ddb37aa072217e1aad8332,200,498,ISLAMIINS,"Aug 31, 2026",2,45.61,0.0,7.74,0.0,46.65,
dse_ownership,2026-09-08 09:54:41.635884+00:00,253,a4e388692d1a4e3fa50e0610a30f29c3,6783e17cc03c896a1d1ea3b29cd8aa2bf2a11c41577654c03264682e522e4501,200,523,ISNLTD,"Jun 30, 2025",0,21.48,0.0,12.06,0.0,66.46,3.0
dse_ownership,2026-09-08 09:54:41.635884+00:00,253,a4e388692d1a4e3fa50e0610a30f29c3,6783e17cc03c896a1d1ea3b29cd8aa2bf2a11c41577654c03264682e522e4501,200,523,ISNLTD,"Jul 31, 2026",1,21.48,0.0,12.49,0.0,66.03,
dse_ownership,2026-09-08 09:54:41.635884+00:00,253,a4e388692d1a4e3fa50e0610a30f29c3,6783e17cc03c896a1d1ea3b29cd8aa2bf2a11c41577654c03264682e522e4501,200,523,ISNLTD,"Aug 31, 2026",2,21.48,0.0,11.68,0.0,66.84,
dse_ownership,2026-09-08 09:54:42.489069+00:00,254,a4e388692d1a4e3fa50e0610a30f29c3,c1830fe1ac7c40f07a02d799646aa9200eebd9bd0583dc81bb4e0ae774a56c79,200,684,ITC,"Jun 30, 2025",0,51.09,0.0,19.55,0.01,29.35,3.0
dse_ownership,2026-09-08 09:54:42.489069+00:00,254,a4e388692d1a4e3fa50e0610a30f29c3,c1830fe1ac7c40f07a02d799646aa9200eebd9bd0583dc81bb4e0ae774a56c79,200,684,ITC,"Jul 31, 2026",1,51.09,0.0,11.81,0.12,36.98,
dse_ownership,2026-09-08 09:54:42.489069+00:00,254,a4e388692d1a4e3fa50e0610a30f29c3,c1830fe1ac7c40f07a02d799646aa9200eebd9bd0583dc81bb4e0ae774a56c79,200,684,ITC,"Aug 31, 2026",2,51.09,0.0,12.75,0.2,35.96,
dse_ownership,2026-09-08 09:54:43.684485+00:00,257,a4e388692d1a4e3fa50e0610a30f29c3,b4029f47e53f8cc7525f2d0cbdc762e5cba045b68c2dd30b2a71655973b393a4,200,357,JAMUNABANK,"Dec 31, 2025",0,40.98,0.0,2.35,0.13,56.54,3.0
dse_ownership,2026-09-08 09:54:43.684485+00:00,257,a4e388692d1a4e3fa50e0610a30f29c3,b4029f47e53f8cc7525f2d0cbdc762e5cba045b68c2dd30b2a71655973b393a4,200,357,JAMUNABANK,"Jul 31, 2026",1,36.98,0.0,3.21,0.13,59.68,
dse_ownership,2026-09-08 09:54:43.684485+00:00,257,a4e388692d1a4e3fa50e0610a30f29c3,b4029f47e53f8cc7525f2d0cbdc762e5cba045b68c2dd30b2a71655973b393a4,200,357,JAMUNABANK,"Aug 31, 2026",2,36.98,0.0,3.46,0.13,59.43,
dse_ownership,2026-09-08 09:54:45.580756+00:00,258,a4e388692d1a4e3fa50e0610a30f29c3,d2dc23244026c036f9defed1d14f511eed0dcd89afafb81d4cf7d352e92e7354,200,1733,JAMUNAOIL,"Jun 30, 2025",0,0.0,60.08,30.58,0.26,9.08,3.0
dse_ownership,2026-09-08 09:54:45.580756+00:00,258,a4e388692d1a4e3fa50e0610a30f29c3,d2dc23244026c036f9defed1d14f511eed0dcd89afafb81d4cf7d352e92e7354,200,1733,JAMUNAOIL,"Jun 30, 2026",1,0.0,60.08,31.22,0.13,8.57,
dse_ownership,2026-09-08 09:54:45.580756+00:00,258,a4e388692d1a4e3fa50e0610a30f29c3,d2dc23244026c036f9defed1d14f511eed0dcd89afafb81d4cf7d352e92e7354,200,1733,JAMUNAOIL,"Jul 31, 2026",2,0.0,60.08,31.17,0.11,8.64,
dse_ownership,2026-09-08 09:54:46.403287+00:00,259,a4e388692d1a4e3fa50e0610a30f29c3,f0980e1bf64173ef3000915d172789b788fdabb4682a8faeeae2a67cef945626,200,533,JANATAINS,"Dec 31, 2025",0,39.87,0.0,8.32,0.0,51.81,3.0
dse_ownership,2026-09-08 09:54:46.403287+00:00,259,a4e388692d1a4e3fa50e0610a30f29c3,f0980e1bf64173ef3000915d172789b788fdabb4682a8faeeae2a67cef945626,200,533,JANATAINS,"Jul 31, 2026",1,39.87,0.0,7.9,0.0,52.23,
dse_ownership,2026-09-08 09:54:46.403287+00:00,259,a4e388692d1a4e3fa50e0610a30f29c3,f0980e1bf64173ef3000915d172789b788fdabb4682a8faeeae2a67cef945626,200,533,JANATAINS,"Aug 31, 2026",2,39.87,0.0,7.56,0.0,52.57,
dse_ownership,2026-09-08 09:54:47.094875+00:00,260,a4e388692d1a4e3fa50e0610a30f29c3,c9a10c39ed3b1be246e3691915679d411b37bd610c0259a0d73e188645556e09,200,502,JHRML,"Jun 30, 2025",0,32.3,0.0,43.81,0.0,23.89,3.0
dse_ownership,2026-09-08 09:54:47.094875+00:00,260,a4e388692d1a4e3fa50e0610a30f29c3,c9a10c39ed3b1be246e3691915679d411b37bd610c0259a0d73e188645556e09,200,502,JHRML,"Jul 31, 2026",1,32.3,0.0,42.64,0.0,25.06,
dse_ownership,2026-09-08 09:54:47.094875+00:00,260,a4e388692d1a4e3fa50e0610a30f29c3,c9a10c39ed3b1be246e3691915679d411b37bd610c0259a0d73e188645556e09,200,502,JHRML,"Aug 31, 2026",2,32.3,0.0,42.52,0.0,25.18,
dse_ownership,2026-09-08 09:54:49.436856+00:00,261,a4e388692d1a4e3fa50e0610a30f29c3,2a9aa5242235774d12cad9e7114a24d5a2065f8a15e0a28d561a30cd3e45a838,200,2168,JMISMDL,"Jun 30, 2025",0,79.64,0.0,5.44,0.0,14.92,3.0
dse_ownership,2026-09-08 09:54:49.436856+00:00,261,a4e388692d1a4e3fa50e0610a30f29c3,2a9aa5242235774d12cad9e7114a24d5a2065f8a15e0a28d561a30cd3e45a838,200,2168,JMISMDL,"Jul 31, 2026",1,79.65,0.0,5.87,0.0,14.48,
dse_ownership,2026-09-08 09:54:49.436856+00:00,261,a4e388692d1a4e3fa50e0610a30f29c3,2a9aa5242235774d12cad9e7114a24d5a2065f8a15e0a28d561a30cd3e45a838,200,2168,JMISMDL,"Aug 31, 2026",2,79.65,0.0,5.85,0.0,14.5,
dse_ownership,2026-09-08 09:54:52.361027+00:00,264,a4e388692d1a4e3fa50e0610a30f29c3,15d4393d4516a6fa662ff368d7f5823a93f64fffd30be33aff4e36ec76414446,200,2049,JUTESPINN,"Jun 30, 2016",0,39.82,0.0,24.25,0.0,35.93,3.0
dse_ownership,2026-09-08 09:54:52.361027+00:00,264,a4e388692d1a4e3fa50e0610a30f29c3,15d4393d4516a6fa662ff368d7f5823a93f64fffd30be33aff4e36ec76414446,200,2049,JUTESPINN,"Jul 31, 2026",1,39.82,0.0,23.2,0.0,36.98,
dse_ownership,2026-09-08 09:54:52.361027+00:00,264,a4e388692d1a4e3fa50e0610a30f29c3,15d4393d4516a6fa662ff368d7f5823a93f64fffd30be33aff4e36ec76414446,200,2049,JUTESPINN,"Aug 31, 2026",2,39.82,0.0,23.2,0.0,36.98,
dse_ownership,2026-09-08 09:54:54.393454+00:00,265,a4e388692d1a4e3fa50e0610a30f29c3,cd7d3104ec0b0eec82102fa1844bb50f0602d5a1102d5377dba2936a67cd6a0a,200,1872,KARNAPHULI,"Dec 31, 2025",0,32.74,0.0,4.63,0.0,62.63,3.0
dse_ownership,2026-09-08 09:54:54.393454+00:00,265,a4e388692d1a4e3fa50e0610a30f29c3,cd7d3104ec0b0eec82102fa1844bb50f0602d5a1102d5377dba2936a67cd6a0a,200,1872,KARNAPHULI,"Jul 31, 2026",1,32.74,0.0,14.38,0.0,52.88,
dse_ownership,2026-09-08 09:54:54.393454+00:00,265,a4e388692d1a4e3fa50e0610a30f29c3,cd7d3104ec0b0eec82102fa1844bb50f0602d5a1102d5377dba2936a67cd6a0a,200,1872,KARNAPHULI,"Aug 31, 2026",2,32.74,0.0,11.81,0.0,55.45,
dse_ownership,2026-09-08 09:54:56.590590+00:00,266,a4e388692d1a4e3fa50e0610a30f29c3,b4395193a333790f6b0f128f6c5fc0b3c28be872ee21e7ddc8f236ca48080abf,200,1926,KAY&QUE,"Jun 30, 2025",0,35.24,0.0,15.28,0.0,49.48,3.0
dse_ownership,2026-09-08 09:54:56.590590+00:00,266,a4e388692d1a4e3fa50e0610a30f29c3,b4395193a333790f6b0f128f6c5fc0b3c28be872ee21e7ddc8f236ca48080abf,200,1926,KAY&QUE,"Jun 30, 2026",1,35.24,0.0,15.22,0.0,49.54,
dse_ownership,2026-09-08 09:54:56.590590+00:00,266,a4e388692d1a4e3fa50e0610a30f29c3,b4395193a333790f6b0f128f6c5fc0b3c28be872ee21e7ddc8f236ca48080abf,200,1926,KAY&QUE,"Jul 31, 2026",2,35.24,0.0,15.2,0.0,49.56,
dse_ownership,2026-09-08 09:54:57.299623+00:00,267,a4e388692d1a4e3fa50e0610a30f29c3,529f1fc0cffe6153454310ba718e95194c01b3ab34f9f7a4770933e0c026a41a,200,515,KBPPWBIL,"Jun 30, 2025",0,37.47,0.0,2.72,0.16,59.65,3.0
dse_ownership,2026-09-08 09:54:57.299623+00:00,267,a4e388692d1a4e3fa50e0610a30f29c3,529f1fc0cffe6153454310ba718e95194c01b3ab34f9f7a4770933e0c026a41a,200,515,KBPPWBIL,"Jul 31, 2026",1,30.13,0.0,11.93,0.0,57.94,
dse_ownership,2026-09-08 09:54:57.299623+00:00,267,a4e388692d1a4e3fa50e0610a30f29c3,529f1fc0cffe6153454310ba718e95194c01b3ab34f9f7a4770933e0c026a41a,200,515,KBPPWBIL,"Aug 31, 2026",2,30.13,0.0,11.76,0.0,58.11,
dse_ownership,2026-09-08 09:55:00.121383+00:00,270,a4e388692d1a4e3fa50e0610a30f29c3,6bffc7246ee14eec9de03ba9ed930bfb49cb5e862c5838f481e8a24798694c17,200,1946,KDSALTD,"Jun 30, 2025",0,63.97,0.0,14.8,0.0,21.23,3.0
dse_ownership,2026-09-08 09:55:00.121383+00:00,270,a4e388692d1a4e3fa50e0610a30f29c3,6bffc7246ee14eec9de03ba9ed930bfb49cb5e862c5838f481e8a24798694c17,200,1946,KDSALTD,"Jul 31, 2026",1,63.97,0.0,12.71,0.0,23.32,
dse_ownership,2026-09-08 09:55:00.121383+00:00,270,a4e388692d1a4e3fa50e0610a30f29c3,6bffc7246ee14eec9de03ba9ed930bfb49cb5e862c5838f481e8a24798694c17,200,1946,KDSALTD,"Aug 31, 2026",2,63.97,0.0,12.58,0.0,23.45,
dse_ownership,2026-09-08 09:55:00.815581+00:00,271,a4e388692d1a4e3fa50e0610a30f29c3,e6046a1dbcf35a385499b92a840a181d0633e25aeeaf8fe727b3804e3891d0ea,200,509,KEYACOSMET,"Jun 30, 2020",0,46.27,0.0,9.25,0.0,44.48,3.0
dse_ownership,2026-09-08 09:55:00.815581+00:00,271,a4e388692d1a4e3fa50e0610a30f29c3,e6046a1dbcf35a385499b92a840a181d0633e25aeeaf8fe727b3804e3891d0ea,200,509,KEYACOSMET,"Jul 31, 2026",1,46.05,0.0,9.35,0.0,44.6,
dse_ownership,2026-09-08 09:55:00.815581+00:00,271,a4e388692d1a4e3fa50e0610a30f29c3,e6046a1dbcf35a385499b92a840a181d0633e25aeeaf8fe727b3804e3891d0ea,200,509,KEYACOSMET,"Aug 31, 2026",2,46.05,0.0,8.57,0.0,45.38,
dse_ownership,2026-09-08 09:55:03.569557+00:00,274,a4e388692d1a4e3fa50e0610a30f29c3,321c617f261b84f513085fca7768a72199f9cc2f63bb184d38584e1f1ccfbfff,200,1868,KOHINOOR,"Jun 30, 2025",0,50.57,0.0,13.79,0.04,35.6,3.0
dse_ownership,2026-09-08 09:55:03.569557+00:00,274,a4e388692d1a4e3fa50e0610a30f29c3,321c617f261b84f513085fca7768a72199f9cc2f63bb184d38584e1f1ccfbfff,200,1868,KOHINOOR,"Jun 30, 2026",1,50.57,0.0,14.72,0.01,34.7,
dse_ownership,2026-09-08 09:55:03.569557+00:00,274,a4e388692d1a4e3fa50e0610a30f29c3,321c617f261b84f513085fca7768a72199f9cc2f63bb184d38584e1f1ccfbfff,200,1868,KOHINOOR,"Jul 31, 2026",2,50.57,0.0,14.75,0.01,34.67,
dse_ownership,2026-09-08 09:55:05.729249+00:00,275,a4e388692d1a4e3fa50e0610a30f29c3,f5b678d4b1b9000bc4a143a0acd392c5174855255091b64749905d94548c4dd9,200,1977,KPCL,"Jun 30, 2025",0,69.99,0.0,8.97,0.0,21.04,3.0
dse_ownership,2026-09-08 09:55:05.729249+00:00,275,a4e388692d1a4e3fa50e0610a30f29c3,f5b678d4b1b9000bc4a143a0acd392c5174855255091b64749905d94548c4dd9,200,1977,KPCL,"Jul 31, 2026",1,69.99,0.0,9.28,0.0,20.73,
dse_ownership,2026-09-08 09:55:05.729249+00:00,275,a4e388692d1a4e3fa50e0610a30f29c3,f5b678d4b1b9000bc4a143a0acd392c5174855255091b64749905d94548c4dd9,200,1977,KPCL,"Aug 31, 2026",2,69.99,0.0,9.11,0.0,20.9,
dse_ownership,2026-09-08 09:55:06.516853+00:00,276,a4e388692d1a4e3fa50e0610a30f29c3,a2e0966d8c8cf462eb8d15bba96e101b5df482b9fea3f01e20d90bb455137965,200,588,KPPL,"Jun 30, 2022",0,39.76,0.0,2.81,0.0,57.43,3.0
dse_ownership,2026-09-08 09:55:06.516853+00:00,276,a4e388692d1a4e3fa50e0610a30f29c3,a2e0966d8c8cf462eb8d15bba96e101b5df482b9fea3f01e20d90bb455137965,200,588,KPPL,"Sep 30, 2022",1,39.76,0.0,1.22,0.0,59.02,
dse_ownership,2026-09-08 09:55:06.516853+00:00,276,a4e388692d1a4e3fa50e0610a30f29c3,a2e0966d8c8cf462eb8d15bba96e101b5df482b9fea3f01e20d90bb455137965,200,588,KPPL,"Oct 31, 2022",2,39.76,0.0,1.11,0.0,59.13,
dse_ownership,2026-09-08 09:55:07.205969+00:00,277,a4e388692d1a4e3fa50e0610a30f29c3,1b77d1ffb3e34483ccf742343077af376964d1b1bc13132010ffd0b33eaf77df,200,408,KTL,"Jun 30, 2024",0,30.32,0.0,20.86,0.24,48.58,3.0
dse_ownership,2026-09-08 09:55:07.205969+00:00,277,a4e388692d1a4e3fa50e0610a30f29c3,1b77d1ffb3e34483ccf742343077af376964d1b1bc13132010ffd0b33eaf77df,200,408,KTL,"Jul 31, 2026",1,30.32,0.0,20.13,0.12,49.43,
dse_ownership,2026-09-08 09:55:07.205969+00:00,277,a4e388692d1a4e3fa50e0610a30f29c3,1b77d1ffb3e34483ccf742343077af376964d1b1bc13132010ffd0b33eaf77df,200,408,KTL,"Aug 31, 2026",2,30.32,0.0,19.47,0.13,50.08,
dse_ownership,2026-09-08 09:55:07.893313+00:00,278,a4e388692d1a4e3fa50e0610a30f29c3,52861da8c5c1a5d20b588013e92f45dc1ce716d3073b0bdfbe30854fff61c435,200,501,LANKABAFIN,"Dec 31, 2024",0,33.55,0.0,22.92,0.49,43.04,3.0
dse_ownership,2026-09-08 09:55:07.893313+00:00,278,a4e388692d1a4e3fa50e0610a30f29c3,52861da8c5c1a5d20b588013e92f45dc1ce716d3073b0bdfbe30854fff61c435,200,501,LANKABAFIN,"Jul 31, 2026",1,33.77,0.0,24.15,0.44,41.64,
dse_ownership,2026-09-08 09:55:07.893313+00:00,278,a4e388692d1a4e3fa50e0610a30f29c3,52861da8c5c1a5d20b588013e92f45dc1ce716d3073b0bdfbe30854fff61c435,200,501,LANKABAFIN,"Aug 31, 2026",2,33.77,0.0,23.24,0.45,42.54,
dse_ownership,2026-09-08 09:55:09.227731+00:00,281,a4e388692d1a4e3fa50e0610a30f29c3,ce312968065f4abd437dff7c3239439b04bbc02a0bd8a718c61c1f7266056a8c,200,418,LEGACYFOOT,"Jun 30, 2025",0,33.25,0.0,36.2,0.0,30.55,3.0
dse_ownership,2026-09-08 09:55:09.227731+00:00,281,a4e388692d1a4e3fa50e0610a30f29c3,ce312968065f4abd437dff7c3239439b04bbc02a0bd8a718c61c1f7266056a8c,200,418,LEGACYFOOT,"Jul 31, 2026",1,32.64,0.0,33.2,0.0,34.16,
dse_ownership,2026-09-08 09:55:09.227731+00:00,281,a4e388692d1a4e3fa50e0610a30f29c3,ce312968065f4abd437dff7c3239439b04bbc02a0bd8a718c61c1f7266056a8c,200,418,LEGACYFOOT,"Aug 31, 2026",2,32.64,0.0,31.95,0.0,35.41,
dse_ownership,2026-09-08 09:55:09.933727+00:00,282,a4e388692d1a4e3fa50e0610a30f29c3,23541f2ce5d54bcd13cd70e7f38b247ddc71ec3ce652f1ef57a42b3c117db9f5,200,521,LHB,"Dec 31, 2025",0,63.39,0.0,22.35,0.76,13.5,3.0
dse_ownership,2026-09-08 09:55:09.933727+00:00,282,a4e388692d1a4e3fa50e0610a30f29c3,23541f2ce5d54bcd13cd70e7f38b247ddc71ec3ce652f1ef57a42b3c117db9f5,200,521,LHB,"Jul 31, 2026",1,62.66,0.0,23.55,0.79,13.0,
dse_ownership,2026-09-08 09:55:09.933727+00:00,282,a4e388692d1a4e3fa50e0610a30f29c3,23541f2ce5d54bcd13cd70e7f38b247ddc71ec3ce652f1ef57a42b3c117db9f5,200,521,LHB,"Aug 31, 2026",2,62.66,0.0,23.43,0.77,13.14,
dse_ownership,2026-09-08 09:55:11.288089+00:00,283,a4e388692d1a4e3fa50e0610a30f29c3,de0f58fb9219e70969c69de4059d784446ff3872c903d267fad3aa1d405605c1,200,1166,LIBRAINFU,"Jun 30, 2021",0,34.43,0.0,6.05,0.0,59.52,3.0
dse_ownership,2026-09-08 09:55:11.288089+00:00,283,a4e388692d1a4e3fa50e0610a30f29c3,de0f58fb9219e70969c69de4059d784446ff3872c903d267fad3aa1d405605c1,200,1166,LIBRAINFU,"Nov 30, 2024",1,34.42,0.0,4.3,0.0,61.28,
dse_ownership,2026-09-08 09:55:11.288089+00:00,283,a4e388692d1a4e3fa50e0610a30f29c3,de0f58fb9219e70969c69de4059d784446ff3872c903d267fad3aa1d405605c1,200,1166,LIBRAINFU,"Dec 31, 2024",2,34.42,0.0,4.24,0.0,61.34,
dse_ownership,2026-09-08 09:55:12.685516+00:00,286,a4e388692d1a4e3fa50e0610a30f29c3,1a603a1ec1aee8ce7fb4d2ef8417f1bd09aa0b1065948898f87b4dc07572b172,200,534,LINDEBD,"Dec 31, 2025",0,60.0,0.0,21.9,0.1,18.0,3.0
dse_ownership,2026-09-08 09:55:12.685516+00:00,286,a4e388692d1a4e3fa50e0610a30f29c3,1a603a1ec1aee8ce7fb4d2ef8417f1bd09aa0b1065948898f87b4dc07572b172,200,534,LINDEBD,"Jul 31, 2026",1,60.0,0.0,22.0,0.0,18.0,
dse_ownership,2026-09-08 09:55:12.685516+00:00,286,a4e388692d1a4e3fa50e0610a30f29c3,1a603a1ec1aee8ce7fb4d2ef8417f1bd09aa0b1065948898f87b4dc07572b172,200,534,LINDEBD,"Aug 31, 2026",2,60.0,0.0,22.0,0.0,18.0,
dse_ownership,2026-09-08 09:55:13.272670+00:00,287,a4e388692d1a4e3fa50e0610a30f29c3,4ea39e6e072677a51515829eadf020876b12a38abdcfc6b8d6b7eafdbf6e41e0,200,404,LOVELLO,"Jun 30, 2025",0,38.66,0.0,26.34,0.0,35.0,3.0
dse_ownership,2026-09-08 09:55:13.272670+00:00,287,a4e388692d1a4e3fa50e0610a30f29c3,4ea39e6e072677a51515829eadf020876b12a38abdcfc6b8d6b7eafdbf6e41e0,200,404,LOVELLO,"Jul 31, 2026",1,31.83,0.0,11.9,0.0,56.27,
dse_ownership,2026-09-08 09:55:13.272670+00:00,287,a4e388692d1a4e3fa50e0610a30f29c3,4ea39e6e072677a51515829eadf020876b12a38abdcfc6b8d6b7eafdbf6e41e0,200,404,LOVELLO,"Aug 31, 2026",2,31.83,0.0,11.19,0.0,56.98,
dse_ownership,2026-09-08 09:55:14.028322+00:00,288,a4e388692d1a4e3fa50e0610a30f29c3,9b583addee2c63872d5809b20ca8a9560150e4ac6e19aa72e07f238dcfa7f5c4,200,491,LRBDL,"Jun 30, 2025",0,35.69,0.0,9.11,0.0,55.2,3.0
dse_ownership,2026-09-08 09:55:14.028322+00:00,288,a4e388692d1a4e3fa50e0610a30f29c3,9b583addee2c63872d5809b20ca8a9560150e4ac6e19aa72e07f238dcfa7f5c4,200,491,LRBDL,"Jul 31, 2026",1,35.73,0.0,12.88,0.0,51.39,
dse_ownership,2026-09-08 09:55:14.028322+00:00,288,a4e388692d1a4e3fa50e0610a30f29c3,9b583addee2c63872d5809b20ca8a9560150e4ac6e19aa72e07f238dcfa7f5c4,200,491,LRBDL,"Aug 31, 2026",2,35.73,0.0,10.76,0.0,53.51,
dse_ownership,2026-09-08 09:55:16.225624+00:00,289,a4e388692d1a4e3fa50e0610a30f29c3,de3b5e772a9d2a0b679f51e5ff900fcda5991d25564095592ed9cfd3899421cb,200,2028,LRGLOBMF1,"Sep 30, 2023",0,13.57,0.0,58.06,1.6,26.77,3.0
dse_ownership,2026-09-08 09:55:16.225624+00:00,289,a4e388692d1a4e3fa50e0610a30f29c3,de3b5e772a9d2a0b679f51e5ff900fcda5991d25564095592ed9cfd3899421cb,200,2028,LRGLOBMF1,"Dec 31, 2025",1,13.57,0.0,58.95,0.0,27.48,
dse_ownership,2026-09-08 09:55:16.225624+00:00,289,a4e388692d1a4e3fa50e0610a30f29c3,de3b5e772a9d2a0b679f51e5ff900fcda5991d25564095592ed9cfd3899421cb,200,2028,LRGLOBMF1,"Jan 31, 2026",2,13.57,0.0,59.14,0.0,27.29,
dse_ownership,2026-09-08 09:55:16.858221+00:00,290,a4e388692d1a4e3fa50e0610a30f29c3,9a9777155422bad86781f7d61f909e0d141b8e01393f8b8d9d28504e8990487e,200,460,MAGURAPLEX,"Jun 30, 2025",0,45.81,0.0,9.45,0.0,44.74,3.0
dse_ownership,2026-09-08 09:55:16.858221+00:00,290,a4e388692d1a4e3fa50e0610a30f29c3,9a9777155422bad86781f7d61f909e0d141b8e01393f8b8d9d28504e8990487e,200,460,MAGURAPLEX,"Jul 31, 2026",1,45.81,0.0,5.94,0.0,48.25,
dse_ownership,2026-09-08 09:55:16.858221+00:00,290,a4e388692d1a4e3fa50e0610a30f29c3,9a9777155422bad86781f7d61f909e0d141b8e01393f8b8d9d28504e8990487e,200,460,MAGURAPLEX,"Aug 31, 2026",2,45.81,0.0,5.58,0.0,48.61,
dse_ownership,2026-09-08 09:55:17.622089+00:00,291,a4e388692d1a4e3fa50e0610a30f29c3,9085c38b485594184f186b36258872c7b7c720675788d81d87327b4b882db593,200,489,MAKSONSPIN,"Jun 30, 2024",0,30.0,0.0,6.23,0.0,63.77,3.0
dse_ownership,2026-09-08 09:55:17.622089+00:00,291,a4e388692d1a4e3fa50e0610a30f29c3,9085c38b485594184f186b36258872c7b7c720675788d81d87327b4b882db593,200,489,MAKSONSPIN,"Jul 31, 2026",1,30.0,0.0,7.79,0.0,62.21,
dse_ownership,2026-09-08 09:55:17.622089+00:00,291,a4e388692d1a4e3fa50e0610a30f29c3,9085c38b485594184f186b36258872c7b7c720675788d81d87327b4b882db593,200,489,MAKSONSPIN,"Aug 31, 2026",2,30.0,0.0,6.42,0.0,63.58,
dse_ownership,2026-09-08 09:55:19.870349+00:00,292,a4e388692d1a4e3fa50e0610a30f29c3,7c65f6739d8b8b47ca88cedb049f01d9cbe4a94943e7c4ef7513e70e3014c246,200,2082,MALEKSPIN,"Jun 30, 2025",0,47.34,0.0,11.15,0.0,41.51,3.0
dse_ownership,2026-09-08 09:55:19.870349+00:00,292,a4e388692d1a4e3fa50e0610a30f29c3,7c65f6739d8b8b47ca88cedb049f01d9cbe4a94943e7c4ef7513e70e3014c246,200,2082,MALEKSPIN,"Jul 31, 2026",1,47.34,0.0,14.72,0.0,37.94,
dse_ownership,2026-09-08 09:55:19.870349+00:00,292,a4e388692d1a4e3fa50e0610a30f29c3,7c65f6739d8b8b47ca88cedb049f01d9cbe4a94943e7c4ef7513e70e3014c246,200,2082,MALEKSPIN,"Aug 31, 2026",2,47.34,0.0,13.76,0.0,38.9,
dse_ownership,2026-09-08 09:55:21.101293+00:00,295,a4e388692d1a4e3fa50e0610a30f29c3,c66b5f5d5bba2c7b65d3e0131999220f170913320ba8997c404e14b8704ca708,200,377,MARICO,"Mar 31, 2026",0,90.0,0.0,6.28,1.89,1.83,3.0
dse_ownership,2026-09-08 09:55:21.101293+00:00,295,a4e388692d1a4e3fa50e0610a30f29c3,c66b5f5d5bba2c7b65d3e0131999220f170913320ba8997c404e14b8704ca708,200,377,MARICO,"Jun 30, 2026",1,90.0,0.0,6.3,1.53,2.17,
dse_ownership,2026-09-08 09:55:21.101293+00:00,295,a4e388692d1a4e3fa50e0610a30f29c3,c66b5f5d5bba2c7b65d3e0131999220f170913320ba8997c404e14b8704ca708,200,377,MARICO,"Jul 31, 2026",2,90.0,0.0,6.65,0.99,2.36,
dse_ownership,2026-09-08 09:55:22.631564+00:00,298,a4e388692d1a4e3fa50e0610a30f29c3,5a0096a39402c8b1f4997b7a5a66c05b53ceed13d87b4e11a06dad690abdf6b3,200,796,MATINSPINN,"Jun 30, 2025",0,32.72,0.0,45.07,0.0,22.21,3.0
dse_ownership,2026-09-08 09:55:22.631564+00:00,298,a4e388692d1a4e3fa50e0610a30f29c3,5a0096a39402c8b1f4997b7a5a66c05b53ceed13d87b4e11a06dad690abdf6b3,200,796,MATINSPINN,"Jul 31, 2026",1,32.72,0.0,48.79,0.0,18.49,
dse_ownership,2026-09-08 09:55:22.631564+00:00,298,a4e388692d1a4e3fa50e0610a30f29c3,5a0096a39402c8b1f4997b7a5a66c05b53ceed13d87b4e11a06dad690abdf6b3,200,796,MATINSPINN,"Aug 31, 2026",2,32.72,0.0,42.73,0.0,24.55,
dse_ownership,2026-09-08 09:55:24.229778+00:00,299,a4e388692d1a4e3fa50e0610a30f29c3,e63f7d3118ca4cb31fed5b03426b2610f336f05b02916a05614b77c4cfe701f9,200,1435,MBL1STMF,"Mar 31, 2023",0,10.0,0.0,49.13,0.0,40.87,3.0
dse_ownership,2026-09-08 09:55:24.229778+00:00,299,a4e388692d1a4e3fa50e0610a30f29c3,e63f7d3118ca4cb31fed5b03426b2610f336f05b02916a05614b77c4cfe701f9,200,1435,MBL1STMF,"Dec 31, 2025",1,10.0,0.0,49.03,0.0,40.97,
dse_ownership,2026-09-08 09:55:24.229778+00:00,299,a4e388692d1a4e3fa50e0610a30f29c3,e63f7d3118ca4cb31fed5b03426b2610f336f05b02916a05614b77c4cfe701f9,200,1435,MBL1STMF,"Jan 31, 2026",2,10.0,0.0,48.54,0.0,41.46,
dse_ownership,2026-09-08 09:55:25.083638+00:00,300,a4e388692d1a4e3fa50e0610a30f29c3,3417d16b634e9a9cfaa495cafbaa9eca2addf42468496c8eef7a74d7f29b8fba,200,578,MBPLCPBOND,"Dec 31, 2022",0,0.0,0.0,0.0,0.0,0.0,1.0
dse_ownership,2026-09-08 09:55:26.917488+00:00,301,a4e388692d1a4e3fa50e0610a30f29c3,77c56d16759b8981ea3405873413ab528225bdf5ae194d4364d0943bbe1b9574,200,1638,MEGCONMILK,"Jun 30, 2025",0,37.43,0.0,6.75,0.0,55.82,3.0
dse_ownership,2026-09-08 09:55:26.917488+00:00,301,a4e388692d1a4e3fa50e0610a30f29c3,77c56d16759b8981ea3405873413ab528225bdf5ae194d4364d0943bbe1b9574,200,1638,MEGCONMILK,"Jul 31, 2026",1,37.43,0.0,6.75,0.0,55.82,
dse_ownership,2026-09-08 09:55:26.917488+00:00,301,a4e388692d1a4e3fa50e0610a30f29c3,77c56d16759b8981ea3405873413ab528225bdf5ae194d4364d0943bbe1b9574,200,1638,MEGCONMILK,"Aug 31, 2026",2,37.43,0.0,6.75,0.0,55.82,
dse_ownership,2026-09-08 09:55:27.657941+00:00,302,a4e388692d1a4e3fa50e0610a30f29c3,54f2034e4d5b369229f014ff1f2ac7b3722facf61301aab03f573d5ceceeca02,200,519,MEGHNACEM,"Jun 30, 2025",0,41.9,0.0,34.73,0.0,23.37,3.0
dse_ownership,2026-09-08 09:55:27.657941+00:00,302,a4e388692d1a4e3fa50e0610a30f29c3,54f2034e4d5b369229f014ff1f2ac7b3722facf61301aab03f573d5ceceeca02,200,519,MEGHNACEM,"Jun 30, 2026",1,41.9,0.0,34.61,0.0,23.49,
dse_ownership,2026-09-08 09:55:27.657941+00:00,302,a4e388692d1a4e3fa50e0610a30f29c3,54f2034e4d5b369229f014ff1f2ac7b3722facf61301aab03f573d5ceceeca02,200,519,MEGHNACEM,"Jul 31, 2026",2,41.9,0.0,34.72,0.0,23.38,
dse_ownership,2026-09-08 09:55:28.584829+00:00,303,a4e388692d1a4e3fa50e0610a30f29c3,7d8adb05b93cccd960f98f09462b28ed46ca7c0b8e35b799df756817db09fd1a,200,654,MEGHNAINS,"Dec 31, 2025",0,26.66,0.0,18.08,0.0,55.26,3.0
dse_ownership,2026-09-08 09:55:28.584829+00:00,303,a4e388692d1a4e3fa50e0610a30f29c3,7d8adb05b93cccd960f98f09462b28ed46ca7c0b8e35b799df756817db09fd1a,200,654,MEGHNAINS,"Jul 31, 2026",1,26.66,0.0,21.24,0.0,52.1,
dse_ownership,2026-09-08 09:55:28.584829+00:00,303,a4e388692d1a4e3fa50e0610a30f29c3,7d8adb05b93cccd960f98f09462b28ed46ca7c0b8e35b799df756817db09fd1a,200,654,MEGHNAINS,"Aug 31, 2026",2,20.32,0.0,13.2,0.0,66.48,
dse_ownership,2026-09-08 09:55:29.702756+00:00,304,a4e388692d1a4e3fa50e0610a30f29c3,1ad814fd3f7bdadb437f99155a9b1d3b92156b9ee1319f26321cb94f37182c44,200,955,MEGHNALIFE,"Dec 31, 2025",0,30.11,0.0,18.81,0.0,51.08,3.0
dse_ownership,2026-09-08 09:55:29.702756+00:00,304,a4e388692d1a4e3fa50e0610a30f29c3,1ad814fd3f7bdadb437f99155a9b1d3b92156b9ee1319f26321cb94f37182c44,200,955,MEGHNALIFE,"Jul 31, 2026",1,30.11,0.0,22.63,0.0,47.26,
dse_ownership,2026-09-08 09:55:29.702756+00:00,304,a4e388692d1a4e3fa50e0610a30f29c3,1ad814fd3f7bdadb437f99155a9b1d3b92156b9ee1319f26321cb94f37182c44,200,955,MEGHNALIFE,"Aug 31, 2026",2,30.11,0.0,22.1,0.0,47.79,
dse_ownership,2026-09-08 09:55:31.003593+00:00,305,a4e388692d1a4e3fa50e0610a30f29c3,305f336bc6905d5e976e46dde173f97fbd4c51c8ef0ab38689b3f16e7affdd12,200,1001,MEGHNAPET,"Jun 30, 2025",0,43.55,0.0,6.35,0.0,50.1,3.0
dse_ownership,2026-09-08 09:55:31.003593+00:00,305,a4e388692d1a4e3fa50e0610a30f29c3,305f336bc6905d5e976e46dde173f97fbd4c51c8ef0ab38689b3f16e7affdd12,200,1001,MEGHNAPET,"Jul 31, 2026",1,43.55,0.0,6.35,0.0,50.1,
dse_ownership,2026-09-08 09:55:31.003593+00:00,305,a4e388692d1a4e3fa50e0610a30f29c3,305f336bc6905d5e976e46dde173f97fbd4c51c8ef0ab38689b3f16e7affdd12,200,1001,MEGHNAPET,"Aug 31, 2026",2,43.55,0.0,6.35,0.0,50.1,
dse_ownership,2026-09-08 09:55:31.546642+00:00,306,a4e388692d1a4e3fa50e0610a30f29c3,dd7e80b69debbbacd5f87165dfbdd01740407d0a3259e240abffbf28435cb995,200,361,MERCANBANK,"Dec 31, 2025",0,33.62,0.0,25.73,0.64,40.01,3.0
dse_ownership,2026-09-08 09:55:31.546642+00:00,306,a4e388692d1a4e3fa50e0610a30f29c3,dd7e80b69debbbacd5f87165dfbdd01740407d0a3259e240abffbf28435cb995,200,361,MERCANBANK,"Jul 31, 2026",1,33.62,0.0,27.83,0.64,37.91,
dse_ownership,2026-09-08 09:55:31.546642+00:00,306,a4e388692d1a4e3fa50e0610a30f29c3,dd7e80b69debbbacd5f87165dfbdd01740407d0a3259e240abffbf28435cb995,200,361,MERCANBANK,"Aug 31, 2026",2,33.62,0.0,27.95,0.64,37.79,
dse_ownership,2026-09-08 09:55:32.298183+00:00,307,a4e388692d1a4e3fa50e0610a30f29c3,01454d0c973b66dc79b1c05300d631f771416c9c955ffa4251b146414de1c480,200,518,MERCINS,"Dec 31, 2025",0,31.43,0.0,32.23,0.0,36.34,3.0
dse_ownership,2026-09-08 09:55:32.298183+00:00,307,a4e388692d1a4e3fa50e0610a30f29c3,01454d0c973b66dc79b1c05300d631f771416c9c955ffa4251b146414de1c480,200,518,MERCINS,"Jul 31, 2026",1,31.43,0.0,30.86,0.0,37.71,
dse_ownership,2026-09-08 09:55:32.298183+00:00,307,a4e388692d1a4e3fa50e0610a30f29c3,01454d0c973b66dc79b1c05300d631f771416c9c955ffa4251b146414de1c480,200,518,MERCINS,"Aug 31, 2026",2,33.43,0.0,29.51,0.0,37.06,
dse_ownership,2026-09-08 09:55:33.145569+00:00,308,a4e388692d1a4e3fa50e0610a30f29c3,660281d2b61080b9517a2e306c5f13e99fd50b47a3a665e336f8c338c9bca35d,200,541,METROSPIN,"Jun 30, 2025",0,30.09,0.0,13.07,0.0,56.84,3.0
dse_ownership,2026-09-08 09:55:33.145569+00:00,308,a4e388692d1a4e3fa50e0610a30f29c3,660281d2b61080b9517a2e306c5f13e99fd50b47a3a665e336f8c338c9bca35d,200,541,METROSPIN,"Jul 31, 2026",1,30.09,0.0,14.21,0.0,55.7,
dse_ownership,2026-09-08 09:55:33.145569+00:00,308,a4e388692d1a4e3fa50e0610a30f29c3,660281d2b61080b9517a2e306c5f13e99fd50b47a3a665e336f8c338c9bca35d,200,541,METROSPIN,"Aug 31, 2026",2,30.09,0.0,14.73,0.0,55.18,
dse_ownership,2026-09-08 09:55:35.328392+00:00,309,a4e388692d1a4e3fa50e0610a30f29c3,f90e8d2a4623cd8086503b345db0d1062ffa3ba72799f72294701f75d52ce293,200,2005,MHSML,"Jun 30, 2025",0,39.61,0.0,25.46,0.04,34.89,3.0
dse_ownership,2026-09-08 09:55:35.328392+00:00,309,a4e388692d1a4e3fa50e0610a30f29c3,f90e8d2a4623cd8086503b345db0d1062ffa3ba72799f72294701f75d52ce293,200,2005,MHSML,"Jul 31, 2026",1,39.61,0.0,20.73,0.08,39.58,
dse_ownership,2026-09-08 09:55:35.328392+00:00,309,a4e388692d1a4e3fa50e0610a30f29c3,f90e8d2a4623cd8086503b345db0d1062ffa3ba72799f72294701f75d52ce293,200,2005,MHSML,"Aug 31, 2026",2,39.61,0.0,17.76,0.08,42.55,
dse_ownership,2026-09-08 09:55:35.965669+00:00,310,a4e388692d1a4e3fa50e0610a30f29c3,af914cc7aa4b898121d4ab2a3cada01e15b6fc82016350c7b7ad4904cee0668e,200,424,MIDASFIN,"Dec 31, 2024",0,36.58,0.0,28.18,0.42,34.82,3.0
dse_ownership,2026-09-08 09:55:35.965669+00:00,310,a4e388692d1a4e3fa50e0610a30f29c3,af914cc7aa4b898121d4ab2a3cada01e15b6fc82016350c7b7ad4904cee0668e,200,424,MIDASFIN,"Jul 31, 2026",1,38.36,0.0,26.25,0.41,34.98,
dse_ownership,2026-09-08 09:55:35.965669+00:00,310,a4e388692d1a4e3fa50e0610a30f29c3,af914cc7aa4b898121d4ab2a3cada01e15b6fc82016350c7b7ad4904cee0668e,200,424,MIDASFIN,"Aug 31, 2026",2,38.36,0.0,26.25,0.41,34.98,
dse_ownership,2026-09-08 09:55:36.672955+00:00,311,a4e388692d1a4e3fa50e0610a30f29c3,b047a41ac7440ea115ada90422f3e724859f7650a56c0e2c92590fbab3ac76d8,200,401,MIDLANDBNK,"Dec 31, 2025",0,76.6,0.0,8.91,0.0,14.49,3.0
dse_ownership,2026-09-08 09:55:36.672955+00:00,311,a4e388692d1a4e3fa50e0610a30f29c3,b047a41ac7440ea115ada90422f3e724859f7650a56c0e2c92590fbab3ac76d8,200,401,MIDLANDBNK,"Jul 31, 2026",1,80.6,0.0,3.86,0.0,15.54,
dse_ownership,2026-09-08 09:55:36.672955+00:00,311,a4e388692d1a4e3fa50e0610a30f29c3,b047a41ac7440ea115ada90422f3e724859f7650a56c0e2c92590fbab3ac76d8,200,401,MIDLANDBNK,"Aug 31, 2026",2,80.6,0.0,3.36,0.0,16.04,
dse_ownership,2026-09-08 09:55:37.326027+00:00,312,a4e388692d1a4e3fa50e0610a30f29c3,313edf66b954d9b48eb4d3569be32ad4bcafc957e99cc468cf722d0c33b1f5a6,200,475,MIRACLEIND,"Jun 30, 2025",0,30.26,0.0,4.89,0.2,64.65,3.0
dse_ownership,2026-09-08 09:55:37.326027+00:00,312,a4e388692d1a4e3fa50e0610a30f29c3,313edf66b954d9b48eb4d3569be32ad4bcafc957e99cc468cf722d0c33b1f5a6,200,475,MIRACLEIND,"Jul 31, 2026",1,30.26,0.0,4.89,0.2,64.65,
dse_ownership,2026-09-08 09:55:37.326027+00:00,312,a4e388692d1a4e3fa50e0610a30f29c3,313edf66b954d9b48eb4d3569be32ad4bcafc957e99cc468cf722d0c33b1f5a6,200,475,MIRACLEIND,"Aug 31, 2026",2,30.26,0.0,4.89,0.2,64.65,
dse_ownership,2026-09-08 09:55:37.893065+00:00,313,a4e388692d1a4e3fa50e0610a30f29c3,3bdf25b18731253e6326c3167e5ca438040cbbd922f4bdda82ee9fd07ac5bc89,200,391,MIRAKHTER,"Jun 30, 2025",0,48.58,0.0,7.38,0.0,44.04,3.0
dse_ownership,2026-09-08 09:55:37.893065+00:00,313,a4e388692d1a4e3fa50e0610a30f29c3,3bdf25b18731253e6326c3167e5ca438040cbbd922f4bdda82ee9fd07ac5bc89,200,391,MIRAKHTER,"Jul 31, 2026",1,48.58,0.0,7.47,0.0,43.95,
dse_ownership,2026-09-08 09:55:37.893065+00:00,313,a4e388692d1a4e3fa50e0610a30f29c3,3bdf25b18731253e6326c3167e5ca438040cbbd922f4bdda82ee9fd07ac5bc89,200,391,MIRAKHTER,"Aug 31, 2026",2,48.58,0.0,7.1,0.0,44.32,
dse_ownership,2026-09-08 09:55:40.677256+00:00,316,a4e388692d1a4e3fa50e0610a30f29c3,757293b2535360cf1fd13f80054e681ba64e09c3936d07abaedc9083e7f34989,200,1938,MITHUNKNIT,"Jun 30, 2025",0,16.77,0.0,10.55,1.3,71.38,3.0
dse_ownership,2026-09-08 09:55:40.677256+00:00,316,a4e388692d1a4e3fa50e0610a30f29c3,757293b2535360cf1fd13f80054e681ba64e09c3936d07abaedc9083e7f34989,200,1938,MITHUNKNIT,"Jun 30, 2026",1,16.77,0.0,10.09,1.3,71.84,
dse_ownership,2026-09-08 09:55:40.677256+00:00,316,a4e388692d1a4e3fa50e0610a30f29c3,757293b2535360cf1fd13f80054e681ba64e09c3936d07abaedc9083e7f34989,200,1938,MITHUNKNIT,"Jul 31, 2026",2,16.77,0.0,10.05,1.3,71.88,
dse_ownership,2026-09-08 09:55:41.316183+00:00,317,a4e388692d1a4e3fa50e0610a30f29c3,9c583d1b13c01233f4f10aed77bb34eb8377119243cacc8ed7f279993ad1aa63,200,472,MJLBD,"Jun 30, 2025",0,71.52,0.0,21.08,2.26,5.14,3.0
dse_ownership,2026-09-08 09:55:41.316183+00:00,317,a4e388692d1a4e3fa50e0610a30f29c3,9c583d1b13c01233f4f10aed77bb34eb8377119243cacc8ed7f279993ad1aa63,200,472,MJLBD,"Jul 31, 2026",1,71.52,0.0,22.8,0.02,5.66,
dse_ownership,2026-09-08 09:55:41.316183+00:00,317,a4e388692d1a4e3fa50e0610a30f29c3,9c583d1b13c01233f4f10aed77bb34eb8377119243cacc8ed7f279993ad1aa63,200,472,MJLBD,"Aug 31, 2026",2,71.52,0.0,22.9,0.02,5.56,
dse_ownership,2026-09-08 09:55:42.538504+00:00,320,a4e388692d1a4e3fa50e0610a30f29c3,bdf2b99d8ae60d158e3dd67864a1dd2ea70d897a8b759b7ba355524d25ef7d6b,200,442,MLDYEING,"Jun 30, 2025",0,30.57,0.0,19.47,0.0,49.96,3.0
dse_ownership,2026-09-08 09:55:42.538504+00:00,320,a4e388692d1a4e3fa50e0610a30f29c3,bdf2b99d8ae60d158e3dd67864a1dd2ea70d897a8b759b7ba355524d25ef7d6b,200,442,MLDYEING,"Jul 31, 2026",1,30.57,0.0,17.6,0.0,51.83,
dse_ownership,2026-09-08 09:55:42.538504+00:00,320,a4e388692d1a4e3fa50e0610a30f29c3,bdf2b99d8ae60d158e3dd67864a1dd2ea70d897a8b759b7ba355524d25ef7d6b,200,442,MLDYEING,"Aug 31, 2026",2,30.57,0.0,8.96,0.0,60.47,
dse_ownership,2026-09-08 09:55:43.068801+00:00,321,a4e388692d1a4e3fa50e0610a30f29c3,e3fdbcd1b8ae375a03f197e84ae08137ea734aa9fa515b1866a442b3878fa958,200,353,MONNOAGML,"Jun 30, 2025",0,30.0,0.0,7.54,0.09,62.37,3.0
dse_ownership,2026-09-08 09:55:43.068801+00:00,321,a4e388692d1a4e3fa50e0610a30f29c3,e3fdbcd1b8ae375a03f197e84ae08137ea734aa9fa515b1866a442b3878fa958,200,353,MONNOAGML,"Jul 31, 2026",1,30.0,0.0,9.15,0.06,60.79,
dse_ownership,2026-09-08 09:55:43.068801+00:00,321,a4e388692d1a4e3fa50e0610a30f29c3,e3fdbcd1b8ae375a03f197e84ae08137ea734aa9fa515b1866a442b3878fa958,200,353,MONNOAGML,"Aug 31, 2026",2,30.0,0.0,8.74,0.05,61.21,
dse_ownership,2026-09-08 09:55:43.820729+00:00,322,a4e388692d1a4e3fa50e0610a30f29c3,fb3be1f59d3d8500302c1d983bda9375946e4254722017b073d24f4ea907302d,200,479,MONNOCERA,"Jun 30, 2025",0,37.43,0.0,13.32,0.1,49.15,3.0
dse_ownership,2026-09-08 09:55:43.820729+00:00,322,a4e388692d1a4e3fa50e0610a30f29c3,fb3be1f59d3d8500302c1d983bda9375946e4254722017b073d24f4ea907302d,200,479,MONNOCERA,"Jul 31, 2026",1,30.54,0.0,10.28,0.17,59.01,
dse_ownership,2026-09-08 09:55:43.820729+00:00,322,a4e388692d1a4e3fa50e0610a30f29c3,fb3be1f59d3d8500302c1d983bda9375946e4254722017b073d24f4ea907302d,200,479,MONNOCERA,"Aug 31, 2026",2,30.54,0.0,10.21,0.13,59.12,
dse_ownership,2026-09-08 09:55:44.934235+00:00,323,a4e388692d1a4e3fa50e0610a30f29c3,da417b603bdfdb88f5bdfce4a4f3d21c59169ea1602fb772dd14486f2ce63d5e,200,936,MONNOFABR,"Jun 30, 2025",0,30.9,0.0,7.95,1.39,59.76,3.0
dse_ownership,2026-09-08 09:55:44.934235+00:00,323,a4e388692d1a4e3fa50e0610a30f29c3,da417b603bdfdb88f5bdfce4a4f3d21c59169ea1602fb772dd14486f2ce63d5e,200,936,MONNOFABR,"Jul 31, 2026",1,30.9,0.0,9.39,1.72,57.99,
dse_ownership,2026-09-08 09:55:44.934235+00:00,323,a4e388692d1a4e3fa50e0610a30f29c3,da417b603bdfdb88f5bdfce4a4f3d21c59169ea1602fb772dd14486f2ce63d5e,200,936,MONNOFABR,"Aug 31, 2026",2,30.9,0.0,5.78,1.79,61.53,
dse_ownership,2026-09-08 09:55:46.165021+00:00,326,a4e388692d1a4e3fa50e0610a30f29c3,06b0919242b48238420982e2488424712f77afed1c1a664ca5a88435b37c1d58,200,375,MONOSPOOL,"Jun 30, 2025",0,42.5,0.0,9.31,0.0,48.19,3.0
dse_ownership,2026-09-08 09:55:46.165021+00:00,326,a4e388692d1a4e3fa50e0610a30f29c3,06b0919242b48238420982e2488424712f77afed1c1a664ca5a88435b37c1d58,200,375,MONOSPOOL,"Jul 31, 2026",1,38.79,0.0,3.8,0.0,57.41,
dse_ownership,2026-09-08 09:55:46.165021+00:00,326,a4e388692d1a4e3fa50e0610a30f29c3,06b0919242b48238420982e2488424712f77afed1c1a664ca5a88435b37c1d58,200,375,MONOSPOOL,"Aug 31, 2026",2,38.79,0.0,3.15,0.0,58.06,
dse_ownership,2026-09-08 09:55:48.083992+00:00,329,a4e388692d1a4e3fa50e0610a30f29c3,db4a5acb2feeaed64dd8c21029f224e2dbc15d1a3989b66b680d303b9f0f1142,200,1167,MPETROLEUM,"Jun 30, 2025",0,0.0,58.67,33.42,0.09,7.82,3.0
dse_ownership,2026-09-08 09:55:48.083992+00:00,329,a4e388692d1a4e3fa50e0610a30f29c3,db4a5acb2feeaed64dd8c21029f224e2dbc15d1a3989b66b680d303b9f0f1142,200,1167,MPETROLEUM,"Jul 31, 2026",1,0.0,58.67,33.4,0.1,7.83,
dse_ownership,2026-09-08 09:55:48.083992+00:00,329,a4e388692d1a4e3fa50e0610a30f29c3,db4a5acb2feeaed64dd8c21029f224e2dbc15d1a3989b66b680d303b9f0f1142,200,1167,MPETROLEUM,"Aug 31, 2026",2,0.0,58.67,33.33,0.1,7.9,
dse_ownership,2026-09-08 09:55:48.693177+00:00,330,a4e388692d1a4e3fa50e0610a30f29c3,44728521c0d9f53078abc736574f743da3f37ac6dbd082fdf4518ed663ab63b8,200,432,MTB,"Dec 31, 2025",0,33.26,0.0,32.78,0.0,33.96,3.0
dse_ownership,2026-09-08 09:55:48.693177+00:00,330,a4e388692d1a4e3fa50e0610a30f29c3,44728521c0d9f53078abc736574f743da3f37ac6dbd082fdf4518ed663ab63b8,200,432,MTB,"Jul 31, 2026",1,33.26,0.0,31.24,0.0,35.5,
dse_ownership,2026-09-08 09:55:48.693177+00:00,330,a4e388692d1a4e3fa50e0610a30f29c3,44728521c0d9f53078abc736574f743da3f37ac6dbd082fdf4518ed663ab63b8,200,432,MTB,"Aug 31, 2026",2,33.18,0.0,31.04,0.0,35.78,
dse_ownership,2026-09-08 09:55:49.422737+00:00,331,a4e388692d1a4e3fa50e0610a30f29c3,0001549376c366e90a5ca169bbec6c01dc3a07d6e2ab4ead313595bf9efd2157,200,430,MTBPBOND,"Dec 31, 2022",0,0.0,0.0,0.0,0.0,0.0,1.0
dse_ownership,2026-09-08 09:55:51.005203+00:00,334,a4e388692d1a4e3fa50e0610a30f29c3,88f59e462343044d73528524d2e54a802fb9b56deea069790101eccb1b7b1231,200,815,NAHEEACP,"Jun 30, 2025",0,32.29,0.0,20.4,0.0,47.31,3.0
dse_ownership,2026-09-08 09:55:51.005203+00:00,334,a4e388692d1a4e3fa50e0610a30f29c3,88f59e462343044d73528524d2e54a802fb9b56deea069790101eccb1b7b1231,200,815,NAHEEACP,"Jul 31, 2026",1,32.29,0.0,22.73,0.0,44.98,
dse_ownership,2026-09-08 09:55:51.005203+00:00,334,a4e388692d1a4e3fa50e0610a30f29c3,88f59e462343044d73528524d2e54a802fb9b56deea069790101eccb1b7b1231,200,815,NAHEEACP,"Aug 31, 2026",2,32.29,0.0,22.2,0.0,45.51,
dse_ownership,2026-09-08 09:55:51.736791+00:00,335,a4e388692d1a4e3fa50e0610a30f29c3,556259f1c15760c3bbf73379373a2b3960412faa45d8b256397342aaaea60452,200,463,NATLIFEINS,"Dec 31, 2025",0,59.06,0.0,17.57,0.0,23.37,3.0
dse_ownership,2026-09-08 09:55:51.736791+00:00,335,a4e388692d1a4e3fa50e0610a30f29c3,556259f1c15760c3bbf73379373a2b3960412faa45d8b256397342aaaea60452,200,463,NATLIFEINS,"Jul 31, 2026",1,61.11,0.0,16.26,0.0,22.63,
dse_ownership,2026-09-08 09:55:51.736791+00:00,335,a4e388692d1a4e3fa50e0610a30f29c3,556259f1c15760c3bbf73379373a2b3960412faa45d8b256397342aaaea60452,200,463,NATLIFEINS,"Aug 31, 2026",2,61.11,0.0,16.26,0.0,22.63,
dse_ownership,2026-09-08 09:55:53.485181+00:00,336,a4e388692d1a4e3fa50e0610a30f29c3,26162aa74d9d9ecc59f82ad6670a2ffa8858ed60bdcac9f9606f38efe5aa5ed9,200,1556,NAVANACNG,"Jun 30, 2025",0,42.49,0.0,26.04,0.0,31.47,3.0
dse_ownership,2026-09-08 09:55:53.485181+00:00,336,a4e388692d1a4e3fa50e0610a30f29c3,26162aa74d9d9ecc59f82ad6670a2ffa8858ed60bdcac9f9606f38efe5aa5ed9,200,1556,NAVANACNG,"Jul 31, 2026",1,42.49,0.0,26.21,0.0,31.3,
dse_ownership,2026-09-08 09:55:53.485181+00:00,336,a4e388692d1a4e3fa50e0610a30f29c3,26162aa74d9d9ecc59f82ad6670a2ffa8858ed60bdcac9f9606f38efe5aa5ed9,200,1556,NAVANACNG,"Aug 31, 2026",2,42.49,0.0,25.78,0.0,31.73,
dse_ownership,2026-09-08 09:55:54.091372+00:00,337,a4e388692d1a4e3fa50e0610a30f29c3,5e1f069cf7838a2fa7f17dccdd048b4e3752d542c09a4660c7419a73642c0fdd,200,433,NAVANAPHAR,"Jun 30, 2025",0,31.64,0.0,9.42,19.63,39.31,3.0
dse_ownership,2026-09-08 09:55:54.091372+00:00,337,a4e388692d1a4e3fa50e0610a30f29c3,5e1f069cf7838a2fa7f17dccdd048b4e3752d542c09a4660c7419a73642c0fdd,200,433,NAVANAPHAR,"Jul 31, 2026",1,31.64,0.0,11.02,19.63,37.71,
dse_ownership,2026-09-08 09:55:54.091372+00:00,337,a4e388692d1a4e3fa50e0610a30f29c3,5e1f069cf7838a2fa7f17dccdd048b4e3752d542c09a4660c7419a73642c0fdd,200,433,NAVANAPHAR,"Aug 31, 2026",2,31.64,0.0,10.6,19.63,38.13,
dse_ownership,2026-09-08 09:55:54.838892+00:00,338,a4e388692d1a4e3fa50e0610a30f29c3,bfc0b55d65f875b228f3f8d1d7fa9b750539ec8fe514fec0e756373493068b6d,200,506,NBL,"Dec 31, 2025",0,15.54,0.0,38.43,0.46,45.57,3.0
dse_ownership,2026-09-08 09:55:54.838892+00:00,338,a4e388692d1a4e3fa50e0610a30f29c3,bfc0b55d65f875b228f3f8d1d7fa9b750539ec8fe514fec0e756373493068b6d,200,506,NBL,"Jun 30, 2026",1,17.4,0.0,38.57,0.51,43.52,
dse_ownership,2026-09-08 09:55:54.838892+00:00,338,a4e388692d1a4e3fa50e0610a30f29c3,bfc0b55d65f875b228f3f8d1d7fa9b750539ec8fe514fec0e756373493068b6d,200,506,NBL,"Jul 31, 2026",2,17.4,0.0,38.49,0.51,43.6,
dse_ownership,2026-09-08 09:55:55.473838+00:00,339,a4e388692d1a4e3fa50e0610a30f29c3,8edea93949792e5a0dff488dc540b101a4bb0b8222a437204efe78ef540d568f,200,467,NCCBANK,"Dec 31, 2025",0,41.58,0.0,25.65,0.03,32.74,3.0
dse_ownership,2026-09-08 09:55:55.473838+00:00,339,a4e388692d1a4e3fa50e0610a30f29c3,8edea93949792e5a0dff488dc540b101a4bb0b8222a437204efe78ef540d568f,200,467,NCCBANK,"Jun 30, 2026",1,42.1,0.0,23.27,0.03,34.6,
dse_ownership,2026-09-08 09:55:55.473838+00:00,339,a4e388692d1a4e3fa50e0610a30f29c3,8edea93949792e5a0dff488dc540b101a4bb0b8222a437204efe78ef540d568f,200,467,NCCBANK,"Jul 31, 2026",2,42.1,0.0,21.35,0.03,36.52,
dse_ownership,2026-09-08 09:55:56.082078+00:00,340,a4e388692d1a4e3fa50e0610a30f29c3,591e316819bbc085ee06540f08bbb02061eb03b429118e382de8158f81550678,200,363,NCCBLMF1,"Dec 31, 2023",0,15.0,0.0,70.22,0.0,14.78,3.0
dse_ownership,2026-09-08 09:55:56.082078+00:00,340,a4e388692d1a4e3fa50e0610a30f29c3,591e316819bbc085ee06540f08bbb02061eb03b429118e382de8158f81550678,200,363,NCCBLMF1,"Dec 31, 2025",1,15.0,0.0,66.4,0.0,18.6,
dse_ownership,2026-09-08 09:55:56.082078+00:00,340,a4e388692d1a4e3fa50e0610a30f29c3,591e316819bbc085ee06540f08bbb02061eb03b429118e382de8158f81550678,200,363,NCCBLMF1,"Jan 31, 2026",2,15.0,0.0,66.36,0.0,18.64,
dse_ownership,2026-09-08 09:55:56.784551+00:00,341,a4e388692d1a4e3fa50e0610a30f29c3,4032a2ee4cf7ecebc394af487e6822575c194cdbd9ae49a8e63479c30f212e62,200,528,NEWLINE,"Jun 30, 2021",0,30.82,0.0,26.98,0.0,42.2,3.0
dse_ownership,2026-09-08 09:55:56.784551+00:00,341,a4e388692d1a4e3fa50e0610a30f29c3,4032a2ee4cf7ecebc394af487e6822575c194cdbd9ae49a8e63479c30f212e62,200,528,NEWLINE,"Nov 30, 2023",1,30.61,0.0,18.33,0.0,51.06,
dse_ownership,2026-09-08 09:55:56.784551+00:00,341,a4e388692d1a4e3fa50e0610a30f29c3,4032a2ee4cf7ecebc394af487e6822575c194cdbd9ae49a8e63479c30f212e62,200,528,NEWLINE,"Dec 31, 2023",2,30.61,0.0,18.33,0.0,51.06,
dse_ownership,2026-09-08 09:55:58.211171+00:00,342,a4e388692d1a4e3fa50e0610a30f29c3,5dfbca6160cbe113e5c200c5ade51bc0d418cc7234485a0f33f121d9768c67e1,200,1251,NFML,"Jun 30, 2025",0,30.4,0.0,6.45,0.11,63.04,3.0
dse_ownership,2026-09-08 09:55:58.211171+00:00,342,a4e388692d1a4e3fa50e0610a30f29c3,5dfbca6160cbe113e5c200c5ade51bc0d418cc7234485a0f33f121d9768c67e1,200,1251,NFML,"Jul 31, 2026",1,30.4,0.0,8.59,0.0,61.01,
dse_ownership,2026-09-08 09:55:58.211171+00:00,342,a4e388692d1a4e3fa50e0610a30f29c3,5dfbca6160cbe113e5c200c5ade51bc0d418cc7234485a0f33f121d9768c67e1,200,1251,NFML,"Aug 31, 2026",2,30.4,0.0,5.67,0.0,63.93,
dse_ownership,2026-09-08 09:55:58.866134+00:00,343,a4e388692d1a4e3fa50e0610a30f29c3,e3ba54187c6bc52e9c9e9aa5feac29069bc02e77b489ffc8d78b1b9384e3b6db,200,388,NHFIL,"Dec 31, 2024",0,50.57,9.34,11.02,0.0,29.07,3.0
dse_ownership,2026-09-08 09:55:58.866134+00:00,343,a4e388692d1a4e3fa50e0610a30f29c3,e3ba54187c6bc52e9c9e9aa5feac29069bc02e77b489ffc8d78b1b9384e3b6db,200,388,NHFIL,"Jul 31, 2026",1,45.57,9.34,15.07,0.0,30.02,
dse_ownership,2026-09-08 09:55:58.866134+00:00,343,a4e388692d1a4e3fa50e0610a30f29c3,e3ba54187c6bc52e9c9e9aa5feac29069bc02e77b489ffc8d78b1b9384e3b6db,200,388,NHFIL,"Aug 31, 2026",2,45.13,9.34,14.19,0.0,31.34,
dse_ownership,2026-09-08 09:56:02.311522+00:00,346,a4e388692d1a4e3fa50e0610a30f29c3,716ade06c41a502bcbe8039f41fbd2a7503f6b7ff7e050584d1c652027e72b5e,200,2736,NITOLINS,"Dec 31, 2025",0,35.0,0.0,27.01,0.0,37.99,3.0
dse_ownership,2026-09-08 09:56:02.311522+00:00,346,a4e388692d1a4e3fa50e0610a30f29c3,716ade06c41a502bcbe8039f41fbd2a7503f6b7ff7e050584d1c652027e72b5e,200,2736,NITOLINS,"Jul 31, 2026",1,35.0,0.0,26.85,0.0,38.15,
dse_ownership,2026-09-08 09:56:02.311522+00:00,346,a4e388692d1a4e3fa50e0610a30f29c3,716ade06c41a502bcbe8039f41fbd2a7503f6b7ff7e050584d1c652027e72b5e,200,2736,NITOLINS,"Aug 31, 2026",2,35.0,0.0,18.64,0.0,46.36,
dse_ownership,2026-09-08 09:56:04.775324+00:00,349,a4e388692d1a4e3fa50e0610a30f29c3,825cfc035dcd41bfbd4936c8a710a2d13ad48fc960613258db11b1a46f9f6b86,200,1486,NORTHERN,"Jun 30, 2020",0,15.09,0.0,0.0,0.0,84.91,3.0
dse_ownership,2026-09-08 09:56:04.775324+00:00,349,a4e388692d1a4e3fa50e0610a30f29c3,825cfc035dcd41bfbd4936c8a710a2d13ad48fc960613258db11b1a46f9f6b86,200,1486,NORTHERN,"Dec 31, 2021",1,15.09,0.0,0.0,0.0,84.91,
dse_ownership,2026-09-08 09:56:04.775324+00:00,349,a4e388692d1a4e3fa50e0610a30f29c3,825cfc035dcd41bfbd4936c8a710a2d13ad48fc960613258db11b1a46f9f6b86,200,1486,NORTHERN,"Jan 31, 2022",2,15.09,0.0,0.0,0.0,84.91,
dse_ownership,2026-09-08 09:56:05.464961+00:00,350,a4e388692d1a4e3fa50e0610a30f29c3,121dac0d0ab0eba7224f4e9e39aa0069f33621a6d65f7df90f8cfe846dbbbef3,200,468,NORTHRNINS,"Dec 31, 2025",0,31.0,0.0,34.5,0.0,34.5,3.0
dse_ownership,2026-09-08 09:56:05.464961+00:00,350,a4e388692d1a4e3fa50e0610a30f29c3,121dac0d0ab0eba7224f4e9e39aa0069f33621a6d65f7df90f8cfe846dbbbef3,200,468,NORTHRNINS,"Jul 31, 2026",1,30.82,0.0,30.08,0.0,39.1,
dse_ownership,2026-09-08 09:56:05.464961+00:00,350,a4e388692d1a4e3fa50e0610a30f29c3,121dac0d0ab0eba7224f4e9e39aa0069f33621a6d65f7df90f8cfe846dbbbef3,200,468,NORTHRNINS,"Aug 31, 2026",2,30.82,0.0,28.17,0.0,41.01,
dse_ownership,2026-09-08 09:56:07.147979+00:00,351,a4e388692d1a4e3fa50e0610a30f29c3,3dd95ee117eac1f94756c5d9daaa0bce1d69bc0704788889cf963af29f03c1f2,200,1488,NPOLYMER,"Jun 30, 2025",0,32.55,0.0,14.56,0.0,52.89,3.0
dse_ownership,2026-09-08 09:56:07.147979+00:00,351,a4e388692d1a4e3fa50e0610a30f29c3,3dd95ee117eac1f94756c5d9daaa0bce1d69bc0704788889cf963af29f03c1f2,200,1488,NPOLYMER,"Jul 31, 2026",1,32.22,0.0,13.41,0.0,54.37,
dse_ownership,2026-09-08 09:56:07.147979+00:00,351,a4e388692d1a4e3fa50e0610a30f29c3,3dd95ee117eac1f94756c5d9daaa0bce1d69bc0704788889cf963af29f03c1f2,200,1488,NPOLYMER,"Aug 31, 2026",2,32.22,0.0,13.2,0.0,54.58,
dse_ownership,2026-09-08 09:56:07.816240+00:00,352,a4e388692d1a4e3fa50e0610a30f29c3,cb21c06290550724b89fe68b092e4a65c73c78494bb0fa8dd0a50fd89cbafa02,200,394,NRBBANK,"Dec 31, 2024",0,74.55,0.0,2.09,0.0,23.36,3.0
dse_ownership,2026-09-08 09:56:07.816240+00:00,352,a4e388692d1a4e3fa50e0610a30f29c3,cb21c06290550724b89fe68b092e4a65c73c78494bb0fa8dd0a50fd89cbafa02,200,394,NRBBANK,"Jul 31, 2026",1,55.99,0.0,3.32,0.0,40.69,
dse_ownership,2026-09-08 09:56:07.816240+00:00,352,a4e388692d1a4e3fa50e0610a30f29c3,cb21c06290550724b89fe68b092e4a65c73c78494bb0fa8dd0a50fd89cbafa02,200,394,NRBBANK,"Aug 31, 2026",2,55.99,0.0,2.91,0.0,41.1,
dse_ownership,2026-09-08 09:56:08.803143+00:00,353,a4e388692d1a4e3fa50e0610a30f29c3,ac7dfa812aa47aab99ab9ddbdca6995092d8bc65553c67e861459a17a1399460,200,778,NRBCBANK,"Dec 31, 2025",0,59.07,0.0,4.5,0.0,36.43,3.0
dse_ownership,2026-09-08 09:56:08.803143+00:00,353,a4e388692d1a4e3fa50e0610a30f29c3,ac7dfa812aa47aab99ab9ddbdca6995092d8bc65553c67e861459a17a1399460,200,778,NRBCBANK,"Jul 31, 2026",1,59.07,0.0,4.87,0.0,36.06,
dse_ownership,2026-09-08 09:56:08.803143+00:00,353,a4e388692d1a4e3fa50e0610a30f29c3,ac7dfa812aa47aab99ab9ddbdca6995092d8bc65553c67e861459a17a1399460,200,778,NRBCBANK,"Aug 31, 2026",2,59.06,0.0,4.15,0.0,36.79,
dse_ownership,2026-09-08 09:56:10.513117+00:00,354,a4e388692d1a4e3fa50e0610a30f29c3,98027534d6a5756d596a0cb81abe066f83f48c9de1fbe719dea83a76a344cdf9,200,1482,NTC,"Jun 30, 2024",0,45.26,4.33,14.75,0.0,35.66,3.0
dse_ownership,2026-09-08 09:56:10.513117+00:00,354,a4e388692d1a4e3fa50e0610a30f29c3,98027534d6a5756d596a0cb81abe066f83f48c9de1fbe719dea83a76a344cdf9,200,1482,NTC,"Jul 31, 2026",1,39.43,5.22,31.49,0.0,23.86,
dse_ownership,2026-09-08 09:56:10.513117+00:00,354,a4e388692d1a4e3fa50e0610a30f29c3,98027534d6a5756d596a0cb81abe066f83f48c9de1fbe719dea83a76a344cdf9,200,1482,NTC,"Aug 31, 2026",2,39.43,5.22,31.49,0.0,23.86,
dse_ownership,2026-09-08 09:56:12.670196+00:00,355,a4e388692d1a4e3fa50e0610a30f29c3,c5a0f43473b310c484e1fbc3f48177511273780965b43e2eab271793de8b257e,200,1919,NTLTUBES,"Jun 30, 2025",0,0.05,51.0,9.38,0.0,39.57,3.0
dse_ownership,2026-09-08 09:56:12.670196+00:00,355,a4e388692d1a4e3fa50e0610a30f29c3,c5a0f43473b310c484e1fbc3f48177511273780965b43e2eab271793de8b257e,200,1919,NTLTUBES,"Jul 31, 2026",1,0.05,51.0,6.18,0.0,42.77,
dse_ownership,2026-09-08 09:56:12.670196+00:00,355,a4e388692d1a4e3fa50e0610a30f29c3,c5a0f43473b310c484e1fbc3f48177511273780965b43e2eab271793de8b257e,200,1919,NTLTUBES,"Aug 31, 2026",2,0.05,51.0,6.01,0.0,42.94,
dse_ownership,2026-09-08 09:56:13.345577+00:00,356,a4e388692d1a4e3fa50e0610a30f29c3,a49615bd9976f8fe605d3b5c7d9b7076354ac430b7cfe6191ed832ffc8f044a2,200,502,NURANI,"Jun 30, 2020",0,30.93,0.0,16.81,0.0,52.26,3.0
dse_ownership,2026-09-08 09:56:13.345577+00:00,356,a4e388692d1a4e3fa50e0610a30f29c3,a49615bd9976f8fe605d3b5c7d9b7076354ac430b7cfe6191ed832ffc8f044a2,200,502,NURANI,"Jan 31, 2021",1,30.93,0.0,17.28,0.0,51.79,
dse_ownership,2026-09-08 09:56:13.345577+00:00,356,a4e388692d1a4e3fa50e0610a30f29c3,a49615bd9976f8fe605d3b5c7d9b7076354ac430b7cfe6191ed832ffc8f044a2,200,502,NURANI,"Feb 28, 2021",2,30.93,0.0,17.28,0.0,51.79,
dse_ownership,2026-09-08 09:56:14.108887+00:00,357,a4e388692d1a4e3fa50e0610a30f29c3,e2baeb6acec8a06045cd5d18b1c04f94e3c69b8d727e497a6878d2228c011128,200,508,OAL,"Jun 30, 2025",0,25.81,0.0,15.39,0.0,58.8,3.0
dse_ownership,2026-09-08 09:56:14.108887+00:00,357,a4e388692d1a4e3fa50e0610a30f29c3,e2baeb6acec8a06045cd5d18b1c04f94e3c69b8d727e497a6878d2228c011128,200,508,OAL,"Jun 30, 2026",1,25.81,0.0,17.45,0.0,56.74,
dse_ownership,2026-09-08 09:56:14.108887+00:00,357,a4e388692d1a4e3fa50e0610a30f29c3,e2baeb6acec8a06045cd5d18b1c04f94e3c69b8d727e497a6878d2228c011128,200,508,OAL,"Jul 31, 2026",2,25.81,0.0,15.75,0.0,58.44,
dse_ownership,2026-09-08 09:56:14.735415+00:00,358,a4e388692d1a4e3fa50e0610a30f29c3,5e1029692a396ad1ea8fd5aec844ba10e97dcbdab56f68a2bac0f7bd3d530291,200,441,OIMEX,"Jun 30, 2024",0,35.76,0.0,26.65,0.0,37.59,3.0
dse_ownership,2026-09-08 09:56:14.735415+00:00,358,a4e388692d1a4e3fa50e0610a30f29c3,5e1029692a396ad1ea8fd5aec844ba10e97dcbdab56f68a2bac0f7bd3d530291,200,441,OIMEX,"Jun 30, 2026",1,35.76,0.0,20.03,0.0,44.21,
dse_ownership,2026-09-08 09:56:14.735415+00:00,358,a4e388692d1a4e3fa50e0610a30f29c3,5e1029692a396ad1ea8fd5aec844ba10e97dcbdab56f68a2bac0f7bd3d530291,200,441,OIMEX,"Jul 31, 2026",2,35.76,0.0,19.73,0.0,44.51,
dse_ownership,2026-09-08 09:56:15.330760+00:00,359,a4e388692d1a4e3fa50e0610a30f29c3,03429f1cac7fa192ca659dccc086dca304a52f8f507b2ed73548075bb913513f,200,418,OLYMPIC,"Jun 30, 2025",0,32.38,0.0,20.77,34.21,12.64,3.0
dse_ownership,2026-09-08 09:56:15.330760+00:00,359,a4e388692d1a4e3fa50e0610a30f29c3,03429f1cac7fa192ca659dccc086dca304a52f8f507b2ed73548075bb913513f,200,418,OLYMPIC,"Jul 31, 2026",1,37.38,0.0,22.85,27.51,12.26,
dse_ownership,2026-09-08 09:56:15.330760+00:00,359,a4e388692d1a4e3fa50e0610a30f29c3,03429f1cac7fa192ca659dccc086dca304a52f8f507b2ed73548075bb913513f,200,418,OLYMPIC,"Aug 31, 2026",2,37.38,0.0,22.81,27.33,12.48,
dse_ownership,2026-09-08 09:56:17.646799+00:00,360,a4e388692d1a4e3fa50e0610a30f29c3,c7dbef4eca2a6d2189663503c24651cc339b0ab64d1532c976e941e95419b43f,200,2064,ONEBANKPLC,"Dec 31, 2025",0,30.94,0.0,33.6,0.06,35.4,3.0
dse_ownership,2026-09-08 09:56:17.646799+00:00,360,a4e388692d1a4e3fa50e0610a30f29c3,c7dbef4eca2a6d2189663503c24651cc339b0ab64d1532c976e941e95419b43f,200,2064,ONEBANKPLC,"Jun 30, 2026",1,30.94,0.0,43.13,0.05,25.88,
dse_ownership,2026-09-08 09:56:17.646799+00:00,360,a4e388692d1a4e3fa50e0610a30f29c3,c7dbef4eca2a6d2189663503c24651cc339b0ab64d1532c976e941e95419b43f,200,2064,ONEBANKPLC,"Jul 31, 2026",2,30.21,0.0,43.14,0.05,26.6,
dse_ownership,2026-09-08 09:56:19.756183+00:00,361,a4e388692d1a4e3fa50e0610a30f29c3,0ed454086623bdc87b373b28a62d4595d7908e1754009d88fa2d648399d65651,200,1944,ORIONINFU,"Jun 30, 2025",0,40.61,0.0,13.1,0.05,46.24,3.0
dse_ownership,2026-09-08 09:56:19.756183+00:00,361,a4e388692d1a4e3fa50e0610a30f29c3,0ed454086623bdc87b373b28a62d4595d7908e1754009d88fa2d648399d65651,200,1944,ORIONINFU,"Jul 31, 2026",1,40.61,0.0,13.8,0.06,45.53,
dse_ownership,2026-09-08 09:56:19.756183+00:00,361,a4e388692d1a4e3fa50e0610a30f29c3,0ed454086623bdc87b373b28a62d4595d7908e1754009d88fa2d648399d65651,200,1944,ORIONINFU,"Aug 31, 2026",2,40.61,0.0,11.31,0.06,48.02,
dse_ownership,2026-09-08 09:56:21.563860+00:00,362,a4e388692d1a4e3fa50e0610a30f29c3,b8b07421bf66d64c6aa768d39b1246eb9ee16276c3da9ceb71a8e6c331d5efbc,200,1642,ORIONPHARM,"Jun 30, 2025",0,31.98,0.0,21.41,0.08,46.53,3.0
dse_ownership,2026-09-08 09:56:21.563860+00:00,362,a4e388692d1a4e3fa50e0610a30f29c3,b8b07421bf66d64c6aa768d39b1246eb9ee16276c3da9ceb71a8e6c331d5efbc,200,1642,ORIONPHARM,"Jul 31, 2026",1,31.98,0.0,21.49,0.14,46.39,
dse_ownership,2026-09-08 09:56:21.563860+00:00,362,a4e388692d1a4e3fa50e0610a30f29c3,b8b07421bf66d64c6aa768d39b1246eb9ee16276c3da9ceb71a8e6c331d5efbc,200,1642,ORIONPHARM,"Aug 31, 2026",2,31.98,0.0,21.44,0.15,46.43,
dse_ownership,2026-09-08 09:56:23.982232+00:00,365,a4e388692d1a4e3fa50e0610a30f29c3,de5ffe6681bbaca0806952e9e933ef4c696eb0b498b2ea56d849c989aef9989d,200,1617,PADMALIFE,"Dec 31, 2024",0,31.56,0.0,17.45,0.0,50.99,3.0
dse_ownership,2026-09-08 09:56:23.982232+00:00,365,a4e388692d1a4e3fa50e0610a30f29c3,de5ffe6681bbaca0806952e9e933ef4c696eb0b498b2ea56d849c989aef9989d,200,1617,PADMALIFE,"Jul 31, 2026",1,31.56,0.0,17.78,0.0,50.66,
dse_ownership,2026-09-08 09:56:23.982232+00:00,365,a4e388692d1a4e3fa50e0610a30f29c3,de5ffe6681bbaca0806952e9e933ef4c696eb0b498b2ea56d849c989aef9989d,200,1617,PADMALIFE,"Aug 31, 2026",2,31.56,0.0,17.68,0.0,50.76,
dse_ownership,2026-09-08 09:56:24.546750+00:00,366,a4e388692d1a4e3fa50e0610a30f29c3,494f0111404160838f6e65c34e17dd6aaeee971f815e4ea2f8cbacd376a528a6,200,389,PADMAOIL,"Jun 30, 2025",0,2.06,50.35,31.0,0.06,16.53,3.0
dse_ownership,2026-09-08 09:56:24.546750+00:00,366,a4e388692d1a4e3fa50e0610a30f29c3,494f0111404160838f6e65c34e17dd6aaeee971f815e4ea2f8cbacd376a528a6,200,389,PADMAOIL,"Jun 30, 2026",1,2.06,50.35,31.49,0.02,16.08,
dse_ownership,2026-09-08 09:56:24.546750+00:00,366,a4e388692d1a4e3fa50e0610a30f29c3,494f0111404160838f6e65c34e17dd6aaeee971f815e4ea2f8cbacd376a528a6,200,389,PADMAOIL,"Jul 31, 2026",2,2.06,50.35,32.74,0.02,14.83,
dse_ownership,2026-09-08 09:56:28.284167+00:00,369,a4e388692d1a4e3fa50e0610a30f29c3,df17867861574bd4901ec3a29da29fc25ec2ff9114c481d41fb948c8c56c5d8b,200,2915,PARAMOUNT,"Dec 31, 2025",0,48.48,0.0,19.72,0.04,31.76,3.0
dse_ownership,2026-09-08 09:56:28.284167+00:00,369,a4e388692d1a4e3fa50e0610a30f29c3,df17867861574bd4901ec3a29da29fc25ec2ff9114c481d41fb948c8c56c5d8b,200,2915,PARAMOUNT,"Jul 31, 2026",1,48.48,0.0,22.18,0.04,29.3,
dse_ownership,2026-09-08 09:56:28.284167+00:00,369,a4e388692d1a4e3fa50e0610a30f29c3,df17867861574bd4901ec3a29da29fc25ec2ff9114c481d41fb948c8c56c5d8b,200,2915,PARAMOUNT,"Aug 31, 2026",2,48.48,0.0,18.31,0.05,33.16,
dse_ownership,2026-09-08 09:56:28.926553+00:00,370,a4e388692d1a4e3fa50e0610a30f29c3,052ae871355d6e2574e51db6ff2dfc40a9c59c5881ca86bd0e6b3c053f8d82be,200,471,PBLPBOND,"Dec 31, 2020",0,0.0,0.0,0.0,0.0,0.0,3.0
dse_ownership,2026-09-08 09:56:28.926553+00:00,370,a4e388692d1a4e3fa50e0610a30f29c3,052ae871355d6e2574e51db6ff2dfc40a9c59c5881ca86bd0e6b3c053f8d82be,200,471,PBLPBOND,"Jun 30, 2026",1,0.0,0.0,99.33,0.0,0.67,
dse_ownership,2026-09-08 09:56:28.926553+00:00,370,a4e388692d1a4e3fa50e0610a30f29c3,052ae871355d6e2574e51db6ff2dfc40a9c59c5881ca86bd0e6b3c053f8d82be,200,471,PBLPBOND,"Jul 31, 2026",2,0.0,0.0,99.33,0.0,0.67,
dse_ownership,2026-09-08 09:56:30.745646+00:00,371,a4e388692d1a4e3fa50e0610a30f29c3,efca01f9c8d7cefd4e6e28977de0b89df3dfd0d17e3d82b5e50084c11845f4e6,200,1570,PDL,"Jun 30, 2023",0,30.12,0.0,12.75,0.0,57.13,3.0
dse_ownership,2026-09-08 09:56:30.745646+00:00,371,a4e388692d1a4e3fa50e0610a30f29c3,efca01f9c8d7cefd4e6e28977de0b89df3dfd0d17e3d82b5e50084c11845f4e6,200,1570,PDL,"Jun 30, 2026",1,30.12,0.0,9.52,0.01,60.35,
dse_ownership,2026-09-08 09:56:30.745646+00:00,371,a4e388692d1a4e3fa50e0610a30f29c3,efca01f9c8d7cefd4e6e28977de0b89df3dfd0d17e3d82b5e50084c11845f4e6,200,1570,PDL,"Jul 31, 2026",2,30.12,0.0,9.42,0.01,60.45,
dse_ownership,2026-09-08 09:56:32.855685+00:00,372,a4e388692d1a4e3fa50e0610a30f29c3,fd03cc755fbe1fa0192e617df942f1339287075a81d52201e125182de33fd6d1,200,1953,PENINSULA,"Jun 30, 2025",0,54.29,0.0,6.55,0.08,39.08,3.0
dse_ownership,2026-09-08 09:56:32.855685+00:00,372,a4e388692d1a4e3fa50e0610a30f29c3,fd03cc755fbe1fa0192e617df942f1339287075a81d52201e125182de33fd6d1,200,1953,PENINSULA,"Jul 31, 2026",1,56.86,0.0,7.3,0.07,35.77,
dse_ownership,2026-09-08 09:56:32.855685+00:00,372,a4e388692d1a4e3fa50e0610a30f29c3,fd03cc755fbe1fa0192e617df942f1339287075a81d52201e125182de33fd6d1,200,1953,PENINSULA,"Aug 31, 2026",2,56.86,0.0,6.94,0.08,36.12,
dse_ownership,2026-09-08 09:56:33.550149+00:00,373,a4e388692d1a4e3fa50e0610a30f29c3,1d3918e0cbdf4010bd2223eff730ff18e4c928b5b4a24f2877d7fe60ab6d3bdf,200,518,PEOPLESINS,"Dec 31, 2025",0,34.49,0.0,15.44,0.0,50.07,3.0
dse_ownership,2026-09-08 09:56:33.550149+00:00,373,a4e388692d1a4e3fa50e0610a30f29c3,1d3918e0cbdf4010bd2223eff730ff18e4c928b5b4a24f2877d7fe60ab6d3bdf,200,518,PEOPLESINS,"Jul 31, 2026",1,34.49,0.0,12.02,0.0,53.49,
dse_ownership,2026-09-08 09:56:33.550149+00:00,373,a4e388692d1a4e3fa50e0610a30f29c3,1d3918e0cbdf4010bd2223eff730ff18e4c928b5b4a24f2877d7fe60ab6d3bdf,200,518,PEOPLESINS,"Aug 31, 2026",2,34.49,0.0,7.72,0.0,57.79,
dse_ownership,2026-09-08 09:56:34.159036+00:00,374,a4e388692d1a4e3fa50e0610a30f29c3,e9bad08cb627bbe9c23904ca3e86c0ed76cae23d93bbfa927c6c3f4bec205f9a,200,366,PF1STMF,"Jun 30, 2025",0,25.0,0.0,15.39,0.01,59.6,3.0
dse_ownership,2026-09-08 09:56:34.159036+00:00,374,a4e388692d1a4e3fa50e0610a30f29c3,e9bad08cb627bbe9c23904ca3e86c0ed76cae23d93bbfa927c6c3f4bec205f9a,200,366,PF1STMF,"Jun 30, 2026",1,23.33,0.0,29.58,0.01,47.08,
dse_ownership,2026-09-08 09:56:34.159036+00:00,374,a4e388692d1a4e3fa50e0610a30f29c3,e9bad08cb627bbe9c23904ca3e86c0ed76cae23d93bbfa927c6c3f4bec205f9a,200,366,PF1STMF,"Jul 31, 2026",2,23.33,0.0,29.77,0.01,46.89,
dse_ownership,2026-09-08 09:56:35.264261+00:00,377,a4e388692d1a4e3fa50e0610a30f29c3,ea59fbdb13c36814273c98997fb2b781e45099ed6603fa82092991fec36ec7c1,200,377,PHARMAID,"Jun 30, 2025",0,23.58,0.0,16.39,0.0,60.03,3.0
dse_ownership,2026-09-08 09:56:35.264261+00:00,377,a4e388692d1a4e3fa50e0610a30f29c3,ea59fbdb13c36814273c98997fb2b781e45099ed6603fa82092991fec36ec7c1,200,377,PHARMAID,"Jul 31, 2026",1,19.39,0.0,21.78,0.0,58.83,
dse_ownership,2026-09-08 09:56:35.264261+00:00,377,a4e388692d1a4e3fa50e0610a30f29c3,ea59fbdb13c36814273c98997fb2b781e45099ed6603fa82092991fec36ec7c1,200,377,PHARMAID,"Aug 31, 2026",2,19.39,0.0,20.24,0.0,60.37,
dse_ownership,2026-09-08 09:56:35.997307+00:00,378,a4e388692d1a4e3fa50e0610a30f29c3,e7122c756cdff4c845e11377c5c0c7dfcc57cb7888ea3e9efc90fe6418de9cf0,200,463,PHENIXINS,"Dec 31, 2025",0,38.17,0.0,13.57,0.0,48.26,3.0
dse_ownership,2026-09-08 09:56:35.997307+00:00,378,a4e388692d1a4e3fa50e0610a30f29c3,e7122c756cdff4c845e11377c5c0c7dfcc57cb7888ea3e9efc90fe6418de9cf0,200,463,PHENIXINS,"Jul 31, 2026",1,38.17,0.0,11.64,0.0,50.19,
dse_ownership,2026-09-08 09:56:35.997307+00:00,378,a4e388692d1a4e3fa50e0610a30f29c3,e7122c756cdff4c845e11377c5c0c7dfcc57cb7888ea3e9efc90fe6418de9cf0,200,463,PHENIXINS,"Aug 31, 2026",2,38.88,0.0,11.09,0.0,50.03,
dse_ownership,2026-09-08 09:56:40.222631+00:00,379,a4e388692d1a4e3fa50e0610a30f29c3,32543edd82a93e20c6107993ee785be742bdd514602dd43902fdb4a738d0ee07,200,4055,PHOENIXFIN,"Dec 31, 2025",0,26.01,0.0,18.98,0.0,55.01,3.0
dse_ownership,2026-09-08 09:56:40.222631+00:00,379,a4e388692d1a4e3fa50e0610a30f29c3,32543edd82a93e20c6107993ee785be742bdd514602dd43902fdb4a738d0ee07,200,4055,PHOENIXFIN,"Jul 31, 2026",1,26.01,0.0,18.64,0.0,55.35,
dse_ownership,2026-09-08 09:56:40.222631+00:00,379,a4e388692d1a4e3fa50e0610a30f29c3,32543edd82a93e20c6107993ee785be742bdd514602dd43902fdb4a738d0ee07,200,4055,PHOENIXFIN,"Aug 31, 2026",2,26.01,0.0,18.22,0.0,55.77,
dse_ownership,2026-09-08 09:56:42.389744+00:00,380,a4e388692d1a4e3fa50e0610a30f29c3,8c56b2208496a5468cc3f36551efda654f97702350a127fb0444678cc9219f0b,200,1999,PHPMF1,"Jun 30, 2024",0,11.72,0.0,41.54,0.0,46.74,3.0
dse_ownership,2026-09-08 09:56:42.389744+00:00,380,a4e388692d1a4e3fa50e0610a30f29c3,8c56b2208496a5468cc3f36551efda654f97702350a127fb0444678cc9219f0b,200,1999,PHPMF1,"Jun 30, 2026",1,11.72,0.0,40.34,0.0,47.94,
dse_ownership,2026-09-08 09:56:42.389744+00:00,380,a4e388692d1a4e3fa50e0610a30f29c3,8c56b2208496a5468cc3f36551efda654f97702350a127fb0444678cc9219f0b,200,1999,PHPMF1,"Jul 31, 2026",2,11.72,0.0,41.51,0.0,46.77,
dse_ownership,2026-09-08 09:56:45.222489+00:00,381,a4e388692d1a4e3fa50e0610a30f29c3,b4466736ffc7e88c5e6bc39675e7343e257b516b2333b3241dc2e556371db8d8,200,2557,PIONEERINS,"Dec 31, 2025",0,39.94,0.0,28.33,0.0,31.73,3.0
dse_ownership,2026-09-08 09:56:45.222489+00:00,381,a4e388692d1a4e3fa50e0610a30f29c3,b4466736ffc7e88c5e6bc39675e7343e257b516b2333b3241dc2e556371db8d8,200,2557,PIONEERINS,"Jul 31, 2026",1,39.94,0.0,28.67,0.0,31.39,
dse_ownership,2026-09-08 09:56:45.222489+00:00,381,a4e388692d1a4e3fa50e0610a30f29c3,b4466736ffc7e88c5e6bc39675e7343e257b516b2333b3241dc2e556371db8d8,200,2557,PIONEERINS,"Aug 31, 2026",2,39.94,0.0,28.18,0.0,31.88,
dse_ownership,2026-09-08 09:56:47.555672+00:00,382,a4e388692d1a4e3fa50e0610a30f29c3,8c578ccf78e4e29fd37dadde189e0d969fa9accff26e4d7d8bebcb2bb11669f1,200,2143,PLFSL,"Dec 31, 2025",0,18.15,0.0,8.26,0.65,72.94,3.0
dse_ownership,2026-09-08 09:56:47.555672+00:00,382,a4e388692d1a4e3fa50e0610a30f29c3,8c578ccf78e4e29fd37dadde189e0d969fa9accff26e4d7d8bebcb2bb11669f1,200,2143,PLFSL,"Jul 31, 2026",1,18.15,0.0,12.88,0.25,68.72,
dse_ownership,2026-09-08 09:56:47.555672+00:00,382,a4e388692d1a4e3fa50e0610a30f29c3,8c578ccf78e4e29fd37dadde189e0d969fa9accff26e4d7d8bebcb2bb11669f1,200,2143,PLFSL,"Aug 31, 2026",2,18.15,0.0,12.91,0.25,68.69,
dse_ownership,2026-09-08 09:56:48.295410+00:00,383,a4e388692d1a4e3fa50e0610a30f29c3,454787fe5550ec245861a9e6a94f6c71686adfa2e76aba0ff5802401badfcb61,200,514,POPULAR1MF,"Jun 30, 2024",0,10.0,0.0,19.82,0.0,70.18,3.0
dse_ownership,2026-09-08 09:56:48.295410+00:00,383,a4e388692d1a4e3fa50e0610a30f29c3,454787fe5550ec245861a9e6a94f6c71686adfa2e76aba0ff5802401badfcb61,200,514,POPULAR1MF,"Jun 30, 2026",1,10.0,0.0,19.49,0.0,70.51,
dse_ownership,2026-09-08 09:56:48.295410+00:00,383,a4e388692d1a4e3fa50e0610a30f29c3,454787fe5550ec245861a9e6a94f6c71686adfa2e76aba0ff5802401badfcb61,200,514,POPULAR1MF,"Jul 31, 2026",2,10.0,0.0,19.88,0.0,70.12,
dse_ownership,2026-09-08 09:56:51.708236+00:00,384,a4e388692d1a4e3fa50e0610a30f29c3,c330bcd4308cea87e1fd1b04f4ac632602752316341beacf5c24817caf2286d7,200,3142,POPULARLIF,"Dec 31, 2024",0,23.7,0.0,18.33,0.0,57.97,3.0
dse_ownership,2026-09-08 09:56:51.708236+00:00,384,a4e388692d1a4e3fa50e0610a30f29c3,c330bcd4308cea87e1fd1b04f4ac632602752316341beacf5c24817caf2286d7,200,3142,POPULARLIF,"Jul 31, 2026",1,23.7,0.0,26.88,0.0,49.42,
dse_ownership,2026-09-08 09:56:51.708236+00:00,384,a4e388692d1a4e3fa50e0610a30f29c3,c330bcd4308cea87e1fd1b04f4ac632602752316341beacf5c24817caf2286d7,200,3142,POPULARLIF,"Aug 31, 2026",2,23.7,0.0,27.58,0.0,48.72,
dse_ownership,2026-09-08 09:56:53.328030+00:00,385,a4e388692d1a4e3fa50e0610a30f29c3,d0b4428bd2c6d998192feed076c3f438ff2aa38fd1aecf7267da622b1fabcc7e,200,1390,POWERGRID,"Jun 30, 2025",0,58.5,22.0,14.61,0.01,4.88,3.0
dse_ownership,2026-09-08 09:56:53.328030+00:00,385,a4e388692d1a4e3fa50e0610a30f29c3,d0b4428bd2c6d998192feed076c3f438ff2aa38fd1aecf7267da622b1fabcc7e,200,1390,POWERGRID,"Jul 31, 2026",1,58.5,22.0,14.7,0.01,4.79,
dse_ownership,2026-09-08 09:56:53.328030+00:00,385,a4e388692d1a4e3fa50e0610a30f29c3,d0b4428bd2c6d998192feed076c3f438ff2aa38fd1aecf7267da622b1fabcc7e,200,1390,POWERGRID,"Aug 31, 2026",2,58.5,22.0,14.66,0.01,4.83,
dse_ownership,2026-09-08 09:56:55.879292+00:00,386,a4e388692d1a4e3fa50e0610a30f29c3,13e5778e1e9cbb5caf09e4054b326ec1786afb9b3319f3befd32a0c830c1583b,200,2380,PRAGATIINS,"Dec 31, 2025",0,41.99,0.0,21.54,0.0,36.47,3.0
dse_ownership,2026-09-08 09:56:55.879292+00:00,386,a4e388692d1a4e3fa50e0610a30f29c3,13e5778e1e9cbb5caf09e4054b326ec1786afb9b3319f3befd32a0c830c1583b,200,2380,PRAGATIINS,"Jul 31, 2026",1,40.13,0.0,21.84,0.0,38.03,
dse_ownership,2026-09-08 09:56:55.879292+00:00,386,a4e388692d1a4e3fa50e0610a30f29c3,13e5778e1e9cbb5caf09e4054b326ec1786afb9b3319f3befd32a0c830c1583b,200,2380,PRAGATIINS,"Aug 31, 2026",2,35.07,0.0,21.29,0.0,43.64,
dse_ownership,2026-09-08 09:56:59.365090+00:00,387,a4e388692d1a4e3fa50e0610a30f29c3,9511f4942c697ce7144a2f7a47ae18e274cdb53f1f13c64b8d2eb9c495e840a7,200,3174,PRAGATILIF,"Dec 31, 2025",0,40.62,0.0,19.1,0.0,40.28,3.0
dse_ownership,2026-09-08 09:56:59.365090+00:00,387,a4e388692d1a4e3fa50e0610a30f29c3,9511f4942c697ce7144a2f7a47ae18e274cdb53f1f13c64b8d2eb9c495e840a7,200,3174,PRAGATILIF,"Jun 30, 2026",1,40.62,0.0,17.22,0.0,42.16,
dse_ownership,2026-09-08 09:56:59.365090+00:00,387,a4e388692d1a4e3fa50e0610a30f29c3,9511f4942c697ce7144a2f7a47ae18e274cdb53f1f13c64b8d2eb9c495e840a7,200,3174,PRAGATILIF,"Jul 31, 2026",2,38.62,0.0,15.96,0.0,45.42,
dse_ownership,2026-09-08 09:57:00.195631+00:00,388,a4e388692d1a4e3fa50e0610a30f29c3,d97301efe0f5cefd8d42f792d4bf6963494e83c559c4ad3311200a2034ece423,200,665,PREBPBOND,"Dec 31, 2021",0,0.0,0.0,0.0,0.0,0.0,1.0
dse_ownership,2026-09-08 09:57:02.435616+00:00,389,a4e388692d1a4e3fa50e0610a30f29c3,118620a863d514fb46407a1ecaeef9e75c1ea15f1a1f0eaa7dc5e7483ec0fac1,200,2070,PREMIERBAN,"Dec 31, 2025",0,23.92,0.0,21.56,0.2,54.32,3.0
dse_ownership,2026-09-08 09:57:02.435616+00:00,389,a4e388692d1a4e3fa50e0610a30f29c3,118620a863d514fb46407a1ecaeef9e75c1ea15f1a1f0eaa7dc5e7483ec0fac1,200,2070,PREMIERBAN,"Jul 31, 2026",1,25.23,0.0,22.64,0.0,52.13,
dse_ownership,2026-09-08 09:57:02.435616+00:00,389,a4e388692d1a4e3fa50e0610a30f29c3,118620a863d514fb46407a1ecaeef9e75c1ea15f1a1f0eaa7dc5e7483ec0fac1,200,2070,PREMIERBAN,"Aug 31, 2026",2,25.23,0.0,22.07,0.0,52.7,
dse_ownership,2026-09-08 09:57:03.190575+00:00,390,a4e388692d1a4e3fa50e0610a30f29c3,bdbfba853e8667e2456c17b988193138bc1b88750d0202154d08979b8dcf2ba9,200,455,PREMIERCEM,"Jun 30, 2025",0,43.58,0.0,26.37,0.01,30.04,3.0
dse_ownership,2026-09-08 09:57:03.190575+00:00,390,a4e388692d1a4e3fa50e0610a30f29c3,bdbfba853e8667e2456c17b988193138bc1b88750d0202154d08979b8dcf2ba9,200,455,PREMIERCEM,"Jul 31, 2026",1,35.99,0.0,23.72,0.02,40.27,
dse_ownership,2026-09-08 09:57:03.190575+00:00,390,a4e388692d1a4e3fa50e0610a30f29c3,bdbfba853e8667e2456c17b988193138bc1b88750d0202154d08979b8dcf2ba9,200,455,PREMIERCEM,"Aug 31, 2026",2,35.99,0.0,23.46,0.02,40.53,
dse_ownership,2026-09-08 09:57:03.764588+00:00,391,a4e388692d1a4e3fa50e0610a30f29c3,cfa809c0d5296086d423864b11a627a76ed0d9d16aecdc7f591c9a3a07474d49,200,398,PREMIERLEA,"Dec 31, 2024",0,23.45,0.0,23.23,0.0,53.32,3.0
dse_ownership,2026-09-08 09:57:03.764588+00:00,391,a4e388692d1a4e3fa50e0610a30f29c3,cfa809c0d5296086d423864b11a627a76ed0d9d16aecdc7f591c9a3a07474d49,200,398,PREMIERLEA,"Jul 31, 2026",1,20.72,0.0,9.54,0.0,69.74,
dse_ownership,2026-09-08 09:57:03.764588+00:00,391,a4e388692d1a4e3fa50e0610a30f29c3,cfa809c0d5296086d423864b11a627a76ed0d9d16aecdc7f591c9a3a07474d49,200,398,PREMIERLEA,"Aug 31, 2026",2,20.72,0.0,9.64,0.0,69.64,
dse_ownership,2026-09-08 09:57:04.402226+00:00,392,a4e388692d1a4e3fa50e0610a30f29c3,6f7ae70425aaba4f63674fa424575e14318363857bfa264cfa8bec8c994e7c38,200,464,PRIME1ICBA,"Jun 30, 2025",0,20.0,0.0,50.08,0.0,29.92,3.0
dse_ownership,2026-09-08 09:57:04.402226+00:00,392,a4e388692d1a4e3fa50e0610a30f29c3,6f7ae70425aaba4f63674fa424575e14318363857bfa264cfa8bec8c994e7c38,200,464,PRIME1ICBA,"Jun 30, 2026",1,20.0,0.0,48.99,0.0,31.01,
dse_ownership,2026-09-08 09:57:04.402226+00:00,392,a4e388692d1a4e3fa50e0610a30f29c3,6f7ae70425aaba4f63674fa424575e14318363857bfa264cfa8bec8c994e7c38,200,464,PRIME1ICBA,"Jul 31, 2026",2,20.0,0.0,49.83,0.0,30.17,
dse_ownership,2026-09-08 09:57:05.149825+00:00,393,a4e388692d1a4e3fa50e0610a30f29c3,7ec513343bbcf85d9c001353cb8d7b8c7cd6d80054d5114d6cc8688fcc1479d2,200,472,PRIMEBANK,"Dec 31, 2025",0,38.35,0.0,34.09,6.72,20.84,3.0
dse_ownership,2026-09-08 09:57:05.149825+00:00,393,a4e388692d1a4e3fa50e0610a30f29c3,7ec513343bbcf85d9c001353cb8d7b8c7cd6d80054d5114d6cc8688fcc1479d2,200,472,PRIMEBANK,"Jul 31, 2026",1,35.54,0.0,36.09,5.71,22.66,
dse_ownership,2026-09-08 09:57:05.149825+00:00,393,a4e388692d1a4e3fa50e0610a30f29c3,7ec513343bbcf85d9c001353cb8d7b8c7cd6d80054d5114d6cc8688fcc1479d2,200,472,PRIMEBANK,"Aug 31, 2026",2,35.54,0.0,36.3,5.36,22.8,
dse_ownership,2026-09-08 09:57:07.890097+00:00,394,a4e388692d1a4e3fa50e0610a30f29c3,4467bbdf04731bf97f06a70da08ca1b6184038b035634f49befdc07f6c7c0825,200,2565,PRIMEFIN,"Dec 31, 2023",0,59.14,0.0,7.95,0.0,32.91,3.0
dse_ownership,2026-09-08 09:57:07.890097+00:00,394,a4e388692d1a4e3fa50e0610a30f29c3,4467bbdf04731bf97f06a70da08ca1b6184038b035634f49befdc07f6c7c0825,200,2565,PRIMEFIN,"Jul 31, 2026",1,59.14,0.0,4.85,0.01,36.0,
dse_ownership,2026-09-08 09:57:07.890097+00:00,394,a4e388692d1a4e3fa50e0610a30f29c3,4467bbdf04731bf97f06a70da08ca1b6184038b035634f49befdc07f6c7c0825,200,2565,PRIMEFIN,"Aug 31, 2026",2,59.14,0.0,4.85,0.01,36.0,
dse_ownership,2026-09-08 09:57:08.554722+00:00,395,a4e388692d1a4e3fa50e0610a30f29c3,3889dc7fede6c9733233b76e42ff1881e38a64bcc9c66416553cb11ff8f7692a,200,473,PRIMEINSUR,"Dec 31, 2025",0,31.75,0.0,19.04,0.0,49.21,3.0
dse_ownership,2026-09-08 09:57:08.554722+00:00,395,a4e388692d1a4e3fa50e0610a30f29c3,3889dc7fede6c9733233b76e42ff1881e38a64bcc9c66416553cb11ff8f7692a,200,473,PRIMEINSUR,"Jul 31, 2026",1,31.75,0.0,24.33,0.0,43.92,
dse_ownership,2026-09-08 09:57:08.554722+00:00,395,a4e388692d1a4e3fa50e0610a30f29c3,3889dc7fede6c9733233b76e42ff1881e38a64bcc9c66416553cb11ff8f7692a,200,473,PRIMEINSUR,"Aug 31, 2026",2,31.75,0.0,12.74,0.0,55.51,
dse_ownership,2026-09-08 09:57:09.327118+00:00,396,a4e388692d1a4e3fa50e0610a30f29c3,a59455afca2de85eef860874f740c20342990a551eb464800192318d634a7d0d,200,502,PRIMELIFE,"Dec 31, 2024",0,36.08,0.0,32.83,0.15,30.94,3.0
dse_ownership,2026-09-08 09:57:09.327118+00:00,396,a4e388692d1a4e3fa50e0610a30f29c3,a59455afca2de85eef860874f740c20342990a551eb464800192318d634a7d0d,200,502,PRIMELIFE,"Jul 31, 2026",1,36.08,0.0,33.35,0.17,30.4,
dse_ownership,2026-09-08 09:57:09.327118+00:00,396,a4e388692d1a4e3fa50e0610a30f29c3,a59455afca2de85eef860874f740c20342990a551eb464800192318d634a7d0d,200,502,PRIMELIFE,"Aug 31, 2026",2,36.08,0.0,32.48,0.17,31.27,
dse_ownership,2026-09-08 09:57:09.963909+00:00,397,a4e388692d1a4e3fa50e0610a30f29c3,946dcecbaae7fb0b13659f80ef085ac81ccbb614832f7a0172bdc2d442184bf7,200,434,PRIMETEX,"Jun 30, 2023",0,50.0,0.0,4.65,0.25,45.1,3.0
dse_ownership,2026-09-08 09:57:09.963909+00:00,397,a4e388692d1a4e3fa50e0610a30f29c3,946dcecbaae7fb0b13659f80ef085ac81ccbb614832f7a0172bdc2d442184bf7,200,434,PRIMETEX,"Jul 31, 2026",1,50.0,0.0,5.65,0.25,44.1,
dse_ownership,2026-09-08 09:57:09.963909+00:00,397,a4e388692d1a4e3fa50e0610a30f29c3,946dcecbaae7fb0b13659f80ef085ac81ccbb614832f7a0172bdc2d442184bf7,200,434,PRIMETEX,"Aug 31, 2026",2,50.0,0.0,5.6,0.25,44.15,
dse_ownership,2026-09-08 09:57:10.622491+00:00,398,a4e388692d1a4e3fa50e0610a30f29c3,c23d1f5331d1ca9700c64f64f32a6bb082ff078d691b9b2119871b039c0bb38a,200,485,PROGRESLIF,"Dec 31, 2023",0,38.82,0.0,10.75,0.0,50.43,3.0
dse_ownership,2026-09-08 09:57:10.622491+00:00,398,a4e388692d1a4e3fa50e0610a30f29c3,c23d1f5331d1ca9700c64f64f32a6bb082ff078d691b9b2119871b039c0bb38a,200,485,PROGRESLIF,"Jun 30, 2026",1,38.82,0.0,9.72,0.0,51.46,
dse_ownership,2026-09-08 09:57:10.622491+00:00,398,a4e388692d1a4e3fa50e0610a30f29c3,c23d1f5331d1ca9700c64f64f32a6bb082ff078d691b9b2119871b039c0bb38a,200,485,PROGRESLIF,"Jul 31, 2026",2,38.82,0.0,9.89,0.0,51.29,
dse_ownership,2026-09-08 09:57:12.847706+00:00,399,a4e388692d1a4e3fa50e0610a30f29c3,7700e37ba3ae4b7dfb0a0980aad6a52da05944fe4b6c798a121c4d014f5cf8aa,200,1965,PROVATIINS,"Dec 31, 2025",0,32.38,0.0,14.14,0.0,53.48,3.0
dse_ownership,2026-09-08 09:57:12.847706+00:00,399,a4e388692d1a4e3fa50e0610a30f29c3,7700e37ba3ae4b7dfb0a0980aad6a52da05944fe4b6c798a121c4d014f5cf8aa,200,1965,PROVATIINS,"Jul 31, 2026",1,28.34,0.0,16.93,0.0,54.73,
dse_ownership,2026-09-08 09:57:12.847706+00:00,399,a4e388692d1a4e3fa50e0610a30f29c3,7700e37ba3ae4b7dfb0a0980aad6a52da05944fe4b6c798a121c4d014f5cf8aa,200,1965,PROVATIINS,"Aug 31, 2026",2,30.35,0.0,14.16,0.0,55.49,
dse_ownership,2026-09-08 09:57:13.465305+00:00,400,a4e388692d1a4e3fa50e0610a30f29c3,c5de4c37b6683cb88bbacf0c62c21c1d9bc1c532ba1d3a518102e3c8f197d59f,200,445,PTL,"Jun 30, 2025",0,60.95,0.0,12.51,4.33,22.21,3.0
dse_ownership,2026-09-08 09:57:13.465305+00:00,400,a4e388692d1a4e3fa50e0610a30f29c3,c5de4c37b6683cb88bbacf0c62c21c1d9bc1c532ba1d3a518102e3c8f197d59f,200,445,PTL,"Jul 31, 2026",1,60.95,0.0,14.21,4.43,20.41,
dse_ownership,2026-09-08 09:57:13.465305+00:00,400,a4e388692d1a4e3fa50e0610a30f29c3,c5de4c37b6683cb88bbacf0c62c21c1d9bc1c532ba1d3a518102e3c8f197d59f,200,445,PTL,"Aug 31, 2026",2,60.95,0.0,14.95,4.43,19.67,
dse_ownership,2026-09-08 09:57:15.932246+00:00,401,a4e388692d1a4e3fa50e0610a30f29c3,4fe4e600e281ba25643942d4cea17314b49f0d4c3059a64f0c61c7937b97e719,200,2268,PUBALIBANK,"Dec 31, 2025",0,28.2,0.0,27.94,0.05,43.81,3.0
dse_ownership,2026-09-08 09:57:15.932246+00:00,401,a4e388692d1a4e3fa50e0610a30f29c3,4fe4e600e281ba25643942d4cea17314b49f0d4c3059a64f0c61c7937b97e719,200,2268,PUBALIBANK,"Jul 31, 2026",1,31.87,0.0,24.64,0.05,43.44,
dse_ownership,2026-09-08 09:57:15.932246+00:00,401,a4e388692d1a4e3fa50e0610a30f29c3,4fe4e600e281ba25643942d4cea17314b49f0d4c3059a64f0c61c7937b97e719,200,2268,PUBALIBANK,"Aug 31, 2026",2,31.87,0.0,23.89,0.05,44.19,
dse_ownership,2026-09-08 09:57:16.768338+00:00,402,a4e388692d1a4e3fa50e0610a30f29c3,eeb470c6bd92cc58170e046ee92d0c9a91f3e90588184856dbf1862f5651a351,200,473,PURABIGEN,"Dec 31, 2025",0,31.58,0.0,25.41,0.16,42.85,3.0
dse_ownership,2026-09-08 09:57:16.768338+00:00,402,a4e388692d1a4e3fa50e0610a30f29c3,eeb470c6bd92cc58170e046ee92d0c9a91f3e90588184856dbf1862f5651a351,200,473,PURABIGEN,"Jul 31, 2026",1,31.58,0.0,25.19,0.02,43.21,
dse_ownership,2026-09-08 09:57:16.768338+00:00,402,a4e388692d1a4e3fa50e0610a30f29c3,eeb470c6bd92cc58170e046ee92d0c9a91f3e90588184856dbf1862f5651a351,200,473,PURABIGEN,"Aug 31, 2026",2,31.58,0.0,23.78,0.02,44.62,
dse_ownership,2026-09-08 09:57:18.110495+00:00,403,a4e388692d1a4e3fa50e0610a30f29c3,ee370624aad5ddb6b9564e9818a3bfa7466c8a172787cf705ad02c0f197cc43d,200,1118,QUASEMIND,"Jun 30, 2025",0,30.0,0.0,17.26,0.0,52.74,3.0
dse_ownership,2026-09-08 09:57:18.110495+00:00,403,a4e388692d1a4e3fa50e0610a30f29c3,ee370624aad5ddb6b9564e9818a3bfa7466c8a172787cf705ad02c0f197cc43d,200,1118,QUASEMIND,"Jul 31, 2026",1,30.0,0.0,19.87,0.0,50.13,
dse_ownership,2026-09-08 09:57:18.110495+00:00,403,a4e388692d1a4e3fa50e0610a30f29c3,ee370624aad5ddb6b9564e9818a3bfa7466c8a172787cf705ad02c0f197cc43d,200,1118,QUASEMIND,"Aug 31, 2026",2,30.0,0.0,18.04,0.0,51.96,
dse_ownership,2026-09-08 09:57:18.635516+00:00,404,a4e388692d1a4e3fa50e0610a30f29c3,ff73c3ff3bb9205af145ebeaf60ecb7db85f9b8e2f859f3208d916b9b6127b6e,200,356,QUEENSOUTH,"Jun 30, 2025",0,51.57,0.0,7.41,2.75,38.27,3.0
dse_ownership,2026-09-08 09:57:18.635516+00:00,404,a4e388692d1a4e3fa50e0610a30f29c3,ff73c3ff3bb9205af145ebeaf60ecb7db85f9b8e2f859f3208d916b9b6127b6e,200,356,QUEENSOUTH,"Jul 31, 2026",1,51.57,0.0,12.55,1.06,34.82,
dse_ownership,2026-09-08 09:57:18.635516+00:00,404,a4e388692d1a4e3fa50e0610a30f29c3,ff73c3ff3bb9205af145ebeaf60ecb7db85f9b8e2f859f3208d916b9b6127b6e,200,356,QUEENSOUTH,"Aug 31, 2026",2,51.57,0.0,6.51,1.06,40.86,
dse_ownership,2026-09-08 09:57:19.353029+00:00,405,a4e388692d1a4e3fa50e0610a30f29c3,5d29a19a6be5613ad9e6b43cbebe3b72d069f7d5666da02c67bcbaa60ff403d9,200,457,RAHIMAFOOD,"Jun 30, 2025",0,37.38,0.0,6.29,3.75,52.58,3.0
dse_ownership,2026-09-08 09:57:19.353029+00:00,405,a4e388692d1a4e3fa50e0610a30f29c3,5d29a19a6be5613ad9e6b43cbebe3b72d069f7d5666da02c67bcbaa60ff403d9,200,457,RAHIMAFOOD,"Jun 30, 2026",1,35.95,0.0,6.42,0.0,57.63,
dse_ownership,2026-09-08 09:57:19.353029+00:00,405,a4e388692d1a4e3fa50e0610a30f29c3,5d29a19a6be5613ad9e6b43cbebe3b72d069f7d5666da02c67bcbaa60ff403d9,200,457,RAHIMAFOOD,"Jul 31, 2026",2,35.95,0.0,6.42,0.0,57.63,
dse_ownership,2026-09-08 09:57:22.221170+00:00,406,a4e388692d1a4e3fa50e0610a30f29c3,ba4e70757b6c2b096f3a31e4fc098d8f4c55effd6c26f91ee5d21a894ea4bd2f,200,2699,RAHIMTEXT,"Jun 30, 2025",0,70.94,0.0,7.39,0.0,21.67,3.0
dse_ownership,2026-09-08 09:57:22.221170+00:00,406,a4e388692d1a4e3fa50e0610a30f29c3,ba4e70757b6c2b096f3a31e4fc098d8f4c55effd6c26f91ee5d21a894ea4bd2f,200,2699,RAHIMTEXT,"Jul 31, 2026",1,70.94,0.0,7.35,0.0,21.71,
dse_ownership,2026-09-08 09:57:22.221170+00:00,406,a4e388692d1a4e3fa50e0610a30f29c3,ba4e70757b6c2b096f3a31e4fc098d8f4c55effd6c26f91ee5d21a894ea4bd2f,200,2699,RAHIMTEXT,"Aug 31, 2026",2,70.94,0.0,7.17,0.0,21.89,
dse_ownership,2026-09-08 09:57:22.769589+00:00,407,a4e388692d1a4e3fa50e0610a30f29c3,c0fdeece30a726963146d10f52d0cc84f11028acb00d39704f60e6cb8f37175c,200,393,RAKCERAMIC,"Dec 31, 2025",0,72.08,0.0,17.14,0.16,10.62,3.0
dse_ownership,2026-09-08 09:57:22.769589+00:00,407,a4e388692d1a4e3fa50e0610a30f29c3,c0fdeece30a726963146d10f52d0cc84f11028acb00d39704f60e6cb8f37175c,200,393,RAKCERAMIC,"Jul 31, 2026",1,72.08,0.0,17.47,0.04,10.41,
dse_ownership,2026-09-08 09:57:22.769589+00:00,407,a4e388692d1a4e3fa50e0610a30f29c3,c0fdeece30a726963146d10f52d0cc84f11028acb00d39704f60e6cb8f37175c,200,393,RAKCERAMIC,"Aug 31, 2026",2,72.08,0.0,17.25,0.04,10.63,
dse_ownership,2026-09-08 09:57:23.491900+00:00,408,a4e388692d1a4e3fa50e0610a30f29c3,463230830784bb7b1728fe590cc00325ccdb323d956659aac5588bd3af85c79e,200,479,RANFOUNDRY,"Jun 30, 2025",0,49.89,0.0,31.59,0.0,18.52,3.0
dse_ownership,2026-09-08 09:57:23.491900+00:00,408,a4e388692d1a4e3fa50e0610a30f29c3,463230830784bb7b1728fe590cc00325ccdb323d956659aac5588bd3af85c79e,200,479,RANFOUNDRY,"Jul 31, 2026",1,49.89,0.0,30.31,0.0,19.8,
dse_ownership,2026-09-08 09:57:23.491900+00:00,408,a4e388692d1a4e3fa50e0610a30f29c3,463230830784bb7b1728fe590cc00325ccdb323d956659aac5588bd3af85c79e,200,479,RANFOUNDRY,"Aug 31, 2026",2,49.89,0.0,30.14,0.0,19.97,
dse_ownership,2026-09-08 09:57:24.615817+00:00,409,a4e388692d1a4e3fa50e0610a30f29c3,54cf80b27dbaca838ad62fc884c26f242601ea4acc95a3cb48b126df98f7fed6,200,956,RDFOOD,"Jun 30, 2025",0,37.51,0.0,12.03,0.0,50.46,3.0
dse_ownership,2026-09-08 09:57:24.615817+00:00,409,a4e388692d1a4e3fa50e0610a30f29c3,54cf80b27dbaca838ad62fc884c26f242601ea4acc95a3cb48b126df98f7fed6,200,956,RDFOOD,"Jun 30, 2026",1,33.42,0.0,10.9,0.0,55.68,
dse_ownership,2026-09-08 09:57:24.615817+00:00,409,a4e388692d1a4e3fa50e0610a30f29c3,54cf80b27dbaca838ad62fc884c26f242601ea4acc95a3cb48b126df98f7fed6,200,956,RDFOOD,"Jul 31, 2026",2,33.42,0.0,10.05,0.0,56.53,
dse_ownership,2026-09-08 09:57:25.170356+00:00,410,a4e388692d1a4e3fa50e0610a30f29c3,e6bf869ceb998e4d2a3e84a1df217a6faa379ef5143c0fabbd0c9271b2831b39,200,383,RECKITTBEN,"Dec 31, 2025",0,82.96,3.77,6.55,0.01,6.71,3.0
dse_ownership,2026-09-08 09:57:25.170356+00:00,410,a4e388692d1a4e3fa50e0610a30f29c3,e6bf869ceb998e4d2a3e84a1df217a6faa379ef5143c0fabbd0c9271b2831b39,200,383,RECKITTBEN,"Jul 31, 2026",1,82.96,3.77,6.84,0.01,6.42,
dse_ownership,2026-09-08 09:57:25.170356+00:00,410,a4e388692d1a4e3fa50e0610a30f29c3,e6bf869ceb998e4d2a3e84a1df217a6faa379ef5143c0fabbd0c9271b2831b39,200,383,RECKITTBEN,"Aug 31, 2026",2,82.96,3.78,6.8,0.0,6.46,
dse_ownership,2026-09-08 09:57:26.199416+00:00,411,a4e388692d1a4e3fa50e0610a30f29c3,6aecd7f573974e721830b1eaa313c6cdb094d130e36a5043dc2b3257220f5a01,200,769,REGENTTEX,"Jun 30, 2021",0,54.55,0.0,6.0,0.0,39.45,3.0
dse_ownership,2026-09-08 09:57:26.199416+00:00,411,a4e388692d1a4e3fa50e0610a30f29c3,6aecd7f573974e721830b1eaa313c6cdb094d130e36a5043dc2b3257220f5a01,200,769,REGENTTEX,"Jul 31, 2022",1,54.55,0.0,4.69,0.0,40.76,
dse_ownership,2026-09-08 09:57:26.199416+00:00,411,a4e388692d1a4e3fa50e0610a30f29c3,6aecd7f573974e721830b1eaa313c6cdb094d130e36a5043dc2b3257220f5a01,200,769,REGENTTEX,"May 31, 2023",2,54.55,0.0,4.61,0.0,40.84,
dse_ownership,2026-09-08 09:57:26.852977+00:00,412,a4e388692d1a4e3fa50e0610a30f29c3,57979a52269dff5aa8d64bc0d2baf16e035a195cdb8a97aec7c3af4184f60dfd,200,495,RELIANCE1,"Jun 30, 2025",0,20.0,0.0,40.45,0.0,39.55,3.0
dse_ownership,2026-09-08 09:57:26.852977+00:00,412,a4e388692d1a4e3fa50e0610a30f29c3,57979a52269dff5aa8d64bc0d2baf16e035a195cdb8a97aec7c3af4184f60dfd,200,495,RELIANCE1,"Jul 31, 2026",1,20.0,0.0,26.98,0.0,53.02,
dse_ownership,2026-09-08 09:57:26.852977+00:00,412,a4e388692d1a4e3fa50e0610a30f29c3,57979a52269dff5aa8d64bc0d2baf16e035a195cdb8a97aec7c3af4184f60dfd,200,495,RELIANCE1,"Aug 31, 2026",2,20.0,0.0,33.8,0.0,46.2,
dse_ownership,2026-09-08 09:57:28.896256+00:00,413,a4e388692d1a4e3fa50e0610a30f29c3,a6227b3b8d10ed84f6eba3db05c35032468eb206dcecf9da0584763cfd725b46,200,1863,RELIANCINS,"Dec 31, 2025",0,64.24,0.0,4.45,0.0,31.31,3.0
dse_ownership,2026-09-08 09:57:28.896256+00:00,413,a4e388692d1a4e3fa50e0610a30f29c3,a6227b3b8d10ed84f6eba3db05c35032468eb206dcecf9da0584763cfd725b46,200,1863,RELIANCINS,"Jul 31, 2026",1,67.95,0.0,7.83,0.0,24.22,
dse_ownership,2026-09-08 09:57:28.896256+00:00,413,a4e388692d1a4e3fa50e0610a30f29c3,a6227b3b8d10ed84f6eba3db05c35032468eb206dcecf9da0584763cfd725b46,200,1863,RELIANCINS,"Aug 31, 2026",2,67.95,0.0,9.91,0.0,22.14,
dse_ownership,2026-09-08 09:57:29.491460+00:00,414,a4e388692d1a4e3fa50e0610a30f29c3,9a9f67f78fc7b16a5c3c7bd3f9f27127d1429d8ec38bdab75bedb2ab0a1d7ea3,200,351,RENATA,"Jun 30, 2025",0,51.29,0.0,21.86,19.94,6.91,3.0
dse_ownership,2026-09-08 09:57:29.491460+00:00,414,a4e388692d1a4e3fa50e0610a30f29c3,9a9f67f78fc7b16a5c3c7bd3f9f27127d1429d8ec38bdab75bedb2ab0a1d7ea3,200,351,RENATA,"Jul 31, 2026",1,51.29,0.0,23.12,17.58,8.01,
dse_ownership,2026-09-08 09:57:29.491460+00:00,414,a4e388692d1a4e3fa50e0610a30f29c3,9a9f67f78fc7b16a5c3c7bd3f9f27127d1429d8ec38bdab75bedb2ab0a1d7ea3,200,351,RENATA,"Aug 31, 2026",2,51.29,0.0,23.21,17.58,7.92,
dse_ownership,2026-09-08 09:57:31.444720+00:00,415,a4e388692d1a4e3fa50e0610a30f29c3,ec85f09e2f7c43a8b2fdf35b15a40d61962a3f71324474ebeba2875e66e9d182,200,1787,RENWICKJA,"Jun 30, 2025",0,0.0,51.0,13.87,0.0,35.13,3.0
dse_ownership,2026-09-08 09:57:31.444720+00:00,415,a4e388692d1a4e3fa50e0610a30f29c3,ec85f09e2f7c43a8b2fdf35b15a40d61962a3f71324474ebeba2875e66e9d182,200,1787,RENWICKJA,"Jul 31, 2026",1,0.0,51.0,14.46,0.0,34.54,
dse_ownership,2026-09-08 09:57:31.444720+00:00,415,a4e388692d1a4e3fa50e0610a30f29c3,ec85f09e2f7c43a8b2fdf35b15a40d61962a3f71324474ebeba2875e66e9d182,200,1787,RENWICKJA,"Aug 31, 2026",2,0.0,51.0,14.05,0.0,34.95,
dse_ownership,2026-09-08 09:57:32.090611+00:00,416,a4e388692d1a4e3fa50e0610a30f29c3,d224b837674ba6840235d087f4fc6f85338e9b3b0a4ac3dedb8cc81c4730a132,200,466,REPUBLIC,"Dec 31, 2025",0,41.67,0.0,17.94,0.0,40.39,3.0
dse_ownership,2026-09-08 09:57:32.090611+00:00,416,a4e388692d1a4e3fa50e0610a30f29c3,d224b837674ba6840235d087f4fc6f85338e9b3b0a4ac3dedb8cc81c4730a132,200,466,REPUBLIC,"Jul 31, 2026",1,41.71,0.0,18.86,0.0,39.43,
dse_ownership,2026-09-08 09:57:32.090611+00:00,416,a4e388692d1a4e3fa50e0610a30f29c3,d224b837674ba6840235d087f4fc6f85338e9b3b0a4ac3dedb8cc81c4730a132,200,466,REPUBLIC,"Aug 31, 2026",2,41.71,0.0,18.24,0.0,40.05,
dse_ownership,2026-09-08 09:57:32.711146+00:00,417,a4e388692d1a4e3fa50e0610a30f29c3,5fda29ed19ab30e8725264abb7aa5d4c81106a736257015835b22514cb05c738,200,372,RINGSHINE,"Jun 30, 2024",0,26.24,0.0,6.67,1.88,65.21,3.0
dse_ownership,2026-09-08 09:57:32.711146+00:00,417,a4e388692d1a4e3fa50e0610a30f29c3,5fda29ed19ab30e8725264abb7aa5d4c81106a736257015835b22514cb05c738,200,372,RINGSHINE,"Jul 31, 2026",1,36.46,0.0,8.03,0.0,55.51,
dse_ownership,2026-09-08 09:57:32.711146+00:00,417,a4e388692d1a4e3fa50e0610a30f29c3,5fda29ed19ab30e8725264abb7aa5d4c81106a736257015835b22514cb05c738,200,372,RINGSHINE,"Aug 31, 2026",2,36.46,0.0,4.56,0.01,58.97,
dse_ownership,2026-09-08 09:57:33.299072+00:00,418,a4e388692d1a4e3fa50e0610a30f29c3,0d3d409d0ebd25fa550a755e2027445c6aea0618aa611db39ebc35b5cf3efb58,200,427,ROBI,"Dec 31, 2025",0,90.0,0.0,2.4,0.0,7.6,3.0
dse_ownership,2026-09-08 09:57:33.299072+00:00,418,a4e388692d1a4e3fa50e0610a30f29c3,0d3d409d0ebd25fa550a755e2027445c6aea0618aa611db39ebc35b5cf3efb58,200,427,ROBI,"Jul 31, 2026",1,90.0,0.0,3.07,0.0,6.93,
dse_ownership,2026-09-08 09:57:33.299072+00:00,418,a4e388692d1a4e3fa50e0610a30f29c3,0d3d409d0ebd25fa550a755e2027445c6aea0618aa611db39ebc35b5cf3efb58,200,427,ROBI,"Aug 31, 2026",2,90.0,0.0,3.01,0.0,6.99,
dse_ownership,2026-09-08 09:57:33.877313+00:00,419,a4e388692d1a4e3fa50e0610a30f29c3,47a4e281082a9286d044634093c9e2f36ce74813fabc90ddfa0dc29ef6db9a6b,200,422,RSRMSTEEL,"Jun 30, 2021",0,47.03,0.0,18.52,0.0,34.45,3.0
dse_ownership,2026-09-08 09:57:33.877313+00:00,419,a4e388692d1a4e3fa50e0610a30f29c3,47a4e281082a9286d044634093c9e2f36ce74813fabc90ddfa0dc29ef6db9a6b,200,422,RSRMSTEEL,"Nov 30, 2025",1,29.93,0.0,34.39,0.0,35.68,
dse_ownership,2026-09-08 09:57:33.877313+00:00,419,a4e388692d1a4e3fa50e0610a30f29c3,47a4e281082a9286d044634093c9e2f36ce74813fabc90ddfa0dc29ef6db9a6b,200,422,RSRMSTEEL,"Dec 31, 2025",2,29.93,0.0,34.02,0.0,36.05,
dse_ownership,2026-09-08 09:57:34.845256+00:00,420,a4e388692d1a4e3fa50e0610a30f29c3,e70994d2f38d5a75f8beaf94024f2d02542dffde8156cff4f648d3a22910ec3d,200,728,RUNNERAUTO,"Jun 30, 2025",0,46.93,0.0,24.88,0.0,28.19,3.0
dse_ownership,2026-09-08 09:57:34.845256+00:00,420,a4e388692d1a4e3fa50e0610a30f29c3,e70994d2f38d5a75f8beaf94024f2d02542dffde8156cff4f648d3a22910ec3d,200,728,RUNNERAUTO,"Jul 31, 2026",1,34.19,0.0,42.89,0.0,22.92,
dse_ownership,2026-09-08 09:57:34.845256+00:00,420,a4e388692d1a4e3fa50e0610a30f29c3,e70994d2f38d5a75f8beaf94024f2d02542dffde8156cff4f648d3a22910ec3d,200,728,RUNNERAUTO,"Aug 31, 2026",2,34.19,0.0,36.69,0.0,29.12,
dse_ownership,2026-09-08 09:57:38.013844+00:00,421,a4e388692d1a4e3fa50e0610a30f29c3,2e1e9f332568dadb854a0541c773860a5670772cd6817530ba7effcf9831734b,200,3009,RUPALIBANK,"Dec 31, 2025",0,0.0,90.19,3.06,0.0,6.75,3.0
dse_ownership,2026-09-08 09:57:38.013844+00:00,421,a4e388692d1a4e3fa50e0610a30f29c3,2e1e9f332568dadb854a0541c773860a5670772cd6817530ba7effcf9831734b,200,3009,RUPALIBANK,"Jun 30, 2026",1,0.0,90.19,3.17,0.0,6.64,
dse_ownership,2026-09-08 09:57:38.013844+00:00,421,a4e388692d1a4e3fa50e0610a30f29c3,2e1e9f332568dadb854a0541c773860a5670772cd6817530ba7effcf9831734b,200,3009,RUPALIBANK,"Jul 31, 2026",2,0.0,94.91,1.66,0.0,3.43,
dse_ownership,2026-09-08 09:57:39.975089+00:00,422,a4e388692d1a4e3fa50e0610a30f29c3,f07332787a6d9457cf40f546d10927f9e9529ce800c08568cbb6a853c38ae83f,200,1708,RUPALIINS,"Dec 31, 2025",0,46.35,0.0,16.91,0.0,36.74,3.0
dse_ownership,2026-09-08 09:57:39.975089+00:00,422,a4e388692d1a4e3fa50e0610a30f29c3,f07332787a6d9457cf40f546d10927f9e9529ce800c08568cbb6a853c38ae83f,200,1708,RUPALIINS,"Jul 31, 2026",1,46.35,0.0,18.45,0.0,35.2,
dse_ownership,2026-09-08 09:57:39.975089+00:00,422,a4e388692d1a4e3fa50e0610a30f29c3,f07332787a6d9457cf40f546d10927f9e9529ce800c08568cbb6a853c38ae83f,200,1708,RUPALIINS,"Aug 31, 2026",2,46.35,0.0,17.89,0.0,35.76,
dse_ownership,2026-09-08 09:57:40.848355+00:00,423,a4e388692d1a4e3fa50e0610a30f29c3,4f3e16f52391dae76ba0cdd09e980fbe547abad8bceb4b36c0fc88e9bb10baae,200,709,RUPALILIFE,"Dec 31, 2024",0,32.07,0.0,23.21,0.0,44.72,3.0
dse_ownership,2026-09-08 09:57:40.848355+00:00,423,a4e388692d1a4e3fa50e0610a30f29c3,4f3e16f52391dae76ba0cdd09e980fbe547abad8bceb4b36c0fc88e9bb10baae,200,709,RUPALILIFE,"Jul 31, 2026",1,32.07,0.0,21.74,0.0,46.19,
dse_ownership,2026-09-08 09:57:40.848355+00:00,423,a4e388692d1a4e3fa50e0610a30f29c3,4f3e16f52391dae76ba0cdd09e980fbe547abad8bceb4b36c0fc88e9bb10baae,200,709,RUPALILIFE,"Aug 31, 2026",2,31.03,0.0,21.03,0.0,47.94,
dse_ownership,2026-09-08 09:57:43.455596+00:00,426,a4e388692d1a4e3fa50e0610a30f29c3,7ae5a4dda184eeae24a40189f27bbdca91982457c4d1f86637d3b1fb1ceb8a79,200,1922,SAFKOSPINN,"Jun 30, 2025",0,30.0,0.0,3.86,0.0,66.14,3.0
dse_ownership,2026-09-08 09:57:43.455596+00:00,426,a4e388692d1a4e3fa50e0610a30f29c3,7ae5a4dda184eeae24a40189f27bbdca91982457c4d1f86637d3b1fb1ceb8a79,200,1922,SAFKOSPINN,"Jun 30, 2026",1,30.0,0.0,4.25,0.0,65.75,
dse_ownership,2026-09-08 09:57:43.455596+00:00,426,a4e388692d1a4e3fa50e0610a30f29c3,7ae5a4dda184eeae24a40189f27bbdca91982457c4d1f86637d3b1fb1ceb8a79,200,1922,SAFKOSPINN,"Jul 31, 2026",2,30.0,0.0,4.87,0.0,65.13,
dse_ownership,2026-09-08 09:57:44.200534+00:00,427,a4e388692d1a4e3fa50e0610a30f29c3,aa1fdf699b90be84747fcd291aca7147d9f50e859f8234302cba64917ebb69b9,200,455,SAIFPOWER,"Jun 30, 2024",0,40.06,0.0,20.26,0.0,39.68,3.0
dse_ownership,2026-09-08 09:57:44.200534+00:00,427,a4e388692d1a4e3fa50e0610a30f29c3,aa1fdf699b90be84747fcd291aca7147d9f50e859f8234302cba64917ebb69b9,200,455,SAIFPOWER,"Jul 31, 2026",1,40.06,0.0,18.86,0.0,41.08,
dse_ownership,2026-09-08 09:57:44.200534+00:00,427,a4e388692d1a4e3fa50e0610a30f29c3,aa1fdf699b90be84747fcd291aca7147d9f50e859f8234302cba64917ebb69b9,200,455,SAIFPOWER,"Aug 31, 2026",2,40.06,0.0,18.44,0.0,41.5,
dse_ownership,2026-09-08 09:57:44.741379+00:00,428,a4e388692d1a4e3fa50e0610a30f29c3,dea0b2f2510f71ab01439e6f5e9bf082e76912b7ac5ccacb037b14ca569218a3,200,374,SAIHAMCOT,"Jun 30, 2025",0,42.4,0.0,13.55,0.0,44.05,3.0
dse_ownership,2026-09-08 09:57:44.741379+00:00,428,a4e388692d1a4e3fa50e0610a30f29c3,dea0b2f2510f71ab01439e6f5e9bf082e76912b7ac5ccacb037b14ca569218a3,200,374,SAIHAMCOT,"Jul 31, 2026",1,42.4,0.0,20.98,0.0,36.62,
dse_ownership,2026-09-08 09:57:44.741379+00:00,428,a4e388692d1a4e3fa50e0610a30f29c3,dea0b2f2510f71ab01439e6f5e9bf082e76912b7ac5ccacb037b14ca569218a3,200,374,SAIHAMCOT,"Aug 31, 2026",2,42.4,0.0,17.55,0.0,40.05,
dse_ownership,2026-09-08 09:57:45.429359+00:00,429,a4e388692d1a4e3fa50e0610a30f29c3,676288123263ce295701767c590e6e2b4d8b349dbe84f88bba4292355d90fa51,200,457,SAIHAMTEX,"Jun 30, 2025",0,34.2,0.0,13.75,0.0,52.05,3.0
dse_ownership,2026-09-08 09:57:45.429359+00:00,429,a4e388692d1a4e3fa50e0610a30f29c3,676288123263ce295701767c590e6e2b4d8b349dbe84f88bba4292355d90fa51,200,457,SAIHAMTEX,"Jul 31, 2026",1,34.2,0.0,35.55,0.0,30.25,
dse_ownership,2026-09-08 09:57:45.429359+00:00,429,a4e388692d1a4e3fa50e0610a30f29c3,676288123263ce295701767c590e6e2b4d8b349dbe84f88bba4292355d90fa51,200,457,SAIHAMTEX,"Aug 31, 2026",2,34.2,0.0,23.73,0.0,42.07,
dse_ownership,2026-09-08 09:57:46.062500+00:00,430,a4e388692d1a4e3fa50e0610a30f29c3,65e3f9a3aefa01e918ae38fbe7fdb6f0a89cfa6f1b128720333618105407797a,200,469,SALAMCRST,"Jun 30, 2023",0,48.5,0.0,34.06,0.0,17.44,3.0
dse_ownership,2026-09-08 09:57:46.062500+00:00,430,a4e388692d1a4e3fa50e0610a30f29c3,65e3f9a3aefa01e918ae38fbe7fdb6f0a89cfa6f1b128720333618105407797a,200,469,SALAMCRST,"Jul 31, 2026",1,48.5,0.0,24.63,0.0,26.87,
dse_ownership,2026-09-08 09:57:46.062500+00:00,430,a4e388692d1a4e3fa50e0610a30f29c3,65e3f9a3aefa01e918ae38fbe7fdb6f0a89cfa6f1b128720333618105407797a,200,469,SALAMCRST,"Aug 31, 2026",2,48.5,0.0,24.42,0.0,27.08,
dse_ownership,2026-09-08 09:57:47.639948+00:00,431,a4e388692d1a4e3fa50e0610a30f29c3,e7f105567e47560f93423b2a952a14939a1f876dcb8b7bc5ef5c1d26094f9044,200,1408,SALVO,"Jun 30, 2025",0,25.18,0.0,5.99,0.0,69.23,3.0
dse_ownership,2026-09-08 09:57:47.639948+00:00,431,a4e388692d1a4e3fa50e0610a30f29c3,e7f105567e47560f93423b2a952a14939a1f876dcb8b7bc5ef5c1d26094f9044,200,1408,SALVO,"Jul 31, 2026",1,30.15,0.0,6.36,0.0,63.49,
dse_ownership,2026-09-08 09:57:47.639948+00:00,431,a4e388692d1a4e3fa50e0610a30f29c3,e7f105567e47560f93423b2a952a14939a1f876dcb8b7bc5ef5c1d26094f9044,200,1408,SALVO,"Aug 31, 2026",2,30.15,0.0,4.57,0.0,65.28,
dse_ownership,2026-09-08 09:57:48.304314+00:00,432,a4e388692d1a4e3fa50e0610a30f29c3,43d362461ae2ab54c541143f05b70e138946ea57a676dd37decd59924d745a4f,200,415,SAMATALETH,"Jun 30, 2025",0,33.87,0.0,5.09,0.0,61.04,3.0
dse_ownership,2026-09-08 09:57:48.304314+00:00,432,a4e388692d1a4e3fa50e0610a30f29c3,43d362461ae2ab54c541143f05b70e138946ea57a676dd37decd59924d745a4f,200,415,SAMATALETH,"Jun 30, 2026",1,33.87,0.0,3.98,0.0,62.15,
dse_ownership,2026-09-08 09:57:48.304314+00:00,432,a4e388692d1a4e3fa50e0610a30f29c3,43d362461ae2ab54c541143f05b70e138946ea57a676dd37decd59924d745a4f,200,415,SAMATALETH,"Jul 31, 2026",2,33.87,0.0,3.97,0.0,62.16,
dse_ownership,2026-09-08 09:57:51.502269+00:00,433,a4e388692d1a4e3fa50e0610a30f29c3,c9bbf579cc61e8857766fae1417ecd30162418bae7f3afc507cee9f2210f2daa,200,3021,SAMORITA,"Jun 30, 2025",0,44.6,0.0,10.56,0.01,44.83,3.0
dse_ownership,2026-09-08 09:57:51.502269+00:00,433,a4e388692d1a4e3fa50e0610a30f29c3,c9bbf579cc61e8857766fae1417ecd30162418bae7f3afc507cee9f2210f2daa,200,3021,SAMORITA,"Jun 30, 2026",1,44.6,0.0,16.42,0.01,38.97,
dse_ownership,2026-09-08 09:57:51.502269+00:00,433,a4e388692d1a4e3fa50e0610a30f29c3,c9bbf579cc61e8857766fae1417ecd30162418bae7f3afc507cee9f2210f2daa,200,3021,SAMORITA,"Jul 31, 2026",2,44.6,0.0,9.13,0.01,46.26,
dse_ownership,2026-09-08 09:57:54.492952+00:00,434,a4e388692d1a4e3fa50e0610a30f29c3,bd4c0b55b84d9ee776c829315c8ee8d199ba0aaebb07db2c32ed79073ee3d5a5,200,2824,SANDHANINS,"Dec 31, 2024",0,29.45,0.0,15.88,0.0,54.67,3.0
dse_ownership,2026-09-08 09:57:54.492952+00:00,434,a4e388692d1a4e3fa50e0610a30f29c3,bd4c0b55b84d9ee776c829315c8ee8d199ba0aaebb07db2c32ed79073ee3d5a5,200,2824,SANDHANINS,"Jun 30, 2026",1,31.67,0.0,16.44,0.0,51.89,
dse_ownership,2026-09-08 09:57:54.492952+00:00,434,a4e388692d1a4e3fa50e0610a30f29c3,bd4c0b55b84d9ee776c829315c8ee8d199ba0aaebb07db2c32ed79073ee3d5a5,200,2824,SANDHANINS,"Jul 31, 2026",2,31.67,0.0,16.71,0.0,51.62,
dse_ownership,2026-09-08 09:57:57.970208+00:00,435,a4e388692d1a4e3fa50e0610a30f29c3,887c5b874944507469735452fcf5714b4453f1ab6a68f3bd46bcdbcedb655a52,200,3223,SAPORTL,"Jun 30, 2025",0,59.0,0.0,12.02,3.95,25.03,3.0
dse_ownership,2026-09-08 09:57:57.970208+00:00,435,a4e388692d1a4e3fa50e0610a30f29c3,887c5b874944507469735452fcf5714b4453f1ab6a68f3bd46bcdbcedb655a52,200,3223,SAPORTL,"Jul 31, 2026",1,62.68,0.0,11.62,0.07,25.63,
dse_ownership,2026-09-08 09:57:57.970208+00:00,435,a4e388692d1a4e3fa50e0610a30f29c3,887c5b874944507469735452fcf5714b4453f1ab6a68f3bd46bcdbcedb655a52,200,3223,SAPORTL,"Aug 31, 2026",2,62.68,0.0,11.04,0.02,26.26,
dse_ownership,2026-09-08 09:57:58.687535+00:00,436,a4e388692d1a4e3fa50e0610a30f29c3,9746d88ce24747500599737a70bf7709e00956fc2ea2ecfb2894a02c1774e37b,200,539,SAVAREFR,"Jun 30, 2023",0,50.68,0.0,7.18,0.0,42.14,3.0
dse_ownership,2026-09-08 09:57:58.687535+00:00,436,a4e388692d1a4e3fa50e0610a30f29c3,9746d88ce24747500599737a70bf7709e00956fc2ea2ecfb2894a02c1774e37b,200,539,SAVAREFR,"Jul 31, 2024",1,50.68,0.0,7.18,0.0,42.14,
dse_ownership,2026-09-08 09:57:58.687535+00:00,436,a4e388692d1a4e3fa50e0610a30f29c3,9746d88ce24747500599737a70bf7709e00956fc2ea2ecfb2894a02c1774e37b,200,539,SAVAREFR,"Aug 31, 2024",2,50.68,0.0,7.18,0.0,42.14,
dse_ownership,2026-09-08 09:57:59.385334+00:00,437,a4e388692d1a4e3fa50e0610a30f29c3,b132c1e235505d736882074acbb40b876c59d08d9889947ffbf562570f05b318,200,539,SBACBANK,"Dec 31, 2025",0,72.42,0.0,11.82,0.0,15.76,3.0
dse_ownership,2026-09-08 09:57:59.385334+00:00,437,a4e388692d1a4e3fa50e0610a30f29c3,b132c1e235505d736882074acbb40b876c59d08d9889947ffbf562570f05b318,200,539,SBACBANK,"Jul 31, 2026",1,72.42,0.0,13.15,0.0,14.43,
dse_ownership,2026-09-08 09:57:59.385334+00:00,437,a4e388692d1a4e3fa50e0610a30f29c3,b132c1e235505d736882074acbb40b876c59d08d9889947ffbf562570f05b318,200,539,SBACBANK,"Aug 31, 2026",2,70.23,0.0,15.11,0.0,14.66,
dse_ownership,2026-09-08 09:58:00.175857+00:00,438,a4e388692d1a4e3fa50e0610a30f29c3,0d82df36cee6cd40e2b52e671a9ae0f28d06c5ef5b8822edba9482afd9bbd146,200,535,SEAPEARL,"Jun 30, 2024",0,46.83,0.0,22.07,2.57,28.53,3.0
dse_ownership,2026-09-08 09:58:00.175857+00:00,438,a4e388692d1a4e3fa50e0610a30f29c3,0d82df36cee6cd40e2b52e671a9ae0f28d06c5ef5b8822edba9482afd9bbd146,200,535,SEAPEARL,"Jul 31, 2026",1,46.83,0.0,10.95,0.0,42.22,
dse_ownership,2026-09-08 09:58:00.175857+00:00,438,a4e388692d1a4e3fa50e0610a30f29c3,0d82df36cee6cd40e2b52e671a9ae0f28d06c5ef5b8822edba9482afd9bbd146,200,535,SEAPEARL,"Aug 31, 2026",2,46.83,0.0,10.83,0.0,42.34,
dse_ownership,2026-09-08 09:58:00.768724+00:00,439,a4e388692d1a4e3fa50e0610a30f29c3,db828046fcba3b136c6144dfce125e5a6ae363e35c6e28e72cad44e966c140fe,200,411,SEB1PBOND,"Dec 31, 2022",0,0.0,0.0,0.0,0.0,0.0,1.0
dse_ownership,2026-09-08 09:58:02.059652+00:00,442,a4e388692d1a4e3fa50e0610a30f29c3,25bebea2a0bca98933b734e46c2c4bd535f80ef3485cd6bcf423e2b03ef85dd3,200,422,SEMLFBSLGF,"Jun 30, 2025",0,14.39,0.0,17.31,0.0,68.3,3.0
dse_ownership,2026-09-08 09:58:02.059652+00:00,442,a4e388692d1a4e3fa50e0610a30f29c3,25bebea2a0bca98933b734e46c2c4bd535f80ef3485cd6bcf423e2b03ef85dd3,200,422,SEMLFBSLGF,"Jul 31, 2026",1,14.39,0.0,20.8,0.0,64.81,
dse_ownership,2026-09-08 09:58:02.059652+00:00,442,a4e388692d1a4e3fa50e0610a30f29c3,25bebea2a0bca98933b734e46c2c4bd535f80ef3485cd6bcf423e2b03ef85dd3,200,422,SEMLFBSLGF,"Aug 31, 2026",2,14.39,0.0,22.53,0.0,63.08,
dse_ownership,2026-09-08 09:58:03.876129+00:00,443,a4e388692d1a4e3fa50e0610a30f29c3,6bae1cbf5387d6550e9f27772b8963329cb3f33c21349dc73eef5ccf681e95ae,200,1643,SEMLIBBLSF,"Jun 30, 2025",0,50.0,0.0,24.72,0.0,25.28,3.0
dse_ownership,2026-09-08 09:58:03.876129+00:00,443,a4e388692d1a4e3fa50e0610a30f29c3,6bae1cbf5387d6550e9f27772b8963329cb3f33c21349dc73eef5ccf681e95ae,200,1643,SEMLIBBLSF,"Jul 31, 2026",1,50.0,0.0,27.17,0.0,22.83,
dse_ownership,2026-09-08 09:58:03.876129+00:00,443,a4e388692d1a4e3fa50e0610a30f29c3,6bae1cbf5387d6550e9f27772b8963329cb3f33c21349dc73eef5ccf681e95ae,200,1643,SEMLIBBLSF,"Aug 31, 2026",2,50.0,0.0,27.47,0.0,22.53,
dse_ownership,2026-09-08 09:58:05.484647+00:00,448,a4e388692d1a4e3fa50e0610a30f29c3,360175b58dfadd12ccdd57b4311cce19f87d54ede151a7b7f5ff837e3385d842,200,353,SHAHJABANK,"Dec 31, 2025",0,43.08,0.0,24.47,0.0,32.45,3.0
dse_ownership,2026-09-08 09:58:05.484647+00:00,448,a4e388692d1a4e3fa50e0610a30f29c3,360175b58dfadd12ccdd57b4311cce19f87d54ede151a7b7f5ff837e3385d842,200,353,SHAHJABANK,"Jun 30, 2026",1,43.01,0.0,24.23,0.0,32.76,
dse_ownership,2026-09-08 09:58:05.484647+00:00,448,a4e388692d1a4e3fa50e0610a30f29c3,360175b58dfadd12ccdd57b4311cce19f87d54ede151a7b7f5ff837e3385d842,200,353,SHAHJABANK,"Jul 31, 2026",2,43.01,0.0,24.42,0.0,32.57,
dse_ownership,2026-09-08 09:58:06.223864+00:00,449,a4e388692d1a4e3fa50e0610a30f29c3,7089568a29ae0ff1deda7e73d4ea23d5370b2e92e8c13d44b5815888a27c6866,200,568,SHARPIND,"Jun 30, 2025",0,36.63,0.0,23.51,0.01,39.85,3.0
dse_ownership,2026-09-08 09:58:06.223864+00:00,449,a4e388692d1a4e3fa50e0610a30f29c3,7089568a29ae0ff1deda7e73d4ea23d5370b2e92e8c13d44b5815888a27c6866,200,568,SHARPIND,"Jul 31, 2026",1,36.63,0.0,27.3,0.0,36.07,
dse_ownership,2026-09-08 09:58:06.223864+00:00,449,a4e388692d1a4e3fa50e0610a30f29c3,7089568a29ae0ff1deda7e73d4ea23d5370b2e92e8c13d44b5815888a27c6866,200,568,SHARPIND,"Aug 31, 2026",2,36.63,0.0,33.59,0.0,29.78,
dse_ownership,2026-09-08 09:58:07.088640+00:00,450,a4e388692d1a4e3fa50e0610a30f29c3,3801c94c4b3d53d3cd5ff56d7959270718d74a5c7dc594a89dfca9638837db4d,200,660,SHASHADNIM,"Jun 30, 2025",0,44.4,0.0,23.77,0.0,31.83,3.0
dse_ownership,2026-09-08 09:58:07.088640+00:00,450,a4e388692d1a4e3fa50e0610a30f29c3,3801c94c4b3d53d3cd5ff56d7959270718d74a5c7dc594a89dfca9638837db4d,200,660,SHASHADNIM,"Jul 31, 2026",1,44.4,0.0,23.0,0.35,32.25,
dse_ownership,2026-09-08 09:58:07.088640+00:00,450,a4e388692d1a4e3fa50e0610a30f29c3,3801c94c4b3d53d3cd5ff56d7959270718d74a5c7dc594a89dfca9638837db4d,200,660,SHASHADNIM,"Aug 31, 2026",2,44.4,0.0,25.07,0.21,30.32,
dse_ownership,2026-09-08 09:58:07.736130+00:00,451,a4e388692d1a4e3fa50e0610a30f29c3,eebc78d5b248902506c47521dfa6148eb2a23cbdca8402539676a8a518fabe10,200,354,SHEPHERD,"Jun 30, 2025",0,51.48,0.0,25.37,6.43,16.72,3.0
dse_ownership,2026-09-08 09:58:07.736130+00:00,451,a4e388692d1a4e3fa50e0610a30f29c3,eebc78d5b248902506c47521dfa6148eb2a23cbdca8402539676a8a518fabe10,200,354,SHEPHERD,"Jul 31, 2026",1,44.99,0.0,30.1,2.47,22.44,
dse_ownership,2026-09-08 09:58:07.736130+00:00,451,a4e388692d1a4e3fa50e0610a30f29c3,eebc78d5b248902506c47521dfa6148eb2a23cbdca8402539676a8a518fabe10,200,354,SHEPHERD,"Aug 31, 2026",2,44.99,0.0,22.51,2.47,30.03,
dse_ownership,2026-09-08 09:58:08.371182+00:00,452,a4e388692d1a4e3fa50e0610a30f29c3,841899161d6b56523e0d58cf94ad0b5bef9646946bfbb09b1d207294fdd93039,200,464,SHURWID,"Jun 30, 2019",0,9.99,0.0,22.8,0.0,67.21,3.0
dse_ownership,2026-09-08 09:58:08.371182+00:00,452,a4e388692d1a4e3fa50e0610a30f29c3,841899161d6b56523e0d58cf94ad0b5bef9646946bfbb09b1d207294fdd93039,200,464,SHURWID,"Jun 30, 2026",1,12.01,0.0,9.75,0.0,78.24,
dse_ownership,2026-09-08 09:58:08.371182+00:00,452,a4e388692d1a4e3fa50e0610a30f29c3,841899161d6b56523e0d58cf94ad0b5bef9646946bfbb09b1d207294fdd93039,200,464,SHURWID,"Jul 31, 2026",2,12.01,0.0,9.75,0.0,78.24,
dse_ownership,2026-09-08 09:58:09.491156+00:00,453,a4e388692d1a4e3fa50e0610a30f29c3,111286c8779cc538235838064b9c1969f9fc32da234a37f7542e5a0e4ace0185,200,938,SHYAMPSUG,"Jun 30, 2025",0,0.0,51.0,3.98,0.0,45.02,3.0
dse_ownership,2026-09-08 09:58:09.491156+00:00,453,a4e388692d1a4e3fa50e0610a30f29c3,111286c8779cc538235838064b9c1969f9fc32da234a37f7542e5a0e4ace0185,200,938,SHYAMPSUG,"Jun 30, 2026",1,0.0,51.0,9.69,0.0,39.31,
dse_ownership,2026-09-08 09:58:09.491156+00:00,453,a4e388692d1a4e3fa50e0610a30f29c3,111286c8779cc538235838064b9c1969f9fc32da234a37f7542e5a0e4ace0185,200,938,SHYAMPSUG,"Jul 31, 2026",2,0.0,51.0,6.33,0.0,42.67,
dse_ownership,2026-09-08 09:58:10.404134+00:00,454,a4e388692d1a4e3fa50e0610a30f29c3,c7e00c1a51f74ac4c9f1e796907824bd2bab8eb4ed6eef5d6b45c58d438bcb3a,200,630,SIBL,"Dec 31, 2024",0,11.62,0.0,65.82,0.87,21.69,3.0
dse_ownership,2026-09-08 09:58:10.404134+00:00,454,a4e388692d1a4e3fa50e0610a30f29c3,c7e00c1a51f74ac4c9f1e796907824bd2bab8eb4ed6eef5d6b45c58d438bcb3a,200,630,SIBL,"Oct 31, 2025",1,11.62,0.0,68.71,0.87,18.8,
dse_ownership,2026-09-08 09:58:10.404134+00:00,454,a4e388692d1a4e3fa50e0610a30f29c3,c7e00c1a51f74ac4c9f1e796907824bd2bab8eb4ed6eef5d6b45c58d438bcb3a,200,630,SIBL,"Nov 30, 2025",2,11.62,0.0,68.54,0.87,18.97,
dse_ownership,2026-09-08 09:58:11.093626+00:00,455,a4e388692d1a4e3fa50e0610a30f29c3,a7cba88b741a05c426b3ede10285dcd17a404cb4e19ba929372845c53f1a88a6,200,510,SICL,"Dec 31, 2024",0,60.0,0.0,1.86,0.0,38.14,3.0
dse_ownership,2026-09-08 09:58:11.093626+00:00,455,a4e388692d1a4e3fa50e0610a30f29c3,a7cba88b741a05c426b3ede10285dcd17a404cb4e19ba929372845c53f1a88a6,200,510,SICL,"Jul 31, 2026",1,50.4,0.0,5.4,0.0,44.2,
dse_ownership,2026-09-08 09:58:11.093626+00:00,455,a4e388692d1a4e3fa50e0610a30f29c3,a7cba88b741a05c426b3ede10285dcd17a404cb4e19ba929372845c53f1a88a6,200,510,SICL,"Aug 31, 2026",2,50.4,0.0,7.03,0.0,42.57,
dse_ownership,2026-09-08 09:58:11.626558+00:00,456,a4e388692d1a4e3fa50e0610a30f29c3,5a62704ad7729eacd8e8bb16dbb1d0b8a72c1d7ee478e0d08253822bdab84195,200,372,SILCOPHL,"Jun 30, 2025",0,35.46,0.0,16.97,0.0,47.57,3.0
dse_ownership,2026-09-08 09:58:11.626558+00:00,456,a4e388692d1a4e3fa50e0610a30f29c3,5a62704ad7729eacd8e8bb16dbb1d0b8a72c1d7ee478e0d08253822bdab84195,200,372,SILCOPHL,"Jul 31, 2026",1,35.27,0.0,17.32,0.0,47.41,
dse_ownership,2026-09-08 09:58:11.626558+00:00,456,a4e388692d1a4e3fa50e0610a30f29c3,5a62704ad7729eacd8e8bb16dbb1d0b8a72c1d7ee478e0d08253822bdab84195,200,372,SILCOPHL,"Aug 31, 2026",2,35.27,0.0,16.34,0.0,48.39,
dse_ownership,2026-09-08 09:58:12.432948+00:00,457,a4e388692d1a4e3fa50e0610a30f29c3,1af181055ceacd565f614b5655df7f4df3923ac787efa13431e601ec2ca6a058,200,547,SILVAPHL,"Jun 30, 2025",0,45.21,0.0,16.84,0.01,37.94,3.0
dse_ownership,2026-09-08 09:58:12.432948+00:00,457,a4e388692d1a4e3fa50e0610a30f29c3,1af181055ceacd565f614b5655df7f4df3923ac787efa13431e601ec2ca6a058,200,547,SILVAPHL,"Jul 31, 2026",1,45.16,0.0,17.86,0.01,36.97,
dse_ownership,2026-09-08 09:58:12.432948+00:00,457,a4e388692d1a4e3fa50e0610a30f29c3,1af181055ceacd565f614b5655df7f4df3923ac787efa13431e601ec2ca6a058,200,547,SILVAPHL,"Aug 31, 2026",2,45.15,0.0,16.18,0.01,38.66,
dse_ownership,2026-09-08 09:58:12.982453+00:00,458,a4e388692d1a4e3fa50e0610a30f29c3,d048455b9e5112fee60f57c6f85fcdeb9bfabd95ea20f253440250ef477626e9,200,379,SIMTEX,"Jun 30, 2025",0,31.65,0.0,11.13,0.0,57.22,3.0
dse_ownership,2026-09-08 09:58:12.982453+00:00,458,a4e388692d1a4e3fa50e0610a30f29c3,d048455b9e5112fee60f57c6f85fcdeb9bfabd95ea20f253440250ef477626e9,200,379,SIMTEX,"Jul 31, 2026",1,31.65,0.0,7.36,0.0,60.99,
dse_ownership,2026-09-08 09:58:12.982453+00:00,458,a4e388692d1a4e3fa50e0610a30f29c3,d048455b9e5112fee60f57c6f85fcdeb9bfabd95ea20f253440250ef477626e9,200,379,SIMTEX,"Aug 31, 2026",2,31.65,0.0,4.32,0.0,64.03,
dse_ownership,2026-09-08 09:58:15.054414+00:00,459,a4e388692d1a4e3fa50e0610a30f29c3,5693c2648c382d08c6024d38ae2b0146768db12cbec18fa0902b730c65261d70,200,1871,SINGERBD,"Dec 31, 2025",0,57.0,0.0,29.82,0.0,13.18,3.0
dse_ownership,2026-09-08 09:58:15.054414+00:00,459,a4e388692d1a4e3fa50e0610a30f29c3,5693c2648c382d08c6024d38ae2b0146768db12cbec18fa0902b730c65261d70,200,1871,SINGERBD,"Jul 31, 2026",1,57.0,0.0,29.06,0.0,13.94,
dse_ownership,2026-09-08 09:58:15.054414+00:00,459,a4e388692d1a4e3fa50e0610a30f29c3,5693c2648c382d08c6024d38ae2b0146768db12cbec18fa0902b730c65261d70,200,1871,SINGERBD,"Aug 31, 2026",2,57.0,0.0,28.8,0.0,14.2,
dse_ownership,2026-09-08 09:58:16.339853+00:00,460,a4e388692d1a4e3fa50e0610a30f29c3,81391b75a95f40b376c28a8c752cd7019b4ec27ef83df1fc90f55840593d3e89,200,1030,SINOBANGLA,"Jun 30, 2025",0,30.61,0.0,7.57,0.0,61.82,3.0
dse_ownership,2026-09-08 09:58:16.339853+00:00,460,a4e388692d1a4e3fa50e0610a30f29c3,81391b75a95f40b376c28a8c752cd7019b4ec27ef83df1fc90f55840593d3e89,200,1030,SINOBANGLA,"Jul 31, 2026",1,30.61,0.0,4.52,0.08,64.79,
dse_ownership,2026-09-08 09:58:16.339853+00:00,460,a4e388692d1a4e3fa50e0610a30f29c3,81391b75a95f40b376c28a8c752cd7019b4ec27ef83df1fc90f55840593d3e89,200,1030,SINOBANGLA,"Aug 31, 2026",2,30.61,0.0,2.65,0.08,66.66,
dse_ownership,2026-09-08 09:58:17.081277+00:00,461,a4e388692d1a4e3fa50e0610a30f29c3,f758813f31a6be540c3432d0a35dfc3e30c4275c712cd3911390b7d9b5d3a189,200,530,SIPLC,"Dec 31, 2025",0,60.0,0.0,11.78,0.0,28.22,3.0
dse_ownership,2026-09-08 09:58:17.081277+00:00,461,a4e388692d1a4e3fa50e0610a30f29c3,f758813f31a6be540c3432d0a35dfc3e30c4275c712cd3911390b7d9b5d3a189,200,530,SIPLC,"Jul 31, 2026",1,60.0,0.0,14.12,0.0,25.88,
dse_ownership,2026-09-08 09:58:17.081277+00:00,461,a4e388692d1a4e3fa50e0610a30f29c3,f758813f31a6be540c3432d0a35dfc3e30c4275c712cd3911390b7d9b5d3a189,200,530,SIPLC,"Aug 31, 2026",2,60.0,0.0,9.21,0.0,30.79,
dse_ownership,2026-09-08 09:58:17.672895+00:00,462,a4e388692d1a4e3fa50e0610a30f29c3,b91bd6e15ebc0646c2c1736e3a83769edce1f85845bf90c28ed514edc8aa1f0e,200,427,SJIBLPBOND,"Dec 31, 2020",0,0.0,0.0,0.0,0.0,0.0,1.0
dse_ownership,2026-09-08 09:58:18.436133+00:00,463,a4e388692d1a4e3fa50e0610a30f29c3,ff1081ae9b4ec3a861b34dcb4d03ecc90521ee6fb6b70a501d653f01a95edfc2,200,505,SKTRIMS,"Jun 30, 2024",0,31.23,0.0,28.86,0.0,39.91,3.0
dse_ownership,2026-09-08 09:58:18.436133+00:00,463,a4e388692d1a4e3fa50e0610a30f29c3,ff1081ae9b4ec3a861b34dcb4d03ecc90521ee6fb6b70a501d653f01a95edfc2,200,505,SKTRIMS,"Jul 31, 2026",1,31.23,0.0,27.08,0.0,41.69,
dse_ownership,2026-09-08 09:58:18.436133+00:00,463,a4e388692d1a4e3fa50e0610a30f29c3,ff1081ae9b4ec3a861b34dcb4d03ecc90521ee6fb6b70a501d653f01a95edfc2,200,505,SKTRIMS,"Aug 31, 2026",2,31.23,0.0,26.34,0.0,42.43,
dse_ownership,2026-09-08 09:58:19.663922+00:00,464,a4e388692d1a4e3fa50e0610a30f29c3,de8312344ed842a2c0be755100913d1b3178d337e3804cb1553d2fe5d7db2156,200,1047,SONALIANSH,"Jun 30, 2025",0,31.02,0.0,8.32,0.0,60.66,3.0
dse_ownership,2026-09-08 09:58:19.663922+00:00,464,a4e388692d1a4e3fa50e0610a30f29c3,de8312344ed842a2c0be755100913d1b3178d337e3804cb1553d2fe5d7db2156,200,1047,SONALIANSH,"Jul 31, 2026",1,31.02,0.0,8.68,0.0,60.3,
dse_ownership,2026-09-08 09:58:19.663922+00:00,464,a4e388692d1a4e3fa50e0610a30f29c3,de8312344ed842a2c0be755100913d1b3178d337e3804cb1553d2fe5d7db2156,200,1047,SONALIANSH,"Aug 31, 2026",2,31.02,0.0,9.94,0.0,59.04,
dse_ownership,2026-09-08 09:58:20.248080+00:00,465,a4e388692d1a4e3fa50e0610a30f29c3,b03f2f3d39f274c65a3c8c2c07792474f0dd7ffac9da24509209213dd21489f3,200,419,SONALILIFE,"Dec 31, 2025",0,54.85,0.0,5.7,0.0,39.45,3.0
dse_ownership,2026-09-08 09:58:20.248080+00:00,465,a4e388692d1a4e3fa50e0610a30f29c3,b03f2f3d39f274c65a3c8c2c07792474f0dd7ffac9da24509209213dd21489f3,200,419,SONALILIFE,"Jul 31, 2026",1,54.85,0.0,3.98,0.0,41.17,
dse_ownership,2026-09-08 09:58:20.248080+00:00,465,a4e388692d1a4e3fa50e0610a30f29c3,b03f2f3d39f274c65a3c8c2c07792474f0dd7ffac9da24509209213dd21489f3,200,419,SONALILIFE,"Aug 31, 2026",2,54.85,0.0,3.99,0.0,41.16,
dse_ownership,2026-09-08 09:58:20.861298+00:00,466,a4e388692d1a4e3fa50e0610a30f29c3,44a608281a291c7d2fbdbd96b695b529bffcc246d3eb4a6a5214f189a8cbf62e,200,388,SONALIPAPR,"Jun 30, 2025",0,67.51,0.0,6.44,0.0,26.05,3.0
dse_ownership,2026-09-08 09:58:20.861298+00:00,466,a4e388692d1a4e3fa50e0610a30f29c3,44a608281a291c7d2fbdbd96b695b529bffcc246d3eb4a6a5214f189a8cbf62e,200,388,SONALIPAPR,"Jul 31, 2026",1,67.51,0.0,5.87,0.0,26.62,
dse_ownership,2026-09-08 09:58:20.861298+00:00,466,a4e388692d1a4e3fa50e0610a30f29c3,44a608281a291c7d2fbdbd96b695b529bffcc246d3eb4a6a5214f189a8cbf62e,200,388,SONALIPAPR,"Aug 31, 2026",2,67.51,0.0,6.27,0.0,26.22,
dse_ownership,2026-09-08 09:58:21.388299+00:00,467,a4e388692d1a4e3fa50e0610a30f29c3,60d8e5b4a731eba378ed667d8815fd31b53b5294c41a77a53e8507a074d54658,200,352,SONARBAINS,"Dec 31, 2025",0,39.52,0.0,9.33,0.0,51.15,3.0
dse_ownership,2026-09-08 09:58:21.388299+00:00,467,a4e388692d1a4e3fa50e0610a30f29c3,60d8e5b4a731eba378ed667d8815fd31b53b5294c41a77a53e8507a074d54658,200,352,SONARBAINS,"Jul 31, 2026",1,36.85,0.0,13.48,0.0,49.67,
dse_ownership,2026-09-08 09:58:21.388299+00:00,467,a4e388692d1a4e3fa50e0610a30f29c3,60d8e5b4a731eba378ed667d8815fd31b53b5294c41a77a53e8507a074d54658,200,352,SONARBAINS,"Aug 31, 2026",2,36.85,0.0,11.81,0.0,51.34,
dse_ownership,2026-09-08 09:58:22.110150+00:00,468,a4e388692d1a4e3fa50e0610a30f29c3,4e0a2da3f80458078d1bd424ddedf46945a28bb48da70fb74eb5bee8f3e15a21,200,551,SONARGAON,"Jun 30, 2025",0,44.45,0.0,8.78,0.29,46.48,3.0
dse_ownership,2026-09-08 09:58:22.110150+00:00,468,a4e388692d1a4e3fa50e0610a30f29c3,4e0a2da3f80458078d1bd424ddedf46945a28bb48da70fb74eb5bee8f3e15a21,200,551,SONARGAON,"Jul 31, 2026",1,44.45,0.0,28.87,0.01,26.67,
dse_ownership,2026-09-08 09:58:22.110150+00:00,468,a4e388692d1a4e3fa50e0610a30f29c3,4e0a2da3f80458078d1bd424ddedf46945a28bb48da70fb74eb5bee8f3e15a21,200,551,SONARGAON,"Aug 31, 2026",2,44.45,0.0,22.29,0.01,33.25,
dse_ownership,2026-09-08 09:58:22.839636+00:00,469,a4e388692d1a4e3fa50e0610a30f29c3,fc7cb723c55f16f9e34f6a6a68b4ea9fe89eded4eacae14d48d4601504a50a41,200,464,SOUTHEASTB,"Dec 31, 2025",0,31.31,0.0,38.65,1.28,28.76,3.0
dse_ownership,2026-09-08 09:58:22.839636+00:00,469,a4e388692d1a4e3fa50e0610a30f29c3,fc7cb723c55f16f9e34f6a6a68b4ea9fe89eded4eacae14d48d4601504a50a41,200,464,SOUTHEASTB,"Jul 31, 2026",1,31.13,0.0,39.14,1.22,28.51,
dse_ownership,2026-09-08 09:58:22.839636+00:00,469,a4e388692d1a4e3fa50e0610a30f29c3,fc7cb723c55f16f9e34f6a6a68b4ea9fe89eded4eacae14d48d4601504a50a41,200,464,SOUTHEASTB,"Aug 31, 2026",2,31.12,0.0,38.25,1.22,29.41,
dse_ownership,2026-09-08 09:58:23.382682+00:00,470,a4e388692d1a4e3fa50e0610a30f29c3,0c71df91ac5488b2710958acd5dd38020133c0d70e5ee35478a55c9700d8dc3a,200,375,SPCERAMICS,"Jun 30, 2024",0,50.0,0.0,8.35,0.0,41.65,3.0
dse_ownership,2026-09-08 09:58:23.382682+00:00,470,a4e388692d1a4e3fa50e0610a30f29c3,0c71df91ac5488b2710958acd5dd38020133c0d70e5ee35478a55c9700d8dc3a,200,375,SPCERAMICS,"Jun 30, 2026",1,50.0,0.0,5.83,0.0,44.17,
dse_ownership,2026-09-08 09:58:23.382682+00:00,470,a4e388692d1a4e3fa50e0610a30f29c3,0c71df91ac5488b2710958acd5dd38020133c0d70e5ee35478a55c9700d8dc3a,200,375,SPCERAMICS,"Jul 31, 2026",2,50.0,0.0,5.89,0.0,44.11,
dse_ownership,2026-09-08 09:58:24.119109+00:00,471,a4e388692d1a4e3fa50e0610a30f29c3,5b60e91c7a62a936e8831d9adbd901752fce5a186692be1e852ed670fe1a0206,200,574,SPCL,"Jun 30, 2025",0,57.61,0.0,16.55,0.0,25.84,3.0
dse_ownership,2026-09-08 09:58:24.119109+00:00,471,a4e388692d1a4e3fa50e0610a30f29c3,5b60e91c7a62a936e8831d9adbd901752fce5a186692be1e852ed670fe1a0206,200,574,SPCL,"Jul 31, 2026",1,53.38,0.0,17.29,0.0,29.33,
dse_ownership,2026-09-08 09:58:24.119109+00:00,471,a4e388692d1a4e3fa50e0610a30f29c3,5b60e91c7a62a936e8831d9adbd901752fce5a186692be1e852ed670fe1a0206,200,574,SPCL,"Aug 31, 2026",2,53.38,0.0,17.33,0.0,29.29,
dse_ownership,2026-09-08 09:58:24.739293+00:00,472,a4e388692d1a4e3fa50e0610a30f29c3,a5f4fdf7c5e924ca13f382fe23c41bd71abcbbb98293d4d2df688cc98d8b70f3,200,380,SQUARETEXT,"Jun 30, 2025",0,61.83,0.0,23.76,2.75,11.66,3.0
dse_ownership,2026-09-08 09:58:24.739293+00:00,472,a4e388692d1a4e3fa50e0610a30f29c3,a5f4fdf7c5e924ca13f382fe23c41bd71abcbbb98293d4d2df688cc98d8b70f3,200,380,SQUARETEXT,"Jul 31, 2026",1,61.83,0.0,24.18,2.75,11.24,
dse_ownership,2026-09-08 09:58:24.739293+00:00,472,a4e388692d1a4e3fa50e0610a30f29c3,a5f4fdf7c5e924ca13f382fe23c41bd71abcbbb98293d4d2df688cc98d8b70f3,200,380,SQUARETEXT,"Aug 31, 2026",2,61.83,0.0,24.02,2.75,11.4,
dse_ownership,2026-09-08 09:58:25.867926+00:00,473,a4e388692d1a4e3fa50e0610a30f29c3,f104ee4047d10757f2264249f8c0332335db1083cbf2ada12313af4d5c813835,200,970,SQURPHARMA,"Jun 30, 2025",0,43.59,0.0,14.05,15.14,27.22,3.0
dse_ownership,2026-09-08 09:58:25.867926+00:00,473,a4e388692d1a4e3fa50e0610a30f29c3,f104ee4047d10757f2264249f8c0332335db1083cbf2ada12313af4d5c813835,200,970,SQURPHARMA,"Jul 31, 2026",1,44.15,0.0,13.87,14.37,27.61,
dse_ownership,2026-09-08 09:58:25.867926+00:00,473,a4e388692d1a4e3fa50e0610a30f29c3,f104ee4047d10757f2264249f8c0332335db1083cbf2ada12313af4d5c813835,200,970,SQURPHARMA,"Aug 31, 2026",2,44.15,0.0,13.9,14.33,27.62,
dse_ownership,2026-09-08 09:58:26.487428+00:00,474,a4e388692d1a4e3fa50e0610a30f29c3,7b11ee74e037ef5590426f795cd532cbc3cb06bcb2c4973474d61fd249f1f569,200,444,SSSTEEL,"Jun 30, 2024",0,30.94,0.0,8.91,0.0,60.15,3.0
dse_ownership,2026-09-08 09:58:26.487428+00:00,474,a4e388692d1a4e3fa50e0610a30f29c3,7b11ee74e037ef5590426f795cd532cbc3cb06bcb2c4973474d61fd249f1f569,200,444,SSSTEEL,"Jun 30, 2026",1,30.94,0.0,7.54,0.0,61.52,
dse_ownership,2026-09-08 09:58:26.487428+00:00,474,a4e388692d1a4e3fa50e0610a30f29c3,7b11ee74e037ef5590426f795cd532cbc3cb06bcb2c4973474d61fd249f1f569,200,444,SSSTEEL,"Jul 31, 2026",2,30.94,0.0,6.94,0.0,62.12,
dse_ownership,2026-09-08 09:58:27.467394+00:00,475,a4e388692d1a4e3fa50e0610a30f29c3,a9a8ba3d9916741a1b1bb00f71bfff61616864950d118667d5e115675f93f9d6,200,688,STANCERAM,"Jun 30, 2024",0,28.24,0.0,5.87,0.0,65.89,3.0
dse_ownership,2026-09-08 09:58:27.467394+00:00,475,a4e388692d1a4e3fa50e0610a30f29c3,a9a8ba3d9916741a1b1bb00f71bfff61616864950d118667d5e115675f93f9d6,200,688,STANCERAM,"Jul 31, 2026",1,28.24,0.0,4.66,0.0,67.1,
dse_ownership,2026-09-08 09:58:27.467394+00:00,475,a4e388692d1a4e3fa50e0610a30f29c3,a9a8ba3d9916741a1b1bb00f71bfff61616864950d118667d5e115675f93f9d6,200,688,STANCERAM,"Aug 31, 2026",2,28.24,0.0,4.63,0.0,67.13,
dse_ownership,2026-09-08 09:58:29.564820+00:00,476,a4e388692d1a4e3fa50e0610a30f29c3,9991cbf60878a21dd9ace321ec5e71bb26cc5b0f2fa27e900ffb54f3f439372d,200,1923,STANDARINS,"Dec 31, 2025",0,64.28,0.0,10.38,0.0,25.34,3.0
dse_ownership,2026-09-08 09:58:29.564820+00:00,476,a4e388692d1a4e3fa50e0610a30f29c3,9991cbf60878a21dd9ace321ec5e71bb26cc5b0f2fa27e900ffb54f3f439372d,200,1923,STANDARINS,"Jul 31, 2026",1,64.28,0.0,10.8,0.0,24.92,
dse_ownership,2026-09-08 09:58:29.564820+00:00,476,a4e388692d1a4e3fa50e0610a30f29c3,9991cbf60878a21dd9ace321ec5e71bb26cc5b0f2fa27e900ffb54f3f439372d,200,1923,STANDARINS,"Aug 31, 2026",2,64.28,0.0,10.35,0.0,25.37,
dse_ownership,2026-09-08 09:58:30.198318+00:00,477,a4e388692d1a4e3fa50e0610a30f29c3,78e2aefea096e45ddc8cdeff735818d5663385ae469598b2af13c18c760532d2,200,459,STANDBANKL,"Dec 31, 2025",0,33.08,0.0,29.32,0.0,37.6,3.0
dse_ownership,2026-09-08 09:58:30.198318+00:00,477,a4e388692d1a4e3fa50e0610a30f29c3,78e2aefea096e45ddc8cdeff735818d5663385ae469598b2af13c18c760532d2,200,459,STANDBANKL,"Jul 31, 2026",1,33.53,0.0,30.39,0.0,36.08,
dse_ownership,2026-09-08 09:58:30.198318+00:00,477,a4e388692d1a4e3fa50e0610a30f29c3,78e2aefea096e45ddc8cdeff735818d5663385ae469598b2af13c18c760532d2,200,459,STANDBANKL,"Aug 31, 2026",2,33.53,0.0,30.05,0.0,36.42,
dse_ownership,2026-09-08 09:58:30.874108+00:00,478,a4e388692d1a4e3fa50e0610a30f29c3,9bc29a59a1b567a4d8ae8981c7304a4a72f11f2e7b04e7edda5b9b476938bcfd,200,389,STYLECRAFT,"Jun 30, 2025",0,32.03,0.0,10.57,0.0,57.4,3.0
dse_ownership,2026-09-08 09:58:30.874108+00:00,478,a4e388692d1a4e3fa50e0610a30f29c3,9bc29a59a1b567a4d8ae8981c7304a4a72f11f2e7b04e7edda5b9b476938bcfd,200,389,STYLECRAFT,"Jun 30, 2026",1,32.03,0.0,7.51,0.0,60.46,
dse_ownership,2026-09-08 09:58:30.874108+00:00,478,a4e388692d1a4e3fa50e0610a30f29c3,9bc29a59a1b567a4d8ae8981c7304a4a72f11f2e7b04e7edda5b9b476938bcfd,200,389,STYLECRAFT,"Jul 31, 2026",2,32.03,0.0,7.21,0.0,60.76,
dse_ownership,2026-09-08 09:58:34.120309+00:00,479,a4e388692d1a4e3fa50e0610a30f29c3,ec64003caed7f721cf2f9696c0c244dd53a754c81b0bc3dab118f9e1db14da5e,200,3081,SUMITPOWER,"Jun 30, 2025",0,63.19,0.0,18.45,3.65,14.71,3.0
dse_ownership,2026-09-08 09:58:34.120309+00:00,479,a4e388692d1a4e3fa50e0610a30f29c3,ec64003caed7f721cf2f9696c0c244dd53a754c81b0bc3dab118f9e1db14da5e,200,3081,SUMITPOWER,"Jul 31, 2026",1,63.19,0.0,18.18,3.65,14.98,
dse_ownership,2026-09-08 09:58:34.120309+00:00,479,a4e388692d1a4e3fa50e0610a30f29c3,ec64003caed7f721cf2f9696c0c244dd53a754c81b0bc3dab118f9e1db14da5e,200,3081,SUMITPOWER,"Aug 31, 2026",2,63.19,0.0,17.95,3.65,15.21,
dse_ownership,2026-09-08 09:58:34.827593+00:00,480,a4e388692d1a4e3fa50e0610a30f29c3,c63771a523364cb5aeaba5afdb763f3fe36b568328f7a856f932d92ec22d2f13,200,527,SUNLIFEINS,"Dec 31, 2025",0,35.66,0.0,9.72,0.0,54.62,3.0
dse_ownership,2026-09-08 09:58:34.827593+00:00,480,a4e388692d1a4e3fa50e0610a30f29c3,c63771a523364cb5aeaba5afdb763f3fe36b568328f7a856f932d92ec22d2f13,200,527,SUNLIFEINS,"Jun 30, 2026",1,35.66,0.0,11.83,0.0,52.51,
dse_ownership,2026-09-08 09:58:34.827593+00:00,480,a4e388692d1a4e3fa50e0610a30f29c3,c63771a523364cb5aeaba5afdb763f3fe36b568328f7a856f932d92ec22d2f13,200,527,SUNLIFEINS,"Jul 31, 2026",2,35.66,0.0,16.74,0.0,47.6,
dse_ownership,2026-09-08 09:58:36.149106+00:00,483,a4e388692d1a4e3fa50e0610a30f29c3,8cb0a572c3227141b6de00cee03add399deb0937021d7f8df5b535a93365d057,200,491,TAKAFULINS,"Dec 31, 2025",0,48.93,0.0,20.87,0.07,30.13,3.0
dse_ownership,2026-09-08 09:58:36.149106+00:00,483,a4e388692d1a4e3fa50e0610a30f29c3,8cb0a572c3227141b6de00cee03add399deb0937021d7f8df5b535a93365d057,200,491,TAKAFULINS,"Jul 31, 2026",1,49.52,0.0,20.49,0.05,29.94,
dse_ownership,2026-09-08 09:58:36.149106+00:00,483,a4e388692d1a4e3fa50e0610a30f29c3,8cb0a572c3227141b6de00cee03add399deb0937021d7f8df5b535a93365d057,200,491,TAKAFULINS,"Aug 31, 2026",2,49.52,0.0,15.93,0.05,34.5,
dse_ownership,2026-09-08 09:58:36.743942+00:00,484,a4e388692d1a4e3fa50e0610a30f29c3,90c13258f8185a1d3f1a5ac31df6afd3a35c82bd33211177f6f49a09e10caf46,200,410,TALLUSPIN,"Jun 30, 2025",0,29.61,0.0,20.01,0.22,50.16,3.0
dse_ownership,2026-09-08 09:58:36.743942+00:00,484,a4e388692d1a4e3fa50e0610a30f29c3,90c13258f8185a1d3f1a5ac31df6afd3a35c82bd33211177f6f49a09e10caf46,200,410,TALLUSPIN,"Jun 30, 2026",1,29.61,0.0,14.15,0.35,55.89,
dse_ownership,2026-09-08 09:58:36.743942+00:00,484,a4e388692d1a4e3fa50e0610a30f29c3,90c13258f8185a1d3f1a5ac31df6afd3a35c82bd33211177f6f49a09e10caf46,200,410,TALLUSPIN,"Jul 31, 2026",2,29.61,0.0,14.1,0.35,55.94,
dse_ownership,2026-09-08 09:58:38.531771+00:00,485,a4e388692d1a4e3fa50e0610a30f29c3,b6ad2322ded27959e181047d1ce1779df5c1947234220a3baf4f8946b90c7b59,200,1468,TAMIJTEX,"Jun 30, 2025",0,61.23,0.0,1.04,0.0,37.73,3.0
dse_ownership,2026-09-08 09:58:38.531771+00:00,485,a4e388692d1a4e3fa50e0610a30f29c3,b6ad2322ded27959e181047d1ce1779df5c1947234220a3baf4f8946b90c7b59,200,1468,TAMIJTEX,"Jun 30, 2026",1,61.23,0.0,3.04,0.0,35.73,
dse_ownership,2026-09-08 09:58:38.531771+00:00,485,a4e388692d1a4e3fa50e0610a30f29c3,b6ad2322ded27959e181047d1ce1779df5c1947234220a3baf4f8946b90c7b59,200,1468,TAMIJTEX,"Jul 31, 2026",2,61.23,0.0,1.6,0.0,37.17,
dse_ownership,2026-09-08 10:01:01.816409+00:00,924,a4e388692d1a4e3fa50e0610a30f29c3,7ca5b3626e8a736486f52a99a825210a1d43dcd7ab06f20da877c278638568b5,200,615,TECHNODRUG,"Jun 30, 2025",0,62.71,0.0,6.29,0.0,31.0,3.0
dse_ownership,2026-09-08 10:01:01.816409+00:00,924,a4e388692d1a4e3fa50e0610a30f29c3,7ca5b3626e8a736486f52a99a825210a1d43dcd7ab06f20da877c278638568b5,200,615,TECHNODRUG,"Jul 31, 2026",1,62.71,0.0,8.3,0.0,28.99,
dse_ownership,2026-09-08 10:01:01.816409+00:00,924,a4e388692d1a4e3fa50e0610a30f29c3,7ca5b3626e8a736486f52a99a825210a1d43dcd7ab06f20da877c278638568b5,200,615,TECHNODRUG,"Aug 31, 2026",2,62.71,0.0,4.73,0.0,32.56,
dse_ownership,2026-09-08 10:01:03.659162+00:00,929,a4e388692d1a4e3fa50e0610a30f29c3,a133db83fe396c2bb58ed0630d5d17a5d2c469de7c8bd8aa013574d704164f12,200,494,TILIL,"Dec 31, 2024",0,51.35,0.0,8.15,0.0,40.5,3.0
dse_ownership,2026-09-08 10:01:03.659162+00:00,929,a4e388692d1a4e3fa50e0610a30f29c3,a133db83fe396c2bb58ed0630d5d17a5d2c469de7c8bd8aa013574d704164f12,200,494,TILIL,"Jul 31, 2026",1,53.38,0.0,3.85,0.0,42.77,
dse_ownership,2026-09-08 10:01:03.659162+00:00,929,a4e388692d1a4e3fa50e0610a30f29c3,a133db83fe396c2bb58ed0630d5d17a5d2c469de7c8bd8aa013574d704164f12,200,494,TILIL,"Aug 31, 2026",2,53.38,0.0,2.73,0.0,43.89,
dse_ownership,2026-09-08 10:01:05.530715+00:00,930,a4e388692d1a4e3fa50e0610a30f29c3,c9c030c65e76ef8f78845a138e73cd4ac2337a70eeb9a9d5ab1180db56529de9,200,1627,TITASGAS,"Jun 30, 2025",0,0.0,75.0,14.88,0.03,10.09,3.0
dse_ownership,2026-09-08 10:01:05.530715+00:00,930,a4e388692d1a4e3fa50e0610a30f29c3,c9c030c65e76ef8f78845a138e73cd4ac2337a70eeb9a9d5ab1180db56529de9,200,1627,TITASGAS,"Jun 30, 2026",1,0.0,75.0,15.25,0.03,9.72,
dse_ownership,2026-09-08 10:01:05.530715+00:00,930,a4e388692d1a4e3fa50e0610a30f29c3,c9c030c65e76ef8f78845a138e73cd4ac2337a70eeb9a9d5ab1180db56529de9,200,1627,TITASGAS,"Jul 31, 2026",2,0.0,75.0,15.17,0.03,9.8,
dse_ownership,2026-09-08 10:01:06.113568+00:00,931,a4e388692d1a4e3fa50e0610a30f29c3,2273d1005dd32d816f19dc725720fd791b523a4522f9ac7ee574c2e0ecaee173,200,394,TOSRIFA,"Jun 30, 2025",0,43.12,0.0,22.75,0.0,34.13,3.0
dse_ownership,2026-09-08 10:01:06.113568+00:00,931,a4e388692d1a4e3fa50e0610a30f29c3,2273d1005dd32d816f19dc725720fd791b523a4522f9ac7ee574c2e0ecaee173,200,394,TOSRIFA,"Jul 31, 2026",1,43.02,0.0,24.91,0.0,32.07,
dse_ownership,2026-09-08 10:01:06.113568+00:00,931,a4e388692d1a4e3fa50e0610a30f29c3,2273d1005dd32d816f19dc725720fd791b523a4522f9ac7ee574c2e0ecaee173,200,394,TOSRIFA,"Aug 31, 2026",2,43.02,0.0,22.41,0.0,34.57,
dse_ownership,2026-09-08 10:01:10.002186+00:00,934,a4e388692d1a4e3fa50e0610a30f29c3,8345f8a238d5a8b2145efcc01e43fd08251e62655ead56ce02d3a73bb4120c65,200,3056,TRUSTB1MF,"Jun 30, 2024",0,1.51,0.0,33.3,0.0,65.19,3.0
dse_ownership,2026-09-08 10:01:10.002186+00:00,934,a4e388692d1a4e3fa50e0610a30f29c3,8345f8a238d5a8b2145efcc01e43fd08251e62655ead56ce02d3a73bb4120c65,200,3056,TRUSTB1MF,"Jun 30, 2026",1,1.51,0.0,33.17,0.0,65.32,
dse_ownership,2026-09-08 10:01:10.002186+00:00,934,a4e388692d1a4e3fa50e0610a30f29c3,8345f8a238d5a8b2145efcc01e43fd08251e62655ead56ce02d3a73bb4120c65,200,3056,TRUSTB1MF,"Jul 31, 2026",2,1.51,0.0,34.01,0.0,64.48,
dse_ownership,2026-09-08 10:01:10.627756+00:00,935,a4e388692d1a4e3fa50e0610a30f29c3,6c64c86d820bdec65c3ecf13edfd7013743febc5dface0177b1a5634cbc10044,200,463,TRUSTBANK,"Dec 31, 2025",0,60.0,0.0,21.37,0.02,18.63,3.0
dse_ownership,2026-09-08 10:01:10.627756+00:00,935,a4e388692d1a4e3fa50e0610a30f29c3,6c64c86d820bdec65c3ecf13edfd7013743febc5dface0177b1a5634cbc10044,200,463,TRUSTBANK,"Jul 31, 2026",1,60.0,0.0,23.73,0.0,16.27,
dse_ownership,2026-09-08 10:01:10.627756+00:00,935,a4e388692d1a4e3fa50e0610a30f29c3,6c64c86d820bdec65c3ecf13edfd7013743febc5dface0177b1a5634cbc10044,200,463,TRUSTBANK,"Aug 31, 2026",2,60.0,0.0,23.37,0.0,16.63,
dse_ownership,2026-09-08 10:01:11.165288+00:00,936,a4e388692d1a4e3fa50e0610a30f29c3,15eaadfac1a6537a2f3a002bac9676aa0fbb9d43c07e041782e711b36af1440f,200,378,TUNGHAI,"Jun 30, 2022",0,30.04,0.0,7.46,0.0,62.5,3.0
dse_ownership,2026-09-08 10:01:11.165288+00:00,936,a4e388692d1a4e3fa50e0610a30f29c3,15eaadfac1a6537a2f3a002bac9676aa0fbb9d43c07e041782e711b36af1440f,200,378,TUNGHAI,"Jun 30, 2023",1,30.04,0.0,7.68,0.0,62.28,
dse_ownership,2026-09-08 10:01:11.165288+00:00,936,a4e388692d1a4e3fa50e0610a30f29c3,15eaadfac1a6537a2f3a002bac9676aa0fbb9d43c07e041782e711b36af1440f,200,378,TUNGHAI,"Jul 31, 2023",2,30.04,0.0,7.58,0.0,62.38,
dse_ownership,2026-09-08 10:01:11.905692+00:00,937,a4e388692d1a4e3fa50e0610a30f29c3,7b9e1d0b2b39dffd7e852688468e496289f3c06a7aedce86b7fb6f17cfffaafc,200,485,UCB,"Dec 31, 2025",0,10.27,0.81,35.89,0.01,53.02,3.0
dse_ownership,2026-09-08 10:01:11.905692+00:00,937,a4e388692d1a4e3fa50e0610a30f29c3,7b9e1d0b2b39dffd7e852688468e496289f3c06a7aedce86b7fb6f17cfffaafc,200,485,UCB,"Jul 31, 2026",1,10.27,0.81,37.04,0.46,51.42,
dse_ownership,2026-09-08 10:01:11.905692+00:00,937,a4e388692d1a4e3fa50e0610a30f29c3,7b9e1d0b2b39dffd7e852688468e496289f3c06a7aedce86b7fb6f17cfffaafc,200,485,UCB,"Aug 31, 2026",2,10.27,0.81,36.43,0.46,52.03,
dse_ownership,2026-09-08 10:01:12.722140+00:00,938,a4e388692d1a4e3fa50e0610a30f29c3,7cc1e0c4329c37a4a59df7f30520a9c23bbcd0879703734d6ef2f158eddcb162,200,649,UCB2PBOND,"Dec 31, 2022",0,0.0,0.0,0.0,0.0,0.0,1.0
dse_ownership,2026-09-08 10:01:13.284623+00:00,939,a4e388692d1a4e3fa50e0610a30f29c3,cfc826ac3404c7839d8eecd2d3649d03f9c84b8ca6189ce9e19598cd8c1ae156,200,412,UNILEVERCL,"Dec 31, 2025",0,92.8,0.0,3.58,0.11,3.51,3.0
dse_ownership,2026-09-08 10:01:13.284623+00:00,939,a4e388692d1a4e3fa50e0610a30f29c3,cfc826ac3404c7839d8eecd2d3649d03f9c84b8ca6189ce9e19598cd8c1ae156,200,412,UNILEVERCL,"Jul 31, 2026",1,92.82,0.0,3.46,0.11,3.61,
dse_ownership,2026-09-08 10:01:13.284623+00:00,939,a4e388692d1a4e3fa50e0610a30f29c3,cfc826ac3404c7839d8eecd2d3649d03f9c84b8ca6189ce9e19598cd8c1ae156,200,412,UNILEVERCL,"Aug 31, 2026",2,92.82,0.0,3.45,0.11,3.62,
dse_ownership,2026-09-08 10:01:14.324219+00:00,940,a4e388692d1a4e3fa50e0610a30f29c3,404bb34f769614d78c427c7e08b3f906564953b85b66dac1e1458008b56dc42c,200,794,UNIONBANK,"Dec 31, 2022",0,56.5,0.0,10.56,0.0,32.94,3.0
dse_ownership,2026-09-08 10:01:14.324219+00:00,940,a4e388692d1a4e3fa50e0610a30f29c3,404bb34f769614d78c427c7e08b3f906564953b85b66dac1e1458008b56dc42c,200,794,UNIONBANK,"Oct 31, 2025",1,54.49,0.0,13.64,0.01,31.86,
dse_ownership,2026-09-08 10:01:14.324219+00:00,940,a4e388692d1a4e3fa50e0610a30f29c3,404bb34f769614d78c427c7e08b3f906564953b85b66dac1e1458008b56dc42c,200,794,UNIONBANK,"Nov 30, 2025",2,54.49,0.0,13.47,0.01,32.03,
dse_ownership,2026-09-08 10:01:16.462207+00:00,941,a4e388692d1a4e3fa50e0610a30f29c3,3dd7bf12f82bca051fb61194b0fcd6f74226b99a9d52f119acaf31a20c5bdfe3,200,1977,UNIONCAP,"Dec 31, 2025",0,28.94,0.0,18.23,0.0,52.83,3.0
dse_ownership,2026-09-08 10:01:16.462207+00:00,941,a4e388692d1a4e3fa50e0610a30f29c3,3dd7bf12f82bca051fb61194b0fcd6f74226b99a9d52f119acaf31a20c5bdfe3,200,1977,UNIONCAP,"Jul 31, 2026",1,28.94,0.0,16.76,0.0,54.3,
dse_ownership,2026-09-08 10:01:16.462207+00:00,941,a4e388692d1a4e3fa50e0610a30f29c3,3dd7bf12f82bca051fb61194b0fcd6f74226b99a9d52f119acaf31a20c5bdfe3,200,1977,UNIONCAP,"Aug 31, 2026",2,28.94,0.0,15.15,0.0,55.91,
dse_ownership,2026-09-08 10:01:16.999256+00:00,942,a4e388692d1a4e3fa50e0610a30f29c3,c0b6a84502fa9f7da07de3fd898a1c3f849bdb412b66523283d38efb6ec82999,200,370,UNIONINS,"Dec 31, 2025",0,56.98,0.0,12.91,0.0,30.11,3.0
dse_ownership,2026-09-08 10:01:16.999256+00:00,942,a4e388692d1a4e3fa50e0610a30f29c3,c0b6a84502fa9f7da07de3fd898a1c3f849bdb412b66523283d38efb6ec82999,200,370,UNIONINS,"Jul 31, 2026",1,56.98,0.0,13.66,0.0,29.36,
dse_ownership,2026-09-08 10:01:16.999256+00:00,942,a4e388692d1a4e3fa50e0610a30f29c3,c0b6a84502fa9f7da07de3fd898a1c3f849bdb412b66523283d38efb6ec82999,200,370,UNIONINS,"Aug 31, 2026",2,56.98,0.0,12.08,0.0,30.94,
dse_ownership,2026-09-08 10:01:19.957210+00:00,943,a4e388692d1a4e3fa50e0610a30f29c3,5cf546a3a61943b6456c0a014facbc30bfa41d75daa8111fa67cd24cc724a2c7,200,2723,UNIQUEHRL,"Jun 30, 2025",0,52.45,0.0,29.03,0.18,18.34,3.0
dse_ownership,2026-09-08 10:01:19.957210+00:00,943,a4e388692d1a4e3fa50e0610a30f29c3,5cf546a3a61943b6456c0a014facbc30bfa41d75daa8111fa67cd24cc724a2c7,200,2723,UNIQUEHRL,"Jun 30, 2026",1,52.45,0.0,30.36,0.19,17.0,
dse_ownership,2026-09-08 10:01:19.957210+00:00,943,a4e388692d1a4e3fa50e0610a30f29c3,5cf546a3a61943b6456c0a014facbc30bfa41d75daa8111fa67cd24cc724a2c7,200,2723,UNIQUEHRL,"Jul 31, 2026",2,52.45,0.0,29.44,0.16,17.95,
dse_ownership,2026-09-08 10:01:22.286942+00:00,944,a4e388692d1a4e3fa50e0610a30f29c3,0d6016d0daa4e89b56b129234542bac17644492bab0dd9fe35af1d1cfc59198f,200,2160,UNITEDFIN,"Dec 31, 2025",0,40.13,0.0,13.44,0.0,46.43,3.0
dse_ownership,2026-09-08 10:01:22.286942+00:00,944,a4e388692d1a4e3fa50e0610a30f29c3,0d6016d0daa4e89b56b129234542bac17644492bab0dd9fe35af1d1cfc59198f,200,2160,UNITEDFIN,"Jun 30, 2026",1,40.13,0.0,14.98,0.0,44.89,
dse_ownership,2026-09-08 10:01:22.286942+00:00,944,a4e388692d1a4e3fa50e0610a30f29c3,0d6016d0daa4e89b56b129234542bac17644492bab0dd9fe35af1d1cfc59198f,200,2160,UNITEDFIN,"Jul 31, 2026",2,40.13,0.0,15.83,0.0,44.04,
dse_ownership,2026-09-08 10:01:22.875305+00:00,945,a4e388692d1a4e3fa50e0610a30f29c3,33127441ffb881e39d03c7bd699c6d93d082ae2475a96f6925981e0247f968a1,200,405,UNITEDINS,"Dec 31, 2025",0,59.9,0.0,19.98,0.0,20.12,3.0
dse_ownership,2026-09-08 10:01:22.875305+00:00,945,a4e388692d1a4e3fa50e0610a30f29c3,33127441ffb881e39d03c7bd699c6d93d082ae2475a96f6925981e0247f968a1,200,405,UNITEDINS,"Jul 31, 2026",1,59.9,0.0,23.09,0.0,17.01,
dse_ownership,2026-09-08 10:01:22.875305+00:00,945,a4e388692d1a4e3fa50e0610a30f29c3,33127441ffb881e39d03c7bd699c6d93d082ae2475a96f6925981e0247f968a1,200,405,UNITEDINS,"Aug 31, 2026",2,59.9,0.0,16.98,0.0,23.12,
dse_ownership,2026-09-08 10:01:25.502557+00:00,946,a4e388692d1a4e3fa50e0610a30f29c3,6940f10596e7433de1eb9bae506400f2eb9b78488e71e748c0b8629a18b7a5fd,200,2385,UPGDCL,"Jun 30, 2025",0,90.0,0.0,7.42,0.01,2.57,3.0
dse_ownership,2026-09-08 10:01:25.502557+00:00,946,a4e388692d1a4e3fa50e0610a30f29c3,6940f10596e7433de1eb9bae506400f2eb9b78488e71e748c0b8629a18b7a5fd,200,2385,UPGDCL,"Jul 31, 2026",1,90.0,0.0,7.42,0.01,2.57,
dse_ownership,2026-09-08 10:01:25.502557+00:00,946,a4e388692d1a4e3fa50e0610a30f29c3,6940f10596e7433de1eb9bae506400f2eb9b78488e71e748c0b8629a18b7a5fd,200,2385,UPGDCL,"Aug 31, 2026",2,90.0,0.0,7.42,0.01,2.57,
dse_ownership,2026-09-08 10:01:27.685397+00:00,947,a4e388692d1a4e3fa50e0610a30f29c3,7f9f4fea306b6b3829b5994f1c3f5292ade4eb48bded44f70344e3ed901e84bc,200,2014,USMANIAGL,"Jun 30, 2025",0,2.0,51.0,14.18,0.0,32.82,3.0
dse_ownership,2026-09-08 10:01:27.685397+00:00,947,a4e388692d1a4e3fa50e0610a30f29c3,7f9f4fea306b6b3829b5994f1c3f5292ade4eb48bded44f70344e3ed901e84bc,200,2014,USMANIAGL,"Jun 30, 2026",1,2.0,51.0,15.64,0.0,31.36,
dse_ownership,2026-09-08 10:01:27.685397+00:00,947,a4e388692d1a4e3fa50e0610a30f29c3,7f9f4fea306b6b3829b5994f1c3f5292ade4eb48bded44f70344e3ed901e84bc,200,2014,USMANIAGL,"Jul 31, 2026",2,2.0,51.0,15.66,0.0,31.34,
dse_ownership,2026-09-08 10:01:28.379637+00:00,948,a4e388692d1a4e3fa50e0610a30f29c3,ed5a42c8ea3cf39216f96c2dc7377344565c661b30c466d825a2a062a5ef6c18,200,477,UTTARABANK,"Dec 31, 2025",0,28.11,0.0,23.78,0.94,47.17,3.0
dse_ownership,2026-09-08 10:01:28.379637+00:00,948,a4e388692d1a4e3fa50e0610a30f29c3,ed5a42c8ea3cf39216f96c2dc7377344565c661b30c466d825a2a062a5ef6c18,200,477,UTTARABANK,"Jul 31, 2026",1,30.53,0.0,24.03,0.62,44.82,
dse_ownership,2026-09-08 10:01:28.379637+00:00,948,a4e388692d1a4e3fa50e0610a30f29c3,ed5a42c8ea3cf39216f96c2dc7377344565c661b30c466d825a2a062a5ef6c18,200,477,UTTARABANK,"Aug 31, 2026",2,30.66,0.0,24.87,0.45,44.02,
dse_ownership,2026-09-08 10:01:31.092834+00:00,949,a4e388692d1a4e3fa50e0610a30f29c3,e8a4af14faae42ee08da811a5c17aa7092b7dfa38f3905bf6ed8d4f47d209707,200,2486,UTTARAFIN,"Dec 31, 2019",0,48.34,0.0,34.96,3.91,12.79,3.0
dse_ownership,2026-09-08 10:01:31.092834+00:00,949,a4e388692d1a4e3fa50e0610a30f29c3,e8a4af14faae42ee08da811a5c17aa7092b7dfa38f3905bf6ed8d4f47d209707,200,2486,UTTARAFIN,"Jun 30, 2026",1,44.44,0.0,31.71,7.82,16.03,
dse_ownership,2026-09-08 10:01:31.092834+00:00,949,a4e388692d1a4e3fa50e0610a30f29c3,e8a4af14faae42ee08da811a5c17aa7092b7dfa38f3905bf6ed8d4f47d209707,200,2486,UTTARAFIN,"Jul 31, 2026",2,44.44,0.0,31.62,7.82,16.12,
dse_ownership,2026-09-08 10:01:31.720661+00:00,950,a4e388692d1a4e3fa50e0610a30f29c3,81d9777f3651738e0ce4a3c23b144819da1330c88d505cbef7ec6f10089e80ae,200,467,VAMLBDMF1,"Sep 30, 2025",0,1.92,0.0,79.55,0.0,18.53,3.0
dse_ownership,2026-09-08 10:01:31.720661+00:00,950,a4e388692d1a4e3fa50e0610a30f29c3,81d9777f3651738e0ce4a3c23b144819da1330c88d505cbef7ec6f10089e80ae,200,467,VAMLBDMF1,"Nov 30, 2025",1,1.92,0.0,80.86,0.0,17.22,
dse_ownership,2026-09-08 10:01:31.720661+00:00,950,a4e388692d1a4e3fa50e0610a30f29c3,81d9777f3651738e0ce4a3c23b144819da1330c88d505cbef7ec6f10089e80ae,200,467,VAMLBDMF1,"Dec 31, 2025",2,1.92,0.0,81.13,0.0,16.95,
dse_ownership,2026-09-08 10:01:34.357718+00:00,951,a4e388692d1a4e3fa50e0610a30f29c3,ab0094b41144d70e82ec9bfb0478e62d1f42495767a4dd7256118d0f03ea8d66,200,2481,VAMLRBBF,"Dec 31, 2025",0,25.2,0.0,63.8,0.0,11.0,3.0
dse_ownership,2026-09-08 10:01:34.357718+00:00,951,a4e388692d1a4e3fa50e0610a30f29c3,ab0094b41144d70e82ec9bfb0478e62d1f42495767a4dd7256118d0f03ea8d66,200,2481,VAMLRBBF,"Jul 31, 2026",1,25.2,0.0,67.83,0.0,6.97,
dse_ownership,2026-09-08 10:01:34.357718+00:00,951,a4e388692d1a4e3fa50e0610a30f29c3,ab0094b41144d70e82ec9bfb0478e62d1f42495767a4dd7256118d0f03ea8d66,200,2481,VAMLRBBF,"Aug 31, 2026",2,25.2,0.0,68.24,0.0,6.56,
dse_ownership,2026-09-08 10:01:35.558547+00:00,952,a4e388692d1a4e3fa50e0610a30f29c3,6347f4a1ac356f327a815dc2d812533eaac3f7909b9ca7aacb72b3000d1ea915,200,957,VFSTDL,"Jun 30, 2025",0,30.77,0.0,9.68,0.04,59.51,3.0
dse_ownership,2026-09-08 10:01:35.558547+00:00,952,a4e388692d1a4e3fa50e0610a30f29c3,6347f4a1ac356f327a815dc2d812533eaac3f7909b9ca7aacb72b3000d1ea915,200,957,VFSTDL,"Jul 31, 2026",1,30.77,0.0,17.49,0.04,51.7,
dse_ownership,2026-09-08 10:01:35.558547+00:00,952,a4e388692d1a4e3fa50e0610a30f29c3,6347f4a1ac356f327a815dc2d812533eaac3f7909b9ca7aacb72b3000d1ea915,200,957,VFSTDL,"Aug 31, 2026",2,30.77,0.0,10.92,0.05,58.26,
dse_ownership,2026-09-08 10:01:36.172439+00:00,953,a4e388692d1a4e3fa50e0610a30f29c3,d42d6629766857d0df5a095654e007f74740266e3f1c5c4fa1a640ea743ca44d,200,452,WALTONHIL,"Jun 30, 2025",0,61.09,0.0,0.6,0.09,38.22,3.0
dse_ownership,2026-09-08 10:01:36.172439+00:00,953,a4e388692d1a4e3fa50e0610a30f29c3,d42d6629766857d0df5a095654e007f74740266e3f1c5c4fa1a640ea743ca44d,200,452,WALTONHIL,"Jul 31, 2026",1,67.09,0.0,0.99,0.04,31.88,
dse_ownership,2026-09-08 10:01:36.172439+00:00,953,a4e388692d1a4e3fa50e0610a30f29c3,d42d6629766857d0df5a095654e007f74740266e3f1c5c4fa1a640ea743ca44d,200,452,WALTONHIL,"Aug 31, 2026",2,71.09,0.0,1.04,0.03,27.84,
dse_ownership,2026-09-08 10:01:36.747174+00:00,954,a4e388692d1a4e3fa50e0610a30f29c3,8214d8c8328f4c652e1ff37aa0c8a3aee985addf4acb1f6a898a4e88894451a9,200,401,WATACHEM,"Jun 30, 2025",0,36.41,0.0,38.59,0.0,25.0,3.0
dse_ownership,2026-09-08 10:01:36.747174+00:00,954,a4e388692d1a4e3fa50e0610a30f29c3,8214d8c8328f4c652e1ff37aa0c8a3aee985addf4acb1f6a898a4e88894451a9,200,401,WATACHEM,"Jul 31, 2026",1,36.41,0.0,36.11,0.0,27.48,
dse_ownership,2026-09-08 10:01:36.747174+00:00,954,a4e388692d1a4e3fa50e0610a30f29c3,8214d8c8328f4c652e1ff37aa0c8a3aee985addf4acb1f6a898a4e88894451a9,200,401,WATACHEM,"Aug 31, 2026",2,36.41,0.0,35.65,0.0,27.94,
dse_ownership,2026-09-08 10:01:39.465161+00:00,957,a4e388692d1a4e3fa50e0610a30f29c3,186013d5a4e0034a6bb31279d7f3e2ccbe1767e2345106e2d43b07cbcfe52ef6,200,1919,WMSHIPYARD,"Jun 30, 2025",0,30.01,0.0,15.72,0.0,54.27,3.0
dse_ownership,2026-09-08 10:01:39.465161+00:00,957,a4e388692d1a4e3fa50e0610a30f29c3,186013d5a4e0034a6bb31279d7f3e2ccbe1767e2345106e2d43b07cbcfe52ef6,200,1919,WMSHIPYARD,"Aug 31, 2025",1,30.01,0.0,15.68,0.0,54.31,
dse_ownership,2026-09-08 10:01:39.465161+00:00,957,a4e388692d1a4e3fa50e0610a30f29c3,186013d5a4e0034a6bb31279d7f3e2ccbe1767e2345106e2d43b07cbcfe52ef6,200,1919,WMSHIPYARD,"Sep 30, 2025",2,30.01,0.0,15.39,0.0,54.6,
dse_ownership,2026-09-08 10:01:40.687344+00:00,960,a4e388692d1a4e3fa50e0610a30f29c3,022f1ec123deb05f2d0131dd1b47fe026d95d79d1c23ad062228b4e82fdfb1bf,200,410,YPL,"Jun 30, 2021",0,30.52,0.0,14.01,0.0,55.47,3.0
dse_ownership,2026-09-08 10:01:40.687344+00:00,960,a4e388692d1a4e3fa50e0610a30f29c3,022f1ec123deb05f2d0131dd1b47fe026d95d79d1c23ad062228b4e82fdfb1bf,200,410,YPL,"May 31, 2026",1,30.1,0.0,17.01,0.0,52.89,
dse_ownership,2026-09-08 10:01:40.687344+00:00,960,a4e388692d1a4e3fa50e0610a30f29c3,022f1ec123deb05f2d0131dd1b47fe026d95d79d1c23ad062228b4e82fdfb1bf,200,410,YPL,"Jun 30, 2026",2,30.1,0.0,17.0,0.0,52.9,
dse_ownership,2026-09-08 10:01:43.469762+00:00,963,a4e388692d1a4e3fa50e0610a30f29c3,ea761d507506c1042fa1843ee8d1fac3792c9edb592d4d4b845818de7fd06ee0,200,2084,ZAHEENSPIN,"Jun 30, 2025",0,31.1,0.0,25.17,0.0,43.73,3.0
dse_ownership,2026-09-08 10:01:43.469762+00:00,963,a4e388692d1a4e3fa50e0610a30f29c3,ea761d507506c1042fa1843ee8d1fac3792c9edb592d4d4b845818de7fd06ee0,200,2084,ZAHEENSPIN,"Jun 30, 2026",1,31.1,0.0,23.71,0.0,45.19,
dse_ownership,2026-09-08 10:01:43.469762+00:00,963,a4e388692d1a4e3fa50e0610a30f29c3,ea761d507506c1042fa1843ee8d1fac3792c9edb592d4d4b845818de7fd06ee0,200,2084,ZAHEENSPIN,"Jul 31, 2026",2,31.1,0.0,23.93,0.0,44.97,
dse_ownership,2026-09-08 10:01:44.274886+00:00,964,a4e388692d1a4e3fa50e0610a30f29c3,5cbb7bf960ec2fc67d3bd6127161b30d0d24e403b31f610cdbe22e0d492b21a2,200,549,ZAHINTEX,"Jun 30, 2023",0,36.94,0.0,21.71,0.0,41.35,3.0
dse_ownership,2026-09-08 10:01:44.274886+00:00,964,a4e388692d1a4e3fa50e0610a30f29c3,5cbb7bf960ec2fc67d3bd6127161b30d0d24e403b31f610cdbe22e0d492b21a2,200,549,ZAHINTEX,"Jul 31, 2026",1,36.94,0.0,20.95,0.0,42.11,
dse_ownership,2026-09-08 10:01:44.274886+00:00,964,a4e388692d1a4e3fa50e0610a30f29c3,5cbb7bf960ec2fc67d3bd6127161b30d0d24e403b31f610cdbe22e0d492b21a2,200,549,ZAHINTEX,"Aug 31, 2026",2,36.94,0.0,20.93,0.0,42.13,
dse_ownership,2026-09-08 10:01:46.412616+00:00,965,a4e388692d1a4e3fa50e0610a30f29c3,c707d45127a300cd4016e6f21d6a8c4d7f9c365a8f584792ba3ea4f5ccab0036,200,1955,ZEALBANGLA,"Jun 30, 2025",0,0.0,51.0,13.23,0.0,35.77,3.0
dse_ownership,2026-09-08 10:01:46.412616+00:00,965,a4e388692d1a4e3fa50e0610a30f29c3,c707d45127a300cd4016e6f21d6a8c4d7f9c365a8f584792ba3ea4f5ccab0036,200,1955,ZEALBANGLA,"Jul 31, 2026",1,0.0,51.0,12.84,0.0,36.16,
dse_ownership,2026-09-08 10:01:46.412616+00:00,965,a4e388692d1a4e3fa50e0610a30f29c3,c707d45127a300cd4016e6f21d6a8c4d7f9c365a8f584792ba3ea4f5ccab0036,200,1955,ZEALBANGLA,"Aug 31, 2026",2,0.0,51.0,11.95,0.0,37.05,
